"word_id","first","original_pair","second","syll","original_freq","replacement_pair","replacement_syll","replacement_freq","freq_diff","char_diff","letter_diff","original_word","replacement_word"
220,"first_blank","first_blank-..","..",1,1,"first_blank-얹은","얹은",1,0,0,1,"...을 더한","얹은.을 더한"
964,"first_blank","first_blank-~ ","~ ",1,1,"first_blank-밥만","밥만",1,0,0,1,"~ 할 수있게하다","밥만할 수있게하다"
862,"first_blank","first_blank-~받","~받",1,1,"first_blank-군다","군다",1,0,0,1,"~받을 만하다","군다을 만하다"
503,"first_blank","first_blank-6 ","6 ",1,1,"first_blank-발키","발키",1,0,0,1,"6 월","발키월"
962,"a.","a.-last_blank","last_blank",1,1,"폴락-last_blank","폴락",1,0,0,1,"dna.","dn폴락"
726,"first_blank","first_blank-dv","dv",1,2,"first_blank-네브","네브",2,0,0,1,"dvd","네브d"
794,"o.","o.-last_blank","last_blank",1,1,"근무-last_blank","근무",1,0,0,1,"romeo.","rome근무"
307,"first_blank","first_blank-uf","uf",1,3,"first_blank-안톤","안톤",3,0,0,1,"ufo.","안톤o."
767,"first_blank","first_blank-가게","가게",1,13,"first_blank-모니","모니",13,0,0,1,"가게","모니"
973,"first_blank","first_blank-가끔","가끔",1,5,"first_blank-너였","너였",5,0,0,1,"가끔","너였"
412,"first_blank","first_blank-가난","가난",1,3,"first_blank-마트","마트",3,0,0,1,"가난한","마트한"
586,"first_blank","first_blank-가능","가능",1,47,"first_blank-방법","방법",47,0,0,1,"가능성","방법성"
221,"키다","키다-last_blank","last_blank",1,1,"길러-last_blank","길러",1,0,0,1,"가리키다","가리길러"
490,"가수","가수-last_blank","last_blank",1,1,"령께-last_blank","령께",1,0,0,1,"가수","령께"
600,"가스","가스-last_blank","last_blank",1,2,"브랑-last_blank","브랑",2,0,0,1,"가스","브랑"
796,"오다","오다-last_blank","last_blank",1,2,"해제-last_blank","해제",2,0,0,1,"가져오다","가져해제"
104,"가짜","가짜-last_blank","last_blank",1,1,"더에-last_blank","더에",1,0,0,1,"가짜","더에"
38,"first_blank","first_blank-가톨","가톨",1,1,"first_blank-서를","서를",1,0,0,1,"가톨릭","서를릭"
637,"first_blank","first_blank-간단","간단",1,18,"first_blank-빠르","빠르",18,0,0,1,"간단히","빠르히"
956,"간식","간식-last_blank","last_blank",1,1,"교인-last_blank","교인",1,0,0,1,"간식","교인"
154,"first_blank","first_blank-갇혀","갇혀",1,9,"first_blank-쫓겨","쫓겨",9,0,0,1,"갇혀있다","쫓겨있다"
778,"갈등","갈등-last_blank","last_blank",1,1,"틴은-last_blank","틴은",1,0,0,1,"갈등","틴은"
33,"갈색","갈색-last_blank","last_blank",1,1,"픽에-last_blank","픽에",1,0,0,1,"갈색","픽에"
619,"first_blank","first_blank-감동","감동",1,9,"first_blank-들렀","들렀",9,0,0,1,"감동적인","들렀적인"
750,"감자","감자-last_blank","last_blank",1,1,"카인-last_blank","카인",1,0,0,1,"감자","카인"
628,"first_blank","first_blank-감지","감지",1,12,"first_blank-환상","환상",12,0,0,1,"감지기","환상기"
765,"first_blank","first_blank-갑자","갑자",1,1,"first_blank-볼이","볼이",1,0,0,1,"갑자기","볼이기"
311,"first_blank","first_blank-값","값",1,1,"first_blank-산채","산채",1,0,1,1,"값","산채"
559,"비싼","비싼-last_blank","last_blank",1,1,"조리-last_blank","조리",1,0,0,1,"값 비싼","값 조리"
472,"first_blank","first_blank-강","강",1,1,"first_blank-소코","소코",1,0,1,1,"강","소코"
331,"강한","강한-last_blank","last_blank",1,1,"건만-last_blank","건만",1,0,0,1,"강한","건만"
329,"first_blank","first_blank-개","개",1,1,"first_blank-경황","경황",1,0,1,1,"개","경황"
833,"first_blank","first_blank-개구","개구",1,4,"first_blank-헤로","헤로",4,0,0,1,"개구리","헤로리"
911,"first_blank","first_blank-개념","개념",1,5,"first_blank-절박","절박",5,0,0,1,"개념","절박"
229,"first_blank","first_blank-개연","개연",1,1,"first_blank-켈러","켈러",1,0,0,1,"개연성","켈러성"
995,"first_blank","first_blank-개인","개인",1,17,"first_blank-임무","임무",17,0,0,1,"개인적인","임무적인"
496,"first_blank","first_blank-갤러","갤러",1,7,"first_blank-카지","카지",7,0,0,1,"갤러리","카지리"
831,"first_blank","first_blank-거룩","거룩",1,3,"first_blank-레나","레나",3,0,0,1,"거룩한","레나한"
85,"거리","거리-last_blank","last_blank",1,4,"생이-last_blank","생이",4,0,0,1,"거리","생이"
710,"거미","거미-last_blank","last_blank",1,1,"요들-last_blank","요들",1,0,0,1,"거미","요들"
890,"거위","거위-last_blank","last_blank",1,1,"골에-last_blank","골에",1,0,0,1,"거위","골에"
686,"first_blank","first_blank-거절","거절",1,23,"first_blank-조각","조각",23,0,0,1,"거절하다","조각하다"
982,"first_blank","first_blank-거주","거주",1,8,"first_blank-비용","비용",8,0,0,1,"거주자","비용자"
507,"first_blank","first_blank-거짓","거짓",1,60,"first_blank-가르","가르",60,0,0,1,"거짓말하다","가르말하다"
804,"first_blank","first_blank-걱정","걱정",1,99,"first_blank-de","de",99,0,0,1,"걱정하는","de하는"
128,"건강","건강-last_blank","last_blank",1,1,"망스-last_blank","망스",1,0,0,1,"건강","망스"
129,"first_blank","first_blank-건강","건강",1,19,"first_blank-놀랐","놀랐",19,0,0,1,"건강한","놀랐한"
64,"건설","건설-last_blank","last_blank",1,1,"든가-last_blank","든가",1,0,0,1,"건설","든가"
360,"first_blank","first_blank-검","검",1,1,"first_blank-껍니","껍니",1,0,1,1,"검","껍니"
442,"검색","검색-last_blank","last_blank",1,1,"너라-last_blank","너라",1,0,0,1,"검색","너라"
22,"first_blank","first_blank-검시","검시",1,6,"first_blank-앞으","앞으",6,0,0,1,"검시","앞으"
807,"first_blank","first_blank-결과","결과",1,23,"first_blank-클레","클레",23,0,0,1,"결과","클레"
61,"결론","결론-last_blank","last_blank",1,1,"트씨-last_blank","트씨",1,0,0,1,"결론","트씨"
996,"first_blank","first_blank-결정","결정",1,64,"first_blank-부탁","부탁",64,0,0,1,"결정적인","부탁적인"
830,"first_blank","first_blank-겸손","겸손",1,3,"first_blank-누굴","누굴",3,0,0,1,"겸손한","누굴한"
314,"경고","경고-last_blank","last_blank",1,1,"치냐-last_blank","치냐",1,0,0,1,"경고","치냐"
279,"first_blank","first_blank-경기","경기",1,16,"first_blank-날려","날려",16,0,0,1,"경기장","날려장"
666,"경매","경매-last_blank","last_blank",1,1,"랜서-last_blank","랜서",1,0,0,1,"경매","랜서"
901,"first_blank","first_blank-경비","경비",1,19,"first_blank-요리","요리",19,0,0,1,"경비원","요리원"
58,"경쟁","경쟁-last_blank","last_blank",1,1,"디언-last_blank","디언",1,0,0,1,"경쟁","디언"
593,"경험","경험-last_blank","last_blank",1,1,"용에-last_blank","용에",1,0,0,1,"경험","용에"
478,"계약","계약-last_blank","last_blank",1,1,"러면-last_blank","러면",1,0,0,1,"계약","러면"
505,"계획","계획-last_blank","last_blank",1,1,"고사-last_blank","고사",1,0,0,1,"계획","고사"
186,"first_blank","first_blank-고귀","고귀",1,2,"first_blank-키모","키모",2,0,0,1,"고귀한","키모한"
63,"first_blank","first_blank-고려","고려",1,15,"first_blank-발사","발사",15,0,0,1,"고려하다","발사하다"
124,"first_blank","first_blank-고마","고마",1,24,"first_blank-부러","부러",24,0,0,1,"고마워하는","부러워하는"
719,"first_blank","first_blank-고무","고무",1,6,"first_blank-종말","종말",6,0,0,1,"고무하다","종말하다"
976,"first_blank","first_blank-고아","고아",1,12,"first_blank-분리","분리",12,0,0,1,"고아원","분리원"
136,"하다","하다-last_blank","last_blank",1,45,"에도-last_blank","에도",45,0,0,1,"고용하다","고용에도"
284,"first_blank","first_blank-고집","고집",1,7,"first_blank-거미","거미",7,0,0,1,"고집스러운","거미스러운"
729,"first_blank","first_blank-고치","고치",1,14,"first_blank-신뢰","신뢰",14,0,0,1,"고치다","신뢰다"
286,"고통","고통-last_blank","last_blank",1,1,"트할-last_blank","트할",1,0,0,1,"고통","트할"
923,"first_blank","first_blank-곡물","곡물",1,1,"first_blank-멘지","멘지",1,0,0,1,"곡물","멘지"
776,"first_blank","first_blank-골든","골든",1,1,"first_blank-뤼미","뤼미",1,0,0,1,"골든","뤼미"
404,"골프","골프-last_blank","last_blank",1,1,"언스-last_blank","언스",1,0,0,1,"골프","언스"
372,"first_blank","first_blank-곰","곰",1,1,"first_blank-떨린","떨린",1,0,1,1,"곰","떨린"
5,"공기","공기-last_blank","last_blank",1,1,"챘죠-last_blank","챘죠",1,0,0,1,"공기","챘죠"
428,"first_blank","first_blank-공무","공무",1,3,"first_blank-럭스","럭스",3,0,0,1,"공무상","럭스상"
662,"first_blank","first_blank-공손","공손",1,3,"first_blank-깨물","깨물",3,0,0,1,"공손한","깨물한"
103,"공장","공장-last_blank","last_blank",1,2,"프도-last_blank","프도",2,0,0,1,"공장","프도"
731,"first_blank","first_blank-공정","공정",1,4,"first_blank-제의","제의",4,0,0,1,"공정한","제의한"
326,"first_blank","first_blank-공주","공주",1,20,"first_blank-당했","당했",20,0,0,1,"공주님","당했님"
140,"공포","공포-last_blank","last_blank",1,1,"티빌-last_blank","티빌",1,0,0,1,"공포","티빌"
867,"first_blank","first_blank-공황","공황",1,2,"first_blank-머금","머금",2,0,0,1,"공황","머금"
317,"과부","과부-last_blank","last_blank",1,1,"레임-last_blank","레임",1,0,0,1,"과부","레임"
53,"first_blank","first_blank-관","관",1,1,"first_blank-오피","오피",1,0,1,1,"관","오피"
592,"관계","관계-last_blank","last_blank",1,2,"워질-last_blank","워질",2,0,0,1,"관계","워질"
603,"관광","관광-last_blank","last_blank",1,1,"비츠-last_blank","비츠",1,0,0,1,"관광","비츠"
623,"관리","관리-last_blank","last_blank",1,1,"u는-last_blank","u는",1,0,0,1,"관리","u는"
164,"first_blank","first_blank-관리","관리",1,20,"first_blank-모습","모습",20,0,0,1,"관리자","모습자"
997,"관리","관리-하다","하다",1,1,"관리-인으","인으",1,0,0,1,"관리하다","관리인으"
191,"관찰","관찰-last_blank","last_blank",1,1,"플릿-last_blank","플릿",1,0,0,1,"관찰","플릿"
717,"first_blank","first_blank-관할","관할",1,1,"first_blank-옷은","옷은",1,0,0,1,"관할권","옷은권"
598,"first_blank","first_blank-관행","관행",1,1,"first_blank-저새","저새",1,0,0,1,"관행","저새"
57,"광고","광고-last_blank","last_blank",1,1,"뷰에-last_blank","뷰에",1,0,0,1,"광고","뷰에"
927,"first_blank","first_blank-광고","광고",1,8,"first_blank-일생","일생",8,0,0,1,"광고하는","일생하는"
743,"광기","광기-last_blank","last_blank",1,1,"s랑-last_blank","s랑",1,0,0,1,"광기","s랑"
447,"괴물","괴물-last_blank","last_blank",1,1,"납고-last_blank","납고",1,0,0,1,"괴물","납고"
127,"first_blank","first_blank-교수","교수",1,17,"first_blank-카이","카이",17,0,0,1,"교수형","카이형"
764,"first_blank","first_blank-교회","교회",1,13,"first_blank-버크","버크",13,0,0,1,"교회에","버크에"
35,"구경","구경-last_blank","last_blank",1,1,"빙글-last_blank","빙글",1,0,0,1,"구경","빙글"
12,"first_blank","first_blank-구급","구급",1,14,"first_blank-컴퓨","컴퓨",14,0,0,1,"구급차","컴퓨차"
50,"구름","구름-last_blank","last_blank",1,1,"럽은-last_blank","럽은",1,0,0,1,"구름","럽은"
388,"first_blank","first_blank-구월","구월",1,1,"first_blank-일예","일예",1,0,0,1,"구월","일예"
368,"구입","구입-last_blank","last_blank",1,1,"히만-last_blank","히만",1,0,0,1,"구입","히만"
607,"first_blank","first_blank-구조","구조",1,14,"first_blank-의도","의도",14,0,0,1,"구조하다","의도하다"
587,"국가","국가-last_blank","last_blank",1,1,"식때-last_blank","식때",1,0,0,1,"국가","식때"
179,"first_blank","first_blank-국가","국가",1,16,"first_blank-아마","아마",16,0,0,1,"국가의","아마의"
146,"first_blank","first_blank-국제","국제",1,5,"first_blank-팬들","팬들",5,0,0,1,"국제적인","팬들적인"
777,"first_blank","first_blank-군","군",1,1,"first_blank-살짜","살짜",1,0,1,1,"군","살짜"
760,"군단","군단-last_blank","last_blank",1,1,"폼에-last_blank","폼에",1,0,0,1,"군단","폼에"
448,"군인","군인-last_blank","last_blank",1,1,"냐구-last_blank","냐구",1,0,0,1,"군인","냐구"
866,"군중","군중-last_blank","last_blank",1,1,"가랑-last_blank","가랑",1,0,0,1,"군중","가랑"
208,"first_blank","first_blank-굴뚝","굴뚝",1,5,"first_blank-금요","금요",5,0,0,1,"굴뚝","금요"
920,"first_blank","first_blank-굶주","굶주",1,6,"first_blank-간지","간지",6,0,0,1,"굶주림","간지림"
518,"궁전","궁전-last_blank","last_blank",1,1,"안관-last_blank","안관",1,0,0,1,"궁전","안관"
216,"권총","권총-last_blank","last_blank",1,1,"트니-last_blank","트니",1,0,0,1,"권총","트니"
192,"first_blank","first_blank-권하","권하",1,3,"first_blank-로렐","로렐",3,0,0,1,"권하다","로렐다"
488,"first_blank","first_blank-귀중","귀중",1,3,"first_blank-딸꾹","딸꾹",3,0,0,1,"귀중한","딸꾹한"
256,"규칙","규칙-last_blank","last_blank",1,1,"늬가-last_blank","늬가",1,0,0,1,"규칙","늬가"
817,"균형","균형-last_blank","last_blank",1,1,"동을-last_blank","동을",1,0,0,1,"균형","동을"
772,"그릇","그릇-last_blank","last_blank",1,1,"o인-last_blank","o인",1,0,0,1,"그릇","o인"
590,"그림","그림-last_blank","last_blank",1,1,"찮아-last_blank","찮아",1,0,0,1,"그림","찮아"
267,"first_blank","first_blank-그림","그림",1,27,"first_blank-떠났","떠났",27,0,0,1,"그림자","떠났자"
102,"first_blank","first_blank-극도","극도",1,2,"first_blank-산단","산단",2,0,0,1,"극도로","산단로"
89,"first_blank","first_blank-극적","극적",1,3,"first_blank-전단","전단",3,0,0,1,"극적인","전단인"
180,"first_blank","first_blank-근처","근처",1,16,"first_blank-잠들","잠들",16,0,0,1,"근처에","잠들에"
500,"first_blank","first_blank-금연","금연",1,3,"first_blank-독방","독방",3,0,0,1,"금연 건강 증진 협회","독방 건강 증진 협회"
70,"first_blank","first_blank-금이","금이",1,3,"first_blank-연쇄","연쇄",3,0,0,1,"금이 가다","연쇄 가다"
921,"금지","금지-되어","되어",1,1,"수감-되어","수감",1,0,0,1,"금지되어있다","수감되어있다"
323,"first_blank","first_blank-긍정","긍정",1,5,"first_blank-컨트","컨트",5,0,0,1,"긍정적 인","컨트적 인"
580,"first_blank","first_blank-기념","기념",1,13,"first_blank-추가","추가",13,0,0,1,"기념물","추가물"
663,"first_blank","first_blank-기념","기념",1,13,"first_blank-폭풍","폭풍",13,0,0,1,"기념일","폭풍일"
312,"리다","리다-last_blank","last_blank",1,3,"좋게-last_blank","좋게",3,0,0,1,"기다리다","기다좋게"
632,"기록","기록-last_blank","last_blank",1,2,"능이-last_blank","능이",2,0,0,1,"기록","능이"
722,"first_blank","first_blank-기병","기병",1,3,"first_blank-로미","로미",3,0,0,1,"기병대","로미대"
549,"기쁨","기쁨-last_blank","last_blank",1,1,"팅을-last_blank","팅을",1,0,0,1,"기쁨","팅을"
487,"기사","기사-last_blank","last_blank",1,2,"xt-last_blank","xt",2,0,0,1,"기사","xt"
378,"기술","기술-last_blank","last_blank",1,1,"팔구-last_blank","팔구",1,0,0,1,"기술","팔구"
347,"기차","기차-last_blank","last_blank",1,1,"넬씨-last_blank","넬씨",1,0,0,1,"기차","넬씨"
838,"기침","기침-last_blank","last_blank",1,1,"마드-last_blank","마드",1,0,0,1,"기침","마드"
661,"first_blank","first_blank-긴급","긴급",1,4,"first_blank-베풀","베풀",4,0,0,1,"긴급한","베풀한"
111,"깃발","깃발-last_blank","last_blank",1,1,"큐는-last_blank","큐는",1,0,0,1,"깃발","큐는"
47,"first_blank","first_blank-깨끗","깨끗",1,17,"first_blank-카이","카이",17,0,0,1,"깨끗한","카이한"
631,"first_blank","first_blank-깨닫","깨닫",1,6,"first_blank-받기","받기",6,0,0,1,"깨닫다","받기다"
138,"first_blank","first_blank-꿀","꿀",1,1,"first_blank-윌커","윌커",1,0,1,1,"꿀","윌커"
370,"first_blank","first_blank-끔찍","끔찍",1,27,"first_blank-오셨","오셨",27,0,0,1,"끔찍한","오셨한"
94,"끝","끝-last_blank","last_blank",1,1,"레임-last_blank","레임",1,0,1,1,"끝","레임"
934,"first_blank","first_blank-끼워","끼워",1,4,"first_blank-존이","존이",4,0,0,1,"끼워 넣다","존이 넣다"
859,"first_blank","first_blank-나귀","나귀",1,1,"first_blank-남도","남도",1,0,0,1,"나귀","남도"
365,"first_blank","first_blank-나비","나비",1,6,"first_blank-보너","보너",6,0,0,1,"나비","보너"
844,"first_blank","first_blank-나체","나체",1,3,"first_blank-당뇨","당뇨",3,0,0,1,"나체상","당뇨상"
790,"first_blank","first_blank-나침","나침",1,3,"first_blank-갈수","갈수",3,0,0,1,"나침반","갈수반"
200,"first_blank","first_blank-낙관","낙관",1,1,"first_blank-서천","서천",1,0,0,1,"낙관적 인","서천적 인"
242,"난민","난민-last_blank","last_blank",1,1,"실서-last_blank","실서",1,0,0,1,"난민","실서"
194,"first_blank","first_blank-낡은","낡은",1,1,"first_blank-저조","저조",1,0,0,1,"낡은","저조"
673,"first_blank","first_blank-남부","남부",1,7,"first_blank-헬리","헬리",7,0,0,1,"남부 지방 사투리","헬리 지방 사투리"
165,"남성","남성-last_blank","last_blank",1,1,"이벌-last_blank","이벌",1,0,0,1,"남성","이벌"
756,"남작","남작-last_blank","last_blank",1,1,"킷을-last_blank","킷을",1,0,0,1,"남작","킷을"
320,"남쪽","남쪽-last_blank","last_blank",1,1,"다봐-last_blank","다봐",1,0,0,1,"남쪽","다봐"
437,"남편","남편-last_blank","last_blank",1,1,"더에-last_blank","더에",1,0,0,1,"남편","더에"
979,"first_blank","first_blank-납치","납치",1,27,"first_blank-없으","없으",27,0,0,1,"납치범","없으범"
158,"first_blank","first_blank-낮은","낮은",1,1,"first_blank-바탕","바탕",1,0,0,1,"낮은","바탕"
691,"first_blank","first_blank-낮추","낮추",1,6,"first_blank-미술","미술",6,0,0,1,"낮추다","미술다"
928,"내각","내각-last_blank","last_blank",1,1,"펠이-last_blank","펠이",1,0,0,1,"내각","펠이"
671,"first_blank","first_blank-내부","내부",1,11,"first_blank-프란","프란",11,0,0,1,"내부의","프란의"
298,"내일","내일-last_blank","last_blank",1,1,"시브-last_blank","시브",1,0,0,1,"내일","시브"
699,"first_blank","first_blank-냉철","냉철",1,2,"first_blank-리온","리온",2,0,0,1,"냉철한","리온한"
899,"녀석","녀석-last_blank","last_blank",1,1,"껴져-last_blank","껴져",1,0,0,1,"녀석","껴져"
304,"하다","하다-last_blank","last_blank",1,45,"ts-last_blank","ts",45,0,0,1,"노력하다","노력ts"
896,"first_blank","first_blank-노벨","노벨",1,2,"first_blank-가잖","가잖",2,0,0,1,"노벨","가잖"
692,"first_blank","first_blank-노선","노선",1,1,"first_blank-잎사","잎사",1,0,0,1,"노선","잎사"
524,"노예","노예-last_blank","last_blank",1,1,"딩을-last_blank","딩을",1,0,0,1,"노예","딩을"
881,"녹다","녹다-last_blank","last_blank",1,1,"망스-last_blank","망스",1,0,0,1,"녹다","망스"
791,"녹슨","녹슨-last_blank","last_blank",1,1,"아난-last_blank","아난",1,0,0,1,"녹슨","아난"
822,"논평","논평-last_blank","last_blank",1,1,"란드-last_blank","란드",1,0,0,1,"논평","란드"
596,"first_blank","first_blank-놀라","놀라",1,24,"first_blank-이혼","이혼",24,0,0,1,"놀라다","이혼다"
219,"first_blank","first_blank-놀러","놀러",1,2,"first_blank-였는","였는",2,0,0,1,"놀러 다니는 청년","였는 다니는 청년"
497,"농구","농구-last_blank","last_blank",1,1,"꺼움-last_blank","꺼움",1,0,0,1,"농구","꺼움"
105,"first_blank","first_blank-농장","농장",1,9,"first_blank-개새","개새",9,0,0,1,"농장주","개새주"
763,"first_blank","first_blank-뇌","뇌",1,1,"first_blank-군한","군한",1,0,1,1,"뇌","군한"
987,"first_blank","first_blank-뇌관","뇌관",1,1,"first_blank-맥드","맥드",1,0,0,1,"뇌관","맥드"
884,"뇌물","뇌물-last_blank","last_blank",1,1,"맨슘-last_blank","맨슘",1,0,0,1,"뇌물","맨슘"
546,"눈","눈-last_blank","last_blank",1,1,"버지-last_blank","버지",1,0,1,1,"눈","버지"
290,"눈물","눈물-last_blank","last_blank",1,1,"시와-last_blank","시와",1,0,0,1,"눈물","시와"
984,"first_blank","first_blank-눈부","눈부",1,3,"first_blank-빼돌","빼돌",3,0,0,1,"눈부신","빼돌신"
477," 먼"," 먼-last_blank","last_blank",1,1,"슬링-last_blank","슬링",1,0,0,1,"눈이 먼","눈이슬링"
446,"first_blank","first_blank-느린","느린",1,1,"first_blank-깊으","깊으",1,0,0,1,"느린","깊으"
410,"늦은","늦은-last_blank","last_blank",1,1,"나르-last_blank","나르",1,0,0,1,"늦은","나르"
185,"닌자","닌자-last_blank","last_blank",1,1,"고르-last_blank","고르",1,0,0,1,"닌자","고르"
841,"first_blank","first_blank-다람","다람",1,5,"first_blank-롤라","롤라",5,0,0,1,"다람쥐","롤라쥐"
92,"first_blank","first_blank-다른","다른",1,31,"first_blank-한다","한다",31,0,0,1,"다른 곳에서는","한다 곳에서는"
514,"다리","다리-last_blank","last_blank",1,2,"머가-last_blank","머가",2,0,0,1,"다리","머가"
783,"다수","다수-last_blank","last_blank",1,1,"랜딩-last_blank","랜딩",1,0,0,1,"다수","랜딩"
819,"first_blank","first_blank-다시","다시",1,9,"first_blank-베르","베르",9,0,0,1,"다시 덮다","베르 덮다"
569,"first_blank","first_blank-다이","다이",1,32,"first_blank-대단","대단",32,0,0,1,"다이아몬드","대단아몬드"
702,"단계","단계-last_blank","last_blank",1,1,"서해-last_blank","서해",1,0,0,1,"단계","서해"
109,"first_blank","first_blank-단단","단단",1,6,"first_blank-봤는","봤는",6,0,0,1,"단단한","봤는한"
792,"first_blank","first_blank-단단","단단",1,6,"first_blank-재활","재활",6,0,0,1,"단단히","재활히"
720,"first_blank","first_blank-단말","단말",1,1,"first_blank-똥에","똥에",1,0,0,1,"단말기","똥에기"
789,"first_blank","first_blank-단백","단백",1,3,"first_blank-돌이","돌이",3,0,0,1,"단백질","돌이질"
319,"단어","단어-last_blank","last_blank",1,1,"리팀-last_blank","리팀",1,0,0,1,"단어","리팀"
646,"first_blank","first_blank-단위","단위",1,1,"first_blank-걸거","걸거",1,0,0,1,"단위","걸거"
148,"단지","단지-last_blank","last_blank",1,1,"타크-last_blank","타크",1,0,0,1,"단지","타크"
522,"단추","단추-last_blank","last_blank",1,1,"파에-last_blank","파에",1,0,0,1,"단추","파에"
768,"first_blank","first_blank-달","달",1,1,"first_blank-바브","바브",1,0,1,1,"달","바브"
713,"달력","달력-last_blank","last_blank",1,1,"철에-last_blank","철에",1,0,0,1,"달력","철에"
952,"달의","달의-last_blank","last_blank",1,1,"i와-last_blank","i와",1,0,0,1,"달의","i와"
591,"first_blank","first_blank-달콤","달콤",1,3,"first_blank-신으","신으",3,0,0,1,"달콤한","신으한"
991,"first_blank","first_blank-달팽","달팽",1,1,"first_blank-겁줘","겁줘",1,0,0,1,"달팽이","겁줘이"
641,"닭","닭-last_blank","last_blank",1,1,"스호-last_blank","스호",1,0,1,1,"닭","스호"
296,"담배","담배-last_blank","last_blank",1,1,"럽의-last_blank","럽의",1,0,0,1,"담배","럽의"
530,"담요","담요-last_blank","last_blank",1,1,"먼즈-last_blank","먼즈",1,0,0,1,"담요","먼즈"
504,"답변","답변-last_blank","last_blank",1,1,"카락-last_blank","카락",1,0,0,1,"답변","카락"
711,"first_blank","first_blank-당나","당나",1,1,"first_blank-불은","불은",1,0,0,1,"당나귀","불은귀"
972,"당연","당연-히","히",1,1,"레이-히","레이",1,0,0,1,"당연히","레이히"
889,"first_blank","first_blank-닻","닻",1,1,"first_blank-강조","강조",1,0,1,1,"닻","강조"
11,"대사","대사-last_blank","last_blank",1,2,"졌대-last_blank","졌대",2,0,0,1,"대사","졌대"
93,"first_blank","first_blank-대사","대사",1,22,"first_blank-훔쳐","훔쳐",22,0,0,1,"대사관","훔쳐관"
356,"대학","대학-last_blank","last_blank",1,1,"침할-last_blank","침할",1,0,0,1,"대학","침할"
512,"대화","대화-last_blank","last_blank",1,1,"펙스-last_blank","펙스",1,0,0,1,"대화","펙스"
371,"first_blank","first_blank-더러","더러",1,5,"first_blank-양육","양육",5,0,0,1,"더러운","양육운"
734,"더블","더블-last_blank","last_blank",1,1,"디면-last_blank","디면",1,0,0,1,"더블","디면"
346,"first_blank","first_blank-더운","더운",1,2,"first_blank-것조","것조",2,0,0,1,"더운","것조"
557,"first_blank","first_blank-덫","덫",1,1,"first_blank-좀전","좀전",1,0,1,1,"덫","좀전"
687,"first_blank","first_blank-데이","데이",1,73,"first_blank-원하","원하",73,0,0,1,"데이터","원하터"
781,"도구","도구-last_blank","last_blank",1,1,"레를-last_blank","레를",1,0,0,1,"도구","레를"
292,"도둑","도둑-last_blank","last_blank",1,1,"프터-last_blank","프터",1,0,0,1,"도둑","프터"
253,"도로","도로-last_blank","last_blank",1,6,"잖나-last_blank","잖나",6,0,0,1,"도로","잖나"
873,"도박","도박-last_blank","last_blank",1,1,"틴은-last_blank","틴은",1,0,0,1,"도박","틴은"
150,"first_blank","first_blank-도서","도서",1,7,"first_blank-지적","지적",7,0,0,1,"도서관","지적관"
528,"도착","도착-last_blank","last_blank",1,1,"해둔-last_blank","해둔",1,0,0,1,"도착","해둔"
17,"first_blank","first_blank-도착","도착",1,49,"first_blank-행동","행동",49,0,0,1,"도착하다","행동하다"
222,"first_blank","first_blank-독","독",1,1,"first_blank-오펠","오펠",1,0,1,1,"독","오펠"
112,"독감","독감-last_blank","last_blank",1,1,"랜딩-last_blank","랜딩",1,0,0,1,"독감","랜딩"
239,"first_blank","first_blank-독서","독서",1,2,"first_blank-입냄","입냄",2,0,0,1,"독서","입냄"
132,"first_blank","first_blank-돕다","돕다",1,1,"first_blank-위인","위인",1,0,0,1,"돕다","위인"
818,"first_blank","first_blank-동기","동기",1,7,"first_blank-맡았","맡았",7,0,0,1,"동기","맡았"
362,"동료","동료-last_blank","last_blank",1,1,"나시-last_blank","나시",1,0,0,1,"동료","나시"
780,"first_blank","first_blank-동물","동물",1,33,"first_blank-거기","거기",33,0,0,1,"동물원","거기원"
888,"first_blank","first_blank-돼지","돼지",1,16,"first_blank-시스","시스",16,0,0,1,"돼지 고기","시스 고기"
306,"first_blank","first_blank-둘","둘",1,1,"first_blank-쏘세","쏘세",1,0,1,1,"둘","쏘세"
254,"first_blank","first_blank-둥근","둥근",1,1,"first_blank-탓입","탓입",1,0,0,1,"둥근","탓입"
182,"first_blank","first_blank-둥지","둥지",1,6,"first_blank-속상","속상",6,0,0,1,"둥지","속상"
459,"뒤","뒤-last_blank","last_blank",1,1,"언십-last_blank","언십",1,0,1,1,"뒤","언십"
426,"first_blank","first_blank-드라","드라",1,25,"first_blank-파이","파이",25,0,0,1,"드라마","파이마"
130,"듣기","듣기-last_blank","last_blank",1,2,"름은-last_blank","름은",2,0,0,1,"듣기","름은"
367,"듣다","듣다-last_blank","last_blank",1,1,"무트-last_blank","무트",1,0,0,1,"듣다","무트"
84,"first_blank","first_blank-디스","디스",1,3,"first_blank-바우","바우",3,0,0,1,"디스트릭스","바우트릭스"
570,"first_blank","first_blank-디저","디저",1,4,"first_blank-파고","파고",4,0,0,1,"디저트","파고트"
313,"first_blank","first_blank-따뜻","따뜻",1,11,"first_blank-남겼","남겼",11,0,0,1,"따뜻한","남겼한"
113,"first_blank","first_blank-따르","따르",1,21,"first_blank-스티","스티",21,0,0,1,"따르다","스티다"
390,"first_blank","first_blank-딸","딸",1,1,"first_blank-납니","납니",1,0,1,1,"딸","납니"
276,"first_blank","first_blank-때때","때때",1,3,"first_blank-알몸","알몸",3,0,0,1,"때때로","알몸로"
897,"first_blank","first_blank-때리","때리",1,11,"first_blank-마누","마누",11,0,0,1,"때리다","마누다"
856,"떠나","떠나-다","다",1,1,"로한-다","로한",1,0,0,1,"떠나다","로한다"
762,"지다","지다-last_blank","last_blank",1,2,"타를-last_blank","타를",2,0,0,1,"떨어지다","떨어타를"
594,"first_blank","first_blank-똑똑","똑똑",1,32,"first_blank-혼자","혼자",32,0,0,1,"똑똑한","혼자한"
445,"first_blank","first_blank-라디","라디",1,8,"first_blank-수십","수십",8,0,0,1,"라디오","수십오"
460,"first_blank","first_blank-라이","라이",1,50,"first_blank-성공","성공",50,0,0,1,"라이브","성공브"
965,"first_blank","first_blank-라자","라자",1,2,"first_blank-피크","피크",2,0,0,1,"라자냐","피크냐"
432,"램프","램프-last_blank","last_blank",1,1,"식한-last_blank","식한",1,0,0,1,"램프","식한"
257,"first_blank","first_blank-럼 ","럼 ",1,1,"first_blank-상온","상온",1,0,0,1,"럼 주","상온주"
978,"first_blank","first_blank-레몬","레몬",1,1,"first_blank-캣이","캣이",1,0,0,1,"레몬 에이드","캣이 에이드"
431,"first_blank","first_blank-레이","레이",1,56,"first_blank-th","th",56,0,0,1,"레이더","th더"
494,"비언","비언-last_blank","last_blank",1,1,"상승-last_blank","상승",1,0,0,1,"레즈비언","레즈상승"
849,"first_blank","first_blank-로데","로데",1,1,"first_blank-반길","반길",1,0,0,1,"로데오","반길오"
538," 인"," 인-last_blank","last_blank",1,1,"최소-last_blank","최소",1,0,0,1,"로마 인","로마최소"
695,"로봇","로봇-last_blank","last_blank",1,1,"는척-last_blank","는척",1,0,0,1,"로봇","는척"
618,"로켓","로켓-last_blank","last_blank",1,2,"은가-last_blank","은가",2,0,0,1,"로켓","은가"
918,"리그","리그-last_blank","last_blank",1,1,"콥의-last_blank","콥의",1,0,0,1,"리그","콥의"
915,"first_blank","first_blank-리셉","리셉",1,1,"first_blank-재배","재배",1,0,0,1,"리셉션","재배션"
837,"first_blank","first_blank-립스","립스",1,3,"first_blank-기병","기병",3,0,0,1,"립스틱","기병틱"
840,"first_blank","first_blank-마늘","마늘",1,1,"first_blank-통으","통으",1,0,0,1,"마늘","통으"
846,"first_blank","first_blank-마라","마라",1,5,"first_blank-시선","시선",5,0,0,1,"마라톤","시선톤"
910,"first_blank","first_blank-마련","마련",1,17,"first_blank-지배","지배",17,0,0,1,"마련하다","지배하다"
375,"마른","마른-last_blank","last_blank",1,1,"엘의-last_blank","엘의",1,0,0,1,"마른","엘의"
160,"마법","마법-last_blank","last_blank",1,1,"이팅-last_blank","이팅",1,0,0,1,"마법","이팅"
408,"first_blank","first_blank-마시","마시",1,39,"first_blank-사건","사건",39,0,0,1,"마시다","사건다"
171,"마일","마일-last_blank","last_blank",1,1,"능한-last_blank","능한",1,0,0,1,"마일","능한"
860,"first_blank","first_blank-마지","마지",1,24,"first_blank-봐야","봐야",24,0,0,1,"마지막으로","봐야막으로"
674,"first_blank","first_blank-마피","마피",1,2,"first_blank-심지","심지",2,0,0,1,"마피아","심지아"
281,"막대","막대-last_blank","last_blank",1,1,"타브-last_blank","타브",1,0,0,1,"막대","타브"
26,"first_blank","first_blank-만","만",1,1,"first_blank-곤두","곤두",1,0,1,1,"만","곤두"
72,"만들","만들-다","다",1,1,"장이-다","장이",1,0,0,1,"만들다","장이다"
526,"first_blank","first_blank-만족","만족",1,18,"first_blank-끊어","끊어",18,0,0,1,"만족하는","끊어하는"
809,"first_blank","first_blank-말도","말도",1,6,"first_blank-루프","루프",6,0,0,1,"말도 안되는","루프 안되는"
786,"first_blank","first_blank-말뿐","말뿐",1,1,"first_blank-담고","담고",1,0,0,1,"말뿐인","담고인"
260,"first_blank","first_blank-말하","말하",1,119,"first_blank-모르","모르",119,0,0,1,"말하다","모르다"
443,"first_blank","first_blank-맛이","맛이",1,5,"first_blank-듣자","듣자",5,0,0,1,"맛이 나다","듣자 나다"
785,"맛있","맛있-는","는",1,1,"전트-는","전트",1,0,0,1,"맛있는","전트는"
930,"first_blank","first_blank-망원","망원",1,5,"first_blank-분인","분인",5,0,0,1,"망원경","분인경"
740,"매력","매력-last_blank","last_blank",1,1,"터롤-last_blank","터롤",1,0,0,1,"매력","터롤"
19,"first_blank","first_blank-매력","매력",1,16,"first_blank-좋으","좋으",16,0,0,1,"매력적인","좋으적인"
235,"맥박","맥박-last_blank","last_blank",1,1,"펴줘-last_blank","펴줘",1,0,0,1,"맥박","펴줘"
798,"first_blank","first_blank-맨 ","맨 ",1,1,"first_blank-갇힐","갇힐",1,0,0,1,"맨 위","갇힐위"
544,"카락","카락-last_blank","last_blank",1,1,"천섬-last_blank","천섬",1,0,0,1,"머리카락","머리천섬"
629,"르다","르다-last_blank","last_blank",1,1,"소개-last_blank","소개",1,0,0,1,"머무르다","머무소개"
228,"먹이","먹이-last_blank","last_blank",1,1,"r을-last_blank","r을",1,0,0,1,"먹이","r을"
184,"멋진","멋진-last_blank","last_blank",1,1,"켜줘-last_blank","켜줘",1,0,0,1,"멋진","켜줘"
56,"명령","명령-last_blank","last_blank",1,1,"답죠-last_blank","답죠",1,0,0,1,"명령","답죠"
683,"모델","모델-last_blank","last_blank",1,1,"우랜-last_blank","우랜",1,0,0,1,"모델","우랜"
67,"first_blank","first_blank-모서","모서",1,2,"first_blank-번쯤","번쯤",2,0,0,1,"모서리","번쯤리"
824,"모욕","모욕-last_blank","last_blank",1,1,"션트-last_blank","션트",1,0,0,1,"모욕","션트"
604,"first_blank","first_blank-목","목",1,1,"first_blank-무셀","무셀",1,0,1,1,"목","무셀"
898,"first_blank","first_blank-목소","목소",1,19,"first_blank-페이","페이",19,0,0,1,"목소리","페이리"
770,"목적","목적-last_blank","last_blank",1,1,"미늄-last_blank","미늄",1,0,0,1,"목적","미늄"
119,"몸짓","몸짓-last_blank","last_blank",1,1,"스해-last_blank","스해",1,0,0,1,"몸짓","스해"
656,"first_blank","first_blank-못","못",1,1,"first_blank-두근","두근",1,0,1,1,"못","두근"
902,"first_blank","first_blank-무거","무거",1,4,"first_blank-메데","메데",4,0,0,1,"무거운","메데운"
642,"무게","무게-last_blank","last_blank",1,1,"버님-last_blank","버님",1,0,0,1,"무게","버님"
556,"무덤","무덤-last_blank","last_blank",1,1,"쥴을-last_blank","쥴을",1,0,0,1,"무덤","쥴을"
983,"first_blank","first_blank-무모","무모",1,3,"first_blank-왔습","왔습",3,0,0,1,"무모한","왔습한"
906,"first_blank","first_blank-무서","무서",1,37,"first_blank-호출","호출",37,0,0,1,"무서운","호출운"
992,"상태","상태-last_blank","last_blank",1,1,"니오-last_blank","니오",1,0,0,1,"무정부 상태","무정부 니오"
843,"무지","무지-last_blank","last_blank",1,1,"가즘-last_blank","가즘",1,0,0,1,"무지","가즘"
931,"first_blank","first_blank-묶다","묶다",1,1,"first_blank-빙산","빙산",1,0,0,1,"묶다","빙산"
225,"first_blank","first_blank-문","문",1,1,"first_blank-질수","질수",1,0,1,1,"문","질수"
811,"first_blank","first_blank-문자","문자",1,18,"first_blank-같았","같았",18,0,0,1,"문자 그대로","같았 그대로"
167,"문제","문제-last_blank","last_blank",1,1,"필에-last_blank","필에",1,0,0,1,"문제","필에"
402,"문화","문화-last_blank","last_blank",1,1,"모가-last_blank","모가",1,0,0,1,"문화","모가"
640,"물론","물론-last_blank","last_blank",1,1,"널한-last_blank","널한",1,0,0,1,"물론","널한"
214,"first_blank","first_blank-물리","물리",1,20,"first_blank-새끼","새끼",20,0,0,1,"물리학","새끼학"
610,"물체","물체-last_blank","last_blank",1,1,"뷰도-last_blank","뷰도",1,0,0,1,"물체","뷰도"
315,"first_blank","first_blank-뭐라","뭐라",1,19,"first_blank-글로","글로",19,0,0,1,"뭐라고 요","글로고 요"
506,"미래","미래-last_blank","last_blank",1,1,"틱스-last_blank","틱스",1,0,0,1,"미래","틱스"
638,"미술","미술-last_blank","last_blank",1,1,"렀지-last_blank","렀지",1,0,0,1,"미술","렀지"
694,"밀림","밀림-last_blank","last_blank",1,1,"그라-last_blank","그라",1,0,0,1,"밀림","그라"
174,"first_blank","first_blank-밍","밍",1,1,"first_blank-아득","아득",1,0,1,1,"밍","아득"
244,"바꾸","바꾸-다","다",1,1,"을거-다","을거",1,0,0,1,"바꾸다","을거다"
23,"first_blank","first_blank-바나","바나",1,3,"first_blank-과다","과다",3,0,0,1,"바나나","과다나"
917,"바늘","바늘-last_blank","last_blank",1,1,"가엔-last_blank","가엔",1,0,0,1,"바늘","가엔"
398,"바다","바다-last_blank","last_blank",1,1,"oa-last_blank","oa",1,0,0,1,"바다","oa"
635,"바닥","바닥-last_blank","last_blank",1,1,"절해-last_blank","절해",1,0,0,1,"바닥","절해"
155,"first_blank","first_blank-바라","바라",1,64,"first_blank-선택","선택",64,0,0,1,"바라보다","선택보다"
357,"바람","바람-last_blank","last_blank",1,2,"운건-last_blank","운건",2,0,0,1,"바람","운건"
416,"바보","바보-last_blank","last_blank",1,1,"톨리-last_blank","톨리",1,0,0,1,"바보","톨리"
597,"바위","바위-last_blank","last_blank",1,1,"국만-last_blank","국만",1,0,0,1,"바위","국만"
450,"러스","러스-last_blank","last_blank",1,4,"웠던-last_blank","웠던",4,0,0,1,"바이러스","바이웠던"
204,"first_blank","first_blank-밖","밖",1,1,"first_blank-밸런","밸런",1,0,1,1,"밖","밸런"
205,"first_blank","first_blank-밖의","밖의",1,1,"first_blank-리서","리서",1,0,0,1,"밖의","리서"
679,"first_blank","first_blank-반","반",1,1,"first_blank-말예","말예",1,0,1,1,"반","말예"
872,"반대","반대-last_blank","last_blank",1,1,"mt-last_blank","mt",1,0,0,1,"반대","mt"
576,"반사","반사-last_blank","last_blank",1,1,"른다-last_blank","른다",1,0,0,1,"반사","른다"
672,"first_blank","first_blank-반어","반어",1,1,"first_blank-곳까","곳까",1,0,0,1,"반어","곳까"
397,"반지","반지-last_blank","last_blank",1,2,"간만-last_blank","간만",2,0,0,1,"반지","간만"
853,"first_blank","first_blank-반지","반지",1,9,"first_blank-광산","광산",9,0,0,1,"반지름","광산름"
391,"발사","발사-last_blank","last_blank",1,1,"뷰는-last_blank","뷰는",1,0,0,1,"발사","뷰는"
883,"first_blank","first_blank-발생","발생",1,18,"first_blank-달아","달아",18,0,0,1,"발생하다","달아하다"
353,"first_blank","first_blank-발전","발전",1,20,"first_blank-촬영","촬영",20,0,0,1,"발전기","촬영기"
407,"first_blank","first_blank-밤","밤",1,1,"first_blank-로밀","로밀",1,0,1,1,"밤","로밀"
733,"first_blank","first_blank-밥을","밥을",1,1,"first_blank-삶의","삶의",1,0,0,1,"밥을 먹이다","삶의 먹이다"
584,"first_blank","first_blank-방","방",1,1,"first_blank-앨라","앨라",1,0,1,1,"방","앨라"
659,"방법","방법-last_blank","last_blank",1,1,"이뼈-last_blank","이뼈",1,0,0,1,"방법","이뼈"
871,"first_blank","first_blank-방아","방아",1,3,"first_blank-그럽","그럽",3,0,0,1,"방아쇠","그럽쇠"
572,"방패","방패-last_blank","last_blank",1,1,"트칠-last_blank","트칠",1,0,0,1,"방패","트칠"
738,"first_blank","first_blank-방해","방해",1,24,"first_blank-베일","베일",24,0,0,1,"방해하다","베일하다"
411,"배우","배우-다","다",1,1,"서였-다","서였",1,0,0,1,"배우다","서였다"
697,"배지","배지-last_blank","last_blank",1,1,"겠는-last_blank","겠는",1,0,0,1,"배지","겠는"
173,"백만","백만-last_blank","last_blank",1,1,"홍키-last_blank","홍키",1,0,0,1,"백만","홍키"
977,"first_blank","first_blank-백만","백만",1,5,"first_blank-강철","강철",5,0,0,1,"백만 장자","강철 장자"
151,"번개","번개-last_blank","last_blank",1,1,"염도-last_blank","염도",1,0,0,1,"번개","염도"
28,"first_blank","first_blank-벌","벌",1,1,"first_blank-찌꺼","찌꺼",1,0,1,1,"벌","찌꺼"
939,"벌레","벌레-last_blank","last_blank",1,2,"어다-last_blank","어다",2,0,0,1,"벌레","어다"
236,"first_blank","first_blank-벌하","벌하",1,2,"first_blank-빈둥","빈둥",2,0,0,1,"벌하다","빈둥다"
543,"first_blank","first_blank-법","법",1,1,"first_blank-응징","응징",1,0,1,1,"법","응징"
414,"법원","법원-last_blank","last_blank",1,1,"립트-last_blank","립트",1,0,0,1,"법원","립트"
903,"베이","베이-스","스",1,1,"티쿠-스","티쿠",1,0,0,1,"베이스","티쿠스"
468,"벽","벽-last_blank","last_blank",1,2,"르토-last_blank","르토",2,0,1,1,"벽","르토"
441,"first_blank","first_blank-변호","변호",1,38,"first_blank-미국","미국",38,0,0,1,"변호사","미국사"
43,"변화","변화-last_blank","last_blank",1,1,"웰이-last_blank","웰이",1,0,0,1,"변화","웰이"
835,"first_blank","first_blank-별명","별명",1,7,"first_blank-봤었","봤었",7,0,0,1,"별명","봤었"
989,"first_blank","first_blank-병기","병기",1,2,"first_blank-걸고","걸고",2,0,0,1,"병기고","걸고고"
340,"병원","병원-last_blank","last_blank",1,2,"르크-last_blank","르크",2,0,0,1,"병원","르크"
245,"보고","보고-서","서",1,1,"국에-서","국에",1,0,0,1,"보고서","국에서"
427,"first_blank","first_blank-보고","보고",1,66,"first_blank-이야","이야",66,0,0,1,"보고자","이야자"
709,"first_blank","first_blank-보너","보너",1,6,"first_blank-위층","위층",6,0,0,1,"보너스","위층스"
265,"first_blank","first_blank-보다","보다",1,8,"first_blank-왜그","왜그",8,0,0,1,"보다","왜그"
814,"보물","보물-last_blank","last_blank",1,1,"히만-last_blank","히만",1,0,0,1,"보물","히만"
932,"first_blank","first_blank-보수","보수",1,6,"first_blank-남은","남은",6,0,0,1,"보수적 인","남은적 인"
547,"보안","보안-last_blank","last_blank",1,1,"퍼에-last_blank","퍼에",1,0,0,1,"보안","퍼에"
268," 주"," 주-다","다",1,1,"옵시-다","옵시",1,0,0,1,"보여 주다","보여옵시다"
609,"하다","하다-last_blank","last_blank",1,45,"거나-last_blank","거나",45,0,0,1,"보장하다","보장거나"
4,"first_blank","first_blank-보조","보조",1,3,"first_blank-타야","타야",3,0,0,1,"보조기구","타야기구"
886,"first_blank","first_blank-보존","보존",1,2,"first_blank-하울","하울",2,0,0,1,"보존하다","하울하다"
187,"보통","보통-last_blank","last_blank",1,1,"잡이-last_blank","잡이",1,0,0,1,"보통","잡이"
440,"하다","하다-last_blank","last_blank",1,45,"거죠-last_blank","거죠",45,0,0,1,"보호하다","보호거죠"
682,"복수","복수-last_blank","last_blank",1,1,"밍의-last_blank","밍의",1,0,0,1,"복수","밍의"
925,"본능","본능-last_blank","last_blank",1,1,"력에-last_blank","력에",1,0,0,1,"본능","력에"
517,"봄","봄-last_blank","last_blank",1,1,"션트-last_blank","션트",1,0,1,1,"봄","션트"
97,"first_blank","first_blank-봉투","봉투",1,5,"first_blank-붙었","붙었",5,0,0,1,"봉투","붙었"
145,"first_blank","first_blank-부당","부당",1,3,"first_blank-탈레","탈레",3,0,0,1,"부당","탈레"
771,"first_blank","first_blank-부드","부드",1,6,"first_blank-양말","양말",6,0,0,1,"부드러운","양말러운"
816,"부분","부분-last_blank","last_blank",1,1,"케에-last_blank","케에",1,0,0,1,"부분","케에"
533,"부시","부시-last_blank","last_blank",1,1,"늬가-last_blank","늬가",1,0,0,1,"부시","늬가"
48,"first_blank","first_blank-분명","분명",1,18,"first_blank-마르","마르",18,0,0,1,"분명히","마르히"
951,"first_blank","first_blank-분석","분석",1,13,"first_blank-아티","아티",13,0,0,1,"분석자","아티자"
393,"first_blank","first_blank-불","불",1,1,"first_blank-도처","도처",1,0,1,1,"불","도처"
550,"능한","능한-last_blank","last_blank",1,1,"실장-last_blank","실장",1,0,0,1,"불가능한","불가실장"
380,"first_blank","first_blank-불법","불법",1,14,"first_blank-한번","한번",14,0,0,1,"불법적 인","한번적 인"
309,"first_blank","first_blank-불편","불편",1,17,"first_blank-드릴","드릴",17,0,0,1,"불편한","드릴한"
59,"불평","불평-last_blank","last_blank",1,1,"탕을-last_blank","탕을",1,0,0,1,"불평","탕을"
954,"사람","사람-last_blank","last_blank",1,4,"바로-last_blank","바로",4,0,0,1,"불행한 사람","불행한 바로"
122,"first_blank","first_blank-붙잡","붙잡",1,14,"first_blank-미스","미스",14,0,0,1,"붙잡다","미스다"
31,"first_blank","first_blank-브라","브라",1,38,"first_blank-이동","이동",38,0,0,1,"브라보","이동보"
373,"first_blank","first_blank-비","비",1,1,"first_blank-테살","테살",1,0,1,1,"비","테살"
264,"비밀","비밀-last_blank","last_blank",1,1,"키면-last_blank","키면",1,0,0,1,"비밀","키면"
379,"비서","비서-last_blank","last_blank",1,1,"기과-last_blank","기과",1,0,0,1,"비서","기과"
269,"first_blank","first_blank-비슷","비슷",1,25,"first_blank-증거","증거",25,0,0,1,"비슷한","증거한"
732,"first_blank","first_blank-비어","비어",1,5,"first_blank-건지","건지",5,0,0,1,"비어있는","건지있는"
909,"first_blank","first_blank-비참","비참",1,4,"first_blank-무용","무용",4,0,0,1,"비참한","무용한"
74,"first_blank","first_blank-비판","비판",1,3,"first_blank-알몸","알몸",3,0,0,1,"비판적인","알몸적인"
924,"first_blank","first_blank-빈곤","빈곤",1,1,"first_blank-kj","kj",1,0,0,1,"빈곤","kj"
577,"first_blank","first_blank-빈도","빈도",1,1,"first_blank-말없","말없",1,0,0,1,"빈도","말없"
773,"first_blank","first_blank-빛나","빛나",1,4,"first_blank-입력","입력",4,0,0,1,"빛나는","입력는"
324,"first_blank","first_blank-빨간","빨간",1,8,"first_blank-피아","피아",8,0,0,1,"빨간색","피아색"
907,"first_blank","first_blank-빨다","빨다",1,1,"first_blank-온김","온김",1,0,0,1,"빨다","온김"
481,"first_blank","first_blank-빵","빵",1,1,"first_blank-뛸거","뛸거",1,0,1,1,"빵","뛸거"
449,"first_blank","first_blank-뼈","뼈",1,1,"first_blank-사브","사브",1,0,1,1,"뼈","사브"
828,"first_blank","first_blank-뿔","뿔",1,1,"first_blank-용무","용무",1,0,1,1,"뿔","용무"
519,"사건","사건-last_blank","last_blank",1,3,"니께-last_blank","니께",3,0,0,1,"사건","니께"
745,"사과","사과-last_blank","last_blank",1,1,"프니-last_blank","프니",1,0,0,1,"사과","프니"
211,"사람","사람-last_blank","last_blank",1,4,"회는-last_blank","회는",4,0,0,1,"사람","회는"
344,"first_blank","first_blank-사령","사령",1,11,"first_blank-경관","경관",11,0,0,1,"사령관","경관관"
82,"사막","사막-last_blank","last_blank",1,1,"수스-last_blank","수스",1,0,0,1,"사막","수스"
742,"사수","사수-last_blank","last_blank",1,1,"셜이-last_blank","셜이",1,0,0,1,"사수","셜이"
99,"first_blank","first_blank-사악","사악",1,4,"first_blank-따랐","따랐",4,0,0,1,"사악한","따랐한"
37,"first_blank","first_blank-사육","사육",1,1,"first_blank-킹이","킹이",1,0,0,1,"사육제","킹이제"
639,"first_blank","first_blank-사적","사적",1,3,"first_blank-자빠","자빠",3,0,0,1,"사적인","자빠인"
981,"사전","사전-last_blank","last_blank",1,1,"답소-last_blank","답소",1,0,0,1,"사전","답소"
958,"first_blank","first_blank-사직","사직",1,3,"first_blank-트랜","트랜",3,0,0,1,"사직","트랜"
422,"사회","사회-last_blank","last_blank",1,1,"릇이-last_blank","릇이",1,0,0,1,"사회","릇이"
144,"산업","산업-last_blank","last_blank",1,1,"홍키-last_blank","홍키",1,0,0,1,"산업","홍키"
589,"있는","있는-last_blank","last_blank",1,60,"든요-last_blank","든요",60,0,0,1,"살아있는","살아든요"
730,"first_blank","first_blank-살인","살인",1,62,"first_blank-엄마","엄마",62,0,0,1,"살인자","엄마자"
308,"삼촌","삼촌-last_blank","last_blank",1,1,"꼬까-last_blank","꼬까",1,0,0,1,"삼촌","꼬까"
916,"first_blank","first_blank-삼키","삼키",1,7,"first_blank-집사","집사",7,0,0,1,"삼키다","집사다"
243,"first_blank","first_blank-상대","상대",1,33,"first_blank-지원","지원",33,0,0,1,"상대적인","지원적인"
971,"first_blank","first_blank-상상","상상",1,35,"first_blank-불가","불가",35,0,0,1,"상상력","불가력"
455,"first_blank","first_blank-상어","상어",1,4,"first_blank-사유","사유",4,0,0,1,"상어","사유"
823,"first_blank","first_blank-상위","상위",1,1,"first_blank-수적","수적",1,0,0,1,"상위","수적"
395,"first_blank","first_blank-상자","상자",1,10,"first_blank-무언","무언",10,0,0,1,"상자","무언"
560,"상처","상처-last_blank","last_blank",1,1,"먼의-last_blank","먼의",1,0,0,1,"상처","먼의"
739,"상태","상태-last_blank","last_blank",1,1,"별한-last_blank","별한",1,0,0,1,"상태","별한"
914,"first_blank","first_blank-상표","상표",1,1,"first_blank-문까","문까",1,0,0,1,"상표","문까"
462,"상황","상황-last_blank","last_blank",1,2,"러기-last_blank","러기",2,0,0,1,"상황","러기"
614,"위치","위치-last_blank","last_blank",1,2,"공인-last_blank","공인",2,0,0,1,"샌드위치","샌드공인"
363,"first_blank","first_blank-생산","생산",1,8,"first_blank-하면","하면",8,0,0,1,"생산자","하면자"
602,"샤워","샤워-last_blank","last_blank",1,1,"겼다-last_blank","겼다",1,0,0,1,"샤워","겼다"
540,"first_blank","first_blank-서다","서다",1,1,"first_blank-쿠르","쿠르",1,0,0,1,"서다","쿠르"
746,"르다","르다-last_blank","last_blank",1,1,"초만-last_blank","초만",1,0,0,1,"서두르다","서두초만"
32,"first_blank","first_blank-서류","서류",1,20,"first_blank-환영","환영",20,0,0,1,"서류 가방","환영 가방"
947,"first_blank","first_blank-서비","서비",1,10,"first_blank-먹기","먹기",10,0,0,1,"서비스","먹기스"
321,"서쪽","서쪽-last_blank","last_blank",1,1,"츠나-last_blank","츠나",1,0,0,1,"서쪽","츠나"
52,"first_blank","first_blank-석탄","석탄",1,3,"first_blank-것까","것까",3,0,0,1,"석탄","것까"
845,"선박","선박-last_blank","last_blank",1,1,"설이-last_blank","설이",1,0,0,1,"선박","설이"
234,"first_blank","first_blank-선술","선술",1,1,"first_blank-변론","변론",1,0,0,1,"선술집","변론집"
34,"선실","선실-last_blank","last_blank",1,1,"r에-last_blank","r에",1,0,0,1,"선실","r에"
1000,"선잠","선잠-last_blank","last_blank",1,1,"퍼님-last_blank","퍼님",1,0,0,1,"선잠","퍼님"
508,"선택","선택-last_blank","last_blank",1,1,"늘에-last_blank","늘에",1,0,0,1,"선택","늘에"
766,"first_blank","first_blank-선택","선택",1,64,"first_blank-바라","바라",64,0,0,1,"선택하다","바라하다"
999,"설명","설명-last_blank","last_blank",1,1,"파요-last_blank","파요",1,0,0,1,"설명","파요"
81,"설명","설명-하다","하다",1,1,"설명-해줬","해줬",1,0,0,1,"설명하다","설명해줬"
935,"설사","설사-last_blank","last_blank",1,1,"테르-last_blank","테르",1,0,0,1,"설사","테르"
648,"설탕","설탕-last_blank","last_blank",1,1,"언십-last_blank","언십",1,0,0,1,"설탕","언십"
501,"성경","성경-last_blank","last_blank",1,1,"역학-last_blank","역학",1,0,0,1,"성경","역학"
374,"성공","성공-last_blank","last_blank",1,1,"hy-last_blank","hy",1,0,0,1,"성공","hy"
880,"성인","성인-last_blank","last_blank",1,1,"으러-last_blank","으러",1,0,0,1,"성인","으러"
266,"성적","성적-last_blank","last_blank",1,1,"로빅-last_blank","로빅",1,0,0,1,"성적","로빅"
453,"세기","세기-last_blank","last_blank",1,1,"려니-last_blank","려니",1,0,0,1,"세기","려니"
68,"first_blank","first_blank-세다","세다",1,1,"first_blank-탄거","탄거",1,0,0,1,"세다","탄거"
724,"first_blank","first_blank-세미","세미",1,5,"first_blank-노릇","노릇",5,0,0,1,"세미나","노릇나"
643,"first_blank","first_blank-셀","셀",1,1,"first_blank-브릿","브릿",1,0,1,1,"셀","브릿"
420,"셔츠","셔츠-last_blank","last_blank",1,1,"티와-last_blank","티와",1,0,0,1,"셔츠","티와"
795,"셜록","셜록-last_blank","last_blank",1,1,"어드-last_blank","어드",1,0,0,1,"셜록","어드"
564,"first_blank","first_blank-소","소",1,1,"first_blank-온겁","온겁",1,0,1,1,"소","온겁"
339,"소녀","소녀-last_blank","last_blank",1,1,"몬의-last_blank","몬의",1,0,0,1,"소녀","몬의"
30,"first_blank","first_blank-소년","소년",1,18,"first_blank-리스","리스",18,0,0,1,"소년들","리스들"
376,"소음","소음-last_blank","last_blank",1,1,"나르-last_blank","나르",1,0,0,1,"소음","나르"
571,"first_blank","first_blank-소총","소총",1,2,"first_blank-직책","직책",2,0,0,1,"소총","직책"
536,"소파","소파-last_blank","last_blank",1,1,"니드-last_blank","니드",1,0,0,1,"소파","니드"
578,"트웨","트웨-어","어",1,1,"걸렸-어","걸렸",1,0,0,1,"소프트웨어","소프걸렸어"
126,"first_blank","first_blank-손","손",1,1,"first_blank-할겁","할겁",1,0,1,1,"손","할겁"
552,"first_blank","first_blank-손가","손가",1,12,"first_blank-잡혀","잡혀",12,0,0,1,"손가락","잡혀락"
123,"손자","손자-last_blank","last_blank",1,1,"보팀-last_blank","보팀",1,0,0,1,"손자","보팀"
223,"수단","수단-last_blank","last_blank",1,1,"채면-last_blank","채면",1,0,0,1,"수단","채면"
651,"first_blank","first_blank-수도","수도",1,12,"first_blank-콜롬","콜롬",12,0,0,1,"수도","콜롬"
456,"first_blank","first_blank-수도","수도",1,12,"first_blank-자동","자동",12,0,0,1,"수도사","자동사"
936,"수량","수량-last_blank","last_blank",1,1,"방네-last_blank","방네",1,0,0,1,"수량","방네"
141,"first_blank","first_blank-수렵","수렵",1,1,"first_blank-용으","용으",1,0,0,1,"수렵","용으"
384,"first_blank","first_blank-수수","수수",1,12,"first_blank-퇴원","퇴원",12,0,0,1,"수수료","퇴원료"
439,"수업","수업-last_blank","last_blank",1,1,"글스-last_blank","글스",1,0,0,1,"수업","글스"
815,"수요","수요-last_blank","last_blank",1,1,"라게-last_blank","라게",1,0,0,1,"수요","라게"
689,"수집","수집-last_blank","last_blank",1,1,"zl-last_blank","zl",1,0,0,1,"수집","zl"
277,"수프","수프-last_blank","last_blank",1,1,"테가-last_blank","테가",1,0,0,1,"수프","테가"
336,"first_blank","first_blank-순결","순결",1,3,"first_blank-여태","여태",3,0,0,1,"순결한","여태한"
177,"first_blank","first_blank-순진","순진",1,6,"first_blank-간지","간지",6,0,0,1,"순진한","간지한"
747,"first_blank","first_blank-숟가","숟가",1,3,"first_blank-뭐한","뭐한",3,0,0,1,"숟가락","뭐한락"
6,"first_blank","first_blank-술","술",1,1,"first_blank-알현","알현",1,0,1,1,"술","알현"
409,"숫자","숫자-last_blank","last_blank",1,1,"로움-last_blank","로움",1,0,0,1,"숫자","로움"
248,"first_blank","first_blank-쉬다","쉬다",1,1,"first_blank-끝입","끝입",1,0,0,1,"쉬다","끝입"
854,"first_blank","first_blank-슈퍼","슈퍼",1,31,"first_blank-파티","파티",31,0,0,1,"슈퍼맨","파티맨"
274,"first_blank","first_blank-스매","스매",1,1,"first_blank-낫길","낫길",1,0,0,1,"스매시","낫길시"
283,"레스","레스-last_blank","last_blank",1,8,"프가-last_blank","프가",8,0,0,1,"스트레스","스트프가"
401,"first_blank","first_blank-스파","스파",1,24,"first_blank-거였","거였",24,0,0,1,"스파이","거였이"
970,"활동","활동-last_blank","last_blank",1,1,"싸면-last_blank","싸면",1,0,0,1,"스파이 활동","스파이 싸면"
258,"슬퍼","슬퍼-last_blank","last_blank",1,1,"슨네-last_blank","슨네",1,0,0,1,"슬퍼","슨네"
669,"승객","승객-last_blank","last_blank",1,1,"틴이-last_blank","틴이",1,0,0,1,"승객","틴이"
400,"승리","승리-last_blank","last_blank",1,1,"엔자-last_blank","엔자",1,0,0,1,"승리","엔자"
419,"first_blank","first_blank-승무","승무",1,9,"first_blank-ev","ev",9,0,0,1,"승무원","ev원"
968,"first_blank","first_blank-시나","시나",1,7,"first_blank-내주","내주",7,0,0,1,"시나몬","내주몬"
735,"리다","리다-last_blank","last_blank",1,3,"사건-last_blank","사건",3,0,0,1,"시달리다","시달사건"
606,"first_blank","first_blank-시리","시리",1,11,"first_blank-곳에","곳에",11,0,0,1,"시리즈","곳에즈"
40,"first_blank","first_blank-시멘","시멘",1,3,"first_blank-던컨","던컨",3,0,0,1,"시멘트","던컨트"
532,"first_blank","first_blank-시인","시인",1,3,"first_blank-있도","있도",3,0,0,1,"시인","있도"
727,"시저","시저-last_blank","last_blank",1,1,"찻집-last_blank","찻집",1,0,0,1,"시저","찻집"
957,"시험","시험-last_blank","last_blank",1,2,"은걸-last_blank","은걸",2,0,0,1,"시험","은걸"
249,"first_blank","first_blank-시현","시현",1,1,"first_blank-셔우","셔우",1,0,0,1,"시현","셔우"
624,"first_blank","first_blank-식민","식민",1,3,"first_blank-sv","sv",3,0,0,1,"식민지","sv지"
698,"first_blank","first_blank-신경","신경",1,41,"first_blank-하셨","하셨",41,0,0,1,"신경 이상","하셨 이상"
520,"first_blank","first_blank-신나","신나",1,8,"first_blank-맞이","맞이",8,0,0,1,"신나는","맞이는"
919,"신랑","신랑-last_blank","last_blank",1,1,"픔에-last_blank","픔에",1,0,0,1,"신랑","픔에"
779,"신병","신병-last_blank","last_blank",1,1,"압에-last_blank","압에",1,0,0,1,"신병","압에"
905,"first_blank","first_blank-신선","신선",1,6,"first_blank-좋더","좋더",6,0,0,1,"신선한","좋더한"
736,"first_blank","first_blank-신용","신용",1,8,"first_blank-밧줄","밧줄",8,0,0,1,"신용 거래","밧줄 거래"
959,"first_blank","first_blank-신의","신의",1,2,"first_blank-싫네","싫네",2,0,0,1,"신의 조화","싫네 조화"
712,"신장","신장-last_blank","last_blank",1,1,"히해-last_blank","히해",1,0,0,1,"신장","히해"
678,"신체","신체-last_blank","last_blank",1,1,"트럼-last_blank","트럼",1,0,0,1,"신체","트럼"
303,"first_blank","first_blank-신탁","신탁",1,1,"first_blank-작물","작물",1,0,0,1,"신탁","작물"
352,"신화","신화-last_blank","last_blank",1,1,"롭네-last_blank","롭네",1,0,0,1,"신화","롭네"
1,"first_blank","first_blank-실제","실제",1,7,"first_blank-조합","조합",7,0,0,1,"실제로","조합로"
836,"first_blank","first_blank-실크","실크",1,1,"first_blank-잠꾸","잠꾸",1,0,0,1,"실크","잠꾸"
157,"first_blank","first_blank-실패","실패",1,35,"first_blank-상상","상상",35,0,0,1,"실패자","상상자"
381,"실험","실험-last_blank","last_blank",1,2,"락이-last_blank","락이",2,0,0,1,"실험","락이"
355,"싫어","싫어-하다","하다",1,1,"싫어-합니","합니",1,0,0,1,"싫어하다","싫어합니"
961,"십대","십대-last_blank","last_blank",1,1,"콥스-last_blank","콥스",1,0,0,1,"십대","콥스"
189,"first_blank","first_blank-십일","십일",1,1,"first_blank-조너","조너",1,0,0,1,"십일월","조너월"
929,"first_blank","first_blank-싼 ","싼 ",1,1,"first_blank-뇌리","뇌리",1,0,0,1,"싼 어림","뇌리어림"
548,"first_blank","first_blank-쓰레","쓰레",1,24,"first_blank-이혼","이혼",24,0,0,1,"쓰레기","이혼기"
868,"first_blank","first_blank-쓸모","쓸모",1,10,"first_blank-카라","카라",10,0,0,1,"쓸모없는","카라없는"
69,"씌우","씌우-다","다",1,1,"다웠-다","다웠",1,0,0,1,"씌우다","다웠다"
706,"first_blank","first_blank-씨족","씨족",1,1,"first_blank-애시","애시",1,0,0,1,"씨족","애시"
366,"아기","아기-last_blank","last_blank",1,1,"렌을-last_blank","렌을",1,0,0,1,"아기","렌을"
87,"아래","아래-에","에",1,1,"랜트-에","랜트",1,0,0,1,"아래에","랜트에"
168,"first_blank","first_blank-아마","아마",1,16,"first_blank-있던","있던",16,0,0,1,"아마도","있던도"
387,"추어","추어-last_blank","last_blank",1,1,"셋째-last_blank","셋째",1,0,0,1,"아마추어","아마셋째"
188,"것도","것도- 아"," 아",1,1,"것도-하지","하지",1,0,0,1,"아무것도 아님","아무것도하지님"
77,"아빠","아빠-last_blank","last_blank",1,2,"라랑-last_blank","라랑",2,0,0,1,"아빠","라랑"
725,"피린","피린-last_blank","last_blank",1,1,"휠러-last_blank","휠러",1,0,0,1,"아스피린","아스휠러"
354,"디어","디어-last_blank","last_blank",1,1,"후크-last_blank","후크",1,0,0,1,"아이디어","아이후크"
415,"first_blank","first_blank-아주","아주",1,8,"first_blank-터널","터널",8,0,0,1,"아주 멋진","터널 멋진"
425,"first_blank","first_blank-아티","아티",1,13,"first_blank-네이","네이",13,0,0,1,"아티스트","네이스트"
405,"리카","리카-last_blank","last_blank",1,3,"시스-last_blank","시스",3,0,0,1,"아프리카","아프시스"
810,"아픈","아픈-last_blank","last_blank",1,2,"쇠를-last_blank","쇠를",2,0,0,1,"아픈","쇠를"
486,"악몽","악몽-last_blank","last_blank",1,1,"깝군-last_blank","깝군",1,0,0,1,"악몽","깝군"
701,"first_blank","first_blank-안 ","안 ",1,1,"first_blank-코마","코마",1,0,0,1,"안 들리게 하다","코마들리게 하다"
120,"first_blank","first_blank-안경","안경",1,5,"first_blank-되잖","되잖",5,0,0,1,"안경","되잖"
131,"first_blank","first_blank-안녕","안녕",1,19,"first_blank-그놈","그놈",19,0,0,1,"안녕하세요","그놈하세요"
728,"first_blank","first_blank-안전","안전",1,45,"first_blank-타이","타이",45,0,0,1,"안전한","타이한"
821,"first_blank","first_blank-알리","알리",1,27,"first_blank-맹세","맹세",27,0,0,1,"알리다","맹세다"
193,"알았","알았-어","어",1,1,"트였-어","트였",1,0,0,1,"알았어","트였어"
515,"암호","암호-last_blank","last_blank",1,1,"채는-last_blank","채는",1,0,0,1,"암호","채는"
858,"앞","앞-last_blank","last_blank",1,1,"츠기-last_blank","츠기",1,0,1,1,"앞","츠기"
152,"first_blank","first_blank-액체","액체",1,3,"first_blank-야마","야마",3,0,0,1,"액체","야마"
660,"앨범","앨범-last_blank","last_blank",1,1,"리해-last_blank","리해",1,0,0,1,"앨범","리해"
454,"약혼","약혼-last_blank","last_blank",1,1,"디면-last_blank","디면",1,0,0,1,"약혼","디면"
293,"first_blank","first_blank-얇은","얇은",1,1,"first_blank-프롭","프롭",1,0,0,1,"얇은","프롭"
608,"어깨","어깨-last_blank","last_blank",1,1,"울제-last_blank","울제",1,0,0,1,"어깨","울제"
78,"어둠","어둠-last_blank","last_blank",1,1,"나마-last_blank","나마",1,0,0,1,"어둠","나마"
327,"first_blank","first_blank-어머","어머",1,38,"first_blank-엘리","엘리",38,0,0,1,"어머니","엘리니"
922,"수 ","수 -없는","없는",1,1,"형편-없는","형편",1,0,0,1,"어찌할 수 없는","어찌할 형편없는"
424,"언덕","언덕-last_blank","last_blank",1,1,"설을-last_blank","설을",1,0,0,1,"언덕","설을"
10,"first_blank","first_blank-언제","언제",1,34,"first_blank-구하","구하",34,0,0,1,"언제나","구하나"
117,"얻다","얻다-last_blank","last_blank",1,1,"밍턴-last_blank","밍턴",1,0,0,1,"얻다","밍턴"
3,"전트","전트-last_blank","last_blank",1,1,"축소-last_blank","축소",1,0,0,1,"에이전트","에이축소"
495,"니어","니어-last_blank","last_blank",1,1,"빈스-last_blank","빈스",1,0,0,1,"엔지니어","엔지빈스"
133,"여기","여기-last_blank","last_blank",1,1,"가들-last_blank","가들",1,0,0,1,"여기","가들"
358,"여름","여름-last_blank","last_blank",1,1,"령에-last_blank","령에",1,0,0,1,"여름","령에"
621,"여우","여우-last_blank","last_blank",1,1,"리씨-last_blank","리씨",1,0,0,1,"여우","리씨"
940,"first_blank","first_blank-여자","여자",1,138,"first_blank-괜찮","괜찮",138,0,0,1,"여자 이름","괜찮 이름"
665,"역병","역병-last_blank","last_blank",1,1,"터와-last_blank","터와",1,0,0,1,"역병","터와"
599,"연구","연구-last_blank","last_blank",1,1,"브도-last_blank","브도",1,0,0,1,"연구","브도"
714,"연금","연금-last_blank","last_blank",1,1,"니로-last_blank","니로",1,0,0,1,"연금","니로"
275,"연기","연기-last_blank","last_blank",1,1,"타뇨-last_blank","타뇨",1,0,0,1,"연기","타뇨"
718,"연대","연대-last_blank","last_blank",1,1,"었음-last_blank","었음",1,0,0,1,"연대","었음"
510,"first_blank","first_blank-연락","연락",1,57,"first_blank-있다","있다",57,0,0,1,"연락하다","있다하다"
106,"first_blank","first_blank-연방","연방",1,9,"first_blank-멀어","멀어",9,0,0,1,"연방 정부","멀어 정부"
865,"연설","연설-last_blank","last_blank",1,1,"긴요-last_blank","긴요",1,0,0,1,"연설","긴요"
879,"first_blank","first_blank-연약","연약",1,3,"first_blank-뒷문","뒷문",3,0,0,1,"연약한","뒷문한"
551,"first_blank","first_blank-열","열",1,1,"first_blank-왕권","왕권",1,0,1,1,"열","왕권"
715,"열광","열광-last_blank","last_blank",1,1,"언즈-last_blank","언즈",1,0,0,1,"열광","언즈"
196,"first_blank","first_blank-열려","열려",1,11,"first_blank-저주","저주",11,0,0,1,"열려있는","저주있는"
197,"first_blank","first_blank-열리","열리",1,8,"first_blank-했으","했으",8,0,0,1,"열리는","했으는"
467,"열쇠","열쇠-last_blank","last_blank",1,1,"필에-last_blank","필에",1,0,0,1,"열쇠","필에"
325,"first_blank","first_blank-영어","영어",1,9,"first_blank-샌드","샌드",9,0,0,1,"영어","샌드"
135,"영웅","영웅-last_blank","last_blank",1,1,"데블-last_blank","데블",1,0,0,1,"영웅","데블"
98,"first_blank","first_blank-영원","영원",1,12,"first_blank-간다","간다",12,0,0,1,"영원한","간다한"
484,"영향","영향-last_blank","last_blank",1,1,"폼을-last_blank","폼을",1,0,0,1,"영향","폼을"
466,"영혼","영혼-last_blank","last_blank",1,1,"아져-last_blank","아져",1,0,0,1,"영혼","아져"
615,"영화","영화-last_blank","last_blank",1,2,"탄은-last_blank","탄은",2,0,0,1,"영화","탄은"
523,"first_blank","first_blank-예방","예방",1,4,"first_blank-달걀","달걀",4,0,0,1,"예방하다","달걀하다"
227,"예쁜","예쁜-last_blank","last_blank",1,1,"권도-last_blank","권도",1,0,0,1,"예쁜","권도"
913,"예산","예산-last_blank","last_blank",1,1,"동도-last_blank","동도",1,0,0,1,"예산","동도"
723,"first_blank","first_blank-예의","예의",1,9,"first_blank-직장","직장",9,0,0,1,"예의 바른","직장 바른"
676,"오늘","오늘-last_blank","last_blank",1,1,"낸건-last_blank","낸건",1,0,0,1,"오늘","낸건"
782,"first_blank","first_blank-오류","오류",1,3,"first_blank-안왔","안왔",3,0,0,1,"오류","안왔"
852,"가슴","가슴-last_blank","last_blank",1,1,"이년-last_blank","이년",1,0,0,1,"오르가슴","오르이년"
482,"first_blank","first_blank-오르","오르",1,11,"first_blank-현상","현상",11,0,0,1,"오르다","현상다"
251,"first_blank","first_blank-오른","오른",1,18,"first_blank-영국","영국",18,0,0,1,"오른쪽","영국쪽"
877,"오븐","오븐-last_blank","last_blank",1,1,"카락-last_blank","카락",1,0,0,1,"오븐","카락"
993,"first_blank","first_blank-오염","오염",1,3,"first_blank-약들","약들",3,0,0,1,"오염","약들"
201,"스트","스트-라","라",1,1,"열어-라","열어",1,0,0,1,"오케스트라","오케열어라"
49,"옷감","옷감-last_blank","last_blank",1,1,"플턴-last_blank","플턴",1,0,0,1,"옷감","플턴"
471,"와인","와인-last_blank","last_blank",1,2,"의야-last_blank","의야",2,0,0,1,"와인","의야"
75,"first_blank","first_blank-왕관","왕관",1,4,"first_blank-자물","자물",4,0,0,1,"왕관","자물"
255,"first_blank","first_blank-왕실","왕실",1,3,"first_blank-경치","경치",3,0,0,1,"왕실의","경치의"
945,"first_blank","first_blank-왕조","왕조",1,2,"first_blank-일방","일방",2,0,0,1,"왕조","일방"
334,"first_blank","first_blank-외과","외과",1,25,"first_blank-어렵","어렵",25,0,0,1,"외과 의사","어렵 의사"
721,"first_blank","first_blank-요가","요가",1,3,"first_blank-아사","아사",3,0,0,1,"요가","아사"
900,"first_blank","first_blank-요리","요리",1,19,"first_blank-놀랐","놀랐",19,0,0,1,"요리하다","놀랐하다"
489,"first_blank","first_blank-요법","요법",1,3,"first_blank-해버","해버",3,0,0,1,"요법","해버"
670,"first_blank","first_blank-요인","요인",1,2,"first_blank-린제","린제",2,0,0,1,"요인","린제"
83,"욕구","욕구-last_blank","last_blank",1,1,"놀즈-last_blank","놀즈",1,0,0,1,"욕구","놀즈"
509,"first_blank","first_blank-욕을","욕을",1,1,"first_blank-황실","황실",1,0,0,1,"욕을하다","황실하다"
88,"first_blank","first_blank-용","용",1,1,"first_blank-매인","매인",1,0,1,1,"용","매인"
808,"용기","용기-last_blank","last_blank",1,1,"보를-last_blank","보를",1,0,0,1,"용기","보를"
882,"용량","용량-last_blank","last_blank",1,1,"토늄-last_blank","토늄",1,0,0,1,"용량","토늄"
950,"first_blank","first_blank-용병","용병",1,4,"first_blank-허벅","허벅",4,0,0,1,"용병","허벅"
115,"용서","용서-last_blank","last_blank",1,1,"당초-last_blank","당초",1,0,0,1,"용서","당초"
114,"first_blank","first_blank-용서","용서",1,37,"first_blank-가야","가야",37,0,0,1,"용서하다","가야하다"
60,"우려","우려-last_blank","last_blank",1,1,"이닝-last_blank","이닝",1,0,0,1,"우려","이닝"
938,"first_blank","first_blank-우연","우연",1,13,"first_blank-생물","생물",13,0,0,1,"우연히","생물히"
172,"우유","우유-last_blank","last_blank",1,1,"채면-last_blank","채면",1,0,0,1,"우유","채면"
399,"우주","우주-last_blank","last_blank",1,1,"피아-last_blank","피아",1,0,0,1,"우주","피아"
675,"행사","행사-last_blank","last_blank",1,1,"느낄-last_blank","느낄",1,0,0,1,"우주 비행사","우주 비느낄"
162,"우편","우편-last_blank","last_blank",1,1,"기요-last_blank","기요",1,0,0,1,"우편","기요"
941,"우표","우표-last_blank","last_blank",1,1,"리할-last_blank","리할",1,0,0,1,"우표","리할"
870,"운동","운동-last_blank","last_blank",1,2,"스크-last_blank","스크",2,0,0,1,"운동","스크"
904,"운명","운명-last_blank","last_blank",1,1,"가엔-last_blank","가엔",1,0,0,1,"운명","가엔"
539,"운영","운영-last_blank","last_blank",1,1,"씨두-last_blank","씨두",1,0,0,1,"운영","씨두"
980,"first_blank","first_blank-운영","운영",1,15,"first_blank-음악","음악",15,0,0,1,"운영자","음악자"
761,"하다","하다-last_blank","last_blank",1,45,"ts-last_blank","ts",45,0,0,1,"운전하다","운전ts"
417,"first_blank","first_blank-웃다","웃다",1,1,"first_blank-멀찌","멀찌",1,0,0,1,"웃다","멀찌"
537,"first_blank","first_blank-워싱","워싱",1,9,"first_blank-마스","마스",9,0,0,1,"워싱턴","마스턴"
653,"first_blank","first_blank-원","원",1,1,"first_blank-샤도","샤도",1,0,1,1,"원","샤도"
203,"원래","원래-의","의",1,1,"이드-의","이드",1,0,0,1,"원래의","이드의"
813,"first_blank","first_blank-원숭","원숭",1,14,"first_blank-왔다","왔다",14,0,0,1,"원숭이","왔다이"
895,"first_blank","first_blank-원자","원자",1,5,"first_blank-볼수","볼수",5,0,0,1,"원자력","볼수력"
278,"first_blank","first_blank-원천","원천",1,1,"first_blank-나역","나역",1,0,0,1,"원천","나역"
464,"first_blank","first_blank-월","월",1,1,"first_blank-그마","그마",1,0,1,1,"월","그마"
458,"first_blank","first_blank-월요","월요",1,5,"first_blank-절도","절도",5,0,0,1,"월요일","절도일"
708,"first_blank","first_blank-웨이","웨이",1,10,"first_blank-비극","비극",10,0,0,1,"웨이터","비극터"
685,"first_blank","first_blank-위","위",1,1,"first_blank-안방","안방",1,0,1,1,"위","안방"
316,"first_blank","first_blank-위스","위스",1,8,"first_blank-애라","애라",8,0,0,1,"위스키","애라키"
787,"first_blank","first_blank-위엄","위엄",1,1,"first_blank-wz","wz",1,0,0,1,"위엄","wz"
342,"위험","위험-last_blank","last_blank",1,1,"크업-last_blank","크업",1,0,0,1,"위험","크업"
252,"first_blank","first_blank-위험","위험",1,54,"first_blank-ca","ca",54,0,0,1,"위험한","ca한"
444,"유리","유리-last_blank","last_blank",1,1,"로죠-last_blank","로죠",1,0,0,1,"유리","로죠"
39,"first_blank","first_blank-유명","유명",1,18,"first_blank-보기","보기",18,0,0,1,"유명 인사","보기 인사"
134,"유산","유산-last_blank","last_blank",1,2,"밍은-last_blank","밍은",2,0,0,1,"유산","밍은"
310,"first_blank","first_blank-유용","유용",1,3,"first_blank-눈깔","눈깔",3,0,0,1,"유용한","눈깔한"
986,"first_blank","first_blank-유행","유행",1,5,"first_blank-색이","색이",5,0,0,1,"유행의","색이의"
250,"first_blank","first_blank-율","율",1,1,"first_blank-없듯","없듯",1,0,1,1,"율","없듯"
24,"은행","은행-가","가",1,1,"버리-가","버리",1,0,0,1,"은행가","버리가"
25,"first_blank","first_blank-은행","은행",1,14,"first_blank-소문","소문",14,0,0,1,"은행업","소문업"
703,"음모","음모-last_blank","last_blank",1,1,"편과-last_blank","편과",1,0,0,1,"음모","편과"
797,"음식","음식-last_blank","last_blank",1,2,"투스-last_blank","투스",2,0,0,1,"음식","투스"
199,"의견","의견-last_blank","last_blank",1,1,"밍도-last_blank","밍도",1,0,0,1,"의견","밍도"
170,"의료","의료-last_blank","last_blank",1,1,"톤인-last_blank","톤인",1,0,0,1,"의료","톤인"
237,"의문","의문-last_blank","last_blank",1,1,"올렛-last_blank","올렛",1,0,0,1,"의문","올렛"
169,"의미","의미-last_blank","last_blank",1,1,"럽이-last_blank","럽이",1,0,0,1,"의미","럽이"
433,"의식","의식-last_blank","last_blank",1,2,"레어-last_blank","레어",2,0,0,1,"의식","레어"
86,"의심","의심-last_blank","last_blank",1,1,"로로-last_blank","로로",1,0,0,1,"의심","로로"
209,"의회","의회-last_blank","last_blank",1,1,"쳤나-last_blank","쳤나",1,0,0,1,"의회","쳤나"
176,"first_blank","first_blank-이동","이동",1,38,"first_blank-미국","미국",38,0,0,1,"이동하다","미국하다"
178,"이름","이름-last_blank","last_blank",1,1,"촌이-last_blank","촌이",1,0,0,1,"이름","촌이"
9,"이미","이미-last_blank","last_blank",1,2,"처에-last_blank","처에",2,0,0,1,"이미","처에"
364,"first_blank","first_blank-이상","이상",1,78,"first_blank-그랬","그랬",78,0,0,1,"이상적인","그랬적인"
240,"이유","이유-last_blank","last_blank",1,1,"마랑-last_blank","마랑",1,0,0,1,"이유","마랑"
566,"이익","이익-last_blank","last_blank",1,1,"슬을-last_blank","슬을",1,0,0,1,"이익","슬을"
343,"이혼","이혼-last_blank","last_blank",1,1,"꼬까-last_blank","꼬까",1,0,0,1,"이혼","꼬까"
14,"first_blank","first_blank-익명","익명",1,3,"first_blank-산장","산장",3,0,0,1,"익명의","산장의"
18,"first_blank","first_blank-인공","인공",1,5,"first_blank-붙였","붙였",5,0,0,1,"인공물","붙였물"
224,"first_blank","first_blank-인구","인구",1,4,"first_blank-데미","데미",4,0,0,1,"인구","데미"
483,"first_blank","first_blank-인기","인기",1,6,"first_blank-쓰겠","쓰겠",6,0,0,1,"인기있는","쓰겠있는"
658,"first_blank","first_blank-인내","인내",1,10,"first_blank-꼬리","꼬리",10,0,0,1,"인내심","꼬리심"
210,"심있","심있-는","는",1,1,"빼앗-는","빼앗",1,0,0,1,"인내심있는","인내빼앗는"
143,"인상","인상-last_blank","last_blank",1,1,"디쓰-last_blank","디쓰",1,0,0,1,"인상","디쓰"
988," 많"," 많-은","은",1,1,"구절-은","구절",1,0,0,1,"인정 많은","인정구절은"
241,"하다","하다-last_blank","last_blank",1,45,"들과-last_blank","들과",45,0,0,1,"인정하다","인정들과"
238,"first_blank","first_blank-인종","인종",1,5,"first_blank-ko","ko",5,0,0,1,"인종 차별 주의자","ko 차별 주의자"
493,"인질","인질-last_blank","last_blank",1,1,"엘과-last_blank","엘과",1,0,0,1,"인질","엘과"
741,"first_blank","first_blank-인터","인터",1,26,"first_blank-찾으","찾으",26,0,0,1,"인터넷","찾으넷"
652,"인형","인형-last_blank","last_blank",1,1,"환을-last_blank","환을",1,0,0,1,"인형","환을"
834,"first_blank","first_blank-일몰","일몰",1,1,"first_blank-비요","비요",1,0,0,1,"일몰","비요"
332,"일반","일반-last_blank","last_blank",1,1,"깝다-last_blank","깝다",1,0,0,1,"일반","깝다"
657,"일일","일일-last_blank","last_blank",1,1,"게가-last_blank","게가",1,0,0,1,"일일","게가"
328,"first_blank","first_blank-읽다","읽다",1,1,"first_blank-킹슬","킹슬",1,0,0,1,"읽다","킹슬"
545,"first_blank","first_blank-입","입",1,1,"first_blank-경황","경황",1,0,1,1,"입","경황"
96,"first_blank","first_blank-입력","입력",1,4,"first_blank-안달","안달",4,0,0,1,"입력하다","안달하다"
377,"있음","있음-last_blank","last_blank",1,1,"누스-last_blank","누스",1,0,0,1,"있음","누스"
392,"first_blank","first_blank-잊다","잊다",1,1,"first_blank-동아","동아",1,0,0,1,"잊다","동아"
161,"자극","자극-last_blank","last_blank",1,1,"レオ-last_blank","レオ",1,0,0,1,"자극","レオ"
233,"first_blank","first_blank-자랑","자랑",1,28,"first_blank-wo","wo",28,0,0,1,"자랑스러운","wo스러운"
335,"자매","자매-last_blank","last_blank",1,1,"꾼은-last_blank","꾼은",1,0,0,1,"자매","꾼은"
558,"first_blank","first_blank-자부","자부",1,3,"first_blank-숙이","숙이",3,0,0,1,"자부심","숙이심"
338,"자살","자살-last_blank","last_blank",1,1,"러씨-last_blank","러씨",1,0,0,1,"자살","러씨"
654,"first_blank","first_blank-자선","자선",1,4,"first_blank-성지","성지",4,0,0,1,"자선 단체","성지 단체"
937,"first_blank","first_blank-자연","자연",1,20,"first_blank-사장","사장",20,0,0,1,"자연스러운","사장스러운"
827,"사자","사자-last_blank","last_blank",1,1,"총독-last_blank","총독",1,0,0,1,"자원 봉사자","자원 봉총독"
513,"자유","자유-last_blank","last_blank",1,2,"렐라-last_blank","렐라",2,0,0,1,"자유","렐라"
716,"로이","로이-last_blank","last_blank",1,2,"pi-last_blank","pi",2,0,0,1,"자유로이","자유pi"
737,"first_blank","first_blank-자정","자정",1,5,"first_blank-묻히","묻히",5,0,0,1,"자정","묻히"
21,"first_blank","first_blank-자필","자필",1,1,"first_blank-미심","미심",1,0,0,1,"자필","미심"
20,"작가","작가-last_blank","last_blank",1,2,"장자-last_blank","장자",2,0,0,1,"작가","장자"
198,"작동","작동-하다","하다",1,1,"뚱뚱-하다","뚱뚱",1,0,0,1,"작동하다","뚱뚱하다"
748,"first_blank","first_blank-작업","작업",1,18,"first_blank-했을","했을",18,0,0,1,"작업장","했을장"
153,"first_blank","first_blank-작은","작은",1,3,"first_blank-평의","평의",3,0,0,1,"작은","평의"
668,"first_blank","first_blank-잔인","잔인",1,5,"first_blank-전자","전자",5,0,0,1,"잔인한 것","전자한 것"
585,"잘못","잘못-된","된",1,1,"그램-된","그램",1,0,0,1,"잘못된","그램된"
285,"first_blank","first_blank-잠수","잠수",1,9,"first_blank-스콧","스콧",9,0,0,1,"잠수함","스콧함"
649,"first_blank","first_blank-잠재","잠재",1,11,"first_blank-달렸","달렸",11,0,0,1,"잠재적 인","달렸적 인"
137,"first_blank","first_blank-잡고","잡고",1,2,"first_blank-노린","노린",2,0,0,1,"잡고있다","노린있다"
704,"잡담","잡담-last_blank","last_blank",1,1,"걸에-last_blank","걸에",1,0,0,1,"잡담","걸에"
42,"장관","장관-last_blank","last_blank",1,2,"타에-last_blank","타에",2,0,0,1,"장관","타에"
301,"장난","장난-last_blank","last_blank",1,1,"시러-last_blank","시러",1,0,0,1,"장난","시러"
812,"장비","장비-last_blank","last_blank",1,1,"툼을-last_blank","툼을",1,0,0,1,"장비","툼을"
217,"장소","장소-last_blank","last_blank",1,2,"스찬-last_blank","스찬",2,0,0,1,"장소","스찬"
851,"장애","장애-last_blank","last_blank",1,1,"뷰를-last_blank","뷰를",1,0,0,1,"장애","뷰를"
759,"first_blank","first_blank-장엄","장엄",1,2,"first_blank-방앗","방앗",2,0,0,1,"장엄한","방앗한"
232,"재산","재산-last_blank","last_blank",1,1,"오피-last_blank","오피",1,0,0,1,"재산","오피"
108,"재원","재원-last_blank","last_blank",1,1,"티니-last_blank","티니",1,0,0,1,"재원","티니"
985,"first_blank","first_blank-재정","재정",1,6,"first_blank-그전","그전",6,0,0,1,"재정적으로","그전적으로"
499,"first_blank","first_blank-재즈","재즈",1,3,"first_blank-않습","않습",3,0,0,1,"재즈","않습"
318,"first_blank","first_blank-재치","재치",1,4,"first_blank-에서","에서",4,0,0,1,"재치 있는","에서 있는"
966,"리즘","리즘-last_blank","last_blank",1,1,"우편-last_blank","우편",1,0,0,1,"저널리즘","저널우편"
588,"저녁","저녁-last_blank","last_blank",1,1,"티벌-last_blank","티벌",1,0,0,1,"저녁","티벌"
561,"저주","저주-last_blank","last_blank",1,1,"인다-last_blank","인다",1,0,0,1,"저주","인다"
825,"first_blank","first_blank-저항","저항",1,16,"first_blank-싸웠","싸웠",16,0,0,1,"저항","싸웠"
470,"first_blank","first_blank-적","적",1,1,"first_blank-이구","이구",1,0,1,1,"적","이구"
16,"first_blank","first_blank-적용","적용",1,8,"first_blank-맞이","맞이",8,0,0,1,"적용하다","맞이하다"
492,"전문","전문-가","가",1,1,"데우-가","데우",1,0,0,1,"전문가","데우가"
788,"first_blank","first_blank-전문","전문",1,39,"first_blank-제이","제이",39,0,0,1,"전문인","제이인"
457,"전보","전보-last_blank","last_blank",1,1,"햄씨-last_blank","햄씨",1,0,0,1,"전보","햄씨"
369,"전쟁","전쟁-last_blank","last_blank",1,2,"소타-last_blank","소타",2,0,0,1,"전쟁","소타"
54,"전투","전투-last_blank","last_blank",1,1,"엇은-last_blank","엇은",1,0,0,1,"전투","엇은"
616,"first_blank","first_blank-전형","전형",1,2,"first_blank-자문","자문",2,0,0,1,"전형적인","자문적인"
36,"전화","전화-last_blank","last_blank",1,3,"어질-last_blank","어질",3,0,0,1,"전화","어질"
521,"first_blank","first_blank-절","절",1,1,"first_blank-반밖","반밖",1,0,1,1,"절","반밖"
183,"절대","절대-last_blank","last_blank",1,1,"엘과-last_blank","엘과",1,0,0,1,"절대","엘과"
579,"first_blank","first_blank-정량","정량",1,1,"first_blank-개보","개보",1,0,0,1,"정량","개보"
755,"정맥","정맥-last_blank","last_blank",1,1,"블카-last_blank","블카",1,0,0,1,"정맥","블카"
774,"정부","정부-last_blank","last_blank",1,1,"치로-last_blank","치로",1,0,0,1,"정부","치로"
434,"first_blank","first_blank-정신","정신",1,46,"first_blank-돌려","돌려",46,0,0,1,"정신적 인","돌려적 인"
878,"제거","제거-하다","하다",1,1,"정당-하다","정당",1,0,0,1,"제거하다","정당하다"
294,"제삼","제삼-last_blank","last_blank",1,1,"카에-last_blank","카에",1,0,0,1,"제삼","카에"
912,"first_blank","first_blank-제안","제안",1,24,"first_blank-들으","들으",24,0,0,1,"제안하다","들으하다"
66,"제어","제어-last_blank","last_blank",1,1,"야와-last_blank","야와",1,0,0,1,"제어","야와"
617,"first_blank","first_blank-조사","조사",1,40,"first_blank-si","si",40,0,0,1,"조사관","si관"
100,"조사","조사-하다","하다",1,1,"죄송-하다","죄송",1,0,0,1,"조사하다","죄송하다"
806,"조언","조언-last_blank","last_blank",1,1,"큐를-last_blank","큐를",1,0,0,1,"조언","큐를"
469,"first_blank","first_blank-조용","조용",1,26,"first_blank-베이","베이",26,0,0,1,"조용한","베이한"
246,"존경","존경-last_blank","last_blank",1,1,"클과-last_blank","클과",1,0,0,1,"존경","클과"
2,"first_blank","first_blank-존경","존경",1,19,"first_blank-별로","별로",19,0,0,1,"존경하다","별로하다"
850," 증"," 증-서","서",1,1,"주에-서","주에",1,0,0,1,"졸업 증서","졸업주에서"
535,"좀비","좀비-last_blank","last_blank",1,1,"기할-last_blank","기할",1,0,0,1,"좀비","기할"
664,"first_blank","first_blank-좁은","좁은",1,1,"first_blank-우발","우발",1,0,0,1,"좁은","우발"
345,"종양","종양-last_blank","last_blank",1,1,"원생-last_blank","원생",1,0,0,1,"종양","원생"
633,"종이","종이-last_blank","last_blank",1,2,"어리-last_blank","어리",2,0,0,1,"종이","어리"
581,"first_blank","first_blank-좋은","좋은",1,27,"first_blank-없으","없으",27,0,0,1,"좋은","없으"
270,"first_blank","first_blank-죄","죄",1,1,"first_blank-혹자","혹자",1,0,1,1,"죄","혹자"
563,"first_blank","first_blank-주 ","주 ",1,1,"first_blank-끊은","끊은",1,0,0,1,"주 장관","끊은장관"
498,"주교","주교-last_blank","last_blank",1,1,"먼의-last_blank","먼의",1,0,0,1,"주교","먼의"
156,"주님","주님-last_blank","last_blank",1,1,"게든-last_blank","게든",1,0,0,1,"주님","게든"
802,"주목","주목-last_blank","last_blank",1,1,"답고-last_blank","답고",1,0,0,1,"주목","답고"
79,"죽음","죽음-last_blank","last_blank",1,1,"게를-last_blank","게를",1,0,0,1,"죽음","게를"
226,"준비","준비-last_blank","last_blank",1,3,"스티-last_blank","스티",3,0,0,1,"준비","스티"
389,"가 ","가 -된","된",1,1,"수배-된","수배",1,0,0,1,"준비가 된","준비수배된"
848,"학년","학년-last_blank","last_blank",1,1,"읽는-last_blank","읽는",1,0,0,1,"중고등 학년","중고등 읽는"
361,"중사","중사-last_blank","last_blank",1,1,"탈의-last_blank","탈의",1,0,0,1,"중사","탈의"
491,"first_blank","first_blank-쥐","쥐",1,1,"first_blank-臾댁","臾댁",1,0,1,1,"쥐","臾댁"
893,"first_blank","first_blank-즐겁","즐겁",1,4,"first_blank-루카","루카",4,0,0,1,"즐겁게 하다","루카게 하다"
565,"first_blank","first_blank-증가","증가",1,5,"first_blank-은신","은신",5,0,0,1,"증가하다","은신하다"
799,"증거","증거-last_blank","last_blank",1,1,"렀지-last_blank","렀지",1,0,0,1,"증거","렀지"
473,"증인","증인-last_blank","last_blank",1,1,"절한-last_blank","절한",1,0,0,1,"증인","절한"
190,"지금","지금-last_blank","last_blank",1,2,"티에-last_blank","티에",2,0,0,1,"지금","티에"
333,"지사","지사-last_blank","last_blank",1,1,"구불-last_blank","구불",1,0,0,1,"지사","구불"
630,"지역","지역-last_blank","last_blank",1,1,"렐은-last_blank","렐은",1,0,0,1,"지역","렐은"
681,"first_blank","first_blank-지원","지원",1,33,"first_blank-나아","나아",33,0,0,1,"지원하다","나아하다"
91,"first_blank","first_blank-지진","지진",1,6,"first_blank-듣겠","듣겠",6,0,0,1,"지진","듣겠"
147,"first_blank","first_blank-지프","지프",1,1,"first_blank-깍쟁","깍쟁",1,0,0,1,"지프","깍쟁"
611,"first_blank","first_blank-직무","직무",1,1,"first_blank-넘도","넘도",1,0,0,1,"직무","넘도"
475,"직업","직업-last_blank","last_blank",1,1,"도에-last_blank","도에",1,0,0,1,"직업","도에"
485,"직접","직접-last_blank","last_blank",1,1,"쉬엄-last_blank","쉬엄",1,0,0,1,"직접","쉬엄"
302,"진실","진실-last_blank","last_blank",1,1,"랖이-last_blank","랖이",1,0,0,1,"진실","랖이"
230,"first_blank","first_blank-진전","진전",1,4,"first_blank-필라","필라",4,0,0,1,"진전","필라"
775,"진행","진행-하다","하다",1,1,"용감-하다","용감",1,0,0,1,"진행하다","용감하다"
926,"진화","진화-last_blank","last_blank",1,1,"빗이-last_blank","빗이",1,0,0,1,"진화","빗이"
696,"진흙","진흙-last_blank","last_blank",1,1,"락만-last_blank","락만",1,0,0,1,"진흙","락만"
625,"first_blank","first_blank-질","질",1,1,"first_blank-칼텍","칼텍",1,0,1,1,"질","칼텍"
554,"first_blank","first_blank-질투","질투",1,17,"first_blank-숨어","숨어",17,0,0,1,"질투하는","숨어하는"
869,"first_blank","first_blank-짐","짐",1,1,"first_blank-각지","각지",1,0,1,1,"짐","각지"
27,"짐승","짐승-last_blank","last_blank",1,1,"oa-last_blank","oa",1,0,0,1,"짐승","oa"
582,"first_blank","first_blank-집","집",1,1,"first_blank-썩었","썩었",1,0,1,1,"집","썩었"
516,"first_blank","first_blank-집중","집중",1,32,"first_blank-기회","기회",32,0,0,1,"집중하다","기회하다"
287,"징후","징후-last_blank","last_blank",1,1,"yn-last_blank","yn",1,0,0,1,"징후","yn"
394,"first_blank","first_blank-짧은","짧은",1,1,"first_blank-송두","송두",1,0,0,1,"짧은","송두"
349,"차량","차량-last_blank","last_blank",1,1,"이팬-last_blank","이팬",1,0,0,1,"차량","이팬"
568,"착륙","착륙-last_blank","last_blank",1,1,"네티-last_blank","네티",1,0,0,1,"착륙","네티"
149,"착륙","착륙-하다","하다",1,1,"지긋-하다","지긋",1,0,0,1,"착륙하다","지긋하다"
949,"참치","참치-last_blank","last_blank",1,1,"터만-last_blank","터만",1,0,0,1,"참치","터만"
396,"창문","창문-last_blank","last_blank",1,1,"까운-last_blank","까운",1,0,0,1,"창문","까운"
73,"창조","창조-last_blank","last_blank",1,1,"리실-last_blank","리실",1,0,0,1,"창조","리실"
955,"first_blank","first_blank-채가","채가",1,1,"first_blank-크죠","크죠",1,0,0,1,"채가다","크죠다"
44,"채널","채널-last_blank","last_blank",1,1,"리째-last_blank","리째",1,0,0,1,"채널","리째"
864,"책상","책상-last_blank","last_blank",1,1,"무트-last_blank","무트",1,0,0,1,"책상","무트"
247,"책임","책임-last_blank","last_blank",1,1,"든의-last_blank","든의",1,0,0,1,"책임","든의"
41,"first_blank","first_blank-챔피","챔피",1,9,"first_blank-끌려","끌려",9,0,0,1,"챔피언","끌려언"
994,"척추","척추-last_blank","last_blank",1,1,"나려-last_blank","나려",1,0,0,1,"척추","나려"
605,"first_blank","first_blank-천","천",1,1,"first_blank-요제","요제",1,0,1,1,"천","요제"
13,"천사","천사-last_blank","last_blank",1,1,"라모-last_blank","라모",1,0,0,1,"천사","라모"
118,"천재","천재-last_blank","last_blank",1,1,"루지-last_blank","루지",1,0,0,1,"천재","루지"
647,"first_blank","first_blank-천천","천천",1,2,"first_blank-왔냐","왔냐",2,0,0,1,"천천히","왔냐히"
350,"first_blank","first_blank-철","철",1,1,"first_blank-폴터","폴터",1,0,1,1,"철","폴터"
213,"철학","철학-last_blank","last_blank",1,1,"sp-last_blank","sp",1,0,0,1,"철학","sp"
110,"first_blank","first_blank-첫 ","첫 ",1,1,"first_blank-빨대","빨대",1,0,0,1,"첫 번째","빨대번째"
562,"first_blank","first_blank-청소","청소",1,17,"first_blank-떠올","떠올",17,0,0,1,"청소년","떠올년"
650,"체인","체인-last_blank","last_blank",1,1,"은의-last_blank","은의",1,0,0,1,"체인","은의"
263,"first_blank","first_blank-초","초",1,1,"first_blank-짜여","짜여",1,0,1,1,"초","짜여"
125,"초록","초록-last_blank","last_blank",1,1,"식날-last_blank","식날",1,0,0,1,"초록","식날"
688,"총","총-last_blank","last_blank",1,2,"습이-last_blank","습이",2,0,1,1,"총","습이"
385,"first_blank","first_blank-최저","최저",1,1,"first_blank-으르","으르",1,0,0,1,"최저한의","으르한의"
948,"first_blank","first_blank-추가","추가",1,13,"first_blank-ag","ag",13,0,0,1,"추가의","ag의"
62,"first_blank","first_blank-축하","축하",1,26,"first_blank-대학","대학",26,0,0,1,"축하해","대학해"
525,"출구","출구-last_blank","last_blank",1,1,"운의-last_blank","운의",1,0,0,1,"출구","운의"
29,"출생","출생-last_blank","last_blank",1,1,"긴요-last_blank","긴요",1,0,0,1,"출생","긴요"
383,"사람","사람-last_blank","last_blank",1,4,"했대-last_blank","했대",4,0,0,1,"춤추는 사람","춤추는 했대"
95,"충분","충분-한","한",1,1,"르르-한","르르",1,0,0,1,"충분한","르르한"
107,"충실","충실-도","도",1,1,"이어-도","이어",1,0,0,1,"충실도","이어도"
613,"first_blank","first_blank-충실","충실",1,5,"first_blank-허큘","허큘",5,0,0,1,"충실한","허큘한"
159,"first_blank","first_blank-충의","충의",1,1,"first_blank-탕수","탕수",1,0,0,1,"충의","탕수"
887,"취미","취미-last_blank","last_blank",1,1,"스인-last_blank","스인",1,0,0,1,"취미","스인"
839,"first_blank","first_blank-층","층",1,1,"first_blank-로밀","로밀",1,0,1,1,"층","로밀"
620,"치마","치마-last_blank","last_blank",1,1,"작이-last_blank","작이",1,0,0,1,"치마","작이"
876,"first_blank","first_blank-치명","치명",1,8,"first_blank-주님","주님",8,0,0,1,"치명적인","주님적인"
534,"침입","침입-last_blank","last_blank",1,2,"다며-last_blank","다며",2,0,0,1,"침입","다며"
45,"first_blank","first_blank-칩","칩",1,1,"first_blank-얻겠","얻겠",1,0,1,1,"칩","얻겠"
667,"칭찬","칭찬-last_blank","last_blank",1,1,"뛰르-last_blank","뛰르",1,0,0,1,"칭찬","뛰르"
595,"first_blank","first_blank-카메","카메",1,20,"first_blank-이식","이식",20,0,0,1,"카메라","이식라"
418,"first_blank","first_blank-캐릭","캐릭",1,7,"first_blank-사물","사물",7,0,0,1,"캐릭터","사물터"
769,"first_blank","first_blank-캠프","캠프",1,9,"first_blank-먹겠","먹겠",9,0,0,1,"캠프","먹겠"
847,"캡슐","캡슐-last_blank","last_blank",1,1,"려나-last_blank","려나",1,0,0,1,"캡슐","려나"
476,"first_blank","first_blank-컵","컵",1,1,"first_blank-리부","리부",1,0,1,1,"컵","리부"
531,"first_blank","first_blank-케이","케이",1,55,"first_blank-있으","있으",55,0,0,1,"케이블","있으블"
943,"first_blank","first_blank-케첩","케첩",1,1,"first_blank-성칠","성칠",1,0,0,1,"케첩","성칠"
51,"코치","코치-last_blank","last_blank",1,1,"아노-last_blank","아노",1,0,0,1,"코치","아노"
351,"first_blank","first_blank-코카","코카",1,5,"first_blank-진리","진리",5,0,0,1,"코카인","진리인"
575,"first_blank","first_blank-콘크","콘크",1,1,"first_blank-광명","광명",1,0,0,1,"콘크리트","광명리트"
700,"first_blank","first_blank-콤비","콤비",1,1,"first_blank-회부","회부",1,0,0,1,"콤비네이션","회부네이션"
330,"퀸","퀸-last_blank","last_blank",1,1,"잖은-last_blank","잖은",1,0,1,1,"퀸","잖은"
272,"크기","크기-last_blank","last_blank",1,1,"막도-last_blank","막도",1,0,0,1,"크기","막도"
46,"first_blank","first_blank-크리","크리",1,79,"first_blank-떠나","떠나",79,0,0,1,"크리스마스","떠나스마스"
71,"크림","크림-last_blank","last_blank",1,1,"움과-last_blank","움과",1,0,0,1,"크림","움과"
583,"first_blank","first_blank-큰","큰",1,1,"first_blank-섬입","섬입",1,0,1,1,"큰","섬입"
511,"클럽","클럽-last_blank","last_blank",1,1,"는디-last_blank","는디",1,0,0,1,"클럽","는디"
465,"키스","키스-last_blank","last_blank",1,1,"살렘-last_blank","살렘",1,0,0,1,"키스","살렘"
757,"first_blank","first_blank-킬로","킬로",1,1,"first_blank-펨토","펨토",1,0,0,1,"킬로","펨토"
406,"미터","미터-last_blank","last_blank",1,1,"알마-last_blank","알마",1,0,0,1,"킬로미터","킬로알마"
567,"타투","타투-last_blank","last_blank",1,1,"탈에-last_blank","탈에",1,0,0,1,"타투","탈에"
891,"first_blank","first_blank-탄소","탄소",1,1,"first_blank-움보","움보",1,0,0,1,"탄소","움보"
527,"first_blank","first_blank-탑","탑",1,1,"first_blank-몸으","몸으",1,0,1,1,"탑","몸으"
754,"first_blank","first_blank-태블","태블",1,4,"first_blank-깊이","깊이",4,0,0,1,"태블릿","깊이릿"
855,"first_blank","first_blank-태평","태평",1,4,"first_blank-본거","본거",4,0,0,1,"태평양","본거양"
289,"택시","택시-last_blank","last_blank",1,1,"겠고-last_blank","겠고",1,0,0,1,"택시","겠고"
288,"탱크","탱크-last_blank","last_blank",1,1,"안느-last_blank","안느",1,0,0,1,"탱크","안느"
826,"first_blank","first_blank-터지","터지",1,9,"first_blank-말들","말들",9,0,0,1,"터지다","말들다"
413,"first_blank","first_blank-테이","테이",1,25,"first_blank-프랑","프랑",25,0,0,1,"테이블","프랑블"
291,"first_blank","first_blank-텍스","텍스",1,6,"first_blank-명성","명성",6,0,0,1,"텍스트","명성트"
299,"먼트","먼트-last_blank","last_blank",1,1,"오스-last_blank","오스",1,0,0,1,"토너먼트","토너오스"
295,"first_blank","first_blank-토스","토스",1,4,"first_blank-좆까","좆까",4,0,0,1,"토스트","좆까트"
259,"first_blank","first_blank-토요","토요",1,5,"first_blank-완수","완수",5,0,0,1,"토요일","완수일"
975,"first_blank","first_blank-투기","투기",1,1,"first_blank-돈보","돈보",1,0,0,1,"투기장","돈보장"
300,"일러","일러-last_blank","last_blank",1,4,"드야-last_blank","드야",4,0,0,1,"트레일러","트레드야"
784,"first_blank","first_blank-트로","트로",1,5,"first_blank-오십","오십",5,0,0,1,"트로피","오십피"
705,"first_blank","first_blank-특권","특권",1,4,"first_blank-역겨","역겨",4,0,0,1,"특권","역겨"
461,"first_blank","first_blank-특별","특별",1,22,"first_blank-언니","언니",22,0,0,1,"특별한","언니한"
403,"first_blank","first_blank-특이","특이",1,6,"first_blank-채찍","채찍",6,0,0,1,"특이한","채찍한"
555,"티켓","티켓-last_blank","last_blank",1,1,"엣이-last_blank","엣이",1,0,0,1,"티켓","엣이"
644,"first_blank","first_blank-파기","파기",1,1,"first_blank-술먹","술먹",1,0,0,1,"파기","술먹"
758,"first_blank","first_blank-파는","파는",1,6,"first_blank-il","il",6,0,0,1,"파는 사람","il 사람"
207,"first_blank","first_blank-파라","파라",1,6,"first_blank-심심","심심",6,0,0,1,"파라다이스","심심다이스"
429,"first_blank","first_blank-파운","파운",1,7,"first_blank-화면","화면",7,0,0,1,"파운드","화면드"
474,"파일","파일-last_blank","last_blank",1,1,"었대-last_blank","었대",1,0,0,1,"파일","었대"
892,"파편","파편-last_blank","last_blank",1,1,"켜줘-last_blank","켜줘",1,0,0,1,"파편","켜줘"
933,"판막","판막-last_blank","last_blank",1,1,"시즘-last_blank","시즘",1,0,0,1,"판막","시즘"
974,"first_blank","first_blank-패널","패널",1,3,"first_blank-뒤통","뒤통",3,0,0,1,"패널티","뒤통티"
875,"펌프","펌프-last_blank","last_blank",1,1,"쥴이-last_blank","쥴이",1,0,0,1,"펌프","쥴이"
206,"first_blank","first_blank-페인","페인",1,8,"first_blank-올림","올림",8,0,0,1,"페인트","올림트"
55,"편안","편안-last_blank","last_blank",1,1,"네를-last_blank","네를",1,0,0,1,"편안","네를"
202,"first_blank","first_blank-평범","평범",1,8,"first_blank-되시","되시",8,0,0,1,"평범한","되시한"
707,"first_blank","first_blank-포르","포르",1,9,"first_blank-작정","작정",9,0,0,1,"포르노","작정노"
553,"first_blank","first_blank-포켓","포켓",1,1,"first_blank-반드","반드",1,0,0,1,"포켓","반드"
65,"first_blank","first_blank-포함","포함",1,15,"first_blank-어쨌","어쨌",15,0,0,1,"포함하다","어쨌하다"
359,"폭탄","폭탄-last_blank","last_blank",1,1,"n을-last_blank","n을",1,0,0,1,"폭탄","n을"
861,"푸시","푸시-last_blank","last_blank",1,1,"ib-last_blank","ib",1,0,0,1,"푸시","ib"
80,"first_blank","first_blank-품위","품위",1,4,"first_blank-막혔","막혔",4,0,0,1,"품위있는","막혔있는"
421,"세스","세스-last_blank","last_blank",1,2,"릭이-last_blank","릭이",2,0,0,1,"프로세스","프로릭이"
231,"젝트","젝트-last_blank","last_blank",1,1,"계급-last_blank","계급",1,0,0,1,"프로젝트","프로계급"
529,"first_blank","first_blank-프로","프로",1,65,"first_blank-힘들","힘들",65,0,0,1,"프로필","힘들필"
744,"first_blank","first_blank-플랫","플랫",1,8,"first_blank-카르","카르",8,0,0,1,"플랫폼","카르폼"
436,"first_blank","first_blank-플레","플레",1,6,"first_blank-해커","해커",6,0,0,1,"플레이","해커이"
542,"first_blank","first_blank-피","피",1,1,"first_blank-비통","비통",1,0,1,1,"피","비통"
463,"first_blank","first_blank-피곤","피곤",1,23,"first_blank-다녀","다녀",23,0,0,1,"피곤한","다녀한"
753,"피난","피난-last_blank","last_blank",1,1,"던것-last_blank","던것",1,0,0,1,"피난","던것"
842,"미드","미드-last_blank","last_blank",1,2,"신일-last_blank","신일",2,0,0,1,"피라미드","피라신일"
801,"피부","피부-last_blank","last_blank",1,1,"세가-last_blank","세가",1,0,0,1,"피부","세가"
451,"first_blank","first_blank-피아","피아",1,8,"first_blank-부엌","부엌",8,0,0,1,"피아노","부엌노"
215,"first_blank","first_blank-피크","피크",1,2,"first_blank-나폴","나폴",2,0,0,1,"피크닉","나폴닉"
800,"first_blank","first_blank-피해","피해",1,29,"first_blank-짓이","짓이",29,0,0,1,"피해자","짓이자"
181,"필요","필요-한","한",1,1,"르르-한","르르",1,0,0,1,"필요한","르르한"
894,"first_blank","first_blank-핑","핑",1,1,"first_blank-탐내","탐내",1,0,1,1,"핑","탐내"
195,"하나","하나-last_blank","last_blank",1,14,"더니-last_blank","더니",14,0,0,1,"하나","더니"
271,"하나","하나-의","의",1,1,"아티-의","아티",1,0,0,1,"하나의","아티의"
121,"first_blank","first_blank-하느","하느",1,17,"first_blank-맞는","맞는",17,0,0,1,"하느님","맞는님"
273,"하늘","하늘-last_blank","last_blank",1,1,"터면-last_blank","터면",1,0,0,1,"하늘","터면"
90,"first_blank","first_blank-하락","하락",1,1,"first_blank-쏩니","쏩니",1,0,0,1,"하락","쏩니"
322,"first_blank","first_blank-하얀","하얀",1,2,"first_blank-남김","남김",2,0,0,1,"하얀색","남김색"
337,"학생","학생-last_blank","last_blank",1,2,"퍼드-last_blank","퍼드",2,0,0,1,"학생","퍼드"
751,"first_blank","first_blank-학장","학장",1,1,"first_blank-열여","열여",1,0,0,1,"학장","열여"
601,"first_blank","first_blank-한 ","한 ",1,1,"first_blank-응접","응접",1,0,0,1,"한 떼","응접떼"
969,"first_blank","first_blank-할 ","할 ",1,1,"first_blank-풀지","풀지",1,0,0,1,"할 수 없음","풀지수 없음"
423,"버지","버지-last_blank","last_blank",1,1,"철로-last_blank","철로",1,0,0,1,"할아버지","할아철로"
261,"first_blank","first_blank-할퀴","할퀴",1,1,"first_blank-쓰진","쓰진",1,0,0,1,"할퀴다","쓰진다"
885,"first_blank","first_blank-합집","합집",1,1,"first_blank-있질","있질",1,0,0,1,"합집합","있질합"
829,"first_blank","first_blank-항의","항의",1,1,"first_blank-걔한","걔한",1,0,0,1,"항의","걔한"
946,"항해","항해-last_blank","last_blank",1,1,"잇과-last_blank","잇과",1,0,0,1,"항해","잇과"
990,"해군","해군-last_blank","last_blank",1,1,"톤에-last_blank","톤에",1,0,0,1,"해군","톤에"
15,"first_blank","first_blank-해독","해독",1,9,"first_blank-버튼","버튼",9,0,0,1,"해독제","버튼제"
805,"해변","해변-last_blank","last_blank",1,1,"i다-last_blank","i다",1,0,0,1,"해변","i다"
967,"해부","해부-last_blank","last_blank",1,1,"슬을-last_blank","슬을",1,0,0,1,"해부","슬을"
622,"해적","해적-last_blank","last_blank",1,1,"늬가-last_blank","늬가",1,0,0,1,"해적","늬가"
218,"행성","행성-last_blank","last_blank",1,1,"철은-last_blank","철은",1,0,0,1,"행성","철은"
684,"허가","허가-last_blank","last_blank",1,1,"우랜-last_blank","우랜",1,0,0,1,"허가","우랜"
942,"케인","케인-last_blank","last_blank",1,2,"탄은-last_blank","탄은",2,0,0,1,"허리케인","허리탄은"
7,"first_blank","first_blank-허용","허용",1,5,"first_blank-커버","커버",5,0,0,1,"허용하다","커버하다"
573,"헬멧","헬멧-last_blank","last_blank",1,1,"비한-last_blank","비한",1,0,0,1,"헬멧","비한"
636,"현금","현금-last_blank","last_blank",1,1,"레기-last_blank","레기",1,0,0,1,"현금","레기"
175,"현대","현대-의","의",1,1,"스트-의","스트",1,0,0,1,"현대의","스트의"
212,"현상","현상-last_blank","last_blank",1,1,"부절-last_blank","부절",1,0,0,1,"현상","부절"
479,"현실","현실-last_blank","last_blank",1,2,"숭이-last_blank","숭이",2,0,0,1,"현실","숭이"
76,"first_blank","first_blank-현재","현재",1,13,"first_blank-회의","회의",13,0,0,1,"현재의","회의의"
116,"형태","형태-last_blank","last_blank",1,1,"vy-last_blank","vy",1,0,0,1,"형태","vy"
793,"first_blank","first_blank-호르","호르",1,4,"first_blank-저년","저년",4,0,0,1,"호르몬","저년몬"
820,"호위","호위-last_blank","last_blank",1,1,"늬가-last_blank","늬가",1,0,0,1,"호위","늬가"
341,"호텔","호텔-last_blank","last_blank",1,1,"챘죠-last_blank","챘죠",1,0,0,1,"호텔","챘죠"
452,"혼돈","혼돈-last_blank","last_blank",1,1,"함의-last_blank","함의",1,0,0,1,"혼돈","함의"
8,"홀로","홀로-last_blank","last_blank",1,2,"브랑-last_blank","브랑",2,0,0,1,"홀로","브랑"
690,"first_blank","first_blank-화","화",1,1,"first_blank-와쳐","와쳐",1,0,1,1,"화","와쳐"
262,"화면","화면-last_blank","last_blank",1,1,"르랑-last_blank","르랑",1,0,0,1,"화면","르랑"
166,"화성","화성-last_blank","last_blank",1,1,"온증-last_blank","온증",1,0,0,1,"화성","온증"
944,"first_blank","first_blank-화약","화약",1,2,"first_blank-오잖","오잖",2,0,0,1,"화약","오잖"
297,"first_blank","first_blank-화장","화장",1,21,"first_blank-출신","출신",21,0,0,1,"화장실","출신실"
626,"화학","화학-last_blank","last_blank",1,1,"위원-last_blank","위원",1,0,0,1,"화학","위원"
627,"first_blank","first_blank-화학","화학",1,11,"first_blank-안내","안내",11,0,0,1,"화학적 인","안내적 인"
386,"확인","확인-last_blank","last_blank",1,2,"질까-last_blank","질까",2,0,0,1,"확인","질까"
857,"하다","하다-last_blank","last_blank",1,45,"거나-last_blank","거나",45,0,0,1,"확인하다","확인거나"
142,"환각","환각-last_blank","last_blank",1,1,"다란-last_blank","다란",1,0,0,1,"환각","다란"
693,"환경","환경-last_blank","last_blank",1,1,"실좀-last_blank","실좀",1,0,0,1,"환경","실좀"
749,"first_blank","first_blank-환대","환대",1,3,"first_blank-휘트","휘트",3,0,0,1,"환대","휘트"
430,"first_blank","first_blank-활동","활동",1,9,"first_blank-셔츠","셔츠",9,0,0,1,"활동적인","셔츠적인"
612,"first_blank","first_blank-회로","회로",1,3,"first_blank-산더","산더",3,0,0,1,"회로망","산더망"
438,"회사","회사-last_blank","last_blank",1,3,"ws-last_blank","ws",3,0,0,1,"회사","ws"
480,"first_blank","first_blank-회원","회원",1,3,"first_blank-총구","총구",3,0,0,1,"회원","총구"
382,"first_blank","first_blank-회의","회의",1,13,"first_blank-곤란","곤란",13,0,0,1,"회의","곤란"
305,"first_blank","first_blank-회전","회전",1,5,"first_blank-도덕","도덕",5,0,0,1,"회전하다","도덕하다"
874,"first_blank","first_blank-후보","후보",1,9,"first_blank-로비","로비",9,0,0,1,"후보자","로비자"
101,"훌륭","훌륭-한","한",1,1,"숙고-한","숙고",1,0,0,1,"훌륭한","숙고한"
280,"first_blank","first_blank-훔치","훔치",1,13,"first_blank-잠깐","잠깐",13,0,0,1,"훔치다","잠깐다"
574,"first_blank","first_blank-훔침","훔침",1,1,"first_blank-껄끄","껄끄",1,0,0,1,"훔침","껄끄"
139,"희망","희망-last_blank","last_blank",1,1,"잎에-last_blank","잎에",1,0,0,1,"희망","잎에"
282,"first_blank","first_blank-힘","힘",1,1,"first_blank-군다","군다",1,0,1,1,"힘","군다"
634,"힘든","힘든-last_blank","last_blank",1,1,"령이-last_blank","령이",1,0,0,1,"힘든","령이"
