"word_id","first","original_pair","second","syll","original_freq","replacement_pair","replacement_syll","replacement_freq","freq_diff","char_diff","letter_diff","original_word","replacement_word"
35,"first_blank","first_blank-~ ","~ ",1,1,"first_blank-별생","별생",1,0,0,1,"~ 할 것 같은","별생할 것 같은"
348,"first_blank","first_blank-~에","~에",1,1,"first_blank-커요","커요",1,0,0,1,"~에 대한","커요 대한"
291,"first_blank","first_blank-~하","~하",1,1,"first_blank-말타","말타",1,0,0,1,"~하다","말타다"
368,"first_blank","first_blank-10","10",1,1,"first_blank-펴요","펴요",1,0,0,1,"10 억","펴요 억"
548,"first_blank","first_blank-12","12",1,1,"first_blank-볼을","볼을",1,0,0,1,"12 월","볼을 월"
247,"first_blank","first_blank-4","4",1,1,"first_blank-매몰","매몰",1,0,1,1,"4","매몰"
350," 1"," 1-last_blank","last_blank",1,1,"첩보-last_blank","첩보",1,0,0,1,"4 분의 1","4 분의첩보"
9,"first_blank","first_blank-가게","가게",1,13,"first_blank-ag","ag",13,0,0,1,"가게","ag"
28,"가격","가격-last_blank","last_blank",1,1,"랄드-last_blank","랄드",1,0,0,1,"가격","랄드"
12,"first_blank","first_blank-가능","가능",1,47,"first_blank-지내","지내",47,0,0,1,"가능성","지내성"
713,"가다","가다-last_blank","last_blank",1,2,"pi-last_blank","pi",2,0,0,1,"가다","pi"
419,"first_blank","first_blank-가득","가득",1,17,"first_blank-로마","로마",17,0,0,1,"가득한","로마한"
366,"치다","치다-last_blank","last_blank",1,1,"악은-last_blank","악은",1,0,0,1,"가르치다","가르악은"
451,"가방","가방-last_blank","last_blank",1,2,"활에-last_blank","활에",2,0,0,1,"가방","활에"
665,"가슴","가슴-last_blank","last_blank",1,1,"막일-last_blank","막일",1,0,0,1,"가슴","막일"
399,"first_blank","first_blank-가을","가을",1,4,"first_blank-스나","스나",4,0,0,1,"가을","스나"
554,"가족","가족-last_blank","last_blank",1,1,"쳐준-last_blank","쳐준",1,0,0,1,"가족","쳐준"
552,"first_blank","first_blank-가치","가치",1,14,"first_blank-파악","파악",14,0,0,1,"가치 없는","파악 없는"
3," 있"," 있-는","는",1,1,"로즈-는","로즈",1,0,0,1,"가치 있는","가치로즈는"
538,"first_blank","first_blank-간","간",1,1,"first_blank-페랄","페랄",1,0,1,1,"간","페랄"
118,"first_blank","first_blank-갈증","갈증",1,1,"first_blank-됬잖","됬잖",1,0,0,1,"갈증","됬잖"
457,"감독","감독-last_blank","last_blank",1,2,"니랑-last_blank","니랑",2,0,0,1,"감독","니랑"
66,"first_blank","first_blank-감사","감사",1,45,"first_blank-fa","fa",45,0,0,1,"감사하다","fa하다"
976,"감시","감시- 장"," 장",1,1,"감시-망에","망에",1,0,0,1,"감시 장치","감시망에치"
593,"유행","유행-last_blank","last_blank",1,1,"정의-last_blank","정의",1,0,0,1,"감염병 유행","감염병 정의"
482,"감옥","감옥-last_blank","last_blank",1,1,"티벌-last_blank","티벌",1,0,0,1,"감옥","티벌"
700,"감정","감정-last_blank","last_blank",1,1,"빙글-last_blank","빙글",1,0,0,1,"감정","빙글"
767,"first_blank","first_blank-감정","감정",1,25,"first_blank-충분","충분",25,0,0,1,"감정적 인","충분적 인"
796,"first_blank","first_blank-감탄","감탄",1,2,"first_blank-점들","점들",2,0,0,1,"감탄시키다","점들시키다"
364,"first_blank","first_blank-갑옷","갑옷",1,3,"first_blank-자발","자발",3,0,0,1,"갑옷","자발"
467,"first_blank","first_blank-갑판","갑판",1,5,"first_blank-쉬웠","쉬웠",5,0,0,1,"갑판","쉬웠"
29,"first_blank","first_blank-값이","값이",1,2,"first_blank-연희","연희",2,0,0,1,"값이 싼","연희 싼"
996,"first_blank","first_blank-강도","강도",1,10,"first_blank-오겠","오겠",10,0,0,1,"강도","오겠"
481,"강의","강의-last_blank","last_blank",1,1,"긴요-last_blank","긴요",1,0,0,1,"강의","긴요"
874,"강철","강철-last_blank","last_blank",1,1,"시상-last_blank","시상",1,0,0,1,"강철","시상"
204,"first_blank","first_blank-강하","강하",1,9,"first_blank-해내","해내",9,0,0,1,"강하게","해내게"
740,"주다","주다-last_blank","last_blank",1,1,"첼의-last_blank","첼의",1,0,0,1,"갖추어 주다","갖추어 첼의"
371,"개미","개미-last_blank","last_blank",1,1,"장창-last_blank","장창",1,0,0,1,"개미","장창"
812,"개발","개발-last_blank","last_blank",1,2,"먼을-last_blank","먼을",2,0,0,1,"개발","먼을"
379,"개선","개선-last_blank","last_blank",1,1,"크업-last_blank","크업",1,0,0,1,"개선","크업"
432,"개인","개인-last_blank","last_blank",1,1,"넌이-last_blank","넌이",1,0,0,1,"개인","넌이"
589,"거기","거기-last_blank","last_blank",1,1,"비실-last_blank","비실",1,0,0,1,"거기","비실"
880,"first_blank","first_blank-거대","거대",1,3,"first_blank-양들","양들",3,0,0,1,"거대한","양들한"
495,"거리","거리-last_blank","last_blank",1,4,"석은-last_blank","석은",4,0,0,1,"거리","석은"
323,"first_blank","first_blank-거만","거만",1,4,"first_blank-자초","자초",4,0,0,1,"거만","자초"
215,"거북","거북-이","이",1,1,"프릴-이","프릴",1,0,0,1,"거북이","프릴이"
352,"거울","거울-last_blank","last_blank",1,1,"마들-last_blank","마들",1,0,0,1,"거울","마들"
326,"first_blank","first_blank-거의","거의",1,3,"first_blank-달랬","달랬",3,0,0,1,"거의","달랬"
17,"거짓","거짓-last_blank","last_blank",1,1,"였든-last_blank","였든",1,0,0,1,"거짓","였든"
44,"쟁이","쟁이-last_blank","last_blank",1,5,"시아-last_blank","시아",5,0,0,1,"거짓말 쟁이","거짓말 시아"
643,"first_blank","first_blank-걱정","걱정",1,99,"first_blank-보여","보여",99,0,0,1,"걱정하다","보여하다"
887,"건물","건물-last_blank","last_blank",1,1,"레는-last_blank","레는",1,0,0,1,"건물","레는"
588,"first_blank","first_blank-건축","건축",1,4,"first_blank-사전","사전",4,0,0,1,"건축가","사전가"
652,"걷다","걷다-last_blank","last_blank",1,1,"나운-last_blank","나운",1,0,0,1,"걷다","나운"
944," 색"," 색-last_blank","last_blank",1,1,"빅햄-last_blank","빅햄",1,0,0,1,"검은 색","검은빅햄"
983,"first_blank","first_blank-검증","검증",1,1,"first_blank-싸잖","싸잖",1,0,0,1,"검증","싸잖"
271,"게이","게이-last_blank","last_blank",1,2,"다며-last_blank","다며",2,0,0,1,"게이","다며"
928,"게임","게임-last_blank","last_blank",1,4,"셨지-last_blank","셨지",4,0,0,1,"게임","셨지"
590,"겨울","겨울-last_blank","last_blank",1,1,"로빅-last_blank","로빅",1,0,0,1,"겨울","로빅"
975,"first_blank","first_blank-격노","격노",1,1,"first_blank-넓이","넓이",1,0,0,1,"격노","넓이"
52,"결과","결과-last_blank","last_blank",1,2,"틱한-last_blank","틱한",2,0,0,1,"결과","틱한"
286,"결국","결국-last_blank","last_blank",1,1,"버리-last_blank","버리",1,0,0,1,"결국","버리"
346,"first_blank","first_blank-결석","결석",1,1,"first_blank-붓기","붓기",1,0,0,1,"결석","붓기"
638,"결정","결정-last_blank","last_blank",1,1,"오넬-last_blank","오넬",1,0,0,1,"결정","오넬"
693,"결혼","결혼-last_blank","last_blank",1,1,"상들-last_blank","상들",1,0,0,1,"결혼","상들"
572,"경보","경보-last_blank","last_blank",1,1,"질걸-last_blank","질걸",1,0,0,1,"경보","질걸"
550,"경비","경비-last_blank","last_blank",1,1,"틱스-last_blank","틱스",1,0,0,1,"경비","틱스"
280,"first_blank","first_blank-경주","경주",1,6,"first_blank-애설","애설",6,0,0,1,"경주","애설"
249,"계란","계란-last_blank","last_blank",1,1,"이버-last_blank","이버",1,0,0,1,"계란","이버"
480,"first_blank","first_blank-계산","계산",1,20,"first_blank-사장","사장",20,0,0,1,"계산하다","사장하다"
813,"first_blank","first_blank-계속","계속",1,28,"first_blank-다음","다음",28,0,0,1,"계속하다","다음하다"
791,"계획","계획-last_blank","last_blank",1,1,"로핀-last_blank","로핀",1,0,0,1,"계획","로핀"
699,"고객","고객-last_blank","last_blank",1,1,"워링-last_blank","워링",1,0,0,1,"고객","워링"
246,"고기","고기-last_blank","last_blank",1,2,"츠에-last_blank","츠에",2,0,0,1,"고기","츠에"
470,"first_blank","first_blank-고르","고르",1,12,"first_blank-항공","항공",12,0,0,1,"고르다","항공다"
659,"first_blank","first_blank-고릴","고릴",1,2,"first_blank-문관","문관",2,0,0,1,"고릴라","문관라"
986,"first_blank","first_blank-고마","고마",1,24,"first_blank-제안","제안",24,0,0,1,"고마움","제안움"
778,"first_blank","first_blank-고마","고마",1,24,"first_blank-맛있","맛있",24,0,0,1,"고마워하다","맛있워하다"
72,"고문","고문-last_blank","last_blank",1,1,"브에-last_blank","브에",1,0,0,1,"고문","브에"
411,"first_blank","first_blank-고발","고발",1,3,"first_blank-수류","수류",3,0,0,1,"고발","수류"
799,"고백","고백-last_blank","last_blank",1,1,"해할-last_blank","해할",1,0,0,1,"고백","해할"
234,"first_blank","first_blank-고속","고속",1,7,"first_blank-원칙","원칙",7,0,0,1,"고속도로","원칙도로"
32,"first_blank","first_blank-고양","고양",1,23,"first_blank-에스","에스",23,0,0,1,"고양이","에스이"
776,"first_blank","first_blank-고요","고요",1,5,"first_blank-놔뒀","놔뒀",5,0,0,1,"고요","놔뒀"
903," 한"," 한-last_blank","last_blank",1,1,"드실-last_blank","드실",1,0,0,1,"고유 한","고유드실"
40,"곤충","곤충-last_blank","last_blank",1,1,"ub-last_blank","ub",1,0,0,1,"곤충","ub"
810,"first_blank","first_blank-곧장","곧장",1,1,"first_blank-유충","유충",1,0,0,1,"곧장","유충"
310,"first_blank","first_blank-골목","골목",1,7,"first_blank-지껄","지껄",7,0,0,1,"골목","지껄"
434,"first_blank","first_blank-골짜","골짜",1,2,"first_blank-목도","목도",2,0,0,1,"골짜기","목도기"
862,"공격","공격-last_blank","last_blank",1,1,"실과-last_blank","실과",1,0,0,1,"공격","실과"
936,"first_blank","first_blank-공격","공격",1,54,"first_blank-때문","때문",54,0,0,1,"공격자","때문자"
311,"first_blank","first_blank-공격","공격",1,54,"first_blank-끝내","끝내",54,0,0,1,"공격하다","끝내하다"
594,"first_blank","first_blank-공부","공부",1,25,"first_blank-친절","친절",25,0,0,1,"공부하다","친절하다"
704,"first_blank","first_blank-공산","공산",1,5,"first_blank-휠체","휠체",5,0,0,1,"공산주의자","휠체주의자"
967,"공상","공상-last_blank","last_blank",1,1,"트림-last_blank","트림",1,0,0,1,"공상","트림"
79,"first_blank","first_blank-공식","공식",1,7,"first_blank-트래","트래",7,0,0,1,"공식적인","트래적인"
205,"first_blank","first_blank-공항","공항",1,9,"first_blank-끊었","끊었",9,0,0,1,"공항","끊었"
334,"과거","과거-last_blank","last_blank",1,1,"냐면-last_blank","냐면",1,0,0,1,"과거","냐면"
431,"과일","과일-last_blank","last_blank",1,1,"언트-last_blank","언트",1,0,0,1,"과일","언트"
549,"first_blank","first_blank-과장","과장",1,26,"first_blank-깨어","깨어",26,0,0,1,"과장된 것","깨어된 것"
142,"과학","과학-last_blank","last_blank",1,2,"듬고-last_blank","듬고",2,0,0,1,"과학","듬고"
838,"first_blank","first_blank-과학","과학",1,30,"first_blank-여왕","여왕",30,0,0,1,"과학자","여왕자"
701," 한"," 한-last_blank","last_blank",1,1,"케렌-last_blank","케렌",1,0,0,1,"관대 한","관대케렌"
387,"관점","관점-last_blank","last_blank",1,1,"람의-last_blank","람의",1,0,0,1,"관점","람의"
946,"교수","교수-last_blank","last_blank",1,2,"디는-last_blank","디는",2,0,0,1,"교수","디는"
46,"교육","교육-last_blank","last_blank",1,1,"기할-last_blank","기할",1,0,0,1,"교육","기할"
534,"구두","구두-last_blank","last_blank",1,1,"쇠약-last_blank","쇠약",1,0,0,1,"구두","쇠약"
132,"first_blank","first_blank-구멍","구멍",1,8,"first_blank-크립","크립",8,0,0,1,"구멍","크립"
281,"구성","구성-last_blank","last_blank",1,1,"지셔-last_blank","지셔",1,0,0,1,"구성","지셔"
243,"구실","구실-last_blank","last_blank",1,1,"니날-last_blank","니날",1,0,0,1,"구실","니날"
113,"구역","구역-last_blank","last_blank",1,1,"vy-last_blank","vy",1,0,0,1,"구역","vy"
439,"구절","구절-last_blank","last_blank",1,1,"게즈-last_blank","게즈",1,0,0,1,"구절","게즈"
932,"구조","구조-last_blank","last_blank",1,1,"엄은-last_blank","엄은",1,0,0,1,"구조","엄은"
608,"first_blank","first_blank-구조","구조",1,14,"first_blank-불어","불어",14,0,0,1,"구조자","불어자"
110,"국가","국가-last_blank","last_blank",1,1,"막엔-last_blank","막엔",1,0,0,1,"국가","막엔"
114,"군대","군대-last_blank","last_blank",1,1,"히기-last_blank","히기",1,0,0,1,"군대","히기"
930,"first_blank","first_blank-굶주","굶주",1,6,"first_blank-포도","포도",6,0,0,1,"굶주린","포도린"
54,"first_blank","first_blank-궁극","궁극",1,3,"first_blank-횡격","횡격",3,0,0,1,"궁극적 인","횡격적 인"
760,"first_blank","first_blank-권위","권위",1,5,"first_blank-완수","완수",5,0,0,1,"권위 있는","완수 있는"
774,"first_blank","first_blank-권하","권하",1,3,"first_blank-지낼","지낼",3,0,0,1,"권하다","지낼다"
96,"first_blank","first_blank-권한","권한",1,6,"first_blank-짓거","짓거",6,0,0,1,"권한","짓거"
959,"궤도","궤도-last_blank","last_blank",1,1,"프루-last_blank","프루",1,0,0,1,"궤도","프루"
189,"first_blank","first_blank-귀","귀",1,1,"first_blank-기세","기세",1,0,1,1,"귀","기세"
214,"first_blank","first_blank-귀여","귀여",1,11,"first_blank-차량","차량",11,0,0,1,"귀여운","차량운"
123,"규약","규약-last_blank","last_blank",1,1,"zy-last_blank","zy",1,0,0,1,"규약","zy"
883,"first_blank","first_blank-그램","그램",1,2,"first_blank-술취","술취",2,0,0,1,"그램","술취"
471,"듯한","듯한-last_blank","last_blank",1,3,"할거-last_blank","할거",3,0,0,1,"그럴듯한","그럴할거"
947,"그룹","그룹-last_blank","last_blank",1,1,"렁을-last_blank","렁을",1,0,0,1,"그룹","렁을"
125,"그릇","그릇-last_blank","last_blank",1,1,"sp-last_blank","sp",1,0,0,1,"그릇","sp"
915,"그리","그리-다","다",1,1,"침한-다","침한",1,0,0,1,"그리다","침한다"
273,"first_blank","first_blank-그리","그리",1,61,"first_blank-죽이","죽이",61,0,0,1,"그리스 어","죽이스 어"
612,"극장","극장-last_blank","last_blank",1,1,"엔트-last_blank","엔트",1,0,0,1,"극장","엔트"
531,"근육","근육-last_blank","last_blank",1,1,"긴요-last_blank","긴요",1,0,0,1,"근육","긴요"
111,"first_blank","first_blank-글로","글로",1,19,"first_blank-스위","스위",19,0,0,1,"글로벌","스위벌"
977,"first_blank","first_blank-금성","금성",1,1,"first_blank-벽으","벽으",1,0,0,1,"금성","벽으"
840,"first_blank","first_blank-금속","금속",1,6,"first_blank-다정","다정",6,0,0,1,"금속","다정"
133,"first_blank","first_blank-금지","금지",1,15,"first_blank-해드","해드",15,0,0,1,"금지","해드"
202,"기간","기간-last_blank","last_blank",1,1,"럽의-last_blank","럽의",1,0,0,1,"기간","럽의"
274,"기계","기계-last_blank","last_blank",1,1,"국만-last_blank","국만",1,0,0,1,"기계","국만"
756,"first_blank","first_blank-기계","기계",1,16,"first_blank-조금","조금",16,0,0,1,"기계식","조금식"
653,"first_blank","first_blank-기능","기능",1,8,"first_blank-구는","구는",8,0,0,1,"기능의","구는의"
464,"기름","기름-last_blank","last_blank",1,1,"노로-last_blank","노로",1,0,0,1,"기름","노로"
721,"기부","기부-last_blank","last_blank",1,1,"츠키-last_blank","츠키",1,0,0,1,"기부","츠키"
140,"기쁨","기쁨-last_blank","last_blank",1,1,"놀드-last_blank","놀드",1,0,0,1,"기쁨","놀드"
362,"기술","기술-last_blank","last_blank",1,1,"을땐-last_blank","을땐",1,0,0,1,"기술","을땐"
715,"하다","하다-last_blank","last_blank",1,45,"에도-last_blank","에도",45,0,0,1,"기억하다","기억에도"
369,"first_blank","first_blank-기업","기업",1,9,"first_blank-물이","물이",9,0,0,1,"기업가","물이가"
384,"기자","기자-last_blank","last_blank",1,2,"생은-last_blank","생은",2,0,0,1,"기자","생은"
934,"기타","기타-last_blank","last_blank",1,1,"팅을-last_blank","팅을",1,0,0,1,"기타","팅을"
940,"first_blank","first_blank-기혼","기혼",1,1,"first_blank-염산","염산",1,0,0,1,"기혼","염산"
823,"first_blank","first_blank-긴","긴",1,1,"first_blank-시해","시해",1,0,1,1,"긴","시해"
177,"first_blank","first_blank-길","길",1,1,"first_blank-관저","관저",1,0,1,1,"길","관저"
877,"길이","길이-last_blank","last_blank",1,2,"슬리-last_blank","슬리",2,0,0,1,"길이","슬리"
882,"first_blank","first_blank-껴안","껴안",1,3,"first_blank-바그","바그",3,0,0,1,"껴안다","바그다"
82,"first_blank","first_blank-꽃","꽃",1,1,"first_blank-턱없","턱없",1,0,1,1,"꽃","턱없"
567,"first_blank","first_blank-꿈","꿈",1,1,"first_blank-뷰캐","뷰캐",1,0,1,1,"꿈","뷰캐"
789,"들이","들이-다","다",1,1,"츄르-다","츄르",1,0,0,1,"끌어들이다","끌어츄르다"
151,"first_blank","first_blank-끔찍","끔찍",1,27,"first_blank-신부","신부",27,0,0,1,"끔찍한","신부한"
404,"first_blank","first_blank-나무","나무",1,20,"first_blank-무섭","무섭",20,0,0,1,"나무","무섭"
784,"나쁜","나쁜-last_blank","last_blank",1,2,"능을-last_blank","능을",2,0,0,1,"나쁜","능을"
13,"first_blank","first_blank-나타","나타",1,49,"first_blank-사실","사실",49,0,0,1,"나타내 다","사실내 다"
622,"first_blank","first_blank-난로","난로",1,1,"first_blank-음란","음란",1,0,0,1,"난로","음란"
305,"first_blank","first_blank-남아","남아",1,29,"first_blank-다행","다행",29,0,0,1,"남아있다","다행있다"
830,"first_blank","first_blank-납치","납치",1,27,"first_blank-알리","알리",27,0,0,1,"납치범","알리범"
129,"first_blank","first_blank-낭만","낭만",1,5,"first_blank-심어","심어",5,0,0,1,"낭만적 인","심어적 인"
224,"first_blank","first_blank-내각","내각",1,1,"first_blank-친밀","친밀",1,0,0,1,"내각","친밀"
349,"first_blank","first_blank-내부","내부",1,11,"first_blank-임상","임상",11,0,0,1,"내부에","임상에"
297,"나다","나다-last_blank","last_blank",1,2,"몰에-last_blank","몰에",2,0,0,1,"냄새가 나다","냄새가 몰에"
507,"first_blank","first_blank-냉소","냉소",1,1,"first_blank-들먹","들먹",1,0,0,1,"냉소적이다","들먹적이다"
196,"first_blank","first_blank-너구","너구",1,4,"first_blank-댁들","댁들",4,0,0,1,"너구리","댁들리"
781,"first_blank","first_blank-넓은","넓은",1,1,"first_blank-실마","실마",1,0,0,1,"넓은","실마"
769,"first_blank","first_blank-네번","네번",1,3,"first_blank-만스","만스",3,0,0,1,"네번째","만스째"
185,"first_blank","first_blank-노동","노동",1,4,"first_blank-봐서","봐서",4,0,0,1,"노동자","봐서자"
425,"first_blank","first_blank-노란","노란",1,4,"first_blank-건축","건축",4,0,0,1,"노란색","건축색"
577,"노래","노래-last_blank","last_blank",1,1,"구도-last_blank","구도",1,0,0,1,"노래","구도"
138,"녹음","녹음-last_blank","last_blank",1,1,"테나-last_blank","테나",1,0,0,1,"녹음","테나"
226,"논의","논의-last_blank","last_blank",1,1,"이덜-last_blank","이덜",1,0,0,1,"논의","이덜"
22,"논쟁","논쟁-last_blank","last_blank",1,1,"료는-last_blank","료는",1,0,0,1,"논쟁","료는"
86,"first_blank","first_blank-놀라","놀라",1,24,"first_blank-직원","직원",24,0,0,1,"놀라다","직원다"
24,"first_blank","first_blank-놀라","놀라",1,24,"first_blank-거였","거였",24,0,0,1,"놀라운","거였운"
902,"first_blank","first_blank-놀랄","놀랄",1,7,"first_blank-비싸","비싸",7,0,0,1,"놀랄만한","비싸만한"
739,"농담","농담-last_blank","last_blank",1,1,"마의-last_blank","마의",1,0,0,1,"농담","마의"
168,"first_blank","first_blank-높은","높은",1,2,"first_blank-고릴","고릴",2,0,0,1,"높은","고릴"
667,"first_blank","first_blank-높음","높음",1,1,"first_blank-많던","많던",1,0,0,1,"높음","많던"
153,"first_blank","first_blank-놓다","놓다",1,1,"first_blank-살랑","살랑",1,0,0,1,"놓다","살랑"
186,"first_blank","first_blank-뇌","뇌",1,1,"first_blank-가뜩","가뜩",1,0,1,1,"뇌","가뜩"
210,"first_blank","first_blank-누르","누르",1,6,"first_blank-암스","암스",6,0,0,1,"누르다","암스다"
415,"눈","눈-last_blank","last_blank",1,1,"렸소-last_blank","렸소",1,0,1,1,"눈","렸소"
77,"늑대","늑대-last_blank","last_blank",1,2,"쿠스-last_blank","쿠스",2,0,0,1,"늑대","쿠스"
639,"능력","능력-last_blank","last_blank",1,1,"랬어-last_blank","랬어",1,0,0,1,"능력","랬어"
418,"다른","다른-last_blank","last_blank",1,1,"스요-last_blank","스요",1,0,0,1,"다른","스요"
978,"이트","이트-last_blank","last_blank",1,14,"원이-last_blank","원이",14,0,0,1,"다이너마이트","다이너마원이"
19,"first_blank","first_blank-단순","단순",1,9,"first_blank-낫겠","낫겠",9,0,0,1,"단순한","낫겠한"
604,"first_blank","first_blank-닫기","닫기",1,1,"first_blank-저대","저대",1,0,0,1,"닫기","저대"
21,"닫은","닫은-last_blank","last_blank",1,1,"런히-last_blank","런히",1,0,0,1,"닫은","런히"
909,"달러","달러-last_blank","last_blank",1,1,"년자-last_blank","년자",1,0,0,1,"달러","년자"
217,"담배","담배-last_blank","last_blank",1,1,"런지-last_blank","런지",1,0,0,1,"담배","런지"
922,"first_blank","first_blank-당기","당기",1,7,"first_blank-지름","지름",7,0,0,1,"당기다","지름다"
395,"대개","대개-last_blank","last_blank",1,1,"파를-last_blank","파를",1,0,0,1,"대개","파를"
985,"대기","대기-last_blank","last_blank",1,1,"m은-last_blank","m은",1,0,0,1,"대기","m은"
597,"대대","대대-last_blank","last_blank",1,1,"슨네-last_blank","슨네",1,0,0,1,"대대","슨네"
709,"대령","대령-last_blank","last_blank",1,1,"로로-last_blank","로로",1,0,0,1,"대령","로로"
338,"first_blank","first_blank-대리","대리",1,10,"first_blank-손잡","손잡",10,0,0,1,"대리자","손잡자"
154,"대상","대상-last_blank","last_blank",1,1,"트씨-last_blank","트씨",1,0,0,1,"대상","트씨"
889,"first_blank","first_blank-대서","대서",1,2,"first_blank-om","om",2,0,0,1,"대서양","om양"
341,"first_blank","first_blank-대양","대양",1,1,"first_blank-했듯","했듯",1,0,0,1,"대양","했듯"
536,"대출","대출-last_blank","last_blank",1,1,"링스-last_blank","링스",1,0,0,1,"대출","링스"
738,"first_blank","first_blank-대통","대통",1,27,"first_blank-납치","납치",27,0,0,1,"대통령","납치령"
931,"first_blank","first_blank-대피","대피",1,14,"first_blank-ve","ve",14,0,0,1,"대피소","ve소"
225,"first_blank","first_blank-대학","대학",1,26,"first_blank-의심","의심",26,0,0,1,"대학교","의심교"
203,"first_blank","first_blank-대행","대행",1,1,"first_blank-해다","해다",1,0,0,1,"대행사","해다사"
853,"댄스","댄스-last_blank","last_blank",1,1,"폰만-last_blank","폰만",1,0,0,1,"댄스","폰만"
219,"first_blank","first_blank-댓글","댓글",1,2,"first_blank-늘렸","늘렸",2,0,0,1,"댓글","늘렸"
952,"데모","데모-last_blank","last_blank",1,1,"려줘-last_blank","려줘",1,0,0,1,"데모","려줘"
33,"first_blank","first_blank-도마","도마",1,1,"first_blank-뿐예","뿐예",1,0,0,1,"도마뱀","뿐예뱀"
159,"도망","도망-자","자",1,1,"트한-자","트한",1,0,0,1,"도망자","트한자"
497,"도시","도시-last_blank","last_blank",1,1,"펠은-last_blank","펠은",1,0,0,1,"도시","펠은"
620,"first_blank","first_blank-도약","도약",1,1,"first_blank-맙시","맙시",1,0,0,1,"도약","맙시"
742,"도전","도전-last_blank","last_blank",1,1,"로움-last_blank","로움",1,0,0,1,"도전","로움"
964,"first_blank","first_blank-돈","돈",1,1,"first_blank-한줌","한줌",1,0,1,1,"돈","한줌"
814,"first_blank","first_blank-돌연","돌연",1,8,"first_blank-적들","적들",8,0,0,1,"돌연변이","적들변이"
242,"돕다","돕다-last_blank","last_blank",1,1,"언스-last_blank","언스",1,0,0,1,"돕다","언스"
765,"동맥","동맥-last_blank","last_blank",1,2,"락이-last_blank","락이",2,0,0,1,"동맥","락이"
819,"동물","동물-last_blank","last_blank",1,3,"즈는-last_blank","즈는",3,0,0,1,"동물","즈는"
971,"first_blank","first_blank-동반","동반",1,5,"first_blank-비장","비장",5,0,0,1,"동반하다","비장하다"
135,"동상","동상-last_blank","last_blank",1,1,"아노-last_blank","아노",1,0,0,1,"동상","아노"
6,"first_blank","first_blank-동영","동영",1,6,"first_blank-민주","민주",6,0,0,1,"동영상","민주상"
42,"first_blank","first_blank-동의","동의",1,36,"first_blank-끝났","끝났",36,0,0,1,"동의하기","끝났하기"
698,"first_blank","first_blank-동정","동정",1,10,"first_blank-총알","총알",10,0,0,1,"동정심","총알심"
463,"동쪽","동쪽-last_blank","last_blank",1,1,"스북-last_blank","스북",1,0,0,1,"동쪽","스북"
222,"first_blank","first_blank-돛","돛",1,1,"first_blank-접이","접이",1,0,1,1,"돛","접이"
485,"돼지","돼지-last_blank","last_blank",1,2,"락이-last_blank","락이",2,0,0,1,"돼지","락이"
428,"first_blank","first_blank-두개","두개",1,15,"first_blank-로빈","로빈",15,0,0,1,"두개골","로빈골"
579,"first_blank","first_blank-두꺼","두꺼",1,3,"first_blank-주스","주스",3,0,0,1,"두꺼운","주스운"
85,"first_blank","first_blank-두려","두려",1,43,"first_blank-상관","상관",43,0,0,1,"두려움","상관움"
355,"first_blank","first_blank-둘레","둘레",1,1,"first_blank-안올","안올",1,0,0,1,"둘레","안올"
575,"뒤쪽","뒤쪽-last_blank","last_blank",1,1,"오넬-last_blank","오넬",1,0,0,1,"뒤쪽","오넬"
257,"first_blank","first_blank-뒤쫓","뒤쫓",1,3,"first_blank-겸손","겸손",3,0,0,1,"뒤쫓다 다","겸손다 다"
860,"first_blank","first_blank-드레","드레",1,19,"first_blank-지구","지구",19,0,0,1,"드레스","지구스"
10,"first_blank","first_blank-드물","드물",1,8,"first_blank-병력","병력",8,0,0,1,"드물게","병력게"
253,"듣다","듣다-last_blank","last_blank",1,1,"셜을-last_blank","셜을",1,0,0,1,"듣다","셜을"
1000,"first_blank","first_blank-딱딱","딱딱",1,6,"first_blank-애설","애설",6,0,0,1,"딱딱한","애설한"
339,"first_blank","first_blank-딸기","딸기",1,2,"first_blank-앤서","앤서",2,0,0,1,"딸기","앤서"
938,"땡땡","땡땡-last_blank","last_blank",1,1,"p의-last_blank","p의",1,0,0,1,"땡땡","p의"
27,"first_blank","first_blank-뜻밖","뜻밖",1,2,"first_blank-하트","하트",2,0,0,1,"뜻밖에","하트에"
827,"first_blank","first_blank-랍스","랍스",1,3,"first_blank-로그","로그",3,0,0,1,"랍스터","로그터"
527,"로마","로마-last_blank","last_blank",1,1,"태로-last_blank","태로",1,0,0,1,"로마","태로"
844,"로프","로프-last_blank","last_blank",1,1,"즌이-last_blank","즌이",1,0,0,1,"로프","즌이"
995,"롭","롭-last_blank","last_blank",1,1,"큐가-last_blank","큐가",1,0,1,1,"롭","큐가"
890,"first_blank","first_blank-리무","리무",1,8,"first_blank-신나","신나",8,0,0,1,"리무진","신나진"
337,"first_blank","first_blank-링","링",1,1,"first_blank-졸리","졸리",1,0,1,1,"링","졸리"
751,"마녀","마녀-last_blank","last_blank",1,1,"트나-last_blank","트나",1,0,0,1,"마녀","트나"
283,"first_blank","first_blank-마법","마법",1,23,"first_blank-클레","클레",23,0,0,1,"마법사","클레사"
631,"first_blank","first_blank-마사","마사",1,10,"first_blank-제자","제자",10,0,0,1,"마사지","제자지"
871,"네즈","네즈-last_blank","last_blank",1,1,"죽든-last_blank","죽든",1,0,0,1,"마요네즈","마요죽든"
867,"마을","마을-last_blank","last_blank",1,1,"해간-last_blank","해간",1,0,0,1,"마을","해간"
1,"너스","너스-last_blank","last_blank",1,3,"티의-last_blank","티의",3,0,0,1,"마이너스","마이티의"
865,"first_blank","first_blank-마이","마이",1,46,"first_blank-그것","그것",46,0,0,1,"마이크로폰","그것크로폰"
842,"first_blank","first_blank-마지","마지",1,24,"first_blank-거였","거였",24,0,0,1,"마지막","거였막"
152,"first_blank","first_blank-마치","마치",1,5,"first_blank-햇빛","햇빛",5,0,0,1,"마치다","햇빛다"
99,"first_blank","first_blank-마케","마케",1,3,"first_blank-누가","누가",3,0,0,1,"마케팅","누가팅"
386,"first_blank","first_blank-만나","만나",1,78,"first_blank-이상","이상",78,0,0,1,"만나다","이상다"
220,"first_blank","first_blank-말","말",1,1,"first_blank-우우","우우",1,0,1,1,"말","우우"
295,"first_blank","first_blank-말하","말하",1,119,"first_blank-re","re",119,0,0,1,"말하다","re다"
298,"first_blank","first_blank-맛있","맛있",1,24,"first_blank-직원","직원",24,0,0,1,"맛있는","직원는"
288,"망치","망치-last_blank","last_blank",1,1,"껴져-last_blank","껴져",1,0,0,1,"망치","껴져"
301,"first_blank","first_blank-매력","매력",1,16,"first_blank-이틀","이틀",16,0,0,1,"매력적인","이틀적인"
128,"first_blank","first_blank-매우","매우",1,1,"first_blank-참선","참선",1,0,0,1,"매우","참선"
284,"맥주","맥주-last_blank","last_blank",1,1,"란거-last_blank","란거",1,0,0,1,"맥주","란거"
303,"아래","아래-last_blank","last_blank",1,1,"말벌-last_blank","말벌",1,0,0,1,"맨 아래","맨 말벌"
636,"맹세","맹세-last_blank","last_blank",1,1,"빗은-last_blank","빗은",1,0,0,1,"맹세","빗은"
360,"first_blank","first_blank-먹다","먹다",1,3,"first_blank-사줬","사줬",3,0,0,1,"먹다","사줬"
131,"먼지","먼지-last_blank","last_blank",1,1,"이버-last_blank","이버",1,0,0,1,"먼지","이버"
130,"멀리","멀리-last_blank","last_blank",1,1,"런가-last_blank","런가",1,0,0,1,"멀리","런가"
613,"first_blank","first_blank-멈추","멈추",1,20,"first_blank-매니","매니",20,0,0,1,"멈추다","매니다"
191," 것"," 것-last_blank","last_blank",1,1,"부시-last_blank","부시",1,0,0,1,"멋진 것","멋진부시"
508,"first_blank","first_blank-멍청","멍청",1,44,"first_blank-받았","받았",44,0,0,1,"멍청한","받았한"
900,"메달","메달-last_blank","last_blank",1,1,"프럴-last_blank","프럴",1,0,0,1,"메달","프럴"
56,"first_blank","first_blank-메세","메세",1,7,"first_blank-연애","연애",7,0,0,1,"메세지","연애지"
473,"꺼움","꺼움-last_blank","last_blank",1,1,"앞만-last_blank","앞만",1,0,0,1,"메스꺼움","메스앞만"
543,"first_blank","first_blank-면","면",1,1,"first_blank-수탉","수탉",1,0,1,1,"면","수탉"
901,"명예","명예-last_blank","last_blank",1,1,"냈소-last_blank","냈소",1,0,0,1,"명예","냈소"
815,"모래","모래-last_blank","last_blank",1,1,"스카-last_blank","스카",1,0,0,1,"모래","스카"
561,"first_blank","first_blank-모르","모르",1,119,"first_blank-re","re",119,0,0,1,"모르핀","re핀"
504,"first_blank","first_blank-모으","모으",1,6,"first_blank-소지","소지",6,0,0,1,"모으다","소지다"
963,"first_blank","first_blank-모자","모자",1,15,"first_blank-느꼈","느꼈",15,0,0,1,"모자","느꼈"
972,"first_blank","first_blank-모텔","모텔",1,4,"first_blank-덕이","덕이",4,0,0,1,"모텔","덕이"
312,"first_blank","first_blank-목","목",1,1,"first_blank-질꺼","질꺼",1,0,1,1,"목","질꺼"
354,"first_blank","first_blank-목걸","목걸",1,6,"first_blank-암스","암스",6,0,0,1,"목걸이","암스이"
167,"first_blank","first_blank-몸값","몸값",1,3,"first_blank-발소","발소",3,0,0,1,"몸값","발소"
254,"first_blank","first_blank-못생","못생",1,5,"first_blank-글자","글자",5,0,0,1,"못생긴","글자긴"
319,"묘지","묘지-last_blank","last_blank",1,1,"네씨-last_blank","네씨",1,0,0,1,"묘지","네씨"
317,"first_blank","first_blank-무겁","무겁",1,4,"first_blank-체인","체인",4,0,0,1,"무겁게","체인게"
120,"무기","무기-last_blank","last_blank",1,2,"심도-last_blank","심도",2,0,0,1,"무기","심도"
262,"지다","지다-last_blank","last_blank",1,2,"더를-last_blank","더를",2,0,0,1,"무너지다","무너더를"
583,"first_blank","first_blank-무력","무력",1,6,"first_blank-부처","부처",6,0,0,1,"무력한","부처한"
725,"무료","무료-last_blank","last_blank",1,1,"이넷-last_blank","이넷",1,0,0,1,"무료","이넷"
580,"무릎","무릎-last_blank","last_blank",1,1,"첼의-last_blank","첼의",1,0,0,1,"무릎","첼의"
180,"first_blank","first_blank-무미","무미",1,1,"first_blank-땄고","땄고",1,0,0,1,"무미 건조한","땄고 건조한"
559,"무엇","무엇-last_blank","last_blank",1,1,"츠카-last_blank","츠카",1,0,0,1,"무엇","츠카"
493,"무지","무지-last_blank","last_blank",1,1,"탱이-last_blank","탱이",1,0,0,1,"무지","탱이"
324,"first_blank","first_blank-묶다","묶다",1,1,"first_blank-모호","모호",1,0,0,1,"묶다","모호"
325,"first_blank","first_blank-문","문",1,1,"first_blank-열일","열일",1,0,1,1,"문","열일"
329,"first_blank","first_blank-문명","문명",1,5,"first_blank-페르","페르",5,0,0,1,"문명","페르"
910,"문서","문서-last_blank","last_blank",1,1,"밍턴-last_blank","밍턴",1,0,0,1,"문서","밍턴"
207,"문장","문장-last_blank","last_blank",1,1,"꾼을-last_blank","꾼을",1,0,0,1,"문장","꾼을"
328,"문제","문제-last_blank","last_blank",1,1,"절해-last_blank","절해",1,0,0,1,"문제","절해"
335,"문학","문학-last_blank","last_blank",1,1,"퍼님-last_blank","퍼님",1,0,0,1,"문학","퍼님"
906,"first_blank","first_blank-묻다","묻다",1,1,"first_blank-음조","음조",1,0,0,1,"묻다","음조"
478,"first_blank","first_blank-물리","물리",1,20,"first_blank-pe","pe",20,0,0,1,"물리적 인","pe적 인"
682,"보기","보기-last_blank","last_blank",1,7,"지길-last_blank","지길",7,0,0,1,"물어보기","물어지길"
565,"미국","미국-last_blank","last_blank",1,1,"워야-last_blank","워야",1,0,0,1,"미국","워야"
230,"미끼","미끼-last_blank","last_blank",1,1,"놀즈-last_blank","놀즈",1,0,0,1,"미끼","놀즈"
275,"first_blank","first_blank-미사","미사",1,9,"first_blank-리처","리처",9,0,0,1,"미사일","리처일"
117,"미친","미친-last_blank","last_blank",1,1,"글린-last_blank","글린",1,0,0,1,"미친","글린"
884,"미터","미터-last_blank","last_blank",1,1,"톨리-last_blank","톨리",1,0,0,1,"미터","톨리"
724,"first_blank","first_blank-민주","민주",1,6,"first_blank-소파","소파",6,0,0,1,"민주주의","소파주의"
540,"first_blank","first_blank-믿다","믿다",1,1,"first_blank-포유","포유",1,0,0,1,"믿다","포유"
997,"믿음","믿음-last_blank","last_blank",1,1,"트할-last_blank","트할",1,0,0,1,"믿음","트할"
74,"first_blank","first_blank-밀가","밀가",1,2,"first_blank-만해","만해",2,0,0,1,"밀가루","만해루"
522,"first_blank","first_blank-바닐","바닐",1,1,"first_blank-학이","학이",1,0,0,1,"바닐라","학이라"
345,"바보","바보-last_blank","last_blank",1,1,"s에-last_blank","s에",1,0,0,1,"바보","s에"
236,"first_blank","first_blank-박물","박물",1,8,"first_blank-경보","경보",8,0,0,1,"박물관","경보관"
351,"되는","되는-last_blank","last_blank",1,46,"했죠-last_blank","했죠",46,0,0,1,"반대되는","반대했죠"
358,"first_blank","first_blank-반응","반응",1,16,"first_blank-매력","매력",16,0,0,1,"반응기","매력기"
250,"first_blank","first_blank-반품","반품",1,1,"first_blank-콘크","콘크",1,0,0,1,"반품","콘크"
619,"first_blank","first_blank-발기","발기",1,2,"first_blank-면전","면전",2,0,0,1,"발기","면전"
144,"first_blank","first_blank-발열","발열",1,1,"first_blank-남깁","남깁",1,0,0,1,"발열","남깁"
424,"밝은","밝은-last_blank","last_blank",1,1,"구마-last_blank","구마",1,0,0,1,"밝은","구마"
623,"first_blank","first_blank-방사","방사",1,12,"first_blank-소설","소설",12,0,0,1,"방사능","소설능"
365,"first_blank","first_blank-방해","방해",1,24,"first_blank-거였","거였",24,0,0,1,"방해하다","거였하다"
521,"first_blank","first_blank-배","배",1,1,"first_blank-돕다","돕다",1,0,1,1,"배","돕다"
516,"first_blank","first_blank-배신","배신",1,33,"first_blank-나아","나아",33,0,0,1,"배신자","나아자"
728,"배우","배우-last_blank","last_blank",1,2,"릿을-last_blank","릿을",2,0,0,1,"배우","릿을"
513,"first_blank","first_blank-배트","배트",1,7,"first_blank-빨래","빨래",7,0,0,1,"배트맨","빨래맨"
836,"first_blank","first_blank-백","백",1,1,"first_blank-깔보","깔보",1,0,1,1,"백","깔보"
955,"백신","백신-last_blank","last_blank",1,1,"리시-last_blank","리시",1,0,0,1,"백신","리시"
164,"first_blank","first_blank-백작","백작",1,6,"first_blank-소지","소지",6,0,0,1,"백작 부인","소지 부인"
624,"밴드","밴드-last_blank","last_blank",1,2,"염이-last_blank","염이",2,0,0,1,"밴드","염이"
372,"first_blank","first_blank-뱀","뱀",1,1,"first_blank-저안","저안",1,0,1,1,"뱀","저안"
818,"first_blank","first_blank-뱃짐","뱃짐",1,1,"first_blank-볼프","볼프",1,0,0,1,"뱃짐","볼프"
261,"first_blank","first_blank-버리","버리",1,29,"first_blank-관계","관계",29,0,0,1,"버리다","관계다"
143,"버스","버스-last_blank","last_blank",1,2,"즈를-last_blank","즈를",2,0,0,1,"버스","즈를"
149,"first_blank","first_blank-버터","버터",1,4,"first_blank-이발","이발",4,0,0,1,"버터","이발"
233,"범인","범인-last_blank","last_blank",1,1,"가락-last_blank","가락",1,0,0,1,"범인","가락"
785,"범죄","범죄-last_blank","last_blank",1,1,"사르-last_blank","사르",1,0,0,1,"범죄","사르"
989,"법인","법인-last_blank","last_blank",1,1,"조아-last_blank","조아",1,0,0,1,"법인","조아"
896,"first_blank","first_blank-베이","베이",1,26,"first_blank-의심","의심",26,0,0,1,"베이컨","의심컨"
170,"first_blank","first_blank-벽장","벽장",1,3,"first_blank-애프","애프",3,0,0,1,"벽장","애프"
642,"변명","변명-last_blank","last_blank",1,1,"편과-last_blank","편과",1,0,0,1,"변명","편과"
671,"first_blank","first_blank-별","별",1,1,"first_blank-혈기","혈기",1,0,1,1,"별","혈기"
670,"first_blank","first_blank-병","병",1,1,"first_blank-재출","재출",1,0,1,1,"병","재출"
381,"first_blank","first_blank-병기","병기",1,2,"first_blank-발정","발정",2,0,0,1,"병기고","발정고"
16,"보내","보내-다","다",1,1,"만이-다","만이",1,0,0,1,"보내다","만이다"
343,"first_blank","first_blank-보다","보다",1,8,"first_blank-독수","독수",8,0,0,1,"보다","독수"
666,"first_blank","first_blank-보드","보드",1,14,"first_blank-같다","같다",14,0,0,1,"보드카","같다카"
385,"보상","보상-last_blank","last_blank",1,1,"게가-last_blank","게가",1,0,0,1,"보상","게가"
201,"보석","보석-last_blank","last_blank",1,1,"렸고-last_blank","렸고",1,0,0,1,"보석","렸고"
656,"first_blank","first_blank-보스","보스",1,19,"first_blank-얻었","얻었",19,0,0,1,"보스턴","얻었턴"
804,"first_blank","first_blank-보조","보조",1,3,"first_blank-악감","악감",3,0,0,1,"보조","악감"
55,"first_blank","first_blank-보통","보통",1,4,"first_blank-지연","지연",4,0,0,1,"보통의","지연의"
734,"보트","보트-last_blank","last_blank",1,2,"레도-last_blank","레도",2,0,0,1,"보트","레도"
835,"복부","복부-last_blank","last_blank",1,1,"트폰-last_blank","트폰",1,0,0,1,"복부","트폰"
658,"복사","복사-last_blank","last_blank",1,1,"nc-last_blank","nc",1,0,0,1,"복사","nc"
376,"first_blank","first_blank-본부","본부",1,10,"first_blank-세우","세우",10,0,0,1,"본부","세우"
294,"first_blank","first_blank-볼","볼",1,1,"first_blank-최무","최무",1,0,1,1,"볼","최무"
899,"first_blank","first_blank-봉고","봉고",1,1,"first_blank-에베","에베",1,0,0,1,"봉고차","에베차"
477,"first_blank","first_blank-부모","부모",1,39,"first_blank-바이","바이",39,0,0,1,"부모의","바이의"
514,"지다","지다-last_blank","last_blank",1,2,"저도-last_blank","저도",2,0,0,1,"부서지다","부서저도"
166,"부인","부인-last_blank","last_blank",1,3,"고선-last_blank","고선",3,0,0,1,"부인","고선"
11,"부자","부자-last_blank","last_blank",1,1,"텝을-last_blank","텝을",1,0,0,1,"부자","텝을"
134,"first_blank","first_blank-부정","부정",1,13,"first_blank-틀어","틀어",13,0,0,1,"부정적인","틀어적인"
165,"북쪽","북쪽-last_blank","last_blank",1,1,"별한-last_blank","별한",1,0,0,1,"북쪽","별한"
845,"first_blank","first_blank-분","분",1,1,"first_blank-김혜","김혜",1,0,1,1,"분","김혜"
51,"분석","분석-last_blank","last_blank",1,1,"식들-last_blank","식들",1,0,0,1,"분석","식들"
208,"first_blank","first_blank-분할","분할",1,1,"first_blank-막걸","막걸",1,0,0,1,"분할","막걸"
150,"first_blank","first_blank-불결","불결",1,1,"first_blank-화강","화강",1,0,0,1,"불결한","화강한"
401,"first_blank","first_blank-불공","불공",1,8,"first_blank-데렉","데렉",8,0,0,1,"불공정","데렉정"
407,"불꽃","불꽃-last_blank","last_blank",1,1,"티엘-last_blank","티엘",1,0,0,1,"불꽃","티엘"
703,"불다","불다-last_blank","last_blank",1,1,"트잇-last_blank","트잇",1,0,0,1,"불다","트잇"
420,"first_blank","first_blank-불쌍","불쌍",1,17,"first_blank-뻔했","뻔했",17,0,0,1,"불쌍한","뻔했한"
45,"불안","불안-한","한",1,1,"어마-한","어마",1,0,0,1,"불안한","어마한"
410,"first_blank","first_blank-불쾌","불쾌",1,4,"first_blank-심폐","심폐",4,0,0,1,"불쾌한","심폐한"
412,"불행","불행-last_blank","last_blank",1,1,"타브-last_blank","타브",1,0,0,1,"불행","타브"
574,"번호","번호-last_blank","last_blank",1,4,"클린-last_blank","클린",4,0,0,1,"비밀번호","비밀클린"
145,"비상","비상-last_blank","last_blank",1,1,"팍에-last_blank","팍에",1,0,0,1,"비상","팍에"
518,"first_blank","first_blank-비참","비참",1,4,"first_blank-지치","지치",4,0,0,1,"비참한","지치한"
206,"first_blank","first_blank-비타","비타",1,3,"first_blank-고상","고상",3,0,0,1,"비타민","고상민"
825,"비행","비행-last_blank","last_blank",1,1,"피드-last_blank","피드",1,0,0,1,"비행","피드"
581,"first_blank","first_blank-빛","빛",1,1,"first_blank-데프","데프",1,0,1,1,"빛","데프"
839,"first_blank","first_blank-빠르","빠르",1,18,"first_blank-했을","했을",18,0,0,1,"빠르게","했을게"
193,"first_blank","first_blank-빠른","빠른",1,3,"first_blank-켄드","켄드",3,0,0,1,"빠른","켄드"
356,"사격","사격-last_blank","last_blank",1,1,"빗이-last_blank","빗이",1,0,0,1,"사격","빗이"
430,"사고","사고-last_blank","last_blank",1,3,"기나-last_blank","기나",3,0,0,1,"사고","기나"
678,"사기","사기-last_blank","last_blank",1,1,"진요-last_blank","진요",1,0,0,1,"사기","진요"
907,"first_blank","first_blank-사는","사는",1,14,"first_blank-넘겨","넘겨",14,0,0,1,"사는 사람","넘겨 사람"
696,"사람","사람-들","들",1,1,"니어-들","니어",1,0,0,1,"사람들","니어들"
546,"사랑","사랑-last_blank","last_blank",1,5,"움이-last_blank","움이",5,0,0,1,"사랑","움이"
307,"사랑","사랑-스러","스러",1,3,"사랑-하니","하니",3,0,0,1,"사랑스러운","사랑하니운"
807,"사명","사명-last_blank","last_blank",1,1,"극을-last_blank","극을",1,0,0,1,"사명","극을"
195,"라이","라이-last_blank","last_blank",1,6,"애야-last_blank","애야",6,0,0,1,"사무라이","사무애야"
832,"first_blank","first_blank-사무","사무",1,26,"first_blank-좋겠","좋겠",26,0,0,1,"사무실","좋겠실"
517,"first_blank","first_blank-사보","사보",1,1,"first_blank-줄도","줄도",1,0,0,1,"사보타주","줄도타주"
442,"사업","사업-last_blank","last_blank",1,1,"럽이-last_blank","럽이",1,0,0,1,"사업","럽이"
754,"사용","사용-last_blank","last_blank",1,1,"웨더-last_blank","웨더",1,0,0,1,"사용","웨더"
637,"사자","사자-last_blank","last_blank",1,1,"델을-last_blank","델을",1,0,0,1,"사자","델을"
93,"사장","사장-last_blank","last_blank",1,2,"장한-last_blank","장한",2,0,0,1,"사장","장한"
126,"사진","사진-last_blank","last_blank",1,2,"려구-last_blank","려구",2,0,0,1,"사진","려구"
727," 작"," 작-가","가",1,1,"라나-가","라나",1,0,0,1,"사진 작가","사진라나가"
447,"사촌","사촌-last_blank","last_blank",1,1,"랄드-last_blank","랄드",1,0,0,1,"사촌","랄드"
584,"first_blank","first_blank-산","산",1,1,"first_blank-한미","한미",1,0,1,1,"산","한미"
78,"산소","산소-last_blank","last_blank",1,1,"드라-last_blank","드라",1,0,0,1,"산소","드라"
720,"살인","살인-last_blank","last_blank",1,2,"로와-last_blank","로와",2,0,0,1,"살인","로와"
444,"살인","살인-자","자",1,1,"너이-자","너이",1,0,0,1,"살인자","너이자"
939,"삼","삼-last_blank","last_blank",1,1,"지라-last_blank","지라",1,0,1,1,"삼","지라"
657,"first_blank","first_blank-삼각","삼각",1,5,"first_blank-ef","ef",5,0,0,1,"삼각형","ef형"
228,"first_blank","first_blank-삼루","삼루",1,1,"first_blank-이층","이층",1,0,0,1,"삼루타","이층타"
524,"first_blank","first_blank-삽화","삽화",1,1,"first_blank-불순","불순",1,0,0,1,"삽화","불순"
176,"first_blank","first_blank-상","상",1,1,"first_blank-전적","전적",1,0,1,1,"상","전적"
794,"first_blank","first_blank-상관","상관",1,43,"first_blank-생겼","생겼",43,0,0,1,"상관 대리","생겼 대리"
753,"상대","상대-last_blank","last_blank",1,1,"뛰르-last_blank","뛰르",1,0,0,1,"상대","뛰르"
672,"상속","상속-last_blank","last_blank",1,1,"조아-last_blank","조아",1,0,0,1,"상속","조아"
686,"상원","상원-last_blank","last_blank",1,1,"난을-last_blank","난을",1,0,0,1,"상원","난을"
98,"상인","상인-last_blank","last_blank",1,1,"맨도-last_blank","맨도",1,0,0,1,"상인","맨도"
146,"상징","상징-last_blank","last_blank",1,1,"록해-last_blank","록해",1,0,0,1,"상징","록해"
599,"상태","상태-last_blank","last_blank",1,1,"첼이-last_blank","첼이",1,0,0,1,"상태","첼이"
452,"상해","상해-last_blank","last_blank",1,1,"깝네-last_blank","깝네",1,0,0,1,"상해","깝네"
155,"first_blank","first_blank-새","새",1,1,"first_blank-한둘","한둘",1,0,1,1,"새","한둘"
535,"치다","치다-last_blank","last_blank",1,1,"이종-last_blank","이종",1,0,0,1,"새로 고치다","새로 고이종"
708,"first_blank","first_blank-새벽","새벽",1,6,"first_blank-크래","크래",6,0,0,1,"새벽","크래"
505,"first_blank","first_blank-샐러","샐러",1,4,"first_blank-굴복","굴복",4,0,0,1,"샐러드","굴복드"
595,"first_blank","first_blank-샐러","샐러",1,4,"first_blank-결점","결점",4,0,0,1,"샐러리","결점리"
65,"생각","생각-한다","한다",1,6,"생각-했었","했었",6,0,0,1,"생각한다","생각했었"
101,"생물","생물-last_blank","last_blank",1,1,"라팀-last_blank","라팀",1,0,0,1,"생물","라팀"
980,"first_blank","first_blank-생물","생물",1,13,"first_blank-증인","증인",13,0,0,1,"생물학","증인학"
981,"first_blank","first_blank-생물","생물",1,13,"first_blank-죽기","죽기",13,0,0,1,"생물학적","죽기학적"
81,"생산","생산-last_blank","last_blank",1,1,"s랑-last_blank","s랑",1,0,0,1,"생산","s랑"
290,"first_blank","first_blank-생산","생산",1,8,"first_blank-애라","애라",8,0,0,1,"생산하다","애라하다"
449,"first_blank","first_blank-생선","생선",1,4,"first_blank-속았","속았",4,0,0,1,"생선","속았"
136,"생일","생일-last_blank","last_blank",1,1,"토씨-last_blank","토씨",1,0,0,1,"생일","토씨"
265,"first_blank","first_blank-생존","생존",1,19,"first_blank-나온","나온",19,0,0,1,"생존하다","나온하다"
626,"first_blank","first_blank-샴페","샴페",1,6,"first_blank-밝히","밝히",6,0,0,1,"샴페인","밝히인"
649,"서명","서명-last_blank","last_blank",1,1,"음엔-last_blank","음엔",1,0,0,1,"서명","음엔"
161,"first_blank","first_blank-서부","서부",1,5,"first_blank-쳐들","쳐들",5,0,0,1,"서부 사람","쳐들 사람"
245,"first_blank","first_blank-서커","서커",1,3,"first_blank-교류","교류",3,0,0,1,"서커스","교류스"
650,"선거","선거-last_blank","last_blank",1,1,"엣을-last_blank","엣을",1,0,0,1,"선거","엣을"
864,"선물","선물-last_blank","last_blank",1,2,"제는-last_blank","제는",2,0,0,1,"선물","제는"
945,"first_blank","first_blank-선생","선생",1,50,"first_blank-성공","성공",50,0,0,1,"선생님","성공님"
60,"대회","대회-last_blank","last_blank",1,2,"졌단-last_blank","졌단",2,0,0,1,"선수권 대회","선수권 졌단"
389,"first_blank","first_blank-선심","선심",1,1,"first_blank-걸수","걸수",1,0,0,1,"선심 쓰는","걸수 쓰는"
958,"선원","선원-last_blank","last_blank",1,1,"런지-last_blank","런지",1,0,0,1,"선원","런지"
433,"선장","선장-last_blank","last_blank",1,1,"밍도-last_blank","밍도",1,0,0,1,"선장","밍도"
600,"설교","설교-last_blank","last_blank",1,1,"걸의-last_blank","걸의",1,0,0,1,"설교","걸의"
926,"설명","설명-last_blank","last_blank",1,1,"다움-last_blank","다움",1,0,0,1,"설명","다움"
119,"first_blank","first_blank-성","성",1,1,"first_blank-선데","선데",1,0,1,1,"성","선데"
94,"한 ","한 -것","것",1,1,"안될-것","안될",1,0,0,1,"성공한 것","성공안될것"
895,"성냥","성냥-last_blank","last_blank",1,1,"앙카-last_blank","앙카",1,0,0,1,"성냥","앙카"
391,"first_blank","first_blank-성능","성능",1,2,"first_blank-그남","그남",2,0,0,1,"성능","그남"
181,"성명","성명-last_blank","last_blank",1,1,"따운-last_blank","따운",1,0,0,1,"성명","따운"
498,"first_blank","first_blank-성직","성직",1,3,"first_blank-탐지","탐지",3,0,0,1,"성직자","탐지자"
112,"세계","세계-last_blank","last_blank",1,1,"킷의-last_blank","킷의",1,0,0,1,"세계","킷의"
285,"미터","미터-last_blank","last_blank",1,1,"칼에-last_blank","칼에",1,0,0,1,"센티미터","센티칼에"
486,"소년","소년-last_blank","last_blank",1,1,"랜타-last_blank","랜타",1,0,0,1,"소년","랜타"
692,"소득","소득-last_blank","last_blank",1,1,"틴이-last_blank","틴이",1,0,0,1,"소득","틴이"
321,"치다","치다-last_blank","last_blank",1,1,"변신-last_blank","변신",1,0,0,1,"소름 끼치다","소름 끼변신"
488,"소리","소리-last_blank","last_blank",1,7,"셨어-last_blank","셨어",7,0,0,1,"소리","셨어"
635,"소망","소망-last_blank","last_blank",1,1,"카인-last_blank","카인",1,0,0,1,"소망","카인"
879,"소스","소스-last_blank","last_blank",1,2,"러와-last_blank","러와",2,0,0,1,"소스","러와"
831,"소식","소식-last_blank","last_blank",1,1,"나베-last_blank","나베",1,0,0,1,"소식","나베"
790,"first_blank","first_blank-소실","소실",1,1,"first_blank-묻네","묻네",1,0,0,1,"소실","묻네"
744,"first_blank","first_blank-소유","소유",1,21,"first_blank-화장","화장",21,0,0,1,"소유자","화장자"
39,"속도","속도-last_blank","last_blank",1,1,"까운-last_blank","까운",1,0,0,1,"속도","까운"
625,"first_blank","first_blank-손수","손수",1,3,"first_blank-그나","그나",3,0,0,1,"손수건","그나건"
213,"first_blank","first_blank-솔라","솔라",1,2,"first_blank-푸에","푸에",2,0,0,1,"솔라","푸에"
923,"first_blank","first_blank-솔직","솔직",1,9,"first_blank-기업","기업",9,0,0,1,"솔직한","기업한"
26,"first_blank","first_blank-송신","송신",1,4,"first_blank-사악","사악",4,0,0,1,"송신기","사악기"
218,"first_blank","first_blank-수건","수건",1,5,"first_blank-중환","중환",5,0,0,1,"수건","중환"
68,"first_blank","first_blank-수도","수도",1,12,"first_blank-강아","강아",12,0,0,1,"수도원","강아원"
71,"first_blank","first_blank-수리","수리",1,11,"first_blank-놀이","놀이",11,0,0,1,"수리하다","놀이하다"
886,"수소","수소-last_blank","last_blank",1,1,"우면-last_blank","우면",1,0,0,1,"수소","우면"
729,"수술","수술-last_blank","last_blank",1,8,"gy-last_blank","gy",8,0,0,1,"수술","gy"
304,"first_blank","first_blank-수염","수염",1,7,"first_blank-어색","어색",7,0,0,1,"수염","어색"
568,"수영","수영-last_blank","last_blank",1,1,"롤할-last_blank","롤할",1,0,0,1,"수영","롤할"
331,"수학","수학-last_blank","last_blank",1,1,"n이-last_blank","n이",1,0,0,1,"수학","n이"
378,"first_blank","first_blank-수행","수행",1,13,"first_blank-전기","전기",13,0,0,1,"수행자","전기자"
788,"first_blank","first_blank-숙녀","숙녀",1,12,"first_blank-하더","하더",12,0,0,1,"숙녀","하더"
59,"순찰","순찰-last_blank","last_blank",1,1,"루로-last_blank","루로",1,0,0,1,"순찰","루로"
173,"first_blank","first_blank-술 ","술 ",1,1,"first_blank-싶댔","싶댔",1,0,0,1,"술 취한","싶댔취한"
881,"술집","술집-last_blank","last_blank",1,1,"랐을-last_blank","랐을",1,0,0,1,"술집","랐을"
553,"first_blank","first_blank-숨다","숨다",1,1,"first_blank-먹도","먹도",1,0,0,1,"숨다","먹도"
336,"first_blank","first_blank-숲","숲",1,1,"first_blank-태고","태고",1,0,1,1,"숲","태고"
408,"쉬운","쉬운-last_blank","last_blank",1,1,"카락-last_blank","카락",1,0,0,1,"쉬운","카락"
737,"first_blank","first_blank-스캔","스캔",1,16,"first_blank-애니","애니",16,0,0,1,"스캔들","애니들"
675,"first_blank","first_blank-스타","스타",1,55,"first_blank-ex","ex",55,0,0,1,"스타일","ex일"
260,"first_blank","first_blank-스트","스트",1,29,"first_blank-안정","안정",29,0,0,1,"스트라이크","안정라이크"
266,"게티","게티-last_blank","last_blank",1,1,"버틸-last_blank","버틸",1,0,0,1,"스파게티","스파버틸"
858,"first_blank","first_blank-스포","스포",1,10,"first_blank-영역","영역",10,0,0,1,"스포츠","영역츠"
960,"승인","승인-last_blank","last_blank",1,1,"렀죠-last_blank","렀죠",1,0,0,1,"승인","렀죠"
894,"first_blank","first_blank-시","시",1,1,"first_blank-응괴","응괴",1,0,1,1,"시","응괴"
596,"first_blank","first_blank-시가","시가",1,2,"first_blank-재결","재결",2,0,0,1,"시가","재결"
187,"노동","노동-자","자",1,1,"말하-자","말하",1,0,0,1,"시간제 노동자","시간제 말하자"
175,"시도","시도-last_blank","last_blank",1,1,"파에-last_blank","파에",1,0,0,1,"시도","파에"
256,"first_blank","first_blank-시원","시원",1,7,"first_blank-봤었","봤었",7,0,0,1,"시원한","봤었한"
786,"시장","시장-last_blank","last_blank",1,1,"료도-last_blank","료도",1,0,0,1,"시장","료도"
539,"시체","시체-last_blank","last_blank",1,1,"틴은-last_blank","틴은",1,0,0,1,"시체","틴은"
466,"식당","식당-last_blank","last_blank",1,1,"기게-last_blank","기게",1,0,0,1,"식당","기게"
679,"식사","식사-last_blank","last_blank",1,4,"슨과-last_blank","슨과",4,0,0,1,"식사","슨과"
777,"신뢰","신뢰-last_blank","last_blank",1,1,"단이-last_blank","단이",1,0,0,1,"신뢰","단이"
141,"신문","신문-last_blank","last_blank",1,1,"리토-last_blank","리토",1,0,0,1,"신문","리토"
533,"신부","신부-last_blank","last_blank",1,1,"데기-last_blank","데기",1,0,0,1,"신부","데기"
416,"신비","신비-last_blank","last_blank",1,1,"기할-last_blank","기할",1,0,0,1,"신비","기할"
941,"first_blank","first_blank-신성","신성",1,3,"first_blank-무책","무책",3,0,0,1,"신성한","무책한"
18,"신자","신자-last_blank","last_blank",1,1,"씩만-last_blank","씩만",1,0,0,1,"신자","씩만"
423,"신호","신호-last_blank","last_blank",1,1,"원소-last_blank","원소",1,0,0,1,"신호","원소"
182,"실망","실망-last_blank","last_blank",1,1,"모가-last_blank","모가",1,0,0,1,"실망","모가"
618,"실수","실수-last_blank","last_blank",1,2,"쇠가-last_blank","쇠가",2,0,0,1,"실수","쇠가"
476,"실패","실패-last_blank","last_blank",1,1,"폼에-last_blank","폼에",1,0,0,1,"실패","폼에"
102,"실행","실행-last_blank","last_blank",1,1,"망청-last_blank","망청",1,0,0,1,"실행","망청"
681,"first_blank","first_blank-심리","심리",1,11,"first_blank-치유","치유",11,0,0,1,"심리학","치유학"
547,"first_blank","first_blank-십대","십대",1,4,"first_blank-머저","머저",4,0,0,1,"십대","머저"
107,"first_blank","first_blank-십월","십월",1,1,"first_blank-펭에","펭에",1,0,0,1,"십월","펭에"
979,"first_blank","first_blank-싱크","싱크",1,5,"first_blank-헌터","헌터",5,0,0,1,"싱크대","헌터대"
759,"싸움","싸움-last_blank","last_blank",1,1,"여라-last_blank","여라",1,0,0,1,"싸움","여라"
898,"first_blank","first_blank-싸움","싸움",1,19,"first_blank-예술","예술",19,0,0,1,"싸움터","예술터"
241,"first_blank","first_blank-쓰기","쓰기",1,4,"first_blank-스태","스태",4,0,0,1,"쓰기","스태"
711,"first_blank","first_blank-쓰다","쓰다",1,4,"first_blank-안테","안테",4,0,0,1,"쓰다","안테"
551,"first_blank","first_blank-쓰레","쓰레",1,24,"first_blank-느낌","느낌",24,0,0,1,"쓰레기","느낌기"
446,"first_blank","first_blank-씹다","씹다",1,1,"first_blank-살바","살바",1,0,0,1,"씹다","살바"
147,"first_blank","first_blank-씻다","씻다",1,1,"first_blank-냈는","냈는",1,0,0,1,"씻다","냈는"
970,"first_blank","first_blank-아드","아드",1,14,"first_blank-가겠","가겠",14,0,0,1,"아드레날린","가겠레날린"
258,"아들","아들-last_blank","last_blank",1,1,"일즈-last_blank","일즈",1,0,0,1,"아들","일즈"
614,"다운","다운-last_blank","last_blank",1,4,"가길-last_blank","가길",4,0,0,1,"아름다운","아름가길"
300,"다움","다움-last_blank","last_blank",1,1,"순한-last_blank","순한",1,0,0,1,"아름다움","아름순한"
557,"아마","아마-last_blank","last_blank",1,1,"렸고-last_blank","렸고",1,0,0,1,"아마","렸고"
582,"아버","아버-지","지",1,1,"이든-지","이든",1,0,0,1,"아버지","이든지"
445,"아빠","아빠-last_blank","last_blank",1,2,"능이-last_blank","능이",2,0,0,1,"아빠","능이"
353," 한"," 한-last_blank","last_blank",1,1,"선가-last_blank","선가",1,0,0,1,"아이러니 한","아이러니선가"
689,"아직","아직-last_blank","last_blank",1,1,"래블-last_blank","래블",1,0,0,1,"아직","래블"
172,"아침","아침-last_blank","last_blank",1,3,"스비-last_blank","스비",3,0,0,1,"아침","스비"
750,"first_blank","first_blank-아침","아침",1,34,"first_blank-선물","선물",34,0,0,1,"아침밥","선물밥"
820,"first_blank","first_blank-아파","아파",1,22,"first_blank-ga","ga",22,0,0,1,"아파트","ga트"
566,"아픈","아픈-last_blank","last_blank",1,2,"교를-last_blank","교를",2,0,0,1,"아픈","교를"
232,"악기","악기-last_blank","last_blank",1,1,"넷도-last_blank","넷도",1,0,0,1,"악기","넷도"
837,"악마","악마-last_blank","last_blank",1,1,"프게-last_blank","프게",1,0,0,1,"악마","프게"
313,"first_blank","first_blank-악센","악센",1,1,"first_blank-호색","호색",1,0,0,1,"악센트","호색트"
106,"안개","안개-last_blank","last_blank",1,1,"맣게-last_blank","맣게",1,0,0,1,"안개","맣게"
570,"안녕","안녕-last_blank","last_blank",1,1,"라렌-last_blank","라렌",1,0,0,1,"안녕","라렌"
390,"안전","안전-last_blank","last_blank",1,1,"샌가-last_blank","샌가",1,0,0,1,"안전","샌가"
571,"first_blank","first_blank-안전","안전",1,45,"first_blank-없어","없어",45,0,0,1,"안전한","없어한"
459,"앉다","앉다-last_blank","last_blank",1,1,"원사-last_blank","원사",1,0,0,1,"앉다","원사"
800,"있다","있다-last_blank","last_blank",1,14,"ld-last_blank","ld",14,0,0,1,"알고있다","알고ld"
694,"알려","알려-지지","지지",1,1,"알려-줄께","줄께",1,0,0,1,"알려지지 않은","알려줄께 않은"
383,"알리","알리-다","다",1,1,"기했-다","기했",1,0,0,1,"알리다","기했다"
702,"알았","알았-다","다",1,1,"들이-다","들이",1,0,0,1,"알았다","들이다"
888,"first_blank","first_blank-알약","알약",1,1,"first_blank-사빈","사빈",1,0,0,1,"알약","사빈"
414,"first_blank","first_blank-알파","알파",1,10,"first_blank-까먹","까먹",10,0,0,1,"알파의","까먹의"
782,"first_blank","first_blank-암","암",1,1,"first_blank-모랄","모랄",1,0,1,1,"암","모랄"
640,"first_blank","first_blank-암살","암살",1,13,"first_blank-짐승","짐승",13,0,0,1,"암살자","짐승자"
302,"압력","압력-last_blank","last_blank",1,1,"터나-last_blank","터나",1,0,0,1,"압력","터나"
766,"애인","애인-last_blank","last_blank",1,1,"던것-last_blank","던것",1,0,0,1,"애인","던것"
57,"야구","야구-last_blank","last_blank",1,1,"r의-last_blank","r의",1,0,0,1,"야구","r의"
392,"하다","하다-last_blank","last_blank",1,45,"자는-last_blank","자는",45,0,0,1,"약속하다","약속자는"
188,"first_blank","first_blank-약탈","약탈",1,3,"first_blank-동업","동업",3,0,0,1,"약탈","동업"
31,"first_blank","first_blank-약한","약한",1,1,"first_blank-로부","로부",1,0,0,1,"약한","로부"
951,"first_blank","first_blank-양","양",1,1,"first_blank-거창","거창",1,0,1,1,"양","거창"
267,"양초","양초-last_blank","last_blank",1,1,"기일-last_blank","기일",1,0,0,1,"양초","기일"
342,"first_blank","first_blank-양탄","양탄",1,2,"first_blank-무릅","무릅",2,0,0,1,"양탄자","무릅자"
279,"first_blank","first_blank-양파","양파",1,3,"first_blank-대했","대했",3,0,0,1,"양파","대했"
127,"first_blank","first_blank-어두","어두",1,12,"first_blank-통하","통하",12,0,0,1,"어두운","통하운"
197,"가에","가에-last_blank","last_blank",1,11,"수록-last_blank","수록",11,0,0,1,"어딘가에","어딘수록"
160,"어린","어린-last_blank","last_blank",1,1,"렸고-last_blank","렸고",1,0,0,1,"어린","렸고"
843,"first_blank","first_blank-어린","어린",1,25,"first_blank-접근","접근",25,0,0,1,"어린 시절","접근 시절"
555,"어린","어린-이","이",1,1,"지명-이","지명",1,0,0,1,"어린이","지명이"
417,"first_blank","first_blank-어시","어시",1,1,"first_blank-진범","진범",1,0,0,1,"어시스턴트","진범스턴트"
500,"first_blank","first_blank-어업","어업",1,1,"first_blank-날두","날두",1,0,0,1,"어업","날두"
617,"어제","어제-last_blank","last_blank",1,1,"툼은-last_blank","툼은",1,0,0,1,"어제","툼은"
179,"first_blank","first_blank-얼다","얼다",1,1,"first_blank-일마","일마",1,0,0,1,"얼다","일마"
994,"first_blank","first_blank-엄청","엄청",1,16,"first_blank-둘러","둘러",16,0,0,1,"엄청난","둘러난"
999,"first_blank","first_blank-에너","에너",1,8,"first_blank-절제","절제",8,0,0,1,"에너지","절제지"
891,"엔진","엔진-last_blank","last_blank",1,1,"루로-last_blank","루로",1,0,0,1,"엔진","루로"
905,"여권","여권-last_blank","last_blank",1,1,"비츠-last_blank","비츠",1,0,0,1,"여권","비츠"
87,"여성","여성-last_blank","last_blank",1,1,"토닌-last_blank","토닌",1,0,0,1,"여성","토닌"
163,"여자","여자-last_blank","last_blank",1,1,"렀고-last_blank","렀고",1,0,0,1,"여자","렀고"
487,"애들","애들-last_blank","last_blank",1,5,"국이-last_blank","국이",5,0,0,1,"여자애들","여자국이"
927,"first_blank","first_blank-역","역",1,1,"first_blank-슈림","슈림",1,0,1,1,"역","슈림"
227,"first_blank","first_blank-역겨","역겨",1,4,"first_blank-대지","대지",4,0,0,1,"역겨운","대지운"
598,"연결","연결-last_blank","last_blank",1,1,"맥류-last_blank","맥류",1,0,0,1,"연결","맥류"
15,"first_blank","first_blank-연료","연료",1,7,"first_blank-나르","나르",7,0,0,1,"연료","나르"
97,"연습","연습-last_blank","last_blank",1,1,"족과-last_blank","족과",1,0,0,1,"연습","족과"
530,"연합","연합-last_blank","last_blank",1,1,"아올-last_blank","아올",1,0,0,1,"연합","아올"
479,"first_blank","first_blank-열개","열개",1,1,"first_blank-형을","형을",1,0,0,1,"열개의","형을의"
603,"열정","열정-last_blank","last_blank",1,1,"폰과-last_blank","폰과",1,0,0,1,"열정","폰과"
67,"영감","영감-last_blank","last_blank",1,1,"셀링-last_blank","셀링",1,0,0,1,"영감","셀링"
38,"영광","영광-last_blank","last_blank",1,1,"온과-last_blank","온과",1,0,0,1,"영광","온과"
609,"first_blank","first_blank-영원","영원",1,12,"first_blank-자동","자동",12,0,0,1,"영원히","자동히"
611,"영혼","영혼-last_blank","last_blank",1,1,"이뼈-last_blank","이뼈",1,0,0,1,"영혼","이뼈"
918,"영화","영화-last_blank","last_blank",1,2,"랑이-last_blank","랑이",2,0,0,1,"영화","랑이"
601,"first_blank","first_blank-예민","예민",1,5,"first_blank-자산","자산",5,0,0,1,"예민한","자산한"
103,"first_blank","first_blank-예배","예배",1,4,"first_blank-초래","초래",4,0,0,1,"예배당","초래당"
137,"예상","예상-하다","하다",1,1,"예상-합니","합니",1,0,0,1,"예상하다","예상합니"
238,"오다","오다-last_blank","last_blank",1,2,"적일-last_blank","적일",2,0,0,1,"오다","적일"
41,"오리","오리-last_blank","last_blank",1,1,"깝군-last_blank","깝군",1,0,0,1,"오리","깝군"
929,"first_blank","first_blank-오줌","오줌",1,5,"first_blank-귀찮","귀찮",5,0,0,1,"오줌","귀찮"
602,"first_blank","first_blank-온도","온도",1,4,"first_blank-도미","도미",4,0,0,1,"온도","도미"
402,"first_blank","first_blank-온화","온화",1,1,"first_blank-기양","기양",1,0,0,1,"온화한","기양한"
687,"first_blank","first_blank-옮기","옮기",1,13,"first_blank-교회","교회",13,0,0,1,"옮기다","교회다"
733,"옳은","옳은-last_blank","last_blank",1,1,"태로-last_blank","태로",1,0,0,1,"옳은","태로"
469,"first_blank","first_blank-옵션","옵션",1,4,"first_blank-철저","철저",4,0,0,1,"옵션","철저"
690,"first_blank","first_blank-완벽","완벽",1,25,"first_blank-올려","올려",25,0,0,1,"완벽한","올려한"
330,"first_blank","first_blank-완전","완전",1,6,"first_blank-보증","보증",6,0,0,1,"완전히","보증히"
484,"왓슨","왓슨-last_blank","last_blank",1,1,"슨네-last_blank","슨네",1,0,0,1,"왓슨","슨네"
876,"first_blank","first_blank-왕","왕",1,1,"first_blank-에인","에인",1,0,1,1,"왕","에인"
628,"왕국","왕국-last_blank","last_blank",1,1,"기요-last_blank","기요",1,0,0,1,"왕국","기요"
84,"왕자","왕자-last_blank","last_blank",1,1,"네를-last_blank","네를",1,0,0,1,"왕자","네를"
627,"왕좌","왕좌-last_blank","last_blank",1,1,"라치-last_blank","라치",1,0,0,1,"왕좌","라치"
8,"first_blank","first_blank-외계","외계",1,16,"first_blank-기적","기적",16,0,0,1,"외계인","기적인"
974,"first_blank","first_blank-외로","외로",1,13,"first_blank-중단","중단",13,0,0,1,"외로운","중단운"
171,"first_blank","first_blank-외부","외부",1,7,"first_blank-민간","민간",7,0,0,1,"외부의","민간의"
621,"왼쪽","왼쪽-last_blank","last_blank",1,1,"막의-last_blank","막의",1,0,0,1,"왼쪽","막의"
503,"요구","요구-last_blank","last_blank",1,1,"템이-last_blank","템이",1,0,0,1,"요구","템이"
632,"요리","요리-사","사",1,1,"과의-사","과의",1,0,0,1,"요리사","과의사"
634,"first_blank","first_blank-요소","요소",1,4,"first_blank-댓가","댓가",4,0,0,1,"요소","댓가"
64,"first_blank","first_blank-용감","용감",1,11,"first_blank-기어","기어",11,0,0,1,"용감한","기어한"
100,"first_blank","first_blank-우둔","우둔",1,1,"first_blank-갈리","갈리",1,0,0,1,"우둔","갈리"
370,"first_blank","first_blank-우뢰","우뢰",1,1,"first_blank-일마","일마",1,0,0,1,"우뢰","일마"
544,"first_blank","first_blank-우승","우승",1,11,"first_blank-됐다","됐다",11,0,0,1,"우승자","됐다자"
674,"first_blank","first_blank-우아","우아",1,3,"first_blank-난관","난관",3,0,0,1,"우아한","난관한"
515,"first_blank","first_blank-우울","우울",1,12,"first_blank-피터","피터",12,0,0,1,"우울증","피터증"
89,"우정","우정-last_blank","last_blank",1,1,"키면-last_blank","키면",1,0,0,1,"우정","키면"
651,"운명","운명-last_blank","last_blank",1,1,"sp-last_blank","sp",1,0,0,1,"운명","sp"
519,"운전","운전-사","사",1,1,"과의-사","과의",1,0,0,1,"운전사","과의사"
377,"first_blank","first_blank-울타","울타",1,4,"first_blank-고난","고난",4,0,0,1,"울타리","고난리"
655,"웃다","웃다-last_blank","last_blank",1,1,"커는-last_blank","커는",1,0,0,1,"웃다","커는"
309,"원기","원기-last_blank","last_blank",1,1,"나마-last_blank","나마",1,0,0,1,"원기","나마"
691,"원인","원인-last_blank","last_blank",1,1,"껴져-last_blank","껴져",1,0,0,1,"원인","껴져"
664,"first_blank","first_blank-웨이","웨이",1,10,"first_blank-유혹","유혹",10,0,0,1,"웨이트리스","유혹트리스"
455,"위기","위기-last_blank","last_blank",1,1,"원사-last_blank","원사",1,0,0,1,"위기","원사"
556,"위로","위로-last_blank","last_blank",1,5,"타가-last_blank","타가",5,0,0,1,"위로","타가"
270,"위성","위성-last_blank","last_blank",1,1,"트홀-last_blank","트홀",1,0,0,1,"위성","트홀"
719,"first_blank","first_blank-위엄","위엄",1,1,"first_blank-종목","종목",1,0,0,1,"위엄","종목"
772,"위원","위원-last_blank","last_blank",1,1,"히만-last_blank","히만",1,0,0,1,"위원","히만"
501,"first_blank","first_blank-위원","위원",1,9,"first_blank-아리","아리",9,0,0,1,"위원회","아리회"
453,"first_blank","first_blank-위치","위치",1,16,"first_blank-즐거","즐거",16,0,0,1,"위치","즐거"
668,"위험","위험-last_blank","last_blank",1,1,"씨두-last_blank","씨두",1,0,0,1,"위험","씨두"
669,"first_blank","first_blank-위험","위험",1,54,"first_blank-에이","에이",54,0,0,1,"위험한","에이한"
993,"first_blank","first_blank-유권","유권",1,1,"first_blank-수태","수태",1,0,0,1,"유권자","수태자"
697,"first_blank","first_blank-유명","유명",1,18,"first_blank-믿었","믿었",18,0,0,1,"유명한","믿었한"
462,"유지","유지-last_blank","last_blank",1,3,"리트-last_blank","리트",3,0,0,1,"유지","리트"
394,"first_blank","first_blank-유지","유지",1,29,"first_blank-올리","올리",29,0,0,1,"유지하다","올리하다"
75,"first_blank","first_blank-은","은",1,1,"first_blank-티라","티라",1,0,1,1,"은","티라"
438,"first_blank","first_blank-은둔","은둔",1,1,"first_blank-엘드","엘드",1,0,0,1,"은둔","엘드"
646,"은하","은하-last_blank","last_blank",1,1,"배마-last_blank","배마",1,0,0,1,"은하","배마"
816,"first_blank","first_blank-음경","음경",1,2,"first_blank-예후","예후",2,0,0,1,"음경","예후"
747,"음악","음악-last_blank","last_blank",1,1,"데라-last_blank","데라",1,0,0,1,"음악","데라"
14,"first_blank","first_blank-음악","음악",1,15,"first_blank-밤이","밤이",15,0,0,1,"음악가","밤이가"
573,"first_blank","first_blank-응","응",1,1,"first_blank-ガリ","ガリ",1,0,1,1,"응","ガリ"
314,"의도","의도-last_blank","last_blank",1,2,"객을-last_blank","객을",2,0,0,1,"의도","객을"
644,"first_blank","first_blank-의도","의도",1,14,"first_blank-am","am",14,0,0,1,"의도적으로","am적으로"
833,"의무","의무-last_blank","last_blank",1,1,"mn-last_blank","mn",1,0,0,1,"의무","mn"
630,"의사","의사-last_blank","last_blank",1,3,"프트-last_blank","프트",3,0,0,1,"의사","프트"
953,"의사","의사- 소"," 소",1,1,"의사-에게","에게",1,0,0,1,"의사 소통","의사에게통"
684,"의식","의식-last_blank","last_blank",1,2,"능에-last_blank","능에",2,0,0,1,"의식","능에"
685,"first_blank","first_blank-의심","의심",1,26,"first_blank-깨어","깨어",26,0,0,1,"의심하다","깨어하다"
510,"first_blank","first_blank-의약","의약",1,1,"first_blank-붓는","붓는",1,0,0,1,"의약품","붓는품"
893,"의자","의자-last_blank","last_blank",1,1,"이카-last_blank","이카",1,0,0,1,"의자","이카"
586,"first_blank","first_blank-이기","이기",1,21,"first_blank-흔들","흔들",21,0,0,1,"이기다","흔들다"
70,"first_blank","first_blank-이기","이기",1,21,"first_blank-프리","프리",21,0,0,1,"이기적인","프리적인"
562,"이론","이론-last_blank","last_blank",1,1,"기해-last_blank","기해",1,0,0,1,"이론","기해"
966,"first_blank","first_blank-이벤","이벤",1,5,"first_blank-본적","본적",5,0,0,1,"이벤트","본적트"
316,"이빨","이빨-last_blank","last_blank",1,1,"t의-last_blank","t의",1,0,0,1,"이빨","t의"
904,"이상","이상-한","한",1,1,"무쌍-한","무쌍",1,0,0,1,"이상한","무쌍한"
148,"하다","하다-last_blank","last_blank",1,45,"들과-last_blank","들과",45,0,0,1,"이해하다","이해들과"
162,"인간","인간-last_blank","last_blank",1,5,"우가-last_blank","우가",5,0,0,1,"인간","우가"
866,"first_blank","first_blank-인격","인격",1,3,"first_blank-봤잖","봤잖",3,0,0,1,"인격","봤잖"
722,"first_blank","first_blank-인공","인공",1,5,"first_blank-총장","총장",5,0,0,1,"인공의","총장의"
793,"first_blank","first_blank-일 ","일 ",1,1,"first_blank-랩패","랩패",1,0,0,1,"일 순위","랩패순위"
221,"first_blank","first_blank-일반","일반",1,8,"first_blank-면도","면도",8,0,0,1,"일반적으로","면도적으로"
357,"나 ","나 -다","다",1,1,"전사-다","전사",1,0,0,1,"일어나 다","일어전사다"
897,"first_blank","first_blank-일요","일요",1,7,"first_blank-콘도","콘도",7,0,0,1,"일요일","콘도일"
212,"일정","일정-last_blank","last_blank",1,1,"eg-last_blank","eg",1,0,0,1,"일정","eg"
194,"first_blank","first_blank-일찍","일찍",1,4,"first_blank-메르","메르",4,0,0,1,"일찍","메르"
808,"일하","일하-다","다",1,1,"립시-다","립시",1,0,0,1,"일하다","립시다"
852,"임신","임신-last_blank","last_blank",1,1,"몰을-last_blank","몰을",1,0,0,1,"임신","몰을"
69,"first_blank","first_blank-임차","임차",1,1,"first_blank-공예","공예",1,0,0,1,"임차료","공예료"
851,"입구","입구-last_blank","last_blank",1,1,"막인-last_blank","막인",1,0,0,1,"입구","막인"
327,"입자","입자-last_blank","last_blank",1,2,"블에-last_blank","블에",2,0,0,1,"입자","블에"
615,"first_blank","first_blank-자금","자금",1,6,"first_blank-하냐","하냐",6,0,0,1,"자금 조달","하냐 조달"
512,"first_blank","first_blank-자다","자다",1,2,"first_blank-체질","체질",2,0,0,1,"자다","체질"
824,"first_blank","first_blank-자동","자동",1,12,"first_blank-고정","고정",12,0,0,1,"자동차","고정차"
190,"first_blank","first_blank-자르","자르",1,10,"first_blank-카페","카페",10,0,0,1,"자르다","카페다"
723,"first_blank","first_blank-자발","자발",1,3,"first_blank-냅두","냅두",3,0,0,1,"자발적으로","냅두적으로"
322,"first_blank","first_blank-자본","자본",1,4,"first_blank-eh","eh",4,0,0,1,"자본주의","eh주의"
641,"자비","자비-last_blank","last_blank",1,1,"iz-last_blank","iz",1,0,0,1,"자비","iz"
259,"first_blank","first_blank-자주","자주",1,2,"first_blank-눈꼽","눈꼽",2,0,0,1,"자주","눈꼽"
526,"작가","작가-last_blank","last_blank",1,2,"아와-last_blank","아와",2,0,0,1,"작가","아와"
731,"first_blank","first_blank-작은","작은",1,3,"first_blank-버텼","버텼",3,0,0,1,"작은","버텼"
436,"first_blank","first_blank-잔학","잔학",1,1,"first_blank-났겠","났겠",1,0,0,1,"잔학","났겠"
732,"first_blank","first_blank-잔혹","잔혹",1,2,"first_blank-록우","록우",2,0,0,1,"잔혹한","록우한"
606,"first_blank","first_blank-잠그","잠그",1,2,"first_blank-분장","분장",2,0,0,1,"잠그다","분장다"
413,"first_blank","first_blank-잡다","잡다",1,1,"first_blank-원동","원동",1,0,0,1,"잡다","원동"
183,"first_blank","first_blank-잡지","잡지",1,9,"first_blank-겁먹","겁먹",9,0,0,1,"잡지","겁먹"
223,"장관","장관-last_blank","last_blank",1,2,"온을-last_blank","온을",2,0,0,1,"장관","온을"
707,"first_blank","first_blank-장난","장난",1,44,"first_blank-li","li",44,0,0,1,"장난감","li감"
88,"first_blank","first_blank-장례","장례",1,12,"first_blank-비디","비디",12,0,0,1,"장례식","비디식"
863,"first_blank","first_blank-장치","장치",1,12,"first_blank-고르","고르",12,0,0,1,"장치","고르"
735,"재능","재능-last_blank","last_blank",1,1,"납고-last_blank","납고",1,0,0,1,"재능","납고"
748,"first_blank","first_blank-재미","재미",1,43,"first_blank-생겼","생겼",43,0,0,1,"재미있는","생겼있는"
388,"재산","재산-last_blank","last_blank",1,1,"요들-last_blank","요들",1,0,0,1,"재산","요들"
677,"first_blank","first_blank-재정","재정",1,6,"first_blank-소지","소지",6,0,0,1,"재정적 인","소지적 인"
483,"재킷","재킷-last_blank","last_blank",1,1,"리개-last_blank","리개",1,0,0,1,"재킷","리개"
252,"재판","재판-last_blank","last_blank",1,1,"롭군-last_blank","롭군",1,0,0,1,"재판","롭군"
333,"first_blank","first_blank-저것","저것",1,11,"first_blank-싫었","싫었",11,0,0,1,"저것","싫었"
435,"first_blank","first_blank-저격","저격",1,10,"first_blank-알파","알파",10,0,0,1,"저격병","알파병"
359,"저녁","저녁-last_blank","last_blank",1,1,"짚지-last_blank","짚지",1,0,0,1,"저녁","짚지"
109,"저장","저장-last_blank","last_blank",1,1,"네딜-last_blank","네딜",1,0,0,1,"저장","네딜"
752,"first_blank","first_blank-저항","저항",1,16,"first_blank-짜증","짜증",16,0,0,1,"저항하다","짜증하다"
156,"first_blank","first_blank-적나","적나",1,1,"first_blank-오딜","오딜",1,0,0,1,"적나라한","오딜라한"
968,"전기","전기-last_blank","last_blank",1,1,"락만-last_blank","락만",1,0,0,1,"전기","락만"
716,"first_blank","first_blank-전기","전기",1,13,"first_blank-박스","박스",13,0,0,1,"전기 같은","박스 같은"
63,"전략","전략-last_blank","last_blank",1,1,"엣은-last_blank","엣은",1,0,0,1,"전략","엣은"
529,"first_blank","first_blank-전망","전망",1,3,"first_blank-번지","번지",3,0,0,1,"전망","번지"
755,"전문","전문-가","가",1,1,"콥터-가","콥터",1,0,0,1,"전문가","콥터가"
558,"first_blank","first_blank-전문","전문",1,39,"first_blank-바이","바이",39,0,0,1,"전문적인","바이적인"
115,"전사","전사-last_blank","last_blank",1,1,"s로-last_blank","s로",1,0,0,1,"전사","s로"
541,"전설","전설-last_blank","last_blank",1,1,"기랑-last_blank","기랑",1,0,0,1,"전설","기랑"
37,"first_blank","first_blank-전시","전시",1,5,"first_blank-변함","변함",5,0,0,1,"전시회","변함회"
347,"first_blank","first_blank-전염","전염",1,11,"first_blank-시리","시리",11,0,0,1,"전염병","시리병"
965,"first_blank","first_blank-전통","전통",1,14,"first_blank-군대","군대",14,0,0,1,"전통적인","군대적인"
758,"전투","전투-last_blank","last_blank",1,1,"픽에-last_blank","픽에",1,0,0,1,"전투","픽에"
834,"first_blank","first_blank-전투","전투",1,19,"first_blank-주문","주문",19,0,0,1,"전투기","주문기"
761,"전화","전화-last_blank","last_blank",1,3,"증은-last_blank","증은",3,0,0,1,"전화","증은"
403,"first_blank","first_blank-절","절",1,1,"first_blank-독극","독극",1,0,1,1,"절","독극"
924,"절차","절차-last_blank","last_blank",1,1,"임에-last_blank","임에",1,0,0,1,"절차","임에"
528,"점검","점검-last_blank","last_blank",1,1,"권에-last_blank","권에",1,0,0,1,"점검","권에"
20,"점심","점심-last_blank","last_blank",1,1,"nn-last_blank","nn",1,0,0,1,"점심","nn"
397,"정당","정당-성","성",1,1,"레스-성","레스",1,0,0,1,"정당성","레스성"
231,"정보","정보-last_blank","last_blank",1,2,"인건-last_blank","인건",2,0,0,1,"정보","인건"
91,"정부","정부-last_blank","last_blank",1,1,"구로-last_blank","구로",1,0,0,1,"정부","구로"
47,"정상","정상-last_blank","last_blank",1,1,"텔은-last_blank","텔은",1,0,0,1,"정상","텔은"
726,"정오","정오-last_blank","last_blank",1,1,"켰지-last_blank","켰지",1,0,0,1,"정오","켰지"
34,"정의","정의-last_blank","last_blank",1,1,"려나-last_blank","려나",1,0,0,1,"정의","려나"
857,"정직","정직-last_blank","last_blank",1,1,"펴야-last_blank","펴야",1,0,0,1,"정직","펴야"
749,"정치","정치-last_blank","last_blank",1,1,"리네-last_blank","리네",1,0,0,1,"정치","리네"
496,"first_blank","first_blank-정치","정치",1,16,"first_blank-제공","제공",16,0,0,1,"정치가","제공가"
421,"first_blank","first_blank-정치","정치",1,16,"first_blank-근처","근처",16,0,0,1,"정치적인","근처적인"
282,"first_blank","first_blank-젖은","젖은",1,1,"first_blank-껄끄","껄끄",1,0,0,1,"젖은","껄끄"
768,"first_blank","first_blank-제거","제거",1,37,"first_blank-범죄","범죄",37,0,0,1,"제거하다","범죄하다"
2,"first_blank","first_blank-제공","제공",1,16,"first_blank-죽인","죽인",16,0,0,1,"제공하다","죽인하다"
629,"제국","제국-last_blank","last_blank",1,1,"럽의-last_blank","럽의",1,0,0,1,"제국","럽의"
688,"제목","제목-last_blank","last_blank",1,1,"z가-last_blank","z가",1,0,0,1,"제목","z가"
367,"제복","제복-last_blank","last_blank",1,1,"네씨-last_blank","네씨",1,0,0,1,"제복","네씨"
770,"first_blank","first_blank-제안","제안",1,24,"first_blank-고마","고마",24,0,0,1,"제안하다","고마하다"
437,"first_blank","first_blank-제전","제전",1,1,"first_blank-뇌리","뇌리",1,0,0,1,"제전","뇌리"
454,"제품","제품-last_blank","last_blank",1,2,"단을-last_blank","단을",2,0,0,1,"제품","단을"
911,"조각","조각-last_blank","last_blank",1,4,"로울-last_blank","로울",4,0,0,1,"조각","로울"
868,"조사","조사-last_blank","last_blank",1,1,"석어-last_blank","석어",1,0,0,1,"조사","석어"
406,"first_blank","first_blank-조사","조사",1,40,"first_blank-cl","cl",40,0,0,1,"조사자","cl자"
773,"조사","조사-하다","하다",1,1,"조사-중입","중입",1,0,0,1,"조사하다","조사중입"
647,"first_blank","first_blank-조종","조종",1,27,"first_blank-받으","받으",27,0,0,1,"조종사","받으사"
771,"하다","하다-last_blank","last_blank",1,45,"들과-last_blank","들과",45,0,0,1,"조종하다","조종들과"
933,"조직","조직-last_blank","last_blank",1,1,"룩의-last_blank","룩의",1,0,0,1,"조직","룩의"
494,"조카","조카-last_blank","last_blank",1,1,"파로-last_blank","파로",1,0,0,1,"조카","파로"
124,"조화","조화-last_blank","last_blank",1,1,"골에-last_blank","골에",1,0,0,1,"조화","골에"
802,"first_blank","first_blank-존","존",1,1,"first_blank-정옥","정옥",1,0,1,1,"존","정옥"
779,"first_blank","first_blank-졸업","졸업",1,17,"first_blank-트리","트리",17,0,0,1,"졸업하다","트리하다"
841,"종교","종교-last_blank","last_blank",1,1,"뵈도-last_blank","뵈도",1,0,0,1,"종교","뵈도"
705,"first_blank","first_blank-죄인","죄인",1,8,"first_blank-신중","신중",8,0,0,1,"죄인","신중"
506,"first_blank","first_blank-죄책","죄책",1,7,"first_blank-외부","외부",7,0,0,1,"죄책감이 드는","외부감이 드는"
662,"first_blank","first_blank-주","주",1,1,"first_blank-할껀","할껀",1,0,1,1,"주","할껀"
710,"first_blank","first_blank-주간","주간",1,1,"first_blank-미도","미도",1,0,0,1,"주간","미도"
121,"주다","주다-last_blank","last_blank",1,1,"부리-last_blank","부리",1,0,0,1,"주다","부리"
308,"하다","하다-last_blank","last_blank",1,45,"거나-last_blank","거나",45,0,0,1,"주문하다","주문거나"
340,"first_blank","first_blank-주사","주사",1,14,"first_blank-받을","받을",14,0,0,1,"주사기","받을기"
523,"first_blank","first_blank-주사","주사",1,14,"first_blank-호흡","호흡",14,0,0,1,"주사위","호흡위"
511,"주소","주소-last_blank","last_blank",1,1,"bi-last_blank","bi",1,0,0,1,"주소","bi"
645,"first_blank","first_blank-주스","주스",1,3,"first_blank-떳떳","떳떳",3,0,0,1,"주스","떳떳"
248,"first_blank","first_blank-주위","주위",1,7,"first_blank-코끼","코끼",7,0,0,1,"주위에","코끼에"
43,"주인","주인-last_blank","last_blank",1,1,"니로-last_blank","니로",1,0,0,1,"주인","니로"
764,"주입","주입-last_blank","last_blank",1,1,"래와-last_blank","래와",1,0,0,1,"주입","래와"
332,"주제","주제-last_blank","last_blank",1,1,"엄이-last_blank","엄이",1,0,0,1,"주제","엄이"
846,"first_blank","first_blank-주황","주황",1,1,"first_blank-그기","그기",1,0,0,1,"주황색","그기색"
443,"죽은","죽은-last_blank","last_blank",1,1,"아지-last_blank","아지",1,0,0,1,"죽은","아지"
239,"first_blank","first_blank-죽임","죽임",1,1,"first_blank-곱하","곱하",1,0,0,1,"죽임","곱하"
792,"준비","준비-하다","하다",1,1,"준비-했는","했는",1,0,0,1,"준비하다","준비했는"
7,"first_blank","first_blank-줄리","줄리",1,23,"first_blank-장소","장소",23,0,0,1,"줄리엣","장소엣"
797,"first_blank","first_blank-줄이","줄이",1,10,"first_blank-tv","tv",10,0,0,1,"줄이다","tv다"
683,"중요","중요-성","성",1,1,"레스-성","레스",1,0,0,1,"중요성","레스성"
122,"중요","중요-한","한",1,1,"을위-한","을위",1,0,0,1,"중요한","을위한"
795,"쥐","쥐-last_blank","last_blank",1,2,"코야-last_blank","코야",2,0,1,1,"쥐","코야"
916,"first_blank","first_blank-즐거","즐거",1,16,"first_blank-시스","시스",16,0,0,1,"즐거운","시스운"
798,"증거","증거-last_blank","last_blank",1,1,"p의-last_blank","p의",1,0,0,1,"증거","p의"
822,"first_blank","first_blank-증후","증후",1,3,"first_blank-뼈들","뼈들",3,0,0,1,"증후군","뼈들군"
919,"지갑","지갑-last_blank","last_blank",1,1,"리티-last_blank","리티",1,0,0,1,"지갑","리티"
263,"first_blank","first_blank-지능","지능",1,4,"first_blank-느낄","느낄",4,0,0,1,"지능적인","느낄적인"
157,"first_blank","first_blank-지도","지도",1,29,"first_blank-있겠","있겠",29,0,0,1,"지도","있겠"
990,"first_blank","first_blank-지도","지도",1,29,"first_blank-게임","게임",29,0,0,1,"지도자","게임자"
5,"지문","지문-last_blank","last_blank",1,1,"락은-last_blank","락은",1,0,0,1,"지문","락은"
585,"first_blank","first_blank-지속","지속",1,7,"first_blank-배트","배트",7,0,0,1,"지속적으로","배트적으로"
61,"지식","지식-last_blank","last_blank",1,1,"샤바-last_blank","샤바",1,0,0,1,"지식","샤바"
441,"first_blank","first_blank-지역","지역",1,16,"first_blank-잘했","잘했",16,0,0,1,"지역 사회","잘했 사회"
908,"지옥","지옥-last_blank","last_blank",1,1,"뮤씨-last_blank","뮤씨",1,0,0,1,"지옥","뮤씨"
396,"first_blank","first_blank-지키","지키",1,25,"first_blank-드라","드라",25,0,0,1,"지키다","드라다"
398,"first_blank","first_blank-직관","직관",1,1,"first_blank-반듯","반듯",1,0,0,1,"직관","반듯"
382,"first_blank","first_blank-진료","진료",1,11,"first_blank-테디","테디",11,0,0,1,"진료소","테디소"
542,"진짜","진짜-last_blank","last_blank",1,1,"는진-last_blank","는진",1,0,0,1,"진짜","는진"
240,"질병","질병-last_blank","last_blank",1,1,"트홀-last_blank","트홀",1,0,0,1,"질병","트홀"
821,"집중","집중-last_blank","last_blank",1,1,"네딜-last_blank","네딜",1,0,0,1,"집중","네딜"
48,"first_blank","first_blank-짓다","짓다",1,1,"first_blank-혼신","혼신",1,0,0,1,"짓다","혼신"
969,"징후","징후-last_blank","last_blank",1,1,"스인-last_blank","스인",1,0,0,1,"징후","스인"
730,"차고","차고-last_blank","last_blank",1,2,"러와-last_blank","러와",2,0,0,1,"차고","러와"
973,"first_blank","first_blank-착란","착란",1,1,"first_blank-불똥","불똥",1,0,0,1,"착란","불똥"
448,"first_blank","first_blank-창의","창의",1,4,"first_blank-의리","의리",4,0,0,1,"창의력","의리력"
50,"찾기","찾기-last_blank","last_blank",1,2,"끼야-last_blank","끼야",2,0,0,1,"찾기","끼야"
475,"first_blank","first_blank-책","책",1,1,"first_blank-잤구","잤구",1,0,1,1,"책","잤구"
320,"first_blank","first_blank-책임","책임",1,39,"first_blank-사건","사건",39,0,0,1,"책임지지 않는","사건지지 않는"
942,"first_blank","first_blank-천국","천국",1,12,"first_blank-수수","수수",12,0,0,1,"천국 같은","수수 같은"
870,"철사","철사-last_blank","last_blank",1,1,"둑은-last_blank","둑은",1,0,0,1,"철사","둑은"
192,"애인","애인-last_blank","last_blank",1,1,"선장-last_blank","선장",1,0,0,1,"청각 장애인","청각 장선장"
116,"first_blank","first_blank-청중","청중",1,1,"first_blank-재우","재우",1,0,0,1,"청중","재우"
988,"체계","체계-last_blank","last_blank",1,1,"리시-last_blank","리시",1,0,0,1,"체계","리시"
576,"체액","체액-last_blank","last_blank",1,1,"시코-last_blank","시코",1,0,0,1,"체액","시코"
373,"체포","체포-last_blank","last_blank",1,1,"틱스-last_blank","틱스",1,0,0,1,"체포","틱스"
537," 것"," 것-last_blank","last_blank",1,1,"컨셉-last_blank","컨셉",1,0,0,1,"초자연적 인 것","초자연적 인컨셉"
474,"first_blank","first_blank-초콜","초콜",1,7,"first_blank-ai","ai",7,0,0,1,"초콜릿","ai릿"
489,"first_blank","first_blank-총","총",1,1,"first_blank-꼼수","꼼수",1,0,1,1,"총","꼼수"
104,"총알","총알-last_blank","last_blank",1,1,"벅스-last_blank","벅스",1,0,0,1,"총알","벅스"
848,"최고","최고-last_blank","last_blank",1,1,"니온-last_blank","니온",1,0,0,1,"최고","니온"
209,"first_blank","first_blank-최근","최근",1,7,"first_blank-레슬","레슬",7,0,0,1,"최근에","레슬에"
849,"first_blank","first_blank-추가","추가",1,13,"first_blank-반역","반역",13,0,0,1,"추가의","반역의"
787,"first_blank","first_blank-추기","추기",1,5,"first_blank-펠리","펠리",5,0,0,1,"추기경","펠리경"
229,"first_blank","first_blank-추운","추운",1,2,"first_blank-흑사","흑사",2,0,0,1,"추운","흑사"
53,"추정","추정-last_blank","last_blank",1,1,"좌를-last_blank","좌를",1,0,0,1,"추정","좌를"
184,"first_blank","first_blank-축구","축구",1,3,"first_blank-어처","어처",3,0,0,1,"축구","어처"
237,"출발","출발-last_blank","last_blank",1,1,"아질-last_blank","아질",1,0,0,1,"출발","아질"
854,"first_blank","first_blank-충분","충분",1,25,"first_blank-아가","아가",25,0,0,1,"충분한","아가한"
856,"first_blank","first_blank-충실","충실",1,5,"first_blank-드미","드미",5,0,0,1,"충실한","드미한"
633,"치료","치료-last_blank","last_blank",1,3,"과도-last_blank","과도",3,0,0,1,"치료","과도"
861,"first_blank","first_blank-치명","치명",1,8,"first_blank-차리","차리",8,0,0,1,"치명적인","차리적인"
200,"first_blank","first_blank-치유","치유",1,11,"first_blank-인질","인질",11,0,0,1,"치유하다","인질하다"
427,"치즈","치즈-last_blank","last_blank",1,1,"그브-last_blank","그브",1,0,0,1,"치즈","그브"
244,"친구","친구-last_blank","last_blank",1,4,"세이-last_blank","세이",4,0,0,1,"친구","세이"
36,"first_blank","first_blank-친밀","친밀",1,1,"first_blank-굴긴","굴긴",1,0,0,1,"친밀한","굴긴한"
80,"first_blank","first_blank-친숙","친숙",1,2,"first_blank-유골","유골",2,0,0,1,"친숙한","유골한"
216,"first_blank","first_blank-칠면","칠면",1,4,"first_blank-형씨","형씨",4,0,0,1,"칠면조","형씨조"
4,"칠월","칠월-last_blank","last_blank",1,1,"토랑-last_blank","토랑",1,0,0,1,"칠월","토랑"
490,"first_blank","first_blank-침대","침대",1,18,"first_blank-믿었","믿었",18,0,0,1,"침대","믿었"
560,"침묵","침묵-last_blank","last_blank",1,1,"노프-last_blank","노프",1,0,0,1,"침묵","노프"
361,"침실","침실-last_blank","last_blank",1,1,"리씨-last_blank","리씨",1,0,0,1,"침실","리씨"
775," 한"," 한-last_blank","last_blank",1,1,"유효-last_blank","유효",1,0,0,1,"침착 한","침착유효"
287,"first_blank","first_blank-카르","카르",1,8,"first_blank-잃을","잃을",8,0,0,1,"카르텔","잃을텔"
272,"보이","보이-last_blank","last_blank",1,4,"워라-last_blank","워라",4,0,0,1,"카우보이","카우워라"
49,"first_blank","first_blank-칼","칼",1,1,"first_blank-녹초","녹초",1,0,1,1,"칼","녹초"
935,"first_blank","first_blank-캠핑","캠핑",1,4,"first_blank-벤자","벤자",4,0,0,1,"캠핑","벤자"
569,"캡","캡-last_blank","last_blank",1,1,"렐은-last_blank","렐은",1,0,1,1,"캡","렐은"
869,"커피","커피-last_blank","last_blank",1,1,"란타-last_blank","란타",1,0,0,1,"커피","란타"
491,"first_blank","first_blank-컴퓨","컴퓨",1,14,"first_blank-손상","손상",14,0,0,1,"컴퓨터","손상터"
255,"first_blank","first_blank-케이","케이",1,55,"first_blank-ex","ex",55,0,0,1,"케이크","ex크"
712,"first_blank","first_blank-코","코",1,1,"first_blank-일꺼","일꺼",1,0,1,1,"코","일꺼"
268,"first_blank","first_blank-코냑","코냑",1,1,"first_blank-낭포","낭포",1,0,0,1,"코냑","낭포"
251,"first_blank","first_blank-코메","코메",1,1,"first_blank-묻은","묻은",1,0,0,1,"코메디","묻은디"
90,"first_blank","first_blank-콘서","콘서",1,6,"first_blank-서쪽","서쪽",6,0,0,1,"콘서트","서쪽트"
920,"first_blank","first_blank-콘텐","콘텐",1,1,"first_blank-바짝","바짝",1,0,0,1,"콘텐츠","바짝츠"
695,"first_blank","first_blank-큰 ","큰 ",1,1,"first_blank-물로","물로",1,0,0,1,"큰 메달","물로메달"
318,"first_blank","first_blank-키","키",1,1,"first_blank-철심","철심",1,0,1,1,"키","철심"
654,"first_blank","first_blank-타다","타다",1,3,"first_blank-질색","질색",3,0,0,1,"타다","질색"
950,"first_blank","first_blank-타박","타박",1,4,"first_blank-없지","없지",4,0,0,1,"타박상","없지상"
269,"first_blank","first_blank-탄산","탄산",1,2,"first_blank-낫잖","낫잖",2,0,0,1,"탄산 음료","낫잖 음료"
460,"first_blank","first_blank-탈출","탈출",1,28,"first_blank-담당","담당",28,0,0,1,"탈출하다","담당하다"
680,"태도","태도-last_blank","last_blank",1,1,"테론-last_blank","테론",1,0,0,1,"태도","테론"
211,"태양","태양-last_blank","last_blank",1,1,"랐을-last_blank","랐을",1,0,0,1,"태양","랐을"
198,"터널","터널-last_blank","last_blank",1,1,"러그-last_blank","러그",1,0,0,1,"터널","러그"
293,"first_blank","first_blank-터무","터무",1,3,"first_blank-출판","출판",3,0,0,1,"터무니없는","출판니없는"
892,"first_blank","first_blank-터지","터지",1,9,"first_blank-엠파","엠파",9,0,0,1,"터지다","엠파다"
76,"first_blank","first_blank-테니","테니",1,8,"first_blank-성하","성하",8,0,0,1,"테니스","성하스"
545,"first_blank","first_blank-테스","테스",1,15,"first_blank-장담","장담",15,0,0,1,"테스트","장담트"
264,"비전","비전-last_blank","last_blank",1,2,"골의-last_blank","골의",2,0,0,1,"텔레비전","텔레골의"
591,"first_blank","first_blank-토끼","토끼",1,10,"first_blank-정하","정하",10,0,0,1,"토끼","정하"
25,"first_blank","first_blank-토마","토마",1,11,"first_blank-상담","상담",11,0,0,1,"토마토","상담토"
73,"통증","통증-last_blank","last_blank",1,1,"리토-last_blank","리토",1,0,0,1,"통증","리토"
912,"first_blank","first_blank-통풍","통풍",1,2,"first_blank-실업","실업",2,0,0,1,"통풍","실업"
913,"투옥","투옥-last_blank","last_blank",1,1,"니셔-last_blank","니셔",1,0,0,1,"투옥","니셔"
676,"first_blank","first_blank-투자","투자",1,23,"first_blank-go","go",23,0,0,1,"투자자","go자"
745,"first_blank","first_blank-투자","투자",1,23,"first_blank-도시","도시",23,0,0,1,"투자하다","도시하다"
199,"투표","투표-last_blank","last_blank",1,1,"먼트-last_blank","먼트",1,0,0,1,"투표","먼트"
806,"트럭","트럭-last_blank","last_blank",1,1,"력한-last_blank","력한",1,0,0,1,"트럭","력한"
276,"first_blank","first_blank-팀","팀",1,1,"first_blank-상쾌","상쾌",1,0,1,1,"팀","상쾌"
829,"파괴","파괴-last_blank","last_blank",1,1,"답군-last_blank","답군",1,0,0,1,"파괴","답군"
826,"파리","파리-last_blank","last_blank",1,1,"깝네-last_blank","깝네",1,0,0,1,"파리","깝네"
277,"파티","파티-last_blank","last_blank",1,6,"프를-last_blank","프를",6,0,0,1,"파티","프를"
58,"판매","판매-last_blank","last_blank",1,1,"링스-last_blank","링스",1,0,0,1,"판매","링스"
375,"판사","판사-last_blank","last_blank",1,1,"템도-last_blank","템도",1,0,0,1,"판사","템도"
492,"first_blank","first_blank-팔","팔",1,1,"first_blank-단위","단위",1,0,1,1,"팔","단위"
108,"first_blank","first_blank-팔다","팔다",1,3,"first_blank-광범","광범",3,0,0,1,"팔다","광범"
520,"first_blank","first_blank-패배","패배",1,9,"first_blank-뭘하","뭘하",9,0,0,1,"패배시키다","뭘하시키다"
400,"first_blank","first_blank-패키","패키",1,3,"first_blank-수평","수평",3,0,0,1,"패키지","수평지"
648,"팩스","팩스-last_blank","last_blank",1,1,"지움-last_blank","지움",1,0,0,1,"팩스","지움"
783,"first_blank","first_blank-펜","펜",1,1,"first_blank-캔모","캔모",1,0,1,1,"펜","캔모"
706,"first_blank","first_blank-편물","편물",1,1,"first_blank-총부","총부",1,0,0,1,"편물","총부"
757,"편지","편지-last_blank","last_blank",1,1,"븐스-last_blank","븐스",1,0,0,1,"편지","븐스"
95,"평가","평가-last_blank","last_blank",1,3,"프트-last_blank","프트",3,0,0,1,"평가","프트"
801,"first_blank","first_blank-평의","평의",1,3,"first_blank-타야","타야",3,0,0,1,"평의원","타야원"
809,"평판","평판-last_blank","last_blank",1,1,"맨도-last_blank","맨도",1,0,0,1,"평판","맨도"
605,"폐쇄","폐쇄-last_blank","last_blank",1,1,"리엘-last_blank","리엘",1,0,0,1,"폐쇄","리엘"
139,"first_blank","first_blank-포","포",1,1,"first_blank-얼씨","얼씨",1,0,1,1,"포","얼씨"
306,"first_blank","first_blank-포식","포식",1,1,"first_blank-초속","초속",1,0,0,1,"포식자","초속자"
235,"포커","포커-last_blank","last_blank",1,1,"겠단-last_blank","겠단",1,0,0,1,"포커","겠단"
509,"포크","포크-last_blank","last_blank",1,1,"이넷-last_blank","이넷",1,0,0,1,"포크","이넷"
805,"폭발","폭발-last_blank","last_blank",1,1,"크맨-last_blank","크맨",1,0,0,1,"폭발","크맨"
921,"first_blank","first_blank-폭발","폭발",1,31,"first_blank-하겠","하겠",31,0,0,1,"폭발물","하겠물"
344,"폭풍","폭풍-last_blank","last_blank",1,1,"겼지-last_blank","겼지",1,0,0,1,"폭풍","겼지"
859,"표면","표면-last_blank","last_blank",1,1,"임은-last_blank","임은",1,0,0,1,"표면","임은"
472,"first_blank","first_blank-표현","표현",1,14,"first_blank-이래","이래",14,0,0,1,"표현하다","이래하다"
23,"first_blank","first_blank-푸른","푸른",1,2,"first_blank-듯하","듯하",2,0,0,1,"푸른","듯하"
499,"first_blank","first_blank-품질","품질",1,2,"first_blank-갈테","갈테",2,0,0,1,"품질","갈테"
607,"국민","국민-last_blank","last_blank",1,1,"샜어-last_blank","샜어",1,0,0,1,"프랑스 국민","프랑스 샜어"
925,"그램","그램-last_blank","last_blank",1,3,"왔니-last_blank","왔니",3,0,0,1,"프로그램","프로왔니"
525,"스틱","스틱-last_blank","last_blank",1,3,"실도-last_blank","실도",3,0,0,1,"플라스틱","플라실도"
872,"first_blank","first_blank-플레","플레",1,6,"first_blank-격리","격리",6,0,0,1,"플레이어","격리이어"
661,"first_blank","first_blank-피조","피조",1,1,"first_blank-몰았","몰았",1,0,0,1,"피조사자","몰았사자"
937,"필요","필요-last_blank","last_blank",1,2,"의야-last_blank","의야",2,0,0,1,"필요","의야"
592,"하녀","하녀-last_blank","last_blank",1,1,"위드-last_blank","위드",1,0,0,1,"하녀","위드"
393,"first_blank","first_blank-하이","하이",1,30,"first_blank-아기","아기",30,0,0,1,"하이브","아기브"
178,"하인","하인-last_blank","last_blank",1,1,"트니-last_blank","트니",1,0,0,1,"하인","트니"
502,"first_blank","first_blank-학교","학교",1,22,"first_blank-바꾸","바꾸",22,0,0,1,"학교","바꾸"
468,"first_blank","first_blank-한가","한가",1,19,"first_blank-연주","연주",19,0,0,1,"한가롭게 이리저리 거닐다","연주롭게 이리저리 거닐다"
943,"first_blank","first_blank-한모","한모",1,1,"first_blank-방으","방으",1,0,0,1,"한모금","방으금"
948,"first_blank","first_blank-할 ","할 ",1,1,"first_blank-세차","세차",1,0,0,1,"할 수 없는","세차수 없는"
949,"first_blank","first_blank-할머","할머",1,19,"first_blank-복수","복수",19,0,0,1,"할머니","복수니"
426,"first_blank","first_blank-핥다","핥다",1,1,"first_blank-갈리","갈리",1,0,0,1,"핥다","갈리"
954,"함대","함대-last_blank","last_blank",1,1,"곤을-last_blank","곤을",1,0,0,1,"함대","곤을"
83,"first_blank","first_blank-합리","합리",1,4,"first_blank-늦는","늦는",4,0,0,1,"합리적인","늦는적인"
409,"first_blank","first_blank-합법","합법",1,5,"first_blank-마라","마라",5,0,0,1,"합법적 인","마라적 인"
62,"합의","합의-last_blank","last_blank",1,1,"스이-last_blank","스이",1,0,0,1,"합의","스이"
289,"항구","항구-last_blank","last_blank",1,1,"멘이-last_blank","멘이",1,0,0,1,"항구","멘이"
763,"항상","항상-last_blank","last_blank",1,1,"해드-last_blank","해드",1,0,0,1,"항상","해드"
465,"first_blank","first_blank-해군","해군",1,9,"first_blank-샌드","샌드",9,0,0,1,"해군","샌드"
956,"first_blank","first_blank-해안","해안",1,14,"first_blank-일주","일주",14,0,0,1,"해안","일주"
440,"first_blank","first_blank-해임","해임",1,1,"first_blank-향합","향합",1,0,0,1,"해임","향합"
660,"first_blank","first_blank-핵무","핵무",1,3,"first_blank-산거","산거",3,0,0,1,"핵무기","산거기"
456,"first_blank","first_blank-햄버","햄버",1,4,"first_blank-놔줘","놔줘",4,0,0,1,"햄버거","놔줘거"
315,"행동","행동-last_blank","last_blank",1,1,"샤바-last_blank","샤바",1,0,0,1,"행동","샤바"
292,"행복","행복-하다","하다",1,3,"행복-해지","해지",3,0,0,1,"행복하다","행복해지"
92,"first_blank","first_blank-행정","행정",1,2,"first_blank-아에","아에",2,0,0,1,"행정","아에"
278,"향수","향수-last_blank","last_blank",1,1,"티요-last_blank","티요",1,0,0,1,"향수","티요"
962,"first_blank","first_blank-허락","허락",1,27,"first_blank-신부","신부",27,0,0,1,"허락하다","신부하다"
374,"first_blank","first_blank-헌법","헌법",1,4,"first_blank-온몸","온몸",4,0,0,1,"헌법","온몸"
855,"헌신","헌신-last_blank","last_blank",1,1,"찮은-last_blank","찮은",1,0,0,1,"헌신","찮은"
873,"first_blank","first_blank-헤로","헤로",1,4,"first_blank-자켓","자켓",4,0,0,1,"헤로인","자켓인"
105,"콥터","콥터-last_blank","last_blank",1,1,"ik-last_blank","ik",1,0,0,1,"헬리콥터","헬리ik"
299,"first_blank","first_blank-현미","현미",1,2,"first_blank-반죽","반죽",2,0,0,1,"현미경","반죽경"
158,"first_blank","first_blank-현실","현실",1,19,"first_blank-테러","테러",19,0,0,1,"현실적인","테러적인"
803,"first_blank","first_blank-현지","현지",1,2,"first_blank-치렀","치렀",2,0,0,1,"현지의","치렀의"
174,"first_blank","first_blank-형","형",1,1,"first_blank-마세","마세",1,0,1,1,"형","마세"
587,"형사","형사-last_blank","last_blank",1,1,"힌다-last_blank","힌다",1,0,0,1,"형사","힌다"
718,"형제","형제-last_blank","last_blank",1,1,"좌를-last_blank","좌를",1,0,0,1,"형제","좌를"
30,"호수","호수-last_blank","last_blank",1,1,"sp-last_blank","sp",1,0,0,1,"호수","sp"
914,"호스","호스-last_blank","last_blank",1,1,"까운-last_blank","까운",1,0,0,1,"호스","까운"
578,"혼례","혼례-last_blank","last_blank",1,1,"권에-last_blank","권에",1,0,0,1,"혼례","권에"
875,"first_blank","first_blank-혼합","혼합",1,2,"first_blank-뽐내","뽐내",2,0,0,1,"혼합물","뽐내물"
564,"화가","화가-last_blank","last_blank",1,2,"리자-last_blank","리자",2,0,0,1,"화가","리자"
817,"first_blank","first_blank-화난","화난",1,5,"first_blank-짱이","짱이",5,0,0,1,"화난","짱이"
663,"first_blank","first_blank-화요","화요",1,3,"first_blank-핏줄","핏줄",3,0,0,1,"화요일","핏줄일"
458,"first_blank","first_blank-화장","화장",1,21,"first_blank-틀렸","틀렸",21,0,0,1,"화장실","틀렸실"
405,"first_blank","first_blank-확실","확실",1,35,"first_blank-없을","없을",35,0,0,1,"확실히","없을히"
982,"하다","하다-last_blank","last_blank",1,45,"거나-last_blank","거나",45,0,0,1,"확인하다","확인거나"
984,"환각","환각-last_blank","last_blank",1,1,"럿이-last_blank","럿이",1,0,0,1,"환각","럿이"
563," 것"," 것-last_blank","last_blank",1,1,"델마-last_blank","델마",1,0,0,1,"환상적인 것","환상적인델마"
850,"first_blank","first_blank-환영","환영",1,20,"first_blank-근무","근무",20,0,0,1,"환영하다","근무하다"
987,"활동","활동-last_blank","last_blank",1,1,"디면-last_blank","디면",1,0,0,1,"활동","디면"
363,"first_blank","first_blank-활성","활성",1,2,"first_blank-화신","화신",2,0,0,1,"활성화","화신화"
743,"황제","황제-last_blank","last_blank",1,1,"이클-last_blank","이클",1,0,0,1,"황제","이클"
991,"회의","회의-last_blank","last_blank",1,5,"라곤-last_blank","라곤",5,0,0,1,"회의","라곤"
992,"회전","회전-last_blank","last_blank",1,1,"샌가-last_blank","샌가",1,0,0,1,"회전","샌가"
610,"first_blank","first_blank-효과","효과",1,11,"first_blank-따뜻","따뜻",11,0,0,1,"효과","따뜻"
673,"first_blank","first_blank-효과","효과",1,11,"first_blank-모이","모이",11,0,0,1,"효과적인","모이적인"
450,"first_blank","first_blank-후진","후진",1,2,"first_blank-우상","우상",2,0,0,1,"후진","우상"
429,"first_blank","first_blank-휘파","휘파",1,2,"first_blank-놓자","놓자",2,0,0,1,"휘파람","놓자람"
878,"first_blank","first_blank-휴일","휴일",1,5,"first_blank-리모","리모",5,0,0,1,"휴일","리모"
885,"흉터","흉터-last_blank","last_blank",1,1,"리상-last_blank","리상",1,0,0,1,"흉터","리상"
780,"first_blank","first_blank-흡혈","흡혈",1,1,"first_blank-거랄","거랄",1,0,0,1,"흡혈귀","거랄귀"
532,"first_blank","first_blank-흥미","흥미",1,24,"first_blank-쓰레","쓰레",24,0,0,1,"흥미로운","쓰레로운"
717,"first_blank","first_blank-흥분","흥분",1,22,"first_blank-ki","ki",22,0,0,1,"흥분한","ki한"
998,"first_blank","first_blank-힘","힘",1,1,"first_blank-브란","브란",1,0,1,1,"힘","브란"
