"word_id","first","original_pair","second","syll","original_freq","replacement_pair","replacement_syll","replacement_freq","freq_diff","char_diff","letter_diff","original_word","replacement_word"
141,"ccia","ccia-last_blank","last_blank",2,1,"raib-last_blank","raib",1,0,0,1,"a caccia","a caraib"
276,"lte","lte-last_blank","last_blank",2,1,"noy-last_blank","noy",1,0,0,1,"a volte","a vonoy"
95,"ba","ba-stan","stan",4,1,"ba-tross","tross",1,0,1,1,"abbastanza","abbatrossza"
964,"abi","abi-li","li",4,7,"strar-li","strar",5,2,2,1,"abilitare","strarlitare"
460,"abi","abi-ta","ta",3,21,"spor-ta","spor",21,0,1,1,"abitare","sportare"
96,"ac","ac-ce","ce",4,44,"estor-ce","estor",2,42,3,1,"accedere","estorcedere"
938,"first_blank","first_blank-ac","ac",6,796,"first_blank-istruir","istruir",5,791,5,1,"accidentalmente","istruircidentalmente"
368,"ac","ac-qui","qui",4,32,"ac-kroyd","kroyd",1,31,2,1,"acquistare","ackroydstare"
190,"first_blank","first_blank-ades","ades",2,1,"first_blank-brew","brew",1,0,0,1,"adesso","brewso"
961,"le","le-scen","scen",4,10,"le-clair","clair",1,9,1,1,"adolescente","adoleclairte"
880,"adul","adul-to","to",2,1,"sdet-to","sdet",1,0,0,1,"adulto","sdetto"
405,"first_blank","first_blank-afri","afri",2,7,"first_blank-atle","atle",7,0,0,1,"africa","atleca"
3,"first_blank","first_blank-agen","agen",2,11,"first_blank-stec","stec",11,0,0,1,"agente","stecte"
729,"sta","sta-re","re",4,58,"aguir-re","aguir",1,57,2,1,"aggiustare","aggiuaguirre"
840,"li","li-o","o",1,4,"tr-o","tr",4,0,0,1,"aglio","agtro"
917,"ag","ag-o","o",1,1,"ia-o","ia",1,0,0,1,"ago","iao"
4,"ai","ai-ds","ds",1,1,"ai-ha","ha",1,0,0,1,"aids","aiha"
132,"aiu","aiu-to","to",2,1,"pri-to","pri",1,0,0,1,"aiuto","prito"
660,"bum","bum-last_blank","last_blank",2,1,"vss-last_blank","vss",1,0,0,1,"album","alvss"
6,"cool","cool-last_blank","last_blank",2,2,"rall-last_blank","rall",2,0,0,1,"alcool","alrall"
765,"iso","iso-last_blank","last_blank",5,1,"flheim-last_blank","flheim",1,0,3,1,"all'improvviso","all'improvvflheim"
986,"oda","oda-last_blank","last_blank",4,1,"dinck-last_blank","dinck",1,0,2,1,"alla moda","alla mdinck"
906,"lar","lar-man","man",4,2,"brock-man","brock",1,1,2,1,"allarmante","albrockmante"
51,"le","le-na","na",5,49,"adrian-na","adrian",1,48,4,1,"allenatore","aladriannatore"
92,"al","al-tro","tro",3,6,"al-lear","lear",4,2,1,1,"altrove","allearve"
337,"first_blank","first_blank-alun","alun",2,4,"first_blank-oleo","oleo",4,0,0,1,"alunno","oleono"
93,"ba","ba-scia","scia",4,6,"ba-rings","rings",1,5,1,1,"ambasciata","ambaringsta"
11,"ba","ba-scia","scia",5,6,"ba-kewell","kewell",1,5,2,1,"ambasciatore","ambakewelltore"
693,"bien","bien-te","te",3,2,"leot-te","leot",2,0,0,1,"ambiente","amleotte"
12,"lan","lan-za","za",4,10,"spruz-za","spruz",10,0,2,1,"ambulanza","ambuspruzza"
803,"am","am-met","met",4,27,"am-plian","plian",1,26,2,1,"ammettere","ampliantere"
623,"am","am-mi","mi",6,50,"istruir-mi","istruir",1,49,5,1,"amministrazione","istruirministrazione"
2,"mi","mi-ra","ra",4,52,"esplo-ra","esplo",13,39,3,1,"ammirare","amesplorare"
951,"ana","ana-li","li",3,6,"glio-li","glio",6,0,1,1,"analista","gliolista"
992,"first_blank","first_blank-anar","anar",2,6,"first_blank-inef","inef",6,0,0,1,"anarchia","inefchia"
967,"mia","mia-last_blank","last_blank",3,59,"land-last_blank","land",59,0,1,1,"anatomia","anatoland"
889,"co","co-ra","ra",3,34,"co-glie","glie",37,3,2,1,"ancora","ancoglie"
13,"an","an-ge","ge",3,18,"brid-ge","brid",16,2,2,1,"angelo","bridgelo"
67,"an","an-go","go",3,17,"an-nien","nien",24,7,2,1,"angolo","annienlo"
466,"first_blank","first_blank-ani","ani",2,38,"first_blank-mes","mes",38,0,0,1,"anima","mesma"
701,"an","an-ne","ne",4,27,"glier-ne","glier",4,23,3,1,"annegare","gliernegare"
663,"ni","ni-ver","ver",5,3,"ni-cholls","cholls",1,2,3,1,"anniversario","annichollssario"
14,"first_blank","first_blank-ano","ano",3,20,"first_blank-bril","bril",20,0,1,1,"anonimo","brilnimo"
15,"do","do-to","to",4,4,"strat-to","strat",4,0,3,1,"antidoto","antistratto"
823,"an","an-zia","zia",3,6,"an-chor","chor",2,4,1,1,"anziano","anchorno"
28,"ap","ap-e","e",1,1,"hi-e","hi",1,0,0,1,"ape","hie"
197,"first_blank","first_blank-aper","aper",3,7,"first_blank-fiac","fiac",7,0,0,1,"apertura","fiactura"
148,"pe","pe-na","na",3,12,"azio-na","azio",9,3,2,1,"appena","apaziona"
665,"sta","sta-re","re",4,58,"aguir-re","aguir",1,57,2,1,"appestare","appeaguirre"
16,"pli","pli-ca","ca",4,66,"stron-ca","stron",4,62,2,1,"applicare","apstroncare"
568,"pro","pro-do","do",3,1,"sual-do","sual",1,0,1,1,"approdo","apsualdo"
196,"first_blank","first_blank-apri","apri",2,37,"first_blank-spaz","spaz",37,0,0,1,"aprire","spazre"
975,"first_blank","first_blank-are","are",2,8,"first_blank-sap","sap",8,0,0,1,"arena","sapna"
5,"ar","ar-ia","ia",1,2,"ar-bu","bu",2,0,0,1,"aria","arbu"
17,"ri","ri-vo","vo",3,28,"ri-scal","scal",30,2,2,1,"arrivo","arriscal"
791,"ni","ni-to","to",5,81,"istrut-to","istrut",3,78,4,1,"arrugginito","arruggiistrutto"
989,"ar","ar-se","se",4,6,"glies-se","glies",6,0,3,1,"arsenale","gliessenale"
638,"ar","ar-te","te",2,13,"sti-te","sti",12,1,1,1,"arte","stite"
18,"te","te-fat","fat",4,2,"te-schio","schio",1,1,2,1,"artefatto","arteschioto"
487,"ar","ar-ti","ti",4,40,"scien-ti","scien",10,30,3,1,"articolo","scienticolo"
425,"ti","ti-sta","sta",3,30,"ti-glie","glie",7,23,1,1,"artista","artiglie"
375,"first_blank","first_blank-asciut","asciut",2,4,"first_blank-spring","spring",4,0,0,3,"asciutto","springto"
367,"first_blank","first_blank-ascol","ascol",3,60,"first_blank-strap","strap",46,14,0,2,"ascoltare","straptare"
711,"first_blank","first_blank-asi","asi",2,8,"first_blank-zin","zin",8,0,0,1,"asino","zinno"
312,"aspet","aspet-ta","ta",3,23,"scrit-ta","scrit",7,16,0,1,"aspettare","scrittare"
725,"first_blank","first_blank-aspi","aspi",3,22,"first_blank-scat","scat",22,0,0,1,"aspirina","scatrina"
640,"first_blank","first_blank-as","as",6,508,"first_blank-nightli","nightli",1,507,5,1,"assolutamente","nightlisolutamente"
136,"su","su-me","me",4,30,"glier-me","glier",4,26,3,1,"assumere","asgliermere"
666,"as","as-ta","ta",1,1,"hi-ta","hi",1,0,0,1,"asta","hita"
675,"first_blank","first_blank-astro","astro",3,21,"first_blank-scioc","scioc",19,2,0,1,"astronauta","sciocnauta"
895,"first_blank","first_blank-ato","ato",3,8,"first_blank-blue","blue",8,0,1,1,"atomico","bluemico"
802,"ten","ten-zio","zio",4,23,"iscri-zio","iscri",2,21,2,1,"attenzione","atiscrizione"
430,"at","at-ti","ti",3,79,"iden-ti","iden",46,33,2,1,"attivo","identivo"
19,"traen","traen-te","te",3,3,"iniet-te","iniet",3,0,0,1,"attraente","atiniette"
812,"ra","ra-last_blank","last_blank",5,1513,"ra-brights","brights",1,1512,3,5,"attrezzatura","attrezzaturabrights"
781,"trez","trez-zo","zo",3,1,"rial-zo","rial",1,0,0,1,"attrezzo","atrialzo"
76,"tua","tua-le","le",3,15,"glie-le","glie",8,7,1,1,"attuale","atgliele"
565,"au","au-men","men",4,29,"au-stria","stria",4,25,2,1,"aumentare","austriatare"
21,"to","to-gra","gra",4,48,"to-rious","rious",1,47,2,1,"autografo","autoriousfo"
22,"top","top-sia","sia",3,1,"spas-sia","spas",1,0,1,1,"autopsia","auspassia"
20,"au","au-to","to",3,139,"glia-to","glia",50,89,2,1,"autore","gliatore"
684,"first_blank","first_blank-au","au",6,323,"first_blank-mightie","mightie",1,322,5,1,"autorizzazione","mightietorizzazione"
314,"ver","ver-ti","ti",5,95,"schian-ti","schian",1,94,3,1,"avvertimento","avschiantimento"
441,"av","av-vo","vo",4,4,"iscri-vo","iscri",2,2,3,1,"avvocato","iscrivocato"
438,"first_blank","first_blank-azien","azien",2,4,"first_blank-osten","osten",4,0,0,1,"azienda","ostenda"
465,"ba","ba-cio","cio",2,2,"ba-sas","sas",2,0,0,1,"bacio","basas"
26,"ba","ba-ia","ia",2,8,"ba-ste","ste",5,3,1,1,"baia","baste"
383,"bal","bal-le","le",4,19,"glier-le","glier",4,15,2,1,"ballerino","glierlerino"
940,"first_blank","first_blank-bam","bam",4,35,"first_blank-scher","scher",37,2,2,1,"bambinaia","scherbinaia"
366,"first_blank","first_blank-bam","bam",3,35,"first_blank-sten","sten",35,0,1,1,"bambino","stenbino"
652,"first_blank","first_blank-bam","bam",3,35,"first_blank-gior","gior",35,0,1,1,"bambola","giorbola"
23,"na","na-na","na",3,6,"sfor-na","sfor",6,0,2,1,"banana","basforna"
25,"ca","ca-rio","rio",3,7,"ca-stle","stle",7,0,1,1,"bancario","bancastle"
24,"ban","ban-chie","chie",3,2,"ban-ning","ning",1,1,0,1,"banchiere","banningre"
601,"ban","ban-da","da",2,11,"gra-da","gra",11,0,0,1,"banda","grada"
111,"die","die-ra","ra",3,6,"emor-ra","emor",5,1,1,1,"bandiera","banemorra"
53,"ba","ba-ra","ra",2,13,"rie-ra","rie",14,1,1,1,"bara","riera"
756,"ba","ba-ro","ro",3,15,"glie-ro","glie",13,2,2,1,"barone","glierone"
903,"ba","ba-se","se",2,6,"ba-zio","zio",6,0,1,1,"base","bazio"
158,"first_blank","first_blank-bas","bas",2,19,"first_blank-sun","sun",19,0,0,1,"basso","sunso"
281,"ba","ba-sto","sto",3,10,"ba-ciar","ciar",9,1,1,1,"bastone","baciarne"
227,"first_blank","first_blank-bel","bel",2,71,"first_blank-fra","fra",71,0,0,1,"bella","frala"
184,"first_blank","first_blank-bel","bel",2,71,"first_blank-fra","fra",71,0,0,1,"bello","fralo"
654,"fi","fi-cen","cen",5,7,"sports-cen","sports",1,6,4,1,"beneficenza","benesportscenza"
408,"be","be-re","re",2,19,"tra-re","tra",18,1,1,1,"bere","trare"
27,"stia","stia-last_blank","last_blank",2,13,"tier-last_blank","tier",13,0,0,1,"bestia","betier"
322,"first_blank","first_blank-bian","bian",2,10,"first_blank-pron","pron",10,0,0,1,"bianco","pronco"
501,"first_blank","first_blank-bib","bib",2,3,"first_blank-ged","ged",3,0,0,1,"bibbia","gedbia"
150,"blio","blio-te","te",4,5,"sfrut-te","sfrut",6,1,1,1,"biblioteca","bisfrutteca"
444,"chie","chie-re","re",3,12,"stra-re","stra",14,2,0,1,"bicchiere","bicstrare"
555,"gliet","gliet-to","to",3,7,"strut-to","strut",7,0,0,1,"biglietto","bistrutto"
913,"lan","lan-cio","cio",3,4,"spic-cio","spic",4,0,1,1,"bilancio","bispiccio"
154,"first_blank","first_blank-bloc","bloc",3,43,"first_blank-riem","riem",46,3,0,1,"bloccato","riemcato"
545,"first_blank","first_blank-boc","boc",2,38,"first_blank-mes","mes",38,0,0,1,"bocca","mesca"
359,"first_blank","first_blank-bom","bom",2,33,"first_blank-eva","eva",33,0,0,1,"bomba","evaba"
709,"nus.","nus.-last_blank","last_blank",2,1,"kurt-last_blank","kurt",1,0,0,1,"bonus.","bokurt"
31,"first_blank","first_blank-bra","bra",2,67,"first_blank-cat","cat",67,0,0,1,"bravo","catvo"
394,"first_blank","first_blank-bre","bre",2,33,"first_blank-ses","ses",33,0,0,1,"breve","sesve"
668,"bru","bru-ta","ta",3,5,"guan-ta","guan",4,1,1,1,"brutale","guantale"
78,"bu","bu-io","io",1,1,"id-io","id",1,0,0,1,"buio","idio"
581,"first_blank","first_blank-buo","buo",2,14,"first_blank-rot","rot",14,0,0,1,"buona","rotna"
790,"first_blank","first_blank-bus","bus",3,21,"first_blank-sgom","sgom",21,0,1,1,"bussola","sgomsola"
97,"bu","bu-sta","sta",2,8,"bu-car","car",7,1,0,1,"busta","bucar"
34,"ca","ca-bi","bi",3,39,"proi-bi","proi",12,27,2,1,"cabina","proibina"
762,"ca","ca-de","de",2,26,"ca-tri","tri",18,8,1,1,"cade","catri"
575,"ce","ce-struz","struz",4,1,"ce-plant","plant",1,0,0,1,"calcestruzzo","calceplantzo"
313,"cal","cal-do","do",2,1,"sei-do","sei",1,0,0,1,"caldo","seido"
713,"len","len-da","da",4,2,"esplo-da","esplo",2,0,2,1,"calendario","caesplodario"
35,"li","li-bro","bro",3,6,"li-ster","ster",6,0,1,1,"calibro","calister"
551,"lo","lo-re","re",3,24,"scia-re","scia",14,10,2,1,"calore","casciare"
43,"bia","bia-last_blank","last_blank",2,35,"lon-last_blank","lon",35,0,0,1,"cambia","camlon"
584,"ca","ca-me","me",3,30,"ca-stra","stra",11,19,2,1,"camera","castrara"
708,"rie","rie-re","re",4,9,"espor-re","espor",2,7,2,1,"cameriere","cameesporre"
420,"mi","mi-cia","cia",3,8,"mi-kael","kael",3,5,1,1,"camicia","camikael"
870,"gna","gna-last_blank","last_blank",3,74,"ford-last_blank","ford",66,8,1,1,"campagna","campaford"
41,"pio","pio-ne","ne",3,8,"bour-ne","bour",5,3,1,1,"campione","cambourne"
769,"cam","cam-po","po",2,7,"pre-po","pre",6,1,0,1,"campo","prepo"
44,"ca","ca-na","na",3,54,"azio-na","azio",9,45,2,1,"canale","azionale"
42,"lie","lie-re","re",4,15,"strui-re","strui",5,10,2,1,"cancelliere","cancelstruire"
874,"can","can-di","di",4,29,"estra-di","estra",1,28,2,1,"candidato","estradidato"
329,"ca","ca-ne","ne",2,19,"ca-tri","tri",18,1,1,1,"cane","catri"
968,"can","can-nel","nel",3,3,"aria-nel","aria",1,2,1,1,"cannella","arianella"
490,"can","can-tan","tan",3,3,"tret-tan","tret",4,1,1,1,"cantante","trettante"
452,"os","os-last_blank","last_blank",1,18,"ek-last_blank","ek",18,0,0,1,"caos","caek"
882,"ca","ca-pa","pa",4,12,"estir-pa","estir",3,9,3,1,"capacità","estirpacità"
544,"ca","ca-pel","pel",3,10,"ca-stra","stra",11,1,1,1,"capelli","castrali"
651,"pi","pi-ta","ta",4,67,"ascol-ta","ascol",26,41,3,1,"capitale","caascoltale"
847,"first_blank","first_blank-cap","cap",3,44,"first_blank-spre","spre",43,1,1,1,"capsula","spresula"
418,"rat","rat-te","te",4,17,"ascol-te","ascol",12,5,2,1,"carattere","caascoltere"
52,"car","car-bo","bo",3,14,"piom-bo","piom",2,12,1,1,"carbone","piombone"
891,"bo","bo-nio","nio",3,1,"bo-sley","sley",1,0,1,1,"carbonio","carbosley"
869,"ca","ca-ri","ri",3,95,"ca-stle","stle",7,88,2,1,"carico","castleco"
37,"car","car-ne","ne",4,13,"thlee-ne","thlee",1,12,2,1,"carnevale","thleenevale"
475,"rie","rie-ra","ra",3,14,"aspi-ra","aspi",13,1,1,1,"carriera","caraspira"
633,"car","car-ta","ta",2,16,"gui-ta","gui",13,3,0,1,"carta","guita"
582,"ca","ca-sa","sa",2,19,"zio-sa","zio",19,0,1,1,"casa","ziosa"
573,"ca","ca-sco","sco",2,2,"ca-the","the",2,0,0,1,"casco","cathe"
650,"te","te-na","na",3,31,"gior-na","gior",43,12,2,1,"catena","cagiorna"
38,"cat","cat-to","to",4,14,"espia-to","espia",3,11,2,1,"cattolico","espiatolico"
722,"val","val-le","le",4,8,"glier-le","glier",4,4,2,1,"cavalleria","caglierleria"
531,"ca","ca-vo","vo",2,29,"ca-liz","liz",36,7,1,1,"cavo","caliz"
39,"bri","bri-tà","tà",4,1,"sleal-tà","sleal",1,0,2,1,"celebrità","celeslealtà"
643,"first_blank","first_blank-cel","cel",3,22,"first_blank-aspi","aspi",22,0,1,1,"cellula","aspilula"
40,"ce","ce-men","men",3,15,"ce-trio","trio",4,11,1,1,"cemento","cetrioto"
588,"ce","ce-na","na",2,15,"ce-men","men",15,0,1,1,"cena","cemen"
500,"ne","ne-re","re",3,72,"glia-re","glia",39,33,2,1,"cenere","cegliare"
653,"cer","cer-chio","chio",2,4,"noc-chio","noc",5,1,0,1,"cerchio","nocchio"
763,"vel","vel-lo","lo",3,12,"giar-lo","giar",10,2,1,1,"cervello","cergiarlo"
727,"ce","ce-sa","sa",3,8,"spon-sa","spon",8,0,2,1,"cesare","sponsare"
533,"glio","glio-last_blank","last_blank",3,89,"ster-last_blank","ster",99,10,0,1,"cespuglio","cespuster"
315,"osa","osa-last_blank","last_blank",3,1,"kiel-last_blank","kiel",1,0,1,1,"che cosa","che ckiel"
36,"chia","chia-ma","ma",3,43,"gram-ma","gram",40,3,0,1,"chiamata","grammata"
48,"chia","chia-ra","ra",4,18,"esplo-ra","esplo",13,5,1,1,"chiaramente","esploramente"
467,"chia","chia-ve","ve",2,2,"scon-ve","scon",2,0,0,2,"chiave","sconve"
764,"chie","chie-sa","sa",2,1,"scio-sa","scio",1,0,0,1,"chiesa","sciosa"
757,"chi","chi-lo","lo",2,7,"pel-lo","pel",7,0,0,1,"chilo","pello"
406,"chi","chi-lo","lo",4,7,"strar-lo","strar",7,0,2,1,"chilometro","strarlometro"
626,"chi","chi-mi","mi",3,12,"gram-mi","gram",12,0,1,1,"chimica","grammica"
627,"chi","chi-mi","mi",3,12,"gram-mi","gram",12,0,1,1,"chimico","grammico"
656,"first_blank","first_blank-chio","chio",2,9,"first_blank-blin","blin",9,0,0,1,"chiodo","blindo"
334,"rur","rur-go","go",3,3,"sven-go","sven",2,1,1,1,"chirurgo","chisvengo"
131,"ci","ci-ao","ao",1,1,"ci-rà","rà",1,0,0,1,"ciao","cirà"
797,"ci","ci-bo","bo",2,1,"ci-pit","pit",1,0,1,1,"cibo","cipit"
477,"cie","cie-co","co",2,1,"wel-co","wel",1,0,0,1,"cieco","welco"
273,"first_blank","first_blank-cie","cie",2,8,"first_blank-loo","loo",8,0,0,1,"cielo","loolo"
615,"ne","ne-ma","ma",3,8,"spal-ma","spal",5,3,2,1,"cinema","cispalma"
772,"cio","cio-to","to",3,2,"sbat-to","sbat",2,0,1,1,"ciotola","sbattola"
723,"vi","vi-le","le",3,12,"trol-le","trol",13,1,2,1,"civile","citrolle"
706,"cl","cl-an","an",1,3,"sk-an","sk",2,1,0,1,"clan","skan"
439,"clas","clas-se","se",2,3,"stis-se","stis",3,0,0,1,"classe","stisse"
511,"ub","ub-last_blank","last_blank",1,5,"yo-last_blank","yo",5,0,0,1,"club","clyo"
351,"cai","cai-na","na",3,4,"iber-na","iber",4,0,1,1,"cocaina","coiberna"
515,"di","di-ce","ce",3,40,"di-stur","stur",37,3,2,1,"codice","codistur"
362,"col","col-le","le",3,63,"stra-le","stra",8,55,1,1,"collega","stralega"
424,"col","col-li","li",3,11,"glie-li","glie",9,2,1,1,"collina","glielina"
624,"lo","lo-nia","nia",3,7,"lo-vers","vers",2,5,1,1,"colonia","colovers"
897,"col","col-po","po",2,5,"eva-po","eva",6,1,0,1,"colpo","evapo"
344,"dan","dan-te","te",4,20,"aspet-te","aspet",14,6,2,1,"comandante","comanaspette"
56,"co","co-man","man",3,58,"co-glie","glie",37,21,1,1,"comando","cogliedo"
54,"com","com-bat","bat",4,57,"com-pound","pound",1,56,2,1,"combattere","compoundtere"
700,"first_blank","first_blank-com","com",5,695,"first_blank-espres","espres",11,684,3,1,"combinazione","espresbinazione"
822,"com","com-men","men",3,13,"zial-men","zial",7,6,1,1,"commento","zialmento"
57,"mer","mer-cia","cia",4,12,"ghiac-cia","ghiac",7,5,2,1,"commerciale","comghiacciale"
384,"com","com-mis","mis",4,11,"com-plean","plean",2,9,2,1,"commissione","compleansione"
55,"co","co-mo","mo",3,33,"stia-mo","stia",31,2,2,1,"comodo","stiamodo"
988,"first_blank","first_blank-com","com",6,695,"first_blank-istruir","istruir",5,690,4,1,"compassionevole","istruirpassionevole"
611,"com","com-pi","pi",3,28,"grap-pi","grap",1,27,1,1,"compito","grappito"
667,"pli","pli-men","men",4,6,"escre-men","escre",2,4,2,1,"complimento","comescremento"
911,"con","con-cet","cet",3,6,"con-trac","trac",6,0,1,1,"concetto","contracto"
61,"clu","clu-sio","sio",4,7,"esten-sio","esten",2,5,2,1,"conclusione","conestensione"
58,"ren","ren-za","za",4,28,"schiz-za","schiz",8,20,2,1,"concorrenza","concorschizza"
382,"ren","ren-za","za",4,28,"schiz-za","schiz",8,20,2,1,"conferenza","confeschizza"
386,"con","con-fer","fer",3,33,"con-trat","trat",21,12,1,1,"conferma","contratma"
778,"flit","flit-to","to",3,3,"miau-to","miau",3,0,0,1,"conflitto","conmiauto"
62,"first_blank","first_blank-con","con",5,1820,"first_blank-espres","espres",11,1809,3,1,"congratularsi","espresgratularsi"
886,"con","con-ser","ser",3,37,"con-trat","trat",21,16,1,1,"conserva","contratva"
932,"con","con-ser","ser",5,37,"straus-ser","straus",1,36,3,1,"conservatore","strausservatore"
806,"si","si-gli","gli",3,1,"si-rius","rius",1,0,1,1,"consigli","consirius"
928,"nistri","nistri-last_blank","last_blank",7,1,"tschland-last_blank","tschland",1,0,2,1,"consiglio dei ministri","consiglio dei mitschland"
105,"con","con-ta","ta",4,91,"aspet-ta","aspet",23,68,2,1,"contadino","aspettadino"
993,"first_blank","first_blank-con","con",6,1820,"first_blank-istruir","istruir",5,1815,4,1,"contaminazione","istruirtaminazione"
68,"con","con-ta","ta",3,91,"glia-ta","glia",27,64,1,1,"contano","gliatano"
510,"tat","tat-to","to",3,3,"spor-to","spor",3,0,1,1,"contatto","consporto"
777,"tea","tea-last_blank","last_blank",2,6,"jan-last_blank","jan",6,0,0,1,"contea","conjan"
65,"con","con-te","te",4,67,"aspet-te","aspet",14,53,2,1,"contenere","aspettenere"
478,"trar","trar-re","re",3,7,"igno-re","igno",9,2,0,1,"contrarre","conignore"
66,"trol","trol-lo","lo",3,5,"ideo-lo","ideo",5,0,0,1,"controllo","conideolo"
512,"zio","zio-ne","ne",5,847,"estrar-ne","estrar",1,846,3,1,"conversazione","conversaestrarne"
69,"per","per-ti","ti",4,18,"ghiot-ti","ghiot",8,10,2,1,"copertina","coghiottina"
808,"co","co-rag","rag",3,29,"co-glie","glie",37,8,1,1,"coraggio","cogliegio"
828,"cor","cor-no","no",2,4,"tua-no","tua",4,0,0,1,"corno","tuano"
75,"co","co-ro","ro",3,29,"co-glie","glie",37,8,2,1,"corona","cogliena"
678,"cor","cor-po","po",2,24,"sup-po","sup",18,6,0,1,"corpo","suppo"
539,"cor","cor-re","re",3,59,"glia-re","glia",39,20,1,1,"correre","gliarere"
703,"zio","zio-ne","ne",5,847,"estrar-ne","estrar",1,846,3,1,"cospirazione","cospiraestrarne"
559,"sto","sto-so","so",3,7,"gras-so","gras",5,2,1,1,"costoso","cograsso"
64,"co","co-stru","stru",4,4,"co-glies","glies",2,2,1,1,"costruzione","coglieszione"
72,"crea","crea-re","re",2,3,"fluo-re","fluo",3,0,0,2,"creare","fluore"
73,"first_blank","first_blank-crea","crea",3,30,"first_blank-schi","schi",30,0,0,1,"creazione","schizione"
736,"cre","cre-di","di",3,25,"giar-di","giar",9,16,1,1,"credito","giardito"
71,"cre","cre-ma","ma",2,8,"sul-ma","sul",7,1,0,1,"crema","sulma"
70,"cre","cre-pa","pa",2,8,"sti-pa","sti",8,0,0,1,"crepa","stipa"
74,"cri","cri-ti","ti",3,22,"stan-ti","stan",17,5,1,1,"critico","stantico"
747,"chia","chia-io","io",3,1,"scuo-io","scuo",1,0,0,1,"cucchiaio","cucscuoio"
900,"cu","cu-ci","ci",4,47,"gliar-ci","gliar",7,40,3,1,"cucinare","gliarcinare"
859,"cu","cu-lo","lo",2,16,"cu-men","men",17,1,1,1,"culo","cumen"
402,"first_blank","first_blank-cul","cul",3,32,"first_blank-ster","ster",32,0,1,1,"cultura","stertura"
776,"oro","oro-last_blank","last_blank",2,1,"col-last_blank","col",1,0,0,1,"d'oro","d'col"
8,"olo","olo-last_blank","last_blank",3,1,"sins-last_blank","sins",1,0,1,1,"da solo","da ssins"
857,"iata","iata-last_blank","last_blank",5,1,"rewood-last_blank","rewood",1,0,2,1,"dai un'occhiata","dai un'occhrewood"
687,"first_blank","first_blank-da","da",2,261,"first_blank-rin","rin",254,7,1,1,"dati","rinti"
858,"da","da-van","van",3,4,"da-glia","glia",4,0,1,1,"davanti","dagliati"
751,"de","de-ca","ca",3,23,"de-pres","pres",13,10,2,1,"decano","depresno"
80,"de","de-cen","cen",3,10,"de-stra","stra",15,5,1,1,"decente","destrate"
619,"nota","nota-last_blank","last_blank",5,1,"thless-last_blank","thless",1,0,2,1,"degno di nota","degno di thless"
879,"li","li-ca","ca",4,46,"stron-ca","stron",4,42,3,1,"delicato","destroncato"
636,"nte","nte-last_blank","last_blank",6,1,"tskills-last_blank","tskills",1,0,4,1,"denaro contante","denaro contatskills"
81,"de","de-scri","scri",4,28,"de-fault","fault",1,27,1,1,"descrivere","defaultvere"
82,"de","de-ser","ser",3,5,"de-rick","rick",5,0,1,1,"deserto","derickto"
83,"de","de-rio","rio",4,1,"de-fault","fault",1,0,2,1,"desiderio","desidefault"
904,"sti","sti-no","no",3,23,"gior-no","gior",7,16,1,1,"destino","degiorno"
987,"de","de-to","to",5,8,"istrut-to","istrut",3,5,4,1,"detonatore","istruttonatore"
973,"tanto","tanto-last_blank","last_blank",5,1,"dreaux-last_blank","dreaux",1,0,1,1,"di tanto in tanto","di tanto in dreaux"
569,"dia","dia-man","man",3,2,"ster-man","ster",1,1,1,1,"diamante","stermante"
935,"first_blank","first_blank-diar","diar",2,1,"first_blank-tiem","tiem",1,0,0,1,"diarrea","tiemrea"
634,"first_blank","first_blank-dif","dif",4,70,"first_blank-aspet","aspet",67,3,2,1,"difficile","aspetficile"
84,"sting.","sting.-last_blank","last_blank",3,1,"struii-last_blank","struii",1,0,0,1,"digusting.","digustruii"
387,"let","let-tan","tan",4,4,"ascol-tan","ascol",2,2,2,1,"dilettante","diascoltante"
392,"di","di-men","men",5,111,"di-strict","strict",1,110,3,1,"dimenticare","districtticare"
958,"di","di-mis","mis",4,2,"di-strai","strai",2,0,2,1,"dimissioni","distraisioni"
945,"stia","stia-last_blank","last_blank",3,13,"nard-last_blank","nard",13,0,0,1,"dinastia","dinanard"
121,"di","di-o","o",1,1,"ia-o","ia",1,0,0,1,"dio","iao"
206,"pin","pin-ge","ge",4,13,"estro-ge","estro",2,11,2,1,"dipingere","diestrogere"
850,"plo","plo-ma","ma",3,11,"trau-ma","trau",14,3,1,1,"diploma","ditrauma"
260,"first_blank","first_blank-di","di",2,1825,"first_blank-con","con",1820,5,1,1,"dire","conre"
485,"di","di-ret","ret",3,18,"di-spia","spia",16,2,1,1,"diretto","dispiato"
632,"di","di-sco","sco",2,37,"di-car","car",37,0,0,1,"disco","dicar"
865,"scor","scor-so","so",3,5,"glio-so","glio",5,0,0,1,"discorso","diglioso"
85,"stan","stan-za","za",3,8,"chez-za","chez",8,0,0,1,"distanza","dichezza"
697,"stin","stin-ti","ti",4,5,"dioat-ti","dioat",6,1,1,1,"distintivo","didioattivo"
274,"di","di-strug","strug",4,47,"di-ciott","ciott",1,46,0,1,"distruggere","diciottgere"
552,"di","di-to","to",2,81,"di-ven","ven",53,28,1,1,"dito","diven"
109,"first_blank","first_blank-dit","dit",2,11,"first_blank-zop","zop",11,0,0,1,"ditta","zopta"
536,"di","di-va","va",3,28,"di-stri","stri",26,2,2,1,"divano","distrino"
343,"vor","vor-zio","zio",3,1,"esen-zio","esen",1,0,1,1,"divorzio","diesenzio"
981,"di","di-zio","zio",4,55,"di-strug","strug",47,8,2,1,"dizionario","distrugnario"
962,"a.","a.-last_blank","last_blank",1,1,"lã-last_blank","lã",1,0,0,1,"dna.","dnlã"
602,"first_blank","first_blank-doc","doc",2,9,"first_blank-isa","isa",9,0,0,1,"doccia","isacia"
570,"dol","dol-ce","ce",2,4,"tar-ce","tar",4,0,0,1,"dolce","tarce"
237,"do","do-man","man",3,31,"do-glio","glio",3,28,1,1,"domanda","doglioda"
298,"do","do-ma","ma",3,13,"trau-ma","trau",14,1,2,1,"domani","traumani"
734,"first_blank","first_blank-dop","dop",2,18,"first_blank-pur","pur",18,0,0,1,"doppio","purpio"
579,"do","do-se","se",2,7,"gas-se","gas",8,1,1,1,"dose","gasse"
88,"first_blank","first_blank-dra","dra",2,31,"first_blank-pet","pet",31,0,0,1,"drago","petgo"
426,"first_blank","first_blank-dram","dram",2,13,"first_blank-idro","idro",13,0,0,1,"dramma","idroma"
89,"first_blank","first_blank-dram","dram",4,13,"first_blank-estor","estor",12,1,1,1,"drammatico","estormatico"
86,"first_blank","first_blank-dub","dub",2,8,"first_blank-sag","sag",8,0,0,1,"dubbio","sagbio"
306,"du","du-e","e",1,1,"hr-e","hr",1,0,0,1,"due","hre"
726,"first_blank","first_blank-dv","dv",1,3,"first_blank-rs","rs",3,0,0,1,"dvd","rsd"
101,"ec","ec-cel","cel",4,11,"ec-klund","klund",1,10,2,1,"eccellente","ecklundlente"
960,"ec","ec-ce","ce",5,12,"ec-khardt","khardt",1,11,4,1,"eccezionale","eckhardtzionale"
520,"ci","ci-tan","tan",4,9,"ci-schia","schia",1,8,2,1,"eccitante","eccischiate"
662,"first_blank","first_blank-edu","edu",3,22,"first_blank-aspi","aspi",22,0,1,1,"educato","aspicato"
878,"first_blank","first_blank-eli","eli",4,65,"first_blank-aspet","aspet",67,2,2,1,"eliminare","aspetminare"
541,"first_blank","first_blank-ener","ener",2,18,"first_blank-espo","espo",18,0,0,1,"energia","espogia"
715,"smo","smo-last_blank","last_blank",4,148,"field-last_blank","field",49,99,2,1,"entusiasmo","entusiafield"
817,"first_blank","first_blank-equi","equi",3,36,"first_blank-sfor","sfor",36,0,0,1,"equilibrio","sforlibrio"
419,"first_blank","first_blank-equi","equi",3,36,"first_blank-sven","sven",36,0,0,1,"equipaggio","svenpaggio"
134,"first_blank","first_blank-ere","ere",3,35,"first_blank-gior","gior",35,0,1,1,"eredità","giordità"
135,"oe","oe-last_blank","last_blank",1,9,"sì-last_blank","sì",9,0,0,1,"eroe","ersì"
782,"ro","ro-re","re",3,6,"ghie-re","ghie",5,1,2,1,"errore","erghiere"
100,"first_blank","first_blank-esa","esa",4,59,"first_blank-strin","strin",41,18,2,1,"esaminare","strinminare"
593,"first_blank","first_blank-espe","espe",3,8,"first_blank-plan","plan",8,0,0,1,"esperienza","planrienza"
492,"first_blank","first_blank-esper","esper",2,4,"first_blank-osteo","osteo",4,0,0,1,"esperto","osteoto"
358,"esta","esta-te","te",2,1,"chat-te","chat",1,0,0,1,"estate","chatte"
102,"first_blank","first_blank-estre","estre",4,11,"first_blank-trans","trans",11,0,0,1,"estremamente","transmamente"
98,"first_blank","first_blank-eter","eter",2,9,"first_blank-orec","orec",9,0,0,1,"eterno","orecno"
799,"first_blank","first_blank-evi","evi",3,57,"first_blank-scar","scar",57,0,1,1,"evidenza","scardenza"
926,"first_blank","first_blank-evo","evo",4,24,"first_blank-stran","stran",24,0,2,1,"evoluzione","stranluzione"
948,"tra","tra-last_blank","last_blank",2,55,"die-last_blank","die",55,0,0,1,"extra","exdie"
103,"first_blank","first_blank-fab","fab",3,22,"first_blank-aspi","aspi",22,0,1,1,"fabbrica","aspibrica"
920,"fa","fa-me","me",2,5,"sim-me","sim",5,0,1,1,"fame","simme"
696,"fan","fan-go","go",2,6,"bur-go","bur",6,0,0,1,"fango","burgo"
90,"ere","ere-last_blank","last_blank",4,1,"léans-last_blank","léans",1,0,2,1,"far cadere","far cadléans"
163,"fa","fa-re","re",2,35,"ghe-re","ghe",30,5,1,1,"fare","ghere"
365,"fal","fal-la","la",3,3,"scuo-la","scuo",3,0,1,1,"farfalla","farscuola"
740,"sci","sci-no","no",3,6,"pran-no","pran",6,0,1,1,"fascino","fapranno"
702,"fa","fa-se","se",2,1,"cen-se","cen",1,0,1,1,"fase","cense"
283,"fa","fa-ti","ti",3,43,"spet-ti","spet",30,13,2,1,"fatica","spettica"
670,"fat","fat-to","to",3,30,"chia-to","chia",30,0,1,1,"fattore","chiatore"
107,"fe","fe-del","del",3,6,"fe-stan","stan",6,0,1,1,"fedeltà","festantà"
106,"fe","fe-de","de",4,25,"esplo-de","esplo",10,15,3,1,"federale","esploderale"
212,"fe","fe-no","no",4,6,"astro-no","astro",8,2,3,1,"fenomeno","astronomeno"
560,"ri","ri-ta","ta",3,129,"ri-spon","spon",57,72,2,1,"ferita","ferispon"
350,"fer","fer-ro","ro",2,11,"gne-ro","gne",10,1,0,1,"ferro","gnero"
454,"fi","fi-dan","dan",5,19,"fi-schiet","schiet",5,14,3,1,"fidanzamento","fischietzamento"
303,"du","du-cia","cia",3,11,"du-jour","jour",1,10,1,1,"fiducia","fidujour"
390,"fi","fi-glia","glia",2,5,"fi-bril","bril",4,1,0,1,"figlia","fibril"
474,"fi","fi-le","le",2,12,"rel-le","rel",12,0,1,1,"file","relle"
213,"so","so-fia","fia",4,3,"so-mewhe","mewhe",1,2,2,1,"filosofia","filosomewhe"
996,"fi","fi-na","na",3,51,"fi-cien","cien",24,27,2,1,"finale","ficienle"
860,"fi","fi-nal","nal",4,3,"fi-schio","schio",2,1,2,1,"finalmente","fischiomente"
108,"nan","nan-za","za",3,11,"spez-za","spez",9,2,1,1,"finanza","fispezza"
985,"first_blank","first_blank-fi","fi",6,451,"first_blank-bestsel","bestsel",1,450,5,1,"finanziariamente","bestselnanziariamente"
94,"fi","fi-ne","ne",2,18,"fi-dar","dar",18,0,1,1,"fine","fidar"
396,"stra","stra-last_blank","last_blank",3,34,"ning-last_blank","ning",34,0,0,1,"finestra","finening"
214,"fi","fi-si","si",3,14,"pros-si","pros",14,0,2,1,"fisica","prossica"
472,"first_blank","first_blank-fiu","fiu",2,10,"first_blank-zan","zan",10,0,0,1,"fiume","zanme"
866,"first_blank","first_blank-fol","fol",2,32,"first_blank-whi","whi",32,0,0,1,"folla","whila"
743,"first_blank","first_blank-fol","fol",2,32,"first_blank-cla","cla",32,0,0,1,"follia","clalia"
278,"fon","fon-te","te",2,4,"ner-te","ner",4,0,0,1,"fonte","nerte"
733,"fo","fo-rag","rag",3,1,"fo-ghia","ghia",1,0,1,1,"foraggio","foghiagio"
877,"for","for-no","no",2,1,"tia-no","tia",1,0,0,1,"forno","tiano"
331,"for","for-te","te",2,9,"bla-te","bla",9,0,0,1,"forte","blate"
282,"first_blank","first_blank-for","for",2,227,"first_blank-can","can",226,1,0,1,"forza","canza"
590,"fo","fo-to","to",2,46,"zia-to","zia",38,8,1,1,"foto","ziato"
892,"first_blank","first_blank-fram","fram",3,6,"first_blank-unir","unir",6,0,0,1,"frammento","unirmento"
941,"fran","fran-co","co",4,4,"scioc-co","scioc",1,3,1,1,"francobollo","scioccobollo"
577,"quen","quen-za","za",3,5,"triz-za","triz",5,0,0,1,"frequenza","fretrizza"
905,"first_blank","first_blank-fre","fre",2,140,"first_blank-mor","mor",140,0,0,1,"fresco","morsco"
571,"fu","fu-ci","ci",3,13,"ciar-ci","ciar",12,1,2,1,"fucile","ciarcile"
746,"first_blank","first_blank-fug","fug",3,40,"first_blank-stri","stri",39,1,1,1,"fuggire","strigire"
151,"ful","ful-mi","mi",3,13,"giar-mi","giar",13,0,1,1,"fulmine","giarmine"
275,"fu","fu-mo","mo",2,9,"sco-mo","sco",9,0,1,1,"fumo","scomo"
393,"first_blank","first_blank-fuo","fuo",2,24,"first_blank-cle","cle",24,0,0,1,"fuoco","cleco"
204,"first_blank","first_blank-fuo","fuo",2,24,"first_blank-tie","tie",24,0,0,1,"fuori","tieri"
205," da"," da-last_blank","last_blank",3,1,"clei-last_blank","clei",1,0,1,1,"fuori da","fuoriclei"
403,"mune","mune-last_blank","last_blank",6,1,"tswolds-last_blank","tswolds",1,0,3,1,"fuori dal comune","fuori dal cotswolds"
87,"uso","uso-last_blank","last_blank",3,1,"bitt-last_blank","bitt",1,0,1,1,"fuori uso","fuori bitt"
574,"fur","fur-to","to",2,2,"plo-to","plo",2,0,0,1,"furto","ploto"
506,"fu","fu-tu","tu",3,9,"isti-tu","isti",7,2,2,1,"futuro","istituro"
297,"bi","bi-net","net",4,7,"bi-ghorn","ghorn",1,6,2,1,"gabinetto","gabighornto"
496,"gal","gal-le","le",3,8,"stra-le","stra",8,0,1,1,"galleria","straleria"
609,"ran","ran-zia","zia",3,1,"spez-zia","spez",1,0,1,1,"garanzia","gaspezzia"
600,"ga","ga-s","s",1,1,"hn-s","hn",1,0,0,1,"gas","hns"
554,"first_blank","first_blank-ge","ge",3,275,"knightsbrid-ge","knightsbrid",1,274,0,6,"geloso","knightsbridgeloso"
332,"first_blank","first_blank-ge","ge",4,275,"knightsbrid-ge","knightsbrid",1,274,0,5,"generale","knightsbridgenerale"
353,"first_blank","first_blank-ge","ge",5,275,"knightsbrid-ge","knightsbrid",1,274,0,4,"generatore","knightsbridgeneratore"
118,"ge","ge-nio","nio",2,3,"ge-lan","lan",3,0,0,1,"genio","gelan"
953,"stio","stio-ne","ne",3,12,"bour-ne","bour",5,7,0,1,"gestione","gebourne"
997,"first_blank","first_blank-ge","ge",3,275,"knightsbrid-ge","knightsbrid",1,274,0,6,"gestire","knightsbridgestire"
119,"ge","ge-sto","sto",2,4,"ge-ren","ren",4,0,0,1,"gesto","geren"
9,"first_blank","first_blank-gi","gi",1,207,"first_blank-fo","fo",215,8,0,1,"già","foà"
436,"re a","re a-last_blank","last_blank",3,1,"caux-last_blank","caux",1,0,0,1,"giocare a","giocacaux"
873,"ardo","ardo-last_blank","last_blank",5,1,"newall-last_blank","newall",1,0,2,1,"gioco d'azzardo","gioco d'azznewall"
966,"first_blank","first_blank-gior","gior",4,35,"first_blank-ubria","ubria",30,5,1,1,"giornalismo","ubrianalismo"
562,"gio","gio-ven","ven",3,3,"gio-stra","stra",3,0,1,1,"gioventù","giostratù"
305,"first_blank","first_blank-gi","gi",2,207,"first_blank-pen","pen",205,2,1,1,"giro","penro"
503,"gno","gno-last_blank","last_blank",2,63,"per-last_blank","per",63,0,0,1,"giugno","giuper"
694,"gla","gla-last_blank","last_blank",2,3,"cam-last_blank","cam",3,0,0,1,"giungla","giuncam"
717,"first_blank","first_blank-giu","giu",5,170,"first_blank-espres","espres",11,159,3,1,"giurisdizione","espresrisdizione"
251,"giu","giu-sto","sto",2,3,"giu-rar","rar",3,0,0,1,"giusto","giurar"
831,"first_blank","first_blank-glo","glo",3,27,"first_blank-tren","tren",27,0,1,1,"glorioso","trenrioso"
604,"first_blank","first_blank-go","go",2,200,"first_blank-pen","pen",205,5,1,1,"gola","penla"
404,"go","go-lf","lf",1,1,"go-zi","zi",1,0,0,1,"golf","gozi"
620,"gon","gon-na","na",2,3,"cro-na","cro",3,0,0,1,"gonna","crona"
333,"go","go-ver","ver",5,30,"go-lightly","lightly",1,29,4,2,"governatore","golightlynatore"
261,"fio","fio-last_blank","last_blank",2,11,"pre-last_blank","pre",11,0,0,1,"graffio","grafpre"
583,"gran","gran-de","de",2,3,"scin-de","scin",3,0,0,1,"grande","scinde"
923,"gra","gra-no","no",2,5,"ste-no","ste",5,0,0,1,"grano","steno"
124,"gra","gra-to","to",2,15,"zet-to","zet",16,1,0,1,"grato","zetto"
556,"first_blank","first_blank-gra","gra",2,151,"first_blank-fer","fer",149,2,0,1,"grave","ferve"
871,"first_blank","first_blank-gril","gril",3,5,"first_blank-stei","stei",5,0,0,1,"grilletto","steiletto"
117,"da","da-gno","gno",3,1,"da-vian","vian",1,0,1,1,"guadagno","guadavian"
155,"first_blank","first_blank-guar","guar",2,107,"first_blank-trat","trat",105,2,0,1,"guarda","tratda"
901,"dia","dia-last_blank","last_blank",2,54,"mer-last_blank","mer",54,0,0,1,"guardia","guarmer"
369,"first_blank","first_blank-guer","guer",2,15,"first_blank-rior","rior",15,0,0,1,"guerra","riorra"
761,"first_blank","first_blank-gui","gui",3,56,"first_blank-fran","fran",55,1,1,1,"guidare","frandare"
443,"gu","gu-sto","sto",2,9,"gu-rar","rar",7,2,0,1,"gusto","gurar"
785,"sto","sto-so","so",3,7,"gras-so","gras",5,2,1,1,"gustoso","gugrasso"
341,"tel","tel-last_blank","last_blank",2,16,"dan-last_blank","dan",16,0,0,1,"hotel","hodan"
354,"id","id-ea","ea",1,1,"id-ri","ri",1,0,0,1,"idea","idri"
364,"idea","idea-le","le",2,1,"cher-le","cher",1,0,0,1,"ideale","cherle"
843,"igno","igno-ran","ran",3,4,"stre-ran","stre",4,0,0,1,"ignoranza","streranza"
99,"ale","ale-last_blank","last_blank",3,1,"ljan-last_blank","ljan",1,0,1,1,"il male","il mljan"
259,"ato","ato-last_blank","last_blank",4,1,"hound-last_blank","hound",1,0,2,1,"il sabato","il sabhound"
357,"nto","nto-last_blank","last_blank",3,1,"dren-last_blank","dren",1,0,1,1,"il vento","il vedren"
380,"il","il-le","le",4,17,"strar-le","strar",5,12,3,1,"illegale","strarlegale"
142,"sio","sio-ne","ne",4,157,"treen-ne","treen",1,156,2,1,"illusione","illutreenne"
971,"first_blank","first_blank-im","im",6,1087,"first_blank-ablewhi","ablewhi",1,1086,5,1,"immaginazione","ablewhimaginazione"
411,"im","im-pa","pa",4,80,"strap-pa","strap",14,66,3,1,"imparare","strapparare"
759,"ria","ria-le","le",4,21,"espel-le","espel",3,18,2,1,"imperiale","impeespelle"
127,"ca","ca-gio","gio",5,3,"ca-thleen","thleen",1,2,3,1,"impiccagione","impiccathleenne"
550,"pos","pos-si","si",5,22,"schiar-si","schiar",3,19,3,1,"impossibile","imschiarsibile"
104,"sto","sto-re","re",4,9,"aguir-re","aguir",1,8,2,1,"impostore","impoaguirre"
922,"po","po-ten","ten",4,33,"po-drick","drick",1,32,2,1,"impotente","impodrickte"
509,"pre","pre-ca","ca",4,12,"scioc-ca","scioc",7,5,2,1,"imprecare","imscioccare"
143,"pres","pres-sio","sio",4,33,"escur-sio","escur",5,28,1,1,"impressione","imescursione"
540,"in","in- pi"," pi",3,1,"in-feld","feld",1,0,1,1,"in piedi","infeldedi"
1,"in","in- rea"," rea",3,1,"in-ning","ning",1,0,0,1,"in realtà","inningltà"
969,"ca","ca-pa","pa",5,12,"ca-thleen","thleen",1,11,4,1,"incapacità","incathleencità"
519,"ci","ci-den","den",4,28,"ci-sgior","sgior",1,27,2,1,"incidente","incisgiorte"
486,"cu","cu-bo","bo",3,2,"stro-bo","stro",2,0,2,1,"incubo","instrobo"
459,"die","die-tro","tro",3,6,"scon-tro","scon",6,0,1,1,"indietro","inscontro"
144,"stria","stria-last_blank","last_blank",3,3,"spect-last_blank","spect",3,0,0,1,"industria","induspect"
691,"fe","fe-rio","rio",4,5,"fe-guard","guard",1,4,2,1,"inferiore","infeguardre"
112,"fluen","fluen-za","za",3,14,"sprez-za","sprez",10,4,0,1,"influenza","insprezza"
495,"ge","ge-gne","gne",4,6,"ge-rhard","rhard",1,5,2,1,"ingegnere","ingerhardre"
177,"nuo","nuo-last_blank","last_blank",3,6,"gram-last_blank","gram",6,0,1,1,"ingenuo","ingegram"
145,"sti","sti-zia","zia",4,10,"sti-naccc","naccc",1,9,2,1,"ingiustizia","ingiustinaccc"
325,"gle","gle-se","se",3,1,"scas-se","scas",1,0,1,1,"inglese","inscasse"
916,"ia","ia-re","re",4,6,"strui-re","strui",5,1,3,1,"ingoiare","ingostruire"
336,"no","no-cen","cen",4,6,"no-strum","strum",1,5,2,1,"innocente","innostrumte"
982,"qui","qui-li","li",4,9,"strar-li","strar",5,4,2,1,"inquilino","instrarlino"
934,"se","se-ri","ri",4,43,"se-lhoff","lhoff",1,42,3,1,"inserire","inselhoffre"
824,"sul","sul-to","to",3,5,"crea-to","crea",5,0,1,1,"insulto","increato"
594,"gen","gen-te","te",5,41,"asciut-te","asciut",1,40,3,1,"inteligente","inteliasciutte"
146,"le","le-last_blank","last_blank",6,2080,"le-fleur","fleur",2,2078,5,3,"internazionale","internazionalefleur"
741,"ter","ter-net","net",3,2,"scon-net","scon",2,0,1,1,"internet","insconnet"
671,"ter","ter-no","no",3,7,"dran-no","dran",7,0,1,1,"interno","indranno"
738,"rom","rom-pe","pe",5,32,"schiap-pe","schiap",1,31,3,1,"interrompere","interschiappere"
868,"inu","inu-ti","ti",3,10,"sten-ti","sten",10,0,1,1,"inutili","stentili"
534,"va","va-sio","sio",4,2,"va-ljean","ljean",1,1,2,1,"invasione","invaljeanne"
672,"first_blank","first_blank-iro","iro",2,8,"first_blank-rav","rav",8,0,0,1,"ironia","ravnia"
983,"first_blank","first_blank-ir","ir",6,145,"first_blank-bestsel","bestsel",1,144,5,1,"irragionevole","bestselragionevole"
617,"first_blank","first_blank-ispet","ispet",3,4,"first_blank-idrau","idrau",4,0,0,1,"ispettore","idrautore"
719,"first_blank","first_blank-ispi","ispi",3,24,"first_blank-grat","grat",24,0,0,1,"ispirare","gratrare"
925,"istin","istin-to","to",2,1,"scien-to","scien",1,0,0,1,"istinto","sciento"
499,"ja","ja-zz","zz",1,1,"ja-qo","qo",1,0,0,1,"jazz","jaqo"
147,"je","je-ep","ep",1,1,"je-su","su",1,0,0,1,"jeep.","jesu."
943,"first_blank","first_blank-ket","ket",2,8,"first_blank-ato","ato",8,0,0,1,"ketchup","atochup"
598,"ica","ica-last_blank","last_blank",4,1,"lhoun-last_blank","lhoun",1,0,2,1,"la pratica","la pratlhoun"
630,"ona","ona-last_blank","last_blank",3,1,"tsen-last_blank","tsen",1,0,1,1,"la zona","la ztsen"
786,"first_blank","first_blank-lab","lab",2,3,"first_blank-rip","rip",3,0,0,1,"labbro","ripbro"
290,"cri","cri-ma","ma",3,5,"spal-ma","spal",5,0,1,1,"lacrima","laspalma"
292,"la","la-dro","dro",2,4,"la-rin","rin",4,0,0,1,"ladro","larin"
432,"first_blank","first_blank-lam","lam",3,31,"first_blank-prov","prov",31,0,1,1,"lampada","provpada"
965,"sa","sa-gna","gna",3,1,"sa-vius","vius",1,0,1,1,"lasagna","lasavius"
172,"first_blank","first_blank-lat","lat",2,19,"first_blank-hor","hor",19,0,0,1,"latte","horte"
677,"vo","vo-ro","ro",3,6,"chia-ro","chia",6,0,2,1,"lavoro","lachiaro"
613,"first_blank","first_blank-lea","lea",2,20,"first_blank-ano","ano",20,0,0,1,"leale","anole"
159,"first_blank","first_blank-leal","leal",2,3,"first_blank-sham","sham",3,0,0,1,"lealtà","shamtà"
918,"ga","ga-last_blank","last_blank",2,292,"rei-last_blank","rei",318,26,1,1,"lega","lerei"
931,"ga","ga-men","men",4,23,"ga-gliar","gliar",2,21,2,1,"legamento","legagliarto"
543,"first_blank","first_blank-leg","leg",2,72,"first_blank-scu","scu",72,0,0,1,"legge","scuge"
328,"first_blank","first_blank-leg","leg",3,72,"first_blank-spie","spie",71,1,1,1,"leggere","spiegere"
760,"le","le-gio","gio",3,9,"le-scen","scen",10,1,1,1,"legione","lescenne"
647,"first_blank","first_blank-len","len",4,23,"first_blank-chiac","chiac",23,0,2,1,"lentamente","chiactamente"
446,"first_blank","first_blank-len","len",2,23,"first_blank-ema","ema",23,0,0,1,"lento","emato"
530,"first_blank","first_blank-len","len",3,23,"first_blank-sbal","sbal",23,0,1,1,"lenzuolo","sbalzuolo"
494,"sbi","sbi-ca","ca",3,1,"plum-ca","plum",1,0,1,1,"lesbica","leplumca"
811,"first_blank","first_blank-let","let",5,34,"first_blank-schiac","schiac",30,4,3,1,"letteralmente","schiacteralmente"
239,"first_blank","first_blank-let","let",3,34,"first_blank-squa","squa",34,0,1,1,"lettura","squatura"
429,"first_blank","first_blank-lib","lib",2,4,"first_blank-uro","uro",4,0,0,1,"libbra","urobra"
716,"men","men-te","te",5,658,"istrui-te","istrui",1,657,3,1,"liberamente","liberaistruite"
513,"ber","ber-tà","tà",3,2,"prie-tà","prie",2,0,1,1,"libertà","liprietà"
664,"mi","mi-ta","ta",4,61,"ascol-ta","ascol",26,35,3,1,"limitato","liascoltato"
978,"li","li-mo","mo",4,11,"scher-mo","scher",2,9,3,1,"limonata","schermonata"
152,"qui","qui-do","do",3,1,"vran-do","vran",1,0,1,1,"liquido","livrando"
991,"lu","lu-ma","ma",3,5,"spal-ma","spal",5,0,2,1,"lumaca","spalmaca"
768,"lu","lu-na","na",2,12,"lu-sin","sin",13,1,1,1,"luna","lusin"
952,"lu","lu-na","na",3,12,"stio-na","stio",8,4,2,1,"lunare","stionare"
458,"dì","dì-last_blank","last_blank",3,13,"tier-last_blank","tier",13,0,2,1,"lunedì","lunetier"
217,"first_blank","first_blank-luo","luo",2,5,"first_blank-pee","pee",5,0,0,1,"luogo","peego"
893,"sin","sin-ga","ga",4,7,"croor-ga","croor",1,6,2,1,"lusingare","lucroorgare"
327,"dre","dre-last_blank","last_blank",2,16,"ted-last_blank","ted",16,0,0,1,"madre","mated"
787,"stà","stà-last_blank","last_blank",2,5,"ceo-last_blank","ceo",5,0,0,1,"maestà","maeceo"
674,"ma","ma-fia","fia",2,3,"ma-lau","lau",3,0,0,1,"mafia","malau"
783,"first_blank","first_blank-mag","mag",4,22,"first_blank-espor","espor",22,0,2,1,"maggioranza","esporgioranza"
160,"ma","ma-gia","gia",2,2,"ma-lat","lat",2,0,0,1,"magia","malat"
161,"gne","gne-ti","ti",4,15,"strut-ti","strut",14,1,2,1,"magnetico","mastruttico"
183,"ma","ma-i","i",1,1,"ny-i","ny",1,0,0,1,"mai","nyi"
888,"ia","ia-le","le",3,2,"ster-le","ster",2,0,2,1,"maiale","masterle"
162,"ma","ma-il","il",1,3,"ma-ge","ge",3,0,0,1,"mail","mage"
810,"ma","ma-la","la",3,42,"trol-la","trol",32,10,2,1,"malato","trollato"
561,"di","di-zio","zio",5,55,"di-spatch","spatch",1,54,3,1,"maledizione","maledispatchne"
164,"na","na-ger","ger",3,3,"na-tion","tion",4,1,1,1,"manager","manation"
126,"ma","ma-no","no",2,88,"sco-no","sco",94,6,1,1,"mano","scono"
846,"ma","ma-ra","ra",4,20,"esplo-ra","esplo",13,7,3,1,"maratona","esploratona"
914,"mar","mar-ca","ca",2,14,"bri-ca","bri",12,2,0,1,"marca","brica"
398,"ma","ma-re","re",2,80,"ma-zio","zio",43,37,1,1,"mare","mazio"
845,"ri","ri-no","no",3,98,"ri-pren","pren",53,45,2,1,"marino","maripren"
437,"ri","ri-to","to",3,78,"ri-pren","pren",53,25,2,1,"marito","maripren"
33,"mar","mar-ro","ro",3,4,"scle-ro","scle",4,0,1,1,"marrone","sclerone"
166,"mar","mar-te","te",2,3,"cuo-te","cuo",3,0,0,1,"marte","cuote"
348,"schio","schio-last_blank","last_blank",2,10,"kland-last_blank","kland",10,0,0,3,"maschio","makland"
170,"di","di-co","co",3,47,"di-stur","stur",37,10,2,1,"medico","medistur"
745,"first_blank","first_blank-me","me",2,531,"first_blank-tra","tra",570,39,1,1,"mela","trala"
480,"first_blank","first_blank-mem","mem",2,10,"first_blank-shu","shu",10,0,0,1,"membro","shubro"
434,"first_blank","first_blank-men","men",3,95,"first_blank-chie","chie",96,1,1,1,"mentale","chietale"
507,"men","men-zo","zo",3,2,"quaz-zo","quaz",2,0,1,1,"menzogna","quazzogna"
415,"glio","glio-so","so",5,5,"espres-so","espres",1,4,2,1,"meraviglioso","meraviespresso"
950,"mer","mer-ce","ce",4,7,"stiac-ce","stiac",1,6,2,1,"mercenario","stiaccenario"
956,"ren","ren-da","da",3,8,"chio-da","chio",8,0,1,1,"merenda","mechioda"
673,"ri","ri-dio","dio",5,2,"ri-chards","chards",1,1,3,1,"meridionale","merichardsnale"
862,"me","me-ri","ri",4,86,"schia-ri","schia",6,80,3,1,"meritare","schiaritare"
464,"me","me-se","se",2,3,"me-tic","tic",3,0,1,1,"mese","metic"
516,"uoco","uoco-last_blank","last_blank",4,1,"plant-last_blank","plant",1,0,1,1,"messa a fuoco","messa a fplant"
679,"me","me-tà","tà",2,1,"me-lot","lot",1,0,1,1,"metà","melot"
659,"to","to-do","do",3,3,"pian-do","pian",3,0,2,1,"metodo","mepiando"
821,"ardia","ardia-last_blank","last_blank",5,1,"kewell-last_blank","kewell",1,0,1,1,"mettere in guardia","mettere in gukewell"
737,"first_blank","first_blank-mez","mez",4,19,"first_blank-scioc","scioc",19,0,2,1,"mezzanotte","scioczanotte"
138,"first_blank","first_blank-mie","mie",2,13,"first_blank-goc","goc",13,0,0,1,"miele","gocle"
171,"glio","glio-last_blank","last_blank",2,89,"ford-last_blank","ford",66,23,0,2,"miglio","miford"
977,"lio","lio-na","na",4,5,"ester-na","ester",3,2,2,1,"milionario","miesternario"
173,"lio","lio-ne","ne",3,8,"bour-ne","bour",5,3,1,1,"milione","mibourne"
605,"first_blank","first_blank-mil","mil",2,56,"first_blank-gri","gri",56,0,0,1,"mille","grile"
174,"mi","mi-ng","ng",1,1,"mi-fu","fu",1,0,0,1,"ming","mifu"
385,"ni","ni-mo","mo",3,9,"gram-mo","gram",5,4,2,1,"minimo","migrammo"
909,"mi","mi-se","se",5,34,"straes-se","straes",1,33,4,1,"miserabile","straesserabile"
352,"mi","mi-to","to",2,24,"tra-to","tra",22,2,1,1,"mito","trato"
683,"del","del-lo","lo",3,12,"giar-lo","giar",10,2,1,1,"modello","mogiarlo"
175,"der","der-no","no",3,3,"stia-no","stia",3,0,1,1,"moderno","mostiano"
116,"mo","mo-du","du",3,5,"mo-scia","scia",5,0,2,1,"modulo","moscialo"
456,"na","na-co","co",3,4,"na-stri","stri",4,0,2,1,"monaco","monastri"
580,"men","men-to","to",4,396,"scrit-to","scrit",12,384,2,1,"monumento","monuscritto"
771,"first_blank","first_blank-mor","mor",3,140,"first_blank-chia","chia",134,6,1,1,"morbido","chiabido"
876,"mor","mor-ta","ta",3,14,"grat-ta","grat",15,1,1,1,"mortale","grattale"
79,"mor","mor-te","te",2,3,"gre-te","gre",3,0,0,1,"morte","grete"
268,"stra","stra-re","re",3,14,"chie-re","chie",12,2,0,1,"mostrare","mochiere"
447,"mo","mo-stro","stro",2,2,"mo-scel","scel",2,0,0,1,"mostro","moscel"
240,"mo","mo-ti","ti",3,28,"spet-ti","spet",30,2,2,1,"motivo","spettivo"
564,"first_blank","first_blank-muc","muc",2,5,"first_blank-sob","sob",5,0,0,1,"mucca","sobca"
29,"sci","sci-ta","ta",3,21,"pian-ta","pian",24,3,1,1,"nascita","napianta"
46,"ta","ta-le","le",3,70,"svil-le","svil",8,62,2,1,"natale","nasville"
937,"na","na-tu","tu",4,26,"scrit-tu","scrit",6,20,3,1,"naturale","scritturale"
972,"men","men-te","te",5,658,"ostrui-te","ostrui",1,657,3,1,"naturalmente","naturalostruite"
990,"na","na-va","va",3,74,"na-scon","scon",60,14,2,1,"navale","nasconle"
946,"zio","zio-ne","ne",5,847,"cheyen-ne","cheyen",1,846,3,1,"navigazione","navigacheyenne"
179,"na","na-zio","zio",4,79,"na-sreen","sreen",1,78,2,1,"nazionale","nasreennale"
587,"na","na-zio","zio",3,79,"na-stri","stri",4,75,1,1,"nazione","nastrine"
181,"ne","ne-ces","ces",4,13,"ne-sburg","sburg",1,12,2,1,"necessario","nesburgsario"
767,"go","go-zio","zio",3,1,"go-pher","pher",1,0,1,1,"negozio","negopher"
470,"ne","ne-mi","mi",3,6,"chia-mi","chia",6,0,2,1,"nemico","chiamico"
698,"first_blank","first_blank-ner","ner",2,15,"first_blank-gru","gru",15,0,0,1,"nervo","gruvo"
835,"me.","me.-last_blank","last_blank",4,1,"sight-last_blank","sight",1,0,2,1,"nickname.","nicknasight"
182,"ni","ni-do","do",2,1,"ni-fat","fat",1,0,1,1,"nido","nifat"
188,"first_blank","first_blank-nien","nien",2,6,"first_blank-fles","fles",6,0,0,1,"niente","fleste"
185,"ja.","ja.-last_blank","last_blank",3,1,"siem-last_blank","siem",1,0,1,1,"ninja.","ninsiem"
123,"po","po-te","te",3,23,"stan-te","stan",20,3,2,1,"nipote","nistante"
896,"no","no-bel","bel",2,1,"no-pat","pat",1,0,0,1,"nobel","nopat"
186,"no","no-bi","bi",3,12,"no-scen","scen",14,2,2,1,"nobile","noscenle"
178,"no","no-me","me",2,18,"dar-me","dar",18,0,1,1,"nome","darme"
423,"first_blank","first_blank-non","non",2,28,"first_blank-geo","geo",28,0,0,1,"nonno","geono"
187,"mal","mal-men","men",4,3,"escre-men","escre",2,1,2,1,"normalmente","norescremente"
407,"first_blank","first_blank-not","not",2,17,"first_blank-pec","pec",17,0,0,1,"notte","pecte"
189,"no","no-vem","vem",3,2,"no-stra","stra",2,0,1,1,"novembre","nostrabre"
844,"nu","nu-do","do",2,1,"gid-do","gid",1,0,1,1,"nudo","giddo"
409,"first_blank","first_blank-nu","nu",3,118,"first_blank-scor","scor",120,2,2,1,"numero","scormero"
50,"nu","nu-vo","vo",3,6,"glia-vo","glia",5,1,2,1,"nuvola","gliavola"
890,"oc","oc-a","a",1,1,"ei-a","ei",1,0,0,1,"oca","eia"
120,"chia","chia-li","li",3,4,"brel-li","brel",4,0,0,1,"occhiali","ocbrelli"
546,"chio","chio-last_blank","last_blank",2,50,"stro-last_blank","stro",52,2,0,1,"occhio","ocstro"
355,"odia","odia-re","re",2,1,"spea-re","spea",1,0,0,1,"odiare","speare"
192,"fer","fer-ta","ta",3,4,"esul-ta","esul",4,0,1,1,"offerta","ofesulta"
610,"get","get-to","to",3,12,"bron-to","bron",9,3,1,1,"oggetto","ogbronto"
676,"og","og-gi","gi",2,2,"nin-gi","nin",2,0,1,1,"oggi","ningi"
267,"bra","bra-last_blank","last_blank",2,35,"lon-last_blank","lon",35,0,0,1,"ombra","omlon"
198,"first_blank","first_blank-ope","ope",3,54,"first_blank-tran","tran",54,0,1,1,"operare","tranrare"
980,"first_blank","first_blank-ope","ope",4,54,"first_blank-ascol","ascol",60,6,2,1,"operativo","ascolrativo"
199,"first_blank","first_blank-opi","opi",3,5,"first_blank-hard","hard",5,0,1,1,"opinione","hardnione"
586,"ni","ni-tà","tà",5,28,"ni-schewi","schewi",1,27,4,1,"opportunità","opportunischewi"
872,"po","po-sto","sto",3,25,"po-chis","chis",4,21,1,1,"opposto","oppochis"
201,"stra","stra-last_blank","last_blank",3,34,"ning-last_blank","ning",34,0,0,1,"orchestra","orchening"
202,"rio","rio-last_blank","last_blank",4,264,"thers-last_blank","thers",13,251,2,1,"ordinario","ordinathers"
976,"fio","fio-last_blank","last_blank",5,11,"street-last_blank","street",4,7,3,1,"orfanotrofio","orfanotrostreet"
910,"ga","ga-niz","niz",5,61,"ga-stroen","stroen",2,59,3,1,"organizzare","orgastroenzare"
852,"ga","ga-smo","smo",3,1,"ga-mind","mind",1,0,1,1,"orgasmo","orgamind"
558,"go","go-glio","glio",3,11,"go-zian","zian",3,8,0,1,"orgoglio","orgozian"
233,"glio","glio-so","so",4,5,"ascen-so","ascen",2,3,1,1,"orgoglioso","orgoascenso"
203,"first_blank","first_blank-ori","ori",4,29,"first_blank-esclu","esclu",29,0,2,1,"originale","escluginale"
793,"or","or-mo","mo",3,4,"buia-mo","buia",3,1,2,1,"ormone","buiamone"
140,"or","or-ro","ro",3,2,"glia-ro","glia",2,0,2,1,"orrore","gliarore"
372,"or","or-so","so",2,1,"vas-so","vas",1,0,1,1,"orso","vasso"
340,"first_blank","first_blank-ospe","ospe",3,6,"first_blank-trot","trot",6,0,0,1,"ospedale","trotdale"
749,"first_blank","first_blank-ospi","ospi",4,30,"first_blank-sfrut","sfrut",29,1,1,1,"ospitalità","sfruttalità"
191,"zio","zio-ne","ne",5,847,"cheyen-ne","cheyen",1,846,3,1,"osservazione","osservacheyenne"
449,"os","os-so","so",2,2,"nio-so","nio",2,0,1,1,"osso","nioso"
851,"first_blank","first_blank-osta","osta",3,21,"first_blank-clas","clas",21,0,0,1,"ostacolo","clascolo"
493,"first_blank","first_blank-ostag","ostag",2,2,"first_blank-ashan","ashan",2,0,0,1,"ostaggio","ashangio"
200,"mi","mi-sta","sta",4,15,"mi-crobs","crobs",1,14,2,1,"ottimista","ottimicrobs"
321,"first_blank","first_blank-ove","ove",2,3,"first_blank-zip","zip",3,0,0,1,"ovest","zipst"
855,"pa","pa-ci","ci",4,27,"glier-ci","glier",5,22,3,1,"pacifico","gliercifico"
774,"dro","dro-na","na",3,2,"osan-na","osan",2,0,1,1,"padrona","paosanna"
518,"pa","pa-laz","laz",3,4,"pa-squa","squa",4,0,1,1,"palazzo","pasquazo"
497,"stro","stro-last_blank","last_blank",5,52,"friend-last_blank","friend",2,50,2,1,"pallacanestro","pallacanefriend"
481,"pa","pa-ne","ne",2,4,"pa-gas","gas",4,0,1,1,"pane","pagas"
295,"ito","ito-last_blank","last_blank",6,1,"bleweed-last_blank","bleweed",1,0,4,1,"pane abbrustolito","pane abbrustolbleweed"
77,"pà","pà-last_blank","last_blank",2,2,"dek-last_blank","dek",2,0,1,1,"papà","padek"
207,"ra","ra-di","di",4,24,"splen-di","splen",7,17,3,1,"paradiso","pasplendiso"
208,"ra","ra-noi","noi",4,5,"ra-strel","strel",7,2,2,1,"paranoico","parastrelco"
243,"pa","pa-ren","ren",3,21,"pa-stic","stic",19,2,1,1,"parente","pasticte"
468,"pa","pa-re","re",3,94,"glie-re","glie",34,60,2,1,"parete","glierete"
209,"par","par-la","la",4,42,"oscil-la","oscil",7,35,2,1,"parlamento","oscillamento"
435,"par","par-la","la",3,42,"trol-la","trol",32,10,1,1,"parlare","trollare"
319,"ro","ro-la","la",3,9,"stil-la","stil",8,1,2,1,"parola","pastilla"
856,"par","par-ti","ti",3,81,"iden-ti","iden",46,35,1,1,"partire","identire"
887,"sa","sa-tem","tem",4,2,"sa-vings","vings",1,1,2,1,"passatempo","passavingspo"
669,"first_blank","first_blank-pas","pas",4,134,"first_blank-strin","strin",41,93,2,1,"passeggeri","strinseggeri"
750,"pa","pa-ta","ta",3,51,"chet-ta","chet",37,14,2,1,"patata","chettata"
45,"ta","ta- fri"," fri",5,1,"ta-gliaun","gliaun",1,0,2,1,"patata fritta","patatagliauntta"
635,"vi","vi-men","men",4,12,"vi-gliac","gliac",5,7,2,1,"pavimento","pavigliacto"
210,"pa","pa-zien","zien",3,10,"pa-glia","glia",10,0,0,1,"paziente","pagliate"
658,"pa","pa-zien","zien",3,10,"pa-glia","glia",10,0,0,1,"pazienza","pagliaza"
270,"first_blank","first_blank-pec","pec",3,17,"first_blank-scol","scol",17,0,1,1,"peccato","scolcato"
801,"first_blank","first_blank-pel","pel",2,26,"first_blank-sma","sma",26,0,0,1,"pelle","smale"
974,"pe","pe-na","na",2,12,"pe-rio","rio",12,0,1,1,"pena","perio"
714,"pen","pen-sio","sio",3,13,"scos-sio","scos",2,11,1,1,"pensione","scossione"
157,"per","per-den","den",3,3,"chiu-den","chiu",3,0,1,1,"perdente","chiudente"
114,"per","per-do","do",4,50,"glian-do","glian",21,29,2,1,"perdonare","gliandonare"
115,"per","per-do","do",3,50,"cian-do","cian",42,8,1,1,"perdono","ciandono"
7,"per","per-met","met",4,68,"per-cloud","cloud",1,67,2,1,"permettere","percloudtere"
211,"per","per-so","so",3,32,"gros-so","gros",6,26,1,1,"persona","grossona"
995,"per","per-so","so",4,32,"chias-so","chias",5,27,2,1,"personale","chiassonale"
902,"san","san-te","te",3,22,"glie-te","glie",16,6,1,1,"pesante","pegliete"
642,"pe","pe-so","so",2,7,"sto-so","sto",7,0,1,1,"peso","stoso"
704,"first_blank","first_blank-pet","pet",5,31,"first_blank-schiac","schiac",30,1,3,1,"pettegolezzo","schiactegolezzo"
549,"first_blank","first_blank-pia","pia",3,110,"first_blank-scor","scor",120,10,1,1,"piacere","scorcere"
218,"pia","pia-ne","ne",3,4,"thor-ne","thor",4,0,1,1,"pianeta","thorneta"
505,"first_blank","first_blank-pia","pia",2,110,"first_blank-esi","esi",110,0,0,1,"piano","esino"
451,"no","no-for","for",4,2,"no-scien","scien",1,1,2,1,"pianoforte","pianosciente"
645,"pian","pian-ta","ta",2,24,"fron-ta","fron",25,1,0,1,"pianta","fronta"
744,"first_blank","first_blank-piat","piat",4,11,"first_blank-estre","estre",11,0,1,1,"piattaforma","estretaforma"
346,"first_blank","first_blank-pic","pic",3,105,"first_blank-trat","trat",105,0,1,1,"piccante","tratcante"
215,"nic","nic-last_blank","last_blank",2,9,"dez-last_blank","dez",9,0,0,1,"picnic","picdez"
894,"pi","pi-ng","ng",1,1,"da-ng","da",1,0,0,1,"ping.","dang."
373,"first_blank","first_blank-pio","pio",3,27,"first_blank-stre","stre",27,0,1,1,"piovere","strevere"
842,"mi","mi-de","de",4,4,"mi-glias","glias",4,0,3,1,"piramide","piramiglias"
622,"pi","pi-ra","ra",3,19,"sche-ra","sche",16,3,2,1,"pirata","scherata"
1000,"pi","pi-so","so",4,6,"sgres-so","sgres",2,4,3,1,"pisolino","sgressolino"
216,"sto","sto-la","la",3,6,"gnar-la","gnar",6,0,1,1,"pistola","pignarla"
220,"first_blank","first_blank-pi","pi",1,264,"first_blank-da","da",261,3,0,1,"più","daù"
219,"boy","boy-last_blank","last_blank",2,5,"lil-last_blank","lil",5,0,0,1,"playboy","playlil"
153,"po","po-co","co",2,5,"po-riz","riz",5,0,1,1,"poco","poriz"
532,"poe","poe-ta","ta",2,1,"hux-ta","hux",1,0,0,1,"poeta","huxta"
223,"li","li-ti","ti",4,71,"strut-ti","strut",14,57,3,1,"politica","postruttica"
641,"pol","pol-lo","lo",2,3,"dia-lo","dia",3,0,0,1,"pollo","dialo"
235,"pol","pol-so","so",2,1,"len-so","len",1,0,0,1,"polso","lenso"
944,"paro","paro-last_blank","last_blank",6,1,"lightly-last_blank","lightly",1,0,3,1,"polvere da sparo","polvere da slightly"
875,"first_blank","first_blank-pom","pom",2,30,"first_blank-sil","sil",30,0,0,1,"pompa","silpa"
514,"pon","pon-te","te",2,5,"bra-te","bra",5,0,0,1,"ponte","brate"
483,"po","po-po","po",4,26,"chiap-po","chiap",2,24,3,1,"popolare","chiappolare"
224,"zio","zio-ne","ne",5,847,"cheyen-ne","cheyen",1,846,3,1,"popolazione","popolacheyenne"
707,"por","por-no","no",2,11,"eco-no","eco",11,0,0,1,"porno","econo"
225,"por","por-ta","ta",3,156,"trat-ta","trat",45,111,1,1,"portale","trattale"
796,"por","por-ta","ta",3,156,"chet-ta","chet",37,119,1,1,"portare","chettare"
323,"si","si-ti","ti",4,34,"atlan-ti","atlan",3,31,3,1,"positivo","poatlantivo"
649,"po","po-ten","ten",4,33,"po-drick","drick",1,32,2,1,"potenziale","podrickziale"
412,"po","po-ve","ve",3,17,"po-chis","chis",4,13,2,1,"povero","pochisro"
924,"ver","ver-tà","tà",3,1,"brie-tà","brie",1,0,1,1,"povertà","pobrietà"
122,"pre","pre-da","da",2,8,"men-da","men",8,0,0,1,"preda","menda"
804,"first_blank","first_blank-pre","pre",5,833,"first_blank-schiac","schiac",30,803,3,1,"preoccupato","schiacoccupato"
60,"first_blank","first_blank-pre","pre",6,833,"first_blank-nightli","nightli",1,832,4,1,"preoccupazione","nightlioccupazione"
226,"pre","pre-pa","pa",5,76,"schiap-pa","schiap",1,75,3,1,"preparazione","schiapparazione"
137,"pre","pre-sa","sa",2,17,"rio-sa","rio",17,0,0,1,"presa","riosa"
377,"sen","sen-za","za",3,10,"driz-za","driz",7,3,1,1,"presenza","predrizza"
523,"pre","pre-ve","ve",4,26,"schia-ve","schia",1,25,2,1,"prevenire","schiavenire"
488,"pre","pre-zio","zio",3,6,"giun-zio","giun",5,1,1,1,"prezioso","giunzioso"
517,"pri","pri-ma","ma",4,16,"scher-ma","scher",8,8,2,1,"primavera","schermavera"
110,"first_blank","first_blank-pri","pri",2,89,"first_blank-rea","rea",89,0,0,1,"primo","reamo"
326,"first_blank","first_blank-prin","prin",4,23,"first_blank-espor","espor",22,1,1,1,"principessa","esporcipessa"
639,"first_blank","first_blank-pri","pri",3,89,"first_blank-guar","guar",107,18,1,1,"privato","guarvato"
705,"le","le-gio","gio",4,9,"le-fleur","fleur",2,7,2,1,"privilegio","privilefleur"
229,"pro","pro-ba","ba",5,10,"gliaer-ba","gliaer",1,9,3,1,"probabilità","gliaerbabilità"
680,"ble","ble-mi","mi",3,3,"stra-mi","stra",3,0,1,1,"problemi","prostrami"
775,"pro","pro-ce","ce",4,25,"sciar-ce","sciar",2,23,2,1,"procedere","sciarcedere"
421,"pro","pro-ces","ces",3,19,"pro-pria","pria",15,4,1,1,"processi","propriasi"
363,"dut","dut-to","to",4,13,"schia-to","schia",7,6,2,1,"produttore","proschiatore"
529,"pro","pro-fi","fi",3,12,"inef-fi","inef",5,7,1,1,"profilo","ineffilo"
566,"fit","fit-to","to",3,9,"bron-to","bron",9,0,1,1,"profitto","probronto"
242,"first_blank","first_blank-pro","pro",3,914,"first_blank-chia","chia",134,780,1,1,"profugo","chiafugo"
231,"get","get-to","to",3,12,"bron-to","bron",9,3,1,1,"progetto","probronto"
230,"gres","gres-so","so",3,5,"scor-so","scor",5,0,0,1,"progresso","proscorso"
921,"first_blank","first_blank-proi","proi",3,13,"first_blank-inat","inat",13,0,0,1,"proibito","inatbito"
389,"pron","pron-to","to",2,1,"leot-to","leot",1,0,0,1,"pronto","leotto"
912,"pro","pro-por","por",3,23,"pro-gram","gram",27,4,1,1,"proporre","programre"
232,"prie","prie-tà","tà",3,2,"real-tà","real",1,1,0,1,"proprietà","prorealtà"
440,"teg","teg-ge","ge",4,18,"scroo-ge","scroo",1,17,2,1,"proteggere","proscroogere"
789,"tei","tei-na","na",3,1,"gian-na","gian",1,0,1,1,"proteina","progianna"
829,"pro","pro-te","te",3,18,"scen-te","scen",18,0,1,1,"protesta","scentesta"
234,"pu","pu-b","b",1,1,"do-b","do",1,0,0,1,"pub","dob"
927,"first_blank","first_blank-pub","pub",4,47,"first_blank-strap","strap",46,1,2,1,"pubblicità","strapblicità"
47,"li","li-re","re",3,30,"scor-re","scor",24,6,2,1,"pulire","puscorre"
522,"first_blank","first_blank-pul","pul",3,29,"first_blank-adat","adat",29,0,1,1,"pulsante","adatsante"
236,"ni","ni-re","re",3,37,"scor-re","scor",24,13,2,1,"punire","puscorre"
221,"pun","pun-to","to",2,5,"mia-to","mia",5,0,0,1,"punto","miato"
168,"first_blank","first_blank-può e","può e",3,1,"first_blank-pleia","pleia",1,0,0,1,"può essere","pleiassere"
936,"first_blank","first_blank-quan","quan",3,29,"first_blank-svol","svol",29,0,0,1,"quantità","svoltità"
167,"que","que-stio","stio",3,4,"que-fort","fort",1,3,0,1,"questione","quefortne"
133,"qu","qu-i","i",1,1,"ei-i","ei",1,0,0,1,"qui","eii"
657,"quo","quo-ti","ti",4,7,"scrit-ti","scrit",7,0,2,1,"quotidiano","scrittidiano"
690,"first_blank","first_blank-rab","rab",2,13,"first_blank-hoo","hoo",13,0,0,1,"rabbia","hoobia"
689,"co","co-glie","glie",4,37,"co-strui","strui",37,0,1,1,"raccogliere","raccostruire"
431,"ra","ra-dar","dar",2,2,"ra-pol","pol",2,0,0,1,"radar","rapol"
445,"dio","dio-last_blank","last_blank",2,59,"sen-last_blank","sen",57,2,0,1,"radio","rasen"
339,"gaz","gaz-za","za",3,4,"ster-za","ster",4,0,1,1,"ragazza","rasterza"
30,"gaz","gaz-zi","zi",3,17,"idra-zi","idra",1,16,1,1,"ragazzi","raidrazi"
853,"rag","rag-gio","gio",2,17,"pri-gio","pri",18,1,0,1,"raggio","prigio"
710,"ra","ra-gno","gno",2,1,"ra-bel","bel",1,0,0,1,"ragno","rabel"
833,"ra","ra-na","na",2,6,"ra-pir","pir",6,0,1,1,"rana","rapir"
955,"pi","pi-re","re",3,26,"scor-re","scor",24,2,2,1,"rapire","rascorre"
979,"pi","pi-to","to",4,45,"strut-to","strut",7,38,3,1,"rapitore","rastruttore"
245,"first_blank","first_blank-rap","rap",3,54,"first_blank-spor","spor",53,1,1,1,"rapporto","sporporto"
238,"first_blank","first_blank-raz","raz",3,15,"first_blank-sfre","sfre",15,0,1,1,"razzista","sfrezista"
618,"first_blank","first_blank-raz","raz",2,15,"first_blank-dea","dea",15,0,0,1,"razzo","deazo"
255,"first_blank","first_blank-rea","rea",2,89,"first_blank-pun","pun",89,0,0,1,"reale","punle"
479,"first_blank","first_blank-real","real",2,7,"first_blank-phil","phil",7,0,0,1,"realtà","philtà"
819,"cu","cu-pe","pe",5,53,"agreat-pe","agreat",1,52,4,1,"recuperare","reagreatperare"
718,"first_blank","first_blank-reg","reg",4,46,"first_blank-esplo","esplo",48,2,2,1,"reggimento","esplogimento"
330,"re","re-gi","gi",3,53,"re-star","star",18,35,2,1,"regina","restarna"
963,"re","re-gio","gio",4,6,"re-turns","turns",1,5,2,1,"regionale","returnsnale"
256,"re","re-go","go",3,38,"re-spin","spin",20,18,2,1,"regola","respinla"
592,"la","la-zio","zio",4,91,"la-strel","strel",2,89,2,1,"relazione","relastrelne"
631,"nto","nto-last_blank","last_blank",5,1,"chaels-last_blank","chaels",1,0,3,1,"rendersi conto","rendersi cochaels"
712,"re","re-ne","ne",2,11,"re-zio","zio",11,0,1,1,"rene","rezio"
427,"por","por-ter","ter",3,5,"smet-ter","smet",5,0,1,1,"reporter","resmetter"
825,"sten","sten-za","za",4,8,"ghioz-za","ghioz",3,5,1,1,"resistenza","resighiozza"
247,"sa","sa-bi","bi",6,34,"sa-squatch","squatch",1,33,5,1,"responsabilità","responsasquatchlità"
612,"re","re-te","te",2,249,"can-te","can",63,186,1,1,"rete","cante"
442,"ri","ri-cer","cer",3,13,"ri-trat","trat",10,3,1,1,"ricerca","ritratca"
915,"ce","ce-zio","zio",4,14,"ce-struz","struz",1,13,2,1,"ricezione","ricestruzne"
815,"ri","ri-chie","chie",3,31,"ri-flet","flet",30,1,0,1,"richiesta","rifletsta"
241,"no","no-sce","sce",5,40,"istrui-sce","istrui",1,39,4,1,"riconoscere","ricoistruiscere"
809,"di","di-co","co",4,47,"di-strug","strug",47,0,3,1,"ridicolo","ridistruglo"
686,"fiu","fiu-ta","ta",4,17,"aspet-ta","aspet",23,6,2,1,"rifiutare","riaspettare"
548,"fiu","fiu-to","to",3,2,"stol-to","stol",2,0,1,1,"rifiuto","ristolto"
576,"fles","fles-sio","sio",4,5,"escur-sio","escur",5,0,1,1,"riflessione","riescursione"
753,"fu","fu-gio","gio",3,2,"fu-schi","schi",2,0,1,1,"rifugio","rifuschi"
59,"stran","stran-za","za",4,1,"gliez-za","gliez",1,0,0,1,"rimostranza","rimogliezza"
248,"po","po-so","so",3,6,"gras-so","gras",5,1,2,1,"riposo","rigrasso"
342,"ri","ri-schio","schio",2,5,"ri-stret","stret",5,0,0,2,"rischio","ristret"
252,"schio","schio-so","so",3,1,"esplo-so","esplo",1,0,0,1,"rischioso","riesploso"
246,"spet","spet-to","to",3,23,"chia-to","chia",30,7,0,1,"rispetto","richiato"
504,"ri","ri-spon","spon",4,57,"ri-chard","chard",2,55,1,1,"rispondere","richarddere"
807,"ri","ri-sul","sul",4,20,"ri-chard","chard",2,18,2,1,"risultato","richardtato"
63,"ri","ri-te","te",4,59,"aspet-te","aspet",14,45,3,1,"ritenere","aspettenere"
250,"rit","rit-mo","mo",2,2,"ser-mo","ser",2,0,0,1,"ritmo","sermo"
433,"ri","ri-tua","tua",3,6,"ri-spec","spec",5,1,1,1,"rituale","rispecle"
249,"zio","zio-ne","ne",5,847,"cheyen-ne","cheyen",1,846,3,1,"rivelazione","rivelacheyenne"
695,"bot","bot-last_blank","last_blank",2,11,"rek-last_blank","rek",11,0,0,1,"robot","rorek"
597,"first_blank","first_blank-roc","roc",2,33,"first_blank-ame","ame",33,0,0,1,"roccia","amecia"
849,"deo","deo-last_blank","last_blank",2,10,"pin-last_blank","pin",10,0,0,1,"rodeo","ropin"
538,"ro","ro-ma","ma",3,11,"spal-ma","spal",5,6,2,1,"romano","spalmano"
794,"meo.","meo.-last_blank","last_blank",2,1,"drov-last_blank","drov",1,0,0,1,"romeo.","rodrov"
837,"first_blank","first_blank-ros","ros",3,17,"first_blank-sper","sper",17,0,1,1,"rossetto","spersetto"
324,"ros","ros-so","so",2,5,"cur-so","cur",5,0,0,1,"rosso","curso"
692,"first_blank","first_blank-rot","rot",2,14,"first_blank-pea","pea",14,0,0,1,"rotta","peata"
280,"ba","ba-re","re",3,19,"scor-re","scor",24,5,2,1,"rubare","ruscorre"
257,"ru","ru-m","m",1,1,"io-m","io",1,0,0,1,"rum","iom"
376,"ru","ru-mo","mo",3,7,"usia-mo","usia",3,4,2,1,"rumore","usiamore"
792,"sal","sal-da","da",4,14,"azien-da","azien",3,11,2,1,"saldamente","aziendamente"
482,"sa","sa-li","li",3,69,"glie-li","glie",9,60,2,1,"salita","glielita"
128,"lu","lu-te","te",3,21,"stan-te","stan",20,1,2,1,"salute","sastante"
607,"sal","sal-va","va",3,38,"glia-va","glia",21,17,1,1,"salvare","gliavare"
614,"first_blank","first_blank-sand","sand",2,9,"first_blank-anal","anal",9,0,0,1,"sandwich","analwich"
542,"gue","gue-last_blank","last_blank",2,39,"non-last_blank","non",39,0,0,1,"sangue","sannon"
129,"sa","sa-no","no",2,48,"sa-men","men",76,28,1,1,"sano","samen"
585,"sba","sba-glia","glia",3,15,"sba-ciuc","ciuc",3,12,0,1,"sbagliato","sbaciucto"
149,"first_blank","first_blank-sbar","sbar",3,24,"first_blank-ispi","ispi",24,0,0,1,"sbarcare","ispicare"
395,"sca","sca-to","to",3,28,"chet-to","chet",37,9,1,1,"scatola","chettola"
644,"sca","sca-va","va",3,15,"glie-va","glie",9,6,1,1,"scavare","glievare"
766,"glie","glie-re","re",3,34,"scor-re","scor",24,10,0,1,"scegliere","scescorre"
508,"scel","scel-ta","ta",2,2,"pret-ta","pret",2,0,0,1,"scelta","pretta"
416,"sce","sce-mo","mo",2,1,"pem-mo","pem",1,0,0,1,"scemo","pemmo"
563,"rif","rif-fo","fo",3,4,"stro-fo","stro",4,0,1,1,"sceriffo","scestrofo"
262,"scher","scher-mo","mo",2,2,"sciam-mo","sciam",1,1,0,1,"schermo","sciammo"
524,"first_blank","first_blank-schia","schia",2,26,"first_blank-asciu","asciu",27,1,0,1,"schiavo","asciuvo"
813,"first_blank","first_blank-scim","scim",2,11,"first_blank-sgat","sgat",11,0,0,1,"scimmia","sgatmia"
881,"first_blank","first_blank-sciol","sciol",2,11,"first_blank-espel","espel",11,0,0,2,"sciolto","espelto"
841,"iat","iat-to","to",4,4,"strui-to","strui",2,2,2,1,"scoiattolo","scostruitolo"
309,"sco","sco-mo","mo",3,9,"guia-mo","guia",7,2,1,1,"scomodo","guiamodo"
770,"sco","sco-po","po",2,3,"adi-po","adi",3,0,0,1,"scopo","adipo"
826,"first_blank","first_blank-scop","scop",3,20,"first_blank-graf","graf",20,0,0,1,"scoppiare","grafpiare"
820,"scor","scor-ta","ta",2,6,"spie-ta","spie",6,0,0,1,"scorta","spieta"
864,"scri","scri-va","va",3,6,"odia-va","odia",4,2,0,1,"scrivania","odiavania"
572,"scu","scu-do","do",2,2,"deo-do","deo",2,0,0,1,"scudo","deodo"
453,"se","se-co","co",3,6,"se-gnia","gnia",6,0,2,1,"secolo","segnialo"
848,"da","da-rio","rio",4,10,"da-walsh","walsh",1,9,2,1,"secondario","secondawalsh"
263,"con","con-do","do",3,14,"fred-do","fred",7,7,1,1,"secondo","sefreddo"
379,"gre","gre-ta","ta",4,13,"squar-ta","squar",7,6,2,1,"segretario","sesquartario"
264,"gre","gre-to","to",3,1,"quin-to","quin",1,0,1,1,"segreto","sequinto"
113,"gui","gui-re","re",3,16,"stra-re","stra",14,2,1,1,"seguire","sestrare"
724,"rio","rio-last_blank","last_blank",4,264,"thers-last_blank","thers",13,251,2,1,"seminario","seminathers"
637,"first_blank","first_blank-sem","sem",5,80,"first_blank-christ","christ",2,78,3,1,"semplicemente","christplicemente"
10,"pre","pre-last_blank","last_blank",2,11,"sin-last_blank","sin",11,0,0,1,"sempre","semsin"
984,"first_blank","first_blank-sen","sen",5,148,"first_blank-christ","christ",2,146,3,1,"sensazionale","christsazionale"
628,"sen","sen-so","so",3,13,"gros-so","gros",6,7,1,1,"sensore","grossore"
271,"se","se-pa","pa",4,46,"chiap-pa","chiap",9,37,3,1,"separare","chiapparare"
288,"first_blank","first_blank-ser","ser",4,128,"first_blank-chiac","chiac",23,105,2,1,"serbatoio","chiacbatoio"
361,"ser","ser-gen","gen",3,2,"giun-gen","giun",3,1,1,1,"sergente","giungente"
606,"se","se-rie","rie",2,8,"se-pol","pol",9,1,0,1,"serie","sepol"
947,"vi","vi-zio","zio",3,7,"vi-duar","duar",5,2,1,1,"servizio","serviduar"
266,"first_blank","first_blank-ses","ses",3,33,"first_blank-viag","viag",32,1,1,1,"sessuale","viagsuale"
836,"se","se-ta","ta",2,5,"gua-ta","gua",5,0,1,1,"seta","guata"
388,"tem","tem-bre","bre",3,1,"tem-plan","plan",1,0,1,1,"settembre","settemplan"
816,"se","se-zio","zio",3,12,"se-guen","guen",10,2,1,1,"sezione","seguenne"
954,"first_blank","first_blank-sfor","sfor",4,36,"first_blank-ubria","ubria",30,6,1,1,"sfortunato","ubriatunato"
795,"first_blank","first_blank-sher","sher",2,12,"first_blank-scru","scru",12,0,0,1,"sherlock.","scrulock."
547,"cu","cu-rez","rez",4,5,"cu-shing","shing",1,4,2,1,"sicurezza","sicushingza"
728,"cu","cu-ro","ro",3,6,"stre-ro","stre",3,3,2,1,"sicuro","sistrero"
169,"si","si-gni","gni",5,26,"si-lhouet","lhouet",1,25,3,1,"significato","silhouetficato"
156,"gno","gno-re","re",3,5,"flui-re","flui",5,0,1,1,"signore","sifluire"
469,"len","len-zio","zio",4,6,"ostru-zio","ostru",3,3,2,1,"silenzioso","siostruzioso"
269,"mi","mi-le","le",3,11,"trol-le","trol",13,2,2,1,"simile","sitrolle"
287,"sin","sin-to","to",3,10,"trat-to","trat",11,1,1,1,"sintomo","trattomo"
462,"tua","tua-zio","zio",4,6,"scien-zio","scien",3,3,2,1,"situazione","siscienzione"
699,"so","so-brio","brio",2,1,"so-gnia","gnia",1,0,0,1,"sobrio","sognia"
422,"cie","cie-tà","tà",3,1,"equi-tà","equi",1,0,1,1,"società","soequità"
526,"sfat","sfat-to","to",4,5,"cruen-to","cruen",1,4,1,1,"soddisfatto","soddicruento"
286,"ren","ren-za","za",4,28,"schiz-za","schiz",8,20,2,1,"sofferenza","soffeschizza"
735,"first_blank","first_blank-sof","sof",3,105,"first_blank-trat","trat",105,0,1,1,"soffrire","tratfrire"
578,"first_blank","first_blank-soft","soft",2,2,"first_blank-coul","coul",2,0,0,1,"software","coulware"
448,"first_blank","first_blank-sol","sol",3,84,"first_blank-pian","pian",82,2,1,1,"soldato","piandato"
885,"first_blank","first_blank-som","som",2,50,"first_blank-muo","muo",50,0,0,1,"somma","muoma"
959,"ra","ra-le","le",6,52,"ra-brights","brights",1,51,5,1,"soprannaturale","soprannaturabrights"
335,"so","so-rel","rel",3,11,"so-stan","stan",10,1,1,1,"sorella","sostanla"
596,"pre","pre-sa","sa",3,17,"glio-sa","glio",6,11,1,1,"sorpresa","sorgliosa"
417,"sor","sor-ri","ri",3,31,"chia-ri","chia",20,11,1,1,"sorridi","chiaridi"
681,"ste","ste-gno","gno",3,1,"ste-mics","mics",1,0,1,1,"sostegno","sostemics"
244,"tui","tui-re","re",4,11,"espor-re","espor",2,9,2,1,"sostituire","sostiesporre"
293,"sot","sot-ti","ti",3,12,"giun-ti","giun",12,0,1,1,"sottile","giuntile"
285,"first_blank","first_blank-sot","sot",5,200,"first_blank-friend","friend",2,198,3,1,"sottomarino","friendtomarino"
929,"first_blank","first_blank-sot","sot",6,200,"first_blank-ablewhi","ablewhi",1,199,4,1,"sottovalutare","ablewhitovalutare"
360,"spa","spa-da","da",2,1,"jor-da","jor",1,0,0,1,"spada","jorda"
608,"spal","spal-la","la",2,2,"biar-la","biar",2,0,0,1,"spalla","biarla"
742,"ra","ra-tut","tut",4,1,"ra-phael","phael",1,0,2,1,"sparatutto","sparaphaelto"
391,"spa","spa-ro","ro",2,1,"nei-ro","nei",1,0,0,1,"sparo","neiro"
867,"ven","ven-to","to",3,27,"chia-to","chia",30,3,1,1,"spavento","spachiato"
908,"spaz","spaz-za","za",4,10,"fluen-za","fluen",14,4,1,1,"spazzatura","fluenzatura"
461,"cia","cia-le","le",3,18,"trol-le","trol",13,5,1,1,"speciale","spetrolle"
139,"spe","spe-ran","ran",3,8,"spe-gner","gner",7,1,1,1,"speranza","spegnerza"
381,"ri","ri-men","men",5,36,"ri-schias","schias",2,34,3,1,"sperimentare","sperischiastare"
805,"first_blank","first_blank-spiag","spiag",2,3,"first_blank-sprez","sprez",3,0,0,1,"spiaggia","sprezgia"
401,"first_blank","first_blank-spia","spia",2,27,"first_blank-scuo","scuo",27,0,0,1,"spiare","scuore"
999,"spie","spie-ga","ga",4,29,"black-ga","black",1,28,1,1,"spiegazione","blackgazione"
994,"spi","spi-na","na",3,7,"iber-na","iber",4,3,1,1,"spinale","ibernale"
861,"first_blank","first_blank-spin","spin",3,56,"first_blank-elet","elet",55,1,0,1,"spingere","eletgere"
970,"first_blank","first_blank-spio","spio",3,4,"first_blank-wool","wool",4,0,0,1,"spionaggio","woolnaggio"
318,"spi","spi-ri","ri",4,21,"voyeu-ri","voyeu",1,20,2,1,"spiritoso","voyeuritoso"
773,"splen","splen-do","do",3,4,"ghian-do","ghian",4,0,0,1,"splendore","ghiandore"
371,"spor","spor-co","co",2,1,"idro-co","idro",1,0,0,1,"sporco","idroco"
919,"spo","spo-so","so",2,2,"ras-so","ras",2,0,0,1,"sposo","rasso"
176,"first_blank","first_blank-spo","spo",3,154,"first_blank-chia","chia",134,20,1,1,"spostare","chiastare"
455,"squa","squa-lo","lo",2,1,"spal-lo","spal",1,0,0,1,"squalo","spallo"
397,"first_blank","first_blank-squil","squil",3,12,"first_blank-stram","stram",12,0,0,1,"squillare","stramlare"
279,"sta","sta-dio","dio",2,1,"sta-cei","cei",1,0,0,1,"stadio","stacei"
463,"stan","stan-co","co",2,1,"buon-co","buon",1,0,0,1,"stanco","buonco"
629,"first_blank","first_blank-sta","sta",2,183,"first_blank-ven","ven",189,6,0,1,"stare","venre"
739,"first_blank","first_blank-sta","sta",2,183,"first_blank-ver","ver",176,7,0,1,"stato","verto"
779,"first_blank","first_blank-sti","sti",3,88,"first_blank-pian","pian",82,6,1,1,"stivale","pianvale"
49,"first_blank","first_blank-stof","stof",2,3,"first_blank-phoe","phoe",3,0,0,1,"stoffa","phoefa"
685,"sto","sto-ma","ma",3,4,"phar-ma","phar",4,0,1,1,"stomaco","pharmaco"
253,"stra","stra-da","da",2,9,"chio-da","chio",8,1,0,2,"strada","chioda"
839,"stra","stra-to","to",2,35,"chet-to","chet",37,2,0,2,"strato","chetto"
374,"first_blank","first_blank-suc","suc",3,88,"first_blank-pian","pian",82,6,1,1,"successo","piancesso"
907,"chia","chia-re","re",3,35,"scor-re","scor",24,11,0,1,"succhiare","sucscorre"
320,"su","su-d","d",1,3,"ul-d","ul",3,0,0,1,"sud","uld"
338,"first_blank","first_blank-sui","sui",3,24,"first_blank-riac","riac",24,0,1,1,"suicidio","riaccidio"
798,"rio","rio-re","re",4,7,"mewhe-re","mewhe",1,6,2,1,"superiore","supemewhere"
854,"ruo","ruo-mo","mo",4,1,"schiu-mo","schiu",1,0,2,1,"superuomo","supeschiumo"
296,"bac","bac-co","co",3,4,"agri-co","agri",4,0,1,1,"tabacco","taagrico"
272,"glia","glia-last_blank","last_blank",2,109,"ster-last_blank","ster",99,10,0,2,"taglia","taster"
884,"tan","tan-gen","gen",3,3,"svol-gen","svol",1,2,1,1,"tangente","svolgente"
410,"tar","tar-di","di",2,6,"sud-di","sud",6,0,0,1,"tardi","suddi"
553,"ta","ta-sca","sca",2,6,"ta-ran","ran",6,0,0,1,"tasca","taran"
567,"tuag","tuag-gio","gio",3,1,"sfre-gio","sfre",1,0,0,1,"tatuaggio","tasfregio"
754,"let","let-ta","ta",4,48,"ascol-ta","ascol",26,22,2,1,"tavoletta","tavoascolta"
413,"vo","vo-lo","lo",3,29,"ciar-lo","ciar",16,13,2,1,"tavolo","taciarlo"
289,"ta","ta-xi","xi",2,2,"ta-gem","gem",2,0,1,1,"taxi","tagem"
476,"first_blank","first_blank-taz","taz",2,4,"first_blank-clu","clu",4,0,0,1,"tazza","cluza"
788,"first_blank","first_blank-tec","tec",3,16,"first_blank-odia","odia",16,0,1,1,"tecnico","odianico"
378,"first_blank","first_blank-tec","tec",4,16,"first_blank-spruz","spruz",16,0,2,1,"tecnologia","spruznologia"
595,"ra","ra-last_blank","last_blank",5,1513,"ra-brights","brights",1,1512,3,5,"telecamera","telecamerabrights"
457,"le","le-gram","gram",4,2,"le-fleur","fleur",2,0,1,1,"telegramma","telefleurma"
930,"le","le-sco","sco",4,5,"le-fleur","fleur",2,3,2,1,"telescopio","telefleurpio"
521,"pio","pio-last_blank","last_blank",2,33,"tar-last_blank","tar",33,0,0,1,"tempio","temtar"
304,"ten","ten-ta","ta",4,46,"ascol-ta","ascol",26,20,2,1,"tentativo","ascoltativo"
489,"pia","pia-last_blank","last_blank",3,46,"well-last_blank","well",44,2,1,1,"terapia","terawell"
720,"ter","ter-mi","mi",4,84,"ische-mi","ische",1,83,2,1,"terminale","ischeminale"
91,"ter","ter-re","re",4,33,"schia-re","schia",6,27,2,1,"terremoto","schiaremoto"
370,"ter","ter-ri","ri",4,20,"schia-ri","schia",6,14,2,1,"terribile","schiaribile"
294,"ter","ter-zo","zo",2,1,"ciz-zo","ciz",1,0,0,1,"terzo","cizzo"
814,"so","so-ro","ro",3,3,"so-stie","stie",3,0,2,1,"tesoro","tesostie"
284,"star","star-do","do",3,2,"unen-do","unen",2,0,0,1,"testardo","teunendo"
473,"nian","nian-za","za",5,1,"asprez-za","asprez",1,0,2,1,"testimonianza","testimoasprezza"
291,"te","te-sto","sto",2,12,"te-riz","riz",13,1,0,1,"testo","teriz"
616,"pi","pi-co","co",3,15,"pi-glia","glia",12,3,2,1,"tipico","tipiglia"
899,"ti","ti-po","po",2,10,"ti-sce","sce",11,1,1,1,"tipo","tisce"
254,"first_blank","first_blank-ton","ton",2,20,"first_blank-lea","lea",20,0,0,1,"tondo","leado"
949,"ton","ton-no","no",2,2,"giu-no","giu",2,0,0,1,"tonno","giuno"
491,"to","to-po","po",2,18,"sup-po","sup",18,0,1,1,"topo","suppo"
752,"tor","tor-men","men",3,22,"zial-men","zial",7,15,1,1,"tormento","zialmento"
299,"neo","neo-last_blank","last_blank",2,27,"bie-last_blank","bie",27,0,0,1,"torneo","torbie"
527,"tor","tor-re","re",2,1,"dua-re","dua",1,0,0,1,"torre","duare"
838,"tos","tos-se","se",2,2,"clu-se","clu",2,0,0,1,"tosse","cluse"
688,"to","to-ta","ta",3,7,"sput-ta","sput",7,0,2,1,"totale","sputtale"
603,"to","to-ur","ur",1,2,"to-de","de",2,0,0,1,"tour","tode"
300,"first_blank","first_blank-trai","trai",2,12,"first_blank-brut","brut",12,0,0,1,"trailer","brutler"
834,"mon","mon-to","to",3,6,"elet-to","elet",6,0,1,1,"tramonto","traeletto"
557,"first_blank","first_blank-trap","trap",3,3,"first_blank-scho","scho",3,0,0,1,"trappola","schopola"
347,"tre","tre-no","no",2,3,"con-no","con",3,0,0,1,"treno","conno"
414,"tri","tri-bu","bu",4,19,"ghost-bu","ghost",2,17,2,1,"tribunale","ghostbunale"
258,"tri","tri-ste","ste",2,2,"tri-gan","gan",2,0,0,1,"triste","trigan"
784,"feo","feo-last_blank","last_blank",2,3,"par-last_blank","par",3,0,0,1,"trofeo","tropar"
301,"truc","truc-co","co",2,1,"slac-co","slac",1,0,0,1,"trucco","slacco"
345,"tu","tu-mo","mo",3,5,"gram-mo","gram",5,0,2,1,"tumore","grammore"
730,"ci","ci-so","so",4,14,"sgres-so","sgres",2,12,3,1,"uccisore","ucsgressore"
130,"udi","udi-to","to",2,1,"mar-to","mar",1,0,0,1,"udito","marto"
428,"fi","fi-cial","cial",5,4,"fi-rewood","rewood",1,3,2,1,"ufficialmente","uffirewoodmente"
307,"first_blank","first_blank-uf","uf",1,19,"first_blank-eb","eb",19,0,0,1,"ufo","ebo"
830,"umi","umi-le","le",2,1,"ray-le","ray",1,0,0,1,"umile","rayle"
646,"uni","uni-tà","tà",2,1,"zie-tà","zie",1,0,0,1,"unità","zietà"
356,"first_blank","first_blank-uni","uni",4,77,"first_blank-aspet","aspet",67,10,2,1,"università","aspetversità"
399,"first_blank","first_blank-uni","uni",3,77,"first_blank-pian","pian",82,5,1,1,"universo","pianverso"
195,"un","un-o","o",1,1,"ia-o","ia",1,0,0,1,"uno","iao"
165,"first_blank","first_blank-uo","uo",2,11,"first_blank-sbu","sbu",11,0,1,1,"uomo","sbumo"
942,"first_blank","first_blank-ura","ura",3,6,"first_blank-loui","loui",6,0,1,1,"uragano","louigano"
661,"gen","gen-te","te",3,41,"stra-te","stra",26,15,1,1,"urgente","urstrate"
525,"usci","usci-ta","ta",2,1,"esen-ta","esen",1,0,0,1,"uscita","esenta"
310,"first_blank","first_blank-uti","uti",2,39,"first_blank-fot","fot",39,0,0,1,"utile","fotle"
193,"ene","ene-last_blank","last_blank",3,1,"noid-last_blank","noid",1,0,1,1,"va bene","va bnoid"
625,"va","va-gi","gi",3,10,"sfug-gi","sfug",11,1,2,1,"vagina","sfuggina"
32,"li","li-get","get",4,2,"li-chick","chick",1,1,2,1,"valigetta","valichickta"
311,"lo","lo-re","re",3,24,"scia-re","scia",14,10,2,1,"valore","vasciare"
933,"val","val-vo","vo",3,3,"glie-vo","glie",3,0,1,1,"valvola","glievola"
194,"first_blank","first_blank-vec","vec",2,18,"first_blank-kin","kin",18,0,0,1,"vecchio","kinchio"
265,"ve","ve-de","de",3,39,"spon-de","spon",28,11,2,1,"vedere","spondere"
317,"do","do-va","va",3,3,"equi-va","equi",3,0,2,1,"vedova","veequiva"
349,"first_blank","first_blank-vei","vei",3,3,"first_blank-horn","horn",3,0,1,1,"veicolo","horncolo"
222,"le","le-no","no",3,16,"chia-no","chia",13,3,2,1,"veleno","vechiano"
755,"ve","ve-na","na",2,7,"sia-na","sia",7,0,1,1,"vena","siana"
682,"det","det-ta","ta",3,28,"glia-ta","glia",27,1,1,1,"vendetta","vengliata"
758,"ven","ven-di","di",4,66,"estra-di","estra",1,65,2,1,"venditore","estraditore"
125,"ver","ver-de","de",2,3,"sfo-de","sfo",3,0,0,1,"verde","sfode"
883,"fi","fi-car","car",5,41,"fi-rewood","rewood",1,40,3,1,"verificarsi","verifirewoodsi"
939,"ver","ver-me","me",2,5,"sim-me","sim",5,0,0,1,"verme","simme"
302,"first_blank","first_blank-ve","ve",2,423,"first_blank-man","man",376,47,1,1,"vero","manro"
498,"sco","sco-vo","vo",3,2,"chia-vo","chia",2,0,1,1,"vescovo","vechiavo"
502,"first_blank","first_blank-via","via",2,7,"first_blank-web","web",7,0,0,1,"viale","weble"
180,"vi","vi-ci","ci",3,77,"eser-ci","eser",24,53,2,1,"vicino","esercino"
471,"vi","vi-no","no",2,23,"vi-der","der",18,5,1,1,"vino","vider"
450,"rus","rus-last_blank","last_blank",2,23,"nal-last_blank","nal",23,0,0,1,"virus","vinal"
957,"ica","ica-last_blank","last_blank",6,1,"stroyer-last_blank","stroyer",1,0,4,1,"visita medica","visita medstroyer"
863,"vi","vi-sua","sua",4,12,"vi-kings","kings",1,11,2,1,"visualizza","vikingslizza"
800,"first_blank","first_blank-vit","vit",3,17,"first_blank-trom","trom",17,0,1,1,"vittima","tromtima"
400,"first_blank","first_blank-vit","vit",3,17,"first_blank-scol","scol",17,0,1,1,"vittoria","scoltoria"
589,"vi","vi-vo","vo",2,9,"vi-tar","tar",9,0,1,1,"vivo","vitar"
898,"vo","vo-ce","ce",2,4,"tar-ce","tar",4,0,1,1,"voce","tarce"
827,"lon","lon-ta","ta",4,63,"aspet-ta","aspet",23,40,2,1,"volontario","voaspettario"
621,"vol","vol-pe","pe",2,1,"sto-pe","sto",1,0,0,1,"volpe","stope"
732,"first_blank","first_blank-vuo","vuo",2,7,"first_blank-bic","bic",7,0,0,1,"vuoto","bicto"
537,"shing","shing-ton","ton",3,1,"charl-ton","charl",1,0,0,1,"washington","wacharlton"
316,"first_blank","first_blank-whi","whi",2,32,"first_blank-lot","lot",32,0,0,1,"whisky","lotsky"
748,"first_blank","first_blank-work","work",2,1,"first_blank-whar","whar",1,0,0,1,"workshop.","wharshop."
721,"yo","yo-ga","ga",2,1,"pin-ga","pin",1,0,1,1,"yoga","pinga"
308,"zi","zi-o","o",1,1,"ia-o","ia",1,0,0,1,"zio","iao"
535,"first_blank","first_blank-zom","zom",2,5,"first_blank-dri","dri",5,0,0,1,"zombie","dribie"
780,"zo","zo-o","o",1,1,"iy-o","iy",1,0,0,1,"zoo","iyo"
648,"first_blank","first_blank-zuc","zuc",3,23,"first_blank-sbal","sbal",23,0,1,1,"zucchero","sbalchero"
277,"first_blank","first_blank-zup","zup",2,5,"first_blank-ely","ely",5,0,0,1,"zuppa","elypa"
