"word_id","first","original_pair","second","syll","original_freq","replacement_pair","replacement_syll","replacement_freq","freq_diff","char_diff","letter_diff","original_word","replacement_word"
633,"ban","ban-do","do",4,49,"esclu-do","esclu",2,47,2,1,"abbandono","abescludono"
87,"brac","brac-cio","cio",3,6,"scon-cio","scon",1,5,0,1,"abbraccio","absconcio"
975,"ca","ca-de","de",4,26,"esplo-de","esplo",10,16,3,1,"accadere","acesplodere"
988,"cen","cen-to","to",3,31,"stra-to","stra",35,4,1,1,"accento","acstrato"
763,"cet","cet-ta","ta",4,54,"squar-ta","squar",7,47,2,1,"accettare","acsquartare"
127,"ac","ac-cia","cia",3,3,"ac-tors","tors",1,2,1,1,"acciaio","actorsio"
812,"gna","gna-re","re",5,24,"ostrui-re","ostrui",1,23,3,1,"accompagnare","accompaostruire"
227,"cor","cor-do","do",3,14,"pren-do","pren",15,1,1,1,"accordo","acprendo"
767,"cu","cu-sa","sa",3,18,"pres-sa","pres",13,5,2,1,"accusa","acpressa"
973,"qui","qui-ren","ren",4,4,"lewar-ren","lewar",1,3,2,1,"acquirente","aclewarrente"
183,"ad","ad-dio","dio",2,1,"ad-van","van",1,0,0,1,"addio","advan"
875,"ad","ad-do","do",5,13,"struen-do","struen",2,11,4,1,"addominale","struendominale"
10,"le","le-scen","scen",4,10,"le-brock","brock",1,9,1,1,"adolescente","adolebrockte"
608,"first_blank","first_blank-adre","adre",4,2,"first_blank-guang","guang",2,0,1,1,"adrenalina","guangnalina"
919,"ro","ro-por","por",4,4,"ro-scien","scien",3,1,2,1,"aeroporto","aerosciento"
887,"fa","fa-ma","ma",4,17,"scher-ma","scher",8,9,3,1,"affamato","afschermato"
75,"fa","fa-sci","sci",5,22,"fa-rewell","rewell",1,21,3,1,"affascinante","affarewellnante"
69,"fit","fit-to","to",3,9,"bron-to","bron",9,0,1,1,"affitto","afbronto"
284,"first_blank","first_blank-agen","agen",2,11,"first_blank-stec","stec",11,0,0,1,"agenzia","steczia"
322,"giun","giun-ti","ti",4,12,"scrit-ti","scrit",7,5,1,1,"aggiuntivo","agscrittivo"
939,"al","al-ba","ba",2,9,"com-ba","com",8,1,1,1,"alba","comba"
171,"al","al-be","be",3,7,"stur-be","stur",8,1,2,1,"albero","sturbero"
118,"fa","fa-last_blank","last_blank",2,54,"mer-last_blank","mer",54,0,1,1,"alfa","almer"
558,"first_blank","first_blank-ali","ali",2,45,"first_blank-ipo","ipo",45,0,0,1,"alibi","ipobi"
950,"first_blank","first_blank-alie","alie",2,7,"first_blank-plac","plac",7,0,0,1,"alieno","placno"
536,"lar","lar-me","me",3,4,"scia-me","scia",4,0,1,1,"allarme","alsciame"
422,"first_blank","first_blank-al","al",6,750,"first_blank-istruir","istruir",5,745,5,1,"allucinazione","istruirlucinazione"
502,"al","al-tez","tez",3,5,"al-phon","phon",2,3,1,1,"altezza","alphonza"
101,"al","al-to","to",2,10,"al-ber","ber",10,0,1,1,"alto","alber"
620,"aman","aman-te","te",2,1,"miar-te","miar",1,0,0,1,"amante","miarte"
12,"first_blank","first_blank-ame","ame",3,33,"first_blank-esau","esau",32,1,1,1,"america","esaurica"
305,"first_blank","first_blank-ami","ami",4,30,"first_blank-sfrut","sfrut",29,1,2,1,"amichevole","sfrutchevole"
750,"ami","ami-ci","ci",3,3,"scar-ci","scar",3,0,1,1,"amicizia","scarcizia"
195,"first_blank","first_blank-ami","ami",2,30,"first_blank-iso","iso",30,0,0,1,"amico","isoco"
401,"mac","mac-ca","ca",4,6,"stron-ca","stron",4,2,2,1,"ammaccare","amstroncare"
382,"am","am-mi","mi",6,50,"istruir-mi","istruir",1,49,5,1,"amministrativo","istruirministrativo"
590,"first_blank","first_blank-amo","amo",2,15,"first_blank-tat","tat",15,0,0,1,"amore","tatre"
81,"ana","ana-li","li",3,6,"squi-li","squi",6,0,1,1,"analisi","squilisi"
587,"tra","tra-last_blank","last_blank",2,55,"die-last_blank","die",55,0,0,1,"anatra","anadie"
385,"co","co-ra","ra",3,34,"co-glie","glie",37,3,2,1,"ancora","ancoglie"
6,"an","an-da","da",3,24,"an-nien","nien",24,0,2,1,"andare","annienre"
107,"first_blank","first_blank-ani","ani",3,38,"first_blank-spaz","spaz",37,1,1,1,"animale","spazmale"
809,"co","co-last_blank","last_blank",5,916,"co-tswolds","tswolds",1,915,3,3,"antipatico","antipaticotswolds"
157,"par","par-ta","ta",5,9,"schiet-ta","schiet",4,5,3,1,"appartamento","apschiettamento"
33,"prez","prez-za","za",4,13,"glian-za","glian",7,6,1,1,"apprezzare","apglianzare"
83,"zio","zio-ne","ne",5,847,"cheyen-ne","cheyen",1,846,3,1,"approvazione","approvacheyenne"
930,"go","go-sta","sta",3,1,"go-land","land",1,0,1,1,"aragosta","aragoland"
974,"first_blank","first_blank-aran","aran",2,9,"first_blank-atro","atro",9,0,0,1,"arancia","atrocia"
442,"chi","chi-tet","tet",4,11,"chi-swick","swick",1,10,2,1,"architetto","archiswickto"
249,"gen","gen-to","to",3,5,"sfat-to","sfat",5,0,1,1,"argento","arsfatto"
592,"go","go-men","men",4,6,"go-sciar","sciar",1,5,2,1,"argomento","argosciarto"
667,"ar","ar-ma","ma",2,23,"cla-ma","cla",25,2,1,1,"arma","clama"
814,"ma","ma-tu","tu",4,34,"strut-tu","strut",19,15,3,1,"armatura","arstruttura"
58,"ria.","ria.-last_blank","last_blank",3,1,"hlua-last_blank","hlua",1,0,0,1,"armeria.","armehlua"
309,"nia","nia-last_blank","last_blank",3,105,"ster-last_blank","ster",99,6,1,1,"armonia","armoster"
378,"bia","bia-to","to",4,9,"strut-to","strut",7,2,2,1,"arrabbiato","arrabstrutto"
722,"re","re-sto","sto",3,3,"re-gres","gres",3,0,1,1,"arresto","arregres"
417,"gan","gan-za","za",4,6,"stroz-za","stroz",6,0,2,1,"arroganza","arrostrozza"
971,"te","te-ria","ria",3,39,"te-schi","schi",4,35,1,1,"arteria","arteschi"
562,"fi","fi-cia","cia",5,23,"fi-rewood","rewood",1,22,3,1,"artificiale","artifirewoodle"
161,"glie","glie-ria","ria",4,3,"esplo-ria","esplo",1,2,1,1,"artiglieria","artiesploria"
485,"first_blank","first_blank-asciu","asciu",4,27,"first_blank-stran","stran",24,3,0,1,"asciugamano","strangamano"
64,"first_blank","first_blank-ascol","ascol",3,60,"first_blank-strap","strap",46,14,0,2,"ascoltare","straptare"
66,"aspet","aspet-ta","ta",3,23,"scrit-ta","scrit",7,16,0,1,"aspettare","scrittare"
528,"sas","sas-si","si",4,31,"glier-si","glier",3,28,2,1,"assassino","asgliersino"
693,"sen","sen-za","za",3,10,"driz-za","driz",7,3,1,1,"assenza","asdrizza"
18,"si","si-st","st",3,1,"chor-st","chor",1,0,2,1,"assist","aschorst"
818,"sten","sten-te","te",4,10,"apria-te","apria",1,9,1,1,"assistente","assiapriate"
858,"sten","sten-za","za",4,8,"ghioz-za","ghioz",3,5,1,1,"assistenza","assighiozza"
211,"zio","zio-ne","ne",4,847,"crear-ne","crear",1,846,2,1,"assunzione","assuncrearne"
762,"sur","sur-do","do",3,1,"agen-do","agen",1,0,1,1,"assurdo","asagendo"
619,"first_blank","first_blank-atlan","atlan",3,7,"first_blank-spiar","spiar",7,0,0,1,"atlantico","spiartico"
29,"mo","mo-sfe","sfe",4,6,"mo-narch","narch",1,5,2,1,"atmosfera","atmonarchra"
985,"tac","tac-can","can",4,6,"ubria-can","ubria",1,5,2,1,"attaccante","atubriacante"
458,"tac","tac-co","co",3,5,"agri-co","agri",4,1,1,1,"attacco","atagrico"
597,"men","men-to","to",5,396,"istrut-to","istrut",3,393,3,1,"atteggiamento","atteggiaistrutto"
73,"ti","ti-ra","ra",4,72,"esplo-ra","esplo",13,59,3,1,"attirare","atesplorare"
406,"va","va-re","re",4,47,"schie-re","schie",6,41,3,1,"attivare","attischiere"
74,"vi","vi-tà","tà",4,26,"vi-gliac","gliac",5,21,3,1,"attività","attivigliac"
438,"ale","ale-last_blank","last_blank",8,1,"ale-xia","xia",1,0,7,1,"attività commerciale","attività commercialexia"
384,"at","at-to","to",2,5,"mia-to","mia",5,0,1,1,"atto","miato"
82,"at","at-to","to",3,5,"giun-to","giun",5,0,2,1,"attore","giuntore"
261,"au","au-gu","gu",4,31,"au-stria","stria",4,27,3,1,"augurare","austriarare"
635,"ti","ti-sta","sta",3,30,"ti-glie","glie",7,23,1,1,"autista","autiglie"
969,"au","au-to","to",2,139,"cia-to","cia",99,40,1,1,"auto","ciato"
941,"bus","bus-last_blank","last_blank",3,14,"star-last_blank","star",14,0,1,1,"autobus","autostar"
393,"ri","ri-tà","tà",4,28,"ri-schie","schie",13,15,3,1,"autorità","autorischie"
893,"to","to-stra","stra",4,3,"to-glies","glies",4,1,1,1,"autostrada","autogliesda"
696,"tun","tun-no","no",3,1,"aria-no","aria",1,0,1,1,"autunno","auariano"
383,"ave","ave-re","re",5,1,"istrui-re","istrui",1,0,3,1,"avere successo","istruire successo"
570,"sa","sa-rio","rio",4,15,"sa-muels","muels",1,14,2,1,"avversario","avversamuels"
624,"ba","ba-con","con",2,1,"ba-ruf","ruf",1,0,0,1,"bacon","baruf"
63,"gna","gna-to","to",3,37,"chet-to","chet",37,0,1,1,"bagnato","bachetto"
289,"gno","gno-last_blank","last_blank",2,63,"per-last_blank","per",63,0,0,1,"bagno","baper"
91,"first_blank","first_blank-bam","bam",3,35,"first_blank-spez","spez",35,0,1,1,"bambino","spezbino"
147,"first_blank","first_blank-bar","bar",2,147,"first_blank-sen","sen",148,1,0,1,"barba","senba"
861,"bar","bar-ca","ca",2,12,"pre-ca","pre",12,0,0,1,"barca","preca"
886,"se","se-ball","ball",3,1,"se-diar","diar",1,0,0,1,"baseball","basediar"
900,"first_blank","first_blank-bat","bat",2,107,"first_blank-gua","gua",107,0,0,1,"batman","guaman"
410,"glia","glia-last_blank","last_blank",3,109,"ster-last_blank","ster",99,10,0,1,"battaglia","battaster"
746,"glio","glio-ne","ne",4,11,"ester-ne","ester",1,10,1,1,"battaglione","battaesterne"
329,"first_blank","first_blank-bel","bel",3,71,"first_blank-spie","spie",71,0,1,1,"bellezza","spielezza"
103,"first_blank","first_blank-bel","bel",4,71,"first_blank-strap","strap",46,25,2,1,"bellissima","straplissima"
104,"first_blank","first_blank-bel","bel",2,71,"first_blank-fra","fra",71,0,0,1,"bello","fralo"
493,"bi","bi-bi","bi",3,3,"bi-snon","snon",3,0,2,1,"bibita","bisnonta"
179,"first_blank","first_blank-bio","bio",3,42,"first_blank-spre","spre",43,1,1,1,"biologia","sprelogia"
180,"first_blank","first_blank-bio","bio",4,42,"first_blank-strap","strap",46,4,2,1,"biologico","straplogico"
106,"first_blank","first_blank-bir","bir",2,29,"first_blank-peg","peg",29,0,0,1,"birra","pegra"
568,"so","so-gno","gno",3,8,"so-rien","rien",7,1,1,1,"bisogno","bisorien"
519,"bl","bl-u","u",1,1,"ie-u","ie",1,0,0,1,"blu","ieu"
992,"bo","bo-ston","ston",2,1,"bo-rian","rian",1,0,0,1,"boston","borian"
111,"ti","ti-glia","glia",3,11,"ti-quat","quat",5,6,0,1,"bottiglia","bottiquat"
994,"uto","uto-last_blank","last_blank",3,1,"sión-last_blank","sión",1,0,1,1,"box auto","box asión"
513,"first_blank","first_blank-brac","brac",2,29,"first_blank-quan","quan",29,0,0,1,"braccio","quancio"
268,"first_blank","first_blank-brut","brut",2,12,"first_blank-trai","trai",12,0,0,1,"brutta","traita"
243,"bu","bu-co","co",2,4,"lin-co","lin",4,0,1,1,"buco","linco"
878,"first_blank","first_blank-buf","buf",2,17,"first_blank-tim","tim",17,0,0,1,"buffo","timfo"
526,"giar","giar-do","do",3,1,"spie-do","spie",1,0,0,1,"bugiardo","buspiedo"
538,"bur","bur-ro","ro",2,5,"nie-ro","nie",5,0,0,1,"burro","niero"
820,"first_blank","first_blank-cac","cac",2,58,"first_blank-ado","ado",58,0,0,1,"caccia","adocia"
234,"da","da-ve","ve",4,6,"iscri-ve","iscri",5,1,3,1,"cadavere","caiscrivere"
910,"first_blank","first_blank-caf","caf",2,12,"first_blank-gun","gun",12,0,0,1,"caffè","gunfè"
622,"cal","cal-cio","cio",2,3,"cal-zet","zet",3,0,0,1,"calcio","calzet"
223,"cal","cal-co","co",4,19,"ubria-co","ubria",4,15,2,1,"calcolare","ubriacolare"
842,"cal","cal-ma","ma",2,9,"ger-ma","ger",9,0,0,1,"calma","germa"
133,"etto","etto-last_blank","last_blank",6,1,"tskills-last_blank","tskills",1,0,3,1,"camera da letto","camera da ltskills"
134,"rie","rie-ra","ra",4,14,"esplo-ra","esplo",13,1,2,1,"cameriera","cameesplora"
465,"mion","mion-last_blank","last_blank",2,2,"sein-last_blank","sein",2,0,0,1,"camion","casein"
235,"iedi","iedi-last_blank","last_blank",6,1,"squatch-last_blank","squatch",1,0,3,1,"camminare a piedi","camminare a psquatch"
661,"cam","cam-peg","peg",3,5,"cam-bias","bias",5,0,1,1,"campeggio","cambiasgio"
212,"pio","pio-na","na",4,4,"ester-na","ester",3,1,2,1,"campionato","camesternato"
53,"taglia","taglia-last_blank","last_blank",6,1,"bleweed-last_blank","bleweed",1,0,1,1,"campo di battaglia","campo di batbleweed"
681,"cel","cel-lo","lo",3,23,"star-lo","star",15,8,1,1,"cancello","canstarlo"
946,"can","can-cro","cro",2,1,"can-tez","tez",1,0,0,1,"cancro","cantez"
472,"can","can-de","de",3,13,"stra-de","stra",4,9,1,1,"candela","stradela"
19,"can","can-zo","zo",3,4,"ster-zo","ster",4,0,1,1,"canzone","sterzone"
146,"ca","ca-pa","pa",4,12,"estir-pa","estir",3,9,3,1,"capacità","estirpacità"
751,"pi","pi-re","re",3,26,"scor-re","scor",24,2,2,1,"capire","cascorre"
35,"smo","smo-last_blank","last_blank",5,148,"church-last_blank","church",4,144,3,1,"capitalismo","capitalichurch"
199,"pi","pi-ta","ta",4,67,"ascol-ta","ascol",26,41,3,1,"capitano","caascoltano"
512,"po","po-last_blank","last_blank",2,136,"der-last_blank","der",132,4,1,1,"capo","cader"
176,"first_blank","first_blank-cap","cap",3,44,"first_blank-bloc","bloc",43,1,1,1,"cappella","blocpella"
158,"pel","pel-lo","lo",3,7,"gnar-lo","gnar",8,1,1,1,"cappello","capgnarlo"
588,"puc","puc-cio","cio",3,2,"aman-cio","aman",1,1,1,1,"cappuccio","capamancio"
377,"bu","bu-ran","ran",4,2,"bu-sters","sters",2,0,2,1,"carburante","carbusterste"
978,"car","car-di","di",4,16,"splen-di","splen",7,9,2,1,"cardinale","splendinale"
153,"ca","ca-ri","ri",3,95,"ca-stle","stle",7,88,2,1,"carico","castleco"
291,"ri","ri-no","no",3,98,"ri-pren","pren",53,45,2,1,"carino","caripren"
508,"car","car-ne","ne",2,13,"suo-ne","suo",12,1,0,1,"carne","suone"
123,"ica","ica-last_blank","last_blank",6,1,"stroyer-last_blank","stroyer",1,0,4,1,"carta geografica","carta geografstroyer"
503,"car","car-tel","tel",3,11,"frit-tel","frit",2,9,1,1,"cartello","frittello"
621,"ca","ca-stel","stel",3,4,"ca-mion","mion",3,1,0,1,"castello","camionlo"
122,"cat","cat-ti","ti",3,21,"stra-ti","stra",20,1,1,1,"cattivo","strativo"
557,"first_blank","first_blank-cau","cau",2,57,"first_blank-ama","ama",57,0,0,1,"causa","amasa"
65,"val","val-lo","lo",3,5,"ideo-lo","ideo",5,0,1,1,"cavallo","caideolo"
865,"first_blank","first_blank-cec","cec",3,3,"first_blank-snob","snob",3,0,1,1,"cecchino","snobchino"
186,"le","le-ste","ste",3,4,"le-grar","grar",4,0,1,1,"celeste","celegrar"
539,"cen","cen-ti","ti",4,33,"strut-ti","strut",14,19,2,1,"centimetro","struttimetro"
542,"cen","cen-ti","ti",4,33,"strut-ti","strut",14,19,2,1,"centinaio","struttinaio"
169,"bra","bra-le","le",4,3,"espel-le","espel",3,0,2,1,"cerebrale","cereespelle"
776,"mo","mo-nia","nia",4,28,"mo-struo","struo",7,21,2,1,"cerimonia","cerimostruo"
981,"first_blank","first_blank-cham","cham",3,11,"first_blank-gros","gros",11,0,0,1,"champagne","grospagne"
246,"ef","ef-last_blank","last_blank",1,6,"xx-last_blank","xx",6,0,0,1,"chef","chxx"
292,"chie","chie-di","di",2,10,"esau-di","esau",10,0,0,2,"chiedi","esaudi"
595,"rur","rur-gia","gia",3,4,"sfog-gia","sfog",3,1,1,1,"chirurgia","chisfoggia"
657,"chi","chi-tar","tar",3,4,"svuo-tar","svuo",4,0,1,1,"chitarra","svuotarra"
52,"first_blank","first_blank-chiu","chiu",3,59,"first_blank-spar","spar",61,2,0,1,"chiudere","spardere"
114,"chiu","chiu-so","so",2,4,"glio-so","glio",5,1,0,1,"chiuso","glioso"
47,"chiu","chiu-su","su",3,2,"ieya-su","ieya",1,1,0,1,"chiusura","ieyasura"
906,"ca","ca-tri","tri",4,18,"ca-lhoun","lhoun",1,17,2,1,"cicatrice","cicalhounce"
405,"ci","ci-mi","mi",4,15,"estre-mi","estre",7,8,3,1,"cimitero","estremitero"
443,"ci","ci-ni","ni",3,45,"eter-ni","eter",4,41,2,1,"cinico","eternico"
999,"first_blank","first_blank-cioc","cioc",4,8,"first_blank-sfrat","sfrat",8,0,1,1,"cioccolato","sfratcolato"
15,"ci","ci-pol","pol",3,4,"ci-ster","ster",4,0,1,1,"cipolla","cisterla"
998,"first_blank","first_blank-cir","cir",2,66,"first_blank-sfi","sfi",67,1,0,1,"circo","sfico"
148,"cit","cit-tà","tà",2,2,"nei-tà","nei",2,0,0,1,"città","neità"
248,"ci","ci-vil","vil",3,4,"ci-clet","clet",4,0,1,1,"civiltà","ciclettà"
927,"first_blank","first_blank-clas","clas",3,21,"first_blank-sgom","sgom",21,0,0,1,"classico","sgomsico"
639,"first_blank","first_blank-clien","clien",2,3,"first_blank-cheer","cheer",3,0,0,1,"cliente","cheerte"
611,"first_blank","first_blank-cli","cli",3,26,"first_blank-spun","spun",26,0,1,1,"clinica","spunnica"
787,"gnac","gnac-last_blank","last_blank",2,3,"nich-last_blank","nich",3,0,0,1,"cognac","conich"
572,"co","co-gno","gno",3,2,"co-rian","rian",2,0,1,1,"cognome","corianme"
885,"col","col-la","la",3,66,"glie-la","glie",24,42,1,1,"collana","glielana"
397,"col","col-lo","lo",2,24,"ger-lo","ger",23,1,0,1,"collo","gerlo"
379,"lon","lon-nel","nel",4,2,"lon-ghorn","ghorn",1,1,2,1,"colonnello","colonghornlo"
448,"col","col-pe","pe",4,10,"strap-pe","strap",9,1,2,1,"colpevole","strappevole"
198,"col","col-pi","pi",3,36,"stre-pi","stre",5,31,1,1,"colpire","strepire"
863,"col","col-tel","tel",3,22,"sman-tel","sman",9,13,1,1,"coltello","smantello"
137,"ten","ten-te","te",4,46,"ascol-te","ascol",12,34,2,1,"combattente","combatascolte"
201,"com","com-bat","bat",4,57,"com-pound","pound",1,56,2,1,"combattere","compoundtere"
205,"co","co-mi","mi",4,21,"gliar-mi","gliar",9,12,3,1,"comitato","gliarmitato"
297,"dia","dia-last_blank","last_blank",3,54,"wood-last_blank","wood",52,2,1,1,"commedia","commewood"
461,"mis","mis-sa","sa",4,5,"struo-sa","struo",2,3,2,1,"commissario","comstruosario"
640,"com","com-pas","pas",4,4,"strap-pas","strap",2,2,2,1,"compassione","strappassione"
42,"plean","plean-no","no",3,1,"chiai-no","chiai",1,0,0,1,"compleanno","comchiaino"
68,"ple","ple-ta","ta",5,10,"schian-ta","schian",6,4,3,1,"completamente","comschiantamente"
936,"ple","ple-ta","ta",4,10,"sfrut-ta","sfrut",13,3,2,1,"completare","comsfruttare"
991,"ple","ple-to","to",3,3,"quan-to","quan",3,0,1,1,"completo","comquanto"
851,"pu","pu-ter","ter",3,2,"pu-blic","blic",2,0,1,1,"computer","compublic"
565,"co","co-mu","mu",6,58,"co-tswolds","tswolds",1,57,5,1,"comunicazione","cotswoldsnicazione"
741,"ni","ni-sta","sta",4,51,"ni-gliet","gliet",4,47,2,1,"comunista","comunigliet"
847,"co","co-mu","mu",4,58,"co-strin","strin",37,21,3,1,"comunità","costrinnità"
533,"tra","tra-re","re",4,18,"schie-re","schie",6,12,2,1,"concentrare","concenschiere"
937,"cer","cer-to","to",3,8,"pian-to","pian",8,0,1,1,"concerto","conpianto"
821,"ren","ren-za","za",4,28,"schiz-za","schiz",8,20,2,1,"conferenza","confeschizza"
214,"con","con-fer","fer",4,33,"con-stant","stant",1,32,2,1,"confermare","constantmare"
31,"fes","fes-sa","sa",4,11,"struo-sa","struo",2,9,2,1,"confessare","construosare"
145,"sio","sio-ne","ne",4,157,"cayen-ne","cayen",1,156,2,1,"confusione","confucayenne"
807,"con","con-ge","ge",4,46,"strug-ge","strug",21,25,2,1,"congelare","struggelare"
990,"ni","ni-glio","glio",3,2,"ni-chol","chol",2,0,0,1,"coniglio","conichol"
224,"con","con-nes","nes",4,9,"con-stric","stric",1,8,2,1,"connessione","constricsione"
315,"scen","scen-za","za",4,10,"gliuz-za","gliuz",3,7,1,1,"conoscenza","conogliuzza"
761,"no","no-sce","sce",4,40,"no-thing","thing",1,39,2,1,"conosceva","conothingva"
219,"si","si-glia","glia",4,13,"si-stant","stant",1,12,1,1,"consigliare","consistantre"
226,"con","con-te","te",4,67,"aspet-te","aspet",14,53,2,1,"contenuto","aspettenuto"
99,"con","con-tes","tes",3,2,"flet-tes","flet",2,0,1,1,"contessa","flettessa"
703,"nua","nua-last_blank","last_blank",3,5,"zard-last_blank","zard",5,0,1,1,"continua","contizard"
599,"tra","tra-rio","rio",3,3,"tra-chea","chea",3,0,1,1,"contrario","contrachea"
602,"con","con-ven","ven",3,10,"con-trar","trar",13,3,1,1,"convento","contrarto"
607,"pia","pia-last_blank","last_blank",2,46,"tor-last_blank","tor",46,0,0,1,"copia","cotor"
578,"gio","gio-so","so",4,8,"ascen-so","ascen",2,6,2,1,"coraggioso","coragascenso"
159,"cor","cor-da","da",2,40,"gra-da","gra",11,29,0,1,"corda","grada"
796,"ret","ret-ta","ta",3,28,"glia-ta","glia",27,1,1,1,"corretta","corgliata"
872,"co","co-sta","sta",2,19,"co-per","per",19,0,0,1,"costa","coper"
823,"stan","stan-te","te",5,20,"alouet-te","alouet",1,19,2,1,"costantemente","coalouettemente"
480,"zio","zio-ne","ne",5,847,"cheyen-ne","cheyen",1,846,3,1,"costituzione","costitucheyenne"
238,"strui","strui-re","re",3,5,"schia-re","schia",6,1,0,1,"costruire","coschiare"
934,"co","co-stru","stru",4,4,"co-glion","glion",2,2,1,1,"costruzione","coglionzione"
832,"co","co-to","to",3,8,"sven-to","sven",8,0,2,1,"cotone","sventone"
780,"boy.","boy.-last_blank","last_blank",3,1,"sbau-last_blank","sbau",1,0,0,1,"cowboy.","cowsbau"
614,"first_blank","first_blank-cra","cra",2,33,"first_blank-lon","lon",33,0,0,1,"cranio","lonnio"
479,"vat","vat-ta","ta",3,2,"stor-ta","stor",2,0,1,1,"cravatta","crastorta"
423,"first_blank","first_blank-crea","crea",4,30,"first_blank-esclu","esclu",29,1,1,1,"creatività","esclutività"
556,"first_blank","first_blank-crea","crea",3,30,"first_blank-schi","schi",30,0,0,1,"creatura","schitura"
339,"cre","cre-de","de",3,26,"spon-de","spon",28,2,1,1,"credere","spondere"
641,"first_blank","first_blank-cri","cri",3,92,"first_blank-pian","pian",82,10,1,1,"crimine","pianmine"
845,"cri","cri-si","si",2,1,"nap-si","nap",1,0,0,1,"crisi","napsi"
160,"stia","stia-no","no",3,3,"vran-no","vran",4,1,0,1,"cristiano","crivranno"
126,"crol","crol-lo","lo",2,1,"quil-lo","quil",1,0,0,1,"crollo","quillo"
120,"first_blank","first_blank-cru","cru",3,26,"first_blank-usci","usci",26,0,1,1,"crudele","uscidele"
418,"first_blank","first_blank-cru","cru",3,26,"first_blank-eser","eser",26,0,1,1,"crudeltà","eserdeltà"
628,"gi","gi-no","no",3,21,"gi-stra","stra",21,0,2,1,"cugino","cugistra"
247,"cu","cu-lo","lo",2,16,"cu-men","men",17,1,1,1,"culo","cumen"
89,"first_blank","first_blank-dan","dan",2,102,"first_blank-sof","sof",105,3,0,1,"danza","sofza"
591,"first_blank","first_blank-da","da",2,261,"first_blank-rin","rin",254,7,1,1,"dare","rinre"
356,"bo","bo-le","le",3,9,"glie-le","glie",8,1,2,1,"debole","degliele"
815,"cen","cen-nio","nio",3,1,"cen-tral","tral",1,0,1,1,"decennio","decentral"
210,"ni","ni-zio","zio",5,12,"ni-schewi","schewi",1,11,3,1,"definizione","definischewine"
531,"de","de-gno","gno",2,2,"de-lai","lai",2,0,0,1,"degno","delai"
552,"li","li-ca","ca",4,46,"stron-ca","stron",4,42,3,1,"delicato","destroncato"
413,"zio","zio-so","so",4,15,"ascen-so","ascen",2,13,2,1,"delizioso","deliascenso"
856,"sio","sio-ne","ne",4,157,"ucrai-ne","ucrai",1,156,2,1,"delusione","deluucraine"
491,"cra","cra-zia","zia",4,4,"squin-zia","squin",1,3,2,1,"democrazia","demosquinzia"
181,"first_blank","first_blank-den","den",2,44,"first_blank-wal","wal",44,0,0,1,"dente","walte"
369,"first_blank","first_blank-den","den",2,44,"first_blank-coc","coc",44,0,0,1,"dentro","coctro"
331,"de","de-pres","pres",4,13,"de-light","light",1,12,1,1,"depressione","delightsione"
706,"de","de-scri","scri",4,28,"de-rhill","rhill",1,27,1,1,"descrizione","derhillzione"
262,"sti","sti-no","no",3,23,"gior-no","gior",7,16,1,1,"destino","degiorno"
13,"tec","tec-ti","ti",4,2,"squit-ti","squit",2,0,2,1,"detective","desquittive"
231,"first_blank","first_blank-de","de",6,1238,"first_blank-istruir","istruir",5,1233,5,1,"determinazione","istruirterminazione"
333,"zio","zio-ne","ne",4,847,"igrai-ne","igrai",1,846,2,1,"devozione","devoigraine"
368,"di","di-last_blank","last_blank",1,416,"rò-last_blank","rò",592,176,0,1,"di","rò"
38,"dia","dia-vo","vo",3,11,"scri-vo","scri",8,3,1,1,"diavolo","scrivolo"
583,"di","di-cem","cem",3,2,"di-spor","spor",2,0,1,1,"dicembre","disporbre"
203,"di","di-chia","chia",5,41,"di-spatch","spatch",1,40,2,1,"dichiarazione","dispatchrazione"
715,"di","di-fen","fen",4,40,"di-strug","strug",47,7,2,1,"difendere","distrugdere"
267,"first_blank","first_blank-dif","dif",4,70,"first_blank-aspet","aspet",67,3,2,1,"difficile","aspetficile"
605,"di","di-gni","gni",3,10,"di-stor","stor",10,0,1,1,"dignità","distortà"
717,"zio","zio-ne","ne",5,847,"cheyen-ne","cheyen",1,846,3,1,"dimostrazione","dimostracheyenne"
675,"mi","mi-te","te",4,29,"mi-schia","schia",15,14,3,1,"dinamite","dinamischia"
662,"di","di-ng","ng",1,1,"di-gy","gy",1,0,0,1,"ding","digy"
275,"plo","plo-ma","ma",4,11,"scher-ma","scher",8,3,2,1,"diplomato","dischermato"
277,"ret","ret-ta","ta",5,28,"schian-ta","schian",6,22,3,1,"direttamente","dischiantamente"
705,"di","di-ret","ret",4,18,"di-spiac","spiac",4,14,2,1,"direttore","dispiactore"
229,"di","di-scus","scus",4,9,"di-ciott","ciott",1,8,1,1,"discussione","diciottsione"
274,"gna","gna-re","re",4,24,"schie-re","schie",6,18,2,1,"disegnare","diseschiere"
835,"di","di-sgra","sgra",3,7,"di-ciot","ciot",6,1,0,1,"disgrazia","diciotzia"
881,"sto","sto-so","so",4,7,"chias-so","chias",5,2,2,1,"disgustoso","disguchiasso"
637,"si","si-ti","ti",5,34,"si-lhouet","lhouet",1,33,4,1,"dispositivo","disposilhouetvo"
215,"di","di-spu","spu",3,2,"di-ving","ving",2,0,1,1,"disputa","divingta"
240,"di","di-stru","stru",4,3,"di-ciott","ciott",1,2,1,1,"distruzione","diciottzione"
456,"di","di-stur","stur",4,37,"di-ciott","ciott",1,36,1,1,"disturbare","diciottbare"
843,"ver","ver-so","so",3,13,"spon-so","spon",8,5,1,1,"diverso","disponso"
273,"vi","vi-ne","ne",3,24,"vi-glia","glia",11,13,2,1,"divine","diviglia"
952,"sio","sio-ne","ne",4,157,"ucrai-ne","ucrai",1,156,2,1,"divisione","diviucraine"
341,"cu","cu-men","men",4,17,"cu-tlass","tlass",1,16,2,1,"documento","docutlassto"
489,"first_blank","first_blank-dol","dol",3,35,"first_blank-sten","sten",35,0,1,1,"dollaro","stenlaro"
849,"do","do-lo","lo",3,69,"glie-lo","glie",62,7,2,1,"dolore","glielore"
419,"me","me-ni","ni",4,17,"me-strua","strua",4,13,3,1,"domenica","domestruaca"
90,"me","me-sti","sti",4,13,"me-liorn","liorn",1,12,2,1,"domestica","domeliornca"
105,"na","na-zio","zio",4,79,"na-sreen","sreen",1,78,2,1,"donazione","donasreenne"
968,"first_blank","first_blank-don","don",2,39,"first_blank-rie","rie",39,0,0,1,"donna","riena"
768,"first_blank","first_blank-dor","dor",3,66,"first_blank-stan","stan",67,1,1,1,"dormire","stanmire"
755,"do","do-ve","ve",3,20,"do-nald","nald",4,16,2,1,"dovere","donaldre"
20,"first_blank","first_blank-dro","dro",2,28,"first_blank-sod","sod",28,0,0,1,"droga","sodga"
606,"ec","ec-ci","ci",4,22,"gliar-ci","gliar",7,15,3,1,"eccitato","gliarcitato"
237,"first_blank","first_blank-eco","eco",4,26,"first_blank-stran","stran",24,2,2,1,"economico","strannomico"
440,"fet","fet-to","to",3,18,"scia-to","scia",21,3,1,1,"effetto","efsciato"
960,"first_blank","first_blank-ef","ef",4,58,"first_blank-ascol","ascol",60,2,3,1,"efficace","ascolficace"
924,"first_blank","first_blank-egoi","egoi",2,9,"first_blank-esta","esta",9,0,0,1,"egoista","estasta"
22,"first_blank","first_blank-ele","ele",3,39,"first_blank-gran","gran",39,0,1,1,"elegante","grangante"
332,"first_blank","first_blank-ele","ele",3,39,"first_blank-gran","gran",39,0,1,1,"elemento","granmento"
78,"first_blank","first_blank-elet","elet",4,55,"first_blank-ascol","ascol",60,5,1,1,"elettricità","ascoltricità"
506,"first_blank","first_blank-elet","elet",3,55,"first_blank-fran","fran",55,0,0,1,"elettrico","frantrico"
136,"ele","ele-zio","zio",3,2,"pria-zio","pria",2,0,1,1,"elezione","priazione"
30,"cot","cot-te","te",4,5,"glian-te","glian",5,0,2,1,"elicottero","eligliantero"
958,"first_blank","first_blank-emer","emer",3,20,"first_blank-chri","chri",20,0,0,1,"emergenza","chrigenza"
525,"emo","emo-ti","ti",3,8,"ghet-ti","ghet",8,0,1,1,"emotivo","ghettivo"
307,"first_blank","first_blank-ener","ener",2,18,"first_blank-espo","espo",18,0,0,1,"energia","espogia"
402,"first_blank","first_blank-enor","enor",2,5,"first_blank-ober","ober",5,0,0,1,"enorme","oberme"
959,"tra","tra-ta","ta",3,17,"quen-ta","quen",17,0,1,1,"entrata","enquenta"
49,"first_blank","first_blank-epi","epi",3,36,"first_blank-sven","sven",36,0,1,1,"epidemia","svendemia"
829,"epi","epi-so","so",3,4,"ples-so","ples",4,0,1,1,"episodio","plessodio"
76,"first_blank","first_blank-equi","equi",5,36,"first_blank-straor","straor",5,31,2,1,"equipaggiamento","straorpaggiamento"
311,"first_blank","first_blank-ere","ere",4,35,"first_blank-asciu","asciu",27,8,2,1,"ereditare","asciuditare"
604,"first_blank","first_blank-ere","ere",3,35,"first_blank-gior","gior",35,0,1,1,"erezione","giorzione"
193,"first_blank","first_blank-eroi","eroi",2,10,"first_blank-brid","brid",10,0,0,1,"eroina","bridna"
862,"esa","esa-ge","ge",4,16,"strug-ge","strug",21,5,2,1,"esagerare","struggerare"
940,"es","es-ca","ca",1,1,"es-th","th",1,0,0,1,"esca","esth"
426,"first_blank","first_blank-ese","ese",4,37,"first_blank-strin","strin",41,4,2,1,"esecuzione","strincuzione"
482,"first_blank","first_blank-eser","eser",3,26,"first_blank-spun","spun",26,0,0,1,"esercito","spuncito"
467,"first_blank","first_blank-eser","eser",3,26,"first_blank-avan","avan",26,0,0,1,"esercizio","avancizio"
811,"first_blank","first_blank-esplo","esplo",3,48,"first_blank-strap","strap",46,2,0,2,"esplodere","strapdere"
920,"esplo","esplo-sio","sio",3,2,"sgres-sio","sgres",2,0,0,2,"esplosione","sgressione"
116,"esplo","esplo-si","si",3,5,"chiar-si","chiar",5,0,0,2,"esplosivo","chiarsivo"
375,"espo","espo-si","si",4,5,"chiar-si","chiar",5,0,1,1,"esposizione","chiarsizione"
259,"first_blank","first_blank-espri","espri",3,25,"first_blank-schia","schia",26,1,0,1,"esprimere","schiamere"
618,"es","es-t","t",1,1,"yn-t","yn",1,0,0,1,"est","ynt"
455,"first_blank","first_blank-ester","ester",2,7,"first_blank-spiar","spiar",7,0,0,2,"esterno","spiarno"
335,"first_blank","first_blank-even","even",2,8,"first_blank-bion","bion",8,0,0,1,"evento","bionto"
427,"fa","fa-ci","ci",3,17,"prin-ci","prin",15,2,2,1,"facile","princile"
895,"li","li-men","men",4,9,"li-plock","plock",1,8,2,1,"fallimento","falliplockto"
428,"fal","fal-so","so",2,1,"ben-so","ben",1,0,0,1,"falso","benso"
190,"glia","glia-last_blank","last_blank",3,109,"ster-last_blank","ster",99,10,0,1,"famiglia","famister"
678,"fa","fa-mo","mo",3,8,"fa-scia","scia",8,0,2,1,"famoso","fasciaso"
744,"fan","fan-ta","ta",3,36,"chet-ta","chet",37,1,1,1,"fantasia","chettasia"
527,"fan","fan-ta","ta",4,36,"ascol-ta","ascol",26,10,2,1,"fantastico","ascoltastico"
740,"ere","ere-last_blank","last_blank",4,1,"sciov-last_blank","sciov",1,0,2,1,"far sapere","far sapsciov"
327,"fa","fa-re","re",2,35,"ghe-re","ghe",30,5,1,1,"fare","ghere"
403,"fa","fa-ri","ri",3,11,"chie-ri","chie",10,1,2,1,"farina","chierina"
553,"fa","fa-ta","ta",3,21,"spor-ta","spor",21,0,2,1,"fatale","sportale"
509,"fa","fa-x","x",1,1,"ho-x","ho",1,0,0,1,"fax","hox"
891,"first_blank","first_blank-faz","faz",4,4,"first_blank-klein","klein",4,0,2,1,"fazzoletto","kleinzoletto"
642,"first_blank","first_blank-faz","faz",7,4,"first_blank-schiiiin","schiiiin",1,3,5,1,"fazzoletto di carta","schiiiinzoletto di carta"
935,"first_blank","first_blank-feb","feb",2,5,"first_blank-bli","bli",5,0,0,1,"febbre","blibre"
870,"fe","fe-de","de",2,25,"man-de","man",32,7,1,1,"fede","mande"
476,"de","de-le","le",3,17,"de-stra","stra",15,2,2,1,"fedele","fedestra"
197,"zio","zio-ne","ne",5,847,"estrar-ne","estrar",1,846,3,1,"federazione","federaestrarne"
752,"fe","fe-ga","ga",3,3,"pian-ga","pian",3,0,2,1,"fegato","piangato"
848,"fe","fe-li","li",3,25,"fe-steg","steg",23,2,2,1,"felice","festegce"
521,"first_blank","first_blank-fem","fem",3,14,"first_blank-spil","spil",14,0,1,1,"femmina","spilmina"
694,"first_blank","first_blank-fer","fer",3,149,"first_blank-scon","scon",145,4,1,1,"fermare","sconmare"
154,"val","val-last_blank","last_blank",3,15,"tria-last_blank","tria",15,0,1,1,"festival","festitria"
367,"first_blank","first_blank-fiam","fiam",2,14,"first_blank-sgan","sgan",14,0,0,1,"fiamma","sganma"
771,"du","du-cia","cia",3,11,"du-vall","vall",1,10,1,1,"fiducia","fiduvall"
340,"fi","fi-glio","glio",2,8,"fi-chia","chia",7,1,0,1,"figlio","fichia"
680,"lm","lm-last_blank","last_blank",1,9,"tr-last_blank","tr",9,0,0,1,"film","fitr"
162,"fi","fi-lo","lo",2,22,"rel-lo","rel",22,0,1,1,"filo","rello"
113,"fi","fi-nan","nan",5,37,"fi-schiet","schiet",5,32,3,1,"finanziamento","fischietziamento"
94,"nan","nan-zia","zia",4,19,"sprez-zia","sprez",1,18,2,1,"finanziario","fisprezziario"
347,"ni","ni-re","re",3,37,"scor-re","scor",24,13,2,1,"finire","fiscorre"
658,"first_blank","first_blank-fio","fio",2,29,"first_blank-ori","ori",29,0,0,1,"fiore","orire"
360,"first_blank","first_blank-fir","fir",2,46,"first_blank-mul","mul",46,0,0,1,"firma","mulma"
232,"fi","fi-schio","schio",2,2,"fi-glioc","glioc",2,0,0,2,"fischio","figlioc"
831,"fi","fi-si","si",3,14,"pros-si","pros",14,0,2,1,"fisico","prossico"
564,"first_blank","first_blank-flot","flot",2,3,"first_blank-phoe","phoe",3,0,0,1,"flotta","phoeta"
494,"first_blank","first_blank-flui","flui",2,9,"first_blank-elen","elen",9,0,0,1,"fluido","elendo"
245,"for","for-chet","chet",3,4,"for-ward","ward",1,3,0,1,"forchetta","forwardta"
392,"re","re-sta","sta",3,40,"re-pres","pres",6,34,1,1,"foresta","forepres"
623,"for","for-mag","mag",3,3,"for-chet","chet",4,1,1,1,"formaggio","forchetgio"
791,"ica","ica-last_blank","last_blank",8,1,"ica-rus","rus",1,0,7,1,"formazione scolastica","formazione scolasticarus"
46,"for","for-mi","mi",3,27,"gram-mi","gram",12,15,1,1,"formica","grammica"
355,"for","for-nel","nel",3,3,"for-good","good",1,2,1,1,"fornello","forgoodlo"
4,"for","for-ni","ni",3,46,"glio-ni","glio",15,31,1,1,"fornire","glionire"
789,"for","for-te","te",4,9,"gliet-te","gliet",6,3,2,1,"fortemente","gliettemente"
357,"first_blank","first_blank-for","for",2,227,"first_blank-can","can",226,1,0,1,"forza","canza"
358,"fo","fo-to","to",2,46,"zia-to","zia",38,8,1,1,"foto","ziato"
80,"to","to-gra","gra",4,48,"to-rious","rious",1,47,2,1,"fotografo","fotoriousfo"
928,"first_blank","first_blank-fr","fr",1,61,"first_blank-we","we",61,0,0,1,"fra","wea"
93,"first_blank","first_blank-fra","fra",3,71,"first_blank-spie","spie",71,0,1,1,"fragola","spiegola"
446,"first_blank","first_blank-fran","fran",3,55,"first_blank-elet","elet",55,0,0,1,"francese","eletcese"
287,"fra","fra-se","se",2,1,"ger-se","ger",1,0,0,1,"frase","gerse"
855,"first_blank","first_blank-fra","fra",3,71,"first_blank-spie","spie",71,0,1,1,"fratello","spietello"
128,"first_blank","first_blank-fred","fred",2,15,"first_blank-crip","crip",15,0,0,1,"freddo","cripdo"
236,"first_blank","first_blank-fro","fro",2,18,"first_blank-wol","wol",18,0,0,1,"frode","wolde"
523,"first_blank","first_blank-frut","frut",2,14,"first_blank-fiam","fiam",14,0,0,1,"frutta","fiamta"
364,"fu","fu-ga","ga",2,10,"gre-ga","gre",12,2,1,1,"fuga","grega"
708,"first_blank","first_blank-fug","fug",4,40,"first_blank-strin","strin",41,1,2,1,"fuggitivo","stringitivo"
98,"fu","fu-ne","ne",4,12,"glier-ne","glier",4,8,3,1,"funerale","gliernerale"
596,"first_blank","first_blank-fun","fun",4,45,"first_blank-strap","strap",46,1,2,1,"funzionale","strapzionale"
938,"fur","fur-go","go",3,2,"spon-go","spon",2,0,1,1,"furgone","spongone"
954,"ga","ga-las","las",3,4,"ga-stro","stro",4,0,1,1,"galassia","gastrosia"
514,"ga","ga-ra","ra",2,8,"sie-ra","sie",8,0,1,1,"gara","siera"
142,"gat","gat-to","to",2,10,"tua-to","tua",10,0,0,1,"gatto","tuato"
486,"ga","ga-y","y",1,1,"tw-y","tw",1,0,0,1,"gay","twy"
563,"first_blank","first_blank-ge","ge",5,275,"knightsbrid-ge","knightsbrid",1,274,0,4,"generalmente","knightsbridgeneralmente"
207,"first_blank","first_blank-ge","ge",4,275,"knightsbrid-ge","knightsbrid",1,274,0,5,"generoso","knightsbridgeneroso"
11,"first_blank","first_blank-ge","ge",4,275,"knightsbrid-ge","knightsbrid",1,274,0,5,"genitore","knightsbridgenitore"
135,"giac","giac-ca","ca",2,1,"dria-ca","dria",1,0,0,1,"giacca","driaca"
784,"first_blank","first_blank-gial","gial",2,6,"first_blank-grem","grem",6,0,0,1,"giallo","gremlo"
864,"chio","chio-last_blank","last_blank",3,50,"wood-last_blank","wood",52,2,0,1,"ginocchio","ginocwood"
24,"gio","gio-ca","ca",4,20,"ostri-ca","ostri",1,19,2,1,"giocatore","ostricatore"
92,"cat","cat-to","to",4,14,"espia-to","espia",3,11,2,1,"giocattolo","gioespiatolo"
386,"first_blank","first_blank-gio","gio",2,138,"first_blank-stu","stu",139,1,0,1,"gioco","stuco"
654,"first_blank","first_blank-gio","gio",2,138,"first_blank-stu","stu",139,1,0,1,"gioia","stuia"
265,"iel","iel-lo","lo",3,2,"trar-lo","trar",2,0,1,1,"gioiello","giotrarlo"
61,"first_blank","first_blank-gior","gior",3,35,"first_blank-spez","spez",35,0,0,1,"giornale","speznale"
753,"first_blank","first_blank-gior","gior",4,35,"first_blank-ubria","ubria",30,5,1,1,"giornalista","ubrianalista"
966,"gio","gio-va","va",3,21,"stra-va","stra",13,8,1,1,"giovane","stravane"
942,"giu","giu-di","di",3,62,"pren-di","pren",38,24,1,1,"giudice","prendice"
782,"liet","liet-ta","ta",3,1,"scuo-ta","scuo",1,0,0,1,"giulietta","giuscuota"
430,"giu","giu-ra","ra",4,21,"esplo-ra","esplo",13,8,2,1,"giuramento","esploramento"
972,"sti","sti-zia","zia",3,10,"sti-tuen","tuen",6,4,1,1,"giustizia","giustituen"
566,"first_blank","first_blank-glo","glo",3,27,"first_blank-tren","tren",27,0,1,1,"globale","trenbale"
396,"glo","glo-ria","ria",2,3,"sfe-ria","sfe",3,0,0,1,"gloria","sferia"
806,"ril","ril-la","la",3,1,"anee-la","anee",1,0,1,1,"gorilla","goaneela"
32,"ver","ver-no","no",3,2,"equi-no","equi",2,0,1,1,"governo","goequino"
177,"first_blank","first_blank-gram","gram",2,9,"first_blank-smar","smar",9,0,0,1,"grammo","smarmo"
302,"gran","gran-de","de",2,3,"scin-de","scin",3,0,0,1,"grande","scinde"
612,"gra","gra-ti","ti",5,17,"schiet-ti","schiet",3,14,3,1,"gratitudine","schiettitudine"
560,"vi","vi-dan","dan",4,2,"vi-schio","schio",2,0,2,1,"gravidanza","gravischioza"
404,"zie","zie-last_blank","last_blank",2,47,"ber-last_blank","ber",46,1,0,1,"grazie","graber"
781,"gre","gre-co","co",2,1,"cai-co","cai",1,0,0,1,"greco","caico"
96,"first_blank","first_blank-grup","grup",2,4,"first_blank-drea","drea",4,0,0,1,"gruppo","dreapo"
600,"first_blank","first_blank-grup","grup",6,4,"first_blank-bestsel","bestsel",1,3,3,1,"gruppo musicale","bestselpo musicale"
469,"first_blank","first_blank-guan","guan",2,10,"first_blank-shar","shar",10,0,0,1,"guancia","sharcia"
408,"first_blank","first_blank-guar","guar",2,107,"first_blank-trat","trat",105,2,0,1,"guarda","tratda"
220,"first_blank","first_blank-guar","guar",4,107,"first_blank-aspet","aspet",67,40,1,1,"guardaroba","aspetdaroba"
745,"first_blank","first_blank-gua","gua",3,107,"first_blank-pren","pren",110,3,1,1,"guarire","prenrire"
852,"first_blank","first_blank-guer","guer",3,15,"first_blank-sgri","sgri",15,0,0,1,"guerriero","sgririero"
793,"first_blank","first_blank-ham","ham",3,19,"first_blank-spon","spon",19,0,1,1,"hamburger","sponburger"
17,"first_blank","first_blank-hi","hi",1,82,"first_blank-ju","ju",82,0,0,1,"hiv","juv"
258,"ldi","ldi-last_blank","last_blank",2,1,"dux-last_blank","dux",1,0,0,1,"i soldi","i sodux"
802,"idio","idio-ta","ta",2,1,"whit-ta","whit",1,0,0,1,"idiota","whitta"
152,"first_blank","first_blank-idro","idro",3,13,"first_blank-grin","grin",13,0,0,1,"idrogeno","gringeno"
593,"first_blank","first_blank-ie","ie",2,10,"first_blank-sno","sno",10,0,1,1,"ieri","snori"
151,"olio","olio-last_blank","last_blank",4,1,"tsche-last_blank","tsche",1,0,1,1,"il petrolio","il petrtsche"
529,"il","il- pra"," pra",3,1,"il-debs","debs",1,0,0,1,"il pranzo","ildebsnzo"
922,"il","il- qua"," qua",3,1,"il-debs","debs",1,0,0,1,"il quarto","ildebsrto"
425,"im","im-pe","pe",5,101,"agreat-pe","agreat",1,100,4,1,"imperatore","agreatperatore"
272,"pe","pe-ro","ro",3,28,"pe-star","star",7,21,2,1,"impero","impestar"
695,"por","por-tan","tan",4,34,"iniet-tan","iniet",1,33,2,1,"importante","iminiettante"
839,"tan","tan-za","za",4,11,"spruz-za","spruz",10,1,2,1,"importanza","imporspruzza"
429,"po","po-ten","ten",4,33,"po-drick","drick",1,32,2,1,"impotente","impodrickte"
540,"di","di-to","to",5,81,"istrut-to","istrut",3,78,4,1,"imprenditore","imprenistruttore"
500,"na","na-re","re",5,192,"istrui-re","istrui",1,191,4,1,"impressionare","impressioistruire"
643,"first_blank","first_blank-im","im",6,1087,"first_blank-bestsel","bestsel",1,1086,5,1,"imprigionamento","bestselprigionamento"
288,"ale","ale-last_blank","last_blank",7,1,"brighton-last_blank","brighton",1,0,5,1,"impronta digitale","impronta digitbrighton"
487,"ica","ica-last_blank","last_blank",4,1,"hauer-last_blank","hauer",1,0,2,1,"in pratica","in prathauer"
25,"uogo","uogo-last_blank","last_blank",5,1,"stling-last_blank","stling",1,0,2,1,"in qualche luogo","in qualche lstling"
21,"first_blank","first_blank-ina","ina",6,48,"first_blank-bestsel","bestsel",1,47,4,1,"inaspettatamente","bestselspettatamente"
434,"pa","pa-ce","ce",4,5,"pa-gliac","gliac",5,0,3,1,"incapace","incapagliac"
435,"ci","ci-den","den",4,28,"ci-priar","priar",1,27,2,1,"incidente","incipriarte"
967,"tra","tra-re","re",4,18,"schie-re","schie",6,12,2,1,"incontrare","inconschiere"
213,"con","con-tro","tro",3,40,"elet-tro","elet",25,15,1,1,"incontro","inelettro"
314,"da","da-ga","ga",4,12,"asciu-ga","asciu",14,2,3,1,"indagare","inasciugare"
723,"di","di-ca","ca",4,125,"di-strug","strug",47,78,3,1,"indicare","indistrugre"
585,"riz","riz-zo","zo",4,7,"scher-zo","scher",4,3,2,1,"indirizzo","indischerzo"
649,"di","di-vi","vi",5,139,"di-straes","straes",1,138,4,1,"individuale","indistraesduale"
389,"fan","fan-zia","zia",3,1,"astu-zia","astu",1,0,1,1,"infanzia","inastuzia"
626,"fer","fer-no","no",3,2,"glio-no","glio",2,0,1,1,"inferno","ingliono"
982,"fe","fe-zio","zio",4,39,"fe-guard","guard",1,38,2,1,"infezione","infeguardne"
344,"fi","fi-ne","ne",3,18,"fi-glio","glio",8,10,2,1,"infine","infiglio"
353,"in","in-for","for",5,58,"in-stinct","stinct",1,57,3,1,"informatore","instinctmatore"
252,"ma","ma-zio","zio",5,43,"ma-thayus","thayus",1,42,3,1,"informazione","informathayusne"
336,"nio","nio-last_blank","last_blank",4,52,"thers-last_blank","thers",13,39,2,1,"infortunio","infortuthers"
295,"first_blank","first_blank-inie","inie",3,2,"first_blank-proc","proc",2,0,0,1,"iniezione","proczione"
1000,"in","in-sa","sa",4,14,"in-ghiot","ghiot",10,4,3,1,"insalata","inghiotlata"
26,"gnan","gnan-te","te",4,5,"sfrut-te","sfrut",6,1,1,1,"insegnante","insesfrutte"
424,"gna","gna-re","re",4,24,"schie-re","schie",6,18,2,1,"insegnare","inseschiere"
736,"in","in-set","set",3,5,"in-flig","flig",5,0,1,1,"insetto","infligto"
452,"gen","gen-te","te",5,41,"astrat-te","astrat",1,40,3,1,"intelligente","intelliastratte"
7,"first_blank","first_blank-in","in",6,3448,"first_blank-ablewhi","ablewhi",1,3447,5,1,"intenzionalmente","ablewhitenzionalmente"
810,"ten","ten-zio","zio",4,23,"iscri-zio","iscri",2,21,2,1,"intenzione","iniscrizione"
304,"san","san-te","te",5,22,"lhouet-te","lhouet",1,21,3,1,"interessante","intereslhouette"
650,"in","in-ti","ti",3,41,"spet-ti","spet",30,11,2,1,"intimo","spettimo"
929,"no a","no a-last_blank","last_blank",3,1,"clhe-last_blank","clhe",1,0,0,1,"intorno a","intorclhe"
463,"in","in-tui","tui",4,8,"in-dians","dians",1,7,2,1,"intuizione","indianszione"
457,"first_blank","first_blank-inu","inu",3,16,"first_blank-scel","scel",16,0,1,1,"inutile","sceltile"
317,"ver","ver-no","no",3,2,"glio-no","glio",2,0,1,1,"inverno","ingliono"
34,"re","re-last_blank","last_blank",6,4141,"re-search","search",1,4140,4,3,"investigatore","investigatoresearch"
345,"sti","sti-re","re",4,16,"mewhe-re","mewhe",1,15,2,1,"investire","invemewhere"
95,"in","in-ve","ve",5,59,"in-stinct","stinct",1,58,4,1,"investitore","instinctstitore"
682,"via","via-re","re",3,11,"stre-re","stre",10,1,1,1,"inviare","instrere"
459,"first_blank","first_blank-iro","iro",3,8,"first_blank-aman","aman",8,0,1,1,"ironico","amannico"
460,"sa","sa-bi","bi",6,34,"sa-squatch","squatch",1,33,5,1,"irresponsabile","irresponsasquatchle"
983,"first_blank","first_blank-ispe","ispe",3,11,"first_blank-broo","broo",11,0,0,1,"ispezione","broozione"
462,"first_blank","first_blank-ispi","ispi",4,24,"first_blank-stran","stran",24,0,1,1,"ispirazione","stranrazione"
45,"nior","nior-last_blank","last_blank",2,2,"diak-last_blank","diak",2,0,0,1,"junior","judiak"
727,"first_blank","first_blank-là","là",1,2,"first_blank-uz","uz",2,0,0,1,"là","uz"
986,"la","la- sco"," sco",4,1,"la-fayet","fayet",1,0,1,1,"la sconfitta","lafayetnfitta"
350,"la","la-go","go",2,3,"fig-go","fig",3,0,1,1,"lago","figgo"
492,"lar","lar-go","go",2,2,"teg-go","teg",2,0,0,1,"largo","teggo"
720,"la","la-vag","vag",3,4,"la-stro","stro",4,0,1,1,"lavaggio","lastrogio"
374,"la","la-vel","vel",3,1,"la-bais","bais",1,0,1,1,"lavello","labaislo"
221,"ra","ra-to","to",5,318,"schiet-to","schiet",3,315,4,1,"lavoratore","lavoschiettore"
475,"vo","vo-ro","ro",3,6,"chia-ro","chia",6,0,2,1,"lavoro","lachiaro"
679,"one","one-last_blank","last_blank",4,1,"seiya-last_blank","seiya",1,0,2,1,"le persone","le persseiya"
896,"first_blank","first_blank-lec","lec",3,35,"first_blank-gior","gior",35,0,1,1,"leccare","giorcare"
421,"ga","ga-le","le",3,24,"trol-le","trol",13,11,2,1,"legale","letrolle"
546,"gen","gen-da","da",3,8,"chio-da","chio",8,0,1,1,"leggenda","legchioda"
121,"first_blank","first_blank-leg","leg",3,72,"first_blank-spie","spie",71,1,1,1,"leggero","spiegero"
296,"leo","leo-ne","ne",2,6,"vul-ne","vul",6,0,0,1,"leone","vulne"
914,"first_blank","first_blank-let","let",3,34,"first_blank-squa","squa",34,0,1,1,"lettera","squatera"
59,"first_blank","first_blank-let","let",5,34,"first_blank-schiac","schiac",30,4,3,1,"letteratura","schiacteratura"
285,"first_blank","first_blank-let","let",2,34,"first_blank-sfo","sfo",34,0,0,1,"letto","sfoto"
218,"be","be-ra","ra",4,47,"esplo-ra","esplo",13,34,3,1,"liberale","liesplorale"
490,"li","li-be","be",3,80,"dreb-be","dreb",8,72,2,1,"libero","drebbero"
271,"men","men-to","to",5,396,"istrut-to","istrut",3,393,3,1,"licenziamento","licenziaistrutto"
909,"mou","mou-si","si",4,1,"eclis-si","eclis",1,0,2,1,"limousine","lieclissine"
543,"guet","guet-ta","ta",3,4,"sciu-ta","sciu",4,0,0,1,"linguetta","linsciuta"
748,"ca","ca-le","le",3,34,"trol-le","trol",13,21,2,1,"locale","lotrolle"
980,"first_blank","first_blank-lon","lon",3,33,"first_blank-esau","esau",32,1,1,1,"lontano","esautano"
737,"cer","cer-to","to",4,8,"espia-to","espia",3,5,2,1,"lucertola","luespiatola"
391,"lu","lu-glio","glio",2,1,"lu-schi","schi",1,0,0,2,"luglio","luschi"
879,"no","no-sa","sa",4,19,"stres-sa","stres",7,12,3,1,"luminosa","lumistressa"
902,"ghez","ghez-za","za",3,2,"tran-za","tran",2,0,0,1,"lunghezza","luntranza"
119,"first_blank","first_blank-lun","lun",2,22,"first_blank-sch","sch",22,0,0,1,"lungo","schgo"
610,"lu","lu-po","po",2,4,"sca-po","sca",4,0,1,1,"lupo","scapo"
778,"first_blank","first_blank-mac","mac",3,59,"first_blank-chiu","chiu",59,0,1,1,"macchina","chiuchina"
559,"ia","ia-le","le",3,2,"scer-le","scer",2,0,2,1,"maiale","mascerle"
466,"io","io-ne","ne",4,4,"treen-ne","treen",1,3,3,1,"maionese","matreennese"
510,"ma","ma-la","la",3,42,"trol-la","trol",32,10,2,1,"malato","trollato"
625,"mam","mam-ma","ma",2,2,"stu-ma","stu",2,0,0,1,"mamma","stuma"
354,"man","man-gia","gia",3,49,"cheg-gia","cheg",28,21,1,1,"mangiare","cheggiare"
228,"ni","ni-po","po",5,37,"ni-schewi","schewi",1,36,4,1,"manipolare","manischewilare"
217,"man","man-te","te",4,46,"aspet-te","aspet",14,32,2,1,"mantenere","aspettenere"
830,"zio","zio-ne","ne",5,847,"cheyen-ne","cheyen",1,846,3,1,"manutenzione","manutencheyenne"
517,"first_blank","first_blank-ma","ma",7,1102,"scher-ma","scher",8,1094,6,3,"marina militare","schermarina militare"
665,"na","na-io","io",4,12,"na-sreen","sreen",1,11,3,1,"marinaio","marinasreen"
719,"ke","ke-ting","ting",3,2,"ke-nyon","nyon",1,1,0,1,"marketing","markenyon"
498,"mar","mar-te","te",3,3,"ghet-te","ghet",3,0,1,1,"martedì","ghettedì"
102,"mar","mar-tel","tel",3,11,"mar-chia","chia",7,4,1,1,"martello","marchialo"
995,"first_blank","first_blank-mas","mas",3,69,"first_blank-spie","spie",71,2,1,1,"massaggio","spiesaggio"
544,"first_blank","first_blank-mas","mas",3,69,"first_blank-spie","spie",71,2,1,1,"massimo","spiesimo"
447,"ma","ma-sti","sti",4,21,"ma-clean","clean",1,20,2,1,"masticare","macleancare"
349,"ca","ca-last_blank","last_blank",5,884,"ca-tskills","tskills",1,883,3,3,"matematica","matematicatskills"
286,"mo","mo-nio","nio",4,12,"mo-stran","stran",10,2,2,1,"matrimonio","matrimostran"
293,"mat","mat-ti","ti",3,14,"chia-ti","chia",13,1,1,1,"mattina","chiatina"
911,"first_blank","first_blank-mec","mec",4,9,"first_blank-estro","estro",9,0,2,1,"meccanico","estrocanico"
944,"da","da-glia","glia",3,4,"da-niel","niel",5,1,0,1,"medaglia","medaniel"
60,"da","da-glio","glio",4,3,"da-shell","shell",1,2,1,1,"medaglione","medashellne"
182,"di","di-co","co",3,47,"di-stur","stur",37,10,2,1,"medico","medistur"
668,"me","me-no","no",2,23,"sti-no","sti",23,0,1,1,"meno","stino"
204,"first_blank","first_blank-mer","mer",3,82,"first_blank-pian","pian",82,0,1,1,"mercante","piancante"
84,"first_blank","first_blank-mes","mes",3,38,"first_blank-gran","gran",39,1,1,1,"messaggio","gransaggio"
337,"tal","tal-lo","lo",3,3,"glia-lo","glia",3,0,1,1,"metallo","meglialo"
450,"first_blank","first_blank-met","met",3,107,"first_blank-guar","guar",107,0,1,1,"mettere","guartere"
537,"gior","gior-no","no",4,7,"schia-no","schia",3,4,1,1,"mezzogiorno","mezzoschiano"
913,"mi","mi-cro","cro",4,30,"mi-glian","glian",5,25,2,1,"microfono","miglianfono"
915,"cro","cro-sco","sco",4,6,"cro-thers","thers",1,5,2,1,"microscopio","microtherspio"
132,"mi","mi-glio","glio",5,44,"mi-stress","stress",1,43,2,1,"miglioramento","mistressramento"
541,"liar","liar-do","do",3,3,"nuen-do","nuen",3,0,0,1,"miliardo","minuendo"
189,"mi","mi-li","li",4,22,"strar-li","strar",5,17,3,1,"militare","strarlitare"
27,"ni","ni-ste","ste",4,10,"ni-tions","tions",1,9,2,1,"ministero","minitionsro"
28,"stro","stro-last_blank","last_blank",3,52,"wood-last_blank","wood",52,0,0,1,"ministro","miniwood"
817,"nu","nu-sco","sco",4,4,"nu-trien","trien",2,2,2,1,"minuscolo","minutrienlo"
202,"sce","sce-la","la",3,4,"prir-la","prir",4,0,1,1,"miscela","miprirla"
686,"se","se-ria","ria",3,8,"se-quen","quen",7,1,1,1,"miseria","misequen"
647,"dia","dia-last_blank","last_blank",5,54,"church-last_blank","church",4,50,3,1,"misericordia","misericorchurch"
742,"first_blank","first_blank-mis","mis",3,35,"first_blank-spez","spez",35,0,1,1,"missile","spezsile"
208,"first_blank","first_blank-mis","mis",3,35,"first_blank-sten","sten",35,0,1,1,"missione","stensione"
819,"mi","mi-ste","ste",3,11,"mi-liar","liar",7,4,1,1,"mistero","miliarro"
178,"mi","mi-su","su",5,24,"mi-chaels","chaels",1,23,4,1,"misuratore","michaelsratore"
951,"de","de-sto","sto",3,3,"de-crit","crit",3,0,1,1,"modesto","modecrit"
518,"glie","glie-last_blank","last_blank",2,55,"chia-last_blank","chia",53,2,0,1,"moglie","mochia"
318,"mol","mol-to","to",2,1,"gre-to","gre",1,0,0,1,"molto","greto"
916,"na","na-ste","ste",4,4,"na-tions","tions",1,3,2,1,"monastero","monationsro"
453,"first_blank","first_blank-mon","mon",2,121,"first_blank-tri","tri",120,1,0,1,"mondo","trido"
196,"ta","ta-gna","gna",3,3,"ta-stie","stie",4,1,1,1,"montagna","montastie"
67,"mor","mor-fi","fi",3,1,"spit-fi","spit",1,0,1,1,"morfina","spitfina"
850,"ri","ri-re","re",3,61,"ri-spon","spon",57,4,2,1,"morire","morispon"
987,"mor","mor-to","to",2,3,"qua-to","qua",3,0,0,1,"morto","quato"
414,"tel","tel-last_blank","last_blank",2,16,"dre-last_blank","dre",16,0,0,1,"motel","modre"
827,"mo","mo-to","to",3,48,"glia-to","glia",50,2,2,1,"motore","gliatore"
571,"sco","sco-lo","lo",3,16,"ciar-lo","ciar",16,0,1,1,"muscolo","muciarlo"
110,"seo","seo-last_blank","last_blank",2,10,"wan-last_blank","wan",10,0,0,1,"museo","muwan"
464,"mu","mu-si","si",3,13,"ciar-si","ciar",13,0,2,1,"musica","ciarsica"
144,"ci","ci-sta","sta",4,7,"ci-troen","troen",1,6,2,1,"musicista","musicitroen"
321,"ta","ta-zio","zio",4,134,"ta-bleau","bleau",1,133,2,1,"mutazione","mutableaune"
230,"na","na-scon","scon",4,60,"na-cieux","cieux",1,59,1,1,"nascondere","nacieuxdere"
115,"na","na-so","so",2,3,"na-che","che",3,0,1,1,"naso","nache"
266,"first_blank","first_blank-nau","nau",2,19,"first_blank-gin","gin",19,0,0,1,"nausea","ginsea"
310,"na","na-ve","ve",2,3,"wol-ve","wol",3,0,1,1,"nave","wolve"
37,"vi","vi-ga","ga",4,13,"spran-ga","spran",4,9,3,1,"navigare","nasprangare"
567,"na","na-zio","zio",3,79,"na-stri","stri",4,75,1,1,"nazione","nastrine"
586,"first_blank","first_blank-neb","neb",2,6,"first_blank-hod","hod",6,0,0,1,"nebbia","hodbia"
683,"ne","ne-ga","ga",4,38,"asciu-ga","asciu",14,24,3,1,"negativo","asciugativo"
569,"go","go-zio","zio",3,1,"go-land","land",1,0,1,1,"negozio","negoland"
108,"first_blank","first_blank-ne","ne",2,245,"first_blank-rin","rin",254,9,1,1,"nero","rinro"
689,"first_blank","first_blank-ner","ner",3,15,"first_blank-chan","chan",15,0,1,1,"nervoso","chanvoso"
663,"ne","ne-ve","ve",2,5,"ne-zia","zia",5,0,1,1,"neve","nezia"
576,"po","po-te","te",3,23,"stan-te","stan",20,3,2,1,"nipote","nistante"
580,"first_blank","first_blank-non","non",2,28,"first_blank-bul","bul",28,0,0,1,"nonna","bulna"
897,"no","no-rd","rd",1,1,"no-lu","lu",1,0,0,1,"nord","nolu"
795,"nor","nor-ma","ma",3,14,"trau-ma","trau",14,0,1,1,"normale","traumale"
303,"no","no-te","te",4,18,"aspet-te","aspet",14,4,3,1,"notevole","aspettevole"
139,"ti","ti-zia","zia",3,10,"ti-tree","tree",2,8,1,1,"notizia","notitree"
338,"first_blank","first_blank-noz","noz",2,1,"first_blank-yab","yab",1,0,0,1,"nozze","yabze"
72,"clea","clea-re","re",3,3,"spor-re","spor",3,0,0,1,"nucleare","nusporre"
584,"nu","nu-do","do",2,1,"val-do","val",1,0,1,1,"nudo","valdo"
41,"first_blank","first_blank-nuo","nuo",3,36,"first_blank-spez","spez",35,1,1,1,"nuotare","speztare"
530,"den","den-ta","ta",5,19,"schiat-ta","schiat",3,16,3,1,"occidentale","occischiattale"
516,"first_blank","first_blank-ocea","ocea",2,8,"first_blank-smen","smen",8,0,0,1,"oceano","smenno"
412,"first_blank","first_blank-odo","odo",2,11,"first_blank-wit","wit",11,0,0,1,"odore","witre"
451,"fen","fen-de","de",4,22,"esplo-de","esplo",10,12,2,1,"offendere","ofesplodere"
898,"first_blank","first_blank-omi","omi",3,10,"first_blank-king","king",10,0,1,1,"omicidio","kingcidio"
477,"first_blank","first_blank-one","one",2,10,"first_blank-mem","mem",10,0,0,1,"onestà","memstà"
255,"first_blank","first_blank-one","one",2,10,"first_blank-adu","adu",10,0,0,1,"onesto","adusto"
700,"first_blank","first_blank-ono","ono",2,40,"first_blank-ger","ger",40,0,0,1,"onore","gerre"
801,"op","op-zio","zio",3,3,"op-pres","pres",9,6,1,1,"opzione","oppresne"
129,"first_blank","first_blank-ora","ora",2,19,"first_blank-lat","lat",19,0,0,1,"orario","latrio"
655,"bi","bi-ta","ta",3,42,"trat-ta","trat",45,3,2,1,"orbita","ortratta"
200,"di","di-ne","ne",3,68,"di-chia","chia",41,27,2,1,"ordine","ordichia"
589,"first_blank","first_blank-orec","orec",2,9,"first_blank-gram","gram",9,0,0,1,"orecchio","gramchio"
603,"ga","ga-niz","niz",5,61,"ga-stroen","stroen",2,59,3,1,"organizzare","orgastroenzare"
921,"or","or-ri","ri",4,9,"schia-ri","schia",6,3,3,1,"orribile","schiaribile"
54,"si","si-ge","ge",4,5,"si-chuan","chuan",1,4,3,1,"ossigeno","ossichuanno"
833,"to","to-bre","bre",3,1,"to-masz","masz",1,0,1,1,"ottobre","ottomasz"
174,"via","via-men","men",4,2,"escre-men","escre",2,0,2,1,"ovviamente","ovescremente"
124,"chet","chet-to","to",3,37,"stra-to","stra",35,2,0,1,"pacchetto","pacstrato"
501,"dre","dre-last_blank","last_blank",2,16,"gel-last_blank","gel",16,0,0,1,"padre","pagel"
996,"pà","pà-last_blank","last_blank",2,2,"may-last_blank","may",2,0,1,1,"papà","pamay"
834,"ra","ra-gra","gra",4,2,"ra-mount","mount",1,1,2,1,"paragrafo","paramountfo"
854,"ra","ra-nor","nor",5,3,"ra-schian","schian",1,2,3,1,"paranormale","paraschianmale"
631,"par","par-la","la",3,42,"trol-la","trol",32,10,1,1,"parlare","trollare"
194,"dine","dine-last_blank","last_blank",6,1,"squatch-last_blank","squatch",1,0,3,1,"parola d'ordine","parola d'orsquatch"
899,"ore","ore-last_blank","last_blank",5,1,"stland-last_blank","stland",1,0,3,1,"parte inferiore","parte inferistland"
56,"par","par-ten","ten",3,8,"flet-ten","flet",4,4,1,1,"partenza","flettenza"
726,"ti","ti-cel","cel",4,9,"ti-glian","glian",1,8,2,1,"particella","partiglianla"
759,"par","par-ti","ti",3,81,"iden-ti","iden",46,35,1,1,"partito","identito"
112,"sa","sa-por","por",4,2,"sa-hyung","hyung",1,1,2,1,"passaporto","passahyungto"
373,"first_blank","first_blank-pas","pas",3,134,"first_blank-chia","chia",134,0,1,1,"passato","chiasato"
666,"gia","gia-re","re",4,68,"strui-re","strui",5,63,2,1,"passeggiare","passegstruire"
411,"gia","gia-ta","ta",4,41,"ascol-ta","ascol",26,15,2,1,"passeggiata","passegascolta"
308,"first_blank","first_blank-pas","pas",3,134,"first_blank-chia","chia",134,0,1,1,"passione","chiasione"
184,"pa","pa-sto","sto",2,11,"pa-tia","tia",11,0,0,1,"pasto","patia"
545,"te","te-ti","ti",4,20,"gliar-ti","gliar",10,10,3,1,"patetico","pagliartico"
441,"gia","gia-last_blank","last_blank",4,168,"thers-last_blank","thers",13,155,2,1,"patologia","patolothers"
409,"tu","tu-glia","glia",3,8,"tu-rion","rion",2,6,0,1,"pattuglia","patturion"
609,"pau","pau-ra","ra",2,1,"sri-ra","sri",1,0,0,1,"paura","srira"
627,"first_blank","first_blank-paz","paz",2,16,"first_blank-fen","fen",16,0,0,1,"pazzo","fenzo"
471,"pe","pe-na","na",3,12,"azio-na","azio",9,3,2,1,"penale","azionale"
962,"pe","pe-ne","ne",2,20,"tar-ne","tar",19,1,1,1,"pene","tarne"
156,"pen","pen-na","na",2,8,"qui-na","qui",7,1,0,1,"penna","quina"
774,"pen","pen-sa","sa",3,51,"gros-sa","gros",9,42,1,1,"pensare","grossare"
319,"mpre","mpre-last_blank","last_blank",3,1,"quen-last_blank","quen",1,0,0,1,"per sempre","per sequen"
416,"fet","fet-to","to",3,18,"scia-to","scia",21,3,1,1,"perfetto","persciato"
769,"pe","pe-ri","ri",4,78,"schia-ri","schia",6,72,3,1,"pericolo","schiaricolo"
770,"lo","lo-so","so",5,39,"espres-so","espres",1,38,4,1,"pericoloso","pericoespresso"
735,"me","me-tro","tro",4,27,"me-light","light",1,26,2,1,"perimetro","perimelight"
330,"rio","rio-do","do",3,1,"flui-do","flui",1,0,1,1,"periodo","pefluido"
648,"per","per-met","met",4,68,"per-dinck","dinck",1,67,2,1,"permettere","perdincktere"
150,"first_blank","first_blank-per","per",5,568,"first_blank-schiac","schiac",30,538,3,1,"personalità","schiacsonalità"
651,"san","san-te","te",5,22,"lhouet-te","lhouet",1,21,3,1,"pesantemente","pelhouettemente"
1,"pe","pe-sca","sca",2,18,"pe-ran","ran",17,1,0,1,"pesca","peran"
884,"sca","sca-re","re",3,11,"glio-re","glio",10,1,1,1,"pescare","pegliore"
892,"first_blank","first_blank-pet","pet",2,31,"first_blank-lam","lam",31,0,0,1,"petto","lamto"
359,"first_blank","first_blank-pez","pez",2,12,"first_blank-sau","sau",12,0,0,1,"pezzo","sauzo"
206,"pia","pia-ce","ce",4,29,"estor-ce","estor",2,27,2,1,"piacevole","estorcevole"
691,"first_blank","first_blank-pia","pia",6,110,"first_blank-ostruen","ostruen",1,109,4,1,"pianificazione","ostruennificazione"
188,"piat","piat-to","to",2,4,"gnet-to","gnet",4,0,0,1,"piatto","gnetto"
670,"first_blank","first_blank-pic","pic",3,105,"first_blank-trat","trat",105,0,1,1,"piccolo","tratcolo"
779,"first_blank","first_blank-pie","pie",2,75,"first_blank-dar","dar",75,0,0,1,"pietra","dartra"
907,"first_blank","first_blank-pil","pil",3,12,"first_blank-scru","scru",12,0,1,1,"pillola","scrulola"
71,"lo","lo-ta","ta",3,8,"prie-ta","prie",8,0,2,1,"pilota","piprieta"
363,"sto","sto-la","la",3,6,"gnar-la","gnar",6,0,1,1,"pistola","pignarla"
62,"first_blank","first_blank-pit","pit",3,14,"first_blank-fron","fron",14,0,1,1,"pittore","frontore"
165,"first_blank","first_blank-pla","pla",3,63,"first_blank-scri","scri",63,0,1,1,"plastica","scristica"
874,"first_blank","first_blank-plau","plau",4,3,"first_blank-stric","stric",3,0,1,1,"plausibile","stricsibile"
926,"first_blank","first_blank-poe","poe",2,11,"first_blank-sab","sab",11,0,0,1,"poesia","sabsia"
387,"po","po-ker","ker",2,1,"po-sas","sas",1,0,0,1,"poker","posas"
388,"li","li-ti","ti",4,71,"strut-ti","strut",14,57,3,1,"politica","postruttica"
244,"li","li-ti","ti",4,71,"strut-ti","strut",14,57,3,1,"politico","postruttico"
283,"pol","pol-li","li",3,11,"ciar-li","ciar",10,1,1,1,"pollice","ciarlice"
167,"first_blank","first_blank-pol","pol",3,71,"first_blank-stan","stan",67,4,1,1,"polvere","stanvere"
57,"pol","pol-ve","ve",4,19,"iscri-ve","iscri",5,14,2,1,"polveroso","iscriveroso"
636,"mo","mo-do","do",4,13,"chian-do","chian",13,0,3,1,"pomodoro","pochiandoro"
125,"pon","pon-te","te",2,5,"dir-te","dir",5,0,0,1,"ponte","dirte"
348,"first_blank","first_blank-por","por",2,267,"first_blank-rin","rin",254,13,0,1,"porta","rinta"
905,"fo","fo-glio","glio",4,6,"fo-sters","sters",1,5,1,1,"portafoglio","portafosters"
88,"por","por-to","to",2,27,"sca-to","sca",28,1,0,1,"porto","scato"
499,"si","si-zio","zio",4,51,"si-gnant","gnant",1,50,2,1,"posizione","posignantne"
598,"pos","pos-si","si",5,22,"schiar-si","schiar",3,19,3,1,"possibilità","schiarsibilità"
253,"rio","rio-re","re",4,7,"ester-re","ester",1,6,2,1,"posteriore","posteesterre"
688,"pre","pre-da","da",4,8,"ghian-da","ghian",2,6,2,1,"predatore","ghiandatore"
577,"mio","mio-last_blank","last_blank",2,13,"ros-last_blank","ros",13,0,0,1,"premio","preros"
109,"pre","pre-no","no",4,17,"schia-no","schia",3,14,2,1,"prenotare","schianotare"
690,"first_blank","first_blank-pre","pre",6,833,"first_blank-nightli","nightli",1,832,4,1,"preoccupazione","nightlioccupazione"
712,"pre","pre-pa","pa",4,76,"chiap-pa","chiap",9,67,2,1,"preparare","chiapparare"
687,"pre","pre-sa","sa",2,17,"rio-sa","rio",17,0,0,1,"presa","riosa"
140,"si","si-den","den",4,19,"si-gliar","gliar",7,12,2,1,"presidente","presigliarte"
674,"first_blank","first_blank-pres","pres",3,23,"first_blank-sbal","sbal",23,0,0,1,"pressione","sbalsione"
555,"pre","pre-sta","sta",4,20,"pre-tzels","tzels",1,19,2,1,"prestazione","pretzelszione"
241,"sti","sti-to","to",3,17,"ghet-to","ghet",13,4,1,1,"prestito","preghetto"
904,"pre","pre-sto","sto",2,1,"pre-mer","mer",1,0,0,1,"presto","premer"
964,"first_blank","first_blank-prez","prez",2,3,"first_blank-poin","poin",3,0,0,1,"prezzo","poinzo"
164,"pri","pri-gio","gio",3,18,"cheg-gio","cheg",4,14,1,1,"prigione","cheggione"
616,"nie","nie-ro","ro",4,5,"strui-ro","strui",3,2,2,1,"prigioniero","prigiostruiro"
166,"one","one-last_blank","last_blank",6,1,"squatch-last_blank","squatch",1,0,4,1,"prima colazione","prima colazisquatch"
816,"ma","ma-rio","rio",3,5,"ma-nuel","nuel",4,1,1,1,"primario","primanuel"
698,"first_blank","first_blank-prin","prin",3,23,"first_blank-sbal","sbal",23,0,0,1,"principe","sbalcipe"
699,"first_blank","first_blank-pri","pri",3,89,"first_blank-guar","guar",107,18,1,1,"privacy","guarvacy"
701,"pro","pro-ba","ba",4,10,"scial-ba","scial",1,9,2,1,"probabile","scialbabile"
724,"ba","ba-bil","bil",5,1,"ba-stards","stards",1,0,3,1,"probabilmente","probastardsmente"
702,"pro","pro-ble","ble",3,11,"pro-sciu","sciu",12,1,1,1,"problema","prosciuma"
704,"pro","pro-ce","ce",4,25,"sciar-ce","sciar",2,23,2,1,"procedura","sciarcedura"
505,"first_blank","first_blank-pro","pro",7,914,"first_blank-schiiiin","schiiiin",1,913,5,1,"procedura guidata","schiiiincedura guidata"
808,"pro","pro-cio","cio",3,2,"giac-cio","giac",2,0,1,1,"procione","giaccione"
85,"first_blank","first_blank-pro","pro",5,914,"first_blank-schiac","schiac",30,884,3,1,"procuratore","schiaccuratore"
515,"pro","pro-dot","dot",3,8,"pro-gres","gres",10,2,1,1,"prodotto","progresto"
239,"pro","pro-dur","dur",3,15,"pro-pria","pria",15,0,1,1,"produrre","propriare"
323,"du","du-zio","zio",4,15,"du-champ","champ",1,14,2,1,"produzione","produchampne"
269,"first_blank","first_blank-pro","pro",5,914,"first_blank-schiac","schiac",30,884,3,1,"professionale","schiacfessionale"
254,"sa","sa-last_blank","last_blank",5,670,"sa-squatch","squatch",1,669,3,4,"professoressa","professoressasquatch"
783,"pro","pro-fu","fu",3,19,"igni-fu","igni",2,17,1,1,"profumo","ignifumo"
709,"gram","gram-ma","ma",3,40,"chia-ma","chia",43,3,0,1,"programma","prochiama"
130,"iet","iet-ti","ti",4,5,"strar-ti","strar",6,1,2,1,"proiettile","prostrartile"
376,"pro","pro-met","met",4,46,"pro-sciol","sciol",2,44,2,1,"promettere","proscioltere"
449,"prie","prie-ta","ta",4,8,"squar-ta","squar",7,1,1,1,"proprietario","prosquartario"
984,"pro","pro-spet","spet",4,6,"pro-priar","priar",2,4,1,1,"prospettiva","propriartiva"
749,"to","to-col","col",4,2,"to-glien","glien",2,0,2,1,"protocollo","protoglienlo"
547,"pro","pro-to","to",4,8,"gliet-to","gliet",7,1,2,1,"prototipo","gliettotipo"
320,"pro","pro-va","va",2,51,"cia-va","cia",33,18,0,1,"prova","ciava"
36,"first_blank","first_blank-psi","psi",4,55,"first_blank-strap","strap",46,9,2,1,"psicologia","strapcologia"
522,"first_blank","first_blank-psi","psi",5,55,"first_blank-straor","straor",5,50,3,1,"psicologico","straorcologico"
351,"bli","bli-co","co",3,2,"stec-co","stec",2,0,1,1,"pubblico","pubstecco"
574,"qual","qual-che","che",4,1,"stroc-che","stroc",1,0,1,1,"qualche cosa","strocche cosa"
725,"qua","qua-li","li",3,16,"glie-li","glie",9,7,1,1,"qualità","glielità"
853,"first_blank","first_blank-quan","quan",3,29,"first_blank-svol","svol",29,0,0,1,"quantità","svoltità"
225,"first_blank","first_blank-quar","quar",3,18,"first_blank-emet","emet",18,0,0,1,"quartiere","emettiere"
300,"first_blank","first_blank-quat","quat",2,14,"first_blank-squi","squi",14,0,0,1,"quattro","squitro"
172,"first_blank","first_blank-quel","quel",2,7,"first_blank-atle","atle",7,0,0,1,"quello","atlelo"
729,"first_blank","first_blank-rab","rab",2,13,"first_blank-lom","lom",13,0,0,1,"rabbia","lombia"
23,"ca","ca-pric","pric",5,8,"ca-thleen","thleen",1,7,2,1,"raccapricciante","raccathleenciante"
730,"co","co-glie","glie",4,37,"co-strui","strui",37,0,1,1,"raccogliere","raccostruire"
276,"con","con-ta","ta",4,91,"aspet-ta","aspet",23,68,2,1,"raccontare","racaspettare"
222,"dia","dia-zio","zio",4,5,"ostru-zio","ostru",3,2,2,1,"radiazione","raostruzione"
734,"gaz","gaz-ze","ze",3,2,"sten-ze","sten",2,0,1,1,"ragazze","rastenze"
733,"gaz","gaz-zo","zo",3,5,"schi-zo","schi",5,0,1,1,"ragazzo","raschizo"
395,"gio","gio-ne","ne",5,31,"cheyen-ne","cheyen",1,30,3,1,"ragionevole","racheyennevole"
454,"ra","ra-gna","gna",4,4,"ra-sheed","sheed",1,3,2,1,"ragnatela","rasheedtela"
483,"men","men-te","te",5,658,"estrae-te","estrae",1,657,3,1,"rapidamente","rapidaestraete"
372,"pi","pi-na","na",3,30,"sbra-na","sbra",6,24,2,1,"rapina","rasbrana"
786,"pi","pi-na","na",4,30,"ester-na","ester",3,27,3,1,"rapinare","raesternare"
738,"pi","pi-re","re",3,26,"scor-re","scor",24,2,2,1,"rapire","rascorre"
264,"ra","ra-men","men",4,44,"ra-dioat","dioat",6,38,2,1,"raramente","raradioatte"
931,"first_blank","first_blank-rat","rat",2,15,"first_blank-cou","cou",15,0,0,1,"ratto","couto"
747,"first_blank","first_blank-re","re",1,981,"first_blank-hy","hy",24,957,0,1,"re","hy"
617,"rea","rea-li","li",4,16,"espor-li","espor",1,15,2,1,"realistico","esporlistico"
380,"reat","reat-to","to",3,2,"fron-to","fron",2,0,0,1,"reattore","frontore"
48,"cen","cen-te","te",5,38,"ostrui-te","ostrui",1,37,3,1,"recentemente","reostruitemente"
629,"cin","cin-zio","zio",4,2,"istru-zio","istru",2,0,2,1,"recinzione","reistruzione"
707,"first_blank","first_blank-red","red",3,22,"first_blank-aspi","aspi",22,0,1,1,"reddito","aspidito"
209,"ga","ga-lo","lo",3,10,"cheo-lo","cheo",7,3,2,1,"regalo","recheolo"
278,"zio","zio-ne","ne",5,847,"cheyen-ne","cheyen",1,846,3,1,"registrazione","registracheyenne"
743,"re","re-gno","gno",2,2,"re-cet","cet",2,0,0,1,"regno","recet"
342,"gio","gio-ne","ne",4,31,"ucrai-ne","ucrai",1,30,2,1,"religione","reliucraine"
155,"zio","zio-ne","ne",5,847,"estrar-ne","estrar",1,846,3,1,"reputazione","reputaestrarne"
754,"ste","ste-re","re",4,27,"aguir-re","aguir",1,26,2,1,"resistere","resiaguirre"
888,"star","star-si","si",3,6,"espo-si","espo",5,1,0,1,"restarsi","reesposi"
437,"zio","zio-ne","ne",5,847,"cheyen-ne","cheyen",1,846,3,1,"restituzione","restitucheyenne"
362,"ca","ca-ri","ri",5,95,"ca-thleen","thleen",1,94,4,1,"ricaricare","ricathleencare"
903,"cat","cat-to","to",3,14,"bron-to","bron",9,5,1,1,"ricatto","ribronto"
923,"chez","chez-za","za",3,8,"sfor-za","sfor",8,0,0,1,"ricchezza","ricsforza"
685,"first_blank","first_blank-ric","ric",2,33,"first_blank-lon","lon",33,0,0,1,"ricco","lonco"
760,"ri","ri-chie","chie",3,31,"ri-scal","scal",30,1,0,1,"richiesta","riscalsta"
117,"com","com-pen","pen",4,26,"com-stock","stock",1,25,2,1,"ricompensa","ricomstocksa"
270,"cor","cor-da","da",4,40,"azien-da","azien",3,37,2,1,"ricordare","riaziendare"
857,"ri","ri-de","de",3,53,"ri-spon","spon",57,4,2,1,"ridere","risponre"
79,"dur","dur-re","re",3,17,"scia-re","scia",14,3,1,1,"ridurre","risciare"
306,"ri","ri-muo","muo",4,20,"ri-schie","schie",13,7,2,1,"rimuovere","rischievere"
14,"zio","zio-ne","ne",5,847,"estrar-ne","estrar",1,846,3,1,"riparazione","riparaestrarne"
766,"pa","pa-ro","ro",3,25,"pa-stic","stic",19,6,2,1,"riparo","ripastic"
739,"scat","scat-to","to",3,3,"pien-to","pien",3,0,0,1,"riscatto","ripiento"
772,"ri","ri-spon","spon",4,57,"ri-chard","chard",2,55,1,1,"rispondere","richarddere"
718,"ri","ri-sto","sto",4,8,"ri-crear","crear",2,6,2,1,"ristorante","ricrearrante"
773,"ri","ri-sul","sul",4,20,"ri-crear","crear",2,18,2,1,"risultato","ricreartato"
669,"vi","vi-sta","sta",3,33,"vi-glio","glio",7,26,1,1,"rivista","riviglio"
170,"ro","ro-ma","ma",2,11,"ro-ton","ton",10,1,1,1,"roma","roton"
298,"man","man-ti","ti",4,22,"strut-ti","strut",14,8,2,1,"romantico","rostruttico"
282,"rot","rot-tu","tu",3,2,"scia-tu","scia",2,0,1,1,"rottura","sciatura"
390,"first_blank","first_blank-ruo","ruo",3,12,"first_blank-blan","blan",12,0,1,1,"ruotare","blantare"
325,"first_blank","first_blank-sab","sab",2,11,"first_blank-din","din",11,0,0,1,"sabbia","dinbia"
877,"bo","bo-tag","tag",4,2,"bo-rhood","rhood",1,1,2,1,"sabotaggio","saborhoodgio"
798,"chet","chet-to","to",3,37,"stra-to","stra",35,2,0,1,"sacchetto","sacstrato"
550,"cer","cer-do","do",4,5,"ghian-do","ghian",4,1,2,1,"sacerdote","saghiandote"
70,"sal","sal-di","di",2,1,"eli-di","eli",1,0,0,1,"saldi","elidi"
242,"sal","sal-sa","sa",2,2,"ves-sa","ves",2,0,0,1,"salsa","vessa"
790,"sal","sal-to","to",2,5,"chi-to","chi",5,0,0,1,"salto","chito"
216,"lu","lu-ta","ta",4,57,"ascol-ta","ascol",26,31,3,1,"salutare","saascoltare"
792,"sal","sal-va","va",2,38,"cia-va","cia",33,5,0,1,"salva","ciava"
312,"first_blank","first_blank-sal","sal",4,216,"first_blank-ubria","ubria",30,186,2,1,"salvatore","ubriavatore"
575,"mu","mu-rai","rai",3,1,"mu-nich","nich",1,0,1,1,"samurai","samunich"
9,"sa","sa-pe","pe",3,19,"sa-stro","stro",6,13,2,1,"sapere","sastrore"
731,"sa","sa-tel","tel",5,4,"sa-squatch","squatch",1,3,4,1,"satellitare","sasquatchlitare"
313,"sba","sba-glio","glio",2,1,"tru-glio","tru",1,0,0,1,"sbaglio","truglio"
192,"first_blank","first_blank-sbar","sbar",2,24,"first_blank-sche","sche",24,0,0,1,"sbarra","schera"
653,"first_blank","first_blank-scan","scan",3,47,"first_blank-riem","riem",46,1,0,1,"scandalo","riemdalo"
890,"scar","scar-pa","pa",2,2,"shop-pa","shop",2,0,0,1,"scarpa","shoppa"
945,"scher","scher-zo","zo",2,4,"ghioz-zo","ghioz",1,3,0,3,"scherzo","ghiozzo"
912,"first_blank","first_blank-scien","scien",2,14,"first_blank-scrit","scrit",14,0,0,1,"scienza","scritza"
381,"first_blank","first_blank-scien","scien",3,14,"first_blank-frain","frain",14,0,0,1,"scienziato","frainziato"
554,"scom","scom-par","par",3,10,"grap-par","grap",4,6,0,1,"scomparsa","grapparsa"
43,"sciu","sciu-to","to",4,7,"otran-to","otran",1,6,1,1,"sconosciuto","sconootranto"
671,"first_blank","first_blank-scrit","scrit",3,14,"first_blank-frain","frain",14,0,0,1,"scrittore","fraintore"
481,"first_blank","first_blank-scri","scri",3,63,"first_blank-fran","fran",55,8,0,1,"scrivere","franvere"
191,"first_blank","first_blank-scuo","scuo",2,27,"first_blank-stre","stre",27,0,0,1,"scuola","strela"
594,"scu","scu-ro","ro",2,2,"bre-ro","bre",2,0,0,1,"scuro","brero"
646,"first_blank","first_blank-scu","scu",2,72,"first_blank-leg","leg",72,0,0,1,"scusa","legsa"
100,"ale","ale-last_blank","last_blank",5,1,"gewood-last_blank","gewood",1,0,3,1,"sede centrale","sede centrgewood"
432,"se","se-der","der",3,11,"se-guia","guia",7,4,1,1,"sedersi","seguiasi"
908,"se","se-dia","dia",2,15,"se-reb","reb",15,0,0,1,"sedia","sereb"
361,"gna","gna-le","le",3,10,"svil-le","svil",8,2,1,1,"segnale","sesville"
800,"first_blank","first_blank-se","se",5,643,"lighthou-se","lighthou",1,642,3,4,"selezionare","lighthouselezionare"
822,"pli","pli-ce","ce",3,5,"aver-ce","aver",4,1,1,1,"semplice","semaverce"
507,"pre","pre-last_blank","last_blank",2,11,"bot-last_blank","bot",11,0,0,1,"sempre","sembot"
630,"se","se-na","na",3,11,"se-guen","guen",10,1,2,1,"senato","seguento"
400,"se","se-na","na",4,11,"ucrai-na","ucrai",1,10,3,1,"senatore","ucrainatore"
431,"sen","sen-sa","sa",4,15,"eclis-sa","eclis",2,13,2,1,"sensazione","eclissazione"
257,"sen","sen-si","si",4,21,"glias-si","glias",7,14,2,1,"sensibile","gliassibile"
785,"sen","sen-tie","tie",3,2,"sen-berg","berg",2,0,1,1,"sentiero","senbergro"
799,"first_blank","first_blank-sep","sep",4,48,"first_blank-ubria","ubria",30,18,2,1,"seppellire","ubriapellire"
582,"se","se-ra","ra",3,49,"se-guir","guir",19,30,2,1,"serata","seguirta"
279,"ser","ser-mo","mo",3,2,"ciam-mo","ciam",2,0,1,1,"sermone","ciammone"
976,"pen","pen-te","te",3,7,"adat-te","adat",6,1,1,1,"serpente","seradatte"
175,"first_blank","first_blank-ser","ser",4,128,"first_blank-chiac","chiac",23,105,2,1,"serratura","chiacratura"
805,"ser","ser-vo","vo",2,6,"fie-vo","fie",6,0,0,1,"servo","fievo"
324,"se","se-te","te",2,1,"se-rys","rys",1,0,1,1,"sete","serys"
532,"first_blank","first_blank-set","set",4,37,"first_blank-ubria","ubria",30,7,2,1,"settimana","ubriatimana"
728,"first_blank","first_blank-set","set",6,37,"first_blank-lighthou","lighthou",1,36,5,1,"settimanalmente","lighthoutimanalmente"
615,"first_blank","first_blank-sfi","sfi",2,67,"first_blank-bra","bra",67,0,0,1,"sfida","brada"
961,"first_blank","first_blank-sì","sì",1,10,"first_blank-kh","kh",10,0,0,1,"sì","kh"
837,"cu","cu-rez","rez",4,5,"cu-shing","shing",1,4,2,1,"sicurezza","sicushingza"
838,"cu","cu-ro","ro",3,6,"stre-ro","stre",3,3,2,1,"sicuro","sistrero"
901,"ga","ga-ret","ret",4,4,"ga-gliar","gliar",2,2,2,1,"sigaretta","sigagliarta"
366,"si","si-ga","ga",3,7,"abro-ga","abro",4,3,2,1,"sigaro","abrogaro"
840,"gno","gno-ra","ra",3,10,"oscu-ra","oscu",8,2,1,1,"signora","sioscura"
841,"len","len-zio","zio",3,6,"scre-zio","scre",6,0,1,1,"silenzio","siscrezio"
97,"first_blank","first_blank-sim","sim",3,47,"first_blank-iden","iden",46,1,1,1,"simbolo","idenbolo"
803,"sin","sin-da","da",3,11,"fred-da","fred",12,1,1,1,"sindaco","freddaco"
844,"dro","dro-me","me",3,4,"asim-me","asim",4,0,1,1,"sindrome","sinasimme"
394,"stra","stra-last_blank","last_blank",3,34,"ning-last_blank","ning",34,0,0,1,"sinistra","sinining"
16,"rin","rin-ga","ga",3,4,"abro-ga","abro",4,0,1,1,"siringa","siabroga"
756,"ste","ste-ma","ma",3,27,"dram-ma","dram",17,10,1,1,"sistema","sidramma"
445,"first_blank","first_blank-slea","slea",2,3,"first_blank-stir","stir",3,0,0,1,"sleale","stirle"
86,"so","so-cie","cie",3,11,"so-vrap","vrap",11,0,1,1,"società","sovraptà"
436,"so","so-gno","gno",2,8,"so-len","len",8,0,0,1,"sogno","solen"
497,"so","so-la","la",3,48,"so-spet","spet",44,4,2,1,"solare","sospetre"
496,"so","so-le","le",2,18,"cia-le","cia",18,0,1,1,"sole","ciale"
250,"ta","ta-rio","rio",4,48,"ta-bleau","bleau",1,47,2,1,"solitario","solitableau"
601,"so","so-li","li",3,49,"so-prav","prav",51,2,2,1,"solito","sopravto"
149,"first_blank","first_blank-son","son",2,32,"first_blank-whi","whi",32,0,0,1,"sonda","whida"
5,"vi","vi-ve","ve",5,32,"vi-schiar","schiar",1,31,4,1,"sopravvivere","sopravvischiarre"
185,"sor","sor-do","do",2,4,"clu-do","clu",4,0,0,1,"sordo","cludo"
326,"sor","sor-so","so",2,1,"nal-so","nal",1,0,0,1,"sorso","nalso"
299,"so","so-spet","spet",4,44,"so-mewhe","mewhe",1,43,1,1,"sospettare","somewhetare"
859,"tui","tui-re","re",4,11,"espor-re","espor",2,9,2,1,"sostituire","sostiesporre"
473,"ghet","ghet-ti","ti",3,8,"spor-ti","spor",8,0,0,1,"spaghetti","spasporti"
866,"spa","spa-ra","ra",3,26,"chie-ra","chie",19,7,1,1,"sparare","chierare"
867,"ven","ven-ta","ta",4,61,"ascol-ta","ascol",26,35,2,1,"spaventare","spaascoltare"
868,"spaz","spaz-za","za",4,10,"fluen-za","fluen",14,4,1,1,"spazzatura","fluenzatura"
765,"first_blank","first_blank-spec","spec",2,11,"first_blank-scim","scim",11,0,0,1,"specchio","scimchio"
316,"spe","spe-cia","cia",4,19,"ghiac-cia","ghiac",7,12,2,1,"specialista","ghiaccialista"
764,"first_blank","first_blank-spen","spen",3,52,"first_blank-igno","igno",50,2,0,1,"spendere","ignodere"
2,"first_blank","first_blank-spes","spes",2,6,"first_blank-schu","schu",6,0,0,1,"spesso","schuso"
824,"first_blank","first_blank-spet","spet",5,37,"first_blank-adrian","adrian",1,36,2,1,"spettacolare","adriantacolare"
40,"spi","spi-ri","ri",3,21,"guer-ri","guer",6,15,1,1,"spirito","guerrito"
880,"spor","spor-co","co",2,1,"stle-co","stle",1,0,0,1,"sporco","stleco"
634,"or","or-t","t",1,3,"et-t","et",3,0,0,1,"sport","spett"
882,"first_blank","first_blank-spo","spo",2,154,"first_blank-rac","rac",152,2,0,1,"sposa","racsa"
826,"spo","spo-sa","sa",3,23,"gras-sa","gras",6,17,1,1,"sposato","grassato"
478,"first_blank","first_blank-squa","squa",2,34,"first_blank-quin","quin",34,0,0,1,"squadra","quindra"
721,"first_blank","first_blank-stam","stam",2,29,"first_blank-adat","adat",29,0,0,1,"stampa","adatpa"
334,"first_blank","first_blank-sta","sta",2,183,"first_blank-ver","ver",176,7,0,1,"stato","verto"
551,"tua","tua-last_blank","last_blank",2,10,"nas-last_blank","nas",10,0,0,1,"statua","stanas"
659,"sta","sta-zio","zio",3,26,"sta-tuet","tuet",2,24,1,1,"stazione","statuetne"
163,"first_blank","first_blank-stel","stel",2,12,"first_blank-sbir","sbir",12,0,0,1,"stella","sbirla"
775,"sti","sti-le","le",2,2,"cra-le","cra",2,0,0,1,"stile","crale"
644,"sti","sti-pen","pen",3,3,"sti-tuia","tuia",3,0,1,1,"stipendio","stituiadio"
979,"stra","stra-da","da",2,9,"chio-da","chio",8,1,0,2,"strada","chioda"
370,"stra","stra-no","no",2,9,"dran-no","dran",7,2,0,1,"strano","dranno"
656,"stra","stra-te","te",3,26,"glie-te","glie",16,10,0,1,"strategia","glietegia"
511,"first_blank","first_blank-stre","stre",2,27,"first_blank-scuo","scuo",27,0,0,1,"strega","scuoga"
77,"first_blank","first_blank-stru","stru",3,18,"first_blank-quar","quar",18,0,0,1,"strumento","quarmento"
664,"first_blank","first_blank-strut","strut",3,9,"first_blank-schiu","schiu",9,0,0,1,"struttura","schiutura"
758,"dia","dia-last_blank","last_blank",2,54,"mer-last_blank","mer",54,0,0,1,"studia","stumer"
256,"stu","stu-pe","pe",5,5,"agreat-pe","agreat",1,4,3,1,"stupefacente","agreatpefacente"
352,"stu","stu-pi","pi",4,35,"chiap-pi","chiap",1,34,2,1,"stupidità","chiappidità"
444,"first_blank","first_blank-stu","stu",3,139,"first_blank-chia","chia",134,5,1,1,"stupido","chiapido"
371,"su","su-last_blank","last_blank",1,15,"ht-last_blank","ht",14,1,0,1,"su","ht"
474,"suc","suc-co","co",2,5,"dia-co","dia",5,0,0,1,"succo","diaco"
3,"cien","cien-te","te",4,9,"ascol-te","ascol",12,3,1,1,"sufficiente","suffiascolte"
713,"first_blank","first_blank-sug","sug",4,42,"first_blank-ubria","ubria",30,12,2,1,"suggerire","ubriagerire"
788,"suo","suo-no","no",2,1,"cer-no","cer",1,0,0,1,"suono","cerno"
894,"per","per-fi","fi",4,16,"doubt-fi","doubt",1,15,2,1,"superficie","sudoubtficie"
439,"rio","rio-re","re",4,7,"astai-re","astai",1,6,2,1,"superiore","supeastaire"
710,"lup","lup-po","po",3,2,"avam-po","avam",2,0,1,1,"sviluppo","sviavampo"
673,"first_blank","first_blank-tac","tac",3,23,"first_blank-prin","prin",23,0,1,1,"tacchino","princhino"
470,"ta","ta-glio","glio",2,11,"ta-stro","stro",7,4,0,1,"taglio","tastro"
684,"ta","ta-len","len",3,6,"ta-stro","stro",7,1,1,1,"talento","tastroto"
638,"first_blank","first_blank-tap","tap",3,27,"first_blank-sfug","sfug",27,0,1,1,"tappeto","sfugpeto"
495,"tar","tar-ta","ta",4,7,"orien-ta","orien",8,1,2,1,"tartaruga","orientaruga"
187,"first_blank","first_blank-tea","tea",2,14,"first_blank-rot","rot",14,0,0,1,"teatro","rottro"
535,"first_blank","first_blank-tec","tec",3,16,"first_blank-odia","odia",16,0,1,1,"tecnica","odianica"
173,"fo","fo-no","no",4,14,"schia-no","schia",3,11,3,1,"telefono","teleschiano"
732,"vi","vi-sio","sio",5,34,"vi-neyard","neyard",1,33,3,1,"televisione","televineyardne"
131,"first_blank","first_blank-tem","tem",5,53,"first_blank-schiac","schiac",30,23,3,1,"temperatura","schiacperatura"
420,"first_blank","first_blank-tem","tem",3,53,"first_blank-spor","spor",53,0,1,1,"tempesta","sporpesta"
828,"nen","nen-te","te",3,26,"stra-te","stra",26,0,1,1,"tenente","testrate"
804,"first_blank","first_blank-te","te",8,485,"ablewhi-te","ablewhi",1,484,4,2,"tenere sotto controllo","ablewhitenere sotto controllo"
398,"first_blank","first_blank-ten","ten",2,107,"first_blank-gua","gua",107,0,0,1,"tennis","guanis"
917,"ten","ten-ta","ta",4,46,"ascol-ta","ascol",26,20,2,1,"tentativo","ascoltativo"
415,"teo","teo-ria","ria",2,1,"zar-ria","zar",1,0,0,1,"teoria","zarria"
871,"te","te-st","st",2,3,"te-nan","nan",3,0,1,1,"test","tenan"
925,"nian","nian-za","za",5,1,"asprez-za","asprez",1,0,2,1,"testimonianza","testimoasprezza"
263,"ti","ti-mer","mer",2,4,"ti-pro","pro",4,0,0,1,"timer","tipro"
876,"ti","ti-ro","ro",2,18,"ti-nua","nua",17,1,1,1,"tiro","tinua"
579,"to","to-lo","lo",3,83,"glie-lo","glie",62,21,2,1,"titolo","tiglielo"
957,"tor","tor-na","na",3,35,"azio-na","azio",9,26,1,1,"tornado","azionado"
290,"tor","tor-ta","ta",2,3,"nia-ta","nia",3,0,0,1,"torta","niata"
932,"tor","tor-tu","tu",3,37,"fran-tu","fran",10,27,1,1,"tortura","frantura"
873,"tra","tra-di","di",4,38,"splen-di","splen",7,31,2,1,"traditore","splenditore"
548,"di","di-zio","zio",5,55,"di-straes","straes",1,54,3,1,"tradizionale","tradistraesnale"
943,"tra","tra-gi","gi",3,5,"esco-gi","esco",6,1,1,1,"tragico","escogico"
883,"ri","ri-men","men",5,36,"ri-schias","schias",2,34,3,1,"trasferimento","trasferischiasto"
825,"smet","smet-ti","ti",5,8,"istruir-ti","istruir",1,7,3,1,"trasmettitore","traistruirtitore"
918,"trat","trat-ta","ta",4,45,"ascol-ta","ascol",26,19,1,1,"trattamento","ascoltamento"
955,"tr","tr-e","e",1,1,"ou-e","ou",1,0,0,1,"tre","oue"
168,"first_blank","first_blank-trian","trian",3,8,"first_blank-sfrat","sfrat",8,0,0,1,"triangolo","sfratgolo"
534,"me","me-stre","stre",3,3,"me-less","less",2,1,0,1,"trimestre","trimeless"
294,"first_blank","first_blank-tri","tri",4,120,"first_blank-aspet","aspet",67,53,2,1,"triplicare","aspetplicare"
233,"tro","tro-no","no",2,4,"fia-no","fia",4,0,0,1,"trono","fiano"
757,"first_blank","first_blank-tro","tro",3,118,"first_blank-guar","guar",107,11,1,1,"trovare","guarvare"
676,"ile","ile-last_blank","last_blank",6,1,"squatch-last_blank","squatch",1,0,4,1,"tubo flessibile","tubo flessibsquatch"
677,"first_blank","first_blank-tun","tun",2,8,"first_blank-vas","vas",8,0,0,1,"tunnel","vasnel"
365,"first_blank","first_blank-tuo","tuo",2,5,"first_blank-sli","sli",5,0,0,1,"tuono","slino"
846,"first_blank","first_blank-ubria","ubria",2,30,"first_blank-sfrut","sfrut",29,1,0,2,"ubriaco","sfrutco"
328,"cel","cel-lo","lo",3,23,"star-lo","star",15,8,1,1,"uccello","ucstarlo"
970,"sio","sio-ne","ne",4,157,"chang-ne","chang",1,156,2,1,"uccisione","uccichangne"
949,"cia","cia-le","le",4,18,"espel-le","espel",3,15,2,1,"ufficiale","uffiespelle"
813,"fi","fi-cio","cio",3,21,"fi-ghet","ghet",4,17,1,1,"ufficio","uffighet"
343,"te.","te.-last_blank","last_blank",4,1,"chaos-last_blank","chaos",1,0,2,1,"ultimate.","ultimachaos"
697,"ul","ul-ti","ti",3,15,"star-ti","star",15,0,2,1,"ultimo","startimo"
956,"uma","uma-no","no",2,1,"bri-no","bri",1,0,0,1,"umano","brino"
869,"first_blank","first_blank-uni","uni",2,77,"first_blank-dia","dia",77,0,0,1,"unico","diaco"
281,"uni","uni-for","for",3,3,"scon-for","scon",2,1,1,1,"uniforme","sconforme"
953,"first_blank","first_blank-uni","uni",4,77,"first_blank-aspet","aspet",67,10,2,1,"università","aspetversità"
573,"first_blank","first_blank-uo","uo",2,11,"first_blank-lil","lil",11,0,1,1,"uovo","lilvo"
794,"first_blank","first_blank-uri","uri",2,9,"first_blank-mec","mec",9,0,0,1,"urina","mecna"
50,"liz","liz-zo","zo",3,4,"ster-zo","ster",4,0,1,1,"utilizzo","utisterzo"
561,"can","can-za","za",3,3,"stez-za","stez",3,0,1,1,"vacanza","vastezza"
44,"first_blank","first_blank-vac","vac",3,14,"first_blank-squi","squi",14,0,1,1,"vaccino","squicino"
963,"li","li-gia","gia",3,5,"li-ster","ster",6,1,1,1,"valigia","valister"
260,"first_blank","first_blank-val","val",2,42,"first_blank-svi","svi",42,0,0,1,"valle","svile"
613,"zio","zio-ne","ne",5,847,"cheyen-ne","cheyen",1,846,3,1,"valutazione","valutacheyenne"
997,"first_blank","first_blank-vam","vam",3,12,"first_blank-gree","gree",12,0,1,1,"vampiro","greepiro"
143,"ni","ni-glia","glia",3,3,"ni-stan","stan",3,0,0,1,"vaniglia","vanistan"
484,"lo","lo-ce","ce",3,2,"riac-ce","riac",2,0,2,1,"veloce","veriacce"
280,"lo","lo-ci","ci",4,12,"strar-ci","strar",5,7,3,1,"velocità","vestrarcità"
8,"ven","ven-de","de",3,25,"guar-de","guar",15,10,1,1,"vendere","guardere"
520,"ve","ve-ne","ne",3,45,"ve-stir","stir",21,24,2,1,"venere","vestirre"
55,"ni","ni-re","re",3,37,"scor-re","scor",24,13,2,1,"venire","vescorre"
965,"ven","ven-ti","ti",5,64,"schiar-ti","schiar",2,62,3,1,"ventilazione","schiartilazione"
433,"ra","ra-men","men",4,44,"ra-dioat","dioat",6,38,2,1,"veramente","veradioatte"
251,"ri","ri-fi","fi",5,71,"ri-chards","chards",1,70,4,1,"verificare","verichardscare"
977,"first_blank","first_blank-ve","ve",2,423,"first_blank-man","man",376,47,1,1,"vero","manro"
399,"sti","sti-re","re",3,16,"igno-re","igno",9,7,1,1,"vestire","veignore"
39,"vi","vi-co","co",3,11,"vi-glia","glia",11,0,2,1,"vicolo","viglialo"
301,"deo","deo-last_blank","last_blank",2,10,"nas-last_blank","nas",10,0,0,1,"video","vinas"
711,"first_blank","first_blank-vie","vie",3,15,"first_blank-oscu","oscu",15,0,1,1,"vietare","oscutare"
138,"first_blank","first_blank-vil","vil",3,24,"first_blank-grat","grat",24,0,1,1,"villaggio","gratlaggio"
407,"vin","vin-ci","ci",3,17,"star-ci","star",11,6,1,1,"vincita","starcita"
645,"first_blank","first_blank-vin","vin",4,76,"first_blank-aspet","aspet",67,9,2,1,"vincitore","aspetcitore"
777,"vi","vi-sio","sio",3,34,"vi-duar","duar",5,29,1,1,"visione","viduarne"
716,"vi","vi-ta","ta",4,78,"ascol-ta","ascol",26,52,3,1,"vitamina","ascoltamina"
993,"vo","vo-d","d",3,2,"frie-d","frie",2,0,2,1,"vodka","friedka"
797,"vo","vo-la","la",3,55,"glie-la","glie",24,31,2,1,"volare","glielare"
51,"vo","vo-lo","lo",2,29,"zar-lo","zar",28,1,1,1,"volo","zarlo"
989,"first_blank","first_blank-vo","vo",6,250,"first_blank-istruir","istruir",5,245,5,1,"volontariamente","istruirlontariamente"
141,"vo","vo-ta","ta",4,12,"orien-ta","orien",8,4,3,1,"votatore","orientatore"
504,"ta","ta-zio","zio",4,134,"ta-bleau","bleau",1,133,2,1,"votazione","votableaune"
836,"tson.","tson.-last_blank","last_blank",2,1,"pions-last_blank","pions",1,0,0,1,"watson.","wapions"
468,"first_blank","first_blank-zo","zo",2,41,"first_blank-fis","fis",41,0,1,1,"zona","fisna"
