"word_id","first","original_pair","second","syll","original_freq","replacement_pair","replacement_syll","replacement_freq","freq_diff","char_diff","letter_diff","original_word","replacement_word"
205,"first_blank","first_blank-à l'","à l'",3,1,"first_blank-maña","maña",1,0,0,1,"à l'intérieur","mañaintérieur"
856,"first_blank","first_blank-aban","aban",3,30,"first_blank-trem","trem",30,0,0,1,"abandonner","tremdonner"
994,"nal","nal-last_blank","last_blank",4,61,"toire-last_blank","toire",61,0,2,1,"abdominal","abdomitoire"
753,"ab","ab-ri","ri",1,5,"ét-ri","ét",5,0,0,1,"abri","étri"
377,"sence","sence-last_blank","last_blank",2,5,"sille-last_blank","sille",5,0,0,1,"absence","absille"
809,"surde","surde-last_blank","last_blank",2,1,"sueur-last_blank","sueur",1,0,0,1,"absurde","absueur"
898,"ac","ac-cent","cent",2,1,"ac-cour","cour",1,0,0,1,"accent","accour"
519,"dent","dent-last_blank","last_blank",3,16,"gate-last_blank","gate",16,0,0,1,"accident","accigate"
820,"gner","gner-last_blank","last_blank",4,47,"liste-last_blank","liste",47,0,1,1,"accompagner","accompaliste"
478,"cord","cord-last_blank","last_blank",2,9,"chen-last_blank","chen",9,0,0,1,"accord","acchen"
59,"sa","sa-tion","tion",4,104,"sa-crées","crées",2,102,1,1,"accusation","accusacrées"
758,"ache","ache-teur","teur",2,1,"cket-teur","cket",1,0,0,1,"acheteur","cketteur"
688,"vée","vée-last_blank","last_blank",2,49,"lan-last_blank","lan",49,0,0,1,"achevée","achelan"
575,"ac","ac-ie","ie",1,2,"sh-ie","sh",2,0,0,1,"acier","shier"
119,"ac","ac-te","te",1,7,"ac-ks","ks",7,0,0,1,"acte","acks"
20,"ac","ac-teur","teur",2,2,"ac-tual","tual",1,1,0,1,"acteur","actual"
871,"ver","ver-last_blank","last_blank",3,128,"tais-last_blank","tais",128,0,1,1,"activer","actitais"
430,"té","té-last_blank","last_blank",4,917,"té-moignent","moignent",1,916,2,5,"activité","activitémoignent"
948,"di","di-tion","tion",4,32,"di-cales","cales",3,29,1,1,"additionnel","addicalesnel"
953,"tra","tra-tif","tif",5,2,"tra-çables","çables",2,0,3,1,"administratif","administraçables"
961,"cent","cent-last_blank","last_blank",3,15,"miez-last_blank","miez",15,0,0,1,"adolescent","adolesmiez"
793,"first_blank","first_blank-adré","adré",3,1,"first_blank-ouel","ouel",1,0,0,1,"adrénaline","ouelnaline"
409,"ad","ad-re","re",1,3,"lt-re","lt",3,0,0,1,"adresse","ltresse"
470,"ver","ver-saire","saire",3,2,"ver-tures","tures",2,0,0,1,"adversaire","advertures"
720,"port","port-last_blank","last_blank",3,23,"giez-last_blank","giez",23,0,0,1,"aéroport","aérogiez"
144,"faires","faires-last_blank","last_blank",2,1,"gliers-last_blank","gliers",1,0,0,1,"affaires","afgliers"
109,"en","en-ce","ce",1,6,"en-rô","rô",6,0,0,1,"agence","agenrô"
55,"ré","ré-ab","ab",1,2,"ré-sa","sa",2,0,0,1,"agréable","agrésale"
132,"ai","ai-der","der",2,1,"ai-man","man",1,0,0,1,"aider","aiman"
821,"first_blank","first_blank-al","al",1,489,"first_blank-vi","vi",489,0,0,1,"alarme","viarme"
818,"first_blank","first_blank-ali","ali",2,42,"first_blank-bor","bor",42,0,0,1,"alibi","borbi"
31,"pha","pha-last_blank","last_blank",2,5,"bué-last_blank","bué",5,0,0,1,"alpha","albué"
787,"tesse","tesse-last_blank","last_blank",2,17,"pette-last_blank","pette",17,0,0,1,"altesse","alpette"
43,"ra","ra-tion","tion",4,106,"ra-peute","peute",5,101,1,1,"amélioration","améliorapeute"
405,"first_blank","first_blank-amé","amé",2,42,"first_blank-vio","vio",42,0,0,1,"amérique","viorique"
662,"first_blank","first_blank-ami","ami",2,28,"first_blank-cre","cre",28,0,0,1,"amical","crecal"
362,"ie","ie-last_blank","last_blank",1,67,"ck-last_blank","ck",67,0,0,1,"amie","amck"
355,"ou","ou-r","r",1,4,"ea-r","ea",4,0,0,1,"amour","amear"
774,"first_blank","first_blank-amou","amou",2,10,"first_blank-acro","acro",10,0,0,1,"amoureux","acroreux"
22,"lyse","lyse-last_blank","last_blank",2,8,"pide-last_blank","pide",8,0,0,1,"analyse","anapide"
27,"first_blank","first_blank-ani","ani",2,30,"first_blank-flo","flo",30,0,0,1,"animal","flomal"
45,"reil","reil-last_blank","last_blank",3,3,"mick-last_blank","mick",3,0,0,1,"appareil","appamick"
582,"te","te-ment","ment",4,99,"te-naire","naire",6,93,1,1,"appartement","appartenaire"
557,"pât","pât-last_blank","last_blank",2,1,"gae-last_blank","gae",1,0,0,1,"appât","apgae"
964,"por","por-ter","ter",3,14,"ches-ter","ches",10,4,1,1,"apporter","apchester"
2,"pré","pré-cier","cier",3,2,"pré-sent","sent",2,0,0,1,"apprécier","apprésent"
684,"ba","ba-tion","tion",4,9,"ba-rasse","rasse",2,7,1,1,"approbation","approbarasse"
533,"ar","ar-br","br",1,2,"ar-as","as",2,0,0,1,"arbre","arase"
495,"tecte","tecte-last_blank","last_blank",3,2,"ciple-last_blank","ciple",2,0,0,1,"architecte","archiciple"
776,"gent","gent-last_blank","last_blank",2,9,"rans-last_blank","rans",9,0,0,1,"argent","arrans"
216,"me","me-last_blank","last_blank",1,114,"gé-last_blank","gé",114,0,0,1,"arme","argé"
571,"à feu","à feu-last_blank","last_blank",3,1,"roque-last_blank","roque",1,0,0,1,"arme à feu","arme roque"
760,"ar","ar-mée","mée",2,1,"ar-chu","chu",1,0,0,1,"armée","archu"
572,"mure","mure-last_blank","last_blank",2,5,"girl-last_blank","girl",5,0,0,1,"armure","argirl"
236,"rê","rê-ter","ter",3,1,"rê-vant","vant",1,0,1,1,"arrêter","arrêvant"
858,"rière","rière-last_blank","last_blank",2,17,"shire-last_blank","shire",17,0,0,1,"arrière","arshire"
883,"ver","ver-last_blank","last_blank",3,128,"tais-last_blank","tais",128,0,1,1,"arriver","arritais"
843,"gance","gance-last_blank","last_blank",3,5,"nents-last_blank","nents",5,0,0,1,"arrogance","arronents"
989,"se","se-nal","nal",3,1,"se-guin","guin",1,0,1,1,"arsenal","arseguin"
755,"tère","tère-last_blank","last_blank",2,15,"vert-last_blank","vert",15,0,0,1,"artère","arvert"
937,"ciel","ciel-last_blank","last_blank",4,7,"tends-last_blank","tends",7,0,1,1,"artificiel","artifitends"
722,"ar","ar-tille","tille",3,1,"ar-pente","pente",1,0,0,1,"artillerie","arpenterie"
950,"sin","sin-last_blank","last_blank",3,25,"geur-last_blank","geur",25,0,1,1,"assassin","assasgeur"
540,"seoir","seoir-last_blank","last_blank",2,3,"serte-last_blank","serte",3,0,0,1,"asseoir","asserte"
772,"siette","siette-last_blank","last_blank",2,1,"diatre-last_blank","diatre",1,0,0,1,"assiette","asdiatre"
681,"tance","tance-last_blank","last_blank",3,22,"rette-last_blank","rette",22,0,0,1,"assistance","assisrette"
379,"sis","sis-tant","tant",3,5,"sis-siez","siez",3,2,0,1,"assistant","assissiez"
855,"lan","lan-tique","tique",3,2,"lan-ciers","ciers",2,0,0,1,"atlantique","atlanciers"
693,"sphère","sphère-last_blank","last_blank",3,8,"pèrent-last_blank","pèrent",8,0,0,1,"atmosphère","atmopèrent"
800,"ta","ta-quant","quant",3,1,"ta-gnard","gnard",1,0,0,1,"attaquant","attagnard"
534,"taque","taque-last_blank","last_blank",2,1,"trave-last_blank","trave",1,0,0,1,"attaque","attrave"
312,"tendre","tendre-last_blank","last_blank",2,7,"rieure-last_blank","rieure",7,0,0,2,"attendre","atrieure"
802,"ti","ti-rer","rer",3,4,"ti-quée","quée",4,0,1,1,"attirer","attiquée"
199,"tude","tude-last_blank","last_blank",3,35,"bert-last_blank","bert",35,0,0,1,"attitude","attibert"
122,"tra","tra-per","per",3,3,"tra-quée","quée",3,0,1,1,"attraper","attraquée"
131,"evoir","evoir-last_blank","last_blank",3,1,"toons-last_blank","toons",1,0,0,1,"au revoir","au rtoons"
834,"au","au-be","be",1,2,"au-qu","qu",2,0,0,1,"aube","auqu"
349,"to","to-last_blank","last_blank",2,279,"der-last_blank","der",279,0,1,1,"auto","auder"
347,"to","to-bus","bus",3,1,"to-line","line",1,0,1,1,"autobus","autoline"
517,"tomne","tomne-last_blank","last_blank",2,1,"thans-last_blank","thans",1,0,0,1,"automne","authans"
717,"té","té-last_blank","last_blank",4,917,"té-moignent","moignent",1,916,2,5,"autorité","autoritémoignent"
253,"route","route-last_blank","last_blank",3,5,"dasse-last_blank","dasse",5,0,0,1,"autoroute","autodasse"
803,"first_blank","first_blank-av","av",1,92,"first_blank-gu","gu",92,0,0,1,"avouer","guouer"
295,"ba","ba-con","con",2,1,"ba-ler","ler",1,0,0,1,"bacon","baler"
701,"gnade","gnade-last_blank","last_blank",2,2,"gares-last_blank","gares",2,0,0,1,"baignade","baigares"
35,"ba","ba-ll","ll",1,6,"si-ll","si",6,0,0,1,"balle","sille"
201,"ba","ba-nd","nd",1,5,"ba-ta","ta",5,0,0,1,"bande","batae"
511,"ba","ba-r","r",1,1,"ah-r","ah",1,0,0,1,"bar","ahr"
544,"ba","ba-rb","rb",1,3,"ba-ya","ya",3,0,0,1,"barbe","bayae"
798,"ba","ba-s","s",1,1,"sh-s","sh",1,0,0,1,"bas","shs"
279,"ball","ball-last_blank","last_blank",3,21,"chis-last_blank","chis",21,0,0,1,"base-ball","basechis"
369,"taille","taille-last_blank","last_blank",2,5,"raitre-last_blank","raitre",5,0,0,1,"bataille","baraitre"
718,"taillon","taillon-last_blank","last_blank",2,1,"vaillés-last_blank","vaillés",1,0,0,1,"bataillon","bavaillés"
285,"ba","ba-teau","teau",2,1,"ba-ties","ties",1,0,0,1,"bateau","baties"
527,"ti","ti-ment","ment",3,13,"ti-fier","fier",15,2,0,1,"bâtiment","bâtifier"
184,"au","au-last_blank","last_blank",1,15,"ol-last_blank","ol",15,0,0,1,"beau","beol"
740,"beau","beau-té","té",2,1,"brié-té","brié",1,0,0,1,"beauté","briété"
181,"soin","soin-last_blank","last_blank",2,1,"quik-last_blank","quik",1,0,0,1,"besoin","bequik"
138,"be","be-ur","ur",1,3,"ch-ur","ch",3,0,0,1,"beurre","churre"
408,"èr","èr-e","e",1,16,"id-e","id",16,0,0,1,"bière","biide"
569,"jou","jou-last_blank","last_blank",2,5,"dek-last_blank","dek",5,0,0,1,"bijou","bidek"
627,"gique","gique-last_blank","last_blank",3,52,"geant-last_blank","geant",53,1,0,1,"biologique","biologeant"
301,"bl","bl-ag","ag",1,3,"bl-âm","âm",3,0,0,1,"blague","blâmue"
560,"sure","sure-last_blank","last_blank",2,19,"tard-last_blank","tard",19,0,0,1,"blessure","blestard"
33,"eu","eu-last_blank","last_blank",1,13,"hn-last_blank","hn",13,0,0,1,"bleu","blhn"
537,"first_blank","first_blank-bos","bos",2,37,"first_blank-rat","rat",37,0,0,1,"boston","ratton"
432,"bou","bou-gie","gie",2,1,"bou-lés","lés",1,0,0,1,"bougie","boulés"
859,"ut","ut-last_blank","last_blank",1,32,"vi-last_blank","vi",32,0,0,1,"bout","bovi"
444,"teille","teille-last_blank","last_blank",2,1,"triéme-last_blank","triéme",1,0,0,1,"bouteille","boutriéme"
767,"bou","bou-tique","tique",2,1,"dia-tique","dia",1,0,0,1,"boutique","diatique"
126,"br","br-as","as",1,6,"br-oo","oo",6,0,0,1,"bras","broo"
186,"first_blank","first_blank-bra","bra",2,66,"first_blank-cen","cen",66,0,0,1,"braver","cenver"
773,"la","la-nt","nt",1,17,"me-nt","me",17,0,0,1,"brillant","brilment"
50,"rd","rd-last_blank","last_blank",1,45,"bi-last_blank","bi",45,0,0,1,"brouillard","brouillabi"
864,"reau","reau-last_blank","last_blank",2,18,"rick-last_blank","rick",18,0,0,1,"bureau","burick"
69,"ca","ca-cher","cher",2,1,"ca-huen","huen",1,0,0,1,"cacher","cahuen"
667,"ca","ca-deau","deau",2,1,"ca-drée","drée",1,0,0,1,"cadeau","cadrée"
476,"fé","fé-last_blank","last_blank",2,31,"tas-last_blank","tas",31,0,1,1,"café","catas"
597,"cul","cul-last_blank","last_blank",2,4,"zés-last_blank","zés",4,0,0,1,"calcul","calzés"
68,"cu","cu-ler","ler",3,15,"cu-tion","tion",8,7,1,1,"calculer","calcution"
465,"lin","lin-last_blank","last_blank",2,97,"qué-last_blank","qué",99,2,0,1,"câlin","câqué"
469,"cal","cal-mer","mer",2,1,"rhu-mer","rhu",1,0,0,1,"calmer","rhumer"
215,"ping","ping-last_blank","last_blank",2,15,"lene-last_blank","lene",15,0,0,1,"camping","camlene"
890,"ca","ca-nard","nard",2,1,"ca-lade","lade",1,0,0,1,"canard","calade"
345,"can","can-cer","cer",2,1,"mor-cer","mor",1,0,0,1,"cancer","morcer"
882,"té","té-last_blank","last_blank",4,917,"té-moignent","moignent",1,916,2,5,"capacité","capacitémoignent"
344,"taine","taine-last_blank","last_blank",3,24,"sives-last_blank","sives",24,0,0,1,"capitaine","capisives"
992,"lisme","lisme-last_blank","last_blank",4,36,"geons-last_blank","geons",36,0,0,1,"capitalisme","capitageons"
600,"bu","bu-rant","rant",3,2,"bu-ckle","ckle",2,0,0,1,"carburant","carbuckle"
498,"di","di-nal","nal",3,1,"di-gère","gère",1,0,1,1,"cardinal","cardigère"
869,"gai","gai-son","son",3,2,"pher-son","pher",2,0,1,1,"cargaison","carpherson"
790,"ca","ca-rt","rt",1,3,"ca-ve","ve",3,0,0,1,"carte","cavee"
674,"car","car-tel","tel",2,1,"car-rou","rou",1,0,0,1,"cartel","carrou"
120,"cas","cas-quette","quette",2,1,"tou-quette","tou",1,0,0,1,"casquette","touquette"
240,"cau","cau-ser","ser",2,1,"cau-lay","lay",1,0,0,1,"causer","caulay"
315,"first_blank","first_blank-ce","ce",1,116,"first_blank-éc","éc",126,10,0,1,"ce","éc"
483,"lèbre","lèbre-last_blank","last_blank",2,1,"luque-last_blank","luque",1,0,0,1,"célèbre","céluque"
273,"leste","leste-last_blank","last_blank",2,2,"reine-last_blank","reine",2,0,0,1,"céleste","céreine"
605,"first_blank","first_blank-ce","ce",1,116,"first_blank-th","th",116,0,0,1,"cent","thnt"
171,"mètre","mètre-last_blank","last_blank",3,20,"tille-last_blank","tille",20,0,0,1,"centimètre","centitille"
763,"bral","bral-last_blank","last_blank",3,3,"john-last_blank","john",3,0,0,1,"cérébral","céréjohn"
413,"se","se-last_blank","last_blank",1,167,"ly-last_blank","ly",167,0,0,1,"chaise","chaily"
584,"oucher","oucher-last_blank","last_blank",4,1,"çaises-last_blank","çaises",1,0,0,1,"chambre à coucher","chambre à cçaises"
975,"first_blank","first_blank-champ","champ",4,1,"first_blank-fuchs","fuchs",1,0,0,1,"champ de bataille","fuchs de bataille"
471,"pagne","pagne-last_blank","last_blank",2,7,"pille-last_blank","pille",7,0,0,1,"champagne","champille"
58,"first_blank","first_blank-cham","cham",3,36,"first_blank-pous","pous",36,0,0,1,"championnat","pouspionnat"
660,"chan","chan-son","son",2,3,"cker-son","cker",2,1,0,1,"chanson","ckerson"
884,"chan","chan-tage","tage",2,1,"chan-dise","dise",1,0,0,1,"chantage","chandise"
573,"peau","peau-last_blank","last_blank",2,6,"bell-last_blank","bell",6,0,0,1,"chapeau","chabell"
764,"pelle","pelle-last_blank","last_blank",2,11,"veuse-last_blank","veuse",11,0,0,1,"chapelle","chaveuse"
19,"mant","mant-last_blank","last_blank",2,42,"sage-last_blank","sage",42,0,0,1,"charmant","charsage"
113,"first_blank","first_blank-chas","chas",2,32,"first_blank-exis","exis",32,0,0,1,"chasser","exisser"
329,"ch","ch-at","at",1,4,"ch-if","if",4,0,0,1,"chat","chif"
518,"first_blank","first_blank-châ","châ",2,23,"first_blank-met","met",23,0,0,1,"château","metteau"
669,"feur","feur-last_blank","last_blank",2,9,"naud-last_blank","naud",9,0,0,1,"chauffeur","chaufnaud"
779,"sure","sure-last_blank","last_blank",2,19,"time-last_blank","time",19,0,0,1,"chaussure","chaustime"
164,"ef","ef-last_blank","last_blank",1,8,"lm-last_blank","lm",8,0,0,1,"chef","chlm"
692,"min","min-last_blank","last_blank",2,19,"sel-last_blank","sel",19,0,0,1,"chemin","chesel"
711,"val","val-last_blank","last_blank",2,25,"bin-last_blank","bin",25,0,0,1,"cheval","chebin"
648,"lat","lat-last_blank","last_blank",3,8,"diée-last_blank","diée",8,0,1,1,"chocolat","chocodiée"
38,"tian","tian-last_blank","last_blank",2,7,"vine-last_blank","vine",7,0,0,1,"christian","chrisvine"
567,"ca","ca-trice","trice",3,5,"ca-nique","nique",4,1,0,1,"cicatrice","cicanique"
275,"gare","gare-last_blank","last_blank",2,3,"lude-last_blank","lude",3,0,0,1,"cigare","cilude"
296,"ga","ga-rette","rette",3,1,"ga-geais","geais",1,0,0,1,"cigarette","cigageais"
556,"me","me-tière","tière",3,1,"me-rhorn","rhorn",1,0,0,1,"cimetière","cimerhorn"
780,"ci","ci-rq","rq",1,2,"ci-se","se",2,0,0,1,"cirque","ciseue"
402,"sa","sa-tion","tion",5,104,"sa-geable","geable",2,102,2,1,"civilisation","civilisageable"
616,"sique","sique-last_blank","last_blank",2,18,"tible-last_blank","tible",18,0,0,1,"classique","clastible"
210,"cl","cl-ie","ie",1,4,"cl-an","an",4,0,0,1,"client","clannt"
340,"cli","cli-nique","nique",2,1,"ran-nique","ran",1,0,0,1,"clinique","rannique"
468,"first_blank","first_blank-clô","clô",2,5,"first_blank-dob","dob",5,0,0,1,"clôture","dobture"
685,"co","co-ff","ff",1,3,"co-pu","pu",3,0,0,1,"coffre","copure"
257,"gnac","gnac-last_blank","last_blank",2,4,"naan-last_blank","naan",4,0,0,1,"cognac","conaan"
397,"col","col-lier","lier",2,1,"col-tées","tées",1,0,0,1,"collier","coltées"
332,"lo","lo-nel","nel",3,1,"lo-guée","guée",1,0,1,1,"colonel","cologuée"
41,"bat","bat-tant","tant",3,3,"bat-chev","chev",1,2,0,1,"combattant","combatchev"
384,"co","co-mi","mi",3,3,"maxi-mi","maxi",3,0,2,1,"comité","maximité"
56,"mande","mande-last_blank","last_blank",2,13,"tonne-last_blank","tonne",13,0,0,1,"commande","comtonne"
927,"tion","tion-last_blank","last_blank",6,1033,"grammes-last_blank","grammes",11,1022,3,1,"commercialisation","commercialisagrammes"
422,"nau","nau-té","té",4,1,"exemp-té","exemp",1,0,2,1,"communauté","commuexempté"
238,"niste","niste-last_blank","last_blank",3,44,"teuse-last_blank","teuse",44,0,0,1,"communiste","commuteuse"
640,"te","te-ment","ment",4,99,"te-naire","naire",6,93,1,1,"complètement","complètenaire"
631,"com","com-prendre","prendre",2,1,"tre-prendre","tre",1,0,0,1,"comprendre","treprendre"
756,"tesse","tesse-last_blank","last_blank",2,17,"pette-last_blank","pette",17,0,0,1,"comtesse","compette"
516,"trer","trer-last_blank","last_blank",2,41,"dées-last_blank","dées",41,0,0,1,"concentrer","concendées"
603,"er","er-t","t",1,7,"ul-t","ul",7,0,0,1,"concert","concult"
761,"ui","ui-re","re",1,4,"fo-re","fo",4,0,0,1,"conduire","condfore"
724,"rence","rence-last_blank","last_blank",2,35,"drons-last_blank","drons",35,0,0,2,"conférence","confédrons"
246,"ia","ia-nc","nc",1,2,"ia-ge","ge",2,0,0,1,"confiance","confiagee"
386,"first_blank","first_blank-confir","confir",2,18,"first_blank-condam","condam",18,0,0,1,"confirmer","condammer"
452,"first_blank","first_blank-confu","confu",2,4,"first_blank-tuyau","tuyau",4,0,0,2,"confusion","tuyausion"
958,"die","die-ment","ment",3,1,"die-rais","rais",1,0,0,1,"congédiement","congédierais"
593,"sances","sances-last_blank","last_blank",2,9,"centes-last_blank","centes",9,0,0,1,"connaissances","connaiscentes"
190,"aî","aî-tr","tr",1,3,"ec-tr","ec",3,0,0,1,"connaître","connectre"
510,"nn","nn-ex","ex",1,3,"nn-ar","ar",3,0,0,1,"connexion","connarion"
806,"ns","ns-ei","ei",1,16,"vi-ei","vi",16,0,0,1,"conseiller","covieiller"
10,"first_blank","first_blank-constam","constam",2,1,"first_blank-consomp","consomp",1,0,0,1,"constamment","consompment"
543,"tu","tu-tion","tion",3,18,"tu-rées","rées",6,12,0,1,"constitution","constiturées"
64,"ui","ui-re","re",1,4,"ga-re","ga",4,0,0,1,"construire","constrgare"
526,"nt","nt-en","en",1,14,"ai-en","ai",15,1,0,1,"content","coaient"
65,"first_blank","first_blank-conte","conte",2,14,"first_blank-culti","culti",13,1,0,1,"contenu","cultinu"
778,"first_blank","first_blank-contes","contes",3,13,"first_blank-éclair","éclair",11,2,0,3,"contestation","éclairtation"
775,"nuez","nuez-last_blank","last_blank",2,4,"tles-last_blank","tles",4,0,0,1,"continuez","contitles"
872,"ra","ra-ir","ir",1,3,"ra-us","us",3,0,0,1,"contraire","contrause"
899,"pain","pain-last_blank","last_blank",2,2,"tuit-last_blank","tuit",2,0,0,1,"copain","cotuit"
203,"co","co-pie","pie",2,3,"co-tra","tra",3,0,0,1,"copie","cotra"
650,"co","co-rd","rd",1,3,"ua-rd","ua",3,0,0,1,"corde","uarde"
678,"co","co-rp","rp",1,3,"co-gn","gn",3,0,0,1,"corps","cogns"
585,"rect","rect-last_blank","last_blank",2,4,"fred-last_blank","fred",4,0,0,1,"correct","corfred"
805,"first_blank","first_blank-cô","cô",1,24,"first_blank-tw","tw",24,0,0,1,"côte","twte"
836,"co","co-ton","ton",2,2,"co-léo","léo",2,0,0,1,"coton","coléo"
604,"co","co-u","u",1,1,"nç-u","nç",1,0,0,1,"cou","nçu"
336,"pable","pable-last_blank","last_blank",2,6,"cille-last_blank","cille",6,0,0,1,"coupable","coucille"
290,"cou","cou-per","per",2,3,"pro-per","pro",3,0,0,1,"couper","proper"
846,"ur","ur-se","se",1,4,"ba-se","ba",4,0,0,1,"course","cobase"
243,"cou","cou-sine","sine",2,1,"sas-sine","sas",1,0,0,1,"cousine","sassine"
360,"teau","teau-last_blank","last_blank",2,27,"town-last_blank","town",27,0,0,1,"couteau","coutown"
976,"co","co-uv","uv",1,7,"co-co","co",7,0,0,1,"couvent","cocoent"
849,"first_blank","first_blank-cow","cow",2,4,"first_blank-ova","ova",4,0,0,1,"cow-boy","ovaboy"
449,"cr","cr-ân","ân",1,2,"cr-oû","oû",2,0,0,1,"crâne","croûe"
447,"first_blank","first_blank-créa","créa",2,17,"first_blank-frot","frot",17,0,0,1,"créature","frotture"
292,"mi","mi-nel","nel",3,3,"mi-tage","tage",3,0,1,1,"criminel","crimitage"
462,"is","is-e","e",1,25,"gn-e","gn",25,0,0,1,"crise","crgne"
303,"ez","ez-last_blank","last_blank",1,56,"ke-last_blank","ke",56,0,0,1,"croyez","croyke"
99,"first_blank","first_blank-cruau","cruau",2,2,"first_blank-court","court",2,0,0,1,"cruauté","courtté"
668,"ue","ue-l","l",1,2,"et-l","et",2,0,0,1,"cruel","cretl"
832,"cy","cy-nique","nique",2,1,"cy-clage","clage",1,0,0,2,"cynique","cyclage"
187,"itude","itude-last_blank","last_blank",3,1,"darme-last_blank","darme",1,0,0,1,"d'habitude","d'habdarme"
156,"me","me-last_blank","last_blank",1,114,"gé-last_blank","gé",114,0,0,1,"dame","dagé"
342,"dan","dan-ger","ger",2,2,"fli-ger","fli",2,0,0,1,"danger","fliger"
252,"ge","ge-reux","reux",3,1,"ge-nève","nève",1,0,0,1,"dangereux","dangenève"
383,"da","da-ns","ns",1,6,"lo-ns","lo",6,0,0,1,"danse","lonse"
663,"ersaire","ersaire-last_blank","last_blank",6,1,"content-last_blank","content",1,0,0,1,"date d'anniversaire","date d'annivcontent"
410,"e heure","e heure-last_blank","last_blank",4,1,"lexique-last_blank","lexique",1,0,0,1,"de bonne heure","de bonnlexique"
765,"endue","endue-last_blank","last_blank",7,1,"trayants-last_blank","trayants",1,0,3,1,"de façon inattendue","de façon inatttrayants"
636," l'argent"," l'argent-last_blank","last_blank",2,1,"billaient-last_blank","billaient",1,0,0,3,"de l'argent","debillaient"
48,"vidence","vidence-last_blank","last_blank",5,1,"fridges-last_blank","fridges",1,0,0,1,"de toute évidence","de toute éfridges"
189,"cembre","cembre-last_blank","last_blank",2,2,"vestre-last_blank","vestre",2,0,0,1,"décembre","dévestre"
453,"dé","dé-cen","cen",3,2,"dé-gout","gout",2,0,1,1,"décennie","dégoutnie"
596,"tion","tion-last_blank","last_blank",3,1033,"ment-last_blank","ment",1219,186,0,1,"déception","décepment"
822,"ra","ra-tion","tion",4,106,"ra-peute","peute",5,101,1,1,"déclaration","déclarapeute"
400,"dé","dé-faite","faite",2,1,"dé-rable","rable",1,0,0,1,"défaite","dérable"
440,"fendre","fendre-last_blank","last_blank",2,3,"mestre-last_blank","mestre",3,0,0,1,"défendre","démestre"
851,"fi","fi-last_blank","last_blank",2,22,"ken-last_blank","ken",22,0,1,1,"défi","déken"
911,"ni","ni-tion","tion",4,9,"ni-quait","quait",3,6,1,1,"définition","définiquait"
371,"tant","tant-last_blank","last_blank",3,229,"riez-last_blank","riez",181,48,0,1,"dégoûtant","dégoûriez"
956,"jeu","jeu-ner","ner",3,2,"trai-ner","trai",2,0,1,1,"déjeuner","détrainer"
785,"li","li-cieuse","cieuse",3,2,"li-thique","thique",2,0,0,1,"délicieuse","délithique"
815,"mande","mande-last_blank","last_blank",2,13,"caine-last_blank","caine",13,0,0,1,"demande","decaine"
656,"de","de-nt","nt",1,19,"ia-nt","ia",17,2,0,1,"dent","iant"
528,"part","part-last_blank","last_blank",2,11,"bale-last_blank","bale",11,0,0,1,"départ","débale"
548,"ser","ser-last_blank","last_blank",3,432,"ront-last_blank","ront",429,3,1,1,"dépenser","dépenront"
283,"dé","dé-pres","pres",3,13,"dé-char","char",13,0,0,1,"dépression","décharsion"
738,"ran","ran-ger","ger",3,5,"ran-çons","çons",2,3,1,1,"déranger","dérançons"
110,"der","der-nier","nier",2,2,"der-line","line",2,0,0,1,"dernier","derline"
908,"rdures","rdures-last_blank","last_blank",3,1,"toises-last_blank","toises",1,0,0,1,"des ordures","des otoises"
309,"gréable","gréable-last_blank","last_blank",2,1,"méables-last_blank","méables",1,0,0,1,"désagréable","désaméables"
206,"si","si-ner","ner",3,8,"si-phon","phon",4,4,1,1,"dessiner","dessiphon"
904,"des","des-tin","tin",2,2,"des-sai","sai",2,0,0,1,"destin","dessai"
73,"truc","truc-tion","tion",3,6,"somp-tion","somp",2,4,0,1,"destruction","dessomption"
3,"tive","tive-last_blank","last_blank",3,119,"rant-last_blank","rant",120,1,0,1,"détective","détecrant"
808,"na","na-tion","tion",5,52,"na-geuses","geuses",1,51,2,1,"détermination","déterminageuses"
230,"pe","pe-ment","ment",5,12,"pe-rasses","rasses",1,11,2,1,"développement","développerasses"
247,"de","de-voir","voir",2,1,"de-lion","lion",1,0,0,1,"devoir","delion"
107,"dé","dé-voue","voue",3,2,"dé-fraî","fraî",2,0,0,1,"dévouement","défraîment"
13,"di","di-ab","ab",1,3,"di-se","se",3,0,0,1,"diable","disele"
269,"rent","rent-last_blank","last_blank",3,15,"tère-last_blank","tère",15,0,0,1,"différent","diffétère"
862,"di","di-gn","gn",1,2,"di-to","to",2,0,0,1,"digne","ditoe"
558,"gni","gni-té","té",3,3,"cryp-té","cryp",3,0,1,1,"dignité","dicrypté"
259,"manche","manche-last_blank","last_blank",2,2,"bouche-last_blank","bouche",2,0,0,1,"dimanche","dibouche"
641,"di","di-nd","nd",1,2,"di-me","me",2,0,0,1,"dinde","dimee"
894,"ng","ng-ue","ue",1,13,"ng-es","es",13,0,0,1,"dingue","dinges"
850,"di","di-plô","plô",3,4,"di-ront","ront",4,0,1,1,"diplômé","dirontmé"
260,"di","di-re","re",1,5,"tt-re","tt",5,0,0,1,"dire","ttre"
485,"te","te-ment","ment",4,99,"te-naire","naire",6,93,1,1,"directement","directenaire"
512,"sion","sion-last_blank","last_blank",3,159,"cher-last_blank","cher",160,1,0,1,"discussion","discuscher"
79,"ri","ri-tion","tion",4,3,"ri-vages","vages",2,1,1,1,"disparition","disparivages"
121,"di","di-vin","vin",2,1,"di-mat","mat",1,0,0,1,"divin","dimat"
646,"sion","sion-last_blank","last_blank",3,159,"cher-last_blank","cher",160,1,0,1,"division","divicher"
474,"cu","cu-ment","ment",3,1,"cu-lier","lier",1,0,0,1,"document","doculier"
429,"first_blank","first_blank-dol","dol",2,13,"first_blank-gus","gus",13,0,0,1,"dollar","guslar"
654,"do","do-n","n",1,1,"éa-n","éa",1,0,0,1,"don","éan"
192,"first_blank","first_blank-don","don",2,54,"first_blank-sus","sus",55,1,0,1,"donner","susner"
286,"dou","dou-leur","leur",2,2,"bal-leur","bal",2,0,0,1,"douleur","balleur"
771,"do","do-ux","ux",1,1,"br-ux","br",1,0,0,1,"doux","brux"
6,"ue","ue-last_blank","last_blank",1,130,"mi-last_blank","mi",130,0,0,1,"drogue","drogmi"
318,"dr","dr-ôl","ôl",1,3,"dr-in","in",3,0,0,1,"drôle","drine"
346," froid"," froid-last_blank","last_blank",2,1,"droide-last_blank","droide",1,0,0,1,"du froid","dudroide"
634,"du","du-r","r",1,1,"io-r","io",1,0,0,1,"dur","ior"
944,"mi","mi-ter","ter",4,4,"mi-nable","nable",3,1,2,1,"dynamiter","dynaminable"
746,"first_blank","first_blank-échap","échap",2,26,"first_blank-confi","confi",28,2,0,3,"échapper","confiper"
374,"éc","éc-he","he",1,5,"éc-ai","ai",5,0,0,1,"échec","écaic"
367,"écou","écou-ter","ter",2,2,"tien-ter","tien",2,0,0,2,"écouter","tienter"
532,"vain","vain-last_blank","last_blank",2,6,"tois-last_blank","tois",6,0,0,1,"écrivain","écritois"
328,"vez","vez-last_blank","last_blank",2,73,"dée-last_blank","dée",73,0,0,1,"écrivez","écridée"
128,"ca","ca-tion","tion",3,85,"ca-drer","drer",3,82,0,1,"éducation","éducadrer"
484,"fet","fet-last_blank","last_blank",2,10,"tri-last_blank","tri",10,0,0,1,"effet","eftri"
310,"cace","cace-last_blank","last_blank",3,4,"bels-last_blank","bels",4,0,0,1,"efficace","effibels"
867,"frayer","frayer-last_blank","last_blank",2,1,"flakes-last_blank","flakes",1,0,0,1,"effrayer","efflakes"
284,"oï","oï-st","st",1,5,"ca-st","ca",5,0,0,1,"égoïste","égcaste"
874,"élec","élec-teur","teur",2,1,"ploi-teur","ploi",1,0,0,1,"électeur","ploiteur"
870,"élec","élec-tion","tion",2,2,"tinc-tion","tinc",2,0,0,1,"élection","tinction"
76,"first_blank","first_blank-élec","élec",4,51,"first_blank-consi","consi",42,9,1,1,"électricité","consitricité"
161,"trique","trique-last_blank","last_blank",2,25,"miques-last_blank","miques",25,0,0,1,"électrique","élecmiques"
986,"gant","gant-last_blank","last_blank",2,9,"sade-last_blank","sade",9,0,0,1,"élégant","élésade"
670,"first_blank","first_blank-élé","élé",2,19,"first_blank-sif","sif",19,0,0,1,"élément","sifment"
97,"bal","bal-ler","ler",3,4,"gueu-ler","gueu",3,1,1,1,"emballer","emgueuler"
628,"first_blank","first_blank-émet","émet",2,7,"first_blank-frei","frei",7,0,0,1,"émetteur","freiteur"
434,"first_blank","first_blank-émo","émo",2,15,"first_blank-aga","aga",15,0,0,1,"émotif","agatif"
759,"pe","pe-reur","reur",3,2,"pe-lées","lées",2,0,0,1,"empereur","empelées"
945,"pire","pire-last_blank","last_blank",2,10,"face-last_blank","face",10,0,0,1,"empire","emface"
962,"itale","itale-last_blank","last_blank",6,1,"prends -last_blank","prends ",1,0,2,1,"empreinte digitale","empreinte digprends "
974,"ne","ne-ment","ment",5,75,"ne-toques","toques",1,74,2,1,"emprisonnement","emprisonnetoques"
554,"olère","olère-last_blank","last_blank",3,1,"loges-last_blank","loges",1,0,0,1,"en colère","en cloges"
239,"ivant","ivant-last_blank","last_blank",3,1,"chaël-last_blank","chaël",1,0,0,1,"en écrivant","en écrchaël"
87," haut"," haut-last_blank","last_blank",2,1,"ghans-last_blank","ghans",1,0,0,1,"en haut","enghans"
541,"first_blank","first_blank-éner","éner",2,30,"first_blank-trem","trem",30,0,0,1,"énergie","tremgie"
562,"fance","fance-last_blank","last_blank",2,1,"donte-last_blank","donte",1,0,0,1,"enfance","endonte"
366,"en","en-fant","fant",2,1,"en-glan","glan",1,0,0,1,"enfant","englan"
207,"fer","fer-last_blank","last_blank",2,64,"dés-last_blank","dés",64,0,0,1,"enfer","endés"
955,"ver","ver-last_blank","last_blank",3,128,"tais-last_blank","tais",128,0,1,1,"enlever","enletais"
583,"first_blank","first_blank-én","én",1,10,"first_blank-sû","sû",10,0,0,1,"énorme","sûorme"
100,"quê","quê-ter","ter",3,2,"figh-ter","figh",2,0,1,1,"enquêter","enfighter"
951,"teur","teur-last_blank","last_blank",3,358,"rons-last_blank","rons",381,23,0,1,"enquêteur","enquêrons"
632,"tre","tre-ment","ment",5,6,"tre-prises","prises",1,5,2,1,"enregistrement","enregistreprises"
607,"trer","trer-last_blank","last_blank",4,41,"rante-last_blank","rante",41,0,1,1,"enregistrer","enregisrante"
411,"gner","gner-last_blank","last_blank",3,47,"tale-last_blank","tale",47,0,0,1,"enseigner","enseitale"
644,"ter","ter-rer","rer",3,3,"ter-mine","mine",3,0,1,1,"enterrer","entermine"
525,"en","en-trée","trée",2,1,"en-goue","goue",1,0,0,1,"entrée","engoue"
977,"neur","neur-last_blank","last_blank",4,43,"rable-last_blank","rable",43,0,1,1,"entrepreneur","entreprerable"
254,"ron","ron-last_blank","last_blank",3,77,"nées-last_blank","nées",80,3,1,1,"environ","envinées"
796,"voyer","voyer-last_blank","last_blank",2,4,"roles-last_blank","roles",4,0,0,1,"envoyer","enroles"
293,"ép","ép-ai","ai",1,3,"ép-lu","lu",3,0,0,1,"épais","éplus"
665,"dé","dé-mie","mie",3,3,"dé-pous","pous",3,0,1,1,"épidémie","épidépous"
606,"sode","sode-last_blank","last_blank",2,3,"tèle-last_blank","tèle",3,0,0,1,"épisode","épitèle"
918,"first_blank","first_blank-éq","éq",1,7,"first_blank-dû","dû",7,0,0,1,"équipe","dûuipe"
812,"first_blank","first_blank-équi","équi",2,36,"first_blank-croi","croi",36,0,0,1,"équiper","croiper"
852,"first_blank","first_blank-érec","érec",2,4,"first_blank-berg","berg",4,0,0,1,"érection","bergtion"
782,"reur","reur-last_blank","last_blank",2,22,"burn-last_blank","burn",22,0,0,1,"erreur","erburn"
466,"prit","prit-last_blank","last_blank",2,8,"bite-last_blank","bite",8,0,0,1,"esprit","esbite"
130,"sai","sai-last_blank","last_blank",2,14,"bit-last_blank","bit",14,0,0,1,"essai","esbit"
321,"es","es-t","t",1,12,"gh-t","gh",14,2,0,1,"est","ght"
106,"et","et-at","at",1,2,"ke-at","ke",2,0,0,1,"etat","keat"
619,"first_blank","first_blank-éton","éton",2,17,"first_blank-frot","frot",17,0,0,1,"étonnante","frotnante"
403,"ét","ét-ra","ra",1,6,"ta-ra","ta",6,0,0,1,"étrange","tarange"
599,"ud","ud-e","e",1,11,"ac-e","ac",11,0,0,1,"étude","étace"
191,"tion","tion-last_blank","last_blank",3,1033,"ment-last_blank","ment",1219,186,0,1,"évaluation","évaluament"
297,"first_blank","first_blank-év","év",1,35,"first_blank-ph","ph",35,0,0,1,"évier","phier"
929,"first_blank","first_blank-exa","exa",3,46,"first_blank-pros","pros",45,1,1,1,"exagérer","prosgérer"
233,"ex","ex-ci","ci",3,22,"ex-pres","pres",11,11,2,1,"excité","expresté"
114,"cuse","cuse-last_blank","last_blank",2,5,"puis-last_blank","puis",5,0,0,1,"excuse","expuis"
127,"cu","cu-tion","tion",3,8,"cu-lait","lait",4,4,0,1,"exécution","exéculait"
598,"exer","exer-cer","cer",2,1,"sour-cer","sour",1,0,0,1,"exercer","sourcer"
826,"plo","plo-ser","ser",3,2,"lais-ser","lais",2,0,1,1,"exploser","exlaisser"
359,"sif","sif-last_blank","last_blank",3,40,"gnez-last_blank","gnez",40,0,1,1,"explosif","explognez"
91,"sion","sion-last_blank","last_blank",3,159,"cher-last_blank","cher",160,1,0,1,"explosion","explocher"
496,"si","si-tion","tion",4,38,"si-dente","dente",4,34,1,1,"exposition","exposidente"
81,"press","press-last_blank","last_blank",2,3,"payés-last_blank","payés",3,0,0,1,"express","expayés"
671,"terne","terne-last_blank","last_blank",2,8,"donne-last_blank","donne",8,0,0,1,"externe","exdonne"
307,"restre","restre-last_blank","last_blank",4,2,"quêtes-last_blank","quêtes",2,0,0,1,"extraterrestre","extraterquêtes"
550,"fa","fa-cile","cile",2,1,"fa-cées","cées",1,0,0,1,"facile","facées"
331,"fa","fa-ib","ib",1,2,"fa-go","go",2,0,0,1,"faible","fagole"
463,"im","im-last_blank","last_blank",1,24,"hi-last_blank","hi",24,0,0,1,"faim","fahi"
141,"la pêche","la pêche-last_blank","last_blank",5,1,"bauchent-last_blank","bauchent",1,0,0,1,"faire de la pêche","faire de bauchent"
163,"fa","fa-is","is",1,2,"fa-go","go",2,0,0,1,"fais","fago"
706,"mille","mille-last_blank","last_blank",2,5,"monde-last_blank","monde",5,0,0,1,"famille","famonde"
479,"tai","tai-sie","sie",3,1,"réus-sie","réus",1,0,1,1,"fantaisie","fanréussie"
415,"tique","tique-last_blank","last_blank",3,211,"teurs-last_blank","teurs",232,21,0,1,"fantastique","fantasteurs"
923,"rine","rine-last_blank","last_blank",2,33,"reux-last_blank","reux",33,0,0,1,"farine","fareux"
876,"fa","fa-tal","tal",2,1,"fa-cez","cez",1,0,0,1,"fatal","facez"
104,"fa","fa-ux","ux",1,1,"fa-lé","lé",1,0,0,1,"faux","falé"
162,"fa","fa-x","x",1,1,"iu-x","iu",1,0,0,1,"fax","iux"
624,"ra","ra-tion","tion",4,106,"ra-peute","peute",5,101,1,1,"fédération","fédérapeute"
317,"mm","mm-e","e",1,16,"id-e","id",16,0,0,1,"femme","feide"
940,"ménage","ménage-last_blank","last_blank",5,1,"vorces-last_blank","vorces",1,0,0,1,"femme de ménage","femme de vorces"
154,"first_blank","first_blank-fer","fer",2,120,"first_blank-pla","pla",120,0,0,1,"fermé","plamé"
196,"fer","fer-mer","mer",2,4,"fer-nan","nan",4,0,0,1,"fermer","fernan"
467,"à clé","à clé-last_blank","last_blank",3,1,"bâche-last_blank","bâche",1,0,0,1,"fermer à clé","fermer bâche"
197,"me","me-ture","ture",3,1,"me-dias","dias",1,0,0,1,"fermeture","fermedias"
37,"first_blank","first_blank-fes","fes",3,19,"first_blank-prin","prin",19,0,1,1,"festival","printival"
915,"first_blank","first_blank-fê","fê",1,29,"first_blank-ts","ts",29,0,0,1,"fête","tste"
613,"dèle","dèle-last_blank","last_blank",2,3,"bade-last_blank","bade",3,0,0,1,"fidèle","fibade"
838,"èv","èv-re","re",1,8,"fi-re","fi",8,0,0,1,"fièvre","fifire"
531,"fi","fi-l","l",1,1,"ro-l","ro",1,0,0,1,"fil","rol"
30,"fi","fi-ll","ll",1,13,"fi-na","na",12,1,0,1,"filles","finaes"
707,"lm","lm-last_blank","last_blank",1,8,"i -last_blank","i ",8,0,0,1,"film","fii "
390,"fi","fi-ls","ls",1,2,"fi-ot","ot",2,0,0,1,"fils","fiot"
860,"le","le-ment","ment",4,174,"le-ville","ville",2,172,1,1,"finalement","finaleville"
985,"ce","ce-ment","ment",4,30,"ce-vable","vable",3,27,1,1,"financement","financevable"
25,"cier","cier-last_blank","last_blank",3,40,"dale-last_blank","dale",40,0,0,1,"financier","finandale"
393,"am","am-me","me",1,8,"am-an","an",8,0,0,1,"flamme","flaman"
1000,"first_blank","first_blank-flâ","flâ",2,1,"first_blank-cór","cór",1,0,0,1,"flâner","córner"
645,"fl","fl-eu","eu",1,5,"gu-eu","gu",5,0,0,1,"fleur","gueur"
990,"fl","fl-ot","ot",1,5,"fl-eu","eu",5,0,0,1,"flotte","fleute"
152,"fl","fl-ui","ui",1,2,"fl-op","op",2,0,0,1,"fluide","flopde"
139,"fo","fo-i","i",1,1,"nf-i","nf",1,0,0,1,"foi","nfi"
712,"fo","fo-ie","ie",1,2,"fo-un","un",2,0,0,1,"foie","foun"
267,"fon","fon-cé","cé",2,3,"vis-cé","vis",3,0,0,1,"foncé","viscé"
980,"first_blank","first_blank-fonc","fonc",3,25,"first_blank-écar","écar",25,0,0,1,"fonctionnel","écartionnel"
497,"first_blank","first_blank-foot","foot",2,5,"first_blank-cros","cros",5,0,0,1,"football","crosball"
694,"rêt","rêt-last_blank","last_blank",2,4,"pei-last_blank","pei",4,0,0,1,"forêt","fopei"
792,"te","te-ment","ment",3,99,"te-rais","rais",67,32,0,1,"fortement","forterais"
208,"fo","fo-u","u",1,1,"ia-u","ia",1,0,0,1,"fou","iau"
747,"chette","chette-last_blank","last_blank",2,20,"sables-last_blank","sables",19,1,0,4,"fourchette","foursables"
28,"four","four-mi","mi",2,3,"maxi-mi","maxi",3,0,0,2,"fourmi","maximi"
313,"fr","fr-ai","ai",1,7,"cl-ai","cl",7,0,0,1,"frais","clais"
23,"fr","fr-ai","ai",1,7,"ét-ai","ét",7,0,0,1,"fraise","étaise"
325,"çais","çais-last_blank","last_blank",2,25,"kins-last_blank","kins",25,0,0,1,"français","frankins"
703,"de","de-last_blank","last_blank",1,89,"va-last_blank","va",89,0,0,1,"fraude","frauva"
335,"èr","èr-e","e",1,16,"rg-e","rg",16,0,0,1,"frère","frrge"
481,"first_blank","first_blank-fro","fro",2,11,"first_blank-élu","élu",11,0,0,1,"fromage","élumage"
745,"fr","fr-ui","ui",1,2,"fr-er","er",2,0,0,1,"fruit","frert"
242,"gi","gi-tif","tif",3,1,"gi-cler","cler",1,0,1,1,"fugitif","fugicler"
53,"raire","raire-last_blank","last_blank",3,7,"gible-last_blank","gible",7,0,0,1,"funéraire","funégible"
157,"gnant","gnant-last_blank","last_blank",2,29,"dante-last_blank","dante",29,0,0,1,"gagnant","gadante"
117,"gner","gner-last_blank","last_blank",2,47,"niez-last_blank","niez",47,0,0,1,"gagner","ganiez"
399,"laxie","laxie-last_blank","last_blank",2,3,"luait-last_blank","luait",3,0,0,1,"galaxie","galuait"
748,"ga","ga-rage","rage",2,1,"ga-pore","pore",1,0,0,1,"garage","gapore"
339,"çon","çon-last_blank","last_blank",2,15,"tum-last_blank","tum",15,0,0,1,"garçon","gartum"
137,"first_blank","first_blank-gar","gar",2,113,"first_blank-chi","chi",113,0,0,1,"garder","chider"
570,"teau","teau-last_blank","last_blank",2,27,"town-last_blank","town",27,0,0,1,"gâteau","gâtown"
494,"ga","ga-y","y",1,1,"ew-y","ew",1,0,0,1,"gay","ewy"
881,"ge","ge-ler","ler",2,3,"ge-man","man",2,1,0,1,"geler","geman"
972,"le","le-ment","ment",5,174,"le-dogues","dogues",1,173,2,1,"généralement","généraledogues"
988,"reuse","reuse-last_blank","last_blank",3,36,"lisme-last_blank","lisme",36,0,0,1,"généreuse","génélisme"
101,"nial","nial-last_blank","last_blank",2,7,"wing-last_blank","wing",7,0,0,1,"génial","géwing"
224,"ge","ge-ns","ns",1,2,"er-ns","er",2,0,0,1,"gens","erns"
179,"bal","bal-last_blank","last_blank",2,12,"git-last_blank","git",12,0,0,1,"global","glogit"
831,"oi","oi-re","re",1,7,"iv-re","iv",7,0,0,1,"gloire","glivre"
813,"rille","rille-last_blank","last_blank",2,2,"sulte-last_blank","sulte",2,0,0,1,"gorille","gosulte"
623,"ne","ne-ment","ment",4,75,"ne-ville","ville",3,72,1,1,"gouvernement","gouverneville"
757,"me","me-last_blank","last_blank",1,114,"gé-last_blank","gé",114,0,0,1,"gramme","gramgé"
423,"mère","mère-last_blank","last_blank",2,8,"diée-last_blank","diée",8,0,0,1,"grand-mère","granddiée"
538,"ec","ec-last_blank","last_blank",1,9,"ît-last_blank","ît",9,0,0,1,"grec","grît"
29,"sesse","sesse-last_blank","last_blank",2,2,"sodes-last_blank","sodes",2,0,0,1,"grossesse","grossodes"
601,"first_blank","first_blank-grou","grou",2,15,"first_blank-abor","abor",15,0,0,1,"grouper","aborper"
819,"first_blank","first_blank-gué","gué",2,40,"first_blank-rac","rac",40,0,0,1,"guérir","racrir"
448,"first_blank","first_blank-guer","guer",2,11,"first_blank-anes","anes",11,0,0,1,"guerrier","anesrier"
451,"tare","tare-last_blank","last_blank",2,4,"niée-last_blank","niée",4,0,0,1,"guitare","guiniée"
202,"tuel","tuel-last_blank","last_blank",3,15,"vert-last_blank","vert",15,0,0,1,"habituel","habivert"
142,"na","na-tion","tion",5,52,"na-gogues","gogues",1,51,2,1,"hallucination","hallucinagogues"
614,"first_blank","first_blank-ham","ham",3,25,"first_blank-fonc","fonc",25,0,1,1,"hamburger","foncburger"
817,"mo","mo-nie","nie",3,6,"mo-teur","teur",4,2,1,1,"harmonie","harmoteur"
158,"ha","ha-ut","ut",1,5,"ha-ya","ya",5,0,0,1,"haut","haya"
657,"daire","daire-last_blank","last_blank",4,12,"cents-last_blank","cents",12,0,0,1,"hebdomadaire","hebdomacents"
12,"ptère","ptère-last_blank","last_blank",4,2,"dreau-last_blank","dreau",2,0,0,1,"hélicoptère","hélicodreau"
261,"tome","tome-last_blank","last_blank",3,8,"ciés-last_blank","ciés",8,0,0,1,"hématome","hémaciés"
134,"ri","ri-ter","ter",3,4,"ri-rais","rais",4,0,1,1,"hériter","hérirais"
351,"roïne","roïne-last_blank","last_blank",2,2,"ligne-last_blank","ligne",2,0,0,1,"héroïne","héligne"
676,"hi","hi-er","er",1,1,"au-er","au",1,0,0,1,"hier","auer"
358,"ver","ver-last_blank","last_blank",2,128,"nés-last_blank","nés",128,0,0,1,"hiver","hinés"
949,"mard","mard-last_blank","last_blank",2,9,"cure-last_blank","cure",9,0,0,1,"homard","hocure"
854,"uris","uris-last_blank","last_blank",6,1,"phonent-last_blank","phonent",1,0,3,1,"homme chauve-souris","homme chauvesophonent"
80,"nête","nête-last_blank","last_blank",2,4,"case-last_blank","case",4,0,0,1,"honnête","honcase"
159,"first_blank","first_blank-hon","hon",4,25,"first_blank-éclai","éclai",20,5,2,1,"honnêteté","éclainêteté"
705,"hon","hon-neur","neur",2,1,"ver-neur","ver",1,0,0,1,"honneur","verneur"
370,"rible","rible-last_blank","last_blank",2,2,"miãre-last_blank","miãre",2,0,0,1,"horrible","hormiãre"
52,"hu","hu-il","il",1,2,"hu-mm","mm",2,0,0,1,"huile","humme"
165,"main","main-last_blank","last_blank",2,15,"ping-last_blank","ping",15,0,0,1,"humain","huping"
891,"gène","gène-last_blank","last_blank",3,27,"vers-last_blank","vers",27,0,0,1,"hydrogène","hydrovers"
416,"io","io-t","t",1,4,"ue-t","ue",4,0,0,1,"idiot","iduet"
169,"tance","tance-last_blank","last_blank",3,22,"phone-last_blank","phone",22,0,0,1,"importance","imporphone"
488,"por","por-tant","tant",3,9,"por-quoi","quoi",1,8,0,1,"important","imporquoi"
893,"sion","sion-ner","ner",4,8,"achar-ner","achar",1,7,1,1,"impressionner","impresacharner"
922,"puis","puis-sant","sant",3,3,"écra-sant","écra",1,2,0,1,"impuissant","imécrasant"
969,"pable","pable-last_blank","last_blank",3,6,"lonne-last_blank","lonne",6,0,0,1,"incapable","incalonne"
14,"in","in-con","con",3,44,"in-quié","quié",20,24,1,1,"inconnu","inquiénu"
221,"di","di-quer","quer",3,5,"di-sait","sait",4,1,0,1,"indiquer","indisait"
211,"vi","vi-duel","duel",4,2,"vi-vrais","vrais",2,0,1,1,"individuel","indivivrais"
450,"tion","tion-last_blank","last_blank",3,1033,"ment-last_blank","ment",1219,186,0,1,"infection","infecment"
278,"ma","ma-teur","teur",4,11,"ma-riait","riait",2,9,1,1,"informateur","informariait"
687,"ma","ma-tion","tion",4,29,"ma-zette","zette",1,28,1,1,"information","informazette"
245,"mer","mer-last_blank","last_blank",3,174,"mer-veilleuses","veilleuses",1,173,0,7,"informer","informerveilleuses"
579,"tion","tion-last_blank","last_blank",3,1033,"ment-last_blank","ment",1219,186,0,1,"injection","injecment"
145,"juste","juste-last_blank","last_blank",2,9,"risse-last_blank","risse",9,0,0,1,"injuste","inrisse"
710,"secte","secte-last_blank","last_blank",2,1,"diche-last_blank","diche",1,0,0,1,"insecte","indiche"
957,"tion","tion-last_blank","last_blank",3,1033,"ment-last_blank","ment",1219,186,0,1,"inspection","inspecment"
719,"ra","ra-tion","tion",4,106,"ra-peute","peute",5,101,1,1,"inspiration","inspirapeute"
781,"tru","tru-ment","ment",3,1,"tru-sion","sion",1,0,0,1,"instrument","instrusion"
594,"li","li-gent","gent",4,3,"li-thium","thium",3,0,1,1,"intelligent","intellithium"
770,"ten","ten-tion","tion",3,24,"ten-dues","dues",6,18,0,1,"intention","intendues"
938,"ten","ten-tion","tion",6,24,"ten-dresses","dresses",1,23,3,1,"intentionnellement","intendressesnellement"
921,"dire","dire-last_blank","last_blank",3,6,"thos-last_blank","thos",6,0,0,1,"interdire","interthos"
520,"res","res-sant","sant",4,4,"res-tiers","tiers",1,3,1,1,"intéressant","intérestiers"
237,"ro","ro-ger","ger",4,4,"ro-scope","scope",3,1,2,1,"interroger","interroscope"
995,"time","time-last_blank","last_blank",2,19,"tard-last_blank","tard",19,0,0,1,"intime","intard"
639,"té","té-last_blank","last_blank",4,917,"té-moignent","moignent",1,916,2,5,"intimité","intimitémoignent"
925,"tion","tion-last_blank","last_blank",3,1033,"ment-last_blank","ment",1219,186,0,1,"intuition","intuiment"
108,"tir","tir-last_blank","last_blank",3,46,"mons-last_blank","mons",45,1,1,1,"investir","invesmons"
24,"tis","tis-seur","seur",4,6,"tis-faits","faits",2,4,1,1,"investisseur","investisfaits"
672,"iro","iro-nique","nique",2,1,"ran-nique","ran",1,0,0,1,"ironique","rannique"
983,"sable","sable-last_blank","last_blank",4,34,"quées-last_blank","quées",34,0,0,1,"irresponsable","irresponquées"
699,"iv","iv-re","re",1,7,"dé-re","dé",7,0,0,1,"ivre","dére"
686,"first_blank","first_blank-j'a","j'a",2,1,"first_blank-beb","beb",1,0,0,1,"j'accepte","bebccepte"
183,"mais","mais-last_blank","last_blank",2,42,"sage-last_blank","sage",42,0,0,1,"jamais","jasage"
324,"ja","ja-un","un",1,2,"ja-ve","ve",2,0,0,1,"jaune","javee"
436,"je","je-u","u",1,1,"nn-u","nn",1,0,0,1,"jeu","nnu"
194,"un","un-e","e",1,11,"at-e","at",11,0,0,1,"jeune","jeate"
549,"first_blank","first_blank-jo","jo",1,222,"first_blank-st","st",222,0,0,1,"joie","stie"
786,"ue","ue-last_blank","last_blank",1,130,"mi-last_blank","mi",130,0,0,1,"joue","jomi"
652,"ue","ue-t","t",1,4,"af-t","af",4,0,0,1,"jouet","joaft"
51,"ur","ur-last_blank","last_blank",1,56,"ez-last_blank","ez",56,0,0,1,"joueur","joueez"
427,"first_blank","first_blank-jour","jour",3,22,"first_blank-fron","fron",22,0,0,1,"journaliste","fronnaliste"
414,"ge","ge-last_blank","last_blank",1,71,"ch-last_blank","ch",69,2,0,1,"juge","juch"
503,"ju","ju-il","il",1,2,"ju-ke","ke",2,0,0,1,"juillet","jukelet"
794,"lietre","lietre-last_blank","last_blank",2,1,"cieres-last_blank","cieres",1,0,0,1,"julietre","jucieres"
823,"nior","nior-last_blank","last_blank",2,3,"lors-last_blank","lors",3,0,0,1,"junior","julors"
172,"ju","ju-s","s",1,1,"rp-s","rp",1,0,0,1,"jus","rps"
682,"tice","tice-last_blank","last_blank",2,9,"sian-last_blank","sian",9,0,0,1,"justice","jussian"
439,"école","école-last_blank","last_blank",2,1,"voile-last_blank","voile",1,0,0,1,"l'école","l'voile"
578,"in","in-ateur","ateur",4,1,"in-culpe","culpe",1,0,0,1,"l'ordinateur","l'ordinculpe"
133,"first_blank","first_blank-là","là",1,6,"first_blank-aî","aî",6,0,0,1,"là","aî"
626,"ogie","ogie-last_blank","last_blank",4,1,"leans-last_blank","leans",1,0,1,1,"la biologie","la biolleans"
433,"onie","onie-last_blank","last_blank",5,1,"thayus-last_blank","thayus",1,0,2,1,"la cérémonie","la cérémthayus"
426,"édie","édie-last_blank","last_blank",4,1,"grand-last_blank","grand",1,0,1,1,"la comédie","la comgrand"
946,"ation","ation-last_blank","last_blank",6,1,"lourdes-last_blank","lourdes",1,0,2,1,"la communication","la communiclourdes"
658,"ssion","ssion-last_blank","last_blank",4,1,"clane-last_blank","clane",1,0,0,1,"la compassion","la compaclane"
971,"la","la- cré"," cré",5,1,"la-melles","melles",1,0,2,1,"la créativité","lamellesativité"
270,"ité","ité-last_blank","last_blank",6,1,"trophes-last_blank","trophes",1,0,4,1,"la criminalité","la criminaltrophes"
513,"atie","atie-last_blank","last_blank",5,1,"crunch-last_blank","crunch",1,0,2,1,"la démocratie","la démocrcrunch"
529,"ption","ption-last_blank","last_blank",4,1,"mauve-last_blank","mauve",1,0,0,1,"la description","la descrimauve"
251," gauche"," gauche-last_blank","last_blank",2,1,"vauches-last_blank","vauches",1,0,0,1,"la gauche","lavauches"
897," grève"," grève-last_blank","last_blank",2,1,"egrine-last_blank","egrine",1,0,0,1,"la grève","laegrine"
919,"ariée","ariée-last_blank","last_blank",3,1,"leils-last_blank","leils",1,0,0,1,"la mariée","la mleils"
499,"usique","usique-last_blank","last_blank",3,1,"neille-last_blank","neille",1,0,0,1,"la musique","la mneille"
935,"usée","usée-last_blank","last_blank",3,1,"slov-last_blank","slov",1,0,0,1,"la nausée","la naslov"
863,"ctive","ctive-last_blank","last_blank",4,1,"lasts-last_blank","lasts",1,0,0,1,"la perspective","la perspelasts"
378,"first_blank","first_blank-la ","la ",2,1,"first_blank-gip","gip",1,0,0,1,"la science","gipscience"
920," soif"," soif-last_blank","last_blank",2,1,"quoi -last_blank","quoi ",1,0,0,1,"la soif","laquoi "
642," taille"," taille-last_blank","last_blank",2,1,"dailles-last_blank","dailles",1,0,0,1,"la taille","ladailles"
741," toile"," toile-last_blank","last_blank",2,1,"gnoule-last_blank","gnoule",1,0,0,1,"la toile","lagnoule"
472,"la","la-c","c",1,1,"ff-c","ff",1,0,0,1,"lac","ffc"
84,"id","id-last_blank","last_blank",1,19,"ys-last_blank","ys",19,0,0,1,"laid","lays"
7,"first_blank","first_blank-lais","lais",2,28,"first_blank-écla","écla",28,0,0,2,"laisser","éclaser"
621,"la","la-pin","pin",2,1,"la-bar","bar",1,0,0,1,"lapin","labar"
664,"rg","rg-e","e",1,16,"on-e","on",16,0,0,1,"large","laone"
47,"vage","vage-last_blank","last_blank",2,16,"bant-last_blank","bant",16,0,0,1,"lavage","labant"
617,"ssaire","ssaire-last_blank","last_blank",4,1,"triers-last_blank","triers",1,0,0,1,"le commissaire","le commitriers"
913,"ement","ement-last_blank","last_blank",5,1,"rosses-last_blank","rosses",1,0,1,1,"le financement","le financrosses"
608,"enou","enou-last_blank","last_blank",3,1,"graw-last_blank","graw",1,0,0,1,"le genou","le ggraw"
515,"de passe","de passe-last_blank","last_blank",4,1,"droyante-last_blank","droyante",1,0,0,1,"le mot de passe","le mot droyante"
322," noir"," noir-last_blank","last_blank",2,1,"coire-last_blank","coire",1,0,0,1,"le noir","lecoire"
311," prix"," prix-last_blank","last_blank",2,1,"prait-last_blank","prait",1,0,0,1,"le prix","leprait"
566,"enu","enu-last_blank","last_blank",4,1,"ckait-last_blank","ckait",1,0,2,1,"le revenu","le revckait"
907,"lé","lé-cher","cher",2,1,"lé-gées","gées",1,0,0,1,"lécher","légées"
380,"lé","lé-gal","gal",2,2,"lé-bra","bra",2,0,0,1,"légal","lébra"
352,"gende","gende-last_blank","last_blank",2,2,"menes-last_blank","menes",2,0,0,1,"légende","lémenes"
78,"lé","lé-ger","ger",2,2,"lé-rée","rée",2,0,0,1,"léger","lérée"
457,"le","le-tt","tt",1,5,"le-ri","ri",5,0,0,1,"lettre","lerire"
833,"lé","lé-zard","zard",2,1,"lé-rate","rate",1,0,0,1,"lézard","lérate"
932,"bé","bé-ral","ral",3,1,"bé-bert","bert",1,0,1,1,"libéral","libébert"
716,"li","li-br","br",1,3,"li-ra","ra",3,0,0,1,"libre","lirae"
217,"eu","eu-last_blank","last_blank",1,13,"ié-last_blank","ié",13,0,0,1,"lieu","liié"
361,"first_blank","first_blank-lieu","lieu",3,3,"first_blank-hamp","hamp",3,0,0,1,"lieutenant","hamptenant"
289,"sine","sine-last_blank","last_blank",3,20,"fler-last_blank","fler",20,0,0,1,"limousine","limoufler"
174,"li","li-ng","ng",1,5,"so-ng","so",5,0,0,1,"lingue","songue"
88,"li","li-on","on",1,4,"li-gu","gu",4,0,0,1,"lion","ligu"
536,"li","li-t","t",1,5,"oo-t","oo",5,0,0,1,"lit","oot"
638,"ra","ra-ture","ture",4,4,"ra-geant","geant",3,1,1,1,"littérature","littérageant"
501,"li","li-vr","vr",1,3,"li-ts","ts",3,0,0,1,"livre","litse"
963,"lo","lo-cal","cal",2,1,"lo-qué","qué",1,0,0,1,"local","loqué"
180,"lo","lo-in","in",1,3,"pl-in","pl",3,0,0,1,"loin","plin"
394,"lo","lo-ng","ng",1,6,"lo-te","te",6,0,0,1,"long","lote"
272,"first_blank","first_blank-lon","lon",2,29,"first_blank-ram","ram",29,0,0,1,"longueur","ramgueur"
136,"lo","lo-ue","ue",1,7,"lo-so","so",7,0,0,1,"louer","losor"
372,"up","up-last_blank","last_blank",1,6,"mb-last_blank","mb",6,0,0,1,"loup","lomb"
916,"cher","cher-last_blank","last_blank",2,160,"sion-last_blank","sion",159,1,0,2,"mâcher","mâsion"
695,"chine","chine-last_blank","last_blank",2,3,"joint-last_blank","joint",3,0,0,1,"machine","majoint"
219,"zine","zine-last_blank","last_blank",3,6,"voit-last_blank","voit",6,0,0,1,"magazine","magavoit"
227,"fique","fique-last_blank","last_blank",3,14,"lines-last_blank","lines",14,0,0,1,"magnifique","magnilines"
947,"nance","nance-last_blank","last_blank",3,18,"niens-last_blank","niens",18,0,0,1,"maintenance","mainteniens"
886,"first_blank","first_blank-main","main",3,32,"first_blank-chas","chas",32,0,0,1,"maintenir","chastenir"
563,"ir","ir-e","e",1,31,"gu-e","gu",31,0,0,1,"maire","mague"
581,"ma","ma-l","l",1,1,"nd-l","nd",1,0,0,1,"mal","ndl"
810,"ma","ma-lade","lade",2,1,"ma-lies","lies",1,0,0,1,"malade","malies"
112,"la","la-die","die",3,1,"la-bour","bour",1,0,1,1,"maladie","malabour"
954,"heur","heur-last_blank","last_blank",2,2,"mett-last_blank","mett",2,0,0,1,"malheur","malmett"
77,"ma","ma-man","man",2,1,"ma-tro","tro",1,0,0,1,"maman","matro"
733,"man","man-ger","ger",2,3,"fli-ger","fli",2,1,0,1,"manger","fliger"
829,"ta","ta-tion","tion",5,119,"ta-logues","logues",1,118,2,1,"manifestation","manifestalogues"
66,"pu","pu-ler","ler",4,3,"pu-dique","dique",2,1,2,1,"manipuler","manipudique"
57,"chande","chande-last_blank","last_blank",2,1,"ghanes-last_blank","ghanes",1,0,0,1,"marchande","marghanes"
539,"ma","ma-rc","rc",1,8,"ma-de","de",8,0,0,1,"marche","madehe"
458,"mar","mar-di","di",2,1,"avi-di","avi",1,0,0,1,"mardi","avidi"
343,"riage","riage-last_blank","last_blank",2,4,"mings-last_blank","mings",4,0,0,1,"mariage","mamings"
271,"ma","ma-rié","rié",2,2,"ma-tum","tum",2,0,0,1,"marié","matum"
622,"ma","ma-rin","rin",2,3,"ma-ger","ger",3,0,0,1,"marin","mager"
845,"rine","rine-last_blank","last_blank",2,33,"more-last_blank","more",33,0,0,1,"marine","mamore"
281,"mar","mar-teau","teau",2,1,"mar-reur","reur",1,0,0,1,"marteau","marreur"
721,"sage","sage-last_blank","last_blank",2,42,"mais-last_blank","mais",42,0,0,1,"massage","masmais"
214,"ma","ma-tiques","tiques",4,18,"ma-nuelle","nuelle",2,16,0,2,"mathématiques","mathémanuelle"
610,"ma","ma-tière","tière",2,2,"ma-lisme","lisme",2,0,0,1,"matière","malisme"
298,"ma","ma-tin","tin",2,1,"ma-ged","ged",1,0,0,1,"matin","maged"
385,"mum","mum-last_blank","last_blank",2,4,"raj-last_blank","raj",4,0,0,1,"maximum","maxiraj"
943,"first_blank","first_blank-mayon","mayon",2,1,"first_blank-meyer","meyer",1,0,0,1,"mayonnaise","meyernaise"
788,"nique","nique-last_blank","last_blank",3,87,"sante-last_blank","sante",88,1,0,1,"mécanique","mécasante"
784,"daille","daille-last_blank","last_blank",2,2,"tiable-last_blank","tiable",2,0,0,1,"médaille","métiable"
18,"daillon","daillon-last_blank","last_blank",2,1,"paillés-last_blank","paillés",1,0,0,1,"médaillon","mépaillés"
334,"cin","cin-last_blank","last_blank",3,11,"lote-last_blank","lote",11,0,1,1,"médecin","médelote"
700,"lange","lange-last_blank","last_blank",2,6,"clame-last_blank","clame",6,0,0,1,"mélange","méclame"
507,"men","men-teur","teur",2,2,"gra-teur","gra",2,0,0,1,"menteur","grateur"
350,"mé","mé-tal","tal",2,10,"mé-con","con",10,0,0,1,"métal","mécon"
406,"first_blank","first_blank-mè","mè",1,23,"first_blank-sq","sq",23,0,0,1,"mètre","sqtre"
934,"me","me-tt","tt",1,4,"me-ro","ro",4,0,0,1,"mettre","merore"
338,"me","me-ur","ur",1,10,"me-né","né",10,0,0,1,"meurtre","menétre"
730,"first_blank","first_blank-meur","meur",2,10,"first_blank-amou","amou",10,0,0,1,"meurtrier","amoutrier"
595,"phone","phone-last_blank","last_blank",3,22,"nable-last_blank","nable",22,0,0,1,"microphone","micronable"
930,"scope","scope-last_blank","last_blank",3,18,"nance-last_blank","nance",18,0,0,1,"microscope","micronance"
737,"mi","mi-di","di",2,7,"pré-di","pré",7,0,1,1,"midi","prédi"
591,"gnon","gnon-last_blank","last_blank",2,21,"dien-last_blank","dien",21,0,0,1,"mignon","midien"
723,"taire","taire-last_blank","last_blank",3,86,"nique-last_blank","nique",87,1,0,1,"militaire","milinique"
173,"liard","liard-last_blank","last_blank",2,3,"diaux-last_blank","diaux",3,0,0,1,"milliard","mildiaux"
93,"tère","tère-last_blank","last_blank",3,15,"rent-last_blank","rent",15,0,0,1,"ministère","minisrent"
11,"nistre","nistre-last_blank","last_blank",2,3,"battre-last_blank","battre",3,0,0,1,"ministre","mibattre"
263,"nute","nute-last_blank","last_blank",2,1,"lot -last_blank","lot ",1,0,0,1,"minute","milot "
987,"nu","nu-teur","teur",3,1,"nu-lome","lome",1,0,0,1,"minuteur","minulome"
576,"mi","mi-roi","roi",3,1,"mi-nuée","nuée",1,0,1,1,"miroiter","minuéeter"
924,"sère","sère-last_blank","last_blank",2,2,"muse-last_blank","muse",2,0,0,1,"misère","mimuse"
618,"sile","sile-last_blank","last_blank",2,6,"gere-last_blank","gere",6,0,0,1,"missile","misgere"
611,"first_blank","first_blank-mis","mis",2,26,"first_blank-étu","étu",26,0,0,1,"mission","étusion"
830,"deste","deste-last_blank","last_blank",2,1,"chete-last_blank","chete",1,0,0,1,"modeste","mochete"
220,"mo","mo-in","in",1,7,"gr-in","gr",7,0,0,1,"moins","grins"
521,"tère","tère-last_blank","last_blank",3,15,"riel-last_blank","riel",15,0,0,1,"monastère","monasriel"
146,"mo","mo-nd","nd",1,4,"fe-nd","fe",4,0,0,1,"monde","fende"
424,"tagne","tagne-last_blank","last_blank",2,5,"tiere-last_blank","tiere",5,0,0,1,"montagne","montiere"
885,"mon","mon-tant","tant",2,3,"fec-tant","fec",3,0,0,1,"montant","fectant"
725,"phine","phine-last_blank","last_blank",2,7,"trise-last_blank","trise",7,0,0,1,"morphine","mortrise"
589,"mo","mo-rt","rt",1,6,"mo-lé","lé",6,0,0,1,"mort","molé"
341,"mo","mo-tel","tel",2,1,"mo-roc","roc",1,0,0,1,"motel","moroc"
288,"mo","mo-teur","teur",2,4,"mo-nium","nium",2,2,0,1,"moteur","monium"
49,"choir","choir-last_blank","last_blank",2,7,"croft-last_blank","croft",7,0,0,1,"mouchoir","moucroft"
375,"er","er-last_blank","last_blank",1,101,"ga-last_blank","ga",102,1,0,1,"mouiller","mouillga"
735,"rir","rir-last_blank","last_blank",2,39,"gné-last_blank","gné",39,0,0,1,"mourir","mougné"
698,"sc","sc-le","le",1,2,"sc-ea","ea",2,0,0,1,"muscle","muscea"
150,"mu","mu-sée","sée",2,1,"mu-rez","rez",1,0,0,1,"musée","murez"
490,"si","si-cien","cien",3,3,"si-nait","nait",3,0,0,1,"musicien","musinait"
926,"ta","ta-tion","tion",3,119,"ta-nées","nées",5,114,0,1,"mutation","mutanées"
264,"tère","tère-last_blank","last_blank",2,15,"vrez-last_blank","vrez",15,0,0,1,"mystère","mysvrez"
587,"na","na-tion","tion",2,52,"na-teur","teur",17,35,0,1,"nation","nateur"
889,"vi","vi-guer","guer",3,1,"vi-docq","docq",1,0,0,1,"naviguer","navidocq"
323,"ga","ga-tif","tif",3,3,"ga-reth","reth",2,1,1,1,"négatif","négareth"
373,"first_blank","first_blank-nei","nei",2,6,"first_blank-eck","eck",6,0,0,1,"neiger","eckger"
804,"veux","veux-last_blank","last_blank",2,8,"gett-last_blank","gett",8,0,0,1,"nerveux","nergett"
123,"veu","veu-last_blank","last_blank",2,3,"nif-last_blank","nif",3,0,0,1,"neveu","nenif"
545,"first_blank","first_blank-ne","ne",1,142,"first_blank-gé","gé",142,0,0,1,"nez","géz"
835,"famille","famille-last_blank","last_blank",4,1,"sayions-last_blank","sayions",1,0,0,1,"nom de famille","nom de sayions"
320,"rd","rd-last_blank","last_blank",1,45,"bi-last_blank","bi",45,0,0,1,"nord","nobi"
931,"no","no-ue","ue",1,6,"no-bu","bu",6,0,0,1,"nouer","nobur"
44,"velles","velles-last_blank","last_blank",2,2,"vières-last_blank","vières",2,0,0,1,"nouvelles","nouvières"
844,"nu","nu-last_blank","last_blank",1,50,"e -last_blank","e ",42,8,0,1,"nu","e "
895,"cléaire","cléaire-last_blank","last_blank",2,2,"chiatre-last_blank","chiatre",2,0,0,1,"nucléaire","nuchiatre"
282,"obli","obli-ger","ger",2,1,"brin-ger","brin",1,0,0,1,"obliger","bringer"
673,"den","den-tal","tal",4,1,"chrys-tal","chrys",1,0,2,1,"occidental","occichrystal"
398,"éa","éa-n","n",1,1,"we-n","we",1,0,0,1,"océan","ocwen"
388,"tobre","tobre-last_blank","last_blank",2,1,"pître-last_blank","pître",1,0,0,1,"octobre","ocpître"
182,"oe","oe-uf","uf",1,2,"ha-uf","ha",2,0,0,1,"oeuf","hauf"
824,"fen","fen-ser","ser",3,1,"cris-ser","cris",1,0,1,1,"offenser","ofcrisser"
428,"ciel","ciel-last_blank","last_blank",3,7,"maux-last_blank","maux",7,0,0,1,"officiel","offimaux"
840,"gnon","gnon-last_blank","last_blank",2,21,"dien-last_blank","dien",21,0,0,1,"oignon","oidien"
365,"seau","seau-last_blank","last_blank",2,19,"sure-last_blank","sure",19,0,0,1,"oiseau","oisure"
198,"ra","ra-tion","tion",3,106,"ra-fraî","fraî",13,93,0,1,"opération","opérafraî"
508,"op","op-tion","tion",2,3,"op-pres","pres",11,8,0,2,"option","oppres"
357,"or","or-ag","ag",1,2,"or-si","si",2,0,0,1,"orage","orsie"
125,"or","or-an","an",1,5,"th-an","th",5,0,0,1,"orange","thange"
218,"bite","bite-last_blank","last_blank",2,8,"tome-last_blank","tome",8,0,0,1,"orbite","ortome"
129,"di","di-naire","naire",3,2,"di-teurs","teurs",2,0,0,1,"ordinaire","orditeurs"
546,"or","or-ei","ei",1,7,"or-me","me",7,0,0,1,"oreille","ormelle"
910,"ser","ser-last_blank","last_blank",4,432,"ser-pillières","pillières",1,431,1,6,"organiser","organiserpillières"
193,"ou","ou-ai","ai",1,10,"gr-ai","gr",10,0,0,1,"ouais","grais"
105,"vrier","vrier-last_blank","last_blank",2,7,"soire-last_blank","soire",7,0,0,1,"ouvrier","ousoire"
5,"first_blank","first_blank-oxy","oxy",2,17,"first_blank-fol","fol",17,0,0,1,"oxygène","folgène"
816,"ra","ra-graphe","graphe",3,1,"ra-geants","geants",1,0,0,1,"paragraphe","parageants"
959,"mal","mal-last_blank","last_blank",4,21,"mal-veillantes","veillantes",1,20,0,5,"paranormal","paranormalveillantes"
880,"rent","rent-last_blank","last_blank",2,15,"cott-last_blank","cott",15,0,0,1,"parent","pacott"
364,"fait","fait-last_blank","last_blank",2,23,"port-last_blank","port",23,0,0,1,"parfait","parport"
837,"fum","fum-last_blank","last_blank",2,1,"jà -last_blank","jà ",1,0,0,1,"parfum","parjà "
435,"par","par-lez","lez",2,2,"par-che","che",2,0,0,1,"parlez","parche"
167,"cule","cule-last_blank","last_blank",3,38,"gers-last_blank","gers",38,0,0,1,"particule","partigers"
559,"s cher","s cher-last_blank","last_blank",2,1,"doches-last_blank","doches",1,0,0,1,"pas cher","padoches"
506,"first_blank","first_blank-pas","pas",2,112,"first_blank-ser","ser",111,1,0,1,"passé","sersé"
555,"se","se-port","port",3,1,"se-rand","rand",1,0,0,1,"passeport","passerand"
715,"first_blank","first_blank-pas","pas",2,112,"first_blank-chi","chi",113,1,0,1,"passion","chision"
909,"thé","thé-tique","tique",3,5,"thé-caire","caire",2,3,0,1,"pathétique","pathécaire"
901,"trouille","trouille-last_blank","last_blank",2,2,"douilles-last_blank","douilles",2,0,0,1,"patrouille","padouilles"
274,"pa","pa-us","us",1,2,"pa-ck","ck",2,0,0,1,"pause","packe"
425,"pe","pe-in","in",1,11,"pe-lo","lo",11,0,0,1,"peintre","pelotre"
625,"pé","pé-nis","nis",2,1,"pé-rai","rai",1,0,0,1,"pénis","pérai"
63,"ns","ns-e","e",1,6,"rb-e","rb",6,0,0,1,"pense","perbe"
308,"first_blank","first_blank-pè","pè",1,22,"first_blank-ay","ay",22,0,0,1,"père","ayre"
268,"mance","mance-last_blank","last_blank",3,4,"boule-last_blank","boule",4,0,0,1,"performance","perforboule"
853,"mètre","mètre-last_blank","last_blank",3,20,"tille-last_blank","tille",20,0,0,1,"périmètre","péritille"
418,"té","té-last_blank","last_blank",5,917,"té-moignent","moignent",1,916,2,4,"personnalité","personnalitémoignent"
153,"tit","tit-last_blank","last_blank",2,34,"sey-last_blank","sey",34,0,0,1,"petit","pesey"
588,"jeu","jeu-ner","ner",5,2,"billon-ner","billon",1,1,3,1,"petit-déjeuner","petitdébillonner"
140,"ur","ur-last_blank","last_blank",1,56,"ez-last_blank","ez",56,0,0,1,"peur","peez"
590,"first_blank","first_blank-pho","pho",2,44,"first_blank-bla","bla",44,0,0,1,"photo","blato"
21,"graphe","graphe-last_blank","last_blank",3,22,"nettes-last_blank","nettes",22,0,0,3,"photographe","photonettes"
319,"ph","ph-ra","ra",1,2,"ro-ra","ro",2,0,0,1,"phrase","rorase"
266,"first_blank","first_blank-phy","phy",2,18,"first_blank-vas","vas",18,0,0,1,"physique","vassique"
892,"pi","pi-èc","èc",1,2,"pi-dé","dé",2,0,0,1,"pièce","pidée"
675,"lote","lote-last_blank","last_blank",2,11,"mets-last_blank","mets",11,0,0,1,"pilote","pimets"
754,"pi","pi-lule","lule",2,1,"pi-lées","lées",1,0,0,1,"pilule","pilées"
115,"pi","pi-tié","tié",2,1,"pi-dou","dou",1,0,0,1,"pitié","pidou"
226,"ca","ca-tion","tion",5,85,"ca-pables","pables",2,83,2,1,"planification","planificapables"
40,"plas","plas-tique","tique",2,1,"guis-tique","guis",1,0,0,1,"plastique","guistique"
34,"forme","forme-last_blank","last_blank",3,12,"daire-last_blank","daire",12,0,0,1,"plate-forme","platedaire"
999,"first_blank","first_blank-plau","plau",2,2,"first_blank-perl","perl",2,0,0,1,"plausible","perlsible"
732,"first_blank","first_blank-pl","pl",1,164,"first_blank-ru","ru",164,0,0,1,"plein","ruein"
877,"êl","êl-e","e",1,3,"nj-e","nj",3,0,0,1,"poêle","ponje"
291,"po","po-èm","èm",1,2,"po-ré","ré",2,0,0,1,"poème","porée"
702,"inal","inal-last_blank","last_blank",3,1,"donn-last_blank","donn",1,0,0,1,"point final","point fdonn"
455,"first_blank","first_blank-pois","pois",2,10,"first_blank-joue","joue",10,0,0,1,"poisson","joueson"
873,"po","po-ker","ker",2,1,"po-séi","séi",1,0,0,1,"poker","poséi"
223,"cien","cien-last_blank","last_blank",4,32,"geais-last_blank","geais",32,0,1,1,"politicien","politigeais"
74,"li","li-tique","tique",3,4,"li-sions","sions",4,0,0,1,"politique","polisions"
564,"rc","rc-last_blank","last_blank",1,10,"nz-last_blank","nz",10,0,0,1,"porc","ponz"
26,"rt","rt-last_blank","last_blank",1,38,"ir-last_blank","ir",38,0,0,1,"port","poir"
225,"tail","tail-last_blank","last_blank",2,9,"mard-last_blank","mard",9,0,0,1,"portail","pormard"
396,"rt","rt-e","e",1,18,"ag-e","ag",18,0,0,1,"porte","poage"
553,"feuille","feuille-last_blank","last_blank",3,3,"veillés-last_blank","veillés",3,0,0,1,"portefeuille","porteveillés"
739,"si","si-tion","tion",3,38,"si-gner","gner",7,31,0,1,"position","posigner"
586,"té","té-last_blank","last_blank",5,917,"té-moignent","moignent",1,916,2,4,"possibilité","possibilitémoignent"
552,"uc","uc-e","e",1,6,"ns-e","ns",6,0,0,1,"pouce","ponse"
500,"first_blank","first_blank-pous","pous",2,36,"first_blank-équi","équi",36,0,0,1,"poussière","équisière"
791,"reux","reux-last_blank","last_blank",3,33,"more-last_blank","more",33,0,0,1,"poussiéreux","poussiémore"
811,"que","que-ment","ment",4,84,"que-naude","naude",2,82,1,1,"pratiquement","pratiquenaude"
228,"da","da-teur","teur",3,5,"da-niel","niel",5,0,0,1,"prédateur","prédaniel"
389,"pa","pa-rer","rer",3,10,"pa-tion","tion",11,1,1,1,"préparer","prépation"
42,"sident","sident-last_blank","last_blank",2,4,"mulent-last_blank","mulent",4,0,0,1,"président","prémulent"
522,"pr","pr-es","es",1,13,"us-es","us",13,0,0,1,"presse","usesse"
235,"first_blank","first_blank-pres","pres",2,68,"first_blank-fran","fran",67,1,0,1,"pression","fransion"
736,"prê","prê-ter","ter",2,2,"cho-ter","cho",2,0,0,1,"prêter","choter"
456,"êt","êt-re","re",1,6,"ng-re","ng",6,0,0,1,"prêtre","prngre"
799,"eu","eu-ve","ve",1,7,"li-ve","li",7,0,0,1,"preuve","prlive"
848,"maire","maire-last_blank","last_blank",2,5,"mères-last_blank","mères",5,0,0,1,"primaire","primères"
326,"in","in-ce","ce",1,10,"in-ac","ac",10,0,0,1,"prince","prinac"
643,"first_blank","first_blank-pri","pri",2,79,"first_blank-mer","mer",80,1,0,1,"prison","merson"
493,"nier","nier-last_blank","last_blank",3,63,"dait-last_blank","dait",64,1,0,1,"prisonnier","prisondait"
896,"pr","pr-ix","ix",1,1,"pr-eq","eq",1,0,0,1,"prix","preq"
229,"bable","bable-last_blank","last_blank",2,3,"carne-last_blank","carne",3,0,0,1,"probable","procarne"
168,"ment","ment-last_blank","last_blank",4,1219,"tique-last_blank","tique",211,1008,1,1,"probablement","probabletique"
680,"blème","blème-last_blank","last_blank",2,2,"broke-last_blank","broke",2,0,0,1,"problème","probroke"
421,"dure","dure-last_blank","last_blank",3,9,"rish-last_blank","rish",9,0,0,1,"procédure","procérish"
441,"cu","cu-reur","reur",3,1,"cu-bits","bits",1,0,0,1,"procureur","procubits"
103,"tion","tion-last_blank","last_blank",3,1033,"ment-last_blank","ment",1219,186,0,1,"production","producment"
72,"pro","pro-duire","duire",2,2,"pro-prier","prier",2,0,0,1,"produire","proprier"
914,"pro","pro-duit","duit",2,2,"pro-prie","prie",2,0,0,1,"produit","proprie"
337,"pr","pr-of","of",1,2,"pr-ôn","ôn",2,0,0,1,"prof","prôn"
751,"fes","fes-seur","seur",3,1,"fes-tins","tins",1,0,0,1,"professeur","profestins"
387,"fes","fes-sion","sion",4,7,"fes-tants","tants",1,6,1,1,"professionnel","profestantsnel"
231,"gramme","gramme-last_blank","last_blank",2,22,"nistes-last_blank","nistes",22,0,0,4,"programme","pronistes"
609,"mettre","mettre-last_blank","last_blank",2,10,"mètres-last_blank","mètres",10,0,0,1,"promettre","promètres"
232,"taire","taire-last_blank","last_blank",3,86,"nique-last_blank","nique",87,1,0,1,"propriétaire","propriénique"
256,"cole","cole-last_blank","last_blank",3,9,"gant-last_blank","gant",9,0,0,1,"protocole","protogant"
683,"type","type-last_blank","last_blank",3,4,"blin-last_blank","blin",4,0,0,1,"prototype","protoblin"
967,"first_blank","first_blank-psy","psy",4,46,"first_blank-conti","conti",40,6,2,1,"psychologie","contichologie"
170,"gique","gique-last_blank","last_blank",4,52,"tants-last_blank","tants",50,2,0,1,"psychologique","psycholotants"
866,"blic","blic-last_blank","last_blank",2,2,"frit-last_blank","frit",2,0,0,1,"public","pufrit"
936,"first_blank","first_blank-qua","qua",3,66,"first_blank-pres","pres",68,2,1,1,"qualité","preslité"
777,"first_blank","first_blank-quar","quar",2,11,"first_blank-blas","blas",11,0,0,1,"quartier","blastier"
903,"éral","éral-last_blank","last_blank",5,1,"goisse-last_blank","goisse",1,0,2,1,"quartier général","quartier géngoisse"
306,"qu","qu-at","at",1,3,"bl-at","bl",3,0,0,1,"quatre","blatre"
294,"trième","trième-last_blank","last_blank",2,1,"fridge-last_blank","fridge",1,0,0,1,"quatrième","quafridge"
188," chose"," chose-last_blank","last_blank",3,1,"chives-last_blank","chives",1,0,0,1,"quelque chose","quelquechives"
92," part"," part-last_blank","last_blank",3,1,"phite-last_blank","phite",1,0,0,1,"quelque part","quelquephite"
993,"dia","dia-tion","tion",3,3,"dia-mant","mant",1,2,0,1,"radiation","radiamant"
905,"chir","chir-last_blank","last_blank",3,14,"sins-last_blank","sins",14,0,0,1,"rafraîchir","rafraîsins"
690,"ra","ra-ge","ge",1,11,"ra-di","di",11,0,0,1,"rage","radi"
731,"nable","nable-last_blank","last_blank",3,22,"rette-last_blank","rette",22,0,0,1,"raisonnable","raisonrette"
647,"de","de-ment","ment",4,29,"de-ville","ville",3,26,1,1,"rapidement","rapideville"
392," toi"," toi-last_blank","last_blank",4,1,"thyle-last_blank","thyle",1,0,1,1,"rappelles toi","rappellesthyle"
973,"re","re-ment","ment",3,69,"re-tour","tour",29,40,0,1,"rarement","raretour"
689,"bler","bler-last_blank","last_blank",3,29,"tins-last_blank","tins",29,0,0,1,"rassembler","rassemtins"
491,"ra","ra-t","t",1,5,"oo-t","oo",5,0,0,1,"rat","oot"
841,"aveur","aveur-last_blank","last_blank",4,1,"ryone-last_blank","ryone",1,0,0,1,"raton laveur","raton lryone"
353,"ac","ac-teur","teur",3,2,"ac-croc","croc",1,1,0,1,"réacteur","réaccroc"
363,"sa","sa-teur","teur",4,13,"sa-crées","crées",2,11,1,1,"réalisateur","réalisacrées"
200,"first_blank","first_blank-réa","réa",2,41,"first_blank-gri","gri",41,0,0,1,"réaliste","griliste"
148,"ment","ment-last_blank","last_blank",3,1219,"tion-last_blank","tion",1033,186,0,1,"récemment","récemtion"
709,"pense","pense-last_blank","last_blank",3,9,"viste-last_blank","viste",9,0,0,1,"récompense","récomviste"
749,"sance","sance-last_blank","last_blank",4,23,"riens-last_blank","riens",23,0,0,1,"reconnaissance","reconnaisriens"
565,"duire","duire-last_blank","last_blank",2,14,"cière-last_blank","cière",14,0,0,1,"réduire","récière"
302,"ré","ré-el","el",1,4,"ré-vè","vè",4,0,0,1,"réel","révè"
155,"re","re-gar","gar",3,29,"re-ront","ront",29,0,1,1,"regardez","rerontdez"
592,"icale","icale-last_blank","last_blank",6,1,"voyions-last_blank","voyions",1,0,2,1,"relation amicale","relation amvoyions"
213,"gion","gion-last_blank","last_blank",3,6,"nuer-last_blank","nuer",6,0,0,1,"religion","relinuer"
960,"quable","quable-last_blank","last_blank",3,3,"naille-last_blank","naille",3,0,0,1,"remarquable","remarnaille"
124,"cier","cier-last_blank","last_blank",3,40,"dale-last_blank","dale",40,0,0,1,"remercier","remerdale"
244,"cer","cer-last_blank","last_blank",3,91,"lant-last_blank","lant",89,2,1,1,"remplacer","remplalant"
299,"contre","contre-last_blank","last_blank",2,3,"nombre-last_blank","nombre",3,0,0,1,"rencontre","rennombre"
265,"trer","trer-last_blank","last_blank",3,41,"sive-last_blank","sive",41,0,0,1,"rencontrer","renconsive"
729,"ra","ra-tion","tion",4,106,"ra-peute","peute",5,101,1,1,"réparation","réparapeute"
797,"pas","pas-last_blank","last_blank",2,29,"tue-last_blank","tue",29,0,0,1,"repas","retue"
504,"ponse","ponse-last_blank","last_blank",2,3,"plexe-last_blank","plexe",3,0,0,1,"réponse","réplexe"
475,"ta","ta-tion","tion",4,119,"ta-chées","chées",3,116,1,1,"réputation","réputachées"
825,"sis","sis-ter","ter",3,8,"plan-ter","plan",5,3,1,1,"résister","réplanter"
234,"tau","tau-rant","rant",3,1,"tau-lier","lier",1,0,0,1,"restaurant","restaulier"
629,"res","res-ter","ter",2,3,"res-sée","sée",3,0,0,1,"rester","ressée"
807,"tat","tat-last_blank","last_blank",3,9,"vrer-last_blank","vrer",9,0,1,1,"résultat","résulvrer"
878,"ti","ti-rer","rer",3,4,"ti-quée","quée",4,0,1,1,"retirer","retiquée"
459,"re","re-tour","tour",3,29,"re-rais","rais",29,0,0,1,"retourner","reraisner"
997,"sir","sir-last_blank","last_blank",2,19,"bré-last_blank","bré",19,0,0,1,"réussir","réusbré"
486,"rê","rê-ver","ver",2,1,"rê-tés","tés",1,0,0,1,"rêver","rêtés"
412,"ri","ri-ch","ch",1,3,"ri-eu","eu",3,0,0,1,"riche","rieue"
814,"chesse","chesse-last_blank","last_blank",2,3,"ciente-last_blank","ciente",3,0,0,1,"richesse","riciente"
417,"ri","ri-re","re",1,4,"ri-ct","ct",4,0,0,1,"rire","rict"
280,"ro","ro-b","b",1,1,"ab-b","ab",1,0,0,1,"rob","abb"
620,"ro","ro-be","be",1,3,"ro-ut","ut",3,0,0,1,"robe","rout"
330,"ro","ro-i","i",1,1,"nf-i","nf",1,0,0,1,"roi","nfi"
89,"man","man-tique","tique",3,2,"man-dante","dante",2,0,0,1,"romantique","romandante"
727,"me","me-last_blank","last_blank",1,114,"gé-last_blank","gé",114,0,0,1,"rome","rogé"
255,"ya","ya-um","um",1,2,"éc-um","éc",2,0,0,1,"royaume","roécume"
502,"ru","ru-e","e",1,1,"ël-e","ël",1,0,0,1,"rue","ële"
67,"ru","ru-el","el",1,2,"ru-ti","ti",2,0,0,1,"ruelle","rutile"
762,"ndrer","ndrer-last_blank","last_blank",3,1,"draic-last_blank","draic",1,0,0,1,"s'effondrer","s'effodraic"
60,"éter","éter-last_blank","last_blank",3,1,"taya-last_blank","taya",1,0,0,1,"s'inquiéter","s'inquitaya"
696,"sa","sa-bl","bl",1,2,"sa-ck","ck",2,0,0,1,"sable","sacke"
970,"bo","bo-tage","tage",3,1,"bo-réal","réal",1,0,0,1,"sabotage","saboréal"
395,"sa","sa-c","c",1,1,"er-c","er",1,0,0,1,"sac","erc"
277,"lade","lade-last_blank","last_blank",2,13,"nise-last_blank","nise",13,0,0,1,"salade","sanise"
998,"sa","sa-le","le",1,5,"eu-le","eu",5,0,0,1,"sale","eule"
602,"e bain","e bain-last_blank","last_blank",4,1,"treuil-last_blank","treuil",1,0,0,1,"salle de bain","salle dtreuil"
62,"luer","luer-last_blank","last_blank",2,8,"kies-last_blank","kies",8,0,0,1,"saluer","sakies"
185,"raï","raï-last_blank","last_blank",3,2,"sort-last_blank","sort",2,0,1,1,"samouraï","samousort"
868,"aleur","aleur-last_blank","last_blank",3,1,"veque-last_blank","veque",1,0,0,1,"sans valeur","sans vveque"
431,"lite","lite-last_blank","last_blank",3,20,"tras-last_blank","tras",20,0,0,1,"satellite","sateltras"
71,"uc","uc-e","e",1,6,"ns-e","ns",6,0,0,1,"sauce","sanse"
482,"sa","sa-ut","ut",1,5,"sa-ou","ou",5,0,0,1,"saut","saou"
135,"veur","veur-last_blank","last_blank",2,15,"rent-last_blank","rent",15,0,0,1,"sauveur","saurent"
241,"sa","sa-vait","vait",2,1,"sa-kabe","kabe",1,0,0,1,"savait","sakabe"
704,"first_blank","first_blank-scan","scan",2,27,"first_blank-écra","écra",27,0,0,1,"scandale","écradale"
118,"fique","fique-last_blank","last_blank",3,14,"gence-last_blank","gence",14,0,0,1,"scientifique","scientigence"
54," battre"," battre-last_blank","last_blank",2,1,"raîitre-last_blank","raîitre",1,0,0,2,"se battre","seraîitre"
728,"cu","cu-rise","rise",3,1,"cu-bain","bain",1,0,0,1,"sécurise","sécubain"
547,"té","té-last_blank","last_blank",4,917,"té-moignent","moignent",1,916,2,5,"sécurité","sécuritémoignent"
766,"tion","tion-ner","ner",4,26,"hotch-ner","hotch",1,25,1,1,"sélectionner","sélechotchner"
464,"maine","maine-last_blank","last_blank",2,12,"dable-last_blank","dable",12,0,0,1,"semaine","sedable"
209,"sé","sé-nat","nat",2,1,"sé-rée","rée",1,0,0,1,"sénat","sérée"
333,"na","na-teur","teur",3,17,"na-lise","lise",6,11,0,1,"sénateur","sénalise"
879,"sible","sible-last_blank","last_blank",2,36,"nière-last_blank","nière",36,0,0,1,"sensible","sennière"
143,"ti","ti-ment","ment",3,13,"ti-fier","fier",15,2,0,1,"sentiment","sentifier"
443,"tir","tir-last_blank","last_blank",2,46,"mon-last_blank","mon",46,0,0,1,"sentir","senmon"
917,"ringue","ringue-last_blank","last_blank",2,2,"grange-last_blank","grange",2,0,0,1,"seringue","segrange"
509,"ser","ser-ment","ment",2,1,"ser-teur","teur",1,0,0,1,"serment","serteur"
865,"mon","mon-last_blank","last_blank",2,46,"dit-last_blank","dit",46,0,0,1,"sermon","serdit"
939,"pent","pent-last_blank","last_blank",2,3,"tems-last_blank","tems",3,0,0,1,"serpent","sertems"
708,"veuse","veuse-last_blank","last_blank",2,11,"pelle-last_blank","pelle",11,0,0,1,"serveuse","serpelle"
530,"viette","viette-last_blank","last_blank",2,2,"vestre-last_blank","vestre",2,0,0,1,"serviette","servestre"
524,"vi","vi-teur","teur",3,1,"vi-cale","cale",1,0,0,1,"serviteur","servicale"
828,"first_blank","first_blank-sif","sif",2,19,"first_blank-wes","wes",19,0,0,1,"siffler","wesfler"
577,"gnal","gnal-last_blank","last_blank",2,2,"stas-last_blank","stas",2,0,0,1,"signal","sistas"
941,"gna","gna-ture","ture",3,1,"gna-gnas","gnas",1,0,0,1,"signature","signagnas"
116,"gner","gner-last_blank","last_blank",2,47,"niez-last_blank","niez",47,0,0,1,"signer","siniez"
655,"lence","lence-last_blank","last_blank",2,15,"dents-last_blank","dents",15,0,0,1,"silence","sidents"
906,"nistre","nistre-last_blank","last_blank",2,3,"diaire-last_blank","diaire",3,0,0,1,"sinistre","sidiaire"
90,"ro","ro-ter","ter",3,3,"ro-prac","prac",3,0,1,1,"siroter","siroprac"
438,"cié","cié-té","té",3,1,"équi-té","équi",1,0,1,1,"société","soéquité"
407,"soi","soi-rée","rée",2,1,"rié-rée","rié",1,0,0,1,"soirée","riérée"
952,"so","so-laire","laire",2,1,"so-léeje","léeje",1,0,0,1,"solaire","soléeje"
768,"leil","leil-last_blank","last_blank",2,1,"vese-last_blank","vese",1,0,0,1,"soleil","sovese"
8,"taire","taire-last_blank","last_blank",3,86,"nique-last_blank","nique",87,1,0,1,"solitaire","solinique"
248,"meil","meil-last_blank","last_blank",2,2,"muée-last_blank","muée",2,0,0,1,"sommeil","sommuée"
847,"so","so-nd","nd",1,3,"ha-nd","ha",3,0,0,1,"sonde","hande"
376,"first_blank","first_blank-son","son",2,55,"first_blank-far","far",55,0,0,1,"sonner","farner"
160,"cier","cier-last_blank","last_blank",2,40,"gnez-last_blank","gnez",40,0,0,1,"sorcier","sorgnez"
561,"cière","cière-last_blank","last_blank",2,14,"cient-last_blank","cient",14,0,0,1,"sorcière","sorcient"
83,"hai","hai-ter","ter",3,1,"ajou-ter","ajou",1,0,1,1,"souhaiter","souajouter"
477,"ur","ur-d","d",1,2,"in-d","in",2,0,0,1,"sourd","soind"
276,"vent","vent-last_blank","last_blank",2,1,"meon-last_blank","meon",1,0,0,1,"souvent","soumeon"
965,"ghet","ghet-ti","ti",3,2,"kris-ti","kris",2,0,0,1,"spaghetti","spakristi"
492,"cia","cia-liste","liste",3,3,"cia-tions","tions",4,1,0,1,"spécialiste","spéciations"
984,"laire","laire-last_blank","last_blank",4,66,"field-last_blank","field",60,6,0,1,"spectaculaire","spectacufield"
887,"sp","sp-or","or",1,4,"ré-or","ré",4,0,0,1,"sport","réort"
39,"first_blank","first_blank-st","st",1,222,"first_blank-jo","jo",222,0,0,1,"star","joar"
744,"sta","sta-tion","tion",2,11,"rec-tion","rec",11,0,0,1,"station","rection"
580,"tue","tue-last_blank","last_blank",2,29,"pas-last_blank","pas",29,0,0,1,"statue","stapas"
505,"first_blank","first_blank-stra","stra",3,23,"first_blank-bron","bron",22,1,0,1,"stratégie","brontégie"
842,"first_blank","first_blank-struc","struc",2,10,"first_blank-désho","désho",10,0,0,3,"structure","déshoture"
177,"first_blank","first_blank-stu","stu",2,30,"first_blank-brû","brû",30,0,0,1,"stupide","brûpide"
743,"first_blank","first_blank-stu","stu",4,30,"first_blank-échan","échan",29,1,2,1,"stupidité","échanpidité"
250,"yl","yl-e","e",1,10,"av-e","av",10,0,0,1,"style","stave"
633,"sty","sty-lo","lo",2,1,"uro-lo","uro",1,0,0,1,"stylo","urolo"
95,"fi","fi-sant","sant",3,2,"fi-cher","cher",2,0,0,1,"suffisant","sufficher"
912,"first_blank","first_blank-sug","sug",3,29,"first_blank-traî","traî",29,0,1,1,"suggérer","traîgérer"
691,"pé","pé-rieur","rieur",3,1,"pé-diait","diait",1,0,0,1,"supérieur","supédiait"
61,"si","si-tion","tion",4,38,"si-dente","dente",4,34,1,1,"supposition","supposidente"
204,"su","su-r","r",1,1,"io-r","io",1,0,0,1,"sur","ior"
839,"face","face-last_blank","last_blank",2,10,"ckle-last_blank","ckle",10,0,0,1,"surface","surckle"
262,"veiller","veiller-last_blank","last_blank",2,4,"sailles-last_blank","sailles",4,0,0,1,"surveiller","sursailles"
460,"vivre","vivre-last_blank","last_blank",2,2,"neure-last_blank","neure",2,0,0,1,"survivre","surneure"
86,"first_blank","first_blank-sus","sus",2,55,"first_blank-fan","fan",55,0,0,1,"suspect","fanpect"
111,"bole","bole-last_blank","last_blank",2,6,"gere-last_blank","gere",6,0,0,1,"symbole","symgere"
287,"first_blank","first_blank-syn","syn",2,47,"first_blank-cré","cré",47,0,0,1,"syndrome","crédrome"
612,"first_blank","first_blank-sys","sys",2,14,"first_blank-tho","tho",14,0,0,1,"système","thotème"
649,"ta","ta-lent","lent",2,1,"ta-dins","dins",1,0,0,1,"talent","tadins"
635,"pis","pis-last_blank","last_blank",2,9,"lem-last_blank","lem",9,0,0,1,"tapis","talem"
659,"first_blank","first_blank-tech","tech",2,18,"first_blank-éter","éter",18,0,0,1,"technique","éternique"
36,"phone","phone-last_blank","last_blank",3,22,"tance-last_blank","tance",22,0,0,1,"téléphone","télétance"
445,"vi","vi-sion","sion",4,29,"vi-vante","vante",2,27,1,1,"télévision","télévivante"
473,"gnage","gnage-last_blank","last_blank",3,3,"nores-last_blank","nores",3,0,0,1,"témoignage","témoinores"
551,"ra","ra-ture","ture",4,4,"ra-geant","geant",3,1,1,1,"température","tempérageant"
404,"ten","ten-nis","nis",2,2,"ten-ham","ham",2,0,0,1,"tennis","tenham"
304,"tive","tive-last_blank","last_blank",3,119,"rant-last_blank","rant",120,1,0,1,"tentative","tentarant"
94,"ner","ner-last_blank","last_blank",3,419,"ront-last_blank","ront",429,10,1,1,"terminer","termiront"
381,"te","te-st","st",1,5,"te-ly","ly",5,0,0,1,"test","tely"
615,"th","th-éâ","éâ",1,2,"th-èm","èm",2,0,0,1,"théâtre","thèmtre"
354,"first_blank","first_blank-théo","théo",2,18,"first_blank-shan","shan",18,0,0,1,"théorie","shanrie"
391,"ti","ti-rer","rer",2,4,"ti-san","san",4,0,0,1,"tirer","tisan"
742,"'élite","'élite-last_blank","last_blank",4,1,"liance-last_blank","liance",1,0,0,1,"tireur d'élite","tireur dliance"
801,"first_blank","first_blank-tis","tis",2,13,"first_blank-hun","hun",13,0,0,1,"tissu","hunsu"
178,"ti","ti-tr","tr",1,2,"et-tr","et",2,0,0,1,"titre","ettre"
928,"first_blank","first_blank-toi","toi",2,9,"first_blank-aya","aya",9,0,0,1,"toilettes","ayalettes"
750,"to","to-mate","mate",2,2,"to-raux","raux",2,0,0,1,"tomate","toraux"
151,"nerre","nerre-last_blank","last_blank",2,2,"gesse-last_blank","gesse",2,0,0,1,"tonnerre","tongesse"
942,"nade","nade-last_blank","last_blank",2,16,"guée-last_blank","guée",16,0,0,1,"tornade","torguée"
991,"tue","tue-last_blank","last_blank",2,29,"pas-last_blank","pas",29,0,0,1,"tortue","torpas"
752,"tor","tor-ture","ture",2,1,"cla-ture","cla",1,0,0,1,"torture","clature"
9,"jours","jours-last_blank","last_blank",2,8,"lures-last_blank","lures",8,0,0,1,"toujours","toulures"
305,"tour","tour-ner","ner",2,3,"chai-ner","chai",2,1,0,2,"tourner","chainer"
175,"di","di-tion","tion",4,32,"di-cales","cales",3,29,1,1,"traditionnel","tradicalesnel"
258,"tra","tra-gique","gique",2,1,"tra-cisme","cisme",1,0,0,1,"tragique","tracisme"
489,"trai","trai-te","te",3,13,"quit-te","quit",12,1,0,1,"traitement","quittement"
401,"ai","ai-tr","tr",1,3,"ai-rs","rs",3,0,0,1,"traitre","trairse"
176,"fert","fert-last_blank","last_blank",2,4,"plit-last_blank","plit",4,0,0,1,"transfert","transplit"
677,"vailler","vailler-last_blank","last_blank",2,2,"drilles-last_blank","drilles",2,0,0,1,"travailler","tradrilles"
102,"ès","ès-last_blank","last_blank",1,7,"uk-last_blank","uk",7,0,0,1,"très","truk"
653,"angle","angle-last_blank","last_blank",2,1,"sogne-last_blank","sogne",1,0,0,1,"triangle","trisogne"
679,"mestre","mestre-last_blank","last_blank",2,3,"contre-last_blank","contre",3,0,0,1,"trimestre","tricontre"
734,"pler","pler-last_blank","last_blank",2,12,"lore-last_blank","lore",12,0,0,1,"tripler","trilore"
195,"tr","tr-oi","oi",1,4,"tr-im","im",4,0,0,1,"trois","trims"
75,"tr","tr-ôn","ôn",1,2,"tr-ue","ue",2,0,0,1,"trône","truee"
70,"ou","ou-last_blank","last_blank",1,18,"gh-last_blank","gh",18,0,0,1,"trou","trgh"
442,"ver","ver-last_blank","last_blank",2,128,"nés-last_blank","nés",128,0,0,1,"trouver","trounés"
222,"tu","tu-er","er",1,2,"tu-rt","rt",2,0,0,1,"tuer","turt"
514,"tun","tun-nel","nel",2,1,"gio-nel","gio",1,0,0,1,"tunnel","gionel"
875,"first_blank","first_blank-tu","tu",1,151,"first_blank-ge","ge",151,0,0,1,"tuyau","geyau"
996,"time","time-last_blank","last_blank",2,19,"tard-last_blank","tard",19,0,0,1,"ultime","ultard"
147,"amion","amion-last_blank","last_blank",3,1,"saims-last_blank","saims",1,0,0,1,"un camion","un csaims"
212,"ement","ement-last_blank","last_blank",4,1,"phill-last_blank","phill",1,0,0,1,"un événement","un événphill"
487,"rnal","rnal-last_blank","last_blank",3,1,"choï-last_blank","choï",1,0,0,1,"un journal","un jouchoï"
314,"ssage","ssage-last_blank","last_blank",3,1,"çoire-last_blank","çoire",1,0,0,1,"un message","un meçoire"
714,"alaire","alaire-last_blank","last_blank",3,1,"vrance-last_blank","vrance",1,0,0,1,"un salaire","un svrance"
978,"oda","oda-last_blank","last_blank",3,1,"menc-last_blank","menc",1,0,1,1,"un soda","un smenc"
979,"nçon","nçon-last_blank","last_blank",3,1,"prix-last_blank","prix",1,0,0,1,"une rançon","une raprix"
697,"first_blank","first_blank-uni","uni",2,47,"first_blank-cré","cré",47,0,0,1,"uniforme","créforme"
461,"un","un-iq","iq",1,2,"un-ge","ge",2,0,0,1,"unique","ungeue"
356,"uni","uni-ver","ver",4,12,"mckee-ver","mckee",1,11,2,1,"université","mckeeversité"
661,"gence","gence-last_blank","last_blank",2,14,"verse-last_blank","verse",14,0,0,1,"urgence","urverse"
542,"in","in-e","e",1,41,"tt-e","tt",41,0,0,1,"urine","urtte"
16,"first_blank","first_blank-uti","uti",3,39,"first_blank-cher","cher",39,0,1,1,"utiliser","cherliser"
96,"va","va-last_blank","last_blank",1,89,"e -last_blank","e ",42,47,0,1,"va","e "
46,"cances","cances-last_blank","last_blank",2,1,"zarres-last_blank","zarres",1,0,0,1,"vacances","vazarres"
15,"cin","cin-last_blank","last_blank",2,11,"rot-last_blank","rot",11,0,0,1,"vaccin","vacrot"
32,"lise","lise-last_blank","last_blank",2,53,"vait-last_blank","vait",53,0,0,2,"valise","vavait"
82,"val","val-lée","lée",2,1,"gna-lée","gna",1,0,0,1,"vallée","gnalée"
535,"first_blank","first_blank-vam","vam",2,6,"first_blank-gib","gib",6,0,0,1,"vampire","gibpire"
300,"va","va-n","n",1,1,"ão-n","ão",1,0,0,1,"van","ãon"
968,"nille","nille-last_blank","last_blank",2,9,"trale-last_blank","trale",9,0,0,1,"vanille","vatrale"
368,"first_blank","first_blank-ve","ve",1,204,"first_blank-go","go",204,0,0,1,"vendre","gondre"
933,"la","la-tion","tion",4,71,"la-porte","porte",2,69,1,1,"ventilation","ventilaporte"
166,"vé","vé-nus","nus",2,1,"vé-lée","lée",1,0,0,1,"vénus","vélée"
857,"ri","ri-fier","fier",3,7,"ri-ront","ront",7,0,0,1,"vérifier","vériront"
420,"first_blank","first_blank-ve","ve",1,204,"first_blank-ni","ni",204,0,0,1,"veste","niste"
888,"vi","vi-an","an",1,2,"vi-be","be",2,0,0,1,"viande","vibede"
726,"déo","déo-last_blank","last_blank",2,3,"guë-last_blank","guë",3,0,0,1,"vidéo","viguë"
17,"en","en-s","s",1,18,"it-s","it",18,0,0,1,"viens","viits"
4,"vi","vi-h","h",1,1,"åd-h","åd",1,0,0,1,"vih","ådh"
769,"lage","lage-last_blank","last_blank",2,28,"lets-last_blank","lets",28,0,0,1,"village","villets"
651,"first_blank","first_blank-vi","vi",1,489,"first_blank-al","al",489,0,0,1,"ville","allle"
249,"sion","sion-last_blank","last_blank",2,159,"cher-last_blank","cher",160,1,0,2,"vision","vicher"
789,"mine","mine-last_blank","last_blank",3,44,"vais-last_blank","vais",44,0,0,1,"vitamine","vitavais"
446,"first_blank","first_blank-vi","vi",1,489,"first_blank-al","al",489,0,0,1,"vite","alte"
85,"vi","vi-tesse","tesse",2,1,"vi-dence","dence",1,0,0,1,"vitesse","vidence"
316,"first_blank","first_blank-vod","vod",2,2,"first_blank-tym","tym",2,0,0,1,"vodka","tymka"
568,"vo","vo-l","l",1,1,"ns-l","ns",1,0,0,1,"vol","nsl"
149,"vo","vo-ler","ler",2,4,"vo-que","que",5,1,0,1,"voler","voque"
827,"re","re-ment","ment",5,69,"re-parles","parles",1,68,2,1,"volontairement","volontaireparles"
783,"vo","vo-ter","ter",2,3,"vo-qué","qué",3,0,0,1,"voter","voqué"
1,"first_blank","first_blank-vrai","vrai",2,5,"first_blank-bret","bret",5,0,0,1,"vraiment","bretment"
795,"first_blank","first_blank-wat","wat",2,15,"first_blank-goo","goo",15,0,0,1,"watson","gooson"
630,"zo","zo-ne","ne",1,2,"yn-ne","yn",2,0,0,1,"zone","ynne"
