"word_id","first","original_pair","second","syll","original_freq","replacement_pair","replacement_syll","replacement_freq","freq_diff","char_diff","letter_diff","original_word","replacement_word"
28,"first_blank","first_blank-à ","à ",1,1,"first_blank-uw","uw",1,0,0,1,"à l'aise","uwl'aise"
1,"first_blank","first_blank-à l'","à l'",3,1,"first_blank-karl","karl",1,0,0,1,"à l'extérieur","karlextérieur"
309,"first_blank","first_blank-à l","à l",2,1,"first_blank-ozy","ozy",1,0,0,1,"à la mode","ozya mode"
198,"ésent","ésent-last_blank","last_blank",2,1,"seins-last_blank","seins",1,0,0,1,"à présent","à prseins"
413,"ab","ab-ei","ei",1,2,"ab-im","im",2,0,0,1,"abeille","abimlle"
490,"ment","ment-last_blank","last_blank",6,1219,"triques-last_blank","triques",15,1204,3,1,"accidentellement","accidentelletriques"
388,"cueil","cueil-last_blank","last_blank",2,3,"nuait-last_blank","nuait",3,0,0,1,"accueil","acnuait"
976,"ache","ache-ter","ter",2,1,"chou-ter","chou",1,0,0,1,"acheter","chouter"
18,"ac","ac-tif","tif",2,7,"ac-cla","cla",8,1,0,1,"actif","accla"
84,"mettre","mettre-last_blank","last_blank",2,10,"mètres-last_blank","mètres",10,0,0,1,"admettre","admètres"
439,"tra","tra-tion","tion",5,14,"tra-çables","çables",2,12,2,1,"administration","administraçables"
46,"mi","mi-rer","rer",3,1,"mi-nute","nute",1,0,1,1,"admirer","adminute"
316,"ad","ad-n","n",1,1,"éa-n","éa",1,0,0,1,"adn","éan"
21,"cent","cent-last_blank","last_blank",3,15,"nois-last_blank","nois",15,0,0,1,"adolescent","adolesnois"
683,"ad","ad-ul","ul",1,4,"ad-ja","ja",4,0,0,1,"adulte","adjate"
700,"fi","fi-cher","cher",3,2,"fi-nite","nite",2,0,0,1,"afficher","affinite"
35,"af","af-ri","ri",1,1,"af-is","is",1,0,0,1,"afrique","afisque"
265,"ag","ag-en","en",1,5,"uv-en","uv",5,0,0,1,"agent","uvent"
98,"ré","ré-ab","ab",1,2,"gr-ab","gr",2,0,0,1,"agréable","aggrable"
29,"ai","ai-der","der",2,1,"ai-man","man",1,0,0,1,"aider","aiman"
858,"guille","guille-last_blank","last_blank",2,2,"vaillé-last_blank","vaillé",2,0,0,1,"aiguille","aivaillé"
668,"ai","ai-l","l",1,6,"ou-l","ou",5,1,0,1,"ail","oul"
779,"rs","rs-last_blank","last_blank",1,88,"pé-last_blank","pé",88,0,0,1,"ailleurs","ailleupé"
680,"ai","ai-r","r",1,7,"xe-r","xe",8,1,0,1,"air","xer"
149,"bum","bum-last_blank","last_blank",2,1,"pec-last_blank","pec",1,0,0,1,"album","alpec"
30,"al","al-er","er",1,4,"nc-er","nc",4,0,0,1,"alerte","ncerte"
587,"ta","ta-tion","tion",4,119,"ta-chées","chées",3,116,1,1,"alimentation","alimentachées"
808,"first_blank","first_blank-ali","ali",2,42,"first_blank-bor","bor",42,0,0,1,"aliments","borments"
762,"first_blank","first_blank-ama","ama",2,41,"first_blank-nar","nar",41,0,0,1,"amateur","narteur"
622,"sade","sade-last_blank","last_blank",3,9,"dors-last_blank","dors",9,0,0,1,"ambassade","ambasdors"
623,"sa","sa-deur","deur",4,1,"sa-luais","luais",1,0,1,1,"ambassadeur","ambassaluais"
454,"bu","bu-lance","lance",3,1,"bu-veuse","veuse",1,0,0,1,"ambulance","ambuveuse"
344,"âm","âm-e","e",1,2,"êp-e","êp",2,0,0,1,"âme","êpe"
328,"lyste","lyste-last_blank","last_blank",2,2,"chote-last_blank","chote",2,0,0,1,"analyste","anachote"
130,"first_blank","first_blank-anar","anar",2,6,"first_blank-égra","égra",6,0,0,1,"anarchie","égrachie"
770,"first_blank","first_blank-ana","ana",3,56,"first_blank-trou","trou",57,1,1,1,"anatomie","troutomie"
649,"cr","cr-e","e",1,8,"ié-e","ié",8,0,0,1,"ancre","aniée"
163,"first_blank","first_blank-ân","ân",1,4,"first_blank-nè","nè",4,0,0,1,"âne","nèe"
270,"ge","ge-last_blank","last_blank",1,71,"za-last_blank","za",73,2,0,1,"ange","anza"
416,"glais","glais-last_blank","last_blank",2,3,"plane-last_blank","plane",3,0,0,1,"anglais","anplane"
237,"saire","saire-last_blank","last_blank",4,12,"quets-last_blank","quets",12,0,0,1,"anniversaire","anniverquets"
475,"nyme","nyme-last_blank","last_blank",2,6,"dice-last_blank","dice",6,0,0,1,"anonyme","anodice"
970,"ti","ti-dote","dote",3,1,"ti-tans","tans",1,0,0,1,"antidote","antitans"
616,"pa","pa-reil","reil",5,2,"pa-niques","niques",2,0,2,1,"appareil photo","appaniques photo"
913,"pel","pel-last_blank","last_blank",2,13,"bas-last_blank","bas",13,0,0,1,"appel","apbas"
967,"quer","quer-last_blank","last_blank",3,100,"land-last_blank","land",98,2,0,1,"appliquer","appliland"
336,"por","por-ter","ter",3,14,"ches-ter","ches",10,4,1,1,"apporter","apchester"
331,"prendre","prendre-last_blank","last_blank",2,8,"riennes-last_blank","riennes",8,0,0,3,"apprendre","apriennes"
484,"first_blank","first_blank-arai","arai",2,3,"first_blank-préa","préa",3,0,0,1,"araignée","préagnée"
146,"èn","èn-e","e",1,6,"rb-e","rb",6,0,0,1,"arène","arrbe"
816,"ar","ar-rière","rière",2,1,"ar-tille","tille",1,0,0,1,"arrière","artille"
255,"vée","vée-last_blank","last_blank",3,49,"drai-last_blank","drai",49,0,1,1,"arrivée","arridrai"
60,"se","se-nal","nal",3,1,"se-gers","gers",1,0,1,1,"arsenal","arsegers"
567,"ar","ar-t","t",1,12,"gh-t","gh",14,2,0,1,"art","ght"
607,"fact","fact-last_blank","last_blank",3,2,"lome-last_blank","lome",2,0,0,1,"artefact","artelome"
957,"ticle","ticle-last_blank","last_blank",2,1,"tompe-last_blank","tompe",1,0,0,1,"article","artompe"
695,"tiste","tiste-last_blank","last_blank",2,25,"cieux-last_blank","cieux",25,0,0,2,"artiste","arcieux"
636,"rine","rine-last_blank","last_blank",3,33,"leur-last_blank","leur",33,0,0,1,"aspirine","aspileur"
898,"as","as-sez","sez",2,1,"as-par","par",1,0,0,1,"assez","aspar"
712,"naute","naute-last_blank","last_blank",3,4,"fense-last_blank","fense",4,0,0,1,"astronaute","astrofense"
426,"first_blank","first_blank-ate","ate",2,2,"first_blank-ell","ell",2,0,0,1,"atelier","elllier"
660,"first_blank","first_blank-ato","ato",2,7,"first_blank-rad","rad",7,0,0,1,"atomique","radmique"
73,"tendre","tendre-last_blank","last_blank",2,7,"geable-last_blank","geable",7,0,0,2,"attendre","atgeable"
74,"ten","ten-tion","tion",3,24,"ten-berg","berg",3,21,0,1,"attention","attenberg"
153,"trac","trac-tif","tif",3,1,"haus-tif","haus",1,0,0,1,"attractif","athaustif"
738,"au","au- sen"," sen",3,1,"au-rons","rons",1,0,0,1,"au sens propre","auronss propre"
345,"dience","dience-last_blank","last_blank",2,2,"daigne-last_blank","daigne",2,0,0,1,"audience","audaigne"
796,"first_blank","first_blank-aug","aug",3,24,"first_blank-épou","épou",24,0,1,1,"augmenter","époumenter"
458,"'hui","'hui-last_blank","last_blank",3,1,"gotá-last_blank","gotá",1,0,0,1,"aujourd'hui","aujourdgotá"
16,"au","au-teur","teur",2,1,"au-toch","toch",2,1,0,1,"auteur","autoch"
40,"top","top-sie","sie",3,1,"bean-sie","bean",1,0,1,1,"autopsie","aubeansie"
47,"sa","sa-tion","tion",5,104,"sa-geable","geable",2,102,2,1,"autorisation","autorisageable"
542,"ser","ser-last_blank","last_blank",4,432,"ser-pillières","pillières",1,431,1,6,"autoriser","autoriserpillières"
575,"first_blank","first_blank-ava","ava",2,31,"first_blank-las","las",31,0,0,1,"avaler","lasler"
689,"first_blank","first_blank-ave","ave",2,13,"first_blank-you","you",13,0,0,1,"avenir","younir"
883,"av","av-eu","eu",1,5,"av-oi","oi",5,0,0,1,"aveugle","avoigle"
75,"first_blank","first_blank-av","av",1,92,"first_blank-gu","gu",92,0,0,1,"avis","guis"
756,"first_blank","first_blank-avo","avo",2,6,"first_blank-meh","meh",6,0,0,1,"avocat","mehcat"
962,"ba","ba-dg","dg",1,2,"ba-nq","nq",2,0,0,1,"badge","banqe"
178,"ba","ba-gu","gu",1,2,"ba-va","va",2,0,0,1,"bague","bavae"
729,"ba","ba-ie","ie",1,2,"ba-nq","nq",2,0,0,1,"baie","banq"
415,"nane","nane-last_blank","last_blank",2,4,"gars-last_blank","gars",4,0,0,1,"banane","bagars"
397,"caire","caire-last_blank","last_blank",2,10,"mante-last_blank","mante",10,0,0,1,"bancaire","banmante"
974,"nnonce","nnonce-last_blank","last_blank",3,1,"croute-last_blank","croute",1,0,0,1,"bande annonce","bande acroute"
498,"quier","quier-last_blank","last_blank",2,5,"suite-last_blank","suite",5,0,0,1,"banquier","bansuite"
188,"ba","ba-ron","ron",2,4,"ba-lei","lei",3,1,0,1,"baron","balei"
775,"se","se-last_blank","last_blank",1,167,"ly-last_blank","ly",167,0,0,1,"base","baly"
407,"ball","ball-last_blank","last_blank",3,21,"king-last_blank","king",21,0,0,1,"basket-ball","basketking"
323,"bé","bé-bé","bé",2,1,"bé-ryl","ryl",1,0,1,1,"bébé","béryl"
996,"vole","vole-last_blank","last_blank",3,4,"sues-last_blank","sues",4,0,0,1,"bénévole","bénésues"
41,"bê","bê-te","te",1,9,"er-te","er",9,0,0,1,"bête","erte"
14,"bé","bé-ton","ton",2,4,"bé-rée","rée",2,2,0,1,"béton","bérée"
568,"bi","bi-bl","bl",1,2,"bi-ni","ni",2,0,0,1,"bible","binie"
644,"thèque","thèque-last_blank","last_blank",3,5,"taille-last_blank","taille",5,0,0,1,"bibliothèque","bibliotaille"
582,"bi","bi-en","en",1,10,"bi-no","no",10,0,0,1,"bien","bino"
767,"bi","bi-en","en",1,10,"nd-en","nd",10,0,0,1,"biens","ndens"
690,"et","et-last_blank","last_blank",1,38,"ir-last_blank","ir",38,0,0,1,"billet","billir"
550,"bl","bl-an","an",1,8,"gr-an","gr",8,0,0,1,"blanche","granche"
106,"bles","bles-ser","ser",2,1,"cais-ser","cais",1,0,0,1,"blesser","caisser"
102,"first_blank","first_blank-bois","bois",2,4,"first_blank-cock","cock",4,0,0,1,"boisson","cockson"
834,"ît","ît-e","e",1,3,"ân-e","ân",3,0,0,1,"boîte","boâne"
66,"bo","bo-l","l",1,1,"oû-l","oû",1,0,0,1,"bol","oûl"
359,"mb","mb-e","e",1,4,"ût-e","ût",4,0,0,1,"bombe","boûte"
77,"jour","jour-last_blank","last_blank",2,17,"fort-last_blank","fort",17,0,0,1,"bonjour","bonfort"
654,"bo","bo-uc","uc",1,8,"bo-xe","xe",8,0,0,1,"bouche","boxehe"
54,"clier","clier-last_blank","last_blank",2,1,"rayer-last_blank","rayer",1,0,0,1,"bouclier","bourayer"
832,"bo","bo-ue","ue",1,5,"bo-to","to",5,0,0,1,"boue","boto"
941," toi"," toi-last_blank","last_blank",3,1,"zeck-last_blank","zeck",1,0,0,1,"bouge toi","bougezeck"
134,"sole","sole-last_blank","last_blank",2,4,"roux-last_blank","roux",4,0,0,1,"boussole","bousroux"
742,"bou","bou-ton","ton",2,11,"ver-ton","ver",5,6,0,1,"bouton","verton"
32,"bra","bra-vo","vo",2,1,"ner-vo","ner",1,0,0,1,"bravo","nervo"
694,"bri","bri-ser","ser",2,1,"bri-fié","fié",1,0,0,1,"briser","brifié"
285,"oy","oy-er","er",1,5,"pi-er","pi",5,0,0,1,"broyer","brpier"
879,"br","br-ui","ui",1,4,"ve-ui","ve",4,0,0,1,"bruit","veuit"
230,"first_blank","first_blank-bru","bru",2,55,"first_blank-son","son",55,0,0,1,"brutal","sontal"
547,"first_blank","first_blank-bud","bud",2,8,"first_blank-crè","crè",8,0,0,1,"budget","crèget"
48,"first_blank","first_blank-buis","buis",2,4,"first_blank-évin","évin",4,0,0,1,"buisson","évinson"
489,"bu","bu-t","t",1,1,"il-t","il",1,0,0,1,"but","ilt"
717,"bine","bine-last_blank","last_blank",2,20,"quin-last_blank","quin",20,0,0,1,"cabine","caquin"
928,"bi","bi-net","net",3,3,"bi-chon","chon",3,0,1,1,"cabinet","cabichon"
391,"câ","câ-bl","bl",1,2,"ya-bl","ya",2,0,0,1,"câble","yable"
764,"drier","drier-last_blank","last_blank",3,6,"manes-last_blank","manes",6,0,0,1,"calendrier","calenmanes"
87,"libre","libre-last_blank","last_blank",2,4,"shore-last_blank","shore",4,0,0,1,"calibre","cashore"
986,"mp","mp-last_blank","last_blank",1,20,"or-last_blank","or",20,0,0,1,"camp","caor"
306,"first_blank","first_blank-cam","cam",2,63,"first_blank-tou","tou",63,0,0,1,"campagne","toupagne"
658,"ca","ca-nal","nal",2,3,"ca-bos","bos",3,0,0,1,"canal","cabos"
305,"di","di-dat","dat",3,1,"di-nesh","nesh",1,0,1,1,"candidat","candinesh"
975,"ca","ca-nelle","nelle",2,1,"ca-dente","dente",1,0,0,1,"canelle","cadente"
128,"té","té-last_blank","last_blank",4,917,"té-moignent","moignent",1,916,2,5,"capacité","capacitémoignent"
987,"tale","tale-last_blank","last_blank",3,47,"niez-last_blank","niez",47,0,0,1,"capitale","capiniez"
878,"sule","sule-last_blank","last_blank",2,3,"rige-last_blank","rige",3,0,0,1,"capsule","caprige"
312,"cap","cap-teur","teur",2,1,"gna-teur","gna",1,0,0,1,"capteur","gnateur"
468,"bone","bone-last_blank","last_blank",2,7,"mour-last_blank","mour",7,0,0,1,"carbone","carmour"
387,"val","val-last_blank","last_blank",3,25,"tone-last_blank","tone",25,0,1,1,"carnaval","carnatone"
810,"rière","rière-last_blank","last_blank",2,17,"tisse-last_blank","tisse",17,0,0,1,"carrière","cartisse"
151,"ca","ca-sq","sq",1,2,"ca-ke","ke",2,0,0,1,"casque","cakeue"
165,"tho","tho-lique","lique",3,1,"tho-scope","scope",1,0,0,1,"catholique","cathoscope"
818,"mar","mar-last_blank","last_blank",3,35,"vées-last_blank","vées",35,0,1,1,"cauchemar","cauchevées"
63,"le","le-rie","rie",4,12,"le-ments","ments",6,6,2,1,"cavalerie","cavalements"
889,"bri","bri-té","té",4,2,"loyau-té","loyau",2,0,2,1,"célébrité","céléloyauté"
595,"ba","ba-taire","taire",4,3,"ba-foués","foués",1,2,0,1,"célibataire","célibafoués"
749,"cel","cel-lule","lule",2,1,"cel-lait","lait",1,0,0,1,"cellule","cellait"
736,"ce","ce-nd","nd",1,2,"ai-nd","ai",2,0,0,1,"cendre","aindre"
944,"first_blank","first_blank-ce","ce",1,116,"first_blank-th","th",116,0,0,1,"cercle","thrcle"
422,"cueil","cueil-last_blank","last_blank",2,3,"culte-last_blank","culte",3,0,0,1,"cercueil","cerculte"
143,"first_blank","first_blank-cer","cer",2,49,"first_blank-fré","fré",49,0,0,1,"cerveau","fréveau"
826,"cé","cé-sar","sar",2,1,"cé-pis","pis",1,0,0,1,"césar","cépis"
211,"ch","ch-aî","aî",1,2,"ch-âl","âl",2,0,0,1,"chaîne","châlne"
414,"reux","reux-last_blank","last_blank",3,33,"more-last_blank","more",33,0,0,1,"chaleureux","chaleumore"
180,"first_blank","first_blank-cham","cham",2,36,"first_blank-croi","croi",36,0,0,1,"champion","croipion"
734,"ch","ch-an","an",1,19,"pl-an","pl",19,0,0,1,"chance","plance"
741,"ce","ce-lier","lier",3,2,"ce-vrai","vrai",2,0,0,1,"chancelier","chancevrai"
34,"chan","chan-ge","ge",3,14,"voya-ge","voya",8,6,0,1,"changement","voyagement"
645,"chan","chan-teur","teur",2,2,"flec-teur","flec",2,0,0,2,"chanteur","flecteur"
639,"ar","ar-last_blank","last_blank",1,36,"th-last_blank","th",36,0,0,1,"char","chth"
466,"bon","bon-last_blank","last_blank",2,15,"dam-last_blank","dam",15,0,0,1,"charbon","chardam"
133,"ch","ch-ar","ar",1,15,"ch-ie","ie",15,0,0,1,"charge","chiege"
286,"cha","cha-ri","ri",3,6,"pour-ri","pour",7,1,1,1,"charité","pourrité"
99,"ch","ch-ar","ar",1,15,"ch-ie","ie",15,0,0,1,"charme","chieme"
369,"ch","ch-as","as",1,7,"fl-as","fl",7,0,0,1,"chasse","flasse"
292,"au","au-d","d",1,3,"ui-d","ui",3,0,0,1,"chaud","chuid"
916,"fer","fer-last_blank","last_blank",2,64,"tra-last_blank","tra",64,0,0,1,"chauffer","chauftra"
981,"che","che-mise","mise",2,1,"che-viks","viks",1,0,0,1,"chemise","cheviks"
980,"ue","ue-last_blank","last_blank",1,130,"mi-last_blank","mi",130,0,0,1,"chèque","chèqmi"
688,"er","er-last_blank","last_blank",1,101,"ga-last_blank","ga",102,1,0,1,"cher","chga"
950,"cher","cher-cher","cher",2,2,"four-cher","four",1,1,0,1,"chercher","fourcher"
90,"veu","veu-last_blank","last_blank",2,3,"lad-last_blank","lad",3,0,0,1,"cheveu","chelad"
155,"ch","ch-ie","ie",1,15,"ch-au","au",15,0,0,1,"chien","chaun"
640,"first_blank","first_blank-chif","chif",2,12,"first_blank-phar","phar",12,0,0,1,"chiffon","pharfon"
521,"chi","chi-mie","mie",2,4,"chi-tec","tec",4,0,0,1,"chimie","chitec"
104,"first_blank","first_blank-chi","chi",2,113,"first_blank-gar","gar",113,0,0,1,"chimique","garmique"
608,"gien","gien-last_blank","last_blank",3,8,"vard-last_blank","vard",8,0,0,1,"chirurgien","chirurvard"
851,"sir","sir-last_blank","last_blank",2,19,"bré-last_blank","bré",19,0,0,1,"choisir","choibré"
671,"ch","ch-oi","oi",1,6,"ch-ic","ic",6,0,0,1,"choix","chicx"
140,"ci","ci-el","el",1,2,"ci-rc","rc",2,0,0,1,"ciel","circ"
716,"ci","ci-ment","ment",2,1,"ci-sait","sait",1,0,0,1,"ciment","cisait"
921,"ma","ma-last_blank","last_blank",3,258,"ma-gouilleurs","gouilleurs",1,257,0,7,"cinéma","cinémagouilleurs"
620,"vil","vil-last_blank","last_blank",2,8,"lué-last_blank","lué",8,0,0,1,"civil","cilué"
241,"first_blank","first_blank-clai","clai",3,7,"first_blank-lind","lind",7,0,0,1,"clairement","lindrement"
371,"cl","cl-an","an",1,4,"cl-oc","oc",4,0,0,1,"clan","cloc"
518,"clas","clas-ser","ser",2,2,"bour-ser","bour",2,0,0,2,"classer","bourser"
385,"cl","cl-é","é",1,1,"lo-é","lo",1,0,0,1,"clé","loé"
254,"ou","ou-last_blank","last_blank",1,18,"sk-last_blank","sk",18,0,0,1,"clou","clsk"
89,"cl","cl-ub","ub",1,2,"ro-ub","ro",2,0,0,1,"club","roub"
457,"caïne","caïne-last_blank","last_blank",2,4,"crons-last_blank","crons",4,0,0,1,"cocaïne","cocrons"
549,"co","co-de","de",1,3,"co-ff","ff",3,0,0,1,"code","coff"
829,"co","co-in","in",1,8,"in-in","in",8,0,0,1,"coin","inin"
782,"co","co-lère","lère",2,1,"co-vite","vite",1,0,0,1,"colère","covite"
251,"la","la-tion","tion",3,71,"la-cher","cher",3,68,0,1,"collation","collacher"
787,"lec","lec-ter","ter",3,3,"chan-ter","chan",3,0,1,1,"collecter","colchanter"
37,"lègue","lègue-last_blank","last_blank",2,2,"leaux-last_blank","leaux",2,0,0,1,"collègue","colleaux"
598,"col","col-ler","ler",2,4,"wei-ler","wei",2,2,0,1,"coller","weiler"
634,"col","col-line","line",2,1,"col-tant","tant",1,0,0,1,"colline","coltant"
378,"lo","lo-nie","nie",3,2,"lo-renz","renz",1,1,1,1,"colonie","colorenz"
848,"bat","bat-last_blank","last_blank",2,14,"try-last_blank","try",14,0,0,1,"combat","comtry"
609,"bi","bi-nai","nai",4,3,"bi-teurs","teurs",2,1,2,1,"combinaison","combiteursson"
182,"man","man-der","der",3,10,"man-chot","chot",1,9,1,1,"commander","commanchot"
245,"men","men-ter","ter",3,19,"men-sion","sion",10,9,1,1,"commenter","commension"
590,"mer","mer-cial","cial",3,1,"mer-deux","deux",1,0,0,1,"commercial","commerdeux"
181,"sion","sion-last_blank","last_blank",3,159,"cher-last_blank","cher",160,1,0,1,"commission","commischer"
433,"tis","tis-sant","sant",4,14,"tis-tique","tique",3,11,1,1,"compatissant","compatistique"
119,"pli","pli-ment","ment",3,1,"pli-tude","tude",1,0,0,1,"compliment","complitude"
122,"comp","comp-ter","ter",2,3,"pros-ter","pros",3,0,0,2,"compter","proster"
774,"com","com-té","té",2,1,"rau-té","rau",1,0,0,1,"comté","rauté"
249,"ep","ep-t","t",1,1,"to-t","to",1,0,0,1,"concept","conctot"
901,"conclu","conclu-sion","sion",2,1,"contor-sion","contor",1,0,0,1,"conclusion","contorsion"
148,"first_blank","first_blank-concur","concur",2,7,"first_blank-confis","confis",7,0,0,1,"concurrence","confisrence"
191,"ui","ui-re","re",1,4,"rt-re","rt",4,0,0,1,"conduire","condrtre"
805,"first_blank","first_blank-confé","confé",2,13,"first_blank-culti","culti",13,0,0,2,"conférence","cultirence"
228,"ia","ia-nc","nc",1,2,"ia-ie","ie",2,0,0,1,"confiance","confiaiee"
194,"confir","confir-ma","ma",3,3,"ishiya-ma","ishiya",1,2,0,3,"confirmation","ishiyamation"
206,"li","li-t","t",1,5,"ch-t","ch",5,0,0,1,"conflit","confcht"
200,"ei","ei-ls","ls",1,1,"me-ls","me",1,0,0,1,"conseils","consmels"
559,"va","va-teur","teur",3,8,"va-lise","lise",3,5,0,1,"conservateur","conservalise"
697,"first_blank","first_blank-consi","consi",3,42,"first_blank-échan","échan",29,13,0,2,"considérer","échandérer"
417,"first_blank","first_blank-conspi","conspi",3,11,"first_blank-éclair","éclair",11,0,0,3,"conspiration","éclairration"
203,"first_blank","first_blank-construc","construc",2,8,"first_blank-vieillis","vieillis",6,2,0,6,"construction","vieillistion"
199,"ac","ac-t","t",1,4,"et-t","et",4,0,0,1,"contact","contett"
780,"first_blank","first_blank-conta","conta",4,16,"first_blank-déses","déses",16,0,0,1,"contamination","désesmination"
205,"nir","nir-last_blank","last_blank",2,45,"cha-last_blank","cha",45,0,0,1,"contenir","contecha"
10,"ra","ra-t","t",1,5,"li-t","li",5,0,0,1,"contrat","contlit"
589,"first_blank","first_blank-contrô","contrô",2,25,"first_blank-consti","consti",24,1,0,1,"contrôler","constiler"
280,"first_blank","first_blank-conver","conver",3,20,"first_blank-éclair","éclair",11,9,0,2,"conversation","éclairsation"
212,"rp","rp-s","s",1,1,"dr-s","dr",1,0,0,1,"corps","codrs"
903,"co","co-uc","uc",1,4,"co-ll","ll",4,0,0,1,"couche","collhe"
78,"soleil","soleil-last_blank","last_blank",5,1,"rieur -last_blank","rieur ",1,0,0,1,"coucher de soleil","coucher de rieur "
120,"co","co-up","up",1,8,"co-lé","lé",8,0,0,1,"coupe","colée"
266,"rage","rage-last_blank","last_blank",2,32,"cien-last_blank","cien",32,0,0,2,"courage","coucien"
307,"cou","cou-rant","rant",2,3,"cou-page","page",2,1,0,1,"courant","coupage"
948,"ronne","ronne-last_blank","last_blank",2,6,"nente-last_blank","nente",6,0,0,1,"couronne","counente"
377,"rier","rier-last_blank","last_blank",2,32,"cées-last_blank","cées",32,0,0,1,"courrier","courcées"
591,"ur","ur-s","s",1,35,"ie-s","ie",35,0,0,1,"cours","coies"
571,"ur","ur-t","t",1,4,"et-t","et",4,0,0,1,"court","coett"
118,"ver","ver-ture","ture",3,3,"ver-riez","riez",3,0,0,1,"couverture","couverriez"
264,"first_blank","first_blank-créa","créa",2,17,"first_blank-frot","frot",17,0,0,1,"création","frottion"
744,"first_blank","first_blank-cré","cré",2,47,"first_blank-syn","syn",47,0,0,1,"crédit","syndit"
758,"ée","ée-r","r",1,1,"mg-r","mg",1,0,0,1,"créer","crmgr"
842,"cr","cr-èm","èm",1,2,"cr-ap","ap",2,0,0,1,"crème","crape"
332,"first_blank","first_blank-creu","creu",2,20,"first_blank-ajou","ajou",20,0,0,1,"creuser","ajouser"
726,"first_blank","first_blank-cri","cri",2,44,"first_blank-spé","spé",44,0,0,1,"critique","spétique"
412,"cu","cu-il","il",1,4,"cu-pè","pè",4,0,0,1,"cuillère","cupèlère"
160,"first_blank","first_blank-cui","cui",3,34,"first_blank-trom","trom",34,0,1,1,"cuisiner","tromsiner"
110,"cu","cu-l","l",1,1,"ar-l","ar",1,0,0,1,"cul","arl"
171,"lt","lt-ur","ur",1,2,"ro-ur","ro",2,0,0,1,"culture","curoure"
678,"first_blank","first_blank-d'a","d'a",2,1,"first_blank-aze","aze",1,0,0,1,"d'accord","azeccord"
236,"dan","dan-seur","seur",2,1,"his-seur","his",1,0,0,1,"danseur","hisseur"
648,"mpagne","mpagne-last_blank","last_blank",3,1,"grande-last_blank","grande",1,0,0,1,"de campagne","de cagrande"
57," face"," face-last_blank","last_blank",2,1,"phase-last_blank","phase",1,0,0,1,"de face","dephase"
290,"alcool","alcool-last_blank","last_blank",4,1,"shions-last_blank","shions",1,0,0,1,"de l'alcool","de l'shions"
471,"aleur","aleur-last_blank","last_blank",3,1,"group-last_blank","group",1,0,0,1,"de valeur","de vgroup"
462,"cent","cent-last_blank","last_blank",2,15,"ping-last_blank","ping",15,0,0,1,"décent","déping"
281,"cès","cès-last_blank","last_blank",2,6,"sol-last_blank","sol",6,0,0,1,"décès","désol"
256,"chets","chets-last_blank","last_blank",2,9,"siens-last_blank","siens",9,0,0,1,"déchets","désiens"
362,"cris","cris-last_blank","last_blank",2,4,"fred-last_blank","fred",4,0,0,1,"décris","défred"
934,"jà","jà-last_blank","last_blank",2,4,"mur-last_blank","mur",4,0,1,1,"déjà","démur"
855,"li","li-cat","cat",3,3,"li-siez","siez",3,0,1,1,"délicat","délisiez"
252,"cieux","cieux-last_blank","last_blank",3,25,"leuse-last_blank","leuse",25,0,0,1,"délicieux","délileuse"
602,"main","main-last_blank","last_blank",2,15,"nois-last_blank","nois",15,0,0,1,"demain","denois"
253,"mande","mande-last_blank","last_blank",2,13,"tonne-last_blank","tonne",13,0,0,1,"demande","detonne"
158,"rage","rage-last_blank","last_blank",3,32,"voir-last_blank","voir",32,0,0,1,"démarrage","démarvoir"
945,"mi","mi-last_blank","last_blank",2,130,"mi-traillette","traillette",1,129,0,8,"demi","demitraillette"
196,"sion","sion-last_blank","last_blank",3,159,"cher-last_blank","cher",160,1,0,1,"démission","démischer"
500,"nable","nable-last_blank","last_blank",4,22,"tines-last_blank","tines",22,0,0,1,"déraisonnable","déraisontines"
972,"sert","sert-last_blank","last_blank",2,7,"nère-last_blank","nère",7,0,0,1,"désert","dénère"
882,"dé","dé-sir","sir",2,1,"dé-téc","téc",1,0,0,1,"désir","détéc"
263,"des","des-tin","tin",2,2,"des-soû","soû",2,0,0,1,"destin","dessoû"
38,"tes","tes-ter","ter",3,6,"plan-ter","plan",5,1,1,1,"détester","déplanter"
625,"na","na-teur","teur",4,17,"na-liste","liste",7,10,1,1,"détonateur","détonaliste"
776,"ux","ux-last_blank","last_blank",1,43,"py-last_blank","py",42,1,0,1,"deux","depy"
103,"dia","dia-mant","mant",2,1,"som-mant","som",1,0,0,1,"diamant","sommant"
709,"naire","naire-last_blank","last_blank",3,61,"sants-last_blank","sants",60,1,0,1,"dictionnaire","dictionsants"
282,"eu","eu-last_blank","last_blank",1,13,"oc-last_blank","oc",13,0,0,1,"dieu","dioc"
293,"cile","cile-last_blank","last_blank",3,14,"less-last_blank","less",14,0,0,1,"difficile","diffiless"
541,"di","di-gu","gu",1,2,"ur-gu","ur",2,0,0,1,"digue","urgue"
704,"ner","ner-last_blank","last_blank",2,419,"man-last_blank","man",376,43,0,1,"dîner","dîman"
277,"plôme","plôme-last_blank","last_blank",2,1,"pache-last_blank","pache",1,0,0,1,"diplôme","dipache"
278,"di","di-re","re",1,5,"lè-re","lè",5,0,0,1,"dire","lère"
279,"rect","rect-last_blank","last_blank",2,4,"chat-last_blank","chat",4,0,0,1,"direct","dichat"
159,"teur","teur-last_blank","last_blank",3,358,"rons-last_blank","rons",381,23,0,1,"directeur","direcrons"
860,"cours","cours-last_blank","last_blank",2,6,"cards-last_blank","cards",6,0,0,1,"discours","discards"
329,"di","di-sq","sq",1,2,"ru-sq","ru",2,0,0,1,"disque","rusque"
991,"dis","dis-tance","tance",2,1,"dis-farne","farne",1,0,0,1,"distance","disfarne"
594,"vorce","vorce-last_blank","last_blank",2,1,"corns-last_blank","corns",1,0,0,1,"divorce","dicorns"
735,"ig","ig-t","t",1,2,"aã-t","aã",2,0,0,1,"doigt","doaãt"
50,"ré","ré-last_blank","last_blank",2,224,"ré-veillaient","veillaient",1,223,0,7,"doré","doréveillaient"
482,"do","do-se","se",1,2,"do-ua","ua",2,0,0,1,"dose","doua"
946,"ub","ub-le","le",1,7,"au-le","au",7,0,0,1,"double","doaule"
837,"do","do-uc","uc",1,5,"do-nn","nn",5,0,0,1,"douche","donnhe"
906,"do","do-ut","ut",1,3,"do-ye","ye",3,0,0,1,"doute","doyee"
289,"do","do-ux","ux",1,1,"do-he","he",1,0,0,1,"doux","dohe"
761,"do","do-ye","ye",1,3,"do-ci","ci",3,0,0,1,"doyen","docin"
565,"gon","gon-last_blank","last_blank",2,33,"las-last_blank","las",33,0,0,1,"dragon","dralas"
523,"am","am-e","e",1,11,"un-e","un",11,0,0,1,"drame","drune"
907,"peau","peau-last_blank","last_blank",2,6,"plin-last_blank","plin",6,0,0,1,"drapeau","draplin"
202,"oi","oi-t","t",1,4,"ue-t","ue",4,0,0,1,"droit","druet"
453,"idien","idien-last_blank","last_blank",4,1,"flète-last_blank","flète",1,0,0,1,"du quotidien","du quotflète"
877,"epos","epos-last_blank","last_blank",3,1,"wene-last_blank","wene",1,0,0,1,"du repos","du rwene"
966," sang"," sang-last_blank","last_blank",2,1,"trane-last_blank","trane",1,0,0,1,"du sang","dutrane"
164," sucre"," sucre-last_blank","last_blank",2,1,"source-last_blank","source",1,0,0,1,"du sucre","dusource"
662,"du","du- sud"," sud",2,1,"du-leux","leux",1,0,0,1,"du sud","duleux"
105,"du","du-per","per",2,1,"du-rés","rés",1,0,0,1,"duper","durés"
983,"first_blank","first_blank-dv","dv",1,4,"first_blank-tm","tm",4,0,0,1,"dvd","tmd"
315,"nas","nas-tie","tie",3,1,"amor-tie","amor",1,0,1,1,"dynastie","dyamortie"
42,"first_blank","first_blank-ébré","ébré",2,2,"first_blank-splé","splé",2,0,0,1,"ébrécher","splécher"
115,"la","la-t","t",1,3,"aî-t","aî",3,0,0,1,"éclat","écaît"
358,"first_blank","first_blank-écla","écla",2,28,"first_blank-lais","lais",28,0,0,2,"éclater","laister"
297,"first_blank","first_blank-ecou","ecou",2,6,"first_blank-pseu","pseu",6,0,0,1,"ecoutez","pseutez"
904,"ra","ra-n","n",1,5,"in-n","in",5,0,0,1,"écran","écinn"
789,"first_blank","first_blank-écu","écu",2,7,"first_blank-jog","jog",7,0,0,1,"écureuil","jogreuil"
870,"frayant","frayant-last_blank","last_blank",2,1,"brasent-last_blank","brasent",1,0,0,1,"effrayant","efbrasent"
303,"frayer","frayer-last_blank","last_blank",2,1,"vrages-last_blank","vrages",1,0,0,1,"effrayer","efvrages"
152,"first_blank","first_blank-ég","ég",1,33,"first_blank-lâ","lâ",33,0,0,1,"église","lâlise"
760,"first_blank","first_blank-él","él",1,34,"first_blank-ev","ev",34,0,0,1,"élève","evève"
815,"first_blank","first_blank-éli","éli",3,36,"first_blank-cham","cham",36,0,1,1,"éliminer","chamminer"
573,"cher","cher-last_blank","last_blank",3,160,"sion-last_blank","sion",159,1,0,1,"embaucher","embausion"
123,"bras","bras-ser","ser",3,2,"epou-ser","epou",1,1,0,1,"embrasser","emepouser"
55,"cher","cher-last_blank","last_blank",3,160,"sion-last_blank","sion",159,1,0,1,"empêcher","empêsion"
902,"ehors","ehors-last_blank","last_blank",3,1,"mexis-last_blank","mexis",1,0,0,1,"en dehors","en dmexis"
240,"first_blank","first_blank-en e","en e",2,1,"first_blank-cent","cent",1,0,0,1,"en espèces","centspèces"
998," fait"," fait-last_blank","last_blank",2,1,"raîit-last_blank","raîit",1,0,0,1,"en fait","enraîit"
238,"etard","etard-last_blank","last_blank",3,1,"vraux-last_blank","vraux",1,0,0,1,"en retard","en rvraux"
232,"ormal","ormal-last_blank","last_blank",4,1,"check-last_blank","check",1,0,0,1,"en temps normal","en temps ncheck"
977,"chères","chères-last_blank","last_blank",2,1,"voures-last_blank","voures",1,0,0,1,"enchères","envoures"
593,"ge","ge-ment","ment",4,34,"ge-lures","lures",2,32,1,1,"engagement","engagelures"
24,"mi","mi-last_blank","last_blank",3,130,"mi-trailleuse","trailleuse",1,129,0,7,"ennemi","ennemitrailleuse"
691,"siasme","siasme-last_blank","last_blank",3,1,"vasses-last_blank","vasses",1,0,0,1,"enthousiasme","enthouvasses"
357," toi"," toi-last_blank","last_blank",4,1,"rouac-last_blank","rouac",1,0,1,1,"entraine toi","entrainerouac"
510,"traî","traî-neur","neur",3,1,"foui-neur","foui",1,0,0,1,"entraîneur","enfouineur"
872,"prise","prise-last_blank","last_blank",3,10,"sonne-last_blank","sonne",10,0,0,1,"entreprise","entresonne"
968,"en","en-trer","trer",2,1,"en-guir","guir",1,0,0,1,"entrer","enguir"
311,"loppe","loppe-last_blank","last_blank",3,3,"boles-last_blank","boles",3,0,0,1,"enveloppe","enveboles"
70,"ne","ne-ment","ment",5,75,"ne-toques","toques",1,74,2,1,"environnement","environnetoques"
548,"ép","ép-au","au",1,2,"ne-au","ne",2,0,0,1,"épaule","neaule"
221,"ép","ép-ée","ée",1,2,"ép-au","au",2,0,0,1,"épée","épau"
451,"libre","libre-last_blank","last_blank",2,4,"riole-last_blank","riole",4,0,0,1,"équilibre","équiriole"
95,"page","page-last_blank","last_blank",2,16,"guée-last_blank","guée",16,0,0,1,"équipage","équiguée"
341,"équi","équi-pe","pe",3,2,"flip-pe","flip",2,0,0,1,"équipement","flippement"
783,"équi","équi-table","table",2,1,"quen-table","quen",1,0,0,1,"équitable","quentable"
343,"reur","reur-last_blank","last_blank",2,22,"naux-last_blank","naux",22,0,0,1,"erreur","ernaux"
932,"car","car-got","got",3,1,"car-reau","reau",1,0,1,1,"escargot","escarreau"
9,"corte","corte-last_blank","last_blank",2,1,"ckout-last_blank","ckout",1,0,0,1,"escorte","esckout"
403,"pé","pé-rer","rer",3,9,"pé-tais","tais",2,7,1,1,"espérer","espétais"
833,"es","es-pion","pion",3,13,"es-saye","saye",13,0,0,1,"espionnage","essayenage"
940,"pion","pion-ner","ner",3,1,"gart-ner","gart",1,0,0,1,"espionner","esgartner"
918,"sayer","sayer-last_blank","last_blank",2,4,"gages-last_blank","gages",4,0,0,1,"essayer","esgages"
176,"mac","mac-last_blank","last_blank",3,8,"cute-last_blank","cute",8,0,1,1,"estomac","estocute"
935,"first_blank","first_blank-éter","éter",2,18,"first_blank-tech","tech",18,0,0,1,"éternel","technel"
544,"first_blank","first_blank-ét","ét",1,110,"first_blank-wi","wi",110,0,0,1,"étroit","wiroit"
551,"luer","luer-last_blank","last_blank",2,8,"tern-last_blank","tern",8,0,0,1,"évaluer","évatern"
132,"êq","êq-ue","ue",1,4,"bl-ue","bl",4,0,0,1,"évêque","évblue"
646,"lu","lu-tion","tion",3,20,"lu-ment","ment",2,18,0,1,"évolution","évolument"
485,"exa","exa-men","men",2,2,"ser-men","ser",2,0,0,1,"examen","sermen"
327,"first_blank","first_blank-exa","exa",3,46,"first_blank-pros","pros",45,1,1,1,"examiner","prosminer"
434,"cellent","cellent-last_blank","last_blank",2,2,"pentent-last_blank","pentent",2,0,0,1,"excellent","expentent"
801,"tion","tion-nel","nel",4,37,"shrap-nel","shrap",1,36,1,1,"exceptionnel","excepshrapnel"
197,"rience","rience-last_blank","last_blank",3,4,"penses-last_blank","penses",4,0,0,1,"expérience","expépenses"
886,"pert","pert-last_blank","last_blank",2,6,"pour-last_blank","pour",6,0,0,1,"expert","expour"
718,"ca","ca-tion","tion",4,85,"ca-pades","pades",2,83,1,1,"explication","explicapades"
943,"me","me-ment","ment",4,22,"me-sures","sures",1,21,1,1,"extrêmement","extrêmesures"
370,"bri","bri-quer","quer",3,2,"bri-tish","tish",1,1,0,1,"fabriquer","fabritish"
310,"fac","fac-teur","teur",2,1,"que-teur","que",1,0,0,1,"facteur","queteur"
537,"im","im-last_blank","last_blank",1,24,"ok-last_blank","ok",24,0,0,1,"faim","faok"
817,"n sorte","n sorte-last_blank","last_blank",3,1,"nuyante-last_blank","nuyante",1,0,0,1,"faire en sorte","faire enuyante"
368,"gué","gué-last_blank","last_blank",3,33,"rine-last_blank","rine",33,0,1,1,"fatigué","fatirine"
376,"fa","fa-ux","ux",1,1,"fa-ïe","ïe",1,0,0,1,"faux","faïe"
347,"dé","dé-ral","ral",3,3,"dé-coif","coif",3,0,1,1,"fédéral","fédécoif"
838,"ci","ci-ter","ter",4,8,"ci-sions","sions",4,4,2,1,"féliciter","félicisions"
611,"asser","asser-last_blank","last_blank",4,1,"édite-last_blank","édite",1,0,0,1,"fer à repasser","fer à repédite"
383,"à clé","à clé-last_blank","last_blank",3,1,"bulls-last_blank","bulls",1,0,0,1,"fermé à clé","fermé bulls"
410,"me","me-ment","ment",3,22,"me-nage","nage",4,18,0,1,"fermement","fermenage"
679,"mier","mier-last_blank","last_blank",2,12,"tial-last_blank","tial",12,0,0,1,"fermier","fertial"
398,"fe","fe-u","u",1,1,"ia-u","ia",1,0,0,1,"feu","iau"
284,"fi","fi-chier","chier",2,1,"fi-chage","chage",1,0,0,1,"fichier","fichage"
389,"dèle","dèle-last_blank","last_blank",2,3,"code-last_blank","code",3,0,0,1,"fidèle","ficode"
269,"té","té-last_blank","last_blank",4,917,"té-moignent","moignent",1,916,2,5,"fidélité","fidélitémoignent"
354,"fi","fi-er","er",1,4,"fi-dé","dé",4,0,0,1,"fier","fidé"
427,"fi","fi-ll","ll",1,13,"fi-na","na",12,1,0,1,"fille","finae"
954,"nal","nal-last_blank","last_blank",2,61,"tor-last_blank","tor",61,0,0,1,"final","fitor"
395,"le","le-ment","ment",4,174,"le-ville","ville",2,172,1,1,"finalement","finaleville"
396,"re","re-ment","ment",5,69,"re-passes","passes",1,68,2,1,"financièrement","financièrepasses"
919,"fi","fi-nir","nir",2,3,"fi-bro","bro",3,0,0,1,"finir","fibro"
949,"sure","sure-last_blank","last_blank",2,19,"tard-last_blank","tard",19,0,0,1,"fissure","fistard"
472,"first_blank","first_blank-flat","flat",2,15,"first_blank-bras","bras",15,0,0,1,"flatter","braster"
540,"fl","fl-eu","eu",1,5,"fl-ir","ir",5,0,0,1,"fleuve","flirve"
670,"first_blank","first_blank-fonc","fonc",3,25,"first_blank-écar","écar",25,0,0,1,"fonctionner","écartionner"
431,"fo","fo-nd","nd",1,6,"ei-nd","ei",6,0,0,1,"fondre","eindre"
661,"rc","rc-e","e",1,7,"oi-e","oi",7,0,0,1,"force","fooie"
868,"rm","rm-e","e",1,12,"ff-e","ff",12,0,0,1,"forme","foffe"
80,"for","for-mer","mer",2,8,"sub-mer","sub",7,1,0,1,"former","submer"
367,"rt","rt-last_blank","last_blank",1,38,"ps-last_blank","ps",38,0,0,1,"fort","fops"
930,"fo","fo-ud","ud",1,2,"et-ud","et",2,0,0,1,"foudre","etudre"
772,"fo","fo-ul","ul",1,3,"fo-is","is",3,0,0,1,"foule","foise"
720,"ur","ur-last_blank","last_blank",1,56,"ez-last_blank","ez",56,0,0,1,"four","foez"
711,"first_blank","first_blank-frag","frag",2,6,"first_blank-cres","cres",6,0,0,1,"fragment","cresment"
781,"fr","fr-ai","ai",1,7,"cl-ai","cl",7,0,0,1,"frais","clais"
531,"frap","frap-per","per",2,1,"phop-per","phop",1,0,0,1,"frapper","phopper"
295,"ir","ir-last_blank","last_blank",1,38,"et-last_blank","et",38,0,0,1,"fuir","fuet"
167,"mée","mée-last_blank","last_blank",2,84,"ker-last_blank","ker",84,0,0,1,"fumée","fuker"
628,"fu","fu-sée","sée",2,3,"fu-nam","nam",2,1,0,1,"fusée","funam"
52,"sil","sil-last_blank","last_blank",2,12,"glé-last_blank","glé",12,0,0,1,"fusil","fuglé"
17,"chette","chette-last_blank","last_blank",2,20,"sables-last_blank","sables",19,1,0,4,"gâchette","gâsables"
424,"ga","ga-in","in",1,4,"ga-lé","lé",4,0,0,1,"gain","galé"
361,"le","le-rie","rie",3,12,"le-vons","vons",5,7,1,1,"galerie","galevons"
444,"ga","ga-ng","ng",1,3,"ga-rc","rc",3,0,0,1,"gang","garc"
765,"ran","ran-tie","tie",3,1,"apla-tie","apla",1,0,1,1,"garantie","gaaplatie"
392,"gar","gar-çons","çons",2,1,"gar-rant","rant",1,0,0,1,"garçons","garrant"
693,"first_blank","first_blank-gar","gar",2,113,"first_blank-chi","chi",113,0,0,1,"garder","chider"
131,"ga","ga-z","z",1,1,"ol-z","ol",1,0,0,1,"gaz","olz"
179,"né","né-ral","ral",3,2,"né-sien","sien",2,0,1,1,"général","génésien"
790,"ra","ra-teur","teur",4,27,"ra-paces","paces",2,25,1,1,"générateur","générapaces"
847,"gé","gé-nie","nie",2,5,"gé-ter","ter",1,4,0,1,"génie","géter"
15,"ge","ge-st","st",1,2,"ge-ek","ek",2,0,0,1,"geste","geeke"
437,"rieux","rieux-last_blank","last_blank",2,14,"pique-last_blank","pique",14,0,0,1,"glorieux","glopique"
216,"go","go-rg","rg",1,2,"go-nd","nd",2,0,0,1,"gorge","gonde"
857,"ût","ût-last_blank","last_blank",1,4,"uc-last_blank","uc",4,0,0,1,"goût","gouc"
854,"neur","neur-last_blank","last_blank",3,43,"vons-last_blank","vons",43,0,0,1,"gouverneur","gouvervons"
374,"gr","gr-ai","ai",1,10,"ou-ai","ou",10,0,0,1,"grain","ouain"
441,"first_blank","first_blank-grand","grand",2,5,"first_blank-grizz","grizz",5,0,0,1,"grand-père","grizzpère"
558,"nouille","nouille-last_blank","last_blank",2,2,"souffle-last_blank","souffle",2,0,0,1,"grenouille","gresouffle"
85,"first_blank","first_blank-gr","gr",1,228,"first_blank-am","am",228,0,0,1,"griller","amiller"
843,"first_blank","first_blank-grim","grim",2,20,"first_blank-creu","creu",20,0,0,1,"grimper","creuper"
584,"gr","gr-ip","ip",1,3,"gr-on","on",3,0,0,1,"grippe","gronpe"
326,"gr","gr-os","os",1,5,"gr-ap","ap",5,0,0,1,"gros","grap"
93,"first_blank","first_blank-gu","gu",1,92,"first_blank-av","av",92,0,0,1,"guerre","averre"
905,"bitent","bitent-last_blank","last_blank",2,2,"cluent-last_blank","cluent",2,0,0,1,"habitent","hacluent"
91,"ha","ha-ut","ut",1,5,"ha-ya","ya",5,0,0,1,"haut","haya"
844,"ros","ros-last_blank","last_blank",2,41,"sif-last_blank","sif",40,1,0,1,"héros","hésif"
467,"mm","mm-e","e",1,16,"èr-e","èr",16,0,0,1,"homme","hoère"
174,"tal","tal-last_blank","last_blank",3,80,"nées-last_blank","nées",80,0,1,1,"hôpital","hôpinées"
22,"mone","mone-last_blank","last_blank",2,9,"dure-last_blank","dure",9,0,0,1,"hormone","hordure"
705,"reur","reur-last_blank","last_blank",2,22,"burn-last_blank","burn",22,0,0,1,"horreur","horburn"
795,"té","té-last_blank","last_blank",5,917,"té-moignent","moignent",1,916,2,4,"hospitalité","hospitalitémoignent"
638,"tel","tel-last_blank","last_blank",2,32,"can-last_blank","can",32,0,0,1,"hôtel","hôcan"
630,"mb","mb-le","le",1,15,"fi-le","fi",15,0,0,1,"humble","hufile"
520,"first_blank","first_blank-ic","ic",1,20,"first_blank-rè","rè",20,0,0,1,"ici","rèi"
684,"first_blank","first_blank-id","id",1,38,"first_blank-py","py",38,0,0,1,"idéal","pyéal"
922,"id","id-ée","ée",1,3,"oy-ée","oy",3,0,0,1,"idée","oyée"
59,"rance","rance-last_blank","last_blank",2,23,"riste-last_blank","riste",23,0,0,1,"ignorance","ignoriste"
554,"first_blank","first_blank-illé","illé",2,8,"first_blank-chlo","chlo",8,0,0,1,"illégal","chlogal"
449,"first_blank","first_blank-illu","illu",2,21,"first_blank-prou","prou",21,0,0,1,"illusion","prousion"
706,"ag","ag-e","e",1,18,"rt-e","rt",18,0,0,1,"image","imrte"
526,"na","na-tion","tion",4,52,"na-geais","geais",3,49,1,1,"imagination","imaginageais"
314,"rial","rial-last_blank","last_blank",3,10,"blés-last_blank","blés",10,0,0,1,"impérial","impéblés"
365,"sible","sible-last_blank","last_blank",3,36,"logue-last_blank","logue",36,0,0,1,"impossible","imposlogue"
856,"sion","sion-last_blank","last_blank",3,159,"cher-last_blank","cher",160,1,0,1,"impression","imprescher"
348,"sion","sion-nant","nant",4,3,"culmi-nant","culmi",1,2,1,1,"impressionnant","impresculminant"
743,"sion","sion-last_blank","last_blank",3,159,"cher-last_blank","cher",160,1,0,1,"impulsion","impulcher"
474,"té","té-last_blank","last_blank",5,917,"té-moignent","moignent",1,916,2,4,"incapacité","incapacitémoignent"
8,"dent","dent-last_blank","last_blank",3,16,"gate-last_blank","gate",16,0,0,1,"incident","incigate"
261,"for","for-table","table",4,2,"for-mions","mions",1,1,0,1,"inconfortable","inconformions"
476,"di","di-quer","quer",3,5,"di-caux","caux",4,1,0,1,"indiquer","indicaux"
26,"trie","trie-last_blank","last_blank",3,20,"sher-last_blank","sher",20,0,0,1,"industrie","indussher"
301,"fluence","fluence-last_blank","last_blank",2,2,"clenche-last_blank","clenche",2,0,0,1,"influence","inclenche"
49,"nieur","nieur-last_blank","last_blank",3,2,"bleau-last_blank","bleau",2,0,0,1,"ingénieur","ingébleau"
349,"tuel","tuel-last_blank","last_blank",4,15,"mente-last_blank","mente",15,0,1,1,"inhabituel","inhabimente"
483,"tice","tice-last_blank","last_blank",3,9,"vrer-last_blank","vrer",9,0,0,1,"injustice","injusvrer"
217,"cent","cent-last_blank","last_blank",3,15,"nois-last_blank","nois",15,0,0,1,"innocent","innonois"
652,"quiet","quiet-last_blank","last_blank",2,1,"fouie-last_blank","fouie",1,0,0,1,"inquiet","infouie"
754,"quié","quié-ter","ter",3,1,"gout-ter","gout",1,0,0,1,"inquiéter","ingoutter"
613,"sé","sé-rer","rer",3,2,"sé-mite","mite",2,0,1,1,"insérer","insémite"
546,"teur","teur-last_blank","last_blank",3,358,"rons-last_blank","rons",381,23,0,1,"inspecteur","inspecrons"
486,"pi","pi-rer","rer",3,7,"pi-taux","taux",3,4,1,1,"inspirer","inspitaux"
496,"tinct","tinct-last_blank","last_blank",2,3,"diait-last_blank","diait",3,0,0,1,"instinct","insdiait"
666,"sul","sul-ter","ter",3,2,"flat-ter","flat",2,0,1,1,"insulter","inflatter"
488,"gent","gent-last_blank","last_blank",4,9,"nisse-last_blank","nisse",9,0,1,1,"intelligent","intellinisse"
491,"ter","ter-dit","dit",3,2,"ter-back","back",2,0,1,1,"interdit","interback"
633,"ter","ter-na","na",5,15,"condam-na","condam",3,12,3,1,"international","incondamnational"
363,"terne","terne-last_blank","last_blank",2,8,"gente-last_blank","gente",8,0,0,1,"interne","ingente"
258,"rompre","rompre-last_blank","last_blank",3,2,"double-last_blank","double",2,0,0,1,"interrompre","interdouble"
840,"utile","utile-last_blank","last_blank",2,1,"phiée-last_blank","phiée",1,0,0,1,"inutile","inphiée"
72,"va","va-sion","sion",3,1,"va-neau","neau",1,0,0,1,"invasion","invaneau"
499,"first_blank","first_blank-iro","iro",2,7,"first_blank-dog","dog",7,0,0,1,"ironie","dognie"
318,"loux","loux-last_blank","last_blank",2,2,"cose-last_blank","cose",2,0,0,1,"jaloux","jacose"
503,"mais","mais-last_blank","last_blank",2,42,"sage-last_blank","sage",42,0,0,1,"jamais","jasage"
955,"je","je-ep","ep",1,2,"je-ûn","ûn",2,0,0,1,"jeep","jeûn"
532,"arié","arié-last_blank","last_blank",4,1,"rouse-last_blank","rouse",1,0,1,1,"jeune marié","jeune mrouse"
322,"first_blank","first_blank-jeu","jeu",2,9,"first_blank-bay","bay",9,0,0,1,"jeunesse","baynesse"
724,"first_blank","first_blank-jeux","jeux",2,1,"first_blank-khum","khum",1,0,0,1,"jeux d'argent","khum d'argent"
578,"jo","jo-lie","lie",2,2,"jo-tez","tez",1,1,0,1,"jolie","jotez"
505,"first_blank","first_blank-jo","jo",1,222,"first_blank-st","st",222,0,0,1,"jouer","stuer"
727,"lisme","lisme-last_blank","last_blank",3,36,"reuse-last_blank","reuse",36,0,0,1,"journalisme","journareuse"
511,"first_blank","first_blank-jour","jour",3,22,"first_blank-bron","bron",22,0,0,1,"journaliste","bronnaliste"
513,"in","in-last_blank","last_blank",1,64,"vé-last_blank","vé",64,0,0,1,"juin","juvé"
408,"ju","ju-ng","ng",1,4,"ua-ng","ua",4,0,0,1,"jungle","uangle"
823,"ju","ju-pe","pe",1,2,"ju-iv","iv",2,0,0,1,"jupe","juiv"
859,"ju","ju-rer","rer",2,3,"ju-wan","wan",1,2,0,1,"jurer","juwan"
82,"tion","tion-last_blank","last_blank",4,1033,"ments-last_blank","ments",232,801,1,1,"juridiction","juridicments"
793,"ju","ju-st","st",1,4,"ju-gu","gu",3,1,0,1,"juste","jugue"
604,"chup","chup-last_blank","last_blank",2,1,"joud-last_blank","joud",1,0,0,1,"ketchup","ketjoud"
325,"first_blank","first_blank-kid","kid",3,24,"first_blank-spec","spec",24,0,1,1,"kidnapper","specnapper"
961,"peur","peur-last_blank","last_blank",3,18,"chon-last_blank","chon",18,0,0,1,"kidnappeur","kidnapchon"
440,"first_blank","first_blank-ki","ki",2,152,"first_blank-des","des",152,0,1,1,"kilo","deslo"
612,"lo","lo-mètre","mètre",3,1,"lo-sophe","sophe",1,0,0,1,"kilomètre","kilosophe"
865,"ax","ax-on","on",1,5,"nf-on","nf",5,0,0,1,"klaxon","klnfon"
459,"été","été-last_blank","last_blank",2,1,"blr-last_blank","blr",1,0,0,1,"l'été","l'blr"
539,"rnet","rnet-last_blank","last_blank",3,1,"tope-last_blank","tope",1,0,0,1,"l'internet","l'intetope"
895,"émence","émence-last_blank","last_blank",3,1,"chande-last_blank","chande",1,0,0,1,"la démence","la dchande"
534,"rrhée","rrhée-last_blank","last_blank",3,1,"dress-last_blank","dress",1,0,0,1,"la diarrhée","la diadress"
731,"enêtre","enêtre-last_blank","last_blank",3,1,"gnoirs-last_blank","gnoirs",1,0,0,1,"la fenêtre","la fgnoirs"
394," fille"," fille-last_blank","last_blank",2,1,"seillé-last_blank","seillé",1,0,0,1,"la fille","laseillé"
497,"inance","inance-last_blank","last_blank",3,1,"search-last_blank","search",1,0,0,1,"la finance","la fsearch"
866,"équence","équence-last_blank","last_blank",3,1,"chienne-last_blank","chienne",1,0,0,1,"la fréquence","la frchienne"
319,"cture","cture-last_blank","last_blank",3,1,"cleus-last_blank","cleus",1,0,0,1,"la lecture","la lecleus"
880,"agie","agie-last_blank","last_blank",3,1,"léem-last_blank","léem",1,0,0,1,"la magie","la mléem"
524,"ation","ation-last_blank","last_blank",5,1,"fouées-last_blank","fouées",1,0,1,1,"la navigation","la navigfouées"
627,"eté","eté-last_blank","last_blank",4,1,"thrak-last_blank","thrak",1,0,2,1,"la pauvreté","la pauvrthrak"
926," peau"," peau-last_blank","last_blank",2,1,"steak-last_blank","steak",1,0,0,1,"la peau","lasteak"
477,"rsonne","rsonne-last_blank","last_blank",3,1,"tions -last_blank","tions ",1,0,0,1,"la personne","la petions "
338," peste"," peste-last_blank","last_blank",2,1,"griste-last_blank","griste",1,0,0,1,"la peste","lagriste"
600,"ysique","ysique-last_blank","last_blank",3,1,"quieme-last_blank","quieme",1,0,0,1,"la physique","la phquieme"
183,"ité","ité-last_blank","last_blank",5,1,"ploses-last_blank","ploses",1,0,3,1,"la publicité","la publicploses"
811,"stance","stance-last_blank","last_blank",4,1,"ratent-last_blank","ratent",1,0,0,1,"la résistance","la résiratent"
479," source"," source-last_blank","last_blank",2,1,"fourche-last_blank","fourche",1,0,0,1,"la source","lafourche"
536,"ogie","ogie-last_blank","last_blank",5,1,"thayus-last_blank","thayus",1,0,2,1,"la technologie","la technolthayus"
169," tombe"," tombe-last_blank","last_blank",2,1,"combre-last_blank","combre",1,0,0,1,"la tombe","lacombre"
97," tour"," tour-last_blank","last_blank",2,1,"teous-last_blank","teous",1,0,0,1,"la tour","lateous"
390," toux"," toux-last_blank","last_blank",2,1,"floué-last_blank","floué",1,0,0,1,"la toux","lafloué"
777,"isième","isième-last_blank","last_blank",3,1,"sible -last_blank","sible ",1,0,0,1,"la troisième","la trosible "
246,"ctoire","ctoire-last_blank","last_blank",3,1,"claste-last_blank","claste",1,0,0,1,"la victoire","la viclaste"
871,"mber","mber-last_blank","last_blank",4,1,"déine-last_blank","déine",1,0,1,1,"laissez tomber","laissez todéine"
516,"la","la-it","it",1,7,"la-cé","cé",7,0,0,1,"lait","lacé"
109,"mp","mp-e","e",1,7,"ct-e","ct",7,0,0,1,"lampe","lacte"
218,"la","la-rm","rm",1,2,"la-li","li",2,0,0,1,"larme","lalie"
885,"sagne","sagne-last_blank","last_blank",2,2,"pause-last_blank","pause",2,0,0,1,"lasagne","lapause"
195," chaos"," chaos-last_blank","last_blank",2,1,"chasse-last_blank","chasse",1,0,0,1,"le chaos","lechasse"
129,"ndant","ndant-last_blank","last_blank",4,1,"celse-last_blank","celse",1,0,0,1,"le commandant","le commacelse"
429,"ssert","ssert-last_blank","last_blank",3,1,"gleux-last_blank","gleux",1,0,0,1,"le dessert","le degleux"
917," golf"," golf-last_blank","last_blank",2,1,"ghold-last_blank","ghold",1,0,0,1,"le golf","leghold"
533," jazz"," jazz-last_blank","last_blank",2,1,"platz-last_blank","platz",1,0,0,1,"le jazz","leplatz"
20,"ement","ement-last_blank","last_blank",5,1,"turges-last_blank","turges",1,0,1,1,"le management","le managturges"
603,"imum","imum-last_blank","last_blank",4,1,"cordj-last_blank","cordj",1,0,1,1,"le minimum","le mincordj"
714,"rdon","rdon-last_blank","last_blank",3,1,"guev-last_blank","guev",1,0,0,1,"le pardon","le paguev"
81,"ntemps","ntemps-last_blank","last_blank",3,1,"cieres-last_blank","cieres",1,0,0,1,"le printemps","le pricieres"
267,"ogrès","ogrès-last_blank","last_blank",3,1,"koums-last_blank","koums",1,0,0,1,"le progrès","le prkoums"
193,"spect","spect-last_blank","last_blank",3,1,"viets-last_blank","viets",1,0,0,1,"le respect","le reviets"
985,"ida","ida-last_blank","last_blank",3,1,"sayo-last_blank","sayo",1,0,1,1,"le sida","le ssayo"
821,"urire","urire-last_blank","last_blank",3,1,"cret -last_blank","cret ",1,0,0,1,"le sourire","le socret "
168,"abac","abac-last_blank","last_blank",3,1,"food-last_blank","food",1,0,0,1,"le tabac","le tfood"
53,"gion","gion-last_blank","last_blank",2,6,"tium-last_blank","tium",6,0,0,1,"légion","létium"
990,"first_blank","first_blank-le","le",1,266,"first_blank-tr","tr",267,1,0,1,"lent","trnt"
784,"te","te-ment","ment",3,99,"te-rais","rais",67,32,0,1,"lentement","lenterais"
480,"nnées","nnées-last_blank","last_blank",3,1,"lacks-last_blank","lacks",1,0,0,1,"les données","les dolacks"
430,"first_blank","first_blank-les","les",2,31,"first_blank-pom","pom",31,0,0,1,"lesbiennes","pombiennes"
508,"lè","lè-vr","vr",1,2,"eu-vr","eu",2,0,0,1,"lèvre","euvre"
528,"ber","ber-té","té",3,2,"ploi-té","ploi",2,0,1,1,"liberté","liploité"
560,"bre","bre-ment","ment",3,5,"bre-quin","quin",1,4,0,1,"librement","librequin"
657,"li","li-er","er",1,2,"li-pu","pu",2,0,0,1,"lier","lipu"
561,"first_blank","first_blank-li","li",1,458,"first_blank-ro","ro",458,0,0,1,"lieu","roeu"
340,"li","li-gu","gu",1,4,"li-nd","nd",4,0,0,1,"ligue","linde"
960,"mo","mo-nade","nade",3,2,"mo-sphé","sphé",2,0,0,1,"limonade","limosphé"
402,"quide","quide-last_blank","last_blank",2,1,"vulse-last_blank","vulse",1,0,0,1,"liquide","livulse"
299,"li","li-re","re",1,2,"je-re","je",2,0,0,1,"lire","jere"
766,"ca","ca-taire","taire",3,3,"ca-liste","liste",2,1,0,1,"locataire","localiste"
43,"lo","lo-ger","ger",2,4,"lo-tée","tée",3,1,0,1,"loger","lotée"
519,"ciel","ciel-last_blank","last_blank",3,7,"tout-last_blank","tout",7,0,0,1,"logiciel","logitout"
888,"first_blank","first_blank-loi","loi",2,3,"first_blank-sae","sae",3,0,0,1,"loisir","saesir"
409,"ur","ur-d","d",1,2,"ha-d","ha",2,0,0,1,"lourd","lohad"
874,"naire","naire-last_blank","last_blank",2,61,"tante-last_blank","tante",61,0,0,1,"lunaire","lutante"
592,"first_blank","first_blank-lun","lun",2,4,"first_blank-nea","nea",4,0,0,1,"lundi","neadi"
875,"lu","lu-ne","ne",1,2,"lu-mé","mé",2,0,0,1,"lune","lumé"
136,"lu","lu-nettes","nettes",2,1,"lu-meuses","meuses",1,0,0,1,"lunettes","lumeuses"
135,"fia","fia-last_blank","last_blank",2,5,"dog-last_blank","dog",5,0,0,1,"mafia","madog"
112,"sin","sin-last_blank","last_blank",3,25,"geur-last_blank","geur",25,0,1,1,"magasin","magageur"
308,"tique","tique-last_blank","last_blank",3,211,"teurs-last_blank","teurs",232,21,0,1,"magnétique","magnéteurs"
373,"fique","fique-last_blank","last_blank",3,14,"tente-last_blank","tente",14,0,0,1,"magnifique","magnitente"
113,"ma","ma-in","in",1,9,"po-in","po",9,0,0,1,"main","poin"
39,"first_blank","first_blank-maî","maî",2,20,"first_blank-goû","goû",20,0,0,1,"maîtresse","goûtresse"
33,"jes","jes-té","té",3,1,"flir-té","flir",1,0,1,1,"majesté","maflirté"
997,"té","té-last_blank","last_blank",4,917,"té-moignent","moignent",1,916,2,5,"majorité","majoritémoignent"
229,"ma","ma-l","l",1,1,"eh-l","eh",1,0,0,1,"mal","ehl"
583,"lade","lade-last_blank","last_blank",2,13,"site-last_blank","site",13,0,0,1,"malade","masite"
881,"tion","tion-last_blank","last_blank",4,1033,"ments-last_blank","ments",232,801,1,1,"malédiction","malédicments"
585,"reux","reux-last_blank","last_blank",3,33,"more-last_blank","more",33,0,0,1,"malheureux","malheumore"
971,"first_blank","first_blank-mal","mal",2,131,"first_blank-ter","ter",131,0,0,1,"mallette","terlette"
588,"ta","ta-tion","tion",5,119,"ta-nesque","nesque",1,118,2,1,"manifestation","manifestanesque"
769,"ma","ma-quette","quette",2,1,"ma-nentes","nentes",1,0,0,2,"maquette","manentes"
219,"thon","thon-last_blank","last_blank",3,6,"suel-last_blank","suel",6,0,0,1,"marathon","marasuel"
379,"ri","ri-last_blank","last_blank",2,209,"ley-last_blank","ley",192,17,1,1,"mari","maley"
597,"ma","ma-rin","rin",2,3,"ma-qui","qui",3,0,0,1,"marin","maqui"
759,"ma","ma-rq","rq",1,3,"ma-go","go",3,0,0,1,"marque","magoue"
107,"mar","mar-ron","ron",2,3,"che-ron","che",3,0,0,1,"marron","cheron"
979,"ma","ma-rs","rs",1,2,"ma-ig","ig",2,0,0,1,"mars","maig"
381,"cu","cu-lin","lin",3,1,"cu-sées","sées",1,0,1,1,"masculin","mascusées"
209,"me","me-c","c",1,1,"ui-c","ui",1,0,0,1,"mec","uic"
836,"chant","chant-last_blank","last_blank",2,48,"rions-last_blank","rions",48,0,0,2,"méchant","mérions"
771,"di","di-cal","cal",3,5,"di-quer","quer",5,0,1,1,"médical","médiquer"
161,"me","me-mb","mb",1,2,"me-et","et",2,0,0,1,"membre","meetre"
610,"songe","songe-last_blank","last_blank",2,1,"tomne-last_blank","tomne",1,0,0,1,"mensonge","mentomne"
313,"first_blank","first_blank-men","men",2,106,"first_blank-cas","cas",105,1,0,1,"mental","castal"
663,"me","me-r","r",1,2,"uo-r","uo",2,0,0,1,"mer","uor"
64,"ce","ce-naire","naire",3,1,"ce-rises","rises",1,0,0,1,"mercenaire","mercerises"
698,"mè","mè-re","re",1,3,"sp-re","sp",3,0,0,1,"mère","spre"
272,"ri","ri-ter","ter",3,4,"ri-rais","rais",4,0,1,1,"mériter","mérirais"
912,"thode","thode-last_blank","last_blank",2,2,"plose-last_blank","plose",2,0,0,1,"méthode","méplose"
452,"first_blank","first_blank-meu","meu",2,9,"first_blank-bin","bin",9,0,0,1,"meugler","bingler"
142,"mi","mi-le","le",1,3,"tè-le","tè",3,0,0,1,"mile","tèle"
141,"mi","mi-ll","ll",1,4,"ue-ll","ue",4,0,0,1,"mille","uelle"
621,"lion","lion-last_blank","last_blank",2,15,"riel-last_blank","riel",15,0,0,1,"million","milriel"
334,"naire","naire-last_blank","last_blank",3,61,"sants-last_blank","sants",60,1,0,1,"millionnaire","millionsants"
337,"mi","mi-nc","nc",1,2,"mi-me","me",2,0,0,1,"mince","mimee"
564,"mi","mi-ng","ng",1,1,"mi-tr","tr",1,0,0,1,"ming","mitr"
618,"nuit","nuit-last_blank","last_blank",2,1,"gune-last_blank","gune",1,0,0,1,"minuit","migune"
692,"sé","sé-rable","rable",3,1,"sé-rieux","rieux",1,0,0,1,"misérable","misérieux"
937,"derne","derne-last_blank","last_blank",2,4,"niere-last_blank","niere",4,0,0,1,"moderne","moniere"
745,"mo","mo-in","in",1,7,"mo-nu","nu",7,0,0,1,"moine","monue"
852,"mo","mo-is","is",1,4,"mo-du","du",4,0,0,1,"mois","modu"
101,"éri","éri-last_blank","last_blank",3,1,"pise-last_blank","pise",1,0,1,1,"mon chéri","mon chpise"
225,"mo","mo-ns","ns",1,3,"mo-po","po",3,0,0,1,"monstre","mopotre"
891,"nu","nu-ment","ment",3,1,"nu-phar","phar",1,0,0,1,"monument","monuphar"
375,"tel","tel-last_blank","last_blank",2,32,"can-last_blank","can",32,0,0,1,"mortel","morcan"
708,"mo","mo-t","t",1,1,"oî-t","oî",1,0,0,1,"mot","oît"
31,"mo","mo-tif","tif",2,1,"mo-ras","ras",1,0,0,1,"motif","moras"
175,"mu","mu-r","r",1,1,"ur-r","ur",1,0,0,1,"mur","urr"
555,"th","th-e","e",1,5,"ém-e","ém",5,0,0,1,"mythe","myéme"
443,"first_blank","first_blank-nais","nais",2,8,"first_blank-frin","frin",8,0,0,1,"naissance","frinsance"
231,"ïv","ïv-e","e",1,1,"be-e","be",1,0,0,1,"naïve","nabee"
436,"nale","nale-last_blank","last_blank",3,36,"vées-last_blank","vées",35,1,0,1,"nationale","natiovées"
62,"rel","rel-last_blank","last_blank",3,28,"lage-last_blank","lage",28,0,1,1,"naturel","natulage"
432,"le","le-ment","ment",5,174,"le-dogues","dogues",1,173,2,1,"naturellement","naturelledogues"
401,"na","na-val","val",2,2,"na-gea","gea",2,0,0,1,"naval","nagea"
100,"saire","saire-last_blank","last_blank",3,12,"gniez-last_blank","gniez",12,0,0,1,"nécessaire","nécesgniez"
643,"rf","rf-last_blank","last_blank",1,13,"là-last_blank","là",13,0,0,1,"nerf","nelà"
545,"first_blank","first_blank-net","net",2,37,"first_blank-cir","cir",37,0,0,1,"nettoyer","cirtoyer"
665,"first_blank","first_blank-ni","ni",1,204,"first_blank-ve","ve",204,0,0,1,"nid","ved"
839,"first_blank","first_blank-nin","nin",2,4,"first_blank-rhu","rhu",4,0,0,1,"ninja","rhuja"
751,"no","no-bel","bel",2,1,"no-sor","sor",1,0,0,1,"nobel","nosor"
114,"no","no-bl","bl",1,4,"ib-bl","ib",4,0,0,1,"noble","ibble"
969,"ël","ël-last_blank","last_blank",1,5,"tr-last_blank","tr",5,0,0,1,"noël","notr"
927,"no","no-m","m",1,2,"xa-m","xa",2,0,0,1,"nom","xam"
382,"nou","nou-last_blank","last_blank",2,7,"vee-last_blank","vee",7,0,0,1,"nounou","nouvee"
242,"vembre","vembre-last_blank","last_blank",2,1,"beurre-last_blank","beurre",1,0,0,1,"novembre","nobeurre"
86,"first_blank","first_blank-no","no",1,284,"first_blank-pe","pe",284,0,0,1,"noyer","peyer"
659,"nu","nu-last_blank","last_blank",1,50,"e -last_blank","e ",42,8,0,1,"nu","e "
116,"ag","ag-e","e",1,18,"rt-e","rt",18,0,0,1,"nuage","nurte"
873,"it","it-last_blank","last_blank",1,84,"si-last_blank","si",84,0,0,1,"nuit","nusi"
23,"ro","ro-last_blank","last_blank",3,219,"ro-sexuelles","sexuelles",1,218,1,6,"numéro","numérosexuelles"
601,"jet","jet-last_blank","last_blank",2,6,"sos-last_blank","sos",6,0,0,1,"objet","obsos"
351,"va","va-tion","tion",4,19,"va-lente","lente",3,16,1,1,"observation","observalente"
248,"tacle","tacle-last_blank","last_blank",2,4,"riole-last_blank","riole",4,0,0,1,"obstacle","obsriole"
676,"œi","œi-l","l",1,1,"wl-l","wl",1,0,0,1,"œil","wll"
667,"fi","fi-ciel","ciel",5,7,"fi-quants","quants",2,5,2,1,"officiellement","offiquantslement"
287,"frir","frir-last_blank","last_blank",2,2,"fell-last_blank","fell",2,0,0,1,"offrir","offell"
126,"oi","oi-e","e",1,7,"rl-e","rl",7,0,0,1,"oie","rle"
405,"br","br-e","e",1,15,"uv-e","uv",15,0,0,1,"ombre","omuve"
699,"cl","cl-e","e",1,9,"ué-e","ué",9,0,0,1,"oncle","onuée"
406,"tion","tion-nel","nel",4,37,"shrap-nel","shrap",1,36,1,1,"opérationnel","opérashrapnel"
208,"first_blank","first_blank-op","op",3,108,"first_blank-chan","chan",107,1,2,1,"opposé","chanposé"
792,"miste","miste-last_blank","last_blank",3,16,"tiens-last_blank","tiens",16,0,0,1,"optimiste","optitiens"
88,"chestre","chestre-last_blank","last_blank",2,1,"centres-last_blank","centres",1,0,0,1,"orchestre","orcentres"
448,"di","di-naire","naire",3,2,"di-sants","sants",2,0,0,1,"ordinaire","ordisants"
677,"ser","ser-last_blank","last_blank",4,432,"ser-pillières","pillières",1,431,1,6,"organiser","organiserpillières"
342,"gasme","gasme-last_blank","last_blank",2,1,"gubre-last_blank","gubre",1,0,0,1,"orgasme","orgubre"
273,"gueil","gueil-last_blank","last_blank",2,1,"gnies-last_blank","gnies",1,0,0,1,"orgueil","orgnies"
210,"first_blank","first_blank-ori","ori",3,22,"first_blank-abat","abat",22,0,1,1,"original","abatginal"
222,"li","li-nat","nat",4,1,"li-tions","tions",1,0,2,1,"orphelinat","orphelitions"
224,"os","os-last_blank","last_blank",1,37,"e -last_blank","e ",42,5,0,1,"os","e "
750,"ot","ot-ag","ag",1,2,"ot-su","su",2,0,0,1,"otage","otsue"
785,"bliez","bliez-last_blank","last_blank",2,6,"ciles-last_blank","ciles",6,0,0,1,"oubliez","ouciles"
346,"es","es-t","t",1,12,"ar-t","ar",12,0,0,1,"ouest","ouart"
931,"ra","ra-gan","gan",3,1,"ra-fler","fler",1,0,1,1,"ouragan","ourafler"
574,"ou","ou-rs","rs",1,7,"ye-rs","ye",7,0,0,1,"ours","yers"
487,"til","til-last_blank","last_blank",2,8,"ryn-last_blank","ryn",8,0,0,1,"outil","ouryn"
386,"ver","ver-ture","ture",3,3,"ver-sons","sons",3,0,0,1,"ouverture","ouversons"
384,"vrir","vrir-last_blank","last_blank",2,9,"rish-last_blank","rish",9,0,0,1,"ouvrir","ourish"
364,"first_blank","first_blank-ov","ov",2,14,"first_blank-pha","pha",14,0,1,1,"ovni","phani"
69,"fique","fique-last_blank","last_blank",3,14,"cente-last_blank","cente",14,0,0,1,"pacifique","pacicente"
419,"pa","pa-in","in",1,4,"pa-va","va",4,0,0,1,"pain","pava"
156,"pa","pa-lais","lais",2,2,"pa-sian","sian",2,0,0,1,"palais","pasian"
586,"pa","pa-last_blank","last_blank",2,66,"pa-trouillant","trouillant",1,65,0,5,"papa","papatrouillant"
897,"pier","pier-last_blank","last_blank",2,13,"mers-last_blank","mers",13,0,0,1,"papier","pamers"
669,"pillon","pillon-last_blank","last_blank",2,2,"villes-last_blank","villes",2,0,0,1,"papillon","pavilles"
324,"dis","dis-last_blank","last_blank",3,51,"nage-last_blank","nage",50,1,1,1,"paradis","paranage"
411,"noïaque","noïaque-last_blank","last_blank",3,1,"nuyante-last_blank","nuyante",1,0,0,1,"paranoïaque","paranuyante"
355,"don","don-ner","ner",3,10,"chaî-ner","chaî",2,8,1,1,"pardonner","parchaîner"
786,"par","par-fois","fois",2,1,"par-lers","lers",1,0,0,1,"parfois","parlers"
853,"le","le-ment","ment",3,174,"le-vées","vées",5,169,0,1,"parlement","parlevées"
686,"par","par-ler","ler",2,3,"par-tia","tia",3,0,0,1,"parler","partia"
2,"tir","tir-last_blank","last_blank",2,46,"mon-last_blank","mon",46,0,0,1,"partir","parmon"
157,"sa","sa-ger","ger",3,6,"sa-line","line",3,3,1,1,"passager","passaline"
492,"sion","sion-nant","nant",3,3,"tour-nant","tour",3,0,0,1,"passionnant","pastournant"
929,"tate","tate-last_blank","last_blank",2,7,"dose-last_blank","dose",7,0,0,1,"patate","padose"
525,"tience","tience-last_blank","last_blank",2,2,"vieuse-last_blank","vieuse",2,0,0,1,"patience","pavieuse"
173,"tient","tient-last_blank","last_blank",2,11,"fiait-last_blank","fiait",11,0,0,1,"patient","pafiait"
456,"moine","moine-last_blank","last_blank",3,3,"visse-last_blank","visse",3,0,0,1,"patrimoine","patrivisse"
819,"uv","uv-re","re",1,14,"ar-re","ar",14,0,0,1,"pauvre","paarre"
527,"pé","pé-ché","ché",2,2,"pé-tue","tue",2,0,0,1,"péché","pétue"
317,"pe","pe-in","in",1,11,"pe-lo","lo",11,0,0,1,"peine","peloe"
262,"first_blank","first_blank-pein","pein",2,6,"first_blank-evan","evan",6,0,0,1,"peinture","evanture"
959,"first_blank","first_blank-pen","pen",2,125,"first_blank-har","har",125,0,0,1,"pension","harsion"
423,"per","per-dant","dant",2,1,"per-bare","bare",1,0,0,1,"perdant","perbare"
45,"mettre","mettre-last_blank","last_blank",2,10,"mètres-last_blank","mètres",10,0,0,1,"permettre","permètres"
702,"son","son-nage","nage",3,1,"son-giez","giez",1,0,0,1,"personnage","persongiez"
494,"nel","nel-last_blank","last_blank",3,69,"wood-last_blank","wood",71,2,1,1,"personnel","personwood"
653," fils"," fils-last_blank","last_blank",3,1,"renes-last_blank","renes",1,0,0,1,"petit fils","petitrenes"
703,"pe","pe-u","u",1,1,"nc-u","nc",1,0,0,1,"peu","ncu"
753,"t être","t être-last_blank","last_blank",2,1,"plâtre-last_blank","plâtre",1,0,0,1,"peut être","peuplâtre"
722,"as","as-e","e",1,7,"èv-e","èv",7,0,0,1,"phase","phève"
956,"no","no-mène","mène",3,1,"no-riez","riez",1,0,0,1,"phénomène","phénoriez"
800,"so","so-phie","phie",4,2,"so-ciaux","ciaux",2,0,1,1,"philosophie","philosociaux"
447,"first_blank","first_blank-pia","pia",2,8,"first_blank-ope","ope",8,0,0,1,"piano","openo"
44,"èg","èg-e","e",1,3,"ew-e","ew",3,0,0,1,"piège","piewe"
276,"pi","pi-ng","ng",1,3,"ve-ng","ve",3,0,0,1,"ping","veng"
125,"que","que-nique","nique",3,1,"que-taire","taire",1,0,0,1,"pique-nique","piquetaire"
596,"rate","rate-last_blank","last_blank",2,8,"mand-last_blank","mand",8,0,0,1,"pirate","pimand"
51,"let","let-last_blank","last_blank",3,58,"qués-last_blank","qués",58,0,1,1,"pistolet","pistoqués"
214,"ag","ag-e","e",1,18,"rt-e","rt",18,0,0,1,"plage","plrte"
11,"first_blank","first_blank-pl","pl",1,164,"first_blank-ru","ru",164,0,0,1,"plainte","ruainte"
507,"sir","sir-last_blank","last_blank",2,19,"flé-last_blank","flé",19,0,0,1,"plaisir","plaiflé"
674,"nète","nète-last_blank","last_blank",2,3,"fure-last_blank","fure",3,0,0,1,"planète","plafure"
892,"ni","ni-fier","fier",3,4,"ni-ront","ront",4,0,0,1,"planifier","planiront"
400,"first_blank","first_blank-pl","pl",1,164,"first_blank-ru","ru",164,0,0,1,"plante","ruante"
890,"te","te-forme","forme",3,1,"te-naude","naude",1,0,0,1,"plate-forme","platenaude"
577,"boy","boy-last_blank","last_blank",2,12,"glé-last_blank","glé",12,0,0,1,"playboy","playglé"
651,"pl","pl-ui","ui",1,2,"fr-ui","fr",2,0,0,1,"pluie","fruie"
631,"pl","pl-us","us",1,3,"am-us","am",3,0,0,1,"plus","amus"
900," bas"," bas-last_blank","last_blank",2,1,"viks-last_blank","viks",1,0,0,1,"plus bas","plusviks"
732,"po","po-ch","ch",1,2,"ts-ch","ts",2,0,0,1,"poche","tsche"
298,"èt","èt-e","e",1,5,"ik-e","ik",5,0,0,1,"poète","poike"
538,"id","id-s","s",1,5,"ok-s","ok",5,0,0,1,"poids","pooks"
951,"first_blank","first_blank-poi","poi",2,52,"first_blank-mul","mul",52,0,0,1,"poison","mulson"
36,"li","li-last_blank","last_blank",2,156,"per-last_blank","per",157,1,1,1,"poli","poper"
725,"li","li-tique","tique",3,4,"li-sions","sions",4,0,0,1,"politique","polisions"
420,"po","po-mm","mm",1,2,"po-co","co",2,0,0,1,"pomme","pocoe"
953,"mp","mp-e","e",1,7,"as-e","as",7,0,0,1,"pompe","poase"
952,"po","po-nt","nt",1,4,"po-ui","ui",4,0,0,1,"pont","poui"
139,"laire","laire-last_blank","last_blank",3,66,"tives-last_blank","tives",66,0,0,1,"populaire","poputives"
435,"la","la-tion","tion",4,71,"la-porte","porte",2,69,1,1,"population","populaporte"
982,"rc","rc-last_blank","last_blank",1,10,"ex-last_blank","ex",10,0,0,1,"porc","poex"
393,"por","por-no","no",2,6,"lia-no","lia",6,0,0,1,"porno","liano"
730,"tail","tail-last_blank","last_blank",2,9,"vrai-last_blank","vrai",9,0,0,1,"portail","porvrai"
330,"ecours","ecours-last_blank","last_blank",4,1,"cketts-last_blank","cketts",1,0,0,1,"porter secours","porter scketts"
650,"si","si-tif","tif",3,4,"si-gnés","gnés",4,0,1,1,"positif","posignés"
150,"de","de-vin","vin",3,1,"de-chai","chai",1,0,1,1,"pot-de-vin","potdechai"
910,"tiel","tiel-last_blank","last_blank",3,17,"jour-last_blank","jour",17,0,0,1,"potentiel","potenjour"
846,"tins","tins-last_blank","last_blank",2,29,"trez-last_blank","trez",29,0,0,1,"potins","potrez"
294,"canon","canon-last_blank","last_blank",4,1,"nouil-last_blank","nouil",1,0,0,1,"poudre à canon","poudre à nouil"
275,"pou","pou-let","let",2,1,"gre-let","gre",1,0,0,1,"poulet","grelet"
509,"pou","pou-pée","pée",2,1,"pou-net","net",1,0,0,1,"poupée","pounet"
923,"first_blank","first_blank-pous","pous",2,36,"first_blank-équi","équi",36,0,0,1,"pousser","équiser"
259,"pre","pre-mière","mière",2,1,"fir-mière","fir",1,0,0,1,"première","firmière"
187,"nce de","nce de-last_blank","last_blank",5,1,"toyées-last_blank","toyées",1,0,0,1,"prendre conscience de","prendre conscietoyées"
831,"cu","cu-per","per",4,3,"cu-table","table",2,1,2,1,"préoccuper","préoccutable"
715,"ra","ra-tion","tion",4,106,"ra-peute","peute",5,101,1,1,"préparation","préparapeute"
570,"ès","ès-last_blank","last_blank",1,7,"wn-last_blank","wn",7,0,0,1,"près","prwn"
5,"sence","sence-last_blank","last_blank",2,5,"suite-last_blank","suite",5,0,0,1,"présence","présuite"
580,"ser","ser-ver","ver",3,4,"ser-tion","tion",4,0,1,1,"préserver","présertion"
740,"êt","êt-last_blank","last_blank",1,4,"nj-last_blank","nj",4,0,0,1,"prêt","prnj"
746,"pr","pr-eu","eu",1,5,"gu-eu","gu",5,0,0,1,"preuve","gueuve"
794,"im","im-e","e",1,13,"ur-e","ur",13,0,0,1,"prime","prure"
748,"cesse","cesse-last_blank","last_blank",2,1,"feene-last_blank","feene",1,0,0,1,"princesse","prinfeene"
495,"pri","pri-vé","vé",2,1,"slo-vé","slo",1,0,0,1,"privé","slové"
464,"lège","lège-last_blank","last_blank",3,5,"trus-last_blank","trus",5,0,0,1,"privilège","privitrus"
752,"té","té-last_blank","last_blank",5,917,"té-moignent","moignent",1,916,2,4,"probabilité","probabilitémoignent"
207,"cé","cé-der","der",3,8,"cé-rale","rale",2,6,1,1,"procéder","procérale"
791,"teur","teur-last_blank","last_blank",3,358,"rons-last_blank","rons",381,23,0,1,"producteur","producrons"
529,"fil","fil-last_blank","last_blank",2,2,"clu-last_blank","clu",2,0,0,1,"profil","proclu"
552,"fit","fit-last_blank","last_blank",2,6,"nek-last_blank","nek",6,0,0,1,"profit","pronek"
739,"pr","pr-oi","oi",1,2,"pr-iè","iè",2,0,0,1,"proie","prièe"
763,"jet","jet-last_blank","last_blank",2,6,"sos-last_blank","sos",6,0,0,1,"projet","prosos"
899,"ser","ser-last_blank","last_blank",3,432,"ront-last_blank","ront",429,3,1,1,"proposer","proporont"
247,"té","té-ger","ger",3,1,"té-rium","rium",1,0,1,1,"protéger","protérium"
989,"téine","téine-last_blank","last_blank",2,1,"siére-last_blank","siére",1,0,0,1,"protéine","prosiére"
812,"first_blank","first_blank-pu","pu",1,223,"first_blank-af","af",223,0,0,1,"pub","afb"
321,"first_blank","first_blank-puis","puis",2,12,"first_blank-paye","paye",12,0,0,1,"puissance","payesance"
56,"pu","pu-nir","nir",2,1,"pu-las","las",1,0,0,1,"punir","pulas"
117,"pitre","pitre-last_blank","last_blank",2,2,"ditch-last_blank","ditch",2,0,0,1,"pupitre","puditch"
893,"ra","ra-mide","mide",3,1,"ra-ghav","ghav",1,0,0,1,"pyramide","pyraghav"
773,"first_blank","first_blank-quan","quan",3,13,"first_blank-elec","elec",13,0,0,1,"quantité","electité"
138,"el","el-last_blank","last_blank",1,41,"ja-last_blank","ja",41,0,0,1,"quel","quja"
493,"first_blank","first_blank-ques","ques",2,21,"first_blank-west","west",21,0,0,1,"question","westtion"
185,"ciste","ciste-last_blank","last_blank",2,6,"zième-last_blank","zième",6,0,0,1,"raciste","razième"
841,"ra","ra-dar","dar",2,1,"ra-pla","pla",1,0,0,1,"radar","rapla"
914,"dio","dio-last_blank","last_blank",2,12,"lov-last_blank","lov",12,0,0,1,"radio","ralov"
137,"first_blank","first_blank-rai","rai",2,44,"first_blank-spé","spé",44,0,0,1,"raison","spéson"
481,"port","port-last_blank","last_blank",2,23,"pées-last_blank","pées",23,0,0,1,"rapport","rappées"
701,"ra","ra-yo","yo",1,5,"ra-id","id",5,0,0,1,"rayon","raidn"
455,"ra","ra-yu","yu",1,2,"ra-pé","pé",2,0,0,1,"rayure","rapére"
372,"first_blank","first_blank-réa","réa",3,41,"first_blank-écou","écou",41,0,1,1,"réalité","écoulité"
350,"cherche","cherche-last_blank","last_blank",2,1,"chestre-last_blank","chestre",1,0,0,1,"recherche","rechestre"
512,"cher","cher-cher","cher",3,2,"agui-cher","agui",1,1,0,1,"rechercher","reaguicher"
802,"con","con-nais","nais",4,20,"con-treux","treux",1,19,1,1,"reconnaissant","recontreuxsant"
845,"naître","naître-last_blank","last_blank",3,2,"pierre-last_blank","pierre",2,0,0,1,"reconnaître","reconpierre"
626,"flexion","flexion-last_blank","last_blank",2,4,"blaient-last_blank","blaient",4,0,0,3,"réflexion","réblaient"
4,"re","re-fuge","fuge",2,1,"re-fonc","fonc",1,0,0,1,"refuge","refonc"
421,"fu","fu-gié","gié",3,1,"fu-mant","mant",1,0,1,1,"réfugié","réfumant"
502,"ser","ser-last_blank","last_blank",3,432,"ront-last_blank","ront",429,3,1,1,"refuser","refuront"
94,"gi","gi-ment","ment",3,2,"gi-gote","gote",1,1,0,1,"régiment","régigote"
1000,"gion","gion-last_blank","last_blank",2,6,"thos-last_blank","thos",6,0,0,1,"région","réthos"
569,"gio","gio-nal","nal",3,2,"jour-nal","jour",2,0,1,1,"régional","réjournal"
768,"ré","ré-gner","gner",2,1,"ré-nine","nine",1,0,0,1,"régner","rénine"
824,"re","re-in","in",1,9,"po-in","po",9,0,0,1,"reine","poine"
220,"la","la-tif","tif",3,5,"la-vant","vant",2,3,1,1,"relatif","relavant"
799,"ureuse","ureuse-last_blank","last_blank",6,1,"lonnent-last_blank","lonnent",1,0,1,1,"relation amoureuse","relation amolonnent"
803,"cer","cer-last_blank","last_blank",3,91,"lant-last_blank","lant",89,2,1,1,"remplacer","remplalant"
543,"re","re-nard","nard",2,1,"re-tait","tait",1,0,0,1,"renard","retait"
807,"pa","pa-rer","rer",3,10,"pa-tion","tion",11,1,1,1,"réparer","répation"
809,"pondre","pondre-last_blank","last_blank",2,3,"phoïde-last_blank","phoïde",3,0,0,1,"répondre","réphoïde"
723,"quin","quin-last_blank","last_blank",2,20,"sing-last_blank","sing",20,0,0,1,"requin","resing"
909,"ré","ré-seau","seau",2,1,"ré-bral","bral",1,0,0,1,"réseau","rébral"
268,"té","té-last_blank","last_blank",6,917,"té-moignent","moignent",1,916,2,3,"responsabilité","responsabilitémoignent"
813,"res","res-ter","ter",2,3,"dra-ter","dra",3,0,0,1,"rester","drater"
814,"tat","tat-last_blank","last_blank",3,9,"born-last_blank","born",9,0,1,1,"résultat","résulborn"
988,"la","la-tion","tion",4,71,"la-porte","porte",2,69,1,1,"révélation","révélaporte"
177,"um","um-last_blank","last_blank",1,25,"ay-last_blank","ay",25,0,0,1,"rhum","rhay"
6,"di","di-cule","cule",3,1,"di-vers","vers",1,0,0,1,"ridicule","ridivers"
778,"ri","ri-en","en",1,8,"ri-ty","ty",8,0,0,1,"rien","rity"
234,"ri","ri-sq","sq",1,3,"ri-pt","pt",3,0,0,1,"risque","riptue"
235,"first_blank","first_blank-ris","ris",2,29,"first_blank-lon","lon",29,0,0,1,"risqué","lonqué"
522,"tuel","tuel-last_blank","last_blank",2,15,"vrez-last_blank","vrez",15,0,0,1,"rituel","rivrez"
576,"ro","ro-bot","bot",2,1,"ro-wie","wie",1,0,0,1,"robot","rowie"
121,"ro","ro-ch","ch",1,4,"ro-mu","mu",4,0,0,1,"roche","romue"
223,"ro","ro-deo","deo",2,1,"ro-thy","thy",1,0,0,1,"rodeo","rothy"
442,"main","main-last_blank","last_blank",2,15,"nois-last_blank","nois",15,0,0,1,"romain","ronois"
514,"meo","meo-last_blank","last_blank",2,3,"laï-last_blank","laï",3,0,0,1,"romeo","rolaï"
335,"ro","ro-nd","nd",1,4,"ro-po","po",4,0,0,1,"rond","ropo"
504,"ug","ug-e","e",1,6,"ou-e","ou",6,0,0,1,"rouge","rooue"
685,"à lèvres","à lèvres-last_blank","last_blank",3,1,"noeuvres-last_blank","noeuvres",1,0,0,1,"rouge à lèvres","rouge noeuvres"
737,"ro","ro-ui","ui",1,7,"ro-ck","ck",7,0,0,1,"rouillé","rockllé"
83,"ro","ro-ut","ut",1,3,"ro-dy","dy",3,0,0,1,"route","rodye"
827,"first_blank","first_blank-ro","ro",1,458,"first_blank-li","li",458,0,0,1,"royal","liyal"
828,"ru","ru-e","e",1,1,"mk-e","mk",1,0,0,1,"rue","mke"
896,"th","th-me","me",1,4,"na-me","na",4,0,0,1,"rythme","ryname"
675,"sa","sa-in","in",1,8,"in-in","in",8,0,0,1,"sain","inin"
76,"sir","sir-last_blank","last_blank",2,19,"bré-last_blank","bré",19,0,0,1,"saisir","saibré"
250,"sa","sa-le","le",1,5,"nu-le","nu",5,0,0,1,"sale","nule"
145,"sa","sa-ll","ll",1,2,"du-ll","du",2,0,0,1,"salle","dulle"
274,"di","di-last_blank","last_blank",3,122,"sées-last_blank","sées",122,0,2,1,"samedi","samesées"
450,"wich","wich-last_blank","last_blank",2,8,"bien-last_blank","bien",8,0,0,1,"sandwich","sandbien"
473,"spoir","spoir-last_blank","last_blank",3,1,"shane-last_blank","shane",1,0,0,1,"sans espoir","sans eshane"
300,"san","san-té","té",2,2,"jec-té","jec",2,0,0,1,"santé","jecté"
204,"fait","fait-last_blank","last_blank",3,23,"pées-last_blank","pées",23,0,0,1,"satisfait","satispées"
189,"ntrer","ntrer-last_blank","last_blank",4,1,"doirs-last_blank","doirs",1,0,0,1,"se concentrer","se concedoirs"
58,"oduire","oduire-last_blank","last_blank",3,1,"cruste-last_blank","cruste",1,0,0,1,"se produire","se prcruste"
445,"emettre","emettre-last_blank","last_blank",3,1,"ckettes-last_blank","ckettes",1,0,0,1,"se remettre","se rckettes"
641,"sé","sé-cher","cher",2,3,"sé-dées","dées",2,1,0,1,"sécher","sédées"
747,"daire","daire-last_blank","last_blank",3,12,"stone-last_blank","stone",12,0,0,1,"secondaire","seconstone"
624,"conde","conde-last_blank","last_blank",2,6,"cille-last_blank","cille",6,0,0,1,"seconde","secille"
647,"cret","cret-last_blank","last_blank",2,6,"bers-last_blank","bers",6,0,0,1,"secret","sebers"
68,"cré","cré-taire","taire",3,1,"cré-chait","chait",1,0,0,1,"secrétaire","secréchait"
681,"first_blank","first_blank-sec","sec",2,15,"first_blank-goo","goo",15,0,0,1,"section","gootion"
850,"té","té-last_blank","last_blank",4,917,"té-moignent","moignent",1,916,2,5,"sécurité","sécuritémoignent"
233,"first_blank","first_blank-sei","sei",2,18,"first_blank-phy","phy",18,0,0,1,"seigneur","phygneur"
192,"naire","naire-last_blank","last_blank",3,61,"sants-last_blank","sants",60,1,0,1,"séminaire","sémisants"
515,"nior","nior-last_blank","last_blank",2,3,"dour-last_blank","dour",3,0,0,1,"sénior","sédour"
887,"tion","tion-nel","nel",4,37,"shrap-nel","shrap",1,36,1,1,"sensationnel","sensashrapnel"
664,"tembre","tembre-last_blank","last_blank",2,1,"tèbres-last_blank","tèbres",1,0,0,1,"septembre","septèbres"
562,"gent","gent-last_blank","last_blank",2,9,"rins-last_blank","rins",9,0,0,1,"sergent","serrins"
339,"sé","sé-ries","ries",2,1,"sé-dais","dais",1,0,0,1,"séries","sédais"
862,"veur","veur-last_blank","last_blank",2,15,"cent-last_blank","cent",15,0,0,1,"serveur","sercent"
579,"vice","vice-last_blank","last_blank",2,3,"fils-last_blank","fils",3,0,0,1,"service","serfils"
876,"se","se-ul","ul",1,6,"se-cu","cu",6,0,0,1,"seule","secue"
710,"xu","xu-el","el",1,4,"ré-el","ré",4,0,0,1,"sexuel","seréel"
581,"first_blank","first_blank-shé","shé",2,4,"first_blank-gae","gae",4,0,0,1,"shérif","gaerif"
999,"first_blank","first_blank-sher","sher",2,14,"first_blank-amor","amor",14,0,0,1,"sherlock","amorlock"
243,"si","si-èc","èc",1,2,"br-èc","br",2,0,0,1,"siècle","brècle"
399,"si","si-es","es",1,2,"si-ty","ty",2,0,0,1,"sieste","sityte"
470,"ca","ca-tion","tion",5,85,"ca-pables","pables",2,83,2,1,"signification","significapables"
124,"cieux","cieux-last_blank","last_blank",3,25,"cules-last_blank","cules",25,0,0,1,"silencieux","silencules"
271,"laire","laire-last_blank","last_blank",3,66,"tives-last_blank","tives",66,0,0,1,"similaire","simitives"
366,"ple","ple-ment","ment",3,4,"ple-gate","gate",1,3,0,1,"simplement","simplegate"
438,"si","si-ng","ng",1,7,"si-ra","ra",7,0,0,1,"singe","sirae"
227,"tion","tion-last_blank","last_blank",3,1033,"ment-last_blank","ment",1219,186,0,1,"situation","situament"
501,"so","so-br","br",1,2,"so-uc","uc",2,0,0,1,"sobre","souce"
184,"cié","cié-té","té",3,1,"ajus-té","ajus",1,0,1,1,"société","soajusté"
418,"ur","ur-last_blank","last_blank",1,56,"ke-last_blank","ke",56,0,0,1,"sœur","sœke"
566,"fa","fa-last_blank","last_blank",2,19,"gin-last_blank","gin",19,0,1,1,"sofa","sogin"
215,"so","so-ie","ie",1,3,"la-ie","la",3,0,0,1,"soie","laie"
911,"so","so-l","l",1,1,"eh-l","eh",1,0,0,1,"sol","ehl"
446,"dat","dat-last_blank","last_blank",2,4,"fly-last_blank","fly",4,0,0,1,"soldat","solfly"
27,"di","di-fier","fier",4,3,"di-sants","sants",2,1,1,1,"solidifier","solidisants"
635,"so","so-mm","mm",1,4,"so-ye","ye",4,0,0,1,"somme","soyee"
333,"tir","tir-last_blank","last_blank",2,46,"mon-last_blank","mon",46,0,0,1,"sortir","sormon"
288,"france","france-last_blank","last_blank",2,1,"frette-last_blank","frette",1,0,0,1,"souffrance","souffrette"
642,"frir","frir-last_blank","last_blank",2,2,"coin-last_blank","coin",2,0,0,1,"souffrir","soufcoin"
978,"pape","pape-last_blank","last_blank",2,1,"bose-last_blank","bose",1,0,0,1,"soupape","soubose"
835,"up","up-e","e",1,5,"ai-e","ai",5,0,0,1,"soupe","soaie"
788,"ris","ris-last_blank","last_blank",2,61,"nal-last_blank","nal",61,0,0,1,"souris","sounal"
353,"mer","mer-last_blank","last_blank",4,174,"mer-veilleuses","veilleuses",1,173,0,6,"sous-estimer","sousestimerveilleuses"
96,"sous","sous-ma","ma",3,1,"thel-ma","thel",1,0,0,1,"sous-marin","thelmarin"
963,"first_blank","first_blank-spé","spé",2,44,"first_blank-rai","rai",44,0,0,1,"spécial","raicial"
825,"laire","laire-last_blank","last_blank",4,66,"field-last_blank","field",60,6,0,1,"spectaculaire","spectacufield"
3,"nal","nal-last_blank","last_blank",2,61,"tor-last_blank","tor",61,0,0,1,"spinal","spitor"
291,"tuel","tuel-last_blank","last_blank",3,15,"cott-last_blank","cott",15,0,0,1,"spirituel","spiricott"
92,"st","st-ad","ad",1,3,"in-ad","in",3,0,0,1,"stade","inade"
733,"tut","tut-last_blank","last_blank",2,4,"jon-last_blank","jon",4,0,0,1,"statut","stajon"
257,"ss","ss-last_blank","last_blank",1,48,"nd-last_blank","nd",48,0,0,1,"stress","strend"
296,"cès","cès-last_blank","last_blank",2,6,"tot-last_blank","tot",6,0,0,1,"succès","suctot"
553,"su","su-cer","cer",2,1,"su-nai","nai",1,0,0,1,"sucer","sunai"
619,"su","su-cré","cré",2,1,"su-nic","nic",1,0,0,1,"sucré","sunic"
656,"su","su-d","d",1,1,"rl-d","rl",1,0,0,1,"sud","rld"
614,"cide","cide-last_blank","last_blank",2,24,"dell-last_blank","dell",24,0,0,2,"suicide","suidell"
154,"iv","iv-re","re",1,7,"pè-re","pè",7,0,0,1,"suivre","supère"
461,"per","per-man","man",3,2,"per-cute","cute",2,0,1,1,"superman","supercute"
19,"men","men-taire","taire",4,15,"men-cions","cions",1,14,0,1,"supplémentaire","supplémencions"
67,"port","port-last_blank","last_blank",2,23,"pées-last_blank","pées",23,0,0,1,"support","suppées"
65,"first_blank","first_blank-sup","sup",3,110,"first_blank-char","char",110,0,1,1,"supporter","charporter"
849,"first_blank","first_blank-sû","sû",1,10,"first_blank-ey","ey",10,0,0,1,"sûr","eyr"
682,"rel","rel-last_blank","last_blank",4,28,"nions-last_blank","nions",28,0,2,1,"surnaturel","surnatunions"
655,"sur","sur-nom","nom",2,7,"sur-pre","pre",7,0,0,1,"surnom","surpre"
244,"sur","sur-prendre","prendre",2,1,"tre-prendre","tre",1,0,0,1,"surprendre","treprendre"
356,"pen","pen-du","du",3,3,"frau-du","frau",4,1,1,1,"suspendu","susfraudu"
908,"tôme","tôme-last_blank","last_blank",2,2,"shoe-last_blank","shoe",2,0,0,1,"symptôme","sympshoe"
144,"ta","ta-bl","bl",1,3,"ou-bl","ou",3,0,0,1,"table","ouble"
713,"blette","blette-last_blank","last_blank",2,2,"tiente-last_blank","tiente",2,0,0,1,"tablette","tatiente"
629,"first_blank","first_blank-tâ","tâ",1,21,"first_blank-zu","zu",21,0,0,1,"tâche","zuche"
572,"ta","ta-il","il",1,20,"ta-mi","mi",18,2,0,1,"taille","tamile"
166,"touage","touage-last_blank","last_blank",2,1,"couple-last_blank","couple",1,0,0,1,"tatouage","tacouple"
563,"ta","ta-xi","xi",1,2,"pi-xi","pi",2,0,0,1,"taxi","pixi"
605,"first_blank","first_blank-tech","tech",2,18,"first_blank-éter","éter",18,0,0,1,"technique","éternique"
557,"lé","lé-gramme","gramme",3,1,"lé-preuse","preuse",1,0,0,1,"télégramme","télépreuse"
617,"cope","cope-last_blank","last_blank",3,4,"thur-last_blank","thur",4,0,0,1,"télescope","télesthur"
915,"moin","moin-last_blank","last_blank",2,2,"gnim-last_blank","gnim",2,0,0,1,"témoin","tégnim"
632,"mp","mp-le","le",1,8,"ce-le","ce",8,0,0,1,"temple","tecele"
556,"nèbres","nèbres-last_blank","last_blank",2,2,"ribles-last_blank","ribles",2,0,0,1,"ténèbres","téribles"
428,"nir","nir-last_blank","last_blank",2,45,"cha-last_blank","cha",45,0,0,1,"tenir","techa"
25,"nal","nal-last_blank","last_blank",3,61,"lons-last_blank","lons",60,1,1,1,"terminal","termilons"
995,"te","te-rr","rr",1,5,"te-ly","ly",5,0,0,1,"terre","telye"
465,"rible","rible-last_blank","last_blank",2,2,"diles-last_blank","diles",2,0,0,1,"terrible","terdiles"
304,"e mule","e mule-last_blank","last_blank",4,1,"bouzes-last_blank","bouzes",1,0,0,1,"tête de mule","tête dbouzes"
721,"xt","xt-e","e",1,3,"nj-e","nj",3,0,0,1,"texte","tenje"
939,"first_blank","first_blank-thé","thé",3,16,"first_blank-vien","vien",16,0,1,1,"thérapie","vienrapie"
460,"th","th-on","on",1,4,"bl-on","bl",4,0,0,1,"thon","blon"
867,"ti","ti-mb","mb",1,2,"hu-mb","hu",2,0,0,1,"timbre","humbre"
924,"ti","ti-rer","rer",2,4,"ti-san","san",4,0,0,1,"tirer","tisan"
925,"ti","ti-reur","reur",2,1,"ti-gner","gner",1,0,0,1,"tireur","tigner"
352,"first_blank","first_blank-toi","toi",2,9,"first_blank-qué","qué",9,0,0,1,"toilettes","quélettes"
830,"first_blank","first_blank-tom","tom",2,46,"first_blank-psy","psy",46,0,0,1,"tomber","psyber"
213,"to","to-rt","rt",1,3,"pe-rt","pe",3,0,0,1,"tort","pert"
13,"to","to-tal","tal",2,3,"to-des","des",3,0,0,1,"total","todes"
201,"first_blank","first_blank-tou","tou",2,63,"first_blank-cam","cam",63,0,0,1,"toujours","camjours"
933,"first_blank","first_blank-tour","tour",3,71,"first_blank-pres","pres",68,3,0,1,"tourmenter","presmenter"
936,"tour","tour-ner","ner",2,3,"chon-ner","chon",2,1,0,2,"tourner","chonner"
804,"noi","noi-last_blank","last_blank",2,3,"cup-last_blank","cup",3,0,0,1,"tournoi","tourcup"
239,"à coup","à coup-last_blank","last_blank",3,1,"couple-last_blank","couple",1,0,0,1,"tout à coup","tout couple"
186,"à fait","à fait-last_blank","last_blank",3,1,"couant-last_blank","couant",1,0,0,1,"tout à fait","tout couant"
755,"trai","trai-ter","ter",2,2,"tien-ter","tien",2,0,0,1,"traiter","tienter"
942,"vail","vail-last_blank","last_blank",2,2,"doin-last_blank","doin",2,0,0,1,"travail","tradoin"
360,"e terre","e terre-last_blank","last_blank",5,1,"quêtent-last_blank","quêtent",1,0,0,1,"tremblement de terre","tremblement dquêtent"
820,"sor","sor-last_blank","last_blank",2,9,"pis-last_blank","pis",9,0,0,1,"trésor","trépis"
864,"tri","tri-mer","mer",2,1,"rhu-mer","rhu",1,0,0,1,"trimer","rhumer"
938,"is","is-te","te",1,10,"bu-te","bu",10,0,0,1,"triste","trbute"
469,"first_blank","first_blank-trom","trom",2,34,"first_blank-avan","avan",34,0,0,2,"tromper","avanper"
606,"phée","phée-last_blank","last_blank",2,3,"lude-last_blank","lude",3,0,0,1,"trophée","trolude"
615,"tu","tu-eu","eu",1,4,"li-eu","li",4,0,0,1,"tueur","lieur"
127,"tu","tu-meur","meur",2,1,"tu-cieu","cieu",1,0,0,1,"tumeur","tucieu"
172,"ty","ty-pique","pique",2,1,"ty-ville","ville",1,0,0,1,"typique","tyville"
994,"ssage","ssage-last_blank","last_blank",4,1,"nuyez-last_blank","nuyez",1,0,0,1,"un atterrissage","un atterrinuyez"
707,"first_blank","first_blank-un a","un a",3,1,"first_blank-épel","épel",1,0,0,1,"un autographe","épelutographe"
404," rein"," rein-last_blank","last_blank",2,1,"rexie-last_blank","rexie",1,0,0,1,"un rein","unrexie"
947,"first_blank","first_blank-un","un",1,66,"first_blank-gl","gl",67,1,0,1,"une","gle"
283,"uni","uni-té","té",2,1,"len-té","len",1,0,0,1,"unité","lenté"
425,"vers","vers-last_blank","last_blank",2,27,"nies-last_blank","nies",27,0,0,1,"univers","uninies"
964,"uni","uni-ver","ver",4,12,"éprou-ver","éprou",1,11,2,1,"université","éprouversité"
965,"ur","ur-ge","ge",1,7,"on-ge","on",7,0,0,1,"urgent","ongent"
757,"us","us-in","in",1,3,"us-qu","qu",3,0,0,1,"usine","usque"
302,"first_blank","first_blank-ut","ut",1,17,"first_blank-aa","aa",17,0,0,1,"utile","aaile"
728,"va","va-ch","ch",1,2,"au-ch","au",2,0,0,1,"vache","auche"
696,"va","va-gin","gin",2,1,"va-nes","nes",1,0,0,1,"vagin","vanes"
79,"cule","cule-last_blank","last_blank",3,38,"gers-last_blank","gers",38,0,0,1,"véhicule","véhigers"
61,"ve","ve-in","in",1,3,"ve-ly","ly",3,0,0,1,"veine","velye"
12,"ven","ven-deur","deur",2,2,"cor-deur","cor",2,0,0,1,"vendeur","cordeur"
517,"geance","geance-last_blank","last_blank",2,5,"gantes-last_blank","gantes",5,0,0,1,"vengeance","vengantes"
672,"first_blank","first_blank-ve","ve",1,204,"first_blank-go","go",204,0,0,1,"vent","gont"
861,"e terre","e terre-last_blank","last_blank",3,1,"chambre-last_blank","chambre",1,0,0,2,"ver de terre","ver dchambre"
111,"rr","rr-e","e",1,17,"ad-e","ad",17,0,0,1,"verre","veade"
320,"first_blank","first_blank-vers","vers",3,1,"first_blank-ille","ille",1,0,0,1,"vers le bas","ille le bas"
673,"ve","ve-rt","rt",1,4,"ve-ui","ui",4,0,0,1,"vert","veui"
380,"uv","uv-e","e",1,15,"br-e","br",15,0,0,1,"veuve","vebre"
71,"first_blank","first_blank-vic","vic",2,24,"first_blank-bun","bun",24,0,0,1,"victime","buntime"
719,"vi","vi-de","de",1,8,"ur-de","ur",8,0,0,1,"vide","urde"
506,"vi","vi-eu","eu",1,3,"ou-eu","ou",3,0,0,1,"vieux","oueux"
147,"vi","vi-n","n",1,1,"ld-n","ld",1,0,0,1,"vin","ldn"
478,"rus","rus-last_blank","last_blank",2,38,"zer-last_blank","zer",38,0,0,1,"virus","vizer"
190,"si","si-ter","ter",3,7,"si-gnée","gnée",6,1,1,1,"visiter","visignée"
637,"vi","vi-vant","vant",2,3,"vi-plan","plan",2,1,0,1,"vivant","viplan"
535,"ir","ir-last_blank","last_blank",1,38,"rt-last_blank","rt",38,0,0,1,"voir","vort"
7,"ix","ix-last_blank","last_blank",1,14,"ud-last_blank","ud",14,0,0,1,"voix","voud"
993,"vo","vo-l","l",1,1,"oh-l","oh",1,0,0,1,"vol","ohl"
822,"vo","vo-ler","ler",2,4,"vo-qué","qué",3,1,0,1,"voler","voqué"
226,"vo","vo-leur","leur",2,1,"vo-lone","lone",1,0,0,1,"voleur","volone"
797,"first_blank","first_blank-vr","vr",1,18,"first_blank-it","it",18,0,0,1,"vrai","itai"
108,"shing","shing-ton","ton",3,1,"strat-ton","strat",1,0,0,1,"washington","wastratton"
992,"first_blank","first_blank-whis","whis",2,9,"first_blank-étin","étin",9,0,0,1,"whisky","étinky"
599,"yo","yo-ga","ga",2,1,"yo-jim","jim",1,0,1,1,"yoga","yojim"
973,"zom","zom-bi","bi",2,1,"fia-bi","fia",1,0,0,1,"zombi","fiabi"
170,"zo","zo-o","o",1,1,"mã-o","mã",1,0,0,1,"zoo","mão"
