"word_id","first","original_pair","second","syll","original_freq","replacement_pair","replacement_syll","replacement_freq","freq_diff","char_diff","letter_diff","original_word","replacement_word"
292,"first_blank","first_blank-abend","abend",3,24,"first_blank-brief","brief",24,0,0,2,"abendessen","briefessen"
55,"ab","ab-fall","fall",2,5,"ab-stei","stei",5,0,0,2,"abfall","abstei"
927,"lut","lut-last_blank","last_blank",3,3,"bill-last_blank","bill",3,0,1,1,"absolut","absobill"
781,"ab","ab-spie","spie",3,1,"ab-bild","bild",1,0,0,1,"abspielen","abbildlen"
871,"zei","zei-chen","chen",3,40,"zei-tung","tung",10,30,0,1,"abzeichen","abzeitung"
15,"ab","ab-zug","zug",2,2,"ab-weh","weh",2,0,0,1,"abzug","abweh"
335,"first_blank","first_blank-af","af",2,42,"first_blank-fri","fri",42,0,1,1,"affe","frife"
24,"first_blank","first_blank-afri","afri",2,9,"first_blank-brei","brei",9,0,0,1,"afrika","breika"
155,"en","en-t","t",1,13,"hl-t","hl",13,0,0,1,"agent","aghlt"
876,"first_blank","first_blank-ähn","ähn",2,9,"first_blank-app","app",9,0,0,1,"ähnlich","applich"
378,"ds","ds-last_blank","last_blank",1,46,"za-last_blank","za",46,0,0,1,"aids","aiza"
457,"ta","ta-sche","sche",4,26,"ta-ments","ments",3,23,1,1,"aktentasche","aktentaments"
16,"tiv","tiv-last_blank","last_blank",2,57,"lon-last_blank","lon",57,0,0,1,"aktiv","aklon"
105,"ti","ti-vie","vie",4,11,"ti-gungs","gungs",6,5,2,1,"aktivieren","aktigungsren"
19,"al","al-ar","ar",1,5,"al-ls","ls",5,0,0,1,"alarm","allsm"
843,"first_blank","first_blank-alb","alb",2,4,"first_blank-fak","fak",4,0,0,1,"albtraum","faktraum"
506,"bum","bum-last_blank","last_blank",2,6,"zar-last_blank","zar",6,0,0,1,"album","alzar"
44,"hol","hol-last_blank","last_blank",3,6,"ader-last_blank","ader",6,0,1,1,"alkohol","alkoader"
805,"lee","lee-last_blank","last_blank",2,7,"urg-last_blank","urg",7,0,0,1,"allee","alurg"
198,"lein","lein-last_blank","last_blank",2,39,"tens-last_blank","tens",39,0,0,1,"allein","altens"
596,"ge","ge-mei","mei",4,11,"ge-dächt","dächt",11,0,2,1,"allgemeines","allgedächtnes"
421,"al","al-t","t",1,5,"rg-t","rg",5,0,0,1,"alt","rgt"
838,"eben","eben-last_blank","last_blank",3,2,"dart-last_blank","dart",2,0,0,1,"am leben","am ldart"
241,"teur","teur-last_blank","last_blank",2,20,"zeln-last_blank","zeln",20,0,0,1,"amateur","amazeln"
228,"first_blank","first_blank-ana","ana",4,47,"first_blank-klein","klein",42,5,2,1,"analytiker","kleinlytiker"
432,"chie","chie-last_blank","last_blank",3,9,"born-last_blank","born",9,0,0,1,"anarchie","anarborn"
658,"ana","ana-to","to",3,7,"kryp-to","kryp",7,0,1,1,"anatomie","kryptomie"
411,"ders","ders-wo","wo",3,1,"chet-wo","chet",1,0,0,1,"anderswo","anchetwo"
26,"de","de-rung","rung",4,35,"de-schei","schei",2,33,1,1,"anforderung","anfordeschei"
303,"ge","ge-bot","bot",3,13,"ge-stal","stal",13,0,1,1,"angebot","angestal"
883,"hän","hän-ger","ger",3,6,"stei-ger","stei",6,0,1,1,"anhänger","ansteiger"
748,"an","an-ker","ker",2,3,"an-fra","fra",3,0,0,1,"anker","anfra"
459,"an","an-kom","kom",3,6,"an-grei","grei",6,0,1,1,"ankommen","angreimen"
3,"kunft","kunft-last_blank","last_blank",2,11,"wurst-last_blank","wurst",11,0,0,1,"ankunft","anwurst"
770,"an","an-lie","lie",3,4,"an-dock","dock",4,0,1,1,"anliegen","andockgen"
864,"onym","onym-last_blank","last_blank",2,3,"ence-last_blank","ence",3,0,0,1,"anonym","anence"
821,"ruf","ruf-last_blank","last_blank",2,17,"val-last_blank","val",17,0,0,1,"anruf","anval"
621,"an","an-sicht","sicht",2,1,"an-schub","schub",1,0,0,1,"ansicht","anschub"
188,"an","an-stän","stän",3,12,"an-ders","ders",14,2,0,1,"anständig","andersdig"
35,"first_blank","first_blank-ant","ant",3,13,"first_blank-will","will",13,0,1,1,"antworten","willworten"
788,"walt","walt-last_blank","last_blank",2,21,"port-last_blank","port",21,0,0,1,"anwalt","anport"
918,"an","an-wen","wen",3,8,"an-grif","grif",9,1,1,1,"anwenden","angrifden"
92,"zahl","zahl-last_blank","last_blank",2,20,"zeln-last_blank","zeln",20,0,0,1,"anzahl","anzeln"
291,"fel","fel-last_blank","last_blank",2,72,"tur-last_blank","tur",72,0,0,1,"apfel","aptur"
37,"beit","beit-last_blank","last_blank",2,56,"voll-last_blank","voll",55,1,0,2,"arbeit","arvoll"
135,"bei","bei-ten","ten",3,37,"rich-ten","rich",45,8,1,1,"arbeiten","arrichten"
710,"first_blank","first_blank-are","are",2,4,"first_blank-gis","gis",4,0,0,1,"arena","gisna"
649,"ger","ger-last_blank","last_blank",2,704,"che-last_blank","che",645,59,0,1,"ärger","ärche"
674,"ar","ar-m","m",1,5,"ea-m","ea",5,0,0,1,"arm","eam"
206,"ar","ar-mut","mut",2,2,"ar-don","don",2,0,0,1,"armut","ardon"
377,"ar","ar-sc","sc",1,2,"ar-de","de",2,0,0,1,"arsch","ardeh"
931,"se","se-nal","nal",3,2,"se-spre","spre",2,0,1,1,"arsenal","arsespre"
535,"fakt","fakt-last_blank","last_blank",3,2,"ider-last_blank","ider",2,0,0,1,"artefakt","arteider"
981,"kel","kel-last_blank","last_blank",3,67,"sung-last_blank","sung",65,2,1,1,"artikel","artisung"
794,"ch","ch-e","e",1,5,"ic-e","ic",5,0,0,1,"asche","asice"
565,"pi","pi-rin","rin",3,2,"pi-tals","tals",2,0,1,1,"aspirin","aspitals"
629,"naut","naut-last_blank","last_blank",3,2,"kirk-last_blank","kirk",2,0,0,1,"astronaut","astrokirk"
593,"first_blank","first_blank-ato","ato",2,7,"first_blank-gib","gib",7,0,0,1,"atomisch","gibmisch"
134,"at","at-trak","trak",3,14,"at-mest","mest",2,12,0,1,"attraktiv","atmesttiv"
556,"auf","auf-ga","ga",3,14,"star-ga","star",3,11,1,1,"aufgabe","stargabe"
36,"auf","auf-merk","merk",4,9,"auf-trags","trags",6,3,1,1,"aufmerksamkeit","auftragssamkeit"
406,"re","re-gend","gend",3,8,"re-cher","cher",7,1,0,1,"aufregend","aufrecher"
599,"au","au-ge","ge",2,11,"ßer-ge","ßer",10,1,1,1,"auge","ßerge"
853,"au","au-s","s",1,9,"rn-s","rn",9,0,0,1,"aus","rns"
196,"aus","aus-fahrt","fahrt",2,1,"sen-fahrt","sen",1,0,0,1,"ausfahrt","senfahrt"
342,"ge","ge-zeich","zeich",4,13,"ge-fühls","fühls",12,1,0,1,"ausgezeichnet","ausgefühlsnet"
57,"tung","tung-last_blank","last_blank",3,252,"keit-last_blank","keit",309,57,0,1,"ausrüstung","ausrüskeit"
400,"ßen","ßen-last_blank","last_blank",2,212,"tig-last_blank","tig",220,8,0,1,"außen","autig"
90,"wöhn","wöhn-lich","lich",5,4,"mensch-lich","mensch",5,1,2,1,"außergewöhnlich","außergemenschlich"
749,"ßerst","ßerst-last_blank","last_blank",2,1,"heiss-last_blank","heiss",1,0,0,1,"äußerst","äuheiss"
560,"wahl","wahl-last_blank","last_blank",2,13,"rohr-last_blank","rohr",13,0,0,1,"auswahl","ausrohr"
280,"gramm","gramm-last_blank","last_blank",3,34,"bruch-last_blank","bruch",34,0,0,1,"autogramm","autobruch"
25,"sie","sie-last_blank","last_blank",3,43,"peln-last_blank","peln",43,0,1,1,"autopsie","autoppeln"
702,"au","au-tor","tor",2,5,"au-gus","gus",7,2,0,1,"autor","augus"
443,"by","by-last_blank","last_blank",2,96,"gie-last_blank","gie",97,1,1,1,"baby","bagie"
357,"lan","lan-ce","ce",3,6,"sour-ce","sour",2,4,1,1,"balance","basource"
222,"na","na-ne","ne",3,2,"na-list","list",2,0,2,1,"banane","banalist"
258,"ban","ban-ken","ken",2,3,"kok-ken","kok",3,0,0,1,"banken","kokken"
410,"ban","ban-ker","ker",2,2,"der-ker","der",2,0,0,1,"banker","derker"
968,"bä","bä-r","r",1,1,"gé-r","gé",1,0,0,1,"bär","gér"
337,"ba","ba-ron","ron",2,2,"ba-tis","tis",2,0,0,1,"baron","batis"
361,"ba","ba-se","se",2,2,"ein-se","ein",2,0,1,1,"base","einse"
277,"ball","ball-last_blank","last_blank",3,42,"lern-last_blank","lern",42,0,0,1,"basketball","basketlern"
38,"first_blank","first_blank-bau","bau",2,81,"first_blank-rie","rie",81,0,0,1,"bauer","rieer"
426,"be","be-cher","cher",2,9,"be-stim","stim",9,0,0,2,"becher","bestim"
77,"tung","tung-last_blank","last_blank",3,252,"keit-last_blank","keit",309,57,0,1,"bedeutung","bedeukeit"
941,"die","die-nung","nung",3,3,"die-bold","bold",1,2,0,1,"bedienung","bediebold"
834,"ckend","ckend-last_blank","last_blank",4,11,"wurst-last_blank","wurst",11,0,0,1,"beeindruckend","beeindruwurst"
959,"ein","ein-flus","flus",4,4,"ein-schla","schla",4,0,1,1,"beeinflussen","beeinschlasen"
80,"fehl","fehl-last_blank","last_blank",2,12,"scha-last_blank","scha",12,0,0,1,"befehl","bescha"
334,"frie","frie-digt","digt",3,2,"stän-digt","stän",2,0,0,1,"befriedigt","beständigt"
375,"geis","geis-te","te",4,2,"scher-te","scher",2,0,1,1,"begeisterung","bescherterung"
81,"glei","glei-ten","ten",3,5,"fahr-ten","fahr",5,0,0,1,"begleiten","befahrten"
487,"las","las-tung","tung",3,4,"las-sard","sard",1,3,0,1,"belastung","belassard"
87,"di","di-gung","gung",4,29,"di-schen","schen",24,5,1,1,"beleidigung","beleidischen"
95,"be","be-liebt","liebt",2,3,"be-diens","diens",3,0,0,1,"beliebt","bediens"
993,"reich","reich-last_blank","last_blank",2,51,"platz-last_blank","platz",51,0,0,3,"bereich","beplatz"
93,"reit","reit-last_blank","last_blank",2,20,"zeln-last_blank","zeln",20,0,0,1,"bereit","bezeln"
801,"reits","reits-last_blank","last_blank",2,1,"drein-last_blank","drein",1,0,0,1,"bereits","bedrein"
798,"be","be-rühmt","rühmt",3,4,"be-gleit","gleit",4,0,0,1,"berühmtheit","begleitheit"
706,"sat","sat-zung","zung",3,2,"sat-telt","telt",2,0,0,1,"besatzung","besattelt"
96,"be","be-schei","schei",3,13,"be-zirks","zirks",13,0,0,2,"bescheiden","bezirksden"
54,"be","be-schrei","schrei",3,11,"be-triebs","triebs",9,2,0,3,"beschreiben","betriebsben"
915,"be","be-schüt","schüt",3,7,"be-kommt","kommt",7,0,0,1,"beschützen","bekommtzen"
32,"schwer","schwer-de","de",3,1,"nachts-de","nachts",1,0,0,2,"beschwerde","benachtsde"
515,"be","be-sei","sei",4,7,"be-kommt","kommt",7,0,2,1,"beseitigen","bekommttigen"
201,"be","be-son","son",4,14,"be-zirks","zirks",13,1,2,1,"besondere","bezirksdere"
587,"sorgt","sorgt-last_blank","last_blank",2,8,"hardt-last_blank","hardt",8,0,0,1,"besorgt","behardt"
97,"ti","ti-gung","gung",4,40,"ti-sches","sches",41,1,1,1,"bestätigung","bestätisches"
98,"ste","ste-chung","chung",3,1,"ste-pford","pford",1,0,0,2,"bestechung","bestepford"
255,"be","be-stra","stra",3,4,"be-dien","dien",4,0,0,1,"bestrafen","bedienfen"
790,"be","be-ton","ton",2,5,"be-wäs","wäs",5,0,0,1,"beton","bewäs"
153,"to","to-nen","nen",3,8,"to-koll","koll",3,5,1,1,"betonen","betokoll"
780,"trach","trach-tung","tung",3,1,"malei-tung","malei",1,0,0,2,"betrachtung","bemaleitung"
313,"be","be-tre","tre",3,4,"be-gabt","gabt",4,0,1,1,"betreten","begabtten"
295,"triebs","triebs-be","be",4,1,"schieß-be","schieß",1,0,0,1,"betriebsbereit","beschießbereit"
667,"first_blank","first_blank-beu","beu",2,15,"first_blank-öko","öko",15,0,0,1,"beute","ökote"
617,"wa","wa-chen","chen",3,6,"wa-ring","ring",2,4,0,1,"bewachen","bewaring"
624,"be","be-wah","wah",3,9,"be-stän","stän",9,0,1,1,"bewahren","bestänren"
842,"gung","gung-last_blank","last_blank",3,188,"test-last_blank","test",186,2,0,1,"bewegung","bewetest"
576,"weis","weis-last_blank","last_blank",2,19,"fert-last_blank","fert",19,0,0,1,"beweis","befert"
701,"wun","wun-dern","dern",3,3,"wun-sche","sche",2,1,0,1,"bewundern","bewunsche"
288,"hung","hung-last_blank","last_blank",3,42,"feld-last_blank","feld",42,0,0,1,"beziehung","beziefeld"
103,"zirk","zirk-last_blank","last_blank",2,4,"litz-last_blank","litz",4,0,0,1,"bezirk","belitz"
125,"bi","bi-bel","bel",2,5,"bi-zar","zar",5,0,0,1,"bibel","bizar"
23,"first_blank","first_blank-bie","bie",2,24,"first_blank-mun","mun",24,0,0,1,"biene","munne"
279,"bi","bi-ld","ld",1,1,"te-ld","te",1,0,0,1,"bild","teld"
707,"bil","bil-den","den",2,12,"fen-den","fen",12,0,0,1,"bilden","fenden"
561,"first_blank","first_blank-bild","bild",2,20,"first_blank-mond","mond",20,0,0,1,"bildschirm","mondschirm"
107,"first_blank","first_blank-bin","bin",2,22,"first_blank-net","net",22,0,0,1,"binden","netden"
434,"schof","schof-last_blank","last_blank",2,3,"acher-last_blank","acher",3,0,0,1,"bischof","biacher"
111,"first_blank","first_blank-blei","blei",2,17,"first_blank-krie","krie",17,0,0,1,"bleibe","kriebe"
818,"bl","bl-in","in",1,4,"ma-in","ma",4,0,0,1,"blind","maind"
171,"bl","bl-it","it",1,2,"bl-os","os",2,0,0,1,"blitz","blosz"
881,"bl","bl-ut","ut",1,2,"yo-ut","yo",2,0,0,1,"blut","yout"
825,"bo","bo-den","den",2,32,"bo-tie","tie",2,30,0,1,"boden","botie"
238,"first_blank","first_blank-bom","bom",2,34,"first_blank-des","des",34,0,0,1,"bombe","desbe"
88,"nus","nus-last_blank","last_blank",2,27,"ort-last_blank","ort",27,0,0,1,"bonus","boort"
722,"first_blank","first_blank-bö","bö",2,20,"first_blank-got","got",20,0,1,1,"böse","gotse"
552,"first_blank","first_blank-bot","bot",2,14,"first_blank-vio","vio",14,0,0,1,"botschaft","vioschaft"
551,"schaf","schaf-ter","ter",3,5,"fürch-ter","fürch",5,0,0,2,"botschafter","botfürchter"
110,"au","au-n","n",1,2,"pe-n","pe",2,0,0,1,"braun","brpen"
118,"first_blank","first_blank-bräu","bräu",3,9,"first_blank-maul","maul",9,0,0,1,"bräutigam","maultigam"
22,"first_blank","first_blank-bra","bra",2,44,"first_blank-dan","dan",44,0,0,1,"bravo","danvo"
877,"first_blank","first_blank-brief","brief",3,24,"first_blank-abend","abend",24,0,0,2,"briefmarke","abendmarke"
148,"first_blank","first_blank-bril","bril",2,17,"first_blank-treu","treu",17,0,0,1,"brille","treule"
704,"first_blank","first_blank-brin","brin",2,7,"first_blank-träu","träu",7,0,0,1,"bringen","träugen"
437,"ot","ot-last_blank","last_blank",1,28,"hs-last_blank","hs",28,0,0,1,"brot","brhs"
851,"first_blank","first_blank-brü","brü",2,25,"first_blank-wol","wol",25,0,0,1,"brücke","wolcke"
339,"first_blank","first_blank-bru","bru",2,32,"first_blank-tür","tür",32,0,0,1,"brutal","türtal"
569,"bü","bü-che","che",3,3,"bü-geln","geln",3,0,1,1,"bücherei","bügelnrei"
639,"buch","buch-stäb","stäb",3,1,"buch-händ","händ",1,0,0,1,"buchstäblich","buchhändlich"
347,"first_blank","first_blank-bu","bu",1,128,"first_blank-im","im",128,0,0,1,"bucht","imcht"
259,"get","get-last_blank","last_blank",2,11,"auf-last_blank","auf",11,0,0,1,"budget","budauf"
549,"ger","ger-lich","lich",3,4,"ger-spit","spit",3,1,0,1,"bürgerlich","bürgerspit"
75,"bu","bu-sc","sc",1,1,"bu-rl","rl",1,0,0,1,"busch","burlh"
683,"first_blank","first_blank-cae","cae",2,2,"first_blank-zum","zum",2,0,0,1,"caesar","zumsar"
430,"first_blank","first_blank-cham","cham",3,17,"first_blank-koch","koch",17,0,0,1,"champion","kochpion"
937,"first_blank","first_blank-chan","chan",2,21,"first_blank-blin","blin",21,0,0,1,"chance","blince"
917,"first_blank","first_blank-cha","cha",2,75,"first_blank-not","not",75,0,0,1,"chaos","notos"
620,"rak","rak-ter","ter",3,7,"flüs-ter","flüs",7,0,1,1,"charakter","chaflüster"
730,"ar","ar-me","me",1,13,"ti-me","ti",13,0,0,1,"charme","chtime"
108,"mie","mie-last_blank","last_blank",2,51,"nas-last_blank","nas",50,1,0,1,"chemie","chenas"
109,"che","che-misch","misch",2,1,"ein-misch","ein",1,0,0,1,"chemisch","einmisch"
319,"ip","ip-last_blank","last_blank",1,14,"rf-last_blank","rf",14,0,0,1,"chip","chrf"
245,"cl","cl-an","an",1,3,"ma-an","ma",3,0,0,1,"clan","maan"
405,"cle","cle-ver","ver",2,3,"sen-ver","sen",3,0,0,1,"clever","senver"
782,"first_blank","first_blank-coa","coa",2,5,"first_blank-läh","läh",5,0,0,1,"coachen","lähchen"
615,"co","co-de","de",1,4,"zu-de","zu",4,0,0,1,"code","zude"
143,"first_blank","first_blank-dank","dank",2,9,"first_blank-maul","maul",9,0,0,1,"dankbar","maulbar"
99,"ksal","ksal-last_blank","last_blank",3,1,"pont-last_blank","pont",1,0,0,1,"das schicksal","das schicpont"
169,"tei","tei-last_blank","last_blank",2,14,"fon-last_blank","fon",14,0,0,1,"datei","dafon"
396,"da","da-ten","ten",2,38,"da-zwi","zwi",5,33,0,1,"daten","dazwi"
653,"de","de-an","an",2,5,"ror-an","ror",5,0,1,1,"dean","roran"
356,"de","de-cke","cke",2,17,"de-rin","rin",21,4,0,1,"decke","derin"
45,"rurg","rurg-last_blank","last_blank",3,1,"vely-last_blank","vely",1,0,0,1,"der chirurg","der chively"
597,"first_blank","first_blank-deut","deut",2,12,"first_blank-dorf","dorf",12,0,0,1,"deutlich","dorflich"
424,"mant","mant-last_blank","last_blank",2,3,"sars-last_blank","sars",3,0,0,1,"diamant","diasars"
733,"first_blank","first_blank-dich","dich",2,11,"first_blank-idea","idea",11,0,0,1,"dichter","ideater"
318,"lschaft","lschaft-last_blank","last_blank",4,1,"schlupf-last_blank","schlupf",1,0,0,1,"die gesellschaft","die geselschlupf"
53,"dheit","dheit-last_blank","last_blank",4,1,"longs-last_blank","longs",1,0,0,1,"die gesundheit","die gesunlongs"
311,"ion","ion-last_blank","last_blank",4,1,"terre-last_blank","terre",1,0,2,1,"die pension","die pensterre"
76,"ide","ide-last_blank","last_blank",3,8,"hard-last_blank","hard",8,0,1,1,"die seide","die sehard"
479,"di","di-eb","eb",1,1,"go-eb","go",1,0,0,1,"dieb","goeb"
665,"first_blank","first_blank-dieb","dieb",2,4,"first_blank-sich","sich",4,0,0,1,"diebstahl","sichstahl"
7,"plom","plom-last_blank","last_blank",2,1,"chok-last_blank","chok",1,0,0,1,"diplom","dichok"
165,"rek","rek-te","te",3,4,"klag-te","klag",4,0,1,1,"direkte","diklagte"
324,"tanz","tanz-last_blank","last_blank",2,11,"kauf-last_blank","kauf",11,0,0,1,"distanz","diskauf"
262,"first_blank","first_blank-dn","dn",1,4,"first_blank-pé","pé",4,0,0,1,"dna","péa"
893,"pelt","pelt-last_blank","last_blank",2,29,"sein-last_blank","sein",29,0,0,1,"doppelt","dopsein"
399,"do","do-sis","sis",2,3,"do-ber","ber",3,0,0,1,"dosis","dober"
516,"first_blank","first_blank-dra","dra",2,48,"first_blank-fuß","fuß",48,0,0,1,"drachen","fußchen"
684,"ma","ma-tisch","tisch",3,13,"ma-chung","chung",5,8,0,2,"dramatisch","dramachung"
694,"dr","dr-ec","ec",1,2,"al-ec","al",2,0,0,1,"dreck","aleck"
955,"first_blank","first_blank-dre","dre",2,23,"first_blank-vul","vul",23,0,0,1,"dreckig","vulckig"
592,"first_blank","first_blank-drin","drin",2,22,"first_blank-prak","prak",22,0,0,1,"dringend","prakgend"
922,"first_blank","first_blank-drit","drit",2,7,"first_blank-gött","gött",7,0,0,1,"dritter","göttter"
987,"first_blank","first_blank-drü","drü",2,10,"first_blank-mah","mah",10,0,0,1,"drücken","mahcken"
938,"first_blank","first_blank-dschun","dschun",2,3,"first_blank-schult","schult",3,0,0,1,"dschungel","schultgel"
359,"first_blank","first_blank-dufus","dufus",2,1,"first_blank-denks","denks",1,0,0,1,"dufusting","denksting"
365,"kel","kel-heit","heit",3,1,"kel-logg","logg",1,0,0,1,"dunkelheit","dunkellogg"
157,"first_blank","first_blank-dü","dü",1,12,"first_blank-fö","fö",12,0,0,1,"dünn","fönn"
120,"durch","durch-fall","fall",2,1,"durch-wühl","wühl",1,0,0,1,"durchfall","durchwühl"
65,"du","du-sche","sche",2,1,"du-ples","ples",1,0,0,2,"dusche","duples"
920,"dv","dv-d","d",1,1,"rn-d","rn",1,0,0,1,"dvd","rnd"
673,"nas","nas-tie","tie",3,1,"moun-tie","moun",1,0,1,1,"dynastie","dymountie"
249,"ai","ai-l","l",1,2,"de-l","de",2,0,0,1,"e-mail","emdel"
301,"first_blank","first_blank-ec","ec",1,20,"first_blank-hü","hü",20,0,0,1,"ecke","hüke"
815,"first_blank","first_blank-ed","ed",1,57,"first_blank-bü","bü",57,0,0,1,"edel","büel"
186,"first_blank","first_blank-ehe","ehe",2,46,"first_blank-gut","gut",46,0,0,1,"ehemann","gutmann"
942,"first_blank","first_blank-eich","eich",3,5,"first_blank-barm","barm",5,0,0,1,"eichhörnchen","barmhörnchen"
414,"gent","gent-lich","lich",3,2,"fräu-lich","fräu",2,0,0,1,"eigentlich","eifräulich"
193,"gen","gen-tum","tum",3,4,"gen-süch","süch",4,0,1,1,"eigentum","eigensüch"
175,"ei","ei-n","n",1,9,"or-n","or",4,5,0,1,"ein","orn"
308,"druck","druck-last_blank","last_blank",2,27,"kampf-last_blank","kampf",27,0,0,3,"eindruck","einkampf"
194,"ein","ein-fach","fach",2,3,"ein-fühl","fühl",3,0,0,1,"einfach","einfühl"
757,"fü","fü-gung","gung",3,3,"fü-mier","mier",2,1,0,1,"einfügung","einfümier"
200,"heit","heit-last_blank","last_blank",2,190,"gung-last_blank","gung",188,2,0,2,"einheit","eingung"
486,"ein","ein-kau","kau",3,2,"ein-ging","ging",2,0,1,1,"einkaufen","eingingfen"
897,"zel","zel-last_blank","last_blank",2,23,"sha-last_blank","sha",23,0,0,1,"einzel","einsha"
544,"ei","ei-sen","sen",2,40,"ei-dig","dig",2,38,0,1,"eisen","eidig"
210,"find","find-lich","lich",3,8,"heim-lich","heim",9,1,0,1,"empfindlich","empheimlich"
988,"en","en-de","de",2,17,"aka-de","aka",12,5,1,1,"ende","akade"
501,"first_blank","first_blank-end","end",2,34,"first_blank-ger","ger",34,0,0,1,"endlich","gerlich"
211,"gie","gie-last_blank","last_blank",3,97,"raum-last_blank","raum",98,1,1,1,"energie","enerraum"
381,"ge","ge-ment","ment",4,2,"ge-spiel","spiel",2,0,1,1,"engagement","engagespiel"
282,"first_blank","first_blank-eng","eng",2,22,"first_blank-bus","bus",22,0,0,1,"englisch","buslisch"
585,"kel","kel-last_blank","last_blank",2,67,"rat-last_blank","rat",65,2,0,1,"enkel","enrat"
214,"ent","ent-füh","füh",3,12,"ent-wick","wick",12,0,1,1,"entführen","entwickren"
314,"ent","ent-füh","füh",3,12,"ent-wick","wick",12,0,1,1,"entführer","entwickrer"
398,"ent","ent-hal","hal",3,7,"ent-setz","setz",6,1,1,1,"enthalten","entsetzten"
221,"er","er-be","be",2,14,"auf-be","auf",14,0,1,1,"erbe","aufbe"
237,"be","be-ben","ben",3,4,"be-nutz","nutz",4,0,1,1,"erdbeben","erdbenutz"
961,"rung","rung-last_blank","last_blank",3,345,"keit-last_blank","keit",309,36,0,1,"erfahrung","erfahkeit"
908,"folg","folg-last_blank","last_blank",2,4,"gons-last_blank","gons",4,0,0,1,"erfolg","ergons"
225,"er","er-geb","geb",3,12,"er-stat","stat",12,0,1,1,"ergebnis","erstatnis"
972,"er","er-ken","ken",3,17,"er-satz","satz",17,0,1,1,"erkenne","ersatzne"
159,"er","er-laub","laub",3,16,"er-folg","folg",16,0,0,1,"erlaubnis","erfolgnis"
633,"te","te-rung","rung",4,23,"te-letts","letts",3,20,1,1,"erläuterung","erläuteletts"
491,"li","li-chen","chen",4,271,"li-vings","vings",2,269,1,1,"ermöglichen","ermöglivings"
250,"ror","ror-last_blank","last_blank",2,6,"nix-last_blank","nix",6,0,0,1,"error","ernix"
230,"er","er-set","set",3,2,"er-hoff","hoff",2,0,1,1,"ersetzen","erhoffzen"
994,"ers","ers-te","te",2,5,"ten-te","ten",5,0,0,1,"erste","tente"
745,"er","er-trin","trin",3,3,"er-hält","hält",3,0,0,1,"ertrinken","erhältken"
207,"er","er-wach","wach",4,11,"er-folgs","folgs",10,1,1,1,"erwachsene","erfolgssene"
855,"wä","wä-gen","gen",3,4,"wä-sche","sche",21,17,1,1,"erwägen","erwäsche"
623,"es","es-el","el",1,3,"es-co","co",3,0,0,1,"esel","esco"
573,"first_blank","first_blank-evo","evo",4,5,"first_blank-sprit","sprit",5,0,2,1,"evolution","spritlution"
296,"ig","ig-last_blank","last_blank",1,9,"ac-last_blank","ac",9,0,0,1,"ewig","ewac"
657,"ri","ri-ment","ment",4,2,"ri-chard","chard",2,0,1,1,"experiment","experichard"
779,"per","per-te","te",3,6,"fass-te","fass",6,0,1,1,"experte","exfasste"
996,"tra","tra-last_blank","last_blank",2,25,"das-last_blank","das",25,0,0,1,"extra","exdas"
651,"brik","brik-last_blank","last_blank",2,14,"phie-last_blank","phie",14,0,0,1,"fabrik","faphie"
676,"first_blank","first_blank-fahr","fahr",3,63,"first_blank-trau","trau",64,1,0,1,"fahrkarte","traukarte"
243,"fa","fa-hr","hr",1,3,"fa-ce","ce",3,0,0,1,"fahrt","facet"
932,"zeug","zeug-last_blank","last_blank",2,40,"meln-last_blank","meln",40,0,0,1,"fahrzeug","fahrmeln"
205,"first_blank","first_blank-fak","fak",2,4,"first_blank-set","set",4,0,0,1,"faktor","settor"
471,"fa","fa-ls","ls",1,1,"fa-ro","ro",1,0,0,1,"falsch","faroch"
456,"first_blank","first_blank-fan","fan",2,45,"first_blank-the","the",45,0,0,1,"fangen","thegen"
33,"zit","zit-last_blank","last_blank",2,3,"süß-last_blank","süß",3,0,0,1,"fazit","fasüß"
310,"in","in-d","d",1,6,"ro-d","ro",6,0,0,1,"feind","ferod"
796,"first_blank","first_blank-fel","fel",2,23,"first_blank-jus","jus",23,0,0,1,"felsen","jussen"
852,"first_blank","first_blank-fens","fens",2,14,"first_blank-wand","wand",14,0,0,1,"fenster","wandter"
548,"rohr","rohr-last_blank","last_blank",2,13,"gier-last_blank","gier",13,0,0,1,"fernrohr","ferngier"
792,"fe","fe-st","st",1,2,"ig-st","ig",2,0,0,1,"fest","igst"
14,"fes","fes-te","te",2,3,"kre-te","kre",3,0,0,1,"feste","krete"
264,"first_blank","first_blank-feu","feu",2,74,"first_blank-win","win",74,0,0,1,"feuer","winer"
859,"na","na-le","le",3,22,"trol-le","trol",22,0,2,1,"finale","fitrolle"
409,"nan","nan-zen","zen",3,1,"trot-zen","trot",1,0,1,1,"finanzen","fitrotzen"
260,"ell","ell-last_blank","last_blank",4,36,"licht-last_blank","licht",37,1,2,1,"finanziell","finanzilicht"
146,"first_blank","first_blank-fin","fin",2,52,"first_blank-pla","pla",52,0,0,1,"finger","plager"
679,"fi","fi-x","x",1,1,"ra-x","ra",1,0,0,1,"fix","rax"
810,"first_blank","first_blank-flag","flag",2,3,"first_blank-clou","clou",3,0,0,1,"flagge","clouge"
269,"flie","flie-hen","hen",2,3,"sche-hen","sche",3,0,0,1,"fliehen","schehen"
372,"fl","fl-uc","uc",1,5,"fl-ip","ip",5,0,0,1,"fluch","fliph"
270,"first_blank","first_blank-flücht","flücht",2,6,"first_blank-tausch","tausch",6,0,0,3,"flüchtling","tauschling"
746,"us","us-s","s",1,8,"ca-s","ca",8,0,0,1,"fluss","flcas"
273,"first_blank","first_blank-flüs","flüs",3,20,"first_blank-test","test",20,0,0,1,"flüssigkeit","testsigkeit"
997,"de","de-ral","ral",3,1,"de-menz","menz",1,0,1,1,"föderal","födemenz"
467,"kus","kus-last_blank","last_blank",2,27,"ral-last_blank","ral",27,0,0,1,"fokus","foral"
416,"first_blank","first_blank-fol","fol",2,41,"first_blank-mut","mut",41,0,0,1,"folgen","mutgen"
500,"first_blank","first_blank-for","for",2,98,"first_blank-sta","sta",99,1,0,1,"forschung","staschung"
281,"first_blank","first_blank-fra","fra",2,20,"first_blank-may","may",20,0,0,1,"frage","mayge"
808,"first_blank","first_blank-frag","frag",2,15,"first_blank-plau","plau",15,0,0,1,"fragment","plaument"
472,"ei","ei-last_blank","last_blank",1,27,"zo-last_blank","zo",27,0,0,1,"frei","frzo"
151,"heit","heit-last_blank","last_blank",2,190,"gung-last_blank","gung",188,2,0,2,"freiheit","freigung"
284,"first_blank","first_blank-frei","frei",4,130,"first_blank-haupt","haupt",103,27,1,1,"freiwillige","hauptwillige"
761,"first_blank","first_blank-fre","fre",2,28,"first_blank-pau","pau",28,0,0,1,"frequenz","pauquenz"
17,"is","is-ch","ch",1,9,"ri-ch","ri",9,0,0,1,"frisch","frrich"
192,"os","os-ch","ch",1,1,"ru-ch","ru",1,0,0,1,"frosch","frruch"
368,"first_blank","first_blank-früh","früh",2,40,"first_blank-kran","kran",40,0,0,1,"frühling","kranling"
358,"fu","fu-ch","ch",1,1,"fu-ll","ll",1,0,0,1,"fuchs","fulls"
234,"first_blank","first_blank-füt","füt",2,9,"first_blank-exo","exo",9,0,0,1,"füttern","exotern"
61,"le","le-rie","rie",3,11,"le-gung","gung",7,4,1,1,"galerie","galegung"
344,"ga","ga-ng","ng",1,3,"ga-ta","ta",3,0,0,1,"gang","gata"
213,"ga","ga-ns","ns",1,1,"ga-di","di",1,0,0,1,"gans","gadi"
911,"tie","tie-last_blank","last_blank",3,38,"satz-last_blank","satz",38,0,1,1,"garantie","garansatz"
473,"ga","ga-s","s",1,3,"rp-s","rp",3,0,0,1,"gas","rps"
142,"first_blank","first_blank-gast","gast",3,17,"first_blank-chro","chro",17,0,0,1,"gastfreundschaft","chrofreundschaft"
739,"burt","burt-last_blank","last_blank",2,9,"last-last_blank","last",9,0,0,1,"geburt","gelast"
557,"duld","duld-last_blank","last_blank",2,2,"food-last_blank","food",2,0,0,1,"geduld","gefood"
449,"ge","ge-dul","dul",3,10,"ge-steu","steu",10,0,1,1,"geduldig","gesteudig"
244,"ge","ge-fälscht","fälscht",2,1,"ge-bauscht","bauscht",1,0,0,1,"gefälscht","gebauscht"
392,"gen","gen-mit","mit",4,1,"gen-braue","braue",1,0,2,1,"gegenmittel","gegenbrauetel"
612,"gen","gen-stand","stand",3,2,"gen-schüt","schüt",2,0,0,1,"gegenstand","gegenschüt"
309,"gen","gen-teil","teil",3,1,"gen-biss","biss",1,0,0,1,"gegenteil","gegenbiss"
10,"wart","wart-last_blank","last_blank",3,7,"tich-last_blank","tich",7,0,0,1,"gegenwart","gegentich"
312,"heim","heim-nis","nis",3,20,"laub-nis","laub",8,12,0,1,"geheimnis","gelaubnis"
983,"hirn","hirn-last_blank","last_blank",2,8,"lard-last_blank","lard",8,0,0,1,"gehirn","gelard"
349,"first_blank","first_blank-gei","gei",2,32,"first_blank-tür","tür",32,0,0,1,"geisel","türsel"
751,"gent","gent-lich","lich",4,2,"fläch-lich","fläch",2,0,1,1,"gelegentlich","geleflächlich"
30,"müt","müt-lich","lich",3,3,"müt-tern","tern",1,2,0,1,"gemütlich","gemüttern"
668,"ra","ra-tor","tor",4,11,"ra-schen","schen",7,4,2,1,"generator","generaschen"
963,"ge","ge-ni","ni",3,9,"chro-ni","chro",9,0,2,1,"genius","chronius"
675,"gend","gend-last_blank","last_blank",3,63,"tigt-last_blank","tigt",62,1,0,1,"genügend","genütigt"
928,"ge","ge-ra","ra",3,30,"ge-legt","legt",31,1,2,1,"gerade","gelegtde"
682,"ge","ge-richt","richt",2,26,"ge-schla","schla",33,7,0,2,"gericht","geschla"
464,"samt","samt-last_blank","last_blank",2,6,"wegt-last_blank","wegt",6,0,0,1,"gesamt","gewegt"
614,"ge","ge-sche","sche",3,7,"ge-jagt","jagt",7,0,0,1,"geschehen","gejagthen"
321,"schmack","schmack-last_blank","last_blank",2,7,"springt-last_blank","springt",7,0,0,4,"geschmack","gespringt"
468,"ge","ge-sell","sell",3,32,"ge-biet","biet",32,0,0,1,"gesellschaft","gebietschaft"
895,"setz","setz-last_blank","last_blank",2,10,"less-last_blank","less",10,0,0,1,"gesetz","geless"
323,"sperrt","sperrt-last_blank","last_blank",2,10,"triert-last_blank","triert",10,0,0,2,"gesperrt","getriert"
167,"spräch","spräch-last_blank","last_blank",2,11,"witsch-last_blank","witsch",11,0,0,2,"gespräch","gewitsch"
355,"first_blank","first_blank-ges","ges",2,6,"first_blank-day","day",6,0,0,1,"geste","dayte"
591,"sund","sund-last_blank","last_blank",2,4,"gons-last_blank","gons",4,0,0,1,"gesund","gegons"
713,"aben","aben-last_blank","last_blank",5,1,"hoffst-last_blank","hoffst",1,0,2,1,"getroffen haben","getroffen hhoffst"
630,"wehr","wehr-last_blank","last_blank",2,18,"sens-last_blank","sens",18,0,0,1,"gewehr","gesens"
382,"wicht","wicht-last_blank","last_blank",2,13,"blatt-last_blank","blatt",13,0,0,2,"gewicht","geblatt"
760,"win","win-nen","nen",3,6,"stei-nen","stei",5,1,1,1,"gewinnen","gesteinen"
857,"ge","ge-wöhn","wöhn",4,27,"ge-setzt","setzt",24,3,1,1,"gewöhnliche","gesetztliche"
839,"gi","gi-ft","ft",1,2,"ra-ft","ra",2,0,0,1,"gift","raft"
265,"gl","gl-as","as",1,2,"zi-as","zi",2,0,0,1,"glas","zias"
371,"first_blank","first_blank-glor","glor",2,5,"first_blank-flin","flin",5,0,0,1,"glorreich","flinreich"
634,"glücks","glücks-spiel","spiel",2,1,"glücks-sträh","sträh",1,0,0,2,"glücksspiel","glückssträh"
762,"first_blank","first_blank-gol","gol",2,18,"first_blank-mär","mär",18,0,0,1,"golden","märden"
824,"go","go-lf","lf",1,1,"go-au","au",1,0,0,1,"golf","goau"
336,"go","go-tt","tt",1,2,"go-me","me",2,0,0,1,"gott","gome"
754,"neur","neur-last_blank","last_blank",3,4,"likt-last_blank","likt",4,0,0,1,"gouverneur","gouverlikt"
289,"ab","ab-last_blank","last_blank",1,18,"ßt-last_blank","ßt",18,0,0,1,"grab","grßt"
82,"first_blank","first_blank-gra","gra",2,82,"first_blank-bau","bau",81,1,0,1,"graben","bauben"
346,"gra","gra-tu","tu",4,6,"skulp-tu","skulp",1,5,2,1,"gratulieren","skulptulieren"
246,"first_blank","first_blank-grei","grei",2,6,"first_blank-seit","seit",6,0,0,1,"greifen","seitfen"
227,"first_blank","first_blank-grip","grip",2,4,"first_blank-dämp","dämp",4,0,0,1,"grippe","dämppe"
212,"oß","oß-last_blank","last_blank",1,6,"uh-last_blank","uh",6,0,0,1,"groß","gruh"
490,"first_blank","first_blank-grö","grö",2,15,"first_blank-kie","kie",15,0,0,1,"größe","kieße"
602,"first_blank","first_blank-groß","groß",3,95,"first_blank-fest","fest",94,1,0,1,"großvater","festvater"
603,"ün","ün-last_blank","last_blank",1,1,"gq-last_blank","gq",1,0,0,1,"grün","grgq"
949,"gr","gr-un","un",1,3,"to-un","to",3,0,0,1,"grund","tound"
297,"first_blank","first_blank-gru","gru",2,22,"first_blank-eng","eng",22,0,0,1,"grusel","engsel"
716,"gu","gu-t","t",1,1,"är-t","är",1,0,0,1,"gut","ärt"
70,"ar","ar-last_blank","last_blank",1,56,"so-last_blank","so",56,0,0,1,"haar","haso"
848,"first_blank","first_blank-hähn","hähn",2,3,"first_blank-fuhr","fuhr",3,0,0,1,"hähnchen","fuhrchen"
263,"first_blank","first_blank-ha","ha",1,318,"first_blank-au","au",318,0,0,1,"hai","aui"
662,"first_blank","first_blank-hälf","hälf",2,2,"first_blank-tall","tall",2,0,0,1,"hälfte","tallte"
849,"first_blank","first_blank-hal","hal",2,71,"first_blank-bun","bun",71,0,0,1,"hallo","bunlo"
83,"first_blank","first_blank-hal","hal",2,71,"first_blank-men","men",72,1,0,1,"halten","menten"
40,"ha","ha-nd","nd",1,2,"ha-go","go",2,0,0,1,"hand","hago"
376,"first_blank","first_blank-hän","hän",2,24,"first_blank-wet","wet",24,0,0,1,"hängend","wetgend"
184,"first_blank","first_blank-hart","hart",3,17,"first_blank-treu","treu",17,0,0,1,"hartnäckig","treunäckig"
504,"first_blank","first_blank-has","has",2,16,"first_blank-rou","rou",16,0,0,1,"hassen","rousen"
789,"haupt","haupt-stadt","stadt",2,1,"haupt-stras","stras",1,0,0,1,"hauptstadt","hauptstras"
967,"first_blank","first_blank-ha","ha",1,318,"first_blank-au","au",318,0,0,1,"haus","auus"
328,"first_blank","first_blank-ha","ha",1,318,"first_blank-au","au",318,0,0,1,"haut","auut"
428,"he","he-iß","iß",1,4,"he-le","le",4,0,0,1,"heiß","hele"
681,"he","he-ld","ld",1,1,"he-tt","tt",1,0,0,1,"held","hett"
390,"lm","lm-last_blank","last_blank",1,10,"az-last_blank","az",10,0,0,1,"helm","heaz"
995,"rb","rb-st","st",1,2,"ma-st","ma",2,0,0,1,"herbst","hemast"
140,"rr","rr-last_blank","last_blank",1,17,"sk-last_blank","sk",17,0,0,1,"herr","hesk"
505,"her","her-rin","rin",2,2,"cke-rin","cke",2,0,0,1,"herrin","ckerin"
326,"heu","heu-te","te",2,1,"mas-te","mas",1,0,0,1,"heute","maste"
173,"first_blank","first_blank-hi","hi",1,92,"first_blank-pu","pu",92,0,0,1,"hier","puer"
364,"first_blank","first_blank-hil","hil",2,25,"first_blank-rus","rus",25,0,0,1,"hilfe","rusfe"
518,"first_blank","first_blank-hilf","hilf",2,11,"first_blank-hack","hack",11,0,0,1,"hilflos","hacklos"
609,"first_blank","first_blank-him","him",2,26,"first_blank-fah","fah",26,0,0,1,"himmel","fahmel"
367,"der","der-nis","nis",3,4,"der-schö","schö",4,0,1,1,"hindernis","hinderschö"
784,"first_blank","first_blank-hob","hob",2,9,"first_blank-pap","pap",9,0,0,1,"hobby","papby"
872,"hoch","hoch-schu","schu",3,6,"hoch-zeit","zeit",6,0,0,1,"hochschule","hochzeitle"
331,"first_blank","first_blank-hof","hof",2,18,"first_blank-gun","gun",18,0,0,1,"hoffen","gunfen"
287,"first_blank","first_blank-höf","höf",2,12,"first_blank-woh","woh",12,0,0,1,"höflich","wohlich"
131,"nig","nig-last_blank","last_blank",2,49,"ves-last_blank","ves",50,1,0,1,"honig","hoves"
320,"ren","ren-last_blank","last_blank",2,1388,"che-last_blank","che",645,743,0,1,"hören","höche"
13,"first_blank","first_blank-hor","hor",2,48,"first_blank-blu","blu",48,0,0,1,"hormon","blumon"
622,"rn","rn-last_blank","last_blank",1,37,"ad-last_blank","ad",37,0,0,1,"horn","hoad"
566,"tel","tel-last_blank","last_blank",2,178,"los-last_blank","los",176,2,0,1,"hotel","holos"
729,"first_blank","first_blank-hü","hü",1,20,"first_blank-ec","ec",20,0,0,1,"hübsch","ecbsch"
94,"gel","gel-last_blank","last_blank",2,147,"tin-last_blank","tin",152,5,0,1,"hügel","hütin"
438,"nd","nd-last_blank","last_blank",1,46,"ds-last_blank","ds",46,0,0,1,"hund","huds"
182,"first_blank","first_blank-hun","hun",2,91,"first_blank-mas","mas",93,2,0,1,"hunger","masger"
837,"first_blank","first_blank-hur","hur",3,10,"first_blank-flam","flam",10,0,1,1,"hurrikan","flamrikan"
256,"first_blank","first_blank-hus","hus",2,13,"first_blank-ohr","ohr",13,0,0,1,"husten","ohrten"
619,"first_blank","first_blank-ide","ide",2,5,"first_blank-moi","moi",5,0,0,1,"ideal","moial"
828,"first_blank","first_blank-id","id",1,15,"first_blank-xi","xi",15,0,0,1,"idee","xiee"
41,"ranz","ranz-last_blank","last_blank",2,3,"scan-last_blank","scan",3,0,0,1,"ignoranz","ignoscan"
325,"le","le-gal","gal",3,2,"le-bend","bend",2,0,1,1,"illegal","illebend"
350,"lu","lu-si","si",4,3,"stres-si","stres",3,0,3,1,"illusion","ilstression"
791,"im","im-mer","mer",2,11,"im-pul","pul",7,4,0,1,"immer","impul"
177,"puls","puls-last_blank","last_blank",2,2,"vois-last_blank","vois",2,0,0,1,"impuls","imvois"
950,"he von","he von-last_blank","last_blank",5,1,"spekts-last_blank","spekts",1,0,0,1,"in der nähe von","in der näspekts"
873,"trie","trie-last_blank","last_blank",3,20,"holz-last_blank","holz",20,0,0,1,"industrie","indusholz"
239,"in","in-nen","nen",2,22,"in-dus","dus",23,1,0,1,"innen","indus"
460,"spek","spek-tor","tor",3,4,"mels-tor","mels",1,3,0,1,"inspektor","inmelstor"
403,"spi","spi-rie","rie",4,7,"rungs-rie","rungs",1,6,2,1,"inspirieren","inrungsrieren"
408,"stinkt","stinkt-last_blank","last_blank",2,4,"streut-last_blank","streut",4,0,0,1,"instinkt","instreut"
951,"nal","nal-last_blank","last_blank",5,50,"schung-last_blank","schung",38,12,3,1,"international","internatioschung"
588,"net","net-last_blank","last_blank",3,93,"ling-last_blank","ling",93,0,1,1,"internet","interling"
49,"va","va-si","si",4,4,"stres-si","stres",3,1,3,1,"invasion","instression"
412,"first_blank","first_blank-iro","iro",2,9,"first_blank-eta","eta",9,0,0,1,"ironie","etanie"
28,"ja","ja-gd","gd",1,1,"ja-po","po",1,0,0,1,"jagd","japo"
150,"first_blank","first_blank-jahr","jahr",3,28,"first_blank-viel","viel",28,0,0,1,"jahrhundert","vielhundert"
570,"ja","ja-zz","zz",1,2,"ja-nu","nu",2,0,0,1,"jazz","janu"
512,"je","je-ep","ep",1,2,"je-ru","ru",2,0,0,1,"jeep","jeru"
960,"je","je-tz","tz",1,2,"hü-tz","hü",2,0,0,1,"jetzt","hützt"
635,"first_blank","first_blank-jour","jour",4,10,"first_blank-schwä","schwä",10,0,1,1,"journalismus","schwänalismus"
304,"um","um-last_blank","last_blank",4,168,"um-schleicht","schleicht",1,167,1,6,"jubiläum","jubiläumschleicht"
444,"gend","gend-last_blank","last_blank",2,63,"deln-last_blank","deln",63,0,0,1,"jugend","judeln"
519,"ng","ng-s","s",1,26,"ll-s","ll",26,0,0,1,"jungs","julls"
419,"ju","ju-ni","ni",2,6,"tan-ni","tan",5,1,1,1,"juni","tanni"
425,"bel","bel-last_blank","last_blank",2,107,"nie-last_blank","nie",107,0,0,1,"kabel","kanie"
147,"ka","ka-bi","bi",3,13,"gläu-bi","gläu",12,1,2,1,"kabine","gläubine"
939,"bi","bi-nett","nett",3,2,"bi-lanz","lanz",2,0,0,1,"kabinett","kabilanz"
427,"first_blank","first_blank-kai","kai",4,23,"first_blank-arsch","arsch",23,0,2,1,"kaiserliche","arschserliche"
978,"ka","ka-len","len",3,7,"ka-putt","putt",9,2,1,1,"kalender","kaputtder"
616,"ber","ber-last_blank","last_blank",3,188,"gung-last_blank","gung",188,0,1,1,"kaliber","kaligung"
547,"ra","ra-last_blank","last_blank",3,232,"lung-last_blank","lung",230,2,2,1,"kamera","kamelung"
933,"first_blank","first_blank-kam","kam",3,16,"first_blank-grup","grup",16,0,1,1,"kampagne","gruppagne"
429,"ka","ka-mp","mp",1,4,"ka-nn","nn",4,0,0,1,"kampf","kannf"
575,"nal","nal-last_blank","last_blank",2,50,"ves-last_blank","ves",50,0,0,1,"kanal","kaves"
934,"dat","dat-last_blank","last_blank",3,11,"ckig-last_blank","ckig",11,0,1,1,"kandidat","kandickig"
640,"first_blank","first_blank-kanz","kanz",2,7,"first_blank-sack","sack",7,0,0,1,"kanzler","sackler"
242,"zi","zi-tät","tät",4,5,"zi-schen","schen",2,3,2,1,"kapazität","kapazischen"
767,"first_blank","first_blank-kap","kap",2,8,"first_blank-exe","exe",8,0,0,1,"kapsel","exesel"
253,"val","val-last_blank","last_blank",3,17,"chef-last_blank","chef",17,0,1,1,"karneval","karnechef"
497,"ros","ros-se","se",4,3,"nicht-se","nicht",2,1,2,1,"karosserie","kanichtserie"
835,"fel","fel-last_blank","last_blank",3,72,"haft-last_blank","haft",73,1,1,1,"kartoffel","kartofhaft"
317,"first_blank","first_blank-kas","kas",2,45,"first_blank-ret","ret",45,0,0,1,"kasse","retse"
816,"first_blank","first_blank-kas","kas",2,45,"first_blank-the","the",45,0,0,1,"kasten","theten"
136,"lisch","lisch-last_blank","last_blank",3,26,"miert-last_blank","miert",26,0,0,1,"katholisch","kathomiert"
900,"first_blank","first_blank-kau","kau",2,19,"first_blank-rol","rol",19,0,0,1,"kaufen","rolfen"
43,"ka","ka-val","val",4,3,"ka-lisch","lisch",3,0,2,1,"kavallerie","kalischlerie"
577,"first_blank","first_blank-keh","keh",2,4,"first_blank-pao","pao",4,0,0,1,"kehle","paole"
441,"first_blank","first_blank-kell","kell",2,6,"first_blank-chal","chal",6,0,0,1,"kellner","chalner"
532,"first_blank","first_blank-ketch","ketch",2,1,"first_blank-klick","klick",1,0,0,1,"ketchup","klickup"
750,"first_blank","first_blank-ket","ket",2,19,"first_blank-hüh","hüh",19,0,0,1,"kette","hühte"
338,"ki","ki-lo","lo",2,15,"tho-lo","tho",15,0,1,1,"kilo","tholo"
545,"ter","ter-last_blank","last_blank",4,1384,"ter-nachtssnack","nachtssnack",1,1383,1,3,"kilometer","kilometernachtssnack"
827,"no","no-last_blank","last_blank",2,182,"det-last_blank","det",181,1,1,1,"kino","kidet"
431,"first_blank","first_blank-kir","kir",2,21,"first_blank-gel","gel",21,0,0,1,"kirche","gelche"
736,"first_blank","first_blank-klas","klas",2,34,"first_blank-stan","stan",34,0,0,1,"klasse","stanse"
330,"vier","vier-last_blank","last_blank",2,13,"rohr-last_blank","rohr",13,0,0,1,"klavier","klarohr"
448,"first_blank","first_blank-klei","klei",2,32,"first_blank-wein","wein",32,0,0,1,"kleine","weinne"
164,"first_blank","first_blank-klin","klin",2,22,"first_blank-plat","plat",22,0,0,1,"klingeln","platgeln"
999,"first_blank","first_blank-knob","knob",2,2,"first_blank-koio","koio",2,0,0,1,"knoblauch","koiolauch"
699,"first_blank","first_blank-kno","kno",2,24,"first_blank-gre","gre",24,0,0,1,"knochen","grechen"
455,"ko","ko-ch","ch",1,4,"it-ch","it",4,0,0,1,"koch","itch"
601,"first_blank","first_blank-koh","koh",2,14,"first_blank-rad","rad",14,0,0,1,"kohle","radle"
945,"len","len-stoff","stoff",3,1,"len-spiel","spiel",1,0,0,1,"kohlenstoff","kohlenspiel"
370,"ka","ka-in","in",3,4,"herz-in","herz",4,0,2,1,"kokain","koherzin"
286,"first_blank","first_blank-kol","kol",3,39,"first_blank-geis","geis",39,0,1,1,"kollege","geislege"
274,"lo","lo-nie","nie",3,4,"lo-sung","sung",4,0,1,1,"kolonie","kolosung"
555,"kom","kom-bi","bi",5,10,"schlau-bi","schlau",1,9,3,1,"kombination","schlaubination"
433,"dant","dant-last_blank","last_blank",3,9,"nuss-last_blank","nuss",9,0,0,1,"kommandant","kommannuss"
58,"tar","tar-last_blank","last_blank",3,18,"show-last_blank","show",18,0,1,1,"kommentar","kommenshow"
354,"ell","ell-last_blank","last_blank",4,36,"licht-last_blank","licht",37,1,2,1,"kommerziell","kommerzilicht"
59,"kom","kom-mis","mis",4,16,"kom-plott","plott",2,14,2,1,"kommission","komplottsion"
435,"pass","pass-last_blank","last_blank",2,7,"wart-last_blank","wart",7,0,0,1,"kompass","komwart"
322,"pli","pli-ment","ment",3,1,"pli-nier","nier",1,0,0,1,"kompliment","komplinier"
536,"renz","renz-last_blank","last_blank",3,13,"vier-last_blank","vier",13,0,0,1,"konferenz","konfevier"
168,"flikt","flikt-last_blank","last_blank",2,3,"beißt-last_blank","beißt",3,0,0,1,"konflikt","konbeißt"
465,"gin","gin-last_blank","last_blank",3,40,"zeug-last_blank","zeug",40,0,1,1,"königin","könizeug"
466,"nig","nig-lich","lich",3,1,"nig-topf","topf",1,0,0,1,"königlich","königtopf"
503,"first_blank","first_blank-kon","kon",4,327,"first_blank-durch","durch",327,0,2,1,"konservativ","durchservativ"
74,"kon","kon-struk","struk",4,12,"kon-gress","gress",7,5,0,1,"konstruktion","kongresstion"
891,"takt","takt-last_blank","last_blank",2,14,"iert-last_blank","iert",14,0,0,1,"kontakt","koniert"
804,"kon","kon-ta","ta",6,10,"schmerz-ta","schmerz",3,7,4,1,"kontamination","schmerztamination"
524,"trol","trol-le","le",3,22,"über-le","über",25,3,0,1,"kontrolle","konüberle"
149,"zept","zept-last_blank","last_blank",2,5,"seys-last_blank","seys",5,0,0,1,"konzept","konseys"
537,"ko","ko-rn","rn",1,1,"ko-vi","vi",1,0,0,1,"korn","kovi"
474,"kr","kr-an","an",1,5,"ni-an","ni",5,0,0,1,"krank","niank"
450,"first_blank","first_blank-kran","kran",3,40,"first_blank-tier","tier",40,0,0,1,"krankenhaus","tierkenhaus"
386,"first_blank","first_blank-kran","kran",4,40,"first_blank-schei","schei",39,1,1,1,"krankenwagen","scheikenwagen"
644,"first_blank","first_blank-krat","krat",2,6,"first_blank-aris","aris",6,0,0,1,"kratzen","ariszen"
144,"dit","dit-last_blank","last_blank",2,7,"haw-last_blank","haw",7,0,0,1,"kredit","krehaw"
176,"kr","kr-ei","ei",1,3,"kr-um","um",3,0,0,1,"kreis","krums"
709,"kr","kr-ie","ie",1,7,"hl-ie","hl",7,0,0,1,"krieg","hlieg"
637,"first_blank","first_blank-kri","kri",2,56,"first_blank-zau","zau",56,0,0,1,"kritisch","zautisch"
829,"first_blank","first_blank-kro","kro",2,16,"first_blank-zah","zah",16,0,0,1,"krone","zahne"
742,"ku","ku-h","h",1,2,"ls-h","ls",2,0,0,1,"kuh","lsh"
992,"first_blank","first_blank-kul","kul",2,24,"first_blank-mie","mie",24,0,0,1,"kultur","mietur"
124,"first_blank","first_blank-kum","kum",2,16,"first_blank-bea","bea",16,0,0,1,"kumpel","beapel"
511,"ku","ku-ns","ns",1,1,"ku-sh","sh",1,0,0,1,"kunst","kusht"
522,"first_blank","first_blank-künst","künst",2,18,"first_blank-zweit","zweit",18,0,0,2,"künstler","zweitler"
489,"ku","ku-rz","rz",1,2,"ku-um","um",2,0,0,1,"kurz","kuum"
861,"ku","ku-ss","ss",1,2,"ku-ta","ta",2,0,0,1,"kuss","kuta"
485,"cheln","cheln-last_blank","last_blank",2,23,"fisch-last_blank","fisch",23,0,0,3,"lächeln","läfisch"
9,"cher","cher-lich","lich",3,3,"zärt-lich","zärt",3,0,0,1,"lächerlich","läzärtlich"
480,"la","la-ge","ge",2,67,"weg-ge","weg",71,4,1,1,"lage","wegge"
172,"la","la-ger","ger",2,51,"la-dun","dun",7,44,0,1,"lager","ladun"
442,"first_blank","first_blank-lam","lam",2,16,"first_blank-ari","ari",16,0,0,1,"lampe","aripe"
267,"la","la-nd","nd",1,3,"la-pa","pa",3,0,0,1,"land","lapa"
271,"first_blank","first_blank-lan","lan",2,79,"first_blank-dis","dis",79,0,0,1,"landung","disdung"
726,"sam","sam-last_blank","last_blank",2,48,"tos-last_blank","tos",48,0,0,1,"langsam","langtos"
445,"rm","rm-last_blank","last_blank",1,17,"hu-last_blank","hu",17,0,0,1,"lärm","lähu"
772,"gne","gne-last_blank","last_blank",3,17,"deck-last_blank","deck",17,0,1,1,"lasagne","lasadeck"
774,"la","la-uf","uf",1,2,"la-ja","ja",2,0,0,1,"lauf","laja"
854,"le","le-bend","bend",2,2,"le-vard","vard",2,0,0,1,"lebend","levard"
521,"bens","bens-mit","mit",4,8,"druck-mit","druck",1,7,1,1,"lebensmittel","ledruckmittel"
926,"le","le-er","er",1,3,"sp-er","sp",3,0,0,1,"leer","sper"
362,"gi","gi-on","on",3,5,"gi-rish","rish",1,4,2,1,"legion","legirish"
721,"first_blank","first_blank-lei","lei",2,80,"first_blank-dis","dis",79,1,0,1,"leiden","disden"
741,"lei","lei-se","se",2,1,"rio-se","rio",1,0,0,1,"leise","riose"
875,"first_blank","first_blank-ler","ler",2,6,"first_blank-sig","sig",6,0,0,1,"lernen","signen"
290,"first_blank","first_blank-les","les",2,16,"first_blank-kam","kam",16,0,0,1,"lesben","kamben"
731,"le","le-sen","sen",2,29,"le-rie","rie",11,18,0,1,"lesen","lerie"
525,"ga","ga-last_blank","last_blank",2,78,"ven-last_blank","ven",78,0,1,1,"liga","liven"
507,"de","de-last_blank","last_blank",4,1044,"de-athwatch","athwatch",1,1043,2,4,"limonade","limonadeathwatch"
940,"first_blank","first_blank-lip","lip",2,10,"first_blank-sco","sco",10,0,0,1,"lippe","scope"
611,"stift","stift-last_blank","last_blank",3,3,"bohrt-last_blank","bohrt",3,0,0,1,"lippenstift","lippenbohrt"
298,"first_blank","first_blank-löf","löf",2,4,"first_blank-avi","avi",4,0,0,1,"löffel","avifel"
189,"loya","loya-li","li",3,2,"sche-li","sche",2,0,0,1,"loyalität","schelität"
698,"lu","lu-ft","ft",1,1,"öp-ft","öp",1,0,0,1,"luft","öpft"
517,"lü","lü-ge","ge",2,5,"dar-ge","dar",5,0,1,1,"lüge","darge"
850,"ma","ma-chen","chen",2,87,"ma-schi","schi",50,37,0,1,"machen","maschi"
422,"first_blank","first_blank-mäd","mäd",2,15,"first_blank-kie","kie",15,0,0,1,"mädchen","kiechen"
436,"fia","fia-last_blank","last_blank",2,3,"loo-last_blank","loo",3,0,0,1,"mafia","maloo"
847,"ma","ma-gen","gen",2,17,"ma-tio","tio",10,7,0,1,"magen","matio"
520,"ma","ma-gie","gie",2,4,"ma-zeu","zeu",4,0,0,1,"magie","mazeu"
203,"tisch","tisch-last_blank","last_blank",3,133,"sches-last_blank","sches",168,35,0,1,"magnetisch","magnesches"
383,"jes","jes-tät","tät",3,1,"jes-sies","sies",1,0,1,1,"majestät","majessies"
977,"ma","ma-len","len",2,18,"ma-tio","tio",10,8,0,1,"malen","matio"
114,"na","na-ger","ger",3,6,"na-than","than",4,2,1,1,"manager","manathan"
360,"first_blank","first_blank-manch","manch",2,1,"first_blank-beech","beech",1,0,0,1,"manchmal","beechmal"
541,"ma","ma-nn","nn",1,4,"ma-ca","ca",4,0,0,1,"mann","maca"
948,"first_blank","first_blank-männ","männ",2,9,"first_blank-dank","dank",9,0,0,1,"männlich","danklich"
678,"thon","thon-last_blank","last_blank",3,4,"kens-last_blank","kens",4,0,0,1,"marathon-","marakens"
526,"ri","ri-ne","ne",3,26,"schö-ne","schö",9,17,2,1,"marine","maschöne"
268,"ri","ri-ne","ne",3,26,"waff-ne","waff",9,17,2,1,"marine-","mawaffne"
650,"mar","mar-ke","ke",2,9,"völ-ke","völ",6,3,0,1,"marke","völke"
887,"rs","rs-last_blank","last_blank",1,36,"zi-last_blank","zi",36,0,0,1,"mars","mazi"
664,"ma","ma-us","us",1,2,"ma-nc","nc",2,0,0,1,"maus","manc"
659,"nisch","nisch-last_blank","last_blank",4,54,"stein-last_blank","stein",53,1,0,1,"medizinisch","medizistein"
607,"me","me-er","er",1,2,"me-so","so",2,0,0,1,"meer","meso"
8,"first_blank","first_blank-mehr","mehr",3,10,"first_blank-stri","stri",10,0,0,1,"mehrheitlich","striheitlich"
982,"mei","mei-le","le",2,2,"tul-le","tul",2,0,0,1,"meile","tulle"
199,"first_blank","first_blank-mei","mei",2,34,"first_blank-can","can",34,0,0,1,"meinung","cannung"
660,"first_blank","first_blank-men","men",2,72,"first_blank-hal","hal",71,1,0,1,"menge","halge"
29,"first_blank","first_blank-mes","mes",2,31,"first_blank-syn","syn",31,0,0,1,"messe","synse"
819,"tho","tho-de","de",3,3,"krei-de","krei",3,0,1,1,"methode","mekreide"
546,"first_blank","first_blank-mie","mie",2,24,"first_blank-kul","kul",24,0,0,1,"mieten","kulten"
903,"first_blank","first_blank-mie","mie",2,24,"first_blank-kno","kno",24,0,0,1,"mieter","knoter"
691,"mi","mi-lc","lc",1,1,"mi-ho","ho",1,0,0,1,"milch","mihoh"
550,"first_blank","first_blank-mil","mil",3,62,"first_blank-lang","lang",61,1,1,1,"million","langlion"
874,"när","när-last_blank","last_blank",3,14,"mons-last_blank","mons",14,0,1,1,"millionär","milliomons"
531,"mum","mum-last_blank","last_blank",3,2,"rews-last_blank","rews",2,0,1,1,"minimum","minirews"
509,"schung","schung-last_blank","last_blank",2,38,"schiff-last_blank","schiff",37,1,0,1,"mischung","mischiff"
220,"ra","ra-bel","bel",4,6,"ra-lisch","lisch",2,4,2,1,"miserabel","miseralisch"
343,"lend","lend-last_blank","last_blank",3,19,"halb-last_blank","halb",19,0,0,1,"mitfühlend","mitfühhalb"
294,"glied","glied-last_blank","last_blank",2,15,"sisch-last_blank","sisch",15,0,0,3,"mitglied","mitsisch"
558,"ter","ter-nacht","nacht",3,2,"ter-lands","lands",2,0,0,1,"mitternacht","mitterlands"
656,"dell","dell-last_blank","last_blank",2,15,"fers-last_blank","fers",15,0,0,1,"modell","mofers"
840,"mo","mo-dern","dern",2,4,"mo-sphä","sphä",5,1,0,2,"modern","mosphä"
202,"disch","disch-last_blank","last_blank",2,22,"nacht-last_blank","nacht",22,0,0,2,"modisch","monacht"
964,"nat","nat-last_blank","last_blank",2,15,"cus-last_blank","cus",15,0,0,1,"monat","mocus"
645,"first_blank","first_blank-mö","mö",1,22,"first_blank-ae","ae",22,0,0,1,"mönch","aench"
768,"nd","nd-last_blank","last_blank",1,46,"ds-last_blank","ds",46,0,0,1,"mond","mods"
766,"mo","mo-nd","nd",1,3,"mo-lo","lo",3,0,0,1,"mond-","molo"
476,"first_blank","first_blank-mons","mons",2,12,"first_blank-bron","bron",12,0,0,1,"monster-","bronter"
162,"first_blank","first_blank-mon","mon",2,70,"first_blank-chi","chi",70,0,0,1,"montag","chitag"
793,"nu","nu-ment","ment",3,1,"nu-ckys","ckys",1,0,0,1,"monument","monuckys"
563,"first_blank","first_blank-mör","mör",2,12,"first_blank-klo","klo",12,0,0,1,"mörder","kloder"
564,"first_blank","first_blank-mor","mor",2,96,"first_blank-nie","nie",93,3,0,1,"morgen","niegen"
20,"tiv","tiv-last_blank","last_blank",2,57,"lon-last_blank","lon",57,0,0,1,"motiv","molon"
389,"first_blank","first_blank-mü","mü",2,27,"first_blank-ham","ham",27,0,1,1,"müde","hamde"
568,"first_blank","first_blank-mü","mü",1,27,"first_blank-tö","tö",27,0,0,1,"müll","töll"
581,"nd","nd-last_blank","last_blank",1,46,"wa-last_blank","wa",46,0,0,1,"mund","muwa"
254,"mu","mu-t","t",1,1,"ah-t","ah",1,0,0,1,"mut","aht"
885,"first_blank","first_blank-mut","mut",2,41,"first_blank-lin","lin",41,0,0,1,"mutter","linter"
495,"thos","thos-last_blank","last_blank",2,3,"cats-last_blank","cats",3,0,0,1,"mythos","mycats"
2,"na","na-ch","ch",1,4,"it-ch","it",4,0,0,1,"nacht","itcht"
481,"nach","nach-tisch","tisch",2,1,"lard-tisch","lard",1,0,0,1,"nachtisch","lardtisch"
578,"na","na-ck","ck",1,1,"na-pa","pa",1,0,0,1,"nackt","napat"
787,"del","del-last_blank","last_blank",2,93,"rie-last_blank","rie",92,1,0,1,"nadel","narie"
975,"na","na-gel","gel",2,21,"na-tür","tür",19,2,0,1,"nagel","natür"
179,"iv","iv-last_blank","last_blank",2,4,"wyn-last_blank","wyn",4,0,1,1,"naiv","nawyn"
832,"first_blank","first_blank-na","na",2,340,"first_blank-pro","pro",337,3,1,1,"name","prome"
333,"nal","nal-last_blank","last_blank",3,50,"mung-last_blank","mung",50,0,1,1,"national","natiomung"
21,"tür","tür-lich","lich",3,6,"tür-chen","chen",2,4,0,1,"natürlich","natürchen"
461,"first_blank","first_blank-na","na",5,340,"schnarch-na","schnarch",1,339,3,5,"navigation","schnarchnavigation"
974,"first_blank","first_blank-nei","nei",2,11,"first_blank-völ","völ",11,0,0,1,"neidisch","völdisch"
572,"rv","rv-last_blank","last_blank",1,6,"hh-last_blank","hh",6,0,0,1,"nerv","nehh"
190,"ne","ne-st","st",1,1,"ne-ru","ru",1,0,0,1,"nest","neru"
812,"werk","werk-last_blank","last_blank",2,39,"beln-last_blank","beln",39,0,0,1,"netzwerk","netzbeln"
235,"ch","ch-ts","ts",1,6,"ch-il","il",6,0,0,1,"nichts","nichil"
127,"cker","cker-chen","chen",3,3,"häus-chen","häus",3,0,0,1,"nickerchen","nihäuschen"
379,"first_blank","first_blank-nie","nie",2,93,"first_blank-mas","mas",93,0,0,1,"nieder","masder"
380,"first_blank","first_blank-nied","nied",2,16,"first_blank-freu","freu",16,0,0,1,"niedrig","freurig"
594,"first_blank","first_blank-nied","nied",3,16,"first_blank-blan","blan",16,0,0,1,"niedriger","blanriger"
492,"first_blank","first_blank-nie","nie",2,93,"first_blank-mas","mas",93,0,0,1,"niere","masre"
693,"first_blank","first_blank-nin","nin",2,3,"first_blank-lym","lym",3,0,0,1,"ninja","lymja"
643,"bel","bel-last_blank","last_blank",2,107,"nie-last_blank","nie",107,0,0,1,"nobel","nonie"
417,"first_blank","first_blank-no","no",1,149,"first_blank-va","va",149,0,0,1,"noch nie","vach nie"
538,"ler","ler-wei","wei",5,3,"ler-schöns","schöns",2,1,3,1,"normalerweise","normalerschönsse"
117,"first_blank","first_blank-not","not",3,75,"first_blank-flug","flug",74,1,1,1,"notwendig","flugwendig"
156,"ber","ber-last_blank","last_blank",3,188,"gung-last_blank","gung",188,0,1,1,"november","novemgung"
100,"first_blank","first_blank-nüch","nüch",2,5,"first_blank-nerv","nerv",5,0,0,1,"nüchtern","nervtern"
952,"first_blank","first_blank-nutz","nutz",2,11,"first_blank-punk","punk",11,0,0,1,"nutzlos","punklos"
878,"ob","ob-en","en",1,1,"er-en","er",1,0,0,1,"oben","eren"
240,"jekt","jekt-last_blank","last_blank",2,20,"zeln-last_blank","zeln",20,0,0,1,"objekt","obzeln"
369,"of","of-en","en",1,1,"mä-en","mä",1,0,0,1,"ofen","mäen"
579,"fen","fen-last_blank","last_blank",2,621,"che-last_blank","che",645,24,0,1,"offen","ofche"
923,"ba","ba-rung","rung",4,6,"ba-nisch","nisch",2,4,1,1,"offenbarung","offenbanisch"
598,"ell","ell-last_blank","last_blank",4,36,"licht-last_blank","licht",37,1,2,1,"offiziell","offizilicht"
717,"first_blank","first_blank-öff","öff",2,10,"first_blank-hur","hur",10,0,0,1,"öffnung","hurnung"
413,"first_blank","first_blank-ok","ok",1,19,"first_blank-tw","tw",19,0,0,1,"okay","tway"
886,"kel","kel-last_blank","last_blank",2,67,"rat-last_blank","rat",65,2,0,1,"onkel","onrat"
31,"fer","fer-last_blank","last_blank",2,168,"los-last_blank","los",176,8,0,1,"opfer","oplos"
670,"tisch","tisch-last_blank","last_blank",4,133,"stand-last_blank","stand",88,45,0,1,"optimistisch","optimisstand"
67,"or","or-ches","ches",3,6,"or-dert","dert",4,2,0,1,"orchester","ordertter"
605,"first_blank","first_blank-ord","ord",2,12,"first_blank-web","web",12,0,0,1,"ordnen","webnen"
223,"gas","gas-mus","mus",3,1,"gas-back","back",1,0,1,1,"orgasmus","orgasback"
470,"nal","nal-last_blank","last_blank",3,50,"mung-last_blank","mung",50,0,1,1,"original","origimung"
488,"or","or-t","t",1,5,"eh-t","eh",5,0,0,1,"ort","eht"
718,"last","last-last_blank","last_blank",2,9,"fand-last_blank","fand",9,0,0,1,"palast","pafand"
567,"first_blank","first_blank-pan","pan",2,46,"first_blank-ehe","ehe",46,0,0,1,"panzer","ehezer"
799,"pier","pier-last_blank","last_blank",2,16,"ligt-last_blank","ligt",16,0,0,1,"papier","paligt"
384,"dies","dies-last_blank","last_blank",3,12,"kerl-last_blank","kerl",12,0,0,1,"paradies","parakerl"
907,"id","id-last_blank","last_blank",4,31,"recht-last_blank","recht",31,0,3,1,"paranoid","paranorecht"
753,"la","la-ment","ment",3,1,"la-bour","bour",1,0,0,1,"parlament","parlabour"
845,"gier","gier-last_blank","last_blank",3,13,"wurf-last_blank","wurf",13,0,0,1,"passagier","passawurf"
47,"fik","fik-last_blank","last_blank",3,4,"treu-last_blank","treu",4,0,1,1,"pazifik","pazitreu"
393,"per","per-son","son",2,15,"per-fek","fek",14,1,0,1,"person","perfek"
407,"lich","lich-last_blank","last_blank",3,528,"cher-last_blank","cher",398,130,0,1,"persönlich","persöncher"
219,"pe","pe-st","st",1,1,"rm-st","rm",1,0,0,1,"pest","rmst"
112,"first_blank","first_blank-pflan","pflan",5,4,"first_blank-frosch","frosch",4,0,1,1,"pflanze, anlage","froschze, anlage"
170,"first_blank","first_blank-pf","pf",1,34,"first_blank-ci","ci",34,0,0,1,"pfund","ciund"
888,"first_blank","first_blank-phä","phä",3,6,"first_blank-stop","stop",6,0,1,1,"phänomen","stopnomen"
979,"first_blank","first_blank-pha","pha",2,13,"first_blank-mac","mac",13,0,0,1,"phase","macse"
677,"phie","phie-last_blank","last_blank",4,14,"gibst-last_blank","gibst",14,0,1,1,"philosophie","philosogibst"
530,"first_blank","first_blank-phy","phy",2,21,"first_blank-ope","ope",21,0,0,1,"physik","opesik"
132,"nick","nick-last_blank","last_blank",2,13,"ness-last_blank","ness",13,0,0,1,"picknick","pickness"
747,"pi","pi-rat","rat",2,1,"pi-nos","nos",1,0,0,1,"pirat","pinos"
930,"first_blank","first_blank-pis","pis",3,20,"first_blank-stel","stel",20,0,1,1,"pistole","steltole"
806,"first_blank","first_blank-pla","pla",2,52,"first_blank-eis","eis",52,0,0,1,"planen","eisnen"
604,"first_blank","first_blank-pla","pla",2,52,"first_blank-fin","fin",52,0,0,1,"planet","finnet"
66,"first_blank","first_blank-platt","platt",2,7,"first_blank-draht","draht",7,0,0,1,"plattform","drahtform"
236,"first_blank","first_blank-plat","plat",2,22,"first_blank-klin","klin",22,0,0,1,"platzen","klinzen"
980,"boy","boy-last_blank","last_blank",2,12,"cie-last_blank","cie",12,0,0,1,"playboy","playcie"
865,"first_blank","first_blank-plötz","plötz",2,5,"first_blank-kratz","kratz",5,0,0,1,"plötzlich","kratzlich"
553,"us","us-last_blank","last_blank",1,109,"lo-last_blank","lo",109,0,0,1,"plus","pllo"
636,"tik","tik-last_blank","last_blank",3,52,"mern-last_blank","mern",52,0,1,1,"politik","polimern"
542,"po","po-pu","pu",5,9,"po-lierst","lierst",1,8,4,1,"population","polierstlation"
257,"first_blank","first_blank-por","por",2,58,"first_blank-ban","ban",59,1,0,1,"porno","banno"
836,"tal","tal-last_blank","last_blank",2,42,"sig-last_blank","sig",42,0,0,1,"portal","porsig"
586,"si","si-tiv","tiv",3,1,"si-mons","mons",1,0,1,1,"positiv","posimons"
813,"ten","ten-zi","zi",4,8,"schat-zi","schat",1,7,2,1,"potenzial","poschatzial"
647,"first_blank","first_blank-prin","prin",3,17,"first_blank-blei","blei",17,0,0,1,"prinzessin","bleizessin"
648,"vat","vat-last_blank","last_blank",2,7,"phy-last_blank","phy",7,0,0,1,"privat","priphy"
187,"leg","leg-last_blank","last_blank",3,6,"cott-last_blank","cott",6,0,1,1,"privileg","privicott"
166,"zent","zent-last_blank","last_blank",3,8,"wolf-last_blank","wolf",8,0,0,1,"produzent","produwolf"
102,"fil","fil-last_blank","last_blank",2,3,"ong-last_blank","ong",3,0,0,1,"profil","proong"
197,"fi","fi-tie","tie",4,2,"fi-sport","sport",2,0,2,1,"profitieren","profisportren"
218,"gress","gress-last_blank","last_blank",2,4,"werks-last_blank","werks",4,0,0,1,"progress","prowerks"
654,"jekt","jekt-last_blank","last_blank",2,20,"ckel-last_blank","ckel",20,0,0,1,"projekt","prockel"
924,"pro","pro-te","te",3,5,"ckel-te","ckel",5,0,1,1,"protein","ckeltein"
152,"pro","pro-test","test",2,3,"pro-gres","gres",3,0,0,1,"protest","progres"
894,"zess","zess-last_blank","last_blank",2,12,"fehl-last_blank","fehl",12,0,0,1,"prozess","profehl"
397,"first_blank","first_blank-prüf","prüf",3,3,"first_blank-weck","weck",3,0,0,1,"prüfbericht","weckbericht"
898,"first_blank","first_blank-prü","prü",2,19,"first_blank-alt","alt",19,0,0,1,"prüfen","altfen"
208,"psy","psy-chisch","chisch",2,1,"rei-chisch","rei",1,0,0,1,"psychisch","reichisch"
680,"first_blank","first_blank-pu","pu",1,92,"first_blank-wo","wo",92,0,0,1,"pub","wob"
715,"first_blank","first_blank-pum","pum",2,8,"first_blank-kes","kes",8,0,0,1,"pumpe","kespe"
27,"pu","pu-nk","nk",1,3,"pu-lä","lä",3,0,0,1,"punkt","pulät"
783,"first_blank","first_blank-pup","pup",2,14,"first_blank-koh","koh",14,0,0,1,"puppe","kohpe"
807,"de","de-last_blank","last_blank",4,1044,"de-athwatch","athwatch",1,1043,2,4,"pyramide","pyramideathwatch"
276,"first_blank","first_blank-quä","quä",2,7,"first_blank-jog","jog",7,0,0,1,"quälen","joglen"
395,"first_blank","first_blank-quel","quel",2,3,"first_blank-pren","pren",3,0,0,1,"quelle","prenle"
160,"ra","ra-che","che",2,11,"ra-ter","ter",11,0,0,1,"rache","rater"
696,"dar","dar-last_blank","last_blank",2,19,"ces-last_blank","ces",19,0,0,1,"radar","races"
252,"dio","dio-last_blank","last_blank",2,22,"mut-last_blank","mut",22,0,0,1,"radio","ramut"
862,"di","di-us","us",3,6,"di-rekt","rekt",5,1,2,1,"radius","radirekt"
663,"ke","ke-te","te",3,5,"bürs-te","bürs",5,0,2,1,"rakete","rabürste"
462,"sist","sist-last_blank","last_blank",2,5,"rier-last_blank","rier",5,0,0,1,"rassist","rasrier"
91,"ra","ra-t","t",1,4,"oo-t","oo",4,0,0,1,"rat","oot"
990,"ra","ra-uc","uc",1,4,"ra-ta","ta",4,0,0,1,"rauch","ratah"
913,"rea","rea-li","li",4,13,"glück-li","glück",12,1,2,1,"realisieren","glücklisieren"
510,"re","re-ch","ch",1,4,"it-ch","it",4,0,0,1,"rechts","itchts"
641,"re","re-de","de",2,28,"re-rin","rin",29,1,1,1,"rede","rerin"
655,"re","re-gel","gel",2,30,"re-rin","rin",29,1,0,1,"regel","rerin"
723,"re","re-gen","gen",2,54,"re-prä","prä",11,43,0,1,"regen","reprä"
72,"gi","gi-ment","ment",3,2,"gi-corp","corp",1,1,0,1,"regiment","regicorp"
514,"nal","nal-last_blank","last_blank",3,50,"mung-last_blank","mung",50,0,1,1,"regional","regiomung"
944,"rei","rei-ni","ni",3,24,"chro-ni","chro",9,15,1,1,"reinigen","chronigen"
919,"la","la-tiv","tiv",3,3,"la-bert","bert",2,1,1,1,"relativ","relabert"
418,"re","re-por","por",3,10,"re-geln","geln",11,1,1,1,"reporter","regelnter"
916,"spekt","spekt-last_blank","last_blank",2,4,"spray-last_blank","spray",4,0,0,1,"respekt","respray"
773,"first_blank","first_blank-ret","ret",2,45,"first_blank-kas","kas",45,0,0,1,"rettung","kastung"
345,"zep","zep-ti","ti",4,2,"stron-ti","stron",1,1,2,1,"rezeption","restrontion"
800,"first_blank","first_blank-rhyth","rhyth",2,7,"first_blank-platt","platt",7,0,0,2,"rhythmus","plattmus"
351,"ri","ri-ng","ng",1,10,"ri-el","el",10,0,0,1,"ring","riel"
11,"ko","ko-last_blank","last_blank",3,134,"land-last_blank","land",134,0,2,1,"risiko","risiland"
306,"first_blank","first_blank-ris","ris",2,17,"first_blank-boh","boh",17,0,0,1,"riskant","bohkant"
513,"ri","ri-ss","ss",1,1,"ri-kt","kt",1,0,0,1,"riss","rikt"
984,"al","al-last_blank","last_blank",3,91,"ling-last_blank","ling",93,2,2,1,"ritual","rituling"
528,"bo","bo-ter","ter",3,2,"bo-ckig","ckig",1,1,1,1,"roboter","robockig"
447,"ro","ro-ck","ck",1,5,"ro-ti","ti",5,0,0,1,"rock","roti"
139,"deo","deo-last_blank","last_blank",2,10,"bis-last_blank","bis",10,0,0,1,"rodeo","robis"
420,"meo","meo-last_blank","last_blank",2,2,"lud-last_blank","lud",2,0,0,1,"romeo","rolud"
341,"misch","misch-last_blank","last_blank",2,20,"blick-last_blank","blick",20,0,0,2,"römisch","röblick"
795,"first_blank","first_blank-ros","ros",2,26,"first_blank-höl","höl",26,0,0,1,"rostig","höltig"
316,"ro","ro-t","t",1,4,"lz-t","lz",4,0,0,1,"rot","lzt"
947,"first_blank","first_blank-rou","rou",2,16,"first_blank-zah","zah",16,0,0,1,"route","zahte"
215,"tritt","tritt-last_blank","last_blank",2,22,"nacht-last_blank","nacht",22,0,0,2,"rücktritt","rücknacht"
688,"hig","hig-last_blank","last_blank",2,28,"bus-last_blank","bus",28,0,0,1,"ruhig","rubus"
137,"ru","ru-m","m",1,2,"em-m","em",2,0,0,1,"rum","emm"
860,"first_blank","first_blank-run","run",2,101,"first_blank-car","car",101,0,0,1,"runden","carden"
233,"sa","sa-gen","gen",2,43,"sa-tio","tio",13,30,0,1,"sagen","satio"
771,"first_blank","first_blank-sah","sah",2,6,"first_blank-kni","kni",6,0,0,1,"sahne","knine"
909,"meln","meln-last_blank","last_blank",2,40,"zeug-last_blank","zeug",40,0,0,1,"sammeln","samzeug"
769,"first_blank","first_blank-sams","sams",2,9,"first_blank-dumm","dumm",9,0,0,1,"samstag","dummtag"
352,"wich","wich-last_blank","last_blank",2,9,"lief-last_blank","lief",9,0,0,1,"sandwich","sandlief"
571,"first_blank","first_blank-sän","sän",2,7,"first_blank-reu","reu",7,0,0,1,"sänger","reuger"
79,"rg","rg-last_blank","last_blank",1,16,"un-last_blank","un",16,0,0,1,"sarg","saun"
493,"first_blank","first_blank-sau","sau",2,76,"first_blank-com","com",76,0,0,1,"saugen","comgen"
652,"first_blank","first_blank-schaf","schaf",2,10,"first_blank-stahl","stahl",10,0,0,1,"schaffen","stahlfen"
985,"first_blank","first_blank-schaf","schaf",2,10,"first_blank-stahl","stahl",10,0,0,1,"schaffung","stahlfung"
52,"plat","plat-te","te",3,12,"such-te","such",12,0,0,1,"schallplatte","schallsuchte"
181,"first_blank","first_blank-schat","schat",2,15,"first_blank-stich","stich",15,0,0,2,"schatten","stichten"
904,"ha","ha-tz","tz",1,1,"mu-tz","mu",1,0,0,1,"schatz","scmutz"
185,"first_blank","first_blank-schei","schei",4,39,"first_blank-kunst","kunst",39,0,0,1,"scheiden lassen","kunstden lassen"
366,"first_blank","first_blank-schei","schei",2,39,"first_blank-sport","sport",39,0,0,2,"scheinen","sportnen"
595,"hi","hi-ch","ch",1,3,"da-ch","da",3,0,0,1,"schicht","scdacht"
183,"first_blank","first_blank-schieß","schieß",3,12,"first_blank-nichts","nichts",12,0,0,2,"schießpulver","nichtspulver"
689,"hi","hi-ld","ld",1,2,"fe-ld","fe",2,0,0,1,"schild","scfeld"
725,"pend","pend-last_blank","last_blank",2,1,"dünn-last_blank","dünn",1,0,0,1,"schleppend","schlepdünn"
439,"first_blank","first_blank-schlu","schlu",2,4,"first_blank-sträu","sträu",4,0,0,1,"schlucken","sträucken"
778,"first_blank","first_blank-schlüs","schlüs",2,20,"first_blank-schrei","schrei",20,0,0,1,"schlüssel","schreisel"
494,"first_blank","first_blank-schmack","schmack",2,2,"first_blank-schmeis","schmeis",2,0,0,1,"schmackhaft","schmeishaft"
78,"first_blank","first_blank-schmei","schmei",2,11,"first_blank-schnit","schnit",11,0,0,1,"schmeicheln","schnitcheln"
195,"first_blank","first_blank-schmel","schmel",2,2,"first_blank-schäch","schäch",2,0,0,1,"schmelzen","schächzen"
925,"ter","ter-ling","ling",3,1,"ter-spre","spre",1,0,0,1,"schmetterling","schmetterspre"
708,"first_blank","first_blank-schne","schne",2,4,"first_blank-spren","spren",4,0,0,1,"schnecke","sprencke"
728,"hö","hö-n","n",1,1,"qi-n","qi",1,0,0,1,"schön","scqin"
231,"first_blank","first_blank-schre","schre",2,6,"first_blank-starr","starr",6,0,0,1,"schrecken","starrcken"
216,"schreck","schreck-lich","lich",2,1,"schritt-lich","schritt",1,0,0,1,"schrecklich","schrittlich"
129,"first_blank","first_blank-schreib","schreib",2,18,"first_blank-fleisch","fleisch",18,0,0,5,"schreibtisch","fleischtisch"
496,"first_blank","first_blank-schü","schü",2,13,"first_blank-lich","lich",13,0,0,1,"schüler","lichler"
454,"schul","schul-ter","ter",2,5,"fürch-ter","fürch",5,0,0,3,"schulter","fürchter"
705,"hu","hu-ss","ss",1,2,"ne-ss","ne",2,0,0,1,"schuss","scness"
822,"first_blank","first_blank-schüs","schüs",2,5,"first_blank-stres","stres",5,0,0,1,"schüssel","stressel"
266,"first_blank","first_blank-schwei","schwei",3,46,"first_blank-dienst","dienst",45,1,0,3,"schweinefleisch","dienstnefleisch"
744,"hw","hw-er","er",1,3,"hw-up","up",3,0,0,1,"schwer","schwup"
543,"hw","hw-er","er",1,3,"uf-er","uf",3,0,0,1,"schwert","scufert"
123,"first_blank","first_blank-schwes","schwes",2,8,"first_blank-schmut","schmut",8,0,0,1,"schwester","schmutter"
191,"first_blank","first_blank-schwö","schwö",2,2,"first_blank-ochmo","ochmo",2,0,0,1,"schwören","ochmoren"
315,"see","see-le","le",2,2,"los-le","los",2,0,0,1,"seele","losle"
844,"se","se-hen","hen",2,86,"se-kre","kre",15,71,0,1,"sehen","sekre"
46,"tär","tär-last_blank","last_blank",3,13,"gels-last_blank","gels",13,0,1,1,"sekretär","sekregels"
4,"first_blank","first_blank-sek","sek",3,8,"first_blank-fahn","fahn",8,0,1,1,"sektion","fahntion"
646,"där","där-last_blank","last_blank",3,3,"side-last_blank","side",3,0,1,1,"sekundär","sekunside"
554,"kun","kun-de","de",3,18,"frie-de","frie",12,6,1,1,"sekunde","sefriede"
562,"mord","mord-last_blank","last_blank",2,14,"jagd-last_blank","jagd",14,0,0,1,"selbstmord","selbstjagd"
929,"nar","nar-last_blank","last_blank",3,17,"deck-last_blank","deck",17,0,1,1,"seminar","semideck"
423,"or","or-last_blank","last_blank",3,30,"telt-last_blank","telt",30,0,2,1,"senior","senitelt"
776,"nell","nell-last_blank","last_blank",4,24,"fisch-last_blank","fisch",23,1,1,1,"sensationell","sensatiofisch"
755,"sor","sor-last_blank","last_blank",2,18,"mig-last_blank","mig",18,0,0,1,"sensor","senmig"
600,"sep","sep-tem","tem",3,1,"würt-tem","würt",1,0,1,1,"september","württember"
502,"geant","geant-last_blank","last_blank",2,1,"belst-last_blank","belst",1,0,0,1,"sergeant","serbelst"
275,"rie","rie-last_blank","last_blank",2,92,"del-last_blank","del",93,1,0,1,"serie","sedel"
627,"ell","ell-last_blank","last_blank",3,36,"band-last_blank","band",37,1,1,1,"sexuell","sexuband"
128,"first_blank","first_blank-she","she",2,27,"first_blank-ham","ham",27,0,0,1,"sheriff","hamriff"
946,"first_blank","first_blank-sher","sher",2,13,"first_blank-schü","schü",13,0,0,1,"sherlock","schülock"
415,"first_blank","first_blank-sh","sh",1,142,"first_blank-ki","ki",142,0,0,1,"shirt","kiirt"
700,"shoo","shoo-ter","ter",2,2,"stal-ter","stal",2,0,0,1,"shooter","stalter"
499,"first_blank","first_blank-sh","sh",1,142,"first_blank-ki","ki",142,0,0,1,"show","kiow"
711,"uhen","uhen-last_blank","last_blank",5,1,"klärst-last_blank","klärst",1,0,2,1,"sich ausruhen","sich ausrklärst"
121,"ngen","ngen-last_blank","last_blank",4,1,"duckt-last_blank","duckt",1,0,1,1,"sich verengen","sich vereduckt"
34,"igern","igern-last_blank","last_blank",3,1,"ruhrs-last_blank","ruhrs",1,0,0,1,"sich weigern","sich weruhrs"
758,"cher","cher-last_blank","last_blank",2,398,"rung-last_blank","rung",345,53,0,2,"sicher","sirung"
759,"heit","heit-last_blank","last_blank",3,190,"gung-last_blank","gung",188,2,0,1,"sicherheit","sichergung"
902,"eg","eg-last_blank","last_blank",1,8,"ic-last_blank","ic",8,0,0,1,"sieg","siic"
958,"first_blank","first_blank-sinn","sinn",2,19,"first_blank-bahn","bahn",19,0,0,1,"sinnvoll","bahnvoll"
453,"first_blank","first_blank-skla","skla",2,14,"first_blank-wald","wald",14,0,0,1,"sklave","waldve"
559,"first_blank","first_blank-sn","sn",1,17,"first_blank-aa","aa",17,0,0,1,"snack","aaack"
101,"fa","fa-last_blank","last_blank",2,18,"dos-last_blank","dos",18,0,1,1,"sofa","sodos"
138,"first_blank","first_blank-soft","soft",2,3,"first_blank-zart","zart",3,0,0,1,"software","zartware"
478,"dat","dat-last_blank","last_blank",2,11,"auf-last_blank","auf",11,0,0,1,"soldat","solauf"
50,"first_blank","first_blank-söld","söld",2,2,"first_blank-saue","saue",2,0,0,1,"söldner","sauener"
957,"first_blank","first_blank-som","som",2,30,"first_blank-gro","gro",30,0,0,1,"sommer","gromer"
141,"ter","ter-gang","gang",5,4,"ter-schrie","schrie",4,0,2,1,"sonnenuntergang","sonnenunterschrie"
293,"ät","ät-last_blank","last_blank",1,3,"jk-last_blank","jk",3,0,0,1,"spät","spjk"
1,"first_blank","first_blank-spi","spi",2,33,"first_blank-mat","mat",33,0,0,1,"spinal","matnal"
401,"first_blank","first_blank-spin","spin",2,15,"first_blank-whit","whit",15,0,0,1,"spinne","whitne"
906,"first_blank","first_blank-spi","spi",2,33,"first_blank-mat","mat",33,0,0,1,"spion","maton"
690,"first_blank","first_blank-spio","spio",3,15,"first_blank-haut","haut",15,0,0,1,"spionage","hautnage"
574,"first_blank","first_blank-spitz","spitz",3,9,"first_blank-schot","schot",9,0,0,1,"spitzname","schotname"
785,"first_blank","first_blank-spre","spre",2,10,"first_blank-meer","meer",10,0,0,1,"sprechen","meerchen"
71,"sta","sta-di","di",3,8,"frie-di","frie",8,0,1,1,"stadion","friedion"
763,"st","st-an","an",1,8,"ch-an","ch",8,0,0,1,"stand","chand"
738,"st","st-ar","ar",1,13,"ge-ar","ge",13,0,0,1,"stark","geark"
327,"first_blank","first_blank-stär","stär",2,9,"first_blank-chir","chir",9,0,0,1,"stärke","chirke"
912,"first_blank","first_blank-start","start",3,22,"first_blank-traum","traum",22,0,0,1,"startseite","traumseite"
638,"tus","tus-last_blank","last_blank",2,34,"kam-last_blank","kam",34,0,0,1,"status","stakam"
666,"first_blank","first_blank-steh","steh",2,6,"first_blank-spal","spal",6,0,0,1,"stehlen","spallen"
786,"first_blank","first_blank-stei","stei",2,33,"first_blank-sand","sand",32,1,0,1,"steigen","sandgen"
734,"first_blank","first_blank-stie","stie",2,9,"first_blank-brei","brei",9,0,0,1,"stiefel","breifel"
18,"first_blank","first_blank-stim","stim",2,9,"first_blank-reiz","reiz",9,0,0,1,"stimme","reizme"
353,"st","st-oc","oc",1,4,"st-ah","ah",4,0,0,1,"stock","stahk"
817,"st","st-of","of",1,1,"st-ag","ag",1,0,0,1,"stoff","stagf"
229,"st","st-ol","ol",1,3,"st-ör","ör",3,0,0,1,"stolz","störz"
348,"first_blank","first_blank-stra","stra",2,65,"first_blank-fahr","fahr",63,2,0,2,"strafe","fahrfe"
484,"ra","ra-nd","nd",1,4,"ra-tu","tu",4,0,0,1,"strand","stratu"
64,"first_blank","first_blank-stra","stra",2,65,"first_blank-fahr","fahr",63,2,0,2,"straße","fahrße"
204,"st","st-ro","ro",1,10,"st-op","op",10,0,0,1,"strom","stopm"
261,"che","che-last_blank","last_blank",2,645,"ben-last_blank","ben",650,5,0,1,"suche","suben"
953,"sü","sü-d","d",1,1,"ud-d","ud",1,0,0,1,"süd-","udd"
590,"sü","sü-den","den",2,1,"sü-ßig","ßig",2,1,0,1,"süden","süßig"
540,"sum","sum-me","me",2,5,"pro-me","pro",5,0,0,1,"summe","prome"
892,"first_blank","first_blank-sün","sün",2,16,"first_blank-pho","pho",16,0,0,1,"sünde","phode"
692,"first_blank","first_blank-sup","sup",2,10,"first_blank-öff","öff",10,0,0,1,"suppe","öffpe"
589,"sü","sü-ss","ss",1,1,"ra-ss","ra",1,0,0,1,"süss","rass"
811,"ptom","ptom-last_blank","last_blank",2,1,"patz-last_blank","patz",1,0,0,1,"symptom","sympatz"
989,"bak","bak-last_blank","last_blank",2,5,"wig-last_blank","wig",5,0,0,1,"tabak","tawig"
628,"blet","blet-te","te",3,3,"kack-te","kack",3,0,0,1,"tablette","takackte"
163,"ter","ter-last_blank","last_blank",4,1384,"ter-nachtssnack","nachtssnack",1,1383,1,3,"tagesmutter","tagesmutternachtssnack"
965,"first_blank","first_blank-täg","täg",2,5,"first_blank-lek","lek",5,0,0,1,"täglich","leklich"
814,"first_blank","first_blank-tän","tän",2,9,"first_blank-sze","sze",9,0,0,1,"tänzer","szezer"
122,"ta","ta-sche","sche",2,26,"ta-stro","stro",12,14,0,1,"tasche","tastro"
178,"tas","tas-te","te",2,4,"bel-te","bel",4,0,0,1,"taste","belte"
580,"rung","rung-last_blank","last_blank",4,345,"scher-last_blank","scher",259,86,1,1,"tätowierung","tätowiescher"
391,"first_blank","first_blank-täu","täu",2,7,"first_blank-yan","yan",7,0,0,1,"täuschen","yanschen"
388,"send","send-last_blank","last_blank",2,32,"well-last_blank","well",32,0,0,1,"tausend","tauwell"
508,"xi","xi-last_blank","last_blank",2,10,"bär-last_blank","bär",10,0,1,1,"taxi","tabär"
39,"first_blank","first_blank-tech","tech",3,22,"first_blank-iden","iden",22,0,0,1,"techniker","idenniker"
533,"first_blank","first_blank-tech","tech",2,22,"first_blank-iden","iden",22,0,0,2,"technisch","idennisch"
962,"first_blank","first_blank-tech","tech",4,22,"first_blank-volks","volks",22,0,1,1,"technologie","volksnologie"
820,"first_blank","first_blank-teen","teen",2,6,"first_blank-kell","kell",6,0,0,1,"teenager","kellager"
126,"le","le-gramm","gramm",3,1,"le-gends","gends",1,0,0,1,"telegramm","telegends"
451,"first_blank","first_blank-tem","tem",2,33,"first_blank-spi","spi",33,0,0,1,"tempel","spipel"
272,"nal","nal-last_blank","last_blank",3,50,"mung-last_blank","mung",50,0,1,1,"terminal","termimung"
106,"first_blank","first_blank-teu","teu",2,30,"first_blank-som","som",30,0,0,1,"teuer","somer"
340,"first_blank","first_blank-teuf","teuf",2,5,"first_blank-metz","metz",5,0,0,1,"teuflisch","metzlisch"
305,"xt","xt-last_blank","last_blank",1,5,"ux-last_blank","ux",5,0,0,1,"text","teux"
463,"first_blank","first_blank-thea","thea",2,13,"first_blank-ever","ever",13,0,0,1,"theater","everter"
84,"pie","pie-last_blank","last_blank",3,28,"selt-last_blank","selt",28,0,1,1,"therapie","theraselt"
387,"first_blank","first_blank-thun","thun",2,8,"first_blank-grin","grin",8,0,0,1,"thunfisch","grinfisch"
830,"ti","ti-er","er",1,2,"go-er","go",2,0,0,1,"tier","goer"
756,"ti","ti-sc","sc",1,2,"ti-bb","bb",2,0,0,1,"tisch","tibbh"
775,"to","to-as","as",1,2,"ch-as","ch",2,0,0,1,"toast","chast"
765,"first_blank","first_blank-toch","toch",2,6,"first_blank-steh","steh",6,0,0,1,"tochter","stehter"
910,"to","to-d","d",1,1,"rs-d","rs",1,0,0,1,"tod","rsd"
943,"first_blank","first_blank-toi","toi",3,7,"first_blank-glüh","glüh",7,0,1,1,"toilette","glühlette"
833,"first_blank","first_blank-töt","töt",2,1,"first_blank-fuf","fuf",1,0,0,1,"tötlich","fuflich"
469,"to","to-ur","ur",1,3,"ch-ur","ch",3,0,0,1,"tour","chur"
764,"tr","tr-at","at",1,4,"tr-ic","ic",4,0,0,1,"tratsch","tricsch"
841,"trau","trau-rig","rig",2,3,"trau-zeu","zeu",3,0,0,1,"traurig","trauzeu"
846,"eu","eu-last_blank","last_blank",1,8,"gg-last_blank","gg",8,0,0,1,"treu","trgg"
374,"eu","eu-e","e",1,3,"ik-e","ik",3,0,0,1,"treue","trike"
703,"first_blank","first_blank-tr","tr",1,152,"first_blank-sp","sp",152,0,0,1,"trick","spick"
104,"first_blank","first_blank-trin","trin",2,10,"first_blank-stif","stif",10,0,0,1,"trinken","stifken"
582,"first_blank","first_blank-tro","tro",2,39,"first_blank-kol","kol",39,0,0,1,"trocken","kolcken"
720,"first_blank","first_blank-trop","trop",2,3,"first_blank-dröh","dröh",3,0,0,1,"tropfen","dröhfen"
534,"phäe","phäe-last_blank","last_blank",2,2,"byte-last_blank","byte",2,0,0,1,"trophäe","trobyte"
477,"mor","mor-last_blank","last_blank",2,11,"ric-last_blank","ric",11,0,0,1,"tumor","turic"
302,"tu","tu-rm","rm",1,2,"tu-mo","mo",2,0,0,1,"turm","tumo"
613,"nier","nier-last_blank","last_blank",2,21,"vers-last_blank","vers",21,0,0,1,"turnier","turvers"
446,"pisch","pisch-last_blank","last_blank",2,5,"rough-last_blank","rough",5,0,0,2,"typisch","tyrough"
113,"first_blank","first_blank-ub","ub",1,6,"first_blank-ow","ow",6,0,0,1,"u-boot","owoot"
161,"üb","üb-en","en",1,1,"kr-en","kr",1,0,0,1,"üben","kren"
73,"mensch","mensch-last_blank","last_blank",2,13,"schenk-last_blank","schenk",13,0,0,4,"übermensch","überschenk"
610,"über","über-na","na",4,6,"spitz-na","spitz",2,4,1,1,"übernatürlich","spitznatürlich"
217,"schung","schung-last_blank","last_blank",3,38,"bracht-last_blank","bracht",40,2,0,3,"überraschung","überrabracht"
63,"chung","chung-last_blank","last_blank",3,46,"fahrt-last_blank","fahrt",44,2,0,2,"überwachung","überwafahrt"
60,"first_blank","first_blank-uf","uf",1,9,"first_blank-vö","vö",9,0,0,1,"ufo","vöo"
48,"bung","bung-last_blank","last_blank",3,53,"tier-last_blank","tier",53,0,0,1,"umgebung","umgetier"
608,"um","um-schlag","schlag",2,3,"um-schrei","schrei",4,1,0,1,"umschlag","umschrei"
863,"quem","quem-last_blank","last_blank",3,2,"mard-last_blank","mard",2,0,0,1,"unbequem","unbemard"
866,"keit","keit-last_blank","last_blank",4,309,"scher-last_blank","scher",259,50,1,1,"unfähigkeit","unfähigscher"
867,"ge","ge-rech","rech",5,25,"ge-stürzt","stürzt",7,18,2,1,"ungerechtigkeit","ungestürzttigkeit"
752,"wöhn","wöhn-lich","lich",4,4,"pünkt-lich","pünkt",4,0,1,1,"ungewöhnlich","ungepünktlich"
869,"glück","glück-lich","lich",3,5,"brech-lich","brech",5,0,0,1,"unglücklich","unbrechlich"
870,"un","un-heim","heim",3,5,"un-wich","wich",5,0,0,1,"unheimlich","unwichlich"
299,"sum","sum-last_blank","last_blank",3,15,"horn-last_blank","horn",15,0,1,1,"universum","univerhorn"
498,"lich","lich-last_blank","last_blank",3,528,"cher-last_blank","cher",398,130,0,1,"unmöglich","unmögcher"
735,"un","un-schul","schul",3,5,"un-sterb","sterb",6,1,0,1,"unschuldig","unsterbdig"
803,"bre","bre-chen","chen",4,35,"bre-douil","douil",1,34,1,1,"unterbrechen","unterbredouil"
856,"ter","ter-schät","schät",4,2,"ter-milch","milch",2,0,0,1,"unterschätzen","untermilchzen"
373,"ter","ter-stüt","stüt",4,9,"ter-zeich","zeich",9,0,1,1,"unterstützung","unterzeichzung"
879,"chen","chen-last_blank","last_blank",4,1261,"tisch-last_blank","tisch",133,1128,1,1,"untersuchen","untersutisch"
402,"chung","chung-last_blank","last_blank",4,46,"field-last_blank","field",44,2,0,1,"untersuchung","untersufield"
880,"tig","tig-last_blank","last_blank",4,220,"tig-keitscreme","keitscreme",1,219,0,5,"unvernünftig","unvernünftigkeitscreme"
618,"va","va-gi","gi",3,7,"va-ters","ters",6,1,2,1,"vagina","vatersna"
523,"va","va-ti","ti",2,18,"fer-ti","fer",18,0,1,1,"vati","ferti"
42,"first_blank","first_blank-ve","ve",2,98,"first_blank-for","for",98,0,1,1,"vene","forne"
89,"first_blank","first_blank-ven","ven",2,19,"first_blank-alt","alt",19,0,0,1,"ventil","alttil"
889,"de","de-rung","rung",4,35,"de-platz","platz",2,33,1,1,"veränderung","verändeplatz"
625,"tung","tung-last_blank","last_blank",4,252,"scher-last_blank","scher",259,7,1,1,"verantwortung","verantworscher"
890,"ver","ver-bo","bo",3,9,"tanz-bo","tanz",1,8,1,1,"verboten","tanzboten"
971,"ver","ver-die","die",3,6,"ver-ängs","ängs",6,0,1,1,"verdienen","verängsnen"
68,"ein","ein-last_blank","last_blank",2,26,"fes-last_blank","fes",26,0,0,1,"verein","verfes"
69,"ge","ge-bung","bung",3,6,"ge-fügt","fügt",6,0,0,1,"vergebung","vergefügt"
226,"ver","ver-ges","ges",3,9,"ver-stän","stän",8,1,1,1,"vergessen","verstänsen"
285,"ver","ver-gnü","gnü",3,9,"ver-stei","stei",9,0,1,1,"vergnügen","versteigen"
802,"hin","hin-dern","dern",3,3,"hin-rich","rich",3,0,0,1,"verhindern","verhinrich"
440,"ver","ver-käu","käu",3,12,"ver-wand","wand",12,0,1,1,"verkäufer","verwandfer"
969,"ver","ver-lan","lan",3,5,"ver-folg","folg",5,0,1,1,"verlangen","verfolggen"
51,"ver","ver-las","las",3,10,"ver-wech","wech",10,0,1,1,"verlassen","verwechsen"
329,"ver","ver-lie","lie",3,14,"ver-samm","samm",14,0,1,1,"verlierer","versammrer"
154,"schwö","schwö-rung","rung",3,2,"steue-rung","steue",3,1,0,1,"verschwörung","versteuerung"
6,"hent","hent-lich","lich",4,1,"kirch-lich","kirch",1,0,1,1,"versehentlich","versekirchlich"
899,"ver","ver-stei","stei",4,9,"ver-kaufs","kaufs",9,0,1,1,"versteigerung","verkaufsgerung"
914,"su","su-chen","chen",3,21,"su-kiya","kiya",1,20,0,1,"versuchen","versukiya"
998,"trag","trag-last_blank","last_blank",2,33,"ning-last_blank","ning",33,0,0,1,"vertrag","verning"
332,"trau","trau-en","en",3,10,"chen-en","chen",4,6,0,1,"vertrauen","verchenen"
224,"wal","wal-ten","ten",3,4,"punk-ten","punk",4,0,1,1,"verwalten","verpunkten"
12,"wal","wal-tung","tung",3,5,"wal-kers","kers",2,3,0,1,"verwaltung","verwalkers"
56,"ver","ver-zei","zei",3,3,"ver-pfän","pfän",3,0,1,1,"verzeihen","verpfänhen"
935,"leicht","leicht-last_blank","last_blank",2,5,"lierst-last_blank","lierst",5,0,0,1,"vielleicht","viellierst"
394,"rus","rus-last_blank","last_blank",2,35,"ble-last_blank","ble",35,0,0,1,"virus","vible"
631,"rei","rei-tung","tung",4,2,"rei-chern","chern",2,0,1,1,"vorbereitung","vorbereichern"
686,"der","der-sei","sei",4,3,"der-kunft","kunft",2,1,2,1,"vorderseite","vorderkunftte"
868,"vor","vor-fall","fall",2,2,"den-fall","den",2,0,0,1,"vorfall","denfall"
278,"vor","vor-ge","ge",3,74,"rück-ge","rück",51,23,1,1,"vorgehen","rückgehen"
209,"vor","vor-schla","schla",3,2,"vor-nehms","nehms",2,0,0,1,"vorschlagen","vornehmsgen"
475,"vor","vor-stel","stel",3,20,"vor-bild","bild",5,15,0,1,"vorstellung","vorbildlung"
62,"first_blank","first_blank-wäh","wäh",2,18,"first_blank-hef","hef",18,0,0,1,"wählen","heflen"
180,"first_blank","first_blank-wahn","wahn",2,13,"first_blank-farb","farb",13,0,0,1,"wahnsinn","farbsinn"
669,"hr","hr-last_blank","last_blank",1,18,"fy-last_blank","fy",18,0,0,1,"wahr","wafy"
936,"schein","schein-lich","lich",4,8,"freund-lich","freund",6,2,0,1,"wahrscheinlichkeit","wahrfreundlichkeit"
452,"sen","sen-haus","haus",3,2,"sen-kung","kung",2,0,0,1,"waisenhaus","waisenkung"
976,"wa","wa-nd","nd",1,1,"wa-eh","eh",1,0,0,1,"wand","waeh"
482,"wa","wa-rm","rm",1,1,"wa-ne","ne",1,0,0,1,"warm","wane"
823,"first_blank","first_blank-wär","wär",2,14,"first_blank-pup","pup",14,0,0,1,"wärme","pupme"
116,"first_blank","first_blank-war","war",2,80,"first_blank-lei","lei",80,0,0,1,"warnung","leinung"
232,"war","war-ten","ten",2,8,"zis-ten","zis",8,0,0,1,"warten","zisten"
145,"wa","wa-s","s",1,2,"lf-s","lf",2,0,0,1,"was","lfs"
115,"shing","shing-ton","ton",3,1,"crich-ton","crich",1,0,0,1,"washington","wacrichton"
695,"we","we-ic","ic",1,3,"we-ck","ck",3,0,0,1,"weich","weckh"
251,"weih","weih-nach","nach",3,1,"spät-nach","spät",1,0,0,1,"weihnachten","spätnachten"
133,"we","we-in","in",1,4,"we-se","se",4,0,0,1,"wein","wese"
740,"iß","iß-last_blank","last_blank",1,6,"oh-last_blank","oh",6,0,0,1,"weiß","weoh"
174,"first_blank","first_blank-wen","wen",2,23,"first_blank-tal","tal",23,0,0,1,"wende","talde"
527,"first_blank","first_blank-wer","wer",2,55,"first_blank-emp","emp",55,0,0,1,"werbung","empbung"
687,"de","de-gang","gang",3,1,"de-kick","kick",1,0,0,1,"werdegang","werdekick"
300,"statt","statt-last_blank","last_blank",2,5,"ström-last_blank","ström",5,0,0,1,"werkstatt","werkström"
404,"first_blank","first_blank-werk","werk",2,12,"first_blank-fres","fres",12,0,0,1,"werkzeug","freszeug"
642,"we","we-rt","rt",1,4,"we-se","se",4,0,0,1,"wert","wese"
954,"first_blank","first_blank-wert","wert",2,26,"first_blank-wind","wind",26,0,0,1,"wertvoll","windvoll"
606,"we","we-st","st",1,2,"we-ev","ev",2,0,0,1,"west","weev"
539,"werb","werb-last_blank","last_blank",3,9,"fand-last_blank","fand",9,0,0,1,"wettbewerb","wettbefand"
966,"key","key-last_blank","last_blank",2,14,"fon-last_blank","fon",14,0,0,1,"whiskey","whisfon"
956,"der","der-stand","stand",3,3,"der-spiel","spiel",3,0,0,1,"widerstand","widerspiel"
363,"her","her-stel","stel",5,10,"her-kommst","kommst",1,9,2,1,"wiederherstellung","wiederherkommstlung"
809,"wi","wi-nd","nd",1,2,"ou-nd","ou",2,0,0,1,"wind","ound"
826,"first_blank","first_blank-win","win",2,74,"first_blank-feu","feu",74,0,0,1,"winkel","feukel"
247,"first_blank","first_blank-wirk","wirk",3,17,"first_blank-koch","koch",17,0,0,1,"wirklichkeit","kochlichkeit"
283,"first_blank","first_blank-wit","wit",2,25,"first_blank-bor","bor",25,0,0,1,"witwe","borwe"
458,"wit","wit-zig","zig",2,1,"wit-ten","ten",1,0,0,1,"witzig","witten"
777,"first_blank","first_blank-wohl","wohl",4,61,"first_blank-grund","grund",63,2,1,1,"wohltätigkeit","grundtätigkeit"
584,"first_blank","first_blank-wol","wol",2,25,"first_blank-kaf","kaf",25,0,0,1,"wolke","kafke"
697,"wo","wo-rt","rt",1,5,"he-rt","he",5,0,0,1,"wort","hert"
626,"ter","ter-buch","buch",3,1,"ter-klet","klet",1,0,0,1,"wörterbuch","wörterklet"
901,"first_blank","first_blank-wun","wun",2,62,"first_blank-kor","kor",62,0,0,1,"wunde","korde"
248,"der","der-bar","bar",3,2,"der-setz","setz",2,0,1,1,"wunderbar","wundersetz"
714,"wu","wu-rm","rm",1,2,"wu-ns","ns",2,0,0,1,"wurm","wuns"
719,"first_blank","first_blank-wüs","wüs",2,3,"first_blank-nil","nil",3,0,0,1,"wüste","nilte"
529,"yo","yo-ga","ga",2,1,"rie-ga","rie",1,0,1,1,"yoga","riega"
743,"first_blank","first_blank-zä","zä",1,9,"first_blank-gn","gn",9,0,0,1,"zäh","gnh"
307,"first_blank","first_blank-zel","zel",2,22,"first_blank-bus","bus",22,0,0,1,"zelle","busle"
632,"ment","ment-last_blank","last_blank",2,65,"sung-last_blank","sung",65,0,0,1,"zement","zesung"
119,"zer","zer-schla","schla",3,3,"zer-split","split",3,0,0,1,"zerschlagen","zersplitgen"
986,"first_blank","first_blank-zeu","zeu",2,11,"first_blank-göt","göt",11,0,0,1,"zeuge","götge"
712,"first_blank","first_blank-zim","zim",2,20,"first_blank-fra","fra",20,0,0,1,"zimmer","framer"
884,"mt","mt-last_blank","last_blank",1,23,"ha-last_blank","ha",23,0,0,1,"zimt","ziha"
882,"first_blank","first_blank-zom","zom",2,5,"first_blank-ata","ata",5,0,0,1,"zombie","atabie"
991,"zo","zo-o","o",1,1,"ke-o","ke",1,0,0,1,"zoo","keo"
973,"rn","rn-last_blank","last_blank",1,37,"am-last_blank","am",37,0,0,1,"zorn","zoam"
727,"cker","cker-last_blank","last_blank",2,106,"ters-last_blank","ters",106,0,0,1,"zucker","zuters"
737,"flucht","flucht-last_blank","last_blank",2,7,"weicht-last_blank","weicht",7,0,0,1,"zuflucht","zuweicht"
130,"zu","zu-g","g",1,3,"mo-g","mo",3,0,0,1,"zug","mog"
86,"ge","ge-ben","ben",3,83,"ge-fähr","fähr",41,42,1,1,"zugeben","zugefähr"
896,"kunft","kunft-last_blank","last_blank",2,11,"rungs-last_blank","rungs",11,0,0,1,"zukunft","zurungs"
671,"zu","zu-nah","nah",3,2,"zu-flüs","flüs",2,0,1,1,"zunahme","zuflüsme"
831,"first_blank","first_blank-zün","zün",2,9,"first_blank-cli","cli",9,0,0,1,"zünder","clider"
685,"rück","rück-last_blank","last_blank",2,2,"rars-last_blank","rars",2,0,0,1,"zurück","zurars"
85,"zu","zu-stän","stän",4,11,"zu-gangs","gangs",7,4,1,1,"zuständigkeit","zugangsdigkeit"
5,"zw","zw-ec","ec",1,2,"zw-an","an",2,0,0,1,"zweck","zwank"
921,"first_blank","first_blank-zw","zw",1,19,"first_blank-us","us",19,0,0,1,"zwei","usei"
905,"fel","fel-last_blank","last_blank",2,72,"tur-last_blank","tur",72,0,0,1,"zweifel","zweitur"
