"word_id","first","original_pair","second","syll","original_freq","replacement_pair","replacement_syll","replacement_freq","freq_diff","char_diff","letter_diff","original_word","replacement_word"
994,"nal","nal-last_blank","last_blank",4,50,"chern-last_blank","chern",50,0,2,1,"abdominal","abdomichern"
407,"ab","ab-en","en",1,3,"ab-de","de",3,0,0,1,"abend","abded"
528,"ab","ab-fahrt","fahrt",2,1,"ab-schüt","schüt",1,0,0,1,"abfahrt","abschüt"
816,"ab","ab-satz","satz",2,2,"ab-fang","fang",2,0,0,1,"absatz","abfang"
770,"ab","ab-sicht","sicht",2,4,"ab-schre","schre",4,0,0,1,"absicht","abschre"
938,"ab","ab-sicht","sicht",3,4,"ab-sturz","sturz",4,0,0,1,"absichtlich","absturzlich"
850,"vent","vent-last_blank","last_blank",3,5,"rald-last_blank","rald",5,0,0,1,"absolvent","absolrald"
783,"ab","ab-stim","stim",3,4,"ab-trün","trün",4,0,0,1,"abstimmung","abtrünmung"
809,"surd","surd-last_blank","last_blank",2,1,"selm-last_blank","selm",1,0,0,1,"absurd","abselm"
377,"sen","sen-heit","heit",4,11,"sen-schaf","schaf",4,7,1,1,"abwesenheit","abwesenschaf"
342,"first_blank","first_blank-ach","ach",2,24,"first_blank-wet","wet",24,0,0,1,"achtung","wettung"
953,"tiv","tiv-last_blank","last_blank",5,57,"schlag-last_blank","schlag",56,1,3,1,"administrativ","administraschlag"
793,"lin","lin-last_blank","last_blank",4,92,"lin-colnshire","colnshire",1,91,1,6,"adrenalin","adrenalincolnshire"
109,"first_blank","first_blank-agen","agen",2,8,"first_blank-aqua","aqua",8,0,0,1,"agentur","aquatur"
871," sie"," sie-last_blank","last_blank",5,1,"ckerst-last_blank","ckerst",1,0,2,1,"aktivieren sie","aktivierenckerst"
430,"vi","vi-tät","tät",4,15,"vi-dence","dence",1,14,2,1,"aktivität","aktividence"
905,"rung","rung-last_blank","last_blank",5,345,"schaft-last_blank","schaft",138,207,2,1,"aktualisierung","aktualisieschaft"
898,"zent","zent-last_blank","last_blank",2,8,"bels-last_blank","bels",8,0,0,1,"akzent","akbels"
821,"al","al-ar","ar",1,5,"al-ls","ls",5,0,0,1,"alarm","allsm"
818,"ali","ali-bi","bi",2,1,"sel-bi","sel",1,0,0,1,"alibi","selbi"
972,"mein","mein-last_blank","last_blank",3,3,"engt-last_blank","engt",3,0,0,1,"allgemein","allgeengt"
31,"pha","pha-last_blank","last_blank",2,4,"lek-last_blank","lek",4,0,0,1,"alpha","allek"
28,"first_blank","first_blank-amei","amei",2,6,"first_blank-akro","akro",6,0,0,1,"ameise","akrose"
405,"first_blank","first_blank-ame","ame",3,26,"first_blank-feld","feld",26,0,1,1,"amerika","feldrika"
22,"first_blank","first_blank-ana","ana",3,47,"first_blank-scho","scho",47,0,1,1,"analyse","scholyse"
815,"an","an-fra","fra",3,3,"an-spie","spie",3,0,1,1,"anfrage","anspiege"
221,"ge","ge-ben","ben",3,83,"ge-fähr","fähr",41,42,1,1,"angeben","angefähr"
141,"an","an-geln","geln",2,2,"an-brin","brin",2,0,0,1,"angeln","anbrin"
731,"ge","ge-mes","mes",4,13,"ge-rannt","rannt",14,1,2,1,"angemessen","angeranntsen"
55,"nehm","nehm-last_blank","last_blank",3,5,"dank-last_blank","dank",5,0,0,1,"angenehm","angedank"
800,"an","an-grei","grei",3,6,"an-thro","thro",6,0,0,1,"angreifer","anthrofer"
59,"kla","kla-ge","ge",3,24,"über-ge","über",25,1,1,1,"anklage","anüberge"
61,"an","an-nah","nah",3,2,"an-trei","trei",2,0,1,1,"annahme","antreime"
686,"an","an-neh","neh",3,2,"an-span","span",2,0,1,1,"annehmen","anspanmen"
504,"first_blank","first_blank-ant","ant",2,13,"first_blank-jes","jes",13,0,0,1,"antwort","jeswort"
802,"an","an-zie","zie",3,9,"an-fall","fall",10,1,1,1,"anziehen","anfallhen"
677,"beit","beit-last_blank","last_blank",2,56,"voll-last_blank","voll",55,1,0,2,"arbeit","arvoll"
105,"bei","bei-ter","ter",3,27,"rich-ter","rich",22,5,1,1,"arbeiter","arrichter"
495,"tekt","tekt-last_blank","last_blank",3,2,"nith-last_blank","nith",2,0,0,1,"architekt","archinith"
126,"ar","ar-m","m",1,5,"im-m","im",5,0,0,1,"arm","imm"
843,"ganz","ganz-last_blank","last_blank",3,3,"doon-last_blank","doon",3,0,0,1,"arroganz","arrodoon"
755,"rie","rie-last_blank","last_blank",3,92,"tert-last_blank","tert",96,4,1,1,"arterie","artetert"
722,"ar","ar-til","til",4,1,"ar-schen","schen",1,0,2,1,"artillerie","arschenlerie"
6,"first_blank","first_blank-arz","arz",4,7,"first_blank-schuf","schuf",7,0,2,1,"arzneimittel","schufneimittel"
334,"ar","ar-zt","zt",1,2,"ot-zt","ot",2,0,0,1,"arzt","otzt"
379,"tent","tent-last_blank","last_blank",3,12,"gnon-last_blank","gnon",12,0,0,1,"assistent","assisgnon"
855,"lan","lan-tisch","tisch",3,1,"lan-dungs","dungs",1,0,0,2,"atlantisch","atlandungs"
693,"mo","mo-sphä","sphä",4,5,"mo-derns","derns",3,2,1,1,"atmosphäre","atmodernsre"
534,"ta","ta-cke","cke",3,3,"ta-gung","gung",2,1,1,1,"attacke","attagung"
950,"ter","ter-last_blank","last_blank",4,1384,"ter-nachtssnack","nachtssnack",1,1383,1,3,"attentäter","attentäternachtssnack"
856,"ge","ge-ben","ben",3,83,"ge-fähr","fähr",41,42,1,1,"aufgeben","aufgefähr"
632,"auf","auf-zeich","zeich",3,7,"auf-dring","dring",6,1,0,1,"aufzeichnung","aufdringnung"
128,"bil","bil-dung","dung",3,13,"bil-lard","lard",6,7,0,1,"ausbildung","ausbillard"
81,"cken","cken-last_blank","last_blank",3,384,"rung-last_blank","rung",345,39,0,1,"ausdrücken","ausdrürung"
548,"ge","ge-ben","ben",3,83,"ge-fähr","fähr",41,42,1,1,"ausgeben","ausgefähr"
114,"aus","aus-re","re",3,3,"trie-re","trie",3,0,1,1,"ausrede","trierede"
812,"tend","tend-last_blank","last_blank",3,31,"lauf-last_blank","lauf",31,0,0,1,"ausrüstend","ausrüslauf"
822,"aus","aus-sa","sa",3,10,"selt-sa","selt",7,3,1,1,"aussage","seltsage"
384,"schuss","schuss-last_blank","last_blank",2,27,"schäft-last_blank","schäft",28,1,0,1,"ausschuss","ausschäft"
307,"scher","scher-last_blank","last_blank",5,259,"dienst-last_blank","dienst",41,218,1,1,"außerirdischer","außerirdidienst"
496,"aus","aus-stel","stel",3,12,"aus-weis","weis",10,2,0,1,"ausstellung","ausweislung"
766,"aus","aus-wäh","wäh",3,1,"aus-fiel","fiel",1,0,1,1,"auswählen","ausfiellen"
191,"wer","wer-tung","tung",3,4,"wer-wolf","wolf",3,1,0,1,"auswertung","auswerwolf"
253,"to","to-bahn","bahn",3,2,"to-wier","wier",2,0,0,1,"autobahn","autowier"
602,"ba","ba-d","d",1,1,"νi-d","νi",1,0,0,1,"bad","νid"
744,"hof","hof-last_blank","last_blank",2,28,"sin-last_blank","sin",28,0,0,1,"bahnhof","bahnsin"
201,"ba","ba-nd","nd",1,2,"ou-nd","ou",2,0,0,1,"band","ound"
511,"ba","ba-r","r",1,1,"ld-r","ld",1,0,0,1,"bar","ldr"
115,"first_blank","first_blank-barm","barm",3,5,"first_blank-noch","noch",5,0,0,1,"barmherzig","nochherzig"
544,"ba","ba-rt","rt",1,4,"ba-ta","ta",4,0,0,1,"bart","bata"
279,"ball","ball-last_blank","last_blank",2,42,"geld-last_blank","geld",42,0,0,1,"baseball","basegeld"
718,"tail","tail-lon","lon",3,1,"eche-lon","eche",1,0,0,1,"bataillon","baechelon"
854,"bat","bat-man","man",2,1,"ner-man","ner",1,0,0,1,"batman","nerman"
64,"first_blank","first_blank-bau","bau",2,81,"first_blank-rie","rie",81,0,0,1,"bauen","rieen"
533,"ba","ba-um","um",1,2,"ku-um","ku",2,0,0,1,"baum","kuum"
836,"first_blank","first_blank-baum","baum",3,11,"first_blank-trot","trot",11,0,0,1,"baumwolle","trotwolle"
169,"tung","tung-last_blank","last_blank",3,252,"keit-last_blank","keit",309,57,0,1,"bedeutung","bedeukeit"
893,"cken","cken-last_blank","last_blank",4,384,"tisch-last_blank","tisch",133,251,1,1,"beeindrucken","beeindrutisch"
53,"di","di-gung","gung",4,29,"di-schen","schen",24,5,1,1,"beerdigung","beerdischen"
56,"fehl","fehl-last_blank","last_blank",2,12,"fang-last_blank","fang",12,0,0,1,"befehl","befang"
820,"glei","glei-ten","ten",3,5,"kehr-ten","kehr",5,0,0,1,"begleiten","bekehrten"
644,"be","be-gra","gra",3,4,"be-rück","rück",4,0,1,1,"begraben","berückben"
137,"be","be-hal","hal",3,15,"be-sitz","sitz",13,2,1,1,"behalten","besitzten"
489,"be","be-hand","hand",3,16,"be-rich","rich",16,0,0,1,"behandlung","berichlung"
717,"be","be-hör","hör",3,38,"be-reit","reit",40,2,1,1,"behörde","bereitde"
803,"first_blank","first_blank-beich","beich",2,5,"first_blank-dicht","dicht",5,0,0,1,"beichten","dichtten"
824,"be","be-lei","lei",4,15,"be-schäf","schäf",15,0,2,1,"beleidigen","beschäfdigen"
709,"be","be-loh","loh",3,4,"be-tref","tref",4,0,1,1,"belohnen","betrefnen"
933,"tung","tung-last_blank","last_blank",3,252,"keit-last_blank","keit",309,57,0,1,"belüftung","belüfkeit"
960,"kens","kens-wert","wert",4,1,"markt-wert","markt",1,0,1,1,"bemerkenswert","bemermarktwert"
806,"ra","ra-ten","ten",3,29,"ra-batt","batt",3,26,1,1,"beraten","berabatt"
68,"be","be-rech","rech",3,23,"be-glei","glei",19,4,0,1,"berechnung","begleinung"
389,"rei","rei-ten","ten",3,19,"tigs-ten","tigs",14,5,1,1,"bereiten","betigsten"
424,"be","be-rg","rg",1,2,"be-tö","tö",2,0,0,1,"berg","betö"
483,"rühmt","rühmt-last_blank","last_blank",2,3,"wärmt-last_blank","wärmt",3,0,0,1,"berühmt","bewärmt"
830,"be","be-schei","schei",3,13,"be-zirks","zirks",13,0,0,2,"bescheiden","bezirksden"
386," sie"," sie-last_blank","last_blank",5,1,"wühlst-last_blank","wühlst",1,0,2,1,"bestätigen sie","bestätigenwühlst"
884,"ste","ste-chung","chung",3,1,"ste-wards","wards",1,0,0,2,"bestechung","bestewards"
904,"be","be-stim","stim",3,9,"be-nach","nach",9,0,0,1,"bestimmung","benachmung"
699,"be","be-trun","trun",3,6,"be-ängs","ängs",6,0,0,1,"betrunken","beängsken"
536,"tt","tt-last_blank","last_blank",1,43,"nn-last_blank","nn",43,0,0,1,"bett","benn"
529,"be","be-zeich","zeich",3,10,"be-fehls","fehls",10,0,0,1,"bezeichnung","befehlsnung"
777,"zirk","zirk-last_blank","last_blank",2,4,"lenk-last_blank","lenk",4,0,0,1,"bezirk","belenk"
408,"bi","bi-er","er",1,3,"bi-nä","nä",3,0,0,1,"bier","binä"
964,"first_blank","first_blank-bie","bie",2,24,"first_blank-mun","mun",24,0,0,1,"bieten","munten"
559,"first_blank","first_blank-bil","bil",2,54,"first_blank-süd","süd",54,0,0,1,"billig","südlig"
931,"first_blank","first_blank-bin","bin",2,22,"first_blank-net","net",22,0,0,1,"binden","netden"
626,"first_blank","first_blank-bio","bio",3,39,"first_blank-früh","früh",40,1,1,1,"biologie","frühlogie"
627,"gisch","gisch-last_blank","last_blank",3,23,"ckeln-last_blank","ckeln",23,0,0,2,"biologisch","biolockeln"
33,"au","au-last_blank","last_blank",1,22,"xe-last_blank","xe",22,0,0,1,"blau","blxe"
629,"brig","brig-last_blank","last_blank",4,1,"loads-last_blank","loads",1,0,1,1,"bleiben übrig","bleiben üloads"
645,"first_blank","first_blank-blu","blu",2,48,"first_blank-hor","hor",48,0,0,1,"blume","horme"
285,"ot","ot-last_blank","last_blank",1,28,"ji-last_blank","ji",28,0,0,1,"boot","boji"
164,"bo","bo-ss","ss",1,1,"bo-ja","ja",1,0,0,1,"boss","boja"
537,"bos","bos-ton","ton",2,1,"gel-ton","gel",1,0,0,1,"boston","gelton"
314,"first_blank","first_blank-bot","bot",2,14,"first_blank-sea","sea",14,0,0,1,"botschaft","seaschaft"
181,"first_blank","first_blank-brau","brau",2,12,"first_blank-team","team",12,0,0,1,"brauchen","teamchen"
919,"au","au-t","t",1,6,"rn-t","rn",6,0,0,1,"braut","brrnt"
274,"first_blank","first_blank-bre","bre",2,26,"first_blank-mur","mur",26,0,0,1,"brechen","murchen"
935,"first_blank","first_blank-brech","brech",2,4,"first_blank-brook","brook",4,0,0,1,"brechreiz","brookreiz"
664,"ei","ei-t","t",1,6,"ot-t","ot",6,0,0,1,"breit","brott"
553,"brief","brief-ta","ta",3,2,"colet-ta","colet",2,0,0,1,"brieftasche","colettasche"
335,"first_blank","first_blank-bru","bru",2,32,"first_blank-gei","gei",32,0,0,1,"bruder","geider"
501,"bu","bu-chen","chen",2,4,"bu-quer","quer",1,3,0,1,"buchen","buquer"
457,"first_blank","first_blank-buch","buch",3,32,"first_blank-wohn","wohn",32,0,0,1,"buchstabe","wohnstabe"
1000,"first_blank","first_blank-bum","bum",2,8,"first_blank-loh","loh",8,0,0,1,"bummel","lohmel"
563,"ger","ger-meis","meis",4,7,"ger-sucht","sucht",1,6,1,1,"bürgermeister","bürgersuchtter"
864,"first_blank","first_blank-bü","bü",2,57,"first_blank-zau","zau",56,1,1,1,"büro","zauro"
347,"bu","bu-s","s",1,1,"ig-s","ig",1,0,0,1,"bus","igs"
138,"first_blank","first_blank-but","but",2,27,"first_blank-mee","mee",27,0,0,1,"butter","meeter"
215,"first_blank","first_blank-cam","cam",2,25,"first_blank-sit","sit",25,0,0,1,"camping","sitping"
471,"gner","gner-last_blank","last_blank",3,3,"bars-last_blank","bars",3,0,0,1,"champagner","champabars"
19,"mant","mant-last_blank","last_blank",2,3,"miss-last_blank","miss",3,0,0,1,"charmant","charmiss"
198,"first_blank","first_blank-chir","chir",3,9,"first_blank-woll","woll",9,0,0,1,"chirurgie","wollurgie"
38,"first_blank","first_blank-chris","chris",3,31,"first_blank-schwe","schwe",31,0,0,1,"christian","schwetian"
257,"gnac","gnac-last_blank","last_blank",2,2,"hans-last_blank","hans",2,0,0,1,"cognac","cohans"
578,"first_blank","first_blank-com","com",3,76,"first_blank-herz","herz",77,1,1,1,"computer","herzputer"
849,"first_blank","first_blank-cow","cow",2,6,"first_blank-mem","mem",6,0,0,1,"cowboy","memboy"
156,"da","da-me","me",2,10,"kos-me","kos",7,3,1,1,"dame","kosme"
834,"me","me-rung","rung",3,4,"me-trie","trie",5,1,0,1,"dämmerung","dämmetrie"
749,"first_blank","first_blank-dank","dank",3,9,"first_blank-afri","afri",9,0,0,1,"dankbarkeit","afribarkeit"
124,"first_blank","first_blank-dan","dan",2,44,"first_blank-sym","sym",44,0,0,1,"danken","symken"
736,"first_blank","first_blank-dar","dar",3,78,"first_blank-rück","rück",78,0,1,1,"darlehen","rücklehen"
315,"da","da-s","s",1,1,"eu-s","eu",1,0,0,1,"das","eus"
552,"first_blank","first_blank-dau","dau",2,28,"first_blank-sor","sor",28,0,0,1,"daumen","sormen"
34,"de","de-ck","ck",1,5,"de-po","po",5,0,0,1,"deck","depo"
120,"ckel","ckel-last_blank","last_blank",2,20,"zeln-last_blank","zeln",20,0,0,1,"deckel","dezeln"
911,"fi","fi-ni","ni",5,11,"schleu-ni","schleu",8,3,4,1,"definition","deschleunition"
453,"de","de-ka","ka",3,11,"de-mons","mons",11,0,2,1,"dekade","demonsde"
513,"tie","tie-last_blank","last_blank",4,38,"führt-last_blank","führt",38,0,2,1,"demokratie","demokraführt"
829,"de","de-mons","mons",5,11,"de-strich","strich",1,10,2,1,"demonstration","destrichtration"
283,"de","de-pres","pres",4,9,"de-ckung","ckung",6,3,1,1,"depression","deckungsion"
703,"etrug","etrug-last_blank","last_blank",3,1,"trott-last_blank","trott",1,0,0,1,"der betrug","der btrott"
3,"tiv","tiv-last_blank","last_blank",3,57,"legt-last_blank","legt",56,1,1,1,"detektiv","deteklegt"
189,"zem","zem-ber","ber",3,1,"scho-ber","scho",1,0,1,1,"dezember","deschober"
293,"di","di-ck","ck",1,4,"di-te","te",4,0,0,1,"dick","dite"
409,"nschrift","nschrift-last_blank","last_blank",3,1,"schwirrt-last_blank","schwirrt",1,0,0,1,"die anschrift","die aschwirrt"
684,"igung","igung-last_blank","last_blank",5,1,"sachst-last_blank","sachst",1,0,1,1,"die genehmigung","die genehmsachst"
682,"gkeit","gkeit-last_blank","last_blank",5,1,"stopps-last_blank","stopps",1,0,1,1,"die gerechtigkeit","die gerechtistopps"
598,"first_blank","first_blank-die","die",2,34,"first_blank-can","can",34,0,0,1,"die übung","can übung"
458,"first_blank","first_blank-diens","diens",2,10,"first_blank-kreis","kreis",10,0,0,1,"dienstag","kreistag"
940,"first_blank","first_blank-dienst","dienst",3,45,"first_blank-gleich","gleich",44,1,0,2,"dienstmädchen","gleichmädchen"
894,"di","di-ng","ng",1,3,"di-mi","mi",3,0,0,1,"ding","dimi"
485,"rekt","rekt-last_blank","last_blank",2,5,"hemd-last_blank","hemd",5,0,0,1,"direkt","dihemd"
363,"di","di-rek","rek",3,30,"di-gung","gung",29,1,1,1,"direktor","digungtor"
512,"kus","kus-si","si",4,3,"treff-si","treff",2,1,2,1,"diskussion","distreffsion"
778,"put","put-last_blank","last_blank",2,4,"xin-last_blank","xin",4,0,0,1,"disput","disxin"
474,"men","men-tie","tie",5,9,"men-schanz","schanz",1,8,3,1,"dokumentieren","dokumenschanzren"
429,"lar","lar-last_blank","last_blank",2,26,"non-last_blank","non",26,0,0,1,"dollar","dolnon"
151,"first_blank","first_blank-don","don",2,30,"first_blank-ori","ori",30,0,0,1,"donner","oriner"
769,"do","do-rf","rf",1,2,"do-va","va",2,0,0,1,"dorf","dova"
133,"do","do-rt","rt",1,2,"do-za","za",2,0,0,1,"dort","doza"
305,"first_blank","first_blank-dre","dre",2,23,"first_blank-van","van",23,0,0,1,"drehen","vanhen"
195,"ei","ei-last_blank","last_blank",1,27,"bt-last_blank","bt",27,0,0,1,"drei","drbt"
653,"eck","eck-last_blank","last_blank",2,8,"aki-last_blank","aki",8,0,0,1,"dreieck","dreiaki"
235,"uc","uc-k","k",1,8,"ar-k","ar",8,0,0,1,"druck","drark"
522," sie"," sie-last_blank","last_blank",3,1,"soft-last_blank","soft",1,0,0,1,"drücken sie","drückensoft"
177,"mm","mm-last_blank","last_blank",1,22,"xe-last_blank","xe",22,0,0,1,"dumm","duxe"
743,"first_blank","first_blank-dumm","dumm",2,9,"first_blank-dank","dank",9,0,0,1,"dummheit","dankheit"
267,"first_blank","first_blank-dun","dun",2,38,"first_blank-fla","fla",38,0,0,1,"dunkel","flakel"
920,"du","du-rs","rs",1,1,"ca-rs","ca",1,0,0,1,"durst","carst"
944,"na","na-mit","mit",3,1,"na-veen","veen",1,0,1,1,"dynamit","dynaveen"
284,"is","is-tisch","tisch",3,1,"is-lands","lands",1,0,0,2,"egoistisch","egoislands"
343,"eh","eh-e","e",1,1,"tl-e","tl",1,0,0,1,"ehe","tle"
437,"frau","frau-last_blank","last_blank",2,17,"saal-last_blank","saal",17,0,0,1,"ehefrau","ehesaal"
705,"ren","ren-last_blank","last_blank",2,1388,"che-last_blank","che",645,743,0,1,"ehren","ehche"
80,"first_blank","first_blank-ehr","ehr",2,35,"first_blank-gas","gas",35,0,0,1,"ehrlich","gaslich"
159,"ehr","ehr-lich","lich",3,4,"ehr-geiz","geiz",1,3,0,1,"ehrlichkeit","ehrgeizkeit"
182,"ei","ei-last_blank","last_blank",1,27,"gy-last_blank","gy",26,1,0,1,"ei","gy"
509,"ei","ei-d","d",1,3,"ua-d","ua",3,0,0,1,"eid","uad"
833,"dech","dech-se","se",3,1,"mous-se","mous",1,0,0,1,"eidechse","eimousse"
232,"gen","gen-tü","tü",4,6,"kaufs-tü","kaufs",2,4,2,1,"eigentümer","eikaufstümer"
637,"ein","ein-fach","fach",2,3,"ein-fühl","fühl",3,0,0,1,"einfach","einfühl"
881,"ein","ein-frie","frie",3,1,"ein-zigs","zigs",1,0,0,1,"einfrieren","einzigsren"
525,"gang","gang-last_blank","last_blank",2,74,"haft-last_blank","haft",73,1,0,1,"eingang","einhaft"
566,"ein","ein-kom","kom",3,9,"ein-stel","stel",9,0,1,1,"einkommen","einstelmen"
8,"ein","ein-sam","sam",2,4,"hor-sam","hor",4,0,0,1,"einsam","horsam"
199,"ein","ein-stel","stel",3,9,"ein-rich","rich",8,1,0,1,"einstellung","einrichlung"
646,"tei","tei-lung","lung",3,28,"tei-isch","isch",2,26,0,1,"einteilung","einteiisch"
461,"tig","tig-last_blank","last_blank",4,220,"tig-keitscreme","keitscreme",1,219,0,5,"einzigartig","einzigartigkeitscreme"
986,"gant","gant-last_blank","last_blank",2,5,"graf-last_blank","graf",5,0,0,1,"elegant","elegraf"
161,"first_blank","first_blank-elek","elek",2,44,"first_blank-drei","drei",44,0,0,1,"elektrisch","dreitrisch"
76,"first_blank","first_blank-elek","elek",4,44,"first_blank-nacht","nacht",47,3,1,1,"elektrizität","nachttrizität"
670,"first_blank","first_blank-ele","ele",2,25,"first_blank-brü","brü",25,0,0,1,"element","brüment"
924,"el","el-en","en",1,2,"gw-en","gw",2,0,0,1,"elend","gwend"
880,"tern","tern-teil","teil",3,1,"haar-teil","haar",1,0,0,1,"elternteil","elhaarteil"
434,"first_blank","first_blank-emo","emo",3,19,"first_blank-acht","acht",19,0,1,1,"emotional","achttional"
912,"first_blank","first_blank-emp","emp",3,55,"first_blank-land","land",55,0,1,1,"empfehlen","landfehlen"
879,"first_blank","first_blank-emp","emp",2,55,"first_blank-wer","wer",55,0,0,1,"empfidlich","werfidlich"
541,"gie","gie-last_blank","last_blank",3,97,"raum-last_blank","raum",98,1,1,1,"energie","enerraum"
583,"en","en-or","or",1,1,"en-es","es",1,0,0,1,"enorm","enesm"
890,"en","en-te","te",2,8,"hys-te","hys",8,0,1,1,"ente","hyste"
955,"ent","ent-füh","füh",3,12,"ent-wick","wick",12,0,1,1,"entführen","entwickren"
958,"sung","sung-last_blank","last_blank",3,65,"dest-last_blank","dest",65,0,0,1,"entlassung","entlasdest"
370,"setz","setz-lich","lich",3,4,"wöhn-lich","wöhn",4,0,0,1,"entsetzlich","entwöhnlich"
596,"schung","schung-last_blank","last_blank",3,38,"bracht-last_blank","bracht",40,2,0,3,"enttäuschung","enttäubracht"
230,"wick","wick-lung","lung",3,4,"schu-lung","schu",3,1,0,1,"entwicklung","entschulung"
665,"first_blank","first_blank-epi","epi",3,17,"first_blank-koch","koch",17,0,1,1,"epidemie","kochdemie"
909,"bärm","bärm-lich","lich",3,1,"stöß-lich","stöß",1,0,0,1,"erbärmlich","erstößlich"
134,"er","er-ben","ben",2,5,"er-läu","läu",5,0,0,1,"erben","erläu"
23,"first_blank","first_blank-erd","erd",3,47,"first_blank-scho","scho",47,0,1,1,"erdbeere","schobeere"
852,"first_blank","first_blank-erek","erek",3,4,"first_blank-förm","förm",4,0,0,1,"erektion","förmtion"
997,"folg","folg-reich","reich",3,1,"ruhm-reich","ruhm",1,0,0,1,"erfolgreich","erruhmreich"
807,"er","er-geb","geb",3,12,"er-klär","klär",12,0,1,1,"ergebnis","erklärnis"
392," dich"," dich-last_blank","last_blank",5,1,"quardt-last_blank","quardt",1,0,1,1,"erinnere dich","erinnerequardt"
112,"er","er-kran","kran",3,6,"er-rich","rich",6,0,0,1,"erkrankung","errichkung"
951,"er","er-mitt","mitt",3,15,"er-laub","laub",16,1,0,1,"ermittler","erlaubler"
233,"regt","regt-last_blank","last_blank",2,5,"nehm-last_blank","nehm",5,0,0,1,"erregt","ernehm"
244,"satz","satz-last_blank","last_blank",2,38,"heim-last_blank","heim",38,0,0,2,"ersatz","erheim"
867,"er","er-schre","schre",3,7,"er-reich","reich",7,0,0,2,"erschrecken","erreichcken"
312,"war","war-ten","ten",3,8,"such-ten","such",8,0,1,1,"erwarten","ersuchten"
260,"er","er-zäh","zäh",3,7,"er-füll","füll",8,1,1,1,"erzählen","erfülllen"
733,"es","es-sen","sen",2,28,"es-kor","kor",4,24,0,1,"essen","eskor"
188,"was","was-last_blank","last_blank",2,17,"ruf-last_blank","ruf",17,0,0,1,"etwas","etruf"
826,"plo","plo-die","die",4,5,"schen-die","schen",2,3,2,1,"explodieren","exschendieren"
91,"plo","plo-si","si",4,11,"stres-si","stres",3,8,2,1,"explosion","exstression"
359,"siv","siv-last_blank","last_blank",3,18,"brot-last_blank","brot",18,0,1,1,"explosiv","explobrot"
671,"ter","ter-nal","nal",3,1,"ter-klop","klop",1,0,1,1,"external","exterklop"
610,"fa","fa-ch","ch",1,2,"fa-ny","ny",2,0,0,1,"fach","fany"
387,"fach","fach-mann","mann",2,1,"fach-mord","mord",1,0,0,1,"fachmann","fachmord"
882,"hig","hig-keit","keit",3,7,"hig-stel","stel",1,6,0,1,"fähigkeit","fähigstel"
761,"hr","hr-t","t",1,16,"ls-t","ls",16,0,0,1,"fahrt","falst"
104,"ls","ls-ch","ch",1,2,"ea-ch","ea",2,0,0,1,"falsch","faeach"
706,"mi","mi-lie","lie",3,7,"mi-gung","gung",5,2,1,1,"familie","famigung"
122,"first_blank","first_blank-fan","fan",2,45,"first_blank-the","the",45,0,0,1,"fangen","thegen"
479,"sie","sie-last_blank","last_blank",3,43,"peln-last_blank","peln",43,0,1,1,"fantasie","fantapeln"
415,"tisch","tisch-last_blank","last_blank",3,133,"sches-last_blank","sches",168,35,0,1,"fantastisch","fantassches"
162,"fa","fa-x","x",1,1,"ou-x","ou",1,0,0,1,"fax","oux"
782,"first_blank","first_blank-feh","feh",2,21,"first_blank-ara","ara",21,0,0,1,"fehler","araler"
46,"en","en-last_blank","last_blank",3,589,"en-geschmack","geschmack",1,588,1,4,"ferien","feriengeschmack"
445,"fern","fern-se","se",3,12,"wach-se","wach",10,2,0,1,"fernsehen","wachsehen"
37,"val","val-last_blank","last_blank",3,17,"mund-last_blank","mund",17,0,1,1,"festival","festimund"
808,"fest","fest-le","le",3,2,"char-le","char",2,0,0,1,"festlegung","charlegung"
236,"fest","fest-nah","nah",3,2,"lung-nah","lung",2,0,0,1,"festnahme","lungnahme"
838,"first_blank","first_blank-fie","fie",2,17,"first_blank-bol","bol",17,0,0,1,"fieber","bolber"
707,"lm","lm-last_blank","last_blank",1,10,"ud-last_blank","ud",10,0,0,1,"film","fiud"
25,"ell","ell-last_blank","last_blank",4,36,"licht-last_blank","licht",37,1,2,1,"finanziell","finanzilicht"
913,"rung","rung-last_blank","last_blank",4,345,"scher-last_blank","scher",259,86,1,1,"finanzierung","finanziescher"
442,"first_blank","first_blank-fin","fin",2,52,"first_blank-pla","pla",52,0,0,1,"finden","pladen"
962,"druck","druck-last_blank","last_blank",4,27,"schem-last_blank","schem",27,0,0,1,"fingerabdruck","fingerabschem"
455,"fi","fi-sc","sc",1,4,"fi-le","le",4,0,0,1,"fisch","fileh"
393,"first_blank","first_blank-flam","flam",2,10,"first_blank-plün","plün",10,0,0,1,"flamme","plünme"
444,"first_blank","first_blank-fla","fla",2,38,"first_blank-kan","kan",38,0,0,1,"flasche","kansche"
888,"fl","fl-ei","ei",1,2,"hn-ei","hn",2,0,0,1,"fleisch","hneisch"
149,"first_blank","first_blank-flie","flie",2,27,"first_blank-schä","schä",27,0,0,2,"fliegen","schägen"
990,"first_blank","first_blank-flot","flot",2,5,"first_blank-litt","litt",5,0,0,1,"flotte","littte"
746,"ht","ht-last_blank","last_blank",1,88,"di-last_blank","di",88,0,0,1,"flucht","flucdi"
242,"first_blank","first_blank-flücht","flücht",2,6,"first_blank-kirsch","kirsch",6,0,0,3,"flüchtling","kirschling"
568,"fl","fl-ug","ug",1,2,"fl-ee","ee",2,0,0,1,"flug","flee"
720,"flug","flug-ha","ha",3,3,"hand-ha","hand",3,0,0,1,"flughafen","handhafen"
152,"first_blank","first_blank-flüs","flüs",3,20,"first_blank-mond","mond",20,0,0,1,"flüssigkeit","mondsigkeit"
624,"first_blank","first_blank-fö","fö",5,12,"first_blank-schalt","schalt",12,0,4,1,"föderation","schaltderation"
606,"first_blank","first_blank-fol","fol",2,41,"first_blank-wir","wir",41,0,0,1,"folge","wirge"
752,"first_blank","first_blank-fol","fol",2,41,"first_blank-wir","wir",41,0,0,1,"folter","wirter"
497,"ball","ball-last_blank","last_blank",2,42,"geld-last_blank","geld",42,0,0,1,"football","footgeld"
775,"first_blank","first_blank-fort","fort",3,76,"first_blank-ober","ober",77,1,0,1,"fortsetzen","obersetzen"
590,"first_blank","first_blank-fo","fo",2,117,"first_blank-hei","hei",118,1,1,1,"foto","heito"
21,"graf","graf-last_blank","last_blank",3,5,"tech-last_blank","tech",5,0,0,1,"fotograf","fototech"
237,"first_blank","first_blank-fra","fra",2,20,"first_blank-bos","bos",20,0,0,1,"fragen","bosgen"
325,"first_blank","first_blank-fran","fran",3,53,"first_blank-nord","nord",53,0,0,1,"französisch","nordzösisch"
317,"fr","fr-au","au",1,1,"fr-uc","uc",1,0,0,1,"frau","fruc"
827,"frei","frei-wil","wil",3,8,"bens-wil","bens",3,5,0,1,"freiwillig","benswillig"
549,"first_blank","first_blank-freu","freu",2,16,"first_blank-nied","nied",16,0,0,1,"freude","niedde"
362,"din","din-last_blank","last_blank",2,36,"ell-last_blank","ell",36,0,0,1,"freundin","freunell"
662,"first_blank","first_blank-freund","freund",2,24,"first_blank-spreng","spreng",24,0,0,2,"freundlich","sprenglich"
592,"first_blank","first_blank-freund","freund",2,24,"first_blank-spreng","spreng",24,0,0,2,"freundschaft","sprengschaft"
556,"hof","hof-last_blank","last_blank",2,28,"ran-last_blank","ran",28,0,0,1,"friedhof","friedran"
494,"first_blank","first_blank-fröh","fröh",2,8,"first_blank-sech","sech",8,0,0,1,"fröhlich","sechlich"
745,"fr","fr-uc","uc",1,1,"fr-ou","ou",1,0,0,1,"frucht","frouht"
588,"first_blank","first_blank-früh","früh",2,40,"first_blank-kran","kran",40,0,0,1,"frühstück","kranstück"
410,"first_blank","first_blank-früh","früh",3,40,"first_blank-tier","tier",40,0,0,1,"frühzeitig","tierzeitig"
480,"first_blank","first_blank-füh","füh",2,42,"first_blank-cas","cas",42,0,0,1,"führer","casrer"
980,"first_blank","first_blank-funk","funk",3,49,"first_blank-hier","hier",49,0,0,1,"funktional","hiertional"
98,"mmer","mmer-last_blank","last_blank",2,1,"maud-last_blank","maud",1,0,0,1,"für immer","für imaud"
140,"ht","ht-last_blank","last_blank",1,88,"di-last_blank","di",88,0,0,1,"furcht","furcdi"
747,"bel","bel-last_blank","last_blank",2,107,"nie-last_blank","nie",107,0,0,1,"gabel","ganie"
399,"xis","xis-last_blank","last_blank",3,7,"wall-last_blank","wall",7,0,1,1,"galaxis","galawall"
748,"ge","ge-last_blank","last_blank",3,1310,"ge-schlechts","schlechts",9,1301,1,7,"garage","garageschlechts"
67,"first_blank","first_blank-gas","gas",2,35,"first_blank-zei","zei",35,0,0,1,"gasse","zeise"
527,"bäu","bäu-de","de",3,11,"cken-de","cken",11,0,1,1,"gebäude","geckende"
192," sie"," sie-last_blank","last_blank",3,1,"kees-last_blank","kees",1,0,0,1,"geben sie","gebenkees"
663,"burts","burts-tag","tag",3,2,"lings-tag","lings",2,0,0,1,"geburtstag","gelingstag"
291,"ge","ge-dicht","dicht",2,4,"ge-risch","risch",4,0,0,1,"gedicht","gerisch"
252,"fähr","fähr-lich","lich",3,5,"zwie-lich","zwie",5,0,0,1,"gefährlich","gezwielich"
643,"ge","ge-fäng","fäng",3,29,"ge-walt","walt",31,2,0,1,"gefängnis","gewaltnis"
143,"fühl","fühl-last_blank","last_blank",2,21,"kehr-last_blank","kehr",21,0,0,1,"gefühl","gekehr"
872,"gen","gen-teil","teil",3,1,"gen-bock","bock",1,0,0,1,"gegenteil","gegenbock"
470,"geg","geg-ner","ner",2,1,"tio-ner","tio",1,0,0,1,"gegner","tioner"
714,"ge","ge-halt","halt",2,6,"ge-sand","sand",6,0,0,1,"gehalt","gesand"
264,"heim","heim-nis","nis",3,20,"laub-nis","laub",8,12,0,1,"geheimnis","gelaubnis"
96,"ge","ge-hen","hen",2,122,"ge-kom","kom",56,66,0,1,"gehen","gekom"
979,"first_blank","first_blank-gei","gei",2,32,"first_blank-tür","tür",32,0,0,1,"geisel","türsel"
466,"ge","ge-is","is",1,2,"ge-ju","ju",2,0,0,1,"geist","gejut"
324,"lb","lb-last_blank","last_blank",1,5,"uß-last_blank","uß",5,0,0,1,"gelb","geuß"
636,"ge","ge-ld","ld",1,1,"ge-rö","rö",1,0,0,1,"geld","gerö"
422,"mein","mein-schaft","schaft",3,7,"walt-schaft","walt",5,2,0,1,"gemeinschaft","gewaltschaft"
45,"rät","rät-last_blank","last_blank",2,33,"lem-last_blank","lem",33,0,0,1,"gerät","gelem"
130,"ge","ge-richts","richts",5,26,"ge-stellt","stellt",33,7,0,1,"gerichtsverhandlung","gestelltverhandlung"
443,"ruch","ruch-last_blank","last_blank",2,4,"reiz-last_blank","reiz",4,0,0,1,"geruch","gereiz"
667,"ge","ge-schenk","schenk",2,17,"ge-schnit","schnit",17,0,0,1,"geschenk","geschnit"
154,"ge","ge-schlos","schlos",3,19,"ge-kriegt","kriegt",13,6,0,3,"geschlossen","gekriegtsen"
85,"ge","ge-schwin","schwin",4,14,"ge-kriegt","kriegt",13,1,0,2,"geschwindigkeit","gekriegtdigkeit"
380,"setz","setz-lich","lich",3,4,"läss-lich","läss",4,0,0,1,"gesetzlich","gelässlich"
676,"first_blank","first_blank-ges","ges",2,6,"first_blank-bob","bob",6,0,0,1,"gestern","bobtern"
282,"walt","walt-last_blank","last_blank",2,21,"list-last_blank","list",21,0,0,1,"gewalt","gelist"
801,"be","be-last_blank","last_blank",3,357,"be-herrschst","herrschst",1,356,1,7,"gewebe","gewebeherrschst"
157,"win","win-ner","ner",3,3,"gärt-ner","gärt",3,0,1,1,"gewinner","gegärtner"
451,"tar","tar-re","re",3,1,"ckie-re","ckie",1,0,1,1,"gitarre","gickiere"
139,"first_blank","first_blank-glau","glau",2,8,"first_blank-chap","chap",8,0,0,1,"glaube","chapbe"
303,"first_blank","first_blank-glau","glau",2,8,"first_blank-brad","brad",8,0,0,1,"glauben","bradben"
179,"first_blank","first_blank-glo","glo",2,24,"first_blank-hän","hän",24,0,0,1,"global","hänbal"
526,"first_blank","first_blank-glück","glück",2,18,"first_blank-stock","stock",18,0,0,1,"glücklich","stocklich"
813,"go","go-ril","ril",3,2,"go-land","land",2,0,1,1,"gorilla","golandla"
121,"first_blank","first_blank-gött","gött",2,7,"first_blank-glän","glän",7,0,0,1,"göttlich","glänlich"
756,"first_blank","first_blank-grä","grä",2,8,"first_blank-rüs","rüs",8,0,0,1,"gräfin","rüsfin"
757,"gr","gr-am","am",1,4,"gr-in","in",4,0,0,1,"gramm","grinm"
668,"sam","sam-last_blank","last_blank",2,48,"tos-last_blank","tos",48,0,0,1,"grausam","grautos"
99,"first_blank","first_blank-grau","grau",3,36,"first_blank-zahn","zahn",36,0,0,1,"grausamkeit","zahnsamkeit"
538,"first_blank","first_blank-grie","grie",2,12,"first_blank-zwin","zwin",12,0,0,1,"griechisch","zwinchisch"
101,"first_blank","first_blank-groß","groß",3,95,"first_blank-fest","fest",94,1,0,1,"großartig","festartig"
988,"first_blank","first_blank-groß","groß",3,95,"first_blank-fest","fest",94,1,0,1,"großzügig","festzügig"
601,"first_blank","first_blank-grup","grup",2,16,"first_blank-golf","golf",16,0,0,1,"gruppe","golfpe"
62,"first_blank","first_blank-grü","grü",2,12,"first_blank-för","för",12,0,0,1,"grüßen","förßen"
26,"ha","ha-fen","fen",2,16,"ha-shi","shi",3,13,0,1,"hafen","hashi"
974,"ha","ha-ft","ft",1,2,"ha-go","go",2,0,0,1,"haft","hago"
493,"first_blank","first_blank-häft","häft",2,4,"first_blank-prit","prit",4,0,0,1,"häftling","pritling"
142,"first_blank","first_blank-hal","hal",6,71,"first_blank-fleisch","fleisch",18,53,4,1,"halluzination","fleischluzination"
397,"first_blank","first_blank-hals","hals",3,18,"first_blank-kost","kost",18,0,0,1,"halskette","kostkette"
614,"first_blank","first_blank-ham","ham",3,27,"first_blank-schä","schä",27,0,1,1,"hamburger","schäburger"
281,"first_blank","first_blank-ham","ham",2,27,"first_blank-but","but",27,0,0,1,"hammer","butmer"
57,"first_blank","first_blank-händ","händ",2,5,"first_blank-münz","münz",5,0,0,1,"händler","münzler"
119,"first_blank","first_blank-hand","hand",2,92,"first_blank-fest","fest",94,2,0,2,"handlung","festlung"
530,"tuch","tuch-last_blank","last_blank",2,12,"scha-last_blank","scha",12,0,0,1,"handtuch","handscha"
817,"nie","nie-last_blank","last_blank",3,107,"ters-last_blank","ters",106,1,1,1,"harmonie","harmoters"
621,"ha","ha-se","se",2,5,"der-se","der",5,0,1,1,"hase","derse"
84,"first_blank","first_blank-häss","häss",2,9,"first_blank-güns","güns",9,0,0,1,"hässlich","günslich"
276,"first_blank","first_blank-häu","häu",2,17,"first_blank-epi","epi",17,0,0,1,"häufig","epifig"
903,"tier","tier-last_blank","last_blank",3,53,"bung-last_blank","bung",53,0,0,1,"hauptquartier","hauptquarbung"
760,"he","he-er","er",1,1,"ïí-er","ïí",1,0,0,1,"heer","ïíer"
819,"hei","hei-len","len",2,4,"ral-len","ral",4,0,0,1,"heilen","rallen"
132,"first_blank","first_blank-hel","hel",2,50,"first_blank-wan","wan",50,0,0,1,"helfen","wanfen"
78,"he","he-ll","ll",1,3,"he-uc","uc",2,1,0,1,"hell","heuc"
851,"de","de-rung","rung",5,35,"de-bleich","bleich",1,34,2,1,"herausforderung","herausfordebleich"
517,"he","he-rb","rb",1,3,"he-ad","ad",3,0,0,1,"herbst","headst"
877,"he","he-rd","rd",1,1,"he-na","na",1,0,0,1,"herd","hena"
351,"he","he-ro","ro",3,6,"he-cken","cken",6,0,2,1,"heroin","heckenin"
831,"first_blank","first_blank-herr","herr",3,25,"first_blank-schi","schi",25,0,0,1,"herrlichkeit","schilichkeit"
561,"xe","xe-last_blank","last_blank",2,22,"dio-last_blank","dio",22,0,1,1,"hexe","hedio"
681,"first_blank","first_blank-hil","hil",2,25,"first_blank-uni","uni",25,0,0,1,"hilfe","unife"
107,"hin","hin-ga","ga",3,1,"naka-ga","naka",1,0,1,1,"hingabe","nakagabe"
127,"hin","hin-rich","rich",3,3,"hin-dern","dern",3,0,0,1,"hinrichtung","hinderntung"
859,"hin","hin-tern","tern",2,1,"tre-tern","tre",1,0,0,1,"hintern","tretern"
4,"hi","hi-v","v",1,1,"eb-v","eb",1,0,0,1,"hiv","ebv"
87,"ho","ho-ch","ch",1,2,"ho-rc","rc",2,0,0,1,"hoch","horc"
454,"hoch","hoch-zeit","zeit",2,6,"hoch-schu","schu",6,0,0,2,"hochzeit","hochschu"
642,"first_blank","first_blank-hö","hö",2,34,"first_blank-des","des",34,0,1,1,"höhe","deshe"
787,"ho","ho-heit","heit",2,1,"ho-vens","vens",1,0,0,1,"hoheit","hovens"
207,"first_blank","first_blank-höl","höl",2,26,"first_blank-ros","ros",26,0,0,1,"hölle","rosle"
367,"ren","ren-last_blank","last_blank",2,1388,"che-last_blank","che",645,743,0,1,"hören","höche"
12,"schrau","schrau-ber","ber",3,7,"macgru-ber","macgru",1,6,0,1,"hubschrauber","hubmacgruber"
949,"first_blank","first_blank-hum","hum",2,21,"first_blank-mys","mys",21,0,0,1,"hummer","mysmer"
605,"dert","dert-last_blank","last_blank",2,99,"raum-last_blank","raum",98,1,0,2,"hundert","hunraum"
463,"first_blank","first_blank-hung","hung",2,5,"first_blank-burk","burk",5,0,0,1,"hungrig","burkrig"
573,"hu","hu-t","t",1,1,"äs-t","äs",1,0,0,1,"hut","äst"
416,"first_blank","first_blank-idi","idi",2,1,"first_blank-wic","wic",1,0,0,1,"idiot","wicot"
15,"first_blank","first_blank-imp","imp",2,3,"first_blank-rha","rha",3,0,0,1,"impfung","rhafung"
211,"ell","ell-last_blank","last_blank",5,36,"schiff-last_blank","schiff",37,1,3,1,"individuell","individuschiff"
450,"fek","fek-ti","ti",4,14,"schäf-ti","schäf",11,3,2,1,"infektion","inschäftion"
278,"for","for-mant","mant",3,1,"for-syth","syth",1,0,0,1,"informant","inforsyth"
687,"in","in-for","for",5,32,"in-stinkt","stinkt",4,28,3,1,"information","instinktmation"
245,"for","for-mie","mie",4,5,"for-derst","derst",2,3,2,1,"informieren","inforderstren"
65,"halt","halt-last_blank","last_blank",2,26,"sitz-last_blank","sitz",26,0,0,2,"inhalt","insitz"
579,"in","in-jek","jek",4,4,"in-stand","stand",3,1,2,1,"injektion","instandtion"
205,"halb","halb-last_blank","last_blank",3,19,"stoß-last_blank","stoß",19,0,0,1,"innerhalb","innerstoß"
710,"sekt","sekt-last_blank","last_blank",2,1,"heem-last_blank","heem",1,0,0,1,"insekt","inheem"
957,"spek","spek-ti","ti",4,5,"flüch-ti","flüch",5,0,1,1,"inspektion","inflüchtion"
719,"spi","spi-ra","ra",5,7,"leucht-ra","leucht",2,5,3,1,"inspiration","inleuchtration"
781,"stru","stru-ment","ment",3,3,"nage-ment","nage",3,0,0,1,"instrument","innagement"
594,"li","li-gent","gent",4,2,"li-schem","schem",2,0,1,1,"intelligent","intellischem"
520,"sant","sant-last_blank","last_blank",4,11,"kleid-last_blank","kleid",11,0,1,1,"interessant","intereskleid"
995,"tim","tim-last_blank","last_blank",2,3,"jor-last_blank","jor",3,0,0,1,"intim","injor"
925,"in","in-tui","tui",4,3,"in-halts","halts",3,0,2,1,"intuition","inhaltstion"
108,"ves","ves-tie","tie",4,3,"stink-tie","stink",1,2,2,1,"investieren","instinktieren"
24,"ves","ves-tor","tor",3,1,"proc-tor","proc",1,0,1,1,"investor","inproctor"
92,"gend","gend-wo","wo",3,5,"chet-wo","chet",1,4,0,1,"irgendwo","irchetwo"
672,"first_blank","first_blank-iro","iro",2,9,"first_blank-vas","vas",9,0,0,1,"ironisch","vasnisch"
193,"ja","ja-last_blank","last_blank",1,79,"ht-last_blank","ht",88,9,0,1,"ja","ht"
1,"klich","klich-last_blank","last_blank",3,1,"knauf-last_blank","knauf",1,0,0,1,"ja wirklich","ja wirknauf"
420,"ja","ja-cke","cke",2,7,"ja-mai","mai",5,2,0,1,"jacke","jamai"
113,"ja","ja-gen","gen",2,14,"ja-mai","mai",5,9,0,1,"jagen","jamai"
183,"je","je-last_blank","last_blank",1,11,"ös-last_blank","ös",11,0,0,1,"je","ös"
427,"first_blank","first_blank-jour","jour",3,10,"first_blank-trin","trin",10,0,0,1,"journalist","trinnalist"
503,"ju","ju-li","li",2,15,"bil-li","bil",15,0,1,1,"juli","billi"
794,"liet","liet-last_blank","last_blank",2,2,"trät-last_blank","trät",2,0,0,1,"juliet","juträt"
194,"ju","ju-ng","ng",1,2,"ju-bi","bi",2,0,0,1,"jung","jubi"
339,"first_blank","first_blank-jun","jun",2,14,"first_blank-pil","pil",14,0,0,1,"junge","pilge"
823,"or","or-last_blank","last_blank",3,30,"telt-last_blank","telt",30,0,2,1,"junior","junitelt"
569,"wel","wel-last_blank","last_blank",2,4,"chu-last_blank","chu",4,0,0,1,"juwel","juchu"
531,"bel","bel-last_blank","last_blank",2,107,"nie-last_blank","nie",107,0,0,1,"kabel","kanie"
476,"fee","fee-last_blank","last_blank",2,16,"bon-last_blank","bon",16,0,0,1,"kaffee","kafbon"
759,"first_blank","first_blank-kai","kai",2,23,"first_blank-cho","cho",23,0,0,1,"kaiser","choser"
346,"ka","ka-lt","lt",1,1,"ka-ms","ms",1,0,0,1,"kalt","kams"
54,"ka","ka-mp","mp",1,4,"ka-la","la",4,0,0,1,"kampf","kalaf"
41,"first_blank","first_blank-kämp","kämp",2,13,"first_blank-klet","klet",13,0,0,1,"kämpfer","kletfer"
764,"pel","pel-le","le",3,12,"mitt-le","mitt",9,3,1,1,"kapelle","kamittle"
992,"lis","lis-mus","mus",5,21,"sprach-mus","sprach",1,20,3,1,"kapitalismus","kapitasprachmus"
344,"tän","tän-last_blank","last_blank",3,5,"dras-last_blank","dras",5,0,1,1,"kapitän","kapidras"
498,"nal","nal-last_blank","last_blank",3,50,"mung-last_blank","mung",50,0,1,1,"kardinal","kardimung"
790,"first_blank","first_blank-kar","kar",2,83,"first_blank-dro","dro",83,0,0,1,"karte","drote"
674,"tell","tell-last_blank","last_blank",2,4,"steh-last_blank","steh",4,0,0,1,"kartell","karsteh"
481,"first_blank","first_blank-kä","kä",2,36,"first_blank-sti","sti",36,0,1,1,"käse","stise"
329,"first_blank","first_blank-kat","kat",2,24,"first_blank-fes","fes",24,0,0,1,"katze","fesze"
916,"first_blank","first_blank-kau","kau",2,19,"first_blank-tes","tes",19,0,0,1,"kauen","tesen"
758,"first_blank","first_blank-käu","käu",2,5,"first_blank-hed","hed",5,0,0,1,"käufer","hedfer"
708,"kell","kell-ne","ne",3,2,"tren-ne","tren",2,0,0,1,"kellnerin","trennerin"
432,"first_blank","first_blank-ker","ker",2,26,"first_blank-ros","ros",26,0,0,1,"kerze","rosze"
366,"nd","nd-last_blank","last_blank",1,46,"za-last_blank","za",46,0,0,1,"kind","kiza"
562,"first_blank","first_blank-kind","kind",2,15,"first_blank-denk","denk",15,0,0,1,"kindheit","denkheit"
376,"kl","kl-an","an",1,4,"kl-op","op",4,0,0,1,"klang","klopg"
616,"first_blank","first_blank-klas","klas",2,34,"first_blank-char","char",34,0,0,1,"klassisch","charsisch"
620,"ei","ei-d","d",1,3,"ol-d","ol",3,0,0,1,"kleid","klold"
153,"kl","kl-ei","ei",1,6,"kl-in","in",6,0,0,1,"klein","klinn"
210,"kli","kli-ent","ent",2,1,"del-ent","del",1,0,0,1,"klient","delent"
340,"first_blank","first_blank-kli","kli",2,31,"first_blank-dop","dop",31,0,0,1,"klinik","dopnik"
521,"first_blank","first_blank-klos","klos",2,3,"first_blank-blub","blub",3,0,0,1,"kloster","blubter"
524,"ht","ht-last_blank","last_blank",1,88,"di-last_blank","di",88,0,0,1,"knecht","knecdi"
608,"kn","kn-ie","ie",1,4,"kn-ac","ac",4,0,0,1,"knie","knac"
900,"ko","ko-ch","ch",1,4,"ko-mo","mo",4,0,0,1,"koch","komo"
557,"der","der-last_blank","last_blank",2,598,"rin-last_blank","rin",433,165,0,1,"köder","körin"
32,"first_blank","first_blank-kof","kof",2,9,"first_blank-hub","hub",9,0,0,1,"koffer","hubfer"
318,"misch","misch-last_blank","last_blank",2,20,"blick-last_blank","blick",20,0,0,2,"komisch","koblick"
17," sie"," sie-last_blank","last_blank",3,1,"nder-last_blank","nder",1,0,0,1,"kommen sie","kommennder"
617,"sar","sar-last_blank","last_blank",3,19,"weis-last_blank","weis",19,0,1,1,"kommissar","kommisweis"
946,"kom","kom-mu","mu",6,44,"streich-mu","streich",1,43,4,1,"kommunikation","streichmunikation"
238,"nis","nis-tisch","tisch",4,2,"nis-platz","platz",1,1,0,1,"kommunistisch","kommunisplatz"
426,"die","die-last_blank","last_blank",3,41,"gert-last_blank","gert",41,0,1,1,"komödie","komögert"
688,"plett","plett-last_blank","last_blank",2,2,"plaus-last_blank","plaus",2,0,0,1,"komplett","komplaus"
330,"nig","nig-last_blank","last_blank",2,49,"tos-last_blank","tos",48,1,0,1,"könig","kötos"
255,"reich","reich-last_blank","last_blank",3,51,"platz-last_blank","platz",51,0,0,2,"königreich","königplatz"
516,"zen","zen-trie","trie",4,2,"zen-fisch","fisch",1,1,1,1,"konzentrieren","konzenfischren"
438,"zern","zern-last_blank","last_blank",2,16,"pier-last_blank","pier",16,0,0,1,"konzern","konpier"
603,"zert","zert-last_blank","last_blank",2,8,"tant-last_blank","tant",8,0,0,1,"konzert","kontant"
203,"ko","ko-pie","pie",3,8,"ko-reas","reas",3,5,1,1,"kopieren","koreasren"
585,"rekt","rekt-last_blank","last_blank",2,5,"seys-last_blank","seys",5,0,0,1,"korrekt","korseys"
716,"ten","ten-los","los",3,2,"halt-los","halt",2,0,1,1,"kostenlos","koshaltlos"
600,"stoff","stoff-last_blank","last_blank",2,25,"stadt-last_blank","stadt",25,0,0,1,"kraftstoff","kraftstadt"
810,"kr","kr-an","an",1,5,"kr-is","is",5,0,0,1,"krank","krisk"
971,"first_blank","first_blank-krea","krea",4,10,"first_blank-schwä","schwä",10,0,1,1,"kreativität","schwätivität"
447,"first_blank","first_blank-krea","krea",2,10,"first_blank-yama","yama",10,0,0,1,"kreatur","yamatur"
345,"eb","eb-s","s",1,2,"ju-s","ju",2,0,0,1,"krebs","krjus"
448,"first_blank","first_blank-krie","krie",2,17,"first_blank-treu","treu",17,0,0,1,"krieger","treuger"
292,"mi","mi-nell","nell",3,1,"mi-chon","chon",1,0,0,1,"kriminell","krimichon"
462,"first_blank","first_blank-kri","kri",2,56,"first_blank-mus","mus",56,0,0,1,"krise","musse"
570,"ku","ku-chen","chen",2,34,"ku-lier","lier",3,31,0,1,"kuchen","kulier"
313,"hl","hl-last_blank","last_blank",1,27,"ut-last_blank","ut",27,0,0,1,"kühl","küut"
937,"künst","künst-lich","lich",2,1,"chent-lich","chent",1,0,0,2,"künstlich","chentlich"
805,"first_blank","first_blank-küs","küs",2,9,"first_blank-app","app",9,0,0,1,"küste","appte"
417,"la","la-chen","chen",2,12,"la-ckie","ckie",2,10,0,1,"lachen","lackie"
767,"la","la-den","den",2,97,"la-tor","tor",11,86,0,1,"laden","lator"
869,"dung","dung-last_blank","last_blank",2,149,"mann-last_blank","mann",148,1,0,1,"ladung","lamann"
217,"la","la-ge","ge",2,67,"weg-ge","weg",71,4,1,1,"lage","wegge"
394,"la","la-ng","ng",1,8,"la-ri","ri",8,0,0,1,"lang","lari"
272,"first_blank","first_blank-län","län",2,12,"first_blank-tag","tag",12,0,0,1,"länge","tagge"
7,"first_blank","first_blank-las","las",2,20,"first_blank-kei","kei",20,0,0,1,"lassen","keisen"
712,"le","le-ber","ber",2,15,"le-rie","rie",11,4,0,1,"leber","lerie"
907,"le","le-cken","cken",2,2,"le-mann","mann",2,0,0,1,"lecken","lemann"
785,"cker","cker-last_blank","last_blank",2,106,"ters-last_blank","ters",106,0,0,1,"lecker","leters"
352,"gen","gen-de","de",3,60,"frie-de","frie",12,48,1,1,"legende","lefriede"
337,"first_blank","first_blank-leh","leh",2,13,"first_blank-mac","mac",13,0,0,1,"lehrer","macrer"
678,"first_blank","first_blank-lei","lei",2,80,"first_blank-war","war",80,0,0,1,"leiche","warche"
550,"le","le-ic","ic",1,2,"le-bo","bo",2,0,0,1,"leicht","leboht"
268,"first_blank","first_blank-leis","leis",2,16,"first_blank-nied","nied",16,0,0,1,"leistung","niedtung"
599,"first_blank","first_blank-ler","ler",2,6,"first_blank-jac","jac",6,0,0,1,"lernen","jacnen"
860,"first_blank","first_blank-letzt","letzt",2,4,"first_blank-meist","meist",4,0,0,1,"letztlich","meistlich"
361,"first_blank","first_blank-leut","leut",2,4,"first_blank-plea","plea",4,0,0,1,"leutnant","pleanant"
932,"li","li-be","be",4,10,"rungs-be","rungs",10,0,3,1,"liberale","rungsberale"
355,"lie","lie-be","be",2,24,"vor-be","vor",26,2,0,1,"liebe","vorbe"
774,"lieb","lieb-ha","ha",3,7,"wohl-ha","wohl",4,3,0,1,"liebhaber","wohlhaber"
660,"li","li-ed","ed",1,1,"li-gu","gu",1,0,0,1,"lied","ligu"
978,"de","de-last_blank","last_blank",4,1044,"de-athwatch","athwatch",1,1043,2,4,"limonade","limonadeathwatch"
289,"li","li-mou","mou",4,2,"li-enerb","enerb",2,0,2,1,"limousine","lienerbsine"
174,"li","li-ng","ng",1,2,"li-ba","ba",2,0,0,1,"ling","liba"
251,"li","li-nk","nk",1,3,"li-do","do",3,0,0,1,"links","lidos"
638,"tur","tur-last_blank","last_blank",4,72,"richt-last_blank","richt",71,1,2,1,"literatur","literaricht"
147,"first_blank","first_blank-lk","lk",1,4,"first_blank-eo","eo",4,0,0,1,"lkw","eow"
70,"lo","lo-ch","ch",1,4,"it-ch","it",4,0,0,1,"loch","itch"
963,"kal","kal-last_blank","last_blank",2,13,"bei-last_blank","bei",13,0,0,1,"lokal","lobei"
878,"lö","lö-schen","schen",2,5,"lö-chert","chert",1,4,0,1,"löschen","löchert"
88,"first_blank","first_blank-lö","lö",2,33,"first_blank-mat","mat",33,0,1,1,"löwe","matwe"
507,"first_blank","first_blank-lüg","lüg",2,4,"first_blank-heh","heh",4,0,0,1,"lügner","hehner"
922,"first_blank","first_blank-macht","macht",2,23,"first_blank-wasch","wasch",23,0,0,1,"machtlos","waschlos"
30,"first_blank","first_blank-mäd","mäd",2,15,"first_blank-weh","weh",15,0,0,1,"mädchen","wehchen"
160,"er","er-last_blank","last_blank",3,277,"er-schreckst","schreckst",1,276,1,7,"magier","magierschreckst"
797,"first_blank","first_blank-mahl","mahl",2,2,"first_blank-mcla","mcla",2,0,0,1,"mahlzeit","mclazeit"
425,"ma","ma-ler","ler",2,8,"ma-tik","tik",8,0,0,1,"maler","matik"
77,"ma","ma-ma","ma",2,5,"der-ma","der",5,0,1,1,"mama","derma"
66,"lie","lie-ren","ren",5,42,"schnur-ren","schnur",1,41,3,1,"manipulieren","manipuschnurren"
918,"first_blank","first_blank-mann","mann",2,7,"first_blank-laut","laut",7,0,0,1,"mannschaft","lautschaft"
845,"ri","ri-ne","ne",3,26,"waff-ne","waff",9,17,2,1,"marine","mawaffne"
927,"ke","ke-ting","ting",3,2,"ke-lett","lett",2,0,0,1,"marketing","markelett"
695,"schi","schi-ne","ne",3,28,"waff-ne","waff",9,19,0,1,"maschine","mawaffne"
721,"first_blank","first_blank-mas","mas",3,93,"first_blank-groß","groß",95,2,1,1,"massage","großsage"
214,"tik","tik-last_blank","last_blank",4,52,"platz-last_blank","platz",51,1,2,1,"mathematik","mathemaplatz"
385,"xi","xi-mal","mal",3,1,"xi-sche","sche",1,0,1,1,"maximal","maxische"
943,"ma","ma-yon","yon",4,1,"ma-thers","thers",1,0,2,1,"mayonnaise","mathersnaise"
788,"cha","cha-nisch","nisch",3,1,"cha-plain","plain",1,0,0,2,"mechanisch","mechaplain"
784,"dail","dail-le","le",3,6,"schü-le","schü",6,0,0,1,"medaille","meschüle"
18,"dail","dail-lon","lon",3,1,"eche-lon","eche",1,0,0,1,"medaillon","meechelon"
382,"first_blank","first_blank-mee","mee",2,27,"first_blank-ama","ama",27,0,0,1,"meeting","amating"
923,"me","me-hl","hl",1,1,"me-se","se",1,0,0,1,"mehl","mese"
187,"tens","tens-last_blank","last_blank",2,39,"beln-last_blank","beln",39,0,0,1,"meistens","meisbeln"
58,"first_blank","first_blank-meis","meis",3,25,"first_blank-pfer","pfer",25,0,0,1,"meisterschaft","pferterschaft"
885,"first_blank","first_blank-men","men",2,72,"first_blank-hal","hal",71,1,0,1,"menge","halge"
165,"me","me-ns","ns",1,2,"so-ns","so",2,0,0,1,"mensch","sonsch"
224,"first_blank","first_blank-men","men",2,72,"first_blank-wal","wal",71,1,0,1,"menschen","walschen"
360,"first_blank","first_blank-mes","mes",2,31,"first_blank-flo","flo",31,0,0,1,"messer","floser"
350,"tall","tall-last_blank","last_blank",2,4,"tris-last_blank","tris",4,0,0,1,"metall","metris"
406,"me","me-ter","ter",2,28,"me-lan","lan",8,20,0,1,"meter","melan"
136,"mie","mie-ten","ten",2,4,"gen-ten","gen",4,0,0,1,"mieten","genten"
595,"kro","kro-fon","fon",3,1,"chif-fon","chif",1,0,1,1,"mikrofon","michiffon"
930,"skop","skop-last_blank","last_blank",3,9,"bier-last_blank","bier",9,0,0,1,"mikroskop","mikrobier"
723,"tär","tär-last_blank","last_blank",3,13,"nigt-last_blank","nigt",13,0,1,1,"militär-","milinigt"
173,"first_blank","first_blank-mil","mil",4,62,"first_blank-grund","grund",63,1,2,1,"milliarde","grundliarde"
11,"nis","nis-ter","ter",3,28,"toch-ter","toch",18,10,1,1,"minister","mitochter"
93,"um","um-last_blank","last_blank",5,168,"um-schleicht","schleicht",1,167,1,5,"ministerium","ministeriumschleicht"
220,"mi","mi-nus","nus",2,4,"mi-tät","tät",4,0,0,1,"minus-","mität"
263,"nu","nu-te","te",3,4,"sieg-te","sieg",4,0,2,1,"minute","misiegte"
700,"schung","schung-last_blank","last_blank",2,38,"schiff-last_blank","schiff",37,1,0,1,"mischung","mischiff"
611,"first_blank","first_blank-mis","mis",3,34,"first_blank-char","char",34,0,1,1,"mission","charsion"
658,"fühl","fühl-last_blank","last_blank",3,21,"nier-last_blank","nier",21,0,0,1,"mitgefühl","mitgenier"
737,"tag","tag-last_blank","last_blank",2,75,"ven-last_blank","ven",78,3,0,1,"mittag","mitven"
956,"tag","tag-es","es",4,2,"abend-es","abend",2,0,2,1,"mittagessen","mitabendessen"
508,"keit","keit-last_blank","last_blank",3,309,"rung-last_blank","rung",345,36,0,1,"möglichkeit","möglichrung"
262,"ni","ni-tor","tor",3,2,"ni-cken","cken",2,0,1,1,"monitor","monicken"
338,"mo","mo-rd","rd",1,5,"mo-nu","nu",5,0,0,1,"mord","monu"
730,"first_blank","first_blank-mör","mör",2,12,"first_blank-sep","sep",12,0,0,1,"mörder","sepder"
298,"first_blank","first_blank-mor","mor",2,96,"first_blank-sta","sta",99,3,0,1,"morgen","stagen"
725,"mor","mor-phi","phi",3,1,"mor-lock","lock",1,0,1,1,"morphium","morlockum"
341,"mo","mo-tel","tel",2,2,"mo-lie","lie",2,0,0,1,"motel","molie"
288,"tor","tor-last_blank","last_blank",2,175,"det-last_blank","det",181,6,0,1,"motor","modet"
908,"mü","mü-ll","ll",1,2,"fä-ll","fä",2,0,0,1,"müll","fäll"
150,"um","um-last_blank","last_blank",3,168,"um-schleicht","schleicht",1,167,1,7,"museum","museumschleicht"
499,"sik","sik-last_blank","last_blank",2,37,"rem-last_blank","rem",37,0,0,1,"musik","murem"
490,"si","si-ker","ker",3,7,"si-täts","täts",3,4,1,1,"musiker","musitäts"
698,"first_blank","first_blank-mus","mus",2,56,"first_blank-kri","kri",56,0,0,1,"muskel","krikel"
926,"mu","mu-ta","ta",4,3,"mu-liert","liert",3,0,3,1,"mutation","mulierttion"
835,"nach","nach-na","na",3,2,"chen-na","chen",2,0,0,1,"nachname","chenname"
44,"nach","nach-rich","rich",3,25,"nach-lass","lass",4,21,0,1,"nachrichten","nachlassten"
799,"nach","nach-wei","wei",3,3,"hens-wei","hens",3,0,0,1,"nachweisen","hensweisen"
604,"na","na-cken","cken",2,5,"na-echs","echs",2,3,0,2,"nacken","naechs"
844,"na","na-ck","ck",1,1,"na-bl","bl",1,0,0,1,"nackt","nablt"
196,"first_blank","first_blank-nah","nah",2,16,"first_blank-tru","tru",16,0,0,1,"nah dran","tru dran"
567,"first_blank","first_blank-nar","nar",2,38,"first_blank-fla","fla",38,0,0,1,"narbe","flabe"
545,"na","na-se","se",2,8,"na-tor","tor",7,1,1,1,"nase","nator"
375,"na","na-ss","ss",1,1,"na-ze","ze",1,0,0,1,"nass","naze"
587,"na","na-ti","ti",3,37,"iden-ti","iden",24,13,2,1,"nation","idention"
50,"ne","ne-bel","bel",2,4,"ne-fiz","fiz",4,0,0,1,"nebel","nefiz"
123,"first_blank","first_blank-nef","nef",2,2,"first_blank-lio","lio",2,0,0,1,"neffe","liofe"
323,"ga","ga-tiv","tiv",3,1,"ga-bund","bund",1,0,1,1,"negativ","negabund"
804,"vös","vös-last_blank","last_blank",2,1,"zui-last_blank","zui",1,0,0,1,"nervös","nerzui"
741,"ne","ne-tz","tz",1,1,"on-tz","on",1,0,0,1,"netz","ontz"
591,"first_blank","first_blank-nied","nied",2,16,"first_blank-wood","wood",16,0,0,1,"niedlich","woodlich"
320,"nor","nor-den","den",2,2,"mie-den","mie",2,0,0,1,"norden","mieden"
129,"first_blank","first_blank-nor","nor",2,70,"first_blank-chi","chi",70,0,0,1,"normal","chimal"
661,"first_blank","first_blank-not","not",2,75,"first_blank-wil","wil",75,0,0,1,"notfall","wilfall"
895,"klea","klea-rer","rer",3,1,"pfar-rer","pfar",1,0,0,1,"nuklearer","nupfarrer"
691,"höher","höher-last_blank","last_blank",4,1,"jamín-last_blank","jamín",1,0,0,1,"oberer, höher","oberer, jamín"
839,"first_blank","first_blank-ober","ober",3,77,"first_blank-rück","rück",78,1,0,1,"oberfläche","rückfläche"
332,"ob","ob-er","er",1,4,"li-er","li",4,0,0,1,"oberst","lierst"
48,"sicht","sicht-lich","lich",4,10,"dring-lich","dring",8,2,0,1,"offensichtlich","offendringlich"
428,"ell","ell-last_blank","last_blank",4,36,"sicht-last_blank","sicht",37,1,2,1,"offiziell","offizisicht"
546,"oh","oh-r","r",1,1,"mu-r","mu",1,0,0,1,"ohr","mur"
388,"ber","ber-last_blank","last_blank",3,188,"gung-last_blank","gung",188,0,1,1,"oktober","oktogung"
52,"first_blank","first_blank-öl","öl",1,32,"first_blank-tä","tä",32,0,0,1,"öl","tä"
423,"first_blank","first_blank-om","om",1,24,"first_blank-ye","ye",24,0,0,1,"oma","yea"
125,"first_blank","first_blank-oran","oran",2,10,"first_blank-sehn","sehn",10,0,0,1,"orange","sehnge"
218,"bit","bit-last_blank","last_blank",2,9,"sed-last_blank","sed",9,0,0,1,"orbit","orsed"
910,"first_blank","first_blank-or","or",5,147,"schlechts-or","schlechts",1,146,2,6,"organisieren","schlechtsorganisieren"
321,"os","os-t","t",1,6,"af-t","af",6,0,0,1,"ost","aft"
398,"first_blank","first_blank-oze","oze",2,2,"first_blank-gem","gem",2,0,0,1,"ozean","geman"
97,"ket","ket-last_blank","last_blank",2,11,"dal-last_blank","dal",11,0,0,1,"paket","padal"
273,"sisch","sisch-last_blank","last_blank",4,15,"dreht-last_blank","dreht",15,0,0,1,"paradiesisch","paradiedreht"
959,"mal","mal-last_blank","last_blank",4,61,"ziert-last_blank","ziert",59,2,2,1,"paranormal","paranorziert"
837,"füm","füm-last_blank","last_blank",2,1,"übe-last_blank","übe",1,0,0,1,"parfüm","parübe"
167,"first_blank","first_blank-par","par",3,101,"first_blank-blut","blut",100,1,1,1,"partikel","bluttikel"
299,"first_blank","first_blank-pas","pas",2,64,"first_blank-tri","tri",64,0,0,1,"passen","trisen"
883,"pas","pas-sie","sie",3,2,"über-sie","über",1,1,1,1,"passieren","übersieren"
515,"first_blank","first_blank-pass","pass",2,10,"first_blank-orts","orts",10,0,0,1,"passwort","ortswort"
35,"tro","tro-ne","ne",3,5,"spin-ne","spin",5,0,1,1,"patrone","paspinne"
901,"trouil","trouil-lie","lie",4,1,"nachts-lie","nachts",1,0,0,2,"patrouillieren","panachtslieren"
625,"pe","pe-nis","nis",2,3,"pe-rua","rua",3,0,0,1,"penis","perua"
364,"fekt","fekt-last_blank","last_blank",2,13,"blut-last_blank","blut",13,0,0,1,"perfekt","perblut"
418,"keit","keit-last_blank","last_blank",4,309,"scher-last_blank","scher",259,50,1,1,"persönlichkeit","persönlichscher"
863,"spek","spek-ti","ti",4,5,"flüch-ti","flüch",5,0,1,1,"perspektive","perflüchtive"
828,"first_blank","first_blank-pfei","pfei",2,8,"first_blank-sieg","sieg",8,0,0,1,"pfeife","siegfe"
711,"er","er-d","d",1,4,"ul-d","ul",4,0,0,1,"pferd","pfuld"
886,"first_blank","first_blank-pfle","pfle",2,21,"first_blank-roll","roll",21,0,0,1,"pflegen","rollgen"
247,"first_blank","first_blank-pf","pf",1,34,"first_blank-ci","ci",34,0,0,1,"pflicht","cilicht"
981,"first_blank","first_blank-phra","phra",2,2,"first_blank-frat","frat",2,0,0,1,"phrase","fratse"
266,"first_blank","first_blank-phy","phy",2,21,"first_blank-dol","dol",21,0,0,1,"physisch","dolsisch"
754,"first_blank","first_blank-pil","pil",2,14,"first_blank-blö","blö",14,0,0,1,"pille","blöle"
675,"lot","lot-last_blank","last_blank",2,14,"wer-last_blank","wer",14,0,0,1,"pilot","piwer"
571,"first_blank","first_blank-pis","pis",3,20,"first_blank-mond","mond",20,0,1,1,"pistole","mondtole"
226,"first_blank","first_blank-pla","pla",2,52,"first_blank-eis","eis",52,0,0,1,"planung","eisnung"
40,"tik","tik-last_blank","last_blank",2,52,"ert-last_blank","ert",52,0,0,1,"plastik","plasert"
999,"first_blank","first_blank-plau","plau",3,15,"first_blank-zwie","zwie",15,0,0,1,"plausibel","zwiesibel"
873,"po","po-ker","ker",2,8,"po-nie","nie",8,0,0,1,"poker","ponie"
966,"tik","tik-last_blank","last_blank",3,52,"mern-last_blank","mern",52,0,1,1,"politik","polimern"
223,"ti","ti-ker","ker",4,32,"ti-gungs","gungs",6,26,2,1,"politiker","politigungs"
74,"li","li-tisch","tisch",3,2,"li-schem","schem",2,0,0,1,"politisch","polischem"
739,"si","si-ti","ti",4,20,"si-schen","schen",19,1,3,1,"position","posischenon"
811,"first_blank","first_blank-prak","prak",2,22,"first_blank-kris","kris",22,0,0,1,"praktisch","kristisch"
42,"dent","dent-last_blank","last_blank",3,18,"fuhr-last_blank","fuhr",18,0,0,1,"präsident","präsifuhr"
865,"first_blank","first_blank-pre","pre",2,39,"first_blank-kol","kol",39,0,0,1,"predigt","koldigt"
311,"ei","ei-s","s",1,7,"op-s","op",7,0,0,1,"preis","props"
896,"pr","pr-ei","ei",1,2,"sh-ei","sh",2,0,0,1,"preis-","sheis"
261,"first_blank","first_blank-prel","prel",2,3,"first_blank-ärms","ärms",3,0,0,1,"prellung","ärmslung"
456,"first_blank","first_blank-pries","pries",2,9,"first_blank-spitz","spitz",9,0,0,2,"priester","spitzter"
848,"mär","mär-last_blank","last_blank",2,1,"noi-last_blank","noi",1,0,0,1,"primär","prinoi"
326,"pr","pr-in","in",1,2,"sw-in","sw",2,0,0,1,"prinz","swinz"
639,"vat","vat-sphä","sphä",4,1,"vat-krieg","krieg",1,0,1,1,"privatsphäre","privatkriegre"
680,"blem","blem-last_blank","last_blank",2,14,"brik-last_blank","brik",14,0,0,1,"problem","probrik"
914,"dukt","dukt-last_blank","last_blank",2,4,"huhn-last_blank","huhn",4,0,0,1,"produkt","prohuhn"
103,"pro","pro-duk","duk",4,27,"pro-gramm","gramm",26,1,2,1,"produktion","programmtion"
72,"du","du-zie","zie",4,7,"du-troux","troux",1,6,2,1,"produzieren","produtrouxren"
751,"sor","sor-last_blank","last_blank",3,18,"dent-last_blank","dent",18,0,1,1,"professor","profesdent"
231,"gramm","gramm-last_blank","last_blank",2,34,"bruch-last_blank","bruch",34,0,0,2,"programm","probruch"
256,"koll","koll-last_blank","last_blank",3,3,"mack-last_blank","mack",3,0,0,1,"protokoll","protomack"
683,"typ","typ-last_blank","last_blank",3,6,"ruft-last_blank","ruft",6,0,1,1,"prototyp","protoruft"
381,"first_blank","first_blank-prü","prü",2,19,"first_blank-rol","rol",19,0,0,1,"prüfung","rolfung"
967,"first_blank","first_blank-psy","psy",4,43,"first_blank-klein","klein",42,1,2,1,"psychologie","kleinchologie"
170,"gisch","gisch-last_blank","last_blank",4,23,"chert-last_blank","chert",23,0,0,1,"psychologisch","psycholochert"
866,"kum","kum-last_blank","last_blank",3,17,"mans-last_blank","mans",17,0,1,1,"publikum","publimans"
936,"first_blank","first_blank-qua","qua",3,40,"first_blank-früh","früh",40,0,1,1,"qualität","frühlität"
679,"first_blank","first_blank-quar","quar",2,14,"first_blank-bier","bier",14,0,0,1,"quartal","biertal"
618,"ke","ke-te","te",3,5,"größ-te","größ",5,0,2,1,"rakete","ragrößte"
491,"rat","rat-te","te",2,7,"ses-te","ses",7,0,0,1,"ratte","seste"
574,"ub","ub-last_blank","last_blank",1,9,"oo-last_blank","oo",9,0,0,1,"raub","raoo"
280,"first_blank","first_blank-rau","rau",2,27,"first_blank-zwi","zwi",27,0,0,1,"rauben","zwiben"
228,"first_blank","first_blank-raub","raub",2,19,"first_blank-leib","leib",19,0,0,1,"raubtier","leibtier"
353,"tor","tor-last_blank","last_blank",3,175,"ches-last_blank","ches",180,5,1,1,"reaktor","reakches"
302,"re","re-al","al",2,6,"re-rei","rei",6,0,1,1,"real","rerei"
200,"tisch","tisch-last_blank","last_blank",3,133,"sches-last_blank","sches",168,35,0,1,"realistisch","realissches"
565,"du","du-zie","zie",4,7,"du-troux","troux",1,6,2,1,"reduzieren","redutrouxren"
623,"gie","gie-rung","rung",3,5,"gie-stoß","stoß",1,4,0,1,"regierung","regiestoß"
412,"re","re-ic","ic",1,8,"re-fe","fe",8,0,0,1,"reich","refeh"
95," aus"," aus-last_blank","last_blank",2,1,"shas-last_blank","shas",1,0,0,1,"reicht aus","reichtshas"
555,"se","se-pass","pass",3,1,"se-hoch","hoch",1,0,0,1,"reisepass","reisehoch"
213,"li","li-gi","gi",4,4,"li-chung","chung",4,0,3,1,"religion","relichungon"
846,"first_blank","first_blank-ren","ren",2,38,"first_blank-sto","sto",38,0,0,1,"rennen","stonen"
729,"tur","tur-last_blank","last_blank",4,72,"richt-last_blank","richt",71,1,2,1,"reparatur","repararicht"
234,"rant","rant-last_blank","last_blank",3,14,"phie-last_blank","phie",14,0,0,1,"restaurant","restauphie"
135,"ret","ret-ter","ter",2,3,"kos-ter","kos",3,0,0,1,"retter","koster"
414,"first_blank","first_blank-rich","rich",2,30,"first_blank-ziel","ziel",30,0,0,1,"richter","zielter"
727,"ro","ro-m","m",1,4,"im-m","im",5,1,0,1,"rom","imm"
89,"man","man-tisch","tisch",3,2,"man-nings","nings",1,1,0,1,"romantisch","romannings"
459,"kehr","kehr-last_blank","last_blank",2,21,"vers-last_blank","vers",21,0,0,1,"rückkehr","rückvers"
858,"rück","rück-sei","sei",3,1,"zahn-sei","zahn",1,0,0,1,"rückseite","zahnseite"
475,"ru","ru-f","f",1,1,"li-f","li",1,0,0,1,"ruf","lif"
469,"he","he-last_blank","last_blank",2,175,"tor-last_blank","tor",175,0,1,1,"ruhe","rutor"
572,"first_blank","first_blank-rüs","rüs",2,8,"first_blank-moo","moo",8,0,0,1,"rüstung","mootung"
970,"ge","ge-last_blank","last_blank",4,1310,"ge-schlechts","schlechts",9,1301,1,6,"sabotage","sabotageschlechts"
172,"sa","sa-ft","ft",1,1,"sa-zi","zi",1,0,0,1,"saft","sazi"
277,"sa","sa-lat","lat",2,13,"sa-tio","tio",13,0,0,1,"salat","satio"
185,"rai","rai-last_blank","last_blank",3,4,"nice-last_blank","nice",4,0,1,1,"samurai","samunice"
696,"nd","nd-last_blank","last_blank",1,46,"ds-last_blank","ds",46,0,0,1,"sand","sads"
771,"sa","sa-nf","nf",1,1,"sa-ft","ft",1,0,0,1,"sanft","saftt"
431,"lit","lit-last_blank","last_blank",3,5,"tras-last_blank","tras",5,0,1,1,"satellit","sateltras"
319,"sa","sa-tz","tz",1,1,"sa-hn","hn",1,0,0,1,"satz","sahn"
5,"er","er-stoff","stoff",3,13,"er-schüt","schüt",13,0,0,1,"sauerstoff","sauerschüt"
449,"first_blank","first_blank-schä","schä",2,27,"first_blank-flie","flie",27,0,0,2,"schädel","fliedel"
742,"first_blank","first_blank-scharf","scharf",3,10,"first_blank-pracht","pracht",10,0,0,3,"scharfschütze","prachtschütze"
2,"first_blank","first_blank-schät","schät",2,5,"first_blank-achil","achil",5,0,0,1,"schätzen","achilzen"
20,"spie","spie-ler","ler",3,31,"händ-ler","händ",29,2,0,1,"schauspieler","schauhändler"
301,"first_blank","first_blank-scher","scher",2,8,"first_blank-sperr","sperr",8,0,0,1,"scherzen","sperrzen"
796,"first_blank","first_blank-schi","schi",2,25,"first_blank-herr","herr",25,0,0,2,"schicken","herrcken"
391,"first_blank","first_blank-schie","schie",2,21,"first_blank-fried","fried",21,0,0,2,"schießen","friedßen"
419,"hi","hi-ff","ff",1,2,"hi-na","na",2,0,0,1,"schiff","schina"
116,"ld","ld-last_blank","last_blank",1,22,"au-last_blank","au",22,0,0,1,"schild","schiau"
991,"first_blank","first_blank-schild","schild",3,10,"first_blank-pracht","pracht",10,0,0,3,"schildkröte","prachtkröte"
369,"ht","ht-last_blank","last_blank",1,88,"di-last_blank","di",88,0,0,1,"schlacht","schlacdi"
975,"feld","feld-last_blank","last_blank",2,42,"lern-last_blank","lern",42,0,0,1,"schlachtfeld","schlachtlern"
248,"af","af-last_blank","last_blank",1,9,"oo-last_blank","oo",9,0,0,1,"schlaf","schloo"
584,"first_blank","first_blank-schlaf","schlaf",3,50,"first_blank-staats","staats",55,5,0,2,"schlafzimmer","staatszimmer"
897,"first_blank","first_blank-schla","schla",2,24,"first_blank-abend","abend",24,0,0,3,"schlagen","abendgen"
939,"first_blank","first_blank-schlan","schlan",2,13,"first_blank-schieß","schieß",12,1,0,1,"schlange","schießge"
875,"au","au-ch","ch",1,6,"ma-ch","ma",6,0,0,1,"schlauch","schlmach"
581,"ht","ht-last_blank","last_blank",1,88,"di-last_blank","di",88,0,0,1,"schlecht","schlecdi"
197,"ßung","ßung-last_blank","last_blank",2,10,"tenz-last_blank","tenz",10,0,0,1,"schließung","schlietenz"
518,"hl","hl-os","os",1,1,"uf-os","uf",1,0,0,1,"schloss","scufoss"
82,"ht","ht-last_blank","last_blank",1,88,"di-last_blank","di",88,0,0,1,"schlucht","schlucdi"
90,"uc","uc-k","k",1,8,"ar-k","ar",8,0,0,1,"schluck","schlark"
286,"first_blank","first_blank-schmer","schmer",2,6,"first_blank-schiff","schiff",6,0,0,1,"schmerzen","schiffzen"
998,"first_blank","first_blank-schmut","schmut",2,8,"first_blank-schwim","schwim",8,0,0,1,"schmutzig","schwimzig"
373,"ee","ee-last_blank","last_blank",1,20,"ul-last_blank","ul",20,0,0,1,"schnee","schnul"
290,"first_blank","first_blank-schnei","schnei",2,17,"first_blank-schuld","schuld",17,0,0,1,"schneiden","schuldden"
446,"hn","hn-el","el",1,2,"hn-ür","ür",2,0,0,1,"schnell","schnürl"
648,"first_blank","first_blank-scho","scho",4,47,"first_blank-klein","klein",42,5,1,1,"schokolade","kleinkolade"
184,"hö","hö-n","n",1,1,"un-n","un",1,0,0,1,"schön","scunn"
740,"schön","schön-heit","heit",2,1,"sehrt-heit","sehrt",1,0,0,1,"schönheit","sehrtheit"
239,"first_blank","first_blank-schrei","schrei",2,20,"first_blank-schlüs","schlüs",20,0,0,1,"schreiben","schlüsben"
532,"first_blank","first_blank-schrift","schrift",3,20,"first_blank-schwarz","schwarz",20,0,0,1,"schriftsteller","schwarzsteller"
779,"hu","hu-h","h",1,2,"ep-h","ep",2,0,0,1,"schuh","sceph"
336,"dig","dig-last_blank","last_blank",2,75,"ney-last_blank","ney",72,3,0,1,"schuldig","schulney"
439,"first_blank","first_blank-schu","schu",2,13,"first_blank-spit","spit",13,0,0,1,"schule","spitle"
753,"hu","hu-tz","tz",1,2,"si-tz","si",2,0,0,1,"schutz","scsitz"
331,"hw","hw-ac","ac",1,1,"co-ac","co",1,0,0,1,"schwach","sccoach"
29,"first_blank","first_blank-schwan","schwan",3,18,"first_blank-zwangs","zwangs",18,0,0,2,"schwangerschaft","zwangsgerschaft"
322,"ar","ar-z","z",1,2,"iz-z","iz",2,0,0,1,"schwarz","schwizz"
655,"first_blank","first_blank-schwei","schwei",2,46,"first_blank-dienst","dienst",45,1,0,4,"schweigen","dienstgen"
564,"hw","hw-ei","ei",1,11,"hw-an","an",9,2,0,1,"schwein","schwann"
634,"hw","hw-er","er",1,3,"hw-im","im",3,0,0,1,"schwer","schwim"
701,"first_blank","first_blank-schwim","schwim",2,8,"first_blank-schmut","schmut",8,0,0,1,"schwimmen","schmutmen"
472,"se","se-e","e",1,1,"bb-e","bb",1,0,0,1,"see","bbe"
622,"see","see-mann","mann",2,1,"vat-mann","vat",1,0,0,1,"seemann","vatmann"
889,"se","se-gel","gel",2,11,"se-kun","kun",14,3,0,1,"segel","sekun"
102,"se","se-hr","hr",1,1,"se-lb","lb",1,0,0,1,"sehr","selb"
650,"se","se-il","il",1,3,"qu-il","qu",3,0,0,1,"seil","quil"
973,"first_blank","first_blank-sel","sel",2,29,"first_blank-bla","bla",29,0,0,1,"selten","blaten"
403,"first_blank","first_blank-selt","selt",2,11,"first_blank-mess","mess",11,0,0,1,"seltsam","messsam"
209,"nat","nat-last_blank","last_blank",2,15,"row-last_blank","row",15,0,0,1,"senat","serow"
333,"na","na-tor","tor",3,7,"na-mens","mens",8,1,1,1,"senator","senamens"
628,"first_blank","first_blank-sen","sen",2,63,"first_blank-kor","kor",62,1,0,1,"sender","korder"
413,"first_blank","first_blank-ses","ses",2,8,"first_blank-plä","plä",8,0,0,1,"sessel","pläsel"
934,"first_blank","first_blank-set","set",2,4,"first_blank-eve","eve",4,0,0,1,"setzen","evezen"
728,"cher","cher-last_blank","last_blank",2,398,"rung-last_blank","rung",345,53,0,2,"sicher","sirung"
547,"cher","cher-heit","heit",3,6,"sund-heit","sund",4,2,0,1,"sicherheit","sisundheit"
117,"eg","eg-last_blank","last_blank",1,8,"rp-last_blank","rp",8,0,0,1,"sieg","sirp"
577,"gnal","gnal-last_blank","last_blank",2,11,"sant-last_blank","sant",11,0,0,1,"signal","sisant"
776,"first_blank","first_blank-sil","sil",2,48,"first_blank-fuß","fuß",48,0,0,1,"silber-","fußber"
540,"first_blank","first_blank-sit","sit",2,25,"first_blank-wol","wol",25,0,0,1,"sitzen","wolzen"
704,"dal","dal-last_blank","last_blank",2,11,"ric-last_blank","ric",11,0,0,1,"skandal","skanric"
390,"so","so-hn","hn",1,2,"so-we","we",2,0,0,1,"sohn","sowe"
952,"lar","lar-last_blank","last_blank",2,26,"fes-last_blank","fes",26,0,0,1,"solar-","sofes"
847,"first_blank","first_blank-son","son",2,101,"first_blank-par","par",101,0,0,1,"sonde","parde"
768,"son","son-ne","ne",2,5,"ber-ne","ber",5,0,0,1,"sonne","berne"
259,"first_blank","first_blank-sonn","sonn",2,14,"first_blank-wand","wand",14,0,0,1,"sonntag","wandtag"
60,"first_blank","first_blank-sor","sor",2,28,"first_blank-dau","dau",28,0,0,1,"sorge","dauge"
71,"so","so-ße","ße",2,7,"so-phi","phi",5,2,1,1,"soße","sophi"
965,"ghet","ghet-ti","ti",3,2,"eins-ti","eins",2,0,0,1,"spaghetti","spaeinsti"
607,"spa","spa-ren","ren",2,4,"cke-ren","cke",4,0,0,1,"sparen","ckeren"
539,"zier","zier-gang","gang",3,4,"zier-lich","lich",1,3,0,1,"spaziergang","spazierlich"
295,"ec","ec-k","k",1,14,"in-k","in",14,0,0,1,"speck","spink"
984,"first_blank","first_blank-spek","spek",4,12,"first_blank-glaub","glaub",12,0,1,1,"spektakulär","glaubtakulär"
654,"spen","spen-de","de",2,6,"dern-de","dern",6,0,0,1,"spende","dernde"
467,"first_blank","first_blank-sper","sper",2,12,"first_blank-stil","stil",12,0,0,1,"sperren","stilren"
492,"list","list-last_blank","last_blank",3,21,"vers-last_blank","vers",21,0,0,1,"spezialist","speziavers"
576,"first_blank","first_blank-spie","spie",2,34,"first_blank-stan","stan",34,0,0,1,"spiegel","stangel"
436,"first_blank","first_blank-sp","sp",1,152,"first_blank-tr","tr",152,0,0,1,"spiel","triel"
51,"first_blank","first_blank-spie","spie",2,34,"first_blank-stan","stan",34,0,0,1,"spieler","stanler"
652,"zeug","zeug-last_blank","last_blank",2,40,"meln-last_blank","meln",40,0,0,1,"spielzeug","spielmeln"
887,"or","or-t","t",1,5,"rm-t","rm",5,0,0,1,"sport","sprmt"
435,"first_blank","first_blank-spre","spre",2,10,"first_blank-pier","pier",10,0,0,1,"sprechen","pierchen"
482,"first_blank","first_blank-sprin","sprin",2,8,"first_blank-sperr","sperr",8,0,0,1,"springen","sperrgen"
917,"first_blank","first_blank-sprit","sprit",2,5,"first_blank-staat","staat",5,0,0,1,"spritze","staatze"
441,"walt","walt-last_blank","last_blank",3,21,"vers-last_blank","vers",21,0,0,1,"staatsanwalt","staatsanvers"
651,"st","st-ad","ad",1,1,"st-of","of",1,0,0,1,"stadt","stoft"
575,"st","st-ah","ah",1,4,"st-in","in",4,0,0,1,"stahl","stinl"
10,"first_blank","first_blank-stän","stän",2,11,"first_blank-sitz","sitz",11,0,0,1,"ständig","sitzdig"
792,"st","st-ar","ar",1,13,"ge-ar","ge",13,0,0,1,"stark","geark"
580,"tue","tue-last_blank","last_blank",2,5,"vio-last_blank","vio",5,0,0,1,"statue","stavio"
500,"au","au-b","b",1,4,"ri-b","ri",4,0,0,1,"staub","strib"
791,"first_blank","first_blank-stau","stau",2,11,"first_blank-show","show",11,0,0,1,"staubig","showbig"
597,"st","st-ei","ei",1,9,"hl-ei","hl",9,0,0,1,"stein","hlein"
735,"first_blank","first_blank-ster","ster",2,41,"first_blank-kran","kran",40,1,0,2,"sterben","kranben"
39,"st","st-er","er",1,7,"st-au","au",7,0,0,1,"stern","staun"
633,"if","if-t","t",1,9,"pp-t","pp",9,0,0,1,"stift","stppt"
250,"st","st-il","il",1,6,"st-or","or",6,0,0,1,"stil","stor"
9,"st","st-il","il",1,6,"st-am","am",6,0,0,1,"still","staml"
523,"op","op-last_blank","last_blank",1,18,"hr-last_blank","hr",18,0,0,1,"stop","sthr"
738,"first_blank","first_blank-stö","stö",2,21,"first_blank-ara","ara",21,0,0,1,"stören","araren"
993,"first_blank","first_blank-strah","strah",2,19,"first_blank-kraft","kraft",19,0,0,2,"strahlung","kraftlung"
502,"first_blank","first_blank-stra","stra",2,65,"first_blank-fahr","fahr",63,2,0,2,"straße","fahrße"
505,"stra","stra-te","te",3,13,"tigs-te","tigs",13,0,0,1,"strategie","tigstegie"
842,"first_blank","first_blank-struk","struk",2,8,"first_blank-trick","trick",8,0,0,1,"struktur","tricktur"
892,"st","st-üc","üc",1,2,"st-et","et",2,0,0,1,"stück","stetk"
357,"ur","ur-m","m",1,1,"za-m","za",1,0,0,1,"sturm","stzam"
111,"bol","bol-last_blank","last_blank",2,3,"hit-last_blank","hit",3,0,0,1,"symbol","symhit"
287,"drom","drom-last_blank","last_blank",2,5,"farm-last_blank","farm",5,0,0,1,"syndrom","synfarm"
612,"first_blank","first_blank-sys","sys",2,13,"first_blank-apo","apo",13,0,0,1,"system","apotem"
649,"lent","lent-last_blank","last_blank",2,10,"chet-last_blank","chet",10,0,0,1,"talent","tachet"
383,"first_blank","first_blank-tan","tan",2,46,"first_blank-gut","gut",46,0,0,1,"tanzen","gutzen"
186,"first_blank","first_blank-tap","tap",2,13,"first_blank-cro","cro",13,0,0,1,"tapfer","crofer"
395,"ta","ta-sche","sche",2,26,"ta-stro","stro",12,14,0,1,"tasche","tastro"
49,"tuch","tuch-last_blank","last_blank",3,12,"fehl-last_blank","fehl",12,0,0,1,"taschentuch","taschenfehl"
477,"ub","ub-last_blank","last_blank",1,9,"zz-last_blank","zz",9,0,0,1,"taub","tazz"
659,"nik","nik-last_blank","last_blank",2,34,"kam-last_blank","kam",34,0,0,1,"technik","techkam"
961,"ager","ager-last_blank","last_blank",2,2,"fees-last_blank","fees",2,0,0,1,"teenager","teenfees"
36,"fon","fon-last_blank","last_blank",3,14,"iert-last_blank","iert",14,0,1,1,"telefon","teleiert"
772,"first_blank","first_blank-tel","tel",2,12,"first_blank-mög","mög",12,0,0,1,"teller","mögler"
551,"first_blank","first_blank-tem","tem",4,33,"first_blank-brand","brand",34,1,2,1,"temperatur","brandperatur"
404,"first_blank","first_blank-ten","ten",2,33,"first_blank-bür","bür",33,0,0,1,"tennis","bürnis"
635,"pich","pich-last_blank","last_blank",2,4,"phan-last_blank","phan",4,0,0,1,"teppich","tepphan"
13,"first_blank","first_blank-teu","teu",2,30,"first_blank-gro","gro",30,0,0,1,"teufel","grofel"
615,"first_blank","first_blank-thea","thea",2,13,"first_blank-ever","ever",13,0,0,1,"theater","everter"
354,"first_blank","first_blank-theo","theo",2,20,"first_blank-atem","atem",20,0,0,1,"theorie","atemrie"
75,"th","th-ro","ro",1,6,"pa-ro","pa",6,0,0,1,"thron","paron"
27,"ti","ti-er","er",1,2,"ti-ca","ca",2,0,0,1,"tier","tica"
987,"ti","ti-mer","mer",2,7,"ti-kum","kum",6,1,0,1,"timer","tikum"
178,"tel","tel-last_blank","last_blank",2,178,"bar-last_blank","bar",176,2,0,1,"titel","tibar"
876,"first_blank","first_blank-töd","töd",2,8,"first_blank-meh","meh",8,0,0,1,"tödlich","mehlich"
619,"first_blank","first_blank-tol","tol",2,12,"first_blank-frü","frü",12,0,0,1,"tolle","früle"
750,"ma","ma-te","te",3,32,"rich-te","rich",29,3,2,1,"tomate","torichte"
225,"to","to-r","r",1,4,"ke-r","ke",6,2,0,1,"tor","ker"
942,"tor","tor-na","na",3,2,"papp-na","papp",2,0,1,1,"tornado","pappnado"
589,"to","to-t","t",1,1,"om-t","om",1,0,0,1,"tot","omt"
222,"tö","tö-ten","ten",2,6,"tö-nig","nig",1,5,0,1,"töten","tönig"
175,"nell","nell-last_blank","last_blank",4,24,"fisch-last_blank","fisch",23,1,1,1,"traditionell","traditiofisch"
258,"tra","tra-gisch","gisch",2,1,"ago-gisch","ago",1,0,0,1,"tragisch","agogisch"
176,"first_blank","first_blank-trans","trans",2,72,"first_blank-spiel","spiel",71,1,0,3,"transfer","spielfer"
486,"au","au-m","m",1,3,"ee-m","ee",3,0,0,1,"traum","treem"
265,"first_blank","first_blank-tref","tref",2,9,"first_blank-bräu","bräu",9,0,0,1,"treffen","bräufen"
669,"first_blank","first_blank-trei","trei",2,6,"first_blank-steh","steh",6,0,0,1,"treiber","stehber"
613,"eu","eu-last_blank","last_blank",1,8,"xy-last_blank","xy",8,0,0,1,"treu","trxy"
685,"first_blank","first_blank-tru","tru",2,16,"first_blank-lun","lun",16,0,0,1,"truhe","lunhe"
641,"first_blank","first_blank-trut","trut",2,5,"first_blank-cros","cros",5,0,0,1,"truthahn","croshahn"
131,"üs","üs-s","s",1,2,"tu-s","tu",2,0,0,1,"tschüss","tschtus"
163,"first_blank","first_blank-tu","tu",1,106,"first_blank-es","es",106,0,0,1,"tun","esn"
514,"first_blank","first_blank-tun","tun",2,18,"first_blank-erb","erb",18,0,0,1,"tunnel","erbnel"
396,"first_blank","first_blank-tü","tü",1,17,"first_blank-av","av",17,0,0,1,"tür","avr"
204,"first_blank","first_blank-üb","üb",1,38,"first_blank-lä","lä",38,0,0,1,"über","läer"
460,"über","über-le","le",3,25,"trol-le","trol",22,3,0,1,"überleben","trolleben"
63,"über","über-le","le",3,25,"trol-le","trol",22,3,0,1,"überlegen","trollegen"
929,"über","über-trei","trei",3,4,"über-zeug","zeug",4,0,0,1,"übertreiben","überzeugben"
202,"üb","üb-lich","lich",2,2,"üb-rigt","rigt",1,1,0,1,"üblich","übrigt"
155,"first_blank","first_blank-uh","uh",1,8,"first_blank-mm","mm",8,0,0,1,"uhr","mmr"
996,"ma","ma-tiv","tiv",4,1,"ma-hawks","hawks",1,0,2,1,"ultimativ","ultimahawks"
254,"um","um- he"," he",3,1,"um-funk","funk",1,0,1,1,"um herum","umfunkrum"
465,"ar","ar-mung","mung",3,1,"ar-gyle","gyle",1,0,0,1,"umarmung","umargyle"
853,"fang","fang-last_blank","last_blank",2,12,"fort-last_blank","fort",12,0,0,1,"umfang","umfort"
309,"nehm","nehm-last_blank","last_blank",4,5,"point-last_blank","point",5,0,1,1,"unangenehm","unangepoint"
14,"kannt","kannt-last_blank","last_blank",3,13,"sieht-last_blank","sieht",13,0,0,1,"unbekannt","unbesieht"
765,"war","war-tet","tet",4,6,"leuch-tet","leuch",7,1,2,1,"unerwartet","unerleuchtet"
969,"hig","hig-last_blank","last_blank",3,28,"selt-last_blank","selt",28,0,1,1,"unfähig","unfäselt"
145,"fair","fair-last_blank","last_blank",2,3,"cats-last_blank","cats",3,0,0,1,"unfair","uncats"
519,"fall","fall-last_blank","last_blank",2,77,"zung-last_blank","zung",79,2,0,2,"unfall","unzung"
954,"glück","glück-last_blank","last_blank",2,7,"rückt-last_blank","rückt",7,0,0,1,"unglück","unrückt"
906,"un","un-heim","heim",3,5,"un-fass","fass",5,0,0,1,"unheimlich","unfasslich"
697,"first_blank","first_blank-uni","uni",2,25,"first_blank-sit","sit",25,0,0,1,"uniform","sitform"
356,"first_blank","first_blank-uni","uni",4,25,"first_blank-schüt","schüt",25,0,2,1,"universität","schütversität"
144,"ter","ter-neh","neh",4,26,"ter-grund","grund",11,15,2,1,"unternehmen","untergrundmen"
977,"ter","ter-neh","neh",4,26,"ter-grund","grund",11,15,2,1,"unternehmer","untergrundmer"
411,"ter","ter-rich","rich",4,6,"ter-gehst","gehst",4,2,1,1,"unterrichten","untergehstten"
269,"schied","schied-lich","lich",4,1,"sprüng-lich","sprüng",1,0,0,1,"unterschiedlich","untersprünglich"
941,"ter","ter-schrift","schrift",3,2,"ter-erzählt","erzählt",1,1,0,3,"unterschrift","untererzählt"
798,"ter","ter-sei","sei",4,2,"ter-kunft","kunft",2,0,2,1,"unterseite","unterkunftte"
100,"chen","chen-last_blank","last_blank",4,1261,"tisch-last_blank","tisch",133,1128,1,1,"untersuchen","untersutisch"
983,"wort","wort-lich","lich",5,5,"mensch-lich","mensch",5,0,2,1,"unverantwortlich","unverantmenschlich"
542,"ur","ur-in","in",1,1,"ur-ah","ah",1,0,0,1,"urin","urah"
535,"pir","pir-last_blank","last_blank",2,4,"ett-last_blank","ett",4,0,0,1,"vampir","vamett"
300,"va","va-n","n",1,4,"or-n","or",4,0,0,1,"van","orn"
968,"nil","nil-le","le",3,4,"hand-le","hand",4,0,1,1,"vanille","vahandle"
327,"va","va-ter","ter",2,35,"va-ria","ria",6,29,0,1,"vater","varia"
308,"va","va-ti","ti",2,18,"fer-ti","fer",18,0,1,1,"vati","ferti"
166,"nus","nus-last_blank","last_blank",2,27,"dor-last_blank","dor",27,0,0,1,"venus","vedor"
212,"an","an-stal","stal",4,16,"an-griff","griff",13,3,1,1,"veranstaltung","verangrifftung"
43,"se","se-rung","rung",4,4,"se-gelst","gelst",1,3,1,1,"verbesserung","verbessegelst"
921,"ver","ver-bie","bie",3,5,"ver-stau","stau",5,0,1,1,"verbieten","verstauten"
510,"bin","bin-dung","dung",3,12,"bin-gley","gley",1,11,0,1,"verbindung","verbingley"
270,"bre","bre-chen","chen",3,35,"bre-scia","scia",1,34,0,1,"verbrechen","verbrescia"
734,"ver","ver-drei","drei",4,3,"ver-kauft","kauft",3,0,1,1,"verdreifachen","verkauftfachen"
421,"ver","ver-fah","fah",3,14,"ver-letz","letz",15,1,1,1,"verfahren","verletzren"
543,"sung","sung-last_blank","last_blank",3,65,"dest-last_blank","dest",65,0,0,1,"verfassung","verfasdest"
506,"gen","gen-heit","heit",4,17,"gen-schaf","schaf",4,13,1,1,"vergangenheit","vergangenschaf"
271,"ver","ver-hei","hei",4,16,"ver-suchs","suchs",10,6,2,1,"verheiratet","versuchsratet"
857,"zie","zie-ren","ren",5,59,"schnur-ren","schnur",1,58,3,1,"verifizieren","verifischnurren"
666,"kauf","kauf-last_blank","last_blank",2,11,"rand-last_blank","rand",11,0,0,1,"verkauf","verrand"
368,"ver","ver-kau","kau",3,3,"ver-söhn","söhn",3,0,1,1,"verkaufen","versöhnfen"
560,"zung","zung-last_blank","last_blank",3,79,"fall-last_blank","fall",77,2,0,1,"verletzung","verletfall"
400,"lust","lust-last_blank","last_blank",2,16,"lock-last_blank","lock",16,0,0,1,"verlust","verlock"
982,"mie","mie-ter","ter",3,4,"kann-ter","kann",4,0,1,1,"vermieter","verkannter"
814,"gen","gen-last_blank","last_blank",3,2424,"sche-last_blank","sche",572,1852,1,1,"vermögen","vermösche"
86,"mu","mu-ten","ten",3,4,"mu-ckis","ckis",1,3,1,1,"vermuten","vermuckis"
401,"ver","ver-rä","rä",3,11,"zahn-rä","zahn",1,10,1,1,"verräter","zahnräter"
208,"rückt","rückt-last_blank","last_blank",2,7,"zucht-last_blank","zucht",7,0,0,1,"verrückt","verzucht"
374,"ver","ver-sa","sa",3,16,"lang-sa","lang",8,8,1,1,"versagen","langsagen"
689,"meln","meln-last_blank","last_blank",3,40,"digt-last_blank","digt",41,1,0,1,"versammeln","versamdigt"
79,"ver","ver-schwin","schwin",3,5,"ver-dienst","dienst",4,1,0,3,"verschwinden","verdienstden"
609,"ver","ver-spre","spre",3,16,"ver-nich","nich",16,0,0,1,"versprechen","vernichchen"
69,"ste","ste-cken","cken",3,27,"ste-hung","hung",3,24,0,1,"verstecken","verstehung"
631,"ver","ver-ste","ste",3,6,"ver-heim","heim",6,0,1,1,"verstehen","verheimhen"
304,"such","such-last_blank","last_blank",2,26,"sitz-last_blank","sitz",26,0,0,1,"versuch","versitz"
440,"tei","tei-di","di",4,33,"schul-di","schul",21,12,2,1,"verteidigen","verschuldigen"
246,"trau","trau-en","en",3,10,"chen-en","chen",4,6,0,1,"vertrauen","verchenen"
452,"ver","ver-wechs","wechs",3,3,"ver-frach","frach",3,0,0,1,"verwechslung","verfrachlung"
16,"ver","ver-wen","wen",3,8,"ver-rück","rück",8,0,1,1,"verwenden","verrückden"
243,"first_blank","first_blank-vet","vet",2,6,"first_blank-rip","rip",6,0,0,1,"vetter","ripter"
726,"deo","deo-last_blank","last_blank",2,10,"try-last_blank","try",10,0,0,1,"video","vitry"
306,"vi","vi-er","er",1,2,"go-er","go",2,0,0,1,"vier","goer"
294,"first_blank","first_blank-vier","vier",2,40,"first_blank-kran","kran",40,0,0,2,"vierte","krante"
249,"vi","vi-si","si",3,20,"klas-si","klas",20,0,2,1,"vision","klassion"
789,"amin","amin-last_blank","last_blank",2,6,"time-last_blank","time",6,0,0,1,"vitamin","vittime"
365,"gel","gel-last_blank","last_blank",2,147,"tin-last_blank","tin",152,5,0,1,"vogel","votin"
732,"first_blank","first_blank-vo","vo",1,66,"first_blank-pr","pr",66,0,0,1,"voll","prll"
640,"first_blank","first_blank-voll","voll",3,102,"first_blank-haus","haus",100,2,0,1,"vollständig","hausständig"
148,"rzem","rzem-last_blank","last_blank",3,1,"brat-last_blank","brat",1,0,0,1,"vor kurzem","vor kubrat"
724,"sung","sung-last_blank","last_blank",3,65,"dest-last_blank","dest",65,0,0,1,"vorlesung","vorledest"
216,"first_blank","first_blank-waf","waf",2,49,"first_blank-dia","dia",49,0,0,1,"waffe","diafe"
989,"fen","fen-kam","kam",4,1,"fen-reich","reich",1,0,2,1,"waffenkammer","waffenreichmer"
349,"wa","wa-gen","gen",2,70,"wa-cke","cke",5,65,0,1,"wagen","wacke"
870,"wa","wa-hl","hl",1,2,"wa-tc","tc",2,0,0,1,"wahl","watc"
874,"first_blank","first_blank-wäh","wäh",2,18,"first_blank-jen","jen",18,0,0,1,"wähler","jenler"
168,"first_blank","first_blank-wahr","wahr",3,38,"first_blank-kurz","kurz",38,0,0,1,"wahrscheinlich","kurzscheinlich"
586,"schein","schein-lich","lich",4,8,"freund-lich","freund",6,2,0,1,"wahrscheinlichkeit","wahrfreundlichkeit"
694,"ld","ld-last_blank","last_blank",1,22,"mm-last_blank","mm",22,0,0,1,"wald","wamm"
928,"first_blank","first_blank-wand","wand",2,14,"first_blank-weis","weis",14,0,0,1,"wandschrank","weisschrank"
786,"wan","wan-ge","ge",2,1,"yev-ge","yev",1,0,0,1,"wange","yevge"
947,"first_blank","first_blank-war","war",2,80,"first_blank-dis","dis",79,1,0,1,"wartung","distung"
841,"bär","bär-last_blank","last_blank",2,10,"wan-last_blank","wan",10,0,0,1,"waschbär","waschwan"
297,"wasch","wasch-be","be",3,1,"fangs-be","fangs",1,0,0,1,"waschbecken","fangsbecken"
47,"wa","wa-schen","schen",2,16,"wa-chung","chung",7,9,0,1,"waschen","wachung"
891,"ser","ser-stoff","stoff",3,5,"ser-viert","viert",5,0,0,2,"wasserstoff","wasserviert"
795,"first_blank","first_blank-wat","wat",2,12,"first_blank-kün","kün",12,0,0,1,"watson","künson"
692,"we","we-g","g",1,3,"ag-g","ag",3,0,0,1,"weg","agg"
348,"first_blank","first_blank-weib","weib",2,8,"first_blank-kleb","kleb",8,0,0,1,"weiblich","kleblich"
240,"we","we-il","il",1,5,"we-ni","ni",5,0,0,1,"weil","weni"
180,"we","we-it","it",1,1,"we-de","de",1,0,0,1,"weit","wede"
146,"we","we-lt","lt",1,1,"we-go","go",1,0,0,1,"welt","wego"
868,"first_blank","first_blank-wert","wert",2,26,"first_blank-feld","feld",26,0,0,1,"wertlos","feldlos"
673,"first_blank","first_blank-wes","wes",2,22,"first_blank-bin","bin",22,0,0,1,"western","bintern"
488,"first_blank","first_blank-wich","wich",2,23,"first_blank-blau","blau",23,0,0,2,"wichtig","blautig"
371,"der","der-lich","lich",3,13,"der-mann","mann",4,9,0,1,"widerlich","widermann"
825,"der","der-ste","ste",4,4,"der-träch","träch",5,1,2,1,"widerstehen","widerträchhen"
358,"first_blank","first_blank-win","win",2,74,"first_blank-feu","feu",74,0,0,1,"winter","feuter"
310,"first_blank","first_blank-wirk","wirk",2,17,"first_blank-krie","krie",17,0,0,1,"wirksam","kriesam"
484,"first_blank","first_blank-wir","wir",2,41,"first_blank-fol","fol",41,0,0,1,"wirkung","folkung"
190,"first_blank","first_blank-wis","wis",2,30,"first_blank-mel","mel",30,0,0,1,"wissen","melsen"
378,"sen","sen-schaft","schaft",3,17,"sen-tierst","tierst",2,15,0,2,"wissenschaft","wissentierst"
118,"schaft","schaft-ler","ler",4,2,"sprink-ler","sprink",2,0,0,1,"wissenschaftler","wissensprinkler"
464,"wo","wo-che","che",2,2,"wo-ben","ben",2,0,0,1,"woche","woben"
657,"chent","chent-lich","lich",3,1,"stünd-lich","stünd",1,0,0,1,"wöchentlich","wöstündlich"
316,"first_blank","first_blank-wod","wod",2,1,"first_blank-dys","dys",1,0,0,1,"wodka","dyska"
582,"first_blank","first_blank-woh","woh",2,12,"first_blank-län","län",12,0,0,1,"wohnung","lännung"
372,"lf","lf-last_blank","last_blank",1,15,"bu-last_blank","bu",15,0,0,1,"wolf","wobu"
83,"wu","wu-ns","ns",1,2,"ro-ns","ro",2,0,0,1,"wunsch","ronsch"
558,"first_blank","first_blank-wür","wür",2,40,"first_blank-cal","cal",40,0,0,1,"würde","calde"
862,"first_blank","first_blank-wür","wür",2,40,"first_blank-qua","qua",40,0,0,1,"würdig","quadig"
241,"first_blank","first_blank-wuss","wuss",2,4,"first_blank-lies","lies",4,0,0,1,"wusste","lieste"
690,"wu","wu-t","t",1,1,"ol-t","ol",1,0,0,1,"wut","olt"
554,"tend","tend-last_blank","last_blank",2,31,"bank-last_blank","bank",31,0,0,1,"wütend","wübank"
656,"za","za-hn","hn",1,2,"ug-hn","ug",2,0,0,1,"zahn","ughn"
468,"un","un-last_blank","last_blank",1,16,"mp-last_blank","mp",16,0,0,1,"zaun","zamp"
206,"first_blank","first_blank-zeich","zeich",2,10,"first_blank-psych","psych",10,0,0,1,"zeichnen","psychnen"
713,"zeit","zeit-plan","plan",2,1,"ness-plan","ness",1,0,0,1,"zeitplan","nessplan"
702,"zeit","zeit-raum","raum",2,2,"ness-raum","ness",1,1,0,1,"zeitraum","nessraum"
219,"schrift","schrift-last_blank","last_blank",2,23,"fleisch-last_blank","fleisch",18,5,0,5,"zeitschrift","zeitfleisch"
487,"first_blank","first_blank-zei","zei",2,35,"first_blank-gas","gas",35,0,0,1,"zeitung","gastung"
171,"ter","ter-last_blank","last_blank",4,1384,"ter-nachtssnack","nachtssnack",1,1383,1,3,"zentimeter","zentimeternachtssnack"
763,"ral","ral-last_blank","last_blank",2,27,"ort-last_blank","ort",27,0,0,1,"zerebral","zerebort"
433,"mo","mo-nie","nie",4,8,"mo-derns","derns",3,5,2,1,"zeremonie","zeremoderns"
73,"stö","stö-rung","rung",3,13,"stö-bern","bern",4,9,0,1,"zerstörung","zerstöbern"
473,"first_blank","first_blank-zeug","zeug",2,5,"first_blank-metz","metz",5,0,0,1,"zeugnis","metznis"
861,"first_blank","first_blank-zie","zie",2,22,"first_blank-säu","säu",22,0,0,1,"ziehen","säuhen"
94,"first_blank","first_blank-zi","zi",1,106,"first_blank-tu","tu",106,0,0,1,"ziel","tuel"
296,"ret","ret-te","te",4,15,"schäf-te","schäf",9,6,2,1,"zigarette","zigaschäfte"
275,"gar","gar-re","re",3,1,"deid-re","deid",1,0,1,1,"zigarre","zideidre"
780,"first_blank","first_blank-zir","zir",2,16,"first_blank-läu","läu",16,0,0,1,"zirkus","läukus"
402,"vi","vi-li","li",6,10,"schreck-li","schreck",6,4,5,1,"zivilisation","zischrecklisation"
630,"first_blank","first_blank-zo","zo",2,56,"first_blank-kri","kri",56,0,1,1,"zone","krine"
110,"letzt","letzt-last_blank","last_blank",2,3,"beamt-last_blank","beamt",3,0,0,1,"zuletzt","zubeamt"
762,"men","men-bruch","bruch",4,2,"men-sträu","sträu",1,1,0,1,"zusammenbruch","zusammensträu"
948,"zu","zu-sätz","sätz",3,5,"zu-tref","tref",5,0,0,1,"zusätzlich","zutreflich"
106,"stand","stand-last_blank","last_blank",2,88,"tiert-last_blank","tiert",87,1,0,3,"zustand","zutiert"
478,"zu","zu-stim","stim",3,6,"zu-rech","rech",6,0,0,1,"zustimmung","zurechmung"
840,"first_blank","first_blank-zwie","zwie",2,15,"first_blank-shin","shin",15,0,0,1,"zwiebel","shinbel"
832,"nisch","nisch-last_blank","last_blank",2,54,"punkt-last_blank","punkt",55,1,0,3,"zynisch","zypunkt"
