"word_id","first","original_pair","second","syll","original_freq","replacement_pair","replacement_syll","replacement_freq","freq_diff","char_diff","letter_diff","original_word","replacement_word"
578,"duct","duct-last_blank","last_blank",2,1,"tept-last_blank","tept",1,0,0,1,"abduct","abtept"
173,"ven","ven-tas","tas",4,2,"draus-tas","draus",2,0,2,1,"absolventas","absoldraustas"
320,"diš","diš-kas","kas",4,6,"strai-kas","strai",1,5,2,1,"absurdiškas","absurstraikas"
931,"first_blank","first_blank-ad","ad",9,69,"tre-ad","tre",3,66,8,1,"administracinis vadovas","treadministracinis vadovas"
261,"nas","nas-last_blank","last_blank",5,1020,"kreipk-last_blank","kreipk",5,1015,3,1,"adrenalinas","adrenalikreipk"
787,"re","re-sas","sas",3,8,"re-aguo","aguo",2,6,1,1,"adresas","adreaguo"
215,"first_blank","first_blank-agen","agen",3,24,"first_blank-bank","bank",24,0,0,1,"agentūra","banktūra"
205,"first_blank","first_blank-aist","aist",2,9,"first_blank-baus","baus",9,0,0,1,"aistra","bausra"
92,"cen","cen-tas","tas",3,5,"pras-tas","pras",5,0,1,1,"akcentas","akprastas"
9,"vaiz","vaiz-du","du",3,3,"spau-du","spau",2,1,0,1,"akivaizdu","akispaudu"
726,"ak","ak-muo","muo",2,1,"ak-tor","tor",1,0,0,1,"akmuo","aktor"
239,"ak","ak-tas","tas",2,1,"ak-men","men",1,0,0,1,"aktas","akmen"
86,"to","to-rius","rius",3,65,"to-vaiz","vaiz",2,63,0,1,"aktorius","aktovaiz"
902,"te","te-last_blank","last_blank",5,2118,"te-neriūkš","neriūkš",1,2117,3,5,"aktyvuokite","aktyvuokiteneriūkš"
335,"first_blank","first_blank-alė","alė",2,4,"first_blank-žiu","žiu",4,0,0,1,"alėja","žiuja"
122,"al","al-fa","fa",2,1,"al-per","per",1,0,1,1,"alfa","alper"
494,"first_blank","first_blank-ali","ali",2,28,"first_blank-gud","gud",28,0,0,1,"alibi","gudbi"
918,"al","al-ie","ie",1,1,"al-us","us",1,0,0,1,"alien","alusn"
620,"ka","ka-nas","nas",3,12,"ka-bink","bink",11,1,1,1,"alkanas","alkabink"
238,"al","al-us","us",1,1,"al-au","au",1,0,0,1,"alus","alau"
25,"aly","aly-va","va",2,1,"mai-va","mai",1,0,0,1,"alyva","maiva"
6,"first_blank","first_blank-ame","ame",3,43,"first_blank-dirb","dirb",43,0,1,1,"amerika","dirbrika"
19,"ži","ži-nai","nai",3,17,"ži-miuo","miuo",1,16,1,1,"amžinai","amžimiuo"
85,"first_blank","first_blank-ana","ana",3,38,"first_blank-svei","svei",37,1,1,1,"analizė","sveilizė"
112,"an","an-t","t",1,5,"uk-t","uk",5,0,0,1,"ant","ukt"
988,"an","an-tis","tis",2,1,"an-cho","cho",1,0,0,1,"antis","ancho"
643,"ra","ra-die","die",4,7,"ra-mount","mount",1,6,2,1,"antradienį","antramountnį"
264,"first_blank","first_blank-apa","apa",3,35,"first_blank-komp","komp",35,0,1,1,"apačioje","kompčioje"
501,"first_blank","first_blank-apar","apar",4,4,"first_blank-verkš","verkš",4,0,1,1,"apartamentai","verkštamentai"
517,"lė","lė-ti","ti",5,53,"griaus-ti","griaus",5,48,4,1,"apgailėtina","apgaigriaustina"
392,"first_blank","first_blank-api","api",4,55,"first_blank-links","links",52,3,2,1,"apibrėžimas","linksbrėžimas"
686,"first_blank","first_blank-api","api",5,55,"first_blank-sluoks","sluoks",11,44,3,1,"apibūdinimas","sluoksbūdinimas"
565,"first_blank","first_blank-apie","apie",2,1,"first_blank-skle","skle",1,0,0,1,"apie tai","skle tai"
934,"first_blank","first_blank-api","api",4,55,"first_blank-links","links",52,3,2,1,"apiplėšimas","linksplėšimas"
125,"bin","bin-ti","ti",4,31,"trauk-ti","trauk",17,14,2,1,"apkabinti","apkatraukti"
305,"ap","ap-leis","leis",3,9,"ap-skri","skri",9,0,0,1,"apleisti","apskriti"
711,"link","link-last_blank","last_blank",2,12,"telk-last_blank","telk",12,0,0,1,"aplink","aptelk"
786,"čiuo","čiuo-ti","ti",4,14,"kreip-ti","kreip",7,7,1,1,"apskaičiuoti","apskaikreipti"
286,"tek","tek-tas","tas",4,1,"pluoš-tas","pluoš",1,0,2,1,"architektas","archipluoštas"
540,"areš","areš-tas","tas",2,1,"kers-tas","kers",1,0,0,1,"areštas","kerstas"
50,"first_blank","first_blank-ark","ark",2,30,"first_blank-han","han",30,0,0,1,"arklys","hanlys"
425,"ar","ar-mi","mi",3,11,"džia-mi","džia",9,2,2,1,"armija","džiamija"
533,"first_blank","first_blank-aro","aro",4,13,"first_blank-steng","steng",12,1,2,1,"arogancija","stenggancija"
950,"ar","ar-te","te",4,9,"plokš-te","plokš",5,4,3,1,"arterija","plokšterija"
357,"til","til-le","le",4,1,"spark-le","spark",1,0,2,1,"artillery","arsparklery"
758,"sten","sten-tas","tas",3,1,"geis-tas","geis",1,0,0,1,"asistentas","asigeistas"
138,"bė","bė-last_blank","last_blank",4,117,"džiau-last_blank","džiau",106,11,3,1,"asmenybė","asmenydžiau"
741,"sin","sin-last_blank","last_blank",3,2,"puot-last_blank","puot",2,0,1,1,"assassin","assaspuot"
857,"at","at-e","e",1,9,"po-e","po",8,1,0,1,"ate","poe"
78,"ei","ei-ti","ti",3,21,"spor-ti","spor",20,1,2,1,"ateiti","atsporti"
707,"lan","lan-to","to",7,2,"greipfru-to","greipfru",1,1,5,1,"atlanto vandenynas","atgreipfruto vandenynas"
71,"di","di-mas","mas",4,42,"di-džiuo","džiuo",25,17,2,1,"atleidimas","atleididžiuo"
632,"mas","mas-last_blank","last_blank",5,1522,"kreipk-last_blank","kreipk",5,1517,3,1,"atlyginimas","atlyginikreipk"
669,"ly","ly-gis","gis",3,2,"ly-vaut","vaut",2,0,1,1,"atlygis","atlyvaut"
36,"at","at-mos","mos",4,5,"at-skren","skren",4,1,2,1,"atmosfera","atskrenfera"
863,"jin","jin-ki","ki",5,1,"pastum-ki","pastum",1,0,3,1,"atnaujinkite","atnaupastumkite"
67,"mas","mas-last_blank","last_blank",4,1522,"džiui-last_blank","džiui",25,1497,2,1,"atsakymas","atsakydžiui"
73,"si","si-spir","spir",4,1,"si-lenkt","lenkt",1,0,1,1,"atsispirti","atsilenktti"
69,"si","si-tik","tik",4,56,"si-kraus","kraus",35,21,2,1,"atsitikti","atsikrausti"
556,"di","di-nys","nys",3,10,"di-džia","džia",12,2,1,1,"audinys","audidžia"
482,"di","di-to","to",5,12,"di-džiais","džiais",1,11,4,1,"auditorija","audidžiaisrija"
946,"aud","aud-ra","ra",2,1,"mje-ra","mje",1,0,0,1,"audra","mjera"
990,"aukš","aukš-tas","tas",2,2,"kimš-tas","kimš",2,0,0,1,"aukštas","kimštas"
864,"aukš","aukš-tis","tis",2,1,"maiš-tis","maiš",1,0,0,1,"aukštis","maištis"
176,"tyn","tyn-last_blank","last_blank",2,4,"cos-last_blank","cos",4,0,0,1,"aukštyn","aukšcos"
899,"bu","bu-sas","sas",4,3,"bu-čiuot","čiuot",3,0,2,1,"autobusas","autobučiuot"
898,"lis","lis-last_blank","last_blank",5,468,"traukt-last_blank","traukt",9,459,3,1,"automobilis","automobitraukt"
795,"con","con-last_blank","last_blank",2,1,"ked-last_blank","ked",1,0,0,1,"bacon","baked"
54,"first_blank","first_blank-baig","baig",2,25,"first_blank-liau","liau",25,0,0,1,"baigtas","liautas"
224,"baig","baig-ti","ti",2,7,"liau-ti","liau",7,0,0,1,"baigti","liauti"
774,"first_blank","first_blank-bai","bai",2,128,"first_blank-juo","juo",129,1,0,1,"baimė","juomė"
90,"bai","bai-sus","sus",2,2,"bai-min","min",2,0,0,1,"baisus","baimin"
812,"it","it-last_blank","last_blank",1,13,"žę-last_blank","žę",13,0,0,1,"bait","bažę"
155,"bal","bal-sas","sas",2,1,"vit-sas","vit",1,0,0,1,"balsas","vitsas"
564,"nd","nd-last_blank","last_blank",1,12,"pt-last_blank","pt",12,0,0,1,"band","bapt"
96,"dy","dy-mas","mas",3,25,"dy-džių","džių",1,24,1,1,"bandymas","bandydžių"
380,"ba","ba-r","r",1,2,"ei-r","ei",2,0,0,1,"bar","eir"
650,"first_blank","first_blank-barz","barz",2,9,"first_blank-megz","megz",9,0,0,1,"barzda","megzda"
695,"ta","ta-lio","lio",4,5,"ta-spran","spran",2,3,2,1,"batalionas","batasprannas"
847,"bat","bat-man","man",2,1,"ter-man","ter",1,0,0,1,"batman","terman"
45,"first_blank","first_blank-batt","batt",3,1,"first_blank-sulo","sulo",1,0,0,1,"battlefield","sulolefield"
272,"ba","ba-tų","tų",2,2,"ba-mas","mas",2,0,1,1,"batų","bamas"
933,"first_blank","first_blank-bau","bau",7,33,"first_blank-neklysta","neklysta",1,32,5,1,"baudžiamajame nare","neklystadžiamajame nare"
587,"first_blank","first_blank-bau","bau",3,33,"first_blank-krei","krei",33,0,1,1,"baugina","kreigina"
810,"be","be-d","d",1,2,"ul-d","ul",2,0,0,1,"bed","uld"
819,"first_blank","first_blank-beis","beis",3,5,"first_blank-plaz","plaz",5,0,0,1,"beisbolas","plazbolas"
106,"jė","jė-giai","giai",3,1,"jė-zaus","zaus",1,0,0,1,"bejėgiai","bejėzaus"
973,"first_blank","first_blank-bend","bend",4,116,"first_blank-vaikš","vaikš",43,73,1,1,"bendruomenė","vaikšruomenė"
475,"first_blank","first_blank-ber","ber",3,88,"first_blank-kvai","kvai",84,4,1,1,"berniukas","kvainiukas"
518,"ver","ver-tis","tis",3,3,"iman-tis","iman",4,1,1,1,"bevertis","beimantis"
141,"first_blank","first_blank-bio","bio",4,19,"first_blank-įpras","įpras",18,1,2,1,"biologija","įpraslogija"
140,"first_blank","first_blank-bio","bio",4,19,"first_blank-įpras","įpras",18,1,2,1,"biologinis","įprasloginis"
822,"biu","biu-ras","ras",2,1,"nev-ras","nev",1,0,0,1,"biuras","nevras"
524,"first_blank","first_blank-bjau","bjau",2,33,"first_blank-krei","krei",33,0,0,2,"bjaurus","kreirus"
236,"blo","blo-gai","gai",2,2,"šin-gai","šin",2,0,0,1,"blogai","šingai"
932,"bo","bo-sas","sas",2,1,"bo-for","for",1,0,0,1,"bosas","bofor"
943,"bos","bos-to","to",3,4,"krip-to","krip",4,0,1,1,"bostonas","kriptonas"
64,"first_blank","first_blank-bran","bran",3,89,"first_blank-aukš","aukš",78,11,0,1,"branduolys","aukšduolys"
160,"first_blank","first_blank-bran","bran",4,89,"first_blank-links","links",52,37,1,1,"brangakmenis","linksgakmenis"
95,"first_blank","first_blank-braš","braš",2,6,"first_blank-darb","darb",6,0,0,1,"braškių","darbkių"
366,"first_blank","first_blank-bra","bra",2,38,"first_blank-gin","gin",38,0,0,1,"brave","ginve"
861,"ht","ht-last_blank","last_blank",1,7,"bs-last_blank","bs",7,0,0,1,"bright","brigbs"
187,"br","br-o","o",1,1,"tt-o","tt",1,0,0,1,"bro","tto"
770,"first_blank","first_blank-bro","bro",2,61,"first_blank-man","man",61,0,0,1,"brolis","manlis"
824,"il","il-d","d",1,1,"vu-d","vu",1,0,0,1,"build","buvud"
132,"let","let-last_blank","last_blank",2,3,"cus-last_blank","cus",3,0,0,1,"bullet","bulcus"
278,"mas","mas-last_blank","last_blank",4,1522,"džiui-last_blank","džiui",25,1497,2,1,"buriavimas","buriavidžiui"
453,"bur","bur-ti","ti",4,18,"kreip-ti","kreip",7,11,2,1,"burtininkas","kreiptininkas"
172,"bu","bu-ry","ry",2,2,"bu-len","len",2,0,1,1,"bury","bulen"
103,"būs","būs-ti","ti",3,5,"siek-ti","siek",5,0,1,1,"būstinė","siektinė"
827,"te","te-lis","lis",3,24,"te-kant","kant",2,22,1,1,"butelis","butekant"
10,"ca","ca-p","p",1,1,"le-p","le",1,0,0,1,"cap","lep"
618,"first_blank","first_blank-cat","cat",2,3,"first_blank-įvi","įvi",3,0,0,1,"catch","įvich"
941,"first_blank","first_blank-čem","čem",4,23,"first_blank-šlykš","šlykš",23,0,2,1,"čempionatas","šlykšpionatas"
477,"me","me-ter","ter",4,1,"me-dison","dison",1,0,2,1,"centimeter","centimedison"
807,"ral","ral-last_blank","last_blank",2,6,"bom-last_blank","bom",6,0,0,1,"cerebral","cerebbom"
720,"first_blank","first_blank-ce","ce",5,37,"first_blank-žvaigž","žvaigž",30,7,4,1,"ceremonija","žvaigžremonija"
944,"first_blank","first_blank-chi","chi",4,15,"first_blank-trokš","trokš",16,1,2,1,"chirurgija","trokšrurgija"
190,"ga","ga-ras","ras",3,4,"ga-benk","benk",4,0,1,1,"cigaras","cigabenk"
866,"ga","ga-ret","ret",4,1,"ga-sping","sping",1,0,2,1,"cigarette","cigaspingte"
498,"ci","ci-niš","niš",3,4,"ci-klai","klai",2,2,1,1,"ciniškas","ciklaikas"
997,"first_blank","first_blank-cir","cir",2,11,"first_blank-les","les",11,0,0,1,"cirkas","leskas"
410,"first_blank","first_blank-ci","ci",6,82,"destruk-ci","destruk",1,81,4,2,"civilizacija","destrukcivilizacija"
99,"first_blank","first_blank-coun","coun",2,1,"first_blank-spūn","spūn",1,0,0,1,"counters","spūnters"
724,"first_blank","first_blank-cow","cow",2,1,"first_blank-tač","tač",1,0,0,1,"cowboy","tačboy"
593,"first_blank","first_blank-cra","cra",2,3,"first_blank-ųmo","ųmo",3,0,0,1,"crazy","ųmozy"
100,"first_blank","first_blank-cre","cre",3,4,"first_blank-pjūk","pjūk",4,0,1,1,"creepy","pjūkepy"
150,"dai","dai-li","li",4,11,"kings-li","kings",1,10,2,1,"dailininkas","kingslininkas"
13,"dai","dai-na","na",2,12,"ter-na","ter",11,1,0,1,"daina","terna"
142,"first_blank","first_blank-dak","dak",3,17,"first_blank-grie","grie",17,0,1,1,"daktaras","grietaras"
853,"le","le-lė","lė",3,7,"le-riui","riui",6,1,2,1,"dalelė","daleriui"
554,"ly","ly-kas","kas",3,3,"ly-gint","gint",3,0,1,1,"dalykas","dalygint"
154,"first_blank","first_blank-dan","dan",2,56,"first_blank-kil","kil",56,0,0,1,"dangaus","kilgaus"
497,"first_blank","first_blank-dan","dan",2,56,"first_blank-kil","kil",56,0,0,1,"dantis","kiltis"
315,"dar","dar-bas","bas",2,1,"kei-bas","kei",1,0,0,1,"darbas","keibas"
920,"buo","buo-to","to",4,12,"svars-to","svars",7,5,2,1,"darbuotojas","darsvarstojas"
750,"wn","wn-last_blank","last_blank",1,4,"ul-last_blank","ul",4,0,0,1,"dawn","daul"
350,"first_blank","first_blank-daž","daž",2,17,"first_blank-cho","cho",17,0,0,1,"dažnai","chonai"
971,"first_blank","first_blank-deg","deg",3,21,"first_blank-nykš","nykš",21,0,1,1,"degtinė","nykštinė"
559,"guo","guo-nis","nis",3,1,"kort-nis","kort",1,0,1,1,"deguonis","dekortnis"
162,"ko","ko-ja","ja",4,16,"ko-kiems","kiems",2,14,3,1,"dėkojame","dėkokiemsme"
418,"kra","kra-ti","ti",5,9,"šniukš-ti","šniukš",3,6,3,1,"demokratija","demošniukštija"
690,"monst","monst-ra","ra",5,7,"šliund-ra","šliund",1,6,1,1,"demonstracija","dešliundracija"
327,"de","de-nio","nio",2,2,"de-gei","gei",2,0,0,1,"denio","degei"
833,"first_blank","first_blank-dep","dep",4,4,"first_blank-aliar","aliar",4,0,2,1,"depresija","aliarresija"
18,"šimt","šimt-me","me",4,16,"smulk-me","smulk",8,8,1,1,"dešimtmetis","desmulkmetis"
435,"des","des-ti","ti",3,1,"ropš-ti","ropš",1,0,1,1,"destiny","ropštiny"
7,"tek","tek-ty","ty",4,10,"švais-ty","švais",9,1,2,1,"detektyvas","dešvaistyvas"
303,"mas","mas-last_blank","last_blank",4,1522,"džiui-last_blank","džiui",25,1497,2,1,"devotimas","devotidžiui"
113,"first_blank","first_blank-di","di",3,346,"skystablauz-di","skystablauz",1,345,0,3,"didelis","skystablauzdidelis"
169,"first_blank","first_blank-di","di",3,346,"skystablauz-di","skystablauz",1,345,0,3,"didysis","skystablauzdidysis"
171,"first_blank","first_blank-die","die",3,89,"first_blank-bran","bran",89,0,1,1,"dieviškas","branviškas"
253,"first_blank","first_blank-di","di",4,346,"skystablauz-di","skystablauz",1,345,0,2,"dinamitas","skystablauzdinamitas"
639,"di","di-ng","ng",1,4,"di-li","li",4,0,0,1,"ding","dili"
485,"first_blank","first_blank-din","din",3,30,"first_blank-pras","pras",30,0,1,1,"dingimas","prasgimas"
507,"first_blank","first_blank-dirb","dirb",3,43,"first_blank-slap","slap",44,1,0,1,"dirbtinis","slaptinis"
228,"first_blank","first_blank-di","di",4,346,"skystablauz-di","skystablauz",1,345,0,2,"direktorius","skystablauzdirektorius"
657,"first_blank","first_blank-dis","dis",4,49,"skystablauz-dis","skystablauz",1,48,0,2,"diskusija","skystablauzdiskusija"
43,"rict","rict-last_blank","last_blank",2,1,"dier-last_blank","dier",1,0,0,1,"district","distdier"
457,"do","do-last_blank","last_blank",1,438,"tė-last_blank","tė",414,24,0,1,"do","tė"
209,"men","men-tas","tas",4,15,"trauk-tas","trauk",5,10,2,1,"dokumentas","dokutrauktas"
852,"le","le-ris","ris",3,35,"le-aven","aven",1,34,1,1,"doleris","doleaven"
37,"first_blank","first_blank-dos","dos",2,12,"first_blank-mig","mig",12,0,0,1,"dosniai","migniai"
415,"mas","mas-last_blank","last_blank",5,1522,"kreipk-last_blank","kreipk",5,1517,3,1,"dovanojimas","dovanojikreipk"
391,"va","va-nų","nų",3,1,"va-džio","džio",1,0,2,1,"dovanų","dovadžio"
383,"drau","drau-gas","gas",2,2,"drau-dei","dei",1,1,0,1,"draugas","draudei"
460,"first_blank","first_blank-drau","drau",3,113,"first_blank-bend","bend",116,3,0,1,"draugiškas","bendgiškas"
745,"first_blank","first_blank-drau","drau",3,113,"first_blank-bend","bend",116,3,0,1,"draugystė","bendgystė"
398,"first_blank","first_blank-dre","dre",2,23,"first_blank-ryš","ryš",23,0,0,1,"dream","ryšam"
629,"dul","dul-kės","kės",2,1,"vai-kės","vai",1,0,0,1,"dulkės","vaikės"
604,"ok","ok-last_blank","last_blank",1,16,"at-last_blank","at",16,0,0,1,"duok","duat"
420,"rys","rys-last_blank","last_blank",2,48,"gei-last_blank","gei",48,0,0,1,"durys","dugei"
734,"dus","dus-ty","ty",2,1,"ber-ty","ber",1,0,0,1,"dusty","berty"
66,"du","du-ty","ty",2,1,"rat-ty","rat",1,0,1,1,"duty","ratty"
776,"dva","dva-sia","sia",2,1,"ruo-sia","ruo",1,0,0,1,"dvasia","ruosia"
459,"first_blank","first_blank-džiaugs","džiaugs",2,14,"first_blank-straips","straips",10,4,0,3,"džiaugsmas","straipsmas"
728,"first_blank","first_blank-džul","džul",3,1,"first_blank-tvai","tvai",1,0,0,1,"džuljeta","tvaijeta"
11,"first_blank","first_blank-ea","ea",1,9,"first_blank-ah","ah",9,0,0,1,"ear","ahr"
509,"first_blank","first_blank-efek","efek",3,22,"first_blank-slėp","slėp",22,0,0,1,"efektyvus","slėptyvus"
307,"ei","ei-ki","ki",3,14,"troš-ki","troš",15,1,2,1,"eikite","troškite"
882,"first_blank","first_blank-ei","ei",2,134,"first_blank-san","san",133,1,1,1,"eilė","sanlė"
451,"first_blank","first_blank-ele","ele",4,20,"first_blank-krikš","krikš",19,1,2,1,"elegantiškas","krikšgantiškas"
148,"elekt","elekt-ra","ra",2,1,"chand-ra","chand",1,0,0,3,"elektra","chandra"
454,"first_blank","first_blank-elekt","elekt",3,46,"first_blank-vaikš","vaikš",43,3,0,1,"elektriniai","vaikšriniai"
208,"first_blank","first_blank-ele","ele",3,20,"first_blank-star","star",20,0,1,1,"elementas","starmentas"
692,"first_blank","first_blank-emo","emo",3,19,"first_blank-žiur","žiur",19,0,1,1,"emocinis","žiurcinis"
226,"first_blank","first_blank-ener","ener",3,18,"first_blank-aikš","aikš",18,0,0,1,"energija","aikšgija"
461,"first_blank","first_blank-epi","epi",4,21,"first_blank-svars","svars",22,1,2,1,"epidemija","svarsdemija"
766,"first_blank","first_blank-epi","epi",3,21,"first_blank-nykš","nykš",21,0,1,1,"epizodas","nykšzodas"
288,"first_blank","first_blank-eq","eq",1,1,"first_blank-ūp","ūp",1,0,0,1,"equip","ūpuip"
561,"first_blank","first_blank-erek","erek",3,3,"first_blank-blac","blac",3,0,0,1,"erekcija","blaccija"
535,"first_blank","first_blank-ev","ev",1,11,"first_blank-ny","ny",11,0,0,1,"ever","nyer"
34,"first_blank","first_blank-exp","exp",2,1,"first_blank-gaf","gaf",1,0,0,1,"express","gafress"
921,"first_blank","first_blank-eže","eže",2,8,"first_blank-dru","dru",8,0,0,1,"ežeras","druras"
609,"first_blank","first_blank-fak","fak",2,19,"first_blank-pli","pli",19,0,0,1,"faksas","plisas"
840,"first_blank","first_blank-fal","fal",2,6,"first_blank-ron","ron",6,0,0,1,"false","ronse"
548,"first_blank","first_blank-fan","fan",5,37,"first_blank-triukš","triukš",18,19,3,1,"fantastinis","triukštastinis"
712,"first_blank","first_blank-fan","fan",4,37,"first_blank-prieš","prieš",30,7,2,1,"fantazija","prieštazija"
385,"fe","fe-de","de",5,33,"žvaigž-de","žvaigž",2,31,4,1,"federacija","žvaigžderacija"
347,"first_blank","first_blank-fes","fes",4,6,"first_blank-įklim","įklim",6,0,2,1,"festivalis","įklimtivalis"
661,"fil","fil-mas","mas",2,1,"ski-mas","ski",1,0,0,1,"filmas","skimas"
117,"first_blank","first_blank-fil","fil",3,67,"first_blank-grei","grei",67,0,1,1,"filthy","greithy"
98,"nan","nan-sai","sai",3,1,"nan-jing","jing",1,0,1,1,"finansai","finanjing"
116,"mas","mas-last_blank","last_blank",5,1522,"kreipk-last_blank","kreipk",5,1517,3,1,"finansavimas","finansavikreipk"
759,"alis","alis-last_blank","last_blank",5,1,"tchell-last_blank","tchell",1,0,2,1,"fizinė dalis","fizinė dtchell"
84,"fas","fas-last_blank","last_blank",4,55,"džiui-last_blank","džiui",25,30,2,1,"fotografas","fotogradžiui"
995,"first_blank","first_blank-fra","fra",2,10,"first_blank-gon","gon",10,0,0,1,"frazė","gonzė"
568,"gi","gi-ti","ti",4,1,"drums-ti","drums",1,0,3,1,"fugitive","fudrumstive"
945,"first_blank","first_blank-funk","funk",3,9,"first_blank-kliū","kliū",9,0,0,1,"funkcinis","kliūcinis"
405,"tbo","tbo-las","las",3,1,"šmėk-las","šmėk",1,0,1,1,"futbolas","fušmėklas"
222,"ba","ba-las","las",3,10,"ba-rjie","rjie",1,9,1,1,"gabalas","gabarjie"
61,"first_blank","first_blank-gai","gai",5,74,"first_blank-sluoks","sluoks",11,63,3,1,"gailestingumas","sluokslestingumas"
673,"ga","ga-las","las",2,6,"ga-niz","niz",9,3,0,1,"galas","ganiz"
970,"laxy","laxy-last_blank","last_blank",2,1,"naut-last_blank","naut",1,0,0,1,"galaxy","ganaut"
600,"li","li-my","my",4,8,"li-niais","niais",4,4,3,1,"galimybė","galiniaisbė"
575,"ale","ale-last_blank","last_blank",4,1,"smiai-last_blank","smiai",1,0,2,1,"galų gale","galų gsmiai"
841,"min","min-ti","ti",3,40,"vers-ti","vers",21,19,1,1,"gaminti","gaversti"
229,"my","my-ba","ba",3,1,"esta-ba","esta",1,0,2,1,"gamyba","gaestaba"
761,"ra","ra-žas","žas",3,2,"ra-dzin","dzin",2,0,1,1,"garažas","garadzin"
683,"first_blank","first_blank-gar","gar",2,113,"first_blank-pla","pla",114,1,0,1,"garbė","plabė"
660,"gar","gar-sus","sus",2,1,"gar-dai","dai",1,0,0,1,"garsus","gardai"
87,"first_blank","first_blank-gat","gat",2,19,"first_blank-dip","dip",19,0,0,1,"gatvė","dipvė"
429,"ga","ga-y","y",1,1,"me-y","me",1,0,0,1,"gay","mey"
871,"mas","mas-last_blank","last_blank",4,1522,"džiui-last_blank","džiui",25,1497,2,1,"gebėjimas","gebėjidžiui"
257,"first_blank","first_blank-gel","gel",4,67,"first_blank-links","links",52,15,2,1,"gelbėtojas","linksbėtojas"
80,"gė","gė-lių","lių",2,4,"gė-mės","mės",3,1,0,1,"gėlių","gėmės"
710,"first_blank","first_blank-gel","gel",3,67,"first_blank-plau","plau",68,1,1,1,"geltona","plautona"
317,"gim","gim-ta","ta",4,13,"trūks-ta","trūks",11,2,2,1,"gimtadienis","trūkstadienis"
394,"first_blank","first_blank-gin","gin",2,38,"first_blank-bra","bra",38,0,0,1,"ginčas","bračas"
646,"first_blank","first_blank-gink","gink",2,28,"first_blank-daik","daik",28,0,0,1,"ginklas","daiklas"
46,"first_blank","first_blank-gink","gink",3,28,"first_blank-skry","skry",28,0,0,1,"ginkluotė","skryluotė"
40,"first_blank","first_blank-gin","gin",2,38,"first_blank-ana","ana",38,0,0,1,"ginti","anati"
377,"first_blank","first_blank-gir","gir",3,68,"first_blank-plau","plau",68,0,1,1,"girdėti","plaudėti"
118,"gir","gir-tas","tas",2,2,"luo-tas","luo",2,0,0,1,"girtas","luotas"
219,"gi","gi-ta","ta",3,10,"gi-nius","nius",10,0,2,1,"gitara","giniusra"
496,"glo","glo-bal","bal",2,1,"ram-bal","ram",1,0,0,1,"global","rambal"
491,"first_blank","first_blank-goril","goril",2,1,"first_blank-euris","euris",1,0,0,1,"gorilla","eurisla"
727,"first_blank","first_blank-graikų","graikų",3,1,"first_blank-gniauž","gniauž",1,0,0,1,"graikų kalba","gniauž kalba"
367,"first_blank","first_blank-gr","gr",1,70,"first_blank-py","py",70,0,0,1,"gram","pyam"
246,"gra","gra-ži","ži",2,7,"čiu-ži","čiu",7,0,0,1,"graži","čiuži"
534,"žus","žus-last_blank","last_blank",2,20,"nią-last_blank","nią",20,0,0,1,"gražus","granią"
430,"itai","itai-last_blank","last_blank",4,1,"dding-last_blank","dding",1,0,1,1,"greitai greitai","greitai gredding"
431,"grei","grei-tas","tas",2,1,"veik-tas","veik",1,0,0,1,"greitas","veiktas"
75,"grei","grei-tis","tis",2,2,"mies-tis","mies",2,0,0,1,"greitis","miestis"
359,"first_blank","first_blank-greit","greit",3,7,"first_blank-įmant","įmant",7,0,0,1,"greitkelis","įmantkelis"
984,"first_blank","first_blank-griaus","griaus",3,7,"first_blank-skruos","skruos",7,0,0,2,"griaustinis","skruostinis"
58,"grįž","grįž-ti","ti",2,4,"kvan-ti","kvan",4,0,0,2,"grįžti","kvanti"
139,"žis","žis-last_blank","last_blank",2,13,"met-last_blank","met",13,0,0,1,"grožis","gromet"
421," mėn"," mėn-last_blank","last_blank",3,1,"eing-last_blank","eing",1,0,0,1,"gruodžio mėn","gruodžioeing"
231,"first_blank","first_blank-gru","gru",2,45,"first_blank-ato","ato",45,0,0,1,"grupė","atopė"
885,"dy","dy-mas","mas",3,25,"dy-džių","džių",1,24,1,1,"gydymas","gydydžių"
1000,"nas","nas-last_blank","last_blank",3,1020,"džia-last_blank","džia",75,945,1,1,"gyvūnas","gyvūdžia"
273,"ha","ha-liu","liu",6,5,"kvontri-liu","kvontri",1,4,5,1,"haliucinacija","kvontriliucinacija"
744,"first_blank","first_blank-ham","ham",4,8,"first_blank-švies","švies",8,0,2,1,"hamburgeris","šviesburgeris"
91,"har","har-mo","mo",4,7,"links-mo","links",2,5,2,1,"harmonija","linksmonija"
739,"ha","ha-t","t",1,1,"il-t","il",1,0,0,1,"hat","ilt"
382,"roi","roi-nas","nas",3,1,"klau-nas","klau",1,0,1,1,"heroinas","heklaunas"
263,"ytus","ytus-last_blank","last_blank",2,1,"ulas-last_blank","ulas",1,0,0,1,"į rytus","į rulas"
268,"first_blank","first_blank-įdė","įdė",3,22,"first_blank-efek","efek",22,0,1,1,"įdėkite","efekkite"
413,"first_blank","first_blank-idio","idio",2,17,"first_blank-veik","veik",17,0,0,1,"idiotas","veiktas"
311,"first_blank","first_blank-įdo","įdo",2,25,"first_blank-bel","bel",25,0,0,1,"įdomus","belmus"
295,"first_blank","first_blank-įėji","įėji",2,8,"first_blank-įsto","įsto",8,0,0,1,"įėjimas","įstomas"
281,"first_blank","first_blank-įkvė","įkvė",3,11,"first_blank-juoč","juoč",11,0,0,1,"įkvėpimas","juočpimas"
906,"gai","gai-last_blank","last_blank",2,242,"rio-last_blank","rio",242,0,0,1,"ilgai","ilrio"
197,"gis","gis-last_blank","last_blank",2,48,"son-last_blank","son",48,0,0,1,"ilgis","ilson"
275,"rius","rius-last_blank","last_blank",5,165,"natvėj-last_blank","natvėj",1,164,2,1,"imperatorius","imperatonatvėj"
199,"pe","pe-ri","ri",4,20,"chiat-ri","chiat",9,11,3,1,"imperija","imchiatrija"
242,"p","p-ress","ress",3,1,"p-lauk","lauk",1,0,0,1,"impress","implauk"
52,"dualus","dualus-last_blank","last_blank",4,1,"vaiuok-last_blank","vaiuok",1,0,0,1,"individualus","indivivaiuok"
968,"fek","fek-ci","ci",4,4,"korup-ci","korup",4,0,2,1,"infekcija","inkorupcija"
191,"for","for-ma","ma",5,40,"triukš-ma","triukš",5,35,3,1,"informacija","intriukšmacija"
740,"rius","rius-last_blank","last_blank",5,165,"netton-last_blank","netton",1,164,2,1,"informatorius","informatonetton"
56,"muo","muo-ti","ti",4,17,"kreip-ti","kreip",7,10,2,1,"informuoti","inforkreipti"
177,"jek","jek-ci","ci",4,9,"korup-ci","korup",4,5,2,1,"injekcija","inkorupcija"
201,"pek","pek-ci","ci",4,3,"korup-ci","korup",4,1,2,1,"inspekcija","inskorupcija"
322,"ins","ins-ti","ti",5,11,"adekva-ti","adekva",2,9,3,1,"institucija","adekvatitucija"
289,"first_blank","first_blank-inst","inst",4,20,"first_blank-spren","spren",21,1,1,1,"instrumentas","sprenrumentas"
282,"in","in-tui","tui",4,1,"in-vójau","vójau",1,0,2,1,"intuicija","invójaucija"
51,"mūs","mūs-last_blank","last_blank",3,7,"klai-last_blank","klai",7,0,1,1,"intymūs","intyklai"
213,"vest","vest-last_blank","last_blank",2,8,"keis-last_blank","keis",8,0,0,1,"invest","inkeis"
97,"tuo","tuo-to","to",5,10,"paskai-to","paskai",2,8,3,1,"investuotojas","invespaskaitojas"
591,"įpras","įpras-ta","ta",2,1,"stygs-ta","stygs",1,0,0,2,"įprasta","stygsta"
290,"first_blank","first_blank-įra","įra",3,42,"first_blank-spin","spin",42,0,1,1,"įrašymas","spinšymas"
291,"first_blank","first_blank-įro","įro",3,35,"first_blank-vals","vals",35,0,1,1,"įrodymas","valsdymas"
293,"first_blank","first_blank-iro","iro",3,10,"first_blank-šuns","šuns",10,0,1,1,"ironiškas","šunsniškas"
386,"first_blank","first_blank-įsa","įsa",3,35,"first_blank-komp","komp",35,0,1,1,"įsakymas","kompkymas"
808,"kas","kas-last_blank","last_blank",4,758,"džiui-last_blank","džiui",25,733,2,1,"išdavikas","išdavidžiui"
60,"gy","gy-ti","ti",3,13,"liuo-ti","liuo",13,0,2,1,"išgyti","išliuoti"
255,"ven","ven-ti","ti",4,18,"trauk-ti","trauk",17,1,2,1,"išgyventi","išgytraukti"
300,"iš","iš-lai","lai",4,42,"iš-spręs","spręs",11,31,2,1,"išlaikyti","išspręskyti"
436,"iš","iš-lie","lie",3,6,"iš-anks","anks",6,0,1,1,"išlieka","išankska"
954,"ori","ori-nis","nis",3,1,"bluž-nis","bluž",1,0,1,1,"išorinis","išblužnis"
680,"mas","mas-last_blank","last_blank",5,1522,"kreipk-last_blank","kreipk",5,1517,3,1,"išpažinimas","išpažinikreipk"
764,"first_blank","first_blank-įspū","įspū",3,16,"first_blank-juok","juok",16,0,0,1,"įspūdingas","juokdingas"
379,"kis","kis-last_blank","last_blank",3,192,"jant-last_blank","jant",35,157,1,1,"iššūkis","iššūjant"
444,"ki","ki-mas","mas",4,75,"ki-birkš","birkš",7,68,2,1,"ištikimas","ištikibirkš"
296,"tir","tir-ti","ti",3,4,"kvan-ti","kvan",4,0,1,1,"ištirti","iškvanti"
77,"ki","ki-mas","mas",4,75,"ki-birkš","birkš",7,68,2,1,"išvykimas","išvykibirkš"
1,"first_blank","first_blank-įta","įta",4,49,"first_blank-links","links",52,3,2,1,"įtariamasis","linksriamasis"
634,"first_blank","first_blank-įvy","įvy",2,18,"first_blank-sul","sul",18,0,0,1,"įvykis","sulkis"
308,"first_blank","first_blank-įžei","įžei",3,22,"first_blank-mėgs","mėgs",22,0,0,1,"įžeidimas","mėgsdimas"
980,"first_blank","first_blank-jau","jau",4,195,"first_blank-links","links",52,143,2,1,"jaunesnysis","linksnesnysis"
299,"jaus","jaus-mas","mas",2,1,"vers-mas","vers",1,0,0,1,"jausmas","versmas"
838,"first_blank","first_blank-jaut","jaut",2,12,"first_blank-brau","brau",12,0,0,1,"jautrus","braurus"
828,"first_blank","first_blank-jė","jė",2,30,"first_blank-din","din",30,0,1,1,"jėga","dinga"
93,"first_blank","first_blank-juo","juo",2,129,"first_blank-vir","vir",130,1,0,1,"juoda","virda"
805,"kin","kin-ga","ga",3,14,"drau-ga","drau",14,0,1,1,"juokinga","juodrauga"
865,"juok","juok-tis","tis",2,1,"liuo-tis","liuo",1,0,0,1,"juoktis","liuotis"
831,"kai","kai-mas","mas",2,1,"kai-tėj","tėj",1,0,0,1,"kaimas","kaitėj"
952,"kai","kai-na","na",2,4,"ana-na","ana",4,0,0,1,"kaina","anana"
879,"kai","kai-rė","rė",3,3,"įspy-rė","įspy",1,2,1,1,"kairėje","įspyrėje"
237,"raiš","raiš-tis","tis",4,2,"steng-tis","steng",1,1,1,1,"kaklaraištis","kaklastengtis"
329,"first_blank","first_blank-kal","kal",3,211,"first_blank-prie","prie",234,23,1,1,"kalbėti","priebėti"
423,"ji","ji-mu","mu",4,19,"skaus-mu","skaus",1,18,3,1,"kalėjimu","kalėskausmu"
271,"nys","nys-last_blank","last_blank",3,112,"riau-last_blank","riau",110,2,1,1,"kalinys","kaliriau"
516,"kal","kal-tas","tas",2,5,"suo-tas","suo",5,0,0,1,"kaltas","suotas"
797,"kal","kal-ti","ti",4,51,"reikš-ti","reikš",5,46,2,1,"kaltinimas","reikštinimas"
880,"tin","tin-to","to",4,15,"svars-to","svars",7,8,2,1,"kaltintojas","kalsvarstojas"
798,"kan","kan-čia","čia",2,2,"ple-čia","ple",2,0,0,1,"kančia","plečia"
339,"kan","kan-ki","ki",4,30,"grieb-ki","grieb",1,29,2,1,"kankinimas","griebkinimas"
245,"pi","pi-nės","nės",3,5,"pi-giau","giau",3,2,1,1,"kapinės","kapigiau"
21,"liz","liz-mas","mas",5,5,"trenks-mas","trenks",1,4,3,1,"kapitalizmas","kapitatrenksmas"
930,"to","to-nas","nas",4,67,"to-shiba","shiba",1,66,2,1,"kapitonas","kapitoshiba"
342,"ra","ra-lius","lius",3,2,"ra-šant","šant",2,0,0,1,"karalius","karašant"
729,"lys","lys-tė","tė",4,7,"birkš-tė","birkš",3,4,2,1,"karalystė","karabirkštė"
981,"no","no-las","las",4,2,"no-rójot","rójot",1,1,2,1,"kardinolas","kardinorójot"
463,"first_blank","first_blank-ka","ka",8,997,"sprun-ka","sprun",3,994,6,1,"karinis jūrų laivynas","sprunkarinis jūrų laivynas"
145,"ka","ka-ris","ris",2,2,"ka-spa","spa",2,0,0,1,"karis","kaspa"
992,"ro","ro-liai","liai",3,1,"ro-chel","chel",1,0,0,1,"karoliai","karochel"
399,"karš","karš-čia","čia",4,2,"drums-čia","drums",1,1,1,1,"karščiavimas","drumsčiavimas"
452,"kar","kar-te","te",3,19,"aikš-te","aikš",12,7,1,1,"kartelis","aikštelis"
846,"ka","ka-tė","tė",2,2,"ka-nus","nus",2,0,1,1,"katė","kanus"
698,"ava","ava-last_blank","last_blank",5,1,"žiürėk-last_blank","žiürėk",1,0,3,1,"kavos kava","kavos kžiürėk"
536,"kaž","kaž-kas","kas",2,1,"zia-kas","zia",1,0,0,1,"kažkas","ziakas"
372,"kur","kur-last_blank","last_blank",2,7,"vin-last_blank","vin",7,0,0,1,"kažkur","kažvin"
821,"first_blank","first_blank-kė","kė",2,30,"first_blank-rim","rim",30,0,1,1,"kėdė","rimdė"
515,"keis","keis-ta","ta",2,5,"skai-ta","skai",5,0,0,1,"keista","skaita"
466,"lias","lias-last_blank","last_blank",2,13,"nuos-last_blank","nuos",13,0,0,1,"kelias","kenuos"
627,"lio","lio-last_blank","last_blank",2,306,"ras-last_blank","ras",305,1,0,1,"kelio","keras"
638,"first_blank","first_blank-kem","kem",3,18,"first_blank-aikš","aikš",18,0,1,1,"kempingas","aikšpingas"
279,"pe","pe-nys","nys",3,1,"pe-rial","rial",1,0,1,1,"kepenys","keperial"
895,"ni","ni-mas","mas",4,99,"ni-fique","fique",1,98,2,1,"ketinimas","ketinifique"
185,"tu","tu-ri","ri",3,34,"bend-ri","bend",17,17,2,1,"keturi","kebendri"
900,"first_blank","first_blank-ket","ket",3,52,"first_blank-siau","siau",49,3,1,1,"ketvirta","siauvirta"
700,"vir","vir-tį","tį",3,1,"įkal-tį","įkal",1,0,1,1,"ketvirtį","ketįkaltį"
440,"first_blank","first_blank-kiau","kiau",3,70,"first_blank-grei","grei",67,3,0,1,"kiaušinis","greišinis"
248,"li","li-mas","mas",3,23,"li-niui","niui",3,20,1,1,"kilimas","kiliniui"
373,"klai","klai-da","da",2,3,"slėp-da","slėp",3,0,0,1,"klaida","slėpda"
897,"kla","kla-si","si",3,12,"pirk-si","pirk",12,0,1,1,"klasika","pirksika"
569,"klien","klien-tas","tas",2,1,"klaus-tas","klaus",1,0,0,1,"klientas","klaustas"
434,"first_blank","first_blank-kli","kli",3,45,"first_blank-dirb","dirb",43,2,1,1,"klinika","dirbnika"
110,"kny","kny-ga","ga",2,1,"men-ga","men",1,0,0,1,"knyga","menga"
365,"ko","ko-ky","ky",3,7,"blaš-ky","blaš",7,0,2,1,"kokybė","blaškybė"
450,"ko","ko-man","man",3,18,"ko-sios","sios",4,14,1,1,"komanda","kosiosda"
179,"di","di-ja","ja",4,32,"di-džiuo","džiuo",25,7,3,1,"komedija","komedidžiuo"
280,"arys","arys-last_blank","last_blank",6,1,"riebkim-last_blank","riebkim",1,0,3,1,"komisijos narys","komisijos nriebkim"
389,"te","te-tas","tas",4,6,"te-schen","schen",1,5,2,1,"komitetas","komiteschen"
687,"piu","piu-te","te",4,23,"gangs-te","gangs",8,15,2,1,"kompiuteris","komgangsteris"
511,"tas","tas-last_blank","last_blank",5,1395,"kreipk-last_blank","kreipk",5,1390,3,1,"komunikatas","komunikakreipk"
709,"nis","nis-tas","tas",4,8,"trauk-tas","trauk",5,3,2,1,"komunistas","komutrauktas"
164,"cent","cent-ra","ra",4,5,"sliund-ra","sliund",1,4,2,1,"koncentratas","konsliundratas"
910,"cer","cer-tas","tas",3,1,"čiuo-tas","čiuo",1,0,1,1,"koncertas","končiuotas"
731,"kon","kon-ja","ja",3,5,"riau-ja","riau",4,1,1,1,"konjako","riaujako"
302,"kons","kons-ti","ti",5,4,"džiaug-ti","džiaug",3,1,2,1,"konstitucija","džiaugtitucija"
562,"mas","mas-last_blank","last_blank",5,1522,"kreipk-last_blank","kreipk",5,1517,3,1,"kopijavimas","kopijavikreipk"
104,"ko","ko-ply","ply",3,4,"ko-lins","lins",4,0,1,1,"koplyčia","kolinsčia"
274,"first_blank","first_blank-kor","kor",5,58,"first_blank-žvaigž","žvaigž",30,28,3,1,"korporacija","žvaigžporacija"
400,"ko","ko-va","va",2,7,"ser-va","ser",8,1,1,1,"kova","serva"
134,"to","to-jas","jas",4,95,"to-night","night",1,94,2,1,"kovotojas","kovotonight"
549,"first_blank","first_blank-kram","kram",3,12,"first_blank-skus","skus",12,0,0,1,"kramtymas","skustymas"
907,"first_blank","first_blank-kriauk","kriauk",2,6,"first_blank-šmaikš","šmaikš",6,0,0,3,"kriauklė","šmaikšlė"
355,"first_blank","first_blank-krikš","krikš",3,19,"first_blank-įpras","įpras",18,1,0,2,"krikščionis","įprasčionis"
783,"kri","kri-zė","zė",2,1,"cho-zė","cho",1,0,0,1,"krizė","chozė"
35,"first_blank","first_blank-kro","kro",3,37,"first_blank-svei","svei",37,0,1,1,"krovinys","sveivinys"
794,"krū","krū-ti","ti",3,10,"jaus-ti","jaus",10,0,1,1,"krūtinė","jaustinė"
544,"first_blank","first_blank-kuk","kuk",2,12,"first_blank-iva","iva",12,0,0,1,"kuklus","ivalus"
961,"ni","ni-gas","gas",3,3,"ni-trik","trik",2,1,1,1,"kunigas","kunitrik"
188,"ku","ku-ras","ras",2,1,"ku-ten","ten",1,0,0,1,"kuras","kuten"
12,"kur","kur-čias","čias",2,1,"kur-sėms","sėms",1,0,0,1,"kurčias","kursėms"
935,"mas","mas-last_blank","last_blank",5,1522,"kreipk-last_blank","kreipk",5,1517,3,1,"kūrybiškumas","kūrybiškukreipk"
499,"kvai","kvai-las","las",2,1,"kvai-šot","šot",1,0,0,1,"kvailas","kvaišot"
107,"first_blank","first_blank-kvai","kvai",3,84,"first_blank-aukš","aukš",78,6,0,1,"kvailumas","aukšlumas"
793,"first_blank","first_blank-kva","kva",2,19,"first_blank-mul","mul",19,0,0,1,"kvapas","mulpas"
447,"first_blank","first_blank-kve","kve",3,16,"first_blank-teis","teis",16,0,1,1,"kvepalai","teispalai"
982,"la","la-bai","bai",2,2,"la-gio","gio",2,0,0,1,"labai","lagio"
963,"la","la-dy","dy",2,1,"la-juo","juo",1,0,1,1,"lady","lajuo"
663,"nas","nas-last_blank","last_blank",4,1020,"džiui-last_blank","džiui",25,995,2,1,"lagaminas","lagamidžiui"
349,"vės","vės-last_blank","last_blank",4,59,"džiai-last_blank","džiai",58,1,2,1,"laidotuvės","laidotudžiai"
167,"first_blank","first_blank-laik","laik",3,29,"first_blank-tech","tech",29,0,0,1,"laikmatis","techmatis"
210,"tar","tar-pis","pis",4,1,"bekva-pis","bekva",1,0,2,1,"laikotarpis","laikobekvapis"
832,"first_blank","first_blank-laik","laik",3,29,"first_blank-tech","tech",29,0,0,1,"laikraštis","techraštis"
416,"first_blank","first_blank-lai","lai",3,287,"first_blank-bend","bend",116,171,1,1,"laikyti","bendkyti"
630,"lai","lai-mė","mė",3,88,"gies-mė","gies",1,87,1,1,"laimėti","giesmėti"
612,"min","min-gas","gas",3,23,"drau-gas","drau",2,21,1,1,"laimingas","laidraugas"
883,"first_blank","first_blank-laiš","laiš",2,14,"first_blank-rein","rein",14,0,0,1,"laiškas","reinkas"
417,"lais","lais-vas","vas",2,1,"grei-vas","grei",1,0,0,2,"laisvas","greivas"
101,"imas","imas-last_blank","last_blank",5,1,"blokšk-last_blank","blokšk",1,0,2,1,"laisvės atėmimas","laisvės atėmblokšk"
270,"lai","lai-vas","vas",2,1,"chy-vas","chy",1,0,0,1,"laivas","chyvas"
411,"vo","vo-nas","nas",3,2,"vo-riuk","riuk",1,1,1,1,"lavonas","lavoriuk"
487,"gen","gen-da","da",3,3,"smir-da","smir",3,0,1,1,"legenda","lesmirda"
427,"first_blank","first_blank-leis","leis",2,17,"first_blank-idio","idio",17,0,0,1,"leisti","idioti"
767,"nan","nan-tas","tas",4,2,"spręs-tas","spręs",2,0,2,1,"leitenantas","leitespręstas"
462,"first_blank","first_blank-lenk","lenk",3,27,"first_blank-spau","spau",27,0,0,1,"lenktynės","spautynės"
395,"li","li-be","be",4,5,"li-niams","niams",5,0,3,1,"liberalų","liniamsralų"
839,"li","li-ck","ck",1,1,"li-gh","gh",1,0,0,1,"lick","ligh"
115," mėn"," mėn-last_blank","last_blank",3,1,"witt-last_blank","witt",1,0,0,1,"liepos mėn","lieposwitt"
919,"first_blank","first_blank-lieps","lieps",2,16,"first_blank-žings","žings",16,0,0,1,"liepsnos","žingsnos"
249,"ga","ga-last_blank","last_blank",2,294,"čių-last_blank","čių",295,1,1,1,"liga","ličių"
872,"li","li-gh","gh",1,1,"li-ck","ck",1,0,0,1,"light","lickt"
870,"nas","nas-last_blank","last_blank",4,1020,"džiui-last_blank","džiui",25,995,2,1,"limuzinas","limuzidžiui"
480,"li","li-ng","ng",1,1,"li-bų","bų",1,0,0,1,"ling","libų"
47,"li","li-te","te",5,13,"vyksta-te","vyksta",3,10,4,1,"literatūra","vykstateratūra"
439,"liu","liu-di","di",4,21,"spren-di","spren",16,5,2,1,"liudijimas","sprendijimas"
178,"liū","liū-tas","tas",2,1,"sek-tas","sek",1,0,0,1,"liūtas","sektas"
940,"zard","zard-last_blank","last_blank",2,1,"aris-last_blank","aris",1,0,0,1,"lizard","liaris"
504,"de","de-ris","ris",3,21,"de-dant","dant",3,18,1,1,"lyderis","lydedant"
206,"ly","ly-di","di",2,6,"ly-tės","tės",6,0,1,1,"lydi","lytės"
244,"ly","ly-nai","nai",2,2,"ly-sen","sen",2,0,0,1,"lynai","lysen"
502,"ma","ma-id","id",1,1,"ma-dė","dė",1,0,0,1,"maid","madė"
168,"mai","mai-šas","šas",2,1,"mai-nei","nei",1,0,0,1,"maišas","mainei"
455,"mai","mai-ti","ti",4,20,"žvelg-ti","žvelg",5,15,2,1,"maitinimas","žvelgtinimas"
363,"ne","ne-zas","zas",4,2,"ne-įžvel","įžvel",2,0,2,1,"majonezas","majoneįžvel"
481,"mak","mak-si","si",4,19,"sielg-si","sielg",5,14,2,1,"maksimalus","sielgsimalus"
149,"ma","ma-ma","ma",2,11,"ger-ma","ger",11,0,1,1,"mama","germa"
397,"te","te-last_blank","last_blank",6,2118,"te-neriūkš","neriūkš",1,2117,3,4,"manipuliuokite","manipuliuokiteneriūkš"
316,"sa","sa-žas","žas",3,1,"sa-viem","viem",1,0,1,1,"masažas","masaviem"
723,"ši","ši-na","na",3,7,"krau-na","krau",5,2,2,1,"mašina","makrauna"
217,"te","te-ma","ma",5,16,"te-rėčios","rėčios",1,15,4,1,"matematika","materėčiostika"
468,"ma","ma-žas","žas",2,2,"ma-nik","nik",2,0,0,1,"mažas","manik"
876,"cha","cha-ni","ni",4,12,"zings-ni","zings",1,11,2,1,"mechaninė","mezingsninė"
48,"lio","lio-nas","nas",4,5,"sopra-nas","sopra",1,4,2,1,"medalionas","medasopranas"
905,"da","da-lis","lis",3,4,"da-rant","rant",4,0,1,1,"medalis","medarant"
408,"me","me-dis","dis",2,1,"me-ron","ron",1,0,0,1,"medis","meron"
779,"dvil","dvil-nė","nė",3,1,"ales-nė","ales",1,0,0,1,"medvilnė","mealesnė"
486,"mei","mei-lė","lė",2,3,"pyk-lė","pyk",3,0,0,1,"meilė","pyklė"
432,"la","la-gis","gis",3,1,"la-duko","duko",1,0,1,1,"melagis","meladuko"
123,"ly","ly-na","na",3,10,"viet-na","viet",6,4,2,1,"mėlyna","mėvietna"
265,"ly","ly-nė","nė",3,6,"ly-čiau","čiau",6,0,2,1,"mėlynė","mėlyčiau"
765,"me","me-ras","ras",2,5,"me-nin","nin",4,1,0,1,"meras","menin"
108,"gi","gi-nos","nos",3,4,"gi-miau","miau",3,1,1,1,"merginos","mergimiau"
364,"mė","mė-sa","sa",2,1,"pul-sa","pul",1,0,1,1,"mėsa","pulsa"
292,"ta","ta-las","las",3,8,"ta-dien","dien",1,7,1,1,"metalas","metadien"
368,"first_blank","first_blank-met","met",2,23,"first_blank-ryš","ryš",23,0,0,1,"metras","ryšras"
333,"mie","mie-ga","ga",4,23,"įstai-ga","įstai",1,22,2,1,"miegamasis","įstaigamasis"
656,"first_blank","first_blank-mie","mie",3,107,"first_blank-skai","skai",108,1,1,1,"miegoti","skaigoti"
737,"first_blank","first_blank-mie","mie",2,107,"first_blank-sek","sek",107,0,0,1,"mielas","seklas"
811,"mies","mies-tas","tas",2,1,"chis-tas","chis",1,0,0,1,"miestas","chistas"
220,"first_blank","first_blank-mik","mik",4,32,"first_blank-sprog","sprog",29,3,2,1,"mikrofonas","sprogrofonas"
884,"mik","mik-ro","ro",5,17,"bernst-ro","bernst",1,16,3,1,"mikroskopas","bernstroskopas"
479,"jar","jar-dai","dai",4,2,"nekly-dai","nekly",1,1,2,1,"milijardai","milineklydai"
251,"mil","mil-tai","tai",2,1,"tuo-tai","tuo",1,0,0,1,"miltai","tuotai"
16,"mi","mi-nis","nis",5,24,"mi-tchell","tchell",1,23,3,1,"ministerija","mitchellterija"
17,"nist","nist-ras","ras",3,2,"sand-ras","sand",2,0,0,1,"ministras","misandras"
654,"mi","mi-nus","nus",2,8,"mi-cha","cha",10,2,0,1,"minus","micha"
30,"nu","nu-tė","tė",3,14,"kvie-tė","kvie",13,1,2,1,"minutė","mikvietė"
254,"ręs","ręs-last_blank","last_blank",2,36,"gių-last_blank","gių",36,0,0,1,"miręs","migių"
360,"first_blank","first_blank-mir","mir",2,72,"first_blank-džo","džo",72,0,0,1,"mirti","džoti"
484,"first_blank","first_blank-mir","mir",3,72,"first_blank-plau","plau",68,4,1,1,"mirtinas","plautinas"
924,"si","si-ja","ja",3,27,"si-rink","rink",31,4,2,1,"misija","misirink"
165,"nys","nys-last_blank","last_blank",3,112,"riau-last_blank","riau",110,2,1,1,"mišinys","miširiau"
319,"first_blank","first_blank-miš","miš",2,18,"first_blank-kem","kem",18,0,0,1,"miško","kemko"
705,"first_blank","first_blank-mis","mis",3,13,"first_blank-šach","šach",13,0,1,1,"missile","šachsile"
763,"čiu","čiu-tė","tė",3,1,"aukš-tė","aukš",1,0,1,1,"močiutė","moaukštė"
877,"first_blank","first_blank-moks","moks",2,40,"first_blank-spar","spar",40,0,0,2,"mokslas","sparlas"
234,"first_blank","first_blank-moks","moks",4,40,"first_blank-prieš","prieš",30,10,1,1,"mokslininkas","priešlininkas"
375,"kyk","kyk-la","la",3,1,"gori-la","gori",1,0,1,1,"mokykla","mogorila"
490,"ky","ky-ti","ti",3,75,"tvir-ti","tvir",31,44,2,1,"mokyti","motvirti"
835,"to","to-jas","jas",4,95,"to-night","night",1,94,2,1,"mokytojas","mokytonight"
202,"rius","rius-last_blank","last_blank",4,165,"sakėt-last_blank","sakėt",7,158,1,1,"monitorius","monitosakėt"
53,"first_blank","first_blank-mor","mor",3,58,"first_blank-fran","fran",58,0,1,1,"morfinas","franfinas"
962,"tel","tel-last_blank","last_blank",2,3,"lūš-last_blank","lūš",3,0,0,1,"motel","molūš"
506,"te","te-ris","ris",3,54,"te-kant","kant",2,52,1,1,"moteris","motekant"
258,"first_blank","first_blank-moun","moun",2,1,"first_blank-móne","móne",1,0,0,1,"mountain","mónetain"
343,"šis","šis-last_blank","last_blank",2,19,"nėm-last_blank","nėm",19,0,0,1,"mūšis","mūnėm"
207,"mu","mu-ta","ta",4,8,"krikš-ta","krikš",7,1,3,1,"mutacija","krikštacija"
111,"zie","zie-jus","jus",3,3,"įsto-jus","įsto",1,2,1,1,"muziejus","muįstojus"
200,"zi","zi-ka","ka",3,11,"tvar-ka","tvar",6,5,2,1,"muzika","mutvarka"
151,"kan","kan-tas","tas",4,3,"spręs-tas","spręs",2,1,2,1,"muzikantas","muzispręstas"
868,"first_blank","first_blank-nau","nau",4,176,"first_blank-elekt","elekt",46,130,2,1,"naudojimas","elektdojimas"
519,"gas","gas-last_blank","last_blank",5,352,"kreipk-last_blank","kreipk",5,347,3,1,"neatsakingas","neatsakinkreipk"
131,"mas","mas-last_blank","last_blank",4,1522,"džiui-last_blank","džiui",25,1497,2,1,"nebuvimas","nebuvidžiui"
523,"ne","ne-ga","ga",3,81,"ne-truk","truk",18,63,2,1,"negali","netrukli"
878,"first_blank","first_blank-nei","nei",3,47,"first_blank-silp","silp",46,1,1,1,"neigiamas","silpgiamas"
276,"first_blank","first_blank-ne","ne",9,6930,"žings-ne","žings",5,6925,6,1,"nelaimingas atsitikimas","žingsnelaimingas atsitikimas"
520,"lo","lo-nus","nus",4,4,"lo-šėjai","šėjai",1,3,2,1,"nemalonus","nemalošėjai"
850,"mau","mau-ti","ti",4,12,"kreip-ti","kreip",7,5,2,1,"nerimauti","nerikreipti"
521,"ner","ner-vai","vai",2,1,"riu-vai","riu",1,0,0,1,"nervai","riuvai"
528,"ne","ne-są","są",5,19,"ne-triukš","triukš",4,15,4,1,"nesąžininga","netriukšžininga"
532,"ne","ne-sėk","sėk",3,13,"ne-švan","švan",13,0,1,1,"nesėkmė","nešvanmė"
890,"se","se-niai","niai",3,2,"se-bast","bast",2,0,0,1,"neseniai","nesebast"
240,"first_blank","first_blank-nėš","nėš",3,9,"first_blank-barz","barz",9,0,1,1,"nėštumas","barztumas"
820,"kė","kė-tai","tai",4,1,"kė-siuos","siuos",1,0,2,1,"netikėtai","netikėsiuos"
27,"no","no-ma","ma",4,13,"keiks-ma","keiks",3,10,3,1,"nežinoma","nežikeiksma"
539,"ras","ras-last_blank","last_blank",2,305,"lio-last_blank","lio",306,1,0,1,"noras","nolio"
855,"ma","ma-lus","lus",3,8,"ma-žiau","žiau",8,0,1,1,"normalus","normažiau"
79,"first_blank","first_blank-no","no",3,177,"praskaidri-no","praskaidri",1,176,1,7,"nosinė","praskaidrinosinė"
128,"no","no-sis","sis",2,2,"no-met","met",2,0,0,1,"nosis","nomet"
633,"lė","lė-ti","ti",4,53,"trauk-ti","trauk",17,36,3,1,"nugalėti","nugatraukti"
531,"jas","jas-last_blank","last_blank",5,269,"kreipk-last_blank","kreipk",5,264,3,1,"nugalėtojas","nugalėtokreipk"
543,"nuo","nuo-gas","gas",2,1,"nuo-tru","tru",1,0,0,1,"nuogas","nuotru"
969,"lat","lat-last_blank","last_blank",2,1,"gėn-last_blank","gėn",1,0,0,1,"nuolat","nuogėn"
742,"nuo","nuo-ma","ma",2,5,"sek-ma","sek",5,0,0,1,"nuoma","sekma"
545,"nuo","nuo-mo","mo",4,26,"aliar-mo","aliar",1,25,2,1,"nuomotojas","aliarmotojas"
193,"šir","šir-dus","dus",3,1,"raun-dus","raun",1,0,1,1,"nuoširdus","nuoraundus"
298,"sta","sta-bi","bi",3,25,"grie-bi","grie",2,23,1,1,"nuostabi","nuogriebi"
312,"nuo","nuo-ta","ta",3,12,"vyks-ta","vyks",11,1,1,1,"nuotaka","vykstaka"
622,"trauka","trauka-last_blank","last_blank",2,4,"trenks-last_blank","trenks",4,0,0,1,"nuotrauka","nuotrenks"
854,"nu","nu-plau","plau",4,7,"nu-kenks","kenks",6,1,1,1,"nuplaukite","nukenkskite"
874,"te","te-last_blank","last_blank",5,2118,"te-neriūkš","neriūkš",1,2117,3,5,"nurodykite","nurodykiteneriūkš"
541,"kal","kal-ti","ti",5,51,"šniukš-ti","šniukš",3,48,3,1,"nusikaltimas","nusišniukštimas"
785,"mas","mas-last_blank","last_blank",5,1522,"kreipk-last_blank","kreipk",5,1517,3,1,"nusivylimas","nusivylikreipk"
181,"nu","nu-sta","sta",4,35,"nu-kreip","kreip",14,21,2,1,"nustatymas","nukreiptymas"
542,"nu","nu-žu","žu",4,70,"nu-spren","spren",19,51,3,1,"nužudyti","nusprendyti"
645,"nykš","nykš-tys","tys",2,1,"kraš-tys","kraš",1,0,0,1,"nykštys","kraštys"
909,"first_blank","first_blank-oma","oma",2,13,"first_blank-ape","ape",13,0,0,1,"omarų","aperų"
987,"first_blank","first_blank-oran","oran",3,11,"first_blank-švei","švei",11,0,0,1,"oranžinė","šveižinė"
648,"bi","bi-ta","ta",3,7,"karš-ta","karš",7,0,2,1,"orbita","orkaršta"
560,"zuo","zuo-ti","ti",5,20,"skleis-ti","skleis",6,14,3,1,"organizuoti","organiskleisti"
886,"stas","stas-last_blank","last_blank",2,12,"kels-last_blank","kels",12,0,0,1,"oro uostas","oro uokels"
670,"oru","oru-mas","mas",2,1,"rio-mas","rio",1,0,0,1,"orumas","riomas"
567,"lys","lys-last_blank","last_blank",3,61,"džio-last_blank","džio",61,0,1,1,"paauglys","paaugdžio"
105,"pa","pa-beg","beg",3,1,"pa-link","link",1,0,1,1,"pabegti","palinkti"
492,"da","da-ras","ras",3,6,"da-niel","niel",3,3,1,1,"padaras","padaniel"
570,"vė","vė-ja","ja",4,6,"džiuo-ja","džiuo",4,2,3,1,"padavėja","padadžiuoja"
404,"da","da-žas","žas",3,1,"da-brio","brio",1,0,1,1,"padažas","padabrio"
860,"dė","dė-kos","kos",3,3,"dė-liai","liai",4,1,1,1,"padėkos","padėliai"
573,"gal","gal-ba","ba",3,1,"blem-ba","blem",1,0,1,1,"pagalba","pablemba"
44,"pa","pa-gal","gal",5,74,"pa-sveiks","sveiks",2,72,3,1,"pagalvokite","pasveiksvokite"
631,"mos","mos-last_blank","last_blank",3,172,"čiai-last_blank","čiai",172,0,1,1,"pajamos","pajačiai"
580,"pa","pa-kan","kan",3,11,"pa-reiš","reiš",11,0,1,1,"pakanka","pareiška"
974,"ke","ke-tas","tas",3,11,"ke-liuo","liuo",2,9,1,1,"paketas","pakeliuo"
376,"pa","pa-klau","klau",5,52,"pa-sveiks","sveiks",2,50,2,1,"paklauskite","pasveiksskite"
589,"kran","kran-tė","tė",3,2,"laks-tė","laks",2,0,0,1,"pakrantė","palakstė"
330,"pa","pa-moks","moks",3,10,"pa-siel","siel",10,0,0,1,"pamokslas","pasiellas"
588,"pa","pa-pil","pil",4,20,"pa-trauk","trauk",26,6,2,1,"papildomas","patraukdomas"
514,"pras","pras-ta","ta",3,6,"šven-ta","šven",6,0,0,1,"paprasta","pašventa"
508,"pras","pras-tai","tai",3,4,"tvir-tai","tvir",2,2,0,1,"paprastai","patvirtai"
28,"mal","mal-last_blank","last_blank",4,3,"čiups-last_blank","čiups",3,0,2,1,"paranormal","paranorčiups"
32,"ra","ra-šas","šas",3,5,"ra-tink","tink",4,1,1,1,"parašas","paratink"
82,"par","par-da","da",4,60,"žvelg-da","žvelg",5,55,2,1,"pardavimas","žvelgdavimas"
642,"duo","duo-ti","ti",3,37,"tvir-ti","tvir",31,6,1,1,"parduoti","partvirti"
595,"duo","duo-tu","tu",4,17,"švies-tu","švies",5,12,2,1,"parduotuvė","paršviestuvė"
557,"pa","pa-rei","rei",4,48,"pa-klaus","klaus",7,41,2,1,"pareigūnas","paklausgūnas"
387,"pa","pa-reiš","reiš",4,11,"pa-klaus","klaus",7,4,1,1,"pareiškimas","paklauskimas"
225,"ro","ro-da","da",3,2,"dels-da","dels",2,0,2,1,"paroda","padelsda"
602,"pa","pa-ruoš","ruoš",4,15,"pa-sielg","sielg",13,2,1,1,"paruoškite","pasielgkite"
598,"te","te-last_blank","last_blank",5,2118,"te-neriūkš","neriūkš",1,2117,3,5,"pasakykite","pasakykiteneriūkš"
599,"lin","lin-ti","ti",4,28,"trauk-ti","trauk",17,11,2,1,"pašalinti","pašatraukti"
114,"pa","pa-sas","sas",2,2,"pa-brė","brė",2,0,0,1,"pasas","pabrė"
283,"pa","pa-sau","sau",3,30,"pa-tvir","tvir",30,0,1,1,"pasaulis","patvirlis"
601,"rink","rink-ti","ti",4,11,"spaus-ti","spaus",8,3,1,1,"pasirinkti","pasispausti"
62,"si","si-tei","tei",6,22,"si-čiurkšt","čiurkšt",1,21,4,1,"pasiteisinimas","pasičiurkštsinimas"
576,"mas","mas-last_blank","last_blank",6,1522,"sikrušk-last_blank","sikrušk",3,1519,4,1,"pasitikėjimas","pasitikėjisikrušk"
605,"pa","pa-siū","siū",4,40,"pa-trauk","trauk",26,14,2,1,"pasiūlyti","patrauklyti"
503,"mas","mas-last_blank","last_blank",6,1522,"sikrušk-last_blank","sikrušk",3,1519,4,1,"pasivaikščiojimas","pasivaikščiojisikrušk"
760,"paskai","paskai-ta","ta",2,1,"skleis-ta","skleis",1,0,0,3,"paskaita","skleista"
402,"first_blank","first_blank-pas","pas",3,112,"first_blank-bend","bend",116,4,1,1,"paskola","bendkola"
644,"pas","pas-ku","ku",4,38,"fizru-ku","fizru",1,37,2,1,"paskutinė","fizrukutinė"
607,"slap","slap-tis","tis",3,1,"įpro-tis","įpro",1,0,0,1,"paslaptis","paįprotis"
571,"slėp","slėp-ti","ti",3,5,"verž-ti","verž",5,0,0,1,"paslėpti","paveržti"
119,"sta","sta-tas","tas",3,2,"lauk-tas","lauk",2,0,1,1,"pastatas","palauktas"
799,"pa","pa-strai","strai",3,2,"pa-kvaiš","kvaiš",2,0,0,1,"pastraipa","pakvaišpa"
610,"pa","pa-su","su",4,13,"pa-žvelg","žvelg",6,7,3,1,"pasukite","pažvelgkite"
858,"pa","pa-svei","svei",5,24,"pa-čiulpk","čiulpk",1,23,2,1,"pasveikinkite","pačiulpkkinkite"
611,"tar","tar-ti","ti",3,14,"čiuo-ti","čiuo",14,0,1,1,"patarti","pačiuoti"
269,"tei","tei-ki","ki",4,7,"sprun-ki","sprun",1,6,2,1,"pateikite","pasprunkite"
566,"ki","ki-mas","mas",4,75,"ki-birkš","birkš",7,68,2,1,"patikimas","patikibirkš"
613,"pa","pa-tik","tik",5,53,"pa-saulls","saulls",1,52,3,1,"patikrinkite","pasaullsrinkite"
39,"first_blank","first_blank-pat","pat",5,17,"first_blank-triukš","triukš",18,1,3,1,"patruliavimas","triukšruliavimas"
426,"pa","pa-tvir","tvir",5,30,"pa-spruks","spruks",2,28,2,1,"patvirtinimas","pasprukstinimas"
619,"pa","pa-tvir","tvir",4,30,"pa-sielg","sielg",13,17,1,1,"patvirtinti","pasielgtinti"
130,"paukš","paukš-tis","tis",2,1,"liūkš-tis","liūkš",1,0,0,1,"paukštis","liūkštis"
938,"mas","mas-last_blank","last_blank",5,1522,"kreipk-last_blank","kreipk",5,1517,3,1,"pavadinimas","pavadinikreipk"
582,"arys","arys-last_blank","last_blank",7,1,"stebčiau-last_blank","stebčiau",2,1,4,1,"pavaduojantis narys","pavaduojantis nstebčiau"
802,"var","var-dė","dė",3,3,"įžei-dė","įžei",3,0,1,1,"pavardė","paįžeidė"
623,"vel","vel-dė","dė",4,10,"skruz-dė","skruz",6,4,2,1,"paveldėti","paskruzdėti"
804,"šius","šius-last_blank","last_blank",3,19,"mesk-last_blank","mesk",16,3,0,1,"paviršius","pavirmesk"
722,"jin","jin-ga","ga",4,6,"įžval-ga","įžval",1,5,2,1,"pavojinga","pavoįžvalga"
721,"vo","vo-jus","jus",3,3,"vo-kiau","kiau",3,0,1,1,"pavojus","pavokiau"
230,"ža","ža-das","das",3,1,"ža-viuo","viuo",1,0,1,1,"pažadas","pažaviuo"
344,"first_blank","first_blank-pei","pei",2,28,"first_blank-bru","bru",28,0,0,1,"peilis","brulis"
458,"pe","pe-nis","nis",2,2,"pe-dsa","dsa",2,0,0,1,"penis","pedsa"
553,"per","per-dė","dė",3,5,"įvyk-dė","įvyk",5,0,1,1,"perdėti","įvykdėti"
814,"i","i-met","met",4,4,"i-čiuok","čiuok",1,3,2,1,"perimetras","peričiuokras"
965,"spek","spek-ty","ty",4,7,"švais-ty","švais",9,2,1,1,"perspektyva","peršvaistyva"
806,"trauka","trauka-last_blank","last_blank",2,4,"trenks-last_blank","trenks",4,0,0,1,"pertrauka","pertrenks"
318,"di","di-mas","mas",4,42,"di-džiuo","džiuo",25,17,2,1,"pervedimas","pervedidžiuo"
157,"first_blank","first_blank-pie","pie",3,84,"first_blank-kvai","kvai",84,0,1,1,"piešimas","kvaišimas"
925,"tūs","tūs-last_blank","last_blank",2,12,"rim-last_blank","rim",12,0,0,1,"pietūs","pierim"
353,"first_blank","first_blank-pi","pi",1,241,"first_blank-na","na",241,0,0,1,"pig","nag"
121,"pi","pi-gūs","gūs",2,1,"pi-mui","mui",1,0,0,1,"pigūs","pimui"
625,"pik","pik-tas","tas",2,1,"sem-tas","sem",1,0,0,1,"piktas","semtas"
732,"pi","pi-lis","lis",2,1,"pi-nėj","nėj",1,0,0,1,"pilis","pinėj"
867,"ll","ll-last_blank","last_blank",1,24,"gį-last_blank","gį",24,0,0,1,"pill","pigį"
913,"first_blank","first_blank-pil","pil",2,61,"first_blank-man","man",61,0,0,1,"pilnas","mannas"
55,"lo","lo-tas","tas",3,4,"lo-well","well",1,3,1,1,"pilotas","pilowell"
834,"pil","pil-vo","vo",2,1,"ner-vo","ner",1,0,0,1,"pilvo","nervo"
640,"ni","ni-gai","gai",3,2,"ni-ruok","ruok",2,0,1,1,"pinigai","piniruok"
371,"ni","ni-gi","gi",4,10,"įžvel-gi","įžvel",2,8,3,1,"piniginė","piįžvelginė"
594,"pir","pir-kė","kė",3,10,"tren-kė","tren",13,3,1,1,"pirkėjas","trenkėjas"
31,"pir","pir-mas","mas",2,1,"raz-mas","raz",1,0,0,1,"pirmas","razmas"
174,"udai","udai-last_blank","last_blank",5,1,"nahlee-last_blank","nahlee",1,0,2,1,"pirštų atspaudai","pirštų atspanahlee"
826,"first_blank","first_blank-plak","plak",3,13,"first_blank-džio","džio",13,0,0,1,"plaktukas","džiotukas"
597,"pla","pla-na","na",4,24,"carbo-na","carbo",1,23,2,1,"planavimas","carbonavimas"
133,"first_blank","first_blank-plast","plast",4,1,"first_blank-sueis","sueis",1,0,0,1,"plastmasinis","sueismasinis"
775,"pla","pla-tus","tus",2,1,"vie-tus","vie",1,0,0,1,"platus","vietus"
791,"first_blank","first_blank-plauk","plauk",2,11,"first_blank-šaukš","šaukš",11,0,0,1,"plaukti","šaukšti"
616,"first_blank","first_blank-ple","ple",2,20,"first_blank-smū","smū",20,0,0,1,"pleasant","smūasant"
250,"first_blank","first_blank-plėš","plėš",3,8,"first_blank-simp","simp",8,0,0,1,"plėšrūnas","simprūnas"
688,"first_blank","first_blank-plėt","plėt",2,2,"first_blank-įlen","įlen",2,0,0,1,"plėtra","įlenra"
109,"plie","plie-no","no",2,1,"neig-no","neig",1,0,0,1,"plieno","neigno"
186,"first_blank","first_blank-plokš","plokš",3,17,"first_blank-veiks","veiks",18,1,0,1,"plokštelė","veikstelė"
443,"ke","ke-ris","ris",3,29,"ke-sler","sler",1,28,1,1,"pokeris","pokesler"
903,"first_blank","first_blank-pokš","pokš",2,13,"first_blank-kons","kons",13,0,0,1,"pokštas","konstas"
999,"li","li-ti","ti",4,28,"trauk-ti","trauk",17,11,3,1,"politika","potrauktika"
658,"kas","kas-last_blank","last_blank",4,758,"džiui-last_blank","džiui",25,733,2,1,"politikas","politidžiui"
407,"nis","nis-last_blank","last_blank",4,545,"trauk-last_blank","trauk",19,526,2,1,"politinis","polititrauk"
127,"rai","rai-last_blank","last_blank",4,195,"siems-last_blank","siems",31,164,2,1,"pomidorai","pomidosiems"
306,"vei","vei-kis","kis",3,1,"įran-kis","įran",1,0,1,1,"poveikis","poįrankis"
823,"zi","zi-ci","ci",4,15,"korup-ci","korup",4,11,3,1,"pozicija","pokorupcija"
546,"žiū","žiū-ris","ris",3,1,"hamf-ris","hamf",1,0,1,1,"požiūris","pohamfris"
947,"džio","džio-je","je",3,2,"chav-je","chav",2,0,0,1,"pradžioje","prachavje"
57,"ei","ei-tis","tis",3,4,"ei-nant","nant",3,1,1,1,"praeitis","praeinant"
592,"ga","ga-ras","ras",3,4,"ga-benk","benk",4,0,1,1,"pragaras","pragabenk"
626,"first_blank","first_blank-prak","prak",3,14,"first_blank-jung","jung",14,0,0,1,"praktiškai","jungtiškai"
63,"leis","leis-ti","ti",3,25,"siun-ti","siun",26,1,0,1,"praleisti","prasiunti"
26,"first_blank","first_blank-pran","pran",5,36,"first_blank-sluoks","sluoks",11,25,2,1,"prancūzų kalba","sluokscūzų kalba"
297,"ši","ši-mas","mas",4,19,"ši-kniui","kniui",1,18,2,1,"pranešimas","pranešikniui"
714,"pra","pra-šy","šy",3,60,"niek-šy","niek",3,57,1,1,"prašymas","niekšymas"
667,"i","i-mas","mas",4,10,"i-čiuok","čiuok",1,9,2,1,"pratimas","pratičiuok"
388,"first_blank","first_blank-pre","pre",5,110,"first_blank-žvaigž","žvaigž",30,80,3,1,"prekybininkas","žvaigžkybininkas"
337,"den","den-tas","tas",4,10,"trauk-tas","trauk",5,5,2,1,"prezidentas","prezitrauktas"
671,"first_blank","first_blank-prie","prie",4,234,"first_blank-links","links",52,182,1,1,"prieglauda","linksglauda"
304,"prie","prie-lai","lai",3,5,"tink-lai","tink",2,3,0,1,"prielaida","tinklaida"
681,"prie","prie-sai","sai",3,5,"dark-sai","dark",3,2,0,1,"priesaika","darksaika"
676,"prie","prie-šin","šin",3,21,"kiau-šin","kiau",1,20,0,1,"priešingai","kiaušingai"
675,"prie","prie-ši","ši",4,25,"sikru-ši","sikru",1,24,1,1,"priešininkas","sikrušininkas"
448,"prie","prie-tai","tai",3,7,"skai-tai","skai",4,3,0,1,"prietaisas","skaitaisas"
678,"first_blank","first_blank-prie","prie",3,234,"first_blank-klau","klau",116,118,0,1,"priežastis","klaužastis"
608,"first_blank","first_blank-prie","prie",3,234,"first_blank-klau","klau",116,118,0,1,"priežiūra","klaužiūra"
70,"first_blank","first_blank-pri","pri",3,1204,"first_blank-klau","klau",116,1088,1,1,"priimti","klauimti"
679,"cas","cas-last_blank","last_blank",2,21,"žia-last_blank","žia",21,0,0,1,"princas","prinžia"
585,"si","si-min","min",4,24,"si-trauk","trauk",32,8,2,1,"prisiminti","prisitraukti"
163,"pri","pri-trauk","trauk",3,4,"pri-reiks","reiks",3,1,0,1,"pritraukti","prireiksti"
682,"pri","pri-va","va",4,71,"čecho-va","čecho",1,70,2,1,"privatumas","čechovatumas"
538,"pri","pri-zas","zas",2,2,"pri-kel","kel",2,0,0,1,"prizas","prikel"
684,"first_blank","first_blank-prob","prob",3,14,"first_blank-rein","rein",14,0,0,1,"problema","reinlema"
685,"first_blank","first_blank-pro","pro",4,293,"first_blank-links","links",52,241,2,1,"procedūra","linkscedūra"
668,"duk","duk-tas","tas",3,1,"fros-tas","fros",1,0,1,1,"produktas","profrostas"
161,"so","so-rius","rius",4,5,"so-dexho","dexho",1,4,1,1,"profesorius","profesodexho"
15,"nal","nal-last_blank","last_blank",4,7,"čiuot-last_blank","čiuot",7,0,2,1,"professional","professiočiuot"
689,"first_blank","first_blank-prog","prog",3,23,"first_blank-įkal","įkal",23,0,0,1,"programa","įkalrama"
862,"pro","pro-tin","tin",3,33,"tvir-tin","tvir",24,9,1,1,"protinga","tvirtinga"
691,"pro","pro-tin","tin",3,33,"tvir-tin","tvir",24,9,1,1,"protingas","tvirtingas"
869,"ko","ko-las","las",4,7,"ko-džiui","džiui",1,6,2,1,"protokolas","protokodžiui"
488,"pro","pro-to","to",4,17,"švais-to","švais",6,11,2,1,"prototipas","švaistotipas"
22,"cho","cho-lo","lo",5,24,"prisvi-lo","prisvi",1,23,3,1,"psichologija","psiprisvilogija"
470,"cho","cho-lo","lo",5,24,"maksve-lo","maksve",1,23,3,1,"psichologinis","psimaksveloginis"
266,"first_blank","first_blank-pui","pui",2,35,"first_blank-ang","ang",35,0,0,1,"puikus","angkus"
41,"first_blank","first_blank-pul","pul",4,41,"first_blank-trans","trans",40,1,2,1,"pulkininkas","transkininkas"
836,"pu","pu-ll","ll",1,1,"pu-dy","dy",1,0,0,1,"pull","pudy"
241,"bro","bro-lis","lis",3,2,"idea-lis","idea",2,0,1,1,"pusbrolis","pusidealis"
936,"ry","ry-čiai","čiai",3,1,"ry-sler","sler",1,0,0,1,"pusryčiai","pusrysler"
955,"ni","ni-mas","mas",4,99,"ni-fique","fique",1,98,2,1,"pykinimas","pykinifique"
701,"first_blank","first_blank-pyk","pyk",2,9,"first_blank-šon","šon",9,0,0,1,"pyktis","šontis"
816,"first_blank","first_blank-rac","rac",3,1,"first_blank-guns","guns",1,0,1,1,"raccoon","gunscoon"
929,"dia","dia-ci","ci",4,3,"korup-ci","korup",4,1,2,1,"radiacija","rakorupcija"
666,"ga","ga-na","na",3,7,"silp-na","silp",7,0,2,1,"ragana","rasilpna"
915,"ra","ra-mus","mus",2,3,"ra-liu","liu",3,0,0,1,"ramus","raliu"
708,"ran","ran-ka","ka",2,3,"viš-ka","viš",3,0,0,1,"ranka","viška"
29,"first_blank","first_blank-rankšluos","rankšluos",2,7,"first_blank-longstrai","longstrai",2,5,0,6,"rankšluostis","longstraitis"
577,"som","som-last_blank","last_blank",2,8,"vėj-last_blank","vėj",8,0,0,1,"ransom","ranvėj"
659,"šik","šik-lis","lis",3,1,"bent-lis","bent",1,0,1,1,"rašiklis","rabentlis"
579,"first_blank","first_blank-ras","ras",2,18,"first_blank-kin","kin",18,0,0,1,"rasti","kinti"
789,"šy","šy-ki","ki",4,10,"kreip-ki","kreip",6,4,3,1,"rašykite","rakreipkite"
788,"mas","mas-last_blank","last_blank",3,1522,"džia-last_blank","džia",75,1447,1,1,"rašymas","rašydžia"
655,"to","to-jas","jas",4,95,"to-night","night",1,94,2,1,"rašytojas","rašytonight"
522,"muo","muo-last_blank","last_blank",2,11,"tat-last_blank","tat",11,0,0,1,"raumuo","rautat"
233,"rius","rius-last_blank","last_blank",4,165,"sakėt-last_blank","sakėt",7,158,1,1,"reaktorius","reaktosakėt"
558,"first_blank","first_blank-rea","rea",2,33,"first_blank-and","and",33,0,0,1,"realus","andlus"
129,"first_blank","first_blank-rei","rei",2,159,"first_blank-kar","kar",160,1,0,1,"reikia","karkia"
212,"li","li-gi","gi",4,19,"įžvel-gi","įžvel",2,17,3,1,"religija","reįžvelgija"
216,"mon","mon-tas","tas",3,3,"žiuo-tas","žiuo",3,0,1,1,"remontas","režiuotas"
346,"first_blank","first_blank-rep","rep",5,52,"first_blank-žvaigž","žvaigž",30,22,3,1,"reputacija","žvaigžutacija"
693,"first_blank","first_blank-res","res",4,21,"first_blank-šlykš","šlykš",23,2,2,1,"restoranas","šlykštoranas"
351,"re","re-tai","tai",2,4,"re-sur","sur",4,0,0,1,"retai","resur"
718,"zul","zul-ta","ta",4,10,"sraig-ta","sraig",11,1,2,1,"rezultatas","resraigtatas"
338,"rin","rin-kė","kė",3,5,"agur-kė","agur",3,2,1,1,"rinkėjas","agurkėjas"
334,"first_blank","first_blank-rin","rin",3,51,"first_blank-tvar","tvar",56,5,1,1,"rinkimai","tvarkimai"
716,"first_blank","first_blank-rin","rin",4,51,"first_blank-elekt","elekt",46,5,2,1,"rinkodara","elektkodara"
624,"ro","ro-b","b",1,2,"vi-b","vi",3,1,0,1,"rob","vib"
136,"first_blank","first_blank-ro","ro",2,395,"first_blank-įsi","įsi",395,0,1,1,"roma","įsima"
180,"man","man-tiš","tiš",4,12,"egois-tiš","egois",1,11,2,1,"romantiškas","roegoistiškas"
621,"duo","duo-last_blank","last_blank",2,2,"ėdė-last_blank","ėdė",2,0,0,1,"ruduo","ruėdė"
158,"rū","rū-kas","kas",2,2,"rū-pim","pim",1,1,0,1,"rūkas","rūpim"
912,"first_blank","first_blank-rung","rung",3,9,"first_blank-mask","mask",9,0,0,1,"rungtynės","masktynės"
396,"šys","šys-last_blank","last_blank",2,31,"not-last_blank","not",31,0,0,1,"ryšys","rynot"
736,"ry","ry-tas","tas",2,8,"ry-kim","kim",7,1,0,1,"rytas","rykim"
809,"ta","ta-žas","žas",4,6,"ta-sxdel","sxdel",1,5,2,1,"sabotažas","sabotasxdel"
641,"lor","lor-last_blank","last_blank",2,4,"dzė-last_blank","dzė",4,0,0,1,"sailor","saidzė"
994,"nys","nys-last_blank","last_blank",3,112,"riau-last_blank","riau",110,2,1,1,"sakinys","sakiriau"
749,"ku","ku-tė","tė",3,3,"pras-tė","pras",3,0,2,1,"šakutė","šaprastė"
818,"lo","lo-tos","tos",3,2,"lo-niai","niai",2,0,1,1,"salotos","saloniai"
348,"šal","šal-ta","ta",2,10,"por-ta","por",10,0,0,1,"šalta","porta"
977,"first_blank","first_blank-šam","šam",3,9,"first_blank-spyg","spyg",9,0,1,1,"šampanas","spygpanas"
537,"rai","rai-last_blank","last_blank",4,195,"siems-last_blank","siems",31,164,2,1,"samurai","samusiems"
414,"šan","šan-ta","ta",3,6,"skir-ta","skir",6,0,1,1,"šantažas","skirtažas"
800,"tuo","tuo-ka","ka",3,1,"kost-ka","kost",1,0,1,1,"santuoka","sankostka"
772,"šar","šar-vai","vai",2,1,"ria-vai","ria",1,0,0,1,"šarvai","riavai"
703,"tel","tel-li","li",4,1,"kings-li","kings",1,0,2,1,"satellite","sakingslite"
746,"first_blank","first_blank-šau","šau",3,123,"first_blank-bend","bend",116,7,1,1,"šaudyti","benddyti"
748,"first_blank","first_blank-sau","sau",3,185,"first_blank-prie","prie",234,49,1,1,"saugoma","priegoma"
747,"sau","sau-gu","gu",3,9,"bliz-gu","bliz",3,6,1,1,"saugumas","blizgumas"
473,"first_blank","first_blank-sau","sau",2,185,"first_blank-ver","ver",185,0,0,1,"saulė","verlė"
445,"ulės","ulės-last_blank","last_blank",4,1,"rimpl-last_blank","rimpl",1,0,1,1,"saulės saulės","saulės sarimpl"
780,"sau","sau-nus","nus",2,1,"cio-nus","cio",1,0,0,1,"saunus","cionus"
354,"vai","vai-tai","tai",3,1,"vai-ruok","ruok",1,0,1,1,"savaitai","savairuok"
474,"vai","vai-tė","tė",3,5,"rykš-tė","rykš",3,2,1,1,"savaitė","sarykštė"
928,"nau","nau-dis","dis",4,2,"spren-dis","spren",1,1,2,1,"savanaudis","savasprendis"
754,"kai","kai-last_blank","last_blank",5,680,"trenks-last_blank","trenks",4,676,3,1,"savanoriškai","savanorištrenks"
547,"nin","nin-kas","kas",4,102,"strei-kas","strei",1,101,2,1,"savininkas","savistreikas"
442,"mas","mas-last_blank","last_blank",5,1522,"kreipk-last_blank","kreipk",5,1517,3,1,"sąžiningumas","sąžiningukreipk"
875,"ar","ar-last_blank","last_blank",1,9,"ns-last_blank","ns",9,0,0,1,"scar","scns"
830,"first_blank","first_blank-sė","sė",3,94,"first_blank-bran","bran",89,5,2,1,"sėdėti","brandėti"
374,"šei","šei-ma","ma",2,1,"far-ma","far",1,0,0,1,"šeima","farma"
769,"sek","sek-ma","ma",4,5,"plast-ma","plast",1,4,2,1,"sekmadienis","plastmadienis"
937,"first_blank","first_blank-sėk","sėk",3,28,"first_blank-džiu","džiu",28,0,1,1,"sėkmingai","džiumingai"
596,"na","na-tas","tas",3,10,"na-miui","miui",2,8,1,1,"senatas","senamiui"
252,"rius","rius-last_blank","last_blank",4,165,"jungt-last_blank","jungt",7,158,1,1,"senatorius","senatojungt"
525,"ser","ser-ga","ga",2,5,"vin-ga","vin",5,0,0,1,"serga","vinga"
637,"first_blank","first_blank-šiau","šiau",2,30,"first_blank-pras","pras",30,0,0,1,"šiaurė","prasrė"
83,"bras","bras-last_blank","last_blank",3,2,"šalk-last_blank","šalk",2,0,0,1,"sidabras","sidašalk"
156,"first_blank","first_blank-sig","sig",3,18,"first_blank-ener","ener",18,0,1,1,"signalas","enernalas"
829,"silp","silp-nas","nas",2,1,"stia-nas","stia",1,0,0,1,"silpnas","stianas"
948,"bo","bo-lis","lis",3,1,"bo-oger","oger",1,0,1,1,"simbolis","simbooger"
908,"šim","šim-tas","tas",2,2,"sen-tas","sen",2,0,0,1,"šimtas","sentas"
782,"first_blank","first_blank-sind","sind",3,4,"first_blank-apar","apar",4,0,0,1,"sindromas","aparromas"
184,"si","si-p","p",1,1,"am-p","am",1,0,0,1,"sip","amp"
530,"first_blank","first_blank-sis","sis",3,10,"first_blank-blai","blai",10,0,1,1,"sistema","blaitema"
784,"šiukš","šiukš-lių","lių",2,1,"trauk-lių","trauk",1,0,0,2,"šiukšlių","trauklių"
68,"siųs","siųs-ti","ti",2,9,"vais-ti","vais",9,0,0,1,"siųsti","vaisti"
323,"first_blank","first_blank-siųs","siųs",3,15,"first_blank-bliz","bliz",15,0,0,1,"siųstuvas","bliztuvas"
606,"skan","skan-da","da",3,8,"žiuo-da","žiuo",8,0,0,1,"skandalas","žiuodalas"
792,"ska","ska-nus","nus",2,1,"blo-nus","blo",1,0,0,1,"skanus","blonus"
361,"first_blank","first_blank-skaus","skaus",2,16,"first_blank-sraig","sraig",16,0,0,1,"skausmas","sraigmas"
586,"ria","ria-si","si",3,8,"apel-si","apel",8,0,1,1,"skiriasi","skiapelsi"
419,"sti","sti-last_blank","last_blank",2,16,"šyt-last_blank","šyt",16,0,0,1,"skristi","skrišyt"
446,"skruos","skruos-tas","tas",2,1,"skleis-tas","skleis",1,0,0,1,"skruostas","skleistas"
550,"first_blank","first_blank-skry","skry",2,28,"first_blank-stik","stik",28,0,0,1,"skrydis","stikdis"
796,"ėjis","ėjis-last_blank","last_blank",5,1,"buklai-last_blank","buklai",1,0,2,1,"skubus atvėjis","skubus atvbuklai"
356,"sk","sk-ul","ul",1,1,"ka-ul","ka",1,0,0,1,"skull","kaull"
403,"first_blank","first_blank-sky","sky",2,64,"first_blank-ren","ren",64,0,0,1,"skylė","renlė"
958,"first_blank","first_blank-sky","sky",2,64,"first_blank-šal","šal",64,0,0,1,"skyrius","šalrius"
801,"first_blank","first_blank-skys","skys",2,16,"first_blank-juos","juos",16,0,0,1,"skystis","juostis"
752,"pias","pias-last_blank","last_blank",2,1,"geis-last_blank","geis",1,0,0,1,"šlapias","šlageis"
401,"first_blank","first_blank-šla","šla",4,20,"first_blank-krikš","krikš",19,1,2,1,"šlapimas","krikšpimas"
381,"slap","slap-ta","ta",4,10,"trūks-ta","trūks",11,1,1,1,"slaptažodis","trūkstažodis"
696,"slė","slė-gis","gis",2,1,"nuo-gis","nuo",1,0,0,1,"slėgis","nuogis"
198,"slė","slė-nis","nis",2,1,"bri-nis","bri",1,0,0,1,"slėnis","brinis"
803,"first_blank","first_blank-šlo","šlo",2,14,"first_blank-wil","wil",14,0,0,1,"šlovė","wilvė"
699,"first_blank","first_blank-smė","smė",2,5,"first_blank-gip","gip",5,0,0,1,"smėlis","giplis"
751,"first_blank","first_blank-snai","snai",3,15,"first_blank-įjun","įjun",15,0,0,1,"snaiperis","įjunperis"
370,"first_blank","first_blank-sna","sna",2,6,"first_blank-faš","faš",6,0,0,1,"snake","faške"
433,"snie","snie-gas","gas",2,1,"sbur-gas","sbur",1,0,0,1,"sniegas","sburgas"
437,"so","so-da","da",2,4,"so-mis","mis",4,0,1,1,"soda","somis"
583,"šo","šo-ki","ki",4,33,"kreip-ki","kreip",6,27,3,1,"šokinėti","kreipkinėti"
153,"šo","šo-kis","kis",2,1,"šo-nuo","nuo",1,0,0,1,"šokis","šonuo"
146,"das","das-last_blank","last_blank",4,308,"žiuok-last_blank","žiuok",10,298,2,1,"šokoladas","šokolažiuok"
352,"first_blank","first_blank-sos","sos",2,10,"first_blank-ami","ami",10,0,0,1,"sostas","amitas"
904,"so","so-un","un",1,2,"so-fą","fą",2,0,0,1,"sound","sofąd"
422,"first_blank","first_blank-spa","spa",3,25,"first_blank-pirš","pirš",25,0,1,1,"spageti","piršgeti"
730," mėn"," mėn-last_blank","last_blank",3,1,"reis-last_blank","reis",1,0,0,1,"spalio mėn","spalioreis"
495,"first_blank","first_blank-spau","spau",2,27,"first_blank-triu","triu",27,0,0,1,"spauda","triuda"
204,"lis","lis-tas","tas",4,9,"trauk-tas","trauk",5,4,2,1,"specialistas","speciatrauktas"
725,"taklis","taklis-last_blank","last_blank",2,1,"saulls-last_blank","saulls",1,0,0,1,"spektaklis","speksaulls"
328,"spin","spin-ta","ta",2,1,"guis-ta","guis",1,0,0,1,"spinta","guista"
260,"spor","spor-tas","tas",2,1,"slėg-tas","slėg",1,0,0,1,"sportas","slėgtas"
991,"first_blank","first_blank-spro","spro",3,14,"first_blank-gais","gais",14,0,0,1,"sprogimas","gaisgimas"
120,"first_blank","first_blank-sprogs","sprogs",6,6,"first_blank-pliaukš","pliaukš",6,0,1,1,"sprogstamoji dalis","pliaukštamoji dalis"
815,"sprog","sprog-ti","ti",2,2,"sielg-ti","sielg",2,0,0,1,"sprogti","sielgti"
247,"first_blank","first_blank-sraig","sraig",4,16,"first_blank-žings","žings",16,0,0,1,"sraigtasparnis","žingstasparnis"
309,"ar","ar-last_blank","last_blank",1,9,"ių-last_blank","ių",9,0,0,1,"star","stių"
584,"sta","sta-tu","tu",3,12,"nykš-tu","nykš",13,1,1,1,"statula","nykštula"
719,"sti","sti-lius","lius",2,1,"rie-lius","rie",1,0,0,1,"stilius","rielius"
845,"first_blank","first_blank-stip","stip",2,61,"first_blank-skam","skam",61,0,0,1,"stipriai","skamriai"
652,"sto","sto-ri","ri",2,2,"imb-ri","imb",2,0,0,1,"stori","imbri"
649,"sto","sto-tis","tis",2,1,"lan-tis","lan",1,0,0,1,"stotis","lantis"
647,"first_blank","first_blank-stra","stra",4,12,"first_blank-minkš","minkš",12,0,1,1,"strategija","minkštegija"
259,"first_blank","first_blank-strei","strei",3,7,"first_blank-trium","trium",7,0,0,1,"streikuoti","triumkuoti"
465,"first_blank","first_blank-striu","striu",2,6,"first_blank-skirs","skirs",6,0,0,1,"striukė","skirskė"
702,"first_blank","first_blank-struk","struk",3,8,"first_blank-skers","skers",8,0,0,1,"struktūra","skerstūra"
917,"first_blank","first_blank-stu","stu",3,57,"first_blank-fran","fran",58,1,1,1,"studija","frandija"
743,"first_blank","first_blank-suk","suk",4,69,"first_blank-trans","trans",40,29,2,1,"sukčiavimas","transčiavimas"
778,"first_blank","first_blank-suk","suk",3,69,"first_blank-kiau","kiau",70,1,1,1,"suknelė","kiaunelė"
635,"first_blank","first_blank-sul","sul",2,18,"first_blank-ale","ale",18,0,0,1,"sultys","aletys"
842,"su","su-ma","ma",2,55,"su-sto","sto",51,4,1,1,"suma","susto"
572,"žin","žin-ti","ti",4,20,"trauk-ti","trauk",17,3,2,1,"sumažinti","sumatraukti"
412,"su","su-nai","nai",5,49,"su-sprogs","sprogs",1,48,3,1,"sunaikinimas","susprogskinimas"
33,"nė","nė-nas","nas",3,1,"nė-liui","liui",1,0,1,1,"sūnėnas","sūnėliui"
844,"sun","sun-ku","ku",2,9,"liu-ku","liu",9,0,0,1,"sunku","liuku"
314,"first_blank","first_blank-sunk","sunk",4,13,"first_blank-švais","švais",14,1,1,1,"sunkvežimis","švaisvežimis"
189,"sū","sū-nus","nus",2,1,"sū-kiu","kiu",1,0,0,1,"sūnus","sūkiu"
137,"nio","nio-ti","ti",4,9,"spaus-ti","spaus",8,1,2,1,"supainioti","supaispausti"
49,"pjaus","pjaus-ty","ty",4,4,"krikš-ty","krikš",4,0,0,1,"supjaustyti","sukrikštyti"
848,"pras","pras-ti","ti",3,8,"aukš-ti","aukš",8,0,0,1,"suprasti","suaukšti"
849,"rink","rink-ti","ti",3,11,"pros-ti","pros",12,1,0,1,"surinkti","suprosti"
192,"ris","ris-last_blank","last_blank",2,375,"tum-last_blank","tum",411,36,0,1,"sūris","sūtum"
170,"di","di-nęs","nęs",5,6,"di-džiuiė","džiuiė",1,5,3,1,"susijaudinęs","susijaudidžiuiė"
393,"mas","mas-last_blank","last_blank",5,1522,"kreipk-last_blank","kreipk",5,1517,3,1,"susitikimas","susitikikreipk"
467,"si","si-tik","tik",4,56,"si-kraus","kraus",35,21,2,1,"susitikti","susikrausti"
926,"su","su-stab","stab",4,42,"su-triuš","triuš",6,36,1,1,"sustabdyti","sutriušdyti"
232,"su","su-tau","tau",4,14,"su-konst","konst",5,9,2,1,"sutaupyti","sukonstpyti"
851,"ki","ki-mas","mas",4,75,"ki-birkš","birkš",7,68,2,1,"sutikimas","sutikibirkš"
552,"su","su-trik","trik",4,3,"su-reaga","reaga",3,0,1,1,"sutrikdyti","sureagadyti"
986,"mas","mas-last_blank","last_blank",5,1522,"kreipk-last_blank","kreipk",5,1517,3,1,"sužalojimas","sužalojikreipk"
715,"svar","svar-ba","ba",2,1,"įkal-ba","įkal",1,0,0,1,"svarba","įkalba"
953,"svar","svar-bu","bu",2,4,"skre-bu","skre",4,0,0,1,"svarbu","skrebu"
483,"first_blank","first_blank-švel","švel",2,17,"first_blank-idea","idea",17,0,0,1,"švelnus","ideanus"
331,"šven","šven-tė","tė",2,4,"kles-tė","kles",3,1,0,1,"šventė","klestė"
471,"svies","svies-tas","tas",2,1,"siaus-tas","siaus",1,0,0,1,"sviestas","siaustas"
856,"švie","švie-ti","ti",3,8,"lauž-ti","lauž",8,0,0,1,"švietimas","laužtimas"
262,"first_blank","first_blank-svil","svil",3,1,"first_blank-ziau","ziau",1,0,0,1,"svilpukas","ziaupukas"
4,"švirkš","švirkš-tas","tas",2,1,"tuiruo-tas","tuiruo",1,0,0,2,"švirkštas","tuiruotas"
135,"first_blank","first_blank-svo","svo",3,13,"first_blank-plak","plak",13,0,1,1,"svogūnai","plakgūnai"
235,"ta","ta-ip","ip",1,1,"ta-šy","šy",1,0,0,1,"taip","tašy"
664,"len","len-tas","tas",3,2,"mirš-tas","mirš",2,0,1,1,"talentas","tamirštas"
324,"ta","ta-m","m",1,2,"ie-m","ie",3,1,0,1,"tam","iem"
768,"tam","tam-siai","siai",2,1,"kur-siai","kur",1,0,0,1,"tamsiai","kursiai"
951,"nau","nau-to","to",4,10,"skirs-to","skirs",3,7,2,1,"tarnautojas","tarskirstojas"
738,"tau","tau-ta","ta",2,2,"šik-ta","šik",2,0,0,1,"tauta","šikta"
369,"at","at-ras","ras",3,7,"at-viru","viru",7,0,1,1,"teatras","teatviru"
476,"first_blank","first_blank-tech","tech",3,29,"first_blank-laik","laik",29,0,0,1,"technika","laiknika"
881,"sė","sė-jas","jas",3,4,"sė-džiu","džiu",2,2,1,1,"teisėjas","teisėdžiu"
526,"isė","isė-last_blank","last_blank",5,1,"blokšk-last_blank","blokšk",1,0,3,1,"teisinė teisė","teisinė teblokšk"
527,"sin","sin-gai","gai",3,6,"žval-gai","žval",1,5,1,1,"teisingai","teižvalgai"
362,"sin","sin-gu","gu",4,10,"įžval-gu","įžval",3,7,2,1,"teisingumas","teiįžvalgumas"
790,"nas","nas-last_blank","last_blank",4,1020,"džiui-last_blank","džiui",25,995,2,1,"telefonas","telefodžiui"
704,"first_blank","first_blank-te","te",5,388,"neklysta-te","neklysta",1,387,3,5,"televizija","neklystatelevizija"
781,"first_blank","first_blank-tem","tem",5,26,"first_blank-paskai","paskai",28,2,3,1,"temperatūra","paskaiperatūra"
143,"te","te-n","n",1,2,"io-n","io",2,0,0,1,"ten","ion"
243,"ni","ni-sas","sas",3,6,"ni-trik","trik",2,4,1,1,"tenisas","tenitrik"
267,"first_blank","first_blank-teo","teo",3,22,"first_blank-vamz","vamz",22,0,1,1,"teorija","vamzrija"
203,"te","te-stas","stas",2,1,"te-ries","ries",1,0,0,1,"testas","teries"
887,"tęs","tęs-ti","ti",2,3,"kak-ti","kak",3,0,0,1,"tęsti","kakti"
159,"tė","tė-tis","tis",2,1,"tė-jui","jui",1,0,0,1,"tėtis","tėjui"
493,"tė","tė-vas","vas",2,1,"tė-jot","jot",1,0,0,1,"tėvas","tėjot"
88,"first_blank","first_blank-th","th",1,25,"first_blank-lū","lū",25,0,0,1,"thirst","lūirst"
892,"giai","giai-last_blank","last_blank",3,39,"tams-last_blank","tams",40,1,0,1,"tiesiogiai","tiesiotams"
966,"first_blank","first_blank-ti","ti",4,264,"praskaidrin-ti","praskaidrin",1,263,0,6,"tikėjimas","praskaidrintikėjimas"
894,"first_blank","first_blank-ti","ti",4,264,"praskaidrin-ti","praskaidrin",1,263,0,6,"tikėtina","praskaidrintikėtina"
603,"first_blank","first_blank-ti","ti",2,264,"praskaidrin-ti","praskaidrin",1,263,0,8,"tiki","praskaidrintiki"
424,"first_blank","first_blank-ti","ti",3,264,"praskaidrin-ti","praskaidrin",1,263,0,7,"tikisi","praskaidrintikisi"
889,"rai","rai-last_blank","last_blank",2,195,"niu-last_blank","niu",194,1,0,1,"tikrai","tikniu"
888,"tik","tik-ras","ras",2,3,"neb-ras","neb",2,1,0,1,"tikras","nebras"
223,"riau","riau-siai","siai",3,2,"švie-siai","švie",1,1,0,1,"tikriausiai","tikšviesiai"
581,"first_blank","first_blank-to","to",5,284,"greipfru-to","greipfru",1,283,3,5,"tobulėjimas","greipfrutobulėjimas"
529,"li","li-last_blank","last_blank",2,372,"nės-last_blank","nės",369,3,1,1,"toli","tonės"
922,"first_blank","first_blank-tor","tor",3,27,"first_blank-spau","spau",27,0,1,1,"tornadas","spaunadas"
166,"tor","tor-tas","tas",2,1,"sie-tas","sie",1,0,0,1,"tortas","sietas"
489,"first_blank","first_blank-tra","tra",4,63,"first_blank-links","links",52,11,2,1,"tradicinis","linksdicinis"
438,"gic","gic-last_blank","last_blank",2,1,"toi-last_blank","toi",1,0,0,1,"tragic","tratoi"
42,"first_blank","first_blank-tri","tri",3,68,"first_blank-plau","plau",68,0,1,1,"trikampis","plaukampis"
221,"šis","šis-last_blank","last_blank",2,19,"ėmė-last_blank","ėmė",19,0,0,1,"triušis","triuėmė"
196,"vie","vie-tis","tis",3,1,"puoš-tis","puoš",1,0,1,1,"trivietis","tripuoštis"
957,"tr","tr-ys","ys",1,1,"tr-ie","ie",1,0,0,1,"trys","trie"
896,"ne","ne-lis","lis",3,23,"ne-skam","skam",18,5,1,1,"tunelis","tuneskam"
983,"ri","ri-nys","nys",3,7,"ri-kiuo","kiuo",8,1,1,1,"turinys","turikiuo"
972,"tur","tur-ki","ki",3,5,"slėp-ki","slėp",5,0,1,1,"turkija","slėpkija"
441,"tur","tur-tas","tas",2,1,"nin-tas","nin",1,0,0,1,"turtas","nintas"
939,"first_blank","first_blank-tur","tur",3,93,"first_blank-bran","bran",89,4,1,1,"turtingas","brantingas"
332,"tvar","tvar-ka","ka",4,6,"sprun-ka","sprun",3,3,1,1,"tvarkaraštis","sprunkaraštis"
777,"tvo","tvo-ra","ra",2,1,"mje-ra","mje",1,0,0,1,"tvora","mjera"
72,"ty","ty-čia","čia",2,2,"ty-rei","rei",2,0,0,1,"tyčia","tyrei"
916,"ty","ty-la","la",2,2,"ty-vio","vio",2,0,1,1,"tyla","tyvio"
20,"rė","rė-jas","jas",3,6,"rė-liui","liui",1,5,1,1,"tyrėjas","tyrėliui"
843,"ug","ug-ly","ly",2,1,"ver-ly","ver",1,0,1,1,"ugly","verly"
227,"ul","ul-ti","ti",4,1,"spieg-ti","spieg",1,0,3,1,"ultimate","spiegtimate"
89,"first_blank","first_blank-uni","uni",3,40,"first_blank-spar","spar",40,0,1,1,"uniforma","sparforma"
813,"first_blank","first_blank-uni","uni",3,40,"first_blank-moks","moks",40,0,1,1,"unikalus","mokskalus"
384,"first_blank","first_blank-uni","uni",5,40,"first_blank-paskam","paskam",28,12,3,1,"universitetas","paskamversitetas"
102,"first_blank","first_blank-uos","uos",2,20,"first_blank-ple","ple",20,0,0,1,"uostas","pletas"
294,"baig","baig-ti","ti",3,7,"iden-ti","iden",7,0,0,1,"užbaigti","užidenti"
59,"mas","mas-last_blank","last_blank",4,1522,"džiui-last_blank","džiui",25,1497,2,1,"uždarymas","uždarydžiui"
927,"ry","ry-ta","ta",4,9,"diser-ta","diser",4,5,3,1,"uždaryta","uždadiserta"
76,"ry","ry-ti","ti",4,45,"spaus-ti","spaus",8,37,3,1,"uždaryti","uždaspausti"
182,"draus","draus-ti","ti",3,5,"švies-ti","švies",5,0,0,1,"uždrausti","užšviesti"
81,"už","už-puo","puo",4,22,"už-sikru","sikru",2,20,2,1,"užpuolikas","užsikrulikas"
285,"už","už-puo","puo",4,22,"už-sikru","sikru",2,20,2,1,"užpuolimas","užsikrulimas"
706,"kin","kin-ti","ti",4,62,"trauk-ti","trauk",17,45,2,1,"užrakinti","užratraukti"
449,"už","už-šal","šal",4,5,"už-sikru","sikru",2,3,2,1,"užšaldyti","užsikrudyti"
340,"first_blank","first_blank-užuo","užuo",3,25,"first_blank-liau","liau",25,0,0,1,"užuojauta","liaujauta"
975,"first_blank","first_blank-vabz","vabz",2,7,"first_blank-griz","griz",7,0,0,1,"vabzdys","grizdys"
409,"vai","vai-kas","kas",2,1,"ieš-kas","ieš",1,0,0,1,"vaikas","ieškas"
313,"kys","kys-tė","tė",3,3,"švie-tė","švie",3,0,1,1,"vaikystė","vaišvietė"
358,"ruo","ruo-to","to",4,12,"svars-to","svars",7,5,2,1,"vairuotojas","vaisvarstojas"
555,"vai","vai-siai","siai",2,1,"vai-šink","šink",1,0,0,1,"vaisiai","vaišink"
14,"vais","vais-tas","tas",2,1,"girs-tas","girs",1,0,0,1,"vaistas","girstas"
773,"kar","kar-last_blank","last_blank",2,7,"sok-last_blank","sok",7,0,0,1,"vakar","vasok"
500,"ka","ka-ras","ras",3,8,"ka-bint","bint",6,2,1,1,"vakaras","vakabint"
674,"lis","lis-last_blank","last_blank",4,468,"trauk-last_blank","trauk",19,449,2,1,"vakarėlis","vakarėtrauk"
636,"ka","ka-rų","rų",3,3,"ka-lais","lais",3,0,2,1,"vakarų","vakalais"
677,"first_blank","first_blank-vak","vak",3,4,"first_blank-kryž","kryž",4,0,1,1,"vakcina","kryžcina"
456,"first_blank","first_blank-val","val",3,207,"first_blank-prie","prie",234,27,1,1,"valgyti","priegyti"
211,"first_blank","first_blank-vals","vals",3,35,"first_blank-komp","komp",35,0,0,1,"valstybė","komptybė"
665,"val","val-tis","tis",2,1,"suo-tis","suo",1,0,0,1,"valtis","suotis"
996,"first_blank","first_blank-vam","vam",3,10,"first_blank-flir","flir",10,0,1,1,"vampire","flirpire"
24,"first_blank","first_blank-van","van",4,54,"first_blank-elekt","elekt",46,8,2,1,"vandenilis","elektdenilis"
321,"first_blank","first_blank-van","van",4,54,"first_blank-elekt","elekt",46,8,2,1,"vandenynas","elektdenynas"
144,"ni","ni-lė","lė",3,1,"tuok-lė","tuok",1,0,2,1,"vanilė","vatuoklė"
873,"rik","rik-lis","lis",3,1,"bent-lis","bent",1,0,1,1,"variklis","vabentlis"
662,"var","var-tai","tai",2,2,"var-din","din",2,0,0,1,"vartai","vardin"
183,"žiuo","žiuo-ti","ti",3,16,"plas-ti","plas",17,1,0,1,"važiuoti","vaplasti"
960,"ve","ve-dęs","dęs",2,7,"ve-nau","nau",7,0,0,1,"vedęs","venau"
976,"ni","ni-mas","mas",4,99,"ni-fique","fique",1,98,2,1,"vėdinimas","vėdinifique"
74,"first_blank","first_blank-veid","veid",3,20,"first_blank-skal","skal",20,0,0,1,"veidrodis","skalrodis"
3,"first_blank","first_blank-veik","veik",2,17,"first_blank-grie","grie",17,0,0,1,"veikla","griela"
23,"nias","nias-last_blank","last_blank",2,13,"kaus-last_blank","kaus",13,0,0,1,"velnias","velkaus"
464,"ve","ve-ne","ne",3,15,"part-ne","part",20,5,2,1,"venera","partnera"
277,"la","la-s","s",1,5,"ig-s","ig",5,0,0,1,"verslas","versigs"
478,"first_blank","first_blank-vers","vers",4,21,"first_blank-šlykš","šlykš",23,2,1,1,"verslininkas","šlykšlininkas"
551,"ver","ver-tas","tas",2,4,"dis-tas","dis",4,0,0,1,"vertas","distas"
825,"ver","ver-ti","ti",4,43,"trauk-ti","trauk",17,26,2,1,"vertinimas","trauktinimas"
152,"first_blank","first_blank-ves","ves",3,44,"first_blank-slap","slap",44,0,1,1,"vestuvės","slaptuvės"
817,"first_blank","first_blank-vėž","vėž",2,13,"first_blank-ama","ama",13,0,0,1,"vėžlys","amalys"
512,"žys","žys-last_blank","last_blank",2,9,"cho-last_blank","cho",9,0,0,1,"vėžys","vėcho"
195,"deo","deo-last_blank","last_blank",2,2,"ore-last_blank","ore",2,0,0,1,"video","viore"
923,"du","du-je","je",3,2,"du-riam","riam",2,0,2,1,"viduje","viduriam"
956,"die","die-nis","nis",4,11,"gurkš-nis","gurkš",1,10,2,1,"vidurdienis","vidurgurkšnis"
326,"vie","vie-la","la",2,1,"buk-la","buk",1,0,0,1,"viela","bukla"
959,"ni","ni-šas","šas",3,2,"ni-ruok","ruok",2,0,1,1,"vienišas","vieniruok"
505,"ly","ly-nas","nas",4,6,"ly-giuot","giuot",1,5,2,1,"vienuolynas","vienuolygiuot"
964,"vie","vie-ta","ta",2,2,"zen-ta","zen",2,0,0,1,"vieta","zenta"
713,"vie","vie-ti","ti",3,18,"plas-ti","plas",17,1,1,1,"vietinis","plastinis"
911,"vil","vil-kas","kas",2,1,"tuo-kas","tuo",1,0,0,1,"vilkas","tuokas"
967,"rė","rė-jas","jas",3,6,"rė-liuo","liuo",1,5,1,1,"virėjas","virėliuo"
469,"first_blank","first_blank-vir","vir",3,130,"first_blank-klau","klau",116,14,1,1,"viršuje","klaušuje"
563,"ryk","ryk-lė","lė",3,1,"šeri-lė","šeri",1,0,1,1,"viryklė","višerilė"
310," dar"," dar-last_blank","last_blank",2,1,"aver-last_blank","aver",1,0,0,1,"vis dar","visaver"
2,"siš","siš-kai","kai",3,11,"tvar-kai","tvar",4,7,1,1,"visiškai","vitvarkai"
94,"nas","nas-last_blank","last_blank",4,1020,"džiui-last_blank","džiui",25,995,2,1,"vitaminas","vitamidžiui"
38,"zi","zi-ja","ja",3,22,"krau-ja","krau",9,13,2,1,"vizija","vikrauja"
672,"vo","vo-n","n",1,1,"ee-n","ee",1,0,0,1,"von","een"
194,"vo","vo-nia","nia",2,1,"vo-jui","jui",1,0,0,1,"vonia","vojui"
325,"first_blank","first_blank-vyk","vyk",3,53,"first_blank-keis","keis",51,2,1,1,"vykdymas","keisdymas"
5,"sy","sy-bė","bė",4,8,"sy-kiais","kiais",1,7,3,1,"vyriausybė","vyriausykiais"
756,"vy","vy-tis","tis",2,2,"vy-kom","kom",2,0,0,1,"vytis","vykom"
345,"first_blank","first_blank-war","war",3,2,"first_blank-izil","izil",2,0,1,1,"warrior","izilrior"
771,"first_blank","first_blank-wat","wat",2,5,"first_blank-rez","rez",5,0,0,1,"watson","rezson"
762,"yo","yo-un","un",1,1,"yo-rk","rk",1,0,0,1,"young","yorkg"
126,"mas","mas-last_blank","last_blank",5,1522,"kreipk-last_blank","kreipk",5,1517,3,1,"žadinėjimas","žadinėjikreipk"
901,"dė","dė-jas","jas",3,7,"dė-liok","liok",2,5,1,1,"žaidėjas","žaidėliok"
985,"žai","žai-di","di",3,18,"blon-di","blon",9,9,1,1,"žaidimas","blondimas"
175,"slas","slas-last_blank","last_blank",2,3,"vils-last_blank","vils",3,0,0,1,"žaislas","žaivils"
697,"first_blank","first_blank-žar","žar",2,14,"first_blank-bok","bok",14,0,0,1,"žarna","bokna"
617,"ža","ža-vus","vus",2,1,"ža-gin","gin",1,0,0,1,"žavus","žagin"
390,"pis","pis-last_blank","last_blank",4,18,"trauk-last_blank","trauk",19,1,2,1,"žemėlapis","žemėlatrauk"
218,"first_blank","first_blank-žen","žen",2,32,"first_blank-pur","pur",32,0,0,1,"ženklas","purklas"
949,"first_blank","first_blank-žiau","žiau",3,32,"first_blank-leng","leng",32,0,0,1,"žiaurumas","lengrumas"
124,"žiau","žiau-rus","rus",2,1,"nist-rus","nist",1,0,0,1,"žiaurus","nistrus"
942,"etu","etu-last_blank","last_blank",4,1,"šėjai-last_blank","šėjai",1,0,2,1,"žiemos metu","žiemos mšėjai"
284,"lis","lis-last_blank","last_blank",4,468,"trauk-last_blank","trauk",19,449,2,1,"žiniatinklis","žiniatinktrauk"
336,"nios","nios-last_blank","last_blank",2,19,"žiai-last_blank","žiai",19,0,0,1,"žinios","žižiai"
65,"no","no-jau","jau",3,16,"no-sios","sios",8,8,1,1,"žinojau","žinosios"
147,"no","no-ti","ti",3,16,"plas-ti","plas",17,1,2,1,"žinoti","žiplasti"
993,"first_blank","first_blank-žiū","žiū",3,59,"first_blank-trau","trau",60,1,1,1,"žiūrėti","traurėti"
628,"first_blank","first_blank-žiur","žiur",2,19,"first_blank-kiek","kiek",19,0,0,1,"žiurkė","kiekkė"
8,"first_blank","first_blank-ži","ži",1,137,"first_blank-dė","dė",136,1,0,1,"živ","dėv"
406,"first_blank","first_blank-žlu","žlu",3,10,"first_blank-barš","barš",10,0,1,1,"žlugimas","baršgimas"
978,"gus","gus-last_blank","last_blank",2,114,"sių-last_blank","sių",114,0,0,1,"žmogus","žmosių"
979,"žmo","žmo-na","na",2,1,"zia-na","zia",1,0,0,1,"žmona","ziana"
256,"first_blank","first_blank-žmo","žmo",2,67,"first_blank-fil","fil",67,0,0,1,"žmonės","filnės"
653,"zo","zo-na","na",2,2,"ska-na","ska",2,0,1,1,"zona","skana"
341,"first_blank","first_blank-zon","zon",2,4,"first_blank-heb","heb",4,0,0,1,"zondas","hebdas"
755,"di","di-kas","kas",3,12,"di-džia","džia",12,0,1,1,"žudikas","žudidžia"
651,"first_blank","first_blank-žur","žur",3,26,"first_blank-grįž","grįž",26,0,1,1,"žurnalas","grįžnalas"
717,"first_blank","first_blank-žur","žur",4,26,"first_blank-šlykš","šlykš",23,3,2,1,"žurnalistas","šlykšnalistas"
735,"vys","vys-last_blank","last_blank",2,9,"ron-last_blank","ron",9,0,0,1,"žuvys","žuron"
428,"first_blank","first_blank-žva","žva",2,12,"first_blank-slo","slo",12,0,0,1,"žvakė","slokė"
472,"first_blank","first_blank-žve","žve",3,19,"first_blank-smur","smur",19,0,1,1,"žvejyba","smurjyba"
