"word_id","first","original_pair","second","syll","original_freq","replacement_pair","replacement_syll","replacement_freq","freq_diff","char_diff","letter_diff","original_word","replacement_word"
86,"first_blank","first_blank-abe","abe",4,34,"first_blank-sprog","sprog",29,5,2,1,"abejojimas","sprogjojimas"
640,"čiai","čiai-last_blank","last_blank",4,172,"versk-last_blank","versk",11,161,1,1,"absoliučiai","absoliuversk"
430,"first_blank","first_blank-ac","ac",3,18,"first_blank-reiš","reiš",18,0,2,1,"active","reištive"
917,"first_blank","first_blank-ada","ada",2,15,"first_blank-pės","pės",15,0,0,1,"adata","pėsta"
623,"first_blank","first_blank-ad","ad",6,69,"first_blank-švieska","švieska",4,65,5,1,"administracija","švieskaministracija"
405,"first_blank","first_blank-af","af",3,23,"first_blank-cent","cent",23,0,2,1,"afrika","centrika"
3,"agen","agen-tas","tas",2,1,"trin-tas","trin",1,0,0,1,"agentas","trintas"
4,"ds","ds-last_blank","last_blank",1,4,"iš-last_blank","iš",4,0,0,1,"aids","aiiš"
48,"first_blank","first_blank-aiš","aiš",2,42,"first_blank-sep","sep",42,0,0,1,"aišku","sepku"
120,"aki","aki-niai","niai",2,1,"lio-niai","lio",1,0,0,1,"akiniai","lioniai"
546,"ak","ak-is","is",1,1,"ak-no","no",1,0,0,1,"akis","akno"
477,"ak","ak-la","la",1,4,"su-la","su",4,0,0,1,"aklas","sulas"
660,"bu","bu-mas","mas",3,1,"bu-džio","džio",1,0,1,1,"albumas","albudžio"
6,"lis","lis-last_blank","last_blank",4,468,"trauk-last_blank","trauk",19,449,2,1,"alkoholis","alkohotrauk"
387,"first_blank","first_blank-ama","ama",3,13,"first_blank-kons","kons",13,0,1,1,"amateur","konsteur"
93,"sa","sa-da","da",4,6,"žvelg-da","žvelg",5,1,3,1,"ambasada","ambažvelgda"
11,"rius","rius-last_blank","last_blank",5,165,"buklai-last_blank","buklai",1,164,2,1,"ambasadorius","ambasadobuklai"
453,"žiaus","žiaus-last_blank","last_blank",2,7,"giant-last_blank","giant",7,0,0,1,"amžiaus","amgiant"
98,"ži","ži-nas","nas",3,3,"ži-miui","miui",1,2,1,1,"amžinas","amžimiui"
951,"first_blank","first_blank-ana","ana",4,38,"first_blank-elekt","elekt",46,8,2,1,"analitikas","elektlitikas"
992,"first_blank","first_blank-anar","anar",3,6,"first_blank-dmit","dmit",6,0,0,1,"anarchija","dmitchija"
967,"ana","ana-to","to",4,7,"skirs-to","skirs",3,4,2,1,"anatomija","skirstomija"
13,"ge","ge-las","las",3,3,"ge-sink","sink",2,1,1,1,"angelas","angesink"
891,"ang","ang-lies","lies",2,1,"pri-lies","pri",1,0,0,1,"anglies","prilies"
52,"first_blank","first_blank-ang","ang",2,35,"first_blank-įsa","įsa",35,0,0,1,"anglis","įsalis"
325,"ang","ang-lų","lų",2,1,"kyk-lų","kyk",1,0,0,1,"anglų","kyklų"
14,"first_blank","first_blank-ano","ano",4,19,"first_blank-krikš","krikš",19,0,2,1,"anoniminis","krikšniminis"
959,"gam","gam-ti","ti",4,8,"kreip-ti","kreip",7,1,2,1,"antgamtinis","antkreiptinis"
530,"first_blank","first_blank-antk","antk",3,8,"first_blank-įkur","įkur",8,0,0,1,"antklodė","įkurlodė"
263,"first_blank","first_blank-ant","ant",2,92,"first_blank-lie","lie",91,1,0,1,"antra","liera"
848,"ant","ant-ri","ri",3,9,"stip-ri","stip",12,3,1,1,"antrinis","stiprinis"
941,"spau","spau-das","das",3,3,"dfor-das","dfor",2,1,0,1,"antspaudas","antdfordas"
123,"anū","anū-kas","kas",2,1,"giu-kas","giu",1,0,0,1,"anūkas","giukas"
81,"first_blank","first_blank-api","api",4,55,"first_blank-links","links",52,3,2,1,"apibūdinti","linksbūdinti"
869,"ap","ap-kro","kro",3,2,"ap-siau","siau",2,0,1,1,"apkrova","apsiauva"
693,"lin","lin-ka","ka",3,2,"tauš-ka","tauš",1,1,1,1,"aplinka","aptauška"
988,"kes","kes-ti","ti",6,3,"įšvirkš-ti","įšvirkš",1,2,4,1,"apmokestinimas","apmoįšvirkštinimas"
249,"ap","ap-reiš","reiš",4,2,"ap-spjau","spjau",1,1,1,1,"apreiškimas","apspjaukimas"
901,"sau","sau-ga","ga",3,3,"džia-ga","džia",2,1,1,1,"apsauga","apdžiaga"
440,"ap","ap-sau","sau",5,52,"ap-reiõki","reiõki",1,51,3,1,"apsaugokite","apreiõkigokite"
332,"skri","skri-tai","tai",3,1,"fros-tai","fros",1,0,0,1,"apskritai","apfrostai"
653,"skri","skri-ti","ti",4,5,"draus-ti","draus",5,0,1,1,"apskritimas","apdraustimas"
777,"skri","skri-tis","tis",3,1,"aukš-tis","aukš",1,0,0,1,"apskritis","apaukštis"
63,"ap","ap-svars","svars",5,13,"ap-reiõki","reiõki",1,12,1,1,"apsvarstykite","apreiõkitykite"
975,"first_blank","first_blank-are","are",2,6,"first_blank-pop","pop",6,0,0,1,"arena","popna"
989,"nal","nal-last_blank","last_blank",3,7,"rins-last_blank","rins",7,0,1,1,"arsenal","arserins"
638,"ar","ar-t","t",1,5,"uk-t","uk",5,0,0,1,"art","ukt"
18,"fak","fak-tas","tas",4,2,"spręs-tas","spręs",2,0,2,1,"artefaktas","artespręstas"
290,"first_blank","first_blank-aša","aša",2,12,"first_blank-pis","pis",12,0,0,1,"ašaros","pisros"
711,"first_blank","first_blank-asi","asi",2,22,"first_blank-lėk","lėk",22,0,0,1,"asilas","lėklas"
995,"nis","nis-last_blank","last_blank",4,545,"trauk-last_blank","trauk",19,526,2,1,"asmeninis","asmenitrauk"
211,"muo","muo-last_blank","last_blank",2,11,"rią-last_blank","rią",11,0,0,1,"asmuo","asrią"
725,"ri","ri-nas","nas",4,11,"ri-kiuot","kiuot",2,9,2,1,"aspirinas","aspirikiuot"
859,"as","as-s","s",1,2,"in-s","in",2,0,0,1,"ass","ins"
675,"nau","nau-tas","tas",4,2,"kreip-tas","kreip",2,0,2,1,"astronautas","astrokreiptas"
245,"skai","skai-ta","ta",3,5,"jung-ta","jung",5,0,0,1,"ataskaita","atajungta"
506,"ei","ei-ty","ty",4,4,"pjaus-ty","pjaus",4,0,3,1,"ateityje","atpjaustyje"
459,"gal","gal-last_blank","last_blank",2,4,"lor-last_blank","lor",4,0,0,1,"atgal","atlor"
197,"ati","ati-da","da",4,68,"skren-da","skren",10,58,2,1,"atidarymas","skrendarymas"
819,"kur","kur-ti","ti",3,9,"megz-ti","megz",9,0,1,1,"atkurti","atmegzti"
115,"di","di-mas","mas",4,42,"di-džiuo","džiuo",25,17,2,1,"atleidimas","atleididžiuo"
114,"at","at-leisk","leisk",2,2,"at-šliau","šliau",2,0,0,2,"atleisk","atšliau"
548,"lie","lie-kai","kai",3,1,"smui-kai","smui",1,0,1,1,"atliekai","atsmuikai"
895,"mic","mic-last_blank","last_blank",2,1,"sow-last_blank","sow",1,0,0,1,"atomic","atosow"
241,"žin","žin-ki","ki",5,12,"pastum-ki","pastum",1,11,3,1,"atpažinkite","atpapastumkite"
247,"at","at-sa","sa",5,101,"at-kreipk","kreipk",2,99,4,1,"atsakomybė","atkreipkkomybė"
504,"mas","mas-last_blank","last_blank",4,1522,"džiui-last_blank","džiui",25,1497,2,1,"atsakymas","atsakydžiui"
796,"si","si-neš","neš",4,13,"si-skirs","skirs",15,2,2,1,"atsinešti","atsiskirsti"
883,"si","si-ran","ran",4,7,"si-leisk","leisk",7,0,2,1,"atsiranda","atsileiskda"
686,"si","si-sa","sa",5,67,"si-trenks","trenks",1,66,4,1,"atsisakyti","atsitrenkskyti"
958,"mas","mas-last_blank","last_blank",7,1522,"mas-tais","tais",1,1521,6,1,"atsistatydinimas","atsistatydinimastais"
938,"tik","tik-ti","ti",5,30,"skverb-ti","skverb",2,28,3,1,"atsitiktinai","atsiskverbtinai"
825,"spa","spa-ru","ru",4,1,"monst-ru","monst",1,0,2,1,"atsparumas","atmonstrumas"
576,"spin","spin-dys","dys",3,1,"pluk-dys","pluk",1,0,0,1,"atspindys","atplukdys"
85,"stu","stu-mas","mas",3,1,"žais-mas","žais",1,0,1,1,"atstumas","atžaismas"
196,"vi","vi-ras","ras",3,3,"vi-čium","čium",2,1,1,1,"atviras","atvičium"
528,"ki","ki-mas","mas",4,75,"ki-birkš","birkš",7,68,2,1,"atvykimas","atvykibirkš"
17,"vyk","vyk-ti","ti",3,8,"lauž-ti","lauž",8,0,1,1,"atvykti","atlaužti"
49,"nys","nys-last_blank","last_blank",3,112,"riau-last_blank","riau",110,2,1,1,"audinys","audiriau"
645,"ga","ga-las","las",3,6,"ga-benk","benk",4,2,1,1,"augalas","augabenk"
800,"au","au-ka","ka",2,2,"eva-ka","eva",2,0,1,1,"auka","evaka"
666,"first_blank","first_blank-auk","auk",3,50,"first_blank-kont","kont",50,0,1,1,"aukcionas","kontcionas"
776,"first_blank","first_blank-auk","auk",3,50,"first_blank-kont","kont",50,0,1,1,"auksinis","kontsinis"
21,"fas","fas-last_blank","last_blank",4,55,"džiui-last_blank","džiui",25,30,2,1,"autografas","autogradžiui"
22,"top","top-si","si",4,1,"knisu-si","knisu",1,0,2,1,"autopsija","auknisusija"
20,"to","to-rius","rius",3,65,"to-vaiz","vaiz",2,63,0,1,"autorius","autovaiz"
502,"first_blank","first_blank-ave","ave",2,8,"first_blank-fik","fik",8,0,0,1,"avenue","fiknue"
920,"ba","ba-das","das",2,2,"ba-chū","chū",2,0,0,1,"badas","bachū"
697,"first_blank","first_blank-bad","bad",2,1,"first_blank-iik","iik",1,0,0,1,"badge","iikge"
370,"bai","bai-si","si",2,2,"sub-si","sub",2,0,0,1,"baisi","subsi"
817,"lan","lan-sas","sas",3,3,"niel-sas","niel",2,1,1,1,"balansas","banielsas"
898,"bal","bal-sas","sas",2,1,"cha-sas","cha",1,0,0,1,"balsas","chasas"
322,"bal","bal-ta","ta",2,11,"din-ta","din",11,0,0,1,"balta","dinta"
789,"bal","bal-ty","ty",3,2,"klos-ty","klos",2,0,1,1,"baltymas","klostymas"
23,"na","na-nų","nų",3,1,"na-šiai","šiai",1,0,2,1,"bananų","banašiai"
304,"first_blank","first_blank-ban","ban",3,140,"first_blank-aukš","aukš",78,62,1,1,"bandyti","aukšdyti"
24,"ban","ban-ki","ki",4,10,"kreip-ki","kreip",6,4,2,1,"bankininkas","kreipkininkas"
25,"kys","kys-tė","tė",5,3,"tuiruo-tė","tuiruo",2,1,3,1,"bankininkystė","bankinintuiruotė"
756,"ro","ro-nas","nas",3,16,"ro-liuo","liuo",21,5,1,1,"baronas","baroliuo"
906,"bau","bau-gus","gus",2,1,"jin-gus","jin",1,0,0,1,"baugus","jingus"
974,"first_blank","first_blank-baus","baus",2,9,"first_blank-blon","blon",9,0,0,1,"bausmė","blonmė"
26,"ba","ba-y","y",1,1,"ie-y","ie",1,0,0,1,"bay","iey"
903,"zė","zė-last_blank","last_blank",2,29,"lią-last_blank","lią",29,0,1,1,"bazė","balią"
764,"first_blank","first_blank-baž","baž",3,10,"first_blank-siur","siur",10,0,1,1,"bažnyčia","siurnyčia"
746,"bė","bė-ga","ga",2,11,"bė-sim","sim",11,0,1,1,"bėga","bėsim"
922,"gis","gis-last_blank","last_blank",3,48,"jant-last_blank","jant",35,13,1,1,"bejėgis","bejėjant"
743,"pro","pro-ty","ty",4,5,"šlykš-ty","šlykš",5,0,2,1,"beprotybė","bešlykštybė"
30,"niu","niu-kai","kai",3,4,"tvar-kai","tvar",4,0,1,1,"berniukai","bertvarkai"
575,"to","to-nas","nas",3,67,"to-riui","riui",11,56,1,1,"betonas","betoriui"
501,"bli","bli-ja","ja",3,1,"niuo-ja","niuo",1,0,1,1,"biblija","biniuoja"
150,"lio","lio-te","te",5,8,"vyksta-te","vyksta",3,5,3,1,"biblioteka","bibvykstateka"
28,"bi","bi-čių","čių",2,1,"bi-kos","kos",1,0,0,1,"bičių","bikos"
583,"bi","bi-g","g",1,1,"se-g","se",1,0,0,1,"big","seg"
555,"lie","lie-tas","tas",3,3,"krau-tas","krau",3,0,1,1,"bilietas","bikrautas"
503,"o mėn","o mėn-last_blank","last_blank",7,1,"skriaust-last_blank","skriaust",1,0,3,1,"birželio birželio mėn","birželio birželiskriaust"
913,"dže","dže-tas","tas",3,1,"egip-tas","egip",1,0,1,1,"biudžetas","biuegiptas"
998,"bjau","bjau-rus","rus",2,1,"nist-rus","nist",1,0,0,2,"bjaurus","nistrus"
699,"first_blank","first_blank-blai","blai",2,10,"first_blank-smar","smar",10,0,0,1,"blaivus","smarvus"
527,"bokš","bokš-tas","tas",2,1,"terš-tas","terš",1,0,0,1,"bokštas","terštas"
359,"first_blank","first_blank-bom","bom",2,24,"first_blank-sil","sil",24,0,0,1,"bomba","silba"
559,"bran","bran-gus","gus",2,1,"slau-gus","slau",1,0,0,1,"brangus","slaugus"
31,"first_blank","first_blank-bra","bra",2,38,"first_blank-spė","spė",38,0,0,1,"bravo","spėvo"
33,"first_blank","first_blank-br","br",1,24,"first_blank-os","os",24,0,0,1,"brown","osown"
668,"tal","tal-last_blank","last_blank",2,4,"chi-last_blank","chi",4,0,0,1,"brutal","bruchi"
465,"ys","ys-last_blank","last_blank",4,22,"džiui-last_blank","džiui",25,3,3,1,"bučinys","bučindžiui"
821,"first_blank","first_blank-bud","bud",2,9,"first_blank-kly","kly",9,0,0,1,"budrus","klyrus"
750,"first_blank","first_blank-bul","bul",2,30,"first_blank-sam","sam",30,0,0,1,"bulvė","samvė"
545,"bur","bur-na","na",2,1,"tov-na","tov",1,0,0,1,"burna","tovna"
181,"bū","bū-ti","ti",3,23,"vers-ti","vers",21,2,2,1,"būtina","verstina"
365,"first_blank","first_blank-butterf","butterf",2,1,"first_blank-išskers","išskers",1,0,0,3,"butterfly","išskersly"
377,"vi","vi-mas","mas",3,91,"vi-čium","čium",2,89,1,1,"buvimas","buvičium"
35,"ber","ber-last_blank","last_blank",3,4,"zuok-last_blank","zuok",4,0,1,1,"caliber","calizuok"
40,"ce","ce-men","men",3,4,"ce-ciot","ciot",1,3,1,1,"cementas","ceciottas"
41,"first_blank","first_blank-čem","čem",3,23,"first_blank-prog","prog",23,0,1,1,"čempionai","progpionai"
840,"first_blank","first_blank-čes","čes",3,7,"first_blank-išvy","išvy",7,0,1,1,"česnakai","išvynakai"
727,"ris","ris-last_blank","last_blank",3,375,"jant-last_blank","jant",35,340,1,1,"cezaris","cezajant"
452,"first_blank","first_blank-chao","chao",2,8,"first_blank-įsto","įsto",8,0,0,1,"chaosas","įstosas"
418,"first_blank","first_blank-cha","cha",4,32,"first_blank-paukš","paukš",31,1,2,1,"charakteris","paukšrakteris"
740,"ch","ch-ar","ar",1,1,"ch-el","el",1,0,0,1,"charm","chelm"
626,"first_blank","first_blank-che","che",3,25,"first_blank-liau","liau",25,0,1,1,"chemija","liaumija"
334,"first_blank","first_blank-chi","chi",3,15,"first_blank-konk","konk",15,0,1,1,"chirurgas","konkrurgas"
133,"či","či-a","a",1,1,"do-a","do",1,0,0,1,"čia","doa"
968,"nas","nas-last_blank","last_blank",4,1020,"džiui-last_blank","džiui",25,995,2,1,"cinamonas","cinamodžiui"
723,"li","li-nis","nis",4,37,"li-skart","skart",1,36,2,1,"civilinis","civiliskart"
648,"first_blank","first_blank-cuk","cuk",2,9,"first_blank-bag","bag",9,0,0,1,"cukrus","bagrus"
190,"bar","bar-last_blank","last_blank",2,5,"stų-last_blank","stų",5,0,0,1,"dabar","dastų"
76,"bar","bar-ti","ti",4,14,"kreip-ti","kreip",7,7,2,1,"dabartinis","dakreiptinis"
77,"first_blank","first_blank-dad","dad",2,1,"first_blank-amt","amt",1,0,0,1,"daddy","amtdy"
425,"dai","dai-li","li",4,11,"tvomb-li","tvomb",1,10,2,1,"dailininkas","tvomblininkas"
490,"dai","dai-ni","ni",4,7,"zings-ni","zings",1,6,2,1,"dainininkė","zingsnininkė"
454,"mas","mas-last_blank","last_blank",5,1522,"kreipk-last_blank","kreipk",5,1517,3,1,"dalyvavimas","dalyvavikreipk"
383,"cer","cer-last_blank","last_blank",2,4,"has-last_blank","has",4,0,0,1,"dancer","danhas"
273,"gus","gus-last_blank","last_blank",2,114,"sių-last_blank","sių",114,0,0,1,"dangus","dansių"
783,"dau","dau-gu","gu",3,5,"bliz-gu","bliz",3,2,1,1,"dauguma","blizguma"
577,"daž","daž-nis","nis",2,1,"tvy-nis","tvy",1,0,0,1,"dažnis","tvynis"
206,"žy","žy-ti","ti",3,17,"plas-ti","plas",17,0,2,1,"dažyti","daplasti"
50,"be","be-sis","sis",3,1,"be-aver","aver",1,0,1,1,"debesis","debeaver"
308,"dė","dė-dė","dė",2,1,"liu-dė","liu",1,0,1,1,"dėdė","liudė"
569,"man","man-tas","tas",3,2,"teik-tas","teik",2,0,1,1,"deimantas","deiteiktas"
751,"first_blank","first_blank-deka","deka",2,8,"first_blank-drie","drie",8,0,0,1,"dekanas","drienas"
124,"dė","dė-kin","kin",3,12,"dė-mėms","mėms",1,11,1,1,"dėkingas","dėmėmsgas"
802,"me","me-sio","sio",3,2,"me-tant","tant",2,0,1,1,"dėmesio","dėmetant"
516,"me","me-sys","sys",3,1,"me-dzia","dzia",1,0,1,1,"dėmesys","dėmedzia"
700,"ri","ri-nys","nys",3,7,"ri-kiuo","kiuo",8,1,1,1,"derinys","derikiuo"
570,"ser","ser-tas","tas",3,1,"pokš-tas","pokš",1,0,1,1,"desertas","depokštas"
987,"rius","rius-last_blank","last_blank",5,165,"žvelgt-last_blank","žvelgt",1,164,2,1,"detonatorius","detonatožvelgt"
395,"žė","žė-last_blank","last_blank",2,51,"bių-last_blank","bių",51,0,1,1,"dėžė","dėbių"
787,"first_blank","first_blank-di","di",4,346,"skystablauz-di","skystablauz",1,345,0,2,"didenybė","skystablauzdidenybė"
233,"džiuo","džiuo-ja","ja",4,4,"fornl-ja","fornl",1,3,0,1,"didžiuojasi","difornljasi"
121,"vui","vui-last_blank","last_blank",2,21,"cas-last_blank","cas",21,0,0,1,"dievui","diecas"
644,"di","di-g","g",1,1,"su-g","su",1,0,0,1,"dig","sug"
850,"first_blank","first_blank-dip","dip",3,19,"first_blank-smur","smur",19,0,1,1,"diplomas","smurlomas"
962,"first_blank","first_blank-dn","dn",1,2,"first_blank-uu","uu",2,0,0,1,"dnr","uur"
652,"do","do-ll","ll",1,1,"do-ka","ka",1,0,0,1,"doll","doka"
87,"do","do-wn","wn",1,2,"do-tą","tą",2,0,0,1,"down","dotą"
579,"do","do-zė","zė",2,2,"do-tus","tus",2,0,1,1,"dozė","dotus"
88,"first_blank","first_blank-dra","dra",3,62,"first_blank-stip","stip",61,1,1,1,"drakonas","stipkonas"
426,"first_blank","first_blank-dra","dra",2,62,"first_blank-spe","spe",62,0,0,1,"drama","spema"
89,"dra","dra-ma","ma",4,10,"links-ma","links",4,6,2,1,"dramatiška","linksmatiška"
808,"first_blank","first_blank-drą","drą",2,27,"first_blank-pim","pim",27,0,0,1,"drąsa","pimsa"
921,"first_blank","first_blank-drau","drau",3,113,"first_blank-bend","bend",116,3,0,1,"draudžiama","benddžiama"
761,"first_blank","first_blank-dri","dri",2,5,"first_blank-igo","igo",5,0,0,1,"drive","igove"
90,"dr","dr-op","op",1,1,"dr-un","un",1,0,0,1,"drop","drun"
306,"first_blank","first_blank-du","du",1,90,"first_blank-že","že",90,0,0,1,"du","že"
772,"buo","buo-last_blank","last_blank",2,1,"žan-last_blank","žan",1,0,0,1,"dubuo","dužan"
899,"du","du-de","de",2,1,"rin-de","rin",1,0,1,1,"dude","rinde"
600,"du","du-jos","jos",2,1,"du-sin","sin",1,0,0,1,"dujos","dusin"
390,"duk","duk-ra","ra",2,1,"mor-ra","mor",1,0,0,1,"dukra","morra"
275,"dū","dū-mai","mai",2,1,"dū-ros","ros",1,0,0,1,"dūmai","dūros"
687,"duo","duo-me","me",3,5,"king-me","king",5,0,1,1,"duomenys","kingmenys"
481,"duo","duo-na","na",2,1,"lee-na","lee",1,0,0,1,"duona","leena"
80,"nis","nis-last_blank","last_blank",4,545,"trauk-last_blank","trauk",19,526,2,1,"duroninis","duronitrauk"
602,"du","du-šas","šas",2,1,"du-sio","sio",1,0,0,1,"dušas","dusio"
726,"first_blank","first_blank-dv","dv",1,7,"first_blank-of","of",7,0,0,1,"dvd","ofd"
734,"first_blank","first_blank-dvi","dvi",3,44,"first_blank-slap","slap",44,0,1,1,"dvigubai","slapgubai"
272,"dy","dy-dis","dis",2,1,"dy-nėj","nėj",1,0,0,1,"dydis","dynėj"
82,"ku","ku-ma","ma",3,6,"ku-sius","sius",6,0,2,1,"dykuma","dykusius"
945,"sty","sty-last_blank","last_blank",3,1,"piet-last_blank","piet",1,0,1,1,"dynasty","dynapiet"
499,"džia","džia-zas","zas",2,1,"džia-kob","kob",1,0,0,1,"džiazas","džiakob"
957,"nas","nas-last_blank","last_blank",4,1020,"džiui-last_blank","džiui",25,995,2,1,"egzaminas","egzamidžiui"
262,"ra","ra-nas","nas",3,13,"ra-kink","kink",7,6,1,1,"ekranas","ekrakink"
381,"men","men-tas","tas",5,15,"tuiruo-tas","tuiruo",1,14,3,1,"eksperimentas","eksperituiruotas"
492,"per","per-tas","tas",3,3,"šauk-tas","šauk",3,0,1,1,"ekspertas","eksšauktas"
715,"ziaz","ziaz-mas","mas",4,1,"šauks-mas","šauks",1,0,1,1,"entuziazmas","entušauksmas"
820,"cort","cort-last_blank","last_blank",2,1,"riot-last_blank","riot",1,0,0,1,"escort","esriot"
926,"first_blank","first_blank-evo","evo",4,5,"first_blank-įkliu","įkliu",5,0,2,1,"evoliucija","įkliuliucija"
670,"first_blank","first_blank-fac","fac",2,1,"first_blank-kąž","kąž",1,0,0,1,"factor","kąžtor"
474,"fai","fai-las","las",2,1,"wel-las","wel",1,0,0,1,"failas","wellas"
702,"fa","fa-zė","zė",2,2,"fa-vau","vau",2,0,1,1,"fazė","favau"
106,"nis","nis-last_blank","last_blank",5,545,"traukt-last_blank","traukt",9,536,3,1,"federalinis","federalitraukt"
213,"lo","lo-so","so",5,9,"edmund-so","edmund",1,8,4,1,"filosofija","fiedmundsofija"
108,"nan","nan-sai","sai",3,1,"fyld-sai","fyld",1,0,1,1,"finansai","fifyldsai"
985,"kai","kai-last_blank","last_blank",4,680,"siems-last_blank","siems",31,649,2,1,"finansiškai","finansišsiems"
109,"fir","fir-ma","ma",2,1,"kre-ma","kre",1,0,0,1,"firma","krema"
729,"fi","fi-x","x",1,1,"ou-x","ou",1,0,0,1,"fix","oux"
214,"zi","zi-ka","ka",3,11,"tvar-ka","tvar",6,5,2,1,"fizika","fitvarka"
116,"first_blank","first_blank-for","for",2,49,"first_blank-dis","dis",49,0,0,1,"forma","disma"
451,"for","for-te","te",5,2,"slanks-te","slanks",2,0,3,1,"fortepijonas","slankstepijonas"
595,"tas","tas-last_blank","last_blank",6,1395,"sikrušk-last_blank","sikrušk",3,1392,4,1,"fotoaparatas","fotoaparasikrušk"
621,"first_blank","first_blank-fo","fo",1,94,"first_blank-sė","sė",94,0,0,1,"fox","sėx"
892,"first_blank","first_blank-frag","frag",3,3,"first_blank-berk","berk",3,0,0,1,"fragmentas","berkmentas"
168," būt"," būt-last_blank","last_blank",2,1,"milt-last_blank","milt",1,0,0,1,"gal būt","galmilt"
94,"ga","ga-las","las",2,6,"ga-muo","muo",3,3,0,1,"galas","gamuo"
496,"ga","ga-le","le",4,31,"whist-le","whist",3,28,3,1,"galerija","whistlerija"
541,"ga","ga-lia","lia",2,2,"ga-nui","nui",2,0,0,1,"galia","ganui"
996,"nis","nis-last_blank","last_blank",4,545,"trauk-last_blank","trauk",19,526,2,1,"galutinis","galutitrauk"
363,"min","min-to","to",4,12,"svars-to","svars",7,5,2,1,"gamintojas","gasvarstojas"
103,"myk","myk-la","la",3,1,"stel-la","stel",1,0,1,1,"gamykla","gastella"
609,"ran","ran-ti","ti",4,12,"žvelg-ti","žvelg",5,7,2,1,"garantija","gažvelgtija"
601,"gau","gau-ja","ja",2,12,"suo-ja","suo",11,1,0,1,"gauja","suoja"
607,"first_blank","first_blank-gel","gel",4,67,"first_blank-links","links",52,15,2,1,"gelbėjimas","linksbėjimas"
353,"rius","rius-last_blank","last_blank",5,165,"nahlee-last_blank","nahlee",1,164,2,1,"generatorius","generatonahlee"
118,"ni","ni-jus","jus",3,7,"ni-niai","niai",10,3,1,1,"genijus","geniniai"
193,"ge","ge-rai","rai",2,4,"ge-sys","sys",4,0,0,1,"gerai","gesys"
604,"first_blank","first_blank-gerk","gerk",2,10,"first_blank-džek","džek",10,0,0,1,"gerklės","džeklės"
408,"ger","ger-ti","ti",2,11,"sta-ti","sta",11,0,0,1,"gerti","stati"
119,"first_blank","first_blank-ges","ges",2,9,"first_blank-fli","fli",9,0,0,1,"gestas","flitas"
29,"gim","gim-dy","dy",3,9,"žlug-dy","žlug",8,1,1,1,"gimdymas","žlugdymas"
243,"nai","nai-tis","tis",4,2,"birkš-tis","birkš",1,1,2,1,"giminaitis","gimibirkštis"
893,"first_blank","first_blank-glos","glos",3,3,"first_blank-mort","mort",3,0,0,1,"glostymas","morttymas"
404,"gol","gol-fas","fas",2,1,"sto-fas","sto",1,0,0,1,"golfas","stofas"
650,"first_blank","first_blank-gran","gran",3,27,"first_blank-lenk","lenk",27,0,0,1,"grandinė","lenkdinė"
556,"gra","gra-ve","ve",2,1,"įsi-ve","įsi",1,0,0,1,"grave","įsive"
227,"gra","gra-ži","ži",2,7,"ver-ži","ver",7,0,0,1,"graži","verži"
12,"first_blank","first_blank-grei","grei",6,67,"first_blank-džiaugs","džiaugs",14,53,3,1,"greitoji pagalba","džiaugstoji pagalba"
635,"first_blank","first_blank-grin","grin",2,11,"first_blank-bruo","bruo",11,0,0,1,"grindys","bruodys"
112,"first_blank","first_blank-gri","gri",2,49,"first_blank-kel","kel",49,0,0,1,"gripas","kelpas"
228,"gro","gro-bis","bis",2,1,"gro-žėk","žėk",1,0,0,1,"grobis","grožėk"
923,"first_blank","first_blank-grū","grū",2,10,"first_blank-sis","sis",10,0,0,1,"grūdai","sisdai"
333,"rius","rius-last_blank","last_blank",5,165,"blokšk-last_blank","blokšk",1,164,2,1,"gubernatorius","gubernatoblokšk"
944,"der","der-last_blank","last_blank",3,10,"ling-last_blank","ling",10,0,1,1,"gunpowder","gunpowling"
589,"gy","gy-vas","vas",2,4,"gy-sim","sim",4,0,0,1,"gyvas","gysim"
460,"ve","ve-na","na",3,31,"silp-na","silp",7,24,2,1,"gyvena","gysilpna"
224,"ičius","ičius-last_blank","last_blank",6,1,"mėgstat-last_blank","mėgstat",1,0,2,1,"gyventojų skaičius","gyventojų skamėgstat"
135,"ro","ro-jus","jus",3,5,"ro-džer","džer",5,0,1,1,"herojus","herodžer"
424,"ll","ll-last_blank","last_blank",1,24,"gį-last_blank","gį",24,0,0,1,"hill","higį"
897,"hi","hi-t","t",1,1,"if-t","if",1,0,0,1,"hit","ift"
887,"first_blank","first_blank-hob","hob",2,2,"first_blank-esp","esp",2,0,0,1,"hobby","espby"
793,"first_blank","first_blank-hor","hor",3,10,"first_blank-iliu","iliu",10,0,1,1,"hormonas","iliumonas"
828,"ho","ho-rn","rn",1,1,"ho-je","je",1,0,0,1,"horn","hoje"
321,"arus","arus-last_blank","last_blank",3,1,"gioj-last_blank","gioj",1,0,0,1,"į vakarus","į vakgioj"
798,"ršų","ršų-last_blank","last_blank",2,1,"hur-last_blank","hur",1,0,0,1,"į viršų","į vihur"
261,"first_blank","first_blank-įbrai","įbrai",2,1,"first_blank-iskai","iskai",1,0,0,1,"įbraižas","iskaižas"
364,"ea","ea-l","l",1,1,"šė-l","šė",1,0,0,1,"ideal","idšėl"
354,"first_blank","first_blank-idė","idė",2,11,"first_blank-dub","dub",11,0,0,1,"idėja","dubja"
934,"įdė","įdė-ti","ti",2,1,"fan-ti","fan",1,0,0,1,"įdėti","fanti"
964,"first_blank","first_blank-įga","įga",3,15,"first_blank-laks","laks",15,0,1,1,"įgalinti","lakslinti"
419,"first_blank","first_blank-įgu","įgu",2,5,"first_blank-pog","pog",5,0,0,1,"įgula","pogla"
493,"įkai","įkai-tas","tas",2,1,"akin-tas","akin",1,0,0,1,"įkaitas","akintas"
779,"first_blank","first_blank-įkro","įkro",4,1,"first_blank-šland","šland",1,0,1,1,"įkrovos metu","šlandvos metu"
142,"first_blank","first_blank-iliu","iliu",3,10,"first_blank-drei","drei",10,0,0,1,"iliuzija","dreizija"
438,"first_blank","first_blank-įmo","įmo",2,14,"first_blank-sir","sir",14,0,0,1,"įmonė","sirnė"
759,"rial","rial-last_blank","last_blank",3,1,"žens-last_blank","žens",1,0,0,1,"imperial","impežens"
519,"ci","ci-den","den",4,5,"ci-klais","klais",1,4,2,1,"incidentas","inciklaistas"
144,"dust","dust-ri","ri",4,5,"tikva-ri","tikva",3,2,1,1,"industrija","intikvarija"
889,"ka","ka-ras","ras",3,8,"ka-bint","bint",6,2,1,1,"inkaras","inkabint"
712,"inks","inks-tas","tas",2,1,"peis-tas","peis",1,0,0,1,"inkstas","peistas"
617,"rius","rius-last_blank","last_blank",4,165,"sakėt-last_blank","sakėt",7,158,1,1,"inspektorius","inspektosakėt"
719,"ins","ins-pi","pi",3,1,"etio-pi","etio",1,0,1,1,"inspire","etiopire"
925,"tink","tink-tas","tas",3,1,"vais-tas","vais",1,0,0,1,"instinktas","insvaistas"
146,"nal","nal-last_blank","last_blank",5,7,"kreipk-last_blank","kreipk",5,2,3,1,"international","internatiokreipk"
741,"ne","ne-tas","tas",4,14,"ne-kreip","kreip",9,5,2,1,"internetas","internekreip"
534,"va","va-zi","zi",4,5,"va-tvorę","tvorę",1,4,3,1,"invazija","invatvoręja"
495,"rius","rius-last_blank","last_blank",4,165,"jungt-last_blank","jungt",7,158,1,1,"inžinierius","inžiniejungt"
931,"first_blank","first_blank-įpa","įpa",4,9,"first_blank-smulk","smulk",9,0,2,1,"įpareigoti","smulkreigoti"
812,"first_blank","first_blank-įran","įran",2,13,"first_blank-plak","plak",13,0,0,1,"įranga","plakga"
781,"first_blank","first_blank-įran","įran",2,13,"first_blank-stai","stai",13,0,0,1,"įrankis","staikis"
632,"first_blank","first_blank-įra","įra",2,42,"first_blank-aiš","aiš",42,0,0,1,"įrašas","aiššas"
799,"first_blank","first_blank-įro","įro",3,35,"first_blank-vals","vals",35,0,1,1,"įrodymai","valsdymai"
350,"ir","ir-on","on",1,1,"ir-kt","kt",1,0,0,1,"iron","irkt"
672,"first_blank","first_blank-iro","iro",3,10,"first_blank-rūgš","rūgš",10,0,1,1,"ironija","rūgšnija"
688,"iso","iso-last_blank","last_blank",3,1,"ober-last_blank","ober",1,0,1,1,"iš viso","iš vober"
525," iš"," iš-last_blank","last_blank",4,1,"thout-last_blank","thout",1,0,2,1,"išeiti iš","išeitithout"
100,"iš","iš-nag","nag",5,2,"iš-čiulps","čiulps",1,1,3,1,"išnagrinėti","iščiulpsrinėti"
314,"first_blank","first_blank-įspė","įspė",3,22,"first_blank-vais","vais",22,0,0,1,"įspėjimas","vaisjimas"
619,"first_blank","first_blank-įspū","įspū",3,16,"first_blank-liūd","liūd",16,0,0,1,"įspūdingas","liūddingas"
143,"first_blank","first_blank-įspū","įspū",2,16,"first_blank-įkai","įkai",16,0,0,1,"įspūdis","įkaidis"
886,"iš","iš-sau","sau",4,26,"iš-kvies","kvies",6,20,2,1,"išsaugoti","iškviesgoti"
960,"iš","iš-skir","skir",4,13,"iš-trauk","trauk",13,0,1,1,"išskirtinis","ištrauktinis"
543,"first_blank","first_blank-įsta","įsta",3,21,"first_blank-tink","tink",21,0,0,1,"įstatymas","tinktymas"
107,"iš","iš-ti","ti",5,39,"adekva-ti","adekva",2,37,4,1,"ištikimybė","adekvatikimybė"
61,"va","va-da","da",3,9,"juok-da","juok",9,0,2,1,"išvada","išjuokda"
856,"vyk","vyk-ti","ti",3,8,"pras-ti","pras",8,0,1,1,"išvykti","išprasti"
484,"įta","įta-ka","ka",2,1,"kar-ka","kar",1,0,0,1,"įtaka","karka"
96,"first_blank","first_blank-įve","įve",4,8,"first_blank-struk","struk",8,0,2,1,"įveskite","strukskite"
824,"first_blank","first_blank-įžei","įžei",3,22,"first_blank-stab","stab",22,0,0,1,"įžeidimas","stabdimas"
39,"first_blank","first_blank-įžy","įžy",3,13,"first_blank-kons","kons",13,0,1,1,"įžymybė","konsmybė"
9,"ja","ja-u","u",1,2,"sk-u","sk",1,1,0,1,"jau","sku"
520,"di","di-nan","nan",4,13,"di-džios","džios",2,11,2,1,"jaudinantis","jaudidžiostis"
919,"ni","ni-kis","kis",3,3,"ni-ruok","ruok",2,1,1,1,"jaunikis","jauniruok"
562,"jau","jau-ni","ni",3,11,"plie-ni","plie",7,4,1,1,"jaunimas","plienimas"
147,"ep","ep-last_blank","last_blank",2,3,"imų-last_blank","imų",3,0,1,1,"jeep","jeimų"
677,"jo","jo-b","b",1,1,"gi-b","gi",1,0,0,1,"job","gib"
721,"jo","jo-ga","ga",2,1,"jo-nėm","nėm",1,0,1,1,"joga","jonėm"
663,"jus","jus-last_blank","last_blank",4,225,"džiau-last_blank","džiau",106,119,2,1,"jubiliejus","jubiliedžiau"
176,"ju","ju-dė","dė",3,37,"stab-dė","stab",6,31,2,1,"judėti","stabdėti"
694,"jung","jung-le","le",2,1,"uonc-le","uonc",1,0,0,1,"jungle","uoncle"
809,"kin","kin-ga","ga",3,14,"drau-ga","drau",14,0,1,1,"juokinga","juodrauga"
398,"jū","jū-ra","ra",2,1,"ara-ra","ara",1,0,1,1,"jūra","arara"
717,"first_blank","first_blank-ju","ju",5,165,"first_blank-žvaigž","žvaigž",30,135,4,1,"jurisdikcija","žvaigžrisdikcija"
628,"tik","tik-lis","lis",3,2,"idea-lis","idea",2,0,1,1,"jutiklis","juidealis"
315,"first_blank","first_blank-ką","ką",1,16,"first_blank-od","od",16,0,0,1,"ką","od"
127,"ban","ban-tis","tis",3,4,"čiuo-tis","čiuo",4,0,1,1,"kabantis","kačiuotis"
531,"be","be-li","li",4,9,"šiukš-li","šiukš",3,6,3,1,"kabelinė","kašiukšlinė"
34,"bi","bi-na","na",3,33,"plau-na","plau",5,28,2,1,"kabina","kaplauna"
928,"ne","ne-tas","tas",4,14,"ne-prieš","prieš",19,5,2,1,"kabinetas","kabineprieš"
435,"first_blank","first_blank-kal","kal",3,211,"first_blank-prie","prie",234,23,1,1,"kalbėti","priebėti"
865,"kal","kal-bo","bo",3,5,"beis-bo","beis",5,0,1,1,"kalboje","beisboje"
46,"lė","lė-dos","dos",3,2,"lė-tink","tink",2,0,1,1,"kalėdos","kalėtink"
713,"rius","rius-last_blank","last_blank",4,165,"sakėt-last_blank","sakėt",7,158,1,1,"kalendorius","kalendosakėt"
584,"ba","ba-rys","rys",3,1,"ba-dach","dach",1,0,1,1,"kambarys","kambadach"
870,"kam","kam-pa","pa",4,6,"pliur-pa","pliur",1,5,2,1,"kampanija","pliurpanija"
67,"pas","pas-last_blank","last_blank",2,74,"rei-last_blank","rei",74,0,0,1,"kampas","kamrei"
44,"na","na-las","las",3,9,"na-miui","miui",2,7,1,1,"kanalas","kanamiui"
42,"first_blank","first_blank-kanc","kanc",3,4,"first_blank-adol","adol",4,0,0,1,"kancleris","adolleris"
874,"kan","kan-di","di",4,17,"sprog-di","sprog",16,1,2,1,"kandidatas","sprogdidatas"
752,"kan","kan-ki","ki",4,30,"grieb-ki","grieb",1,29,2,1,"kankinimas","griebkinimas"
658,"first_blank","first_blank-kant","kant",3,9,"first_blank-įtar","įtar",9,0,0,1,"kantrybė","įtarrybė"
847,"first_blank","first_blank-kap","kap",3,16,"first_blank-teis","teis",16,0,1,1,"kapsulė","teissulė"
330,"ra","ra-lie","lie",4,7,"ra-mount","mount",1,6,2,1,"karalienė","karamountnė"
369,"ka","ka-ras","ras",2,8,"ka-syk","syk",8,0,0,1,"karas","kasyk"
360,"kar","kar-das","das",2,3,"mon-das","mon",4,1,0,1,"kardas","mondas"
448,"rei","rei-vis","vis",3,2,"ling-vis","ling",2,0,1,1,"kareivis","kalingvis"
475,"rje","rje-ra","ra",3,1,"anag-ra","anag",1,0,1,1,"karjera","kaanagra"
37,"va","va-las","las",4,2,"va-ziuok","ziuok",1,1,2,1,"karnavalas","karnavaziuok"
346,"first_blank","first_blank-karš","karš",2,39,"first_blank-vaiz","vaiz",39,0,0,1,"karšta","vaizta"
53,"kars","kars-tas","tas",2,1,"ties-tas","ties",1,0,0,1,"karstas","tiestas"
276,"kar","kar-tais","tais",2,1,"šiu-tais","šiu",1,0,0,1,"kartais","šiutais"
75,"ka","ka-rū","rū",3,11,"ka-bink","bink",11,0,2,1,"karūna","kabinkna"
564,"kar","kar-vė","vė",2,2,"lia-vė","lia",2,0,0,1,"karvė","liavė"
657,"dien","dien-last_blank","last_blank",2,9,"šimt-last_blank","šimt",9,0,0,1,"kasdien","kasšimt"
38,"li","li-kų","kų",4,5,"li-niams","niams",5,0,3,1,"katalikų","kataliniams"
449,"kau","kau-lų","lų",2,1,"būk-lų","būk",1,0,0,1,"kaulų","būklų"
722,"va","va-le","le",5,16,"schind-le","schind",2,14,4,1,"kavalerija","kaschindlerija"
669,"lei","lei-vis","vis",3,3,"spal-vis","spal",1,2,1,1,"keleivis","kespalvis"
253,"lias","lias-last_blank","last_blank",2,13,"mens-last_blank","mens",13,0,0,1,"kelias","kemens"
286,"first_blank","first_blank-ken","ken",2,55,"first_blank-sku","sku",55,0,0,1,"kenčia","skučia"
682,"kerš","kerš-tas","tas",2,1,"veik-tas","veik",1,0,0,1,"kerštas","veiktas"
943,"chu","chu-pas","pas",3,1,"flll-pas","flll",1,0,1,1,"ketchupas","ketflllpas"
888,"kiau","kiau-lie","lie",3,3,"tamp-lie","tamp",3,0,0,1,"kiauliena","tampliena"
936,"kie","kie-kis","kis",2,1,"gau-kis","gau",1,0,0,1,"kiekis","gaukis"
186,"kil","kil-nus","nus",2,1,"mat-nus","mat",1,0,0,1,"kilnus","matnus"
757,"ki","ki-lo","lo",2,23,"ki-nau","nau",23,0,1,1,"kilo","kinau"
406,"lo","lo-met","met",4,6,"lo-šėjai","šėjai",1,5,2,1,"kilometras","kilošėjairas"
615,"tras","tras-last_blank","last_blank",5,4,"žaidėm-last_blank","žaidėm",2,2,2,1,"kino teatras","kino teažaidėm"
939,"first_blank","first_blank-kir","kir",3,59,"first_blank-trau","trau",60,1,1,1,"kirminas","trauminas"
553,"še","še-nė","nė",3,4,"še-liui","liui",3,1,2,1,"kišenė","kišeliui"
92,"tur","tur-last_blank","last_blank",2,2,"red-last_blank","red",2,0,0,1,"kitur","kired"
782,"klai","klai-da","da",2,3,"keis-da","keis",3,0,0,1,"klaida","keisda"
706,"kla","kla-nas","nas",2,3,"sei-nas","sei",3,0,0,1,"klanas","seinas"
439,"kla","kla-sė","sė",2,3,"per-sė","per",3,0,0,1,"klasė","persė"
237,"first_blank","first_blank-klau","klau",3,116,"first_blank-bend","bend",116,0,0,1,"klausimas","bendsimas"
367,"first_blank","first_blank-klau","klau",4,116,"first_blank-links","links",52,64,1,1,"klausykitės","linkssykitės"
130,"first_blank","first_blank-klau","klau",3,116,"first_blank-bend","bend",116,0,0,1,"klausymas","bendsymas"
851,"first_blank","first_blank-kliū","kliū",2,9,"first_blank-blon","blon",9,0,0,1,"kliūtis","blontis"
511,"first_blank","first_blank-klu","klu",2,13,"first_blank-dvo","dvo",13,0,0,1,"klubas","dvobas"
515,"ko","ko-das","das",2,1,"ko-pen","pen",1,0,0,1,"kodas","kopen"
351,"kai","kai-nas","nas",3,3,"riso-nas","riso",3,0,1,1,"kokainas","korisonas"
362,"le","le-ga","ga",3,28,"drau-ga","drau",14,14,2,1,"kolega","kodrauga"
356,"le","le-gi","gi",4,10,"le-venst","venst",1,9,3,1,"kolegija","kolevenstja"
624,"lo","lo-ni","ni",4,14,"griau-ni","griau",1,13,3,1,"kolonija","kogriaunija"
56,"ko","ko-man","man",3,18,"ko-sios","sios",4,14,1,1,"komanda","kosiosda"
822,"men","men-tuo","tuo",4,8,"skais-tuo","skais",2,6,2,1,"komentuoti","koskaistuoti"
57,"ko","ko-mer","mer",4,8,"ko-kiais","kiais",2,6,2,1,"komercinė","kokiaiscinė"
384,"si","si-ja","ja",4,27,"si-links","links",22,5,3,1,"komisija","komisilinks"
790,"pa","pa-sas","sas",3,2,"pa-čirš","čirš",2,0,1,1,"kompasas","kompačirš"
667,"first_blank","first_blank-komp","komp",4,35,"first_blank-paukš","paukš",31,4,1,1,"komplimentas","paukšlimentas"
911,"first_blank","first_blank-kon","kon",4,189,"first_blank-elekt","elekt",46,143,2,1,"koncepcija","elektcepcija"
382,"first_blank","first_blank-kon","kon",5,189,"first_blank-žvaigž","žvaigž",30,159,3,1,"konferencija","žvaigžferencija"
778,"first_blank","first_blank-konf","konf",3,9,"first_blank-spra","spra",9,0,0,1,"konfliktas","spraliktas"
932,"vus","vus-last_blank","last_blank",5,92,"kreipk-last_blank","kreipk",5,87,3,1,"konservatyvus","konservatykreipk"
510,"tak","tak-tas","tas",3,2,"cien-tas","cien",2,0,1,1,"kontaktas","koncientas"
66,"first_blank","first_blank-kont","kont",3,50,"first_blank-siau","siau",49,1,0,1,"kontrolė","siaurolė"
486,"first_blank","first_blank-koš","koš",3,11,"first_blank-šlau","šlau",11,0,1,1,"košmaras","šlaumaras"
838,"su","su-lys","lys",3,5,"su-spau","spau",5,0,1,1,"kosulys","kosuspau"
54,"vo","vo-ti","ti",3,20,"skir-ti","skir",19,1,2,1,"kovoti","koskirti"
542,"krau","krau-jo","jo",2,6,"džio-jo","džio",7,1,0,2,"kraujo","džiojo"
736,"di","di-tas","tas",3,4,"di-džio","džio",5,1,1,1,"kreditas","kredidžio"
70,"first_blank","first_blank-kre","kre",2,53,"first_blank-šei","šei",53,0,0,1,"krekas","šeikas"
71,"first_blank","first_blank-kre","kre",2,53,"first_blank-sal","sal",53,0,0,1,"kremas","salmas"
497,"first_blank","first_blank-krep","krep",3,18,"first_blank-aikš","aikš",18,0,0,1,"krepšinis","aikššinis"
762,"kri","kri-ti","ti",3,20,"spor-ti","spor",20,0,1,1,"kritimas","sportimas"
74,"kri","kri-tiš","tiš",3,4,"spor-tiš","spor",2,2,1,1,"kritiškai","sportiškai"
533,"krū","krū-mas","mas",2,1,"alu-mas","alu",1,0,0,1,"krūmas","alumas"
366,"di","di-kis","kis",3,3,"di-juot","juot",1,2,1,1,"kūdikis","kūdijuot"
402,"first_blank","first_blank-kul","kul",3,48,"first_blank-siau","siau",49,1,1,1,"kultūra","siautūra"
678,"kū","kū-nas","nas",2,3,"kū-zuo","zuo",1,2,0,1,"kūnas","kūzuo"
73,"ri","ri-mas","mas",3,35,"ri-kiuo","kiuo",8,27,1,1,"kūrimas","kūrikiuo"
416,"lys","lys-last_blank","last_blank",2,61,"nam-last_blank","nam",61,0,0,1,"kvailys","kvainam"
884,"šis","šis-last_blank","last_blank",2,19,"dėm-last_blank","dėm",19,0,0,1,"kyšis","kydėm"
654,"first_blank","first_blank-lab","lab",3,6,"first_blank-tven","tven",6,0,1,1,"labdara","tvendara"
137,"first_blank","first_blank-lai","lai",4,287,"first_blank-sprog","sprog",29,258,2,1,"laikykite","sprogkykite"
716,"lais","lais-vai","vai",2,1,"riso-vai","riso",1,0,0,1,"laisvai","risovai"
513,"first_blank","first_blank-lais","lais",2,41,"first_blank-spin","spin",42,1,0,1,"laisvė","spinvė"
149,"nd","nd-last_blank","last_blank",1,12,"zų-last_blank","zų",12,0,0,1,"land","lazų"
396,"lan","lan-gas","gas",2,2,"rur-gas","rur",2,0,0,1,"langas","rurgas"
189," mėn"," mėn-last_blank","last_blank",4,1,"vilks-last_blank","vilks",1,0,1,1,"lapkričio mėn","lapkričiovilks"
965,"sag","sag-na","na",3,1,"čiur-na","čiur",1,0,1,1,"lasagna","lačiurna"
643,"first_blank","first_blank-ląs","ląs",3,8,"first_blank-pieš","pieš",8,0,1,1,"ląstelė","pieštelė"
312,"first_blank","first_blank-lauk","lauk",2,17,"first_blank-aust","aust",17,0,0,1,"laukti","austti"
760,"gio","gio-nas","nas",3,2,"edvi-nas","edvi",1,1,1,1,"legionas","leedvinas"
684,"first_blank","first_blank-lei","lei",3,105,"first_blank-bran","bran",89,16,1,1,"leidimas","brandimas"
7,"first_blank","first_blank-leis","leis",2,17,"first_blank-idio","idio",17,0,0,1,"leisti","idioti"
432,"first_blank","first_blank-lem","lem",3,24,"first_blank-prin","prin",24,0,1,1,"lemputė","prinputė"
494,"first_blank","first_blank-les","les",3,11,"first_blank-stiu","stiu",11,0,1,1,"lesbietė","stiubietė"
446,"lė","lė-tai","tai",2,1,"lė-kim","kim",1,0,0,1,"lėtai","lėkim"
507,"li","li-e","e",1,1,"fe-e","fe",1,0,0,1,"lie","fee"
373,"first_blank","first_blank-lie","lie",2,91,"first_blank-ant","ant",92,1,0,1,"lietus","anttus"
340,"ni","ni-nė","nė",4,25,"ni-gaikš","gaikš",11,14,3,1,"ligoninė","ligonigaikš"
904,"ki","ki-mas","mas",3,75,"ki-niui","niui",4,71,1,1,"likimas","likiniui"
629,"first_blank","first_blank-lik","lik",2,18,"first_blank-elg","elg",18,0,0,1,"likti","elgti"
978,"na","na-das","das",4,2,"na-reikš","reikš",1,1,2,1,"limonadas","limonareikš"
258,"liūd","liūd-nas","nas",2,1,"diso-nas","diso",1,0,0,1,"liūdnas","disonas"
473,"liu","liu-dy","dy",4,12,"skrai-dy","skrai",5,7,2,1,"liudytojas","skraidytojas"
182,"liz","liz-das","das",2,1,"sur-das","sur",1,0,0,1,"lizdas","surdas"
814,"lo","lo-bis","bis",2,2,"lo-vai","vai",2,0,0,1,"lobis","lovai"
159,"mas","mas-last_blank","last_blank",4,1522,"džiui-last_blank","džiui",25,1497,2,1,"lojalumas","lojaludžiui"
873,"ši","ši-mas","mas",3,19,"ši-niuo","niuo",1,18,1,1,"lošimas","lošiniuo"
613,"al","al-last_blank","last_blank",3,6,"luot-last_blank","luot",6,0,2,1,"loyal","loyluot"
952,"nar","nar-last_blank","last_blank",2,1,"irs-last_blank","irs",1,0,0,1,"lunar","luirs"
786,"first_blank","first_blank-lū","lū",2,25,"first_blank-rak","rak",25,0,1,1,"lūpa","rakpa"
837,"ažai","ažai-last_blank","last_blank",4,1,"riuos-last_blank","riuos",1,0,1,1,"lūpų dažai","lūpų driuos"
45,"first_blank","first_blank-lus","lus",2,2,"first_blank-ing","ing",2,0,0,1,"lustas","ingtas"
881,"da","da-las","las",3,6,"da-niel","niel",3,3,1,1,"lydalas","lydaniel"
918,"ly","ly-ga","ga",2,2,"mal-ga","mal",2,0,1,1,"lyga","malga"
986,"ma","ma-din","din",3,6,"ma-tuok","tuok",5,1,1,1,"madingi","matuokgi"
674,"ma","ma-fi","fi",3,8,"ma-lūns","lūns",8,0,2,1,"mafija","malūnsja"
160,"ma","ma-gi","gi",3,10,"spro-gi","spro",10,0,2,1,"magija","sprogija"
161,"first_blank","first_blank-mag","mag",4,34,"first_blank-prieš","prieš",30,4,2,1,"magnetinis","priešnetinis"
797,"mais","mais-tas","tas",2,1,"rian-tas","rian",1,0,0,1,"maistas","riantas"
733,"mai","mai-tin","tin",3,12,"efek-tin","efek",3,9,1,1,"maitinti","efektinti"
163,"ma","ma-ke","ke",2,10,"ma-diš","diš",9,1,1,1,"make","madiš"
625,"first_blank","first_blank-makš","makš",2,3,"first_blank-taip","taip",3,0,0,1,"makštis","taiptis"
549,"nu","nu-mas","mas",4,10,"nu-kreip","kreip",14,4,2,1,"malonumas","malonukreip"
662,"first_blank","first_blank-man","man",3,61,"first_blank-stip","stip",61,0,1,1,"mandagus","stipdagus"
665,"ma","ma-ras","ras",2,5,"ma-lių","lių",4,1,0,1,"maras","malių"
846,"to","to-nas","nas",4,67,"to-shiba","shiba",1,66,2,1,"maratonas","maratoshiba"
845,"ri","ri-ne","ne",3,15,"ri-kiuo","kiuo",8,7,2,1,"marine","marikiuo"
166,"rs","rs-last_blank","last_blank",1,17,"nk-last_blank","nk",17,0,0,1,"mars","mank"
420,"first_blank","first_blank-marš","marš",4,13,"first_blank-steng","steng",12,1,1,1,"marškinėliai","stengkinėliai"
692,"first_blank","first_blank-marš","marš",3,13,"first_blank-sunk","sunk",13,0,0,1,"maršrutas","sunkrutas"
265,"ty","ty-ti","ti",3,93,"siun-ti","siun",26,67,2,1,"matyti","masiunti"
153,"ma","ma-žai","žai",2,4,"ma-čiu","čiu",4,0,0,1,"mažai","mačiu"
691,"žes","žes-nis","nis",3,2,"spar-nis","spar",2,0,1,1,"mažesnis","masparnis"
170,"ci","ci-na","na",4,10,"spjau-na","spjau",1,9,3,1,"medicina","medispjauna"
138,"me","me-dus","dus",2,1,"me-tiš","tiš",1,0,0,1,"medus","metiš"
141,"me","me-džio","džio",3,43,"me-čiau","čiau",11,32,0,1,"medžioklė","mečiauklė"
768,"nu","nu-lis","lis",3,3,"nu-steb","steb",3,0,1,1,"mėnulis","mėnusteb"
464,"nuo","nuo-last_blank","last_blank",2,2,"zoj-last_blank","zoj",2,0,0,1,"mėnuo","mėzoj"
339,"first_blank","first_blank-mer","mer",3,105,"first_blank-skai","skai",108,3,1,1,"mergina","skaigina"
659,"to","to-das","das",3,2,"to-riuj","riuj",1,1,1,1,"metodas","metoriuj"
171,"mi","mi-le","le",2,10,"mi-cha","cha",10,0,1,1,"mile","micha"
977,"rius","rius-last_blank","last_blank",5,165,"stengt-last_blank","stengt",1,164,2,1,"milijonierius","milijoniestengt"
173,"lion","lion-last_blank","last_blank",2,2,"suok-last_blank","suok",2,0,0,1,"million","milsuok"
174,"mi","mi-ng","ng",1,1,"mi-gh","gh",1,0,0,1,"ming","migh"
385,"mas","mas-last_blank","last_blank",4,1522,"džiui-last_blank","džiui",25,1497,2,1,"minimumas","minimudžiui"
866,"mi","mi-nios","nios",2,1,"mi-čian","čian",1,0,0,1,"minios","mičian"
771,"minkš","minkš-tas","tas",2,1,"smerk-tas","smerk",1,0,0,2,"minkštas","smerktas"
876,"first_blank","first_blank-mir","mir",3,72,"first_blank-plau","plau",68,4,1,1,"mirtinas","plautinas"
79,"mir","mir-tis","tis",2,1,"vai-tis","vai",1,0,0,1,"mirtis","vaitis"
774,"first_blank","first_blank-mist","mist",2,1,"first_blank-omic","omic",1,0,0,1,"mistress","omicress"
352,"mi","mi-tas","tas",2,7,"mi-niu","niu",5,2,0,1,"mitas","miniu"
683,"de","de-lis","lis",3,16,"de-dant","dant",3,13,1,1,"modelis","modedant"
175,"der","der-nus","nus",3,1,"der-geld","geld",1,0,1,1,"modernus","modergeld"
411,"ky","ky-tis","tis",3,9,"ky-lant","lant",2,7,1,1,"mokytis","mokylant"
813,"mon","mon-key","key",2,1,"lus-key","lus",1,0,0,1,"monkey","luskey"
447,"monst","monst-ras","ras",2,1,"chiat-ras","chiat",1,0,0,2,"monstras","chiatras"
327,"mo","mo-ti","ti",3,20,"jung-ti","jung",21,1,2,1,"motina","jungtina"
818,"ty","ty-vas","vas",3,9,"ty-kiui","kiui",1,8,1,1,"motyvas","motykiui"
522,"first_blank","first_blank-myg","myg",3,8,"first_blank-lind","lind",8,0,1,1,"mygtukas","lindtukas"
179,"cio","cio-na","na",5,26,"džasmi-na","džasmi",1,25,3,1,"nacionalinis","nadžasminalinis"
656,"na","na-gai","gai",2,2,"na-sus","sus",2,0,0,1,"nagai","nasus"
177,"first_blank","first_blank-nai","nai",2,42,"first_blank-sep","sep",42,0,0,1,"naivus","sepvus"
407,"nak","nak-tis","tis",2,3,"sin-tis","sin",3,0,0,1,"naktis","sintis"
582,"na","na-mai","mai",2,5,"na-šes","šes",4,1,0,1,"namai","našes"
940,"first_blank","first_blank-nan","nan",2,6,"first_blank-alf","alf",6,0,0,1,"nanny","alfny"
1000,"na","na-p","p",1,1,"rė-p","rė",1,0,0,1,"nap","rėp"
480,"na","na-rys","rys",2,2,"na-sta","sta",2,0,0,1,"narys","nasta"
976,"lai","lai-čiai","čiai",3,1,"lai-kaus","kaus",1,0,0,1,"našlaičiai","našlaikaus"
317,"first_blank","first_blank-naš","naš",2,24,"first_blank-sil","sil",24,0,0,1,"našlė","sillė"
937,"ral","ral-last_blank","last_blank",3,6,"bios-last_blank","bios",6,0,1,1,"natural","natubios"
972,"ra","ra-liai","liai",4,5,"ra-mount","mount",1,4,1,1,"natūraliai","natūramount"
310,"din","din-ga","ga",3,16,"smai-ga","smai",4,12,1,1,"naudinga","nausmaiga"
990,"na","na-val","val",2,1,"na-rit","rit",1,0,0,1,"naval","narit"
946,"ga","ga-ci","ci",5,14,"zisten-ci","zisten",3,11,4,1,"navigacija","navizistencija"
345,"vi","vi-kas","kas",3,9,"vi-niuo","niuo",2,7,1,1,"navikas","naviniuo"
355,"kan","kan-ta","ta",4,2,"įvyks-ta","įvyks",2,0,2,1,"neapykanta","neapyįvyksta"
550,"ne","ne-įma","įma",4,9,"ne-kreip","kreip",9,0,2,1,"neįmanomas","nekreipnomas"
403,"ras","ras-tas","tas",4,8,"blokš-tas","blokš",2,6,2,1,"neįprastas","neįpblokštas"
336,"kal","kal-tas","tas",3,5,"rink-tas","rink",5,0,1,1,"nekaltas","nerinktas"
909,"min","min-gas","gas",4,23,"įstai-gas","įstai",1,22,2,1,"nelaimingas","nelaiįstaigas"
868,"nau","nau-din","din",4,21,"sprog-din","sprog",20,1,2,1,"nenaudingas","nesprogdingas"
983,"grįs","grįs-tas","tas",4,2,"blokš-tas","blokš",2,0,1,1,"nepagrįstas","nepablokštas"
309,"to","to-gus","gus",4,2,"to-shiba","shiba",1,1,2,1,"nepatogus","nepatoshiba"
804,"ra","ra-mus","mus",3,3,"ra-elie","elie",3,0,1,1,"neramus","neraelie"
698,"ner","ner-vas","vas",2,1,"lia-vas","lia",1,0,0,1,"nervas","liavas"
969,"mas","mas-last_blank","last_blank",6,1522,"sikrušk-last_blank","sikrušk",3,1519,4,1,"nesugebėjimas","nesugebėjisikrušk"
371,"ne","ne-šva","šva",3,8,"ne-rius","rius",8,0,1,1,"nešvarus","neriusrus"
810,"ne","ne-svei","svei",3,10,"ne-baig","baig",10,0,0,1,"nesveikas","nebaigkas"
380,"sė","sė-tas","tas",4,3,"sė-džiui","džiui",1,2,2,1,"neteisėtas","neteisėdžiui"
585,"sin","sin-gas","gas",4,7,"įžval-gas","įžval",1,6,2,1,"neteisingas","neteiįžvalgas"
145,"ne","ne-tei","tei",4,30,"ne-plauk","plauk",5,25,2,1,"neteisybė","neplauksybė"
180,"ne","ne-to","to",3,28,"ne-klau","klau",31,3,2,1,"netoli","neklauli"
612,"twork","twork-last_blank","last_blank",2,1,"ruosk-last_blank","ruosk",1,0,0,1,"network","neruosk"
157,"lis","lis-last_blank","last_blank",4,468,"trauk-last_blank","trauk",19,449,2,1,"nevykėlis","nevykėtrauk"
954,"vy","vy-kęs","kęs",3,7,"vy-liau","liau",5,2,1,1,"nevykęs","nevyliau"
843,"mas","mas-last_blank","last_blank",5,1522,"kreipk-last_blank","kreipk",5,1517,3,1,"nežinojimas","nežinojikreipk"
184,"ni","ni-cos","cos",2,1,"ni-šam","šam",1,0,0,1,"nicos","nišam"
183,"first_blank","first_blank-nie","nie",3,52,"first_blank-kont","kont",50,2,1,1,"niekada","kontkada"
188,"first_blank","first_blank-nie","nie",2,52,"first_blank-rep","rep",52,0,0,1,"nieko","repko"
185,"nin","nin-ja","ja",2,1,"ple-ja","ple",1,0,0,1,"ninja","pleja"
896,"no","no-bel","bel",2,1,"no-sės","sės",1,0,0,1,"nobel","nosės"
83,"ras","ras-last_blank","last_blank",2,305,"lio-last_blank","lio",306,1,0,1,"noras","nolio"
236,"baus","baus-ti","ti",3,3,"terš-ti","terš",3,0,0,1,"nubausti","nuteršti"
270,"nuo","nuo-dė","dė",3,9,"spau-dė","spau",7,2,1,1,"nuodėmė","spaudėmė"
222,"nuo","nuo-dų","dų",2,1,"gen-dų","gen",1,0,0,1,"nuodų","gendų"
844,"nuo","nuo-gas","gas",2,1,"žin-gas","žin",1,0,0,1,"nuogas","žingas"
830,"lan","lan-kus","kus",3,3,"lan-džių","džių",2,1,1,1,"nuolankus","nuolandžių"
982,"nuo","nuo-mi","mi",4,2,"greis-mi","greis",2,0,2,1,"nuomininkas","greismininkas"
199,"nuo","nuo-mo","mo",3,26,"džia-mo","džia",4,22,1,1,"nuomonė","džiamonė"
232,"first_blank","first_blank-nuo","nuo",4,319,"first_blank-elekt","elekt",46,273,2,1,"nuosavybė","elektsavybė"
415,"bus","bus-last_blank","last_blank",3,42,"dink-last_blank","dink",43,1,1,1,"nuostabus","nuostadink"
916,"nu","nu-ry","ry",3,1,"nu-liai","liai",1,0,2,1,"nuryti","nuliaiti"
568,"si","si-lei","lei",5,45,"si-trauks","trauks",5,40,3,1,"nusileidimas","nusitrauksdimas"
862,"si","si-pel","pel",4,25,"si-links","links",22,3,2,1,"nusipelno","nusilinksno"
738,"nu","nu-trauk","trauk",3,13,"nu-spren","spren",19,6,0,2,"nutraukti","nusprenti"
929,"nu","nu-ver","ver",4,8,"nu-plauk","plauk",5,3,2,1,"nuvertinti","nuplauktinti"
610,"jek","jek-tas","tas",3,3,"liuo-tas","liuo",3,0,1,1,"objektas","obliuotas"
745,"first_blank","first_blank-obuo","obuo",2,8,"first_blank-olan","olan",8,0,0,1,"obuolys","olanlys"
801,"first_blank","first_blank-od","od",1,16,"first_blank-ką","ką",16,0,0,1,"oda","kąa"
428,"liai","liai-last_blank","last_blank",3,263,"jaus-last_blank","jaus",85,178,0,1,"oficialiai","oficiajaus"
200,"kas","kas-last_blank","last_blank",5,758,"džiuok-last_blank","džiuok",1,757,3,1,"optimistiškas","optimistišdžiuok"
5,"or","or-as","as",1,1,"ga-as","ga",1,0,0,1,"oras","gaas"
910,"zuo","zuo-ti","ti",5,20,"skleis-ti","skleis",6,14,3,1,"organizuoti","organiskleisti"
852,"gaz","gaz-mas","mas",3,1,"isla-mas","isla",1,0,1,1,"orgazmas","orislamas"
203,"nal","nal-last_blank","last_blank",3,7,"vins-last_blank","vins",7,0,1,1,"original","origivins"
877,"kai","kai-tė","tė",3,2,"juos-tė","juos",2,0,1,1,"orkaitė","orjuostė"
201,"kest","kest-ras","ras",3,1,"gied-ras","gied",1,0,0,1,"orkestras","orgiedras"
204,"ou","ou-t","t",1,2,"io-t","io",2,0,0,1,"out","iot"
999,"pa","pa-aiš","aiš",5,38,"pa-spruks","spruks",2,36,3,1,"paaiškinimas","pasprukskinimas"
961,"lys","lys-last_blank","last_blank",3,61,"džio-last_blank","džio",61,0,1,1,"paauglys","paaugdžio"
242,"lis","lis-last_blank","last_blank",4,468,"trauk-last_blank","trauk",19,449,2,1,"pabėgėlis","pabėgėtrauk"
210,"pa","pa-cien","cien",3,6,"pa-klūs","klūs",6,0,0,1,"pacientas","paklūstas"
708,"jas","jas-last_blank","last_blank",4,269,"džiui-last_blank","džiui",25,244,2,1,"padavėjas","padavėdžiui"
69,"deng","deng-ti","ti",3,6,"plėš-ti","plėš",6,0,0,1,"padengti","paplėšti"
565,"di","di-din","din",4,31,"di-bukas","bukas",1,30,2,1,"padidinti","padibukasti"
132,"gal","gal-ba","ba",3,1,"sriu-ba","sriu",1,0,1,1,"pagalba","pasriuba"
860,"ga","ga-liau","liau",3,4,"ga-benk","benk",4,0,0,1,"pagaliau","pagabenk"
246,"pa","pa-gar","gar",3,18,"pa-slėp","slėp",18,0,1,1,"pagarba","paslėpba"
979,"pa","pa-gro","gro",4,23,"pa-veiks","veiks",21,2,2,1,"pagrobėjas","paveiksbėjas"
955,"grob","grob-ti","ti",3,3,"ziuo-ti","ziuo",3,0,0,1,"pagrobti","paziuoti"
442,"ieš","ieš-ka","ka",3,1,"rais-ka","rais",1,0,1,1,"paieška","paraiska"
95,"pa","pa-kan","kan",4,11,"pa-sielg","sielg",13,2,2,1,"pakankamai","pasielgkamai"
43,"keis","keis-ti","ti",3,8,"aukš-ti","aukš",8,0,0,1,"pakeisti","paaukšti"
482,"kil","kil-ti","ti",3,4,"tark-ti","tark",4,0,1,1,"pakilti","patarkti"
580,"mink","mink-las","las",3,1,"ebel-las","ebel",1,0,0,1,"paminklas","paebellas"
392,"mirš","mirš-ti","ti",3,7,"iden-ti","iden",7,0,0,1,"pamiršti","paidenti"
269,"šus","šus-last_blank","last_blank",3,34,"niau-last_blank","niau",34,0,1,1,"panašus","pananiau"
867,"pa","pa-ni","ni",3,43,"pa-pras","pras",46,3,2,1,"panika","papraska"
948,"pa","pa-pil","pil",4,20,"pa-trauk","trauk",26,6,2,1,"papildomai","patraukdomai"
805,"mys","mys-last_blank","last_blank",4,3,"baigt-last_blank","baigt",3,0,2,1,"papludimys","papludibaigt"
187,"pras","pras-tai","tai",3,4,"tvir-tai","tvir",2,2,0,1,"paprastai","patvirtai"
202,"pras","pras-tas","tas",3,5,"jung-tas","jung",4,1,0,1,"paprastas","pajungtas"
207,"dise","dise-last_blank","last_blank",3,1,"šėrė-last_blank","šėrė",1,0,0,1,"paradise","parašėrė"
208,"noi","noi-last_blank","last_blank",3,1,"tian-last_blank","tian",1,0,1,1,"paranoi","paratian"
758,"par","par-da","da",4,60,"žvelg-da","žvelg",5,55,2,1,"pardavėjas","žvelgdavėjas"
767,"duo","duo-tu","tu",4,17,"švies-tu","švies",5,12,2,1,"parduotuvė","paršviestuvė"
209,"la","la-men","men",4,3,"la-dukus","dukus",1,2,2,1,"parlamentas","parladukustas"
226,"pa","pa-ruo","ruo",4,18,"pa-veiks","veiks",21,3,2,1,"paruošimas","paveiksšimas"
260,"ky","ky-ti","ti",4,75,"trauk-ti","trauk",17,58,3,1,"pasakyti","pasatraukti"
878,"lin","lin-ki","ki",5,13,"pastum-ki","pastum",1,12,3,1,"pašalinkite","pašapastumkite"
508,"si","si-rin","rin",5,51,"si-spjaut","spjaut",2,49,3,1,"pasirinkimas","pasispjautkimas"
766,"si","si-rin","rin",5,51,"si-spjaut","spjaut",2,49,3,1,"pasirinkite","pasispjautkite"
389,"šęs","šęs-last_blank","last_blank",4,37,"džiui-last_blank","džiui",25,12,2,1,"pasiruošęs","pasiruodžiui"
303,"mas","mas-last_blank","last_blank",6,1522,"sikrušk-last_blank","sikrušk",3,1519,4,1,"pasitikėjimas","pasitikėjisikrušk"
192,"ly","ly-mas","mas",4,6,"ly-giuot","giuot",1,5,2,1,"pasiūlymas","pasiūlygiuot"
912,"pa","pa-siū","siū",4,40,"pa-trauk","trauk",26,14,2,1,"pasiūlyti","patrauklyti"
704,"first_blank","first_blank-paska","paska",2,5,"first_blank-raukš","raukš",5,0,0,1,"paskalos","raukšlos"
264,"slap","slap-tis","tis",3,1,"grūs-tis","grūs",1,0,0,1,"paslaptis","pagrūstis"
947,"slau","slau-ga","ga",3,1,"rąst-ga","rąst",1,0,0,1,"paslauga","parąstga"
162,"first_blank","first_blank-paš","paš",2,14,"first_blank-fro","fro",14,0,0,1,"paštas","frotas"
305,"pa","pa-su","su",4,13,"pa-žvelg","žvelg",6,7,3,1,"pasukite","pažvelgkite"
806,"ri","ri-mai","mai",4,12,"ri-kiuos","kiuos",2,10,2,1,"patarimai","patarikiuos"
526,"kin","kin-tas","tas",4,19,"trauk-tas","trauk",5,14,2,1,"patenkintas","patentrauktas"
857,"rin","rin-ti","ti",4,25,"spaus-ti","spaus",8,17,2,1,"patikrinti","patikspausti"
348,"ti","ti-nas","nas",3,37,"ti-kink","kink",2,35,1,1,"patinas","patikink"
593,"tir","tir-tis","tis",3,1,"prai-tis","prai",1,0,1,1,"patirtis","papraitis"
55,"to","to-gus","gus",3,2,"to-vaiz","vaiz",2,0,1,1,"patogus","patovaiz"
19,"pa","pa-trauk","trauk",3,26,"pa-sielg","sielg",13,13,0,2,"patrauklus","pasielglus"
122,"pa","pa-trauk","trauk",3,26,"pa-veiks","veiks",21,5,0,2,"patraukti","paveiksti"
386,"pa","pa-tvir","tvir",5,30,"pa-spruks","spruks",2,28,2,1,"patvirtinimas","pasprukstinimas"
463,"var","var-gęs","gęs",3,4,"var-džiu","džiu",2,2,1,1,"pavargęs","pavardžiu"
517,"ris","ris-last_blank","last_blank",4,375,"sakėt-last_blank","sakėt",7,368,2,1,"pavasaris","pavasasakėt"
590,"veiks","veiks-lė","lė",4,5,"asamb-lė","asamb",2,3,0,1,"paveikslėlis","paasamblėlis"
134,"vel","vel-das","das",3,2,"dfor-das","dfor",2,0,1,1,"paveldas","padfordas"
280,"vog","vog-ti","ti",3,5,"plau-ti","plau",5,0,1,1,"pavogti","paplauti"
554,"vy","vy-dus","dus",3,2,"vy-niok","niok",3,1,1,1,"pavydus","pavyniok"
811,"džiui","džiui-last_blank","last_blank",3,25,"siuos-last_blank","siuos",24,1,0,1,"pažodžiui","pažosiuos"
608,"pe","pe-čių","čių",2,4,"pe-ten","ten",4,0,0,1,"pečių","peten"
491,"first_blank","first_blank-pe","pe",2,186,"first_blank-gra","gra",186,0,1,1,"pelė","gralė"
500,"le","le-nai","nai",3,6,"le-rius","rius",3,3,1,1,"pelenai","pelerius"
117,"pel","pel-nas","nas",2,2,"dau-nas","dau",2,0,0,1,"pelnas","daunas"
714,"sio","sio-nas","nas",3,1,"kres-nas","kres",1,0,1,1,"pensionas","penkresnas"
400,"per","per-ga","ga",3,13,"drau-ga","drau",14,1,1,1,"pergalė","draugalė"
212,"first_blank","first_blank-phe","phe",4,1,"first_blank-siaus","siaus",1,0,2,1,"phenomenon","siausnomenon"
172,"pie","pie-nas","nas",2,1,"sma-nas","sma",1,0,0,1,"pienas","smanas"
673,"first_blank","first_blank-pie","pie",3,84,"first_blank-kvai","kvai",84,0,1,1,"pietinė","kvaitinė"
320,"tūs","tūs-last_blank","last_blank",2,12,"ley-last_blank","ley",12,0,0,1,"pietūs","pieley"
215,"kni","kni-kas","kas",3,1,"stou-kas","stou",1,0,1,1,"piknikas","pistoukas"
894,"pi","pi-ng","ng",1,1,"pi-ci","ci",1,0,0,1,"ping","pici"
636,"ni","ni-gai","gai",3,2,"ni-ruok","ruok",2,0,1,1,"pinigai","piniruok"
622,"ra","ra-tas","tas",3,14,"ra-kink","kink",7,7,1,1,"piratas","pirakink"
368,"first_blank","first_blank-pirk","pirk",2,16,"first_blank-liūd","liūd",16,0,0,1,"pirkti","liūdti"
458,"die","die-nis","nis",4,11,"tarps-nis","tarps",1,10,2,1,"pirmadienis","pirmatarpsnis"
110,"pir","pir-mas","mas",2,1,"gaz-mas","gaz",1,0,0,1,"pirmas","gazmas"
552,"pirš","pirš-tu","tu",2,2,"sius-tu","sius",2,0,0,1,"pirštu","siustu"
216,"first_blank","first_blank-pis","pis",4,12,"first_blank-steng","steng",12,0,2,1,"pistoletas","stengtoletas"
505,"pla","pla-nas","nas",2,1,"pla-čio","čio",1,0,0,1,"planas","plačio"
218,"first_blank","first_blank-pla","pla",3,114,"first_blank-bend","bend",116,2,1,1,"planeta","bendneta"
744,"first_blank","first_blank-plat","plat",3,6,"first_blank-žaiz","žaiz",6,0,0,1,"platforma","žaizforma"
544,"plau","plau-kų","kų",2,1,"viru-kų","viru",1,0,0,1,"plaukų","virukų"
219,"boy","boy-last_blank","last_blank",3,2,"pats-last_blank","pats",2,0,1,1,"playboy","playpats"
293,"plo","plo-nas","nas",2,1,"kūe-nas","kūe",1,0,0,1,"plonas","kūenas"
630,"plo","plo-tas","tas",2,1,"tia-tas","tia",1,0,0,1,"plotas","tiatas"
220,"pl","pl-us","us",1,1,"üt-us","üt",1,0,0,1,"plus","ütus"
532,"poe","poe-tas","tas",2,1,"buo-tas","buo",1,0,0,1,"poetas","buotas"
248,"sis","sis-last_blank","last_blank",3,316,"jant-last_blank","jant",35,281,1,1,"poilsis","poiljant"
512,"kal","kal-bis","bis",3,1,"liur-bis","liur",1,0,1,1,"pokalbis","poliurbis"
223,"li","li-ti","ti",4,28,"trauk-ti","trauk",17,11,3,1,"politika","potrauktika"
633,"rius","rius-last_blank","last_blank",3,165,"džia-last_blank","džia",75,90,0,1,"popierius","popiedžia"
483,"lia","lia-rus","rus",4,1,"monst-rus","monst",1,0,2,1,"populiarus","popumonstrus"
707,"rn","rn-last_blank","last_blank",1,5,"cy-last_blank","cy",5,0,0,1,"porn","pocy"
225,"first_blank","first_blank-por","por",3,34,"first_blank-sten","sten",34,0,1,1,"portalas","stentalas"
32,"first_blank","first_blank-port","port",3,18,"first_blank-sker","sker",18,0,0,1,"portfelis","skerfelis"
649,"po","po-ten","ten",4,13,"po-niams","niams",1,12,2,1,"potencialus","poniamscialus"
285,"van","van-de","de",5,43,"tchbla-de","tchbla",1,42,3,1,"povandeninis","potchbladeninis"
561,"pra","pra-kei","kei",4,8,"pra-links","links",10,2,2,1,"prakeikimas","pralinkskimas"
598,"first_blank","first_blank-prak","prak",3,14,"first_blank-jung","jung",14,0,0,1,"praktika","jungtika"
914,"nklas","nklas-last_blank","last_blank",4,1,"trėkš-last_blank","trėkš",1,0,0,1,"prekės ženklas","prekės žetrėkš"
709,"pre","pre-mi","mi",3,5,"užuo-mi","užuo",6,1,1,1,"premija","užuomija"
558,"pri","pri-de","de",2,7,"laz-de","laz",7,0,0,1,"pride","lazde"
753,"globs","globs-tis","tis",3,1,"kvies-tis","kvies",1,0,0,1,"prieglobstis","priekviestis"
300,"prie","prie-ka","ka",3,13,"tvar-ka","tvar",6,7,0,1,"priekaba","tvarkaba"
858,"prie","prie-ky","ky",3,2,"smau-ky","smau",2,0,0,1,"priekyje","smaukyje"
915,"pri","pri-ėmi","ėmi",3,5,"pri-lygs","lygs",5,0,1,1,"priėmimas","prilygsmas"
470,"prie","prie-šas","šas",2,1,"prie-sin","sin",1,0,0,1,"priešas","priesin"
872,"prie","prie-šin","šin",3,21,"kiau-šin","kiau",1,20,0,1,"priešingas","kiaušingas"
15,"first_blank","first_blank-prie","prie",4,234,"first_blank-links","links",52,182,1,1,"priešnuodis","linksšnuodis"
240,"first_blank","first_blank-prie","prie",3,234,"first_blank-bend","bend",116,118,0,1,"priežastis","bendžastis"
326,"first_blank","first_blank-prin","prin",3,24,"first_blank-tarp","tarp",24,0,0,1,"princesė","tarpcesė"
803,"žin","žin-ti","ti",4,20,"trauk-ti","trauk",17,3,2,1,"pripažinti","pripatraukti"
509,"siek","siek-ti","ti",3,5,"gręž-ti","gręž",5,0,0,1,"prisiekti","prigręžti"
639,"pri","pri-va","va",3,71,"leng-va","leng",8,63,1,1,"privati","lengvati"
705,"first_blank","first_blank-pri","pri",5,1204,"first_blank-sluoks","sluoks",11,1193,3,1,"privilegija","sluoksvilegija"
680,"first_blank","first_blank-prob","prob",3,14,"first_blank-jung","jung",14,0,0,1,"problema","junglema"
421,"ce","ce-sas","sas",3,1,"ce-ciot","ciot",1,0,1,1,"procesas","proceciot"
529,"fi","fi-lis","lis",3,2,"fi-tzai","tzai",1,1,1,1,"profilis","profitzai"
578,"first_blank","first_blank-prog","prog",6,23,"first_blank-švieska","švieska",4,19,3,1,"programinė įranga","švieskaraminė įranga"
230,"re","re-sas","sas",4,8,"re-aming","aming",1,7,2,1,"progresas","progreaming"
231,"jek","jek-tas","tas",3,3,"krau-tas","krau",3,0,1,1,"projektas","prokrautas"
829,"pro","pro-tes","tes",3,13,"anks-tes","anks",13,0,1,1,"protestas","ankstestas"
594,"pro","pro-tin","tin",3,33,"tvir-tin","tvir",24,9,1,1,"protingas","tvirtingas"
434,"chi","chi-kos","kos",3,1,"tvan-kos","tvan",1,0,1,1,"psichikos","psitvankos"
234,"pu","pu-b","b",1,1,"ni-b","ni",1,0,0,1,"pub","nib"
101,"pui","pui-kiai","kiai",2,1,"nie-kiai","nie",1,0,0,1,"puikiai","niekiai"
718,"pul","pul-kas","kas",2,1,"kni-kas","kni",1,0,0,1,"pulkas","knikas"
235,"first_blank","first_blank-pul","pul",2,41,"first_blank-gre","gre",41,0,0,1,"pulse","grese"
875,"mp","mp-last_blank","last_blank",1,7,"ht-last_blank","ht",7,0,0,1,"pump","puht"
476,"first_blank","first_blank-puo","puo",3,57,"first_blank-fran","fran",58,1,1,1,"puodelis","frandelis"
696,"pur","pur-vo","vo",2,1,"ajo-vo","ajo",1,0,0,1,"purvo","ajovo"
679,"pu","pu-sė","sė",2,5,"pu-rai","rai",5,0,1,1,"pusė","purai"
690,"first_blank","first_blank-pyk","pyk",2,9,"first_blank-nėš","nėš",9,0,0,1,"pyktis","nėštis"
842,"mid","mid-last_blank","last_blank",3,1,"guls-last_blank","guls",1,0,1,1,"pyramid","pyraguls"
431,"da","da-ras","ras",3,6,"da-link","link",4,2,1,1,"radaras","radalink"
445,"di","di-jas","jas",3,7,"di-džią","džią",6,1,1,1,"radijas","radidžią"
618,"ke","ke-ta","ta",3,3,"drįs-ta","drįs",3,0,2,1,"raketa","radrįsta"
467,"first_blank","first_blank-rak","rak",2,25,"first_blank-fer","fer",25,0,0,1,"raktas","fertas"
855,"yno","yno-last_blank","last_blank",7,1,"griebsiu-last_blank","griebsiu",1,0,5,1,"ramiojo vandenyno","ramiojo vandengriebsiu"
126,"ran","ran-kų","kų",2,2,"siu-kų","siu",2,0,0,1,"rankų","siukų"
238,"nis","nis-last_blank","last_blank",5,545,"traukt-last_blank","traukt",9,536,3,1,"rasistinis","rasistitraukt"
324,"first_blank","first_blank-rau","rau",3,78,"first_blank-šven","šven",77,1,1,1,"raudona","švendona"
254,"first_blank","first_blank-raun","raun",2,8,"first_blank-plan","plan",8,0,0,1,"raundas","plandas"
479,"first_blank","first_blank-rea","rea",3,33,"first_blank-kvie","kvie",32,1,1,1,"realybė","kvielybė"
963,"re","re-gio","gio",4,9,"re-konst","konst",4,5,2,1,"regioninis","rekonstninis"
815,"first_blank","first_blank-rei","rei",5,159,"first_blank-paskam","paskam",28,131,3,1,"reikalavimas","paskamkalavimas"
169,"reikš","reikš-mė","mė",2,1,"links-mė","links",1,0,0,2,"reikšmė","linksmė"
927,"kla","kla-ma","ma",3,2,"port-ma","port",2,0,1,1,"reklama","reportma"
427,"first_blank","first_blank-rep","rep",4,52,"first_blank-links","links",52,0,2,1,"reporteris","linksorteris"
807,"zul","zul-ta","ta",4,10,"trūks-ta","trūks",11,1,2,1,"rezultatas","retrūkstatas"
250,"first_blank","first_blank-rit","rit",2,8,"first_blank-oha","oha",8,0,0,1,"ritmas","ohamas"
433,"alas","alas-last_blank","last_blank",3,3,"sėst-last_blank","sėst",3,0,0,1,"ritualas","ritusėst"
342,"zi","zi-ka","ka",3,11,"tvar-ka","tvar",6,5,2,1,"rizika","ritvarka"
252,"kin","kin-ga","ga",4,14,"įžval-ga","įžval",1,13,2,1,"rizikinga","riziįžvalga"
695,"bo","bo-tas","tas",3,7,"bo-džia","džia",1,6,1,1,"robotas","robodžia"
849,"deo","deo-last_blank","last_blank",2,2,"ryl-last_blank","ryl",2,0,0,1,"rodeo","roryl"
268,"ro","ro-dy","dy",3,113,"ro-liuo","liuo",21,92,2,1,"rodyti","roliuoti"
597,"ro","ro-kas","kas",2,3,"ro-niš","niš",3,0,0,1,"rokas","roniš"
538,"ma","ma-nas","nas",3,51,"ma-tuok","tuok",5,46,1,1,"romanas","romatuok"
794,"meo","meo-last_blank","last_blank",2,1,"alą-last_blank","alą",1,0,0,1,"romeo","roalą"
255,"al","al-last_blank","last_blank",3,6,"ėmus-last_blank","ėmus",6,0,2,1,"royal","royėmus"
388," mėn"," mėn-last_blank","last_blank",4,1,"veržk-last_blank","veržk",1,0,1,1,"rugsėjo mėn","rugsėjoveržk"
257,"ru","ru-m","m",1,1,"ao-m","ao",1,0,0,1,"rum","aom"
518,"rū","rū-mai","mai",2,1,"rū-gęs","gęs",1,0,0,1,"rūmai","rūgęs"
539,"sing","sing-last_blank","last_blank",2,1,"dier-last_blank","dier",1,0,0,1,"runsing","rundier"
791,"first_blank","first_blank-rus","rus",2,8,"first_blank-oha","oha",8,0,0,1,"rusty","ohaty"
455,"first_blank","first_blank-ryk","ryk",2,9,"first_blank-seg","seg",9,0,0,1,"ryklys","seglys"
298,"toj","toj-last_blank","last_blank",2,18,"žei-last_blank","žei",18,0,0,1,"rytoj","ryžei"
591,"first_blank","first_blank-sal","sal",2,53,"first_blank-kre","kre",53,0,0,1,"saldus","kredus"
587,"ša","ša-lis","lis",2,2,"ša-blo","blo",2,0,0,1,"šalis","šablo"
573,"šal","šal-mas","mas",2,1,"dro-mas","dro",1,0,0,1,"šalmas","dromas"
278,"šal","šal-ti","ti",3,12,"lenk-ti","lenk",12,0,1,1,"šaltinis","lenktinis"
950,"di","di-niai","niai",3,11,"di-džią","džią",6,5,0,1,"samdiniai","samdidžią"
136,"first_blank","first_blank-sam","sam",3,30,"first_blank-mies","mies",30,0,1,1,"samdyti","miesdyti"
703,"moks","moks-las","las",3,3,"ebel-las","ebel",1,2,0,1,"sąmokslas","sąebellas"
614,"first_blank","first_blank-sand","sand",3,5,"first_blank-abra","abra",5,0,0,1,"sandwich","abrawich"
592,"ty","ty-kiai","kiai",3,2,"ty-mams","mams",2,0,0,1,"santykiai","santymams"
391,"first_blank","first_blank-šau","šau",3,123,"first_blank-bend","bend",116,7,1,1,"šaudymas","benddymas"
547,"sau","sau-gu","gu",3,9,"bliz-gu","bliz",3,6,1,1,"saugumas","blizgumas"
728,"sau","sau-gus","gus",2,2,"bin-gus","bin",2,0,0,1,"saugus","bingus"
747,"first_blank","first_blank-šaukš","šaukš",2,11,"first_blank-plauk","plauk",11,0,0,1,"šaukštas","plauktas"
834,"sau","sau-lė","lė",4,18,"veiks-lė","veiks",5,13,2,1,"saulėlydis","veikslėlydis"
742,"šau","šau-lys","lys",2,1,"bro-lys","bro",1,0,0,1,"šaulys","brolys"
375,"sau","sau-sas","sas",2,1,"dok-sas","dok",1,0,0,1,"sausas","doksas"
571,"šau","šau-tu","tu",3,10,"skir-tu","skir",11,1,1,1,"šautuvas","skirtuvas"
827,"kai","kai-last_blank","last_blank",5,680,"trenks-last_blank","trenks",4,676,3,1,"savanoriškai","savanorištrenks"
338,"žu","žu-dy","dy",5,86,"zvaigz-dy","zvaigz",1,85,4,1,"savižudybė","savizvaigzdybė"
113,"se","se-ki","ki",3,18,"troš-ki","troš",15,3,2,1,"sekite","troškite"
374,"first_blank","first_blank-sėk","sėk",2,28,"first_blank-ita","ita",28,0,0,1,"sėkmė","itamė"
379,"rius","rius-last_blank","last_blank",4,165,"sakėt-last_blank","sakėt",7,158,1,1,"sekretorius","sekretosakėt"
266,"first_blank","first_blank-sek","sek",5,107,"first_blank-žvaigž","žvaigž",30,77,3,1,"seksualinis","žvaigžsualinis"
724,"na","na-ras","ras",4,6,"na-džent","džent",1,5,2,1,"seminaras","seminadžent"
194,"se","se-nas","nas",2,7,"se-ria","ria",7,0,0,1,"senas","seria"
423,"ne","ne-lis","lis",3,23,"ne-skam","skam",18,5,1,1,"senelis","seneskam"
984,"first_blank","first_blank-sen","sen",4,45,"first_blank-vaikš","vaikš",43,2,2,1,"sensacinga","vaikšsacinga"
563,"ri","ri-fas","fas",3,2,"ri-kiui","kiui",1,1,1,1,"šerifas","šerikiui"
606,"se","se-ri","ri",3,20,"šiau-ri","šiau",14,6,2,1,"serija","šiaurija"
361,"žan","žan-tas","tas",3,1,"pokš-tas","pokš",1,0,1,1,"seržantas","serpokštas"
267,"lis","lis-last_blank","last_blank",3,468,"jant-last_blank","jant",35,433,1,1,"šešėlis","šešėjant"
259,"first_blank","first_blank-šeš","šeš",4,23,"first_blank-svars","svars",22,1,2,1,"šeštadienį","svarstadienį"
335,"suo","suo-last_blank","last_blank",2,3,"pes-last_blank","pes",3,0,0,1,"sesuo","sepes"
795,"lock","lock-last_blank","last_blank",2,1,"ersk-last_blank","ersk",1,0,0,1,"sherlock","sherersk"
572,"sh","sh-ie","ie",1,1,"įž-ie","įž",1,0,0,1,"shield","įžield"
676,"first_blank","first_blank-šian","šian",2,11,"first_blank-liep","liep",11,0,0,1,"šiandien","liepdien"
140,"siau","siau-bas","bas",2,1,"siau-tei","tei",1,0,0,1,"siaubas","siautei"
664,"siau","siau-ras","ras",2,1,"siau-gin","gin",1,0,0,1,"siauras","siaugin"
466,"first_blank","first_blank-sie","sie",2,52,"first_blank-rep","rep",52,0,0,1,"siela","repla"
468,"first_blank","first_blank-sie","sie",2,52,"first_blank-ket","ket",52,0,0,1,"sienos","ketnos"
620,"jo","jo-nas","nas",3,6,"jo-kiom","kiom",1,5,1,1,"sijonas","sijokiom"
836,"šil","šil-kas","kas",2,1,"dža-kas","dža",1,0,0,1,"šilkas","džakas"
313,"šil","šil-tas","tas",2,1,"žan-tas","žan",1,0,0,1,"šiltas","žantas"
551,"ši","ši-lu","lu",3,4,"ši-niai","niai",4,0,2,1,"šiluma","šiniaima"
287,"first_blank","first_blank-simp","simp",3,8,"first_blank-apel","apel",8,0,0,1,"simptomas","apeltomas"
462,"aci","aci-ja","ja",4,2,"fornl-ja","fornl",1,1,2,1,"situacija","situfornlja"
908,"first_blank","first_blank-šiukš","šiukš",4,14,"first_blank-spaus","spaus",14,0,0,1,"šiukšliadėžė","spausliadėžė"
596,"first_blank","first_blank-siur","siur",3,10,"first_blank-drei","drei",10,0,0,1,"siurprizas","dreiprizas"
68,"čiuo","čiuo-ti","ti",3,14,"šven-ti","šven",14,0,0,1,"skaičiuoti","skaišventi"
409,"skai","skai-čius","čius",2,2,"lian-čius","lian",1,1,0,1,"skaičius","liančius"
239,"first_blank","first_blank-skai","skai",3,108,"first_blank-bend","bend",116,8,0,1,"skaitymas","bendtymas"
328,"first_blank","first_blank-skai","skai",3,108,"first_blank-bend","bend",116,8,0,1,"skaityti","bendtyti"
36,"first_blank","first_blank-skam","skam",4,61,"first_blank-links","links",52,9,1,1,"skambinkite","linksbinkite"
701,"first_blank","first_blank-skan","skan",4,15,"first_blank-reikš","reikš",15,0,1,1,"skandinimas","reikšdinimas"
785,"ska","ska-nus","nus",2,1,"dio-nus","dio",1,0,0,1,"skanus","dionus"
443,"first_blank","first_blank-sko","sko",2,51,"first_blank-lin","lin",51,0,0,1,"skonis","linnis"
685,"first_blank","first_blank-skran","skran",2,7,"first_blank-snarg","snarg",7,0,0,1,"skrandis","snargdis"
295,"first_blank","first_blank-skru","skru",5,8,"first_blank-žvilgs","žvilgs",9,1,2,1,"skrudinta duona","žvilgsdinta duona"
661,"sku","sku-bus","bus",2,1,"sku-tai","tai",1,0,0,1,"skubus","skutai"
59,"skun","skun-das","das",2,1,"dmon-das","dmon",1,0,0,1,"skundas","dmondas"
924,"first_blank","first_blank-skur","skur",2,9,"first_blank-spra","spra",9,0,0,1,"skurdas","spradas"
816,"first_blank","first_blank-sky","sky",2,64,"first_blank-šal","šal",64,0,0,1,"skyrius","šalrius"
343,"sky","sky-ry","ry",3,5,"kant-ry","kant",5,0,1,1,"skyrybų","kantrybų"
152,"skys","skys-tis","tis",2,1,"mykš-tis","mykš",1,0,0,1,"skystis","mykštis"
835,"first_blank","first_blank-sla","sla",4,15,"first_blank-reikš","reikš",15,0,2,1,"slapyvardis","reikšpyvardis"
831,"first_blank","first_blank-šlo","šlo",3,14,"first_blank-raiš","raiš",14,0,1,1,"šlovingas","raišvingas"
839,"first_blank","first_blank-sluoks","sluoks",2,11,"first_blank-džiaug","džiaug",9,2,0,4,"sluoksnis","džiaugnis"
318,"first_blank","first_blank-šmaikš","šmaikš",2,6,"first_blank-kriauk","kriauk",6,0,0,3,"šmaikštus","kriauktus"
274,"as","as-h","h",1,1,"ha-h","ha",1,0,0,1,"smash","smhah"
763,"first_blank","first_blank-sme","sme",3,14,"first_blank-neut","neut",14,0,1,1,"smegenys","neutgenys"
401,"pas","pas-last_blank","last_blank",2,74,"mėt-last_blank","mėt",74,0,0,1,"šnipas","šnimėt"
970,"first_blank","first_blank-šni","šni",5,21,"first_blank-paskam","paskam",28,7,3,1,"šnipinėjimas","paskampinėjimas"
536,"so","so-fa","fa",2,1,"so-siu","siu",1,0,1,1,"sofa","sosiu"
651,"sos","sos-ti","ti",3,5,"kliū-ti","kliū",5,0,1,1,"sostinė","kliūtinė"
557,"first_blank","first_blank-spąs","spąs",2,5,"first_blank-krės","krės",5,0,0,1,"spąstai","krėstai"
461,"cia","cia-lu","lu",4,5,"steri-lu","steri",1,4,2,1,"specialusis","spesterilusis"
853,"first_blank","first_blank-spin","spin",3,42,"first_blank-trum","trum",42,0,0,1,"spindulys","trumdulys"
826,"first_blank","first_blank-spro","spro",3,14,"first_blank-raiš","raiš",14,0,0,1,"sprogimas","raišgimas"
841,"first_blank","first_blank-squir","squir",2,1,"first_blank-subrę","subrę",1,0,0,1,"squirrel","subręrel"
991,"srai","srai-gė","gė",2,1,"riau-gė","riau",1,0,0,1,"sraigė","riaugė"
277,"first_blank","first_blank-sriu","sriu",2,6,"first_blank-dmit","dmit",6,0,0,1,"sriuba","dmitba"
279,"dio","dio-nas","nas",3,2,"asla-nas","asla",1,1,1,1,"stadionas","staaslanas"
765,"first_blank","first_blank-stai","stai",2,13,"first_blank-kran","kran",13,0,0,1,"staiga","kranga"
413,"sta","sta-las","las",2,2,"sta-ruo","ruo",2,0,0,1,"stalas","staruo"
739,"sta","sta-tus","tus",2,3,"lik-tus","lik",3,0,0,1,"status","liktus"
64,"first_blank","first_blank-sta","sta",3,181,"first_blank-prie","prie",234,53,1,1,"statyba","prietyba"
191,"first_blank","first_blank-ste","ste",4,138,"first_blank-links","links",52,86,2,1,"stebėjimas","linksbėjimas"
281,"st","st-ic","ic",1,1,"kn-ic","kn",1,0,0,1,"stick","knick"
444,"first_blank","first_blank-stik","stik",2,28,"first_blank-skry","skry",28,0,0,1,"stiklas","skrylas"
282,"first_blank","first_blank-stip","stip",3,61,"first_blank-trau","trau",60,1,0,1,"stiprumas","traurumas"
331,"first_blank","first_blank-stip","stip",2,61,"first_blank-skam","skam",61,0,0,1,"stiprus","skamrus"
540,"first_blank","first_blank-sto","sto",4,171,"first_blank-links","links",52,119,2,1,"stovėkite","linksvėkite"
769,"vyk","vyk-la","la",3,9,"priš-la","priš",3,6,1,1,"stovykla","stoprišla"
487,"first_blank","first_blank-straips","straips",2,10,"first_blank-džiaugs","džiaugs",14,4,0,3,"straipsnis","džiaugsnis"
283,"re","re-sas","sas",3,8,"re-aguo","aguo",2,6,1,1,"stresas","streaguo"
994,"first_blank","first_blank-stu","stu",3,57,"first_blank-fran","fran",58,1,1,1,"stuburo","franburo"
337,"first_blank","first_blank-stu","stu",3,57,"first_blank-švie","švie",56,1,1,1,"studentas","šviedentas"
861,"first_blank","first_blank-stum","stum",2,12,"first_blank-kram","kram",12,0,0,1,"stumti","kramti"
880,"su","su-au","au",5,22,"su-sprogs","sprogs",1,21,4,1,"suaugusieji","susprogsgusieji"
879,"ti","ti-lus","lus",3,3,"ti-kint","kint",3,0,1,1,"subtilus","subtikint"
907,"su","su-ck","ck",1,1,"su-uo","uo",1,0,0,1,"suck","suuo"
104,"su","su-klas","klas",4,3,"su-reikš","reikš",3,0,1,1,"suklastotas","sureikštotas"
72,"kur","kur-ti","ti",3,9,"pjau-ti","pjau",9,0,1,1,"sukurti","supjauti"
885,"su","su-ma","ma",2,55,"su-sto","sto",51,4,1,1,"suma","susto"
84,"ši","ši-mas","mas",4,19,"ši-kniui","kniui",1,18,2,1,"sumušimas","sumušikniui"
634,"sun","sun-ku","ku",2,9,"liu-ku","liu",9,0,0,1,"sunku","liuku"
902,"sun","sun-kus","kus",2,2,"liš-kus","liš",2,0,0,1,"sunkus","liškus"
329,"šu","šu-o","o",1,1,"co-o","co",1,0,0,1,"šuo","coo"
854,"per","per-me","me",4,6,"staig-me","staig",6,0,2,1,"supermenas","sustaigmenas"
631,"pras","pras-ti","ti",3,8,"lauž-ti","lauž",8,0,0,1,"suprasti","sulaužti"
689,"su","su-rin","rin",4,16,"su-pjaus","pjaus",7,9,2,1,"surinkite","supjauskite"
60,"si","si-rū","rū",6,52,"si-džiaugs","džiaugs",2,50,5,1,"susirūpinimą","susidžiaugspinimą"
478,"tar","tar-tis","tis",3,3,"tar-nauk","nauk",2,1,1,1,"sutartis","sutarnauk"
429,"first_blank","first_blank-sva","sva",2,42,"first_blank-kaž","kaž",42,0,0,1,"svaras","kažras"
167,"first_blank","first_blank-svar","svar",2,42,"first_blank-spin","spin",42,0,0,1,"svarbu","spinbu"
47,"first_blank","first_blank-šva","šva",2,21,"first_blank-emi","emi",21,0,0,1,"švarus","emirus"
129,"svei","svei-kas","kas",2,2,"sliu-kas","sliu",2,0,0,1,"sveikas","sliukas"
128,"first_blank","first_blank-svei","svei",3,37,"first_blank-pran","pran",36,1,0,1,"sveikata","prankata"
131,"first_blank","first_blank-svei","svei",2,37,"first_blank-siun","siun",37,0,0,1,"sveiki","siunki"
62,"first_blank","first_blank-svei","svei",4,37,"first_blank-trans","trans",40,3,1,1,"sveikiname","transkiname"
521,"first_blank","first_blank-šven","šven",3,77,"first_blank-aukš","aukš",78,1,0,1,"šventykla","aukštykla"
749,"sve","sve-tin","tin",4,7,"mankš-tin","mankš",4,3,2,1,"svetingumas","mankštingumas"
773,"first_blank","first_blank-švies","švies",2,8,"first_blank-šluos","šluos",8,0,0,1,"šviesti","šluosti"
731,"sus","sus-last_blank","last_blank",2,60,"vių-last_blank","vių",60,0,0,1,"šviesus","švievių"
905,"žias","žias-last_blank","last_blank",2,5,"kišt-last_blank","kišt",5,0,0,1,"šviežias","šviekišt"
642,"svo","svo-ris","ris",2,1,"žiū-ris","žiū",1,0,0,1,"svoris","žiūris"
417,"first_blank","first_blank-šyp","šyp",3,22,"first_blank-mėgs","mėgs",22,0,1,1,"šypsena","mėgssena"
296,"ba","ba-ko","ko",3,6,"džei-ko","džei",6,0,2,1,"tabako","tadžeiko"
754,"first_blank","first_blank-tab","tab",3,5,"first_blank-elio","elio",5,0,1,1,"tablėtė","eliolėtė"
16,"first_blank","first_blank-tai","tai",3,127,"first_blank-bend","bend",116,11,1,1,"taikyti","bendkyti"
256,"klė","klė-last_blank","last_blank",6,1,"gniaužk-last_blank","gniaužk",1,0,4,1,"taisyklių taisyklė","taisyklių taisygniaužk"
289,"first_blank","first_blank-tak","tak",2,28,"first_blank-fre","fre",28,0,0,1,"taksi","fresi"
882,"first_blank","first_blank-tal","tal",2,17,"first_blank-gor","gor",17,0,0,1,"talpa","gorpa"
78,"tam","tam-sa","sa",2,1,"pul-sa","pul",1,0,0,1,"tamsa","pulsa"
288,"first_blank","first_blank-tan","tan",2,24,"first_blank-dvy","dvy",24,0,0,1,"tankas","dvykas"
221,"taš","taš-kas","kas",2,1,"pio-kas","pio",1,0,0,1,"taškas","piokas"
567,"tuiruo","tuiruo-tė","tė",3,2,"skrais-tė","skrais",1,1,0,3,"tatuiruotė","taskraistė"
788,"first_blank","first_blank-tech","tech",3,29,"first_blank-laik","laik",29,0,0,1,"techninis","laikninis"
378,"first_blank","first_blank-tech","tech",5,29,"first_blank-paskam","paskam",28,1,2,1,"technologijos","paskamnologijos"
323,"gia","gia-mas","mas",3,9,"šėls-mas","šėls",1,8,1,1,"teigiamas","teišėlsmas"
251,"first_blank","first_blank-tei","tei",2,149,"first_blank-var","var",146,3,0,1,"teisė","varsė"
441,"si","si-nin","nin",4,45,"si-kraus","kraus",35,10,2,1,"teisininkas","teisikrauskas"
414,"first_blank","first_blank-teis","teis",2,16,"first_blank-tren","tren",16,0,0,1,"teismas","trenmas"
291,"teks","teks-tas","tas",2,2,"baus-tas","baus",2,0,0,1,"tekstas","baustas"
457,"leg","leg-ra","ra",4,5,"konst-ra","konst",5,0,2,1,"telegrama","tekonstrama"
930,"le","le-sko","sko",4,6,"le-venst","venst",1,5,2,1,"teleskopas","televenstpas"
489,"ra","ra-pi","pi",4,12,"pliur-pi","pliur",1,11,3,1,"terapija","tepliurpija"
720,"first_blank","first_blank-ter","ter",4,50,"first_blank-links","links",52,2,2,1,"terminalas","linksminalas"
775,"first_blank","first_blank-tę","tę",4,25,"first_blank-skrai","skrai",25,0,3,1,"tęskite","skraiskite"
302,"first_blank","first_blank-tie","tie",2,53,"first_blank-vyk","vyk",53,0,0,1,"tiesa","vyksa"
1,"akant","akant-last_blank","last_blank",4,1,"knium-last_blank","knium",1,0,0,1,"tiesą sakant","tiesą sknium"
148,"siog","siog-last_blank","last_blank",2,1,"witt-last_blank","witt",1,0,0,1,"tiesiog","tiewitt"
485,"sio","sio-gi","gi",4,13,"įžvel-gi","įžvel",2,11,2,1,"tiesioginė","tieįžvelginė"
229,"first_blank","first_blank-ti","ti",4,264,"praskaidrin-ti","praskaidrin",1,263,0,6,"tikimybė","praskaidrintikimybė"
770,"tiks","tiks-las","las",2,1,"mink-las","mink",1,0,0,1,"tikslas","minklas"
514,"til","til-tas","tas",2,1,"dže-tas","dže",1,0,0,1,"tiltas","džetas"
616,"first_blank","first_blank-ti","ti",3,264,"praskaidrin-ti","praskaidrin",1,263,0,7,"tipiškas","praskaidrintipiškas"
349,"first_blank","first_blank-trans","trans",6,40,"first_blank-makleiš","makleiš",1,39,2,1,"transporto priemonė","makleišporto priemonė"
347,"first_blank","first_blank-trau","trau",3,60,"first_blank-stip","stip",61,1,0,1,"traukinys","stipkinys"
294,"tre","tre-čias","čias",2,1,"nan-čias","nan",1,0,0,1,"trečias","nančias"
51,"ne","ne-ris","ris",3,34,"ne-klau","klau",31,3,1,1,"treneris","treneklau"
871,"first_blank","first_blank-tri","tri",3,68,"first_blank-plau","plau",68,0,1,1,"trigeris","plaugeris"
301,"first_blank","first_blank-triu","triu",2,27,"first_blank-gran","gran",27,0,0,1,"triukas","grankas"
376,"first_blank","first_blank-triukš","triukš",2,18,"first_blank-sluoks","sluoks",11,7,0,3,"triukšmas","sluoksmas"
784,"jaus","jaus-last_blank","last_blank",3,85,"siai-last_blank","siai",76,9,0,1,"trofėjaus","trofėsiai"
394,"pas","pas-last_blank","last_blank",2,74,"rei-last_blank","rei",74,0,0,1,"trumpas","trumrei"
297,"ale","ale-tas","tas",3,1,"įkai-tas","įkai",1,0,1,1,"tualetas","tuįkaitas"
605,"first_blank","first_blank-tūks","tūks",3,15,"first_blank-stul","stul",15,0,0,1,"tūkstantis","stultantis"
949,"tu","tu-na","na",2,3,"tu-mos","mos",3,0,1,1,"tuna","tumos"
603,"tu","tu-ras","ras",2,2,"tu-viu","viu",2,0,0,1,"turas","tuviu"
372,"rė","rė-ti","ti",3,26,"siun-ti","siun",26,0,2,1,"turėti","tusiunti"
299,"ny","ny-ras","ras",3,2,"ny-čiui","čiui",2,0,1,1,"turnyras","turnyčiui"
732,"first_blank","first_blank-tuš","tuš",2,26,"first_blank-lip","lip",26,0,0,1,"tuščia","lipčia"
792,"first_blank","first_blank-tvir","tvir",2,39,"first_blank-vaiz","vaiz",39,0,0,1,"tvirtai","vaiztai"
469,"ty","ty-liai","liai",2,1,"ty-čiot","čiot",1,0,0,1,"tyliai","tyčiot"
655,"ty","ty-lus","lus",2,1,"ty-kan","kan",1,0,0,1,"tylus","tykan"
599,"ri","ri-mai","mai",3,12,"ri-kiuo","kiuo",8,4,1,1,"tyrimai","tyrikiuo"
307,"first_blank","first_blank-uf","uf",1,2,"first_blank-gū","gū",2,0,0,1,"ufo","gūo"
393,"nis","nis-last_blank","last_blank",2,545,"tai-last_blank","tai",502,43,0,1,"ugnis","ugtai"
105,"first_blank","first_blank-ūki","ūki",3,9,"first_blank-vien","vien",9,0,1,1,"ūkininkas","vienninkas"
472,"first_blank","first_blank-up","up",1,9,"first_blank-įė","įė",9,0,0,1,"upė","įėė"
942,"first_blank","first_blank-ura","ura",3,7,"first_blank-gold","gold",7,0,1,1,"uraganas","goldganas"
205,"už","už-last_blank","last_blank",1,1,"pn-last_blank","pn",1,0,0,1,"už","pn"
611,"duo","duo-tis","tis",3,1,"plės-tis","plės",1,0,1,1,"užduotis","užplėstis"
956,"kan","kan-dis","dis",3,2,"grei-dis","grei",1,1,1,1,"užkandis","užgreidis"
523,"elią","elią-last_blank","last_blank",5,1,"trėkšk-last_blank","trėkšk",1,0,2,1,"užkirsti kelią","užkirsti ktrėkšk"
154,"kin","kin-ta","ta",4,19,"trūks-ta","trūks",11,8,2,1,"užrakinta","užratrūksta"
284,"si","si-spy","spy",4,7,"si-leisk","leisk",7,0,2,1,"užsispyręs","užsileiskręs"
993,"už","už-ter","ter",4,1,"už-kimšt","kimšt",1,0,2,1,"užteršimas","užkimštšimas"
344,"va","va-das","das",2,2,"va-zov","zov",2,0,0,1,"vadas","vazov"
953,"ba","ba-last_blank","last_blank",3,111,"sius-last_blank","sius",112,1,2,1,"vadyba","vadysius"
164,"kas","kas-last_blank","last_blank",5,758,"džiuiė-last_blank","džiuiė",1,757,3,1,"vadybininkas","vadybinindžiuiė"
292,"va","va-gis","gis",2,2,"va-nok","nok",2,0,0,1,"vagis","vanok"
574,"gys","gys-tė","tė",3,5,"siau-tė","siau",5,0,1,1,"vagystė","vasiautė"
971,"first_blank","first_blank-vaiz","vaiz",3,39,"first_blank-moks","moks",40,1,0,1,"vaizduotė","moksduotė"
588,"ka","ka-rie","rie",4,39,"ka-zachs","zachs",3,36,2,1,"vakarienė","vakazachsnė"
997,"first_blank","first_blank-val","val",3,207,"first_blank-prie","prie",234,27,1,1,"valdyti","priedyti"
178,"var","var-das","das",2,5,"mon-das","mon",4,1,0,1,"vardas","mondas"
412,"first_blank","first_blank-varg","varg",2,26,"first_blank-grįž","grįž",26,0,0,2,"vargšas","grįžšas"
833,"var","var-lė","lė",2,2,"rie-lė","rie",2,0,0,1,"varlė","rielė"
58,"bos","bos-last_blank","last_blank",3,73,"riui-last_blank","riui",72,1,1,1,"varzybos","varzyriui"
358,"sa","sa-ra","ra",3,9,"deko-ra","deko",7,2,2,1,"vasara","vadekora"
537,"šing","šing-to","to",4,6,"svars-to","svars",7,1,1,1,"vašingtonas","vasvarstonas"
198,"vei","vei-kia","kia",2,10,"tuo-kia","tuo",9,1,0,1,"veikia","tuokia"
980,"vei","vei-ki","ki",3,8,"marš-ki","marš",8,0,1,1,"veikimas","marškimas"
357,"vė","vė-jas","jas",2,7,"vė-siu","siu",5,2,0,1,"vėjas","vėsiu"
410,"lai","lai-last_blank","last_blank",2,213,"kos-last_blank","kos",213,0,0,1,"vėlai","vėkos"
111,"lia","lia-va","va",3,2,"mask-va","mask",1,1,1,1,"vėliava","vėmaskva"
99,"first_blank","first_blank-vel","vel",2,39,"first_blank-aki","aki",39,0,0,1,"velnias","akinias"
755,"ve","ve-n","n",1,1,"xo-n","xo",1,0,0,1,"ven","xon"
524,"ver","ver-gas","gas",2,1,"žin-gas","žin",1,0,0,1,"vergas","žingas"
311,"first_blank","first_blank-ver","ver",2,185,"first_blank-sau","sau",185,0,0,1,"vertė","sautė"
488,"ver","ver-tin","tin",3,22,"slap-tin","slap",18,4,1,1,"vertinga","slaptinga"
671,"daus","daus-last_blank","last_blank",2,12,"kels-last_blank","kels",12,0,0,1,"vidaus","vikels"
935,"mas","mas-last_blank","last_blank",5,1522,"kreipk-last_blank","kreipk",5,1517,3,1,"viduriavimas","viduriavikreipk"
737,"nak","nak-tis","tis",4,3,"džiuo-tis","džiuo",1,2,2,1,"vidurnaktis","vidurdžiuotis"
195,"vie","vie-nas","nas",2,4,"vie-šin","šin",4,0,0,1,"vienas","viešin"
646,"ne","ne-tas","tas",3,14,"ne-prie","prie",11,3,1,1,"vienetas","vieneprie"
8,"vie","vie-ni","ni",2,29,"cha-ni","cha",12,17,0,1,"vieni","chani"
271,"ni","ni-šas","šas",3,2,"ni-ruok","ruok",2,0,1,1,"vienišas","vieniruok"
456,"nuo","nuo-lis","lis",3,4,"nuo-skau","skau",5,1,1,1,"vienuolis","vienuoskau"
341,"first_blank","first_blank-vieš","vieš",3,25,"first_blank-džor","džor",25,0,0,1,"viešbutis","džorbutis"
156,"pats","pats-last_blank","last_blank",2,2,"suos-last_blank","suos",2,0,0,1,"viešpats","viešsuos"
217,"vie","vie-ta","ta",2,2,"hek-ta","hek",2,0,0,1,"vieta","hekta"
863,"ew","ew-last_blank","last_blank",1,2,"mb-last_blank","mb",2,0,0,1,"view","vimb"
139,"vil","vil-tis","tis",2,2,"pro-tis","pro",2,0,0,1,"viltis","protis"
900,"rė","rė-jas","jas",3,6,"rė-liuo","liuo",1,5,1,1,"virėjas","virėliuo"
450,"ru","ru-sas","sas",3,5,"ru-liuo","liuo",2,3,1,1,"virusas","viruliuo"
10,"sa","sa-da","da",3,6,"vers-da","vers",6,0,2,1,"visada","viversda"
399,"sa","sa-ta","ta",3,2,"grįs-ta","grįs",2,0,2,1,"visata","vigrįsta"
316,"s","s-kis","kis",3,1,"s-melk","melk",1,0,1,1,"viskis","vismelk"
641,"tie","tie-na","na",3,3,"pjau-na","pjau",3,0,1,1,"vištiena","višpjauna"
422,"suo","suo-me","me",4,12,"minsi-me","minsi",3,9,2,1,"visuomenė","viminsimenė"
97,"vo","vo-kai","kai",2,1,"vo-lės","lės",1,0,0,1,"vokai","volės"
710,"vo","vo-ras","ras",2,2,"vo-kiu","kiu",2,0,0,1,"voras","vokiu"
933,"first_blank","first_blank-vož","vož",3,6,"first_blank-dmit","dmit",6,0,1,1,"vožtuvas","dmittuvas"
471,"vy","vy-nas","nas",2,6,"vy-lei","lei",4,2,0,1,"vynas","vylei"
165,"vy","vy-ras","ras",2,1,"vy-dėk","dėk",1,0,0,1,"vyras","vydėk"
823,"sis","sis-last_blank","last_blank",4,316,"trauk-last_blank","trauk",19,297,2,1,"vyresnysis","vyresnytrauk"
498,"ku","ku-pas","pas",3,3,"ku-čiuo","čiuo",3,0,1,1,"vyskupas","vyskučiuo"
102,"first_blank","first_blank-yp","yp",1,4,"first_blank-mm","mm",4,0,0,1,"ypač","mmač"
65,"first_blank","first_blank-yr","yr",1,2,"first_blank-kü","kü",2,0,0,1,"yra","küa"
151,"žai","žai-bas","bas",2,1,"lum-bas","lum",1,0,0,1,"žaibas","lumbas"
436,"first_blank","first_blank-žais","žais",2,15,"first_blank-snai","snai",15,0,0,1,"žaisti","snaiti"
560,"first_blank","first_blank-žaiz","žaiz",2,6,"first_blank-gars","gars",6,0,0,1,"žaizda","garsda"
125,"lias","lias-last_blank","last_blank",2,13,"mens-last_blank","mens",13,0,0,1,"žalias","žamens"
890,"sys","sys-last_blank","last_blank",2,31,"zai-last_blank","zai",31,0,0,1,"žąsys","žązai"
2,"vė","vė-tis","tis",3,2,"vė-luok","luok",2,0,1,1,"žavėtis","žavėluok"
158,"že","že-mas","mas",2,1,"že-lių","lių",1,0,0,1,"žemas","želių"
91,"imas","imas-last_blank","last_blank",6,1,"takliui-last_blank","takliui",1,0,3,1,"žemės drebėjimas","žemės drebėjtakliui"
397,"žie","žie-das","das",2,1,"lun-das","lun",1,0,0,1,"žiedas","lundas"
155,"first_blank","first_blank-žiū","žiū",4,59,"first_blank-elekt","elekt",46,13,2,1,"žiūrėkite","elektrėkite"
319,"dis","dis-last_blank","last_blank",2,112,"tei-last_blank","tei",111,1,0,1,"žodis","žotei"
981,"dy","dy-nas","nas",3,5,"dy-džio","džio",1,4,1,1,"žodynas","žodydžio"
535,"bie","bie-last_blank","last_blank",2,3,"chų-last_blank","chų",3,0,0,1,"zombie","zomchų"
780,"odas","odas-last_blank","last_blank",6,1,"takliui-last_blank","takliui",1,0,3,1,"zoologijos sodas","zoologijos stakliui"
730,"di","di-kas","kas",3,12,"di-džia","džia",12,0,1,1,"žudikas","žudidžia"
966,"first_blank","first_blank-žur","žur",5,26,"first_blank-paskam","paskam",28,2,3,1,"žurnalistika","paskamnalistika"
27,"žvė","žvė-ris","ris",2,1,"sle-ris","sle",1,0,0,1,"žvėris","sleris"
