"word_id","first","original_pair","second","syll","original_freq","replacement_pair","replacement_syll","replacement_freq","freq_diff","char_diff","letter_diff","original_word","replacement_word"
198,"first_blank","first_blank-a fun","a fun",3,1,"first_blank-scien","scien",1,0,0,1,"a functiona","scienctiona"
733,"first_blank","first_blank-a ","a ",1,1,"first_blank-kv","kv",1,0,0,1,"a hrani","kvhrani"
916,"iti","iti-last_blank","last_blank",3,1,"gdon-last_blank","gdon",1,0,1,1,"a inghiti","a inghgdon"
244,"ocui","ocui-last_blank","last_blank",3,1,"dion-last_blank","dion",1,0,0,1,"a inlocui","a inldion"
719,"first_blank","first_blank-a i","a i",3,1,"first_blank-ncre","ncre",1,0,1,1,"a inspira","ncrenspira"
510,"tura","tura-last_blank","last_blank",6,1,"clanşăm-last_blank","clanşăm",1,0,3,1,"a lua legatura","a lua legaclanşăm"
206,"first_blank","first_blank-a pi","a pi",2,1,"first_blank-avet","avet",1,0,0,1,"a picta","avetcta"
867,"eria","eria-last_blank","last_blank",3,1,"haps-last_blank","haps",1,0,0,1,"a speria","a sphaps"
907,"first_blank","first_blank-a s","a s",2,1,"first_blank-nvă","nvă",1,0,0,1,"a suge","nvăuge"
681,"first_blank","first_blank-a su","a su",3,1,"first_blank-ecua","ecua",1,0,0,1,"a sustine","ecuastine"
392,"u","u-ita","ita",3,1,"u-dali","dali",1,0,1,1,"a uita","a udali"
482,"rca","rca-last_blank","last_blank",2,1,"liş-last_blank","liş",1,0,0,1,"a urca","a uliş"
640,"lut","lut-last_blank","last_blank",3,3,"neci-last_blank","neci",3,0,1,1,"absolut","absoneci"
917,"ac","ac-last_blank","last_blank",1,24,"rm-last_blank","rm",23,1,0,1,"ac","rm"
938,"den","den-tal","tal",4,2,"chrys-tal","chrys",1,1,2,1,"accidental","accichrystal"
69,"peri","peri-last_blank","last_blank",2,12,"roşi-last_blank","roşi",12,0,0,1,"acoperi","acoroşi"
430,"tiv","tiv-last_blank","last_blank",2,117,"der-last_blank","der",117,0,0,1,"activ","acder"
76,"tu","tu-al","al",3,12,"tu-iesc","iesc",13,1,2,1,"actual","actuiesc"
190,"um","um-last_blank","last_blank",1,48,"rã-last_blank","rã",48,0,0,1,"acum","acrã"
302,"vă","vă-rat","rat",3,3,"vă-lesc","lesc",2,1,1,1,"adevărat","adevălesc"
997,"tra","tra-last_blank","last_blank",4,69,"neşti-last_blank","neşti",42,27,2,1,"administra","adminisneşti"
623,"tra","tra-re","re",5,21,"anywhe-re","anywhe",1,20,3,1,"administrare","adminisanywhere"
164,"tra","tra-tor","tor",5,2,"tra-cţiuni","cţiuni",1,1,3,1,"administrator","administracţiuni"
2,"mi","mi-ra","ra",3,44,"mi-nezi","nezi",4,40,2,1,"admira","adminezi"
803,"mi","mi-te","te",3,53,"bles-te","bles",20,33,2,1,"admite","adbleste"
962,"ad","ad-n","n",1,1,"hi-n","hi",1,0,0,1,"adn","hin"
961,"first_blank","first_blank-ado","ado",4,50,"first_blank-schim","schim",44,6,2,1,"adolescenta","schimlescenta"
796,"first_blank","first_blank-adu","adu",2,57,"first_blank-tor","tor",57,0,0,1,"aduce","torce"
880,"ul","ul-t","t",1,2,"yp-t","yp",2,0,0,1,"adult","adypt"
5,"first_blank","first_blank-ae","ae",1,59,"first_blank-sp","sp",59,0,0,1,"aer","spr"
405,"first_blank","first_blank-afri","afri",2,9,"first_blank-frag","frag",9,0,0,1,"africa","fragca"
127,"first_blank","first_blank-agă","agă",2,15,"first_blank-del","del",15,0,0,1,"agăţat","delţat"
3,"first_blank","first_blank-ag","ag",1,38,"first_blank-oa","oa",38,0,0,1,"agent","oaent"
105,"first_blank","first_blank-agri","agri",3,12,"first_blank-olan","olan",12,0,0,1,"agricultor","olancultor"
133,"ci","ci-last_blank","last_blank",1,77,"ar-last_blank","ar",77,0,0,1,"aici","aiar"
17,"first_blank","first_blank-ajun","ajun",2,22,"first_blank-acor","acor",22,0,0,1,"ajunge","acorge"
132,"first_blank","first_blank-aju","aju",2,39,"first_blank-cea","cea",39,0,0,1,"ajutor","ceator"
263,"ilea","ilea-last_blank","last_blank",3,1,"song-last_blank","song",1,0,0,1,"al doilea","al dosong"
294,"ilea","ilea-last_blank","last_blank",4,1,"ganți-last_blank","ganți",1,0,1,1,"al treilea","al treganți"
322,"al","al-b","b",1,1,"lu-b","lu",1,0,0,1,"alb","lub"
28,"bi","bi-nă","nă",3,11,"bi-tori","tori",5,6,2,1,"albină","albitori"
660,"bum","bum-last_blank","last_blank",2,1,"yev-last_blank","yev",1,0,0,1,"album","alyev"
6,"ol","ol-last_blank","last_blank",3,37,"nari-last_blank","nari",36,1,2,1,"alcool","alconari"
766,"first_blank","first_blank-ale","ale",2,57,"first_blank-mun","mun",57,0,0,1,"alege","munge"
508,"ale","ale-ge","ge",3,6,"frân-ge","frân",6,0,1,1,"alegere","frângere"
539,"first_blank","first_blank-aler","aler",2,49,"first_blank-cres","cres",52,3,0,1,"alerga","cresga"
821,"aler","aler-ta","ta",2,4,"imor-ta","imor",4,0,0,1,"alerta","imorta"
797,"first_blank","first_blank-ali","ali",3,116,"first_blank-stră","stră",114,2,1,1,"alimente","strămente"
774,"first_blank","first_blank-aman","aman",2,15,"first_blank-apla","apla",15,0,0,1,"amantă","aplată"
387,"first_blank","first_blank-ama","ama",2,69,"first_blank-ghi","ghi",69,0,0,1,"amator","ghitor"
93,"sa","sa-dă","dă",4,1,"aprin-dă","aprin",1,0,3,1,"ambasadă","ambaaprindă"
11,"sa","sa-dor","dor",4,2,"sa-vanţi","vanţi",2,0,2,1,"ambasador","ambasavanţi"
12,"bu","bu-lan","lan",4,11,"bu-seste","seste",2,9,2,1,"ambulanță","ambusesteță"
951,"first_blank","first_blank-ana","ana",2,65,"first_blank-cul","cul",65,0,0,1,"analist","cullist"
992,"hie","hie-last_blank","last_blank",2,3,"too-last_blank","too",3,0,0,1,"anarhie","anartoo"
967,"mie","mie-last_blank","last_blank",3,56,"tari-last_blank","tari",56,0,1,1,"anatomie","anatotari"
889,"co","co-ră","ră",3,5,"co-cioa","cioa",3,2,2,1,"ancoră","ancocioa"
663,"first_blank","first_blank-ani","ani",4,57,"first_blank-strân","strân",26,31,2,1,"aniversare","strânversare"
14,"first_blank","first_blank-ano","ano",2,25,"first_blank-gen","gen",25,0,0,1,"anonim","gennim"
15,"dot","dot-last_blank","last_blank",3,4,"leri-last_blank","leri",4,0,1,1,"antidot","antileri"
51,"nor","nor-last_blank","last_blank",3,25,"dati-last_blank","dati",25,0,1,1,"antrenor","antredati"
883,"ap","ap-ar","ar",1,4,"to-ar","to",4,0,0,1,"apar","toar"
595,"oto","oto-last_blank","last_blank",4,1,"creăm-last_blank","creăm",1,0,2,1,"aparat foto","aparat fcreăm"
861,"sați","sați-last_blank","last_blank",2,8,"seam-last_blank","seam",8,0,0,1,"apăsați","apăseam"
36,"ap","ap-el","el",1,1,"ti-el","ti",1,0,0,1,"apel","tiel"
16,"first_blank","first_blank-apli","apli",2,29,"first_blank-ares","ares",29,0,0,1,"aplica","aresca"
122,"first_blank","first_blank-apu","apu",2,20,"first_blank-bis","bis",20,0,0,1,"apuca","bisca"
834,"oare","oare-last_blank","last_blank",4,1,"gheli-last_blank","gheli",1,0,1,1,"apus de soare","apus de sgheli"
910,"first_blank","first_blank-aran","aran",2,26,"first_blank-stân","stân",26,0,0,1,"aranja","stânja"
975,"first_blank","first_blank-are","are",2,6,"first_blank-zor","zor",6,0,0,1,"arenă","zornă"
989,"se","se-nal","nal",3,1,"se-lwyn","lwyn",1,0,1,1,"arsenal","arselwyn"
638,"ar","ar-tă","tă",2,2,"ar-chi","chi",2,0,1,1,"artă","archi"
18,"fact","fact-last_blank","last_blank",3,2,"trou-last_blank","trou",2,0,0,1,"artefact","artetrou"
487,"ti","ti-col","col",3,1,"ti-lezi","lezi",1,0,1,1,"articol","artilezi"
425,"tist","tist-last_blank","last_blank",2,18,"dian-last_blank","dian",18,0,0,1,"artist","ardian"
367,"cul","cul-ta","ta",3,21,"plan-ta","plan",21,0,1,1,"asculta","asplanta"
725,"pi","pi-ri","ri",4,9,"mosfe-ri","mosfe",3,6,3,1,"aspirină","asmosferină"
312,"tep","tep-ta","ta",3,36,"plan-ta","plan",21,15,1,1,"aștepta","așplanta"
675,"naut","naut-last_blank","last_blank",3,3,"câie-last_blank","câie",3,0,0,1,"astronaut","astrocâie"
748,"first_blank","first_blank-ate","ate",3,37,"first_blank-scur","scur",38,1,1,1,"atelier","scurlier"
802,"en","en-ţi","ţi",1,8,"ţi-ţi","ţi",8,0,0,1,"atenţie","atţiţie"
568,"first_blank","first_blank-ate","ate",4,37,"first_blank-domni","domni",36,1,2,1,"aterizare","domnirizare"
895,"first_blank","first_blank-ato","ato",2,18,"first_blank-sam","sam",18,0,0,1,"atomic","sammic"
19,"first_blank","first_blank-atrac","atrac",2,11,"first_blank-strâm","strâm",11,0,0,1,"atractiv","strâmtiv"
21,"graf","graf-last_blank","last_blank",2,15,"ceam-last_blank","ceam",15,0,0,1,"autograf","autoceam"
22,"first_blank","first_blank-autop","autop",2,6,"first_blank-pluto","pluto",6,0,0,1,"autopsie","plutosie"
20,"au","au-tor","tor",2,1,"au-zin","zin",1,0,0,1,"autor","auzin"
130,"au","au-z","z",1,1,"ki-z","ki",1,0,0,1,"auz","kiz"
314,"first_blank","first_blank-aver","aver",4,25,"first_blank-desfă","desfă",25,0,1,1,"avertizare","desfătizare"
441,"first_blank","first_blank-avo","avo",2,20,"first_blank-bir","bir",20,0,0,1,"avocat","bircat"
676,"az","az-i","i",1,5,"fă-i","fă",5,0,0,1,"azi","făi"
30,"ieți","ieți-last_blank","last_blank",2,2,"firi-last_blank","firi",2,0,0,1,"băieți","băfiri"
88,"ur","ur-last_blank","last_blank",3,46,"tici-last_blank","tici",46,0,2,1,"balaur","balatici"
23,"na","na-nă","nă",3,1,"abţi-nă","abţi",1,0,2,1,"banană","baabţină"
25,"car","car-last_blank","last_blank",2,25,"giu-last_blank","giu",25,0,0,1,"bancar","bangiu"
24,"cher","cher-last_blank","last_blank",2,32,"geri-last_blank","geri",32,0,0,1,"bancher","bangeri"
601,"ban","ban-dă","dă",2,2,"gra-dă","gra",2,0,0,1,"bandă","gradă"
636,"ata","ata-last_blank","last_blank",5,1,"inţări-last_blank","inţări",1,0,3,1,"bani gheata","bani gheinţări"
704,"first_blank","first_blank-bâr","bâr",2,19,"first_blank-ita","ita",19,0,0,1,"bârfă","itafă"
756,"ba","ba-ron","ron",2,1,"ba-bwe","bwe",1,0,0,1,"baron","babwe"
497,"first_blank","first_blank-bas","bas",2,42,"first_blank-spu","spu",42,0,0,1,"baschet","spuchet"
281,"bă","bă-ț","ț",1,1,"on-ț","on",1,0,0,1,"băț","onț"
408,"bă","bă-u","u",4,15,"oport-u","oport",14,1,3,1,"băutură","oportutură"
903,"ba","ba-za","za",2,8,"ba-trâ","trâ",8,0,1,1,"baza","batrâ"
366,"be","be-lus","lus",3,1,"be-rant","rant",1,0,1,1,"bebelus","beberant"
575,"be","be-ton","ton",2,1,"be-cii","cii",1,0,0,1,"beton","becii"
501,"blie","blie-last_blank","last_blank",2,1,"stle-last_blank","stle",1,0,0,1,"biblie","bistle"
150,"bi","bi-bli","bli",5,17,"bi-lanţul","lanţul",1,16,3,1,"bibliotecă","bilanţulotecă"
555,"bi","bi-let","let",2,1,"bi-oşi","oşi",1,0,0,1,"bilet","bioşi"
193,"first_blank","first_blank-bi","bi",2,430,"first_blank-des","des",382,48,1,1,"bine","desne"
864,"rou","rou-last_blank","last_blank",2,4,"vet-last_blank","vet",4,0,0,1,"birou","bivet"
764,"bi","bi-se","se",4,14,"trans-se","trans",2,12,3,1,"biserică","transserică"
561,"first_blank","first_blank-bles","bles",2,25,"first_blank-aver","aver",25,0,0,1,"blestem","avertem"
154,"blo","blo-cat","cat",2,2,"pus-cat","pus",2,0,0,1,"blocat","puscat"
810,"nav","nav-last_blank","last_blank",2,4,"vos-last_blank","vos",4,0,0,1,"bolnav","bolvos"
359,"first_blank","first_blank-bom","bom",2,50,"first_blank-asi","asi",50,0,0,1,"bombă","asibă"
31,"bra","bra-vo","vo",2,1,"chi-vo","chi",1,0,0,1,"bravo","chivo"
833,"broas","broas-că","că",2,1,"eneas-că","eneas",1,0,0,1,"broască","enească"
765,"us","us-c","c",1,3,"pu-c","pu",3,0,0,1,"brusc","brpuc"
668,"bru","bru-tal","tal",2,1,"cos-tal","cos",1,0,0,1,"brutal","costal"
900,"că","că-tar","tar",3,1,"că-prui","prui",1,0,1,1,"bucătar","bucăprui"
913,"bu","bu-get","get",2,1,"bu-nie","nie",1,0,0,1,"buget","bunie"
502,"vard","vard-last_blank","last_blank",3,4,"poli-last_blank","poli",4,0,0,1,"bulevard","bulepoli"
581,"first_blank","first_blank-bu","bu",1,612,"first_blank-îm","îm",605,7,0,1,"bun","îmn"
131,"iua","iua-last_blank","last_blank",4,1,"cleod-last_blank","cleod",1,0,2,1,"buna ziua","buna zcleod"
423,"ni","ni-cul","cul",3,28,"ni-zezi","zezi",4,24,1,1,"bunicul","bunizezi"
790,"bu","bu-so","so",3,5,"bu-neas","neas",5,0,2,1,"busolă","buneaslă"
522,"bu","bu-ton","ton",2,1,"bu-şim","şim",1,0,0,1,"buton","buşim"
786,"bu","bu-ze","ze",2,6,"cie-ze","cie",6,0,1,1,"buze","cieze"
553,"zu","zu-nar","nar",3,1,"zu-iesc","iesc",1,0,1,1,"buzunar","buzuiesc"
34,"bi","bi-nă","nă",3,11,"bi-tori","tori",5,6,2,1,"cabină","cabitori"
928,"net","net-last_blank","last_blank",3,45,"tați-last_blank","tați",45,0,1,1,"cabinet","cabitați"
531,"blu","blu-last_blank","last_blank",2,4,"dah-last_blank","dah",4,0,0,1,"cablu","cadah"
90,"re","re- bru"," bru",5,1,"re-vansez","vansez",1,0,2,1,"cădere brusca","căderevansezsca"
329,"first_blank","first_blank-câi","câi",2,5,"first_blank-til","til",5,0,0,1,"câine","tilne"
313,"ca","ca-ld","ld",1,1,"ca-du","du",1,0,0,1,"cald","cadu"
551,"first_blank","first_blank-căl","căl",3,24,"first_blank-odih","odih",24,0,1,1,"căldură","odihdură"
713,"len","len-dar","dar",3,1,"stiu-dar","stiu",1,0,1,1,"calendar","castiudar"
35,"li","li-bru","bru",3,4,"li-enii","enii",4,0,1,1,"calibru","calienii"
456,"găr","găr-last_blank","last_blank",3,2,"lung-last_blank","lung",2,0,1,1,"călugăr","călulung"
420,"ma","ma-şă","şă",3,2,"ma-ment","ment",2,0,2,1,"cămaşă","cămament"
584,"me","me-ră","ră",3,7,"me-neas","neas",3,4,2,1,"cameră","cameneas"
870,"pa","pa-nie","nie",3,5,"pa-rati","rati",5,0,1,1,"campanie","camparati"
41,"cam","cam-pi","pi",3,16,"apro-pi","apro",15,1,1,1,"campion","apropion"
44,"ca","ca-nal","nal",2,2,"ca-les","les",2,0,0,1,"canal","cales"
536,"pea","pea-last_blank","last_blank",3,12,"tron-last_blank","tron",12,0,1,1,"canapea","canatron"
42,"ce","ce-lar","lar",3,3,"ce-resc","resc",3,0,1,1,"cancelar","canceresc"
874,"di","di-dat","dat",3,1,"di-ggle","ggle",1,0,1,1,"candidat","candiggle"
490,"rea","rea-ţă","ţă",4,9,"domni-ţă","domni",1,8,2,1,"cântăreaţă","cântădomniţă"
936,"can","can-ti","ti",4,14,"obiec-ti","obiec",10,4,2,1,"cantitate","obiectitate"
882,"pa","pa-ci","ci",5,28,"pa-mondul","mondul",1,27,4,1,"capacitate","capamondultate"
557,"cap","cap-ca","ca",3,7,"stri-ca","stri",9,2,1,1,"capcană","stricană"
651,"pi","pi-tal","tal",3,3,"pi-cios","cios",2,1,1,1,"capital","capicios"
847,"cap","cap-su","su",3,5,"plea-su","plea",1,4,1,1,"capsulă","pleasulă"
520,"vant","vant-last_blank","last_blank",3,8,"biei-last_blank","biei",8,0,0,1,"captivant","captibiei"
418,"rac","rac-ter","ter",3,1,"lobs-ter","lobs",1,0,1,1,"caracter","calobster"
891,"bon","bon-last_blank","last_blank",2,11,"kar-last_blank","kar",11,0,0,1,"carbon","carkar"
52,"first_blank","first_blank-căr","căr",3,16,"first_blank-plas","plas",16,0,1,1,"cărbune","plasbune"
475,"rie","rie-ră","ră",3,3,"uşoa-ră","uşoa",1,2,1,1,"carieră","cauşoară"
654,"ca","ca-ri","ri",4,38,"mosfe-ri","mosfe",3,35,3,1,"caritate","mosferitate"
37,"na","na-val","val",3,2,"na-lism","lism",2,0,1,1,"carnaval","carnalism"
750,"tof","tof-last_blank","last_blank",2,2,"căr-last_blank","căr",2,0,0,1,"cartof","carcăr"
582,"să","să-last_blank","last_blank",2,401,"tat-last_blank","tat",401,0,1,1,"casă","catat"
573,"cas","cas-că","că",2,1,"din-că","din",1,0,0,1,"cască","dincă"
117,"tig","tig-last_blank","last_blank",2,6,"pes-last_blank","pes",6,0,0,1,"câştig","câşpes"
772,"cas","cas-tron","tron",2,1,"ber-tron","ber",1,0,0,1,"castron","bertron"
38,"to","to-lic","lic",3,1,"to-shop","shop",1,0,1,1,"catolic","catoshop"
442,"că","că-u","u",4,35,"oport-u","oport",14,21,3,1,"căutare","oportutare"
722,"le","le-rie","rie",4,5,"le-gămân","gămân",2,3,2,1,"cavalerie","cavalegămân"
315,"first_blank","first_blank-ce","ce",1,336,"first_blank-gă","gă",124,212,0,1,"ce","gă"
476,"first_blank","first_blank-ceaș","ceaș",2,1,"first_blank-echo","echo",1,0,0,1,"ceașcă","echocă"
39,"bri","bri-ta","ta",5,15,"dezvol-ta","dezvol",12,3,3,1,"celebritate","celedezvoltate"
643,"lu","lu-lă","lă",3,3,"lu-ceas","ceas",3,0,2,1,"celulă","celuceas"
273,"ce","ce-r","r",1,1,"ño-r","ño",1,0,0,1,"cer","ñor"
653,"rc","rc-last_blank","last_blank",1,15,"lk-last_blank","lk",15,0,0,1,"cerc","celk"
599,"first_blank","first_blank-cer","cer",4,124,"first_blank-trans","trans",129,5,2,1,"cercetare","transcetare"
923,"ce","ce-re","re",4,64,"forţa-re","forţa",1,63,3,1,"cereale","forţareale"
815,"re","re-re","re",3,4,"re-tlic","tlic",3,1,2,1,"cerere","ceretlic"
727,"zar","zar-last_blank","last_blank",2,15,"ţit-last_blank","ţit",15,0,0,1,"cezar","ceţit"
467,"che","che-ie","ie",2,16,"fra-ie","fra",15,1,0,1,"cheie","fraie"
708,"ner","ner-last_blank","last_blank",2,101,"ția-last_blank","ția",101,0,0,1,"chelner","chelția"
627,"chi","chi-mic","mic",2,2,"chi-nea","nea",2,0,0,1,"chimic","chinea"
626,"chi","chi-mie","mie",2,3,"chi-dea","dea",3,0,0,1,"chimie","chidea"
752,"ch","ch-in","in",1,3,"bl-in","bl",3,0,0,1,"chin","blin"
982,"chi","chi-ri","ri",3,37,"nige-ri","nige",1,36,1,1,"chiriaş","nigeriaş"
334,"rurg","rurg-last_blank","last_blank",2,2,"rifi-last_blank","rifi",2,0,0,1,"chirurg","chirifi"
40,"ci","ci-ment","ment",2,1,"ci-deti","deti",1,0,0,1,"ciment","cideti"
615,"ne","ne-ma","ma",3,15,"afir-ma","afir",15,0,2,1,"cinema","ciafirma"
45,"ci","ci-p","p",1,1,"gu-p","gu",1,0,0,1,"cip","gup"
239,"ci","ci-tind","tind",2,1,"ci-fici","fici",1,0,0,1,"citind","cifici"
328,"ci","ci-tit","tit",2,2,"ci-păm","păm",2,0,0,1,"citit","cipăm"
665,"u","u-mă","mă",3,2,"u-ting","ting",2,0,2,1,"ciumă","ciuting"
723,"vil","vil-last_blank","last_blank",2,8,"pra-last_blank","pra",8,0,0,1,"civil","cipra"
779,"zme","zme-last_blank","last_blank",2,1,"vok-last_blank","vok",1,0,0,1,"cizme","civok"
706,"first_blank","first_blank-cl","cl",1,44,"first_blank-tâ","tâ",44,0,0,1,"clan","tâan"
48,"first_blank","first_blank-cl","cl",1,44,"first_blank-tâ","tâ",44,0,0,1,"clar","tâar"
439,"cla","cla-să","să",2,1,"găm-să","găm",1,0,0,1,"clasă","gămsă"
511,"ub","ub-last_blank","last_blank",1,6,"oz-last_blank","oz",6,0,0,1,"club","cloz"
351,"co","co-cai","cai",3,3,"co-rect","rect",2,1,1,1,"cocaină","corectnă"
515,"co","co-d","d",1,1,"ow-d","ow",1,0,0,1,"cod","owd"
689,"lec","lec-ta","ta",4,13,"sculp-ta","sculp",3,10,2,1,"colectarea","cosculptarea"
362,"co","co-leg","leg",2,1,"co-ram","ram",1,0,0,1,"coleg","coram"
356,"giu","giu-last_blank","last_blank",3,25,"ceţi-last_blank","ceţi",25,0,1,1,"colegiu","coleceţi"
624,"lo","lo-nie","nie",3,2,"lo-veas","veas",2,0,1,1,"colonie","coloveas"
67,"lţ","lţ-last_blank","last_blank",2,6,"jam-last_blank","jam",6,0,1,1,"colţ","cojam"
56,"man","man-da","da",3,32,"abor-da","abor",7,25,1,1,"comanda","coaborda"
344,"dant","dant-last_blank","last_blank",3,10,"tern-last_blank","tern",10,0,0,1,"comandant","comantern"
700,"com","com-bi","bi",4,23,"agrea-bi","agrea",2,21,2,1,"combinaţie","agreabinaţie"
57,"co","co-mer","mer",4,23,"co-coşat","coşat",1,22,2,1,"comercial","cocoşatcial"
822,"ta","ta-riu","riu",4,2,"ta-ggert","ggert",2,0,2,1,"cometariu","cometaggert"
384,"sion","sion-last_blank","last_blank",3,9,"fort-last_blank","fort",9,0,0,1,"comision","comifort"
814,"co","co-moa","moa",3,2,"co-laci","laci",2,0,1,1,"comoară","colaciră"
438,"pa","pa-nie","nie",3,5,"pa-turi","turi",4,1,1,1,"companie","compaturi"
667,"pli","pli-ment","ment",3,2,"pli-cați","cați",2,0,0,1,"compliment","complicați"
754,"com","com-pri","pri",3,6,"apro-pri","apro",2,4,1,1,"comprimat","aproprimat"
202,"co","co-mun","mun",2,1,"co-ini","ini",1,0,0,1,"comun","coini"
911,"cept","cept-last_blank","last_blank",2,3,"rşit-last_blank","rşit",3,0,0,1,"concept","conrşit"
61,"clu","clu-zie","zie",3,1,"clu-deau","deau",1,0,1,1,"concluzie","concludeau"
58,"cu","cu-ren","ren",4,21,"cu-noști","noști",2,19,2,1,"concurență","concunoștiță"
761,"con","con-du","du",3,45,"stră-du","stră",14,31,1,1,"conduce","străduce"
382,"rinţă","rinţă-last_blank","last_blank",3,8,"ziuni-last_blank","ziuni",8,0,0,1,"conferinţă","confeziuni"
386,"fir","fir-ma","ma",4,11,"kushi-ma","kushi",1,10,2,1,"confirmare","conkushimare"
778,"flict","flict-last_blank","last_blank",2,1,"fnind-last_blank","fnind",1,0,0,1,"conflict","confnind"
55,"for","for-ta","ta",4,18,"dreap-ta","dreap",5,13,2,1,"confortabil","condreaptabil"
932,"va","va-tor","tor",4,8,"va-canţe","canţe",2,6,2,1,"conservator","conservacanţe"
63,"first_blank","first_blank-con","con",4,1397,"first_blank-obiec","obiec",28,1369,2,1,"considera","obiecsidera"
703,"con","con-spi","spi",4,23,"con-gress","gress",2,21,2,1,"conspiraţie","congressraţie"
64,"struc","struc-tie","tie",3,3,"obiec-tie","obiec",1,2,0,1,"constructie","conobiectie"
993,"con","con-ta","ta",5,35,"ndreap-ta","ndreap",1,34,3,1,"contaminare","ndreaptaminare"
65,"con","con-ți","ți",3,5,"înăl-ți","înăl",2,3,1,1,"conține","înălține"
775,"nua","nua-last_blank","last_blank",3,4,"pini-last_blank","pini",4,0,1,1,"continua","contipini"
478,"trac","trac-ta","ta",3,6,"ajus-ta","ajus",6,0,0,1,"contracta","conajusta"
66,"trol","trol-last_blank","last_blank",2,4,"thur-last_blank","thur",4,0,0,1,"control","conthur"
512,"sa","sa-ţie","ţie",4,2,"sa-vetti","vetti",1,1,2,1,"conversaţie","conversavetti"
828,"co","co-rn","rn",1,1,"co-he","he",1,0,0,1,"corn","cohe"
75,"roa","roa-nă","nă",3,2,"demâ-nă","demâ",2,0,1,1,"coroană","codemână"
678,"rp","rp-last_blank","last_blank",1,9,"nz-last_blank","nz",9,0,0,1,"corp","conz"
486,"first_blank","first_blank-coș","coș",2,3,"first_blank-ăžn","ăžn",3,0,0,1,"coșmar","ăžnmar"
46,"first_blank","first_blank-cră","cră",2,16,"first_blank-der","der",16,0,0,1,"crăciun","derciun"
72,"cr","cr-ea","ea",1,2,"sl-ea","sl",2,0,0,1,"crea","slea"
73,"cre","cre-a","a",3,52,"tsun-a","tsun",1,51,1,1,"creare","tsunare"
736,"dit","dit-last_blank","last_blank",2,45,"ral-last_blank","ral",45,0,0,1,"credit","creral"
763,"ier","ier-last_blank","last_blank",2,12,"şat-last_blank","şat",12,0,0,1,"creier","creşat"
71,"cre","cre-mă","mă",2,1,"dig-mă","dig",1,0,0,1,"cremă","digmă"
565,"first_blank","first_blank-creș","creș",2,7,"first_blank-coar","coar",7,0,0,1,"crește","coarte"
74,"cri","cri-tic","tic",2,1,"man-tic","man",1,0,0,1,"critic","mantic"
792,"ate","ate-last_blank","last_blank",5,1,"gământ-last_blank","gământ",1,0,3,1,"cu fermitate","cu fermitgământ"
182,"cu","cu-ib","ib",1,1,"ra-ib","ra",1,0,0,1,"cuib","raib"
402,"cul","cul-tu","tu",3,15,"efec-tu","efec",15,0,1,1,"cultură","efectură"
368,"first_blank","first_blank-cum","cum",3,71,"first_blank-apro","apro",71,0,1,1,"cumpără","apropără"
877,"first_blank","first_blank-cup","cup",2,7,"first_blank-vro","vro",7,0,0,1,"cuptor","vrotor"
859,"cu","cu-r","r",1,1,"ei-r","ei",1,0,0,1,"cur","eir"
808,"raj","raj-last_blank","last_blank",2,15,"din-last_blank","din",15,0,0,1,"curaj","cudin"
47,"cu","cu-rat","rat",2,7,"cu-ţii","ţii",7,0,0,1,"curat","cuţii"
414,"cur","cur-te","te",2,11,"neș-te","neș",11,0,0,1,"curte","nește"
395,"cu","cu-tie","tie",2,4,"cu-fun","fun",4,0,0,1,"cutie","cufun"
91,"tre","tre-mur","mur",3,2,"tre-zesc","zesc",2,0,1,1,"cutremur","cutrezesc"
319,"vânt","vânt-last_blank","last_blank",2,1,"mens-last_blank","mens",1,0,0,1,"cuvânt","cumens"
26,"fin","fin-last_blank","last_blank",2,2,"lec-last_blank","lec",2,0,0,1,"dafin","dalec"
383,"first_blank","first_blank-dan","dan",3,53,"first_blank-cres","cres",52,1,1,1,"dansator","cressator"
687,"da","da-te","te",2,49,"ieş-te","ieş",46,3,1,1,"date","ieşte"
776,"aur","aur-last_blank","last_blank",2,1,"înd-last_blank","înd",1,0,0,1,"de aur","de înd"
1," fapt"," fapt-last_blank","last_blank",2,1,"ffett-last_blank","ffett",1,0,0,1,"de fapt","deffett"
424,"de","de-al","al",2,1,"de-gre","gre",1,0,1,1,"deal","degre"
751,"de","de-can","can",2,2,"de-tri","tri",2,0,0,1,"decan","detri"
80,"cent","cent-last_blank","last_blank",2,17,"cuti-last_blank","cuti",17,0,0,1,"decent","decuti"
552,"de","de-get","get",2,1,"de-cum","cum",1,0,0,1,"deget","decum"
9,"de","de-ja","ja",2,1,"de-mus","mus",1,0,1,1,"deja","demus"
879,"li","li-cat","cat",3,1,"li-ppov","ppov",1,0,1,1,"delicat","delippov"
958,"mi","mi-sie","sie",3,6,"mi-teţi","teţi",6,0,1,1,"demisie","demiteţi"
197,"chi","chi-de","de",4,18,"ofran-de","ofran",2,16,2,1,"deschidere","desofrandere"
196,"chis","chis-last_blank","last_blank",2,5,"cuto-last_blank","cuto",5,0,0,1,"deschis","descuto"
81,"crie","crie-last_blank","last_blank",2,3,"trui-last_blank","trui",3,0,0,1,"descrie","destrui"
570,"sert","sert-last_blank","last_blank",2,1,"that-last_blank","that",1,0,0,1,"desert","dethat"
82,"şe","şe-rt","rt",1,1,"ta-rt","ta",1,0,0,1,"deşert","detart"
548,"uri","uri-last_blank","last_blank",2,44,"dar-last_blank","dar",44,0,0,1,"deşeuri","deşedar"
987,"na","na-tor","tor",4,23,"na-listi","listi",3,20,2,1,"detonator","detonalisti"
569,"a","a-mant","mant",3,1,"a-pple","pple",1,0,0,1,"diamant","diapple"
935,"ree","ree-last_blank","last_blank",3,4,"juns-last_blank","juns",4,0,1,1,"diaree","diajuns"
981,"di","di-cţio","cţio",3,2,"di-ment","ment",2,0,0,1,"dicţionar","dimentnar"
84,"ting","ting-last_blank","last_blank",4,33,"seste-last_blank","seste",32,1,1,1,"digunting","digunseste"
945,"nas","nas-tie","tie",3,1,"truc-tie","truc",1,0,1,1,"dinastie","ditructie"
850,"plo","plo-mă","mă",3,1,"enig-mă","enig",1,0,1,1,"diplomă","dienigmă"
485,"rect","rect-last_blank","last_blank",2,5,"mţit-last_blank","mţit",5,0,0,1,"direct","dimţit"
85,"tanţă","tanţă-last_blank","last_blank",2,6,"rinţe-last_blank","rinţe",6,0,0,1,"distanţă","disrinţe"
343,"vorț","vorț-last_blank","last_blank",2,1,"soan-last_blank","soan",1,0,0,1,"divorț","disoan"
148,"do","do-ar","ar",1,1,"ri-ar","ri",1,0,0,1,"doar","riar"
83,"rin","rin-ță","ță",3,6,"ghea-ță","ghea",2,4,1,1,"dorință","dogheață"
306,"uă","uă-last_blank","last_blank",2,8,"vid-last_blank","vid",8,0,1,1,"două","dovid"
799,"vezi","vezi-last_blank","last_blank",2,16,"pati-last_blank","pati",16,0,0,1,"dovezi","dopati"
579,"do","do-za","za",2,7,"ghi-za","ghi",7,0,1,1,"doza","ghiza"
426,"dra","dra-mă","mă",2,2,"hăr-mă","hăr",2,0,0,1,"dramă","hărmă"
89,"dra","dra-ma","ma",3,15,"afir-ma","afir",15,0,1,1,"dramatic","afirmatic"
251,"first_blank","first_blank-dreap","dreap",2,4,"first_blank-greşi","greşi",4,0,0,1,"dreapta","greşita"
253,"dr","dr-um","um",1,1,"dr-ie","ie",1,0,0,1,"drum","drie"
734,"first_blank","first_blank-dub","dub",2,21,"first_blank-ava","ava",21,0,0,1,"dubla","avala"
591,"first_blank","first_blank-dul","dul",2,21,"first_blank-obo","obo",21,0,0,1,"dulce","oboce"
121,"zeu","zeu-last_blank","last_blank",3,5,"țați-last_blank","țați",5,0,1,1,"dumnezeu","dumnețați"
602,"first_blank","first_blank-du","du",1,317,"first_blank-pă","pă",316,1,0,1,"duș","păș"
470,"dus","dus-man","man",2,1,"two-man","two",1,0,0,1,"dusman","twoman"
726,"dv","dv-d","d",1,1,"al-d","al",1,0,0,1,"dvd","ald"
817,"first_blank","first_blank-echi","echi",3,62,"first_blank-înţe","înţe",61,1,0,1,"echilibru","înţelibru"
419,"paj","paj-last_blank","last_blank",2,3,"zis-last_blank","zis",3,0,0,1,"echipaj","echizis"
812,"echi","echi-pa","pa",4,17,"trans-pa","trans",7,10,1,1,"echipamente","transpamente"
262,"ra","ra-n","n",1,6,"we-n","we",6,0,0,1,"ecran","ecwen"
325,"gle","gle-ză","ză",3,1,"brîn-ză","brîn",1,0,1,1,"engleză","enbrînză"
715,"asm","asm-last_blank","last_blank",4,2,"griji-last_blank","griji",2,0,2,1,"entuziasm","entuzigriji"
498,"first_blank","first_blank-epi","epi",2,42,"first_blank-stă","stă",42,0,0,1,"episcop","stăscop"
782,"first_blank","first_blank-eroa","eroa",2,2,"first_blank-ejec","ejec",2,0,0,1,"eroare","ejecre"
135,"ou","ou-last_blank","last_blank",1,12,"ab-last_blank","ab",12,0,0,1,"erou","erab"
820,"cor","cor-ta","ta",3,4,"anun-ta","anun",4,0,1,1,"escorta","esanunta"
98,"er","er-n","n",1,3,"co-n","co",3,0,0,1,"etern","etcon"
926,"first_blank","first_blank-evo","evo",3,28,"first_blank-apar","apar",28,0,1,1,"evoluţie","aparluţie"
100,"first_blank","first_blank-exa","exa",3,45,"first_blank-scri","scri",42,3,1,1,"examina","scrimina"
957,"first_blank","first_blank-exa","exa",4,45,"first_blank-schim","schim",44,1,2,1,"examinare","schimminare"
101,"lent","lent-last_blank","last_blank",3,15,"chii-last_blank","chii",15,0,0,1,"excelent","excechii"
960,"ce","ce-pţio","pţio",4,19,"ce-rinţe","rinţe",3,16,1,1,"excepţional","excerinţenal"
593,"rienţă","rienţă-last_blank","last_blank",3,1,"vinţel-last_blank","vinţel",1,0,0,1,"experienţă","expevinţel"
381,"ri","ri-ment","ment",4,1,"ri-nichi","nichi",1,0,1,1,"experiment","experinichi"
492,"pert","pert-last_blank","last_blank",2,4,"card-last_blank","card",4,0,0,1,"expert","excard"
999,"ca","ca-ţie","ţie",4,19,"ca-bluri","bluri",1,18,2,1,"explicaţie","explicabluri"
102,"trem","trem-last_blank","last_blank",2,1,"lraj-last_blank","lraj",1,0,0,1,"extrem","exlraj"
103,"bri","bri-că","că",3,3,"toar-că","toar",3,0,1,1,"fabrică","fatoarcă"
163,"fa","fa-ce","ce",2,18,"tri-ce","tri",21,3,1,1,"face","trice"
670,"first_blank","first_blank-fac","fac",2,17,"first_blank-vre","vre",17,0,0,1,"factor","vretor"
731,"fa","fa-ir","ir",1,3,"fa-ma","ma",3,0,0,1,"fair","fama"
104,"fa","fa-ls","ls",1,1,"fa-şi","şi",1,0,0,1,"fals","faşi"
740,"mec","mec-last_blank","last_blank",2,3,"kis-last_blank","kis",3,0,0,1,"farmec","farkis"
339,"fa","fa-tă","tă",2,4,"vis-tă","vis",4,0,1,1,"fată","vistă"
858,"fa","fa-ță","ță",2,3,"tin-ță","tin",3,0,1,1,"față","tință"
904,"fa","fa-te","te",2,1,"răs-te","răs",1,0,1,1,"fate","răste"
702,"fa","fa-ză","ză",2,1,"fa-mie","mie",1,0,1,1,"fază","famie"
106,"de","de-ral","ral",3,2,"de-fini","fini",2,0,1,1,"federal","fedefini"
212,"no","no-men","men",3,1,"no-ulli","ulli",1,0,1,1,"fenomen","fenoulli"
396,"fe","fe-reas","reas",3,5,"fe-cioa","cioa",6,1,0,1,"fereastră","fecioatră"
27,"fi","fi-a","a",3,15,"torn-a","torn",6,9,2,1,"fiară","tornară"
107,"fi","fi-de","de",5,14,"stewar-de","stewar",4,10,4,1,"fidelitate","stewardelitate"
350,"er","er-last_blank","last_blank",2,157,"cii-last_blank","cii",155,2,1,1,"fier","ficii"
346,"bin","bin-te","te",4,1,"pleşi-te","pleşi",1,0,2,1,"fierbinte","fierpleşite"
390,"first_blank","first_blank-fii","fii",2,7,"first_blank-twe","twe",7,0,0,1,"fiica","tweca"
213,"zo","zo-fie","fie",4,1,"zo-nanţă","nanţă",1,0,2,1,"filozofie","filozonanţă"
996,"fi","fi-nal","nal",2,2,"fi-lie","lie",2,0,0,1,"final","filie"
985,"nan","nan-ci","ci",4,6,"flori-ci","flori",2,4,2,1,"financiar","fifloriciar"
108,"nanţa","nanţa-last_blank","last_blank",2,3,"sinţă-last_blank","sinţă",3,0,0,1,"finanţa","fisinţă"
109,"first_blank","first_blank-fir","fir",2,12,"first_blank-şco","şco",12,0,0,1,"firmă","şcomă"
474,"şi","şi-er","er",3,1,"şi-ling","ling",1,0,2,1,"fişier","fişiling"
729,"țil","țil-last_blank","last_blank",3,1,"blei-last_blank","blei",1,0,1,1,"fixați-l","fixablei"
214,"zi","zi-că","că",3,10,"meas-că","meas",10,0,2,1,"fizică","fimească"
893,"first_blank","first_blank-fla","fla",2,58,"first_blank-tem","tem",58,0,0,1,"flata","temta"
746,"fl","fl-ee","ee",1,1,"ki-ee","ki",1,0,0,1,"flee","kiee"
365,"first_blank","first_blank-flu","flu",3,49,"first_blank-pier","pier",50,1,1,1,"fluture","pierture"
920,"first_blank","first_blank-foa","foa",2,12,"first_blank-săp","săp",12,0,0,1,"foame","săpme"
393,"fo","fo-c","c",1,2,"ka-c","ka",2,0,0,1,"foc","kac"
516,"fo","fo-cus","cus",2,1,"fo-ric","ric",1,0,0,1,"focus","foric"
116,"for","for-mă","mă",2,9,"ase-mă","ase",9,0,0,1,"formă","asemă"
892,"first_blank","first_blank-frag","frag",2,9,"first_blank-coap","coap",9,0,0,1,"fragment","coapment"
500,"first_blank","first_blank-fra","fra",2,89,"first_blank-ade","ade",89,0,0,1,"frasin","adesin"
577,"first_blank","first_blank-frec","frec",3,20,"first_blank-afir","afir",20,0,0,1,"frecvență","afirvență"
227,"mos","mos-last_blank","last_blank",2,17,"gal-last_blank","gal",17,0,0,1,"frumos","frugal"
151,"ful","ful-ger","ger",2,1,"ful-bri","bri",1,0,0,1,"fulger","fulbri"
275,"fu","fu-m","m",1,1,"ui-m","ui",1,0,0,1,"fum","uim"
280,"fu","fu-ra","ra",2,9,"fu-zio","zio",6,3,1,1,"fura","fuzio"
690,"fu","fu-rie","rie",2,4,"fu-zat","zat",4,0,0,1,"furie","fuzat"
574,"rt","rt-last_blank","last_blank",1,39,"as-last_blank","as",39,0,0,1,"furt","fuas"
620,"first_blank","first_blank-fus","fus",2,7,"first_blank-sat","sat",7,0,0,1,"fusta","satta"
496,"le","le-rie","rie",3,5,"le-geam","geam",4,1,1,1,"galerie","galegeam"
609,"ran","ran-ție","ție",3,1,"ran-duri","duri",1,0,1,1,"garanție","garanduri"
901,"dian","dian-last_blank","last_blank",2,18,"tism-last_blank","tism",18,0,0,1,"gardian","gartism"
890,"gâs","gâs-că","că",2,1,"din-că","din",1,0,0,1,"gâscă","dincă"
604,"gâ","gâ-t","t",1,1,"up-t","up",1,0,0,1,"gât","upt"
389,"ga","ga-ta","ta",2,16,"păr-ta","păr",16,0,1,1,"gata","părta"
600,"ga","ga-z","z",1,12,"bu-z","bu",8,4,0,1,"gaz","buz"
554,"ge","ge-los","los",2,1,"ge-dii","dii",1,0,0,1,"gelos","gedii"
332,"ral","ral-last_blank","last_blank",3,45,"zezi-last_blank","zezi",45,0,1,1,"general","genezezi"
353,"ra","ra-tor","tor",4,36,"ra-ţiuni","ţiuni",3,33,2,1,"generator","generaţiuni"
118,"ge","ge-niu","niu",2,1,"ge-tal","tal",1,0,0,1,"geniu","getal"
119,"ge","ge-st","st",1,1,"mă-st","mă",1,0,0,1,"gest","măst"
831,"first_blank","first_blank-glo","glo",3,41,"first_blank-ener","ener",41,0,1,1,"glorios","enerrios"
732,"go","go-l","l",1,3,"âu-l","âu",3,0,0,1,"gol","âul"
404,"lf","lf-last_blank","last_blank",1,13,"ow-last_blank","ow",13,0,0,1,"golf","goow"
780,"ică","ică-last_blank","last_blank",8,1,"chsführer-last_blank","chsführer",1,0,6,1,"grădină zoologică","grădină zoologchsführer"
585,"gre","gre-sit","sit",2,2,"dep-sit","dep",2,0,0,1,"gresit","depsit"
634,"gr","gr-eu","eu",1,1,"gr-op","op",1,0,0,1,"greu","grop"
642,"gre","gre-u","u",4,20,"tenho-u","tenho",1,19,2,1,"greutate","tenhoutate"
112,"gri","gri-pa","pa",2,1,"val-pa","val",1,0,0,1,"gripa","valpa"
140,"first_blank","first_blank-groa","groa",2,10,"first_blank-doam","doam",10,0,0,1,"groază","doamză"
184,"zav","zav-last_blank","last_blank",2,1,"piă-last_blank","piă",1,0,0,1,"grozav","gropiă"
908,"noi","noi-last_blank","last_blank",2,6,"tig-last_blank","tig",6,0,0,1,"gunoi","gutig"
545,"first_blank","first_blank-gu","gu",2,204,"first_blank-tri","tri",201,3,1,1,"gură","triră"
443,"gu","gu-st","st",1,2,"gu-ja","ja",2,0,0,1,"gust","guja"
956,"gus","gus-ta","ta",3,19,"drep-ta","drep",19,0,1,1,"gustare","dreptare"
785,"first_blank","first_blank-gus","gus",2,32,"first_blank-adă","adă",32,0,0,1,"gustos","adătos"
333,"ver","ver-na","na",4,23,"acţio-na","acţio",6,17,2,1,"guvernator","guacţionator"
452,"ha","ha-os","os",2,1,"ha-dul","dul",1,0,1,1,"haos","hadul"
633,"first_blank","first_blank-hâr","hâr",2,7,"first_blank-pam","pam",7,0,0,1,"hârtie","pamtie"
887,"by","by-last_blank","last_blank",3,77,"iesc-last_blank","iesc",80,3,2,1,"hobby","hobiesc"
137,"ho","ho-ld","ld",1,1,"ie-ld","ie",1,0,0,1,"hold","ield"
793,"first_blank","first_blank-hor","hor",2,29,"first_blank-iri","iri",29,0,0,1,"hormon","irimon"
292,"ho","ho-ţ","ţ",1,1,"iu-ţ","iu",1,0,0,1,"hoţ","iuţ"
341,"ho","ho-tel","tel",2,1,"ho-uli","uli",1,0,0,1,"hotel","houli"
114,"first_blank","first_blank-iar","iar",2,8,"first_blank-eru","eru",8,0,0,1,"iartă","erută"
364,"first_blank","first_blank-ide","ide",2,28,"first_blank-sho","sho",28,0,0,1,"ideal","shoal"
354,"ee","ee-last_blank","last_blank",1,21,"lt-last_blank","lt",21,0,0,1,"idee","idlt"
115,"first_blank","first_blank-ier","ier",3,27,"first_blank-exis","exis",27,0,1,1,"iertare","existare"
525,"și","și-re","re",3,2,"utoa-re","utoa",2,0,2,1,"ieșire","ieutoare"
843,"ranţă","ranţă-last_blank","last_blank",3,6,"trari-last_blank","trari",6,0,0,1,"ignoranţă","ignotrari"
380,"first_blank","first_blank-ile","ile",2,9,"first_blank-şer","şer",9,0,0,1,"ilegal","şergal"
142,"zie","zie-last_blank","last_blank",2,57,"cut-last_blank","cut",57,0,0,1,"iluzie","ilucut"
971,"first_blank","first_blank-ima","ima",4,56,"first_blank-strân","strân",26,30,2,1,"imaginație","strânginație"
590,"first_blank","first_blank-ima","ima",3,56,"first_blank-cres","cres",52,4,1,1,"imagine","cresgine"
759,"ri","ri-al","al",4,13,"ri-seste","seste",2,11,3,1,"imperial","imperiseste"
523,"îm","îm-pie","pie",4,18,"îm-braci","braci",1,17,2,1,"împiedica","îmbracidica"
550,"si","si-bil","bil",4,13,"si-lenţi","lenţi",3,10,2,1,"imposibil","imposilenţi"
143,"sie","sie-last_blank","last_blank",3,66,"tesc-last_blank","tesc",66,0,1,1,"impresie","impretesc"
619,"nant","nant-last_blank","last_blank",4,21,"trezi-last_blank","trezi",13,8,1,1,"impresionant","impresiotrezi"
205,"ara","ara-last_blank","last_blank",3,1,"ţâni-last_blank","ţâni",1,0,1,1,"in afara","in afţâni"
92,"arte","arte-last_blank","last_blank",5,1,"cleşug-last_blank","cleşug",1,0,2,1,"în altă parte","în altă pcleşug"
860," urma"," urma-last_blank","last_blank",6,1,"toşeşti-last_blank","toşeşti",1,0,2,1,"in cele din urma","in cele dintoşeşti"
187,"ormal","ormal-last_blank","last_blank",4,1,"spoon-last_blank","spoon",1,0,0,1,"în mod normal","în mod nspoon"
589,"aţă","aţă-last_blank","last_blank",4,1,"gweld-last_blank","gweld",1,0,2,1,"în viaţă","în vigweld"
459,"poi","poi-last_blank","last_blank",2,12,"ier-last_blank","ier",12,0,0,1,"înapoi","înaier"
969,"tea","tea-last_blank","last_blank",6,337,"căciuni-last_blank","căciuni",2,335,4,1,"incapacitatea","incapacitacăciuni"
284,"nat","nat-last_blank","last_blank",5,265,"cţiuni-last_blank","cţiuni",12,253,3,1,"încăpăţânat","încăpăţâcţiuni"
304,"cer","cer-ca","ca",3,11,"arun-ca","arun",12,1,1,1,"încerca","înarunca"
446,"cet","cet-last_blank","last_blank",2,6,"lzi-last_blank","lzi",6,0,0,1,"încet","înlzi"
136,"în","în-chi","chi",5,64,"în-tămplă","tămplă",1,63,3,1,"închiriere","întămplăriere"
519,"dent","dent-last_blank","last_blank",3,29,"cări-last_blank","cări",29,0,0,1,"incident","incicări"
309,"mod","mod-last_blank","last_blank",3,2,"dish-last_blank","dish",2,0,1,1,"incomod","incodish"
303,"cre","cre-de","de",4,14,"deshi-de","deshi",1,13,2,1,"încredere","îndeshidere"
86,"do","do-ia","ia",4,6,"preţu-ia","preţu",2,4,3,1,"îndoială","înpreţuială"
144,"trie","trie-last_blank","last_blank",3,13,"lant-last_blank","lant",13,0,0,1,"industrie","induslant"
701,"first_blank","first_blank-îne","îne",2,18,"first_blank-jig","jig",18,0,0,1,"îneca","jigca"
397,"in","in-el","el",1,1,"fa-el","fa",1,0,0,1,"inel","fael"
691,"in","in-fe","fe",4,16,"in-struc","struc",16,0,3,1,"inferior","instrucrior"
484,"in","in-flu","flu",4,35,"in-scrip","scrip",5,30,2,1,"influență","inscripență"
906,"in","in-fri","fri",5,5,"in-stanţe","stanţe",2,3,3,1,"infricosator","instanţecosator"
13,"în","în-ger","ger",2,1,"în-noi","noi",1,0,0,1,"înger","înnoi"
495,"gi","gi-ner","ner",3,1,"gi-ulim","ulim",1,0,1,1,"inginer","ingiulim"
60,"în","în-gri","gri",5,54,"în-ceţoşa","ceţoşa",2,52,3,1,"îngrijorare","înceţoşajorare"
804,"jo","jo-rat","rat",4,4,"jo-gging","gging",1,3,2,1,"îngrijorat","îngrijogging"
664,"gust","gust-last_blank","last_blank",2,4,"geni-last_blank","geni",4,0,0,1,"îngust","îngeni"
878,"lă","lă-tu","tu",4,17,"struc-tu","struc",11,6,3,1,"înlătura","înstructura"
697,"sig","sig-na","na",3,1,"trov-na","trov",1,0,1,1,"insigna","introvna"
617,"spec","spec-tor","tor",3,2,"coşă-tor","coşă",1,1,0,1,"inspector","incoşător"
925,"tinct","tinct-last_blank","last_blank",3,3,"chett-last_blank","chett",3,0,0,1,"instinct","inschett"
781,"stru","stru-ment","ment",3,1,"frag-ment","frag",1,0,0,1,"instrument","infragment"
824,"sul","sul-tă","tă",3,4,"cien-tă","cien",5,1,1,1,"insultă","incientă"
594,"li","li-gent","gent",4,1,"li-chizi","chizi",1,0,1,1,"inteligent","intelichizi"
671,"in","in-tern","tern",2,1,"in-deam","deam",1,0,0,1,"intern","indeam"
146,"ter","ter-na","na",5,34,"emoţio-na","emoţio",5,29,3,1,"internaţional","inemoţionaţional"
741,"ter","ter-net","net",3,2,"ter-main","main",2,0,1,1,"internet","intermain"
921,"zis","zis-last_blank","last_blank",3,3,"ffet-last_blank","ffet",3,0,1,1,"interzis","interffet"
237,"tre","tre-ba","ba",4,13,"schim-ba","schim",18,5,2,1,"întrebare","înschimbare"
738,"în","în-tre","tre",4,89,"în-mulţi","mulţi",5,84,2,1,"întrerupe","înmulţirupe"
96,"tro","tro-du","du",4,17,"ținân-du","ținân",2,15,2,1,"introduce","inținânduce"
78,"ne","ne-ric","ric",4,4,"ne-plăti","plăti",2,2,2,1,"întuneric","întuneplăti"
868,"til","til-last_blank","last_blank",2,16,"fat-last_blank","fat",16,0,0,1,"inutil","inufat"
411,"vă","vă-ța","ța",3,2,"vă-lesc","lesc",2,0,2,1,"învăța","învălesc"
534,"va","va-zie","zie",3,1,"va-mali","mali",1,0,1,1,"invazie","invamali"
672,"first_blank","first_blank-iro","iro",2,26,"first_blank-înă","înă",26,0,0,1,"ironie","înănie"
503,"iu","iu-nie","nie",2,1,"iu-beº","beº",1,0,0,1,"iunie","iubeº"
826,"c","c-ni","ni",4,5,"c-kwood","kwood",2,3,3,1,"izbucni","izbuckwood"
499,"zz","zz-last_blank","last_blank",2,9,"bla-last_blank","bla",9,0,1,1,"jazz","jabla"
147,"ep","ep-last_blank","last_blank",2,19,"nau-last_blank","nau",19,0,1,1,"jeep","jenau"
436,"joa","joa-ca","ca",2,1,"lan-ca","lan",1,0,0,1,"joaca","lanca"
219,"ete","ete-last_blank","last_blank",5,1,"lanski-last_blank","lanski",1,0,3,1,"joaca baiete","joaca bailanski"
873,"noroc","noroc-last_blank","last_blank",6,1,"cienţii-last_blank","cienţii",1,0,2,1,"jocuri de noroc","jocuri de cienţii"
87,"jo","jo-s","s",1,7,"că-s","că",5,2,0,1,"jos","căs"
777,"deț","deț-last_blank","last_blank",2,1,"rue-last_blank","rue",1,0,0,1,"județ","jurue"
679,"mă","mă-ta","ta",4,7,"orien-ta","orien",8,1,3,1,"jumătate","juorientate"
694,"glă","glă-last_blank","last_blank",2,4,"nţa-last_blank","nţa",4,0,0,1,"junglă","junnţa"
509,"first_blank","first_blank-ju","ju",2,276,"first_blank-tra","tra",272,4,1,1,"jura","trara"
717,"ju","ju-ris","ris",4,8,"ju-ghead","ghead",1,7,2,1,"jurisdicție","jugheaddicție"
966,"lism","lism-last_blank","last_blank",3,15,"chii-last_blank","chii",15,0,0,1,"jurnalism","jurnachii"
943,"chup","chup-last_blank","last_blank",2,1,"ciai-last_blank","ciai",1,0,0,1,"ketchup","ketciai"
757,"gram","gram-last_blank","last_blank",3,6,"mali-last_blank","mali",6,0,0,1,"kilogram","kilomali"
406,"me","me-tru","tru",4,12,"me-neşti","neşti",3,9,2,1,"kilometru","kilomeneşti"
986,"odă","odă-last_blank","last_blank",3,1,"preț-last_blank","preț",1,0,1,1,"la modă","la mpreț"
432,"first_blank","first_blank-lam","lam",2,10,"first_blank-eşu","eşu",10,0,0,1,"lampă","eşupă"
180,"first_blank","first_blank-lân","lân",2,3,"first_blank-arã","arã",3,0,0,1,"lângă","arãgă"
650,"la","la-nţ","nţ",1,3,"la-şu","şu",3,0,0,1,"lanţ","laşu"
172,"first_blank","first_blank-lap","lap",2,9,"first_blank-oli","oli",9,0,0,1,"lapte","olite"
965,"sag","sag-na","na",3,1,"eter-na","eter",1,0,1,1,"lasagna","laeterna"
931,"ga","ga-last_blank","last_blank",2,194,"tei-last_blank","tei",191,3,1,1,"lega","letei"
543,"le","le-ge","ge",2,45,"le-lor","lor",53,8,1,1,"lege","lelor"
760,"giu","giu-ne","ne",3,3,"troa-ne","troa",3,0,1,1,"legiune","letroane"
494,"bie","bie-ne","ne",3,4,"thor-ne","thor",4,0,1,1,"lesbiene","lesthorne"
716,"ber","ber-last_blank","last_blank",2,46,"lan-last_blank","lan",47,1,0,1,"liber","lilan"
513,"ber","ber-ta","ta",4,8,"sculp-ta","sculp",3,5,2,1,"libertate","lisculptate"
152,"chid","chid-last_blank","last_blank",2,6,"sand-last_blank","sand",6,0,0,1,"lichid","lisand"
666,"ta","ta-ţie","ţie",4,32,"ta-rasti","rasti",2,30,2,1,"licitaţie","licitarasti"
918,"li","li-gă","gă",2,3,"li-tat","tat",3,0,1,1,"ligă","litat"
978,"mona","mona-dă","dă",3,1,"inun-dă","inun",1,0,0,1,"limonadă","liinundă"
747,"lin","lin-gu","gu",4,23,"desfi-gu","desfi",2,21,2,1,"linguriţă","desfiguriţă"
469,"niș","niș-te","te",3,3,"pren-te","pren",3,0,1,1,"liniște","liprente"
811,"te","te-ral","ral",5,6,"te-nenţii","nenţii",1,5,3,1,"literalmente","litenenţiimente"
429,"vră","vră-last_blank","last_blank",2,3,"hib-last_blank","hib",3,0,0,1,"livră","lihib"
217,"lo","lo-c","c",1,14,"ja-c","ja",13,1,0,1,"loc","jac"
677,"unca","unca-last_blank","last_blank",5,1,"proşez-last_blank","proşez",1,0,2,1,"loc de munca","loc de mproşez"
454,"god","god-nă","nă",3,1,"atâr-nă","atâr",1,0,1,1,"logodnă","loatârnă"
613,"lo","lo-ial","ial",2,2,"lo-rez","rez",2,0,0,1,"loial","lorez"
159,"li","li-ta","ta",5,223,"dezvol-ta","dezvol",12,211,4,1,"loialitate","loiadezvoltate"
156,"lo","lo-rd","rd",1,1,"lo-nă","nă",1,0,0,1,"lord","lonă"
897,"lo","lo-vit","vit",2,1,"lo-sal","sal",1,0,0,1,"lovit","losal"
274,"vi","vi-tu","tu",4,8,"struc-tu","struc",11,3,3,1,"lovitura","lostructura"
391,"vi","vi-tu","tu",4,8,"struc-tu","struc",11,3,3,1,"lovitură","lostructură"
768,"lu","lu-na","na",2,9,"lu-tio","tio",8,1,1,1,"luna","lutio"
464,"lu","lu-nă","nă",2,2,"lu-ţul","ţul",2,0,1,1,"lună","luţul"
952,"lu","lu-nar","nar",2,1,"lu-cim","cim",1,0,0,1,"lunar","lucim"
458,"lu","lu-ni","ni",1,3,"lu-ze","ze",3,0,0,1,"luni","luze"
54,"first_blank","first_blank-lup","lup",2,35,"first_blank-dor","dor",35,0,0,1,"luptă","dortă"
674,"ma","ma-fia","fia",2,2,"ma-sli","sli",2,0,0,1,"mafia","masli"
711,"gar","gar-last_blank","last_blank",2,24,"tro-last_blank","tro",24,0,0,1,"măgar","mătro"
767,"ga","ga-zin","zin",3,1,"ga-team","team",1,0,1,1,"magazin","magateam"
160,"ma","ma-gie","gie",2,1,"ma-sea","sea",1,0,0,1,"magie","masea"
161,"first_blank","first_blank-mag","mag",3,38,"first_blank-scur","scur",38,0,1,1,"magnetic","scurnetic"
813,"first_blank","first_blank-mai","mai",3,62,"first_blank-înţe","înţe",61,1,1,1,"maimuţă","înţemuţă"
298,"first_blank","first_blank-mâi","mâi",2,5,"first_blank-dam","dam",5,0,0,1,"mâine","damne"
787,"jes","jes-ta","ta",4,3,"sculp-ta","sculp",3,0,2,1,"majestate","masculptate"
783,"ma","ma-jo","jo",5,19,"ma-rţieni","rţieni",1,18,4,1,"majoritate","marţieniritate"
327,"ma","ma-mă","mă",2,2,"ma-sli","sli",2,0,1,1,"mamă","masli"
126,"first_blank","first_blank-mâ","mâ",2,71,"first_blank-sur","sur",71,0,1,1,"mână","surnă"
953,"ge","ge-ment","ment",4,1,"ge-nisys","nisys",1,0,1,1,"management","managenisys"
558,"drie","drie-last_blank","last_blank",2,4,"fred-last_blank","fred",4,0,0,1,"mândrie","mânfred"
233,"dru","dru-last_blank","last_blank",2,16,"nis-last_blank","nis",16,0,0,1,"mândru","mânnis"
745,"mă","mă-r","r",1,1,"ey-r","ey",1,0,0,1,"măr","eyr"
846,"ra","ra-ton","ton",3,3,"ra-jezi","jezi",3,0,1,1,"maraton","marajezi"
914,"mar","mar-ca","ca",2,24,"bli-ca","bli",19,5,0,1,"marca","blica"
398,"ma","ma-re","re",2,56,"ma-tic","tic",21,35,1,1,"mare","matic"
272,"ri","ri-mea","mea",3,6,"ri-zati","zati",5,1,1,1,"mărimea","mărizati"
845,"rin","rin-last_blank","last_blank",2,38,"tai-last_blank","tai",38,0,0,1,"marin","matai"
33,"ma","ma-ro","ro",2,9,"ma-jes","jes",8,1,1,1,"maro","majes"
166,"mar","mar-te","te",2,3,"sul-te","sul",3,0,0,1,"marte","sulte"
473,"mar","mar-tor","tor",2,1,"mar-cei","cei",1,0,0,1,"martor","marcei"
413,"ma","ma-sa","sa",2,26,"pon-sa","pon",25,1,1,1,"masa","ponsa"
588,"eara","eara-last_blank","last_blank",5,1,"mulţim-last_blank","mulţim",1,0,2,1,"masa de seara","masa de smulţim"
348,"culin","culin-last_blank","last_blank",2,1,"mulţi-last_blank","mulţi",1,0,0,1,"masculin","masmulţi"
836,"mă","mă-ta","ta",3,7,"afec-ta","afec",7,0,2,1,"mătase","afectase"
167,"te","te-rie","rie",3,13,"te-nesc","nesc",4,9,1,1,"materie","matenesc"
170,"cal","cal-last_blank","last_blank",3,30,"nist-last_blank","nist",30,0,1,1,"medical","medinist"
693,"ator","ator-last_blank","last_blank",7,1,"mulţeşti-last_blank","mulţeşti",1,0,4,1,"mediu inconjurator","mediu inconjurmulţeşti"
991,"lc","lc-last_blank","last_blank",1,8,"wk-last_blank","wk",8,0,0,1,"melc","mewk"
480,"bru","bru-last_blank","last_blank",2,13,"pic-last_blank","pic",13,0,0,1,"membru","mempic"
434,"first_blank","first_blank-men","men",2,79,"first_blank-apa","apa",79,0,0,1,"mental","apatal"
950,"ce","ce-nar","nar",3,1,"ce-rşeş","rşeş",1,0,1,1,"mercenar","mercerşeş"
10,"reu","reu-last_blank","last_blank",2,6,"şăm-last_blank","şăm",6,0,0,1,"mereu","meşăm"
862,"me","me-ri","ri",3,47,"me-neas","neas",3,44,2,1,"merita","meneasta"
659,"to","to-dă","dă",3,1,"to-crat","crat",1,0,2,1,"metodă","metocrat"
394,"tura","tura-last_blank","last_blank",6,1,"clanşez-last_blank","clanşez",1,0,3,1,"mic de statura","mic de staclanşez"
605,"mi","mi-e","e",1,30,"tu-e","tu",7,23,0,1,"mie","tue"
138,"mi","mi-e","e",3,30,"isra-e","isra",10,20,2,1,"miere","israere"
737,"opţii","opţii-last_blank","last_blank",4,1,"dwest-last_blank","dwest",1,0,0,1,"miezul nopţii","miezul ndwest"
171,"first_blank","first_blank-mi","mi",2,765,"first_blank-pre","pre",762,3,1,1,"mile","prele"
173,"on","on-last_blank","last_blank",3,115,"tezi-last_blank","tezi",116,1,2,1,"milion","militezi"
977,"o","o-nar","nar",4,4,"o-shing","shing",1,3,2,1,"milionar","milioshing"
988,"los","los-last_blank","last_blank",2,25,"giu-last_blank","giu",25,0,0,1,"milos","migiu"
507,"ciu","ciu-nă","nă",3,1,"stra-nă","stra",1,0,1,1,"minciună","minstrană"
174,"mi","mi-ng","ng",1,2,"mi-gu","gu",2,0,0,1,"ming","migu"
385,"mi","mi-nim","nim",2,1,"mi-dat","dat",1,0,0,1,"minim","midat"
415,"nu","nu-nat","nat",3,3,"nu-turi","turi",4,1,1,1,"minunat","minuturi"
919,"mi","mi-re","re",2,22,"tra-re","tra",21,1,1,1,"mire","trare"
176,"first_blank","first_blank-miș","miș",3,13,"first_blank-frac","frac",13,0,1,1,"mișcare","fraccare"
352,"mi","mi-t","t",1,2,"ip-t","ip",2,0,0,1,"mit","ipt"
884,"mi","mi-tă","tă",2,32,"păr-tă","păr",30,2,1,1,"mită","părtă"
909,"ra","ra-bil","bil",4,25,"ra-seste","seste",1,24,2,1,"mizerabil","mizeraseste"
771,"first_blank","first_blank-moa","moa",2,14,"first_blank-tal","tal",14,0,0,1,"moale","talle"
79,"moar","moar-te","te",2,1,"flir-te","flir",1,0,0,1,"moarte","flirte"
683,"del","del-last_blank","last_blank",2,20,"ciu-last_blank","ciu",20,0,0,1,"model","mociu"
175,"dern","dern-last_blank","last_blank",2,1,"kels-last_blank","kels",1,0,0,1,"modern","mokels"
447,"first_blank","first_blank-mons","mons",2,11,"first_blank-sanc","sanc",11,0,0,1,"monstru","sanctru"
580,"nu","nu-ment","ment",3,1,"nu-cşoa","cşoa",1,0,0,1,"monument","monucşoa"
556,"mânt","mânt-last_blank","last_blank",2,6,"blat-last_blank","blat",6,0,0,1,"mormânt","morblat"
876,"mor","mor-tal","tal",2,1,"mor-gen","gen",1,0,0,1,"mortal","morgen"
240,"mo","mo-tiv","tiv",2,1,"mo-văm","văm",1,0,0,1,"motiv","movăm"
491,"mo","mo-u","u",3,13,"furt-u","furt",14,1,2,1,"mouse","furtuse"
866,"mul","mul-ți","ți",3,4,"esen-ți","esen",3,1,1,1,"mulțime","esențime"
526,"mit","mit-last_blank","last_blank",3,45,"zezi-last_blank","zezi",45,0,1,1,"mulțumit","mulțuzezi"
371,"first_blank","first_blank-mur","mur",2,44,"first_blank-ben","ben",44,0,0,1,"murdar","bendar"
177,"iv","iv-last_blank","last_blank",1,5,"tä-last_blank","tä",5,0,0,1,"naiv","natä"
940,"first_blank","first_blank-nan","nan",2,15,"first_blank-opu","opu",15,0,0,1,"nanny","opuny"
29,"first_blank","first_blank-naș","naș",3,5,"first_blank-clov","clov",5,0,1,1,"naștere","clovtere"
179,"nal","nal-last_blank","last_blank",3,110,"tezi-last_blank","tezi",116,6,1,1,"naţional","naţiotezi"
937,"ral","ral-last_blank","last_blank",3,45,"zezi-last_blank","zezi",45,0,1,1,"natural","natuzezi"
990,"val","val-last_blank","last_blank",2,13,"pun-last_blank","pun",13,0,0,1,"naval","napun"
946,"vi","vi-ga","ga",4,16,"vi-ziuni","ziuni",4,12,3,1,"navigare","naviziunire"
922,"rat","rat-last_blank","last_blank",5,262,"cţiuni-last_blank","cţiuni",12,250,3,1,"neajutorat","neajutocţiuni"
743,"bu","bu-nie","nie",3,1,"bu-jori","jori",1,0,1,1,"nebunie","nebujori"
181,"ce","ce-sar","sar",3,2,"ce-dent","dent",2,0,1,1,"necesar","necedent"
145,"ne","ne-drep","drep",4,8,"ne-mulţu","mulţu",8,0,1,1,"nedreptate","nemulţutate"
954,"cit","cit-last_blank","last_blank",4,63,"denţa-last_blank","denţa",13,50,2,1,"nefericit","neferidenţa"
403,"o","o-biș","biș",5,3,"o-nowens","nowens",1,2,3,1,"neobișnuit","neonowensnuit"
998,"ne","ne-plă","plă",3,7,"ne-înţe","înţe",7,0,1,1,"neplăcut","neînţecut"
123,"pot","pot-last_blank","last_blank",2,8,"bam-last_blank","bam",8,0,0,1,"nepot","nebam"
983,"bil","bil-last_blank","last_blank",5,189,"denţei-last_blank","denţei",5,184,3,1,"nerezonabil","nerezonadenţei"
698,"vos","vos-last_blank","last_blank",2,4,"sec-last_blank","sec",4,0,0,1,"nervos","nersec"
336,"no","no-vat","vat",4,3,"no-dămân","dămân",1,2,2,1,"nevinovat","nevinodămân"
188,"ni","ni-mic","mic",2,2,"ni-sul","sul",2,0,0,1,"nimic","nisul"
185,"first_blank","first_blank-nin","nin",2,10,"first_blank-sâr","sâr",10,0,0,1,"ninja","sârja"
407,"first_blank","first_blank-noap","noap",2,2,"first_blank-ngri","ngri",2,0,0,1,"noapte","ngrite"
896,"bel","bel-last_blank","last_blank",2,19,"şit-last_blank","şit",19,0,0,1,"nobel","noşit"
186,"no","no-bil","bil",2,1,"no-mat","mat",1,0,0,1,"nobil","nomat"
189,"brie","brie-last_blank","last_blank",3,5,"curs-last_blank","curs",5,0,0,1,"noiembrie","noiemcurs"
50,"no","no-r","r",1,1,"ei-r","ei",1,0,0,1,"nor","eir"
696,"no","no-roi","roi",2,1,"no-vem","vem",1,0,0,1,"noroi","novem"
183,"nu","nu-last_blank","last_blank",1,101,"dy-last_blank","dy",115,14,0,1,"nu","dy"
844,"nu","nu-d","d",1,1,"fi-d","fi",1,0,0,1,"nud","fid"
409,"măr","măr-last_blank","last_blank",2,2,"irt-last_blank","irt",2,0,0,1,"număr","nuirt"
68,"nu","nu-ma","ma",3,14,"afir-ma","afir",15,1,2,1,"numara","afirmara"
178,"me","me-last_blank","last_blank",2,260,"rat-last_blank","rat",262,2,1,1,"nume","nurat"
610,"ob","ob-ie","ie",1,1,"ob-uz","uz",1,0,0,1,"obiect","obuzct"
463,"first_blank","first_blank-obo","obo",2,21,"first_blank-fes","fes",21,0,0,1,"obosit","fessit"
191,"va","va-re","re",4,20,"kesho-re","kesho",1,19,3,1,"observare","obserkeshore"
851,"col","col-last_blank","last_blank",3,13,"gger-last_blank","gger",13,0,1,1,"obstacol","obstagger"
973,"first_blank","first_blank-oca","oca",3,11,"first_blank-rămâ","rămâ",11,0,1,1,"ocazional","rămâzional"
120,"first_blank","first_blank-oche","oche",2,4,"first_blank-theo","theo",4,0,0,1,"ochelari","theolari"
546,"first_blank","first_blank-oc","oc",1,45,"first_blank-bl","bl",45,0,0,1,"ochi","blhi"
248,"odih","odih-nă","nă",2,1,"chiu-nă","chiu",1,0,0,1,"odihnă","chiună"
192,"first_blank","first_blank-of","of",1,13,"first_blank-dy","dy",13,0,0,1,"oferi","dyeri"
428,"first_blank","first_blank-ofi","ofi",3,45,"first_blank-chel","chel",42,3,1,1,"oficial","chelcial"
165,"om","om-last_blank","last_blank",1,25,"lã-last_blank","lã",26,1,0,1,"om","lã"
899,"omu","omu-le","le",2,4,"ple-le","ple",4,0,0,1,"omule","plele"
980,"ra","ra-țio","țio",4,4,"ra-swati","swati",1,3,2,1,"operațional","operaswatinal"
199,"first_blank","first_blank-opi","opi",2,9,"first_blank-flă","flă",9,0,0,1,"opinie","flănie"
200,"mist","mist-last_blank","last_blank",3,8,"ffer-last_blank","ffer",8,0,0,1,"optimist","optiffer"
872,"op","op-us","us",1,1,"ra-us","ra",1,0,0,1,"opus","raus"
477,"or","or-b","b",1,1,"ti-b","ti",1,0,0,1,"orb","tib"
201,"tră","tră-last_blank","last_blank",2,31,"can-last_blank","can",31,0,0,1,"orchestră","orchescan"
976,"li","li-nat","nat",4,1,"li-vrezi","vrezi",1,0,2,1,"orfelinat","orfelivrezi"
852,"gasm","gasm-last_blank","last_blank",2,1,"raii-last_blank","raii",1,0,0,1,"orgasm","orraii"
203,"gi","gi-nal","nal",3,3,"gi-ving","ving",2,1,1,1,"original","origiving"
449,"os","os-last_blank","last_blank",1,106,"dy-last_blank","dy",115,9,0,1,"os","dy"
749,"te","te-last_blank","last_blank",6,3413,"te-bracci","bracci",1,3412,4,3,"ospitalitate","ospitalitatebracci"
493,"ta","ta-tic","tic",3,3,"ta-jezi","jezi",2,1,1,1,"ostatic","ostajezi"
222,"first_blank","first_blank-otra","otra",2,16,"first_blank-spri","spri",16,0,0,1,"otravă","sprivă"
204,"ou","ou-t","t",1,1,"ls-t","ls",1,0,0,1,"out","lst"
307,"first_blank","first_blank-oz","oz",1,5,"first_blank-și","și",5,0,0,1,"ozn","șin"
270,"pă","pă-cat","cat",2,2,"pă-tâi","tâi",2,0,0,1,"păcat","pătâi"
855,"ci","ci-fic","fic",3,2,"ci-reşe","reşe",2,0,1,1,"pacific","pacireşe"
710,"jen","jen-last_blank","last_blank",4,2,"zolvi-last_blank","zolvi",2,0,2,1,"păianjen","păianzolvi"
481,"first_blank","first_blank-pâi","pâi",2,3,"first_blank-tăl","tăl",3,0,0,1,"pâine","tălne"
295,"ita","ita-last_blank","last_blank",5,1,"proşez-last_blank","proşez",1,0,3,1,"paine prajita","paine prajproşez"
518,"pa","pa-lat","lat",2,1,"pa-nis","nis",1,0,0,1,"palat","panis"
49,"pân","pân-ză","ză",2,1,"cro-ză","cro",1,0,0,1,"pânză","croză"
652,"şă","şă-last_blank","last_blank",3,43,"rezi-last_blank","rezi",43,0,2,1,"păpuşă","păpurezi"
544,"pă","pă-r","r",1,1,"yo-r","yo",1,0,0,1,"păr","yor"
207,"dis","dis-last_blank","last_blank",3,8,"teci-last_blank","teci",8,0,1,1,"paradis","parateci"
208,"id","id-last_blank","last_blank",4,34,"teşti-last_blank","teşti",33,1,3,1,"paranoid","paranoteşti"
856,"ră","ră-si","si",3,9,"pier-si","pier",5,4,2,1,"părăsi","păpiersi"
209,"la","la-ment","ment",3,3,"la-tori","tori",3,0,0,1,"parlament","parlatori"
669,"sa","sa-ger","ger",3,2,"sa-crat","crat",2,0,1,1,"pasager","pasacrat"
134,"mo","mo-niu","niu",4,1,"mo-retti","retti",1,0,2,1,"patrimoniu","patrimoretti"
530,"pă","pă-tu","tu",3,24,"chel-tu","chel",22,2,2,1,"pătură","cheltură"
236,"dep","dep-si","si",3,13,"agre-si","agre",5,8,1,1,"pedepsi","peagresi"
974,"re","re-last_blank","last_blank",5,2626,"re-morchea","morchea",1,2625,3,4,"penalizare","penalizaremorchea"
714,"pen","pen-siu","siu",3,2,"pen-dent","dent",2,0,1,1,"pensiune","pendentne"
468,"re","re-te","te",3,31,"re-cţio","cţio",20,11,2,1,"perete","perecţio"
684,"mi","mi-siu","siu",4,17,"mi-croţi","croţi",1,16,2,1,"permisiune","permicroţine"
7,"per","per-mi","mi",3,33,"isla-mi","isla",2,31,1,1,"permite","islamite"
211,"soa","soa-nă","nă",3,1,"chel-nă","chel",1,0,1,1,"persoană","perchelnă"
995,"so","so-nal","nal",3,3,"so-curi","curi",2,1,1,1,"personal","persocuri"
451,"pi","pi-an","an",1,1,"pi-cã","cã",1,0,0,1,"pian","picã"
215,"pic","pic-nic","nic",2,1,"fre-nic","fre",1,0,0,1,"picnic","frenic"
801,"pie","pie-le","le",2,1,"ser-le","ser",1,0,0,1,"piele","serle"
157,"pier","pier-ză","ză",3,5,"trun-ză","trun",3,2,0,1,"pierzător","trunzător"
894,"pi","pi-ng","ng",1,1,"oo-ng","oo",1,0,0,1,"ping","oong"
842,"mi","mi-dă","dă",4,3,"mi-siuni","siuni",3,0,3,1,"piramidă","piramisiuni"
622,"pi","pi-rat","rat",2,4,"pi-tul","tul",4,0,0,1,"pirat","pitul"
216,"tol","tol-last_blank","last_blank",2,9,"zic-last_blank","zic",9,0,0,1,"pistol","piszic"
549,"plă","plă-ce","ce",3,8,"fran-ce","fran",11,3,1,1,"plăcere","francere"
805,"first_blank","first_blank-pla","pla",2,193,"first_blank-res","res",194,1,0,1,"plajă","resjă"
505,"first_blank","first_blank-pl","pl",1,71,"first_blank-ţi","ţi",71,0,0,1,"plan","ţian"
218,"pla","pla-ne","ne",3,17,"cţiu-ne","cţiu",15,2,1,1,"planetă","cţiunetă"
59,"first_blank","first_blank-plân","plân",3,30,"first_blank-ares","ares",29,1,0,1,"plângere","aresgere"
645,"plan","plan-tă","tă",2,1,"flec-tă","flec",1,0,0,1,"plantă","flectă"
744,"first_blank","first_blank-plat","plat",3,7,"first_blank-huli","huli",7,0,0,1,"platformă","huliformă"
97,"first_blank","first_blank-pl","pl",1,71,"first_blank-vâ","vâ",71,0,0,1,"plic","vâic"
373,"first_blank","first_blank-ploa","ploa",2,2,"first_blank-scra","scra",2,0,0,1,"ploaie","scraie"
220,"first_blank","first_blank-pl","pl",1,71,"first_blank-ţi","ţi",71,0,0,1,"plus","ţius"
514,"po","po-d","d",1,4,"he-d","he",4,0,0,1,"pod","hed"
635,"dea","dea-last_blank","last_blank",2,51,"tin-last_blank","tin",51,0,0,1,"podea","potin"
532,"et","et-last_blank","last_blank",2,33,"ron-last_blank","ron",33,0,1,1,"poet","poron"
223,"li","li-ti","ti",4,48,"struc-ti","struc",4,44,3,1,"politică","postructică"
662,"cos","cos-last_blank","last_blank",4,20,"tiuni-last_blank","tiuni",20,0,2,1,"politicos","polititiuni"
875,"pom","pom-pa","pa",2,4,"his-pa","his",4,0,0,1,"pompa","hispa"
483,"pu","pu-lar","lar",3,2,"pu-cioa","cioa",2,0,1,1,"popular","popucioa"
224,"la","la-ție","ție",4,6,"la-kesho","kesho",1,5,2,1,"populație","populakesho"
888,"rc","rc-last_blank","last_blank",1,15,"pt-last_blank","pt",15,0,0,1,"porc","popt"
835,"clă","clă-last_blank","last_blank",3,4,"geni-last_blank","geni",4,0,1,1,"poreclă","poregeni"
707,"por","por-no","no",2,7,"uma-no","uma",5,2,0,1,"porno","umano"
225,"por","por-tal","tal",2,1,"des-tal","des",1,0,0,1,"portal","destal"
162,"first_blank","first_blank-poș","poș",2,4,"first_blank-ear","ear",4,0,0,1,"poștă","eartă"
168,"first_blank","first_blank-pot","pot",2,10,"first_blank-swe","swe",10,0,0,1,"pot fi","swe fi"
649,"po","po-tenţi","tenţi",3,10,"po-neţul","neţul",1,9,0,1,"potenţial","poneţulal"
323,"zi","zi-tiv","tiv",3,3,"zi-ceţi","ceţi",3,0,1,1,"pozitiv","poziceţi"
598,"first_blank","first_blank-prac","prac",3,19,"first_blank-sfâr","sfâr",19,0,0,1,"practică","sfârtică"
228,"pra","pra-dă","dă",2,1,"gen-dă","gen",1,0,0,1,"pradă","gendă"
944,"uşcă","uşcă-last_blank","last_blank",5,1,"somnia-last_blank","somnia",1,0,2,1,"praf de puşcă","praf de psomnia"
226,"ti","ti-rea","rea",4,21,"ti-glonţ","glonţ",1,20,2,1,"pregătirea","pregătiglonţ"
886,"pre","pre-su","su",4,29,"desfă-su","desfă",4,25,2,1,"presupune","desfăsupune"
377,"zenţă","zenţă-last_blank","last_blank",2,1,"ranţã-last_blank","ranţã",1,0,0,1,"prezenţă","preranţã"
709,"pri","pri-mă","mă",2,14,"ase-mă","ase",9,5,0,1,"primă","asemă"
517,"pri","pri-mă","mă",4,14,"adoar-mă","adoar",1,13,2,1,"primăvară","adoarmăvară"
110,"pri","pri-mul","mul",2,1,"pri-cii","cii",1,0,0,1,"primul","pricii"
326,"first_blank","first_blank-prinţe","prinţe",2,7,"first_blank-tranza","tranza",7,0,0,2,"prinţesă","tranzasă"
639,"pri","pri-vat","vat",2,1,"pri-ani","ani",1,0,0,1,"privat","priani"
705,"giu","giu-last_blank","last_blank",4,25,"seşti-last_blank","seşti",19,6,2,1,"privilegiu","privileseşti"
905,"păt","păt-last_blank","last_blank",2,7,"top-last_blank","top",7,0,0,1,"proaspăt","proastop"
229,"first_blank","first_blank-pro","pro",6,833,"first_blank-avansea","avansea",2,831,4,1,"probabilitate","avanseababilitate"
680,"ble","ble-me","me",3,4,"trau-me","trau",3,1,1,1,"probleme","protraume"
421,"ces","ces-last_blank","last_blank",2,12,"ggy-last_blank","ggy",12,0,0,1,"proces","proggy"
363,"că","că-tor","tor",4,29,"că-leşti","leşti",2,27,2,1,"producător","producăleşti"
529,"fil","fil-last_blank","last_blank",2,3,"maj-last_blank","maj",3,0,0,1,"profil","promaj"
566,"fit","fit-last_blank","last_blank",2,7,"try-last_blank","try",7,0,0,1,"profit","protry"
230,"gre","gre-sul","sul",3,2,"gre-ceas","ceas",2,0,1,1,"progresul","progreceas"
231,"iect","iect-last_blank","last_blank",2,1,"şeli-last_blank","şeli",1,0,0,1,"proiect","proşeli"
232,"first_blank","first_blank-pro","pro",5,833,"first_blank-dezmem","dezmem",13,820,3,1,"proprietate","dezmemprietate"
912,"pro","pro-pu","pu",3,14,"scal-pu","scal",2,12,1,1,"propune","scalpune"
416,"pr","pr-os","os",1,1,"ft-os","ft",1,0,0,1,"prost","ftost"
789,"pro","pro-te","te",4,44,"damen-te","damen",5,39,2,1,"proteină","damenteină"
440,"pro","pro-te","te",3,44,"bles-te","bles",20,24,1,1,"proteja","blesteja"
829,"test","test-last_blank","last_blank",2,5,"thal-last_blank","thal",5,0,0,1,"protest","prothal"
234,"pu","pu-b","b",1,1,"wo-b","wo",1,0,0,1,"pub","wob"
927,"pu","pu-bli","bli",5,44,"pu-nisher","nisher",1,43,3,1,"publicitate","punishercitate"
641,"pu","pu-i","i",1,10,"gă-i","gă",10,0,0,1,"pui","găi"
1000,"e somn","e somn-last_blank","last_blank",3,1,"somnii-last_blank","somnii",1,0,0,1,"pui de somn","pui dsomnii"
235,"ls","ls-last_blank","last_blank",1,11,"ag-last_blank","ag",11,0,0,1,"puls","puag"
221,"nc","nc-t","t",1,1,"da-t","da",1,0,0,1,"punct","pudat"
637,"implu","implu-last_blank","last_blank",4,1,"ginţi-last_blank","ginţi",1,0,0,1,"pur şi simplu","pur şi sginţi"
571,"ş","ş-că","că",3,44,"ş-teţi","teţi",4,40,2,1,"puşcă","puşteţi"
282,"pu","pu-te","te",3,28,"bles-te","bles",20,8,2,1,"putere","blestere"
331,"ter","ter-nic","nic",3,2,"praz-nic","praz",1,1,1,1,"puternic","pupraznic"
153,"țin","țin-last_blank","last_blank",2,8,"roc-last_blank","roc",8,0,0,1,"puțin","puroc"
658,"first_blank","first_blank-răb","răb",3,8,"first_blank-cham","cham",8,0,1,1,"răbdare","chamdare"
210,"first_blank","first_blank-rab","rab",3,7,"first_blank-huli","huli",7,0,1,1,"rabdator","hulidator"
618,"ra","ra-che","che",3,9,"ra-bili","bili",8,1,1,1,"rachetă","rabilită"
431,"ra","ra-dar","dar",2,1,"ra-mie","mie",1,0,0,1,"radar","ramie"
445,"dio","dio-last_blank","last_blank",2,8,"nah-last_blank","nah",8,0,0,1,"radio","ranah"
560,"ră","ră-ni","ni",1,14,"di-ni","di",13,1,0,1,"răni","dini"
955,"pi","pi-last_blank","last_blank",1,38,"sy-last_blank","sy",38,0,0,1,"răpi","răsy"
979,"pit","pit-last_blank","last_blank",2,26,"ren-last_blank","ren",26,0,0,1,"răpit","răren"
245,"port","port-last_blank","last_blank",2,17,"cent-last_blank","cent",17,0,0,1,"raport","racent"
238,"sist","sist-last_blank","last_blank",2,5,"zici-last_blank","zici",5,0,0,1,"rasist","razici"
504,"puns","puns-last_blank","last_blank",2,6,"mânt-last_blank","mânt",6,0,0,1,"răspuns","răsmânt"
99,"first_blank","first_blank-ră","ră",1,275,"first_blank-ju","ju",276,1,0,1,"rău","juu"
472,"first_blank","first_blank-râ","râ",1,40,"first_blank-şa","şa",40,0,0,1,"râu","şau"
853,"ra","ra-ză","ză",2,1,"ra-col","col",1,0,1,1,"rază","racol"
369,"boi","boi-last_blank","last_blank",2,5,"sla-last_blank","sla",5,0,0,1,"război","răzsla"
682,"first_blank","first_blank-răz","răz",4,46,"first_blank-schim","schim",44,2,2,1,"răzbunare","schimbunare"
479,"first_blank","first_blank-re","re",5,2347,"dezminţi-re","dezminţi",1,2346,3,6,"realitate","dezminţirealitate"
631,"li","li-zea","zea",5,32,"li-tanţii","tanţii",1,31,3,1,"realizează","realitanţiiză"
915,"pţie","pţie-last_blank","last_blank",3,14,"rici-last_blank","rici",14,0,0,1,"recepţie","recerici"
455,"re","re-chin","chin",2,1,"re-suan","suan",1,0,0,1,"rechin","resuan"
632,"cord","cord-last_blank","last_blank",2,6,"bări-last_blank","bări",6,0,0,1,"record","rebări"
241,"first_blank","first_blank-re","re",5,2347,"dezminţi-re","dezminţi",1,2346,3,6,"recunoaşte","dezminţirecunoaşte"
124,"tor","tor-last_blank","last_blank",5,750,"cţiuni-last_blank","cţiuni",12,738,3,1,"recunoscător","recunoscăcţiuni"
819,"cu","cu-pe","pe",4,25,"aproa-pe","aproa",3,22,3,1,"recupera","reaproapera"
576,"fle","fle-cţie","cţie",3,1,"fle-tist","tist",1,0,0,1,"reflecţie","refletist"
242,"gi","gi-at","at",4,4,"gi-cieni","cieni",1,3,3,1,"refugiat","refugicieni"
753,"giu","giu-last_blank","last_blank",3,25,"dati-last_blank","dati",25,0,1,1,"refugiu","refudati"
686,"fu","fu-za","za",3,13,"trea-za","trea",7,6,2,1,"refuza","retreaza"
255,"re","re-gal","gal",2,1,"re-luă","luă",1,0,0,1,"regal","reluă"
718,"gi","gi-ment","ment",3,1,"gi-lroy","lroy",1,0,0,1,"regiment","regilroy"
330,"gi","gi-nă","nă",3,6,"gi-timi","timi",2,4,2,1,"regină","regitimi"
963,"gio","gio-nal","nal",3,1,"tamâ-nal","tamâ",1,0,1,1,"regional","retamânal"
256,"gu","gu-lă","lă",3,5,"gu-rați","rați",2,3,2,1,"regulă","regurați"
592,"ţie","ţie-last_blank","last_blank",3,228,"turi-last_blank","turi",238,10,1,1,"relaţie","relaturi"
243,"la","la-tiv","tiv",3,6,"la-ment","ment",3,3,1,1,"relativ","relament"
300,"morcă","morcă-last_blank","last_blank",2,1,"corte-last_blank","corte",1,0,0,1,"remorcă","recorte"
427,"re","re-por","por",3,24,"re-flec","flec",24,0,1,1,"reporter","reflecter"
246,"pect","pect-last_blank","last_blank",2,5,"plul-last_blank","plul",5,0,0,1,"respect","resplul"
247,"te","te-last_blank","last_blank",7,3413,"te-bracci","bracci",1,3412,4,2,"responsabilitate","responsabilitatebracci"
612,"ţe","ţe-a","a",1,3,"no-a","no",3,0,0,1,"reţea","renoa"
249,"la","la-tie","tie",4,13,"la-kesho","kesho",1,12,2,1,"revelatie","revelakesho"
288,"vor","vor-last_blank","last_blank",3,12,"nent-last_blank","nent",12,0,1,1,"rezervor","rezernent"
825,"tenţă","tenţă-last_blank","last_blank",3,10,"beşti-last_blank","beşti",10,0,0,1,"rezistenţă","rezisbeşti"
807,"zul","zul-tat","tat",3,1,"pren-tat","pren",1,0,1,1,"rezultat","reprentat"
809,"di","di-col","col",3,1,"di-pper","pper",1,0,1,1,"ridicol","ridipper"
712,"nichi","nichi-last_blank","last_blank",2,4,"plici-last_blank","plici",4,0,0,1,"rinichi","riplici"
342,"ri","ri-sc","sc",1,1,"ri-od","od",1,0,0,1,"risc","riod"
252,"first_blank","first_blank-ris","ris",2,20,"first_blank-avo","avo",20,0,0,1,"riscant","avocant"
250,"ri","ri-tm","tm",1,1,"ri-mp","mp",1,0,0,1,"ritm","rimp"
433,"tu","tu-al","al",3,12,"tu-iesc","iesc",13,1,2,1,"ritual","rituiesc"
695,"ro","ro-bot","bot",2,1,"ro-tin","tin",1,0,0,1,"robot","rotin"
597,"ro","ro-ck","ck",2,1,"ro-ney","ney",1,0,1,1,"rock","roney"
849,"deo","deo-last_blank","last_blank",2,8,"mau-last_blank","mau",8,0,0,1,"rodeo","romau"
257,"ro","ro-m","m",1,4,"zu-m","zu",3,1,0,1,"rom","zum"
538,"ro","ro-mân","mân",2,1,"ro-gul","gul",1,0,0,1,"român","rogul"
794,"meo","meo-last_blank","last_blank",2,3,"riş-last_blank","riş",3,0,0,1,"romeo","roriş"
324,"șu","șu-last_blank","last_blank",2,2,"zmo-last_blank","zmo",2,0,1,1,"roșu","rozmo"
791,"gi","gi-nit","nit",3,3,"gi-rard","rard",1,2,1,1,"ruginit","rugirard"
837,"ru","ru-j","j",1,1,"an-j","an",1,0,0,1,"ruj","anj"
254,"first_blank","first_blank-run","run",2,6,"first_blank-aka","aka",6,0,0,1,"rundă","akadă"
290,"ru","ru-pe","pe",3,14,"înţe-pe","înţe",6,8,2,1,"rupere","înţepere"
360,"sa","sa-bie","bie",2,1,"sa-yev","yev",1,0,0,1,"sabie","sayev"
607,"first_blank","first_blank-sal","sal",3,79,"first_blank-prin","prin",79,0,1,1,"salvare","prinvare"
259,"first_blank","first_blank-sâm","sâm",3,10,"first_blank-noas","noas",10,0,1,1,"sâmbătă","noasbătă"
128,"nă","nă-ta","ta",4,15,"orien-ta","orien",8,7,3,1,"sănătate","săorientate"
129,"nă","nă-tos","tos",3,2,"nă-rind","rind",1,1,1,1,"sănătos","sănărind"
614,"dwi","dwi-ch","ch",3,1,"gret-ch","gret",1,0,1,1,"sandwich","sangretch"
542,"first_blank","first_blank-sân","sân",2,31,"first_blank-var","var",31,0,0,1,"sânge","varge"
586,"first_blank","first_blank-şan","şan",2,21,"first_blank-clă","clă",21,0,0,1,"şansă","clăsă"
644,"să","să-pa","pa",2,6,"pro-pa","pro",7,1,1,1,"săpa","propa"
412,"raci","raci-last_blank","last_blank",2,3,"ichi-last_blank","ichi",3,0,0,1,"săraci","săichi"
924,"ră","ră-cie","cie",3,1,"ră-țați","țați",1,0,1,1,"sărăcie","sărățați"
611,"first_blank","first_blank-sar","sar",3,69,"first_blank-auto","auto",73,4,1,1,"sarcină","autocină"
465,"rut","rut-last_blank","last_blank",2,13,"eni-last_blank","eni",13,0,0,1,"sărut","săeni"
158,"first_blank","first_blank-scă","scă",2,34,"first_blank-ono","ono",34,0,0,1,"scăzut","onozut"
43,"first_blank","first_blank-schim","schim",3,44,"first_blank-domni","domni",36,8,0,2,"schimbare","domnibare"
524,"sc","sc-la","la",1,2,"sc-âr","âr",2,0,0,1,"sclav","scârv"
770,"op","op-last_blank","last_blank",1,28,"ic-last_blank","ic",28,0,0,1,"scop","scic"
968,"first_blank","first_blank-scorţi","scorţi",3,2,"first_blank-atenţi","atenţi",2,0,0,1,"scorţişoară","atenţişoară"
559,"first_blank","first_blank-sc","sc",1,92,"first_blank-wi","wi",92,0,0,1,"scump","wiump"
572,"first_blank","first_blank-sc","sc",1,92,"first_blank-wi","wi",92,0,0,1,"scut","wiut"
453,"se","se-col","col",2,1,"se-rit","rit",1,0,0,1,"secol","serit"
264,"cret","cret-last_blank","last_blank",2,6,"meri-last_blank","meri",6,0,0,1,"secret","semeri"
379,"cre","cre-tar","tar",3,2,"cre-deţi","deţi",2,0,1,1,"secretar","secredeţi"
816,"sec","sec-țiu","țiu",3,2,"sec-vent","vent",1,1,1,1,"secțiune","secventne"
848,"cun","cun-dar","dar",3,1,"grăj-dar","grăj",1,0,1,1,"secundar","segrăjdar"
547,"se","se-cu","cu",5,43,"se-minţia","minţia",1,42,4,1,"securitate","seminţiaritate"
724,"mi","mi-nar","nar",3,2,"mi-teți","teți",2,0,1,1,"seminar","semiteți"
823,"ni","ni-or","or",3,3,"ni-chiu","chiu",3,0,2,1,"senior","senichiu"
169,"se","se-ns","ns",1,1,"se-ur","ur",1,0,0,1,"sens","seur"
984,"za","za-ţio","ţio",4,3,"za-thras","thras",1,2,2,1,"senzaţional","senzathrasnal"
628,"zor","zor-last_blank","last_blank",2,11,"ari-last_blank","ari",11,0,0,1,"senzor","senari"
388,"brie","brie-last_blank","last_blank",3,5,"țați-last_blank","țați",5,0,0,1,"septembrie","septemțați"
361,"gent","gent-last_blank","last_blank",2,14,"ving-last_blank","ving",14,0,0,1,"sergent","serving"
606,"se","se-rie","rie",2,5,"se-mes","mes",4,1,0,1,"serie","semes"
563,"rif","rif-last_blank","last_blank",2,6,"jah-last_blank","jah",6,0,0,1,"şerif","şejah"
947,"ciu","ciu-last_blank","last_blank",3,20,"mani-last_blank","mani",20,0,1,1,"serviciu","servimani"
32,"first_blank","first_blank-ser","ser",4,101,"first_blank-trans","trans",129,28,2,1,"servietă","transvietă"
266,"xu","xu-al","al",3,6,"appe-al","appe",1,5,2,1,"sexual","seappeal"
94,"șit","șit-last_blank","last_blank",2,12,"han-last_blank","han",12,0,0,1,"sfârșit","sfârhan"
806,"sf","sf-at","at",1,1,"hy-at","hy",1,0,0,1,"sfat","hyat"
795,"first_blank","first_blank-sher","sher",3,4,"first_blank-exhu","exhu",4,0,0,1,"sherlock","exhulock"
742,"first_blank","first_blank-sho","sho",3,28,"first_blank-apar","apar",28,0,1,1,"shooter","aparoter"
53,"criu","criu-last_blank","last_blank",2,2,"şiri-last_blank","şiri",2,0,0,1,"sicriu","sişiri"
4,"si","si-da","da",2,1,"pun-da","pun",1,0,1,1,"sida","punda"
728,"gur","gur-last_blank","last_blank",2,11,"reţ-last_blank","reţ",11,0,0,1,"sigur","sireţ"
269,"mi","mi-lar","lar",3,1,"mi-cuțu","cuțu",1,0,1,1,"similar","simicuțu"
287,"tom","tom-last_blank","last_blank",2,4,"gre-last_blank","gre",4,0,0,1,"simptom","simpgre"
8,"gur","gur-last_blank","last_blank",2,11,"ţat-last_blank","ţat",11,0,0,1,"singur","sinţat"
338,"re","re-last_blank","last_blank",5,2626,"re-morchea","morchea",1,2625,3,4,"sinucidere","sinucideremorchea"
462,"a","a-tie","tie",4,10,"a-monds","monds",1,9,2,1,"situatie","situamonds"
699,"so","so-bru","bru",2,1,"so-dul","dul",1,0,0,1,"sobru","sodul"
422,"ci","ci-e","e",5,30,"tranşe-e","tranşe",1,29,4,1,"societate","sotranşeetate"
578,"first_blank","first_blank-softwa","softwa",2,1,"first_blank-montea","montea",1,0,0,1,"software","monteare"
448,"first_blank","first_blank-sol","sol",2,27,"first_blank-omo","omo",27,0,0,1,"soldat","omodat"
335,"so","so-ra","ra",2,5,"nie-ra","nie",5,0,1,1,"sora","niera"
528,"so","so-si","si",3,9,"agre-si","agre",5,4,2,1,"sosire","agresire"
437,"so","so-ț","ț",1,1,"in-ț","in",1,0,0,1,"soț","inț"
673,"thern","thern-last_blank","last_blank",3,2,"teţul-last_blank","teţul",2,0,0,1,"southern","souteţul"
70,"first_blank","first_blank-spar","spar",2,33,"first_blank-exer","exer",33,0,0,1,"sparge","exerge"
461,"cial","cial-last_blank","last_blank",2,1,"chow-last_blank","chow",1,0,0,1,"special","spechow"
268,"first_blank","first_blank-spec","spec",3,26,"first_blank-aran","aran",26,0,0,1,"spectacol","arantacol"
139,"ranţă","ranţă-last_blank","last_blank",2,6,"tenţi-last_blank","tenţi",6,0,0,1,"speranţă","spetenţi"
994,"spi","spi-na","na",3,5,"atâr-na","atâr",4,1,1,1,"spinarii","atârnarii"
401,"first_blank","first_blank-spi","spi",2,97,"first_blank-cal","cal",96,1,0,1,"spion","calon"
970,"naj","naj-last_blank","last_blank",3,12,"peri-last_blank","peri",12,0,1,1,"spionaj","spioperi"
318,"spi","spi-ri","ri",4,27,"ninţă-ri","ninţă",2,25,2,1,"spiritual","ninţăritual"
340,"spi","spi-tal","tal",2,1,"cos-tal","cos",1,0,0,1,"spital","costal"
260,"spu","spu-ne","ne",2,4,"bie-ne","bie",4,0,0,1,"spune","biene"
279,"diu","diu-last_blank","last_blank",2,16,"fat-last_blank","fat",16,0,0,1,"stadiu","stafat"
540,"an","an-d","d",1,10,"re-d","re",10,0,0,1,"stand","stred"
739,"sta","sta-re","re",2,3,"aiu-re","aiu",3,0,0,1,"stare","aiure"
629,"au","au-last_blank","last_blank",1,26,"ld-last_blank","ld",26,0,0,1,"stau","stld"
111,"st","st-ea","ea",1,7,"st-râ","râ",7,0,0,1,"steag","strâg"
444,"clă","clă-last_blank","last_blank",2,4,"fez-last_blank","fez",4,0,0,1,"sticlă","stifez"
685,"mac","mac-last_blank","last_blank",2,6,"gor-last_blank","gor",6,0,0,1,"stomac","stogor"
773,"stră","stră-lu","lu",4,22,"dezva-lu","dezva",3,19,1,1,"strălucire","dezvalucire"
839,"ra","ra-t","t",1,4,"ân-t","ân",4,0,0,1,"strat","stânt"
283,"first_blank","first_blank-st","st",1,154,"first_blank-je","je",154,0,0,1,"stres","jeres"
337,"dent","dent-last_blank","last_blank",2,29,"team-last_blank","team",29,0,0,1,"student","stuteam"
929,"su","su-bes","bes",4,12,"su-pport","pport",1,11,2,1,"subestima","supporttima"
285,"rin","rin-last_blank","last_blank",4,38,"ieşti-last_blank","ieşti",39,1,2,1,"submarin","submaieşti"
293,"bţi","bţi-re","re",3,1,"floa-re","floa",1,0,1,1,"subţire","sufloare"
374,"suc","suc-ces","ces",2,1,"lei-ces","lei",1,0,0,1,"succes","leices"
320,"su","su-d","d",1,2,"hi-d","hi",2,0,0,1,"sud","hid"
735,"feri","feri-last_blank","last_blank",2,11,"jesc-last_blank","jesc",11,0,0,1,"suferi","sujesc"
286,"rinţă","rinţă-last_blank","last_blank",3,8,"nisti-last_blank","nisti",8,0,0,1,"suferinţă","sufenisti"
95,"cient","cient-last_blank","last_blank",3,7,"denţi-last_blank","denţi",7,0,0,1,"suficient","sufidenţi"
466,"flet","flet-last_blank","last_blank",2,2,"gels-last_blank","gels",2,0,0,1,"suflet","sugels"
885,"mă","mă-last_blank","last_blank",2,168,"ria-last_blank","ria",168,0,1,1,"sumă","suria"
277,"pă","pă-last_blank","last_blank",2,84,"ler-last_blank","ler",84,0,1,1,"supă","suler"
933,"pa","pa-pă","pă",3,2,"pa-sesc","sesc",2,0,2,1,"supapă","supasesc"
948,"su","su-pli","pli",4,11,"su-bînţe","bînţe",2,9,2,1,"suplimentar","subînţementar"
959,"pra","pra-na","na",5,7,"emoţio-na","emoţio",5,2,3,1,"supranatural","suemoţionatural"
854,"su","su-pra","pra",3,152,"su-biec","biec",9,143,1,1,"supraom","subiecom"
596,"sur","sur-prin","prin",3,15,"sur-gent","gent",1,14,0,1,"surprinde","surgentde"
278,"sur","sur-să","să",2,2,"clu-să","clu",2,0,0,1,"sursă","clusă"
769,"ta","ta-bă","bă",3,2,"ta-glia","glia",2,0,2,1,"tabără","tagliară"
655,"cut","cut-last_blank","last_blank",2,57,"zie-last_blank","zie",57,0,0,1,"tăcut","tăzie"
587,"first_blank","first_blank-ța","ța",2,4,"first_blank-got","got",4,0,1,1,"țară","gotră"
410,"first_blank","first_blank-târ","târ",2,26,"first_blank-înă","înă",26,0,0,1,"târziu","înăziu"
77,"first_blank","first_blank-ta","ta",2,461,"first_blank-dis","dis",446,15,1,1,"tata","dista"
567,"tu","tu-aj","aj",3,1,"tu-şesc","şesc",1,0,2,1,"tatuaj","tatuşesc"
289,"xi","xi-last_blank","last_blank",2,9,"fel-last_blank","fel",9,0,1,1,"taxi","tafel"
788,"teh","teh-nic","nic",2,1,"sor-nic","sor",1,0,0,1,"tehnic","sornic"
378,"first_blank","first_blank-teh","teh",4,26,"first_blank-chris","chris",21,5,2,1,"tehnologie","chrisnologie"
457,"le","le-gra","gra",4,11,"le-ziuni","ziuni",1,10,2,1,"telegramă","teleziunimă"
930,"cop","cop-last_blank","last_blank",4,3,"nanţa-last_blank","nanţa",3,0,2,1,"telescop","telesnanţa"
521,"plu","plu-last_blank","last_blank",2,10,"vre-last_blank","vre",10,0,0,1,"templu","temvre"
489,"pie","pie-last_blank","last_blank",3,26,"zati-last_blank","zati",26,0,1,1,"terapie","terazati"
149,"ren","ren-last_blank","last_blank",2,26,"zit-last_blank","zit",26,0,0,1,"teren","tezit"
370,"ri","ri-bil","bil",3,1,"ri-sley","sley",1,0,1,1,"teribil","terisley"
720,"mi","mi-nal","nal",3,6,"mi-ţând","ţând",6,0,1,1,"terminal","termiţând"
291,"xt","xt-last_blank","last_blank",1,3,"nh-last_blank","nh",3,0,0,1,"text","tenh"
941,"first_blank","first_blank-tim","tim",2,25,"first_blank-ire","ire",25,0,0,1,"timbru","irebru"
562,"ne","ne-ret","ret",3,1,"ne-stro","stro",1,0,1,1,"tineret","tinestro"
616,"pic","pic-last_blank","last_blank",2,13,"ței-last_blank","ței",13,0,0,1,"tipic","tiței"
297,"first_blank","first_blank-toa","toa",3,22,"first_blank-obis","obis",22,0,1,1,"toaletă","obisletă"
762,"first_blank","first_blank-toam","toam",2,3,"first_blank-plum","plum",3,0,0,1,"toamna","plumna"
949,"to","to-n","n",1,4,"ea-n","ea",4,0,0,1,"ton","ean"
798,"to","to-p","p",1,1,"ea-p","ea",1,0,0,1,"top","eap"
881,"pi","pi-last_blank","last_blank",1,38,"sy-last_blank","sy",38,0,0,1,"topi","tosy"
688,"to","to-tal","tal",2,3,"to-fon","fon",3,0,0,1,"total","tofon"
460,"ăi","ăi-last_blank","last_blank",1,6,"șe-last_blank","șe",6,0,0,1,"trăi","trșe"
692,"seu","seu-last_blank","last_blank",2,7,"rot-last_blank","rot",7,0,0,1,"traseu","trarot"
347,"en","en-last_blank","last_blank",1,103,"ke-last_blank","ke",103,0,0,1,"tren","trke"
871,"tri","tri-gger","gger",2,1,"tri-plea","plea",1,0,0,1,"trigger","triplea"
258,"is","is-t","t",1,7,"hi-t","hi",6,1,0,1,"trist","trhit"
784,"feu","feu-last_blank","last_blank",2,2,"mae-last_blank","mae",2,0,0,1,"trofeu","tromae"
301,"uc","uc-last_blank","last_blank",1,6,"șă-last_blank","șă",6,0,0,1,"truc","trșă"
533,"fiș","fiș-last_blank","last_blank",2,1,"rch-last_blank","rch",1,0,0,1,"tufiș","turch"
345,"mor","mor-last_blank","last_blank",2,2,"pân-last_blank","pân",2,0,0,1,"tumor","tupân"
603,"tu","tu-r","r",1,1,"yo-r","yo",1,0,0,1,"tur","yor"
305,"rn","rn-last_blank","last_blank",1,40,"je-last_blank","je",40,0,0,1,"turn","tuje"
299,"neu","neu-last_blank","last_blank",2,8,"dri-last_blank","dri",8,0,0,1,"turneu","turdri"
838,"tu","tu-se","se",2,8,"tu-ias","ias",8,0,1,1,"tuse","tuias"
296,"first_blank","first_blank-tut","tut",2,6,"first_blank-lei","lei",6,0,0,1,"tutun","leiun"
730,"first_blank","first_blank-uci","uci",2,55,"first_blank-blo","blo",55,0,0,1,"ucigaş","blogaş"
155,"ui","ui-te","te",2,4,"fle-te","fle",4,0,1,1,"uite","flete"
608,"ăr","ăr-last_blank","last_blank",1,2,"iţ-last_blank","iţ",2,0,0,1,"umăr","umiţ"
267,"bră","bră-last_blank","last_blank",2,13,"mis-last_blank","mis",13,0,0,1,"umbră","ummis"
830,"um","um-il","il",1,2,"te-il","te",2,0,0,1,"umil","teil"
308,"un","un-chiul","chiul",2,1,"un-tains","tains",1,0,0,2,"unchiul","untains"
276,"first_blank","first_blank-une","une",2,6,"first_blank-lac","lac",6,0,0,1,"uneori","lacori"
656,"un","un-ghii","ghii",2,1,"un-tric","tric",1,0,0,1,"unghii","untric"
646,"uni","uni-ta","ta",3,5,"crus-ta","crus",5,0,1,1,"unitate","crustate"
399,"first_blank","first_blank-uni","uni",2,87,"first_blank-spa","spa",87,0,0,1,"univers","spavers"
195,"un","un-u","u",1,1,"bi-u","bi",1,0,0,1,"unu","biu"
355,"ur","ur-ă","ă",1,1,"oş-ă","oş",1,0,0,1,"ură","oşă"
942,"first_blank","first_blank-ura","ura",2,18,"first_blank-opo","opo",18,0,0,1,"uragan","opogan"
661,"gent","gent-last_blank","last_blank",2,14,"gham-last_blank","gham",14,0,0,1,"urgent","urgham"
113,"ma","ma-last_blank","last_blank",2,324,"ţii-last_blank","ţii",333,9,1,1,"urma","urţii"
372,"ur","ur-s","s",1,3,"en-s","en",3,0,0,1,"urs","ens"
375,"us","us-cat","cat",2,1,"us-sef","sef",1,0,0,1,"uscat","ussef"
840,"roi","roi-last_blank","last_blank",3,10,"seau-last_blank","seau",10,0,1,1,"usturoi","ustuseau"
310,"first_blank","first_blank-ut","ut",1,10,"first_blank-kw","kw",10,0,0,1,"util","kwil"
62,"icit","icit-last_blank","last_blank",4,1,"grezi-last_blank","grezi",1,0,1,1,"va felicit","va felgrezi"
564,"va","va-că","că",2,1,"năs-că","năs",1,0,1,1,"vacă","născă"
317,"du","du-vă","vă",3,2,"du-cand","cand",2,0,2,1,"văduvă","văducand"
625,"va","va-gi","gi",3,10,"ener-gi","ener",9,1,2,1,"vagina","energina"
311,"loa","loa-re","re",3,4,"pier-re","pier",3,1,1,1,"valoare","vapierre"
488,"lo","lo-ros","ros",3,1,"lo-viți","viți",1,0,1,1,"valoros","valoviți"
141,"nă","nă-toa","toa",4,16,"nă-ciuni","ciuni",1,15,2,1,"vânătoare","vânăciunire"
357,"nt","nt-last_blank","last_blank",1,57,"ff-last_blank","ff",57,0,0,1,"vânt","vâff"
758,"vân","vân-ză","ză",3,11,"chea-ză","chea",11,0,1,1,"vânzător","cheazător"
358,"va","va-ră","ră",2,16,"nie-ră","nie",8,8,1,1,"vară","nieră"
194,"ch","ch-i","i",1,13,"fu-i","fu",13,0,0,1,"vechi","vefui"
265,"dea","dea-last_blank","last_blank",2,51,"tre-last_blank","tre",51,0,0,1,"vedea","vetre"
863,"ve","ve-de","de",3,23,"olan-de","olan",8,15,2,1,"vedere","olandere"
349,"hi","hi-cul","cul",3,3,"hi-dian","dian",1,2,1,1,"vehicul","vehidian"
755,"ve","ve-nă","nă",2,1,"pra-nă","pra",1,0,1,1,"venă","prană"
125,"ver","ver-de","de",2,4,"epi-de","epi",4,0,0,1,"verde","epide"
857,"ri","ri-fi","fi",4,61,"ri-seste","seste",2,59,3,1,"verifica","verisesteca"
321,"ve","ve-st","st",1,1,"na-st","na",1,0,0,1,"vest","nast"
841,"ve","ve-ve","ve",4,12,"ve-chiul","chiul",2,10,3,1,"veveriţă","vechiulriţă"
800,"first_blank","first_blank-vic","vic",3,27,"first_blank-scor","scor",27,0,1,1,"victimă","scortimă"
400,"first_blank","first_blank-vic","vic",3,27,"first_blank-agen","agen",27,0,1,1,"victorie","agentorie"
939,"er","er-me","me",3,4,"adul-me","adul",5,1,2,1,"vierme","viadulme"
506,"i","i-tor","tor",3,32,"i-nici","nici",4,28,1,1,"viitor","viinici"
471,"vi","vi-n","n",1,1,"ig-n","ig",1,0,0,1,"vin","ign"
450,"vi","vi-rus","rus",2,3,"vi-cle","cle",3,0,0,1,"virus","vicle"
898,"vo","vo-ce","ce",2,4,"par-ce","par",4,0,1,1,"voce","parce"
827,"lun","lun-tar","tar",3,2,"lun-gesc","gesc",2,0,1,1,"voluntar","volungesc"
435,"first_blank","first_blank-vor","vor",2,67,"first_blank-eva","eva",67,0,0,1,"vorbi","evabi"
865,"first_blank","first_blank-vor","vor",3,67,"first_blank-elec","elec",65,2,1,1,"vorbire","elecbire"
621,"first_blank","first_blank-vul","vul",2,47,"first_blank-băr","băr",47,0,0,1,"vulpe","bărpe"
537,"gton","gton-last_blank","last_blank",3,29,"cări-last_blank","cări",29,0,0,1,"washington","washincări"
316,"first_blank","first_blank-whis","whis",2,10,"first_blank-ilus","ilus",10,0,0,1,"whisky","ilusky"
721,"yo","yo-ga","ga",2,2,"rin-ga","rin",2,0,1,1,"yoga","ringa"
648,"hăr","hăr-last_blank","last_blank",2,2,"wai-last_blank","wai",2,0,0,1,"zahăr","zawai"
417,"bet","bet-last_blank","last_blank",2,14,"mas-last_blank","mas",14,0,0,1,"zâmbet","zâmmas"
261,"first_blank","first_blank-zgâri","zgâri",4,10,"first_blank-răsfă","răsfă",10,0,0,1,"zgârietură","răsfăetură"
376,"first_blank","first_blank-zgo","zgo",2,11,"first_blank-plã","plã",11,0,0,1,"zgomot","plãmot"
657,"first_blank","first_blank-zil","zil",2,4,"first_blank-găr","găr",4,0,0,1,"zilnic","gărnic"
535,"first_blank","first_blank-zom","zom",2,6,"first_blank-vis","vis",6,0,0,1,"zombie","visbie"
630,"zo","zo-nă","nă",2,1,"cea-nă","cea",1,0,1,1,"zonă","ceană"
