"word_id","first","original_pair","second","syll","original_freq","replacement_pair","replacement_syll","replacement_freq","freq_diff","char_diff","letter_diff","original_word","replacement_word"
24,"ecia","ecia-last_blank","last_blank",3,1,"prus-last_blank","prus",1,0,0,1,"a aprecia","a aprprus"
81,"age","age-last_blank","last_blank",3,1,"ombs-last_blank","ombs",1,0,1,1,"a atrage","a atrombs"
222,"first_blank","first_blank-a co","a co",3,1,"first_blank-spil","spil",1,0,0,1,"a confirma","spilnfirma"
7,"first_blank","first_blank-a d","a d",3,1,"first_blank-dhan","dhan",1,0,1,1,"a desena","dhanesena"
759,"ege","ege-last_blank","last_blank",4,1,"slist-last_blank","slist",1,0,2,1,"a intelege","a intelslist"
889,"first_blank","first_blank-a ","a ",1,1,"first_blank-bd","bd",1,0,0,1,"a muri","bdmuri"
398,"stra","stra-last_blank","last_blank",2,1,"soni-last_blank","soni",1,0,0,1,"a pastra","a pasoni"
461,"eda","eda-last_blank","last_blank",2,1,"ppu-last_blank","ppu",1,0,0,1,"a preda","a prppu"
371,"egati","egati-last_blank","last_blank",2,1,"netti-last_blank","netti",1,0,0,1,"a pregati","a prnetti"
457,"une","une-last_blank","last_blank",2,1,"rís-last_blank","rís",1,0,0,1,"a pune","a prís"
995,"first_blank","first_blank-a r","a r",2,1,"first_blank-kum","kum",1,0,0,1,"a rade","kumade"
21,"usi","usi-last_blank","last_blank",3,1,"wnya-last_blank","wnya",1,0,1,1,"a reusi","a rewnya"
784,"sta","sta-last_blank","last_blank",3,7,"mers-last_blank","mers",7,0,1,1,"a rezista","a rezimers"
12,"first_blank","first_blank-a ","a ",1,1,"first_blank-ľi","ľi",1,0,0,1,"a sari","ľisari"
802,"ăia","ăia-last_blank","last_blank",2,1,"guy-last_blank","guy",1,0,0,1,"a tăia","a tguy"
914,"ura","ura-last_blank","last_blank",3,1,"gesh-last_blank","gesh",1,0,1,1,"a zbura","a zbgesh"
655,"don","don-last_blank","last_blank",2,41,"ght-last_blank","ght",41,0,0,1,"abandon","abanght"
867,"mi","mi-nal","nal",4,6,"mi-siuni","siuni",3,3,2,1,"abdominal","abdomisiuni"
151,"first_blank","first_blank-abi","abi",4,21,"first_blank-stran","stran",22,1,2,1,"abilitate","stranlitate"
614,"first_blank","first_blank-abor","abor",3,17,"first_blank-chan","chan",17,0,0,1,"abordare","chandare"
708,"ab","ab-sen","sen",3,5,"ab-bott","bott",1,4,1,1,"absența","abbottța"
283,"vent","vent-last_blank","last_blank",3,9,"niți-last_blank","niți",9,0,0,1,"absolvent","absolniți"
786,"surd","surd-last_blank","last_blank",2,1,"gled-last_blank","gled",1,0,0,1,"absurd","abgled"
986,"cent","cent-last_blank","last_blank",2,17,"nind-last_blank","nind",17,0,0,1,"accent","acnind"
769,"cept","cept-last_blank","last_blank",2,3,"clin-last_blank","clin",3,0,0,1,"accept","acclin"
429,"dent","dent-last_blank","last_blank",3,29,"cări-last_blank","cări",29,0,0,1,"accident","accicări"
170,"ac","ac-ea","ea",1,2,"ac-hi","hi",2,0,0,1,"acea","achi"
35,"first_blank","first_blank-aco","aco",2,56,"first_blank-mas","mas",56,0,0,1,"acolo","maslo"
232,"or","or-d","d",1,3,"hu-d","hu",3,0,0,1,"acord","achud"
377,"ac","ac-t","t",1,2,"zi-t","zi",2,0,0,1,"act","zit"
930,"vati","vati-last_blank","last_blank",3,16,"zesc-last_blank","zesc",16,0,0,1,"activati","actizesc"
17,"ac","ac-ti","ti",5,65,"poftes-ti","poftes",1,64,4,1,"activitate","poftestivitate"
87,"ac","ac-tor","tor",2,2,"ac-ția","ția",1,1,0,1,"actor","acția"
681,"first_blank","first_blank-acu","acu",3,76,"first_blank-prin","prin",79,3,1,1,"acuzare","prinzare"
768,"first_blank","first_blank-adă","adă",2,32,"first_blank-lip","lip",32,0,0,1,"adăpost","lippost"
896,"adi","adi-ţio","ţio",3,2,"adi-dași","dași",1,1,1,1,"adiţional","adidașinal"
526,"tiv","tiv-last_blank","last_blank",5,117,"denţei-last_blank","denţei",5,112,3,1,"administrativ","administradenţei"
27,"cent","cent-last_blank","last_blank",3,17,"nian-last_blank","nian",17,0,0,1,"adolescent","adolesnian"
399,"first_blank","first_blank-adre","adre",4,24,"first_blank-desfă","desfă",25,1,1,1,"adrenalina","desfănalina"
201,"first_blank","first_blank-adu","adu",2,57,"first_blank-fil","fil",57,0,0,1,"aduna","filna"
300,"sar","sar-last_blank","last_blank",3,23,"dezi-last_blank","dezi",23,0,1,1,"adversar","adverdezi"
916,"ro","ro-port","port",3,1,"ro-seas","seas",1,0,0,1,"aeroport","aeroseas"
433,"first_blank","first_blank-afa","afa",2,17,"first_blank-smo","smo",17,0,0,1,"afaceri","smoceri"
210,"first_blank","first_blank-afir","afir",3,20,"first_blank-otră","otră",20,0,0,1,"afirmație","otrămație"
345,"first_blank","first_blank-ag","ag",1,38,"first_blank-oa","oa",38,0,0,1,"agenţie","oaenţie"
442,"agi","agi-tat","tat",2,1,"tac-tat","tac",1,0,0,1,"agitat","tactat"
39,"ulea","ulea-last_blank","last_blank",4,1,"drati-last_blank","drati",1,0,1,1,"al patrulea","al patrdrati"
47,"first_blank","first_blank-alar","alar",2,17,"first_blank-chan","chan",17,0,0,1,"alarma","chanma"
536,"tru","tru-last_blank","last_blank",3,73,"cati-last_blank","cati",73,0,1,1,"albastru","albascati"
205,"al","al-ee","ee",1,1,"al-gi","gi",1,0,0,1,"alee","algi"
148,"first_blank","first_blank-ale","ale",3,57,"first_blank-fran","fran",55,2,1,1,"alegător","frangător"
143,"first_blank","first_blank-ale","ale",2,57,"first_blank-tor","tor",57,0,0,1,"alegeri","torgeri"
117,"fa","fa-last_blank","last_blank",2,48,"lin-last_blank","lin",48,0,1,1,"alfa","allin"
578,"ali","ali-bi","bi",2,3,"lum-bi","lum",3,0,0,1,"alibi","lumbi"
31,"first_blank","first_blank-ame","ame",3,103,"first_blank-pros","pros",101,2,1,1,"america","prosrica"
208,"tec","tec-last_blank","last_blank",2,14,"row-last_blank","row",14,0,0,1,"amestec","amesrow"
556,"first_blank","first_blank-ami","ami",3,42,"first_blank-chel","chel",42,0,1,1,"amiază","chelază"
26,"pren","pren-tă","tă",3,1,"inal-tă","inal",1,0,0,1,"amprentă","aminaltă"
870,"first_blank","first_blank-amu","amu",2,22,"first_blank-lun","lun",22,0,0,1,"amuzant","lunzant"
86,"first_blank","first_blank-ana","ana",3,65,"first_blank-elec","elec",65,0,1,1,"analiză","elecliză"
336,"mal","mal-last_blank","last_blank",2,19,"ppy-last_blank","ppy",19,0,0,1,"animal","anippy"
559,"pre","pre-nor","nor",4,1,"pre-plăti","plăti",1,0,2,1,"antreprenor","antrepreplăti"
728,"first_blank","first_blank-apă","apă",2,52,"first_blank-câr","câr",52,0,0,1,"apăra","cârra"
163,"apar","apar-ta","ta",3,6,"echi-ta","echi",6,0,0,1,"apartament","echitament"
664,"apro","apro-ba","ba",3,7,"trea-ba","trea",3,4,0,1,"aprobare","treabare"
660,"ares","ares-ta","ta",3,9,"ploa-ta","ploa",9,0,0,1,"arestare","ploatare"
262,"gint","gint-last_blank","last_blank",2,1,"noît-last_blank","noît",1,0,0,1,"argint","arnoît"
440,"tect","tect-last_blank","last_blank",3,2,"giți-last_blank","giți",2,0,0,1,"arhitect","arhigiți"
676,"mă","mă-last_blank","last_blank",2,168,"ria-last_blank","ria",168,0,1,1,"armă","arria"
489,"ar","ar-ma","ma",3,25,"exhu-ma","exhu",3,22,2,1,"armată","exhumată"
302,"mo","mo-nie","nie",3,2,"mo-lari","lari",2,0,1,1,"armonie","armolari"
71,"ar","ar-mu","mu",3,7,"ar-ding","ding",2,5,2,1,"armură","ardingră"
407,"first_blank","first_blank-aro","aro",2,19,"first_blank-ita","ita",19,0,0,1,"aroganţă","itaganţă"
975,"ar","ar-te","te",3,23,"bles-te","bles",20,3,2,1,"arteră","blesteră"
589,"ci","ci-al","al",5,14,"montre-al","montre",1,13,4,1,"artificial","artifimontreal"
169,"le","le-rie","rie",4,5,"le-gămân","gămân",2,3,2,1,"artilerie","artilegămân"
549,"asa","asa-sin","sin",2,1,"mes-sin","mes",1,0,0,1,"asasin","messin"
16,"cun","cun-de","de",3,6,"pier-de","pier",6,0,1,1,"ascunde","aspierde"
37,"asis","asis-ta","ta",2,5,"spon-ta","spon",5,0,0,2,"asista","sponta"
826,"tent","tent-last_blank","last_blank",2,18,"besc-last_blank","besc",18,0,0,1,"asistent","asisbesc"
10,"tenţă","tenţă-last_blank","last_blank",2,10,"cieni-last_blank","cieni",10,0,0,2,"asistenţă","asiscieni"
78,"tep","tep-ta","ta",3,36,"plan-ta","plan",21,15,1,1,"aştepta","aşplanta"
462,"at","at-ac","ac",1,2,"at-âr","âr",2,0,0,1,"atac","atâr"
980,"first_blank","first_blank-ata","ata",3,66,"first_blank-elec","elec",65,1,1,1,"atacator","eleccator"
425,"care","care-last_blank","last_blank",6,1,"ționând-last_blank","ționând",1,0,3,1,"atentat, încercare","atentat, încerționând"
630,"first_blank","first_blank-ati","ati",4,13,"first_blank-preşe","preşe",14,1,2,1,"atitudine","preşetudine"
645,"first_blank","first_blank-atlan","atlan",2,10,"first_blank-zgâri","zgâri",10,0,0,3,"atlantic","zgâritic"
545,"mosfe","mosfe-ra","ra",3,1,"broşu-ra","broşu",1,0,0,2,"atmosfera","atbroşura"
929,"buz","buz-last_blank","last_blank",2,2,"loh-last_blank","loh",2,0,0,1,"autobuz","autoloh"
476,"au","au-to","to",5,48,"au-dienţe","dienţe",2,46,4,1,"autoritate","audienţeritate"
295,"first_blank","first_blank-autos","autos",3,13,"first_blank-aprin","aprin",13,0,0,1,"autostradă","aprintradă"
76,"zi","zi-last_blank","last_blank",1,56,"ru-last_blank","ru",55,1,0,1,"auzi","auru"
329,"i","i-at","at",3,4,"i-nici","nici",4,0,2,1,"băiat","băinici"
299,"ba","ba-ie","ie",2,8,"cre-ie","cre",8,0,1,1,"baie","creie"
98,"ba","ba-ni","ni",1,3,"ba-lă","lă",3,0,0,1,"bani","bală"
198,"ba","ba-r","r",1,4,"we-r","we",4,0,0,1,"bar","wer"
652,"bar","bar-bă","bă",2,2,"zâm-bă","zâm",2,0,0,1,"barbă","zâmbă"
885,"bar","bar-că","că",2,4,"ori-că","ori",4,0,0,1,"barcă","orică"
873,"se","se-ba","ba",4,4,"se-cinţe","cinţe",3,1,3,1,"baseball","basecinţell"
771,"li","li-on","on",4,18,"li-nisti","nisti",2,16,3,1,"batalion","batalinisti"
650,"ba","ba-tis","tis",3,4,"ba-nezi","nezi",2,2,1,1,"batistă","banezită"
898,"first_blank","first_blank-bat","bat",2,8,"first_blank-oma","oma",8,0,0,1,"batman","omaman"
70,"first_blank","first_blank-bat","bat",4,8,"first_blank-conţi","conţi",8,0,2,1,"battlefield","conţitlefield"
855,"be","be-at","at",2,3,"be-nig","nig",3,0,1,1,"beat","benig"
103,"be","be-re","re",2,17,"şoa-re","şoa",16,1,1,1,"bere","şoare"
278,"te","te-rie","rie",4,13,"te-neşti","neşti",3,10,2,1,"bijuterie","bijuteneşti"
182,"gic","gic-last_blank","last_blank",4,34,"teşti-last_blank","teşti",33,1,2,1,"biologic","bioloteşti"
183,"gie","gie-last_blank","last_blank",4,67,"neşti-last_blank","neşti",42,25,2,1,"biologie","bioloneşti"
111,"rou","rou-last_blank","last_blank",2,4,"nua-last_blank","nua",4,0,0,1,"birou","binua"
570,"bl","bl-ân","ân",1,2,"bl-ai","ai",2,0,0,1,"blând","blaid"
386,"first_blank","first_blank-boa","boa",2,4,"first_blank-zme","zme",4,0,0,1,"boală","zmelă"
812,"bo","bo-gat","gat",2,1,"bo-rim","rim",1,0,0,1,"bogat","borim"
212,"ga","ga-tie","tie",3,5,"ga-ment","ment",2,3,1,1,"bogatie","bogament"
115,"nav","nav-last_blank","last_blank",2,4,"tăi-last_blank","tăi",4,0,0,1,"bolnav","boltăi"
991,"bos","bos-ton","ton",2,1,"zel-ton","zel",1,0,0,1,"boston","zelton"
647,"brân","brân-ză","ză",2,1,"frea-ză","frea",1,0,0,1,"brânză","frează"
525,"aţ","aţ-last_blank","last_blank",1,1,"șc-last_blank","șc",1,0,0,1,"braţ","brșc"
546,"first_blank","first_blank-broas","broas",6,5,"first_blank-atenţio","atenţio",3,2,2,1,"broasca testoasa","atenţioca testoasa"
356,"bu","bu-ca","ca",3,19,"seas-ca","seas",18,1,2,1,"bucată","seascată"
121,"că","că-tar","tar",3,1,"că-rând","rând",1,0,1,1,"bucătar","bucărând"
677,"cu","cu-rie","rie",3,3,"cu-lezi","lezi",3,0,1,1,"bucurie","buculezi"
542,"bac","bac-last_blank","last_blank",3,3,"plez-last_blank","plez",3,0,1,1,"bumbac","bumplez"
126,"bu","bu-ni","ni",3,41,"odih-ni","odih",5,36,2,1,"bunica","odihnica"
216,"bicei","bicei-last_blank","last_blank",5,1,"strans-last_blank","strans",1,0,1,1,"ca de obicei","ca de ostrans"
237,"vru","vru-last_blank","last_blank",3,2,"thya-last_blank","thya",2,0,1,1,"cadavru","cadathya"
214,"dou","dou-last_blank","last_blank",2,2,"irt-last_blank","irt",2,0,0,1,"cadou","cairt"
171,"fea","fea-last_blank","last_blank",2,2,"tah-last_blank","tah",2,0,0,1,"cafea","catah"
516,"ca","ca-l","l",1,38,"bu-l","bu",32,6,0,1,"cal","bul"
615,"cu","cu-lati","lati",3,1,"cu-tler","tler",1,0,0,1,"calculati","calcutler"
857,"la","la-tor","tor",4,21,"la-driel","driel",1,20,2,1,"calculator","calculadriel"
928,"ca","ca-le","le",2,33,"ca-tor","tor",38,5,1,1,"cale","cator"
150,"ca","ca-li","li",4,107,"mongo-li","mongo",2,105,3,1,"calitate","mongolitate"
498,"lm","lm-last_blank","last_blank",1,10,"ob-last_blank","ob",10,0,0,1,"calm","caob"
467,"mion","mion-last_blank","last_blank",2,3,"clin-last_blank","clin",3,0,0,1,"camion","caclin"
670,"first_blank","first_blank-cam","cam",2,57,"first_blank-bru","bru",57,0,0,1,"camping","bruping"
219,"o","o-nat","nat",4,2,"o-ffrey","ffrey",1,1,2,1,"campionat","campioffrey"
935,"cer","cer-last_blank","last_blank",2,20,"vie-last_blank","vie",20,0,0,1,"cancer","canvie"
42,"tec","tec-last_blank","last_blank",2,14,"vim-last_blank","vim",14,0,0,1,"cântec","cânvim"
893,"can","can-ti","ti",4,14,"obiec-ti","obiec",10,4,2,1,"cantitate","obiectitate"
622,"pac","pac-last_blank","last_blank",2,5,"von-last_blank","von",5,0,0,1,"capac","cavon"
112,"pe","pe-lă","lă",3,1,"pe-rați","rați",1,0,2,1,"capelă","caperați"
55,"ta","ta-lism","lism",4,2,"ta-ggert","ggert",2,0,1,1,"capitalism","capitaggert"
207,"tan","tan-last_blank","last_blank",3,59,"suri-last_blank","suri",60,1,1,1,"căpitan","căpisuri"
94,"first_blank","first_blank-căp","căp",3,12,"first_blank-esen","esen",12,0,1,1,"căpșună","esenșună"
67,"first_blank","first_blank-cap","cap",3,69,"first_blank-auto","auto",73,4,1,1,"captură","autotură"
308,"di","di-nal","nal",3,1,"di-gest","gest",1,0,1,1,"cardinal","cardigest"
815,"first_blank","first_blank-car","car",2,247,"first_blank-dez","dez",247,0,0,1,"cargo","dezgo"
695,"car","car-ne","ne",2,7,"nie-ne","nie",7,0,0,1,"carne","niene"
107,"car","car-te","te",2,12,"beş-te","beş",12,0,0,1,"carte","beşte"
515,"car","car-tel","tel",2,1,"car-pie","pie",1,0,0,1,"cartel","carpie"
286,"to","to-rie","rie",4,50,"to-ceşti","ceşti",1,49,2,1,"căsătorie","căsătoceşti"
852,"to","to-rit","rit",4,12,"to-pless","pless",1,11,2,1,"căsătorit","căsătopless"
649,"cas","cas-tel","tel",2,1,"ţin-tel","ţin",1,0,0,1,"castel","ţintel"
672,"first_blank","first_blank-câş","câş",4,30,"first_blank-obiec","obiec",28,2,2,1,"câştigător","obiectigător"
579,"u","u-ză","ză",3,7,"u-resc","resc",3,4,2,1,"cauză","cauresc"
959,"first_blank","first_blank-cea","cea",2,39,"first_blank-pas","pas",39,0,0,1,"ceapă","paspă"
943,"ce","ce-as","as",1,1,"ce-să","să",1,0,0,1,"ceas","cesă"
610,"first_blank","first_blank-cea","cea",2,39,"first_blank-vir","vir",39,0,0,1,"ceaţă","virţă"
557,"me","me-tru","tru",4,12,"me-neşti","neşti",3,9,2,1,"centimetru","centimeneşti"
455,"first_blank","first_blank-ce","ce",2,336,"first_blank-pri","pri",297,39,1,1,"cere","prire"
243,"re","re-bral","bral",3,1,"re-sezi","sezi",1,0,0,1,"cerebral","ceresezi"
791,"re","re-mo","mo",5,16,"re-vanşat","vanşat",1,15,4,1,"ceremonie","cerevanşatnie"
178,"re","re-re","re",3,4,"re-tlic","tlic",3,1,2,1,"cerere","ceretlic"
174,"ce","ce-resc","resc",2,3,"ce-peti","peti",3,0,0,1,"ceresc","cepeti"
604,"ce","ce-va","va",2,4,"ce-les","les",4,0,1,1,"ceva","celes"
181,"first_blank","first_blank-chel","chel",4,42,"first_blank-domni","domni",36,6,1,1,"chelneriţă","domnineriţă"
428,"chi","chi-rie","rie",2,1,"bra-rie","bra",1,0,0,1,"chirie","brarie"
669,"chi","chi-ta","ta",3,12,"aten-ta","aten",10,2,1,1,"chitară","atentară"
921,"first_blank","first_blank-chiu","chiu",3,9,"first_blank-frag","frag",9,0,0,1,"chiuvetă","fragvetă"
906,"ca","ca-tri","tri",4,7,"ca-denţa","denţa",1,6,2,1,"cicatrice","cicadenţace"
576,"tir","tir-last_blank","last_blank",3,4,"peam-last_blank","peam",4,0,1,1,"cimitir","cimipeam"
584,"ci","ci-nic","nic",2,1,"ci-ați","ați",1,0,0,1,"cinic","ciați"
102,"can","can-last_blank","last_blank",2,31,"tui-last_blank","tui",31,0,0,1,"ciocan","ciotui"
994,"cio","cio-co","co",4,8,"grand-co","grand",1,7,2,1,"ciocolată","grandcolată"
381,"ci","ci-rc","rc",1,1,"ci-up","up",1,0,0,1,"circ","ciup"
598,"ciu","ciu-dat","dat",2,1,"pon-dat","pon",1,0,0,1,"ciudat","pondat"
249,"ţie","ţie-last_blank","last_blank",5,228,"stanţă-last_blank","stanţă",3,225,3,1,"civilizaţie","civilizastanţă"
938,"first_blank","first_blank-clă","clă",3,21,"first_blank-trau","trau",21,0,1,1,"clădire","traudire"
920,"cla","cla-sic","sic",2,1,"cla-mei","mei",1,0,0,1,"clasic","clamei"
743,"ent","ent-last_blank","last_blank",2,14,"lah-last_blank","lah",14,0,0,1,"client","clilah"
871,"cli","cli-ni","ni",3,6,"izgo-ni","izgo",5,1,1,1,"clinica","izgonica"
678,"coas","coas-ta","ta",2,1,"fals-ta","fals",1,0,0,1,"coasta","falsta"
922,"laps","laps-last_blank","last_blank",2,1,"dame-last_blank","dame",1,0,0,1,"colaps","codame"
435,"li","li-er","er",3,14,"li-tati","tati",11,3,2,1,"colier","colitati"
374,"nel","nel-last_blank","last_blank",3,20,"cand-last_blank","cand",20,0,1,1,"colonel","colocand"
372,"bus","bus-ti","ti",4,6,"atlan-ti","atlan",7,1,2,1,"combustibil","comatlantibil"
292,"me","me-die","die",3,3,"me-neas","neas",3,0,1,1,"comedie","comeneas"
209,"ci","ci-ant","ant",4,1,"ci-clezi","clezi",1,0,2,1,"comerciant","comerciclezi"
446,"mi","mi-sar","sar",3,1,"mi-tivi","tivi",1,0,1,1,"comisar","comitivi"
211,"tet","tet-last_blank","last_blank",3,9,"sini-last_blank","sini",9,0,1,1,"comitet","comisini"
742,"pa","pa-siu","siu",4,7,"pa-cheţe","cheţe",2,5,2,1,"compasiune","compacheţene"
13,"plet","plet-last_blank","last_blank",2,2,"pâni-last_blank","pâni",2,0,0,1,"complet","compâni"
592,"re","re-last_blank","last_blank",5,2626,"re-vanşezi","vanşezi",1,2625,3,4,"comunicare","comunicarevanşezi"
751,"mu","mu-nist","nist",3,1,"mu-raii","raii",1,0,0,1,"comunist","comuraii"
856,"ni","ni-ta","ta",5,89,"dezvol-ta","dezvol",12,77,4,1,"comunitate","comudezvoltate"
270,"first_blank","first_blank-con","con",5,1397,"first_blank-dezmem","dezmem",13,1384,3,1,"concediere","dezmemcediere"
354,"cen","cen-tra","tra",5,22,"cen-denţii","denţii",1,21,3,1,"concentrați-vă","concendenţiițivă"
936,"cert","cert-last_blank","last_blank",2,2,"lear-last_blank","lear",2,0,0,1,"concert","conlear"
657,"r auto","r auto-last_blank","last_blank",5,1,"troşoc-last_blank","troşoc",1,0,0,1,"conducător auto","conducătotroşoc"
6,"xiu","xiu-ne","ne",4,1,"johan-ne","johan",1,0,2,1,"conexiune","conejohanne"
713,"te","te-last_blank","last_blank",8,3413,"te-bracci","bracci",1,3412,4,1,"confidențialitate","confidențialitatebracci"
395,"zie","zie-last_blank","last_blank",3,57,"tari-last_blank","tari",56,1,1,1,"confuzie","confutari"
795,"iac","iac-last_blank","last_blank",3,11,"ghie-last_blank","ghie",11,0,1,1,"coniac","conghie"
488,"tu","tu-ţie","ţie",4,3,"tu-reşti","reşti",1,2,2,1,"constituţie","constitureşti"
228,"strui","strui-last_blank","last_blank",2,3,"trund-last_blank","trund",3,0,0,1,"construi","contrund"
100,"con","con-te","te",3,13,"stra-te","stra",11,2,1,1,"contesă","stratesă"
231,"ti","ti-nua","nua",3,1,"ti-rani","rani",1,0,1,1,"continua","contirani"
230,"first_blank","first_blank-conţi","conţi",2,8,"first_blank-monte","monte",8,0,0,1,"conţinut","montenut"
632,"trar","trar-last_blank","last_blank",2,2,"pret-last_blank","pret",2,0,0,1,"contrar","conpret"
934,"pac","pac-last_blank","last_blank",2,5,"cro-last_blank","cro",5,0,0,1,"copac","cocro"
637,"co","co-pie","pie",2,2,"co-voa","voa",2,0,0,1,"copie","covoa"
105,"pil","pil-last_blank","last_blank",2,1,"arh-last_blank","arh",1,0,0,1,"copil","coarh"
919,"rie","rie-last_blank","last_blank",4,221,"neşti-last_blank","neşti",42,179,2,1,"copilărie","copilăneşti"
382,"rect","rect-last_blank","last_blank",2,5,"keri-last_blank","keri",5,0,0,1,"corect","cokeri"
213,"first_blank","first_blank-cor","cor",4,137,"first_blank-trans","trans",129,8,2,1,"corporație","transporație"
688,"co","co-vor","vor",2,1,"co-set","set",1,0,0,1,"covor","coset"
794,"boy","boy-last_blank","last_blank",2,7,"ppe-last_blank","ppe",7,0,0,1,"cowboy","cowppe"
638,"first_blank","first_blank-cra","cra",2,67,"first_blank-mus","mus",67,0,0,1,"craniu","musniu"
487,"cra","cra-va","va",3,4,"nico-va","nico",2,2,1,1,"cravată","nicovată"
410,"first_blank","first_blank-cre","cre",6,246,"first_blank-nemţoai","nemţoai",2,244,4,1,"creativitate","nemţoaiativitate"
574,"cre","cre-a","a",4,52,"denţi-a","denţi",11,41,2,1,"creatură","denţiatură"
431,"first_blank","first_blank-cr","cr",1,78,"first_blank-şo","şo",78,0,0,1,"cred","şoed"
504,"cios","cios-last_blank","last_blank",3,26,"zati-last_blank","zati",26,0,0,1,"credincios","credinzati"
866,"dinţă","dinţă-last_blank","last_blank",2,5,"genţi-last_blank","genţi",5,0,0,1,"credinţă","cregenţi"
167,"ş","ş-tin","tin",3,1,"ş-cări","cări",2,1,1,1,"creştin","creşcări"
644,"cri","cri-mă","mă",2,2,"hăr-mă","hăr",2,0,0,1,"crimă","hărmă"
942,"mi","mi-nal","nal",3,6,"mi-teţi","teţi",6,0,1,1,"criminal","crimiteţi"
854,"cri","cri-ză","ză",2,1,"ido-ză","ido",1,0,0,1,"criză","idoză"
120,"cr","cr-ud","ud",1,1,"cr-oa","oa",1,0,0,1,"crud","croa"
753,"cru","cru-zi","zi",3,3,"blân-zi","blân",3,0,1,1,"cruzime","blânzime"
879,"făr","făr-last_blank","last_blank",2,3,"nox-last_blank","nox",3,0,0,1,"cufăr","cunox"
969,"ră","ră-tor","tor",4,17,"ră-sești","sești",1,16,2,1,"cumpărător","cumpărăsești"
318,"tinţe","tinţe-last_blank","last_blank",3,2,"trebi-last_blank","trebi",2,0,0,1,"cunoştinţe","cunoştrebi"
251,"cup","cup-tor","tor",2,1,"jec-tor","jec",1,0,0,1,"cuptor","jector"
608,"jos","jos-last_blank","last_blank",3,4,"fred-last_blank","fred",4,0,1,1,"curajos","curafred"
732,"cur","cur-can","can",2,1,"cur-sor","sor",1,0,0,1,"curcan","cursor"
803,"cu","cu-ţit","ţit",2,2,"cu-bus","bus",2,0,0,1,"cuţit","cubus"
110,"first_blank","first_blank-da","da",1,344,"first_blank-gă","gă",124,220,0,1,"da","gă"
260,"ns","ns-last_blank","last_blank",1,37,"ol-last_blank","ol",37,0,0,1,"dans","daol"
780,"rie","rie-last_blank","last_blank",3,221,"tati-last_blank","tati",174,47,1,1,"datorie","datotati"
68,"wn","wn-last_blank","last_blank",2,13,"val-last_blank","val",13,0,1,1,"dawn","daval"
948,"e ori","e ori-last_blank","last_blank",4,1,"crând-last_blank","crând",1,0,0,1,"de multe ori","de multcrând"
420,"icei","icei-last_blank","last_blank",4,1,"towoc-last_blank","towoc",1,0,1,1,"de obicei","de obtowoc"
955,"nță","nță-last_blank","last_blank",4,1,"ritmi-last_blank","ritmi",1,0,2,1,"de urgență","de urgeritmi"
609,"brie","brie-last_blank","last_blank",3,5,"nţat-last_blank","nţat",5,0,0,1,"decembrie","decemnţat"
824,"niu","niu-last_blank","last_blank",3,21,"lati-last_blank","lati",21,0,1,1,"deceniu","decelati"
217,"ni","ni-ție","ție",4,2,"ni-towoc","towoc",1,1,2,1,"definiție","definitowoc"
267,"de","de-get","get",4,1,"de-prind","prind",1,0,2,1,"deget mare","deprind mare"
393,"li","li-cios","cios",3,1,"li-pari","pari",1,0,0,1,"delicios","delipari"
527,"first_blank","first_blank-dem","dem",4,11,"first_blank-atrac","atrac",11,0,2,1,"demnitate","atracnitate"
492,"mo","mo-cra","cra",4,21,"mo-meşti","meşti",1,20,2,1,"democraţie","demomeştiţie"
729,"stra","stra-ție","ție",4,1,"obiec-ție","obiec",1,0,1,1,"demonstrație","demonobiecție"
483,"par","par-te","te",3,24,"bles-te","bles",20,4,1,1,"departe","debleste"
379,"plin","plin-last_blank","last_blank",2,4,"drii-last_blank","drii",4,0,0,1,"deplin","dedrii"
882,"sie","sie-last_blank","last_blank",3,66,"tesc-last_blank","tesc",66,0,1,1,"depresie","depretesc"
720,"first_blank","first_blank-des","des",4,382,"first_blank-schim","schim",44,338,2,1,"descriere","schimcriere"
642,"pre","pre-last_blank","last_blank",2,6,"ing-last_blank","ing",6,0,0,1,"despre","desing"
331,"tin","tin-last_blank","last_blank",2,51,"rez-last_blank","rez",51,0,0,1,"destin","desrez"
33,"tec","tec-tiv","tiv",3,2,"spor-tiv","spor",1,1,1,1,"detectiv","desportiv"
253,"de","de-ter","ter",5,23,"de-clanşa","clanşa",10,13,3,1,"determinare","declanşaminare"
337,"ta","ta-ment","ment",4,7,"ta-clism","clism",1,6,1,1,"devotament","devotaclism"
899,"dez","dez-a","a",5,64,"stanţi-a","stanţi",3,61,3,1,"dezamăgire","stanţiamăgire"
583,"gus","gus-tă","tă",4,11,"dreap-tă","dreap",4,7,2,1,"dezgustător","dezdreaptător"
722,"first_blank","first_blank-dezvol","dezvol",3,21,"first_blank-emoţio","emoţio",14,7,0,3,"dezvoltare","emoţiotare"
439,"vol","vol-last_blank","last_blank",3,4,"runt-last_blank","runt",4,0,1,1,"diavol","diarunt"
849,"rit","rit-last_blank","last_blank",3,117,"tezi-last_blank","tezi",116,1,1,1,"diferit","difetezi"
521,"nea","nea-ţă","ţă",4,2,"domni-ţă","domni",1,1,2,1,"dimineaţă","dimidomniţă"
904,"first_blank","first_blank-din","din",2,25,"first_blank-ano","ano",25,0,0,1,"din timp","ano timp"
705,"na","na-mi","mi",4,15,"mulţu-mi","mulţu",16,1,3,1,"dinamită","dimulţumită"
673,"di","di-ng","ng",1,1,"di-ff","ff",1,0,0,1,"ding","diff"
949,"first_blank","first_blank-din","din",2,25,"first_blank-ira","ira",25,0,0,1,"dinte","irate"
284,"rect","rect-last_blank","last_blank",2,5,"post-last_blank","post",5,0,0,1,"direct","dipost"
719,"rec","rec-tor","tor",3,3,"opri-tor","opri",1,2,1,1,"director","diopritor"
234,"cu","cu-ţie","ţie",3,4,"cu-loşi","loşi",3,1,1,1,"discuţie","disculoşi"
571,"ri","ri-ție","ție",4,2,"ri-seşti","seşti",1,1,2,1,"dispariție","dispariseşti"
189,"zi","zi-tiv","tiv",4,3,"zi-canţi","canţi",1,2,2,1,"dispozitiv","dispozicanţi"
223,"dis","dis-pu","pu",3,22,"scru-pu","scru",3,19,1,1,"disputa","scruputa"
472,"trict","trict-last_blank","last_blank",2,1,"saint-last_blank","saint",1,0,0,1,"district","dissaint"
241,"tru","tru-ge","ge",4,9,"câști-ge","câști",1,8,2,1,"distrugere","discâștigere"
298,"di","di-vin","vin",2,1,"di-tam","tam",1,0,0,1,"divin","ditam"
950,"vi","vi-zia","zia",3,3,"vi-tati","tati",3,0,1,1,"divizia","divitati"
324,"do","do-last_blank","last_blank",1,123,"ță-last_blank","ță",120,3,0,1,"do","ță"
506,"first_blank","first_blank-doam","doam",2,10,"first_blank-inal","inal",10,0,0,1,"doamnă","inalnă"
186,"doc","doc-tor","tor",2,1,"rcă-tor","rcă",1,0,0,1,"doctor","rcător"
346,"cu","cu-ment","ment",3,1,"cu-loși","loși",1,0,0,1,"document","doculoși"
500,"do","do-lar","lar",2,2,"do-nia","nia",2,0,0,1,"dolar","donia"
160,"do","do-na","na",3,64,"atâr-na","atâr",4,60,2,1,"donare","atârnare"
288,"ri","ri-last_blank","last_blank",1,104,"en-last_blank","en",103,1,0,1,"dori","doen"
624,"do","do-rm","rm",1,2,"do-gs","gs",2,0,0,1,"dormi","dogsi"
142,"mi","mi-tor","tor",3,7,"mi-nati","nati",7,0,1,1,"dormitor","dorminati"
290,"do","do-va","va",3,6,"echi-va","echi",6,0,2,1,"dovada","echivada"
953,"gos","gos-te","te",3,1,"odet-te","odet",1,0,1,1,"dragoste","draodette"
297,"guţ","guţ-last_blank","last_blank",2,3,"mân-last_blank","mân",3,0,0,1,"drăguţ","drămân"
132,"lap","lap-last_blank","last_blank",2,2,"gly-last_blank","gly",2,0,0,1,"dulap","dugly"
805,"du","du-mi","mi",4,8,"du-leţul","leţul",1,7,3,1,"duminică","duleţulnică"
890,"re","re-re","re",3,4,"re-tlic","tlic",3,1,2,1,"durere","duretlic"
799,"first_blank","first_blank-dus","dus",2,13,"first_blank-rot","rot",13,0,0,1,"dusty","rotty"
304,"first_blank","first_blank-echi","echi",2,62,"first_blank-elec","elec",65,3,0,1,"echipa","elecpa"
495,"first_blank","first_blank-echi","echi",2,62,"first_blank-înţe","înţe",61,1,0,2,"echipă","înţepă"
806,"first_blank","first_blank-edu","edu",3,34,"first_blank-stre","stre",34,0,1,1,"educaţie","strecaţie"
437,"ec","ec-t","t",1,2,"ho-t","ho",2,0,0,1,"efect","efhot"
960,"efec","efec-tiv","tiv",2,1,"tric-tiv","tric",1,0,0,1,"efectiv","trictiv"
424,"ist","ist-last_blank","last_blank",2,4,"nţa-last_blank","nţa",4,0,0,1,"egoist","egonţa"
519,"tric","tric-last_blank","last_blank",2,13,"riți-last_blank","riți",13,0,0,1,"electric","elecriți"
18,"first_blank","first_blank-elec","elec",5,65,"first_blank-răzgân","răzgân",11,54,2,1,"electricitate","răzgântricitate"
481,"gant","gant-last_blank","last_blank",2,5,"gler-last_blank","gler",5,0,0,1,"elegant","elegler"
325,"first_blank","first_blank-ele","ele",2,41,"first_blank-ino","ino",41,0,0,1,"element","inoment"
53,"cop","cop-ter","ter",3,2,"shel-ter","shel",1,1,1,1,"elicopter","elishelter"
444,"first_blank","first_blank-eli","eli",3,88,"first_blank-stra","stra",91,3,1,1,"elimina","stramina"
548,"emoţio","emoţio-nal","nal",2,1,"porţio-nal","porţio",1,0,0,1,"emoţional","porţional"
739,"ener","ener-gie","gie",2,1,"ener-vân","vân",1,0,0,1,"energie","enervân"
192,"mie","mie-last_blank","last_blank",3,56,"tari-last_blank","tari",56,0,1,1,"epidemie","epidetari"
837,"sod","sod-last_blank","last_blank",2,1,"nzi-last_blank","nzi",1,0,0,1,"episod","epinzi"
636,"first_blank","first_blank-erec","erec",2,7,"first_blank-trăn","trăn",7,0,0,1,"erecție","trănție"
887,"first_blank","first_blank-eș","eș",1,3,"first_blank-tt","tt",3,0,0,1,"eșec","ttec"
978,"es","es-t","t",1,6,"şi-t","şi",6,0,0,1,"est","şit"
350,"eva","eva-da","da",3,7,"blin-da","blin",5,2,1,1,"evadare","blindare"
619,"eva","eva-lu","lu",4,13,"monte-lu","monte",1,12,2,1,"evaluare","monteluare"
334,"ni","ni-ment","ment",3,1,"ni-curi","curi",1,0,0,1,"eveniment","evenicuri"
196,"dent","dent-last_blank","last_blank",2,29,"team-last_blank","team",29,0,0,1,"evident","eviteam"
884,"first_blank","first_blank-exa","exa",3,45,"first_blank-chel","chel",42,3,1,1,"exagera","chelgera"
528,"ci","ci-tat","tat",3,13,"ci-pien","pien",5,8,1,1,"excitat","excipien"
32,"first_blank","first_blank-exe","exe",3,42,"first_blank-scri","scri",42,0,1,1,"execuţie","scricuţie"
703,"exer","exer-ci","ci",3,19,"prin-ci","prin",19,0,0,1,"exercițiu","princițiu"
465,"plo","plo-da","da",3,1,"thil-da","thil",1,0,1,1,"exploda","exthilda"
257,"plo","plo-zie","zie",3,2,"plo-turi","turi",1,1,1,1,"explozie","exploturi"
116,"ziv","ziv-last_blank","last_blank",3,6,"tham-last_blank","tham",6,0,1,1,"exploziv","explotham"
366,"zi","zi-ţie","ţie",4,13,"zi-ceati","ceati",1,12,2,1,"expoziţie","expoziceati"
273,"pres","pres-last_blank","last_blank",2,2,"peți-last_blank","peți",2,0,0,1,"expres","expeți"
451,"tern","tern-last_blank","last_blank",2,10,"tria-last_blank","tria",10,0,0,1,"extern","extria"
693,"mos","mos-last_blank","last_blank",2,17,"gal-last_blank","gal",17,0,0,1,"faimos","faigal"
177,"first_blank","first_blank-fă","fă",3,71,"first_blank-apro","apro",71,0,2,1,"făină","aproină"
327,"ls","ls-last_blank","last_blank",1,11,"py-last_blank","py",11,0,0,1,"fals","fapy"
195,"lie","lie-last_blank","last_blank",3,71,"nesc-last_blank","nesc",71,0,1,1,"familie","faminesc"
564,"tas","tas-tic","tic",3,2,"scep-tic","scep",1,1,1,1,"fantastic","fansceptic"
758,"te","te-zie","zie",3,1,"te-curi","curi",1,0,1,1,"fantezie","fantecuri"
593,"ere","ere-last_blank","last_blank",5,1,"vanţii-last_blank","vanţii",1,0,3,1,"fără putere","fără putvanţii"
460,"are","are-last_blank","last_blank",5,1,"gewood-last_blank","gewood",1,0,3,1,"fără valoare","fără valogewood"
166,"fu","fu-rie","rie",3,4,"fu-mand","mand",1,3,1,1,"farfurie","farfumand"
577,"fa","fa-tal","tal",2,1,"fa-rei","rei",1,0,0,1,"fatal","farei"
699,"fa","fa-x","x",1,1,"an-x","an",1,0,0,1,"fax","anx"
940,"bră","bră-last_blank","last_blank",2,13,"val-last_blank","val",13,0,0,1,"febră","feval"
204,"ra","ra-ţie","ţie",4,25,"ra-swati","swati",1,24,2,1,"federaţie","federaswati"
541,"me","me-ie","ie",3,3,"me-rang","rang",2,1,2,1,"femeie","femerang"
582,"ri","ri-cit","cit",3,2,"ri-nari","nari",2,0,1,1,"fericit","ferinari"
84,"fer","fer-me","me",4,16,"mulþi-me","mulþi",1,15,2,1,"fermecător","mulþimecător"
161,"val","val-last_blank","last_blank",3,13,"tric-last_blank","tric",13,0,1,1,"festival","festitric"
92,"fe","fe-te","te",2,5,"fe-lor","lor",5,0,1,1,"fete","felor"
787,"cat","cat-last_blank","last_blank",2,231,"ţie-last_blank","ţie",228,3,0,1,"ficat","fiţie"
697,"fi","fi-lm","lm",1,2,"fi-ru","ru",2,0,0,1,"film","firu"
342,"fi","fi-nal","nal",2,2,"fi-lie","lie",2,0,0,1,"final","filie"
842,"za","za-rea","rea",5,60,"za-tôichi","tôichi",1,59,3,1,"finalizarea","finalizatôichi"
95,"nan","nan-ci","ci",4,6,"flori-ci","flori",2,4,2,1,"financiar","fifloriciar"
343,"fi","fi-nan","nan",4,27,"fi-reşti","reşti",2,25,2,1,"finanțare","fireştițare"
122,"fi","fi-nan","nan",4,27,"fi-reşti","reşti",2,25,2,1,"finanțarea","fireştițarea"
340,"fi","fi-u","u",1,3,"nă-u","nă",3,0,0,1,"fiu","nău"
841,"fi","fi-zic","zic",2,2,"fi-lul","lul",2,0,0,1,"fizic","filul"
353,"fla","fla-că","că",3,2,"săzi-că","săzi",2,0,1,1,"flacără","săzicără"
682,"first_blank","first_blank-floa","floa",2,2,"first_blank-odra","odra",2,0,0,1,"floare","odrare"
591,"flo","flo-ta","ta",2,1,"tea-ta","tea",1,0,0,1,"flota","teata"
493,"ui","ui-d","d",1,4,"mu-d","mu",4,0,0,1,"fluid","flmud"
235,"ier","ier-last_blank","last_blank",2,12,"fan-last_blank","fan",12,0,0,1,"fluier","flufan"
618,"first_blank","first_blank-foa","foa",2,12,"first_blank-căp","căp",12,0,0,1,"foame","căpme"
322,"foar","foar-te","te",2,3,"flic-te","flic",3,0,0,1,"foarte","flicte"
738,"first_blank","first_blank-for","for",2,159,"first_blank-tre","tre",158,1,0,1,"forta","treta"
101,"tbal","tbal-last_blank","last_blank",2,1,"leam-last_blank","leam",1,0,0,1,"fotbal","foleam"
85,"graf","graf-last_blank","last_blank",3,15,"vers-last_blank","vers",15,0,0,1,"fotograf","fotovers"
411,"fie","fie-last_blank","last_blank",4,32,"teşti-last_blank","teşti",33,1,2,1,"fotografie","fotograteşti"
484,"first_blank","first_blank-frân","frân",2,13,"first_blank-trac","trac",13,0,0,1,"frânghie","tracghie"
628,"fra","fra-te","te",2,5,"beș-te","beș",5,0,0,1,"frate","bește"
227,"fra","fra-u","u",3,12,"nici-u","nici",3,9,1,1,"fraudă","niciudă"
280,"fra","fra-za","za",2,1,"opo-za","opo",1,0,0,1,"fraza","opoza"
387,"first_blank","first_blank-fri","fri",2,64,"first_blank-mer","mer",64,0,0,1,"frică","mercă"
529,"first_blank","first_blank-fruc","fruc",2,8,"first_blank-croa","croa",8,0,0,1,"fructe","croate"
359,"moa","moa-sa","sa",3,3,"prin-sa","prin",3,0,1,1,"frumoasa","fruprinsa"
328,"seţe","seţe-last_blank","last_blank",3,1,"tbal-last_blank","tbal",1,0,0,1,"frumuseţe","frumutbal"
767,"gar","gar-last_blank","last_blank",2,24,"tro-last_blank","tro",24,0,0,1,"fugar","futro"
629,"cţio","cţio-nal","nal",3,5,"tămâ-nal","tămâ",1,4,0,1,"funcţional","funtămânal"
252,"fu","fu-nd","nd",1,1,"yo-nd","yo",1,0,0,1,"fund","yond"
497,"culi","culi-ţă","ţă",3,4,"ghea-ţă","ghea",2,2,0,1,"furculiţă","furgheaţă"
363,"fu","fu-rie","rie",2,4,"fu-zat","zat",4,0,0,1,"furie","fuzat"
373,"ri","ri-os","os",3,12,"ri-zezi","zezi",8,4,2,1,"furios","furizezi"
41,"first_blank","first_blank-fur","fur",3,61,"first_blank-înţe","înţe",61,0,1,1,"furnică","înţenică"
666,"first_blank","first_blank-fur","fur",4,61,"first_blank-schim","schim",44,17,2,1,"furnizare","schimnizare"
692,"first_blank","first_blank-furt","furt",2,16,"first_blank-spri","spri",16,0,0,1,"furtun","spriun"
968,"first_blank","first_blank-furt","furt",3,16,"first_blank-ajus","ajus",16,0,0,1,"furtună","ajusună"
951,"xie","xie-last_blank","last_blank",3,14,"plat-last_blank","plat",14,0,1,1,"galaxie","galaplat"
798,"ben","ben-last_blank","last_blank",2,11,"zor-last_blank","zor",11,0,0,1,"galben","galzor"
226,"first_blank","first_blank-gân","gân",2,54,"first_blank-pes","pes",54,0,0,1,"gândi","pesdi"
80,"ga","ga-raj","raj",2,1,"ga-lin","lin",1,0,0,1,"garaj","galin"
663,"ga","ga-rd","rd",1,1,"ga-ți","ți",1,0,0,1,"gard","gați"
168,"gă","gă-si","si",2,15,"ten-si","ten",15,0,1,1,"găsi","tensi"
370,"first_blank","first_blank-gâ","gâ",1,21,"first_blank-il","il",21,0,0,1,"gât","ilt"
863,"u","u-ră","ră",3,2,"u-gati","gati",2,0,2,1,"gaură","gaugati"
560,"ne","ne-ros","ros",3,3,"ne-buni","buni",3,0,1,1,"generos","genebuni"
944,"nunchi","nunchi-last_blank","last_blank",2,1,"nenţei-last_blank","nenţei",1,0,0,1,"genunchi","genenţei"
597,"first_blank","first_blank-ghi","ghi",2,69,"first_blank-fre","fre",69,0,0,1,"ghinion","frenion"
588,"bal","bal-last_blank","last_blank",2,16,"rui-last_blank","rui",16,0,0,1,"global","glorui"
139,"on","on-ţ","ţ",1,1,"ri-ţ","ri",1,0,0,1,"glonţ","glriţ"
378,"first_blank","first_blank-glo","glo",2,41,"first_blank-edi","edi",41,0,0,1,"glorie","edirie"
933,"first_blank","first_blank-glu","glu",2,35,"first_blank-asa","asa",35,0,0,1,"glumă","asamă"
613,"go","go-l","l",1,3,"âu-l","âu",3,0,0,1,"gol","âul"
520,"ri","ri-lă","lă",3,5,"ri-zati","zati",5,0,2,1,"gorilă","gorizati"
479,"gr","gr-am","am",1,2,"sw-am","sw",2,0,0,1,"gram","swam"
491,"gra","gra-tu","tu",3,4,"junc-tu","junc",4,0,1,1,"gratuit","junctuit"
279,"first_blank","first_blank-grea","grea",2,5,"first_blank-brus","brus",5,0,0,1,"greaţă","brusţă"
796,"ec","ec-last_blank","last_blank",1,17,"jo-last_blank","jo",17,0,0,1,"grec","grjo"
309,"first_blank","first_blank-greşe","greşe",3,6,"first_blank-apple","apple",6,0,0,1,"greşeală","appleală"
384,"gr","gr-eu","eu",1,1,"gr-aj","aj",1,0,0,1,"greu","graj"
507,"gre","gre-vă","vă",2,1,"chi-vă","chi",1,0,0,1,"grevă","chivă"
441,"ij","ij-i","i",1,2,"vu-i","vu",2,0,0,1,"griji","grvui"
886,"gr","gr-os","os",1,1,"gr-aj","aj",1,0,0,1,"gros","graj"
316,"zav","zav-last_blank","last_blank",2,1,"gdo-last_blank","gdo",1,0,0,1,"grozav","grogdo"
97,"up","up-last_blank","last_blank",1,12,"ix-last_blank","ix",12,0,0,1,"grup","grix"
737,"gu","gu-n","n",1,17,"ea-n","ea",4,13,0,1,"gun","ean"
389,"noi","noi-last_blank","last_blank",2,6,"vic-last_blank","vic",6,0,0,1,"gunoi","guvic"
22,"vern","vern-last_blank","last_blank",2,3,"phin-last_blank","phin",3,0,0,1,"guvern","guphin"
409,"ţie","ţie-last_blank","last_blank",5,228,"stanţă-last_blank","stanţă",3,225,3,1,"halucinaţie","halucinastanţă"
808,"first_blank","first_blank-ham","ham",4,29,"first_blank-obiec","obiec",28,1,2,1,"hamburger","obiecburger"
127,"har","har-tă","tă",2,1,"pul-tă","pul",1,0,0,1,"hartă","pultă"
199,"he","he-ro","ro",4,6,"he-ffley","ffley",1,5,3,1,"heroina","heffleyina"
157,"dro","dro-gen","gen",3,1,"dro-vici","vici",1,0,1,1,"hidrogen","hidrovici"
847,"hi","hi-v","v",1,1,"no-v","no",1,0,0,1,"hiv","nov"
923,"ho","ho-mar","mar",2,1,"ho-uli","uli",1,0,0,1,"homar","houli"
490,"xu","xu-al","al",5,6,"stanţi-al","stanţi",2,4,4,1,"homosexual","homosestanţial"
653,"ia","ia-d","d",1,1,"er-d","er",1,0,0,1,"iad","erd"
970,"first_blank","first_blank-iar","iar",2,8,"first_blank-neş","neş",8,0,0,1,"iarnă","neşnă"
726,"first_blank","first_blank-idi","idi",2,23,"first_blank-săl","săl",23,0,0,1,"idiot","sălot"
822,"ie","ie-ft","ft",1,2,"ie-ți","ți",2,0,0,1,"ieftin","iețiin"
990,"pu","pu-re","re",3,6,"pu-nând","nând",4,2,2,1,"iepure","iepunând"
91,"ie","ie-ri","ri",1,5,"xu-ri","xu",5,0,0,1,"ieri","xuri"
816,"bră","bră-ţi","ţi",5,15,"clanşa-ţi","clanşa",1,14,3,1,"îmbrăţişare","îmclanşaţişare"
818,"re","re-last_blank","last_blank",6,2626,"re-vanşezi","vanşezi",1,2625,3,3,"îmbunătăţire","îmbunătăţirevanşezi"
532,"en","en-s","s",1,3,"va-s","va",3,0,0,1,"imens","imvas"
412,"pă","pă-rat","rat",3,7,"pă-tezi","tezi",3,4,1,1,"împărat","împătezi"
770,"ră","ră-ție","ție",4,1,"ră-ceşti","ceşti",1,0,2,1,"împărăție","împărăceşti"
282,"riu","riu-last_blank","last_blank",3,45,"tați-last_blank","tați",45,0,1,1,"imperiu","impetați"
966,"por","por-tant","tant",3,2,"por-nesc","nesc",2,0,0,1,"important","impornesc"
832,"tanţă","tanţă-last_blank","last_blank",3,6,"trați-last_blank","trați",6,0,0,1,"importanţă","importrați"
349,"pre","pre-sio","sio",4,20,"pre-tenţi","tenţi",5,15,2,1,"impresiona","impretenţina"
242,"mut","mut-last_blank","last_blank",3,11,"nism-last_blank","nism",11,0,1,1,"împrumut","împrunism"
419," urmă"," urmă-last_blank","last_blank",6,1,"rienţei-last_blank","rienţei",1,0,2,1,"în cele din urmă","în cele dinrienţei"
590,"eral","eral-last_blank","last_blank",4,1,"minãm-last_blank","minãm",1,0,1,1,"în general","în genminãm"
801,"urul","urul-last_blank","last_blank",3,1,"rşti-last_blank","rşti",1,0,0,1,"în jurul","în jrşti"
550,"onstant","onstant-last_blank","last_blank",4,1,"lansoar-last_blank","lansoar",1,0,0,1,"în mod constant","în mod clansoar"
987,"untar","untar-last_blank","last_blank",6,1,"torcând-last_blank","torcând",1,0,2,1,"în mod voluntar","în mod voltorcând"
817,"first_blank","first_blank-îna","îna",2,75,"first_blank-acu","acu",76,1,0,1,"înalt","acult"
385,"first_blank","first_blank-înă","înă",3,26,"first_blank-aran","aran",26,0,1,1,"înălţime","aranlţime"
522,"first_blank","first_blank-înăl","înăl",3,11,"first_blank-reţi","reţi",11,0,0,1,"înălțime","reţițime"
268,"în","în-că","că",2,74,"în-gri","gri",54,20,1,1,"încă","îngri"
423,"pa","pa-bil","bil",4,3,"pa-seste","seste",2,1,2,1,"incapabil","incapaseste"
272,"chi","chi-de","de",3,18,"olan-de","olan",8,10,1,1,"închide","înolande"
271,"chi","chi-de","de",4,18,"ofran-de","ofran",2,16,2,1,"închidere","înofrandere"
114,"chis","chis-last_blank","last_blank",2,5,"luim-last_blank","luim",5,0,0,1,"închis","înluim"
173,"chi","chi-soa","soa",4,4,"chi-tanţe","tanţe",2,2,2,1,"închisoare","închitanţere"
779,"cre","cre-de","de",4,14,"deshi-de","deshi",1,13,2,1,"încredere","îndeshidere"
735,"in","in-di","di",3,68,"in-stru","stru",27,41,2,1,"indica","instruca"
667,"du","du-al","al",5,4,"stanţi-al","stanţi",2,2,4,1,"individual","indivistanţial"
985,"fe","fe-cţie","cţie",3,3,"fe-riți","riți",3,0,0,1,"infecţie","inferiți"
438,"tor","tor-last_blank","last_blank",5,750,"cţiuni-last_blank","cţiuni",12,738,3,1,"înfiorător","înfiorăcţiuni"
750,"in","in-for","for",3,59,"in-spec","spec",21,38,1,1,"informa","inspecma"
261,"ma","ma-ție","ție",4,3,"ma-reşal","reşal",2,1,2,1,"informație","informareşal"
900,"ma","ma-tor","tor",4,11,"ma-reşal","reşal",2,9,2,1,"informator","informareşal"
981,"în","în-frân","frân",4,12,"în-gheţa","gheţa",8,4,1,1,"înfrângere","îngheţagere"
925,"gheţa","gheţa-last_blank","last_blank",2,1,"geţii-last_blank","geţii",1,0,0,1,"îngheţa","îngeţii"
134,"ghi","ghi-ţi","ţi",5,6,"clanşa-ţi","clanşa",1,5,3,1,"înghiţitură","înclanşaţitură"
811,"gro","gro-pa","pa",3,11,"echi-pa","echi",17,6,1,1,"îngropa","înechipa"
291,"je","je-cţie","cţie",3,1,"je-nati","nati",1,0,0,1,"injecţie","injenati"
846,"mân","mân-ta","ta",5,13,"dezvol-ta","dezvol",12,1,3,1,"înmormântare","înmordezvoltare"
434,"ot","ot-last_blank","last_blank",1,38,"sy-last_blank","sy",38,0,0,1,"înot","însy"
762,"tra","tra-re","re",5,21,"offsho-re","offsho",1,20,3,1,"înregistrare","înregisoffshore"
646,"sec","sec-tă","tă",3,2,"păzi-tă","păzi",2,0,1,1,"insectă","inpăzită"
311,"soți","soți-last_blank","last_blank",2,1,"ghei-last_blank","ghei",1,0,0,1,"însoți","înghei"
315,"spe","spe-cţie","cţie",3,1,"spe-rati","rati",1,0,0,1,"inspecţie","insperati"
5,"ra","ra-ție","ție",4,11,"ra-swati","swati",1,10,2,1,"inspirație","inspiraswati"
448,"stru","stru-ment","ment",3,1,"tain-ment","tain",1,0,0,1,"instrument","intainment"
972,"tâl","tâl-ni","ni",3,20,"cţiu-ni","cţiu",11,9,1,1,"întâlni","încţiuni"
221,"tâl","tâl-ni","ni",4,20,"obraz-ni","obraz",5,15,2,1,"întâlnire","înobraznire"
62,"pla","pla-last_blank","last_blank",3,17,"mont-last_blank","mont",17,0,1,1,"întâmpla","întâmmont"
450,"li","li-gent","gent",4,1,"li-vrari","vrari",1,0,1,1,"inteligent","intelivrari"
820,"ten","ten-ție","ție",3,2,"ten-berg","berg",2,0,1,1,"intenție","intenberg"
15,"ten","ten-tio","tio",4,12,"ten-denţă","denţă",1,11,2,1,"intentionat","intendenţănat"
155,"re","re-sant","sant",4,2,"re-curgi","curgi",1,1,1,1,"interesant","interecurgi"
417,"ri","ri-or","or",4,10,"ri-seste","seste",2,8,3,1,"interior","interiseste"
1,"first_blank","first_blank-in","in",10,3011,"dez-in","dez",18,2993,8,1,"interventie chirurgicala","dezinterventie chirurgicala"
454,"ter","ter-zi","zi",4,12,"oglin-zi","oglin",2,10,2,1,"interzice","inoglinzice"
668,"tim","tim-last_blank","last_blank",2,48,"mei-last_blank","mei",48,0,0,1,"intim","inmei"
422,"toar","toar-ce","ce",4,15,"sprân-ce","sprân",4,11,1,1,"întoarcere","însprâncere"
263,"văr","văr-last_blank","last_blank",4,3,"frunt-last_blank","frunt",3,0,2,1,"într-adevăr","întradefrunt"
406,"in","in-tra","tra",3,21,"in-spec","spec",21,0,1,1,"intrare","inspecre"
839,"în","în-tre","tre",5,89,"în-ceţoşa","ceţoşa",2,87,3,1,"întreținere","înceţoşaținere"
447,"in","in-tui","tui",3,3,"in-feld","feld",3,0,1,1,"intuiţie","infeldţie"
945,"ne","ne-ric","ric",4,4,"ne-pofti","pofti",2,2,2,1,"întuneric","întunepofti"
344,"in","in-ves","ves",3,73,"in-stru","stru",27,46,1,1,"investi","instruti"
314,"in","in-ves","ves",4,73,"in-struc","struc",16,57,2,1,"investiga","instructiga"
54,"ga","ga-tor","tor",5,19,"ga-ranţii","ranţii",1,18,3,1,"investigator","investigaranţii"
96,"ti","ti-tor","tor",4,19,"ti-cieni","cieni",4,15,2,1,"investitor","investicieni"
601,"first_blank","first_blank-ires","ires",4,6,"first_blank-ntoar","ntoar",6,0,1,1,"iresponsabil","ntoarponsabil"
463,"first_blank","first_blank-iro","iro",2,26,"first_blank-gin","gin",26,0,0,1,"ironic","ginnic"
49,"bit","bit-last_blank","last_blank",2,32,"mar-last_blank","mar",32,0,0,1,"iubit","iumar"
464,"iu","iu-lie","lie",2,1,"iu-dai","dai",1,0,0,1,"iulie","iudai"
364,"ja","ja-f","f",1,1,"ol-f","ol",1,0,0,1,"jaf","olf"
569,"first_blank","first_blank-jal","jal",2,5,"first_blank-dom","dom",5,0,0,1,"jalnic","domnic"
449,"first_blank","first_blank-jig","jig",3,18,"first_blank-atri","atri",18,0,1,1,"jignița","atrinița"
468,"jo","jo-c","c",1,3,"tu-c","tu",3,0,0,1,"joc","tuc"
651,"că","că-rie","rie",3,5,"că-loşi","loşi",2,3,1,1,"jucărie","jucăloşi"
61,"că","că-tor","tor",3,29,"că-reţi","reţi",2,27,1,1,"jucător","jucăreţi"
255,"că","că-tor","tor",4,29,"că-neşti","neşti",2,27,2,1,"judecător","judecăneşti"
797,"first_blank","first_blank-juli","juli",2,14,"first_blank-obţi","obţi",14,0,0,1,"juliet","obţiet"
831,"ni","ni-or","or",3,3,"ni-chiu","chiu",3,0,2,1,"junior","junichiu"
475,"rământ","rământ-last_blank","last_blank",2,1,"tamâni-last_blank","tamâni",1,0,0,1,"jurământ","jutamâni"
778,"list","list-last_blank","last_blank",3,35,"ruri-last_blank","ruri",35,0,0,1,"jurnalist","jurnaruri"
757,"ti","ti-ţie","ţie",3,5,"ti-neau","neau",5,0,1,1,"justiţie","justineau"
754,"la","la-c","c",1,1,"er-c","er",1,0,0,1,"lac","erc"
180,"căt","căt-last_blank","last_blank",2,3,"ţoi-last_blank","ţoi",3,0,0,1,"lacăt","laţoi"
665,"first_blank","first_blank-lă","lă",2,85,"first_blank-bra","bra",85,0,1,1,"lăsa","brasa"
830,"first_blank","first_blank-lec","lec",3,15,"first_blank-scâr","scâr",15,0,1,1,"lectura","scârtura"
408,"gal","gal-last_blank","last_blank",2,17,"cha-last_blank","cha",17,0,0,1,"legal","lecha"
567,"gen","gen-dă","dă",3,1,"acor-dă","acor",1,0,1,1,"legendă","leacordă"
240,"ucte","ucte-last_blank","last_blank",6,1,"chanski-last_blank","chanski",1,0,3,1,"legume și fructe","legume și frchanski"
93,"le","le-u","u",1,8,"dă-u","dă",8,0,0,1,"leu","dău"
225,"ral","ral-last_blank","last_blank",3,45,"zezi-last_blank","zezi",45,0,1,1,"liberal","libezezi"
547,"li","li-der","der",2,1,"li-sle","sle",1,0,0,1,"lider","lisle"
306,"ba","ba- fra"," fra",5,1,"ba-lansez","lansez",1,0,2,1,"limba franceza","limbalanseznceza"
907,"li","li-mu","mu",4,6,"li-genţa","genţa",2,4,3,1,"limuzina","ligenţazina"
562,"li","li-ng","ng",1,5,"li-dă","dă",5,0,0,1,"ling","lidă"
9,"first_blank","first_blank-lin","lin",2,58,"first_blank-clo","clo",58,0,0,1,"linge","cloge"
72,"li","li-te","te",5,31,"dezmoş-te","dezmoş",2,29,4,1,"literatură","dezmoşteratură"
773,"cal","cal-last_blank","last_blank",2,30,"dra-last_blank","dra",30,0,0,1,"local","lodra"
501,"ca","ca-ție","ție",3,9,"ca-turi","turi",9,0,1,1,"locație","locaturi"
836,"te","te-nent","nent",4,2,"te-goric","goric",1,1,1,1,"locotenent","locotegoric"
482,"mâ","mâ-na","na",4,11,"acţio-na","acţio",6,5,3,1,"lumânare","luacţionare"
452,"lu","lu-me","me",2,4,"lu-sul","sul",4,0,1,1,"lume","lusul"
880,"mi","mi-nos","nos",3,3,"mi-teau","teau",3,0,1,1,"luminos","lumiteau"
553,"lu","lu-ng","ng",1,2,"lu-pu","pu",2,0,0,1,"lung","lupu"
534,"first_blank","first_blank-lun","lun",3,22,"first_blank-char","char",22,0,1,1,"lungime","chargime"
957,"lu","lu-p","p",1,1,"ea-p","ea",1,0,0,1,"lup","eap"
514,"first_blank","first_blank-lup","lup",2,35,"first_blank-dor","dor",35,0,0,1,"luptă","dortă"
144,"first_blank","first_blank-lup","lup",3,35,"first_blank-obli","obli",35,0,1,1,"luptător","oblitător"
517,"zin","zin-last_blank","last_blank",3,7,"mers-last_blank","mers",7,0,1,1,"magazin","magamers"
478,"first_blank","first_blank-maio","maio",3,2,"first_blank-ulri","ulri",2,0,0,1,"maioneză","ulrineză"
29,"ma","ma-mă","mă",2,2,"ma-şii","şii",2,0,1,1,"mamă","maşii"
905,"mă","mă-mi","mi",3,6,"ador-mi","ador",8,2,2,1,"mămică","adormică"
635,"năs","năs-ti","ti",4,7,"atlan-ti","atlan",7,0,2,1,"mănăstire","măatlantire"
2,"first_blank","first_blank-mân","mân",2,80,"first_blank-ope","ope",80,0,0,1,"mânca","opeca"
233,"ni","ni-pu","pu",4,23,"ni-tenţa","tenţa",1,22,3,1,"manipula","manitenţala"
675,"ri","ri-nar","nar",3,2,"ri-tăti","tăti",2,0,1,1,"marinar","marităti"
731,"ting","ting-last_blank","last_blank",3,33,"sezi-last_blank","sezi",34,1,0,1,"marketing","markesezi"
513,"rţi","rţi-last_blank","last_blank",2,19,"par-last_blank","par",19,0,0,1,"marţi","mapar"
538,"first_blank","first_blank-măr","măr",3,38,"first_blank-avan","avan",38,0,1,1,"mărturie","avanturie"
25,"first_blank","first_blank-măr","măr",4,38,"first_blank-schim","schim",44,6,2,1,"mărturisi","schimturisi"
48,"ma","ma-să","să",2,5,"tin-să","tin",5,0,1,1,"masă","tinsă"
392,"e pranz","e pranz-last_blank","last_blank",4,1,"stranţi-last_blank","stranţi",1,0,0,1,"masa de pranz","masa dstranţi"
993,"saj","saj-last_blank","last_blank",2,10,"com-last_blank","com",10,0,0,1,"masaj","macom"
974,"și","și-nă","nă",3,1,"rămâ-nă","rămâ",1,0,2,1,"mașină","marămână"
792,"nă","nă-rie","rie",4,5,"nă-scoci","scoci",1,4,2,1,"mașinărie","mașinăscoci"
348,"te","te-ma","ma",5,30,"te-nenţii","nenţii",1,29,4,1,"matematică","matenenţiitică"
563,"xim","xim-last_blank","last_blank",2,1,"coş-last_blank","coş",1,0,0,1,"maxim","macoş"
908,"ca","ca-nic","nic",3,2,"ca-luri","luri",2,0,1,1,"mecanic","mecaluri"
939,"me","me-ci","ci",1,3,"me-ha","ha",3,0,0,1,"meci","meha"
932,"da","da-lie","lie",3,1,"da-resc","resc",1,0,1,1,"medalie","medaresc"
73,"me","me-da","da",4,14,"me-neşti","neşti",3,11,3,1,"medalion","meneştilion"
43,"ca","ca-ment","ment",4,1,"ca-târul","târul",1,0,1,1,"medicament","medicatârul"
707,"menţi","menţi-ne","ne",2,3,"treţi-ne","treţi",3,0,0,1,"menţine","treţine"
458,"mer","mer-ge","ge",2,2,"dra-ge","dra",2,0,0,1,"merge","drage"
46,"e jos","e jos-last_blank","last_blank",3,1,"setts-last_blank","setts",1,0,0,1,"mers pe jos","mers psetts"
89,"saj","saj-last_blank","last_blank",2,10,"kel-last_blank","kel",10,0,0,1,"mesaj","mekel"
3,"first_blank","first_blank-mes","mes",3,35,"first_blank-obli","obli",35,0,1,1,"mesteca","obliteca"
338,"me","me-tal","tal",2,1,"me-ții","ții",1,0,0,1,"metal","meții"
480,"tru","tru-last_blank","last_blank",2,73,"lia-last_blank","lia",73,0,0,1,"metru","melia"
741,"mi","mi-c","c",1,6,"fu-c","fu",5,1,0,1,"mic","fuc"
540,"ejun","ejun-last_blank","last_blank",4,1,"rohia-last_blank","rohia",1,0,1,1,"mic dejun","mic drohia"
63,"fon","fon-last_blank","last_blank",3,14,"reti-last_blank","reti",14,0,1,1,"microfon","microreti"
911,"scop","scop-last_blank","last_blank",3,8,"rism-last_blank","rism",8,0,0,1,"microscop","microrism"
405,"mi","mi-lă","lă",2,3,"mi-sul","sul",3,0,1,1,"milă","misul"
558,"ard","ard-last_blank","last_blank",3,20,"mesc-last_blank","mesc",20,0,1,1,"miliard","milimesc"
193,"li","li-tar","tar",3,5,"li-enii","enii",4,1,1,1,"militar","milienii"
561,"ci","ci-nos","nos",3,1,"ci-teau","teau",1,0,1,1,"mincinos","minciteau"
51,"nis","nis-te","te",4,14,"damen-te","damen",5,9,2,1,"ministerul","midamenterul"
52,"tru","tru-last_blank","last_blank",3,73,"cati-last_blank","cati",73,0,1,1,"ministru","miniscati"
388,"nu","nu-nat","nat",3,3,"nu-clea","clea",4,1,1,1,"minunat","minuclea"
686,"mi","mi-nus","nus",2,3,"mi-ţân","ţân",3,0,0,1,"minus","miţân"
38,"mi","mi-nut","nut",2,1,"mi-sed","sed",1,0,0,1,"minut","mised"
565,"rea","rea-să","să",3,7,"scri-să","scri",4,3,1,1,"mireasă","miscrisă"
391,"mi","mi-ros","ros",2,1,"mi-şii","şii",1,0,0,1,"miros","mişii"
814,"mi","mi-siu","siu",3,17,"mi-nati","nati",7,10,1,1,"misiune","minatine"
825,"mis","mis-ter","ter",2,1,"mis-cuu","cuu",1,0,0,1,"mister","miscuu"
136,"mis","mis-to","to",2,2,"dac-to","dac",2,0,0,1,"misto","dacto"
813,"ze","ze-rie","rie",3,3,"ze-loşi","loşi",1,2,1,1,"mizerie","mizeloşi"
946,"dest","dest-last_blank","last_blank",2,3,"simt-last_blank","simt",3,0,0,1,"modest","mosimt"
152,"me","me-a","a",4,6,"sfâşi-a","sfâşi",3,3,3,1,"momeală","mosfâşială"
305,"ni","ni-tor","tor",3,14,"ni-zezi","zezi",4,10,1,1,"monitor","monizezi"
77,"mor","mor-fi","fi",3,2,"stan-fi","stan",1,1,1,1,"morfină","stanfină"
421,"rt","rt-last_blank","last_blank",1,39,"gs-last_blank","gs",39,0,0,1,"mort","mogs"
658,"first_blank","first_blank-moş","moş",3,21,"first_blank-aban","aban",21,0,1,1,"moşteni","abanteni"
401,"mo","mo-tel","tel",2,1,"mo-nit","nit",1,0,0,1,"motel","monit"
783,"mo","mo-tor","tor",2,2,"mo-glo","glo",2,0,0,1,"motor","moglo"
764,"first_blank","first_blank-mul","mul",4,86,"first_blank-schim","schim",44,42,2,1,"mulțumiri","schimțumiri"
502,"mun","mun-că","că",2,1,"tru-că","tru",1,0,0,1,"muncă","trucă"
34,"first_blank","first_blank-mun","mun",3,57,"first_blank-înţe","înţe",61,4,1,1,"muncitor","înţecitor"
264,"mun","mun-te","te",2,4,"vâr-te","vâr",4,0,0,1,"munte","vârte"
599,"mur","mur-dar","dar",2,1,"len-dar","len",1,0,0,1,"murdar","lendar"
602,"şchi","şchi-last_blank","last_blank",2,1,"icot-last_blank","icot",1,0,0,1,"muşchi","muicot"
313,"ţie","ţie-last_blank","last_blank",3,228,"turi-last_blank","turi",238,10,1,1,"mutaţie","mutaturi"
108,"zeu","zeu-last_blank","last_blank",2,5,"dha-last_blank","dha",5,0,0,1,"muzeu","mudha"
466,"zi","zi-că","că",3,10,"meas-că","meas",10,0,2,1,"muzică","mumească"
149,"cian","cian-last_blank","last_blank",3,21,"rați-last_blank","rați",21,0,0,1,"muzician","muzirați"
390,"na","na-s","s",1,9,"er-s","er",12,3,0,1,"nas","ers"
903,"ţiu","ţiu-ne","ne",3,10,"draz-ne","draz",9,1,1,1,"naţiune","nadrazne"
303,"na","na-vă","vă",2,4,"na-ția","ția",4,0,1,1,"navă","nația"
57,"vi","vi-ga","ga",3,16,"aler-ga","aler",7,9,2,1,"naviga","naalerga"
535,"vy","vy-last_blank","last_blank",2,13,"plă-last_blank","plă",13,0,1,1,"navy","naplă"
119,"first_blank","first_blank-neas","neas",3,12,"first_blank-scla","scla",12,0,0,1,"neasteptat","sclateptat"
654,"bun","bun-last_blank","last_blank",2,6,"noi-last_blank","noi",6,0,0,1,"nebun","nenoi"
59,"cut","cut-last_blank","last_blank",4,57,"trezi-last_blank","trezi",13,44,2,1,"necunoscut","necunostrezi"
702,"ga","ga-tiv","tiv",3,2,"ga-sesc","sesc",2,0,1,1,"negativ","negasesc"
40,"gru","gru-last_blank","last_blank",2,4,"zov-last_blank","zov",4,0,0,1,"negru","nezov"
430,"ne","ne-plă","plă",3,7,"ne-înţe","înţe",7,0,1,1,"neplăcut","neînţecut"
600,"ne","ne-pot","pot",2,1,"ne-rel","rel",1,0,0,1,"nepot","nerel"
596,"tri","tri-vit","vit",4,4,"tri-unghi","unghi",1,3,2,1,"nepotrivit","nepotriunghi"
595,"vo","vo-ie","ie",3,6,"stra-ie","stra",2,4,2,1,"nevoie","nestraie"
611,"ni","ni-sip","sip",2,1,"ni-ţat","ţat",1,0,0,1,"nisip","niţat"
888,"no","no-rd","rd",1,1,"gu-rd","gu",1,0,0,1,"nord","gurd"
807,"mal","mal-last_blank","last_blank",2,19,"găm-last_blank","găm",19,0,0,1,"normal","norgăm"
83,"clear","clear-last_blank","last_blank",2,2,"mţeam-last_blank","mţeam",2,0,0,1,"nuclear","numţeam"
696,"milie","milie-last_blank","last_blank",7,1,"clanşând-last_blank","clanşând",1,0,3,1,"nume de familie","nume de faclanşând"
503,"first_blank","first_blank-nun","nun",2,7,"first_blank-twe","twe",7,0,0,1,"nuntă","twetă"
443,"rgă","rgă-last_blank","last_blank",2,1,"lax-last_blank","lax",1,0,0,1,"o largă","o lalax"
694,"meni","meni-last_blank","last_blank",2,14,"rici-last_blank","rici",14,0,0,1,"oameni","oarici"
129,"ob","ob-ra","ra",1,2,"di-ra","di",2,0,0,1,"obraz","diraz"
533,"oc","oc-ea","ea",1,1,"oc-ch","ch",1,0,0,1,"ocean","occhn"
835,"brie","brie-last_blank","last_blank",3,5,"chum-last_blank","chum",5,0,0,1,"octombrie","octomchum"
626,"first_blank","first_blank-ofi","ofi",3,45,"first_blank-chel","chel",42,3,1,1,"oficial","chelcial"
766,"first_blank","first_blank-oglin","oglin",2,9,"first_blank-plăti","plăti",9,0,0,3,"oglindă","plătidă"
376,"inta","inta-last_blank","last_blank",5,1,"gheţăm-last_blank","gheţăm",1,0,2,1,"om de stiinta","om de stigheţăm"
505,"first_blank","first_blank-one","one",5,9,"first_blank-sfârşi","sfârşi",8,1,3,1,"onestitate","sfârşistitate"
714,"first_blank","first_blank-ono","ono",2,34,"first_blank-scă","scă",34,0,0,1,"onora","scăra"
45,"op","op-țiu","țiu",3,3,"op-tari","tari",1,2,1,1,"opțiune","optarine"
153,"or","or-aș","aș",1,1,"or-wa","wa",1,0,0,1,"oraș","orwa"
680,"bi","bi-tă","tă",3,12,"drep-tă","drep",13,1,2,1,"orbită","ordreptă"
206,"din","din-last_blank","last_blank",2,15,"sco-last_blank","sco",15,0,0,1,"ordin","orsco"
69,"ga","ga-ni","ni",4,56,"monse-ni","monse",4,52,3,1,"organiza","ormonseniza"
915,"ori","ori-bil","bil",2,1,"fla-bil","fla",1,0,0,1,"oribil","flabil"
106,"first_blank","first_blank-oţ","oţ",1,3,"first_blank-tz","tz",3,0,0,1,"oţel","tzel"
248,"ou","ou-last_blank","last_blank",1,12,"ux-last_blank","ux",12,0,0,1,"ou","ux"
30,"first_blank","first_blank-oxi","oxi",2,15,"first_blank-tân","tân",15,0,0,1,"oxigen","tângen"
125,"pa","pa-last_blank","last_blank",1,128,"ță-last_blank","ță",120,8,0,1,"pa","ță"
684,"chet","chet-last_blank","last_blank",2,16,"ceau-last_blank","ceau",16,0,0,1,"pachet","paceau"
474,"pă","pă-du","du",3,15,"stra-du","stra",4,11,2,1,"pădure","stradure"
164,"lă","lă-rie","rie",3,5,"lă-nţui","nţui",3,2,1,1,"pălărie","pălănţui"
194,"tof","tof-last_blank","last_blank",2,2,"eți-last_blank","eți",2,0,0,1,"pantof","paneți"
827,"graf","graf-last_blank","last_blank",3,15,"chii-last_blank","chii",15,0,0,1,"paragraf","parachii"
897,"mal","mal-last_blank","last_blank",4,19,"seşti-last_blank","seşti",19,0,2,1,"paranormal","paranorseşti"
800,"fum","fum-last_blank","last_blank",2,1,"deț-last_blank","deț",1,0,0,1,"parfum","pardeț"
200,"ro","ro-la","la",3,11,"înşe-la","înşe",6,5,2,1,"parola","paînşela"
760,"par","par-te","te",2,24,"res-te","res",27,3,0,1,"parte","reste"
543,"par","par-ti","ti",4,79,"obiec-ti","obiec",10,69,2,1,"particulă","obiecticulă"
109,"port","port-last_blank","last_blank",3,17,"rand-last_blank","rand",17,0,0,1,"pașaport","pașarand"
351,"pa","pa-să","să",3,3,"pa-niei","niei",3,0,2,1,"pasăre","panieire"
307,"pa","pa-siu","siu",3,7,"pa-rati","rati",5,2,1,1,"pasiune","paratine"
146,"pa","pa-t","t",1,2,"zi-t","zi",2,0,0,1,"pat","zit"
289," ani"," ani-last_blank","last_blank",3,1,"lumb-last_blank","lumb",1,0,0,1,"patru ani","patrulumb"
368,"tru","tru-la","la",4,4,"rohia-la","rohia",1,3,2,1,"patrulare","parohialare"
508,"pa","pa-u","u",3,15,"furt-u","furt",14,1,2,1,"pauză","furtuză"
661,"first_blank","first_blank-pe","pe",8,465,"dezgroa-pe","dezgroa",1,464,4,2,"pedeapsa cu închisoarea","dezgroapedeapsa cu închisoarea"
400,"pe","pe-nal","nal",2,2,"pe-lei","lei",2,0,0,1,"penal","pelei"
964,"pe","pe-nis","nis",2,1,"pe-uti","uti",1,0,0,1,"penis","peuti"
312,"pen","pen-tru to","tru to",5,1,"pen-denţii","denţii",1,0,0,1,"pentru totdeauna","pendenţiitdeauna"
403,"fect","fect-last_blank","last_blank",2,5,"nţat-last_blank","nţat",5,0,0,1,"perfect","pernţat"
865,"manţă","manţă-last_blank","last_blank",3,2,"parzi-last_blank","parzi",2,0,0,1,"performanţă","perforparzi"
788,"col","col-last_blank","last_blank",3,13,"riți-last_blank","riți",13,0,1,1,"pericol","peririți"
789,"cu","cu-los","los",4,5,"cu-renţi","renţi",4,1,2,1,"periculos","pericurenţi"
755,"me","me-tru","tru",4,12,"me-neşti","neşti",3,9,2,1,"perimetru","perimeneşti"
332,"oa","oa-dă","dă",4,1,"oa-kwood","kwood",1,0,3,1,"perioadă","perioakwood"
156,"first_blank","first_blank-per","per",6,320,"first_blank-transpi","transpi",17,303,4,1,"personalitate","transpisonalitate"
973,"spec","spec-ti","ti",4,5,"chris-ti","chris",6,1,1,1,"perspectivă","perchristivă"
456,"per","per-tur","tur",3,9,"per-spec","spec",5,4,1,1,"perturba","perspecba"
967,"first_blank","first_blank-pes","pes",3,54,"first_blank-fran","fran",55,1,1,1,"pescuit","francuit"
761,"first_blank","first_blank-peş","peş",2,16,"first_blank-îno","îno",16,0,0,1,"peşte","înote"
276,"tre","tre-ce","ce",3,19,"inac-ce","inac",3,16,1,1,"petrece","peinacce"
793,"first_blank","first_blank-pia","pia",2,8,"first_blank-lom","lom",8,0,0,1,"piatră","lomtră"
75,"pic","pic-tor","tor",2,1,"rşe-tor","rşe",1,0,0,1,"pictor","rşetor"
79,"lot","lot-last_blank","last_blank",2,9,"mel-last_blank","mel",9,0,0,1,"pilot","pimel"
215,"lu","lu-lă","lă",3,3,"lu-crat","crat",3,0,2,1,"pilulă","pilucrat"
135,"si","si-că","că",3,4,"si-bili","bili",4,0,2,1,"pisică","pisibili"
396,"pi","pi-x","x",1,1,"ca-x","ca",1,0,0,1,"pix","cax"
224,"pla","pla-cut","cut",2,2,"pla-tor","tor",2,0,0,1,"placut","plator"
706,"first_blank","first_blank-pla","pla",5,193,"first_blank-dezvol","dezvol",21,172,3,1,"planificare","dezvolnificare"
187,"plas","plas-tic","tic",2,1,"gnos-tic","gnos",1,0,0,1,"plastic","gnostic"
321,"pla","pla-u","u",4,4,"monmo-u","monmo",1,3,2,1,"plauzibil","monmouzibil"
860,"first_blank","first_blank-ple","ple",3,62,"first_blank-echi","echi",62,0,1,1,"plecare","echicare"
220,"first_blank","first_blank-plim","plim",3,23,"first_blank-deţi","deţi",23,0,0,1,"plimbare","deţibare"
698,"first_blank","first_blank-poar","poar",2,4,"first_blank-prân","prân",4,0,0,1,"poartă","prântă"
917,"po","po-em","em",2,1,"po-noa","noa",1,0,1,1,"poem","ponoa"
470,"po","po-ker","ker",2,1,"po-ran","ran",1,0,0,1,"poker","poran"
246,"li","li-tic","tic",3,4,"li-brat","brat",4,0,1,1,"politic","polibrat"
477,"li","li-ti","ti",4,48,"atrac-ti","atrac",4,44,3,1,"politică","poatractică"
690,"cian","cian-last_blank","last_blank",4,21,"seşti-last_blank","seşti",19,2,1,1,"politician","politiseşti"
962,"po","po-rc","rc",1,6,"po-di","di",6,0,0,1,"porc","podi"
259,"rt","rt-last_blank","last_blank",1,39,"gs-last_blank","gs",39,0,0,1,"port","pogs"
976,"first_blank","first_blank-por","por",4,137,"first_blank-trans","trans",129,8,2,1,"portocale","transtocale"
130,"fel","fel-last_blank","last_blank",3,9,"shaw-last_blank","shaw",9,0,1,1,"portofel","portoshaw"
810,"te","te-last_blank","last_blank",6,3413,"te-bracci","bracci",1,3412,4,3,"posibilitate","posibilitatebracci"
875,"ţie","ţie-last_blank","last_blank",3,228,"turi-last_blank","turi",238,10,1,1,"poziţie","pozituri"
499,"first_blank","first_blank-prac","prac",2,19,"first_blank-atra","atra",19,0,0,1,"practic","atratic"
704,"dă","dă-tor","tor",3,6,"dă-reas","reas",1,5,1,1,"prădător","prădăreas"
357,"af","af-last_blank","last_blank",1,8,"uk-last_blank","uk",8,0,0,1,"praf","pruk"
989,"pre","pre-di","di",3,18,"scan-di","scan",4,14,1,1,"predică","scandică"
607,"miu","miu-last_blank","last_blank",2,3,"kon-last_blank","kon",3,0,0,1,"premiu","prekon"
140,"first_blank","first_blank-pre","pre",2,762,"first_blank-dis","dis",446,316,0,1,"preot","disot"
128,"pre","pre-sa","sa",2,10,"loa-sa","loa",10,0,0,1,"presa","loasa"
147,"din","din-te","te",4,29,"plăti-te","plăti",3,26,2,1,"președinte","preșeplătite"
734,"pre","pre-siu","siu",3,9,"pre-zent","zent",2,7,1,1,"presiune","prezentne"
218,"first_blank","first_blank-pre","pre",5,762,"first_blank-dezvol","dezvol",21,741,3,1,"presupunere","dezvolsupunere"
965,"eț","eț-last_blank","last_blank",1,1,"șc-last_blank","șc",1,0,0,1,"preț","prșc"
202,"first_blank","first_blank-pri","pri",4,297,"first_blank-desfă","desfă",25,272,2,1,"prieteni","desfăeteni"
775,"te","te-nie","nie",4,13,"te-lepti","lepti",2,11,2,1,"prietenie","prietelepti"
691,"te","te-nos","nos",4,2,"te-lepti","lepti",2,0,2,1,"prietenos","prietelepti"
828,"pri","pri-mar","mar",2,2,"pri-ves","ves",2,0,0,1,"primar","prives"
712,"in","in-ţ","ţ",1,1,"mo-ţ","mo",1,0,0,1,"prinţ","prmoţ"
640,"first_blank","first_blank-pri","pri",4,297,"first_blank-desfă","desfă",25,272,2,1,"prizonier","desfăzonier"
700,"ba","ba-bil","bil",3,2,"ba-nezi","nezi",2,0,1,1,"probabil","probanezi"
717,"ble","ble-mă","mă",3,2,"reas-mă","reas",1,1,1,1,"problemă","proreasmă"
718,"pro","pro-ce","ce",4,49,"manân-ce","manân",1,48,2,1,"procedură","manâncedură"
88,"ces","ces-last_blank","last_blank",2,12,"put-last_blank","put",12,0,0,1,"proces","proput"
90,"ror","ror-last_blank","last_blank",3,11,"duci-last_blank","duci",11,0,1,1,"procuror","procuduci"
323,"duc","duc-ție","ție",3,1,"duc-tori","tori",1,0,1,1,"producție","productori"
531,"dus","dus-last_blank","last_blank",2,20,"iam-last_blank","iam",20,0,0,1,"produs","proiam"
50,"fe","fe-sio","sio",4,8,"fe-renţe","renţe",6,2,2,1,"profesional","proferenţenal"
265,"sor","sor-last_blank","last_blank",3,38,"trul-last_blank","trul",38,0,1,1,"profesor","profetrul"
723,"gram","gram-last_blank","last_blank",2,6,"gani-last_blank","gani",6,0,0,1,"program","progani"
138,"gra","gra-ma","ma",3,33,"afir-ma","afir",15,18,1,1,"programa","proafirma"
367,"mi","mi-siu","siu",4,17,"mi-crobi","crobi",1,16,2,1,"promisiune","promicrobine"
185,"e","e-tar","tar",4,3,"e-senţi","senţi",2,1,2,1,"proprietar","propriesenţi"
659,"sop","sop-last_blank","last_blank",2,3,"xis-last_blank","xis",3,0,0,1,"prosop","proxis"
585,"pr","pr-os","os",1,1,"pr-ag","ag",1,0,0,1,"prost","pragt"
594,"pros","pros-tie","tie",2,1,"tric-tie","tric",1,0,0,1,"prostie","trictie"
774,"col","col-last_blank","last_blank",3,13,"ieri-last_blank","ieri",13,0,1,1,"protocol","protoieri"
572,"tip","tip-last_blank","last_blank",3,3,"jări-last_blank","jări",3,0,1,1,"prototip","protojări"
620,"first_blank","first_blank-pro","pro",4,833,"first_blank-schim","schim",44,789,2,1,"provocare","schimvocare"
544,"gic","gic-last_blank","last_blank",4,34,"teşti-last_blank","teşti",33,1,2,1,"psihologic","psiholoteşti"
56,"gie","gie-last_blank","last_blank",4,67,"neşti-last_blank","neşti",42,25,2,1,"psihologie","psiholoneşti"
581,"blic","blic-last_blank","last_blank",2,3,"tili-last_blank","tili",3,0,0,1,"public","putili"
131,"first_blank","first_blank-pun","pun",2,26,"first_blank-târ","târ",26,0,0,1,"punte","târte"
247,"ter","ter-nic","nic",3,2,"praz-nic","praz",1,1,1,1,"puternic","pupraznic"
979,"coon","coon-last_blank","last_blank",2,2,"roși-last_blank","roși",2,0,0,1,"raccoon","racroși"
744,"ra","ra-che","che",3,9,"ra-bili","bili",8,1,1,1,"rachetă","rabilită"
229,"a","a-ții","ții",4,4,"a-pãrat","pãrat",1,3,2,1,"radiații","radiapãrat"
876,"rămâ","rămâ-ne","ne",2,2,"stră-ne","stră",2,0,0,2,"rămâne","străne"
747,"ră","ră-ni","ni",3,14,"cţiu-ni","cţiu",11,3,2,1,"rănire","cţiunire"
748,"pi","pi-last_blank","last_blank",1,38,"sy-last_blank","sy",38,0,0,1,"răpi","răsy"
426,"pid","pid-last_blank","last_blank",2,5,"gut-last_blank","gut",5,0,0,1,"rapid","ragut"
621,"ori","ori-last_blank","last_blank",3,26,"sley-last_blank","sley",26,0,1,1,"rareori","raresley"
530,"ra","ra-să","să",2,2,"ra-riu","riu",2,0,1,1,"rasă","rariu"
749,"răs","răs-cum","cum",5,10,"răs-plătit","plătit",1,9,3,1,"răscumpărare","răsplătitpărare"
752,"puns","puns-last_blank","last_blank",2,6,"dang-last_blank","dang",6,0,0,1,"răspuns","răsdang"
369,"ra","ra-ță","ță",2,1,"uli-ță","uli",1,0,1,1,"rață","uliță"
124,"first_blank","first_blank-ră","ră",1,275,"first_blank-ju","ju",276,1,0,1,"rău","juu"
858,"first_blank","first_blank-răz","răz",4,46,"first_blank-schim","schim",44,2,2,1,"războinic","schimboinic"
375,"ac","ac-tor","tor",3,2,"ac-cess","cess",1,1,1,1,"reactor","reaccess"
20,"re","re-al","al",2,2,"pţi-al","pţi",2,0,1,1,"real","pţial"
631,"a","a-list","list",3,5,"a-tori","tori",5,0,0,1,"realist","reatori"
339,"re","re-ce","ce",2,32,"re-pro","pro",26,6,1,1,"rece","repro"
287,"cent","cent-last_blank","last_blank",2,17,"cuti-last_blank","cuti",17,0,0,1,"recent","recuti"
843,"man","man-da","da",4,32,"iscoa-da","iscoa",1,31,2,1,"recomanda","recoiscoada"
709,"pen","pen-să","să",4,3,"ntoar-să","ntoar",1,2,2,1,"recompensă","recomntoarsă"
639,"first_blank","first_blank-re","re",5,2347,"dezminţi-re","dezminţi",1,2346,3,6,"recunoștință","dezminţirecunoștință"
245,"re","re-du","du",3,21,"re-cţio","cţio",20,1,2,1,"reduce","recţioce"
772,"re","re-ge","ge",2,13,"con-ge","con",13,0,1,1,"rege","conge"
715,"îm","îm-pros","pros",5,6,"îm-blânzi","blânzi",1,5,2,1,"reîmprospăta","reîmblânzipăta"
341,"li","li-gie","gie",3,1,"li-turi","turi",1,0,1,1,"religie","relituri"
317,"ca","ca-bil","bil",4,6,"ca-ffrey","ffrey",2,4,2,1,"remarcabil","remarcaffrey"
347,"ra","ra-ție","ție",4,11,"ra-swati","swati",1,10,2,1,"reparație","reparaswati"
427,"pe","pe-de","de",3,7,"olan-de","olan",8,1,2,1,"repede","reolande"
159,"ta","ta-tie","tie",4,21,"ta-morfi","morfi",1,20,2,1,"reputatie","reputamorfi"
730,"u","u-rant","rant",4,1,"u-thern","thern",1,0,1,1,"restaurant","restauthern"
469,"vis","vis-tă","tă",3,4,"frun-tă","frun",4,0,1,1,"revistă","refruntă"
326,"bil","bil-last_blank","last_blank",4,189,"neşti-last_blank","neşti",42,147,2,1,"rezonabil","rezonaneşti"
785,"zul","zul-tat","tat",3,1,"avor-tat","avor",1,0,1,1,"rezultat","reavortat"
362,"ro","ro-b","b",1,5,"um-b","um",3,2,0,1,"rob","umb"
365,"ro","ro-chie","chie",2,1,"ro-ghez","ghez",1,0,0,1,"rochie","roghez"
179,"ro","ro-ma","ma",2,18,"far-ma","far",12,6,1,1,"roma","farma"
293,"man","man-tic","tic",3,1,"man-ners","ners",1,0,1,1,"romantic","romanners"
162,"șie","șie-last_blank","last_blank",2,1,"trä-last_blank","trä",1,0,0,1,"roșie","roträ"
937,"ro","ro-ti","ti",2,19,"les-ti","les",19,0,1,1,"roti","lesti"
763,"scut","scut-last_blank","last_blank",4,1,"derni-last_blank","derni",1,0,1,1,"s-au cunoscut","sau cunoderni"
869,"taj","taj-last_blank","last_blank",3,15,"lent-last_blank","lent",15,0,1,1,"sabotaj","sabolent"
256,"sa","sa-c","c",1,3,"tu-c","tu",3,0,0,1,"sac","tuc"
141,"cou","cou-last_blank","last_blank",2,3,"did-last_blank","did",3,0,0,1,"sacou","sadid"
662,"riu","riu-last_blank","last_blank",3,45,"tați-last_blank","tați",45,0,1,1,"salariu","salatați"
894,"sa","sa-la","la",3,34,"sa-ment","ment",6,28,2,1,"salată","samenttă"
961,"lut","lut-last_blank","last_blank",2,3,"fos-last_blank","fos",3,0,0,1,"salut","safos"
804,"first_blank","first_blank-sal","sal",2,79,"first_blank-men","men",79,0,0,1,"salva","menva"
310,"first_blank","first_blank-sal","sal",3,79,"first_blank-prin","prin",79,0,1,1,"salvator","prinvator"
984,"first_blank","first_blank-șam","șam",3,2,"first_blank-acul","acul",2,0,1,1,"șampanie","aculpanie"
605,"rai","rai-last_blank","last_blank",3,17,"mont-last_blank","mont",17,0,1,1,"samurai","samumont"
568,"taj","taj-last_blank","last_blank",2,15,"sha-last_blank","sha",15,0,0,1,"şantaj","şansha"
511,"tămâ","tămâ-nă","nă",3,1,"spli-nă","spli",1,0,0,1,"săptămână","săpsplină"
998,"tămâ","tămâ-nal","nal",3,1,"eter-nal","eter",1,0,0,1,"săptămânal","săpeternal"
587,"first_blank","first_blank-sar","sar",3,69,"first_blank-elec","elec",65,4,1,1,"sarcina","eleccina"
133,"first_blank","first_blank-sâr","sâr",2,10,"first_blank-imu","imu",10,0,0,1,"sârmă","imumă"
982,"first_blank","first_blank-şar","şar",2,8,"first_blank-non","non",8,0,0,1,"şarpe","nonpe"
901,"sa","sa-t","t",1,1,"nc-t","nc",1,0,0,1,"sat","nct"
745,"lit","lit-last_blank","last_blank",3,64,"resc-last_blank","resc",64,0,1,1,"satelit","sateresc"
99,"dal","dal-last_blank","last_blank",2,15,"gle-last_blank","gle",15,0,0,1,"scandal","scangle"
539,"sca","sca-un","un",2,1,"pre-un","pre",1,0,0,1,"scaun","preun"
197,"first_blank","first_blank-şcoa","şcoa",2,2,"first_blank-ştiu","ştiu",2,0,0,1,"şcoală","ştiulă"
191,"sc","sc-ri","ri",1,11,"ri-ri","ri",11,0,0,1,"scrie","ririe"
689,"first_blank","first_blank-scri","scri",3,42,"first_blank-chel","chel",42,0,0,1,"scriitor","chelitor"
190,"ri","ri-s","s",1,5,"că-s","că",5,0,0,1,"scris","sccăs"
910,"first_blank","first_blank-scri","scri",3,42,"first_blank-chel","chel",42,0,0,1,"scrisoare","chelsoare"
402,"first_blank","first_blank-scu","scu",2,93,"first_blank-cro","cro",93,0,0,1,"scuză","croză"
606,"first_blank","first_blank-sea","sea",2,27,"first_blank-pul","pul",27,0,0,1,"seară","pulră"
104,"diu","diu-last_blank","last_blank",2,16,"fat-last_blank","fat",16,0,0,1,"sediu","sefat"
23,"șe","șe-ful","ful",2,1,"șe-uri","uri",1,0,0,1,"șeful","șeuri"
44,"tați","tați-last_blank","last_blank",3,45,"ford-last_blank","ford",46,1,0,1,"selectați","selecford"
355,"mn","mn-last_blank","last_blank",1,8,"af-last_blank","af",8,0,0,1,"semn","seaf"
358,"first_blank","first_blank-sem","sem",2,74,"first_blank-gar","gar",73,1,0,1,"semnal","garnal"
918,"sem","sem-nă","nă",4,10,"monta-nă","monta",1,9,2,1,"semnătură","montanătură"
656,"se","se-nat","nat",2,2,"se-rin","rin",2,0,0,1,"senat","serin"
394,"na","na-tor","tor",3,23,"na-ment","ment",8,15,1,1,"senator","senament"
269,"sen","sen-si","si",3,12,"agre-si","agre",5,7,1,1,"sensibil","agresibil"
415,"ti","ti-ment","ment",3,5,"ti-tori","tori",5,0,0,1,"sentiment","sentitori"
14,"ringă","ringă-last_blank","last_blank",2,2,"zinţi-last_blank","zinţi",2,0,0,1,"seringă","sezinţi"
586,"vi","vi-toa","toa",4,8,"vi-ziuni","ziuni",4,4,2,1,"servitoare","serviziunire"
819,"first_blank","first_blank-ser","ser",4,101,"first_blank-trans","trans",129,28,2,1,"servitorul","transvitorul"
352,"se","se-te","te",2,23,"tan-te","tan",20,3,1,1,"sete","tante"
473,"sf","sf-er","er",1,1,"dy-er","dy",1,0,0,1,"sfert","dyert"
496,"si","si-fon","fon",2,1,"si-pul","pul",1,0,0,1,"sifon","sipul"
848,"gur","gur-last_blank","last_blank",2,11,"san-last_blank","san",11,0,0,1,"sigur","sisan"
829,"gu","gu-ran","ran",4,12,"gu-diuri","diuri",1,11,2,1,"siguranță","sigudiuriță"
877,"bol","bol-last_blank","last_blank",2,4,"viş-last_blank","viş",4,0,0,1,"simbol","simviş"
736,"plu","plu-last_blank","last_blank",2,10,"gus-last_blank","gus",10,0,0,1,"simplu","simgus"
266,"cer","cer-last_blank","last_blank",2,20,"dus-last_blank","dus",20,0,0,1,"sincer","sindus"
850,"drom","drom-last_blank","last_blank",2,3,"crie-last_blank","crie",3,0,0,1,"sindrom","sincrie"
851,"ra","ra-tic","tic",4,2,"ra-seste","seste",1,1,2,1,"singuratic","singuraseste"
781,"tem","tem-last_blank","last_blank",2,42,"dia-last_blank","dia",42,0,0,1,"sistem","sisdia"
740,"ab","ab-last_blank","last_blank",1,12,"up-last_blank","up",12,0,0,1,"slab","slup"
648,"first_blank","first_blank-slă","slă",3,38,"first_blank-avan","avan",38,0,1,1,"slănină","avannină"
845,"first_blank","first_blank-sni","sni",2,7,"first_blank-bet","bet",7,0,0,1,"sniper","betper"
510,"first_blank","first_blank-soa","soa",2,16,"first_blank-cau","cau",16,0,0,1,"soare","caure"
580,"lan","lan-last_blank","last_blank",3,47,"ford-last_blank","ford",46,1,1,1,"şobolan","şoboford"
512,"so","so-lar","lar",2,2,"so-nii","nii",2,0,0,1,"solar","sonii"
154,"first_blank","first_blank-son","son",2,20,"first_blank-bis","bis",20,0,0,1,"sondă","bisdă"
118,"pâr","pâr-lă","lă",3,3,"scoa-lă","scoa",2,1,1,1,"şopârlă","şoscoală"
244,"so","so-s","s",1,1,"eb-s","eb",1,0,0,1,"sos","ebs"
861,"so","so-ție","ție",2,1,"so-uri","uri",1,0,0,1,"soție","souri"
486,"spa","spa-ghe","ghe",3,2,"spa-tial","tial",1,1,1,1,"spaghete","spatialte"
254,"spa","spa-la","la",3,9,"înşe-la","înşe",6,3,1,1,"spalare","înşelare"
330,"first_blank","first_blank-spa","spa",2,87,"first_blank-bri","bri",87,0,0,1,"spate","brite"
320,"list","list-last_blank","last_blank",3,35,"ruri-last_blank","ruri",35,0,0,1,"specialist","speciaruri"
833,"first_blank","first_blank-spec","spec",4,26,"first_blank-desfă","desfă",25,1,1,1,"spectaculos","desfătaculos"
258,"ran","ran-ța","ța",3,2,"schi-ța","schi",1,1,1,1,"speranța","speschița"
8,"spe","spe-ria","ria",2,1,"spe-cţi","cţi",1,0,0,1,"speria","specţi"
892,"spi","spi-rit","rit",2,1,"lhă-rit","lhă",1,0,0,1,"spirit","lhărit"
397,"sp","sp-or","or",1,5,"re-or","re",5,0,0,1,"sport","reort"
872,"spu","spu-ne","ne",2,4,"iti-ne","iti",4,0,0,1,"spune","itine"
874,"st","st-a","a",1,1,"mn-a","mn",1,0,0,1,"sta","mna"
294,"first_blank","first_blank-stân","stân",2,26,"first_blank-spec","spec",26,0,0,1,"stânga","specga"
333,"st","st-at","at",1,2,"re-at","re",2,0,0,1,"stat","reat"
683,"sta","sta-tie","tie",2,1,"ran-tie","ran",1,0,0,1,"statie","rantie"
575,"sta","sta-tu","tu",3,12,"pros-tu","pros",14,2,1,1,"statuie","prostuie"
172,"st","st-ea","ea",1,7,"tu-ea","tu",7,0,0,1,"stea","tuea"
878,"cla","cla-last_blank","last_blank",2,6,"nay-last_blank","nay",6,0,0,1,"sticla","stinay"
19,"first_blank","first_blank-șt","șt",1,10,"first_blank-zh","zh",10,0,0,1,"știi","zhii"
909,"first_blank","first_blank-şti","şti",2,32,"first_blank-lip","lip",32,0,0,1,"ştiinţă","lipinţă"
790,"st","st-il","il",1,1,"st-un","un",1,0,0,1,"stil","stun"
145,"first_blank","first_blank-șt","șt",1,10,"first_blank-wy","wy",10,0,0,1,"știri","wyiri"
413,"op","op-last_blank","last_blank",1,28,"rs-last_blank","rs",28,0,0,1,"stop","strs"
123,"stra","stra-dă","dă",2,1,"mona-dă","mona",1,0,0,1,"stradă","monadă"
643,"stră","stră-in","in",2,1,"auto-in","auto",3,2,0,2,"străin","autoin"
679,"stra","stra-te","te",3,11,"noas-te","noas",8,3,0,1,"strategie","noastegie"
674,"first_blank","first_blank-struc","struc",3,12,"first_blank-desfi","desfi",12,0,0,2,"structura","desfitura"
176,"first_blank","first_blank-stu","stu",2,85,"first_blank-bra","bra",85,0,0,1,"studiu","bradiu"
617,"biect","biect-last_blank","last_blank",2,1,"brist-last_blank","brist",1,0,0,1,"subiect","subrist"
4,"tui","tui-last_blank","last_blank",3,31,"cesc-last_blank","cesc",31,0,1,1,"substitui","substicesc"
485,"su","su-c","c",1,2,"as-c","as",2,0,0,1,"suc","asc"
891,"cient","cient-last_blank","last_blank",3,7,"canţi-last_blank","canţi",7,0,0,1,"suficient","suficanţi"
725,"su","su-ge","ge",3,16,"plân-ge","plân",7,9,2,1,"sugera","plângera"
997,"net","net-last_blank","last_blank",2,45,"ral-last_blank","ral",45,0,0,1,"sunet","sural"
436,"ri","ri-or","or",4,10,"ri-seste","seste",2,8,3,1,"superior","superiseste"
881,"pra","pra-fa","fa",4,7,"night-fa","night",1,6,2,1,"suprafaţă","sunightfaţă"
927,"eţui","eţui-last_blank","last_blank",4,2,"tress-last_blank","tress",2,0,1,1,"supravieţui","supravitress"
633,"su","su-rd","rd",1,1,"su-ța","ța",1,0,0,1,"surd","suța"
721,"venit","venit-last_blank","last_blank",5,1,"ghorns-last_blank","ghorns",1,0,1,1,"sursa de venit","sursa de ghorns"
471,"su","su-s","s",1,1,"rl-s","rl",1,0,0,1,"sus","rls"
432,"pect","pect-last_blank","last_blank",2,5,"meai-last_blank","meai",5,0,0,1,"suspect","susmeai"
554,"su","su-tă","tă",2,5,"su-gru","gru",5,0,1,1,"sută","sugru"
902,"tă","tă-ce","ce",3,3,"inac-ce","inac",3,0,2,1,"tăcere","inaccere"
701,"lent","lent-last_blank","last_blank",2,15,"lism-last_blank","lism",15,0,0,1,"talent","talism"
947,"first_blank","first_blank-ta","ta",2,461,"first_blank-dis","dis",446,15,1,1,"tata","dista"
524,"ta","ta-tă","tă",2,175,"ta-rea","rea",161,14,1,1,"tată","tarea"
188,"first_blank","first_blank-tea","tea",2,26,"first_blank-lon","lon",26,0,0,1,"teatru","lontru"
552,"first_blank","first_blank-teh","teh",3,26,"first_blank-scan","scan",26,0,1,1,"tehnică","scannică"
65,"le","le-fon","fon",3,1,"le-nard","nard",1,0,1,1,"telefon","telenard"
746,"ziu","ziu-ne","ne",5,15,"montag-ne","montag",1,14,3,1,"televiziune","televimontagne"
137,"tem","tem-pe","pe",5,17,"farsca-pe","farsca",1,16,3,1,"temperatura","farscaperatura"
277,"first_blank","first_blank-tem","tem",5,58,"first_blank-răzgân","răzgân",11,47,3,1,"temporizator","răzgânporizator"
380,"te","te-nis","nis",2,1,"te-tei","tei",1,0,0,1,"tenis","tetei"
404,"o","o-rie","rie",3,2,"o-teci","teci",1,1,1,1,"teorie","teoteci"
319,"te","te-st","st",1,1,"te-ță","ță",1,0,0,1,"test","teță"
671,"su","su-turi","turi",3,3,"su-cesc","cesc",3,0,0,1,"țesuturi","țesucesc"
941,"first_blank","first_blank-ţi","ţi",3,71,"first_blank-apro","apro",71,0,2,1,"ţigară","aprogară"
11,"nte","nte-last_blank","last_blank",4,1,"plist-last_blank","plist",1,0,2,1,"tine minte","tine miplist"
971,"ti","ti-neri","neri",2,2,"ti-fici","fici",2,0,0,1,"tineri","tifici"
616,"tlu","tlu-last_blank","last_blank",2,1,"lye-last_blank","lye",1,0,0,1,"titlu","tilye"
710,"first_blank","first_blank-toam","toam",2,3,"first_blank-fort","fort",3,0,0,1,"toamnă","fortnă"
954,"first_blank","first_blank-torn","torn",3,6,"first_blank-schu","schu",6,0,0,1,"tornadă","schuadă"
274,"to","to-rt","rt",1,2,"to-su","su",2,0,0,1,"tort","tosu"
184,"tor","tor-tu","tu",3,23,"chel-tu","chel",22,1,1,1,"tortura","cheltura"
361,"buc","buc-last_blank","last_blank",2,2,"zir-last_blank","zir",2,0,0,1,"trabuc","trazir"
868,"dă","dă-tor","tor",3,6,"dă-deai","deai",1,5,1,1,"trădător","trădădeai"
573,"di","di-ţio","ţio",4,13,"di-vorţa","vorţa",4,9,2,1,"tradiţional","tradivorţanal"
64,"tra","tra-ge","ge",2,22,"con-ge","con",13,9,0,1,"trage","conge"
931,"tra","tra-gic","gic",2,1,"tra-lei","lei",1,0,0,1,"tragic","tralei"
566,"fer","fer-last_blank","last_blank",2,20,"git-last_blank","git",20,0,0,1,"transfer","transgit"
834,"trans","trans-mi","mi",4,37,"mulţu-mi","mulţu",16,21,0,1,"transmiţător","mulţumiţător"
913,"ta","ta-ment","ment",3,7,"ta-bili","bili",7,0,0,1,"tratament","tratabili"
983,"tre","tre-cut","cut",2,5,"nos-cut","nos",5,0,0,1,"trecut","noscut"
952,"tr","tr-ei","ei",1,1,"tr-ul","ul",1,0,0,1,"trei","trul"
28,"tri","tri-mi","mi",3,31,"isla-mi","isla",2,29,1,1,"trimite","islamite"
296,"plu","plu-last_blank","last_blank",2,10,"que-last_blank","que",10,0,0,1,"triplu","trique"
175,"unghi","unghi-last_blank","last_blank",2,2,"curgi-last_blank","curgi",2,0,0,1,"triunghi","tricurgi"
236,"tr","tr-on","on",1,2,"ft-on","ft",2,0,0,1,"tron","fton"
687,"tu","tu-nel","nel",2,1,"tu-lam","lam",1,0,0,1,"tunel","tulam"
360,"tu","tu-net","net",2,1,"tu-lăm","lăm",1,0,0,1,"tunet","tulăm"
641,"uci","uci-de","de",2,5,"pre-de","pre",5,0,0,1,"ucide","prede"
416,"mi","mi-tor","tor",3,7,"mi-nati","nati",7,0,1,1,"uimitor","uiminati"
158,"first_blank","first_blank-ul","ul",1,60,"first_blank-vă","vă",60,0,0,1,"ulei","văei"
711,"ti","ti-mul","mul",3,2,"ti-inţe","inţe",2,0,1,1,"ultimul","ultiinţe"
627,"um","um-an","an",1,3,"kr-an","kr",3,0,0,1,"uman","kran"
958,"um","um-ed","ed",1,1,"um-fu","fu",1,0,0,1,"umed","umfu"
418,"de","de-va","va",3,6,"echi-va","echi",6,0,2,1,"undeva","unechiva"
864,"un","un-ic","ic",1,2,"un-ty","ty",2,0,0,1,"unic","unty"
445,"first_blank","first_blank-uni","uni",3,87,"first_blank-stra","stra",91,4,1,1,"uniformă","straformă"
203,"first_blank","first_blank-uni","uni",5,87,"first_blank-dezvol","dezvol",21,66,3,1,"universitate","dezvolversitate"
555,"un","un-t","t",1,6,"şi-t","şi",6,0,0,1,"unt","şit"
281,"ât","ât-last_blank","last_blank",1,3,"ej-last_blank","ej",3,0,0,1,"urât","urej"
623,"first_blank","first_blank-ure","ure",2,7,"first_blank-bha","bha",7,0,0,1,"ureche","bhache"
809,"first_blank","first_blank-uri","uri",2,41,"first_blank-glo","glo",41,0,0,1,"urină","glonă"
956,"ri","ri-re","re",4,22,"panze-re","panze",2,20,3,1,"urmarire","urmapanzere"
335,"uş","uş-ă","ă",1,1,"sf-ă","sf",1,0,0,1,"uşă","sfă"
459,"first_blank","first_blank-ușoa","ușoa",2,2,"first_blank-spea","spea",2,0,0,1,"ușoară","speară"
414,"first_blank","first_blank-uş","uş",1,8,"first_blank-ip","ip",8,0,0,1,"uşor","ipor"
66,"first_blank","first_blank-uti","uti",4,45,"first_blank-desfă","desfă",25,20,2,1,"utilizare","desfălizare"
239,"canţă","canţă-last_blank","last_blank",2,1,"tanþã-last_blank","tanþã",1,0,0,1,"vacanţă","vatanþã"
60,"first_blank","first_blank-vac","vac",2,11,"first_blank-plã","plã",11,0,0,1,"vaccin","plãcin"
275,"first_blank","first_blank-va","va",2,364,"first_blank-com","com",378,14,1,1,"vale","comle"
840,"li","li-ză","ză",3,11,"li-tati","tati",11,0,2,1,"valiză","valitati"
999,"pir","pir-last_blank","last_blank",2,5,"tee-last_blank","tee",5,0,0,1,"vampir","vamtee"
777,"va","va-n","n",1,1,"ov-n","ov",1,0,0,1,"van","ovn"
821,"lie","lie-last_blank","last_blank",3,71,"nesc-last_blank","nesc",71,0,1,1,"vanilie","vaninesc"
494,"vân","vân-za","za",3,5,"chea-za","chea",5,0,1,1,"vânzare","cheazare"
776,"vă","vă-rul","rul",2,3,"vă-ţia","ţia",2,1,0,1,"vărul","văţia"
36,"niți","niți-last_blank","last_blank",2,9,"dari-last_blank","dari",9,0,0,1,"veniți","vedari"
895,"first_blank","first_blank-ven","ven",4,30,"first_blank-chris","chris",21,9,2,1,"ventilare","christilare"
537,"nus","nus-last_blank","last_blank",2,21,"mez-last_blank","mez",21,0,0,1,"venus","vemez"
977,"ri","ri-fi","fi",4,61,"ri-seste","seste",2,59,3,1,"verifica","verisesteca"
165,"first_blank","first_blank-vic","vic",3,27,"first_blank-scor","scor",27,0,1,1,"victorie","scortorie"
301,"deo","deo-last_blank","last_blank",2,8,"vil-last_blank","vil",8,0,0,1,"video","vivil"
250,"first_blank","first_blank-vin","vin",2,50,"first_blank-bom","bom",50,0,0,1,"vinde","bomde"
765,"first_blank","first_blank-vin","vin",3,50,"first_blank-aler","aler",49,1,1,1,"vindeca","alerdeca"
603,"vat","vat-last_blank","last_blank",3,42,"rând-last_blank","rând",42,0,1,1,"vinovat","vinorând"
238,"vi","vi-s","s",1,1,"am-s","am",1,0,0,1,"vis","ams"
727,"ta","ta-mi","mi",4,33,"mulţu-mi","mulţu",16,17,3,1,"vitamina","vimulţumina"
285,"te","te-ză","ză",3,10,"prin-ză","prin",8,2,2,1,"viteză","viprinză"
782,"ziu","ziu-ne","ne",3,15,"chel-ne","chel",12,3,1,1,"viziune","vichelne"
992,"first_blank","first_blank-vod","vod",2,2,"first_blank-sty","sty",2,0,0,1,"vodcă","stycă"
988,"first_blank","first_blank-vor","vor",2,67,"first_blank-mus","mus",67,0,0,1,"vorbi","musbi"
523,"vo","vo-t","t",1,1,"us-t","us",1,0,0,1,"vot","ust"
113,"first_blank","first_blank-vră","vră",4,39,"first_blank-domni","domni",36,3,2,1,"vrăjitoare","domnijitoare"
551,"first_blank","first_blank-vred","vred",2,4,"first_blank-acea","acea",4,0,0,1,"vrednic","aceanic"
612,"first_blank","first_blank-vreo","vreo",3,4,"first_blank-acus","acus",4,0,0,1,"vreodată","acusdată"
844,"first_blank","first_blank-wat","wat",2,6,"first_blank-aka","aka",6,0,0,1,"watson","akason"
453,"first_blank","first_blank-we","we",1,67,"first_blank-nă","nă",67,0,0,1,"web","năb"
862,"first_blank","first_blank-wes","wes",2,17,"first_blank-gol","gol",17,0,0,1,"western","goltern"
518,"zard","zard-last_blank","last_blank",2,5,"born-last_blank","born",5,0,0,1,"wizard","wiborn"
685,"ză","ză-pa","pa",3,2,"ghim-pa","ghim",2,0,2,1,"zăpadă","ghimpadă"
82,"first_blank","first_blank-zb","zb",1,8,"first_blank-vu","vu",8,0,0,1,"zbor","vuor"
996,"first_blank","first_blank-zd","zd",1,5,"first_blank-dh","dh",5,0,0,1,"zdrobi","dhrobi"
58,"tere","tere-last_blank","last_blank",5,1,"frângi-last_blank","frângi",1,0,2,1,"zi de nastere","zi de nasfrângi"
74,"ar","ar-last_blank","last_blank",1,77,"by-last_blank","by",77,0,0,1,"ziar","ziby"
1000,"first_blank","first_blank-zo","zo",2,64,"first_blank-mer","mer",64,0,1,1,"zona","merna"
