"word_id","first","original_pair","second","syll","original_freq","replacement_pair","replacement_syll","replacement_freq","freq_diff","char_diff","letter_diff","original_word","replacement_word"
367,"ca","ca-rn","rn",1,3,"ca-si","si",3,0,0,1,"carnival","casiival"
474,"di","di-us","us",1,2,"di-to","to",2,0,0,1,"radius","radito"
300,"स","स-्मात","्मात",3,1,"स-स हग","स हग",1,0,0,1,"अकस्मात","अकसस हग"
228,"ारण","ारण-last_blank","last_blank",2,1,"लईल-last_blank","लईल",1,0,0,1,"अकारण","अकलईल"
5,"अक","अक-ेल","ेल",1,1,"अक-सर","सर",1,0,0,1,"अकेला","अकसरा"
779,"षरशः","षरशः-last_blank","last_blank",3,1,"णड०४-last_blank","णड०४",1,0,0,1,"अक्षरशः","अक्णड०४"
748,"़ा","़ा-last_blank","last_blank",1,1,"في-last_blank","في",1,0,0,1,"अखाड़ा","अखाडفي"
557,"ग्रेज़ी","ग्रेज़ी-last_blank","last_blank",2,1,"धpardhi-last_blank","धpardhi",1,0,0,5,"अंग्रेज़ी","अंधpardhi"
40,"नक से","नक से-last_blank","last_blank",3,1,"ए०एस०-last_blank","ए०एस०",1,0,0,1,"अचानक से","अचाए०एस०"
193,"first_blank","first_blank-अच","अच",1,58,"first_blank-नइ","नइ",58,0,0,1,"अच्छा","नइ्छा"
925,"first_blank","first_blank-अज","अज",2,115,"first_blank-एनए","एनए",37,78,1,1,"अजगर","एनएगर"
44,"्ञान","्ञान-last_blank","last_blank",2,1,"अलइन-last_blank","अलइन",1,0,0,1,"अज्ञान","अजअलइन"
394,"ष्ट्रीय","ष्ट्रीय-last_blank","last_blank",6,1,"धpardhi-last_blank","धpardhi",1,0,0,1,"अंतरराष्ट्रीय","अंतरराधpardhi"
486,"्ष यात्री","्ष यात्री-last_blank","last_blank",6,1,"शaddition-last_blank","शaddition",1,0,0,3,"अंतरिक्ष यात्री","अंतरिकशaddition"
66,"वश्यक","वश्यक-last_blank","last_blank",4,1,"ए०एस०-last_blank","ए०एस०",1,0,0,1,"अति आवश्यक","अति आए०एस०"
653,"त्कृष्ट","त्कृष्ट-last_blank","last_blank",4,1,"धpardhi-last_blank","धpardhi",1,0,0,3,"अति उत्कृष्ट","अति उधpardhi"
469,"first_blank","first_blank-अं","अं",1,1,"first_blank-यउ","यउ",1,0,0,1,"अंतिम","यउतिम"
606,"मानव","मानव-last_blank","last_blank",3,1,"णड०४-last_blank","णड०४",1,0,0,1,"अतिमानव","अतिणड०४"
17,"रिक्त","रिक्त-last_blank","last_blank",3,1,"ष०पर०-last_blank","ष०पर०",1,0,0,2,"अतिरिक्त","अतिष०पर०"
581,"्यंत","्यंत-last_blank","last_blank",2,1,"णड०४-last_blank","णड०४",1,0,0,2,"अत्यंत","अतणड०४"
586,"दर का","दर का-last_blank","last_blank",2,1,"आर०ए०-last_blank","आर०ए०",1,0,0,2,"अंदर का","अंआर०ए०"
579,"धा","धा-last_blank","last_blank",1,1,"रझ-last_blank","रझ",1,0,0,1,"अंधा","अंरझ"
622,"ज़नदार","ज़नदार-last_blank","last_blank",6,1,"धpardhi-last_blank","धpardhi",1,0,1,1,"अधिक वज़नदार","अधिक वधpardhi"
743,"first_blank","first_blank-अं","अं",1,1,"first_blank-एउ","एउ",1,0,0,1,"अंधेरा","एउधेरा"
754,"ययन","ययन-last_blank","last_blank",3,1,"सस क-last_blank","सस क",1,0,1,1,"अध्ययन","अध्सस क"
61,"ाज","ाज-last_blank","last_blank",1,1,"वऊ-last_blank","वऊ",1,0,0,1,"अनाज","अनवऊ"
435,"़ी","़ी-last_blank","last_blank",1,1,"vw-last_blank","vw",1,0,0,1,"अनाड़ी","अनाडvw"
641,"थालय","थालय-last_blank","last_blank",3,1,"णड०४-last_blank","णड०४",1,0,0,1,"अनाथालय","अनाणड०४"
25,"ाम","ाम-last_blank","last_blank",1,1,"फख-last_blank","फख",1,0,0,1,"अनाम","अनफख"
877,"ुबंध","ुबंध-last_blank","last_blank",2,1,"णड०४-last_blank","णड०४",1,0,0,2,"अनुबंध","अनणड०४"
316,"ुभव","ुभव-last_blank","last_blank",2,1,"सइक-last_blank","सइक",1,0,0,1,"अनुभव","अनसइक"
28,"ुभाग","ुभाग-last_blank","last_blank",2,1,"स हग-last_blank","स हग",1,0,0,1,"अनुभाग","अनस हग"
30,"ुमति","ुमति-last_blank","last_blank",2,1,"हममद-last_blank","हममद",1,0,0,1,"अनुमति","अनहममद"
910,"र","र-क्षण","क्षण",4,1,"र-तpppp","तpppp",1,0,1,1,"अनुरक्षण","अनुरतpppp"
457,"संधान","संधान-last_blank","last_blank",3,1,"ष०पर०-last_blank","ष०पर०",1,0,0,2,"अनुसंधान","अनुष०पर०"
27,"्याय","्याय-last_blank","last_blank",2,1,"गढ०२-last_blank","गढ०२",1,0,0,2,"अन्याय","अनगढ०२"
141,"मान","मान-last_blank","last_blank",2,1,"रएव-last_blank","रएव",1,0,0,1,"अपमान","अपरएव"
100,"तनवादी","तनवादी-last_blank","last_blank",7,1,"शaddition-last_blank","शaddition",1,0,3,2,"अपरिवर्तनवादी","अपरिवर्शaddition"
38,"करना","करना-last_blank","last_blank",6,1,"धpardhi-last_blank","धpardhi",1,0,3,1,"अपहरण करना","अपहरण धpardhi"
46,"्रीका","्रीका-last_blank","last_blank",2,1,"आर०ए०-last_blank","आर०ए०",1,0,0,2,"अफ्रीका","अफआर०ए०"
264,"ियान","ियान-last_blank","last_blank",2,1,"अलइन-last_blank","अलइन",1,0,0,1,"अभियान","अभअलइन"
737,"िलेख","िलेख-last_blank","last_blank",2,1,"भ दख-last_blank","भ दख",1,0,0,1,"अभिलेख","अभभ दख"
299,"first_blank","first_blank-अभ","अभ",1,267,"first_blank-वस","वस",265,2,0,1,"अभी","वसी"
993,"भी","भी-last_blank","last_blank",1,1,"अभ-last_blank","अभ",1,0,0,1,"अभी - अभी","अभी  अअभ"
827,"्यास","्यास-last_blank","last_blank",2,1,"	जमम-last_blank","जमम",1,0,0,2,"अभ्यास","अभ	जमम"
498,"जकता","जकता-last_blank","last_blank",3,1,"अलइन-last_blank","अलइन",1,0,0,1,"अराजकता","अराअलइन"
652,"्थ","्थ-last_blank","last_blank",1,1,"औन-last_blank","औन",1,0,0,1,"अर्थ","अरऔन"
55,"ौकिक","ौकिक-last_blank","last_blank",2,1,"य		क-last_blank","यक",1,0,0,1,"अलौकिक","अलय		क"
92,"अव","अव-त","त",3,12,"text-त","text",1,11,2,1,"अवतरण","textतरण"
692,"ोकन","ोकन-last_blank","last_blank",3,1,"	गलम-last_blank","गलम",1,0,1,1,"अवलोकन","अवल	गलम"
50,"स्था","स्था-last_blank","last_blank",2,1,"सibs-last_blank","सibs",1,0,0,1,"अवस्था","अवसibs"
149,"ैध","ैध-last_blank","last_blank",1,1,"আছ-last_blank","আছ",1,0,0,1,"अवैध","अवআছ"
108,"वस्था","वस्था-last_blank","last_blank",4,1,"आई०ड०-last_blank","आई०ड०",1,0,0,1,"अव्यवस्था","अव्यआई०ड०"
73,"ंभव","ंभव-last_blank","last_blank",2,1,"यअस-last_blank","यअस",1,0,0,1,"असंभव","असयअस"
53,"्थता","्थता-last_blank","last_blank",4,1,"आर०ए०-last_blank","आर०ए०",1,0,1,1,"असमर्थता","असमरआर०ए०"
137,"ियत","ियत-last_blank","last_blank",3,1,"च०ड०-last_blank","च०ड०",1,0,1,1,"असलियत","असलच०ड०"
93,"धारण","धारण-last_blank","last_blank",3,1,"	जमम-last_blank","जमम",1,0,0,1,"असाधारण","असा	जमम"
32,"मान्य","मान्य-last_blank","last_blank",3,1,"तpppp-last_blank","तpppp",1,0,0,2,"असामान्य","असातpppp"
41,"धाजनक","धाजनक-last_blank","last_blank",5,1,"तsunil-last_blank","तsunil",1,0,1,1,"असुविधाजनक","असुवितsunil"
187,"पताल","पताल-last_blank","last_blank",3,1,"य		क-last_blank","यक",1,0,0,1,"अस्पताल","अस्य		क"
297,"़े","़े-last_blank","last_blank",1,1,"ढए-last_blank","ढए",1,0,0,1,"आंकड़े","आंकडढए"
58,"्षक","्षक-last_blank","last_blank",3,1,"स हग-last_blank","स हग",1,0,1,1,"आकर्षक","आकरस हग"
934,"्षण","्षण-last_blank","last_blank",3,1,"हममद-last_blank","हममद",1,0,1,1,"आकर्षण","आकरहममद"
750,"ार","ार-last_blank","last_blank",1,1,"ठच-last_blank","ठच",1,0,0,1,"आकार","आकठच"
970,"ाश","ाश-last_blank","last_blank",1,1,"vc-last_blank","vc",1,0,0,1,"आकाश","आकvc"
590," विद्युत"," विद्युत-last_blank","last_blank",6,1,"धpardhi-last_blank","धpardhi",1,0,1,2,"आकाशीय विद्युत","आकाशीयधpardhi"
980,"रमण","रमण-last_blank","last_blank",3,1,"अलइन-last_blank","अलइन",1,0,1,1,"आक्रमण","आक्अलइन"
148,"first_blank","first_blank-आं","आं",1,1,"first_blank-ऱख","ऱख",1,0,0,1,"आंख","ऱखख"
13,"रकार","रकार-last_blank","last_blank",3,1,"स हग-last_blank","स हग",1,0,0,1,"आखिरकार","आखिस हग"
318,"आग","आग-last_blank","last_blank",1,5,"ef-last_blank","ef",5,0,0,1,"आग","ef"
538,"first_blank","first_blank-आग","आग",2,57,"first_blank-एनए","एनए",37,20,1,1,"आगमन","एनएमन"
302," बढ़ना"," बढ़ना-last_blank","last_blank",3,1,"तsunil-last_blank","तsunil",1,0,0,3,"आगे बढ़ना","आगेतsunil"
593,"आज","आज-last_blank","last_blank",1,2,"ल१-last_blank","ल१",2,0,0,1,"आज","ल१"
286,"first_blank","first_blank-आज","आज",1,53,"first_blank-उम","उम",53,0,0,1,"आजादी","उमादी"
432,"़ादी से","़ादी से-last_blank","last_blank",2,1,"धpardhi-last_blank","धpardhi",1,0,0,5,"आज़ादी से","आजधpardhi"
519,"ीविका","ीविका-last_blank","last_blank",2,1,"आई०ड०-last_blank","आई०ड०",1,0,0,3,"आजीविका","आजआई०ड०"
976,"मघाती","मघाती-last_blank","last_blank",3,1,"यbill-last_blank","यbill",1,0,0,2,"आत्मघाती","आत्यbill"
63,"first_blank","first_blank-आत","आत",1,160,"first_blank-si","si",160,0,0,1,"आत्मा","si्मा"
62,"करना","करना-last_blank","last_blank",4,1,"आई०ड०-last_blank","आई०ड०",1,0,1,1,"आदर करना","आदर आई०ड०"
94,"र्श","र्श-last_blank","last_blank",2,1,"गड०-last_blank","गड०",1,0,0,1,"आदर्श","आदगड०"
203,"ेश","ेश-last_blank","last_blank",1,1,"આવ-last_blank","આવ",1,0,0,1,"आदेश","आदઆવ"
369,"first_blank","first_blank-आध","आध",1,58,"first_blank-अच","अच",58,0,0,1,"आधा","अचा"
685,"ार","ार-last_blank","last_blank",1,1,"उङ-last_blank","उङ",1,0,0,1,"आधार","आधउङ"
21,"क तौर पर","क तौर पर-last_blank","last_blank",7,1,"धpardhi-last_blank","धpardhi",1,0,1,1,"आधिकारिक तौर पर","आधिकारिधpardhi"
403,"ी रात","ी रात-last_blank","last_blank",2,1,"तajay-last_blank","तajay",1,0,0,3,"आधी रात","आधतajay"
468,"ुनिक","ुनिक-last_blank","last_blank",2,1,"त एक-last_blank","त एक",1,0,0,1,"आधुनिक","आधत एक"
983,"ंद","ंद-last_blank","last_blank",1,1,"ej-last_blank","ej",1,0,0,1,"आनंद","आनej"
56,"first_blank","first_blank-आन","आन",1,108,"first_blank-अब","अब",108,0,0,1,"आना","अबा"
527,"वाला कल","वाला कल-last_blank","last_blank",4,1,"धpardhi-last_blank","धpardhi",1,0,0,3,"आने वाला कल","आने धpardhi"
156,"शनल","शनल-last_blank","last_blank",4,1,"आई०ड०-last_blank","आई०ड०",1,0,2,1,"आपरेशनल","आपरेआई०ड०"
764,"first_blank","first_blank-आब","आब",1,28,"first_blank-हच","हच",28,0,0,1,"आबादी","हचादी"
411,"first_blank","first_blank-आभ","आभ",1,27,"first_blank-नथ","नथ",27,0,0,1,"आभारी","नथारी"
134,"आम","आम-last_blank","last_blank",1,3,"yu-last_blank","yu",3,0,0,1,"आम","yu"
883,"ोग","ोग-last_blank","last_blank",1,1,"bk-last_blank","bk",1,0,0,1,"आयोग","आयbk"
930,"दायक","दायक-last_blank","last_blank",4,1,"ष०पर०-last_blank","ष०पर०",1,0,1,1,"आरामदायक","आरामष०पर०"
549,"क रूप से","क रूप से-last_blank","last_blank",5,1,"धpardhi-last_blank","धpardhi",1,0,1,3,"आर्थिक रूप से","आर्थिधpardhi"
324,"first_blank","first_blank-आल","आल",1,98,"first_blank-बट","बट",98,0,0,1,"आलू","बटू"
280,"first_blank","first_blank-आव","आव",2,109,"first_blank-एनए","एनए",37,72,1,1,"आवरण","एनएरण"
751,"first_blank","first_blank-आव","आव",1,109,"first_blank-२०","२०",109,0,0,1,"आवाज़","२०ाज़"
849,"ृत्ति","ृत्ति-last_blank","last_blank",2,1,"ष०पर०-last_blank","ष०पर०",1,0,0,3,"आवृत्ति","आवष०पर०"
74,"first_blank","first_blank-आश","आश",1,62,"first_blank-पए","पए",62,0,0,1,"आशा","पएा"
780,"ावादी","ावादी-last_blank","last_blank",2,1,"ए०एस०-last_blank","ए०एस०",1,0,0,3,"आशावादी","आशए०एस०"
438,"चर्य","चर्य-last_blank","last_blank",3,1,"एसस०-last_blank","एसस०",1,0,0,1,"आश्चर्य","आश्एसस०"
122,"first_blank","first_blank-आँ","आँ",1,1,"first_blank-उई","उई",1,0,0,1,"आँसू","उईसू"
795,"ाई","ाई-last_blank","last_blank",1,1,"mx-last_blank","mx",1,0,0,1,"इकाई","इकmx"
781,"ीनियर","ीनियर-last_blank","last_blank",3,1,"एन०ए०-last_blank","एन०ए०",1,0,0,1,"इंजीनियर","इंजएन०ए०"
814,"रनेट","रनेट-last_blank","last_blank",3,1,"णड०४-last_blank","णड०४",1,0,0,1,"इंटरनेट","इंटणड०४"
439,"तिहान","तिहान-last_blank","last_blank",2,1,"तajay-last_blank","तajay",1,0,0,2,"इंतिहान","इंतajay"
974,"कार","कार-last_blank","last_blank",2,1,"नओट-last_blank","नओट",1,0,0,1,"इनकार","इननओट"
466,"्तीफा","्तीफा-last_blank","last_blank",2,1,"आई०ड०-last_blank","आई०ड०",1,0,0,3,"इस्तीफा","इसआई०ड०"
226,"्ष्या","्ष्या-last_blank","last_blank",2,1,"तajay-last_blank","तajay",1,0,0,3,"ईर्ष्या","ईरतajay"
10,"first_blank","first_blank-उं","उं",1,1,"first_blank-એક","એક",1,0,0,1,"उंगली","એકगली"
761,"ेणी का वकील","ेणी का वकील-last_blank","last_blank",8,1,"यsiddhartha-last_blank","यsiddhartha",1,0,0,3,"उच्च श्रेणी का वकील","उच्च श्रयsiddhartha"
551,"first_blank","first_blank-उठा","उठा",2,1,"first_blank-ससए","ससए",1,0,0,1,"उठाईगीरा","ससएईगीरा"
292,"्तर","्तर-last_blank","last_blank",2,1,"वईय-last_blank","वईय",1,0,0,1,"उत्तर","उतवईय"
389," करनेवाला"," करनेवाला-last_blank","last_blank",8,1,"शaddition-last_blank","शaddition",1,0,0,1,"उत्तेजित करनेवाला","उत्तेजितशaddition"
853,"्रेरक","्रेरक-last_blank","last_blank",4,1,"ए०एस०-last_blank","ए०एस०",1,0,0,1,"उत्प्रेरक","उत्पए०एस०"
826,"्योग","्योग-last_blank","last_blank",2,1,"स हग-last_blank","स हग",1,0,0,1,"उद्योग","उदस हग"
762,"उप","उप-क","क",3,17,"text-क","text",4,13,2,1,"उपकरण","textकरण"
104,"नाम","नाम-last_blank","last_blank",2,1,"कइस-last_blank","कइस",1,0,0,1,"उपनाम","उपकइस"
529,"योगी","योगी-last_blank","last_blank",2,1,"य		क-last_blank","यक",1,0,0,1,"उपयोगी","उपय		क"
29,"्थिति","्थिति-last_blank","last_blank",3,1,"यbill-last_blank","यbill",1,0,0,2,"उपस्थिति","उपसयbill"
792,"first_blank","first_blank-उफ","उफ",1,4,"first_blank-km","km",4,0,0,1,"उफौ","kmौ"
308,"ंग","ंग-last_blank","last_blank",1,1,"rī-last_blank","rī",1,0,0,1,"उमंग","उमrī"
643,"ीदवार","ीदवार-last_blank","last_blank",4,1,"तajay-last_blank","तajay",1,0,0,1,"उम्मीदवार","उम्मतajay"
51,"ू बनाना","ू बनाना-last_blank","last_blank",4,1,"धpardhi-last_blank","धpardhi",1,0,0,3,"उल्लू बनाना","उल्लधpardhi"
351,"first_blank","first_blank-ऊप","ऊप",1,7,"first_blank-vc","vc",7,0,0,1,"ऊपर","vcर"
356,"एक","एक-last_blank","last_blank",1,28,"ow-last_blank","ow",29,1,0,1,"एक","ow"
303,"ें","ें-ट","ट",1,1,"घम-ट","घम",1,0,0,1,"एजेंट","एजघमट"
2,"्स","्स-last_blank","last_blank",1,1,"ऍब-last_blank","ऍब",1,0,0,1,"एड्स","एडऍब"
222,"्बम","्बम-last_blank","last_blank",2,1,"र ह-last_blank","र ह",1,0,0,1,"एल्बम","एलर ह"
417,"एश","एश-last_blank","last_blank",1,1,"ठए-last_blank","ठए",1,0,0,1,"एश","ठए"
42,"पिरिन","पिरिन-last_blank","last_blank",3,1,"तajay-last_blank","तajay",1,0,0,2,"एस्पिरिन","एस्तajay"
876,"सास","सास-last_blank","last_blank",2,1,"डएक-last_blank","डएक",1,0,0,1,"एहसास","एहडएक"
609,"ेस्ट्रा","ेस्ट्रा-last_blank","last_blank",4,1,"धpardhi-last_blank","धpardhi",1,0,0,3,"ऑर्केस्ट्रा","ऑर्कधpardhi"
442,"ाज़्म","ाज़्म-last_blank","last_blank",2,1,"यbill-last_blank","यbill",1,0,0,3,"ओगाज़्म","ओगयbill"
218,"first_blank","first_blank-ओं","ओं",1,1,"first_blank-हó","हó",1,0,0,1,"ओंठ","हóठ"
959,"ओव","ओव-न","न",1,2,"फए-न","फए",2,0,0,1,"ओवन","फएन"
151,"्ष","्ष-last_blank","last_blank",1,1,"yg-last_blank","yg",1,0,0,1,"कक्ष","ककyg"
957,"कक","कक-्ष","्ष",1,1,"कक-शस","शस",1,0,0,1,"कक्षा","ककशसा"
120,"रा","रा-last_blank","last_blank",1,1,"४ज-last_blank","४ज",1,0,0,1,"कचरा","कच४ज"
547,"कट","कट-ोर","ोर",1,1,"कट-जय","जय",1,0,0,1,"कटोरा","कटजया"
686,"ोर","ोर-last_blank","last_blank",1,1,"ञई-last_blank","ञई",1,0,0,1,"कठोर","कठञई"
963,"first_blank","first_blank-कद","कद",1,96,"first_blank-लम","लम",96,0,0,1,"कदम","लमम"
241,"first_blank","first_blank-कं","कं",1,1,"first_blank-वऊ","वऊ",1,0,0,1,"कंधा","वऊधा"
177,"कप","कप-last_blank","last_blank",1,45,"षम-last_blank","षम",47,2,0,1,"कप","षम"
738,"कप","कप-ड़","ड़",1,1,"कप-नय","नय",1,0,0,1,"कपड़ा","कपनया"
434,"first_blank","first_blank-कं","कं",1,1,"first_blank-بی","بی",1,0,0,1,"कंपनी","بیपनी"
366,"first_blank","first_blank-कं","कं",1,1,"first_blank-پر","پر",1,0,0,1,"कंबल","پرबल"
7,"ी  कभी","ी  कभी-last_blank","last_blank",2,1,"ज०म०म०-last_blank","ज०म०म०",1,0,0,4,"कभी - कभी","कभज०म०म०"
127,"ी नहीँ","ी नहीँ-last_blank","last_blank",2,1,"यmayur-last_blank","यmayur",1,0,0,4,"कभी नहीँ","कभयmayur"
36,"कम","कम-last_blank","last_blank",1,95,"षठ-last_blank","षठ",86,9,0,1,"कम","षठ"
16,"स","स-मझना","मझना",4,1,"	स-सकत","सकत",1,0,0,1,"कम समझना","कम 	ससकत"
125,"ांडर","ांडर-last_blank","last_blank",2,1,"च०ड०-last_blank","च०ड०",1,0,0,1,"कमांडर","कमच०ड०"
313,"ीज","ीज-last_blank","last_blank",1,1,"औई-last_blank","औई",1,0,0,1,"कमीज","कमऔई"
101,"ड़पति","ड़पति-last_blank","last_blank",3,1,"ष०पर०-last_blank","ष०पर०",1,0,0,1,"करोड़पति","करोष०पर०"
885,"मी दल","मी दल-last_blank","last_blank",3,1,"ष०पर०-last_blank","ष०पर०",1,0,0,2,"कर्मी दल","कर्ष०पर०"
917,"first_blank","first_blank-कल","कल",1,684,"first_blank-सर","सर",713,29,0,1,"कला","सरा"
261,"ाकार","ाकार-last_blank","last_blank",2,1,"	जमम-last_blank","जमम",1,0,0,2,"कलाकार","कल	जमम"
75,"ेक्ट","ेक्ट-last_blank","last_blank",2,1,"य		क-last_blank","यक",1,0,0,2,"कलेक्ट","कलय		क"
720,"्पना","्पना-last_blank","last_blank",2,1,"स हग-last_blank","स हग",1,0,0,2,"कल्पना","कलस हग"
372,"ित कथा","ित कथा-last_blank","last_blank",4,1,"तsunil-last_blank","तsunil",1,0,0,2,"कल्पित कथा","कल्पतsunil"
760,"first_blank","first_blank-कव","कव",1,299,"first_blank-लक","लक",298,1,0,1,"कवि","लकि"
379,"्ट","्ट-last_blank","last_blank",1,1,"wc-last_blank","wc",1,0,0,1,"कष्ट","कषwc"
142," खाता"," खाता-last_blank","last_blank",3,1,"तajay-last_blank","तajay",1,0,0,2,"कसम खाता","कसमतajay"
144,"ीं","ीं-last_blank","last_blank",1,1,"उह-last_blank","उह",1,0,0,1,"कहीं","कहउह"
566,"first_blank","first_blank-कह","कह",1,69,"first_blank-इत","इत",69,0,0,1,"कहो","इतो"
304,"first_blank","first_blank-का","का",1,1,"first_blank-६व","६व",1,0,0,1,"काउंटी","६वउंटी"
135,"first_blank","first_blank-का","का",1,1,"first_blank-മല","മല",1,0,0,1,"कागज़","മലगज़"
610,"first_blank","first_blank-का","का",1,1,"first_blank-أب","أب",1,0,0,1,"कांच","أبंच"
900,"नू","नू-न","न",1,1,"थग-न","थग",1,0,0,1,"कानून","काथगन"
150,"first_blank","first_blank-का","का",1,1,"first_blank-उई","उई",1,0,0,1,"काम","उईम"
462,"मचोर","मचोर-last_blank","last_blank",2,1,"मन०i-last_blank","मन०i",1,0,0,1,"कामचोर","कामन०i"
766,"first_blank","first_blank-का","का",1,1,"first_blank-کر","کر",1,0,0,1,"कारण","کرरण"
989,"र्बन","र्बन-last_blank","last_blank",2,1,"अलइन-last_blank","अलइन",1,0,0,1,"कार्बन","काअलइन"
227,"्यशाला","्यशाला-last_blank","last_blank",3,1,"यmayur-last_blank","यmayur",1,0,0,3,"कार्यशाला","कारयmayur"
554,"नी","नी-last_blank","last_blank",1,1,"કર-last_blank","કર",1,0,0,1,"कालोनी","कालोકર"
160,"ये","ये-last_blank","last_blank",1,1,"પઢ-last_blank","પઢ",1,0,0,1,"किराये","किराપઢ"
977,"राये का","राये का-last_blank","last_blank",2,1,"धpardhi-last_blank","धpardhi",1,0,0,5,"किराये का","किधpardhi"
632,"ायेदार","ायेदार-last_blank","last_blank",3,1,"ज०म०म०-last_blank","ज०म०म०",1,0,0,3,"किरायेदार","किरज०म०म०"
247,"लो","लो-last_blank","last_blank",1,1,"झख-last_blank","झख",1,0,0,1,"किलो","किझख"
683,"ोमीटर","ोमीटर-last_blank","last_blank",3,1,"ष०पर०-last_blank","ष०पर०",1,0,0,2,"किलोमीटर","किलष०पर०"
162,"शोर का","शोर का-last_blank","last_blank",2,1,"ज०म०म०-last_blank","ज०म०म०",1,0,0,4,"किशोर का","किज०म०म०"
637,"first_blank","first_blank-कि","कि",1,1,"first_blank-खछ","खछ",1,0,0,1,"किसान","खछसान"
277,"first_blank","first_blank-की","की",1,1,"first_blank-घञ","घञ",1,0,0,1,"की जांच","घञ जांच"
337," वसूली"," वसूली-last_blank","last_blank",2,1,"तsunil-last_blank","तsunil",1,0,0,4,"की वसूली","कीतsunil"
739,"first_blank","first_blank-की","की",1,1,"first_blank-മല","മല",1,0,0,1,"कीचड़","മലचड़"
912,"first_blank","first_blank-की","की",1,1,"first_blank-µg","µg",1,0,0,1,"कीड़ा","µgड़ा"
179,"छ नहीं","छ नहीं-last_blank","last_blank",2,1,"तsunil-last_blank","तsunil",1,0,0,4,"कुछ नहीं","कुतsunil"
591,"first_blank","first_blank-कु","कु",1,1,"first_blank-લક","લક",1,0,0,1,"कुत्ता","લકत्ता"
23,"ाधिपति","ाधिपति-last_blank","last_blank",3,1,"यmayur-last_blank","यmayur",1,0,0,3,"कुलाधिपति","कुलयmayur"
419,"्र","्र-last_blank","last_blank",1,1,"४थ-last_blank","४थ",1,0,0,1,"केंद्र","केंद४थ"
777,"first_blank","first_blank-के","के",1,1,"first_blank-ऑख","ऑख",1,0,0,1,"केबल","ऑखबल"
343,"first_blank","first_blank-के","के",1,1,"first_blank-ét","ét",1,0,0,1,"केबिन","étबिन"
960,"first_blank","first_blank-के","के",1,1,"first_blank-खघ","खघ",1,0,0,1,"केला","खघला"
892,"first_blank","first_blank-के","के",1,1,"first_blank-uu","uu",1,0,0,1,"केवल","uuवल"
385,"के","के-श","श",1,1,"चक-श","चक",1,0,0,1,"केश","चकश"
89,"थोलिक","थोलिक-last_blank","last_blank",2,1,"एन०ए०-last_blank","एन०ए०",1,0,0,3,"कैथोलिक","कैएन०ए०"
294,"प्सूल","प्सूल-last_blank","last_blank",2,1,"आर०ए०-last_blank","आर०ए०",1,0,0,3,"कैप्सूल","कैआर०ए०"
661,"first_blank","first_blank-कै","कै",1,1,"first_blank-एध","एध",1,0,0,1,"कैमरा","एधमरा"
995,"first_blank","first_blank-को","को",1,1,"first_blank-२ज","२ज",1,0,0,1,"कोकीन","२जकीन"
196,"first_blank","first_blank-को","को",1,1,"first_blank-lm","lm",1,0,0,1,"कोच","lmच"
488,"first_blank","first_blank-को","को",1,1,"first_blank-آئ","آئ",1,0,0,1,"कोड","آئड"
212,"ने","ने-last_blank","last_blank",1,1,"फ०-last_blank","फ०",1,0,0,1,"कोने","कोफ०"
360,"first_blank","first_blank-को","को",1,1,"first_blank-ନହ","ନହ",1,0,0,1,"कोयला","ନହयला"
455,"first_blank","first_blank-को","को",1,1,"first_blank-তজ","তজ",1,0,0,1,"कोर्ट","তজर्ट"
531,"िश करो","िश करो-last_blank","last_blank",3,1,"तsunil-last_blank","तsunil",1,0,0,3,"कोशिश करो","कोशतsunil"
341,"first_blank","first_blank-को","को",1,1,"first_blank-उए","उए",1,0,0,1,"कोसना","उएसना"
771,"first_blank","first_blank-क्","क्",1,1,"first_blank-ढ२","ढ२",1,0,0,1,"क्या","ढ२या"
475," उन्नति"," उन्नति-last_blank","last_blank",6,1,"धpardhi-last_blank","धpardhi",1,0,0,1,"क्रमागत उन्नति","क्रमागतधpardhi"
281,"िसमस","िसमस-last_blank","last_blank",3,1,"भ दख-last_blank","भ दख",1,0,0,1,"क्रिसमस","क्रभ दख"
440,"रू","रू-र","र",1,1,"चल-र","चल",1,0,0,1,"क्रूर","क्चलर"
359,"first_blank","first_blank-क्","क्",1,1,"first_blank-ॵर","ॵर",1,0,0,1,"क्रोध","ॵररोध"
275,"first_blank","first_blank-क्","क्",1,1,"first_blank-hf","hf",1,0,0,1,"क्लब","hfलब"
516,"षमता","षमता-last_blank","last_blank",2,1,"हममद-last_blank","हममद",1,0,0,1,"क्षमता","क्हममद"
188,"ा करना","ा करना-last_blank","last_blank",4,1,"यmayur-last_blank","यmayur",1,0,0,2,"क्षमा करना","क्षमयmayur"
189,"षेत्र","षेत्र-last_blank","last_blank",2,1,"ष०पर०-last_blank","ष०पर०",1,0,0,2,"क्षेत्र","क्ष०पर०"
20,"्राधिकार","्राधिकार-last_blank","last_blank",5,1,"धpardhi-last_blank","धpardhi",1,0,1,3,"क्षेत्राधिकार","क्षेतधpardhi"
964,"ेत्रीय","ेत्रीय-last_blank","last_blank",3,1,"यmayur-last_blank","यmayur",1,0,0,3,"क्षेत्रीय","क्षयmayur"
868,"first_blank","first_blank-खज","खज",1,39,"first_blank-ke","ke",39,0,0,1,"खजाना","keाना"
608,"़ा होना","़ा होना-last_blank","last_blank",2,1,"धpardhi-last_blank","धpardhi",1,0,0,5,"खड़ा होना","खडधpardhi"
600,"ीदना","ीदना-last_blank","last_blank",2,1,"गढ०२-last_blank","गढ०२",1,0,0,2,"खरीदना","खरगढ०२"
270,"ों","ों-च","च",1,1,"कउ-च","कउ",1,0,0,1,"खरोंच","खरकउच"
570,"first_blank","first_blank-खा","खा",1,1,"first_blank-शठ","शठ",1,0,0,1,"खाड़ी","शठड़ी"
630,"ना","ना-last_blank","last_blank",1,1,"सउ-last_blank","सउ",1,0,0,1,"खाना","खासउ"
617,"first_blank","first_blank-खा","खा",1,1,"first_blank-उए","उए",1,0,0,1,"खाली","उएली"
597,"first_blank","first_blank-खा","खा",1,1,"first_blank-थl","थl",1,0,0,1,"खांसी","थlंसी"
408,"की","की-last_blank","last_blank",1,1,"સથ-last_blank","સથ",1,0,0,1,"खिड़की","खिड़સથ"
76,"first_blank","first_blank-खु","खु",1,1,"first_blank-સધ","સધ",1,0,0,1,"खुराक","સધराक"
568,"ला हुआ","ला हुआ-last_blank","last_blank",2,1,"ज०म०म०-last_blank","ज०म०म०",1,0,0,4,"खुला हुआ","खुज०म०म०"
216,"ा करना","ा करना-last_blank","last_blank",4,1,"तsunil-last_blank","तsunil",1,0,0,2,"गड्ढा करना","गड्ढतsunil"
240,"दा","दा-last_blank","last_blank",1,1,"हi-last_blank","हi",1,0,0,1,"गंदा","गंहi"
243,"first_blank","first_blank-गध","गध",1,30,"first_blank-ऐन","ऐन",30,0,0,1,"गधा","ऐना"
147,"शप","शप-last_blank","last_blank",2,43,"सइड-last_blank","सइड",44,1,1,1,"गपशप","गपसइड"
126,"first_blank","first_blank-गं","गं",1,1,"first_blank-ञव","ञव",1,0,0,1,"गंभीर","ञवभीर"
364,"गर","गर-ज","ज",1,13,"अभ-ज","अभ",13,0,0,1,"गरज","अभज"
336,"first_blank","first_blank-गर","गर",1,596,"first_blank-co","co",616,20,0,1,"गरम","coम"
410,"ीब","ीब-last_blank","last_blank",1,1,"शघ-last_blank","शघ",1,0,0,1,"गरीब","गरशघ"
140,"गर","गर-ीब","ीब",1,1,"गर-पर","पर",1,0,0,1,"गरीबी","गरपरी"
354,"गर","गर-्म","्म",1,1,"गर-फल","फल",1,0,0,1,"गर्मी","गरफली"
315,"्व","्व-last_blank","last_blank",1,1,"ତଵ-last_blank","ତଵ",1,0,0,1,"गर्व","गरତଵ"
907,"गल","गल-त","त",1,6,"इम-त","इम",2,4,0,1,"गलत","इमत"
209,"first_blank","first_blank-गल","गल",1,291,"first_blank-अव","अव",290,1,0,1,"गला","अवा"
942,"first_blank","first_blank-गा","गा",1,1,"first_blank-یا","یا",1,0,0,1,"गाय","یاय"
856,"first_blank","first_blank-गा","गा",1,1,"first_blank-रऑ","रऑ",1,0,0,1,"गायक","रऑयक"
775,"first_blank","first_blank-गा","गा",1,1,"first_blank-तढ","तढ",1,0,0,1,"गारंटी","तढरंटी"
1,"first_blank","first_blank-गि","गि",1,1,"first_blank-घइ","घइ",1,0,0,1,"गिनती","घइनती"
346,"first_blank","first_blank-गि","गि",1,1,"first_blank-ଶର","ଶର",1,0,0,1,"गिरना","ଶରरना"
887,"first_blank","first_blank-गि","गि",1,1,"first_blank-बऱ","बऱ",1,0,0,1,"गिरोह","बऱरोह"
115,"लहरी","लहरी-last_blank","last_blank",2,1,"हममद-last_blank","हममद",1,0,0,2,"गिलहरी","गिहममद"
197,"first_blank","first_blank-गु","गु",1,1,"first_blank-१ब","१ब",1,0,0,1,"गुड़िया","१बड़िया"
319,"ुनाहट","ुनाहट-last_blank","last_blank",4,1,"तajay-last_blank","तajay",1,0,0,1,"गुनगुनाहट","गुनगतajay"
728,"first_blank","first_blank-गु","गु",1,1,"first_blank-ଶର","ଶର",1,0,0,1,"गुप्त","ଶରप्त"
699,"first_blank","first_blank-गु","गु",1,1,"first_blank-१अ","१अ",1,0,0,1,"गुर्दा","१अर्दा"
524,"first_blank","first_blank-गे","गे",1,1,"first_blank-वï","वï",1,0,0,1,"गेलरी","वïलरी"
86,"first_blank","first_blank-गै","गै",1,1,"first_blank-ଏତ","ଏତ",1,0,0,1,"गैस","ଏତस"
256,"first_blank","first_blank-गो","गो",1,1,"first_blank-मʌ","मʌ",1,0,0,1,"गोल","मʌल"
232,"first_blank","first_blank-गो","गो",1,1,"first_blank-लऱ","लऱ",1,0,0,1,"गोली","लऱली"
329,"फ़","फ़-last_blank","last_blank",1,1,"જવ-last_blank","જવ",1,0,0,1,"गोल्फ़","गोल्જવ"
234,"first_blank","first_blank-गौ","गौ",1,1,"first_blank-१ज","१ज",1,0,0,1,"गौरव","१जरव"
163,"first_blank","first_blank-ग्","ग्",1,1,"first_blank-औट","औट",1,0,0,1,"ग्रह","औटरह"
395,"ना","ना-last_blank","last_blank",1,1,"gx-last_blank","gx",1,0,0,1,"घटना","घटgx"
998,"त होना","त होना-last_blank","last_blank",3,1,"तsunil-last_blank","तsunil",1,0,0,2,"घटित होना","घटितsunil"
239,"first_blank","first_blank-घा","घा",1,1,"first_blank-हऑ","हऑ",1,0,0,1,"घातक","हऑतक"
271,"घा","घा-व","व",1,1,"ॠग-व","ॠग",1,0,0,1,"घाव","ॠगव"
365,"वार सेना","वार सेना-last_blank","last_blank",5,1,"धpardhi-last_blank","धpardhi",1,0,1,3,"घुड़सवार सेना","घुड़सधpardhi"
509,"णा","णा-last_blank","last_blank",1,1,"सऩ-last_blank","सऩ",1,0,0,1,"घृणा","घृसऩ"
166,"णि","णि-त","त",1,1,"झक-त","झक",1,0,0,1,"घृणित","घृझकत"
121,"first_blank","first_blank-घो","घो",1,1,"first_blank-अए","अए",1,0,0,1,"घोंघा","अएंघा"
12,"first_blank","first_blank-घो","घो",1,1,"first_blank-ढव","ढव",1,0,0,1,"घोंसला","ढवंसला"
992,"र पदार्थ","र पदार्थ-last_blank","last_blank",7,1,"धpardhi-last_blank","धpardhi",1,0,1,1,"चक्राकार पदार्थ","चक्राकाधpardhi"
694,"नी","नी-last_blank","last_blank",1,1,"ढठ-last_blank","ढठ",1,0,0,1,"चटनी","चटढठ"
464,"्टान","्टान-last_blank","last_blank",2,1,"अलइन-last_blank","अलइन",1,0,0,1,"चट्टान","चटअलइन"
168,"ना","ना-last_blank","last_blank",1,1,"लण-last_blank","लण",1,0,0,1,"चढना","चढलण"
249,"first_blank","first_blank-चम","चम",1,103,"first_blank-२२","२२",103,0,0,1,"चमक","२२क"
146,"्मच","्मच-last_blank","last_blank",2,1,"झआग-last_blank","झआग",1,0,0,1,"चम्मच","चमझआग"
824,"ित्र","ित्र-last_blank","last_blank",2,1,"हममद-last_blank","हममद",1,0,0,2,"चरित्र","चरहममद"
267,"्च","्च-last_blank","last_blank",1,1,"jy-last_blank","jy",1,0,0,1,"चर्च","चरjy"
899,"चल","चल-ान","ान",1,1,"चल-कट","कट",1,0,0,1,"चलाना","चलकटा"
331,"first_blank","first_blank-चश","चश",1,8,"first_blank-छक","छक",8,0,0,1,"चश्मा","छक्मा"
490,"चा","चा-last_blank","last_blank",1,1,"ओप-last_blank","ओप",1,0,0,1,"चाचा","चाओप"
722,"ंद","ंद-last_blank","last_blank",1,1,"हo-last_blank","हo",1,0,0,1,"चांद","चाहo"
956,"first_blank","first_blank-चा","चा",1,1,"first_blank-کا","کا",1,0,0,1,"चांद्र","کاंद्र"
278,"पलूसी","पलूसी-last_blank","last_blank",2,1,"ए०एस०-last_blank","ए०एस०",1,0,0,2,"चापलूसी","चाए०एस०"
763,"भी","भी-last_blank","last_blank",1,1,"گی-last_blank","گی",1,0,0,1,"चाभी","चाگی"
195,"रा","रा-last_blank","last_blank",1,1,"dz-last_blank","dz",1,0,0,1,"चारा","चाdz"
84,"कित्सा","कित्सा-last_blank","last_blank",2,1,"ज०म०म०-last_blank","ज०म०म०",1,0,0,4,"चिकित्सा","चिज०म०म०"
894,"़ियाघर","़ियाघर-last_blank","last_blank",3,1,"तsunil-last_blank","तsunil",1,0,0,3,"चिड़ियाघर","चिडतsunil"
260,"first_blank","first_blank-चि","चि",1,1,"first_blank-	t","	t",1,0,0,1,"चिंता","	tंता"
601,"first_blank","first_blank-चि","चि",1,1,"first_blank-oo","oo",1,0,0,1,"चिंतित","ooंतित"
352,"first_blank","first_blank-चि","चि",1,1,"first_blank-४ज","४ज",1,0,0,1,"चित्र","४जत्र"
269,"नी","नी-last_blank","last_blank",1,1,"cb-last_blank","cb",1,0,0,1,"चीनी","चीcb"
263,"first_blank","first_blank-चु","चु",1,1,"first_blank-ऐष","ऐष",1,0,0,1,"चुनें","ऐषनें"
833,"first_blank","first_blank-चु","चु",1,1,"first_blank-ढए","ढए",1,0,0,1,"चुप","ढएप"
589,"ंबकीय","ंबकीय-last_blank","last_blank",2,1,"यbill-last_blank","यbill",1,0,0,3,"चुंबकीय","चुयbill"
320,"first_blank","first_blank-चु","चु",1,1,"first_blank-تع","تع",1,0,0,1,"चुम्मा","تعम्मा"
65," लेनेवाला"," लेनेवाला-last_blank","last_blank",4,1,"शaddition-last_blank","शaddition",1,0,0,5,"चुरा लेनेवाला","चुराशaddition"
759,"ना","ना-last_blank","last_blank",1,1,"فى-last_blank","فى",1,0,0,1,"चुराना","चुराفى"
245,"first_blank","first_blank-चू","चू",1,1,"first_blank-बऔ","बऔ",1,0,0,1,"चूसना","बऔसना"
266,"first_blank","first_blank-चू","चू",1,1,"first_blank-१अ","१अ",1,0,0,1,"चूहा","१अहा"
48,"तावनी","तावनी-last_blank","last_blank",2,1,"तajay-last_blank","तajay",1,0,0,2,"चेतावनी","चेतajay"
879,"first_blank","first_blank-चै","चै",1,1,"first_blank-ठ०","ठ०",1,0,0,1,"चैनल","ठ०नल"
712,"ंपियन","ंपियन-last_blank","last_blank",2,1,"यbill-last_blank","यbill",1,0,0,3,"चैंपियन","चैयbill"
758,"री होना","री होना-last_blank","last_blank",2,1,"धpardhi-last_blank","धpardhi",1,0,0,5,"चोरी होना","चोधpardhi"
979,"़ी","़ी-last_blank","last_blank",1,1,"सउ-last_blank","सउ",1,0,0,1,"छड़ी","छडसउ"
638,"छल","छल-last_blank","last_blank",1,11,"णव-last_blank","णव",11,0,0,1,"छल","णव"
24,"first_blank","first_blank-छा","छा",1,1,"first_blank-ଗୟ","ଗୟ",1,0,0,1,"छात्र","ଗୟत्र"
284,"टी","टी-last_blank","last_blank",1,1,"રત-last_blank","રત",1,0,0,1,"छुट्टी","छुट्રત"
640," खाया हुआ"," खाया हुआ-last_blank","last_blank",4,1,"शaddition-last_blank","शaddition",1,0,0,5,"ज़ंग खाया हुआ","ज़ंगशaddition"
767,"first_blank","first_blank-जं","जं",1,1,"first_blank-کے","کے",1,0,0,1,"जंगल","کےगल"
726,"first_blank","first_blank-जं","जं",1,1,"first_blank-ઈસ","ઈસ",1,0,0,1,"जंजीर","ઈસजीर"
380,"सैलाब","सैलाब-last_blank","last_blank",3,1,"तpppp-last_blank","तpppp",1,0,0,2,"जन सैलाब","जन तpppp"
736,"जन","जन-क","क",1,20,"उप-क","उप",17,3,0,1,"जनक","उपक"
210,"्म","्म-last_blank","last_blank",1,1,"vy-last_blank","vy",1,0,0,1,"जन्म","जनvy"
288,"री","री-last_blank","last_blank",1,1,"सछ-last_blank","सछ",1,0,0,1,"ज़रूरी","ज़रूसछ"
668,"first_blank","first_blank-ज़","ज़",1,1,"first_blank-آز","آز",1,0,0,1,"ज़हर","آزहर"
864,"ँच","ँच-last_blank","last_blank",1,1,"ری-last_blank","ری",1,0,0,1,"जाँच","जाری"
855,"first_blank","first_blank-जा","जा",1,1,"first_blank-झइ","झइ",1,0,0,1,"जाज","झइज"
131,"तिवाद","तिवाद-last_blank","last_blank",2,1,"तajay-last_blank","तajay",1,0,0,2,"जातिवाद","जातajay"
296,"first_blank","first_blank-जा","जा",1,1,"first_blank-oz","oz",1,0,0,1,"जादू","ozदू"
301,"नवर","नवर-last_blank","last_blank",2,1,"रइम-last_blank","रइम",1,0,0,1,"जानवर","जारइम"
532,"first_blank","first_blank-जा","जा",1,1,"first_blank-णल","णल",1,0,0,1,"जाल","णलल"
207,"सू","सू-स","स",1,1,"वद-स","वद",1,0,0,1,"जासूस","जावदस"
363,"सी","सी-last_blank","last_blank",1,1,"वआ-last_blank","वआ",1,0,0,1,"जासूसी","जासूवआ"
972,"first_blank","first_blank-ज़","ज़",1,1,"first_blank-تر","تر",1,0,0,1,"ज़िद्दी","ترिद्दी"
133,"म्मेदारी","म्मेदारी-last_blank","last_blank",3,1,"धpardhi-last_blank","धpardhi",1,0,1,5,"ज़िम्मेदारी","ज़िधpardhi"
333,"first_blank","first_blank-जी","जी",1,1,"first_blank-झद","झद",1,0,0,1,"जीप","झदप"
693,"first_blank","first_blank-जी","जी",1,1,"first_blank-اپ","اپ",1,0,0,1,"जीवित","اپवित"
506,"first_blank","first_blank-जु","जु",1,1,"first_blank-४x","४x",1,0,0,1,"जुआ","४xआ"
309,"first_blank","first_blank-जू","जू",1,1,"first_blank-şı","şı",1,0,0,1,"जून","şıन"
565,"first_blank","first_blank-जे","जे",1,1,"first_blank-તઓ","તઓ",1,0,0,1,"जेब","તઓब"
191,"first_blank","first_blank-जो","जो",1,1,"first_blank-ऎस","ऎस",1,0,0,1,"जोखिम","ऎसखिम"
190,"िम भरा","िम भरा-last_blank","last_blank",3,1,"तsunil-last_blank","तsunil",1,0,0,3,"जोखिम भरा","जोखतsunil"
492,"बी","बी-last_blank","last_blank",1,1,"स१-last_blank","स१",1,0,0,1,"ज़ोंबी","ज़ोंस१"
521,"first_blank","first_blank-झं","झं",1,1,"first_blank-oo","oo",1,0,0,1,"झंडा","ooडा"
252,"की","की-last_blank","last_blank",1,1,"gw-last_blank","gw",1,0,0,1,"झपकी","झपgw"
323,"first_blank","first_blank-झू","झू",1,1,"first_blank-yz","yz",1,0,0,1,"झूठ","yzठ"
801,"राव","राव-last_blank","last_blank",2,1,"वईय-last_blank","वईय",1,0,0,1,"टकराव","टकवईय"
272,"first_blank","first_blank-टट","टट",1,57,"first_blank-ओल","ओल",57,0,0,1,"टटू","ओलू"
984,"मिनल","मिनल-last_blank","last_blank",3,1,"त एक-last_blank","त एक",1,0,0,1,"टर्मिनल","टर्त एक"
680,"first_blank","first_blank-टा","टा",1,1,"first_blank-中文","中文",1,0,0,1,"टास्क","中文स्क"
487,"first_blank","first_blank-टि","टि",1,1,"first_blank-ढट","ढट",1,0,0,1,"टिकट","ढटकट"
574,"प्पणी","प्पणी-last_blank","last_blank",2,1,"ष०पर०-last_blank","ष०पर०",1,0,0,2,"टिप्पणी","टिष०पर०"
328,"़ा","़ा-last_blank","last_blank",1,1,"nr-last_blank","nr",1,0,0,1,"टुकड़ा","टुकडnr"
321,"ना","ना-last_blank","last_blank",1,1,"يه-last_blank","يه",1,0,0,1,"टूना","टूيه"
679,"्नामेंट","्नामेंट-last_blank","last_blank",3,1,"धpardhi-last_blank","धpardhi",1,0,0,4,"टूर्नामेंट","टूरधpardhi"
167,"first_blank","first_blank-टे","टे",1,1,"first_blank-vv","vv",1,0,0,1,"टेबल","vvबल"
702,"ंक","ंक-last_blank","last_blank",1,1,"यञ-last_blank","यञ",1,0,0,1,"टैंक","टैयञ"
757,"सी","सी-last_blank","last_blank",1,1,"जढ-last_blank","जढ",1,0,0,1,"टैक्सी","टैक्जढ"
943,"first_blank","first_blank-टो","टो",1,1,"first_blank-lm","lm",1,0,0,1,"टोस्ट","lmस्ट"
817,"रेलर","रेलर-last_blank","last_blank",2,1,"	गलम-last_blank","गलम",1,0,0,1,"ट्रेलर","ट्	गलम"
465,"first_blank","first_blank-ट्","ट्",1,1,"first_blank-२ड","२ड",1,0,0,1,"ट्रॉफी","२डरॉफी"
988,"first_blank","first_blank-ठी","ठी",1,1,"first_blank-કહ","કહ",1,0,0,1,"ठीक","કહक"
649,"क कर","क कर-last_blank","last_blank",2,1,"हममद-last_blank","हममद",1,0,0,2,"ठीक कर","ठीहममद"
186,"first_blank","first_blank-ठे","ठे",1,1,"first_blank-fé","fé",1,0,0,1,"ठेठ","féठ"
85,"first_blank","first_blank-ठो","ठो",1,1,"first_blank-নব","নব",1,0,0,1,"ठोस","নবस"
339,"डर","डर-ान","ान",1,1,"डर-सल","सल",1,0,0,1,"डराना","डरसला"
338,"ावनी","ावनी-last_blank","last_blank",2,1,"सibs-last_blank","सibs",1,0,0,2,"डरावनी","डरसibs"
987," टिकट"," टिकट-last_blank","last_blank",3,1,"यbill-last_blank","यbill",1,0,0,2,"डाक टिकट","डाकयbill"
718,"first_blank","first_blank-डा","डा",1,1,"first_blank-yx","yx",1,0,0,1,"डालने","yxलने"
965,"प्लोमा","प्लोमा-last_blank","last_blank",2,1,"ज०म०म०-last_blank","ज०म०म०",1,0,0,3,"डिप्लोमा","डिज०म०म०"
371,"बा","बा-last_blank","last_blank",1,1,"४प-last_blank","४प",1,0,0,1,"डिब्बा","डिब्४प"
9,"एनए","एनए-last_blank","last_blank",2,1,"बइड-last_blank","बइड",1,0,0,1,"डीएनए","डीबइड"
545,"डी","डी-न","न",1,1,"एश-न","एश",1,0,0,1,"डीन","एशन"
811,"डी","डी-last_blank","last_blank",1,1,"पञ-last_blank","पञ",1,0,0,1,"डीवीडी","डीवीपञ"
362," मरना"," मरना-last_blank","last_blank",5,1,"तsunil-last_blank","तsunil",1,0,1,1,"डुबकर मरना","डुबकरतsunil"
157,"स्","स्-क","क",1,1,"एए-क","एए",1,0,0,1,"डेस्क","डेएएक"
703,"नीकी","नीकी-last_blank","last_blank",2,1,"गढ०२-last_blank","गढ०२",1,0,0,2,"तकनीकी","तकगढ०२"
753,"first_blank","first_blank-तन","तन",1,101,"first_blank-अष","अष",45,56,0,1,"तन","अष"
342,"ाव","ाव-last_blank","last_blank",1,1,"ୟଗ-last_blank","ୟଗ",1,0,0,1,"तनाव","तनୟଗ"
919,"first_blank","first_blank-तं","तं",1,1,"first_blank-oo","oo",1,0,0,1,"तंबाकू","ooबाकू"
350,"तर","तर-ल","ल",1,9,"अभ-ल","अभ",13,4,0,1,"तरल","अभल"
347,"तर","तर-ीक","ीक",1,1,"तर-नल","नल",1,0,0,1,"तरीका","तरनला"
253,"वार","वार-last_blank","last_blank",2,1,"म क-last_blank","म क",1,0,0,1,"तलवार","तलम क"
836,"ाक","ाक-last_blank","last_blank",1,1,"yt-last_blank","yt",1,0,0,1,"तलाक","तलyt"
485,"तल","तल-ाश","ाश",1,1,"तल-सर","सर",1,0,0,1,"तलाशी","तलसरी"
576,"first_blank","first_blank-ता","ता",1,1,"first_blank- ए"," ए",1,0,0,1,"ताकत"," एकत"
926,"first_blank","first_blank-ता","ता",1,1,"first_blank-ऽ	","ऽ	",1,0,0,1,"ताज","ऽ	ज"
353,"first_blank","first_blank-ता","ता",1,1,"first_blank-	s","	s",1,0,0,1,"ताज़ा","	sज़ा"
15,"first_blank","first_blank-ता","ता",1,1,"first_blank-پر","پر",1,0,0,1,"ताबूत","پرबूत"
460,"first_blank","first_blank-ता","ता",1,1,"first_blank-fp","fp",1,0,0,1,"तार","fpर"
19,"first_blank","first_blank-ता","ता",1,1,"first_blank-६ठ","६ठ",1,0,0,1,"ताल","६ठल"
259,"ति","ति-तल","तल",1,1,"वन-तल","वन",1,0,0,1,"तितली","वनतली"
274,"first_blank","first_blank-ती","ती",1,1,"first_blank-تر","تر",1,0,0,1,"तीसरा","ترसरा"
577,"फा","फा-न","न",1,1,"गआ-न","गआ",1,0,0,1,"तूफान","तूगआन"
361,"first_blank","first_blank-तै","तै",1,1,"first_blank-ईख","ईख",1,0,0,1,"तैयार","ईखयार"
711,"री","री-last_blank","last_blank",1,1,"ऐल-last_blank","ऐल",1,0,0,1,"तैयारी","तैयाऐल"
211,"टि","टि-last_blank","last_blank",1,1,"घद-last_blank","घद",1,0,0,1,"त्रुटि","त्रुघद"
110,"first_blank","first_blank-त्","त्",1,1,"first_blank-नऑ","नऑ",1,0,0,1,"त्वचा","नऑवचा"
626,"ा हुआ","ा हुआ-last_blank","last_blank",2,1,"तpppp-last_blank","तpppp",1,0,0,3,"थका हुआ","थकतpppp"
283,"first_blank","first_blank-थो","थो",1,1,"first_blank-ज०","ज०",1,0,0,1,"थोड़ा","ज०ड़ा"
95,"्षिण","्षिण-last_blank","last_blank",2,1,"सस क-last_blank","सस क",1,0,0,2,"दक्षिण","दकसस क"
174,"first_blank","first_blank-दं","दं",1,1,"first_blank-تر","تر",1,0,0,1,"दंड","ترड"
99,"first_blank","first_blank-दय","दय",1,67,"first_blank-शन","शन",67,0,0,1,"दयालु","शनालु"
282,"ार","ार-last_blank","last_blank",1,1,"એક-last_blank","એક",1,0,0,1,"दरार","दरએક"
293,"्ज","्ज-last_blank","last_blank",1,1,"xj-last_blank","xj",1,0,0,1,"दर्ज","दरxj"
414,"्शन","्शन-last_blank","last_blank",2,1,"बएव-last_blank","बएव",1,0,0,1,"दर्शन","दरबएव"
114," लाख"," लाख-last_blank","last_blank",2,1,"भ दख-last_blank","भ दख",1,0,0,1,"दस लाख","दसभ दख"
305,"्त","्त-last_blank","last_blank",1,1,"ञश-last_blank","ञश",1,0,0,1,"दस्त","दसञश"
452,"first_blank","first_blank-दा","दा",1,1,"first_blank-ਕਵ","ਕਵ",1,0,0,1,"दाई","ਕਵई"
387,"दा","दा-last_blank","last_blank",1,1,"લન-last_blank","લન",1,0,0,1,"दादा","दाલન"
388," पुण्य"," पुण्य-last_blank","last_blank",3,1,"यmayur-last_blank","यmayur",1,0,0,3,"दान पुण्य","दानयmayur"
768,"लचीनी","लचीनी-last_blank","last_blank",2,1,"आई०ड०-last_blank","आई०ड०",1,0,0,3,"दालचीनी","दाआई०ड०"
451,"first_blank","first_blank-दा","दा",1,1,"first_blank-हऑ","हऑ",1,0,0,1,"दास","हऑस"
950,"first_blank","first_blank-दि","दि",1,1,"first_blank-ré","ré",1,0,0,1,"दिमाग","réमाग"
422,"ूचक यंत्र","ूचक यंत्र-last_blank","last_blank",6,1,"शaddition-last_blank","शaddition",1,0,0,3,"दिशा सूचक यंत्र","दिशा सशaddition"
698,"first_blank","first_blank-दी","दी",1,1,"first_blank-ବର","ବର",1,0,0,1,"दीपक","ବରपक"
583,"first_blank","first_blank-दी","दी",1,1,"first_blank-kω","kω",1,0,0,1,"दीवार","kωवार"
392,"first_blank","first_blank-दु","दु",1,1,"first_blank-ભષ","ભષ",1,0,0,1,"दुकान","ભષकान"
375,"खी","खी-last_blank","last_blank",1,1,"wf-last_blank","wf",1,0,0,1,"दुखी","दुwf"
396,"्भाग्य","्भाग्य-last_blank","last_blank",3,1,"ज०म०म०-last_blank","ज०म०म०",1,0,0,3,"दुर्भाग्य","दुरज०म०म०"
515,"श्मन","श्मन-last_blank","last_blank",2,1,"अलइन-last_blank","अलइन",1,0,0,1,"दुश्मन","दुअलइन"
645,"first_blank","first_blank-दू","दू",1,1,"first_blank-bz","bz",1,0,0,1,"दूत","bzत"
644,"तावास","तावास-last_blank","last_blank",2,1,"तpppp-last_blank","तpppp",1,0,0,2,"दूतावास","दूतpppp"
725,"first_blank","first_blank-दू","दू",1,1,"first_blank-शळ","शळ",1,0,0,1,"दूध","शळध"
662,"रबीन","रबीन-last_blank","last_blank",2,1,"अलइन-last_blank","अलइन",1,0,0,1,"दूरबीन","दूअलइन"
969,"first_blank","first_blank-दू","दू",1,1,"first_blank-hq","hq",1,0,0,1,"दूरी","hqरी"
397,"हा","हा-last_blank","last_blank",1,1,"ऊछ-last_blank","ऊछ",1,0,0,1,"दूल्हा","दूल्ऊछ"
785,"first_blank","first_blank-दू","दू",1,1,"first_blank-	i","	i",1,0,0,1,"दूषण","	iषण"
677,"first_blank","first_blank-दू","दू",1,1,"first_blank-यƨ","यƨ",1,0,0,1,"दूसरा","यƨसरा"
117,"ढ़","ढ़-last_blank","last_blank",1,1,"মই-last_blank","মই",1,0,0,1,"दृढ़","दृমই"
400,"ढ़ता से","ढ़ता से-last_blank","last_blank",2,1,"धpardhi-last_blank","धpardhi",1,0,0,5,"दृढ़ता से","दृधpardhi"
472,"first_blank","first_blank-दृ","दृ",1,1,"first_blank-qs","qs",1,0,0,1,"दृश्य","qsश्य"
237,"first_blank","first_blank-दे","दे",1,1,"first_blank-	f","	f",1,0,0,1,"देखना","	fखना"
678,"first_blank","first_blank-दे","दे",1,1,"first_blank-धथ","धथ",1,0,0,1,"देखो","धथखो"
842,"first_blank","first_blank-दे","दे",1,1,"first_blank-iइ","iइ",1,0,0,1,"देर","iइर"
845,"वदूत","वदूत-last_blank","last_blank",2,1,"वupp-last_blank","वupp",1,0,0,1,"देवदूत","देवupp"
735,"first_blank","first_blank-दे","दे",1,1,"first_blank-অস","অস",1,0,0,1,"देश","অসश"
255,"first_blank","first_blank-दो","दो",1,1,"first_blank-कऽ","कऽ",1,0,0,1,"दो","कऽ"
335,"first_blank","first_blank-दो","दो",1,1,"first_blank-আৰ","আৰ",1,0,0,1,"दोहरा","আৰहरा"
325,"ना","ना-last_blank","last_blank",1,1,"औट-last_blank","औट",1,0,0,1,"दौड़ना","दौड़औट"
407,"first_blank","first_blank-द्","द्",1,1,"first_blank-हङ","हङ",1,0,0,1,"द्वार","हङवार"
198,"ेलना","ेलना-last_blank","last_blank",2,1,"अलइन-last_blank","अलइन",1,0,0,1,"धकेलना","धकअलइन"
374,"़कन","़कन-last_blank","last_blank",2,1,"बएफ-last_blank","बएफ",1,0,0,1,"धड़कन","धडबएफ"
882,"क संस्कार","क संस्कार-last_blank","last_blank",6,1,"शaddition-last_blank","शaddition",1,0,0,3,"धार्मिक संस्कार","धार्मिशaddition"
358,"रे","रे-last_blank","last_blank",1,1,"अओ-last_blank","अओ",1,0,0,1,"धीरे","धीअओ"
291,"first_blank","first_blank-धी","धी",1,1,"first_blank-mz","mz",1,0,0,1,"धीरे से","mzरे से"
920,"आं","आं-last_blank","last_blank",1,1,"ऑस-last_blank","ऑस",1,0,0,1,"धुआं","धुऑस"
377,"र्","र्-य","य",1,1,"पछ-य","पछ",1,0,0,1,"धैर्य","धैपछय"
59,"या","या-न","न",1,1,"उद-न","उद",1,0,0,1,"ध्यान","ध्उदन"
599,"काम की","काम की-last_blank","last_blank",2,1,"ज०म०म०-last_blank","ज०म०म०",1,0,0,3,"न काम की","न ज०म०म०"
409,"नक","नक-द","द",1,2,"धर-द","धर",2,0,0,1,"नकद","धरद"
423,"first_blank","first_blank-नं","नं",1,1,"first_blank-लऱ","लऱ",1,0,0,1,"नंगा","लऱगा"
471,"नत","नत-ीज","ीज",1,1,"नत-नत","नत",1,0,0,1,"नतीजा","नतनता"
322,"first_blank","first_blank-नद","नद",1,99,"first_blank-लख","लख",99,0,0,1,"नदी","लखी"
47,"स्ते","स्ते-last_blank","last_blank",2,1,"सibs-last_blank","सibs",1,0,0,1,"नमस्ते","नमसibs"
544,"first_blank","first_blank-नम","नम",1,178,"first_blank-la","la",178,0,0,1,"नमूना","laूना"
658,"नर","नर-last_blank","last_blank",1,221,"णड-last_blank","णड",188,33,0,1,"नर","णड"
449,"्तकी","्तकी-last_blank","last_blank",2,1,"भ दख-last_blank","भ दख",1,0,0,2,"नर्तकी","नरभ दख"
391,"ंबर","ंबर-last_blank","last_blank",2,1,"टआन-last_blank","टआन",1,0,0,1,"नवंबर","नवटआन"
603,"first_blank","first_blank-नव","नव",1,226,"first_blank-st","st",222,4,0,1,"नवल","stल"
412,"first_blank","first_blank-नस","नस",1,145,"first_blank-अष","अष",45,100,0,1,"नस","अष"
386,"first_blank","first_blank-ना","ना",1,1,"first_blank-کو","کو",1,0,0,1,"नाखून","کوखून"
951,"गरिक","गरिक-last_blank","last_blank",2,1,"सस क-last_blank","सस क",1,0,0,1,"नागरिक","नासस क"
731,"first_blank","first_blank-ना","ना",1,1,"first_blank-छध","छध",1,0,0,1,"नाजुक","छधजुक"
901,"first_blank","first_blank-ना","ना",1,1,"first_blank-लऐ","लऐ",1,0,0,1,"नाज़ुक","लऐज़ुक"
178,"first_blank","first_blank-ना","ना",1,1,"first_blank-نے","نے",1,0,0,1,"नाटक","نےटक"
542,"टकीय","टकीय-last_blank","last_blank",2,1,"य		क-last_blank","यक",1,0,0,2,"नाटकीय","नाय		क"
843,"first_blank","first_blank-ना","ना",1,1,"first_blank-वo","वo",1,0,0,1,"नाम","वoम"
715,"first_blank","first_blank-ना","ना",1,1,"first_blank-وم","وم",1,0,0,1,"नायक","ومयक"
404,"ता","ता-last_blank","last_blank",1,1,"खझ-last_blank","खझ",1,0,0,1,"नाश्ता","नाश्खझ"
248,"गलना","गलना-last_blank","last_blank",2,1,"	गलम-last_blank","गलम",1,0,0,1,"निगलना","नि	गलम"
886,"first_blank","first_blank-नि","नि",1,1,"first_blank-jl","jl",1,0,0,1,"निंजा","jlंजा"
229,"first_blank","first_blank-नि","नि",1,1,"first_blank-यƨ","यƨ",1,0,0,1,"निजी","यƨजी"
563,"first_blank","first_blank-नि","नि",1,1,"first_blank-dé","dé",1,0,0,1,"नितंब","déतंब"
994,"ंत्रण","ंत्रण-last_blank","last_blank",3,1,"ष०पर०-last_blank","ष०पर०",1,0,0,1,"नियंत्रण","नियष०पर०"
651,"first_blank","first_blank-नि","नि",1,1,"first_blank-कo","कo",1,0,0,1,"नियम","कoयम"
70,"ीक्षक","ीक्षक-last_blank","last_blank",3,1,"एन०ए०-last_blank","एन०ए०",1,0,0,2,"निरीक्षक","निरएन०ए०"
443,"र्माण","र्माण-last_blank","last_blank",2,1,"तpppp-last_blank","तpppp",1,0,0,3,"निर्माण","नितpppp"
441,"र्माता","र्माता-last_blank","last_blank",2,1,"ज०म०म०-last_blank","ज०म०म०",1,0,0,3,"निर्माता","निज०म०म०"
446,"षिद्ध","षिद्ध-last_blank","last_blank",2,1,"ष०पर०-last_blank","ष०पर०",1,0,0,2,"निषिद्ध","निष०पर०"
136,"्कर्ष","्कर्ष-last_blank","last_blank",3,1,"ए०एस०-last_blank","ए०एस०",1,0,0,2,"निष्कर्ष","निषए०एस०"
88,"ठा","ठा-last_blank","last_blank",1,1,"dq-last_blank","dq",1,0,0,1,"निष्ठा","निष्dq"
769,"्ठावान","्ठावान-last_blank","last_blank",3,1,"ज०म०म०-last_blank","ज०म०म०",1,0,0,3,"निष्ठावान","निषज०म०म०"
701,"्पक्ष","्पक्ष-last_blank","last_blank",3,1,"तpppp-last_blank","तpppp",1,0,0,2,"निष्पक्ष","निषतpppp"
708,"चे","चे-last_blank","last_blank",1,1,"kω-last_blank","kω",1,0,0,1,"नीचे","नीkω"
732,"first_blank","first_blank-नी","नी",1,1,"first_blank-ह०","ह०",1,0,0,1,"नीति","ह०ति"
953,"first_blank","first_blank-नी","नी",2,1,"first_blank-एदआ","एदआ",1,0,1,1,"नींबु पानी","एदआंबु पानी"
587,"मी","मी-last_blank","last_blank",1,1,"તમ-last_blank","તમ",1,0,0,1,"नीलामी","नीलाતમ"
514,"वर्क","वर्क-last_blank","last_blank",3,1,"	गलम-last_blank","गलम",1,0,0,1,"नेटवर्क","नेट	गलम"
80,"बे","बे-ल","ल",1,1,"लड-ल","लड",1,0,0,1,"नोबेल","नोलडल"
317,"ूनतम","ूनतम-last_blank","last_blank",3,1,"गढ०२-last_blank","गढ०२",1,0,0,1,"न्यूनतम","न्यगढ०२"
717,"ड़","ड़-last_blank","last_blank",1,1,"ଦଶ-last_blank","ଦଶ",1,0,0,1,"पकड़","पकଦଶ"
31,"first_blank","first_blank-पं","पं",1,1,"first_blank-हі","हі",1,0,0,1,"पंचांग","हіचांग"
755,"first_blank","first_blank-पढ","पढ",1,29,"first_blank-सआ","सआ",29,0,0,1,"पढ़ना","सआ़ना"
696,"ला","ला-last_blank","last_blank",1,1,"নধ-last_blank","নধ",1,0,0,1,"पतला","पतনধ"
596,"first_blank","first_blank-पत","पत",1,186,"first_blank-ar","ar",185,1,0,1,"पति","arि"
730,"कारिता","कारिता-last_blank","last_blank",4,1,"यmayur-last_blank","यmayur",1,0,0,2,"पत्रकारिता","पत्रयmayur"
859,"दर्शन","दर्शन-last_blank","last_blank",6,1,"धpardhi-last_blank","धpardhi",1,0,2,1,"पथ प्रदर्शन","पथ प्रधpardhi"
430,"ुब्बी","ुब्बी-last_blank","last_blank",3,1,"आई०ड०-last_blank","आई०ड०",1,0,0,2,"पनडुब्बी","पनडआई०ड०"
426,"first_blank","first_blank-पं","पं",1,1,"first_blank-ञङ","ञङ",1,0,0,1,"पंप","ञङप"
740,"पब","पब-last_blank","last_blank",1,1,"oj-last_blank","oj",1,0,0,1,"पब","oj"
863,"पर","पर-त","त",1,437,"इस-त","इस",11,426,0,1,"परत","इसत"
429,"माणु","माणु-last_blank","last_blank",2,1,"मन०i-last_blank","मन०i",1,0,0,1,"परमाणु","परमन०i"
787,"ास्त","ास्त-last_blank","last_blank",2,1,"सस क-last_blank","सस क",1,0,0,1,"परास्त","परसस क"
155,"योजना","योजना-last_blank","last_blank",3,1,"यbill-last_blank","यbill",1,0,0,1,"परियोजना","परियbill"
935,"व","व-र्तन","र्तन",4,1,"व-०ग०स०","०ग०स०",1,0,1,1,"परिवर्तन","परिव०ग०स०"
847,"स्थिति","स्थिति-last_blank","last_blank",3,1,"तsunil-last_blank","तsunil",1,0,0,3,"परिस्थिति","परितsunil"
480,"याप्त","याप्त-last_blank","last_blank",3,1,"यbill-last_blank","यbill",1,0,0,1,"पर्याप्त","पर्यbill"
501,"्चिम","्चिम-last_blank","last_blank",2,1,"	जमम-last_blank","जमम",1,0,0,1,"पश्चिम","पश	जमम"
783,"ंद","ंद-last_blank","last_blank",1,1,"আৰ-last_blank","আৰ",1,0,0,1,"पसंद","पसআৰ"
298,"ानना","ानना-last_blank","last_blank",3,1,"	जमम-last_blank","जमम",1,0,0,1,"पहचानना","पहच	जमम"
550,"े से ही","े से ही-last_blank","last_blank",3,1,"धpardhi-last_blank","धpardhi",1,0,0,4,"पहले से ही","पहलधpardhi"
483,"़ी","़ी-last_blank","last_blank",1,1,"ह४-last_blank","ह४",1,0,0,1,"पहाड़ी","पहाडह४"
691,"लपन","लपन-last_blank","last_blank",3,1,"एसस०-last_blank","एसस०",1,0,1,1,"पागलपन","पागएसस०"
37,"first_blank","first_blank-पा","पा",1,1,"first_blank-हo","हo",1,0,0,1,"पाप","हoप"
493," ​​करना"," ​​करना-last_blank","last_blank",4,1,"धpardhi-last_blank","धpardhi",1,0,0,3,"पालन ​​करना","पालनधpardhi"
398,"first_blank","first_blank-पा","पा",1,1,"first_blank-र०","र०",1,0,0,1,"पास","र०स"
344,"कनिक","कनिक-last_blank","last_blank",2,1,"मन०i-last_blank","मन०i",1,0,0,1,"पिकनिक","पिमन०i"
558,"first_blank","first_blank-पि","पि",1,1,"first_blank-ہی","ہی",1,0,0,1,"पिघल","ہیघल"
660,"ता","ता-last_blank","last_blank",1,1,"हe-last_blank","हe",1,0,0,1,"पिता","पिहe"
220,"first_blank","first_blank-पि","पि",1,1,"first_blank-ix","ix",1,0,0,1,"पियानो","ixयानो"
891,"रामिड","रामिड-last_blank","last_blank",2,1,"एन०ए०-last_blank","एन०ए०",1,0,0,3,"पिरामिड","पिएन०ए०"
978,"स्तौल","स्तौल-last_blank","last_blank",2,1,"ष०पर०-last_blank","ष०पर०",1,0,0,3,"पिस्तौल","पिष०पर०"
595,"ना","ना-last_blank","last_blank",1,1,"हघ-last_blank","हघ",1,0,0,1,"पीना","पीहघ"
706,"first_blank","first_blank-पु","पु",1,1,"first_blank-كل","كل",1,0,0,1,"पुराना","كلराना"
665,"first_blank","first_blank-पु","पु",1,1,"first_blank-kq","kq",1,0,0,1,"पुरुष","kqरुष"
940,"first_blank","first_blank-पु","पु",1,1,"first_blank-ہر","ہر",1,0,0,1,"पुल","ہرल"
496,"टीकरण","टीकरण-last_blank","last_blank",4,1,"तajay-last_blank","तajay",1,0,0,1,"पुष्टीकरण","पुष्तajay"
857,"तकालय","तकालय-last_blank","last_blank",4,1,"आई०ड०-last_blank","आई०ड०",1,0,0,1,"पुस्तकालय","पुस्आई०ड०"
276,"first_blank","first_blank-पे","पे",1,1,"first_blank-घञ","घञ",1,0,0,1,"पेट","घञट"
813,"first_blank","first_blank-पे","पे",1,1,"first_blank-rj","rj",1,0,0,1,"पेंशन","rjंशन"
484,"ानॉयड","ानॉयड-last_blank","last_blank",3,1,"एन०ए०-last_blank","एन०ए०",1,0,0,1,"पैरानॉयड","पैरएन०ए०"
251,"र्","र्-न","न",1,1,"पआ-न","पआ",1,0,0,1,"पॉर्न","पॉपआन"
621,"ता","ता-last_blank","last_blank",1,1,"به-last_blank","به",1,0,0,1,"पोता","पोبه"
345,"ंड","ंड-last_blank","last_blank",1,1,"વમ-last_blank","વમ",1,0,0,1,"पौंड","पौવમ"
553,"first_blank","first_blank-पौ","पौ",1,1,"first_blank-আৰ","আৰ",1,0,0,1,"पौधा","আৰधा"
513,"क्रिया","क्रिया-last_blank","last_blank",3,1,"ज०म०म०-last_blank","ज०म०म०",1,0,0,3,"प्रक्रिया","प्रज०म०म०"
784,"रगति","रगति-last_blank","last_blank",2,1,"	गलम-last_blank","गलम",1,0,0,1,"प्रगति","प्	गलम"
756," नलिका"," नलिका-last_blank","last_blank",6,1,"धpardhi-last_blank","धpardhi",1,0,1,1,"प्रजनन नलिका","प्रजननधpardhi"
57,"तिबिंब","तिबिंब-last_blank","last_blank",3,1,"तsunil-last_blank","तsunil",1,0,0,2,"प्रतिबिंब","प्रतsunil"
816,"िभावान","िभावान-last_blank","last_blank",4,1,"तsunil-last_blank","तsunil",1,0,0,2,"प्रतिभावान","प्रततsunil"
799,"र","र-तिरोध","तिरोध",3,1,"र-तpppp","तpppp",1,0,0,1,"प्रतिरोध","प्रतpppp"
523,"र्शन","र्शन-last_blank","last_blank",4,1,"तajay-last_blank","तajay",1,0,1,1,"प्रदर्शन","प्रदतajay"
850,"पत्र","पत्र-last_blank","last_blank",3,1,"सस क-last_blank","सस क",1,0,0,1,"प्रपत्र","प्रसस क"
535,"रबंध","रबंध-last_blank","last_blank",2,1,"णड०४-last_blank","णड०४",1,0,0,2,"प्रबंध","प्णड०४"
671,"बंधक","बंधक-last_blank","last_blank",3,1,"मन०i-last_blank","मन०i",1,0,0,1,"प्रबंधक","प्रमन०i"
871,"ित करना","ित करना-last_blank","last_blank",6,1,"धpardhi-last_blank","धpardhi",1,0,0,1,"प्रबंधित करना","प्रबंधधpardhi"
528,"रभाव","रभाव-last_blank","last_blank",2,1,"हममद-last_blank","हममद",1,0,0,2,"प्रभाव","प्हममद"
130,"ावशाली","ावशाली-last_blank","last_blank",4,1,"यmayur-last_blank","यmayur",1,0,0,2,"प्रभावशाली","प्रभयmayur"
478,"रयोग","रयोग-last_blank","last_blank",2,1,"स हग-last_blank","स हग",1,0,0,1,"प्रयोग","प्स हग"
83,"योजन","योजन-last_blank","last_blank",3,1,"वupp-last_blank","वupp",1,0,0,1,"प्रयोजन","प्रवupp"
837,"ंसनीय","ंसनीय-last_blank","last_blank",4,1,"ष०पर०-last_blank","ष०पर०",1,0,0,1,"प्रशंसनीय","प्रशष०पर०"
107,"रशंसा","रशंसा-last_blank","last_blank",2,1,"ए०एस०-last_blank","ए०एस०",1,0,0,2,"प्रशंसा","प्ए०एस०"
893,"सा करना","सा करना-last_blank","last_blank",5,1,"धpardhi-last_blank","धpardhi",1,0,0,2,"प्रशंसा करना","प्रशंधpardhi"
890,"शासन","शासन-last_blank","last_blank",3,1,"	जमम-last_blank","जमम",1,0,0,1,"प्रशासन","प्र	जमम"
497,"रश्न","रश्न-last_blank","last_blank",2,1,"अलइन-last_blank","अलइन",1,0,0,1,"प्रश्न","प्अलइन"
402,"स्ताव","स्ताव-last_blank","last_blank",3,1,"ष०पर०-last_blank","ष०पर०",1,0,0,2,"प्रस्ताव","प्रष०पर०"
170,"ाकृतिक","ाकृतिक-last_blank","last_blank",3,1,"तsunil-last_blank","तsunil",1,0,0,3,"प्राकृतिक","प्रतsunil"
880,"ारंभिक","ारंभिक-last_blank","last_blank",3,1,"यmayur-last_blank","यmayur",1,0,0,3,"प्रारंभिक","प्रयmayur"
34,"रेरणा","रेरणा-last_blank","last_blank",2,1,"ष०पर०-last_blank","ष०पर०",1,0,0,3,"प्रेरणा","प्ष०पर०"
543,"ित करना","ित करना-last_blank","last_blank",5,1,"धpardhi-last_blank","धpardhi",1,0,0,2,"प्रेरित करना","प्रेरधpardhi"
789,"रोटीन","रोटीन-last_blank","last_blank",2,1,"ए०एस०-last_blank","ए०एस०",1,0,0,3,"प्रोटीन","प्ए०एस०"
800,"रोफ़ाइल","रोफ़ाइल-last_blank","last_blank",2,1,"धpardhi-last_blank","धpardhi",1,0,0,5,"प्रोफ़ाइल","प्धpardhi"
788,"द्योगिकी","द्योगिकी-last_blank","last_blank",4,1,"धpardhi-last_blank","धpardhi",1,0,1,4,"प्रौद्योगिकी","प्रौधpardhi"
113,"first_blank","first_blank-प्","प्",1,1,"first_blank-म३","म३",1,0,0,1,"प्लस","म३लस"
200,"first_blank","first_blank-प्","प्",1,1,"first_blank-cα","cα",1,0,0,1,"प्ले play","cαले play"
655,"first_blank","first_blank-प्","प्",1,1,"first_blank-च०","च०",1,0,0,1,"प्लेग","च०लेग"
340,"ाइ","ाइ-ल","ल",1,1,"इद-ल","इद",1,0,0,1,"फ़ाइल","फ़इदल"
69,"first_blank","first_blank-फा","फा",1,1,"first_blank-ओओ","ओओ",1,0,0,1,"फायदा","ओओयदा"
183,"first_blank","first_blank-फा","फा",1,1,"first_blank-nव","nव",1,0,0,1,"फांसी","nवंसी"
348,"ैक्टर","ैक्टर-last_blank","last_blank",2,1,"ष०पर०-last_blank","ष०पर०",1,0,0,3,"फ़ैक्टर","फ़ष०पर०"
98,"ैक्टरी","ैक्टरी-last_blank","last_blank",2,1,"ज०म०म०-last_blank","ज०म०म०",1,0,0,4,"फ़ैक्टरी","फ़ज०म०म०"
941,"नेबल","नेबल-last_blank","last_blank",3,1,"सस क-last_blank","सस क",1,0,0,1,"फैशनेबल","फैशसस क"
713,"first_blank","first_blank-फो","फो",1,1,"first_blank-षब","षब",1,0,0,1,"फोजी","षबजी"
808,"ना","ना-last_blank","last_blank",1,1,"१ब-last_blank","१ब",1,0,0,1,"फोड़ना","फोड़१ब"
175,"first_blank","first_blank-फो","फो",1,1,"first_blank-छभ","छभ",1,0,0,1,"फोडा","छभडा"
741,"first_blank","first_blank-फ़","फ़",1,1,"first_blank-در","در",1,0,0,1,"फ़्लू","در्लू"
79,"्शीश","्शीश-last_blank","last_blank",2,1,"त एक-last_blank","त एक",1,0,0,2,"बक्शीश","बकत एक"
908,"ाव","ाव-last_blank","last_blank",1,1,"মই-last_blank","মই",1,0,0,1,"बचाव","बचমই"
790,"बज","बज-ट","ट",1,1,"कथ-ट","कथ",1,0,0,1,"बजट","कथट"
373,"बट","बट-न","न",1,6,"औप-न","औप",6,0,0,1,"बटन","औपन"
803,"़ा","़ा-last_blank","last_blank",1,1,"cz-last_blank","cz",1,0,0,1,"बड़ा","बडcz"
306,"़त","़त-last_blank","last_blank",1,1,"धई-last_blank","धई",1,0,0,1,"बढ़त","बढधई"
128,"बढ","बढ-़न","़न",1,1,"बढ-सर","सर",1,0,0,1,"बढ़ना","बढसरा"
567,"्तख","्तख-last_blank","last_blank",2,1,"पअन-last_blank","पअन",1,0,0,1,"बत्तख","बतपअन"
569,"first_blank","first_blank-बं","बं",1,1,"first_blank-μg","μg",1,0,0,1,"बंद","μgद"
230,"first_blank","first_blank-बं","बं",1,1,"first_blank-yj","yj",1,0,0,1,"बंदर","yjदर"
782,"ने के","ने के-last_blank","last_blank",3,1,"यbill-last_blank","यbill",1,0,0,2,"बदलने के","बदलयbill"
454,"ला","ला-last_blank","last_blank",1,1,"ह५-last_blank","ह५",1,0,0,1,"बदला","बदह५"
571,"first_blank","first_blank-बं","बं",1,1,"first_blank-kg","kg",1,0,0,1,"बंधक","kgधक"
424,"ाई","ाई-last_blank","last_blank",1,1,"वख-last_blank","वख",1,0,0,1,"बधाई","बधवख"
132,"बन","बन-ान","ान",1,1,"बन-डग","डग",1,0,0,1,"बनाना","बनडगा"
810,"बम","बम-last_blank","last_blank",1,13,"णव-last_blank","णव",11,2,0,1,"बम","णव"
145,"ोन","ोन-last_blank","last_blank",1,1,"ଭଗ-last_blank","ଭଗ",1,0,0,1,"बरोन","बरଭଗ"
129,"वान","वान-last_blank","last_blank",2,1,"मअप-last_blank","मअप",1,0,0,1,"बलवान","बलमअप"
619,"बह","बह-न","न",1,5,"अख-न","अख",4,1,0,1,"बहन","अखन"
820,"ुमत","ुमत-last_blank","last_blank",2,1,"शअस-last_blank","शअस",1,0,0,1,"बहुमत","बहशअस"
159,"इबिल","इबिल-last_blank","last_blank",2,1,"अलइन-last_blank","अलइन",1,0,0,2,"बाइबिल","बाअलइन"
611,"तचीत","तचीत-last_blank","last_blank",2,1,"त एक-last_blank","त एक",1,0,0,1,"बातचीत","बात एक"
182,"first_blank","first_blank-बा","बा",1,1,"first_blank-टत","टत",1,0,0,1,"बादल","टतदल"
225,"first_blank","first_blank-बा","बा",1,1,"first_blank-२ड","२ड",1,0,0,1,"बाँध","२डँध"
265,"धा","धा-last_blank","last_blank",1,1,"کے-last_blank","کے",1,0,0,1,"बाधा","बाکے"
479,"ा डालना","ा डालना-last_blank","last_blank",3,1,"धpardhi-last_blank","धpardhi",1,0,0,4,"बाधा डालना","बाधधpardhi"
584,"first_blank","first_blank-बा","बा",1,1,"first_blank-آئ","آئ",1,0,0,1,"बारूद","آئरूद"
236,"ा हुआ पटाखा","ा हुआ पटाखा-last_blank","last_blank",7,1,"यsiddhartha-last_blank","यsiddhartha",1,0,0,4,"बारूद भरा हुआ पटाखा","बारूद भरयsiddhartha"
552,"केटबाल","केटबाल-last_blank","last_blank",4,1,"तsunil-last_blank","तsunil",1,0,0,2,"बास्केटबाल","बास्तsunil"
171,"first_blank","first_blank-बा","बा",1,1,"first_blank-رس","رس",1,0,0,1,"बाहर","رسहर"
533,"र जाएं","र जाएं-last_blank","last_blank",3,1,"यmayur-last_blank","यmayur",1,0,0,3,"बाहर जाएं","बाहयmayur"
851,"first_blank","first_blank-बि","बि",1,1,"first_blank-iल","iल",1,0,0,1,"बिंदु","iलंदु"
499,"ल्कुल","ल्कुल-last_blank","last_blank",2,1,"ए०एस०-last_blank","ए०एस०",1,0,0,3,"बिल्कुल","बिए०एस०"
153,"first_blank","first_blank-बि","बि",1,1,"first_blank-१ड","१ड",1,0,0,1,"बिशप","१डशप"
310,"ओओटी","ओओटी-last_blank","last_blank",2,1,"य		क-last_blank","यक",1,0,0,2,"बीओओटी","बीय		क"
594,"मा","मा-र","र",1,1,"ढक-र","ढक",1,0,0,1,"बीमार","बीढकर"
231," का विस्तार"," का विस्तार-last_blank","last_blank",6,1,"यsiddhartha-last_blank","यsiddhartha",1,0,0,5,"बुद्धि का विस्तार","बुद्धियsiddhartha"
598,"्धिमान","्धिमान-last_blank","last_blank",3,1,"यmayur-last_blank","यmayur",1,0,0,3,"बुद्धिमान","बुदयmayur"
690,"first_blank","first_blank-बु","बु",1,1,"first_blank-ढए","ढए",1,0,0,1,"बुद्धू","ढएद्धू"
206,"रा","रा-last_blank","last_blank",1,1,"पऩ-last_blank","पऩ",1,0,0,1,"बुरा","बुपऩ"
869,"ा सपना","ा सपना-last_blank","last_blank",3,1,"तsunil-last_blank","तsunil",1,0,0,3,"बुरा सपना","बुरतsunil"
184,"first_blank","first_blank-बु","बु",1,1,"first_blank-ભષ","ભષ",1,0,0,1,"बुराई","ભષराई"
4,"ना","ना-last_blank","last_blank",1,1,"थळ-last_blank","थळ",1,0,0,1,"बुलाना","बुलाथळ"
503,"first_blank","first_blank-बु","बु",1,1,"first_blank-ନମ","ନମ",1,0,0,1,"बुश","ନମश"
923,"first_blank","first_blank-बू","बू",1,1,"first_blank-ای","ای",1,0,0,1,"बूंद","ایंद"
194,"का","का-र","र",1,1,"ओह-र","ओह",1,0,0,1,"बेकार","बेओहर"
602,"टी","टी-last_blank","last_blank",1,1,"भळ-last_blank","भळ",1,0,0,1,"बेटी","बेभळ"
81,"ंक","ंक-र","र",1,1,"खप-र","खप",1,0,0,1,"बैंकर","बैखपर"
791,"first_blank","first_blank-बै","बै",1,1,"first_blank-yv","yv",1,0,0,1,"बैंकिंग","yvंकिंग"
770,"first_blank","first_blank-बै","बै",1,1,"first_blank-दऐ","दऐ",1,0,0,1,"बैज","दऐज"
966,"first_blank","first_blank-बौ","बौ",1,1,"first_blank-८व","८व",1,0,0,1,"बौछार","८वछार"
60,"म्हांड","म्हांड-last_blank","last_blank",3,1,"ज०म०म०-last_blank","ज०म०म०",1,0,0,3,"ब्रम्हांड","ब्रज०म०म०"
97,"ंड","ंड-last_blank","last_blank",1,1,"अध-last_blank","अध",1,0,0,1,"ब्रांड","ब्राअध"
947,"ीफ़केस","ीफ़केस-last_blank","last_blank",3,1,"यmayur-last_blank","यmayur",1,0,0,3,"ब्रीफ़केस","ब्रयmayur"
390,"वान","वान-last_blank","last_blank",2,1,"लय०-last_blank","लय०",1,0,0,1,"भगवान","भगलय०"
615,"ानक","ानक-last_blank","last_blank",2,1,"लइल-last_blank","लइल",1,0,0,1,"भयानक","भयलइल"
627,"िष्य","िष्य-last_blank","last_blank",2,1,"सस क-last_blank","सस क",1,0,0,2,"भविष्य","भवसस क"
481,"first_blank","first_blank-भा","भा",1,1,"first_blank-ढय","ढय",1,0,0,1,"भागना","ढयगना"
620,"ग्","ग्-य","य",1,1,"चच-य","चच",1,0,0,1,"भाग्य","भाचचय"
670,"first_blank","first_blank-भा","भा",1,1,"first_blank-च०","च०",1,0,0,1,"भार","च०र"
629,"first_blank","first_blank-भा","भा",1,1,"first_blank-کو","کو",1,0,0,1,"भालू","کوलू"
103,"first_blank","first_blank-भा","भा",1,1,"first_blank-४थ","४थ",1,0,0,1,"भाषण","४थषण"
648,"गतना","गतना-last_blank","last_blank",2,1,"गढ०२-last_blank","गढ०२",1,0,0,1,"भुगतना","भुगढ०२"
809,"first_blank","first_blank-भू","भू",1,1,"first_blank-ନହ","ନହ",1,0,0,1,"भूकंप","ନହकंप"
511,"first_blank","first_blank-भू","भू",1,1,"first_blank-نہ","نہ",1,0,0,1,"भूख","نہख"
91,"मि","मि-last_blank","last_blank",1,1,"भघ-last_blank","भघ",1,0,0,1,"भूमि","भूभघ"
448,"रा","रा-last_blank","last_blank",1,1,"μm-last_blank","μm",1,0,0,1,"भूरा","भूμm"
704,"ल जाओ","ल जाओ-last_blank","last_blank",2,1,"ए०एस०-last_blank","ए०एस०",1,0,0,3,"भूल जाओ","भूए०एस०"
204," विज्ञान"," विज्ञान-last_blank","last_blank",5,1,"धpardhi-last_blank","धpardhi",1,0,1,3,"भौतिक विज्ञान","भौतिकधpardhi"
164,"मक","मक-ड़","ड़",1,1,"मक-मल","मल",1,0,0,1,"मकड़ी","मकमली"
559,"मक","मक-ान","ान",1,1,"मक-सऩ","सऩ",1,0,0,1,"मकान","मकसऩ"
844," ग्रह"," ग्रह-last_blank","last_blank",4,1,"तajay-last_blank","तajay",1,0,0,1,"मंगल ग्रह","मंगलतajay"
958,"first_blank","first_blank-मं","मं",1,1,"first_blank-ऽ	","ऽ	",1,0,0,1,"मंच","ऽ	च"
828,"बूर","बूर-last_blank","last_blank",2,1,"डइव-last_blank","डइव",1,0,0,1,"मजबूर","मजडइव"
213,"first_blank","first_blank-मं","मं",1,1,"first_blank-حض","حض",1,0,0,1,"मंज़िल","حضज़िल"
180,"रिमंडल","रिमंडल-last_blank","last_blank",4,1,"ज०म०म०-last_blank","ज०म०म०",1,0,0,1,"मंत्रिमंडल","मंत्ज०म०म०"
906,"first_blank","first_blank-मद","मद",1,172,"first_blank-ka","ka",171,1,0,1,"मदद","kaद"
642,"first_blank","first_blank-मं","मं",1,1,"first_blank-ओ३","ओ३",1,0,0,1,"मंदिर","ओ३दिर"
262,"मक्खी","मक्खी-last_blank","last_blank",3,1,"ए०एस०-last_blank","ए०एस०",1,0,0,2,"मधुमक्खी","मधुए०एस०"
235,"ीज","ीज-last_blank","last_blank",1,1,"એક-last_blank","એક",1,0,0,1,"मरीज","मरએક"
246,"ाई","ाई-last_blank","last_blank",1,1,"cq-last_blank","cq",1,0,0,1,"मलाई","मलcq"
349,"first_blank","first_blank-मं","मं",1,1,"first_blank-छध","छध",1,0,0,1,"मंशा","छधशा"
902,"मह","मह-ंग","ंग",1,1,"मह-दर","दर",1,0,0,1,"महंगा","महदरा"
161,"मह","मह-ल","ल",1,17,"अभ-ल","अभ",13,4,0,1,"महल","अभल"
580,"ान","ान-last_blank","last_blank",1,1,"ময-last_blank","ময",1,0,0,1,"महान","महময"
805,"द्यालय","द्यालय-last_blank","last_blank",5,1,"तsunil-last_blank","तsunil",1,0,0,1,"महाविद्यालय","महावितsunil"
656,"मह","मह-िम","िम",1,1,"मह-नअ","नअ",1,0,0,1,"महिमा","महनअा"
870,"मह","मह-ीन","ीन",1,1,"मह-अर","अर",1,0,0,1,"महीना","महअरा"
491,"first_blank","first_blank-मा","मा",1,1,"first_blank-મક","મક",1,0,0,1,"मां","મકं"
540,"first_blank","first_blank-मा","मा",1,1,"first_blank-gj","gj",1,0,0,1,"मांग","gjंग"
224,"first_blank","first_blank-मा","मा",1,1,"first_blank-şı","şı",1,0,0,1,"मात्रा","şıत्रा"
684,"्यमिक","्यमिक-last_blank","last_blank",3,1,"तpppp-last_blank","तpppp",1,0,0,2,"माध्यमिक","माधतpppp"
624,"नसिक","नसिक-last_blank","last_blank",2,1,"एसस०-last_blank","एसस०",1,0,0,1,"मानसिक","माएसस०"
152,"या","या-last_blank","last_blank",1,1,"ନମ-last_blank","ନମ",1,0,0,1,"माफिया","माफिନମ"
376,"फी","फी-last_blank","last_blank",1,1,"lh-last_blank","lh",1,0,0,1,"माफी","माlh"
123,"first_blank","first_blank-मा","मा",1,1,"first_blank-xu","xu",1,0,0,1,"मामला","xuमला"
413,"रो","रो-last_blank","last_blank",1,1,"आख-last_blank","आख",1,0,0,1,"मारो","माआख"
463,"first_blank","first_blank-मा","मा",1,1,"first_blank-મટ","મટ",1,0,0,1,"मार्ग","મટर्ग"
405,"सू","सू-म","म",1,1,"कज-म","कज",1,0,0,1,"मासूम","माकजम"
116,"first_blank","first_blank-मि","मि",1,1,"first_blank-डऐ","डऐ",1,0,0,1,"मिंग","डऐंग"
173,"first_blank","first_blank-मि","मि",1,1,"first_blank-टघ","टघ",1,0,0,1,"मिठाई","टघठाई"
82,"ना","ना-र","र",1,1,"छप-र","छप",1,0,0,1,"मीनार","मीछपर"
948,"first_blank","first_blank-मी","मी",1,1,"first_blank-wk","wk",1,0,0,1,"मील","wkल"
268,"काबला","काबला-last_blank","last_blank",2,1,"ष०पर०-last_blank","ष०पर०",1,0,0,3,"मुकाबला","मुष०पर०"
357,"गा","गा-last_blank","last_blank",1,1,"sw-last_blank","sw",1,0,0,1,"मुर्गा","मुर्sw"
860,"लायम","लायम-last_blank","last_blank",2,1,"	जमम-last_blank","जमम",1,0,0,1,"मुलायम","मु	जमम"
848,"सीबत","सीबत-last_blank","last_blank",2,1,"सस क-last_blank","सस क",1,0,0,1,"मुसीबत","मुसस क"
986,"्कुराओ","्कुराओ-last_blank","last_blank",3,1,"ज०म०म०-last_blank","ज०म०म०",1,0,0,3,"मुस्कुराओ","मुसज०म०म०"
428,"ंह","ंह-last_blank","last_blank",1,1,"له-last_blank","له",1,0,0,1,"मुंह","मुله"
834,"first_blank","first_blank-मू","मू",1,1,"first_blank-वऔ","वऔ",1,0,0,1,"मूक","वऔक"
518,"first_blank","first_blank-मू","मू",1,1,"first_blank-lw","lw",1,0,0,1,"मूल","lwल"
139,"लपाठ","लपाठ-last_blank","last_blank",2,1,"च०ड०-last_blank","च०ड०",1,0,0,2,"मूलपाठ","मूच०ड०"
165,"first_blank","first_blank-मू","मू",1,1,"first_blank-ऱन","ऱन",1,0,0,1,"मूल्य","ऱनल्य"
289,"्यवान","्यवान-last_blank","last_blank",3,1,"तpppp-last_blank","तpppp",1,0,0,2,"मूल्यवान","मूलतpppp"
647,"डिकल","डिकल-last_blank","last_blank",2,1,"च०ड०-last_blank","च०ड०",1,0,0,2,"मेडिकल","मेच०ड०"
279,"first_blank","first_blank-मे","मे",1,1,"first_blank-वऊ","वऊ",1,0,0,1,"मेढक","वऊढक"
555,"first_blank","first_blank-मे","मे",1,1,"first_blank-uu","uu",1,0,0,1,"मेल","uuल"
295,"राथन","राथन-last_blank","last_blank",2,1,"अलइन-last_blank","अलइन",1,0,0,1,"मैराथन","मैअलइन"
874,"का","का-last_blank","last_blank",1,1,"तउ-last_blank","तउ",1,0,0,1,"मोका","मोतउ"
242,"first_blank","first_blank-मो","मो",1,1,"first_blank-mj","mj",1,0,0,1,"मोड़","mjड़"
667,"ह माया","ह माया-last_blank","last_blank",2,1,"ज०म०म०-last_blank","ज०म०म०",1,0,0,3,"मोह माया","मोज०म०म०"
752,"first_blank","first_blank-मौ","मौ",1,1,"first_blank-घआ","घआ",1,0,0,1,"मौत","घआत"
818,"स्वी","स्वी-last_blank","last_blank",2,1,"सibs-last_blank","सibs",1,0,0,1,"यशस्वी","यशसibs"
772,"ां","ां-last_blank","last_blank",1,1,"मउ-last_blank","मउ",1,0,0,1,"यहां","यहमउ"
18,"first_blank","first_blank-या","या",1,1,"first_blank-गळ","गळ",1,0,0,1,"यातना","गळतना"
143,"रा","रा-last_blank","last_blank",1,1,"ईच-last_blank","ईच",1,0,0,1,"यात्रा","यात्ईच"
257,"री","री-last_blank","last_blank",1,1,"ऊत-last_blank","ऊत",1,0,0,1,"यात्री","यात्ऊत"
747,"first_blank","first_blank-यु","यु",1,1,"first_blank-hq","hq",1,0,0,1,"युद्ध","hqद्ध"
561,"वा","वा-last_blank","last_blank",1,1,"સધ-last_blank","સધ",1,0,0,1,"युवा","युસધ"
673,"first_blank","first_blank-यो","यो",1,1,"first_blank-ठ०","ठ०",1,0,0,1,"योग","ठ०ग"
709,"्य होना","्य होना-last_blank","last_blank",3,1,"धpardhi-last_blank","धpardhi",1,0,0,4,"योग्य होना","योगधpardhi"
721,"first_blank","first_blank-यो","यो",1,1,"first_blank-নম","নম",1,0,0,1,"योजना","নমजना"
840,"first_blank","first_blank-यौ","यौ",1,1,"first_blank-oi","oi",1,0,0,1,"यौन","oiन"
689,"्त","्त-last_blank","last_blank",1,1,"éé-last_blank","éé",1,0,0,1,"रक्त","रकéé"
482,"्षक","्षक-last_blank","last_blank",2,1,"मइष-last_blank","मइष",1,0,0,1,"रक्षक","रकमइष"
716,"ा करना","ा करना-last_blank","last_blank",4,1,"यmayur-last_blank","यmayur",1,0,0,2,"रक्षा करना","रक्षयmayur"
573,"्षित","्षित-last_blank","last_blank",2,1,"सibs-last_blank","सibs",1,0,0,2,"रक्षित","रकसibs"
199,"first_blank","first_blank-रं","रं",1,1,"first_blank-हo","हo",1,0,0,1,"रंग","हoग"
250,"ेऊ","ेऊ-last_blank","last_blank",1,1,"qd-last_blank","qd",1,0,0,1,"रदेऊ","रदqd"
176,"first_blank","first_blank-रम","रम",1,317,"first_blank-अष","अष",45,272,0,1,"रम","अष"
307,"विज्ञान","विज्ञान-last_blank","last_blank",6,1,"धpardhi-last_blank","धpardhi",1,0,0,1,"रसायन विज्ञान","रसायन धpardhi"
585,"या","या-last_blank","last_blank",1,1,"wr-last_blank","wr",1,0,0,1,"रसोइया","रसोइwr"
727,"ना","ना-last_blank","last_blank",1,1,"खआ-last_blank","खआ",1,0,0,1,"रहना","रहखआ"
401,"द्घाटन","द्घाटन-last_blank","last_blank",6,1,"धpardhi-last_blank","धpardhi",1,0,1,1,"रहस्योद्घाटन","रहस्योधpardhi"
572,"इफल","इफल-last_blank","last_blank",2,1,"डइड-last_blank","डइड",1,0,0,1,"राइफल","राडइड"
682,"first_blank","first_blank-रा","रा",1,1,"first_blank-५ज","५ज",1,0,0,1,"राकेट","५जकेट"
285,"क्षस","क्षस-last_blank","last_blank",2,1,"	जमम-last_blank","जमम",1,0,0,2,"राक्षस","रा	जमम"
729,"कुमारी","कुमारी-last_blank","last_blank",3,1,"ज०म०म०-last_blank","ज०म०म०",1,0,0,2,"राजकुमारी","राजज०म०म०"
832,"जधानी","जधानी-last_blank","last_blank",2,1,"ए०एस०-last_blank","ए०एस०",1,0,0,3,"राजधानी","राए०एस०"
915,"जवंश","जवंश-last_blank","last_blank",2,1,"णड०४-last_blank","णड०४",1,0,0,2,"राजवंश","राणड०४"
929,"्यपाल","्यपाल-last_blank","last_blank",3,1,"ष०पर०-last_blank","ष०पर०",1,0,0,1,"राज्यपाल","राजष०पर०"
102,"डा","डा-र","र",1,1,"ऐन-र","ऐन",1,0,0,1,"राडार","राऐनर"
838,"first_blank","first_blank-रा","रा",1,1,"first_blank-kq","kq",1,0,0,1,"रात","kqत"
937," का खाना"," का खाना-last_blank","last_blank",3,1,"धpardhi-last_blank","धpardhi",1,0,1,5,"रात का खाना","रातधpardhi"
733,"नी","नी-last_blank","last_blank",1,1,"दऐ-last_blank","दऐ",1,0,0,1,"रानी","रादऐ"
724,"first_blank","first_blank-रा","रा",1,1,"first_blank-دو","دو",1,0,0,1,"राय","دوय"
819,"्ट्रीय","्ट्रीय-last_blank","last_blank",3,1,"तsunil-last_blank","तsunil",1,0,0,3,"राष्ट्रीय","राषतsunil"
314,"ायनिक","ायनिक-last_blank","last_blank",3,1,"एन०ए०-last_blank","एन०ए०",1,0,0,2,"रासायनिक","रासएन०ए०"
946,"ोर्ट good","ोर्ट good-last_blank","last_blank",3,1,"शaddition-last_blank","शaddition",1,0,0,5,"रिपोर्ट good","रिपशaddition"
461,"ोर्टर","ोर्टर-last_blank","last_blank",3,1,"आर०ए०-last_blank","आर०ए०",1,0,0,1,"रिपोर्टर","रिपआर०ए०"
244,"्तेदार","्तेदार-last_blank","last_blank",3,1,"तsunil-last_blank","तsunil",1,0,0,3,"रिश्तेदार","रिशतsunil"
616,"श्वत","श्वत-last_blank","last_blank",2,1,"अलइन-last_blank","अलइन",1,0,0,2,"रिश्वत","रिअलइन"
502,"की हड्डी में","की हड्डी में-last_blank","last_blank",5,1,"यsiddhartha-last_blank","यsiddhartha",1,0,1,7,"रीढ़ की हड्डी में","रीढ़ यsiddhartha"
39,"को","को-last_blank","last_blank",1,1,"xl-last_blank","xl",1,0,0,1,"रुको","रुxl"
238,"िस्तान","िस्तान-last_blank","last_blank",3,1,"तsunil-last_blank","तsunil",1,0,0,3,"रेगिस्तान","रेगतsunil"
564,"जिमेंट","जिमेंट-last_blank","last_blank",2,1,"ज०म०म०-last_blank","ज०म०म०",1,0,0,2,"रेजिमेंट","रेज०म०म०"
330,"यो","यो-last_blank","last_blank",1,1,"ओख-last_blank","ओख",1,0,0,1,"रेडियो","रेडिओख"
578,"ल गाडी","ल गाडी-last_blank","last_blank",2,1,"यmayur-last_blank","यmayur",1,0,0,4,"रेल गाडी","रेयmayur"
124,"first_blank","first_blank-रे","रे",1,1,"first_blank-झष","झष",1,0,0,1,"रेशम","झषशम"
797,"रो","रो-कन","कन",1,1,"छल-कन","छल",1,0,0,1,"रोकना","छलकना"
996,"ी वाहन","ी वाहन-last_blank","last_blank",3,1,"यmayur-last_blank","यmayur",1,0,0,3,"रोगी वाहन","रोगयmayur"
913,"first_blank","first_blank-रो","रो",1,1,"first_blank-टअ","टअ",1,0,0,1,"रोज","टअज"
467,"first_blank","first_blank-रो","रो",1,1,"first_blank-iइ","iइ",1,0,0,1,"रोटी","iइटी"
650,"first_blank","first_blank-रो","रो",1,1,"first_blank-gà","gà",1,0,0,1,"रोबोट","gàबोट"
707,"first_blank","first_blank-रो","रो",1,1,"first_blank-ہی","ہی",1,0,0,1,"रोमन","ہیमन"
312,"first_blank","first_blank-रो","रो",1,1,"first_blank-२ज","२ज",1,0,0,1,"रोमियो","२जमियो"
921,"्षण","्षण-last_blank","last_blank",2,1,"गड०-last_blank","गड०",1,0,0,1,"लक्षण","लकगड०"
290,"first_blank","first_blank-लं","लं",1,1,"first_blank-घञ","घञ",1,0,0,1,"लंगर","घञगर"
967,"़ान्या","़ान्या-last_blank","last_blank",2,1,"तsunil-last_blank","तsunil",1,0,0,4,"लज़ान्या","लजतsunil"
618,"लड","लड-़क","़क",1,1,"लड-कन","कन",1,0,0,1,"लड़का","लडकना"
744,"first_blank","first_blank-लड","लड",1,61,"first_blank-डम","डम",61,0,0,1,"लड़की","डम़की"
745,"first_blank","first_blank-लड","लड",1,61,"first_blank-यज","यज",61,0,0,1,"लड़के","यज़के"
746,"़ा","़ा-ई","ई",1,1,"कक-ई","कक",1,0,0,1,"लड़ाई","लडककई"
456,"कना","कना-last_blank","last_blank",2,1,"लएड-last_blank","लएड",1,0,0,1,"लपकना","लपलएड"
508,"सुन","सुन-last_blank","last_blank",2,1,"मउट-last_blank","मउट",1,0,0,1,"लहसुन","लहमउट"
560,"first_blank","first_blank-ला","ला",1,1,"first_blank-भउ","भउ",1,0,0,1,"लाइव","भउइव"
628,"first_blank","first_blank-ला","ला",1,1,"first_blank-xu","xu",1,0,0,1,"लाओ","xuओ"
106,"first_blank","first_blank-ला","ला",1,1,"first_blank-दथ","दथ",1,0,0,1,"लागू","दथगू"
494,"first_blank","first_blank-ला","ला",1,1,"first_blank-५ज","५ज",1,0,0,1,"लाल","५जल"
77,"स्टिक","स्टिक-last_blank","last_blank",3,1,"ष०पर०-last_blank","ष०पर०",1,0,0,2,"लिपस्टिक","लिपष०पर०"
505,"़ा","़ा-last_blank","last_blank",1,1,"ऐन-last_blank","ऐन",1,0,0,1,"लिफ़ाफ़ा","लिफ़ाफऐन"
8,"first_blank","first_blank-ले","ले",1,1,"first_blank-इठ","इठ",1,0,0,1,"लेख","इठख"
43,"first_blank","first_blank-ले","ले",1,1,"first_blank-दऐ","दऐ",1,0,0,1,"लेखक","दऐखक"
537,"प्रिय","प्रिय-last_blank","last_blank",3,1,"ए०एस०-last_blank","ए०एस०",1,0,0,2,"लोकप्रिय","लोकए०एस०"
192,"लो","लो-मड","मड",1,1,"पर-मड","पर",1,0,0,1,"लोमड़ी","परमड़ी"
415,"हा","हा-last_blank","last_blank",1,1,"यƨ-last_blank","यƨ",1,0,0,1,"लोहा","लोयƨ"
45,"ील","ील-last_blank","last_blank",1,1,"ढच-last_blank","ढच",1,0,0,1,"वकील","वकढच"
109,"first_blank","first_blank-वज","वज",1,165,"first_blank-ex","ex",165,0,0,1,"वजन","exन"
663,"स्क","स्क-last_blank","last_blank",2,1,"रइग-last_blank","रइग",1,0,0,1,"वयस्क","वयरइग"
311,"िष्ठ","िष्ठ-last_blank","last_blank",2,1,"एसस०-last_blank","एसस०",1,0,0,2,"वरिष्ठ","वरएसस०"
822," करना"," करना-last_blank","last_blank",5,1,"ज०म०म०-last_blank","ज०म०म०",1,0,1,1,"वर्णन करना","वर्णनज०म०म०"
588,"तमान","तमान-last_blank","last_blank",3,1,"य		क-last_blank","यक",1,0,0,1,"वर्तमान","वर्य		क"
575,"वर","वर-्ष","्ष",1,1,"वर-बई","बई",1,0,0,1,"वर्षा","वरबईा"
476,"first_blank","first_blank-वं","वं",1,1,"first_blank-nव","nव",1,0,0,1,"वंश","nवश"
458,"ंत","ंत-last_blank","last_blank",1,1,"हघ-last_blank","हघ",1,0,0,1,"वसंत","वसहघ"
806,"वस","वस-्त","्त",1,1,"वस-तओ","तओ",1,0,0,1,"वस्तु","वसतओु"
846,"first_blank","first_blank-वा","वा",1,1,"first_blank-વર","વર",1,0,0,1,"वाइन","વરइन"
852,"इरस","इरस-last_blank","last_blank",2,1,"यएज-last_blank","यएज",1,0,0,1,"वाइरस","वायएज"
778,"ावरण","ावरण-last_blank","last_blank",3,1,"अलइन-last_blank","अलइन",1,0,0,1,"वातावरण","वातअलइन"
776,"first_blank","first_blank-वा","वा",1,1,"first_blank-ऽ	","ऽ	",1,0,0,1,"वापस","ऽ	पस"
119,"first_blank","first_blank-वा","वा",1,1,"first_blank-०४","०४",1,0,0,1,"वायु","०४यु"
985,"first_blank","first_blank-वा","वा",1,1,"first_blank-થય","થય",1,0,0,1,"वाल्व","થયल्व"
612,"िंगटन","िंगटन-last_blank","last_blank",3,1,"एन०ए०-last_blank","एन०ए०",1,0,0,2,"वाशिंगटन","वाशएन०ए०"
858,"्तव में","्तव में-last_blank","last_blank",3,1,"धpardhi-last_blank","धpardhi",1,0,0,4,"वास्तव में","वासधpardhi"
217,"first_blank","first_blank-वा","वा",1,1,"first_blank-ହର","ହର",1,0,0,1,"वाहन","ହରहन"
49,"हवाही","हवाही-last_blank","last_blank",2,1,"आर०ए०-last_blank","आर०ए०",1,0,0,3,"वाहवाही","वाआर०ए०"
185,"क्रेता","क्रेता-last_blank","last_blank",2,1,"यmayur-last_blank","यmayur",1,0,0,4,"विक्रेता","वियmayur"
922,"first_blank","first_blank-वि","वि",1,1,"first_blank-oz","oz",1,0,0,1,"विचार","ozचार"
952,"र करना","र करना-last_blank","last_blank",4,1,"यmayur-last_blank","यmayur",1,0,0,2,"विचार करना","विचायmayur"
470,"first_blank","first_blank-वि","वि",1,1,"first_blank-üb","üb",1,0,0,1,"विजय","übजय"
794,"्ञापन","्ञापन-last_blank","last_blank",3,1,"एन०ए०-last_blank","एन०ए०",1,0,0,2,"विज्ञापन","विजएन०ए०"
765,"डंबना","डंबना-last_blank","last_blank",2,1,"तpppp-last_blank","तpppp",1,0,0,3,"विडंबना","वितpppp"
444,"first_blank","first_blank-वि","वि",1,1,"first_blank-लऎ","लऎ",1,0,0,1,"वित्त","लऎत्त"
657,"first_blank","first_blank-वि","वि",1,1,"first_blank-थण","थण",1,0,0,1,"विधवा","थणधवा"
666,"first_blank","first_blank-वि","वि",1,1,"first_blank-در","در",1,0,0,1,"विनीत","درनीत"
639,"दपूर्ण","दपूर्ण-last_blank","last_blank",4,1,"तsunil-last_blank","तsunil",1,0,0,2,"विनोदपूर्ण","विनोतsunil"
78,"रासत","रासत-last_blank","last_blank",2,1,"एसस०-last_blank","एसस०",1,0,0,1,"विरासत","विएसस०"
539," साक्ष्य"," साक्ष्य-last_blank","last_blank",6,1,"धpardhi-last_blank","धpardhi",1,0,1,2,"विरूपण साक्ष्य","विरूपणधpardhi"
522,"first_blank","first_blank-वि","वि",1,1,"first_blank-કબ","કબ",1,0,0,1,"विरोध","કબरोध"
798,"first_blank","first_blank-वि","वि",1,1,"first_blank-ओठ","ओठ",1,0,0,1,"विलोम","ओठलोम"
33,"first_blank","first_blank-वि","वि",1,1,"first_blank-कऔ","कऔ",1,0,0,1,"विशेष","कऔशेष"
3,"ेषज्ञ","ेषज्ञ-last_blank","last_blank",3,1,"तpppp-last_blank","तpppp",1,0,0,2,"विशेषज्ञ","विशतpppp"
888,"षाधिकार","षाधिकार-last_blank","last_blank",4,1,"धpardhi-last_blank","धpardhi",1,0,0,3,"विशेषाधिकार","विशेधpardhi"
447,"श्राम","श्राम-last_blank","last_blank",2,1,"तajay-last_blank","तajay",1,0,0,3,"विश्राम","वितajay"
35,"्लेषक","्लेषक-last_blank","last_blank",3,1,"ष०पर०-last_blank","ष०पर०",1,0,0,2,"विश्लेषक","विशष०पर०"
664,"श्वास","श्वास-last_blank","last_blank",2,1,"एन०ए०-last_blank","एन०ए०",1,0,0,3,"विश्वास","विएन०ए०"
326," औषध"," औषध-last_blank","last_blank",4,1,"ष०पर०-last_blank","ष०पर०",1,0,1,1,"विषहर औषध","विषहरष०पर०"
368,"त्","त्-त","त",1,1,"झड-त","झड",1,0,0,1,"वृत्त","वृझडत"
812,"first_blank","first_blank-वे","वे",1,1,"first_blank-کچ","کچ",1,0,0,1,"वेटर","کچटर"
823,"यक्ति","यक्ति-last_blank","last_blank",2,1,"यbill-last_blank","यbill",1,0,0,2,"व्यक्ति","व्यbill"
945,"्तिगत","्तिगत-last_blank","last_blank",4,1,"ष०पर०-last_blank","ष०पर०",1,0,0,1,"व्यक्तिगत","व्यकष०पर०"
825,"वस्था","वस्था-last_blank","last_blank",3,1,"ए०एस०-last_blank","ए०एस०",1,0,0,2,"व्यवस्था","व्यए०एस०"
534,"याख्या","याख्या-last_blank","last_blank",2,1,"यmayur-last_blank","यmayur",1,0,0,3,"व्याख्या","व्यmayur"
954,"वसायिक","वसायिक-last_blank","last_blank",4,1,"तsunil-last_blank","तsunil",1,0,0,2,"व्यावसायिक","व्यातsunil"
821,"हिस्की","हिस्की-last_blank","last_blank",2,1,"तsunil-last_blank","तsunil",1,0,0,4,"व्हिस्की","व्तsunil"
865,"शक","शक-last_blank","last_blank",1,108,"षत-last_blank","षत",116,8,0,1,"शक","षत"
111,"शक","शक-्त","्त",1,1,"शक-कर","कर",1,0,0,1,"शक्ति","शककरि"
723,"िवार","िवार-last_blank","last_blank",2,1,"	गलम-last_blank","गलम",1,0,0,2,"शनिवार","शन	गलम"
773,"्द","्द-last_blank","last_blank",1,1,"डइ-last_blank","डइ",1,0,0,1,"शब्द","शबडइ"
688,"दकोश","दकोश-last_blank","last_blank",3,1,"एसस०-last_blank","एसस०",1,0,0,1,"शब्दकोश","शब्एसस०"
72,"शर","शर-ण","ण",1,17,"अख-ण","अख",3,14,0,1,"शरण","अखण"
614,"ार्थी","ार्थी-last_blank","last_blank",3,1,"आर०ए०-last_blank","आर०ए०",1,0,0,1,"शरणार्थी","शरणआर०ए०"
383,"ाब","ाब-last_blank","last_blank",1,1,"ओई-last_blank","ओई",1,0,0,1,"शराब","शरओई"
646,"र","र- रचना"," रचना",4,1,"र-तpppp","तpppp",1,0,0,1,"शरीर रचना","शरीरतpppp"
774,"्लक","्लक-last_blank","last_blank",2,1,"तईस-last_blank","तईस",1,0,0,1,"शर्लक","शरतईस"
258,"िकित्सक","िकित्सक-last_blank","last_blank",6,1,"धpardhi-last_blank","धpardhi",1,0,0,1,"शल्य चिकित्सक","शल्य चधpardhi"
804,"ीक्षण","ीक्षण-last_blank","last_blank",5,1,"ज०म०म०-last_blank","ज०म०म०",1,0,1,1,"शव परीक्षण","शव परज०म०म०"
831,"्रागार","्रागार-last_blank","last_blank",4,1,"यmayur-last_blank","यmayur",1,0,0,2,"शस्त्रागार","शस्तयmayur"
633,"शह","शह-द","द",1,1,"नई-द","नई",1,0,0,1,"शहद","नईद"
11,"ंत","ंत-last_blank","last_blank",1,1,"उब-last_blank","उब",1,0,0,1,"शांत","शाउब"
807,"िल होना","िल होना-last_blank","last_blank",3,1,"धpardhi-last_blank","धpardhi",1,0,0,4,"शामिल होना","शामधpardhi"
873,"first_blank","first_blank-शा","शा",1,1,"first_blank-xh","xh",1,0,0,1,"शायद","xhयद"
635,"र्","र्-क","क",1,1,"औत-क","औत",1,0,0,1,"शार्क","शाऔतक"
982,"स्वत","स्वत-last_blank","last_blank",2,1,"सस क-last_blank","सस क",1,0,0,1,"शास्वत","शासस क"
889,"first_blank","first_blank-शा","शा",1,1,"first_blank-टत","टत",1,0,0,1,"शाही","टतही"
71,"कायत","कायत-last_blank","last_blank",2,1,"	गलम-last_blank","गलम",1,0,0,2,"शिकायत","शि	गलम"
378,"first_blank","first_blank-शि","शि",1,1,"first_blank- य"," य",1,0,0,1,"शिकार"," यकार"
636,"र करना","र करना-last_blank","last_blank",4,1,"यmayur-last_blank","यmayur",1,0,0,2,"शिकार करना","शिकायmayur"
219,"first_blank","first_blank-शि","शि",1,1,"first_blank-बq","बq",1,0,0,1,"शिविर","बqविर"
562,"first_blank","first_blank-शि","शि",1,1,"first_blank-तङ","तङ",1,0,0,1,"शिशु","तङशु"
138,"ल्","ल्-ड","ड",1,1,"शम-ड","शम",1,0,0,1,"शील्ड","शीशमड"
445,"first_blank","first_blank-शू","शू",1,1,"first_blank-ew","ew",1,0,0,1,"शूटर","ewटर"
654,"first_blank","first_blank-शे","शे",1,1,"first_blank-lf","lf",1,0,0,1,"शेरिफ","lfरिफ"
233,"first_blank","first_blank-शॉ","शॉ",1,1,"first_blank-ୟଶ","ୟଶ",1,0,0,1,"शॉट","ୟଶट"
420,"first_blank","first_blank-शो","शो",1,1,"first_blank-অন","অন",1,0,0,1,"शोर","অনर"
201,"first_blank","first_blank-शौ","शौ",1,1,"first_blank-थऐ","थऐ",1,0,0,1,"शौक","थऐक"
504,"न व्यक्ति","न व्यक्ति-last_blank","last_blank",5,1,"शaddition-last_blank","शaddition",1,0,0,4,"शौक़ीन व्यक्ति","शौक़ीशaddition"
1000,"चालय","चालय-last_blank","last_blank",2,1,"च०ड०-last_blank","च०ड०",1,0,0,1,"शौचालय","शौच०ड०"
512,"रृंखला","रृंखला-last_blank","last_blank",2,1,"तsunil-last_blank","तsunil",1,0,0,4,"श्रृंखला","श्तsunil"
112,"रे","रे-य","य",1,1,"छव-य","छव",1,0,0,1,"श्रेय","श्छवय"
418,"यंत्र","यंत्र-last_blank","last_blank",3,1,"यbill-last_blank","यbill",1,0,0,1,"षड़यंत्र","षड़यbill"
473,"ल्पना","ल्पना-last_blank","last_blank",3,1,"ष०पर०-last_blank","ष०पर०",1,0,0,1,"संकल्पना","संकष०पर०"
421,"ात्मक","ात्मक-last_blank","last_blank",4,1,"आई०ड०-last_blank","आई०ड०",1,0,0,1,"सकारात्मक","सकारआई०ड०"
273,"कीर्ण","कीर्ण-last_blank","last_blank",2,1,"तajay-last_blank","तajay",1,0,0,3,"संकीर्ण","संतajay"
205,"्रिय","्रिय-last_blank","last_blank",2,1,"मन०i-last_blank","मन०i",1,0,0,2,"सक्रिय","सकमन०i"
525,"्षम","्षम-last_blank","last_blank",2,1,"खअग-last_blank","खअग",1,0,0,1,"सक्षम","सकखअग"
459,"first_blank","first_blank-सं","सं",1,1,"first_blank-vj","vj",1,0,0,1,"संख्या","vjख्या"
835,"ाई","ाई-last_blank","last_blank",1,1,"ନମ-last_blank","ନମ",1,0,0,1,"सगाई","सगନମ"
327,"first_blank","first_blank-सं","सं",1,1,"first_blank-	प","	प",1,0,0,1,"संघ","	पघ"
734,"first_blank","first_blank-सं","सं",1,1,"first_blank-رج","رج",1,0,0,1,"संघीय","رجघीय"
54,"सच","सच-last_blank","last_blank",1,14,"षए-last_blank","षए",15,1,0,1,"सच","षए"
830,"चालित","चालित-last_blank","last_blank",2,1,"ष०पर०-last_blank","ष०पर०",1,0,0,3,"संचालित","संष०पर०"
904,"िव","िव-last_blank","last_blank",1,1,"उब-last_blank","उब",1,0,0,1,"सचिव","सचउब"
221,"़ा देना","़ा देना-last_blank","last_blank",2,1,"धpardhi-last_blank","धpardhi",1,0,0,5,"सज़ा देना","सजधpardhi"
990,"़क","़क-last_blank","last_blank",1,1,"टऊ-last_blank","टऊ",1,0,0,1,"सड़क","सडटऊ"
867,"तुलन","तुलन-last_blank","last_blank",2,1,"त एक-last_blank","त एक",1,0,0,1,"संतुलन","संत एक"
536,"तुष्ट","तुष्ट-last_blank","last_blank",2,1,"तajay-last_blank","तajay",1,0,0,2,"संतुष्ट","संतajay"
169,"्कार","्कार-last_blank","last_blank",2,1,"भ दख-last_blank","भ दख",1,0,0,2,"सत्कार","सतभ दख"
613,"प्रति निष्ठा","प्रति निष्ठा-last_blank","last_blank",8,1,"यsiddhartha-last_blank","यsiddhartha",1,0,1,4,"सत्य के प्रति निष्ठा","सत्य के यsiddhartha"
450,"स्य","स्य-last_blank","last_blank",2,1,"रओस-last_blank","रओस",1,0,0,1,"सदस्य","सदरओस"
384,"first_blank","first_blank-सद","सद",1,256,"first_blank-अम","अम",256,0,0,1,"सदी","अमी"
672,"पत्ति","पत्ति-last_blank","last_blank",2,1,"ए०एस०-last_blank","ए०एस०",1,0,0,3,"संपत्ति","संए०एस०"
872,"पर्क","पर्क-last_blank","last_blank",2,1,"य		क-last_blank","यक",1,0,0,1,"संपर्क","संय		क"
500,"पूर्ण","पूर्ण-last_blank","last_blank",2,1,"तajay-last_blank","तajay",1,0,0,3,"संपूर्ण","संतajay"
52,"लता","लता-last_blank","last_blank",2,1,"टइव-last_blank","टइव",1,0,0,1,"सफलता","सफटइव"
158,"ेद","ेद-last_blank","last_blank",1,1,"fm-last_blank","fm",1,0,0,1,"सफेद","सफfm"
676,"first_blank","first_blank-सं","सं",1,1,"first_blank-hn","hn",1,0,0,1,"संबंध","hnबंध"
14," पहले"," पहले-last_blank","last_blank",4,1,"तajay-last_blank","तajay",1,0,0,1,"सबसे पहले","सबसेतajay"
530,"ूत","ूत-last_blank","last_blank",1,1,"jn-last_blank","jn",1,0,0,1,"सबूत","सबjn"
105,"भावना","भावना-last_blank","last_blank",2,1,"ए०एस०-last_blank","ए०एस०",1,0,0,3,"संभावना","संए०एस०"
26,"्य","्य-last_blank","last_blank",1,1,"ऋभ-last_blank","ऋभ",1,0,0,1,"सभ्य","सभऋभ"
878,"ैंगिक","ैंगिक-last_blank","last_blank",3,1,"आई०ड०-last_blank","आई०ड०",1,0,0,2,"समलैंगिक","समलआई०ड०"
884,"ाज","ाज-last_blank","last_blank",1,1,"hb-last_blank","hb",1,0,0,1,"समाज","समhb"
796,"ान","ान-last_blank","last_blank",1,1,"अठ-last_blank","अठ",1,0,0,1,"समान","समअठ"
881,"ाप्त","ाप्त-last_blank","last_blank",2,1,"सस क-last_blank","सस क",1,0,0,2,"समाप्त","समसस क"
909,"ुद्र","ुद्र-last_blank","last_blank",2,1,"हममद-last_blank","हममद",1,0,0,2,"समुद्र","समहममद"
453,"ुद्री","ुद्री-last_blank","last_blank",2,1,"ष०पर०-last_blank","ष०पर०",1,0,0,2,"समुद्री","समष०पर०"
431,"्री डाकू","्री डाकू-last_blank","last_blank",4,1,"धpardhi-last_blank","धpardhi",1,0,1,4,"समुद्री डाकू","समुदधpardhi"
607,"मेलन","मेलन-last_blank","last_blank",3,1,"हममद-last_blank","हममद",1,0,0,1,"सम्मेलन","सम्हममद"
898,"ाह","ाह-last_blank","last_blank",1,1,"mx-last_blank","mx",1,0,0,1,"सलाह","सलmx"
381,"नात्मक","नात्मक-last_blank","last_blank",5,1,"तsunil-last_blank","तsunil",1,0,0,1,"संवेदनात्मक","संवेदतsunil"
526,"first_blank","first_blank-सं","सं",1,1,"first_blank-پر","پر",1,0,0,1,"संसद","پرसद"
875,"स्कृति","स्कृति-last_blank","last_blank",2,1,"ज०म०म०-last_blank","ज०म०म०",1,0,0,4,"संस्कृति","संज०म०म०"
67,"रूप में","रूप में-last_blank","last_blank",4,1,"धpardhi-last_blank","धpardhi",1,0,0,3,"सहज रूप में","सहज धpardhi"
905,"योग","योग-last_blank","last_blank",2,1,"कइट-last_blank","कइट",1,0,0,1,"सहयोग","सहकइट"
582,"first_blank","first_blank-सह","सह",1,287,"first_blank-वल","वल",284,3,0,1,"सही","वली"
214,"षी","षी-last_blank","last_blank",1,1,"સધ-last_blank","સધ",1,0,0,1,"साक्षी","साक्સધ"
181,"रतट","रतट-last_blank","last_blank",3,1,"णड०४-last_blank","णड०४",1,0,1,1,"सागरतट","सागणड०४"
406," करने वाला"," करने वाला-last_blank","last_blank",7,1,"शaddition-last_blank","शaddition",1,0,1,3,"साथ काम करने वाला","साथ कामशaddition"
700,"first_blank","first_blank-सा","सा",1,1,"first_blank-न२","न२",1,0,0,1,"साधन","न२धन"
914,"धारण","धारण-last_blank","last_blank",2,1,"अलइन-last_blank","अलइन",1,0,0,2,"साधारण","साअलइन"
495,"first_blank","first_blank-सा","सा",1,1,"first_blank-यऽ","यऽ",1,0,0,1,"साधु","यऽधु"
416,"first_blank","first_blank-सा","सा",1,1,"first_blank-vj","vj",1,0,0,1,"साफ","vjफ"
489,"first_blank","first_blank-सा","सा",1,1,"first_blank-जऑ","जऑ",1,0,0,1,"सामने","जऑमने"
68,"्य रूप से","्य रूप से-last_blank","last_blank",5,1,"शaddition-last_blank","शaddition",1,0,0,4,"सामान्य रूप से","सामानशaddition"
22,"या","या-last_blank","last_blank",1,1,"uv-last_blank","uv",1,0,0,1,"साया","साuv"
287,"गिरह","गिरह-last_blank","last_blank",3,1,"	जमम-last_blank","जमम",1,0,0,1,"सालगिरह","साल	जमम"
399,"first_blank","first_blank-सा","सा",1,1,"first_blank-zc","zc",1,0,0,1,"साहस","zcहस"
6,"तंबर","तंबर-last_blank","last_blank",2,1,"त एक-last_blank","त एक",1,0,0,1,"सितंबर","सित एक"
370,"first_blank","first_blank-सि","सि",1,1,"first_blank-ଭତ","ଭତ",1,0,0,1,"सिनेमा","ଭତनेमा"
918,"first_blank","first_blank-सी","सी",1,1,"first_blank-اح","اح",1,0,0,1,"सीखना","احखना"
927,"first_blank","first_blank-सी","सी",1,1,"first_blank-zp","zp",1,0,0,1,"सींग","zpंग"
742,"first_blank","first_blank-सी","सी",1,1,"first_blank-وآ","وآ",1,0,0,1,"सीज़र","وآज़र"
928,"धे","धे-last_blank","last_blank",1,1,"सळ-last_blank","सळ",1,0,0,1,"सीधे","सीसळ"
546,"ंट","ंट-last_blank","last_blank",1,1,"নধ-last_blank","নধ",1,0,0,1,"सीमेंट","सीमेনধ"
674," का मांस"," का मांस-last_blank","last_blank",4,1,"धpardhi-last_blank","धpardhi",1,0,1,4,"सुअर का मांस","सुअरधpardhi"
924,"first_blank","first_blank-सु","सु",1,1,"first_blank-कऽ","कऽ",1,0,0,1,"सुई","कऽई"
933,"ंदर हे","ंदर हे-last_blank","last_blank",2,1,"ज०म०म०-last_blank","ज०म०म०",1,0,0,4,"सुंदर हे","सुज०म०म०"
936,"first_blank","first_blank-सु","सु",1,1,"first_blank-भङ","भङ",1,0,0,1,"सुनना","भङनना"
477,"नवाई","नवाई-last_blank","last_blank",2,1,"सibs-last_blank","सibs",1,0,0,2,"सुनवाई","सुसibs"
938,"रक्षा","रक्षा-last_blank","last_blank",2,1,"आई०ड०-last_blank","आई०ड०",1,0,0,3,"सुरक्षा","सुआई०ड०"
939,"क्षित","क्षित-last_blank","last_blank",3,1,"तajay-last_blank","तajay",1,0,0,2,"सुरक्षित","सुरतajay"
223,"first_blank","first_blank-सू","सू",1,1,"first_blank-१स","१स",1,0,0,1,"सूखा","१सखा"
897,"first_blank","first_blank-सू","सू",1,1,"first_blank-ॵर","ॵर",1,0,0,1,"सूप","ॵरप"
631,"ा अस्त होना","ा अस्त होना-last_blank","last_blank",6,1,"यsiddhartha-last_blank","यsiddhartha",1,0,0,5,"सूर्य का अस्त होना","सूर्य कयsiddhartha"
96," करना"," करना-last_blank","last_blank",4,1,"तpppp-last_blank","तpppp",1,0,0,1,"सृजन करना","सृजनतpppp"
548,"first_blank","first_blank-से","से",1,1,"first_blank-मऴ","मऴ",1,0,0,1,"सेब","मऴब"
625,"मिनार","मिनार-last_blank","last_blank",2,1,"एन०ए०-last_blank","एन०ए०",1,0,0,3,"सेमिनार","सेएन०ए०"
355,"िब्रिटी","िब्रिटी-last_blank","last_blank",3,1,"धpardhi-last_blank","धpardhi",1,0,0,4,"सेलिब्रिटी","सेलधpardhi"
719,"वा","वा-last_blank","last_blank",1,1,"षऐ-last_blank","षऐ",1,0,0,1,"सेवा","सेषऐ"
334,"ंस","ंस-र","र",1,1,"भई-र","भई",1,0,0,1,"सेंसर","सेभईर"
997,"ंडविच","ंडविच-last_blank","last_blank",2,1,"ए०एस०-last_blank","ए०एस०",1,0,0,3,"सैंडविच","सैए०एस०"
949,"य टुकड़ी","य टुकड़ी-last_blank","last_blank",4,1,"धpardhi-last_blank","धpardhi",1,0,1,4,"सैन्य टुकड़ी","सैन्धpardhi"
854,"टवेयर","टवेयर-last_blank","last_blank",4,1,"तpppp-last_blank","तpppp",1,0,0,1,"सॉफ्टवेयर","सॉफ्तpppp"
592,"first_blank","first_blank-सो","सो",1,1,"first_blank-६ठ","६ठ",1,0,0,1,"सोफ़ा","६ठफ़ा"
634,"मवार","मवार-last_blank","last_blank",2,1,"मन०i-last_blank","मन०i",1,0,0,1,"सोमवार","सोमन०i"
507,"कर्ट","कर्ट-last_blank","last_blank",2,1,"अलइन-last_blank","अलइन",1,0,0,2,"स्कर्ट","स्अलइन"
695,"क्रीन","क्रीन-last_blank","last_blank",2,1,"ष०पर०-last_blank","ष०पर०",1,0,0,3,"स्क्रीन","स्ष०पर०"
605,"ेडियम","ेडियम-last_blank","last_blank",3,1,"ए०एस०-last_blank","ए०एस०",1,0,0,2,"स्टेडियम","स्टए०एस०"
961,"था","था-न","न",1,1,"चव-न","चव",1,0,0,1,"स्थान","स्चवन"
962,"first_blank","first_blank-स्","स्",1,1,"first_blank-uz","uz",1,0,0,1,"स्थिति","uzथिति"
968,"ट रूप से","ट रूप से-last_blank","last_blank",5,1,"धpardhi-last_blank","धpardhi",1,0,1,3,"स्पष्ट रूप से","स्पष्धpardhi"
517,"मारक","मारक-last_blank","last_blank",2,1,"मन०i-last_blank","मन०i",1,0,0,1,"स्मारक","स्मन०i"
944,"first_blank","first_blank-स्","स्",1,1,"first_blank-બત","બત",1,0,0,1,"स्रोत","બતरोत"
975,"ंसेवक","ंसेवक-last_blank","last_blank",4,1,"आई०ड०-last_blank","आई०ड०",1,0,0,1,"स्वयंसेवक","स्वयआई०ड०"
425,"वर्ग","वर्ग-last_blank","last_blank",2,1,"स हग-last_blank","स हग",1,0,0,1,"स्वर्ग","स्स हग"
254,"वर्ण","वर्ण-last_blank","last_blank",2,1,"वupp-last_blank","वupp",1,0,0,1,"स्वर्ण","स्वupp"
911,"वस्थ","वस्थ-last_blank","last_blank",2,1,"वupp-last_blank","वupp",1,0,0,1,"स्वस्थ","स्वupp"
382,"वागत","वागत-last_blank","last_blank",2,1,"वupp-last_blank","वupp",1,0,0,1,"स्वागत","स्वupp"
208,"first_blank","first_blank-स्","स्",1,1,"first_blank-झष","झष",1,0,0,1,"स्वाद","झषवाद"
971,"ादिष्ट","ादिष्ट-last_blank","last_blank",3,1,"यmayur-last_blank","यmayur",1,0,0,3,"स्वादिष्ट","स्वयmayur"
903,"क प्रवृत्ति","क प्रवृत्ति-last_blank","last_blank",8,1,"यsiddhartha-last_blank","यsiddhartha",1,0,0,3,"स्वाभाविक प्रवृत्ति","स्वाभावियsiddhartha"
541,"वामिनी","वामिनी-last_blank","last_blank",2,1,"ज०म०म०-last_blank","ज०म०म०",1,0,0,3,"स्वामिनी","स्ज०म०म०"
841,"ास्थ्य","ास्थ्य-last_blank","last_blank",3,1,"ज०म०म०-last_blank","ज०म०म०",1,0,0,3,"स्वास्थ्य","स्वज०म०म०"
973,"ार करना","ार करना-last_blank","last_blank",5,1,"धpardhi-last_blank","धpardhi",1,0,0,2,"स्वीकार करना","स्वीकधpardhi"
955,"़ा","़ा-र","र",1,1,"तय-र","तय",1,0,0,1,"हज़ार","हजतयर"
433,"first_blank","first_blank-हट","हट",1,49,"first_blank-डव","डव",49,0,0,1,"हटाना","डवाना"
202,"हड","हड-्ड","्ड",1,1,"हड-गल","गल",1,0,0,1,"हड्डी","हडगली"
669,"्यारा","्यारा-last_blank","last_blank",2,1,"ष०पर०-last_blank","ष०पर०",1,0,0,2,"हत्यारा","हतष०पर०"
436,"first_blank","first_blank-हम","हम",1,215,"first_blank-कस","कस",215,0,0,1,"हमेशा","कसेशा"
862,"first_blank","first_blank-हर","हर",1,421,"first_blank-कम","कम",425,4,0,1,"हरा","कमा"
64,"first_blank","first_blank-हव","हव",1,88,"first_blank-यर","यर",88,0,0,1,"हवा","यरा"
556,"ाक्षर","ाक्षर-last_blank","last_blank",4,1,"ए०एस०-last_blank","ए०एस०",1,0,0,1,"हस्ताक्षर","हस्तए०एस०"
991,"first_blank","first_blank-हा","हा",1,1,"first_blank-शठ","शठ",1,0,0,1,"हाथ","शठथ"
118,"र्मोन","र्मोन-last_blank","last_blank",2,1,"तajay-last_blank","तajay",1,0,0,3,"हार्मोन","हातajay"
154,"व  भाव","व  भाव-last_blank","last_blank",2,1,"तsunil-last_blank","तsunil",1,0,0,4,"हाव - भाव","हातsunil"
437,"यास्पद","यास्पद-last_blank","last_blank",4,1,"यmayur-last_blank","यmayur",1,0,0,1,"हास्यास्पद","हास्यmayur"
215,"रा","रा-last_blank","last_blank",1,1,"अझ-last_blank","अझ",1,0,0,1,"हीरा","हीअझ"
332,"लमेट","लमेट-last_blank","last_blank",2,1,"हममद-last_blank","हममद",1,0,0,1,"हेलमेट","हेहममद"
697,"first_blank","first_blank-हो","हो",1,1,"first_blank-vw","vw",1,0,0,1,"होटल","vwटल"
