"word_id","first","original_pair","second","syll","original_freq","replacement_pair","replacement_syll","replacement_freq","freq_diff","char_diff","letter_diff","original_word","replacement_word"
68,"ul","ul-at","at",1,15,"rn-at","rn",15,0,0,1,"calculate","calcrnate"
4,"first_blank","first_blank-hi","hi",1,89,"first_blank-२७","२७",89,0,0,1,"hiv","२७v"
492,"st","st-last_blank","last_blank",1,97,"ra-last_blank","ra",97,0,0,1,"specialist","specialira"
36,"ph","ph-on","on",1,11,"as-on","as",11,0,0,1,"telephone","teleasone"
8,"अक","अक-ेल","ेल",1,1,"अक-षम","षम",1,0,0,1,"अकेला","अकषमा"
388,"टूबर","टूबर-last_blank","last_blank",3,1,"स हग-last_blank","स हग",1,0,0,1,"अक्टूबर","अक्स हग"
276,"्सर","्सर-last_blank","last_blank",2,1,"कइव-last_blank","कइव",1,0,0,1,"अक्सर","अककइव"
487,"बार","बार-last_blank","last_blank",2,1,"डइव-last_blank","डइव",1,0,0,1,"अखबार","अखडइव"
962,"ली की छाप","ली की छाप-last_blank","last_blank",4,1,"शaddition-last_blank","शaddition",1,0,0,5,"अंगुली की छाप","अंगुशaddition"
552,"first_blank","first_blank-अं","अं",1,1,"first_blank-कȧ","कȧ",1,0,0,1,"अंगूठे","कȧगूठे"
855,"ांटिक","ांटिक-last_blank","last_blank",3,1,"ए०एस०-last_blank","ए०एस०",1,0,0,2,"अटलांटिक","अटलए०एस०"
182,"डा","डा-last_blank","last_blank",1,1,"ری-last_blank","ری",1,0,0,1,"अंडा","अंری"
860,"first_blank","first_blank-अं","अं",1,1,"first_blank-ञव","ञव",1,0,0,1,"अंततः","ञवततः"
110,"first_blank","first_blank-अं","अं",1,1,"first_blank-हi","हi",1,0,0,1,"अंतिम","हiतिम"
53," संस्कार"," संस्कार-last_blank","last_blank",5,1,"धpardhi-last_blank","धpardhi",1,0,1,3,"अंतिम संस्कार","अंतिमधpardhi"
929,"ना करना","ना करना-last_blank","last_blank",6,1,"धpardhi-last_blank","धpardhi",1,0,0,1,"अतिरंजना करना","अतिरंजधpardhi"
948,"रिक्त","रिक्त-last_blank","last_blank",3,1,"यbill-last_blank","यbill",1,0,0,2,"अतिरिक्त","अतियbill"
752,"याचार","याचार-last_blank","last_blank",3,1,"यbill-last_blank","यbill",1,0,0,1,"अत्याचार","अत्यbill"
250,"first_blank","first_blank-अं","अं",1,1,"first_blank-छश","छश",1,0,0,1,"अंदाज","छशदाज"
717,"िकार","िकार-last_blank","last_blank",2,1,"	जमम-last_blank","जमम",1,0,0,2,"अधिकार","अध	जमम"
428,"िकारी","िकारी-last_blank","last_blank",2,1,"ष०पर०-last_blank","ष०पर०",1,0,0,2,"अधिकारी","अधष०पर०"
267,"first_blank","first_blank-अं","अं",1,1,"first_blank-ഒര","ഒര",1,0,0,1,"अंधेरा","ഒരधेरा"
42,"यक्ष","यक्ष-last_blank","last_blank",3,1,"सस क-last_blank","सस क",1,0,0,1,"अध्यक्ष","अध्सस क"
337,"यापक","यापक-last_blank","last_blank",3,1,"च०ड०-last_blank","च०ड०",1,0,0,1,"अध्यापक","अध्च०ड०"
14,"जान","जान-last_blank","last_blank",2,1,"र क-last_blank","र क",1,0,0,1,"अनजान","अनर क"
662,"ुकूल","ुकूल-last_blank","last_blank",2,1,"सस क-last_blank","सस क",1,0,0,2,"अनुकूल","अनसस क"
145,"ुचित","ुचित-last_blank","last_blank",2,1,"	जमम-last_blank","जमम",1,0,0,2,"अनुचित","अन	जमम"
816,"च्छेद","च्छेद-last_blank","last_blank",3,1,"तajay-last_blank","तajay",1,0,0,2,"अनुच्छेद","अनुतajay"
377,"स्थिति","स्थिति-last_blank","last_blank",4,1,"यmayur-last_blank","यmayur",1,0,0,2,"अनुपस्थिति","अनुपयmayur"
684,"मोदन","मोदन-last_blank","last_blank",3,1,"गढ०२-last_blank","गढ०२",1,0,0,1,"अनुमोदन","अनुगढ०२"
713,"ुसूची","ुसूची-last_blank","last_blank",2,1,"तpppp-last_blank","तpppp",1,0,0,3,"अनुसूची","अनतpppp"
403,"अन","अन-ोख","ोख",1,1,"अन-वर","वर",1,0,0,1,"अनोखा","अनवरा"
818,"उपस्थिति","उपस्थिति-last_blank","last_blank",7,1,"धpardhi-last_blank","धpardhi",1,0,1,1,"अन्यत्र उपस्थिति","अन्यत्र धpardhi"
951,"वेषक","वेषक-last_blank","last_blank",3,1,"मन०i-last_blank","मन०i",1,0,0,1,"अन्वेषक","अन्मन०i"
691,"first_blank","first_blank-अप","अप",1,341,"first_blank-pa","pa",342,1,0,1,"अपर","paर"
270,"राध","राध-last_blank","last_blank",2,1,"वर०-last_blank","वर०",1,0,0,1,"अपराध","अपवर०"
955,"अप","अप-ह","ह",3,8,"text-ह","text",1,7,2,1,"अपहरण","textहरण"
312,"षा करना","षा करना-last_blank","last_blank",5,1,"धpardhi-last_blank","धpardhi",1,0,0,2,"अपेक्षा करना","अपेक्धpardhi"
765,"शित रूप से","शित रूप से-last_blank","last_blank",8,1,"शaddition-last_blank","शaddition",1,0,1,1,"अप्रत्याशित रूप से","अप्रत्याशaddition"
309,"्रिय","्रिय-last_blank","last_blank",2,1,"हममद-last_blank","हममद",1,0,0,2,"अप्रिय","अपहममद"
725,"का सत्त्व","का सत्त्व-last_blank","last_blank",6,1,"शaddition-last_blank","शaddition",1,0,0,3,"अफ़ीम का सत्त्व","अफ़ीम शaddition"
20,"िनेता","िनेता-last_blank","last_blank",2,1,"एन०ए०-last_blank","एन०ए०",1,0,0,2,"अभिनेता","अभएन०ए०"
843,"िमान","िमान-last_blank","last_blank",2,1,"हममद-last_blank","हममद",1,0,0,1,"अभिमान","अभहममद"
441,"योक्ता","योक्ता-last_blank","last_blank",3,1,"यmayur-last_blank","यmayur",1,0,0,2,"अभियोक्ता","अभियmayur"
405,"ेरिका","ेरिका-last_blank","last_blank",2,1,"आर०ए०-last_blank","आर०ए०",1,0,0,2,"अमेरिका","अमआर०ए०"
131,"विदा","विदा-last_blank","last_blank",2,1,"भ दख-last_blank","भ दख",1,0,0,1,"अलविदा","अलभ दख"
821,"ार्म","ार्म-last_blank","last_blank",2,1,"	गलम-last_blank","गलम",1,0,0,1,"अलार्म","अल	गलम"
31,"first_blank","first_blank-अल","अल",1,325,"first_blank-sa","sa",325,0,0,1,"अल्फा","sa्फा"
702,"धि","धि-last_blank","last_blank",1,1,"औज-last_blank","औज",1,0,0,1,"अवधि","अवऔज"
104,"त्य","त्य-last_blank","last_blank",2,1,"स क-last_blank","स क",1,0,0,1,"असत्य","असस क"
374,"लता","लता-last_blank","last_blank",3,1,"च०ड०-last_blank","च०ड०",1,0,1,1,"असफलता","असफच०ड०"
969,"र्थ","र्थ-last_blank","last_blank",3,1,"भ दख-last_blank","भ दख",1,0,1,1,"असमर्थ","असमभ दख"
302,"ली","ली-last_blank","last_blank",1,1,"ञश-last_blank","ञश",1,0,0,1,"असली","असञश"
959,"धारण","धारण-last_blank","last_blank",3,1,"सibs-last_blank","सibs",1,0,0,1,"असाधारण","असासibs"
17,"first_blank","first_blank-आइ","आइ",1,116,"first_blank-चद","चद",117,1,0,1,"आइए","चदए"
576,"ना","ना-last_blank","last_blank",1,1,"औए-last_blank","औए",1,0,0,1,"आईना","आईऔए"
19,"्षक","्षक-last_blank","last_blank",3,1,"वupp-last_blank","वupp",1,0,1,1,"आकर्षक","आकरवupp"
802,"्षित","्षित-last_blank","last_blank",3,1,"भ दख-last_blank","भ दख",1,0,0,1,"आकर्षित","आकरभ दख"
399,"शगंगा","शगंगा-last_blank","last_blank",3,1,"तajay-last_blank","तajay",1,0,0,2,"आकाशगंगा","आकातajay"
923,"first_blank","first_blank-आट","आट",1,23,"first_blank-ic","ic",23,0,0,1,"आटा","icा"
246,"िश्वास","िश्वास-last_blank","last_blank",5,1,"यmayur-last_blank","यmayur",1,0,0,1,"आत्मविश्वास","आत्मवयmayur"
466,"आत","आत-्म","्म",1,1,"आत-रत","रत",1,0,0,1,"आत्मा","आतरता"
357,"धी","धी-last_blank","last_blank",1,1,"ऊण-last_blank","ऊण",1,0,0,1,"आंधी","आंऊण"
292,"ाधिक","ाधिक-last_blank","last_blank",3,1,"गढ०२-last_blank","गढ०२",1,0,0,1,"आपराधिक","आपरगढ०२"
661,"कालीन","कालीन-last_blank","last_blank",4,1,"यbill-last_blank","यbill",1,0,0,1,"आपातकालीन","आपातयbill"
972,"ौर पर","ौर पर-last_blank","last_blank",4,1,"तajay-last_blank","तajay",1,0,0,1,"आम तौर पर","आम ततajay"
187,"र पर","र पर-last_blank","last_blank",4,1,"आई०ड०-last_blank","आई०ड०",1,0,1,1,"आमतौर पर","आमतौआई०ड०"
566,"आय","आय-last_blank","last_blank",1,2,"ov-last_blank","ov",2,0,0,1,"आय","ov"
617,"ुक्त","ुक्त-last_blank","last_blank",2,1,"स हग-last_blank","स हग",1,0,0,2,"आयुक्त","आयस हग"
59,"ोप","ोप-last_blank","last_blank",1,1,"खझ-last_blank","खझ",1,0,0,1,"आरोप","आरखझ"
753,"्रय","्रय-last_blank","last_blank",2,1,"रओप-last_blank","रओप",1,0,0,1,"आश्रय","आशरओप"
550,"ान","ान-last_blank","last_blank",1,1,"तऑ-last_blank","तऑ",1,0,0,1,"आसान","आसतऑ"
139,"first_blank","first_blank-आस","आस",1,94,"first_blank-रह","रह",94,0,0,1,"आस्था","रह्था"
689,"ा करना","ा करना-last_blank","last_blank",5,1,"तsunil-last_blank","तsunil",1,0,0,1,"इकट्ठा करना","इकट्ठतsunil"
579,"ेक्शन","ेक्शन-last_blank","last_blank",3,1,"ष०पर०-last_blank","ष०पर०",1,0,0,2,"इंजेक्शन","इंजष०पर०"
837,"first_blank","first_blank-इत","इत",1,69,"first_blank-भष","भष",69,0,0,1,"इत्र","भष्र"
134,"ेरिट","ेरिट-last_blank","last_blank",3,1,"गढ०२-last_blank","गढ०२",1,0,0,1,"इनहेरिट","इनहगढ०२"
709,"ाम","ाम-last_blank","last_blank",1,1,"xb-last_blank","xb",1,0,0,1,"इनाम","इनxb"
24,"ेस्टर","ेस्टर-last_blank","last_blank",4,1,"तajay-last_blank","तajay",1,0,0,1,"इन्वेस्टर","इन्वतajay"
527,"ारत","ारत-last_blank","last_blank",2,1,"बइड-last_blank","बइड",1,0,0,1,"इमारत","इमबइड"
770,"इर","इर-ाद","ाद",1,1,"इर-वर","वर",1,0,0,1,"इरादा","इरवरा"
489,"ाज","ाज-last_blank","last_blank",1,1,"ऊष-last_blank","ऊष",1,0,0,1,"इलाज","इलऊष"
575,"्पात","्पात-last_blank","last_blank",2,1,"च०ड०-last_blank","च०ड०",1,0,0,2,"इस्पात","इसच०ड०"
600,"first_blank","first_blank-ईं","ईं",1,1,"first_blank-qf","qf",1,0,0,1,"ईंधन","qfधन"
80,"नदार","नदार-last_blank","last_blank",3,1,"मन०i-last_blank","मन०i",1,0,0,1,"ईमानदार","ईमामन०i"
159,"नदारी","नदारी-last_blank","last_blank",3,1,"ष०पर०-last_blank","ष०पर०",1,0,0,1,"ईमानदारी","ईमाष०पर०"
38,"ाई","ाई-last_blank","last_blank",1,1,"oj-last_blank","oj",1,0,0,1,"ईसाई","ईसoj"
158,"्च","्च-last_blank","last_blank",1,1,"स२-last_blank","स२",1,0,0,1,"उच्च","उचस२"
149,"first_blank","first_blank-उड","उड",1,30,"first_blank-खग","खग",30,0,0,1,"उड़ना","खग़ना"
568,"first_blank","first_blank-उड","उड",1,30,"first_blank-ह ","ह ",30,0,0,1,"उड़ान","ह ़ान"
960,"कृष्ट","कृष्ट-last_blank","last_blank",3,1,"यbill-last_blank","यbill",1,0,0,2,"उत्कृष्ट","उत्यbill"
364,"्तम","्तम-last_blank","last_blank",2,1,"नऑफ-last_blank","नऑफ",1,0,0,1,"उत्तम","उतनऑफ"
320,"्तर","्तर-last_blank","last_blank",2,1,"रओप-last_blank","रओप",1,0,0,1,"उत्तर","उतरओप"
72,"्पाद","्पाद-last_blank","last_blank",2,1,"हममद-last_blank","हममद",1,0,0,1,"उत्पाद","उतहममद"
103,"पादन","पादन-last_blank","last_blank",3,1,"हममद-last_blank","हममद",1,0,0,1,"उत्पादन","उत्हममद"
988,"ार","ार-last_blank","last_blank",1,1,"धस-last_blank","धस",1,0,0,1,"उदार","उदधस"
932,"रवादी","रवादी-last_blank","last_blank",3,1,"तpppp-last_blank","तpppp",1,0,0,2,"उदारवादी","उदातpppp"
977,"्यमी","्यमी-last_blank","last_blank",2,1,"हममद-last_blank","हममद",1,0,0,1,"उद्यमी","उदहममद"
431,"्रह","्रह-last_blank","last_blank",3,1,"	गलम-last_blank","गलम",1,0,1,1,"उपग्रह","उपग	गलम"
865,"देश","देश-last_blank","last_blank",2,1,"तइस-last_blank","तइस",1,0,0,1,"उपदेश","उपतइस"
835,"नाम","नाम-last_blank","last_blank",2,1,"ठईस-last_blank","ठईस",1,0,0,1,"उपनाम","उपठईस"
229,"ुक्त","ुक्त-last_blank","last_blank",3,1,"य		क-last_blank","यक",1,0,0,1,"उपयुक्त","उपयय		क"
16,"योग","योग-last_blank","last_blank",2,1,"मइस-last_blank","मइस",1,0,0,1,"उपयोग","उपमइस"
667,"हार","हार-last_blank","last_blank",2,1,"यइन-last_blank","यइन",1,0,0,1,"उपहार","उपयइन"
452,"झन","झन-last_blank","last_blank",2,8,"मआर-last_blank","मआर",8,0,1,1,"उलझन","उलमआर"
642,"चा","चा-ई","ई",1,1,"टर-ई","टर",1,0,0,1,"ऊंचाई","ऊंटरई"
801,"first_blank","first_blank-ऊत","ऊत",1,9,"first_blank-पञ","पञ",9,0,0,1,"ऊतक","पञक"
541,"first_blank","first_blank-ऊर","ऊर",1,31,"first_blank-नड","नड",31,0,0,1,"ऊर्जा","नड्जा"
220,"ऋण","ऋण-last_blank","last_blank",1,1,"رت-last_blank","رت",1,0,0,1,"ऋण","رت"
173,"first_blank","first_blank-एक ","एक ",2,1,"first_blank-मबई","मबई",1,0,0,1,"एक अरब","मबईअरब"
841," का जानवर"," का जानवर-last_blank","last_blank",9,1,"यsiddhartha-last_blank","यsiddhartha",1,0,2,2,"एक प्रकार का जानवर","एक प्रकारयsiddhartha"
174,"र का वृक्ष","र का वृक्ष-last_blank","last_blank",8,1,"शaddition-last_blank","शaddition",1,0,1,2,"एक प्रकार का वृक्ष","एक प्रकाशaddition"
109,"सी","सी-last_blank","last_blank",1,1,"म३-last_blank","म३",1,0,0,1,"एजेंसी","एजेंम३"
793,"ेनालाईन","ेनालाईन-last_blank","last_blank",4,1,"धpardhi-last_blank","धpardhi",1,0,0,3,"एड्रेनालाईन","एड्रधpardhi"
5,"सीजन","सीजन-last_blank","last_blank",3,1,"गढ०२-last_blank","गढ०२",1,0,0,1,"ऑक्सीजन","ऑक्गढ०२"
908,"रा","रा-last_blank","last_blank",1,1,"अई-last_blank","अई",1,0,0,1,"कचरा","कचअई"
991,"ुए","ुए-last_blank","last_blank",1,1,"भच-last_blank","भच",1,0,0,1,"कछुए","कछभच"
290," गया"," गया-last_blank","last_blank",2,1,"	गलम-last_blank","गलम",1,0,0,1,"कट गया","कट	गलम"
167,"कण","कण-last_blank","last_blank",1,41,"णन-last_blank","णन",43,2,0,1,"कण","णन"
836,"ास","ास-last_blank","last_blank",1,1,"wc-last_blank","wc",1,0,0,1,"कपास","कपwc"
344,"्तान","्तान-last_blank","last_blank",2,1,"अलइन-last_blank","अलइन",1,0,0,1,"कप्तान","कपअलइन"
556,"िस्तान","िस्तान-last_blank","last_blank",4,1,"ज०म०म०-last_blank","ज०म०म०",1,0,0,2,"कब्रिस्तान","कब्रज०म०म०"
183,"first_blank","first_blank-कभ","कभ",1,18,"first_blank-वख","वख",18,0,0,1,"कभी","वखी"
565,"करना","करना-last_blank","last_blank",3,1,"सibs-last_blank","सibs",1,0,0,1,"कम करना","कम सibs"
331,"ज़ोर","ज़ोर-last_blank","last_blank",2,1,"वupp-last_blank","वupp",1,0,0,2,"कमज़ोर","कमवupp"
619,"ाल की","ाल की-last_blank","last_blank",2,1,"आर०ए०-last_blank","आर०ए०",1,0,0,3,"कमाल की","कमआर०ए०"
238,"ुनिस्ट","ुनिस्ट-last_blank","last_blank",4,1,"ज०म०म०-last_blank","ज०म०म०",1,0,0,2,"कम्युनिस्ट","कम्यज०म०म०"
163,"ना","ना-last_blank","last_blank",1,1,"ଆପ-last_blank","ଆପ",1,0,0,1,"करना","करଆପ"
247,"तव्य","तव्य-last_blank","last_blank",3,1,"	जमम-last_blank","जमम",1,0,0,1,"कर्तव्य","कर्	जमम"
332,"्नल","्नल-last_blank","last_blank",2,1,"कआई-last_blank","कआई",1,0,0,1,"कर्नल","करकआई"
633,"कल","कल-म","म",1,34,"मथ-म","मथ",6,28,0,1,"कलम","मथम"
61,"्पना","्पना-last_blank","last_blank",2,1,"सस क-last_blank","सस क",1,0,0,2,"कल्पना","कलसस क"
572,"कव","कव-च","च",1,4,"सह-च","सह",4,0,0,1,"कवच","सहच"
291,"कव","कव-ित","ित",1,1,"कव-यम","यम",1,0,0,1,"कविता","कवयमा"
924,"्ट","्ट-last_blank","last_blank",1,1,"वघ-last_blank","वघ",1,0,0,1,"कष्ट","कषवघ"
824,"पहुंचाना","पहुंचाना-last_blank","last_blank",5,1,"धpardhi-last_blank","धpardhi",1,0,1,3,"कष्ट पहुंचाना","कष्ट धpardhi"
509,"first_blank","first_blank-क़","क़",1,1,"first_blank-ऎक","ऎक",1,0,0,1,"क़सम","ऎकसम"
603,"सर्ट","सर्ट-last_blank","last_blank",2,1,"सस क-last_blank","सस क",1,0,0,1,"कंसर्ट","कंसस क"
92,"ीं","ीं-last_blank","last_blank",1,1,"छज-last_blank","छज",1,0,0,1,"कहीं","कहछज"
756,"उंटेस","उंटेस-last_blank","last_blank",2,1,"एन०ए०-last_blank","एन०ए०",1,0,0,3,"काउंटेस","काएन०ए०"
747,"first_blank","first_blank-का","का",1,1,"first_blank-धळ","धळ",1,0,0,1,"कांटा","धळंटा"
704,"first_blank","first_blank-का","का",1,1,"first_blank-تو","تو",1,0,0,1,"कांड","توंड"
546,"first_blank","first_blank-का","का",1,1,"first_blank-ନର","ନର",1,0,0,1,"कान","ନରन"
380,"नी","नी-last_blank","last_blank",1,1,"bv-last_blank","bv",1,0,0,1,"कानूनी","कानूbv"
677,"first_blank","first_blank-का","का",1,1,"first_blank-iइ","iइ",1,0,0,1,"काम","iइम"
643,"रागार","रागार-last_blank","last_blank",2,1,"तpppp-last_blank","तpppp",1,0,0,3,"कारागार","कातpppp"
674,"र्टेल","र्टेल-last_blank","last_blank",2,1,"आर०ए०-last_blank","आर०ए०",1,0,0,3,"कार्टेल","काआर०ए०"
498,"्डिनल","्डिनल-last_blank","last_blank",3,1,"तpppp-last_blank","तpppp",1,0,0,2,"कार्डिनल","कारतpppp"
119,"first_blank","first_blank-का","का",1,1,"first_blank-یا","یا",1,0,0,1,"कार्य","یاर्य"
231,"यक्रम","यक्रम-last_blank","last_blank",4,1,"आर०ए०-last_blank","आर०ए०",1,0,0,1,"कार्यक्रम","कार्आर०ए०"
980,"यात्मक","यात्मक-last_blank","last_blank",4,1,"यmayur-last_blank","यmayur",1,0,0,1,"कार्यात्मक","कार्यmayur"
864,"्यालय","्यालय-last_blank","last_blank",3,1,"तpppp-last_blank","तpppp",1,0,0,2,"कार्यालय","कारतpppp"
322,"ला","ला-last_blank","last_blank",1,1,"एध-last_blank","एध",1,0,0,1,"काला","काएध"
501,"first_blank","first_blank-कि","कि",1,1,"first_blank-थघ","थघ",1,0,0,1,"किताब","थघताब"
136,"या","या-last_blank","last_blank",1,1,"mv-last_blank","mv",1,0,0,1,"किराया","किराmv"
518,"first_blank","first_blank-कि","कि",1,1,"first_blank-ଧୟ","ଧୟ",1,0,0,1,"किला","ଧୟला"
961,"first_blank","first_blank-कि","कि",1,1,"first_blank-बऱ","बऱ",1,0,0,1,"किशोर","बऱशोर"
218,"रिक्रमा","रिक्रमा-last_blank","last_blank",4,1,"धpardhi-last_blank","धpardhi",1,0,0,3,"की परिक्रमा","की पधpardhi"
710,"first_blank","first_blank-की","की",1,1,"first_blank-तङ","तङ",1,0,0,1,"कीट","तङट"
311,"first_blank","first_blank-की","की",1,1,"first_blank-yü","yü",1,0,0,1,"कीमत","yüमत"
84,"first_blank","first_blank-कु","कु",1,1,"first_blank-ଋଷ","ଋଷ",1,0,0,1,"कुरूप","ଋଷरूप"
413,"first_blank","first_blank-कु","कु",1,1,"first_blank-گا","گا",1,0,0,1,"कुर्सी","گاर्सी"
482,"first_blank","first_blank-कू","कू",1,1,"first_blank-શળ","શળ",1,0,0,1,"कूद","શળद"
749,"ज्ञता","ज्ञता-last_blank","last_blank",3,1,"तajay-last_blank","तajay",1,0,0,2,"कृतज्ञता","कृततajay"
937,"त्रिम","त्रिम-last_blank","last_blank",2,1,"तajay-last_blank","तajay",1,0,0,2,"कृत्रिम","कृतajay"
204," बारे में"," बारे में-last_blank","last_blank",2,1,"शaddition-last_blank","शaddition",1,0,0,7,"के बारे में","केशaddition"
205," भीतर"," भीतर-last_blank","last_blank",2,1,"ष०पर०-last_blank","ष०पर०",1,0,0,3,"के भीतर","केष०पर०"
570,"first_blank","first_blank-के","के",1,1,"first_blank-اح","اح",1,0,0,1,"केक","احक"
974,"द होना","द होना-last_blank","last_blank",2,1,"ज०म०म०-last_blank","ज०म०म०",1,0,0,4,"कैद होना","कैज०म०म०"
345,"ंस","ंस-र","र",1,1,"आभ-र","आभ",1,0,0,1,"कैंसर","कैआभर"
257,"ग्नेक","ग्नेक-last_blank","last_blank",2,1,"ए०एस०-last_blank","ए०एस०",1,0,0,3,"कॉग्नेक","कॉए०एस०"
476,"first_blank","first_blank-कॉ","कॉ",1,1,"first_blank-pj","pj",1,0,0,1,"कॉफ़ी","pjफ़ी"
426,"first_blank","first_blank-कॉ","कॉ",1,1,"first_blank-qv","qv",1,0,0,1,"कॉमेडी","qvमेडी"
188,"ई चीज़","ई चीज़-last_blank","last_blank",2,1,"यmayur-last_blank","यmayur",1,0,0,4,"कोई चीज़","कोयmayur"
928,"first_blank","first_blank-को","को",1,1,"first_blank-mz","mz",1,0,0,1,"कोठरी","mzठरी"
805,"first_blank","first_blank-को","को",1,1,"first_blank-hx","hx",1,0,0,1,"कोस्ट","hxस्ट"
50,"first_blank","first_blank-को","को",1,1,"first_blank-हe","हe",1,0,0,1,"कोहरा","हeहरा"
127,"ान्वयन","ान्वयन-last_blank","last_blank",5,1,"ज०म०म०-last_blank","ज०म०म०",1,0,0,1,"क्रियान्वयन","क्रियज०म०म०"
99,"रूरता","रूरता-last_blank","last_blank",2,1,"एन०ए०-last_blank","एन०ए०",1,0,0,3,"क्रूरता","क्एन०ए०"
758,"first_blank","first_blank-क्","क्",1,1,"first_blank-ऱफ","ऱफ",1,0,0,1,"क्रेता","ऱफरेता"
616,"लासिक","लासिक-last_blank","last_blank",2,1,"आर०ए०-last_blank","आर०ए०",1,0,0,3,"क्लासिक","क्आर०ए०"
340,"लिनिक","लिनिक-last_blank","last_blank",2,1,"यbill-last_blank","यbill",1,0,0,3,"क्लिनिक","क्यbill"
114,"first_blank","first_blank-क्","क्",1,1,"first_blank-खउ","खउ",1,0,0,1,"क्षमा","खउषमा"
630,"षेत्र","षेत्र-last_blank","last_blank",2,1,"ष०पर०-last_blank","ष०पर०",1,0,0,2,"क्षेत्र","क्ष०पर०"
252,"नाक","नाक-last_blank","last_blank",3,1,"अलइन-last_blank","अलइन",1,0,1,1,"खतरनाक","खतरअलइन"
342,"रा","रा-last_blank","last_blank",1,1,"झझ-last_blank","झझ",1,0,0,1,"खतरा","खतझझ"
621,"गोश","गोश-last_blank","last_blank",2,1,"फइग-last_blank","फइग",1,0,0,1,"खरगोश","खरफइग"
581,"ाब","ाब-last_blank","last_blank",1,1,"पउ-last_blank","पउ",1,0,0,1,"खराब","खरपउ"
548," करना"," करना-last_blank","last_blank",4,1,"एन०ए०-last_blank","एन०ए०",1,0,0,1,"खर्च करना","खर्चएन०ए०"
733,"first_blank","first_blank-खा","खा",2,1,"first_blank-यनई","यनई",1,0,1,1,"खाना खा लो","यनईना खा लो"
51,"first_blank","first_blank-खि","खि",1,1,"first_blank-इआ","इआ",1,0,0,1,"खिलाड़ी","इआलाड़ी"
652,"ने","ने-last_blank","last_blank",1,1,"१अ-last_blank","१अ",1,0,0,1,"खिलौने","खिलौ१अ"
206,"ना","ना-last_blank","last_blank",1,1,"sj-last_blank","sj",1,0,0,1,"खींचना","खींचsj"
436,"first_blank","first_blank-खे","खे",1,1,"first_blank-ईठ","ईठ",1,0,0,1,"खेल","ईठल"
449,"first_blank","first_blank-खो","खो",1,1,"first_blank-कl","कl",1,0,0,1,"खोपड़ी","कlपड़ी"
56,"गण","गण-last_blank","last_blank",1,81,"षठ-last_blank","षठ",86,5,0,1,"गण","षठ"
214,"ित","ित-last_blank","last_blank",1,1,"ময-last_blank","ময",1,0,0,1,"गणित","गणময"
430,"िविधि","िविधि-last_blank","last_blank",2,1,"आई०ड०-last_blank","आई०ड०",1,0,0,3,"गतिविधि","गतआई०ड०"
998,"first_blank","first_blank-गं","गं",1,1,"first_blank-ओऱ","ओऱ",1,0,0,1,"गंदा","ओऱदा"
401,"्दार","्दार-last_blank","last_blank",2,1,"अलइन-last_blank","अलइन",1,0,0,2,"गद्दार","गदअलइन"
443,"first_blank","first_blank-गं","गं",1,1,"first_blank-ଜପ","ଜପ",1,0,0,1,"गंध","ଜପध"
604,"्दन","्दन-last_blank","last_blank",2,1,"दड३-last_blank","दड३",1,0,0,1,"गर्दन","गरदड३"
29,"ावस्था","ावस्था-last_blank","last_blank",4,1,"यmayur-last_blank","यmayur",1,0,0,2,"गर्भावस्था","गर्भयmayur"
782,"ती","ती-last_blank","last_blank",1,1,"नढ-last_blank","नढ",1,0,0,1,"गलती","गलनढ"
67,"first_blank","first_blank-गल","गल",1,291,"first_blank-अव","अव",290,1,0,1,"गली","अवी"
635,"गल","गल-ीच","ीच",1,1,"गल-वस","वस",1,0,0,1,"गलीचा","गलवसा"
473,"first_blank","first_blank-गव","गव",1,111,"first_blank-सध","सध",111,0,0,1,"गवाही","सधाही"
569,"ना","ना-last_blank","last_blank",1,1,"अछ-last_blank","अछ",1,0,0,1,"गहना","गहअछ"
644,"first_blank","first_blank-गा","गा",1,1,"first_blank-हe","हe",1,0,0,1,"गाड़","हeड़"
349,"first_blank","first_blank-गा","गा",1,1,"first_blank-zn","zn",1,0,0,1,"गाड़ी","znड़ी"
786,"first_blank","first_blank-गा","गा",1,1,"first_blank-xj","xj",1,0,0,1,"गाल","xjल"
769,"ँव","ँव-last_blank","last_blank",1,1,"oz-last_blank","oz",1,0,0,1,"गाँव","गाoz"
451,"टा","टा-र","र",1,1,"गथ-र","गथ",1,0,0,1,"गिटार","गिगथर"
236,"तार करना","तार करना-last_blank","last_blank",6,1,"धpardhi-last_blank","धpardhi",1,0,1,2,"गिरफ़्तार करना","गिरफ़्धpardhi"
660,"first_blank","first_blank-गी","गी",1,1,"first_blank-मॱ","मॱ",1,0,0,1,"गीत","मॱत"
375,"first_blank","first_blank-गी","गी",1,1,"first_blank-दl","दl",1,0,0,1,"गीला","दlला"
936,"वत्ता","वत्ता-last_blank","last_blank",3,1,"तajay-last_blank","तajay",1,0,0,2,"गुणवत्ता","गुणतajay"
931,"ोबन्द","ोबन्द-last_blank","last_blank",3,1,"ए०एस०-last_blank","ए०एस०",1,0,0,2,"गुलोबन्द","गुलए०एस०"
554,"सा","सा-last_blank","last_blank",1,1,"لى-last_blank","لى",1,0,0,1,"गुस्सा","गुस्لى"
748,"रा","रा-ज","ज",1,1,"आब-ज","आब",1,0,0,1,"गेराज","गेआबज"
983,"िम्मेदार","िम्मेदार-last_blank","last_blank",5,1,"धpardhi-last_blank","धpardhi",1,0,1,3,"गैर जिम्मेदार","गैर जधpardhi"
639,"नीयता","नीयता-last_blank","last_blank",3,1,"तpppp-last_blank","तpppp",1,0,0,2,"गोपनीयता","गोपतpppp"
813,"रिल्ला","रिल्ला-last_blank","last_blank",2,1,"ज०म०म०-last_blank","ज०म०म०",1,0,0,4,"गोरिल्ला","गोज०म०म०"
35,"first_blank","first_blank-गो","गो",1,1,"first_blank-ନହ","ନହ",1,0,0,1,"गोली","ନହली"
391,"ी मारना","ी मारना-last_blank","last_blank",3,1,"धpardhi-last_blank","धpardhi",1,0,0,4,"गोली मारना","गोलधpardhi"
558,"first_blank","first_blank-गौ","गौ",1,1,"first_blank-پر","پر",1,0,0,1,"गौरव","پرरव"
210,"राहक","राहक-last_blank","last_blank",2,1,"त एक-last_blank","त एक",1,0,0,1,"ग्राहक","ग्त एक"
155,"़ी","़ी-last_blank","last_blank",1,1,"oz-last_blank","oz",1,0,0,1,"घड़ी","घडoz"
82,"टी","टी-last_blank","last_blank",1,1,"उप-last_blank","उप",1,0,0,1,"घाटी","घाउप"
876,"first_blank","first_blank-घा","घा",1,1,"first_blank-ह३","ह३",1,0,0,1,"घातक","ह३तक"
371,"ना","ना-last_blank","last_blank",1,1,"jn-last_blank","jn",1,0,0,1,"घिनौना","घिनौjn"
608,"घु","घु-टन","टन",1,1,"टम-टन","टम",1,0,0,1,"घुटना","टमटना"
305,"एँ","एँ-last_blank","last_blank",1,1,"ढई-last_blank","ढई",1,0,0,1,"घुमाएँ","घुमाढई"
711,"first_blank","first_blank-घो","घो",1,1,"first_blank-ୟଶ","ୟଶ",1,0,0,1,"घोड़ा","ୟଶड़ा"
243,"रा भाई","रा भाई-last_blank","last_blank",3,1,"तsunil-last_blank","तsunil",1,0,0,3,"चचेरा भाई","चचेतsunil"
907,"ना","ना-last_blank","last_blank",1,1,"झट-last_blank","झट",1,0,0,1,"चटना","चटझट"
71,"नी","नी-last_blank","last_blank",1,1,"धआ-last_blank","धआ",1,0,0,1,"चटनी","चटधआ"
757,"first_blank","first_blank-चन","चन",1,173,"first_blank-रग","रग",174,1,0,1,"चना","रगा"
916,"first_blank","first_blank-चब","चब",1,34,"first_blank-इग","इग",34,0,0,1,"चबाने","इगाने"
773,"दार","दार-last_blank","last_blank",3,1,"	जमम-last_blank","जमम",1,0,1,1,"चमकदार","चमक	जमम"
849,"वाहे","वाहे-last_blank","last_blank",2,1,"स हग-last_blank","स हग",1,0,0,1,"चरवाहे","चरस हग"
707,"ित्र","ित्र-last_blank","last_blank",3,1,"य		क-last_blank","यक",1,0,0,1,"चलचित्र","चलचय		क"
1000,"़दमी","़दमी-last_blank","last_blank",4,1,"आई०ड०-last_blank","आई०ड०",1,0,1,1,"चहलक़दमी","चहलकआई०ड०"
360,"first_blank","first_blank-चा","चा",1,1,"first_blank-kg","kg",1,0,0,1,"चाकू","kgकू"
776,"first_blank","first_blank-चा","चा",1,1,"first_blank-न१","न१",1,0,0,1,"चांदी","न१ंदी"
306,"first_blank","first_blank-चा","चा",1,1,"first_blank-ऽ	","ऽ	",1,0,0,1,"चार","ऽ	र"
254,"ों तरफ","ों तरफ-last_blank","last_blank",3,1,"ज०म०म०-last_blank","ज०म०म०",1,0,0,3,"चारों तरफ","चारज०म०म०"
669,"first_blank","first_blank-चा","चा",1,1,"first_blank-âð","âð",1,0,0,1,"चालक","âðलक"
334,"ित्सक","ित्सक-last_blank","last_blank",3,1,"ए०एस०-last_blank","ए०एस०",1,0,0,1,"चिकित्सक","चिकए०एस०"
365,"first_blank","first_blank-चि","चि",1,1,"first_blank-फऊ","फऊ",1,0,0,1,"चिड़िया","फऊड़िया"
60,"first_blank","first_blank-चि","चि",1,1,"first_blank-તવ","તવ",1,0,0,1,"चिंता","તવंता"
425,"्रकार","्रकार-last_blank","last_blank",3,1,"आर०ए०-last_blank","आर०ए०",1,0,0,1,"चित्रकार","चितआर०ए०"
28,"first_blank","first_blank-ची","ची",1,1,"first_blank-२ड","२ड",1,0,0,1,"चींटी","२डंटी"
766,"नते हैं","नते हैं-last_blank","last_blank",2,1,"धpardhi-last_blank","धpardhi",1,0,0,5,"चुनते हैं","चुधpardhi"
870,"ना","ना-व","व",1,1,"दए-व","दए",1,0,0,1,"चुनाव","चुदएव"
851,"ती","ती-last_blank","last_blank",1,1,"ما-last_blank","ما",1,0,0,1,"चुनौती","चुनौما"
491,"first_blank","first_blank-चू","चू",1,1,"first_blank-تو","تو",1,0,0,1,"चूहा","توहा"
764,"first_blank","first_blank-चै","चै",1,1,"first_blank-આજ","આજ",1,0,0,1,"चैपल","આજपल"
58,"ियनशिप","ियनशिप-last_blank","last_blank",4,1,"यmayur-last_blank","यmayur",1,0,0,2,"चैंपियनशिप","चैंपयmayur"
648,"कलेट","कलेट-last_blank","last_blank",2,1,"अलइन-last_blank","अलइन",1,0,0,1,"चॉकलेट","चॉअलइन"
261,"first_blank","first_blank-चो","चो",1,1,"first_blank-क२","क२",1,0,0,1,"चोट","क२ट"
567,"का निसान","का निसान-last_blank","last_blank",4,1,"धpardhi-last_blank","धpardhi",1,0,1,4,"चोट का निसान","चोट धpardhi"
664,"first_blank","first_blank-चौ","चौ",1,1,"first_blank-ठफ","ठफ",1,0,0,1,"चौड़ा","ठफड़ा"
294,"first_blank","first_blank-चौ","चौ",1,1,"first_blank-दo","दo",1,0,0,1,"चौथी","दoथी"
511,"first_blank","first_blank-छड","छड",1,24,"first_blank-फग","फग",24,0,0,1,"छड़","फग़"
685,"ती","ती-last_blank","last_blank",1,1,"vy-last_blank","vy",1,0,0,1,"छाती","छाvy"
100,"बीन करना","बीन करना-last_blank","last_blank",5,1,"धpardhi-last_blank","धpardhi",1,0,1,3,"छान - बीन करना","छान  धpardhi"
893,"first_blank","first_blank-छा","छा",1,1,"first_blank-तङ","तङ",1,0,0,1,"छाप","तङप"
833,"पकली","पकली-last_blank","last_blank",2,1,"	गलम-last_blank","गलम",1,0,0,1,"छिपकली","छि	गलम"
69,"ना","ना-last_blank","last_blank",1,1,"λk-last_blank","λk",1,0,0,1,"छिपाना","छिपाλk"
46,"टी का दिन","टी का दिन-last_blank","last_blank",4,1,"शaddition-last_blank","शaddition",1,0,0,5,"छुट्टी का दिन","छुट्शaddition"
70,"first_blank","first_blank-छे","छे",1,1,"first_blank-८व","८व",1,0,0,1,"छेद","८वद"
153,"टा","टा-last_blank","last_blank",1,1,"आऐ-last_blank","आऐ",1,0,0,1,"छोटा","छोआऐ"
856,"ड़ देना","ड़ देना-last_blank","last_blank",2,1,"धpardhi-last_blank","धpardhi",1,0,0,5,"छोड़ देना","छोधpardhi"
447,"first_blank","first_blank-जं","जं",1,1,"first_blank-हङ","हङ",1,0,0,1,"जंतु","हङतु"
513,"ंत्र","ंत्र-last_blank","last_blank",3,1,"च०ड०-last_blank","च०ड०",1,0,0,1,"जनतंत्र","जनतच०ड०"
663,"मदिन","मदिन-last_blank","last_blank",3,1,"वupp-last_blank","वupp",1,0,0,1,"जन्मदिन","जन्वupp"
181,"रूरत","रूरत-last_blank","last_blank",2,1,"गढ०२-last_blank","गढ०२",1,0,0,2,"ज़रूरत","ज़गढ०२"
488,"जर","जर-ूर","ूर",1,1,"जर-दई","दई",1,0,0,1,"जरूरी","जरदईी"
889,"ात्रा","ात्रा-last_blank","last_blank",3,1,"ष०पर०-last_blank","ष०पर०",1,0,0,1,"जलयात्रा","जलयष०पर०"
647,"ी जल्दी","ी जल्दी-last_blank","last_blank",4,1,"धpardhi-last_blank","धpardhi",1,0,0,3,"जल्दी जल्दी","जल्दधpardhi"
504,"ब दे दो","ब दे दो-last_blank","last_blank",3,1,"धpardhi-last_blank","धpardhi",1,0,0,4,"जवाब दे दो","जवाधpardhi"
96,"first_blank","first_blank-जा","जा",1,1,"first_blank-નમ","નમ",1,0,0,1,"जाओ","નમओ"
847,"first_blank","first_blank-जा","जा",1,1,"first_blank-औऱ","औऱ",1,0,0,1,"जांच","औऱंच"
846,"ति","ति-last_blank","last_blank",1,1,"उह-last_blank","उह",1,0,0,1,"जाति","जाउह"
160,"दूगर","दूगर-last_blank","last_blank",2,1,"गढ०२-last_blank","गढ०२",1,0,0,2,"जादूगर","जागढ०२"
687,"नकारी","नकारी-last_blank","last_blank",2,1,"ष०पर०-last_blank","ष०पर०",1,0,0,2,"जानकारी","जाष०पर०"
241,"नता था","नता था-last_blank","last_blank",2,1,"तsunil-last_blank","तsunil",1,0,0,4,"जानता था","जातsunil"
190,"जा","जा-नन","नन",1,1,"कव-नन","कव",1,0,0,1,"जानना","कवनना"
938,"ूझ कर","ूझ कर-last_blank","last_blank",4,1,"एन०ए०-last_blank","एन०ए०",1,0,0,1,"जानबूझ कर","जानबएन०ए०"
27,"नवर","नवर-last_blank","last_blank",2,1,"रयण-last_blank","रयण",1,0,0,1,"जानवर","जारयण"
775,"री रखें","री रखें-last_blank","last_blank",2,1,"धpardhi-last_blank","धpardhi",1,0,0,5,"जारी रखें","जाधpardhi"
3,"first_blank","first_blank-जा","जा",1,1,"first_blank-य२","य२",1,0,0,1,"जासूसी","य२सूसी"
777,"first_blank","first_blank-जि","जि",1,1,"first_blank-ଧୟ","ଧୟ",1,0,0,1,"जिला","ଧୟला"
935,"मिचलाना","मिचलाना-last_blank","last_blank",3,1,"धpardhi-last_blank","धpardhi",1,0,0,4,"जी मिचलाना","जी धpardhi"
117,"first_blank","first_blank-जी","जी",1,1,"first_blank-ईo","ईo",1,0,0,1,"जीत","ईoत"
626,"िज्ञान","िज्ञान-last_blank","last_blank",4,1,"ज०म०म०-last_blank","ज०म०म०",1,0,0,2,"जीवविज्ञान","जीववज०म०म०"
715,"first_blank","first_blank-जु","जु",1,1,"first_blank-	ब","	ब",1,0,0,1,"जुनून","	बनून"
503,"first_blank","first_blank-जु","जु",1,1,"first_blank-ऑम","ऑम",1,0,0,1,"जुलाई","ऑमलाई"
779,"first_blank","first_blank-जू","जू",1,1,"first_blank-اح","اح",1,0,0,1,"जूता","احता"
823,"नियर","नियर-last_blank","last_blank",2,1,"च०ड०-last_blank","च०ड०",1,0,0,2,"जूनियर","जूच०ड०"
794,"लियट","लियट-last_blank","last_blank",2,1,"सibs-last_blank","सibs",1,0,0,2,"जूलियट","जूसibs"
420,"first_blank","first_blank-जै","जै",1,1,"first_blank-औण","औण",1,0,0,1,"जैकेट","औणकेट"
627,"first_blank","first_blank-जै","जै",1,1,"first_blank-हó","हó",1,0,0,1,"जैविक","हóविक"
233,"first_blank","first_blank-जो","जो",1,1,"first_blank-खछ","खछ",1,0,0,1,"जोश में","खछश में"
593,"first_blank","first_blank-ज्","ज्",1,1,"first_blank-ୟଶ","ୟଶ",1,0,0,1,"ज्ञान","ୟଶञान"
385,"ा से ज्यादा","ा से ज्यादा-last_blank","last_blank",5,1,"यsiddhartha-last_blank","यsiddhartha",1,0,0,6,"ज्यादा से ज्यादा","ज्यादयsiddhartha"
393,"ति","ति-last_blank","last_blank",1,1,"अफ-last_blank","अफ",1,0,0,1,"ज्योति","ज्योअफ"
894,"first_blank","first_blank-झं","झं",1,1,"first_blank-bv","bv",1,0,0,1,"झंकार","bvकार"
465,"first_blank","first_blank-झप","झप",1,16,"first_blank-फउ","फउ",16,0,0,1,"झप्पी","फउ्पी"
949,"गा मछली","गा मछली-last_blank","last_blank",3,1,"धpardhi-last_blank","धpardhi",1,0,0,4,"झींगा मछली","झींधpardhi"
472,"first_blank","first_blank-झी","झी",1,1,"first_blank-ان","ان",1,0,0,1,"झील","انल"
507,"first_blank","first_blank-झू","झू",1,1,"first_blank-पऑ","पऑ",1,0,0,1,"झूठा","पऑठा"
750,"ाटर","ाटर-last_blank","last_blank",2,1,"पएड-last_blank","पएड",1,0,0,1,"टमाटर","टमपएड"
539,"ल लो","ल लो-last_blank","last_blank",2,1,"	गलम-last_blank","गलम",1,0,0,1,"टहल लो","टह	गलम"
15,"का","का-last_blank","last_blank",1,1,"વમ-last_blank","વમ",1,0,0,1,"टीका","टीવમ"
918,"first_blank","first_blank-टी","टी",1,1,"first_blank-ओऍ","ओऍ",1,0,0,1,"टीम","ओऍम"
892,"़ा","़ा-last_blank","last_blank",1,1,"डढ-last_blank","डढ",1,0,0,1,"टुकड़ा","टुकडडढ"
404,"first_blank","first_blank-टे","टे",1,1,"first_blank-رس","رس",1,0,0,1,"टेनिस","رسनिस"
445,"ीविजन","ीविजन-last_blank","last_blank",3,1,"तajay-last_blank","तajay",1,0,0,2,"टेलीविजन","टेलतajay"
120,"पी","पी-last_blank","last_blank",1,1,"जठ-last_blank","जठ",1,0,0,1,"टोपी","टोजठ"
147,"first_blank","first_blank-ट्","ट्",1,1,"first_blank-એક","એક",1,0,0,1,"ट्रक","એકरक"
628,"ंसमीटर","ंसमीटर-last_blank","last_blank",4,1,"ज०म०म०-last_blank","ज०म०म०",1,0,0,1,"ट्रांसमीटर","ट्राज०म०म०"
734,"रिपल","रिपल-last_blank","last_blank",2,1,"च०ड०-last_blank","च०ड०",1,0,0,2,"ट्रिपल","ट्च०ड०"
313,"डा","डा-last_blank","last_blank",1,1,"من-last_blank","من",1,0,0,1,"ठंडा","ठंمن"
819,"क होना","क होना-last_blank","last_blank",2,1,"यmayur-last_blank","यmayur",1,0,0,4,"ठीक होना","ठीयmayur"
140,"डर","डर-last_blank","last_blank",1,199,"णड-last_blank","णड",188,11,0,1,"डर","णड"
867,"first_blank","first_blank-डर","डर",1,140,"first_blank-en","en",140,0,0,1,"डराना","enाना"
474,"्यूमेंट","्यूमेंट-last_blank","last_blank",3,1,"धpardhi-last_blank","धpardhi",1,0,0,4,"डाक्यूमेंट","डाकधpardhi"
561,"first_blank","first_blank-डा","डा",1,1,"first_blank-बञ","बञ",1,0,0,1,"डायन","बञयन"
283,"्रेशन","्रेशन-last_blank","last_blank",3,1,"आर०ए०-last_blank","आर०ए०",1,0,0,1,"डिप्रेशन","डिपआर०ए०"
34,"first_blank","first_blank-डे","डे",1,1,"first_blank-षम","षम",1,0,0,1,"डेक","षमक"
215,"ा डालना","ा डालना-last_blank","last_blank",3,1,"धpardhi-last_blank","धpardhi",1,0,0,4,"डेरा डालना","डेरधpardhi"
429,"first_blank","first_blank-डॉ","डॉ",1,1,"first_blank-عی","عی",1,0,0,1,"डॉलर","عیलर"
762,"ना","ना-last_blank","last_blank",1,1,"pb-last_blank","pb",1,0,0,1,"ढहना","ढहpb"
659,"नीक","नीक-last_blank","last_blank",2,1,"मऑन-last_blank","मऑन",1,0,0,1,"तकनीक","तकमऑन"
670,"्त्व","्त्व-last_blank","last_blank",2,1,"वupp-last_blank","वupp",1,0,0,2,"तत्त्व","ततवupp"
83,"न्ना","न्ना-last_blank","last_blank",2,1,"य		क-last_blank","यक",1,0,0,2,"तमन्ना","तमय		क"
152,"तर","तर-ल","ल",1,9,"अभ-ल","अभ",13,4,0,1,"तरल","अभल"
798,"तल","तल-last_blank","last_blank",1,150,"ly-last_blank","ly",153,3,0,1,"तल","ly"
590,"्वीर","्वीर-last_blank","last_blank",2,1,"भ दख-last_blank","भ दख",1,0,0,2,"तस्वीर","तसभ दख"
905,"़ा करना","़ा करना-last_blank","last_blank",3,1,"धpardhi-last_blank","धpardhi",1,0,0,4,"ताज़ा करना","ताजधpardhi"
551,"पमान","पमान-last_blank","last_blank",2,1,"हममद-last_blank","हममद",1,0,0,1,"तापमान","ताहममद"
39,"रा","रा-last_blank","last_blank",1,1,"ऋक-last_blank","ऋक",1,0,0,1,"तारा","ताऋक"
195,"ती","ती-न","न",1,1,"ऍथ-न","ऍथ",1,0,0,1,"तीन","ऍथन"
641,"की","की-last_blank","last_blank",1,1,"घप-last_blank","घप",1,0,0,1,"तुर्की","तुर्घप"
446,"first_blank","first_blank-ते","ते",1,1,"first_blank-vf","vf",1,0,0,1,"तेज़","vfज़"
690,"first_blank","first_blank-ते","ते",1,1,"first_blank-ਵਚ","ਵਚ",1,0,0,1,"तेज़ी","ਵਚज़ी"
52,"first_blank","first_blank-ते","ते",1,1,"first_blank-ऍस","ऍस",1,0,0,1,"तेल","ऍसल"
389,"first_blank","first_blank-तै","तै",1,1,"first_blank-وس","وس",1,0,0,1,"तैयार","وسयार"
701,"की","की-last_blank","last_blank",1,1,"झट-last_blank","झट",1,0,0,1,"तैराकी","तैराझट"
970,"ड़फोड़","ड़फोड़-last_blank","last_blank",2,1,"यmayur-last_blank","यmayur",1,0,0,4,"तोड़-फोड़","तोयmayur"
274,"ना","ना-last_blank","last_blank",1,1,"eo-last_blank","eo",1,0,0,1,"तोड़ना","तोड़eo"
722,"first_blank","first_blank-तो","तो",1,1,"first_blank-घङ","घङ",1,0,0,1,"तोपें","घङपें"
530,"first_blank","first_blank-तौ","तौ",1,1,"first_blank-ઈસ","ઈસ",1,0,0,1,"तौलिया","ઈસलिया"
37,"यौहार","यौहार-last_blank","last_blank",2,1,"यbill-last_blank","यbill",1,0,0,2,"त्यौहार","त्यbill"
653,"रिकोण","रिकोण-last_blank","last_blank",2,1,"एन०ए०-last_blank","एन०ए०",1,0,0,3,"त्रिकोण","त्एन०ए०"
679,"रिमास","रिमास-last_blank","last_blank",2,1,"आर०ए०-last_blank","आर०ए०",1,0,0,3,"त्रिमास","त्आर०ए०"
615,"एटर","एटर-last_blank","last_blank",2,1,"तऋष-last_blank","तऋष",1,0,0,1,"थिएटर","थितऋष"
395,"first_blank","first_blank-थै","थै",1,1,"first_blank-sê","sê",1,0,0,1,"थैला","sêला"
352,"तकथा","तकथा-last_blank","last_blank",2,1,"त एक-last_blank","त एक",1,0,0,1,"दंतकथा","दंत एक"
522,"first_blank","first_blank-दब","दब",1,38,"first_blank-बव","बव",38,0,0,1,"दबाएँ","बवाएँ"
235,"ाव","ाव-last_blank","last_blank",1,1,"ईध-last_blank","ईध",1,0,0,1,"दबाव","दबईध"
909,"नीय","नीय-last_blank","last_blank",2,1,"सआस-last_blank","सआस",1,0,0,1,"दयनीय","दयसआस"
115,"first_blank","first_blank-दय","दय",1,67,"first_blank-शन","शन",67,0,0,1,"दया","शना"
228,"दर","दर-िं","िं",1,1,"दर-दस","दस",1,0,0,1,"दरिंदा","दरदसदा"
286,"्द","्द-last_blank","last_blank",1,1,"تم-last_blank","تم",1,0,0,1,"दर्द","दरتم"
866,"्शक","्शक-last_blank","last_blank",2,1,"षऋत-last_blank","षऋत",1,0,0,1,"दर्शक","दरषऋत"
984,"शनीय","शनीय-last_blank","last_blank",3,1,"स हग-last_blank","स हग",1,0,0,1,"दर्शनीय","दर्स हग"
915,"दल","दल-last_blank","last_blank",1,68,"णक-last_blank","णक",68,0,0,1,"दल","णक"
6,"ाई","ाई-last_blank","last_blank",1,1,"sq-last_blank","sq",1,0,0,1,"दवाई","दवsq"
453,"दश","दश-क","क",1,3,"भआ-क","भआ",3,0,0,1,"दशक","भआक"
544,"first_blank","first_blank-दा","दा",1,1,"first_blank-در","در",1,0,0,1,"दाढ़ी","درढ़ी"
656,"ंत","ंत-last_blank","last_blank",1,1,"ऑख-last_blank","ऑख",1,0,0,1,"दांत","दाऑख"
423,"first_blank","first_blank-दा","दा",1,1,"first_blank-hx","hx",1,0,0,1,"दादी मा","hxदी मा"
654,"first_blank","first_blank-दा","दा",1,1,"first_blank-कl","कl",1,0,0,1,"दान","कlन"
520,"चस्प","चस्प-last_blank","last_blank",3,1,"भ दख-last_blank","भ दख",1,0,0,1,"दिलचस्प","दिलभ दख"
121,"first_blank","first_blank-दि","दि",1,1,"first_blank-ह०","ह०",1,0,0,1,"दिव्य","ह०व्य"
189,"संबर","संबर-last_blank","last_blank",2,1,"सibs-last_blank","सibs",1,0,0,1,"दिसंबर","दिसibs"
767,"का","का-न","न",1,1,"अश-न","अश",1,0,0,1,"दुकान","दुअशन"
258,"first_blank","first_blank-दु","दु",1,1,"first_blank-bg","bg",1,0,0,1,"दुखद","bgखद"
146,"first_blank","first_blank-दु","दु",1,1,"first_blank-भफ","भफ",1,0,0,1,"दुनिया","भफनिया"
519,"्घटना","्घटना-last_blank","last_blank",3,1,"ष०पर०-last_blank","ष०पर०",1,0,0,2,"दुर्घटना","दुरष०पर०"
954,"्भाग्य","्भाग्य-last_blank","last_blank",3,1,"ज०म०म०-last_blank","ज०म०म०",1,0,0,3,"दुर्भाग्य","दुरज०म०म०"
919,"ल्हन","ल्हन-last_blank","last_blank",2,1,"स हग-last_blank","स हग",1,0,0,1,"दुल्हन","दुस हग"
180,"first_blank","first_blank-दू","दू",1,1,"first_blank-थङ","थङ",1,0,0,1,"दूर","थङर"
808," निश्चय"," निश्चय-last_blank","last_blank",4,1,"धpardhi-last_blank","धpardhi",1,0,0,3,"दृढ़ निश्चय","दृढ़धpardhi"
792,"ढ़ता से","ढ़ता से-last_blank","last_blank",2,1,"धpardhi-last_blank","धpardhi",1,0,0,5,"दृढ़ता से","दृधpardhi"
249,"टि","टि-last_blank","last_blank",1,1,"ठई-last_blank","ठई",1,0,0,1,"दृष्टि","दृष्ठई"
192,"ना","ना-last_blank","last_blank",1,1,"द०-last_blank","द०",1,0,0,1,"देना","देद०"
737,"पहर","पहर-last_blank","last_blank",2,1,"फएम-last_blank","फएम",1,0,0,1,"दोपहर","दोफएम"
956,"का भोजन","का भोजन-last_blank","last_blank",6,1,"धpardhi-last_blank","धpardhi",1,0,0,1,"दोपहर का भोजन","दोपहर धpardhi"
336,"first_blank","first_blank-दो","दो",1,1,"first_blank-तघ","तघ",1,0,0,1,"दोषी","तघषी"
362,"first_blank","first_blank-दो","दो",1,1,"first_blank-टङ","टङ",1,0,0,1,"दोस्त","टङस्त"
225,"first_blank","first_blank-द्","द्",1,1,"first_blank-औऱ","औऱ",1,0,0,1,"द्वार","औऱवार"
636,"धन","धन-last_blank","last_blank",1,226,"णड-last_blank","णड",188,38,0,1,"धन","णड"
412,"first_blank","first_blank-धन","धन",1,108,"first_blank-चल","चल",108,0,0,1,"धनी","चली"
124,"यवाद","यवाद-last_blank","last_blank",3,1,"च०ड०-last_blank","च०ड०",1,0,0,1,"धन्यवाद","धन्च०ड०"
755,"नी","नी-last_blank","last_blank",1,1,"ठह-last_blank","ठह",1,0,0,1,"धमनी","धमठह"
897,"ना","ना-last_blank","last_blank",1,1,"এই-last_blank","এই",1,0,0,1,"धरना","धरএই"
213,"्म","्म-last_blank","last_blank",1,1,"લમ-last_blank","લમ",1,0,0,1,"धर्म","धरલમ"
350,"तु","तु-last_blank","last_blank",1,1,"थउ-last_blank","थउ",1,0,0,1,"धातु","धाथउ"
47,"ला","ला-ई","ई",1,1,"चत-ई","चत",1,0,0,1,"धुलाई","धुचतई"
500,"first_blank","first_blank-धू","धू",1,1,"first_blank-hø","hø",1,0,0,1,"धूल","høल"
703,"खा","खा-last_blank","last_blank",1,1,"आख-last_blank","आख",1,0,0,1,"धोखा","धोआख"
516,"ंद्रित करना","ंद्रित करना-last_blank","last_blank",8,1,"यsiddhartha-last_blank","यsiddhartha",1,0,0,3,"ध्यान केंद्रित करना","ध्यान केयsiddhartha"
376,"first_blank","first_blank-ध्","ध्",1,1,"first_blank-ମତ","ମତ",1,0,0,1,"ध्वनि","ମତवनि"
323,"ात्मक","ात्मक-last_blank","last_blank",4,1,"यbill-last_blank","यbill",1,0,0,1,"नकारात्मक","नकारयbill"
790,"first_blank","first_blank-नक","नक",1,165,"first_blank-वज","वज",165,0,0,1,"नक्शा","वज्शा"
844,"गा","गा-last_blank","last_blank",1,1,"ओज-last_blank","ओज",1,0,0,1,"नंगा","नंओज"
62,"्कार","्कार-last_blank","last_blank",3,1,"मन०i-last_blank","मन०i",1,0,0,1,"नमस्कार","नमसमन०i"
207,"नर","नर-क","क",1,20,"उप-क","उप",17,3,0,1,"नरक","उपक"
875,"first_blank","first_blank-नल","नल",1,99,"first_blank-दन","दन",99,0,0,1,"नली","दनी"
699,"नश","नश-े ","े ",1,1,"नश-चय","चय",1,0,0,1,"नशे में","नशचयमें"
545,"first_blank","first_blank-ना","ना",1,1,"first_blank-دو","دو",1,0,0,1,"नाक","دوक"
895,"भिकीय","भिकीय-last_blank","last_blank",2,1,"ष०पर०-last_blank","ष०पर०",1,0,0,3,"नाभिकीय","नाष०पर०"
285,"first_blank","first_blank-ना","ना",1,1,"first_blank-खढ","खढ",1,0,0,1,"नाव","खढव"
622,"वि","वि-क","क",1,1,"डग-क","डग",1,0,0,1,"नाविक","नाडगक"
716,": शुल्क",": शुल्क-last_blank","last_blank",2,1,"धpardhi-last_blank","धpardhi",1,0,0,5,"नि: शुल्क","निधpardhi"
878,"कालना","कालना-last_blank","last_blank",2,1,"यbill-last_blank","यbill",1,0,0,3,"निकालना","नियbill"
438,"first_blank","first_blank-नि","नि",1,1,"first_blank-آئ","آئ",1,0,0,1,"निगम","آئगम"
832,"first_blank","first_blank-नि","नि",1,1,"first_blank-hh","hh",1,0,0,1,"निंदक","hhंदक"
10,"रंतर","रंतर-last_blank","last_blank",2,1,"हममद-last_blank","हममद",1,0,0,2,"निरंतर","निहममद"
809,"र्थक","र्थक-last_blank","last_blank",3,1,"हममद-last_blank","हममद",1,0,0,1,"निरर्थक","निरहममद"
596,"first_blank","first_blank-नि","नि",1,1,"first_blank-चञ","चञ",1,0,0,1,"निराशा","चञराशा"
957,"ीक्षण","ीक्षण-last_blank","last_blank",3,1,"एन०ए०-last_blank","एन०ए०",1,0,0,2,"निरीक्षण","निरएन०ए०"
668,"र्दयी","र्दयी-last_blank","last_blank",2,1,"यbill-last_blank","यbill",1,0,0,3,"निर्दयी","नियbill"
363,"्देशक","्देशक-last_blank","last_blank",3,1,"तpppp-last_blank","तpppp",1,0,0,2,"निर्देशक","निरतpppp"
64,"र्माण","र्माण-last_blank","last_blank",2,1,"तajay-last_blank","तajay",1,0,0,3,"निर्माण","नितajay"
108,"first_blank","first_blank-नि","नि",1,1,"first_blank-eh","eh",1,0,0,1,"निवेश","ehवेश"
742,"शानची","शानची-last_blank","last_blank",2,1,"ए०एस०-last_blank","ए०एस०",1,0,0,3,"निशानची","निए०एस०"
921,"first_blank","first_blank-नि","नि",1,1,"first_blank-फझ","फझ",1,0,0,1,"निषेध","फझषेध"
248,"ंद","ंद-last_blank","last_blank",1,1,"kb-last_blank","kb",1,0,0,1,"नींद","नीkb"
33,"ला","ला-last_blank","last_blank",1,1,"સથ-last_blank","સથ",1,0,0,1,"नीला","नीસથ"
383,"first_blank","first_blank-नृ","नृ",1,1,"first_blank-ભર","ભર",1,0,0,1,"नृत्य","ભરत्य"
480,"ता","ता-last_blank","last_blank",1,1,"२व-last_blank","२व",1,0,0,1,"नेता","ने२व"
524,"first_blank","first_blank-नौ","नौ",1,1,"first_blank-px","px",1,0,0,1,"नौकर","pxकर"
940,"करानी","करानी-last_blank","last_blank",2,1,"आर०ए०-last_blank","आर०ए०",1,0,0,2,"नौकरानी","नौआर०ए०"
845,"first_blank","first_blank-नौ","नौ",1,1,"first_blank-ऋद","ऋद",1,0,0,1,"नौसेना","ऋदसेना"
682,"या","या-य","य",1,1,"बछ-य","बछ",1,0,0,1,"न्याय","न्बछय"
414,"ायाधीश","ायाधीश-last_blank","last_blank",3,1,"यmayur-last_blank","यmayur",1,0,0,3,"न्यायाधीश","न्ययmayur"
122,"ड़","ड़-last_blank","last_blank",1,1,"اﷲ-last_blank","اﷲ",1,0,0,1,"पकड़","पकاﷲ"
599,"ाई","ाई-last_blank","last_blank",1,1,"फइ-last_blank","फइ",1,0,0,1,"पढाई","पढफइ"
517,"झड़","झड़-last_blank","last_blank",2,1,"वउड-last_blank","वउड",1,0,0,1,"पतझड़","पतवउड"
409,"first_blank","first_blank-पत","पत",1,186,"first_blank-बद","बद",185,1,0,1,"पता","बदा"
457,"्र","्र-last_blank","last_blank",1,1,"પણ-last_blank","પણ",1,0,0,1,"पत्र","पतપણ"
427,"रकार","रकार-last_blank","last_blank",3,1,"स हग-last_blank","स हग",1,0,0,1,"पत्रकार","पत्स हग"
219,"्रिका","्रिका-last_blank","last_blank",2,1,"आर०ए०-last_blank","आर०ए०",1,0,0,2,"पत्रिका","पतआर०ए०"
692,"पथ","पथ-last_blank","last_blank",1,61,"ry-last_blank","ry",63,2,0,1,"पथ","ry"
597,"री","री-last_blank","last_blank",1,1,"ॠत-last_blank","ॠत",1,0,0,1,"पथरी","पथॠत"
784,"first_blank","first_blank-पद","पद",1,170,"first_blank-ka","ka",171,1,0,1,"पदक","kaक"
958,"्युति","्युति-last_blank","last_blank",3,1,"तpppp-last_blank","तpppp",1,0,0,2,"पदच्युति","पदचतpppp"
481,"ीर","ीर-last_blank","last_blank",1,1,"ढई-last_blank","ढई",1,0,0,1,"पनीर","पनढई"
175,"रागत","रागत-last_blank","last_blank",4,1,"तajay-last_blank","तajay",1,0,1,1,"परंपरागत","परंपतajay"
996,"पर","पर-म","म",1,221,"मथ-म","मथ",6,215,0,1,"परम","मथम"
400,"त करना","त करना-last_blank","last_blank",5,1,"ज०म०म०-last_blank","ज०म०म०",1,0,0,1,"परास्त करना","परास्ज०म०म०"
807,"िणाम","िणाम-last_blank","last_blank",2,1,"	जमम-last_blank","जमम",1,0,0,1,"परिणाम","पर	जमम"
863,"रेक्ष्य","रेक्ष्य-last_blank","last_blank",5,1,"धpardhi-last_blank","धpardhi",1,0,0,2,"परिप्रेक्ष्य","परिप्धpardhi"
911,"िभाषा","िभाषा-last_blank","last_blank",2,1,"ए०एस०-last_blank","ए०एस०",1,0,0,3,"परिभाषा","परए०एस०"
853,"िमाप","िमाप-last_blank","last_blank",2,1,"हममद-last_blank","हममद",1,0,0,1,"परिमाप","परहममद"
926,"र्तन","र्तन-last_blank","last_blank",4,1,"तajay-last_blank","तajay",1,0,1,1,"परिवर्तन","परिवतajay"
706,"िवार","िवार-last_blank","last_blank",2,1,"त एक-last_blank","त एक",1,0,0,2,"परिवार","परत एक"
130,"क्षण","क्षण-last_blank","last_blank",3,1,"णड०४-last_blank","णड०४",1,0,0,1,"परीक्षण","परीणड०४"
381,"ीक्षा","ीक्षा-last_blank","last_blank",2,1,"ए०एस०-last_blank","ए०एस०",1,0,0,3,"परीक्षा","परए०एस०"
738,"ेशान","ेशान-last_blank","last_blank",2,1,"अलइन-last_blank","अलइन",1,0,0,1,"परेशान","परअलइन"
95,"याप्त","याप्त-last_blank","last_blank",3,1,"ष०पर०-last_blank","ष०पर०",1,0,0,1,"पर्याप्त","पर्ष०पर०"
746,"ायन","ायन-last_blank","last_blank",2,1,"नवर-last_blank","नवर",1,0,0,1,"पलायन","पलनवर"
901,"रा","रा-last_blank","last_blank",1,1,"टद-last_blank","टद",1,0,0,1,"पहरा","पहटद"
424,"पह","पह-ाड","ाड",1,1,"पह-लओ","लओ",1,0,0,1,"पहाड़","पहलओ़"
208,"first_blank","first_blank-पा","पा",1,1,"first_blank-રખ","રખ",1,0,0,1,"पागल","રખगल"
442,"ना","ना-last_blank","last_blank",1,1,"ଚମ-last_blank","ଚମ",1,0,0,1,"पाना","पाଚମ"
675,"यलट","यलट-last_blank","last_blank",2,1,"वएव-last_blank","वएव",1,0,0,1,"पायलट","पावएव"
555,"पोर्ट","पोर्ट-last_blank","last_blank",3,1,"तpppp-last_blank","तpppp",1,0,0,2,"पासपोर्ट","पासतpppp"
515,"वर्ड","वर्ड-last_blank","last_blank",3,1,"त एक-last_blank","त एक",1,0,0,1,"पासवर्ड","पासत एक"
858,"first_blank","first_blank-पि","पि",1,1,"first_blank-بی","بی",1,0,0,1,"पिछला","بیछला"
308,"ता","ता-last_blank","last_blank",1,1,"क०-last_blank","क०",1,0,0,1,"पिता","पिक०"
535,"first_blank","first_blank-पि","पि",1,1,"first_blank-ह५","ह५",1,0,0,1,"पिशाच","ह५शाच"
113,"ा करना","ा करना-last_blank","last_blank",3,1,"ज०म०म०-last_blank","ज०म०म०",1,0,0,3,"पीछा करना","पीछज०म०म०"
324,"ला","ला-last_blank","last_blank",1,1,"कȧ-last_blank","कȧ",1,0,0,1,"पीला","पीकȧ"
456,"first_blank","first_blank-पु","पु",1,1,"first_blank-中文","中文",1,0,0,1,"पुजारी","中文जारी"
386,"टि करना","टि करना-last_blank","last_blank",4,1,"धpardhi-last_blank","धpardhi",1,0,0,3,"पुष्टि करना","पुष्धpardhi"
237,"first_blank","first_blank-पू","पू",1,1,"first_blank-qw","qw",1,0,0,1,"पूछना","qwछना"
992,"ंजीवाद","ंजीवाद-last_blank","last_blank",2,1,"ज०म०म०-last_blank","ज०म०म०",1,0,0,4,"पूंजीवाद","पूज०म०म०"
640,"ी तरह","ी तरह-last_blank","last_blank",3,1,"ष०पर०-last_blank","ष०पर०",1,0,0,1,"पूरी तरह","पूरष०पर०"
688,"first_blank","first_blank-पू","पू",1,1,"first_blank-दळ","दळ",1,0,0,1,"पूर्ण","दळर्ण"
321,"र्","र्-व","व",1,1,"आज-व","आज",1,0,0,1,"पूर्व","पूआजव"
994,"first_blank","first_blank-पे","पे",1,1,"first_blank-મહ","મહ",1,0,0,1,"पेट","મહट"
533,"first_blank","first_blank-पे","पे",1,1,"first_blank-μए","μए",1,0,0,1,"पेड़","μएड़"
387,"शेवर","शेवर-last_blank","last_blank",2,1,"वupp-last_blank","वupp",1,0,0,2,"पेशेवर","पेवupp"
97,"first_blank","first_blank-पै","पै",1,1,"first_blank-àæ","àæ",1,0,0,1,"पैकेज","àæकेज"
873,"first_blank","first_blank-पो","पो",1,1,"first_blank-४x","४x",1,0,0,1,"पोकर","४xकर"
620,"शा","शा-क","क",1,1,"आम-क","आम",1,0,0,1,"पोशाक","पोआमक"
840,"first_blank","first_blank-प्","प्",1,1,"first_blank-غز","غز",1,0,0,1,"प्याज","غزयाज"
355,"first_blank","first_blank-प्","प्",1,1,"first_blank-रऑ","रऑ",1,0,0,1,"प्यार","रऑयार"
591,"first_blank","first_blank-प्","प्",1,1,"first_blank-थण","थण",1,0,0,1,"प्यारा","थणयारा"
920,"या","या-स","स",1,1,"रध-स","रध",1,0,0,1,"प्यास","प्रधस"
606,"करण","करण-last_blank","last_blank",3,1,"अलइन-last_blank","अलइन",1,0,1,1,"प्रकरण","प्रअलइन"
421,"क्रिया","क्रिया-last_blank","last_blank",3,1,"ज०म०म०-last_blank","ज०म०म०",1,0,0,3,"प्रक्रिया","प्रज०म०म०"
612,"रणाली","रणाली-last_blank","last_blank",2,1,"एन०ए०-last_blank","एन०ए०",1,0,0,3,"प्रणाली","प्एन०ए०"
470,"द्वंद्वी","द्वंद्वी-last_blank","last_blank",5,1,"धpardhi-last_blank","धpardhi",1,0,1,3,"प्रतिद्वंद्वी","प्रतिधpardhi"
649,"रतिभा","रतिभा-last_blank","last_blank",2,1,"आर०ए०-last_blank","आर०ए०",1,0,0,3,"प्रतिभा","प्आर०ए०"
580,"रतिमा","रतिमा-last_blank","last_blank",2,1,"यbill-last_blank","यbill",1,0,0,3,"प्रतिमा","प्यbill"
203,"तिलिपि","तिलिपि-last_blank","last_blank",3,1,"तsunil-last_blank","तsunil",1,0,0,2,"प्रतिलिपि","प्रतsunil"
475,"तिष्ठा","तिष्ठा-last_blank","last_blank",3,1,"तsunil-last_blank","तsunil",1,0,0,2,"प्रतिष्ठा","प्रतsunil"
212,"स्पर्धा","स्पर्धा-last_blank","last_blank",5,1,"धpardhi-last_blank","धpardhi",1,0,0,2,"प्रतिस्पर्धा","प्रतिधpardhi"
111,"रतीक","रतीक-last_blank","last_blank",2,1,"त एक-last_blank","त एक",1,0,0,1,"प्रतीक","प्त एक"
268,"र्शन","र्शन-last_blank","last_blank",4,1,"आई०ड०-last_blank","आई०ड०",1,0,1,1,"प्रदर्शन","प्रदआई०ड०"
496,"र्शनी","र्शनी-last_blank","last_blank",4,1,"यbill-last_blank","यbill",1,0,0,1,"प्रदर्शनी","प्रदयbill"
964,"न करना","न करना-last_blank","last_blank",5,1,"यmayur-last_blank","यmayur",1,0,0,1,"प्रदान करना","प्रदायmayur"
209,"रिणी समिति","रिणी समिति-last_blank","last_blank",8,1,"शaddition-last_blank","शaddition",1,0,1,2,"प्रबंधकारिणी समिति","प्रबंधकाशaddition"
298,"रभात","रभात-last_blank","last_blank",2,1,"गढ०२-last_blank","गढ०२",1,0,0,2,"प्रभात","प्गढ०२"
484,"रभाव","रभाव-last_blank","last_blank",2,1,"मन०i-last_blank","मन०i",1,0,0,2,"प्रभाव","प्मन०i"
310,"रभावी","रभावी-last_blank","last_blank",2,1,"ष०पर०-last_blank","ष०पर०",1,0,0,3,"प्रभावी","प्ष०पर०"
799,"रमाण","रमाण-last_blank","last_blank",2,1,"हममद-last_blank","हममद",1,0,0,1,"प्रमाण","प्हममद"
304,"रयास","रयास-last_blank","last_blank",2,1,"सibs-last_blank","सibs",1,0,0,2,"प्रयास","प्सibs"
557,"लोभन","लोभन-last_blank","last_blank",3,1,"हममद-last_blank","हममद",1,0,0,1,"प्रलोभन","प्रहममद"
525,"रवेश","रवेश-last_blank","last_blank",2,1,"य		क-last_blank","यक",1,0,0,2,"प्रवेश","प्य		क"
999,"ंसनीय","ंसनीय-last_blank","last_blank",4,1,"ष०पर०-last_blank","ष०पर०",1,0,0,1,"प्रशंसनीय","प्रशष०पर०"
953,"ासनिक","ासनिक-last_blank","last_blank",4,1,"आई०ड०-last_blank","आई०ड०",1,0,0,1,"प्रशासनिक","प्रशआई०ड०"
526,"सन्न","सन्न-last_blank","last_blank",3,1,"हममद-last_blank","हममद",1,0,0,1,"प्रसन्न","प्रहममद"
483,"सिद्ध","सिद्ध-last_blank","last_blank",3,1,"यbill-last_blank","यbill",1,0,0,2,"प्रसिद्ध","प्रयbill"
528,"स्थान","स्थान-last_blank","last_blank",3,1,"तajay-last_blank","तajay",1,0,0,2,"प्रस्थान","प्रतajay"
18,"ीन पदक","ीन पदक-last_blank","last_blank",5,1,"ज०म०म०-last_blank","ज०म०म०",1,0,0,1,"प्राचीन पदक","प्राचज०म०म०"
815,"ार्थना","ार्थना-last_blank","last_blank",3,1,"तsunil-last_blank","तsunil",1,0,0,3,"प्रार्थना","प्रतsunil"
774,"करनेवाला","करनेवाला-last_blank","last_blank",6,1,"धpardhi-last_blank","धpardhi",1,0,1,2,"प्रेम करनेवाला","प्रेम धpardhi"
89,"रसंगयुक्त","रसंगयुक्त-last_blank","last_blank",8,1,"शaddition-last_blank","शaddition",1,0,0,1,"प्रेम प्रसंगयुक्त","प्रेम प्शaddition"
719,"रेरणा","रेरणा-last_blank","last_blank",2,1,"एन०ए०-last_blank","एन०ए०",1,0,0,3,"प्रेरणा","प्एन०ए०"
683,"ोटोटाइप","ोटोटाइप-last_blank","last_blank",3,1,"धpardhi-last_blank","धpardhi",1,0,0,4,"प्रोटोटाइप","प्रधpardhi"
751,"ोफ़ेसर","ोफ़ेसर-last_blank","last_blank",3,1,"यmayur-last_blank","यmayur",1,0,0,3,"प्रोफ़ेसर","प्रयmayur"
40,"ास्टिक","ास्टिक-last_blank","last_blank",3,1,"तsunil-last_blank","तsunil",1,0,0,3,"प्लास्टिक","प्लतsunil"
772,"first_blank","first_blank-प्","प्",1,1,"first_blank-کو","کو",1,0,0,1,"प्लेट","کوलेट"
745,"फल","फल-last_blank","last_blank",1,94,"षठ-last_blank","षठ",86,8,0,1,"फल","षठ"
985,"नेंसिंग","नेंसिंग-last_blank","last_blank",3,1,"धpardhi-last_blank","धpardhi",1,0,0,4,"फाइनेंसिंग","फाइधpardhi"
9,"भी","भी-last_blank","last_blank",1,1,"تک-last_blank","تک",1,0,0,1,"फिर भी","फिर تک"
979,"ती","ती-last_blank","last_blank",1,1,"જત-last_blank","જત",1,0,0,1,"फिरौती","फिरौજત"
497,"ुटबॉल","ुटबॉल-last_blank","last_blank",2,1,"ष०पर०-last_blank","ष०पर०",1,0,0,3,"फ़ुटबॉल","फ़ष०पर०"
645,"first_blank","first_blank-फू","फू",1,1,"first_blank-न०","न०",1,0,0,1,"फूल","न०ल"
624,"रेशन","रेशन-last_blank","last_blank",3,1,"भ दख-last_blank","भ दख",1,0,0,1,"फेडरेशन","फेडभ दख"
162,"first_blank","first_blank-फै","फै",1,1,"first_blank-ऱफ","ऱफ",1,0,0,1,"फैक्स","ऱफक्स"
21,"ग्राफर","ग्राफर-last_blank","last_blank",4,1,"तsunil-last_blank","तsunil",1,0,0,2,"फोटोग्राफर","फोटोतsunil"
325,"रांसीसी","रांसीसी-last_blank","last_blank",2,1,"धpardhi-last_blank","धpardhi",1,0,0,5,"फ्रांसीसी","फ्धpardhi"
881,"first_blank","first_blank-फ्","फ्",1,1,"first_blank-ପଶ","ପଶ",1,0,0,1,"फ्रीज","ପଶरीज"
582,"first_blank","first_blank-फ्","फ्",1,1,"first_blank-ମତ","ମତ",1,0,0,1,"फ्लैट","ମତलैट"
460," जाना"," जाना-last_blank","last_blank",2,1,"आई०ड०-last_blank","आई०ड०",1,0,0,3,"बच जाना","बचआई०ड०"
562,"first_blank","first_blank-बच","बच",2,54,"first_blank-एनए","एनए",37,17,1,1,"बचपन","एनएपन"
366,"बच","बच-्च","्च",1,1,"बच-पन","पन",1,0,0,1,"बच्चा","बचपना"
859,"बट","बट-last_blank","last_blank",1,47,"षम-last_blank","षम",47,0,0,1,"बट","षम"
718,"लियन","लियन-last_blank","last_blank",3,1,"हममद-last_blank","हममद",1,0,0,1,"बटालियन","बटाहममद"
553,"ुआ","ुआ-last_blank","last_blank",1,1,"अझ-last_blank","अझ",1,0,0,1,"बटुआ","बटअझ"
260,"बत","बत-ान","ान",1,1,"बत-नत","नत",1,0,0,1,"बताना","बतनता"
890,"्तख","्तख-last_blank","last_blank",2,1,"पईज-last_blank","पईज",1,0,0,1,"बत्तख","बतपईज"
196," करना"," करना-last_blank","last_blank",3,1,"आई०ड०-last_blank","आई०ड०",1,0,0,2,"बंद करना","बंदआई०ड०"
154,"किया हुआ","किया हुआ-last_blank","last_blank",4,1,"धpardhi-last_blank","धpardhi",1,0,1,4,"बंद किया हुआ","बंद धpardhi"
26,"रगाह","रगाह-last_blank","last_blank",3,1,"वupp-last_blank","वupp",1,0,0,1,"बंदरगाह","बंदवupp"
493,"दी","दी-last_blank","last_blank",1,1,"ढ२-last_blank","ढ२",1,0,0,1,"बंदी","बंढ२"
571,"first_blank","first_blank-बं","बं",1,1,"first_blank-wk","wk",1,0,0,1,"बंदूक","wkदूक"
886," रखना"," रखना-last_blank","last_blank",3,1,"आर०ए०-last_blank","आर०ए०",1,0,0,1,"बनाए रखना","बनाएआर०ए०"
822,"ान","ान-last_blank","last_blank",1,1,"धई-last_blank","धई",1,0,0,1,"बयान","बयधई"
373,"्फ","्फ-last_blank","last_blank",1,1,"بن-last_blank","بن",1,0,0,1,"बर्फ","बरبن"
282,"बल","बल-last_blank","last_blank",1,238,"णड-last_blank","णड",188,50,0,1,"बल","णड"
942,"ंडर","ंडर-last_blank","last_blank",2,1,"फइस-last_blank","फइस",1,0,0,1,"बवंडर","बवफइस"
347,"बस","बस-last_blank","last_blank",1,72,"णत-last_blank","णत",72,0,0,1,"बस","णत"
477,"रा","रा-last_blank","last_blank",1,1,"पघ-last_blank","पघ",1,0,0,1,"बहरा","बहपघ"
186,"ादुर","ादुर-last_blank","last_blank",2,1,"सibs-last_blank","सibs",1,0,0,2,"बहादुर","बहसibs"
102,"ुत","ुत-last_blank","last_blank",1,1,"پر-last_blank","پر",1,0,0,1,"बहुत","बहپر"
251,"first_blank","first_blank-बा","बा",1,1,"first_blank-ठई","ठई",1,0,0,1,"बाएं","ठईएं"
468,"ड़","ड़-last_blank","last_blank",1,1,"પર-last_blank","પર",1,0,0,1,"बाड़","बाપર"
944,"first_blank","first_blank-बा","बा",1,1,"first_blank-og","og",1,0,0,1,"बारूद","ogरूद"
900,"वर्ची","वर्ची-last_blank","last_blank",2,1,"आर०ए०-last_blank","आर०ए०",1,0,0,2,"बावर्ची","बाआर०ए०"
671,"first_blank","first_blank-बा","बा",1,1,"first_blank-वऊ","वऊ",1,0,0,1,"बाहरी","वऊहरी"
666,"first_blank","first_blank-बि","बि",1,1,"first_blank-भळ","भळ",1,0,0,1,"बिक्री","भळक्री"
76,"first_blank","first_blank-बि","बि",1,1,"first_blank-ढत","ढत",1,0,0,1,"बिजली","ढतजली"
329,"ली","ली-last_blank","last_blank",1,1,"आझ-last_blank","आझ",1,0,0,1,"बिल्ली","बिल्आझ"
536,"स्तर","स्तर-last_blank","last_blank",2,1,"स हग-last_blank","स हग",1,0,0,1,"बिस्तर","बिस हग"
676," हुआ कल"," हुआ कल-last_blank","last_blank",3,1,"धpardhi-last_blank","धpardhi",1,0,0,4,"बीता हुआ कल","बीताधpardhi"
810,"मा","मा-र","र",1,1,"लउ-र","लउ",1,0,0,1,"बीमार","बीलउर"
408,"first_blank","first_blank-बी","बी",1,1,"first_blank-ऍव","ऍव",1,0,0,1,"बीयर","ऍवयर"
437,"वी","वी-last_blank","last_blank",1,1,"जऐ-last_blank","जऐ",1,0,0,1,"बीवी","बीजऐ"
838,"first_blank","first_blank-बु","बु",1,1,"first_blank-وآ","وآ",1,0,0,1,"बुखार","وآखार"
594,"्धिमान","्धिमान-last_blank","last_blank",3,1,"ज०म०म०-last_blank","ज०म०म०",1,0,0,3,"बुद्धिमान","बुदज०म०म०"
868,"first_blank","first_blank-बे","बे",1,1,"first_blank-वझ","वझ",1,0,0,1,"बेकार","वझकार"
368,"first_blank","first_blank-बे","बे",1,1,"first_blank-qf","qf",1,0,0,1,"बेचना","qfचना"
804,"first_blank","first_blank-बे","बे",1,1,"first_blank-ड२","ड२",1,0,0,1,"बेचैन","ड२चैन"
390,"first_blank","first_blank-बे","बे",1,1,"first_blank-کچ","کچ",1,0,0,1,"बेटा","کچटा"
990,"first_blank","first_blank-बे","बे",1,1,"first_blank-ह०","ह०",1,0,0,1,"बेड़ा","ह०ड़ा"
177,"वकूफ","वकूफ-last_blank","last_blank",2,1,"वupp-last_blank","वupp",1,0,0,1,"बेवकूफ","बेवupp"
279,"सबॉल","सबॉल-last_blank","last_blank",2,1,"सस क-last_blank","सस क",1,0,0,1,"बेसबॉल","बेसस क"
854,"टमैन","टमैन-last_blank","last_blank",2,1,"अलइन-last_blank","अलइन",1,0,0,1,"बैटमैन","बैअलइन"
382,"first_blank","first_blank-बै","बै",1,1,"first_blank-सऽ","सऽ",1,0,0,1,"बैठक","सऽठक"
540,"ये","ये-last_blank","last_blank",1,1,"zh-last_blank","zh",1,0,0,1,"बैठिये","बैठिzh"
201,"ंड","ंड-last_blank","last_blank",1,1,"जफ-last_blank","जफ",1,0,0,1,"बैंड","बैजफ"
444,"first_blank","first_blank-बो","बो",1,1,"first_blank-४थ","४थ",1,0,0,1,"बोतल","४थतल"
435,"first_blank","first_blank-बो","बो",1,1,"first_blank-अढ","अढ",1,0,0,1,"बोलना","अढलना"
537,"स्टान","स्टान-last_blank","last_blank",2,1,"आर०ए०-last_blank","आर०ए०",1,0,0,3,"बोस्टान","बोआर०ए०"
107,"first_blank","first_blank-भक","भक",1,87,"first_blank-पष","पष",87,0,0,1,"भक्ति","पष्ति"
242,"़ा","़ा-last_blank","last_blank",1,1,"ନମ-last_blank","ନମ",1,0,0,1,"भगोड़ा","भगोडନମ"
370,"ंकर","ंकर-last_blank","last_blank",2,1,"रईय-last_blank","रईय",1,0,0,1,"भयंकर","भयरईय"
884,"दोहन","दोहन-last_blank","last_blank",3,1,"	जमम-last_blank","जमम",1,0,0,1,"भयादोहन","भया	जमम"
732,"ा हुआ","ा हुआ-last_blank","last_blank",2,1,"तajay-last_blank","तajay",1,0,0,3,"भरा हुआ","भरतajay"
335,"first_blank","first_blank-भा","भा",1,1,"first_blank-મક","મક",1,0,0,1,"भाई","મકई"
904,"ग्","ग्-य","य",1,1,"झम-य","झम",1,0,0,1,"भाग्य","भाझमय"
123,"first_blank","first_blank-भा","भा",1,1,"first_blank-অস","অস",1,0,0,1,"भांजा","অসंजा"
902,"री","री-last_blank","last_blank",1,1,"zc-last_blank","zc",1,0,0,1,"भारी","भाzc"
143,"first_blank","first_blank-भा","भा",1,1,"first_blank-oo","oo",1,0,0,1,"भावना","ooवना"
434,"first_blank","first_blank-भा","भा",1,1,"first_blank-µg","µg",1,0,0,1,"भावुक","µgवुक"
724,"first_blank","first_blank-भा","भा",1,1,"first_blank-hx","hx",1,0,0,1,"भाषण","hxषण"
463,"खा","खा-last_blank","last_blank",1,1,"आध-last_blank","आध",1,0,0,1,"भूखा","भूआध"
506,"तकाल","तकाल-last_blank","last_blank",2,1,"त एक-last_blank","त एक",1,0,0,1,"भूतकाल","भूत एक"
796,"first_blank","first_blank-भे","भे",1,1,"first_blank-મખ","મખ",1,0,0,1,"भेजना","મખजना"
372,"first_blank","first_blank-भे","भे",1,1,"first_blank-βα","βα",1,0,0,1,"भेड़िया","βαड़िया"
797,"first_blank","first_blank-भो","भो",1,1,"first_blank-jl","jl",1,0,0,1,"भोजन","jlजन"
834,"first_blank","first_blank-भो","भो",1,1,"first_blank-ओऱ","ओऱ",1,0,0,1,"भोर","ओऱर"
982," मालिक"," मालिक-last_blank","last_blank",4,1,"ज०म०म०-last_blank","ज०म०म०",1,0,0,2,"मकान मालिक","मकानज०म०म०"
138,"्खन","्खन-last_blank","last_blank",2,1,"डआस-last_blank","डआस",1,0,0,1,"मक्खन","मकडआस"
458,"लवार","लवार-last_blank","last_blank",3,1,"णड०४-last_blank","णड०४",1,0,0,1,"मंगलवार","मंगणड०४"
455,"ली","ली-last_blank","last_blank",1,1,"भठ-last_blank","भठ",1,0,0,1,"मछली","मछभठ"
141,"पकड़ने","पकड़ने-last_blank","last_blank",5,1,"तsunil-last_blank","तsunil",1,0,0,1,"मछली पकड़ने","मछली तsunil"
105,"़दूर","़दूर-last_blank","last_blank",2,1,"एसस०-last_blank","एसस०",1,0,0,2,"मज़दूर","मजएसस०"
301,"़ा","़ा-क","क",1,1,"ऊन-क","ऊन",1,0,0,1,"मज़ाक","मजऊनक"
318,"ेदार","ेदार-last_blank","last_blank",2,1,"अलइन-last_blank","अलइन",1,0,0,2,"मजेदार","मजअलइन"
791,"मैला","मैला-last_blank","last_blank",2,1,"	गलम-last_blank","गलम",1,0,0,1,"मटमैला","मट	गलम"
521,"first_blank","first_blank-मठ","मठ",1,24,"first_blank-एआ","एआ",25,1,0,1,"मठ","एआ"
874,"दाता","दाता-last_blank","last_blank",2,1,"च०ड०-last_blank","च०ड०",1,0,0,2,"मतदाता","मतच०ड०"
93,"्रालय","्रालय-last_blank","last_blank",3,1,"आर०ए०-last_blank","आर०ए०",1,0,0,1,"मंत्रालय","मंतआर०ए०"
11,"first_blank","first_blank-मं","मं",1,1,"first_blank-ଋଷ","ଋଷ",1,0,0,1,"मंत्री","ଋଷत्री"
967,"िज्ञान","िज्ञान-last_blank","last_blank",4,1,"यmayur-last_blank","यmayur",1,0,0,2,"मनोविज्ञान","मनोवयmayur"
170,"ज्ञानिक","ज्ञानिक-last_blank","last_blank",5,1,"धpardhi-last_blank","धpardhi",1,0,0,2,"मनोवैज्ञानिक","मनोवैधpardhi"
735,"ना","ना-last_blank","last_blank",1,1,"qd-last_blank","qd",1,0,0,1,"मरना","मरqd"
729,"्मत","्मत-last_blank","last_blank",3,1,"मन०i-last_blank","मन०i",1,0,1,1,"मरम्मत","मरममन०i"
695,"ीन","ीन-last_blank","last_blank",1,1,"ऊत-last_blank","ऊत",1,0,0,1,"मशीन","मशऊत"
256,"ा बनाना","ा बनाना-last_blank","last_blank",5,1,"धpardhi-last_blank","धpardhi",1,0,0,2,"मसविदा बनाना","मसविदधpardhi"
169,"्त्व","्त्व-last_blank","last_blank",3,1,"अलइन-last_blank","अलइन",1,0,0,1,"महत्त्व","महतअलइन"
101,"ान","ान-last_blank","last_blank",1,1,"ହମ-last_blank","ହମ",1,0,0,1,"महान","महହମ"
563,"ापौर","ापौर-last_blank","last_blank",2,1,"सibs-last_blank","सibs",1,0,0,2,"महापौर","महसibs"
665,"ामारी","ामारी-last_blank","last_blank",2,1,"ष०पर०-last_blank","ष०पर०",1,0,0,2,"महामारी","महष०पर०"
787,"ारानी","ारानी-last_blank","last_blank",2,1,"आर०ए०-last_blank","आर०ए०",1,0,0,2,"महारानी","महआर०ए०"
156,"मह","मह-िल","िल",1,1,"मह-गव","गव",1,0,0,1,"महिला","महगवा"
77,"first_blank","first_blank-मा","मा",1,1,"first_blank-أب","أب",1,0,0,1,"मां","أبं"
595,"्रोफ़ोन","्रोफ़ोन-last_blank","last_blank",4,1,"धpardhi-last_blank","धpardhi",1,0,0,3,"माइक्रोफ़ोन","माइकधpardhi"
930,"रोस्कोप","रोस्कोप-last_blank","last_blank",5,1,"धpardhi-last_blank","धpardhi",1,0,0,2,"माइक्रोस्कोप","माइक्धpardhi"
880,"तापिता","तापिता-last_blank","last_blank",2,1,"तsunil-last_blank","तsunil",1,0,0,3,"माता-पिता","मातsunil"
303,"first_blank","first_blank-मा","मा",1,1,"first_blank-من","من",1,0,0,1,"मानना","منनना"
165,"first_blank","first_blank-मा","मा",1,1,"first_blank-सऽ","सऽ",1,0,0,1,"मानव","सऽनव"
830,"ली","ली-last_blank","last_blank",1,1,"णब-last_blank","णब",1,0,0,1,"मामूली","मामूणब"
142,"या","या-last_blank","last_blank",1,1,"এই-last_blank","এই",1,0,0,1,"माया","माএই"
222,"first_blank","first_blank-मा","मा",1,1,"first_blank-ऍस","ऍस",1,0,0,1,"मार","ऍसर"
730,"ालनेवाला","ालनेवाला-last_blank","last_blank",5,1,"धpardhi-last_blank","धpardhi",1,0,1,3,"मार डालनेवाला","मार डधpardhi"
869,"first_blank","first_blank-मा","मा",1,1,"first_blank-	c","	c",1,0,0,1,"माल","	cल"
164,"लि","लि-क","क",1,1,"यड-क","यड",1,0,0,1,"मालिक","मायडक"
721,"first_blank","first_blank-मा","मा",1,1,"first_blank-इआ","इआ",1,0,0,1,"मालिश","इआलिश"
888,"first_blank","first_blank-मा","मा",1,1,"first_blank-ढय","ढय",1,0,0,1,"मांस","ढयंस"
698,"ंसपेशी","ंसपेशी-last_blank","last_blank",2,1,"तsunil-last_blank","तsunil",1,0,0,4,"मांसपेशी","मातsunil"
592,"त्रता","त्रता-last_blank","last_blank",2,1,"तpppp-last_blank","तpppp",1,0,0,2,"मित्रता","मितpppp"
263,"first_blank","first_blank-मि","मि",1,1,"first_blank-qq","qq",1,0,0,1,"मिनट","qqनट"
265,"first_blank","first_blank-मि","मि",1,1,"first_blank-टअ","टअ",1,0,0,1,"मिलना","टअलना"
299,"ला","ला-न","न",1,1,"घऊ-न","घऊ",1,0,0,1,"मिलान","मिघऊन"
611,"first_blank","first_blank-मि","मि",1,1,"first_blank-من","من",1,0,0,1,"मिशन","منशन"
700,"श्रण","श्रण-last_blank","last_blank",2,1,"त एक-last_blank","त एक",1,0,0,2,"मिश्रण","मित एक"
618,"first_blank","first_blank-मि","मि",1,1,"first_blank-ढप","ढप",1,0,0,1,"मिसाइल","ढपसाइल"
406,"first_blank","first_blank-मी","मी",1,1,"first_blank-ठल","ठल",1,0,0,1,"मीटर","ठलटर"
848,"first_blank","first_blank-मु","मु",1,1,"first_blank-रङ","रङ",1,0,0,1,"मुख्य","रङख्य"
903,"्यालय","्यालय-last_blank","last_blank",3,1,"एन०ए०-last_blank","एन०ए०",1,0,0,2,"मुख्यालय","मुखएन०ए०"
634,"श्किल","श्किल-last_blank","last_blank",2,1,"आर०ए०-last_blank","आर०ए०",1,0,0,3,"मुश्किल","मुआर०ए०"
981,"हावरा","हावरा-last_blank","last_blank",2,1,"ष०पर०-last_blank","ष०पर०",1,0,0,2,"मुहावरा","मुष०पर०"
542,"first_blank","first_blank-मू","मू",1,1,"first_blank-فى","فى",1,0,0,1,"मूत्र","فىत्र"
416,"first_blank","first_blank-मू","मू",1,1,"first_blank-२ज","२ज",1,0,0,1,"मूर्ख","२जर्ख"
743,"र्खता","र्खता-last_blank","last_blank",2,1,"यbill-last_blank","यbill",1,0,0,3,"मूर्खता","मूयbill"
191,"्यांकन","्यांकन-last_blank","last_blank",3,1,"ज०म०म०-last_blank","ज०म०म०",1,0,0,3,"मूल्यांकन","मूलज०म०म०"
589,"first_blank","first_blank-मृ","मृ",1,1,"first_blank-jl","jl",1,0,0,1,"मृत","jlत"
943,"योनेज़","योनेज़-last_blank","last_blank",2,1,"यmayur-last_blank","यmayur",1,0,0,3,"मेयोनेज़","मेयmayur"
262,"निटर","निटर-last_blank","last_blank",2,1,"णड०४-last_blank","णड०४",1,0,0,2,"मॉनिटर","मॉणड०४"
293,"टा","टा-last_blank","last_blank",1,1,"औट-last_blank","औट",1,0,0,1,"मोटा","मोऔट"
341,"first_blank","first_blank-मो","मो",1,1,"first_blank-७व","७व",1,0,0,1,"मोटेल","७वटेल"
432,"बत्ती","बत्ती-last_blank","last_blank",3,1,"एन०ए०-last_blank","एन०ए०",1,0,0,2,"मोमबत्ती","मोमएन०ए०"
712,"ृत","ृत-last_blank","last_blank",1,1,"বদ-last_blank","বদ",1,0,0,1,"यकृत","यकবদ"
781,"first_blank","first_blank-यं","यं",1,1,"first_blank-ନର","ନର",1,0,0,1,"यंत्र","ନରत्र"
731,"ोचित","ोचित-last_blank","last_blank",2,1,"णड०४-last_blank","णड०४",1,0,0,2,"यथोचित","यथणड०४"
288,"्त्र","्त्र-last_blank","last_blank",2,1,"च०ड०-last_blank","च०ड०",1,0,0,2,"यन्त्र","यनच०ड०"
788,"ंत्रिक","ंत्रिक-last_blank","last_blank",2,1,"तsunil-last_blank","तsunil",1,0,0,4,"यांत्रिक","यातsunil"
392," रखना"," रखना-last_blank","last_blank",3,1,"आर०ए०-last_blank","आर०ए०",1,0,0,1,"याद रखना","यादआर०ए०"
45,"ति","ति-last_blank","last_blank",1,1,"थळ-last_blank","थळ",1,0,0,1,"युक्ति","युक्थळ"
194,"first_blank","first_blank-यु","यु",1,1,"first_blank-µm","µm",1,0,0,1,"युवा","µmवा"
538,"नी","नी-last_blank","last_blank",1,1,"०व-last_blank","०व",1,0,0,1,"यूनानी","यूना०व"
87,"पी","पी-last_blank","last_blank",1,1,"यख-last_blank","यख",1,0,0,1,"यूपी","यूयख"
862,"first_blank","first_blank-यो","यो",1,1,"first_blank-ठल","ठल",1,0,0,1,"योग्य","ठलग्य"
882,"ग्यता","ग्यता-last_blank","last_blank",2,1,"ए०एस०-last_blank","ए०एस०",1,0,0,3,"योग्यता","योए०एस०"
226,"first_blank","first_blank-यो","यो",1,1,"first_blank-rw","rw",1,0,0,1,"योजना","rwजना"
41,"धा","धा-last_blank","last_blank",1,1,"२ए-last_blank","२ए",1,0,0,1,"योद्धा","योद्२ए"
885,"first_blank","first_blank-रक","रक",1,185,"first_blank-ar","ar",185,0,0,1,"रकम","arम"
135,"्षक","्षक-last_blank","last_blank",2,1,"लउज-last_blank","लउज",1,0,0,1,"रक्षक","रकलउज"
440,"ा करना","ा करना-last_blank","last_blank",4,1,"ज०म०म०-last_blank","ज०म०म०",1,0,0,2,"रक्षा करना","रक्षज०म०म०"
137,"ना","ना-last_blank","last_blank",1,1,"थश-last_blank","थश",1,0,0,1,"रखना","रखथश"
947,"खाव","खाव-last_blank","last_blank",3,1,"	गलम-last_blank","गलम",1,0,1,1,"रखरखाव","रखर	गलम"
971,"्मकता","्मकता-last_blank","last_blank",5,1,"यmayur-last_blank","यmayur",1,0,1,1,"रचनात्मकता","रचनातयmayur"
505,"नीति","नीति-last_blank","last_blank",2,1,"मन०i-last_blank","मन०i",1,0,0,2,"रणनीति","रणमन०i"
768,"first_blank","first_blank-रव","रव",1,103,"first_blank-इल","इल",103,0,0,1,"रवि","इलि"
259,"िवार","िवार-last_blank","last_blank",2,1,"मन०i-last_blank","मन०i",1,0,0,2,"रविवार","रवमन०i"
199,"रव","रव-ैय","ैय",1,1,"रव-नग","नग",1,0,0,1,"रवैया","रवनगा"
172,"first_blank","first_blank-रस","रस",1,205,"first_blank-अष","अष",45,160,0,1,"रस","अष"
650,"रस","रस-्स","्स",1,1,"रस-यन","यन",1,0,0,1,"रस्सी","रसयनी"
629,"ना","ना-last_blank","last_blank",1,1,"औण-last_blank","औण",1,0,0,1,"रहना","रहऔण"
264,"स्य","स्य-last_blank","last_blank",2,1,"यइन-last_blank","यइन",1,0,0,1,"रहस्य","रहयइन"
326,"कुमार","कुमार-last_blank","last_blank",3,1,"तajay-last_blank","तajay",1,0,0,2,"राजकुमार","राजतajay"
966,"जनीति","जनीति-last_blank","last_blank",2,1,"एन०ए०-last_blank","एन०ए०",1,0,0,2,"राजनीति","राएन०ए०"
74,"नीतिक","नीतिक-last_blank","last_blank",3,1,"यbill-last_blank","यbill",1,0,0,2,"राजनीतिक","राजयbill"
223,"ीतिज्ञ","ीतिज्ञ-last_blank","last_blank",4,1,"ज०म०म०-last_blank","ज०म०म०",1,0,0,2,"राजनीतिज्ञ","राजनज०म०म०"
330,"first_blank","first_blank-रा","रा",1,1,"first_blank-हऔ","हऔ",1,0,0,1,"राजा","हऔजा"
106,"first_blank","first_blank-रा","रा",1,1,"first_blank-ॵर","ॵर",1,0,0,1,"राज्य","ॵरज्य"
587,"ष्ट्र","ष्ट्र-last_blank","last_blank",2,1,"ष०पर०-last_blank","ष०पर०",1,0,0,2,"राष्ट्र","राष०पर०"
353,"क्टर","क्टर-last_blank","last_blank",3,1,"सibs-last_blank","सibs",1,0,0,1,"रिएक्टर","रिएसibs"
632,"ॉर्डिंग","ॉर्डिंग-last_blank","last_blank",3,1,"धpardhi-last_blank","धpardhi",1,0,0,4,"रिकॉर्डिंग","रिकधpardhi"
49,"first_blank","first_blank-रू","रू",1,1,"first_blank-चळ","चळ",1,0,0,1,"रूमाल","चळमाल"
696,"first_blank","first_blank-रे","रे",1,1,"first_blank-ओ०","ओ०",1,0,0,1,"रेत","ओ०त"
234,"्टोरेंट","्टोरेंट-last_blank","last_blank",3,1,"धpardhi-last_blank","धpardhi",1,0,0,4,"रेस्टोरेंट","रेसधpardhi"
112,"first_blank","first_blank-रो","रो",1,1,"first_blank-गळ","गळ",1,0,0,1,"रोग","गळग"
727,"first_blank","first_blank-रो","रो",1,1,"first_blank-जऑ","जऑ",1,0,0,1,"रोम","जऑम"
78,"first_blank","first_blank-रो","रो",1,1,"first_blank-cx","cx",1,0,0,1,"रोशनी","cxशनी"
339,"first_blank","first_blank-लड","लड",1,61,"first_blank-pi","pi",61,0,0,1,"लड़का","pi़का"
30,"़कियाँ","़कियाँ-last_blank","last_blank",2,1,"यmayur-last_blank","यmayur",1,0,0,4,"लड़कियाँ","लडयmayur"
54,"लड","लड-़ा","़ा",1,1,"लड-डओ","डओ",1,0,0,1,"लड़ाई","लडडओई"
975," का मैदान"," का मैदान-last_blank","last_blank",4,1,"शaddition-last_blank","शaddition",1,0,0,5,"लड़ाई का मैदान","लड़ाईशaddition"
394,"first_blank","first_blank-लं","लं",1,1,"first_blank-ہے","ہے",1,0,0,1,"लंबा","ہےबा"
272,"first_blank","first_blank-लं","लं",1,1,"first_blank-यƨ","यƨ",1,0,0,1,"लंबाई","यƨबाई"
898,"लह","लह-ज़","ज़",1,1,"लह-सर","सर",1,0,0,1,"लहज़ा","लहसरा"
79,"ा होने के","ा होने के-last_blank","last_blank",4,1,"शaddition-last_blank","शaddition",1,0,0,5,"लापता होने के","लापतशaddition"
678,"first_blank","first_blank-ला","ला",1,1,"first_blank-खछ","खछ",1,0,0,1,"लाश","खछश"
239,"first_blank","first_blank-लि","लि",1,1,"first_blank-fé","fé",1,0,0,1,"लिखना","féखना"
328,"first_blank","first_blank-लि","लि",1,1,"first_blank-दo","दo",1,0,0,1,"लिखो","दoखो"
625,"ंग","ंग-last_blank","last_blank",1,1,"ହମ-last_blank","ହମ",1,0,0,1,"लिंग","लिହମ"
289,"मोसिन","मोसिन-last_blank","last_blank",2,1,"ष०पर०-last_blank","ष०पर०",1,0,0,3,"लिमोसिन","लिष०पर०"
574,"लू","लू-ट","ट",1,1,"ओल-ट","ओल",1,0,0,1,"लूट","ओलट"
280,"first_blank","first_blank-लू","लू",1,1,"first_blank-中文","中文",1,0,0,1,"लूटना","中文टना"
532,"first_blank","first_blank-ले","ले",1,1,"first_blank-kx","kx",1,0,0,1,"लेखक","kxखक"
361,"्टिनेंट","्टिनेंट-last_blank","last_blank",3,1,"धpardhi-last_blank","धpardhi",1,0,0,4,"लेफ्टिनेंट","लेफधpardhi"
812,"first_blank","first_blank-लै","लै",1,1,"first_blank-به","به",1,0,0,1,"लैस","بهस"
467,"first_blank","first_blank-लॉ","लॉ",1,1,"first_blank-zp","zp",1,0,0,1,"लॉक","zpक"
224,"first_blank","first_blank-लो","लो",1,1,"first_blank-ढत","ढत",1,0,0,1,"लोग","ढतग"
672,"first_blank","first_blank-लो","लो",1,1,"first_blank-ढ२","ढ२",1,0,0,1,"लोहे का","ढ२हे का"
240,"first_blank","first_blank-वज","वज",1,165,"first_blank-ex","ex",165,0,0,1,"वजह","exह"
694,"first_blank","first_blank-वन","वन",1,221,"first_blank-अष","अष",45,176,0,1,"वन","अष"
968,"वन","वन-ील","ील",1,1,"वन-चर","चर",1,0,0,1,"वनीला","वनचरा"
613,"ादार","ादार-last_blank","last_blank",2,1,"गढ०२-last_blank","गढ०२",1,0,0,2,"वफादार","वफगढ०२"
697,"वर","वर-्द","्द",1,1,"वर-दव","दव",1,0,0,1,"वर्दी","वरदवी"
315,"वह","वह-last_blank","last_blank",1,84,"षठ-last_blank","षठ",86,2,0,1,"वह","षठ"
133,"ां","ां-last_blank","last_blank",1,1,"pb-last_blank","pb",1,0,0,1,"वहां","वहpb"
319,"first_blank","first_blank-वा","वा",1,1,"first_blank-म२","म२",1,0,0,1,"वाक्य","म२क्य"
795,"टसन","टसन-last_blank","last_blank",2,1,"नएक-last_blank","नएक",1,0,0,1,"वाटसन","वानएक"
609,"first_blank","first_blank-वा","वा",1,1,"first_blank-ह३","ह३",1,0,0,1,"वादा","ह३दा"
459,"first_blank","first_blank-वा","वा",1,1,"first_blank-رق","رق",1,0,0,1,"वापसी","رقपसी"
531,"first_blank","first_blank-वा","वा",1,1,"first_blank-ऊभ","ऊभ",1,0,0,1,"वायर","ऊभयर"
693,"ुमंडल","ुमंडल-last_blank","last_blank",3,1,"आई०ड०-last_blank","आई०ड०",1,0,0,1,"वायुमंडल","वायआई०ड०"
811,"्तव में","्तव में-last_blank","last_blank",3,1,"धpardhi-last_blank","धpardhi",1,0,0,4,"वास्तव में","वासधpardhi"
200,"्तविक","्तविक-last_blank","last_blank",3,1,"आर०ए०-last_blank","आर०ए०",1,0,0,2,"वास्तविक","वासआर०ए०"
495,"स","स-्तुकार","्तुकार",3,1,"स-यmayur","यmayur",1,0,0,3,"वास्तुकार","वासयmayur"
244,"कल्प","कल्प-last_blank","last_blank",2,1,"अलइन-last_blank","अलइन",1,0,0,1,"विकल्प","विअलइन"
230,"first_blank","first_blank-वि","वि",1,1,"first_blank-खउ","खउ",1,0,0,1,"विकास","खउकास"
993,"किरण","किरण-last_blank","last_blank",2,1,"य		क-last_blank","यक",1,0,0,2,"विकिरण","विय		क"
512,"  विमर्श","  विमर्श-last_blank","last_blank",5,1,"धpardhi-last_blank","धpardhi",1,0,1,3,"विचार - विमर्श","विचारधpardhi"
157,"first_blank","first_blank-वि","वि",1,1,"first_blank-ङक","ङक",1,0,0,1,"विजेता","ङकजेता"
378,"ज्ञान","ज्ञान-last_blank","last_blank",2,1,"आई०ड०-last_blank","आई०ड०",1,0,0,3,"विज्ञान","विआई०ड०"
789,"टामिन","टामिन-last_blank","last_blank",2,1,"एन०ए०-last_blank","एन०ए०",1,0,0,3,"विटामिन","विएन०ए०"
913,"त पोषण","त पोषण-last_blank","last_blank",4,1,"तsunil-last_blank","तsunil",1,0,0,1,"वित्त पोषण","वित्तsunil"
25,"त्तीय","त्तीय-last_blank","last_blank",2,1,"तajay-last_blank","तajay",1,0,0,2,"वित्तीय","वितajay"
307,"शी","शी-last_blank","last_blank",1,1,"તમ-last_blank","તમ",1,0,0,1,"विदेशी","विदेતમ"
73,"first_blank","first_blank-वि","वि",1,1,"first_blank-बऐ","बऐ",1,0,0,1,"विनाश","बऐनाश"
927,"पणन","पणन-last_blank","last_blank",2,1,"वईय-last_blank","वईय",1,0,0,1,"विपणन","विवईय"
646,"भाजन","भाजन-last_blank","last_blank",2,1,"अलइन-last_blank","अलइन",1,0,0,1,"विभाजन","विअलइन"
269,"भिन्न","भिन्न-last_blank","last_blank",2,1,"यbill-last_blank","यbill",1,0,0,3,"विभिन्न","वियbill"
523,"first_blank","first_blank-वि","वि",1,1,"first_blank-qq","qq",1,0,0,1,"विराम","qqराम"
825,"first_blank","first_blank-वि","वि",1,1,"first_blank-ढठ","ढठ",1,0,0,1,"विरोध","ढठरोध"
529,"वरण","वरण-last_blank","last_blank",2,1,"सइक-last_blank","सइक",1,0,0,1,"विवरण","विसइक"
778,"वा","वा-द","द",1,1,"आझ-द","आझ",1,0,0,1,"विवाद","विआझद"
271,"वाहित","वाहित-last_blank","last_blank",2,1,"एन०ए०-last_blank","एन०ए०",1,0,0,3,"विवाहित","विएन०ए०"
583,"first_blank","first_blank-वि","वि",1,1,"first_blank-झई","झई",1,0,0,1,"विशाल","झईशाल"
22,"्लेषण","्लेषण-last_blank","last_blank",3,1,"तpppp-last_blank","तpppp",1,0,0,2,"विश्लेषण","विशतpppp"
356,"िद्यालय","िद्यालय-last_blank","last_blank",6,1,"धpardhi-last_blank","धpardhi",1,0,0,1,"विश्वविद्यालय","विश्ववधpardhi"
65,"first_blank","first_blank-वि","वि",1,1,"first_blank-اﷲ","اﷲ",1,0,0,1,"विषय","اﷲषय"
91,"स्फोट","स्फोट-last_blank","last_blank",2,1,"एन०ए०-last_blank","एन०ए०",1,0,0,3,"विस्फोट","विएन०ए०"
359,"्फोटक","्फोटक-last_blank","last_blank",3,1,"यbill-last_blank","यbill",1,0,0,2,"विस्फोटक","विसयbill"
726,"यो","यो-last_blank","last_blank",1,1,"पऊ-last_blank","पऊ",1,0,0,1,"वीडियो","वीडिपऊ"
708,"ट्रेस","ट्रेस-last_blank","last_blank",2,1,"तajay-last_blank","तajay",1,0,0,3,"वेट्रेस","वेतajay"
714,"first_blank","first_blank-वे","वे",1,1,"first_blank-मऔ","मऔ",1,0,0,1,"वेतन","मऔतन"
741,"first_blank","first_blank-वे","वे",1,1,"first_blank-हó","हó",1,0,0,1,"वेब","हóब"
673,"्टर्न","्टर्न-last_blank","last_blank",3,1,"एन०ए०-last_blank","एन०ए०",1,0,0,2,"वेस्टर्न","वेसएन०ए०"
118,"्ञानिक","्ञानिक-last_blank","last_blank",3,1,"यmayur-last_blank","यmayur",1,0,0,3,"वैज्ञानिक","वैजयmayur"
300,"first_blank","first_blank-वै","वै",1,1,"first_blank-vq","vq",1,0,0,1,"वैन","vqन"
831,"first_blank","first_blank-वै","वै",1,1,"first_blank-नङ","नङ",1,0,0,1,"वैभव","नङभव"
179,"श्विक","श्विक-last_blank","last_blank",2,1,"तpppp-last_blank","तpppp",1,0,0,3,"वैश्विक","वैतpppp"
783,"first_blank","first_blank-वो","वो",1,1,"first_blank-भफ","भफ",1,0,0,1,"वोट","भफट"
316,"first_blank","first_blank-वो","वो",1,1,"first_blank-ढश","ढश",1,0,0,1,"वोडका","ढशडका"
81,"त करना","त करना-last_blank","last_blank",5,1,"ज०म०म०-last_blank","ज०म०म०",1,0,0,1,"व्यक्त करना","व्यक्ज०म०म०"
211,"यक्ति","यक्ति-last_blank","last_blank",2,1,"यbill-last_blank","यbill",1,0,0,2,"व्यक्ति","व्यbill"
418,"्तित्व","्तित्व-last_blank","last_blank",4,1,"ज०म०म०-last_blank","ज०म०म०",1,0,0,2,"व्यक्तित्व","व्यकज०म०म०"
910,"व","व-स्थित","स्थित",4,1,"व-०ग०स०","०ग०स०",1,0,0,1,"व्यवस्थित","व्यव०ग०स०"
144,"यापार","यापार-last_blank","last_blank",2,1,"ष०पर०-last_blank","ष०पर०",1,0,0,2,"व्यापार","व्ष०पर०"
598,"यायाम","यायाम-last_blank","last_blank",2,1,"यbill-last_blank","यbill",1,0,0,2,"व्यायाम","व्यbill"
922,"तिहीन","तिहीन-last_blank","last_blank",3,1,"तpppp-last_blank","तpppp",1,0,0,1,"शक्तिहीन","शक्तpppp"
584,"क","क-क्ष","क्ष",4,1,"क-ष०पर०","ष०पर०",1,0,2,1,"शयनकक्ष","शयनकष०पर०"
198,"चिकित्सा","चिकित्सा-last_blank","last_blank",5,1,"धpardhi-last_blank","धpardhi",1,0,1,3,"शल्य चिकित्सा","शल्य धpardhi"
989,"रशाला","रशाला-last_blank","last_blank",3,1,"आई०ड०-last_blank","आई०ड०",1,0,0,2,"शस्रशाला","शस्आई०ड०"
651,"first_blank","first_blank-शह","शह",1,66,"first_blank-ki","ki",67,1,0,1,"शहर","kiर"
469,"first_blank","first_blank-शा","शा",1,1,"first_blank-थऔ","थऔ",1,0,0,1,"शांत","थऔंत"
655,"first_blank","first_blank-शा","शा",1,1,"first_blank-મટ","મટ",1,0,0,1,"शांति","મટंति"
343,"first_blank","first_blank-शा","शा",1,1,"first_blank-હત","હત",1,0,0,1,"शादी","હતदी"
415,"नदार","नदार-last_blank","last_blank",2,1,"णड०४-last_blank","णड०४",1,0,0,2,"शानदार","शाणड०४"
407,"first_blank","first_blank-शा","शा",1,1,"first_blank-আৰ","আৰ",1,0,0,1,"शाम","আৰम"
973," ही कभी"," ही कभी-last_blank","last_blank",4,1,"धpardhi-last_blank","धpardhi",1,0,0,3,"शायद ही कभी","शायदधpardhi"
266,"रीरिक","रीरिक-last_blank","last_blank",2,1,"आई०ड०-last_blank","आई०ड०",1,0,0,3,"शारीरिक","शाआई०ड०"
128,"षा","षा-last_blank","last_blank",1,1,"ऐन-last_blank","ऐन",1,0,0,1,"शिक्षा","शिक्ऐन"
410,"first_blank","first_blank-शी","शी",1,1,"first_blank-kq","kq",1,0,0,1,"शीघ्र","kqघ्र"
178,"र्षक","र्षक-last_blank","last_blank",2,1,"त एक-last_blank","त एक",1,0,0,1,"शीर्षक","शीत एक"
166,"क्","क्-र","र",1,1,"छह-र","छह",1,0,0,1,"शुक्र","शुछहर"
13,"first_blank","first_blank-शै","शै",1,1,"first_blank-छथ","छथ",1,0,0,1,"शैतान","छथतान"
471,"ेन","ेन-last_blank","last_blank",1,1,"दळ-last_blank","दळ",1,0,0,1,"शैंपेन","शैंपदळ"
462,"first_blank","first_blank-सं","सं",1,1,"first_blank-नऑ","नऑ",1,0,0,1,"संकट","नऑकट"
116,"first_blank","first_blank-सं","सं",1,1,"first_blank-औश","औश",1,0,0,1,"संकेत","औशकेत"
221," मिलता है"," मिलता है-last_blank","last_blank",5,1,"शaddition-last_blank","शaddition",1,0,0,4,"संकेत मिलता है","संकेतशaddition"
450,"्रमण","्रमण-last_blank","last_blank",3,1,"अलइन-last_blank","अलइन",1,0,0,1,"संक्रमण","संकअलइन"
871,"्रिय","्रिय-last_blank","last_blank",2,1,"	जमम-last_blank","जमम",1,0,0,2,"सक्रिय","सक	जमम"
578,"गणक","गणक-last_blank","last_blank",2,1,"पएड-last_blank","पएड",1,0,0,1,"संगणक","संपएड"
499,"गी","गी-त","त",1,1,"शध-त","शध",1,0,0,1,"संगीत","संशधत"
490,"ीतकार","ीतकार-last_blank","last_blank",3,1,"आर०ए०-last_blank","आर०ए०",1,0,0,2,"संगीतकार","संगआर०ए०"
150,"रहालय","रहालय-last_blank","last_blank",4,1,"आई०ड०-last_blank","आई०ड०",1,0,0,1,"संग्रहालय","संग्आई०ड०"
1,"मुच","मुच-last_blank","last_blank",2,1,"रगत-last_blank","रगत",1,0,0,1,"सचमुच","सचरगत"
946,"चा","चा-र","र",1,1,"ऊज-र","ऊज",1,0,0,1,"संचार","संऊजर"
771,"्जन","्जन-last_blank","last_blank",2,1,"यएज-last_blank","यएज",1,0,0,1,"सज्जन","सजयएज"
502,"़क","़क-last_blank","last_blank",1,1,"ଋଷ-last_blank","ଋଷ",1,0,0,1,"सड़क","सडଋଷ"
125,"first_blank","first_blank-सं","सं",1,1,"first_blank-lm","lm",1,0,0,1,"संतरा","lmतरा"
839,"सत","सत-ह","ह",1,2,"अठ-ह","अठ",2,0,0,1,"सतह","अठह"
857,"पित करें","पित करें-last_blank","last_blank",5,1,"धpardhi-last_blank","धpardhi",1,0,1,3,"सत्यापित करें","सत्याधpardhi"
86,"ध व्यक्ति","ध व्यक्ति-last_blank","last_blank",6,1,"शaddition-last_blank","शaddition",1,0,0,3,"संदिग्ध व्यक्ति","संदिग्शaddition"
314,"दे","दे-श","श",1,1,"हई-श","हई",1,0,0,1,"संदेश","संहईश"
817,"्भाव","्भाव-last_blank","last_blank",2,1,"सibs-last_blank","सibs",1,0,0,2,"सद्भाव","सदसibs"
814,"first_blank","first_blank-सं","सं",1,1,"first_blank-så","så",1,0,0,1,"संपदा","såपदा"
486,"ना","ना-last_blank","last_blank",1,1,"kw-last_blank","kw",1,0,0,1,"सपना","सपkw"
464,"्ताह","्ताह-last_blank","last_blank",2,1,"अलइन-last_blank","अलइन",1,0,0,2,"सप्ताह","सपअलइन"
997,"होने के","होने के-last_blank","last_blank",4,1,"धpardhi-last_blank","धpardhi",1,0,0,3,"सफल होने के","सफल धpardhi"
510,"बं","बं-ध","ध",1,1,"सभ-ध","सभ",1,0,0,1,"संबंध","संसभध"
168,"भवत","भवत-last_blank","last_blank",2,1,"लआम-last_blank","लआम",1,0,0,1,"संभवत","संलआम"
586,"भावना","भावना-last_blank","last_blank",2,1,"आर०ए०-last_blank","आर०ए०",1,0,0,3,"संभावना","संआर०ए०"
402,"्यता","्यता-last_blank","last_blank",2,1,"त एक-last_blank","त एक",1,0,0,2,"सभ्यता","सभत एक"
631," गए"," गए-last_blank","last_blank",3,1,"णड०४-last_blank","णड०४",1,0,1,1,"समझ गए","समझणड०४"
478,"झौता","झौता-last_blank","last_blank",2,1,"सibs-last_blank","सibs",1,0,0,2,"समझौता","समसibs"
494,"ैंगिक","ैंगिक-last_blank","last_blank",3,1,"ष०पर०-last_blank","ष०पर०",1,0,0,2,"समलैंगिक","समलष०पर०"
44,"ाचार","ाचार-last_blank","last_blank",2,1,"सस क-last_blank","सस क",1,0,0,2,"समाचार","समसस क"
197,"ापन","ापन-last_blank","last_blank",2,1,"वईग-last_blank","वईग",1,0,0,1,"समापन","समवईग"
94,"ाप्त","ाप्त-last_blank","last_blank",2,1,"वupp-last_blank","वupp",1,0,0,2,"समाप्त","समवupp"
433,"ारोह","ारोह-last_blank","last_blank",2,1,"एसस०-last_blank","एसस०",1,0,0,2,"समारोह","समएसस०"
384,"सम","सम-ित","ित",1,1,"सम-आई","आई",1,0,0,1,"समिति","समआईि"
422,"ुदाय","ुदाय-last_blank","last_blank",2,1,"स हग-last_blank","स हग",1,0,0,2,"समुदाय","समस हग"
419,"्री जहाज","्री जहाज-last_blank","last_blank",5,1,"धpardhi-last_blank","धpardhi",1,0,1,3,"समुंद्री जहाज","समुंदधpardhi"
185,"ुराई","ुराई-last_blank","last_blank",2,1,"भ दख-last_blank","भ दख",1,0,0,2,"समुराई","समभ दख"
601,"ूह","ूह-last_blank","last_blank",1,1,"दइ-last_blank","दइ",1,0,0,1,"समूह","समदइ"
705,"्मान","्मान-last_blank","last_blank",2,1,"अलइन-last_blank","अलइन",1,0,0,1,"सम्मान","समअलइन"
759,"्राट","्राट-last_blank","last_blank",2,1,"णड०४-last_blank","णड०४",1,0,0,2,"सम्राट","समणड०४"
623,"कार","कार-last_blank","last_blank",2,1,"बएफ-last_blank","बएफ",1,0,0,1,"सरकार","सरबएफ"
842,"रचना","रचना-last_blank","last_blank",2,1,"य		क-last_blank","यक",1,0,0,2,"संरचना","संय		क"
637,"सर","सर-ल","ल",1,10,"अभ-ल","अभ",13,3,0,1,"सरल","अभल"
2,"ाहना","ाहना-last_blank","last_blank",2,1,"एसस०-last_blank","एसस०",1,0,0,2,"सराहना","सरएसस०"
780,"्कस","्कस-last_blank","last_blank",2,1,"बपर-last_blank","बपर",1,0,0,1,"सर्कस","सरबपर"
346,"सर","सर-्द","्द",1,1,"सर-मड","मड",1,0,0,1,"सर्दी","सरमडी"
277,"ाद","ाद-last_blank","last_blank",1,1,"थभ-last_blank","थभ",1,0,0,1,"सलाद","सलथभ"
806,"ह देना","ह देना-last_blank","last_blank",3,1,"तsunil-last_blank","तsunil",1,0,0,3,"सलाह देना","सलातsunil"
761,"सव","सव-ार","ार",1,1,"सव-कत","कत",1,0,0,1,"सवारी","सवकती"
543,"विधान","विधान-last_blank","last_blank",2,1,"ष०पर०-last_blank","ष०पर०",1,0,0,3,"संविधान","संष०पर०"
879,"दनशील","दनशील-last_blank","last_blank",4,1,"तpppp-last_blank","तpppp",1,0,0,1,"संवेदनशील","संवेतpppp"
559,"सस","सस-्त","्त",1,1,"सस-जज","जज",1,0,0,1,"सस्ता","ससजजा"
925," बोध"," बोध-last_blank","last_blank",3,1,"मन०i-last_blank","मन०i",1,0,0,1,"सहज बोध","सहजमन०i"
379,"ायक","ायक-last_blank","last_blank",2,1,"टइस-last_blank","टइस",1,0,0,1,"सहायक","सहटइस"
681,"ायता","ायता-last_blank","last_blank",2,1,"मन०i-last_blank","मन०i",1,0,0,2,"सहायता","सहमन०i"
132,"ता देना","ता देना-last_blank","last_blank",4,1,"धpardhi-last_blank","धpardhi",1,0,0,3,"सहायता देना","सहायधpardhi"
585,"first_blank","first_blank-सह","सह",1,287,"first_blank-वल","वल",284,3,0,1,"सही","वली"
607,"ें","ें-last_blank","last_blank",1,1,"नङ-last_blank","नङ",1,0,0,1,"सहेजें","सहेजनङ"
398,"first_blank","first_blank-सा","सा",1,1,"first_blank-تم","تم",1,0,0,1,"सागर","تمगर"
820,"first_blank","first_blank-सा","सा",1,1,"first_blank-ठल","ठल",1,0,0,1,"साथ","ठलथ"
129,"धारण","धारण-last_blank","last_blank",2,1,"एसस०-last_blank","एसस०",1,0,0,2,"साधारण","साएसस०"
939,"first_blank","first_blank-सा","सा",1,1,"first_blank-१व","१व",1,0,0,1,"साँप","१वँप"
657,"्ताहिक","्ताहिक-last_blank","last_blank",3,1,"तsunil-last_blank","तsunil",1,0,0,3,"साप्ताहिक","सापतsunil"
202,"मान्य","मान्य-last_blank","last_blank",2,1,"आर०ए०-last_blank","आर०ए०",1,0,0,3,"सामान्य","साआर०ए०"
255,"्राज्य","्राज्य-last_blank","last_blank",3,1,"यmayur-last_blank","यmayur",1,0,0,3,"साम्राज्य","सामयmayur"
638,"हित्य","हित्य-last_blank","last_blank",2,1,"यbill-last_blank","यbill",1,0,0,3,"साहित्य","सायbill"
411,"ना","ना-last_blank","last_blank",1,1,"ଶର-last_blank","ଶର",1,0,0,1,"सिखाना","सिखाଶର"
296,"गरेट","गरेट-last_blank","last_blank",2,1,"गढ०२-last_blank","गढ०२",1,0,0,1,"सिगरेट","सिगढ०२"
275,"first_blank","first_blank-सि","सि",1,1,"first_blank-ए०","ए०",1,0,0,1,"सिगार","ए०गार"
287,"ंड्रोम","ंड्रोम-last_blank","last_blank",2,1,"ज०म०म०-last_blank","ज०म०म०",1,0,0,4,"सिंड्रोम","सिज०म०म०"
354,"द्धांत","द्धांत-last_blank","last_blank",2,1,"यmayur-last_blank","यmayur",1,0,0,4,"सिद्धांत","सियmayur"
90,"first_blank","first_blank-सि","सि",1,1,"first_blank-बऐ","बऐ",1,0,0,1,"सिप","बऐप"
917,"first_blank","first_blank-सि","सि",1,1,"first_blank-वऔ","वऔ",1,0,0,1,"सिरिंज","वऔरिंज"
88,"first_blank","first_blank-सि","सि",1,1,"first_blank-यƨ","यƨ",1,0,0,1,"सिंह","यƨंह"
75,"ंहासन","ंहासन-last_blank","last_blank",2,1,"ए०एस०-last_blank","ए०एस०",1,0,0,2,"सिंहासन","सिए०एस०"
828,"टी","टी-last_blank","last_blank",1,1,"अट-last_blank","अट",1,0,0,1,"सीटी","सीअट"
485,"धे","धे-last_blank","last_blank",1,1,"ह६-last_blank","ह६",1,0,0,1,"सीधे","सीह६"
333,"नेटर","नेटर-last_blank","last_blank",2,1,"भ दख-last_blank","भ दख",1,0,0,2,"सीनेटर","सीभ दख"
55,"first_blank","first_blank-सु","सु",1,1,"first_blank-नऊ","नऊ",1,0,0,1,"सुखद","नऊखद"
912,"ना","ना-last_blank","last_blank",1,1,"ह२-last_blank","ह२",1,0,0,1,"सुझाना","सुझाह२"
184,"first_blank","first_blank-सु","सु",1,1,"first_blank-ऱख","ऱख",1,0,0,1,"सुंदर","ऱखंदर"
740,"ंदरता","ंदरता-last_blank","last_blank",2,1,"तpppp-last_blank","तpppp",1,0,0,3,"सुंदरता","सुतpppp"
43,"धार की","धार की-last_blank","last_blank",2,1,"ज०म०म०-last_blank","ज०म०म०",1,0,0,4,"सुधार की","सुज०म०म०"
367,"नो","नो-last_blank","last_blank",1,1,"في-last_blank","في",1,0,0,1,"सुनो","सुفي"
588,"का नाश्ता","का नाश्ता-last_blank","last_blank",5,1,"शaddition-last_blank","शaddition",1,0,0,4,"सुबह का नाश्ता","सुबह शaddition"
547,"रक्षा","रक्षा-last_blank","last_blank",2,1,"तpppp-last_blank","तpppp",1,0,0,3,"सुरक्षा","सुतpppp"
728,"क्षित","क्षित-last_blank","last_blank",3,1,"तajay-last_blank","तajay",1,0,0,2,"सुरक्षित","सुरतajay"
514,"first_blank","first_blank-सु","सु",1,1,"first_blank-लऱ","लऱ",1,0,0,1,"सुरंग","लऱरंग"
986,"चिपूर्ण","चिपूर्ण-last_blank","last_blank",4,1,"धpardhi-last_blank","धpardhi",1,0,0,3,"सुरुचिपूर्ण","सुरुधpardhi"
564,"first_blank","first_blank-सू","सू",1,1,"first_blank-खओ","खओ",1,0,0,1,"सूअर","खओअर"
295," का मांस"," का मांस-last_blank","last_blank",4,1,"धpardhi-last_blank","धpardhi",1,0,1,4,"सूअर का मांस","सूअरधpardhi"
278," देनेवाला"," देनेवाला-last_blank","last_blank",5,1,"शaddition-last_blank","शaddition",1,0,0,4,"सूचना देनेवाला","सूचनाशaddition"
245,"त करना","त करना-last_blank","last_blank",4,1,"तsunil-last_blank","तsunil",1,0,0,1,"सूचित करना","सूचितsunil"
32,"टकेस","टकेस-last_blank","last_blank",2,1,"त एक-last_blank","त एक",1,0,0,2,"सूटकेस","सूत एक"
171,"टीमीटर","टीमीटर-last_blank","last_blank",3,1,"ज०म०म०-last_blank","ज०म०म०",1,0,0,2,"सेंटीमीटर","सेंज०म०म०"
760,"ना","ना-last_blank","last_blank",1,1,"खछ-last_blank","खछ",1,0,0,1,"सेना","सेखछ"
763,"िब्रल","िब्रल-last_blank","last_blank",3,1,"ष०पर०-last_blank","ष०पर०",1,0,0,1,"सेरिब्रल","सेरष०पर०"
723,"first_blank","first_blank-सै","सै",1,1,"first_blank-yf","yf",1,0,0,1,"सैन्य","yfन्य"
63,"first_blank","first_blank-सो","सो",1,1,"first_blank-cx","cx",1,0,0,1,"सोच","cxच"
978,"first_blank","first_blank-सो","सो",1,1,"first_blank-नऑ","नऑ",1,0,0,1,"सोडा","नऑडा"
57,"दागर","दागर-last_blank","last_blank",2,1,"य		क-last_blank","यक",1,0,0,2,"सोदागर","सोय		क"
605,"सौ","सौ-last_blank","last_blank",1,1,"नङ-last_blank","नङ",1,0,0,1,"सौ","नङ"
952,"first_blank","first_blank-सौ","सौ",1,1,"first_blank-mz","mz",1,0,0,1,"सौर","mzर"
439,"कू","कू-ल","ल",1,1,"लथ-ल","लथ",1,0,0,1,"स्कूल","स्लथल"
744,"टेशन","टेशन-last_blank","last_blank",2,1,"अलइन-last_blank","अलइन",1,0,0,1,"स्टेशन","स्अलइन"
877,"first_blank","first_blank-स्","स्",1,1,"first_blank-४व","४व",1,0,0,1,"स्टोव","४वटोव"
23,"्रॉबेरी","्रॉबेरी-last_blank","last_blank",3,1,"धpardhi-last_blank","धpardhi",1,0,0,4,"स्ट्रॉबेरी","स्टधpardhi"
217,"था","था-न","न",1,1,"जझ-न","जझ",1,0,0,1,"स्थान","स्जझन"
176,"नांतरण","नांतरण-last_blank","last_blank",4,1,"यmayur-last_blank","यmayur",1,0,0,2,"स्थानांतरण","स्थायmayur"
963,"थानीय","थानीय-last_blank","last_blank",2,1,"ए०एस०-last_blank","ए०एस०",1,0,0,3,"स्थानीय","स्ए०एस०"
850,"नातक","नातक-last_blank","last_blank",2,1,"त एक-last_blank","त एक",1,0,0,1,"स्नातक","स्त एक"
602,"ानघर","ानघर-last_blank","last_blank",3,1,"वupp-last_blank","वupp",1,0,0,1,"स्नानघर","स्नवupp"
965,"पघेटी","पघेटी-last_blank","last_blank",2,1,"आर०ए०-last_blank","आर०ए०",1,0,0,3,"स्पघेटी","स्आर०ए०"
48,"ष्टतः","ष्टतः-last_blank","last_blank",3,1,"ष०पर०-last_blank","ष०पर०",1,0,0,1,"स्पष्टतः","स्पष०पर०"
85,"first_blank","first_blank-स्","स्",1,1,"first_blank-اح","اح",1,0,0,1,"स्पीड","احपीड"
273,"र्गीय","र्गीय-last_blank","last_blank",3,1,"तajay-last_blank","तajay",1,0,0,2,"स्वर्गीय","स्वतajay"
785,"ादिष्ट","ादिष्ट-last_blank","last_blank",3,1,"ज०म०म०-last_blank","ज०म०म०",1,0,0,3,"स्वादिष्ट","स्वज०म०म०"
284,"वार्थी","वार्थी-last_blank","last_blank",2,1,"तsunil-last_blank","तsunil",1,0,0,4,"स्वार्थी","स्तsunil"
803,"ार करना","ार करना-last_blank","last_blank",5,1,"धpardhi-last_blank","धpardhi",1,0,0,2,"स्वीकार करना","स्वीकधpardhi"
686,"कार करें","कार करें-last_blank","last_blank",4,1,"धpardhi-last_blank","धpardhi",1,0,1,4,"स्वीकार करें","स्वीधpardhi"
827,"ेच्छा से","ेच्छा से-last_blank","last_blank",3,1,"धpardhi-last_blank","धpardhi",1,0,1,5,"स्वेच्छा से","स्वधpardhi"
338,"हत","हत-्य","्य",1,1,"हत-रम","रम",1,0,0,1,"हत्या","हतरमा"
950,"्यारा","्यारा-last_blank","last_blank",2,1,"ष०पर०-last_blank","ष०पर०",1,0,0,2,"हत्यारा","हतष०पर०"
216,"ियार","ियार-last_blank","last_blank",2,1,"हममद-last_blank","हममद",1,0,0,2,"हथियार","हथहममद"
281,"़ा","़ा-last_blank","last_blank",1,1,"आछ-last_blank","आछ",1,0,0,1,"हथौड़ा","हथौडआछ"
534,"ला","ला-last_blank","last_blank",1,1,"भप-last_blank","भप",1,0,0,1,"हमला","हमभप"
800,"ावर","ावर-last_blank","last_blank",3,1,"भ दख-last_blank","भ दख",1,0,1,1,"हमलावर","हमलभ दख"
98,"ा के लिए","ा के लिए-last_blank","last_blank",4,1,"धpardhi-last_blank","धpardhi",1,0,1,4,"हमेशा के लिए","हमेशधpardhi"
549,"्ष","्ष-last_blank","last_blank",1,1,"औस-last_blank","औस",1,0,0,1,"हर्ष","हरऔस"
720," अड्डा"," अड्डा-last_blank","last_blank",3,1,"तsunil-last_blank","तsunil",1,0,0,3,"हवाई अड्डा","हवाईतsunil"
933,"ादार","ादार-last_blank","last_blank",2,1,"हममद-last_blank","हममद",1,0,0,2,"हवादार","हवहममद"
417,"ना","ना-last_blank","last_blank",1,1,"थश-last_blank","थश",1,0,0,1,"हसना","हसथश"
941,"ाक्षर","ाक्षर-last_blank","last_blank",4,1,"यbill-last_blank","यbill",1,0,0,1,"हस्ताक्षर","हस्तयbill"
193,"first_blank","first_blank-हा","हा",1,1,"first_blank-tp","tp",1,0,0,1,"हां","tpं"
891,"्रोजन","्रोजन-last_blank","last_blank",4,1,"तpppp-last_blank","तpppp",1,0,0,1,"हाइड्रोजन","हाइडतpppp"
253,"first_blank","first_blank-हा","हा",1,1,"first_blank-क२","क२",1,0,0,1,"हाइवे","क२इवे"
126,"first_blank","first_blank-हा","हा",1,1,"first_blank-fh","fh",1,0,0,1,"हाथ","fhथ"
397,"first_blank","first_blank-हा","हा",1,1,"first_blank-ऑम","ऑम",1,0,0,1,"हार","ऑमर"
148,"first_blank","first_blank-हा","हा",2,1,"first_blank-इशअ","इशअ",1,0,1,1,"हाल ही में","इशअल ही में"
66,"र करना","र करना-last_blank","last_blank",5,1,"ज०म०म०-last_blank","ज०म०म०",1,0,0,1,"हेरफेर करना","हेरफेज०म०म०"
351,"first_blank","first_blank-हे","हे",1,1,"first_blank-ऍव","ऍव",1,0,0,1,"हेरोइन","ऍवरोइन"
12,"कॉप्टर","कॉप्टर-last_blank","last_blank",4,1,"तsunil-last_blank","तsunil",1,0,0,2,"हेलीकॉप्टर","हेलीतsunil"
614,"र्गर","र्गर-last_blank","last_blank",4,1,"एन०ए०-last_blank","एन०ए०",1,0,1,1,"हैमबर्गर","हैमबएन०ए०"
883,"ना","ना-last_blank","last_blank",1,1,"ढई-last_blank","ढई",1,0,0,1,"होना","होढई"
7,"ने देना","ने देना-last_blank","last_blank",2,1,"धpardhi-last_blank","धpardhi",1,0,0,5,"होने देना","होधpardhi"
297,"first_blank","first_blank-हौ","हौ",1,1,"first_blank-ऑज","ऑज",1,0,0,1,"हौज","ऑजज"
