"word_id","first","original_pair","second","syll","original_freq","replacement_pair","replacement_syll","replacement_freq","freq_diff","char_diff","letter_diff","original_word","replacement_word"
594,"ad","ad-ej","ej",1,1,"ad-dr","dr",1,0,0,1,"abadejo","abaddro"
837,"ab","ab-an","an",1,20,"ur-an","ur",20,0,0,1,"abandonar","urandonar"
343,"ab","ab-do","do",1,3,"cu-do","cu",3,0,0,1,"abdominal","cudominal"
104,"zo","zo-last_blank","last_blank",1,105,"tó-last_blank","tó",105,0,0,1,"abrazo","abrató"
816,"su","su-rd","rd",1,4,"su-do","do",4,0,0,1,"absurdo","absudoo"
9,"ab","ab-ue","ue",1,9,"ab-ro","ro",9,0,0,1,"abuela","abrola"
470,"de","de-nt","nt",1,47,"de-fe","fe",47,0,0,1,"accidente","accidefee"
993,"ac","ac-en","en",1,17,"ac-og","og",17,0,0,1,"acento","acogto"
800,"ep","ep-ta","ta",1,15,"ro-ta","ro",15,0,0,1,"aceptar","acrotar"
443,"ac","ac-er","er",1,44,"tt-er","tt",44,0,0,1,"acero","ttero"
332,"ña","ña-r","r",1,13,"ee-r","ee",13,0,0,1,"acompañar","acompaeer"
229,"se","se-ja","ja",1,8,"se-lf","lf",8,0,0,1,"aconsejar","aconselfr"
651,"tu","tu-d","d",1,12,"ee-d","ee",12,0,0,1,"actitud","actieed"
278,"va","va-r","r",1,26,"be-r","be",26,0,0,1,"activar","actiber"
13,"ac","ac-ti","ti",1,49,"er-ti","er",49,0,0,1,"actividad","ertividad"
87,"to","to-r","r",1,56,"ma-r","ma",56,0,0,1,"actor","acmar"
636,"ac","ac-tu","tu",1,29,"ac-or","or",28,1,0,1,"actualizar","acoralizar"
413,"tu","tu-ar","ar",1,8,"is-ar","is",8,0,0,1,"actuar","acisar"
771,"acusa","acusa-ción","ción",2,1,"versa-ción","versa",1,0,0,1,"acusación","versación"
370,"ad","ad-ic","ic",1,29,"ad-er","er",29,0,0,1,"adicional","aderional"
440,"ió","ió-s","s",1,1,"cd-s","cd",1,0,0,1,"adiós","adcds"
292,"ad","ad-iv","iv",1,17,"ad-qu","qu",17,0,0,1,"adivinar","adquinar"
15,"vo","vo-last_blank","last_blank",1,123,"ck-last_blank","ck",124,1,0,1,"administrativo","administratick"
21,"ad","ad-ol","ol",1,14,"mb-ol","mb",14,0,0,1,"adolescente","mbolescente"
444,"ad","ad-re","re",1,8,"ad-ua","ua",8,0,0,1,"adrenalina","aduanalina"
318,"first_blank","first_blank-adversa","adversa",2,3,"first_blank-estresa","estresa",3,0,0,2,"adversario","estresario"
926,"ro","ro-pu","pu",1,3,"ro-nr","nr",3,0,0,1,"aeropuerto","aeronrerto"
387,"ag","ag-en","en",1,16,"ud-en","ud",16,0,0,1,"agencia","udencia"
216,"da","da-bl","bl",1,9,"da-ma","ma",9,0,0,1,"agradable","agradamae"
18,"de","de-ce","ce",1,56,"de-vo","vo",56,0,0,1,"agradecer","agradevor"
983,"ag","ag-re","re",1,31,"he-re","he",31,0,0,1,"agresor","heresor"
421,"uj","uj-er","er",1,11,"it-er","it",11,0,0,1,"agujero","agitero"
38,"al","al-ar","ar",1,37,"al-ca","ca",37,0,0,1,"alarma","alcama"
39,"al","al-ca","ca",1,37,"al-ar","ar",37,0,0,1,"alcalde","alarlde"
712,"eg","eg-rí","rí",1,2,"eg-le","le",2,0,0,1,"alegría","aleglea"
123,"al","al-fa","fa",1,9,"al-ad","ad",9,0,0,1,"alfa","alad"
710,"al","al-fo","fo",1,10,"so-fo","so",10,0,0,1,"alfombra","sofombra"
615,"al","al-go","go",1,7,"al-pi","pi",7,0,0,1,"algo","alpi"
852,"al","al-go","go",1,7,"lo-go","lo",7,0,0,1,"algodón","logodón"
315,"ado","ado-last_blank","last_blank",2,1,"dón-last_blank","dón",1,0,0,1,"algun lado","algun ldón"
61,"lí","lí-last_blank","last_blank",1,9,"ag-last_blank","ag",9,0,0,1,"allí","alag"
831,"al","al-re","re",1,3,"al-fr","fr",3,0,0,1,"alrededor","alfrdedor"
555,"al","al-te","te",1,25,"po-te","po",25,0,0,1,"alteza","poteza"
703,"al","al-tu","tu",1,2,"hu-tu","hu",2,0,0,1,"altura","hutura"
339,"first_blank","first_blank-alucina","alucina",2,6,"first_blank-almorza","almorza",6,0,0,2,"alucinación","almorzación"
895,"am","am-ab","ab",1,5,"sh-ab","sh",5,0,0,1,"amable","shable"
767,"ec","ec-er","er",1,52,"ec-ci","ci",52,0,0,1,"amanecer","amanecci"
42,"am","am-an","an",1,47,"iz-an","iz",47,0,0,1,"amante","izante"
827,"am","am-ar","ar",1,43,"on-ar","on",43,0,0,1,"amarillo","onarillo"
26,"first_blank","first_blank-ameri","ameri",2,1,"first_blank-medis","medis",1,0,0,1,"america","medisca"
205,"first_blank","first_blank-ami","ami",2,4,"first_blank-deu","deu",4,0,0,1,"amigo","deugo"
802,"am","am-is","is",1,8,"am-po","po",8,0,0,1,"amistad","ampotad"
251,"first_blank","first_blank-amisto","amisto",2,5,"first_blank-aborta","aborta",5,0,0,2,"amistoso","abortaso"
644,"am","am-or","or",1,14,"ot-or","ot",14,0,0,1,"amor","otor"
350,"pl","pl-io","io",1,2,"pl-át","át",2,0,0,1,"amplio","amplát"
86,"is","is-is","is",1,10,"rá-is","rá",10,0,0,1,"análisis","análráis"
249,"an","an-da","da",1,41,"an-to","to",40,1,0,1,"andar","antor"
105,"an","an-im","im",1,24,"cr-im","cr",24,0,0,1,"animal","crimal"
58,"ap","ap-el","el",1,14,"ap-uñ","uñ",14,0,0,1,"apellido","apuñlido"
695,"first_blank","first_blank-aproba","aproba",2,19,"first_blank-retira","retira",19,0,0,3,"aprobación","retiración"
63,"ár","ár-bo","bo",1,2,"th-bo","th",2,0,0,1,"árbol","thbol"
546,"ar","ar-en","en",1,29,"ar-da","da",30,1,0,1,"arena","ardaa"
711,"ar","ar-ma","ma",1,35,"ar-di","di",33,2,0,1,"arma","ardi"
568,"first_blank","first_blank-arma","arma",2,14,"first_blank-alte","alte",14,0,0,1,"armada","alteda"
111,"ma","ma-du","du",1,22,"ma-sc","sc",22,0,0,1,"armadura","armascra"
401,"first_blank","first_blank-arma","arma",2,14,"first_blank-alte","alte",14,0,0,1,"armario","alterio"
326,"mo","mo-ní","ní",1,9,"mo-se","se",9,0,0,1,"armonía","armosea"
477,"ar","ar-qu","qu",1,17,"ar-is","is",17,0,0,1,"arquitecto","arisitecto"
171,"st","st-ar","ar",1,77,"st-ri","ri",79,2,0,1,"arrestar","arrestri"
4,"ri","ri-ba","ba",1,11,"ri-pc","pc",11,0,0,1,"arriba","arripc"
460,"ro","ro-ga","ga",1,11,"ha-ga","ha",11,0,0,1,"arrogancia","arhagancia"
69,"se","se-na","na",1,9,"co-na","co",9,0,0,1,"arsenal","arconal"
976,"first_blank","first_blank-arte","arte",2,1,"first_blank-cene","cene",1,0,0,1,"artería","cenería"
616,"fi","fi-ci","ci",1,39,"ta-ci","ta",39,0,0,1,"artificial","artitacial"
131,"first_blank","first_blank-artille","artille",2,2,"first_blank-artisti","artisti",2,0,0,1,"artillería","artistiría"
903,"in","in-at","at",1,18,"in-fa","fa",18,0,0,1,"asesinato","asesinfao"
74,"es","es-in","in",1,19,"ve-in","ve",19,0,0,1,"asesino","asveino"
59,"te","te-nc","nc",1,33,"te-mp","mp",33,0,0,1,"asistencia","asistempia"
847,"first_blank","first_blank-as","as",1,436,"first_blank-gr","gr",436,0,0,1,"asistente","gristente"
275,"first_blank","first_blank-asquero","asquero",2,5,"first_blank-asombra","asombra",5,0,0,2,"asqueroso","asombraso"
907,"as","as-us","us",1,16,"il-us","il",16,0,0,1,"asustar","ilustar"
498,"at","at-aq","aq",1,5,"at-ha","ha",5,0,0,1,"ataque","athaue"
669,"first_blank","first_blank-atlánti","atlánti",2,2,"first_blank-patenta","patenta",2,0,0,2,"atlántico","patentaco"
43,"at","at-mó","mó",1,1,"at-hy","hy",1,0,0,1,"atmósfera","athysfera"
78,"ra","ra-er","er",1,19,"el-er","el",19,0,0,1,"atraer","ateler"
940,"ra","ra-pa","pa",1,16,"ra-sg","sg",16,0,0,1,"atrapar","atrasgr"
610,"au","au-di","di",1,32,"re-di","re",32,0,0,1,"audiencia","rediencia"
742,"au","au-se","se",1,17,"pa-se","pa",17,0,0,1,"ausencia","pasencia"
324,"to","to-bú","bú",1,1,"to-ní","ní",1,0,0,1,"autobús","autonís"
507,"ri","ri-da","da",1,42,"ri-en","en",42,0,0,1,"autoridad","autoriend"
450,"ay","ay-er","er",1,12,"rf-er","rf",12,0,0,1,"ayer","rfer"
89,"ud","ud-ar","ar",1,8,"ol-ar","ol",8,0,0,1,"ayudar","ayolar"
570,"ul","ul-last_blank","last_blank",1,37,"ds-last_blank","ds",37,0,0,1,"azul","azds"
138,"ba","ba-la","la",1,31,"do-la","do",33,2,0,1,"bala","dola"
661,"nd","nd-a","a",1,79,"on-a","on",82,3,0,1,"banda","baona"
304,"ño","ño-last_blank","last_blank",1,44,"di-last_blank","di",44,0,0,1,"baño","badi"
200,"ba","ba-r","r",1,24,"ri-r","ri",17,7,0,1,"bar","rir"
167,"ra","ra-to","to",1,35,"ra-ba","ba",34,1,0,1,"barato","baraba"
132,"rb","rb-a","a",1,7,"uz-a","uz",7,0,0,1,"barba","bauza"
101,"ba","ba-su","su",1,4,"ba-th","th",4,0,0,1,"basura","bathra"
424,"ll","ll-a","a",1,161,"in-a","in",161,0,0,1,"batalla","bataina"
795,"ll","ll-ón","ón",1,15,"ll-ey","ey",14,1,0,1,"batallón","batalley"
347,"is","is-bo","bo",1,4,"ta-bo","ta",4,0,0,1,"béisbol","bétabol"
317,"ll","ll-ez","ez",1,6,"ll-ig","ig",6,0,0,1,"belleza","belliga"
117,"et","et-er","er",1,36,"ch-er","ch",36,0,0,1,"billetera","billchera"
592,"ll","ll-ón","ón",1,15,"ll-ey","ey",14,1,0,1,"billón","billey"
772,"first_blank","first_blank-bio","bio",2,9,"first_blank-ora","ora",9,0,0,1,"biología","oralogía"
773,"co","co-last_blank","last_blank",3,733,"co-existencia","existencia",1,732,0,6,"biológico","biológicoexistencia"
220,"bo","bo-da","da",1,3,"ka-da","ka",3,0,0,1,"boda","kada"
678,"first_blank","first_blank-bolí","bolí",2,2,"first_blank-hoci","hoci",2,0,0,1,"bolígrafo","hocigrafo"
136,"first_blank","first_blank-bol","bol",2,2,"first_blank-tia","tia",2,0,0,1,"bolsa","tiasa"
882,"ho","ho-last_blank","last_blank",1,60,"ué-last_blank","ué",60,0,0,1,"borracho","borracué"
857,"bo","bo-sq","sq",1,8,"bo-ri","ri",8,0,0,1,"bosque","boriue"
994,"bo","bo-st","st",1,8,"cu-st","cu",8,0,0,1,"bostón","custón"
898,"bo","bo-te","te",1,23,"al-te","al",25,2,0,1,"bote","alte"
985,"te","te-ll","ll",1,25,"hi-ll","hi",25,0,0,1,"botella","bohilla"
561,"az","az-o","o",1,31,"rt-o","rt",31,0,0,1,"brazo","brrto"
124,"br","br-il","il",1,19,"br-om","om",19,0,0,1,"brillante","bromlante"
957,"br","br-om","om",1,19,"br-il","il",19,0,0,1,"broma","brila"
557,"uj","uj-a","a",1,5,"ep-a","ep",5,0,0,1,"bruja","brepa"
129,"ca","ca-ba","ba",1,36,"em-ba","em",36,0,0,1,"caballo","emballo"
134,"ca","ca-bl","bl",1,15,"ti-bl","ti",15,0,0,1,"cable","tible"
259,"ca","ca-dá","dá",1,2,"ca-lt","lt",2,0,0,1,"cadáver","caltver"
917,"fé","fé-last_blank","last_blank",1,3,"pá-last_blank","pá",3,0,0,1,"café","capá"
236,"ul","ul-ar","ar",1,32,"ag-ar","ag",32,0,0,1,"calcular","calcagar"
137,"first_blank","first_blank-calenda","calenda",2,2,"first_blank-arrenda","arrenda",2,0,0,1,"calendario","arrendario"
154,"ca","ca-li","li",1,68,"ca-nt","nt",74,6,0,1,"calidad","cantdad"
88,"ll","ll-e","e",1,79,"qu-e","qu",79,0,0,1,"calle","caque"
346,"ll","ll-ej","ej",1,12,"ll-ad","ad",12,0,0,1,"callejón","calladón"
884,"ca","ca-ma","ma",1,23,"or-ma","or",23,0,0,1,"cama","orma"
587,"re","re-ra","ra",1,11,"ta-ra","ta",11,0,0,1,"camarera","camatara"
939,"mi","mi-ón","ón",1,1,"ib-ón","ib",1,0,0,1,"camión","caibón"
805,"mi","mi-on","on",1,6,"mi-ma","ma",6,0,0,1,"camioneta","camimaeta"
218,"mp","mp-eo","eo",1,6,"mp-ul","ul",6,0,0,1,"campeonato","campulnato"
705,"mp","mp-in","in",1,6,"mp-eo","eo",6,0,0,1,"cámping","cámpeog"
66,"de","de- b"," b",1,1,"de-yo","yo",1,0,0,1,"campo de batalla","campo deyoatalla"
959,"first_blank","first_blank-cá","cá",1,59,"first_blank-ai","ai",59,0,0,1,"cáncer","aincer"
36,"ca","ca-nc","nc",1,32,"ca-ta","ta",32,0,0,1,"canción","cataión"
157,"ca","ca-pa","pa",1,30,"ca-mb","mb",31,1,0,1,"capacidad","cambcidad"
459,"ll","ll-a","a",1,161,"in-a","in",161,0,0,1,"capilla","capiina"
47,"li","li-sm","sm",1,22,"li-ca","ca",22,0,0,1,"capitalismo","capitalicao"
209,"pi","pi-tá","tá",1,2,"pi-xi","xi",2,0,0,1,"capitán","capixin"
639,"en","en-al","al",1,5,"en-ed","ed",5,0,0,1,"cardenal","cardened"
163,"rg","rg-a","a",1,14,"un-a","un",14,0,0,1,"carga","cauna"
182,"ca","ca-rn","rn",1,28,"ca-lo","lo",28,0,0,1,"carne","caloe"
144,"et","et-er","er",1,36,"ch-er","ch",36,0,0,1,"carretera","carrchera"
552,"el","el-last_blank","last_blank",1,172,"ir-last_blank","ir",171,1,0,1,"cartel","cartir"
961,"casa","casa-do","do",2,1,"yuna-do","yuna",1,0,0,1,"casado","yunado"
267," n"," n-un","un",1,1,"he-un","he",1,0,0,1,"casi nunca","casiheunca"
672,"ca","ca-st","st",1,48,"ca-rd","rd",47,1,0,1,"castillo","cardillo"
951,"ce","ce-bo","bo",1,7,"ce-ni","ni",7,0,0,1,"cebo","ceni"
35,"ce","ce-bo","bo",1,7,"ce-se","se",7,0,0,1,"cebolla","cesella"
189,"st","st-ia","ia",1,24,"mb-ia","mb",24,0,0,1,"celestial","celembial"
958,"ce","ce-me","me",1,8,"ce-sa","sa",8,0,0,1,"cementerio","cesanterio"
590,"en","en-ar","ar",1,12,"ab-ar","ab",12,0,0,1,"centenar","centabar"
591,"nt","nt-ím","ím",1,2,"cr-ím","cr",2,0,0,1,"centímetro","cecrímetro"
968,"ce","ce-rd","rd",1,12,"ce-lo","lo",11,1,0,1,"cerdo","celoo"
183,"br","br-al","al",1,6,"ug-al","ug",6,0,0,1,"cerebral","cereugal"
822,"mo","mo-ni","ni",1,35,"te-ni","te",34,1,0,1,"ceremonia","ceretenia"
112,"cerra","cerra-do","do",2,1,"solla-do","solla",1,0,0,2,"cerrado","sollado"
6,"rr","rr-ar","ar",1,21,"rr-id","id",21,0,0,1,"cerrar","cerrid"
541,"ar","ar- c"," c",1,1,"ar-ía","ía",1,0,0,1,"cerrar con llave","cerraríaon llave"
103,"ce","ce-rv","rv",1,10,"ce-ta","ta",10,0,0,1,"cerveza","cetaeza"
988,"am","am-pá","pá",1,1,"am-mo","mo",1,0,0,1,"champán","chammon"
879,"ta","ta-je","je",1,14,"de-je","de",14,0,0,1,"chantaje","chandeje"
145,"ch","ch-aq","aq",1,4,"ch-um","um",4,0,0,1,"chaqueta","chumueta"
625,"first_blank","first_blank-chi","chi",2,4,"first_blank-aco","aco",4,0,0,1,"chico","acoco"
90,"ol","ol-at","at",1,8,"id-at","id",8,0,0,1,"chocolate","chocidate"
915,"iz","iz-last_blank","last_blank",1,21,"dí-last_blank","dí",21,0,0,1,"cicatriz","cicatrdí"
919,"first_blank","first_blank-ci","ci",1,256,"first_blank-ge","ge",254,2,0,1,"ciencia","geencia"
411,"first_blank","first_blank-científi","científi",2,4,"first_blank-contagio","contagio",4,0,0,3,"científico","contagioco"
55,"er","er-re","re",1,25,"ca-re","ca",25,0,0,1,"cierre","cicare"
908,"ci","ci-ga","ga",1,10,"in-ga","in",10,0,0,1,"cigarrillo","ingarrillo"
454,"ci","ci-ga","ga",1,10,"ci-bl","bl",10,0,0,1,"cigarro","ciblrro"
479,"first_blank","first_blank-cíni","cíni",2,3,"first_blank-mari","mari",3,0,0,1,"cínico","marico"
999,"rc","rc-o","o",1,11,"ti-o","ti",11,0,0,1,"circo","citio"
399,"ru","ru-gí","gí",1,3,"ru-ti","ti",3,0,0,1,"cirugía","cirutia"
158,"ci","ci-ud","ud",1,8,"rj-ud","rj",8,0,0,1,"ciudad","rjudad"
261,"first_blank","first_blank-civiliza","civiliza",2,6,"first_blank-disgusta","disgusta",6,0,0,4,"civilización","disgustación"
937,"first_blank","first_blank-clási","clási",2,4,"first_blank-clona","clona",4,0,0,1,"clásico","clonaco"
203,"av","av-e","e",1,15,"im-e","im",15,0,0,1,"clave","clime"
668,"cl","cl-ie","ie",1,6,"sh-ie","sh",6,0,0,1,"cliente","shiente"
447,"first_blank","first_blank-clíni","clíni",2,4,"first_blank-casti","casti",4,0,0,1,"clínica","castica"
606,"first_blank","first_blank-coarta","coarta",2,2,"first_blank-portea","portea",2,0,0,1,"coartada","porteada"
975,"co","co-ch","ch",1,17,"in-ch","in",17,0,0,1,"coche","inche"
445,"ci","ci-na","na",1,24,"ci-li","li",24,0,0,1,"cocina","cocili"
202,"co","co-ci","ci",1,23,"co-ma","ma",23,0,0,1,"cocinero","comanero"
349,"fr","fr-e","e",1,4,"zi-e","zi",4,0,0,1,"cofre","cozie"
664,"ps","ps-o","o",1,4,"zi-o","zi",4,0,0,1,"colapso","colazio"
198,"gi","gi-o","o",1,17,"ej-o","ej",17,0,0,1,"colegio","coleejo"
51,"co","co-ll","ll",1,22,"ni-ll","ni",22,0,0,1,"collar","nillar"
147,"at","at-ie","ie",1,13,"mp-ie","mp",13,0,0,1,"combatiente","combmpiente"
40,"me","me-last_blank","last_blank",1,820,"er-last_blank","er",854,34,0,1,"come","coer"
302,"di","di-a","a",1,35,"am-a","am",34,1,0,1,"comedia","comeama"
213,"ia","ia-nt","nt",1,18,"ro-nt","ro",18,0,0,1,"comerciante","comercronte"
114,"mi","mi-da","da",1,36,"ra-da","ra",37,1,0,1,"comida","corada"
215,"mi","mi-té","té",1,5,"mi-as","as",5,0,0,1,"comité","comias"
667,"mp","mp-as","as",1,11,"lt-as","lt",11,0,0,1,"compasión","coltasión"
8,"first_blank","first_blank-completa","completa",2,12,"first_blank-contacta","contacta",12,0,0,2,"completamente","contactamente"
947,"mp","mp-le","le",1,46,"el-le","el",46,0,0,1,"completo","coelleto"
977,"compra","compra-dor","dor",2,1,"atasca-dor","atasca",1,0,0,3,"comprador","atascador"
263,"re","re-nd","nd",1,144,"co-nd","co",143,1,0,1,"comprender","compconder"
885,"ut","ut-ad","ad",1,6,"ro-ad","ro",6,0,0,1,"computadora","comproadora"
619,"comunica","comunica-ción","ción",2,1,"sintegra-ción","sintegra",1,0,0,5,"comunicación","sintegración"
883,"mu","mu-ni","ni",1,33,"mu-lt","lt",33,0,0,1,"comunidad","comultdad"
775,"mu","mu-ni","ni",1,33,"mu-lt","lt",33,0,0,1,"comunista","comultsta"
3,"co","co-n ","n ",1,1,"co-fo","fo",1,0,0,1,"con frecuencia","cofofrecuencia"
830,"co","co-ña","ña",1,4,"de-ña","de",4,0,0,1,"coñac","deñac"
321,"first_blank","first_blank-concentra","concentra",2,15,"first_blank-comprende","comprende",10,5,0,4,"concentrado","comprendedo"
362,"rt","rt-o","o",1,31,"az-o","az",31,0,0,1,"concierto","concieazo"
99,"first_blank","first_blank-conde","conde",2,1,"first_blank-lence","lence",1,0,0,1,"condesa","lencesa"
685,"to","to-r","r",1,56,"ma-r","ma",56,0,0,1,"conductor","conducmar"
1000,"ne","ne-jo","jo",1,4,"ne-va","va",4,0,0,1,"conejo","coneva"
234,"xi","xi-ón","ón",1,2,"az-ón","az",2,0,0,1,"conexión","coneazón"
858,"nf","nf-er","er",1,7,"ub-er","ub",7,0,0,1,"conferencia","couberencia"
19,"nf","nf-es","es",1,13,"nf-ia","ia",13,0,0,1,"confesar","confiaar"
811,"nf","nf-ia","ia",1,13,"nf-es","es",13,0,0,1,"confianza","confesnza"
227,"nf","nf-ir","ir",1,13,"nf-es","es",13,0,0,1,"confirmar","confesmar"
155,"nf","nf-us","us",1,5,"nf-ig","ig",5,0,0,1,"confusión","configión"
274,"el","el-ar","ar",1,9,"el-ig","ig",9,0,0,1,"congelar","congelig"
365,"ci","ci-mi","mi",1,30,"ci-ll","ll",30,0,0,1,"conocimiento","conocillento"
870,"first_blank","first_blank-constante","constante",2,1,"first_blank-construye","construye",1,0,0,1,"constantemente","construyemente"
529,"ns","ns-ti","ti",1,14,"ns-at","at",14,0,0,1,"constitución","consattución"
233,"tr","tr-ui","ui",1,35,"tr-om","om",35,0,0,1,"construir","constromr"
237,"en","en-id","id",1,28,"en-si","si",28,0,0,1,"contenido","contensio"
844,"to","to-last_blank","last_blank",1,761,"en-last_blank","en",757,4,0,1,"contento","contenen"
654,"first_blank","first_blank-contra","contra",2,8,"first_blank-colgar","colgar",8,0,0,1,"contrario","colgarrio"
241,"en","en-io","io",1,3,"en-cá","cá",3,0,0,1,"convenio","convencá"
656,"nv","nv-en","en",1,58,"rt-en","rt",60,2,0,1,"convento","cortento"
660,"pi","pi-ar","ar",1,7,"pi-ro","ro",7,0,0,1,"copiar","copiro"
963,"rb","rb-at","at",1,6,"ng-at","ng",6,0,0,1,"corbata","congata"
410,"co","co-ro","ro",1,14,"hi-ro","hi",14,0,0,1,"coronel","hironel"
313,"first_blank","first_blank-corpora","corpora",2,2,"first_blank-carbura","carbura",2,0,0,1,"corporación","carburación"
472,"rr","rr-ec","ec",1,22,"rr-as","as",22,0,0,1,"correcto","corrasto"
515,"rt","rt-e","e",1,112,"om-e","om",110,2,0,1,"corte","coome"
720,"co","co-st","st",1,34,"co-mu","mu",35,1,0,1,"costa","comua"
451,"cr","cr-án","án",1,2,"cr-ío","ío",2,0,0,1,"cráneo","críoeo"
463,"ea","ea-ti","ti",1,13,"ir-ti","ir",13,0,0,1,"creatividad","crirtividad"
226,"ee","ee-r","r",1,13,"no-r","no",13,0,0,1,"creer","crnor"
626,"first_blank","first_blank-cria","cria",2,14,"first_blank-anda","anda",14,0,0,1,"criada","andada"
603,"ia","ia-tu","tu",1,5,"ia-rc","rc",5,0,0,1,"criatura","criarcra"
687,"im","im-en","en",1,52,"pr-en","pr",51,1,0,1,"crimen","crpren"
878,"is","is-is","is",1,10,"pa-is","pa",10,0,0,1,"crisis","crpais"
172,"ti","ti-an","an",1,14,"at-an","at",14,0,0,1,"cristiano","crisatano"
126,"ue","ue-l","l",1,4,"ka-l","ka",4,0,0,1,"cruel","crkal"
556,"ld","ld-ad","ad",1,9,"bl-ad","bl",9,0,0,1,"crueldad","crueblad"
300,"cu","cu-at","at",1,9,"cu-me","me",9,0,0,1,"cuatro","cumero"
336,"ch","ch-il","il",1,41,"ch-es","es",41,0,0,1,"cuchillo","cucheslo"
407,"el","el-lo","lo",1,16,"pi-lo","pi",16,0,0,1,"cuello","cupilo"
135,"cu","cu-er","er",1,27,"cu-ad","ad",27,0,0,1,"cuerda","cuadda"
484,"lp","lp-ab","ab",1,4,"ot-ab","ot",4,0,0,1,"culpable","cuotable"
52,"le","le-añ","añ",1,3,"le-tó","tó",3,0,0,1,"cumpleaños","cumpletóos"
790,"cu","cu-ra","ra",1,27,"cu-er","er",27,0,0,1,"curar","cuerr"
92,"da","da-nz","nz",1,14,"go-nz","go",14,0,0,1,"danza","gonza"
646,"first_blank","first_blank-da","da",1,362,"first_blank-pu","pu",355,7,0,1,"dar","pur"
786,"de","de- v"," v",1,1,"de-ct","ct",1,0,0,1,"de verdad","decterdad"
813,"de","de-be","be",1,16,"al-be","al",16,0,0,1,"deber","alber"
397,"bi","bi-l","l",1,11,"te-l","te",11,0,0,1,"débil","détel"
872,"first_blank","first_blank-déca","déca",2,2,"first_blank-rema","rema",2,0,0,1,"década","remada"
893,"de","de-ce","ce",1,56,"de-vo","vo",56,0,0,1,"decepción","devopción"
269,"ci","ci-r","r",1,9,"bo-r","bo",9,0,0,1,"decir","debor"
212,"first_blank","first_blank-declara","declara",2,17,"first_blank-rechaza","rechaza",17,0,0,1,"declaración","rechazación"
760,"de","de-fe","fe",1,47,"de-nt","nt",47,0,0,1,"defender","dentnder"
221,"first_blank","first_blank-defini","defini",2,3,"first_blank-degene","degene",3,0,0,1,"definición","degeneción"
696,"de","de-ja","ja",1,28,"de-sl","sl",28,0,0,1,"dejar","deslr"
835,"first_blank","first_blank-delicio","delicio",2,5,"first_blank-aplicar","aplicar",5,0,0,2,"delicioso","aplicarso"
514,"li","li-nc","nc",1,12,"li-os","os",12,0,0,1,"delincuente","deliosuente"
531,"mo","mo-cr","cr",1,4,"mo-tt","tt",4,0,0,1,"democracia","demottacia"
50,"ni","ni-o","o",1,24,"es-o","es",24,0,0,1,"demonio","demoeso"
762,"first_blank","first_blank-demostra","demostra",2,17,"first_blank-arrastra","arrastra",17,0,0,2,"demostración","arrastración"
169,"de","de-pa","pa",1,8,"as-pa","as",8,0,0,1,"departamento","aspartamento"
686,"de","de-po","po",1,26,"de-re","re",26,0,0,1,"deporte","dererte"
741,"first_blank","first_blank-depreda","depreda",2,4,"first_blank-depende","depende",4,0,0,1,"depredador","dependedor"
351,"de","de-pr","pr",1,29,"de-vu","vu",29,0,0,1,"depresión","devuesión"
642,"fío","fío-last_blank","last_blank",3,1,"moró-last_blank","moró",1,0,1,1,"desafío","desamoró"
471,"agradable","agradable-last_blank","last_blank",2,1,"igualable-last_blank","igualable",1,0,0,1,"desagradable","desigualable"
608,"aparición","aparición-last_blank","last_blank",2,1,"inserción-last_blank","inserción",1,0,0,3,"desaparición","desinserción"
755,"rrollo","rrollo-last_blank","last_blank",3,1,"reando-last_blank","reando",1,0,0,1,"desarrollo","desareando"
179,"sa","sa-yuno","yuno",3,1,"sa-rían","rían",1,0,0,1,"desayuno","desarían"
56,"an","an-so","so",1,6,"ga-so","ga",6,0,0,1,"descanso","descgaso"
53,"oc","oc-id","id",1,7,"oc-hi","hi",7,0,0,1,"desconocido","desconochio"
693,"ri","ri-pc","pc",1,11,"ri-va","va",11,0,0,1,"descripción","descrivaión"
279,"seo","seo-last_blank","last_blank",2,1,"kie-last_blank","kie",1,0,0,1,"deseo","dekie"
280,"sg","sg-ra","ra",1,3,"gí-ra","gí",3,0,0,1,"desgracia","degíracia"
282,"de","de-sn","sn",1,25,"de-po","po",26,1,0,1,"desnudo","depoudo"
809,"sp","sp-id","id",1,22,"sp-la","la",22,0,0,1,"despido","desplao"
284,"in","in-o","o",1,92,"rl-o","rl",95,3,0,1,"destino","destrlo"
252,"ru","ru-cc","cc",1,7,"ru-be","be",7,0,0,1,"destrucción","destrubeión"
27,"iv","iv-e","e",1,17,"ri-e","ri",18,1,0,1,"detective","detectrie"
355,"ne","ne-r","r",1,57,"to-r","to",56,1,0,1,"detener","detetor"
245,"first_blank","first_blank-determina","determina",2,11,"first_blank-cuestiona","cuestiona",11,0,0,4,"determinación","cuestionación"
380,"vo","vo-ci","ci",1,3,"ya-ci","ya",3,0,0,1,"devoción","deyación"
707,"bu","bu-ja","ja",1,8,"bu-ff","ff",8,0,0,1,"dibujar","dibuffr"
634,"ci","ci-em","em",1,2,"ci-zo","zo",2,0,0,1,"diciembre","dicizobre"
199,"di","di-en","en",1,55,"tr-en","tr",55,0,0,1,"diente","trente"
875,"fe","fe-re","re",1,24,"sc-re","sc",24,0,0,1,"diferente","discrente"
658,"gn","gn-id","id",1,2,"eñ-id","eñ",2,0,0,1,"dignidad","dieñidad"
729,"di","di-na","na",1,17,"di-fu","fu",17,0,0,1,"dinamita","difumita"
291,"di","di-ne","ne",1,18,"mo-ne","mo",18,0,0,1,"dinero","monero"
294,"first_blank","first_blank-directa","directa",2,1,"first_blank-dirigía","dirigía",1,0,0,1,"directamente","dirigíamente"
754,"re","re-ct","ct",1,36,"re-ll","ll",36,0,0,1,"director","direllor"
244,"sc","sc-us","us",1,5,"mp-us","mp",5,0,0,1,"discusión","dimpusión"
295,"ar","ar-o","o",1,25,"ni-o","ni",24,1,0,1,"disparo","dispnio"
185,"os","os-it","it",1,15,"os-pe","pe",15,0,0,1,"dispositivo","dispospeivo"
228,"ut","ut-a","a",1,19,"te-a","te",19,0,0,1,"disputa","disptea"
223,"st","st-ri","ri",1,79,"st-ar","ar",77,2,0,1,"distrito","distarto"
962,"vi","vi-si","si",1,42,"vi-ll","ll",42,0,0,1,"división","divillón"
364,"cu","cu-me","me",1,9,"an-me","an",9,0,0,1,"documento","doanmento"
532,"first_blank","first_blank-dó","dó",1,7,"first_blank-lm","lm",7,0,0,1,"dólar","lmlar"
901,"lo","lo-r","r",1,8,"bi-r","bi",8,0,0,1,"dolor","dobir"
834,"mi","mi-ng","ng",1,16,"mi-to","to",16,0,0,1,"domingo","domitoo"
164,"first_blank","first_blank-dona","dona",2,14,"first_blank-debe","debe",14,0,0,1,"donación","debeción"
276,"rm","rm-ir","ir",1,15,"nv-ir","nv",15,0,0,1,"dormir","donvir"
37,"og","og-a","a",1,6,"tú-a","tú",6,0,0,1,"droga","drtúa"
485,"du","du-eñ","eñ",1,4,"il-eñ","il",4,0,0,1,"dueño","ileño"
289,"du","du-ro","ro",1,8,"fe-ro","fe",8,0,0,1,"duro","fero"
944,"ed","ed-if","if",1,4,"ns-if","ns",4,0,0,1,"edificio","nsificio"
839,"first_blank","first_blank-educa","educa",2,10,"first_blank-dicta","dicta",10,0,0,1,"educación","dictación"
475,"first_blank","first_blank-ef","ef",1,37,"first_blank-zu","zu",37,0,0,1,"efecto","zuecto"
967,"ef","ef-ic","ic",1,6,"pr-ic","pr",6,0,0,1,"eficaz","pricaz"
930,"oí","oí-st","st",1,3,"tá-st","tá",3,0,0,1,"egoísta","egtásta"
206,"uc","uc-ió","ió",1,14,"ns-ió","ns",14,0,0,1,"ejecución","ejecnsión"
736,"first_blank","first_blank-ej","ej",1,52,"first_blank-pá","pá",52,0,0,1,"ejercicio","páercicio"
523,"ér","ér-ci","ci",1,2,"pó-ci","pó",2,0,0,1,"ejército","ejpócito"
613,"ar","ar-az","az",1,2,"ar-ya","ya",2,0,0,1,"el embarazo","el embaryao"
178,"ico","ico-last_blank","last_blank",2,1,"ate-last_blank","ate",1,0,0,1,"el plastico","el plastate"
146,"ec","ec-ci","ci",1,52,"ec-er","er",52,0,0,1,"elección","elecerón"
14,"ic","ic-id","id",1,30,"br-id","br",30,0,0,1,"electricidad","electrbridad"
554,"eléctri","eléctri-co","co",2,1,"alámbri-co","alámbri",1,0,0,2,"eléctrico","alámbrico"
265,"eg","eg-an","an",1,23,"re-an","re",23,0,0,1,"elegante","elreante"
373,"em","em-en","en",1,42,"fr-en","fr",42,0,0,1,"elemento","elfrento"
93,"eleva","eleva-do","do",2,1,"huesa-do","huesa",1,0,0,1,"elevado","huesado"
954,"rc","rc-ac","ac",1,1,"sm-ac","sm",1,0,0,1,"embarcacion","embasmacion"
966,"em","em-er","er",1,18,"em-oc","oc",18,0,0,1,"emergencia","emocgencia"
659,"first_blank","first_blank-emociona","emociona",2,8,"first_blank-eliminar","eliminar",8,0,0,3,"emocionado","eliminardo"
580,"em","em-oc","oc",1,18,"em-er","er",18,0,0,1,"emocional","emerional"
464,"first_blank","first_blank-empe","empe",3,2,"first_blank-puña","puña",2,0,0,1,"emperador","puñarador"
593,"first_blank","first_blank-empresa","empresa",2,5,"first_blank-estrena","estrena",5,0,0,1,"empresario","estrenario"
396,"terior","terior-last_blank","last_blank",2,1,"sertar-last_blank","sertar",1,0,0,1,"en el interior","en el insertar"
28,"first_blank","first_blank-encanta","encanta",2,17,"first_blank-arranca","arranca",17,0,0,2,"encantador","arrancador"
130,"en","en-co","co",1,56,"en-da","da",61,5,0,1,"encontrar","endantrar"
319,"gí","gí-a","a",1,11,"lg-a","lg",11,0,0,1,"energía","enerlga"
176,"enfada","enfada-do","do",2,1,"ampara-do","ampara",1,0,0,2,"enfadado","amparado"
422,"rm","rm-ed","ed",1,6,"og-ed","og",6,0,0,1,"enfermedad","enfeogedad"
320,"rm","rm-o","o",1,8,"si-o","si",8,0,0,1,"enfermo","enfesio"
419,"or","or-me","me",1,27,"ta-me","ta",27,0,0,1,"enorme","entame"
892,"first_blank","first_blank-ensala","ensala",2,2,"first_blank-pensas","pensas",2,0,0,1,"ensalada","pensasda"
60,"ña","ña-r","r",1,13,"no-r","no",13,0,0,1,"enseñar","ensenor"
173,"rr","rr-ar","ar",1,21,"rr-id","id",21,0,0,1,"enterrar","enterrid"
836,"entra","entra-da","da",2,2,"rroga-da","rroga",1,1,0,2,"entrada","rrogada"
949,"vi","vi-ar","ar",1,5,"añ-ar","añ",5,0,0,1,"enviar","enañar"
713,"id","id-em","em",1,3,"sm-em","sm",3,0,0,1,"epidemia","epsmemia"
864,"first_blank","first_blank-ep","ep",1,40,"first_blank-aq","aq",40,0,0,1,"episodio","aqisodio"
327,"ui","ui-pa","pa",1,6,"ui-ci","ci",6,0,0,1,"equipar","equicir"
534,"ui","ui-po","po",1,2,"lu-po","lu",2,0,0,1,"equipo","eqlupo"
657,"er","er-ec","ec",1,8,"er-al","al",8,0,0,1,"erección","eralción"
328,"ro","ro-r","r",1,3,"ya-r","ya",3,0,0,1,"error","eryar"
186,"es","es-cá","cá",1,7,"es-er","er",7,0,0,1,"escándalo","eserndalo"
452,"pa","pa-r","r",1,18,"ri-r","ri",17,1,0,1,"escapar","escarir"
257,"co","co-nd","nd",1,143,"re-nd","re",144,1,0,1,"esconder","esrender"
522,"ib","ib-e","e",1,7,"lt-e","lt",7,0,0,1,"escribe","escrlte"
530,"first_blank","first_blank-escribien","escribien",2,2,"first_blank-descubrie","descubrie",2,0,0,3,"escribiendo","descubriedo"
726,"es","es-cr","cr",1,81,"es-en","en",81,0,0,1,"escritor","esenitor"
334,"cu","cu-ch","ch",1,49,"cu-mp","mp",48,1,0,1,"escuchar","escumpar"
518,"et","et-is","is",1,6,"et-ec","ec",6,0,0,1,"espaguetis","espaguetec"
367,"pe","pe-ci","ci",1,23,"co-ci","co",23,0,0,1,"especialista","escocialista"
860,"ct","ct-ac","ac",1,3,"be-ac","be",3,0,0,1,"espectacular","espebeacular"
792,"pe","pe-jo","jo",1,4,"pe-gu","gu",4,0,0,1,"espejo","espegu"
79,"lu","lu-zn","zn",1,2,"lu-ti","ti",2,0,0,1,"espeluznante","espelutiante"
41,"pí","pí-ri","ri",1,2,"hu-ri","hu",2,0,0,1,"espíritu","eshuritu"
345,"first_blank","first_blank-espo","espo",2,4,"first_blank-sena","sena",4,0,0,1,"esposa","senasa"
718,"first_blank","first_blank-esta","esta",2,29,"first_blank-paga","paga",29,0,0,1,"estación","pagación"
377,"esta","esta-do","do",2,1,"alma-do","alma",1,0,0,1,"estado","almado"
604,"tu","tu-a","a",1,5,"xi-a","xi",5,0,0,1,"estatua","estaxia"
645,"te","te-last_blank","last_blank",2,2298,"te-rrumpiendo","rrumpiendo",1,2297,0,8,"este","esterrumpiendo"
821,"ti","ti-lo","lo",1,5,"ti-di","di",5,0,0,1,"estilo","estidi"
714,"at","at-eg","eg",1,4,"at-ti","ti",4,0,0,1,"estrategia","estrattiia"
175,"tr","tr-el","el",1,27,"tr-ag","ag",26,1,0,1,"estrella","estragla"
708,"uc","uc-tu","tu",1,8,"uc-ar","ar",8,0,0,1,"estructura","estrucarra"
499,"tu","tu-di","di",1,18,"pi-di","pi",18,0,0,1,"estudio","espidio"
359,"tu","tu-pe","pe",1,8,"co-pe","co",8,0,0,1,"estupendo","escopendo"
545,"tu","tu-pi","pi",1,8,"la-pi","la",8,0,0,1,"estupidez","eslapidez"
480,"tú","tú-pi","pi",1,4,"sa-pi","sa",4,0,0,1,"estúpido","essapido"
641,"first_blank","first_blank-evalua","evalua",2,9,"first_blank-escala","escala",9,0,0,1,"evaluación","escalación"
379,"ev","ev-en","en",1,36,"in-en","in",36,0,0,1,"evento","inento"
897,"gerar","gerar-last_blank","last_blank",2,1,"moran-last_blank","moran",1,0,0,1,"exagerar","examoran"
692,"first_blank","first_blank-excu","excu",2,2,"first_blank-duca","duca",2,0,0,1,"excusa","ducasa"
927,"pl","pl-os","os",1,11,"eg-os","eg",11,0,0,1,"explosión","exegosión"
118,"pl","pl-os","os",1,11,"eg-os","eg",11,0,0,1,"explosivo","exegosivo"
369,"pl","pl-ot","ot",1,11,"ag-ot","ag",11,0,0,1,"explotar","exagotar"
402,"si","si-ci","ci",1,28,"si-de","de",28,0,0,1,"exposición","exposideón"
495,"ex","ex-te","te",1,36,"ca-te","ca",36,0,0,1,"externo","caterno"
780,"añ","añ-o","o",1,7,"ce-o","ce",7,0,0,1,"extraño","extrceo"
665,"er","er-re","re",1,25,"ca-re","ca",25,0,0,1,"extraterrestre","extratcarestre"
260,"em","em-o","o",1,4,"ps-o","ps",4,0,0,1,"extremo","extrpso"
466,"fá","fá-ci","ci",1,2,"nu-ci","nu",2,0,0,1,"fácil","nucil"
363,"fa","fa-ll","ll",1,35,"we-ll","we",35,0,0,1,"falla","wella"
375,"ls","ls-o","o",1,9,"nz-o","nz",9,0,0,1,"falso","fanzo"
196,"fa","fa-mi","mi",1,8,"fa-nf","nf",8,0,0,1,"familia","fanflia"
730,"first_blank","first_blank-famo","famo",2,4,"first_blank-raja","raja",4,0,0,1,"famoso","rajaso"
785,"as","as-ía","ía",1,2,"un-ía","un",2,0,0,1,"fantasía","fantunía"
566,"first_blank","first_blank-fantásti","fantásti",2,4,"first_blank-fastidio","fastidio",4,0,0,3,"fantástico","fastidioco"
605,"fa","fa-ta","ta",1,7,"fa-ld","ld",7,0,0,1,"fatal","faldl"
248,"fa","fa-x","x",1,3,"to-x","to",3,0,0,1,"fax","tox"
340,"fe","fe-last_blank","last_blank",1,22,"mó-last_blank","mó",22,0,0,1,"fe","mó"
208,"first_blank","first_blank-federa","federa",2,1,"first_blank-aldeba","aldeba",1,0,0,1,"federación","aldebación"
24,"fe","fe-o","o",1,3,"uc-o","uc",3,0,0,1,"feo","uco"
166,"iv","iv-al","al",1,4,"rb-al","rb",4,0,0,1,"festival","festrbal"
945,"fi","fi-eb","eb",1,2,"fi-jo","jo",2,0,0,1,"fiebre","fijore"
519,"el","el-last_blank","last_blank",1,172,"ir-last_blank","ir",171,1,0,1,"fiel","fiir"
620,"fi","fi-es","es",1,14,"fi-gu","gu",14,0,0,1,"fiesta","figuta"
382,"fi","fi-na","na",1,39,"fi-ci","ci",39,0,0,1,"finalizar","ficilizar"
384,"first_blank","first_blank-final","final",2,1,"first_blank-insul","insul",1,0,0,1,"finalmente","insulmente"
385,"first_blank","first_blank-financia","financia",2,10,"first_blank-denuncia","denuncia",10,0,0,1,"financiación","denunciación"
95,"fi","fi-na","na",1,39,"fi-ci","ci",39,0,0,1,"financiero","ficinciero"
856,"rm","rm-a","a",1,17,"mí-a","mí",17,0,0,1,"firma","fimía"
390,"rm","rm-ar","ar",1,10,"di-ar","di",10,0,0,1,"firmar","fidiar"
7,"sc","sc-al","al",1,24,"sc-re","re",24,0,0,1,"fiscal","fiscre"
866,"first_blank","first_blank-físi","físi",2,4,"first_blank-obli","obli",4,0,0,1,"físico","oblico"
717,"first_blank","first_blank-fl","fl",1,246,"first_blank-ni","ni",247,1,0,1,"flor","nior"
618,"fl","fl-ot","ot",1,12,"fl-an","an",12,0,0,1,"flota","flana"
191,"fo","fo-nd","nd",1,6,"fo-rg","rg",6,0,0,1,"fondo","forgo"
744,"fo","fo-nd","nd",1,6,"ki-nd","ki",6,0,0,1,"fondos","kindos"
462,"fo","fo-to","to",1,20,"la-to","la",19,1,0,1,"foto","lato"
85,"first_blank","first_blank-fotó","fotó",2,3,"first_blank-fiar","fiar",3,0,0,1,"fotógrafo","fiargrafo"
984,"fr","fr-ac","ac",1,23,"fr-es","es",23,0,0,1,"fracaso","fresaso"
481,"an","an-cé","cé",1,2,"an-aj","aj",2,0,0,1,"francés","franajs"
938,"first_blank","first_blank-francotira","francotira",2,3,"first_blank-traumatiza","traumatiza",3,0,0,3,"francotirador","traumatizador"
288,"first_blank","first_blank-fra","fra",2,2,"first_blank-oís","oís",2,0,0,1,"frase","oísse"
232,"au","au-de","de",1,9,"ja-de","ja",9,0,0,1,"fraude","frjade"
719,"first_blank","first_blank-fre","fre",2,2,"first_blank-sur","sur",2,0,0,1,"fresa","sursa"
139,"fr","fr-io","io",1,4,"fr-eu","eu",4,0,0,1,"frio","freu"
140,"ío","ío-last_blank","last_blank",1,22,"mó-last_blank","mó",22,0,0,1,"frío","frmó"
563,"fr","fr-ut","ut",1,10,"it-ut","it",10,0,0,1,"fruta","ituta"
393,"fu","fu-eg","eg",1,2,"fu-ka","ka",2,0,0,1,"fuego","fukao"
388,"first_blank","first_blank-fuerte","fuerte",2,1,"first_blank-guarre","guarre",1,0,0,1,"fuertemente","guarremente"
398,"za","za-last_blank","last_blank",1,158,"de-last_blank","de",158,0,0,1,"fuerza","fuerde"
793,"gi","gi-ti","ti",1,8,"al-ti","al",8,0,0,1,"fugitivo","fualtivo"
650,"fu","fu-nc","nc",1,18,"vi-nc","vi",18,0,0,1,"funcional","vincional"
77,"fu","fu-ne","ne",1,5,"gi-ne","gi",5,0,0,1,"funeral","gineral"
322,"fu","fu-ri","ri",1,5,"ed-ri","ed",5,0,0,1,"furia","edria"
94,"first_blank","first_blank-fú","fú",1,5,"first_blank-km","km",5,0,0,1,"fútbol","kmtbol"
965,"la","la-xi","xi",1,2,"la-pe","pe",2,0,0,1,"galaxia","galapea"
690,"gana","gana-dor","dor",2,1,"tiva-dor","tiva",1,0,0,1,"ganador","tivador"
404,"ga","ga-na","na",1,21,"an-na","an",21,0,0,1,"ganar","annar"
911,"ga","ga-ra","ra",1,27,"cu-ra","cu",27,0,0,1,"garaje","curaje"
408,"ga","ga-so","so",1,6,"ga-ñá","ñá",6,0,0,1,"gasolina","gañálina"
283,"ga","ga-st","st",1,21,"ne-st","ne",21,0,0,1,"gastar","nestar"
697,"ga","ga-to","to",1,17,"ep-to","ep",17,0,0,1,"gato","epto"
528,"ga","ga-y","y",1,1,"oe-y","oe",1,0,0,1,"gay","oey"
617,"first_blank","first_blank-general","general",2,1,"first_blank-mejoras","mejoras",1,0,0,2,"generalmente","mejorasmente"
217,"first_blank","first_blank-genero","genero",2,5,"first_blank-temera","temera",5,0,0,1,"generoso","temeraso"
722,"ge","ge-nt","nt",1,43,"sa-nt","sa",43,0,0,1,"gente","sante"
414,"gi","gi-ra","ra",1,16,"lo-ra","lo",16,0,0,1,"girar","lorar"
614,"ob","ob-al","al",1,2,"ct-al","ct",2,0,0,1,"global","glctal"
415,"gl","gl-or","or",1,7,"ob-or","ob",7,0,0,1,"gloria","oboria"
16,"go","go-bi","bi",1,8,"fa-bi","fa",8,0,0,1,"gobierno","fabierno"
602,"ri","ri-la","la",1,5,"ee-la","ee",5,0,0,1,"gorila","goeela"
526,"rr","rr-a","a",1,46,"ch-a","ch",46,0,0,1,"gorra","gocha"
797,"graba","graba-ción","ción",2,1,"rroga-ción","rroga",1,0,0,1,"grabación","rrogación"
29,"gr","gr-ac","ac",1,16,"gr-os","os",16,0,0,1,"gracias","grosias"
478,"first_blank","first_blank-gracio","gracio",2,5,"first_blank-grabar","grabar",5,0,0,1,"gracioso","grabarso"
293,"gradua","gradua-do","do",2,1,"humora-do","humora",1,0,0,3,"graduado","humorado"
510,"am","am-o","o",1,16,"ed-o","ed",16,0,0,1,"gramo","gredo"
533,"at","at-is","is",1,11,"wh-is","wh",11,0,0,1,"gratis","grwhis"
448,"ud","ud-last_blank","last_blank",1,29,"zó-last_blank","zó",29,0,0,1,"gratitud","gratitzó"
828,"ie","ie-go","go",1,4,"da-go","da",4,0,0,1,"griego","grdago"
271,"gr","gr-ue","ue",1,2,"at-ue","at",2,0,0,1,"grueso","atueso"
675,"up","up-o","o",1,3,"ga-o","ga",3,0,0,1,"grupo","grgao"
886,"re","re-ro","ro",1,14,"re-sb","sb",14,0,0,1,"guerrero","guerresb"
704,"it","it-ar","ar",1,28,"te-ar","te",28,0,0,1,"guitarra","gutearra"
428,"first_blank","first_blank-habita","habita",2,9,"first_blank-sangra","sangra",9,0,0,2,"habitación","sangración"
637,"a ","a -a","a",1,1,"nw-a","nw",1,0,0,1,"habla a","hablnwa"
430,"bl","bl-ar","ar",1,13,"nz-ar","nz",13,0,0,1,"hablar","hanzar"
888,"ce","ce- p"," p",1,1,"ce-fi","fi",1,0,0,1,"hace poco","hacefioco"
431,"ha","ha-ce","ce",1,33,"in-ce","in",34,1,0,1,"hacer","incer"
152,"mb","mb-ri","ri",1,14,"mb-al","al",14,0,0,1,"hambriento","hambalento"
841,"first_blank","first_blank-hamburgue","hamburgue",2,2,"first_blank-hemorrági","hemorrági",2,0,0,4,"hamburguesa","hemorrágisa"
420,"ha","ha-ri","ri",1,7,"ro-ri","ro",7,0,0,1,"harina","rorina"
44,"có","có-pt","pt",1,1,"có-rr","rr",1,0,0,1,"helicóptero","helicórrero"
434,"he","he-re","re",1,31,"ir-re","ir",31,0,0,1,"heredar","irredar"
45,"first_blank","first_blank-he","he",1,404,"first_blank-ad","ad",402,2,0,1,"hermano","adrmano"
120,"first_blank","first_blank-hermo","hermo",2,5,"first_blank-media","media",5,0,0,2,"hermosa","mediasa"
201,"ro","ro-ín","ín",1,2,"ro-co","co",2,0,0,1,"heroína","herocoa"
162,"dr","dr-óg","óg",1,2,"im-óg","im",2,0,0,1,"hidrógeno","hiimógeno"
819,"first_blank","first_blank-híga","híga",2,2,"first_blank-arca","arca",2,0,0,1,"hígado","arcado"
439,"first_blank","first_blank-hi","hi",1,328,"first_blank-ka","ka",328,0,0,1,"hijo","kajo"
905,"re","re- m"," m",1,1,"re-ís","ís",1,0,0,1,"hombre murciélago","hombreísurciélago"
520,"ne","ne-st","st",1,21,"gi-st","gi",21,0,0,1,"honestidad","hogistidad"
127,"ne","ne-st","st",1,21,"ga-st","ga",21,0,0,1,"honesto","hogasto"
750,"ho","ho-no","no",1,10,"ho-rt","rt",10,0,0,1,"honor","hortr"
5,"first_blank","first_blank-hormi","hormi",2,2,"first_blank-sonri","sonri",2,0,0,1,"hormiga","sonriga"
928,"rr","rr-ib","ib",1,15,"rr-or","or",15,0,0,1,"horrible","horrorle"
418,"hu","hu-el","el",1,15,"hu-ma","ma",15,0,0,1,"huelga","humaga"
20," d"," d-ac","ac",1,1,"lv-ac","lv",1,0,0,1,"huella dactilar","huellalvactilar"
623,"hu","hu-ev","ev",1,5,"cl-ev","cl",5,0,0,1,"huevo","clevo"
441,"ma","ma-no","no",1,41,"ma-te","te",41,0,0,1,"humano","humate"
97,"hu","hu-nd","nd",1,36,"za-nd","za",36,0,0,1,"hundir","zandir"
941,"io","io-ta","ta",1,6,"sa-ta","sa",6,0,0,1,"idiota","idsata"
290,"ri","ri-o","o",1,69,"ol-o","ol",70,1,0,1,"imperio","impeolo"
862,"an","an-ci","ci",1,54,"an-de","de",53,1,0,1,"importancia","importandea"
971,"rt","rt-an","an",1,39,"on-an","on",40,1,0,1,"importante","impoonante"
473,"po","po-te","te",1,25,"al-te","al",25,0,0,1,"impotente","imaltente"
432,"im","im-pr","pr",1,77,"re-pr","re",77,0,0,1,"impresionar","represionar"
469,"pa","pa-z","z",1,5,"nt-z","nt",5,0,0,1,"incapaz","incantz"
468,"first_blank","first_blank-increí","increí",2,2,"first_blank-incita","incita",2,0,0,1,"increíble","incitable"
768,"di","di-ca","ca",1,25,"di-mi","mi",25,0,0,1,"indicar","indimir"
698,"vi","vi-du","du",1,8,"vi-sa","sa",8,0,0,1,"individual","indivisaal"
266,"first_blank","first_blank-inesperada","inesperada",2,1,"first_blank-desesperar","desesperar",1,0,0,3,"inesperadamente","desesperarmente"
509,"in","in-fa","fa",1,18,"in-ye","ye",18,0,0,1,"infancia","inyencia"
989,"fe","fe-cc","cc",1,3,"fe-ud","ud",3,0,0,1,"infección","infeudión"
680,"fi","fi-er","er",1,18,"al-er","al",18,0,0,1,"infierno","inalerno"
264,"first_blank","first_blank-informa","informa",2,22,"first_blank-encarga","encarga",22,0,0,2,"información","encargación"
394,"in","in-fo","fo",1,30,"in-cr","cr",29,1,0,1,"informante","incrrmante"
476,"rm","rm-ar","ar",1,10,"rm-ie","ie",10,0,0,1,"informar","informie"
403,"in","in-gr","gr",1,20,"in-vo","vo",20,0,0,1,"ingreso","invoeso"
483,"in","in-ju","ju",1,11,"in-mo","mo",11,0,0,1,"injusto","inmosto"
62,"se","se-ct","ct",1,9,"se-ma","ma",9,0,0,1,"insecto","insemao"
357,"in","in-sp","sp",1,26,"in-qu","qu",26,0,0,1,"inspección","inquección"
489,"inspira","inspira-ción","ción",2,1,"sespera-ción","sespera",1,0,0,1,"inspiración","sesperación"
438,"ru","ru-me","me",1,3,"ji-me","ji",3,0,0,1,"instrumento","instjimento"
492,"te","te-li","li",1,12,"te-or","or",12,0,0,1,"inteligente","inteorgente"
759,"te","te-nc","nc",1,33,"te-mp","mp",33,0,0,1,"intención","intempión"
11,"first_blank","first_blank-intencional","intencional",2,1,"first_blank-decepcionas","decepcionas",1,0,0,3,"intencionalmente","decepcionasmente"
953,"te","te-nt","nt",1,75,"ca-nt","ca",74,1,0,1,"intento","incanto"
361,"sante","sante-last_blank","last_blank",3,1,"ocupe-last_blank","ocupe",1,0,0,1,"interesante","intereocupe"
749,"ti","ti-mi","mi",1,32,"ti-sf","sf",32,0,0,1,"intimidad","intisfdad"
700,"ín","ín-ti","ti",1,4,"di-ti","di",4,0,0,1,"íntimo","ditimo"
490,"tu","tu-ic","ic",1,3,"tu-tt","tt",3,0,0,1,"intuición","intuttión"
98,"rs","rs-or","or",1,6,"oy-or","oy",6,0,0,1,"inversor","inveoyor"
386,"ir","ir-last_blank","last_blank",1,171,"el-last_blank","el",172,1,0,1,"invertir","invertel"
159,"ig","ig-ac","ac",1,2,"ig-ne","ne",2,0,0,1,"investigacion","investigneion"
46,"first_blank","first_blank-investiga","investiga",2,20,"first_blank-participa","participa",16,4,0,5,"investigador","participador"
358,"ig","ig-ar","ar",1,9,"nc-ar","nc",9,0,0,1,"investigar","investncar"
308,"er","er-no","no",1,50,"er-ti","ti",49,1,0,1,"invierno","invierti"
301,"ye","ye-cc","cc",1,3,"lu-cc","lu",3,0,0,1,"inyección","inlucción"
482,"ir","ir-last_blank","last_blank",1,171,"án-last_blank","án",105,66,0,1,"ir","án"
500,"first_blank","first_blank-iróni","iróni",2,4,"first_blank-crono","crono",4,0,0,1,"irónico","cronoco"
501,"sa","sa-bl","bl",1,11,"sa-vi","vi",11,0,0,1,"irresponsable","irresponsavie"
247,"iz","iz-qu","qu",1,8,"ra-qu","ra",8,0,0,1,"izquierda","raquierda"
314,"ja","ja-la","la",1,18,"is-la","is",18,0,0,1,"jalar","islar"
31,"ng","ng-ui","ui",1,27,"sq-ui","sq",27,0,0,1,"jeringuilla","jerisquilla"
986,"jo","jo-ve","ve",1,8,"ue-ve","ue",8,0,0,1,"joven","ueven"
286,"jo","jo-ya","ya",1,2,"ad-ya","ad",2,0,0,1,"joya","adya"
504,"eg","eg-o","o",1,26,"iz-o","iz",26,0,0,1,"juego","juizo"
250,"ju","ju-ez","ez",1,2,"ár-ez","ár",2,0,0,1,"juez","árez"
323,"juga","juga-dor","dor",2,1,"liza-dor","liza",1,0,0,1,"jugador","lizador"
521,"ju","ju-go","go",1,2,"ju-mm","mm",2,0,0,1,"jugo","jumm"
611,"ju","ju-gu","gu",1,15,"ju-zg","zg",15,0,0,1,"juguete","juzgete"
829,"li","li-et","et",1,5,"up-et","up",5,0,0,1,"juliet","juupet"
575,"first_blank","first_blank-jú","jú",1,7,"first_blank-dd","dd",7,0,0,1,"júnior","ddnior"
506,"ju","ju-ra","ra",1,11,"so-ra","so",11,0,0,1,"juramento","soramento"
979,"st","st-ic","ic",1,33,"st-os","os",32,1,0,1,"justicia","justosia"
855,"la","la- s"," s",1,1,"la-hi","hi",1,0,0,1,"la seguridad","lahieguridad"
779,"la","la-ga","ga",1,16,"la-rm","rm",16,0,0,1,"lagarto","larmrto"
820,"la","la-go","go",1,9,"la-ug","ug",9,0,0,1,"lago","laug"
187,"me","me-r","r",1,28,"so-r","so",28,0,0,1,"lamer","lasor"
83,"os","os-ta","ta",1,11,"ji-ta","ji",11,0,0,1,"langosta","langjita"
689,"rg","rg-o","o",1,24,"ni-o","ni",24,0,0,1,"largo","lanio"
536,"va","va-r","r",1,26,"be-r","be",26,0,0,1,"lavar","laber"
461,"le","le-ga","ga",1,20,"ca-ga","ca",20,0,0,1,"legal","cagal"
181,"le","le-jo","jo",1,7,"le-ci","ci",7,0,0,1,"lejos","lecis"
239,"le","le-ón","ón",1,6,"le-mm","mm",6,0,0,1,"león","lemm"
435,"le","le-si","si",1,13,"ca-si","ca",13,0,0,1,"lesión","casión"
921,"le","le-tr","tr",1,17,"ma-tr","ma",17,0,0,1,"letra","matra"
598,"le","le-ye","ye",1,8,"le-ng","ng",8,0,0,1,"leyenda","lengnda"
230,"be","be-ra","ra",1,20,"mp-ra","mp",21,1,0,1,"liberal","limpral"
106,"br","br-o","o",1,13,"tt-o","tt",13,0,0,1,"libro","litto"
589,"lí","lí-de","de",1,2,"ór-de","ór",2,0,0,1,"líder","órder"
916,"li","li-mu","mu",1,2,"li-nf","nf",2,0,0,1,"limusina","linfsina"
306,"li","li-nd","nd",1,31,"fe-nd","fe",31,0,0,1,"lindo","fendo"
537,"lí","lí-qu","qu",1,3,"lí-ca","ca",3,0,0,1,"líquido","lícaido"
70,"ra","ra-tu","tu",1,2,"ra-zò","zò",2,0,0,1,"literatura","literazòra"
663,"lo","lo-bo","bo",1,3,"lo-de","de",3,0,0,1,"lobo","lode"
796,"ca","ca-l","l",1,13,"ie-l","ie",13,0,0,1,"local","loiel"
681,"lo","lo-co","co",1,10,"ez-co","ez",10,0,0,1,"loco","ezco"
910,"ng","ng-it","it",1,6,"at-it","at",6,0,0,1,"longitud","loatitud"
662,"lu","lu-z","z",1,3,"et-z","et",3,0,0,1,"luz","etz"
553,"ma","ma-go","go",1,8,"ur-go","ur",8,0,0,1,"mago","urgo"
558,"ma","ma-le","le",1,37,"ma-ch","ch",35,2,0,1,"maleta","machta"
108,"ma","ma-lo","lo",1,14,"af-lo","af",14,0,0,1,"malo","aflo"
679,"ma","ma-má","má",1,2,"ma-lu","lu",2,0,0,1,"mamá","malu"
559,"ña","ña-na","na",1,2,"vo-na","vo",2,0,0,1,"mañana","mavona"
119,"ue","ue-ra","ra",1,10,"ob-ra","ob",10,0,0,1,"manguera","mangobra"
242,"pu","pu-la","la",1,22,"sp-la","sp",22,0,0,1,"manipular","manisplar"
165,"nt","nt-ec","ec",1,7,"sf-ec","sf",7,0,0,1,"manteca","masfeca"
743,"en","en-er","er",1,67,"ll-er","ll",66,1,0,1,"mantener","mantller"
894,"en","en-er","er",1,67,"en-di","di",66,1,0,1,"mantenerse","mantendise"
865,"en","en-im","im",1,7,"en-na","na",7,0,0,1,"mantenimiento","mantennaiento"
125,"ma","ma-pa","pa",1,4,"ma-it","it",4,0,0,1,"mapa","mait"
64,"ma","ma-pa","pa",1,4,"ma-lé","lé",4,0,0,1,"mapache","maléche"
824,"má","má-qu","qu",1,3,"na-qu","na",3,0,0,1,"máquina","naquina"
709,"ri","ri-ne","ne",1,14,"ri-ci","ci",14,0,0,1,"marinero","mariciro"
765,"má","má-rk","rk",1,1,"te-rk","te",1,0,0,1,"márketing","terketing"
550,"rt","rt-es","es",1,31,"el-es","el",31,0,0,1,"martes","maeles"
673,"rt","rt-il","il",1,23,"ph-il","ph",23,0,0,1,"martillo","maphillo"
997,"ma","ma-sa","sa",1,25,"ma-rg","rg",25,0,0,1,"masaje","margje"
950,"ma","ma-st","st",1,35,"ma-ch","ch",35,0,0,1,"masticar","machicar"
978,"ma","ma-ta","ta",1,33,"ec-ta","ec",33,0,0,1,"matar","ectar"
389,"first_blank","first_blank-matemáti","matemáti",2,4,"first_blank-mayorita","mayorita",4,0,0,3,"matemáticas","mayoritacas"
297,"ma","ma-tr","tr",1,17,"ma-ra","ra",17,0,0,1,"matrimonio","maraimonio"
595,"xi","xi-mo","mo",1,4,"xi-ng","ng",4,0,0,1,"máximo","máxing"
838,"first_blank","first_blank-mayone","mayone",2,1,"first_blank-mangue","mangue",1,0,0,1,"mayonesa","manguesa"
918,"first_blank","first_blank-mecáni","mecáni",2,4,"first_blank-refina","refina",4,0,0,2,"mecánico","refinaco"
956,"ll","ll-a","a",1,161,"in-a","in",161,0,0,1,"medalla","medaina"
71,"da","da-ll","ll",1,12,"da-ni","ni",12,0,0,1,"medallón","medanión"
194,"first_blank","first_blank-médi","médi",2,4,"first_blank-arde","arde",4,0,0,1,"médico","ardeco"
577,"od","od-ía","ía",1,1,"od-se","se",1,0,0,1,"mediodía","mediodse"
513,"me","me-ji","ji",1,9,"me-ce","ce",9,0,0,1,"mejilla","mecella"
143,"jo","jo-ra","ra",1,13,"me-ra","me",13,0,0,1,"mejora","memera"
572,"me","me-no","no",1,25,"ta-no","ta",26,1,0,1,"menos","tanos"
23,"ns","ns-aj","aj",1,8,"ns-hi","hi",8,0,0,1,"mensaje","menshie"
581,"first_blank","first_blank-mentiro","mentiro",2,4,"first_blank-obstina","obstina",4,0,0,3,"mentiroso","obstinaso"
505," j"," j-ul","ul",1,1,"do-ul","do",1,0,0,1,"mes de julio","mes dedoulio"
715,"me","me-ta","ta",1,33,"ec-ta","ec",33,0,0,1,"metal","ectal"
511,"tr","tr-o","o",1,51,"at-o","at",52,1,0,1,"metro","meato"
211,"zc","zc-la","la",1,8,"es-la","es",8,0,0,1,"mezcla","meesla"
142,"óf","óf-on","on",1,4,"nr-on","nr",4,0,0,1,"micrófono","micrnrono"
922,"os","os-co","co",1,6,"se-co","se",6,0,0,1,"microscopio","micrsecopio"
446,"mi","mi-ed","ed",1,4,"mi-ré","ré",4,0,0,1,"miedo","miréo"
195,"mi","mi-li","li",1,22,"mi-nu","nu",22,0,0,1,"militar","minutar"
311,"er","er-io","io",1,16,"as-io","as",16,0,0,1,"ministerio","ministasio"
312,"st","st-ro","ro",1,85,"st-en","en",85,0,0,1,"ministro","ministen"
854,"nu","nu-to","to",1,5,"nu-di","di",5,0,0,1,"minuto","minudi"
724,"mi","mi-se","se",1,8,"mi-nn","nn",8,0,0,1,"miseria","minnria"
691,"ri","ri-co","co",1,13,"an-co","an",13,0,0,1,"misericordia","miseancordia"
204,"si","si-l","l",1,8,"me-l","me",8,0,0,1,"misil","mimel"
914,"mi","mi-si","si",1,26,"mi-no","no",26,0,0,1,"misión","minoón"
848,"er","er-io","io",1,16,"as-io","as",16,0,0,1,"misterio","mistasio"
453,"mo","mo-de","de",1,33,"vi-de","vi",34,1,0,1,"modesto","videsto"
846,"moja","moja-do","do",2,1,"liza-do","liza",1,0,0,1,"mojado","lizado"
496,"mo","mo-le","le",1,30,"da-le","da",31,1,0,1,"molestar","dalestar"
923,"na","na-st","st",1,14,"ab-st","ab",14,0,0,1,"monasterio","moabsterio"
676,"to","to-r","r",1,56,"ma-r","ma",56,0,0,1,"monitor","monimar"
207,"nt","nt-añ","añ",1,7,"nt-ec","ec",7,0,0,1,"montaña","monteca"
904,"first_blank","first_blank-mo","mo",1,875,"first_blank-ba","ba",869,6,0,1,"monto","banto"
781,"re","re-tó","tó",1,7,"re-va","va",7,0,0,1,"moretón","morevan"
75,"rf","rf-in","in",1,5,"ga-in","ga",5,0,0,1,"morfina","mogaina"
902,"ri","ri-r","r",1,17,"pa-r","pa",18,1,0,1,"morir","mopar"
935,"mo","mo-sc","sc",1,10,"mo-te","te",10,0,0,1,"mosca","motea"
449,"mo","mo-te","te",1,10,"ha-te","ha",10,0,0,1,"motel","hatel"
912,"mo","mo-to","to",1,39,"mo-rd","rd",39,0,0,1,"motor","mordr"
628,"mu","mu-ch","ch",1,24,"mu-es","es",24,0,0,1,"muchachas","muesachas"
991,"mu","mu-er","er",1,27,"ej-er","ej",28,1,0,1,"muerto","ejerto"
574,"mu","mu-je","je",1,9,"na-je","na",9,0,0,1,"mujer","najer"
493,"mu","mu-nd","nd",1,25,"mu-ra","ra",25,0,0,1,"mundo","murao"
622,"first_blank","first_blank-mú","mú",1,6,"first_blank-dn","dn",6,0,0,1,"músculo","dnsculo"
107,"mu","mu-se","se",1,5,"ui-se","ui",5,0,0,1,"museo","uiseo"
502,"first_blank","first_blank-músi","músi",2,4,"first_blank-mola","mola",4,0,0,1,"música","molaca"
153,"first_blank","first_blank-músi","músi",2,4,"first_blank-muta","muta",4,0,0,1,"músico","mutaco"
356,"muta","muta-ción","ción",2,1,"liza-ción","liza",1,0,0,1,"mutación","lización"
371,"mu","mu-y","y",1,1,"ap-y","ap",1,0,0,1,"muy","apy"
670,"ción","ción-last_blank","last_blank",2,660,"rías-last_blank","rías",218,442,0,2,"nación","narías"
32,"na","na-da","da",1,6,"na-ss","ss",6,0,0,1,"nadar","nassr"
982,"na","na-ra","ra",1,8,"pé-ra","pé",8,0,0,1,"naranja","péranja"
113,"na","na-ri","ri",1,12,"na-ka","ka",12,0,0,1,"nariz","nakaz"
287,"first_blank","first_blank-ná","ná",1,7,"first_blank-ls","ls",7,0,0,1,"náusea","lsusea"
49,"ve","ve-ga","ga",1,14,"na-ga","na",14,0,0,1,"navegar","nanagar"
621,"first_blank","first_blank-ne","ne",1,310,"first_blank-ri","ri",310,0,0,1,"necesitar","ricesitar"
733,"ga","ga-ti","ti",1,15,"ga-ng","ng",15,0,0,1,"negativo","negangvo"
474,"first_blank","first_blank-ne","ne",1,310,"first_blank-ri","ri",310,0,0,1,"negocio","rigocio"
110,"gr","gr-o","o",1,10,"oj-o","oj",10,0,0,1,"negro","neojo"
739,"first_blank","first_blank-nervio","nervio",2,5,"first_blank-alivia","alivia",5,0,0,2,"nervioso","aliviaso"
635,"eb","eb-la","la",1,5,"go-la","go",5,0,0,1,"niebla","nigola"
544,"ni","ni-ev","ev",1,6,"ni-fi","fi",6,0,0,1,"nieve","nifie"
102,"ño","ño-last_blank","last_blank",1,44,"di-last_blank","di",44,0,0,1,"niño","nidi"
631,"first_blank","first_blank-no","no",1,328,"first_blank-ka","ka",328,0,0,1,"noche","kache"
840,"first_blank","first_blank-no","no",1,328,"first_blank-hi","hi",328,0,0,1,"normal","hirmal"
906,"no","no-rt","rt",1,18,"no-mb","mb",18,0,0,1,"norte","nombe"
360,"first_blank","first_blank-no","no",1,328,"first_blank-ka","ka",328,0,0,1,"notable","katable"
488,"first_blank","first_blank-nota","nota",2,19,"first_blank-cura","cura",19,0,0,1,"notario","curario"
148,"first_blank","first_blank-no","no",1,328,"first_blank-ka","ka",328,0,0,1,"noticias","katicias"
12,"vi","vi-a","a",1,20,"tí-a","tí",20,0,0,1,"novia","notía"
81,"cl","cl-ea","ea",1,18,"et-ea","et",18,0,0,1,"nuclear","nuetear"
197,"first_blank","first_blank-obvia","obvia",2,1,"first_blank-aviva","aviva",1,0,0,1,"obviamente","avivamente"
584,"oc","oc-ci","ci",1,5,"oc-ut","ut",5,0,0,1,"occidental","ocutdental"
564,"oc","oc-ea","ea",1,7,"ad-ea","ad",7,0,0,1,"oceano","adeano"
863,"tu","tu-br","br",1,1,"ng-br","ng",1,0,0,1,"octubre","ocngbre"
491,"of","of-en","en",1,32,"av-en","av",32,0,0,1,"ofender","avender"
647,"of","of-ic","ic",1,10,"rv-ic","rv",10,0,0,1,"oficial","rvicial"
333,"ic","ic-in","in",1,6,"ns-in","ns",6,0,0,1,"oficina","ofnsina"
426,"ol","ol-er","er",1,15,"lt-er","lt",15,0,0,1,"oler","lter"
309,"op","op-ci","ci",1,8,"op-ia","ia",8,0,0,1,"opción","opiaón"
671,"first_blank","first_blank-ora","ora",2,9,"first_blank-lee","lee",9,0,0,1,"oración","leeción"
716,"or","or-bi","bi",1,10,"or-th","th",10,0,0,1,"orbita","orthta"
648,"or","or-ej","ej",1,4,"or-vi","vi",4,0,0,1,"oreja","orvia"
67,"ni","ni-za","za",1,18,"ni-mo","mo",18,0,0,1,"organizar","organimor"
842,"in","in-a","a",1,161,"ll-a","ll",161,0,0,1,"orina","orlla"
890,"os","os-cu","cu",1,16,"os-is","is",16,0,0,1,"oscuro","osisro"
746,"oñ","oñ-o","o",1,1,"rf-o","rf",1,0,0,1,"otoño","otrfo"
34,"íg","íg-en","en",1,7,"ib-en","ib",7,0,0,1,"oxígeno","oxibeno"
22,"pa","pa-dr","dr",1,12,"pa-ja","ja",12,0,0,1,"padre","pajae"
569,"ja","ja-ro","ro",1,3,"eb-ro","eb",3,0,0,1,"pájaro","páebro"
920,"pa","pa-ñu","ñu",1,2,"pa-ys","ys",2,0,0,1,"pañuelo","payselo"
936,"pa","pa-pá","pá",1,2,"pa-tó","tó",2,0,0,1,"papá","pató"
880,"pa","pa-qu","qu",1,16,"pa-ga","ga",16,0,0,1,"paquete","pagaete"
881,"ra","ra-no","no",1,31,"ra-li","li",31,0,0,1,"paranormal","paralirmal"
845,"af","af-o","o",1,1,"wh-o","wh",1,0,0,1,"párrafo","párrwho"
465,"rt","rt-íc","íc",1,5,"rt-if","if",5,0,0,1,"partícula","partifula"
943,"rt","rt-id","id",1,56,"rt-en","en",60,4,0,1,"partido","parteno"
400,"pasa","pasa-do","do",2,1,"cupa-do","cupa",1,0,0,1,"pasado","cupado"
109,"sa","sa-po","po",1,4,"sa-ve","ve",4,0,0,1,"pasaporte","pasaverte"
224,"se","se-o","o",1,10,"oj-o","oj",10,0,0,1,"paseo","paojo"
325,"pa","pa-si","si",1,16,"pa-rl","rl",16,0,0,1,"pasión","parlón"
734,"pa","pa-st","st",1,29,"pa-la","la",29,0,0,1,"pastel","palael"
597,"first_blank","first_blank-patéti","patéti",2,4,"first_blank-apesto","apesto",4,0,0,2,"patético","apestoco"
405,"pa","pa-to","to",1,5,"pa-ol","ol",5,0,0,1,"pato","paol"
412,"tr","tr-ón","ón",1,9,"tr-ue","ue",9,0,0,1,"patrón","patrue"
423,"tr","tr-ul","ul",1,11,"tr-ea","ea",11,0,0,1,"patrulla","patreala"
728,"pa","pa-vo","vo",1,7,"pa-gu","gu",7,0,0,1,"pavo","pagu"
391,"pe","pe-da","da",1,12,"on-da","on",12,0,0,1,"pedazo","ondazo"
560,"di","di-do","do",1,56,"di-an","an",55,1,0,1,"pedido","pedian"
737,"pe","pe-di","di",1,68,"en-di","en",66,2,0,1,"pedir","endir"
210,"le","le-ar","ar",1,14,"le-na","na",14,0,0,1,"pelear","pelena"
731,"lí","lí-cu","cu",1,4,"va-cu","va",4,0,0,1,"película","pevacula"
817,"pe","pe-li","li",1,24,"mo-li","mo",24,0,0,1,"peligro","moligro"
68,"first_blank","first_blank-peligro","peligro",2,5,"first_blank-meteoro","meteoro",5,0,0,2,"peligroso","meteoroso"
970,"pe","pe-ne","ne",1,15,"pe-lu","lu",15,0,0,1,"pene","pelu"
231,"pe","pe-ns","ns",1,39,"pe-ti","ti",39,0,0,1,"pensar","petiar"
725,"eñ","eñ-a","a",1,8,"iy-a","iy",8,0,0,1,"pequeña","pequiya"
458,"rf","rf-ec","ec",1,20,"al-ec","al",21,1,0,1,"perfecto","pealecto"
517,"rf","rf-um","um",1,2,"or-um","or",2,0,0,1,"perfume","peorume"
778,"pe","pe-rí","rí",1,4,"pe-on","on",4,0,0,1,"perímetro","peonmetro"
72,"first_blank","first_blank-periódi","periódi",2,4,"first_blank-perfuma","perfuma",4,0,0,2,"periódico","perfumaco"
807,"od","od-is","is",1,5,"ma-is","ma",5,0,0,1,"periodista","perimaista"
376,"pe","pe-rí","rí",1,4,"pe-on","on",4,0,0,1,"período","peonodo"
770,"ec","ec-er","er",1,52,"ec-ci","ci",52,0,0,1,"permanecer","permanecci"
853,"rs","rs-eg","eg",1,24,"ll-eg","ll",25,1,0,1,"perseguir","pelleguir"
699,"al","al-id","id",1,44,"ec-id","ec",43,1,0,1,"personalidad","personecidad"
990,"pe","pe-ct","ct",1,27,"fa-ct","fa",27,0,0,1,"perspectiva","persfactiva"
174,"pe","pe-sc","sc",1,14,"an-sc","an",14,0,0,1,"pesca","ansca"
161,"tr","tr-ól","ól",1,3,"tr-ás","ás",3,0,0,1,"petróleo","petráseo"
933,"pe","pe-z","z",1,4,"et-z","et",3,1,0,1,"pez","etz"
909,"first_blank","first_blank-pí","pí",1,25,"first_blank-bá","bá",25,0,0,1,"píldora","báldora"
76,"pi","pi-lo","lo",1,16,"el-lo","el",16,0,0,1,"piloto","elloto"
73,"pi","pi-nt","nt",1,29,"na-nt","na",29,0,0,1,"pintor","nantor"
818,"st","st-ol","ol",1,12,"st-ía","ía",12,0,0,1,"pistola","pistíaa"
740,"first_blank","first_blank-planifica","planifica",2,7,"first_blank-supervisa","supervisa",7,0,0,5,"planificación","supervisación"
299,"first_blank","first_blank-pl","pl",1,214,"first_blank-tu","tu",214,0,0,1,"plata","tuata"
133,"af","af-or","or",1,2,"lb-or","lb",2,0,0,1,"plataforma","platlborma"
116,"first_blank","first_blank-pl","pl",1,214,"first_blank-tu","tu",214,0,0,1,"plato","tuato"
368,"au","au-si","si",1,1,"ip-si","ip",1,0,0,1,"plausible","plipsible"
929,"po","po-de","de",1,15,"po-lv","lv",15,0,0,1,"poder","polvr"
932,"po","po-em","em",1,2,"po-it","it",2,0,0,1,"poema","poita"
503,"pó","pó-ke","ke",1,1,"fv-ke","fv",1,0,0,1,"póker","fvker"
694,"first_blank","first_blank-políti","políti",2,4,"first_blank-solita","solita",4,0,0,1,"política","solitaca"
256,"first_blank","first_blank-políti","políti",2,4,"first_blank-solita","solita",4,0,0,1,"político","solitaco"
180,"lv","lv-o","o",1,5,"xt-o","xt",5,0,0,1,"polvo","poxto"
666,"po","po-lv","lv",1,15,"po-de","de",15,0,0,1,"polvoriento","podeoriento"
486,"ne","ne-r","r",1,57,"to-r","to",56,1,0,1,"poner","potor"
783,"po","po-rq","rq",1,9,"po-nc","nc",9,0,0,1,"porque","poncue"
732,"rt","rt-ón","ón",1,2,"am-ón","am",2,0,0,1,"portón","poamón"
652,"si","si-bi","bi",1,9,"si-es","es",9,0,0,1,"posibilidad","posieslidad"
348,"si","si-ci","ci",1,28,"si-de","de",28,0,0,1,"posición","posideón"
539,"first_blank","first_blank-práctica","práctica",2,1,"first_blank-triplica","triplica",1,0,0,2,"prácticamente","triplicamente"
972,"ec","ec-io","io",1,11,"rd-io","rd",11,0,0,1,"precio","prrdio"
629,"em","em-io","io",1,5,"cr-io","cr",5,0,0,1,"premio","prcrio"
122,"first_blank","first_blank-pren","pren",2,2,"first_blank-pája","pája",2,0,0,1,"prensa","pájasa"
738,"cupar","cupar-se","se",3,1,"calla-se","calla",1,0,0,1,"preocuparse","preocallase"
538,"ar","ar-ar","ar",1,11,"li-ar","li",11,0,0,1,"preparar","prepliar"
149,"id","id-en","en",1,63,"et-en","et",64,1,0,1,"presidente","presetente"
524,"es","es-ió","ió",1,16,"es-al","al",15,1,0,1,"presión","presaln"
254,"és","és-ta","ta",1,8,"lo-ta","lo",8,0,0,1,"préstamo","prlotamo"
804,"im","im-a","a",1,55,"en-a","en",56,1,0,1,"prima","prena"
851,"first_blank","first_blank-prima","prima",2,5,"first_blank-traza","traza",5,0,0,1,"primario","trazario"
748,"ín","ín-ci","ci",1,2,"nu-ci","nu",2,0,0,1,"príncipe","prnucipe"
177,"pr","pr-is","is",1,12,"ns-is","ns",12,0,0,1,"prisión","nsisión"
799,"pr","pr-is","is",1,12,"gu-is","gu",12,0,0,1,"prisionero","guisionero"
751,"ob","ob-ab","ab",1,9,"in-ab","in",9,0,0,1,"probable","prinable"
774,"probable","probable-mente","mente",2,1,"exorable-mente","exorable",1,0,0,1,"probablemente","exorablemente"
752,"ob","ob-le","le",1,11,"ro-le","ro",11,0,0,1,"problema","prrolema"
753,"ed","ed-im","im",1,4,"in-im","in",4,0,0,1,"procedimiento","procinimiento"
372,"uc","uc-ci","ci",1,24,"su-ci","su",24,0,0,1,"producción","prodsución"
253,"uc","uc-e","e",1,11,"ed-e","ed",11,0,0,1,"produce","prodede"
567,"uc","uc-to","to",1,25,"uc-ci","ci",24,1,0,1,"producto","producci"
25,"of","of-es","es",1,14,"dr-es","dr",14,0,0,1,"profesional","prdresional"
268,"of","of-es","es",1,14,"cr-es","cr",14,0,0,1,"profesor","prcresor"
763,"og","og-ra","ra",1,27,"ga-ra","ga",27,0,0,1,"programa","prgarama"
756,"ib","ib-ir","ir",1,28,"sh-ir","sh",28,0,0,1,"prohibir","prohshir"
406,"first_blank","first_blank-prome","prome",2,2,"first_blank-pidie","pidie",2,0,0,1,"promesa","pidiesa"
798,"ot","ot-oc","oc",1,3,"zc-oc","zc",3,0,0,1,"protocolo","przcocolo"
599,"ot","ot-ot","ot",1,2,"vi-ot","vi",2,0,0,1,"prototipo","prviotipo"
427,"ov","ov-ee","ee",1,12,"fr-ee","fr",12,0,0,1,"proveer","prfreer"
335,"ue","ue-ba","ba",1,6,"ue-me","me",6,0,0,1,"prueba","prueme"
48,"first_blank","first_blank-psico","psico",2,6,"first_blank-priva","priva",6,0,0,1,"psicología","privalogía"
578,"first_blank","first_blank-psico","psico",3,6,"first_blank-orina","orina",6,0,0,1,"psicológico","orinalógico"
10,"eb","eb-lo","lo",1,2,"hi-lo","hi",2,0,0,1,"pueblo","puhilo"
980,"er","er-ta","ta",1,51,"an-ta","an",51,0,0,1,"puerta","puanta"
91,"pu","pu-er","er",1,20,"iv-er","iv",20,0,0,1,"puerto","iverto"
270,"lg","lg-ar","ar",1,14,"oc-ar","oc",14,0,0,1,"pulgar","puocar"
769,"first_blank","first_blank-qu","qu",1,442,"first_blank-gr","gr",436,6,0,1,"que","gre"
674,"es","es-o","o",1,24,"ni-o","ni",24,0,0,1,"queso","qunio"
235,"first_blank","first_blank-radia","radia",2,4,"first_blank-casca","casca",4,0,0,1,"radiación","cascación"
525,"first_blank","first_blank-rápida","rápida",2,1,"first_blank-capila","capila",1,0,0,1,"rápidamente","capilamente"
277,"rá","rá-pi","pi",1,4,"de-pi","de",4,0,0,1,"rápido","depido"
782,"ra","ra-ta","ta",1,22,"ui-ta","ui",23,1,0,1,"rata","uita"
565,"za","za-last_blank","last_blank",1,158,"de-last_blank","de",158,0,0,1,"raza","rade"
508,"zo","zo-na","na",1,14,"le-na","le",14,0,0,1,"razonable","ralenable"
409,"re","re-ac","ac",1,23,"re-fr","fr",23,0,0,1,"reactor","refrtor"
653,"lista","lista-last_blank","last_blank",2,1,"riote-last_blank","riote",1,0,0,1,"realista","reariote"
896,"re","re-ba","ba",1,32,"re-di","di",32,0,0,1,"rebaja","redija"
788,"ct","ct-ar","ar",1,16,"rg-ar","rg",17,1,0,1,"recolectar","recolergar"
745,"first_blank","first_blank-recompen","recompen",2,2,"first_blank-recopila","recopila",2,0,0,2,"recompensa","recopilasa"
649,"rd","rd-ar","ar",1,11,"rd-io","io",11,0,0,1,"recordar","recordio"
84,"re","re-du","du",1,36,"re-ct","ct",36,0,0,1,"reducir","rectcir"
794,"gi","gi-o","o",1,17,"ej-o","ej",17,0,0,1,"refugio","refuejo"
262,"ga","ga-lo","lo",1,27,"ga-ra","ra",27,0,0,1,"regalo","regara"
337,"gr","gr-es","es",1,35,"es-es","es",35,0,0,1,"regreso","reeseso"
784,"first_blank","first_blank-rei","rei",2,18,"first_blank-ino","ino",14,4,0,1,"reino","inono"
891,"ír","ír-last_blank","last_blank",1,5,"xo-last_blank","xo",5,0,0,1,"reír","rexo"
381,"gi","gi-ón","ón",1,3,"gi-as","as",3,0,0,1,"religión","religias"
596,"re","re-lo","lo",1,11,"re-cr","cr",11,0,0,1,"reloj","recrj"
868,"re","re-nd","nd",1,144,"co-nd","co",143,1,0,1,"rendimiento","condimiento"
240,"re","re-nt","nt",1,39,"va-nt","va",37,2,0,1,"renta","vanta"
806,"re","re-pa","pa",1,45,"re-te","te",45,0,0,1,"reparar","reterar"
168,"re","re-pu","pu",1,28,"re-da","da",28,0,0,1,"reputación","redatación"
849,"re","re-sc","sc",1,23,"re-fr","fr",23,0,0,1,"rescate","refrate"
810,"ir","ir-se","se",1,45,"ob-se","ob",45,0,0,1,"resistirse","resistobse"
812,"sp","sp-ue","ue",1,11,"nc-ue","nc",11,0,0,1,"respuesta","rencuesta"
764,"au","au-ra","ra",1,12,"au-me","me",12,0,0,1,"restaurante","restaumente"
310,"re","re-ti","ti",1,28,"re-da","da",28,0,0,1,"retirar","redarar"
225,"nión","nión-last_blank","last_blank",2,1,"cial-last_blank","cial",1,0,0,1,"reunión","reucial"
981,"reu","reu-nirse","nirse",2,1,"reu-niéra","niéra",1,0,0,1,"reunirse","reuniéra"
721,"vi","vi-st","st",1,26,"vi-ta","ta",26,0,0,1,"revista","revitaa"
801,"re","re-y","y",1,17,"ar-y","ar",17,0,0,1,"rey","ary"
723,"co","co-last_blank","last_blank",2,733,"co-existencia","existencia",1,732,0,7,"rico","ricoexistencia"
823,"ba","ba-r","r",1,24,"ti-r","ti",24,0,0,1,"robar","rotir"
456,"bo","bo-last_blank","last_blank",1,45,"od-last_blank","od",45,0,0,1,"robo","rood"
825,"ro","ro-ca","ca",1,5,"ci-ca","ci",5,0,0,1,"roca","cica"
442,"ll","ll-a","a",1,161,"in-a","in",161,0,0,1,"rodilla","rodiina"
184,"ro","ro-ma","ma",1,17,"ro-nt","nt",18,1,0,1,"roma","ront"
303,"first_blank","first_blank-románti","románti",2,4,"first_blank-dominar","dominar",4,0,0,2,"romántico","dominarco"
33,"be","be-r","r",1,26,"va-r","va",26,0,0,1,"saber","savar"
344,"je","je-last_blank","last_blank",1,78,"il-last_blank","il",78,0,0,1,"sabotaje","sabotail"
601,"sa","sa-ce","ce",1,4,"sa-ns","ns",4,0,0,1,"sacerdote","sansrdote"
688,"first_blank","first_blank-sala","sala",2,8,"first_blank-usar","usar",8,0,0,1,"salario","usarrio"
542,"sa","sa-li","li",1,47,"po-li","po",49,2,0,1,"salida","polida"
814,"li","li-r","r",1,4,"wa-r","wa",4,0,0,1,"salir","sawar"
255,"first_blank","first_blank-sal","sal",2,2,"first_blank-fra","fra",2,0,0,1,"salsa","frasa"
329,"lt","lt-o","o",1,18,"aj-o","aj",18,0,0,1,"salto","saajo"
378,"lu","lu-da","da",1,13,"ro-da","ro",14,1,0,1,"saludar","sarodar"
437,"salva","salva-dor","dor",2,1,"basta-dor","basta",1,0,0,1,"salvador","bastador"
808,"lv","lv-ar","ar",1,5,"añ-ar","añ",5,0,0,1,"salvar","saañar"
627,"sa","sa-mu","mu",1,7,"sa-ll","ll",7,0,0,1,"samurai","sallrai"
776,"té","té-li","li",1,2,"on-li","on",2,0,0,1,"satélite","saonlite"
850,"tr","tr-ar","ar",1,11,"tr-ul","ul",11,0,0,1,"secuestrar","secuestrul"
433,"se","se-d","d",1,4,"in-d","in",4,0,0,1,"sed","ind"
100,"se","se-de","de",1,3,"bi-de","bi",3,0,0,1,"sede","bide"
238,"gu","gu-ir","ir",1,35,"it-ir","it",36,1,0,1,"seguir","seitir"
2,"gu","gu-ro","ro",1,5,"gu-sa","sa",5,0,0,1,"seguro","segusa"
331,"se","se-le","le",1,29,"ir-le","ir",29,0,0,1,"seleccione","irleccione"
585,"se","se-ma","ma",1,9,"hi-ma","hi",9,0,0,1,"semana","himana"
1,"se","se-ma","ma",1,9,"se-ro","ro",9,0,0,1,"semanal","seronal"
683,"first_blank","first_blank-sena","sena",2,4,"first_blank-avia","avia",4,0,0,1,"senado","aviado"
416,"first_blank","first_blank-sena","sena",2,4,"first_blank-pira","pira",4,0,0,1,"senador","pirador"
392,"ña","ña-l","l",1,4,"hi-l","hi",4,0,0,1,"señal","sehil"
876,"se","se-nc","nc",1,8,"se-lf","lf",8,0,0,1,"sencillo","selfillo"
833,"se","se-nd","nd",1,7,"se-ñá","ñá",7,0,0,1,"sendero","señáero"
859,"ño","ño-ra","ra",1,2,"ño-le","le",2,0,0,1,"señora","señole"
272,"ns","ns-ib","ib",1,14,"ns-at","at",14,0,0,1,"sensible","sensatle"
682,"first_blank","first_blank-sentar","sentar",2,5,"first_blank-espiar","espiar",5,0,0,1,"sentarse","espiarse"
467,"nt","nt-im","im",1,21,"sh-im","sh",20,1,0,1,"sentimiento","seshimiento"
429,"rm","rm-ón","ón",1,2,"me-ón","me",2,0,0,1,"sermón","semeón"
425,"rp","rp-ie","ie",1,2,"of-ie","of",2,0,0,1,"serpiente","seofiente"
330,"rv","rv-id","id",1,14,"rv-er","er",14,0,0,1,"servidor","serveror"
128,"si","si-last_blank","last_blank",1,27,"né-last_blank","né",27,0,0,1,"si","né"
353,"pr","pr-e","e",1,5,"ug-e","ug",5,0,0,1,"siempre","siemuge"
115,"lb","lb-ar","ar",1,1,"rj-ar","rj",1,0,0,1,"silbar","sirjar"
874,"first_blank","first_blank-si","si",1,545,"first_blank-ap","ap",545,0,0,1,"silencio","aplencio"
586,"si","si-ll","ll",1,23,"si-ng","ng",23,0,0,1,"silla","singa"
96,"sí","sí-mb","mb",1,2,"zi-mb","zi",2,0,0,1,"símbolo","zimbolo"
497,"si","si-n ","n ",1,1,"si-co","co",1,0,0,1,"sin valor","sicovalor"
877,"first_blank","first_blank-sí","sí",1,50,"first_blank-ig","ig",50,0,0,1,"síndrome","igndrome"
512,"st","st-em","em",1,8,"st-ré","ré",8,0,0,1,"sistema","sistréa"
395,"br","br-e","e",1,40,"nm-e","nm",41,1,0,1,"sobre","sonme"
316,"iv","iv-ir","ir",1,10,"af-ir","af",10,0,0,1,"sobrevivir","sobrevafir"
624,"br","br-in","in",1,36,"im-in","im",34,2,0,1,"sobrino","soimino"
535,"so","so-da","da",1,3,"so-un","un",3,0,0,1,"soda","soun"
548,"so","so-l","l",1,5,"ze-l","ze",5,0,0,1,"sol","zel"
549,"so","so-la","la",1,23,"al-la","al",23,0,0,1,"solar","allar"
273,"ci","ci-tu","tu",1,5,"ci-at","at",5,0,0,1,"solicitud","soliciatd"
887,"first_blank","first_blank-solita","solita",2,4,"first_blank-políti","políti",4,0,0,1,"solitario","polítirio"
170,"re","re-ro","ro",1,14,"ti-ro","ti",14,0,0,1,"sombrero","sombtiro"
832,"so","so-na","na",1,21,"an-na","an",21,0,0,1,"sonar","annar"
889,"rb","rb-o","o",1,8,"lg-o","lg",8,0,0,1,"sorbo","solgo"
188,"so","so-rd","rd",1,10,"so-fo","fo",10,0,0,1,"sordo","sofoo"
305,"ha","ha-r","r",1,24,"ti-r","ti",24,0,0,1,"sospechar","sospectir"
643,"su","su-ce","ce",1,31,"as-ce","as",31,0,0,1,"suceder","asceder"
701,"eñ","eñ-o","o",1,10,"oj-o","oj",10,0,0,1,"sueño","suojo"
900,"fi","fi-ci","ci",1,39,"fi-na","na",39,0,0,1,"suficiente","sufinaente"
758,"su","su-ge","ge",1,19,"su-bt","bt",19,0,0,1,"sugerir","subtrir"
156,"rf","rf-ic","ic",1,5,"lt-ic","lt",5,0,0,1,"superficie","supelticie"
573,"rior","rior-last_blank","last_blank",2,7,"bais-last_blank","bais",9,2,0,2,"superior","supebais"
789,"po","po-last_blank","last_blank",1,55,"at-last_blank","at",54,1,0,1,"supo","suat"
341,"su","su-po","po",1,28,"su-me","me",29,1,0,1,"suponer","sumener"
222,"si","si-ci","ci",1,28,"si-bl","bl",28,0,0,1,"suposición","suposiblón"
791,"it","it-ui","ui",1,19,"it-is","is",19,0,0,1,"sustituir","sustitisr"
735,"ta","ta-le","le",1,57,"ta-rm","rm",55,2,0,1,"talento","tarmnto"
192,"te","te-at","at",1,6,"on-at","on",6,0,0,1,"teatro","onatro"
588,"first_blank","first_blank-técni","técni",2,4,"first_blank-ducha","ducha",4,0,0,2,"técnica","duchaca"
706,"te","te-ji","ji",1,5,"te-xa","xa",5,0,0,1,"tejido","texado"
540,"te","te-lé","lé",1,4,"te-fa","fa",4,0,0,1,"teléfono","tefafono"
777,"vi","vi-si","si",1,42,"in-si","in",42,0,0,1,"televisión","teleinsión"
640,"te","te-ma","ma",1,7,"te-cl","cl",7,0,0,1,"tema","tecl"
141,"er","er-at","at",1,19,"am-at","am",19,0,0,1,"temperatura","tempamatura"
285,"first_blank","first_blank-temporiza","temporiza",2,2,"first_blank-simpatiza","simpatiza",2,0,0,2,"temporizador","simpatizador"
913,"mp","mp-ra","ra",1,21,"ge-ra","ge",21,0,0,1,"temprano","tegerano"
258,"ne","ne-do","do",1,3,"ha-do","ha",3,0,0,1,"tenedor","tehador"
843,"ni","ni-en","en",1,20,"ni-ng","ng",20,0,0,1,"teniente","teningte"
417,"ni","ni-s","s",1,19,"et-s","et",19,0,0,1,"tenis","teets"
457,"or","or-ía","ía",1,9,"or-tu","tu",9,0,0,1,"teoría","teortu"
931,"im","im-on","on",1,13,"tt-on","tt",13,0,0,1,"testimonio","testttonio"
934,"first_blank","first_blank-ti","ti",1,330,"first_blank-no","no",328,2,0,1,"tienda","noenda"
873,"ti","ti-mb","mb",1,10,"ti-ca","ca",10,0,0,1,"timbre","ticare"
632,"first_blank","first_blank-tí","tí",1,33,"first_blank-kn","kn",33,0,0,1,"título","kntulo"
562,"al","al-la","la",1,23,"ta-la","ta",23,0,0,1,"toalla","totala"
946,"ci","ci-no","no",1,9,"or-no","or",9,0,0,1,"tocino","toorno"
996,"da","da-ví","ví",1,1,"to-ví","to",1,0,0,1,"todavía","totovía"
677,"ma","ma-te","te",1,41,"ma-no","no",41,0,0,1,"tomate","tomano"
987,"rm","rm-en","en",1,17,"mp-en","mp",17,0,0,1,"tormenta","tompenta"
455,"first_blank","first_blank-torna","torna",2,3,"first_blank-tomár","tomár",3,0,0,1,"tornado","tomárdo"
160,"ug","ug-a","a",1,9,"oj-a","oj",9,0,0,1,"tortuga","tortoja"
942,"to","to-rt","rt",1,29,"ce-rt","ce",28,1,0,1,"tortura","certura"
30,"trabaja","trabaja-dor","dor",2,1,"hollina-dor","hollina",1,0,0,4,"trabajador","hollinador"
948,"aj","aj-o","o",1,18,"ld-o","ld",18,0,0,1,"trabajo","trabldo"
600,"ad","ad-ic","ic",1,29,"ad-er","er",29,0,0,1,"tradicional","traderional"
955,"first_blank","first_blank-trági","trági",2,4,"first_blank-traba","traba",4,0,0,1,"trágico","trabaco"
342,"do","do-r","r",1,55,"ga-r","ga",55,0,0,1,"traidor","traigar"
952,"il","il-o","o",1,14,"od-o","od",15,1,0,1,"tranquilo","tranquodo"
607,"er","er-ir","ir",1,26,"er-ma","ma",26,0,0,1,"transferir","transferma"
861,"sm","sm-is","is",1,7,"br-is","br",7,0,0,1,"transmisor","tranbrisor"
684,"first_blank","first_blank-tra","tra",3,8,"first_blank-pato","pato",8,0,1,1,"trasero","patosero"
924,"at","at-am","am",1,3,"at-to","to",3,0,0,1,"tratamiento","trattoiento"
960,"tr","tr-es","es",1,36,"tr-om","om",35,1,0,1,"tres","trom"
193,"iá","iá-ng","ng",1,2,"wa-ng","wa",2,0,0,1,"triángulo","trwangulo"
579,"im","im-es","es",1,10,"im-al","al",10,0,0,1,"trimestre","trimaltre"
298,"ip","ip-le","le",1,7,"rt-le","rt",7,0,0,1,"triple","trrtle"
17,"nf","nf-ar","ar",1,8,"us-ar","us",8,0,0,1,"triunfar","triuusar"
246,"tr","tr-on","on",1,33,"tr-ad","ad",34,1,0,1,"trono","trado"
803,"ue","ue-no","no",1,6,"ue-me","me",6,0,0,1,"trueno","trueme"
766,"ne","ne-l","l",1,9,"sa-l","sa",9,0,0,1,"túnel","túsal"
547,"first_blank","first_blank-ubica","ubica",2,8,"first_blank-droga","droga",8,0,0,2,"ubicación","drogación"
383,"first_blank","first_blank-úl","úl",1,5,"first_blank-hw","hw",5,0,0,1,"último","hwtimo"
338,"first_blank","first_blank-úni","úni",2,4,"first_blank-ova","ova",4,0,0,1,"único","ovaco"
487,"if","if-or","or",1,5,"ut-or","ut",5,0,0,1,"uniforme","unutorme"
964,"first_blank","first_blank-un","un",1,130,"first_blank-ko","ko",130,0,0,1,"universidad","koiversidad"
655,"us","us-ua","ua",1,5,"sc-ua","sc",5,0,0,1,"usual","scual"
57,"first_blank","first_blank-ut","ut",1,35,"first_blank-oi","oi",35,0,0,1,"utilizar","oiilizar"
54,"va","va-cu","cu",1,4,"va-rm","rm",4,0,0,1,"vacuna","varmna"
151,"in","in-il","il",1,4,"in-ep","ep",4,0,0,1,"vainilla","vainepla"
630,"li","li-en","en",1,34,"er-en","er",34,0,0,1,"valiente","vaerente"
583,"first_blank","first_blank-valio","valio",2,4,"first_blank-volca","volca",4,0,0,1,"valioso","volcaso"
612,"va","va-ll","ll",1,15,"va-di","di",16,1,0,1,"valla","vadia"
281,"ll","ll-e","e",1,79,"qu-e","qu",79,0,0,1,"valle","vaque"
998,"mp","mp-ir","ir",1,8,"at-ir","at",8,0,0,1,"vampiro","vaatiro"
826,"va","va-qu","qu",1,6,"no-qu","no",6,0,0,1,"vaquero","noquero"
516,"ve","ve-la","la",1,28,"ve-ri","ri",29,1,0,1,"vela","veri"
296,"lo","lo-ci","ci",1,7,"lo-ja","ja",7,0,0,1,"velocidad","velojadad"
219,"ve","ve-nd","nd",1,80,"ca-nd","ca",79,1,0,1,"vender","cander"
543,"ni","ni-r","r",1,7,"je-r","je",7,0,0,1,"venir","vejer"
973,"first_blank","first_blank-ventila","ventila",2,5,"first_blank-destina","destina",5,0,0,1,"ventilación","destinación"
571,"ve","ve-nu","nu",1,1,"ve-ck","ck",1,0,0,1,"venus","vecks"
190,"ad","ad-er","er",1,29,"ev-er","ev",29,0,0,1,"verdadero","verdevero"
243,"ri","ri-fi","fi",1,11,"ri-ve","ve",11,0,0,1,"verificar","verivecar"
374,"st","st-id","id",1,34,"ns-id","ns",33,1,0,1,"vestido","vensido"
307,"deo","deo-last_blank","last_blank",2,4,"rad-last_blank","rad",4,0,0,1,"video","virad"
869,"vi","vi-h","h",1,1,"de-h","de",1,0,0,1,"vih","deh"
815,"vi","vi-si","si",1,42,"in-si","in",42,0,0,1,"visión","insión"
761,"vi","vi-ta","ta",1,26,"vi-st","st",26,0,0,1,"vitamina","vistmina"
995,"dk","dk-a","a",1,1,"cã-a","cã",1,0,0,1,"vodka","vocãa"
992,"first_blank","first_blank-volunta","volunta",3,6,"first_blank-ilustra","ilustra",6,0,0,1,"voluntariamente","ilustrariamente"
150,"vo","vo-ta","ta",1,13,"ue-ta","ue",13,0,0,1,"votante","uetante"
576,"vo","vo-ta","ta",1,13,"ue-ta","ue",13,0,0,1,"votar","uetar"
80,"first_blank","first_blank-vu","vu",1,52,"first_blank-ej","ej",52,0,0,1,"vuelo","ejelo"
867,"ts","ts-on","on",1,4,"nc-on","nc",4,0,0,1,"watson","wancon"
494,"first_blank","first_blank-we","we",1,130,"first_blank-ko","ko",130,0,0,1,"web","kob"
121,"pa","pa-to","to",1,5,"lu-to","lu",5,0,0,1,"zapato","zaluto"
65,"first_blank","first_blank-zo","zo",1,67,"first_blank-sk","sk",67,0,0,1,"zona","skna"
