"word_id","first","original_pair","second","syll","original_freq","replacement_pair","replacement_syll","replacement_freq","freq_diff","char_diff","letter_diff","original_word","replacement_word"
657,"first_blank","first_blank-a di","a di",2,1,"first_blank-odiá","odiá",1,0,0,1,"a diario","odiáario"
728,"first_blank","first_blank-a ","a ",1,1,"first_blank-bk","bk",1,0,0,1,"a salvo","bksalvo"
276,"first_blank","first_blank-a ","a ",1,1,"first_blank-då","då",1,0,0,1,"a veces","dåveces"
87,"aj","aj-o","o",1,18,"zc-o","zc",18,0,0,1,"abajo","abzco"
28,"ab","ab-ej","ej",1,6,"ab-uc","uc",6,0,0,1,"abeja","abuca"
196,"ab","ab-ie","ie",1,4,"ab-ba","ba",4,0,0,1,"abierto","abbarto"
441,"aboga","aboga-do","do",2,1,"aliña-do","aliña",1,0,0,1,"abogado","aliñado"
640,"first_blank","first_blank-absoluta","absoluta",2,1,"first_blank-autolava","autolava",1,0,0,2,"absolutamente","autolavamente"
423,"ab","ab-ue","ue",1,9,"ab-at","at",9,0,0,1,"abuelo","abatlo"
769,"ac","ac-am","am",1,11,"ac-ke","ke",11,0,0,1,"acampar","ackepar"
938,"first_blank","first_blank-accidental","accidental",2,1,"first_blank-documentar","documentar",1,0,0,3,"accidentalmente","documentarmente"
919,"ac","ac-ic","ic",1,1,"rl-ic","rl",1,0,0,1,"acicalar","rlicalar"
430,"ac","ac-ti","ti",1,49,"er-ti","er",49,0,0,1,"activo","ertivo"
76,"tu","tu-al","al",1,26,"ch-al","ch",25,1,0,1,"actual","acchal"
623,"administra","administra-ción","ción",2,1,"estructura-ción","estructura",1,0,0,6,"administración","estructuración"
997,"first_blank","first_blank-ad","ad",1,402,"first_blank-he","he",404,2,0,1,"administrar","heministrar"
2,"first_blank","first_blank-ad","ad",1,402,"first_blank-he","he",404,2,0,1,"admirar","hemirar"
803,"ti","ti-r","r",1,24,"ba-r","ba",24,0,0,1,"admitir","admibar"
962,"ad","ad-n","n",1,1,"ãº-n","ãº",1,0,0,1,"adn","ãºn"
961,"ad","ad-ol","ol",1,14,"ad-vi","vi",14,0,0,1,"adolescente","adviescente"
880,"ul","ul-to","to",1,12,"hi-to","hi",12,0,0,1,"adulto","adhito"
314,"ad","ad-ve","ve",1,33,"ad-el","el",33,0,0,1,"advertencia","adelrtencia"
84,"first_blank","first_blank-aficiona","aficiona",2,4,"first_blank-ferrovia","ferrovia",4,0,0,4,"aficionado","ferroviado"
405,"first_blank","first_blank-áfri","áfri",2,1,"first_blank-mura","mura",1,0,0,1,"áfrica","muraca"
3,"ag","ag-en","en",1,16,"ud-en","ud",16,0,0,1,"agente","udente"
184,"da","da-bl","bl",1,9,"da-ma","ma",9,0,0,1,"agradable","agradamae"
124,"ra","ra-de","de",1,54,"an-de","an",53,1,0,1,"agradecido","agandecido"
105,"lt","lt-or","or",1,7,"ri-or","ri",7,0,0,1,"agricultor","agricurior"
917,"uj","uj-a","a",1,5,"tu-a","tu",5,0,0,1,"aguja","agtua"
701,"og","og-ar","ar",1,6,"sm-ar","sm",6,0,0,1,"ahogar","ahsmar"
190,"ah","ah-or","or",1,28,"it-or","it",28,0,0,1,"ahora","itora"
5,"first_blank","first_blank-ai","ai",1,59,"first_blank-sl","sl",59,0,0,1,"aire","slre"
840,"aj","aj-o","o",1,18,"ns-o","ns",18,0,0,1,"ajo","nso"
660,"first_blank","first_blank-ál","ál",1,11,"first_blank-aw","aw",11,0,0,1,"álbum","awbum"
6,"co","co-ho","ho",1,5,"co-us","us",5,0,0,1,"alcohol","alcousl"
821,"al","al-er","er",1,18,"ri-er","ri",18,0,0,1,"alerta","rierta"
563,"ac","ac-il","il",1,2,"cr-il","cr",2,0,0,1,"alguacil","algucril"
733,"al","al-im","im",1,26,"al-ej","ej",26,0,0,1,"alimento","alejento"
466,"al","al-ma","ma",1,15,"al-uc","uc",14,1,0,1,"alma","aluc"
774,"am","am-an","an",1,47,"iz-an","iz",47,0,0,1,"amante","izante"
693,"first_blank","first_blank-ambien","ambien",2,10,"first_blank-afeita","afeita",10,0,0,2,"ambiente","afeitate"
12,"la","la-nc","nc",1,38,"ve-nc","ve",38,0,0,1,"ambulancia","ambuvencia"
899,"first_blank","first_blank-ami","ami",2,4,"first_blank-deu","deu",4,0,0,1,"amigo","deugo"
951,"an","an-al","al",1,23,"an-di","di",23,0,0,1,"analista","andiista"
992,"an","an-ar","ar",1,7,"an-ov","ov",7,0,0,1,"anarquía","anovquía"
967,"an","an-at","at",1,10,"sl-at","sl",10,0,0,1,"anatomía","slatomía"
889,"cl","cl-a","a",1,4,"ki-a","ki",4,0,0,1,"ancla","ankia"
13,"first_blank","first_blank-án","án",1,18,"first_blank-ox","ox",18,0,0,1,"ángel","oxgel"
397,"an","an-il","il",1,14,"an-ni","ni",14,0,0,1,"anillo","annilo"
663,"first_blank","first_blank-aniversa","aniversa",2,2,"first_blank-enrevesa","enrevesa",2,0,0,2,"aniversario","enrevesario"
14,"an","an-ón","ón",1,4,"an-om","om",4,0,0,1,"anónimo","anomimo"
15,"do","do-to","to",1,3,"do-pp","pp",3,0,0,1,"antídoto","antídopp"
197,"ap","ap-er","er",1,15,"lt-er","lt",15,0,0,1,"apertura","ltertura"
274,"la","la-st","st",1,31,"la-ci","ci",31,0,0,1,"aplastar","aplaciar"
16,"first_blank","first_blank-ap","ap",1,545,"first_blank-si","si",545,0,0,1,"aplicar","silicar"
835,"od","od-o","o",1,15,"is-o","is",15,0,0,1,"apodo","apiso"
681,"oy","oy-o","o",1,3,"lb-o","lb",3,0,0,1,"apoyo","aplbo"
411,"first_blank","first_blank-ap","ap",1,545,"first_blank-si","si",545,0,0,1,"aprender","sirender"
133,"first_blank","first_blank-aq","aq",1,40,"first_blank-ep","ep",40,0,0,1,"aquí","epuí"
710,"añ","añ-a","a",1,13,"gr-a","gr",13,0,0,1,"araña","argra"
533,"ar","ar-bu","bu",1,7,"ar-mo","mo",7,0,0,1,"arbusto","armosto"
841,"ar","ar-di","di",1,33,"ar-ec","ec",33,0,0,1,"ardilla","areclla"
630,"first_blank","first_blank-ár","ár",1,14,"first_blank-mó","mó",14,0,0,1,"área","móea"
975,"en","en-a","a",1,56,"im-a","im",55,1,0,1,"arena","arima"
910,"gl","gl-ar","ar",1,4,"gl-ig","ig",4,0,0,1,"arreglar","arreglig"
252,"arriesga","arriesga-do","do",2,1,"sintegra-do","sintegra",1,0,0,4,"arriesgado","sintegrado"
989,"ar","ar-se","se",1,8,"ar-ia","ia",8,0,0,1,"arsenal","arianal"
638,"te","te-last_blank","last_blank",2,2298,"te-rrumpirles","rrumpirles",1,2297,0,8,"arte","arterrumpirles"
18,"te","te-fa","fa",1,4,"te-mo","mo",4,0,0,1,"artefacto","artemocto"
487,"ar","ar-tí","tí",1,8,"ar-ez","ez",8,0,0,1,"artículo","arezculo"
425,"ti","ti-st","st",1,25,"ti-fi","fi",26,1,0,1,"artista","artifia"
730,"as","as-es","es",1,27,"nd-es","nd",27,0,0,1,"asesino","ndesino"
725,"ri","ri-na","na",1,34,"ri-do","do",34,0,0,1,"aspirina","aspirido"
675,"on","on-au","au",1,5,"nt-au","nt",5,0,0,1,"astronauta","astrntauta"
53,"aú","aú-d","d",1,1,"rn-d","rn",1,0,0,1,"ataúd","atrnd"
802,"at","at-en","en",1,53,"im-en","im",52,1,0,1,"atención","imención"
906,"aterra","aterra-dor","dor",2,1,"atasca-dor","atasca",1,0,0,1,"aterrador","atascador"
568,"er","er-ri","ri",1,21,"er-ic","ic",21,0,0,1,"aterrizaje","atericzaje"
895,"first_blank","first_blank-atómi","atómi",2,4,"first_blank-atraí","atraí",4,0,0,1,"atómico","atraíco"
19,"ra","ra-ct","ct",1,27,"pe-ct","pe",27,0,0,1,"atractivo","atpectivo"
949,"ún","ún-last_blank","last_blank",1,7,"oc-last_blank","oc",7,0,0,1,"atún","atoc"
565,"au","au-me","me",1,12,"sa-me","sa",12,0,0,1,"aumento","samento"
21,"first_blank","first_blank-autó","autó",2,2,"first_blank-orti","orti",2,0,0,1,"autógrafo","ortigrafo"
22,"to","to-ps","ps",1,4,"to-in","in",4,0,0,1,"autopsia","autoinia"
20,"to","to-r","r",1,56,"ma-r","ma",56,0,0,1,"autor","aumar"
502,"en","en-id","id",1,28,"en-si","si",28,0,0,1,"avenida","avensia"
132,"ud","ud-a","a",1,26,"rn-a","rn",26,0,0,1,"ayuda","ayrna"
648,"az","az-úc","úc",1,1,"az-ur","ur",1,0,0,1,"azúcar","azurar"
26,"hí","hí-a","a",1,1,"gü-a","gü",1,0,0,1,"bahía","bagüa"
383,"ín","ín-last_blank","last_blank",1,62,"um-last_blank","um",62,0,0,1,"bailarín","bailarum"
158,"jo","jo-last_blank","last_blank",1,80,"ge-last_blank","ge",78,2,0,1,"bajo","bage"
497,"nc","nc-es","es",1,18,"nc-il","il",18,0,0,1,"baloncesto","baloncilto"
25,"first_blank","first_blank-banca","banca",2,5,"first_blank-bañar","bañar",5,0,0,1,"bancario","bañarrio"
111,"ba","ba-nd","nd",1,44,"fu-nd","fu",44,0,0,1,"bandera","fundera"
297,"ba","ba-ño","ño",1,5,"ba-lc","lc",5,0,0,1,"baño","balc"
24,"ue","ue-ro","ro",1,9,"or-ro","or",9,0,0,1,"banquero","banqorro"
756,"ba","ba-ró","ró",1,2,"ba-sc","sc",2,0,0,1,"barón","bascn"
903,"first_blank","first_blank-ba","ba",2,869,"especializa-ba","especializa",1,868,0,8,"base","especializabase"
908,"ba","ba-su","su",1,4,"ba-ns","ns",4,0,0,1,"basura","bansra"
366,"bé","bé-last_blank","last_blank",1,7,"yl-last_blank","yl",7,0,0,1,"bebé","beyl"
408,"be","be-bi","bi",1,15,"be-ck","ck",15,0,0,1,"bebida","beckda"
465,"be","be-so","so",1,3,"rs-so","rs",3,0,0,1,"beso","rsso"
27,"be","be-st","st",1,15,"po-st","po",15,0,0,1,"bestia","postia"
501,"bi","bi-bl","bl",1,5,"bi-rn","rn",5,0,0,1,"biblia","birnia"
150,"te","te-ca","ca",1,10,"te-ní","ní",10,0,0,1,"biblioteca","bibliotení"
581,"bi","bi-en","en",1,10,"as-en","as",10,0,0,1,"bien","asen"
555,"bi","bi-ll","ll",1,26,"te-ll","te",25,1,0,1,"billete","tellete"
322,"an","an-co","co",1,13,"ri-co","ri",13,0,0,1,"blanco","blrico"
572,"je","je-last_blank","last_blank",1,78,"il-last_blank","il",78,0,0,1,"blindaje","blindail"
154,"bloquea","bloquea-do","do",2,1,"bordina-do","bordina",1,0,0,3,"bloqueado","bordinado"
545,"bo","bo-ca","ca",1,12,"bo-ll","ll",12,0,0,1,"boca","boll"
956,"bo","bo-ca","ca",1,12,"bo-ll","ll",12,0,0,1,"bocadillo","bolldillo"
828,"bo","bo-ci","ci",1,5,"za-ci","za",5,0,0,1,"bocina","zacina"
772,"bo","bo-l","l",1,11,"ie-l","ie",13,2,0,1,"bol","iel"
553,"ls","ls-il","il",1,2,"ls-la","la",2,0,0,1,"bolsillo","bolslalo"
359,"mb","mb-a","a",1,23,"zc-a","zc",23,0,0,1,"bomba","bozca"
227,"bo","bo-ni","ni",1,8,"bo-sq","sq",8,0,0,1,"bonito","bosqto"
779,"bo","bo-ta","ta",1,14,"bo-re","re",14,0,0,1,"bota","bore"
522,"bo","bo-tó","tó",1,3,"bo-ic","ic",3,0,0,1,"botón","boicn"
31,"av","av-o","o",1,12,"rs-o","rs",12,0,0,1,"bravo","brrso"
773,"br","br-il","il",1,19,"br-om","om",19,0,0,1,"brillar","bromlar"
790,"új","új-ul","ul",1,2,"ro-ul","ro",2,0,0,1,"brújula","brroula"
668,"ut","ut-al","al",1,5,"ab-al","ab",5,0,0,1,"brutal","brabal"
80,"bu","bu-en","en",1,28,"bu-rg","rg",29,1,0,1,"bueno","burgo"
711,"bu","bu-rr","rr",1,10,"bu-tt","tt",11,1,0,1,"burro","butto"
442,"ue","ue-da","da",1,5,"ji-da","ji",5,0,0,1,"búsqueda","búsqjida"
722,"first_blank","first_blank-caballe","caballe",2,2,"first_blank-cepilla","cepilla",2,0,0,2,"caballería","cepillaría"
544,"ca","ca-be","be",1,42,"ca-ri","ri",42,0,0,1,"cabello","carillo"
34,"ca","ca-bi","bi",1,8,"ca-pr","pr",8,0,0,1,"cabina","caprna"
531,"ca","ca-bl","bl",1,15,"ti-bl","ti",15,0,0,1,"cable","tible"
650,"de","de-na","na",1,20,"to-na","to",20,0,0,1,"cadena","catona"
395,"ca","ca-ja","ja",1,8,"ca-ye","ye",8,0,0,1,"caja","caye"
713,"first_blank","first_blank-calenda","calenda",2,2,"first_blank-patenta","patenta",2,0,0,1,"calendario","patentario"
35,"li","li-br","br",1,35,"li-an","an",35,0,0,1,"calibre","caliane"
313,"first_blank","first_blank-cá","cá",1,59,"first_blank-sl","sl",59,0,0,1,"cálido","sllido"
346,"li","li-en","en",1,34,"rg-en","rg",34,0,0,1,"caliente","cargente"
551,"ca","ca-lo","lo",1,28,"ca-me","me",28,0,0,1,"calor","camer"
595,"first_blank","first_blank-cáma","cáma",2,2,"first_blank-vaya","vaya",2,0,0,1,"cámara","vayara"
43,"mb","mb-ia","ia",1,24,"st-ia","st",24,0,0,1,"cambiar","castiar"
253,"mi","mi-no","no",1,26,"mi-cr","cr",26,0,0,1,"camino","camicr"
420,"first_blank","first_blank-cami","cami",2,2,"first_blank-pagá","pagá",2,0,0,1,"camisa","pagása"
870,"mp","mp-añ","añ",1,10,"mp-ru","ru",10,0,0,1,"campaña","camprua"
41,"eó","eó-n","n",1,5,"té-n","té",5,0,0,1,"campeón","camptén"
44,"ca","ca-na","na",1,43,"ti-na","ti",43,0,0,1,"canal","tinal"
42,"ca","ca-nc","nc",1,32,"ca-ta","ta",32,0,0,1,"canciller","catailler"
874,"id","id-at","at",1,8,"br-at","br",8,0,0,1,"candidato","candbrato"
968,"ca","ca-ne","ne",1,17,"do-ne","do",17,0,0,1,"canela","donela"
463,"cansa","cansa-do","do",2,1,"huesa-do","huesa",1,0,0,1,"cansado","huesado"
490,"ca","ca-nt","nt",1,74,"te-nt","te",75,1,0,1,"cantante","tentante"
936,"nt","nt-id","id",1,16,"uc-id","uc",16,0,0,1,"cantidad","caucidad"
452,"ca","ca-os","os",1,3,"ca-qu","qu",3,0,0,1,"caos","caqu"
839,"pa","pa-last_blank","last_blank",1,59,"ez-last_blank","ez",60,1,0,1,"capa","caez"
882,"ca","ca-pa","pa",1,30,"ca-mb","mb",31,1,0,1,"capacidad","cambcidad"
651,"pi","pi-ta","ta",1,37,"pi-ll","ll",37,0,0,1,"capital","capilll"
847,"cá","cá-ps","ps",1,2,"na-ps","na",2,0,0,1,"cápsula","napsula"
991,"co","co-l","l",1,4,"ka-l","ka",4,0,0,1,"caracol","carakal"
52,"rb","rb-ón","ón",1,2,"ar-ón","ar",2,0,0,1,"carbón","caarón"
869,"rg","rg-a","a",1,14,"om-a","om",14,0,0,1,"carga","caoma"
654,"ri","ri-da","da",1,42,"ri-en","en",42,0,0,1,"caridad","cariend"
138,"ri","ri-ño","ño",1,5,"ba-ño","ba",5,0,0,1,"cariño","cabaño"
37,"rn","rn-av","av",1,2,"nt-av","nt",2,0,0,1,"carnaval","cantaval"
559,"ca","ca-ro","ro",1,13,"ca-nz","nz",13,0,0,1,"caro","canz"
475,"er","er-a ","a ",1,1,"er-ou","ou",1,0,0,1,"carrera profesional","carrerouprofesional"
582,"first_blank","first_blank-ca","ca",2,1724,"aristocráti-ca","aristocráti",1,1723,0,6,"casa","aristocráticasa"
573,"ca","ca-sc","sc",1,12,"ca-ño","ño",12,0,0,1,"casco","cañoo"
236,"ig","ig-ar","ar",1,9,"ob-ar","ob",9,0,0,1,"castigar","castobar"
38,"first_blank","first_blank-católi","católi",2,4,"first_blank-chifla","chifla",4,0,0,2,"católico","chiflaco"
644,"ca","ca-va","va",1,19,"no-va","no",19,0,0,1,"cavar","novar"
141,"ca","ca-za","za",1,13,"be-za","be",13,0,0,1,"caza","beza"
39,"br","br-id","id",1,30,"ic-id","ic",30,0,0,1,"celebridad","celeicidad"
554,"first_blank","first_blank-celo","celo",2,5,"first_blank-beca","beca",5,0,0,1,"celoso","becaso"
643,"first_blank","first_blank-cé","cé",1,23,"first_blank-vá","vá",23,0,0,1,"célula","válula"
40,"ce","ce-me","me",1,8,"ce-sa","sa",8,0,0,1,"cemento","cesanto"
588,"ce","ce-na","na",1,20,"to-na","to",20,0,0,1,"cena","tona"
500,"ce","ce-ni","ni",1,7,"ju-ni","ju",7,0,0,1,"ceniza","juniza"
180,"ce","ce-rc","rc",1,14,"ce-ci","ci",14,0,0,1,"cerca","cecia"
888,"rd","rd-o","o",1,37,"sc-o","sc",36,1,0,1,"cerdo","cesco"
763,"re","re-br","br",1,8,"re-os","os",8,0,0,1,"cerebro","cereoso"
727,"cé","cé-sa","sa",1,1,"bu-sa","bu",1,0,0,1,"césar","busar"
45,"ip","ip-last_blank","last_blank",1,20,"ex-last_blank","ex",20,0,0,1,"chip","chex"
704,"is","is-me","me",1,4,"gi-me","gi",4,0,0,1,"chisme","chgime"
907,"up","up-ar","ar",1,4,"om-ar","om",4,0,0,1,"chupar","chomar"
477,"eg","eg-o","o",1,26,"iz-o","iz",26,0,0,1,"ciego","ciizo"
273,"ci","ci-el","el",1,6,"an-el","an",6,0,0,1,"cielo","anelo"
302,"ci","ci-er","er",1,57,"sp-er","sp",57,0,0,1,"cierto","sperto"
798,"ci","ci-ma","ma",1,12,"ci-pi","pi",12,0,0,1,"cima","cipi"
615,"ci","ci-ne","ne",1,23,"ci-li","li",24,1,0,1,"cine","cili"
653,"rc","rc-ul","ul",1,20,"rc-ep","ep",21,1,0,1,"circulo","circepo"
334,"ru","ru-ja","ja",1,4,"ru-mb","mb",4,0,0,1,"cirujano","cirumbno"
723,"vi","vi-l","l",1,14,"be-l","be",14,0,0,1,"civil","cibel"
706,"cl","cl-an","an",1,16,"ni-an","ni",16,0,0,1,"clan","nian"
48,"first_blank","first_blank-clara","clara",2,1,"first_blank-cabre","cabre",1,0,0,1,"claramente","cabremente"
439,"cla","cla-se","se",2,1,"jar-se","jar",1,0,0,1,"clase","jarse"
656,"av","av-o","o",1,12,"rs-o","rs",12,0,0,1,"clavo","clrso"
511,"ub","ub-last_blank","last_blank",1,6,"úl-last_blank","úl",6,0,0,1,"club","clúl"
351,"ín","ín-a","a",1,6,"ey-a","ey",6,0,0,1,"cocaína","cocaeya"
900,"co","co-ci","ci",1,23,"pe-ci","pe",23,0,0,1,"cocinar","pecinar"
515,"first_blank","first_blank-códi","códi",2,1,"first_blank-cata","cata",1,0,0,1,"código","catago"
618,"he","he-te","te",1,7,"lu-te","lu",7,0,0,1,"cohete","colute"
362,"le","le-ga","ga",1,20,"ca-ga","ca",20,0,0,1,"colega","cocaga"
127,"lg","lg-an","an",1,9,"zc-an","zc",9,0,0,1,"colgante","cozcante"
424,"co","co-li","li",1,27,"co-mo","mo",26,1,0,1,"colina","comona"
624,"lo","lo-ni","ni",1,12,"lo-mb","mb",12,0,0,1,"colonia","colomba"
344,"co","co-ma","ma",1,23,"co-in","in",23,0,0,1,"comandante","coinndante"
54,"mb","mb-at","at",1,26,"ch-at","ch",27,1,0,1,"combate","cochate"
700,"first_blank","first_blank-combina","combina",2,10,"first_blank-acomoda","acomoda",10,0,0,2,"combinación","acomodación"
822,"first_blank","first_blank-comenta","comenta",2,8,"first_blank-orienta","orienta",8,0,0,1,"comentario","orientario"
57,"rc","rc-ia","ia",1,35,"rc-el","el",33,2,0,1,"comercial","comercell"
797,"mi","mi-da","da",1,36,"mi-ti","ti",35,1,0,1,"comida","comiti"
384,"mi","mi-si","si",1,26,"mi-cr","cr",26,0,0,1,"comisión","comicrón"
55,"có","có-mo","mo",1,9,"ro-mo","ro",9,0,0,1,"cómodo","romodo"
988,"as","as-iv","iv",1,9,"as-er","er",9,0,0,1,"compasivo","compasero"
58,"et","et-en","en",1,64,"id-en","id",63,1,0,1,"competencia","compidencia"
368,"mp","mp-ra","ra",1,21,"ge-ra","ge",21,0,0,1,"comprar","cogerar"
454,"mi","mi-so","so",1,14,"mi-gr","gr",14,0,0,1,"compromiso","compromigr"
911,"ep","ep-to","to",1,17,"or-to","or",17,0,0,1,"concepto","concorto"
61,"lu","lu-si","si",1,7,"lu-ce","ce",7,0,0,1,"conclusión","concluceón"
777,"first_blank","first_blank-conda","conda",2,2,"first_blank-preda","preda",2,0,0,1,"condado","predado"
761,"uc","uc-ir","ir",1,36,"it-ir","it",36,0,0,1,"conducir","conditir"
382,"nf","nf-er","er",1,7,"br-er","br",7,0,0,1,"conferencia","cobrerencia"
303,"ia","ia-nz","nz",1,7,"ia-gu","gu",7,0,0,1,"confianza","confiagua"
386,"first_blank","first_blank-confirma","confirma",2,15,"first_blank-comporta","comporta",15,0,0,2,"confirmación","comportación"
778,"nf","nf-li","li",1,6,"nf-ro","ro",6,0,0,1,"conflicto","confrocto"
806,"ns","ns-ej","ej",1,6,"ab-ej","ab",6,0,0,1,"consejo","coabejo"
932,"first_blank","first_blank-conserva","conserva",2,19,"first_blank-continua","continua",19,0,0,2,"conservador","continuador"
63,"er","er-ar","ar",1,14,"oc-ar","oc",14,0,0,1,"considerar","considocar"
703,"first_blank","first_blank-conspira","conspira",2,7,"first_blank-comparar","comparar",7,0,0,2,"conspiración","compararción"
64,"uc","uc-ci","ci",1,24,"or-ci","or",24,0,0,1,"construcción","constrorción"
510,"ac","ac-to","to",1,34,"ni-to","ni",33,1,0,1,"contacto","contnito"
993,"first_blank","first_blank-contamina","contamina",2,5,"first_blank-obsesiona","obsesiona",5,0,0,4,"contaminación","obsesionación"
68,"nt","nt-ar","ar",1,68,"sc-ar","sc",64,4,0,1,"contar","coscar"
65,"nt","nt-ie","ie",1,22,"en-ie","en",22,0,0,1,"contiene","coeniene"
88,"in","in-ua","ua",1,7,"in-ne","ne",7,0,0,1,"continuar","continner"
136,"ra","ra-ta","ta",1,22,"ns-ta","ns",21,1,0,1,"contratar","contnstar"
478,"ra","ra-to","to",1,35,"ra-ba","ba",34,1,0,1,"contrato","contraba"
66,"ro","ro-l","l",1,11,"te-l","te",11,0,0,1,"control","conttel"
857,"ro","ro-la","la",1,21,"ro-pe","pe",21,0,0,1,"controlar","controper"
512,"sa","sa-ci","ci",1,8,"tu-ci","tu",8,0,0,1,"conversacion","convertucion"
808,"co","co-ra","ra",1,31,"co-pi","pi",31,0,0,1,"coraje","copije"
75,"co","co-ro","ro",1,14,"ti-ro","ti",14,0,0,1,"corona","tirona"
251,"rr","rr-ec","ec",1,22,"rr-as","as",22,0,0,1,"correcto","corrasto"
162,"rr","rr-eo","eo",1,6,"rr-ag","ag",6,0,0,1,"correo","corrag"
539,"rr","rr-er","er",1,20,"pu-er","pu",20,0,0,1,"correr","copuer"
414,"rt","rt-e","e",1,112,"om-e","om",110,2,0,1,"corte","coome"
662,"rt","rt-és","és",1,1,"rt-hr","hr",1,0,0,1,"cortés","corthr"
73,"crea","crea-ción","ción",2,1,"jena-ción","jena",1,0,0,1,"creación","jenación"
72,"cr","cr-ea","ea",1,32,"cr-it","it",35,3,0,1,"crear","critr"
736,"éd","éd-it","it",1,2,"rl-it","rl",2,0,0,1,"crédito","crrlito"
71,"em","em-a","a",1,18,"gi-a","gi",18,0,0,1,"crema","crgia"
74,"first_blank","first_blank-críti","críti",2,4,"first_blank-costo","costo",4,0,0,1,"crítico","costoco"
69,"br","br-ir","ir",1,18,"un-ir","un",18,0,0,1,"cubrir","cuunir"
747,"first_blank","first_blank-cucha","cucha",2,2,"first_blank-colma","colma",2,0,0,1,"cuchara","colmara"
678,"cu","cu-er","er",1,27,"cu-ad","ad",27,0,0,1,"cuerpo","cuadpo"
859,"cu","cu-lo","lo",1,35,"ta-lo","ta",33,2,0,1,"culo","talo"
402,"lt","lt-ur","ur",1,19,"ne-ur","ne",19,0,0,1,"cultura","cuneura"
667,"mp","mp-li","li",1,51,"bi-li","bi",51,0,0,1,"cumplido","cubilido"
631," d"," d-e","e",1,1,"uw-e","uw",1,0,0,1,"darse cuenta de","darse cuentauwe"
687,"da","da-to","to",1,5,"da-ve","ve",5,0,0,1,"datos","daves"
986,"de","de- m"," m",1,1,"de-nv","nv",1,0,0,1,"de moda","denvoda"
765,"de","de- r"," r",1,1,"de-ly","ly",1,0,0,1,"de repente","delyepente"
973,"de","de- v"," v",1,1,"de-nz","nz",1,0,0,1,"de vez en cuando","denzez en cuando"
751,"ca","ca-no","no",1,23,"ca-ma","ma",23,0,0,1,"decano","decama"
260,"ci","ci-r","r",1,9,"bo-r","bo",9,0,0,1,"decir","debor"
552,"de","de-do","do",1,12,"un-do","un",12,0,0,1,"dedo","undo"
293,"delga","delga-do","do",2,1,"serta-do","serta",1,0,0,1,"delgado","sertado"
879,"first_blank","first_blank-delica","delica",2,4,"first_blank-solita","solita",4,0,0,1,"delicado","solitado"
815,"de","de-ma","ma",1,22,"de-an","an",22,0,0,1,"demanda","deannda"
881,"et","et-ir","ir",1,9,"fr-ir","fr",9,0,0,1,"derretir","derrfrir"
998,"agradable","agradable-last_blank","last_blank",2,1,"igualable-last_blank","igualable",1,0,0,1,"desagradable","desigualable"
248,"an","an-so","so",1,6,"an-ez","ez",6,0,0,1,"descanso","descanez"
81,"bi","bi-r","r",1,8,"po-r","po",8,0,0,1,"describir","descripor"
871,"encadenar","encadenar-last_blank","last_blank",2,1,"encuentro-last_blank","encuentro",1,0,0,2,"desencadenar","desencuentro"
83,"seo","seo-last_blank","last_blank",2,1,"kie-last_blank","kie",1,0,0,1,"deseo","dekie"
954,"first_blank","first_blank-desgracia","desgracia",2,4,"first_blank-disfrazar","disfrazar",4,0,0,3,"desgraciado","disfrazardo"
82,"sierto","sierto-last_blank","last_blank",2,1,"electo-last_blank","electo",1,0,0,1,"desierto","deelecto"
844,"de","de-sn","sn",1,25,"de-re","re",26,1,0,1,"desnudo","dereudo"
548,"er","er-di","di",1,14,"er-za","za",14,0,0,1,"desperdicio","desperzacio"
904,"in","in-o","o",1,92,"rl-o","rl",95,3,0,1,"destino","destrlo"
987,"first_blank","first_blank-detona","detona",2,11,"first_blank-hereda","hereda",11,0,0,2,"detonador","heredador"
569,"di","di-am","am",1,8,"di-et","et",8,0,0,1,"diamante","dietante"
935,"di","di-ar","ar",1,10,"di-rt","rt",10,0,0,1,"diarrea","dirtrea"
981,"first_blank","first_blank-dicciona","dicciona",2,2,"first_blank-maricona","maricona",2,0,0,2,"diccionario","mariconario"
634,"fí","fí-ci","ci",1,2,"se-ci","se",2,0,0,1,"difícil","disecil"
945,"na","na-st","st",1,14,"na-ga","ga",14,0,0,1,"dinastía","dinagaía"
636,"ro","ro- e"," e",1,1,"ro-ac","ac",1,0,0,1,"dinero en efectivo","dineroacn efectivo"
121,"di","di-os","os",1,16,"rt-os","rt",16,0,0,1,"dios","rtos"
850,"di","di-pl","pl",1,3,"ta-pl","ta",3,0,0,1,"diploma","taploma"
485,"re","re-ct","ct",1,36,"re-du","du",36,0,0,1,"directo","direduo"
391,"ar","ar-o","o",1,25,"rn-o","rn",26,1,0,1,"disparo","disprno"
85,"an","an-ci","ci",1,54,"li-ci","li",55,1,0,1,"distancia","distlicia"
343,"di","di-vo","vo",1,14,"di-gn","gn",14,0,0,1,"divorcio","dignrcio"
734,"do","do-bl","bl",1,24,"do-re","re",25,1,0,1,"doble","doree"
776,"first_blank","first_blank-dora","dora",2,4,"first_blank-odio","odio",4,0,0,1,"dorado","odiodo"
306,"first_blank","first_blank-do","do",1,410,"first_blank-fi","fi",388,22,0,1,"dos","fis"
579,"do","do-si","si",1,3,"do-ca","ca",3,0,0,1,"dosis","docas"
426,"dr","dr-am","am",1,10,"al-am","al",10,0,0,1,"drama","alama"
89,"first_blank","first_blank-dramáti","dramáti",2,4,"first_blank-grandio","grandio",4,0,0,3,"dramático","grandioco"
602,"du","du-ch","ch",1,15,"ni-ch","ni",15,0,0,1,"ducha","nicha"
86,"du","du-da","da",1,6,"du-je","je",6,0,0,1,"duda","duje"
591,"du","du-lc","lc",1,6,"fa-lc","fa",6,0,0,1,"dulce","falce"
726,"first_blank","first_blank-dv","dv",1,5,"first_blank-ña","ña",5,0,0,1,"dvd","ñad"
358,"el","el- v"," v",1,1,"el-ad","ad",1,0,0,1,"el verano","eladerano"
508,"ec","ec-ci","ci",1,52,"ec-er","er",52,0,0,1,"elección","elecerón"
878,"im","im-in","in",1,34,"im-pa","pa",34,0,0,1,"eliminar","elimpaar"
93,"embaja","embaja-da","da",2,1,"ampara-da","ampara",1,0,0,1,"embajada","amparada"
11,"first_blank","first_blank-embaja","embaja",2,5,"first_blank-ensaya","ensaya",5,0,0,1,"embajador","ensayador"
438,"first_blank","first_blank-empre","empre",2,2,"first_blank-impli","impli",2,0,0,1,"empresa","implisa"
861,"em","em-pu","pu",1,25,"em-an","an",25,0,0,1,"empujar","emanjar"
92,"arte","arte-last_blank","last_blank",2,1,"atan-last_blank","atan",1,0,0,1,"en otra parte","en otra patan"
460," v"," v-iv","iv",1,1,"xx-iv","xx",1,0,0,1,"en vivo","enxxivo"
740,"ca","ca-nt","nt",1,74,"te-nt","te",75,1,0,1,"encanto","entento"
470,"first_blank","first_blank-enemi","enemi",2,3,"first_blank-expli","expli",3,0,0,1,"enemigo","expligo"
541,"er","er-gí","gí",1,2,"er-ío","ío",2,0,0,1,"energía","eneríoa"
810,"rm","rm-o","o",1,8,"lg-o","lg",8,0,0,1,"enfermo","enfelgo"
516,"en","en-fo","fo",1,13,"en-tá","tá",13,0,0,1,"enfocar","entácar"
690,"first_blank","first_blank-eno","eno",2,30,"first_blank-rea","rea",34,4,0,1,"enojo","reajo"
51,"entrena","entrena-dor","dor",2,1,"hollina-dor","hollina",1,0,0,3,"entrenador","hollinador"
347,"en","en-ar","ar",1,12,"en-ía","ía",12,0,0,1,"entrenar","entrenía"
715,"as","as-mo","mo",1,4,"va-mo","va",4,0,0,1,"entusiasmo","entusivamo"
817,"br","br-io","io",1,10,"br-ow","ow",10,0,0,1,"equilibrio","equilibrow"
812,"po","po-last_blank","last_blank",1,55,"it-last_blank","it",55,0,0,1,"equipo","equiit"
782,"ro","ro-r","r",1,3,"hu-r","hu",3,0,0,1,"error","erhur"
482,"escala","escala-da","da",2,1,"ampara-da","ampara",1,0,0,2,"escalada","amparada"
524,"av","av-o","o",1,12,"ij-o","ij",12,0,0,1,"esclavo","esclijo"
766,"co","co-ge","ge",1,52,"co-rd","rd",51,1,0,1,"escoger","escordr"
820,"co","co-lt","lt",1,14,"co-je","je",14,0,0,1,"escolta","escojea"
864,"es","es-cr","cr",1,81,"es-en","en",81,0,0,1,"escritorio","esenitorio"
367,"ch","ch-a","a",1,46,"ul-a","ul",46,0,0,1,"escucha","escuula"
130,"cu","cu-ch","ch",1,49,"cu-mp","mp",48,1,0,1,"escuchando","escumpando"
360,"first_blank","first_blank-espa","espa",2,2,"first_blank-anua","anua",2,0,0,1,"espada","anuada"
459,"pa","pa-ld","ld",1,4,"pa-ge","ge",4,0,0,1,"espalda","espagea"
461,"pe","pe-ci","ci",1,23,"co-ci","co",23,0,0,1,"especial","escocial"
142,"pe","pe-ji","ji",1,4,"di-ji","di",4,0,0,1,"espejismo","esdijismo"
139,"pe","pe-ra","ra",1,40,"pe-le","le",40,0,0,1,"esperar","espeler"
312,"pe","pe-re","re",1,42,"mb-re","mb",43,1,0,1,"espere","esmbre"
401,"pi","pi-ar","ar",1,7,"pi-ec","ec",7,0,0,1,"espiar","espiec"
994,"pi","pi-na","na",1,16,"pi-lo","lo",16,0,0,1,"espinal","espilol"
970,"pi","pi-on","on",1,8,"at-on","at",8,0,0,1,"espionaje","esatonaje"
437,"first_blank","first_blank-espo","espo",2,4,"first_blank-topa","topa",4,0,0,1,"esposo","topaso"
67,"in","in-a","a",1,161,"ll-a","ll",161,0,0,1,"esquina","esqulla"
279,"ta","ta-di","di",1,13,"or-di","or",13,0,0,1,"estadio","esordio"
739,"esta","esta-do","do",2,1,"cupa-do","cupa",1,0,0,1,"estado","cupado"
685,"ma","ma-go","go",1,8,"ur-go","ur",8,0,0,1,"estómago","estóurgo"
664,"tr","tr-ec","ec",1,16,"tr-ég","ég",16,0,0,1,"estrecho","estrégho"
283,"tr","tr-és","és",1,3,"tr-eñ","eñ",3,0,0,1,"estrés","estreñ"
337,"tu","tu-di","di",1,18,"pi-di","pi",18,0,0,1,"estudiante","espidiante"
98,"first_blank","first_blank-et","et",1,47,"first_blank-sm","sm",47,0,0,1,"eterno","smerno"
799,"ev","ev-id","id",1,6,"ál-id","ál",6,0,0,1,"evidencia","álidencia"
523,"it","it-ar","ar",1,28,"te-ar","te",28,0,0,1,"evitar","evtear"
926,"uc","uc-ió","ió",1,14,"ns-ió","ns",14,0,0,1,"evolución","evolnsión"
957,"ex","ex-am","am",1,2,"íd-am","íd",2,0,0,1,"examen","ídamen"
100,"minar","minar-last_blank","last_blank",2,2,"riana-last_blank","riana",2,0,0,1,"examinar","exariana"
101,"ex","ex-ce","ce",1,37,"no-ce","no",36,1,0,1,"excelente","nocelente"
960,"ex","ex-ce","ce",1,37,"no-ce","no",36,1,0,1,"excepcional","nocepcional"
520,"ex","ex-ci","ci",1,14,"ce-ci","ce",14,0,0,1,"excitante","cecitante"
603,"ex","ex-cu","cu",1,13,"su-cu","su",13,0,0,1,"excursión","sucursión"
374,"éx","éx-it","it",1,2,"añ-it","añ",2,0,0,1,"éxito","añito"
474,"di","di-en","en",1,55,"tr-en","tr",55,0,0,1,"expediente","expetrente"
593,"ri","ri-en","en",1,42,"em-en","em",42,0,0,1,"experiencia","expeemencia"
381,"ri","ri-me","me",1,26,"ri-qu","qu",26,0,0,1,"experimentar","experiquntar"
492,"rt","rt-o","o",1,31,"az-o","az",31,0,0,1,"experto","expeazo"
999,"explica","explica-ción","ción",2,1,"vindica-ción","vindica",1,0,0,2,"explicación","vindicación"
826,"ot","ot-ar","ar",1,17,"rg-ar","rg",17,0,0,1,"explotar","explrgar"
948,"tr","tr-a","a",1,46,"ch-a","ch",46,0,0,1,"extra","excha"
102,"first_blank","first_blank-extremada","extremada",2,1,"first_blank-extradita","extradita",1,0,0,2,"extremadamente","extraditamente"
103,"first_blank","first_blank-fábri","fábri",2,2,"first_blank-cítri","cítri",2,0,0,1,"fábrica","cítrica"
670,"fa","fa-ct","ct",1,27,"pe-ct","pe",27,0,0,1,"factor","pector"
620,"fa","fa-ld","ld",1,7,"fa-ta","ta",7,0,0,1,"falda","fataa"
104,"ls","ls-o","o",1,9,"nk-o","nk",9,0,0,1,"falso","fanko"
702,"first_blank","first_blank-fa","fa",2,451,"first_blank-des","des",464,13,1,1,"fase","desse"
106,"fe","fe-de","de",1,9,"au-de","au",9,0,0,1,"federal","auderal"
62,"fe","fe-li","li",1,28,"va-li","va",28,0,0,1,"felicitar","valicitar"
212,"nó","nó-me","me",1,3,"nó-to","to",3,0,0,1,"fenómeno","fenótono"
107,"fi","fi-de","de",1,9,"ér-de","ér",9,0,0,1,"fidelidad","érdelidad"
213,"fí","fí-a","a",1,4,"sn-a","sn",4,0,0,1,"filosofía","filososna"
94,"fi","fi-na","na",1,39,"fi-ci","ci",39,0,0,1,"final","ficil"
860,"first_blank","first_blank-final","final",2,1,"first_blank-birla","birla",1,0,0,1,"finalmente","birlamente"
985,"first_blank","first_blank-financial","financial",2,1,"first_blank-denuncias","denuncias",1,0,0,2,"financialmente","denunciasmente"
108,"nz","nz-as","as",1,18,"ac-as","ac",18,0,0,1,"finanzas","finaacas"
109,"rm","rm-a","a",1,17,"mí-a","mí",17,0,0,1,"firma","fimía"
792,"first_blank","first_blank-firme","firme",2,2,"first_blank-fílmi","fílmi",2,0,0,1,"firmemente","fílmimente"
214,"físi","físi-ca","ca",2,1,"máti-ca","máti",1,0,0,1,"física","mática"
116,"first_blank","first_blank-formula","formula",2,5,"first_blank-circula","circula",5,0,0,1,"formulario","circulario"
892,"ag","ag-me","me",1,2,"ró-me","ró",2,0,0,1,"fragmento","frrómento"
577,"ue","ue-nc","nc",1,12,"li-nc","li",12,0,0,1,"frecuencia","freclincia"
393,"fu","fu-eg","eg",1,2,"fu-hr","hr",2,0,0,1,"fuego","fuhro"
278,"fu","fu-en","en",1,3,"nj-en","nj",3,0,0,1,"fuente","njente"
204,"fu","fu-er","er",1,32,"rd-er","rd",32,0,0,1,"fuera","rdera"
205,"er","er-a ","a ",1,1,"er-cu","cu",1,0,0,1,"fuera de","fuercude"
331,"fu","fu-er","er",1,32,"rd-er","rd",32,0,0,1,"fuerte","rderte"
282,"fu","fu-er","er",1,32,"rd-er","rd",32,0,0,1,"fuerza","rderza"
198,"fu","fu-nc","nc",1,18,"vi-nc","vi",18,0,0,1,"funcionar","vincionar"
506,"tu","tu-ro","ro",1,4,"fo-ro","fo",4,0,0,1,"futuro","fuforo"
928,"ne","ne-te","te",1,9,"at-te","at",9,0,0,1,"gabinete","gabiatte"
496,"first_blank","first_blank-gale","gale",2,4,"first_blank-obli","obli",4,0,0,1,"galería","obliría"
566,"ga","ga-na","na",1,21,"so-na","so",21,0,0,1,"ganancia","sonancia"
117,"ga","ga-na","na",1,21,"an-na","an",21,0,0,1,"ganar","annar"
890,"ns","ns-o","o",1,18,"aj-o","aj",18,0,0,1,"ganso","gaajo"
609,"ga","ga-ra","ra",1,27,"cu-ra","cu",27,0,0,1,"garantía","curantía"
604,"ga","ga-rg","rg",1,4,"ga-ci","ci",4,0,0,1,"garganta","gacianta"
600,"ga","ga-s","s",1,45,"ei-s","ei",47,2,0,1,"gas","eis"
353,"first_blank","first_blank-gene","gene",3,14,"first_blank-anda","anda",14,0,0,1,"generador","andarador"
332,"ge","ge-ne","ne",1,37,"co-ne","co",37,0,0,1,"general","coneral"
118,"ni","ni-o","o",1,24,"rg-o","rg",24,0,0,1,"genio","gergo"
164,"ge","ge-re","re",1,12,"og-re","og",12,0,0,1,"gerente","ogrente"
119,"ge","ge-st","st",1,23,"mi-st","mi",23,0,0,1,"gesto","misto"
305,"gi","gi-ra","ra",1,16,"lo-ra","lo",16,0,0,1,"girar","lorar"
831,"first_blank","first_blank-glorio","glorio",2,5,"first_blank-colora","colora",5,0,0,2,"glorioso","coloraso"
333,"goberna","goberna-dor","dor",2,1,"hollina-dor","hollina",1,0,0,2,"gobernador","hollinador"
404,"lf","lf-last_blank","last_blank",1,17,"yó-last_blank","yó",17,0,0,1,"golf","goyó"
897,"lp","lp-ea","ea",1,9,"nd-ea","nd",9,0,0,1,"golpear","gondear"
583,"first_blank","first_blank-gr","gr",1,436,"first_blank-as","as",436,0,0,1,"grande","asande"
923,"first_blank","first_blank-gr","gr",1,436,"first_blank-mu","mu",437,1,0,1,"grano","muano"
70,"gr","gr-ie","ie",1,15,"gr-as","as",15,0,0,1,"grieta","grasta"
112,"gr","gr-ip","ip",1,3,"gr-ed","ed",3,0,0,1,"gripe","grede"
901,"ar","ar-di","di",1,33,"ar-ta","ta",33,0,0,1,"guardia","guartaa"
369,"gu","gu-er","er",1,18,"al-er","al",18,0,0,1,"guerra","alerra"
939,"gu","gu-sa","sa",1,5,"gu-ac","ac",5,0,0,1,"gusano","guacno"
443,"first_blank","first_blank-gu","gu",1,320,"first_blank-ag","ag",321,1,0,1,"gusto","agsto"
964,"bi","bi-li","li",1,51,"mp-li","mp",51,0,0,1,"habilitar","hamplitar"
584,"first_blank","first_blank-habita","habita",2,9,"first_blank-quitar","quitar",9,0,0,2,"habitación","quitarción"
865,"bl","bl-a","a",1,7,"rb-a","rb",7,0,0,1,"habla","harba"
435,"bl","bl-ar","ar",1,13,"ut-ar","ut",13,0,0,1,"hablar","hautar"
163,"ha","ha-ce","ce",1,33,"in-ce","in",34,1,0,1,"hacer","incer"
893,"ha","ha-la","la",1,24,"te-la","te",24,0,0,1,"halagar","telagar"
920,"ha","ha-mb","mb",1,10,"ha-bé","bé",10,0,0,1,"hambre","habére"
134,"he","he-re","re",1,31,"ag-re","ag",31,0,0,1,"herencia","agrencia"
560,"he","he-ri","ri",1,26,"ch-ri","ch",26,0,0,1,"herida","chrida"
335,"first_blank","first_blank-he","he",1,404,"first_blank-at","at",406,2,0,1,"hermana","atrmana"
135,"hé","hé-ro","ro",1,2,"go-ro","go",2,0,0,1,"héroe","goroe"
781,"rr","rr-am","am",1,18,"nt-am","nt",19,1,0,1,"herramienta","hentamienta"
390,"first_blank","first_blank-hi","hi",1,328,"first_blank-no","no",328,0,0,1,"hija","noja"
131,"ho","ho-la","la",1,6,"su-la","su",6,0,0,1,"hola","sula"
165,"ho","ho-mb","mb",1,11,"ho-lo","lo",11,0,0,1,"hombre","holore"
608,"mb","mb-ro","ro",1,8,"du-ro","du",8,0,0,1,"hombro","hoduro"
575,"ho","ho-rm","rm",1,10,"ve-rm","ve",10,0,0,1,"hormigón","vermigón"
793,"ho","ho-rm","rm",1,10,"ce-rm","ce",10,0,0,1,"hormona","cermona"
877,"rn","rn-o","o",1,26,"iz-o","iz",26,0,0,1,"horno","hoizo"
140,"rr","rr-or","or",1,15,"ns-or","ns",15,0,0,1,"horror","honsor"
340,"sp","sp-it","it",1,12,"om-it","om",12,0,0,1,"hospital","hoomital"
749,"it","it-al","al",1,16,"it-id","id",16,0,0,1,"hospitalidad","hospitididad"
341,"ho","ho-te","te",1,8,"ho-bb","bb",8,0,0,1,"hotel","hobbl"
676,"y ","y -di","di",1,1,"sh-di","sh",1,0,0,1,"hoy dia","hoshdia"
449,"es","es-o","o",1,24,"rg-o","rg",24,0,0,1,"hueso","hurgo"
746,"hu","hu-ir","ir",1,9,"et-ir","et",9,0,0,1,"huir","etir"
830,"mi","mi-ld","ld",1,5,"ha-ld","ha",5,0,0,1,"humilde","huhalde"
275,"hu","hu-mo","mo",1,5,"hu-ev","ev",5,0,0,1,"humo","huev"
942,"ra","ra-cá","cá",1,1,"ra-he","he",1,0,0,1,"huracán","hurahen"
574,"hu","hu-rt","rt",1,6,"hu-ye","ye",6,0,0,1,"hurto","huyeo"
354,"id","id-ea","ea",1,9,"id-ér","ér",9,0,0,1,"idea","idér"
364,"id","id-ea","ea",1,9,"id-it","it",9,0,0,1,"ideal","iditl"
764,"ig","ig-le","le",1,4,"pu-le","pu",4,0,0,1,"iglesia","pulesia"
843,"first_blank","first_blank-ig","ig",1,50,"first_blank-sí","sí",50,0,0,1,"ignorancia","sínorancia"
380,"eg","eg-al","al",1,3,"eg-im","im",3,0,0,1,"ilegal","ilegim"
590,"im","im-ag","ag",1,39,"im-pu","pu",39,0,0,1,"imagen","impuen"
971,"imagina","imagina-ción","ción",2,1,"vindica-ción","vindica",1,0,0,3,"imaginación","vindicación"
759,"ri","ri-al","al",1,29,"ri-bi","bi",28,1,0,1,"imperial","imperibi"
167,"rt","rt-ar","ar",1,21,"ur-ar","ur",20,1,0,1,"importar","impourar"
550,"si","si-bl","bl",1,28,"si-ci","ci",28,0,0,1,"imposible","imposicie"
143,"es","es-ió","ió",1,16,"es-al","al",15,1,0,1,"impresión","impresaln"
619,"na","na-nt","nt",1,29,"pi-nt","pi",29,0,0,1,"impresionante","impresiopinte"
969,"in","in-ca","ca",1,23,"in-fi","fi",22,1,0,1,"incapacidad","infipacidad"
519,"in","in-ci","ci",1,67,"lu-ci","lu",67,0,0,1,"incidente","lucidente"
309,"in","in-có","có",1,8,"in-uy","uy",8,0,0,1,"incómodo","inuymodo"
585,"rr","rr-ec","ec",1,22,"rr-as","as",22,0,0,1,"incorrecto","incorrasto"
922,"de","de-fe","fe",1,47,"de-nt","nt",47,0,0,1,"indefenso","indentnso"
144,"du","du-st","st",1,11,"du-ce","ce",11,0,0,1,"industria","induceria"
484,"ue","ue-nc","nc",1,12,"li-nc","li",12,0,0,1,"influencia","infllincia"
245,"in","in-fo","fo",1,30,"in-cu","cu",29,1,0,1,"informe","incurme"
495,"ni","ni-er","er",1,10,"ni-gh","gh",10,0,0,1,"ingeniero","ingenigho"
318,"first_blank","first_blank-ingenio","ingenio",2,5,"first_blank-integra","integra",5,0,0,2,"ingenioso","integraso"
177,"nu","nu-o","o",1,1,"gg-o","gg",1,0,0,1,"ingenuo","ingeggo"
325,"gl","gl-és","és",1,1,"ms-és","ms",1,0,0,1,"inglés","inmsés"
96,"es","es-ar","ar",1,14,"le-ar","le",14,0,0,1,"ingresar","ingrlear"
145,"in","in-ju","ju",1,11,"in-mo","mo",11,0,0,1,"injusticia","inmosticia"
336,"cente","cente-last_blank","last_blank",2,1,"sertó-last_blank","sertó",1,0,0,1,"inocente","inosertó"
982,"il","il-in","in",1,8,"sp-in","sp",8,0,0,1,"inquilino","inquspino"
934,"se","se-rt","rt",1,9,"se-na","na",9,0,0,1,"insertar","insenaar"
697,"gn","gn-ia","ia",1,2,"gn-om","om",2,0,0,1,"insignia","insignom"
617,"to","to-r","r",1,56,"ma-r","ma",56,0,0,1,"inspector","inspecmar"
719,"ir","ir-ar","ar",1,5,"lv-ar","lv",5,0,0,1,"inspirar","insplvar"
925,"in","in-st","st",1,69,"li-st","li",69,0,0,1,"instinto","listinto"
824,"lt","lt-o","o",1,18,"ns-o","ns",18,0,0,1,"insulto","insunso"
594,"te","te-li","li",1,12,"ap-li","ap",12,0,0,1,"inteligente","inapligente"
146,"rn","rn-ac","ac",1,5,"it-ac","it",5,0,0,1,"internacional","inteitacional"
741,"rn","rn-et","et",1,15,"ch-et","ch",15,0,0,1,"internet","intechet"
671,"rn","rn-o","o",1,26,"iz-o","iz",26,0,0,1,"interno","inteizo"
738,"rrumpir","rrumpir-last_blank","last_blank",3,1,"agrupar-last_blank","agrupar",1,0,0,1,"interrumpir","inteagrupar"
868,"til","til-last_blank","last_blank",2,1,"foy-last_blank","foy",1,0,0,1,"inútil","inúfoy"
534,"va","va-si","si",1,14,"pu-si","pu",14,0,0,1,"invasión","inpusión"
599,"first_blank","first_blank-investiga","investiga",2,20,"first_blank-sacrifica","sacrifica",16,4,0,5,"investigación","sacrificación"
672,"on","on-ía","ía",1,20,"on-en","en",20,0,0,1,"ironía","ironen"
983,"na","na-bl","bl",1,11,"na-de","de",11,0,0,1,"irrazonable","irrazonadee"
499,"ja","ja-zz","zz",1,2,"ja-is","is",2,0,0,1,"jazz","jais"
873,"eg","eg-o","o",1,26,"rn-o","rn",26,0,0,1,"juego","jurno"
436,"ju","ju-ga","ga",1,6,"ma-ga","ma",6,0,0,1,"jugar","magar"
503,"ni","ni-o","o",1,24,"es-o","es",24,0,0,1,"junio","jueso"
509,"ju","ju-ra","ra",1,11,"la-ra","la",11,0,0,1,"jurar","larar"
717,"sd","sd-ic","ic",1,6,"ef-ic","ef",6,0,0,1,"jurisdicción","jurieficción"
731,"ju","ju-st","st",1,32,"la-st","la",31,1,0,1,"justo","lasto"
562,"nt","nt-ud","ud",1,2,"nt-eo","eo",2,0,0,1,"juventud","juventeo"
757,"ki","ki-lo","lo",1,9,"ba-lo","ba",9,0,0,1,"kilo","balo"
406,"ló","ló-me","me",1,2,"rá-me","rá",2,0,0,1,"kilómetro","kirámetro"
612,"la","la- r"," r",1,1,"la-ik","ik",1,0,0,1,"la red","laiked"
786,"bi","bi-o","o",1,21,"ne-o","ne",21,0,0,1,"labio","laneo"
292,"dr","dr-ón","ón",1,1,"ut-ón","ut",1,0,0,1,"ladrón","lautón"
290,"first_blank","first_blank-lá","lá",1,37,"first_blank-zi","zi",37,0,0,1,"lágrima","zigrima"
432,"first_blank","first_blank-lámpa","lámpa",2,2,"first_blank-raspa","raspa",2,0,0,1,"lámpara","raspara"
837,"bi","bi-al","al",1,5,"bi-tr","tr",5,0,0,1,"lápiz labial","lápiz labitr"
965,"sa","sa-ña","ña",1,3,"sa-iy","iy",3,0,0,1,"lasaña","lasaiy"
613,"le","le-al","al",1,4,"le-jí","jí",4,0,0,1,"leal","lejí"
159,"al","al-ta","ta",1,24,"na-ta","na",24,0,0,1,"lealtad","lenatad"
172,"ch","ch-e","e",1,39,"ic-e","ic",39,0,0,1,"leche","leice"
328,"le","le-er","er",1,14,"rv-er","rv",14,0,0,1,"leer","rver"
760,"gi","gi-ón","ón",1,3,"gi-as","as",3,0,0,1,"legión","legias"
235,"gu","gu-mb","mb",1,4,"tú-mb","tú",4,0,0,1,"legumbres","letúmbres"
647,"first_blank","first_blank-lenta","lenta",2,1,"first_blank-wendi","wendi",1,0,0,1,"lentamente","wendimente"
120,"le","le-nt","nt",1,77,"ra-nt","ra",73,4,0,1,"lentes","rantes"
446,"le","le-nt","nt",1,77,"ra-nt","ra",73,4,0,1,"lento","ranto"
494,"lésbi","lésbi-co","co",2,1,"sérti-co","sérti",1,0,0,1,"lésbico","sértico"
543,"first_blank","first_blank-le","le",1,459,"first_blank-qu","qu",442,17,0,1,"ley","quy"
239,"ye","ye-nd","nd",1,20,"ja-nd","ja",20,0,0,1,"leyendo","lejando"
513,"rt","rt-ad","ad",1,8,"rt-ió","ió",8,0,0,1,"libertad","libertió"
429,"br","br-a","a",1,32,"cí-a","cí",32,0,0,1,"libra","licía"
716,"first_blank","first_blank-libre","libre",2,4,"first_blank-sabro","sabro",4,0,0,1,"libremente","sabromente"
918,"first_blank","first_blank-li","li",2,473,"first_blank-des","des",464,9,1,1,"liga","desga"
978,"first_blank","first_blank-limona","limona",2,2,"first_blank-semina","semina",2,0,0,1,"limonada","seminada"
47,"mp","mp-io","io",1,6,"ad-io","ad",6,0,0,1,"limpio","liadio"
152,"lí","lí-qu","qu",1,3,"na-qu","na",3,0,0,1,"líquido","naquido"
389,"li","li-st","st",1,69,"li-za","za",67,2,0,1,"listo","lizao"
811,"first_blank","first_blank-literal","literal",2,1,"first_blank-lntenta","lntenta",1,0,0,2,"literalmente","lntentamente"
36,"llama","llama-da","da",2,1,"aliña-da","aliña",1,0,0,1,"llamada","aliñada"
467,"av","av-e","e",1,15,"il-e","il",15,0,0,1,"llave","llile"
528,"llega","llega-da","da",2,1,"rroga-da","rroga",1,0,0,1,"llegada","rrogada"
17,"eg","eg-ar","ar",1,14,"oc-ar","oc",14,0,0,1,"llegar","llocar"
373,"ll","ll-uv","uv",1,2,"ll-ái","ái",2,0,0,1,"lluvia","lláiia"
743,"lo","lo-cu","cu",1,11,"pe-cu","pe",11,0,0,1,"locura","pecura"
696,"lo","lo-do","do",1,1,"zu-do","zu",1,0,0,1,"lodo","zudo"
217,"lu","lu-ga","ga",1,9,"ra-ga","ra",9,0,0,1,"lugar","ragar"
768,"lu","lu-na","na",1,3,"ai-na","ai",3,0,0,1,"luna","aina"
952,"lu","lu-na","na",1,3,"lu-cc","cc",3,0,0,1,"lunar","luccr"
458,"lu","lu-ne","ne",1,2,"og-ne","og",2,0,0,1,"lunes","ognes"
327,"ma","ma-dr","dr",1,21,"ma-ti","ti",21,0,0,1,"madre","matie"
674,"ma","ma-fi","fi",1,2,"ma-po","po",2,0,0,1,"mafia","mapoa"
160,"gi","gi-a","a",1,18,"ej-a","ej",18,0,0,1,"magia","maeja"
161,"first_blank","first_blank-magnéti","magnéti",2,4,"first_blank-talento","talento",4,0,0,3,"magnético","talentoco"
787,"st","st-ad","ad",1,5,"ac-ad","ac",5,0,0,1,"majestad","majeacad"
99,"ma","ma-l","l",1,18,"ri-l","ri",13,5,0,1,"mal","ril"
561,"dición","dición-last_blank","last_blank",2,1,"gieron-last_blank","gieron",1,0,0,2,"maldición","malgieron"
32,"le","le-tí","tí",1,2,"le-co","co",2,0,0,1,"maletín","malecon"
298,"ma","ma-ña","ña",1,10,"ma-ck","ck",10,0,0,1,"mañana","mackna"
56,"ma","ma-nd","nd",1,108,"ié-nd","ié",119,11,0,1,"mando","iéndo"
126,"ma","ma-no","no",1,41,"ma-st","st",35,6,0,1,"mano","mast"
530,"nt","nt-a","a",1,90,"el-a","el",93,3,0,1,"manta","maela"
745,"ma","ma-nz","nz",1,6,"pi-nz","pi",6,0,0,1,"manzana","pinzana"
398,"ma","ma-r","r",1,56,"ie-r","ie",50,6,0,1,"mar","ier"
846,"ra","ra-tó","tó",1,4,"ra-cu","cu",4,0,0,1,"maratón","maracun"
415,"first_blank","first_blank-maravillo","maravillo",2,5,"first_blank-manipular","manipular",5,0,0,4,"maravilloso","manipularso"
914,"rc","rc-a","a",1,24,"ez-a","ez",24,0,0,1,"marca","maeza"
845,"ri","ri-na","na",1,34,"ri-es","es",33,1,0,1,"marina","maries"
365,"first_blank","first_blank-maripo","maripo",2,2,"first_blank-marchá","marchá",2,0,0,1,"mariposa","marchása"
33,"rr","rr-ón","ón",1,8,"rr-oj","oj",8,0,0,1,"marrón","marroj"
166,"first_blank","first_blank-mar","mar",2,3,"first_blank-ace","ace",3,0,0,1,"marte","acete"
220,"má","má-s","s",1,7,"ry-s","ry",7,0,0,1,"más","rys"
691,"s ","s -ba","ba",1,1,"en-ba","en",1,0,0,1,"más bajo","máenbajo"
348,"ul","ul-in","in",1,12,"rn-in","rn",12,0,0,1,"masculino","mascrnino"
823,"ma","ma-yo","yo",1,13,"ma-ll","ll",13,0,0,1,"mayor","mallr"
783,"yo","yo-ri","ri",1,4,"ct-ri","ct",4,0,0,1,"mayoria","mactria"
737,"he","he-last_blank","last_blank",1,53,"tt-last_blank","tt",53,0,0,1,"medianoche","medianoctt"
170,"first_blank","first_blank-médi","médi",2,4,"first_blank-arde","arde",4,0,0,1,"médico","ardeco"
679,"di","di-o","o",1,33,"ng-o","ng",33,0,0,1,"medio","mengo"
434,"al","al-last_blank","last_blank",1,366,"so-last_blank","so",368,2,0,1,"mental","mentso"
507,"ir","ir-last_blank","last_blank",1,171,"el-last_blank","el",172,1,0,1,"mentir","mentel"
950,"first_blank","first_blank-mercena","mercena",2,3,"first_blank-margina","margina",3,0,0,1,"mercenario","marginario"
862,"me","me-re","re",1,37,"me-ns","ns",34,3,0,1,"merecer","menscer"
673,"ri","ri-di","di",1,16,"va-di","va",16,0,0,1,"meridional","mevadional"
464,"me","me-s","s",1,33,"go-s","go",33,0,0,1,"mes","gos"
413,"sa","sa-last_blank","last_blank",2,549,"rán-last_blank","rán",433,116,1,1,"mesa","merán"
708,"me","me-se","se",1,8,"me-ch","ch",8,0,0,1,"mesero","mechro"
659,"mé","mé-to","to",1,2,"so-to","so",2,0,0,1,"método","sotodo"
480,"mi","mi-em","em",1,2,"mi-lf","lf",2,0,0,1,"miembro","milfbro"
605,"mi","mi-l","l",1,8,"ea-l","ea",7,1,0,1,"mil","eal"
171,"ll","ll-a","a",1,161,"in-a","in",161,0,0,1,"milla","miina"
173,"ll","ll-ón","ón",1,15,"ll-ey","ey",14,1,0,1,"millón","milley"
977,"first_blank","first_blank-millona","millona",2,4,"first_blank-maquina","maquina",4,0,0,2,"millonario","maquinario"
174,"mi","mi-ng","ng",1,16,"mi-sm","sm",16,0,0,1,"ming","mism"
385,"mí","mí-ni","ni",1,6,"si-ni","si",6,0,0,1,"mínimo","sinimo"
155,"first_blank","first_blank-mi","mi",1,637,"first_blank-ar","ar",649,12,0,1,"mira","arra"
909,"first_blank","first_blank-mise","mise",3,3,"first_blank-árti","árti",3,0,0,1,"miserable","ártirable"
352,"mi","mi-to","to",1,16,"mi-sm","sm",16,0,0,1,"mito","mism"
683,"de","de-lo","lo",1,19,"de-me","me",19,0,0,1,"modelo","modeme"
175,"rn","rn-o","o",1,26,"eg-o","eg",26,0,0,1,"moderno","modeego"
456,"mo","mo-nj","nj",1,4,"sa-nj","sa",4,0,0,1,"monje","sanje"
813,"no","no-last_blank","last_blank",1,356,"al-last_blank","al",366,10,0,1,"mono","moal"
447,"tr","tr-uo","uo",1,4,"tr-ix","ix",4,0,0,1,"monstruo","monstrix"
580,"nu","nu-me","me",1,9,"nu-es","es",9,0,0,1,"monumento","monuesnto"
876,"rt","rt-al","al",1,33,"in-al","in",33,0,0,1,"mortal","moinal"
818,"mo","mo-ti","ti",1,15,"ga-ti","ga",15,0,0,1,"motivo","gativo"
176,"mo","mo-ve","ve",1,20,"na-ve","na",20,0,0,1,"moverse","naverse"
79,"mu","mu-er","er",1,27,"ej-er","ej",28,1,0,1,"muerte","ejerte"
974,"lt","lt-a","a",1,18,"ej-a","ej",18,0,0,1,"multa","mueja"
866,"it","it-ud","ud",1,14,"it-án","án",14,0,0,1,"multitud","multitán"
652,"ñe","ñe-ca","ca",1,2,"ñe-me","me",2,0,0,1,"muñeca","muñeme"
468,"mu","mu-ro","ro",1,3,"mu-za","za",3,0,0,1,"muro","muza"
29,"ci","ci-mi","mi",1,30,"ci-ll","ll",30,0,0,1,"nacimiento","nacillento"
179,"on","on-al","al",1,67,"ci-al","ci",68,1,0,1,"nacional","nacicial"
188,"first_blank","first_blank-na","na",2,396,"first_blank-des","des",464,68,1,1,"nada","desda"
937,"na","na-tu","tu",1,16,"os-tu","os",16,0,0,1,"natural","ostural"
972,"first_blank","first_blank-natural","natural",2,1,"first_blank-inagura","inagura",1,0,0,1,"naturalmente","inaguramente"
990,"na","na-va","va",1,12,"na-ri","ri",12,0,0,1,"naval","naril"
946,"first_blank","first_blank-navega","navega",2,10,"first_blank-afeita","afeita",10,0,0,2,"navegación","afeitación"
46,"na","na-vi","vi",1,13,"na-zo","zo",13,0,0,1,"navidad","nazodad"
181,"first_blank","first_blank-necesa","necesa",2,5,"first_blank-delega","delega",5,0,0,1,"necesario","delegario"
698,"rv","rv-io","io",1,4,"ud-io","ud",4,0,0,1,"nervio","neudio"
182,"first_blank","first_blank-ni","ni",1,247,"first_blank-fl","fl",246,1,0,1,"nido","fldo"
123,"ni","ni-et","et",1,6,"rd-et","rd",6,0,0,1,"nieto","rdeto"
339,"ni","ni-ña","ña",1,5,"ni-or","or",5,0,0,1,"niña","nior"
940,"ñe","ñe-ra","ra",1,3,"ñe-te","te",3,0,0,1,"niñera","niñete"
185,"ni","ni-nj","nj",1,3,"ma-nj","ma",3,0,0,1,"ninja","manja"
30,"ni","ni-ño","ño",1,2,"ma-ño","ma",2,0,0,1,"niños","maños"
896,"no","no-be","be",1,1,"je-be","je",1,0,0,1,"nobel","jebel"
186,"no","no-bl","bl",1,4,"no-rv","rv",4,0,0,1,"noble","norve"
407,"no","no-ch","ch",1,9,"no-se","se",9,0,0,1,"noche","nosee"
178,"first_blank","first_blank-no","no",1,328,"first_blank-ka","ka",328,0,0,1,"nombre","kambre"
187,"first_blank","first_blank-normal","normal",2,1,"first_blank-nordes","nordes",1,0,0,1,"normalmente","nordesmente"
189,"vi","vi-em","em",1,1,"is-em","is",1,0,0,1,"noviembre","noisembre"
50,"be","be-last_blank","last_blank",1,53,"tt-last_blank","tt",53,0,0,1,"nube","nutt"
905,"ev","ev-o","o",1,8,"rb-o","rb",8,0,0,1,"nuevo","nurbo"
409,"first_blank","first_blank-nú","nú",1,7,"first_blank-xx","xx",7,0,0,1,"número","xxmero"
183,"nc","nc-a","a",1,10,"le-a","le",10,0,0,1,"nunca","nulea"
498,"po","po-last_blank","last_blank",1,55,"it-last_blank","it",55,0,0,1,"obispo","obisit"
610,"first_blank","first_blank-ob","ob",1,229,"first_blank-jo","jo",229,0,0,1,"objeto","jojeto"
191,"observa","observa-ción","ción",2,1,"sespera-ción","sespera",1,0,0,2,"observación","sesperación"
851,"first_blank","first_blank-ob","ob",1,229,"first_blank-jo","jo",229,0,0,1,"obstáculo","jostáculo"
883,"ur","ur-ri","ri",1,53,"te-ri","te",53,0,0,1,"ocurrir","octerir"
355,"od","od-io","io",1,7,"ig-io","ig",7,0,0,1,"odio","igio"
321,"first_blank","first_blank-oes","oes",2,1,"first_blank-gaa","gaa",1,0,0,1,"oeste","gaate"
192,"of","of-er","er",1,9,"ig-er","ig",9,0,0,1,"oferta","igerta"
428,"first_blank","first_blank-oficial","oficial",2,1,"first_blank-ofrecis","ofrecis",1,0,0,2,"oficialmente","ofrecismente"
546,"first_blank","first_blank-oj","oj",1,19,"first_blank-by","by",19,0,0,1,"ojo","byo"
392,"ol","ol-vi","vi",1,35,"en-vi","en",34,1,0,1,"olvidar","envidar"
980,"er","er-ac","ac",1,7,"er-is","is",7,0,0,1,"operacional","operisional"
199,"in","in-ió","ió",1,1,"in-zo","zo",1,0,0,1,"opinión","opinzon"
586,"tu","tu-ni","ni",1,7,"le-ni","le",7,0,0,1,"oportunidad","oporlenidad"
200,"ti","ti-mi","mi",1,32,"ti-sf","sf",32,0,0,1,"optimista","optisfsta"
872,"op","op-ue","ue",1,9,"tr-ue","tr",9,0,0,1,"opuesto","truesto"
202,"first_blank","first_blank-ordina","ordina",2,5,"first_blank-patina","patina",5,0,0,1,"ordinario","patinario"
976,"fa","fa-na","na",1,5,"dy-na","dy",5,0,0,1,"orfanato","ordynato"
852,"ga","ga-sm","sm",1,2,"ga-cy","cy",2,0,0,1,"orgasmo","orgacyo"
558,"or","or-gu","gu",1,14,"fi-gu","fi",14,0,0,1,"orgullo","figullo"
233,"first_blank","first_blank-orgullo","orgullo",2,5,"first_blank-degolla","degolla",5,0,0,2,"orgulloso","degollaso"
203,"in","in-al","al",1,33,"rt-al","rt",33,0,0,1,"original","origrtal"
201,"or","or-qu","qu",1,14,"or-at","at",14,0,0,1,"orquesta","oratesta"
78,"first_blank","first_blank-os","os",1,86,"first_blank-ay","ay",86,0,0,1,"oscuridad","aycuridad"
372,"os","os-o","o",1,2,"tú-o","tú",2,0,0,1,"oso","túo"
762,"oñ","oñ-o","o",1,1,"ia-o","ia",1,0,0,1,"otoño","otiao"
307,"ov","ov-ni","ni",1,3,"et-ni","et",3,0,0,1,"ovni","etni"
791,"first_blank","first_blank-oxida","oxida",2,5,"first_blank-media","media",5,0,0,1,"oxidado","mediado"
658,"pa","pa-ci","ci",1,30,"ti-ci","ti",29,1,0,1,"paciencia","ticiencia"
210,"pa","pa-ci","ci",1,30,"ti-ci","ti",29,1,0,1,"paciente","ticiente"
855,"first_blank","first_blank-pacífi","pacífi",2,4,"first_blank-hackea","hackea",4,0,0,2,"pacífico","hackeaco"
587,"pa","pa-ís","ís",1,2,"pa-sq","sq",2,0,0,1,"país","pasq"
319,"br","br-a","a",1,32,"cí-a","cí",32,0,0,1,"palabra","palacía"
518,"pa","pa-la","la",1,29,"pa-st","st",29,0,0,1,"palacio","pastcio"
281,"pa","pa-lo","lo",1,15,"af-lo","af",14,1,0,1,"palo","aflo"
481,"pa","pa-n","n",1,14,"tí-n","tí",14,0,0,1,"pan","tín"
601,"nd","nd-il","il",1,9,"nd-re","re",9,0,0,1,"pandilla","pandrela"
262,"al","al-la","la",1,23,"ta-la","ta",23,0,0,1,"pantalla","panttala"
750,"pa","pa-pa","pa",1,18,"ex-pa","ex",18,0,0,1,"papa","expa"
633,"pe","pe-l","l",1,5,"so-l","so",5,0,0,1,"papel","pasol"
77,"pi","pi-last_blank","last_blank",1,14,"cí-last_blank","cí",14,0,0,1,"papi","pací"
207,"first_blank","first_blank-paraí","paraí",2,2,"first_blank-párpa","párpa",2,0,0,1,"paraíso","párpaso"
208,"first_blank","first_blank-paranoi","paranoi",2,6,"first_blank-plantea","plantea",6,0,0,3,"paranoico","planteaco"
540,"first_blank","first_blank-parar","parar",2,9,"first_blank-pasea","pasea",9,0,0,1,"pararse","pasease"
209,"pa","pa-rl","rl",1,16,"pa-qu","qu",16,0,0,1,"parlamento","paquamento"
858,"e ","e -de","de",1,1,"nu-de","nu",1,0,0,1,"parte delantera","partnudelantera"
669,"sa","sa-je","je",1,10,"sa-no","no",10,0,0,1,"pasajero","pasanoro"
887,"em","em-po","po",1,23,"em-it","it",23,0,0,1,"pasatiempo","pasatiemit"
270,"peca","peca-do","do",2,1,"cupa-do","cupa",1,0,0,1,"pecado","cupado"
714,"ns","ns-ió","ió",1,14,"uc-ió","uc",14,0,0,1,"pensión","peución"
394,"eñ","eñ-o","o",1,10,"gr-o","gr",10,0,0,1,"pequeño","pequgro"
157,"or","or-last_blank","last_blank",1,230,"ng-last_blank","ng",231,1,0,1,"perdedor","perdedng"
115,"rd","rd-ón","ón",1,13,"rd-ie","ie",13,0,0,1,"perdón","perdie"
114,"rd","rd-on","on",1,32,"rd-er","er",32,0,0,1,"perdonar","perderar"
529,"rf","rf-il","il",1,4,"ne-il","ne",4,0,0,1,"perfil","peneil"
966,"ri","ri-od","od",1,6,"ri-rn","rn",6,0,0,1,"periodismo","perirnismo"
684,"is","is-o","o",1,15,"od-o","od",15,0,0,1,"permiso","permodo"
7,"it","it-ir","ir",1,36,"uc-ir","uc",36,0,0,1,"permitir","permucir"
329,"pe","pe-rr","rr",1,16,"pe-ga","ga",15,1,0,1,"perro","pegao"
211,"rs","rs-on","on",1,31,"tr-on","tr",33,2,0,1,"persona","petrona"
418,"on","on-aj","aj",1,4,"on-za","za",4,0,0,1,"personaje","personzae"
995,"on","on-al","al",1,67,"ci-al","ci",68,1,0,1,"personal","perscial"
486,"ll","ll-a","a",1,161,"in-a","in",161,0,0,1,"pesadilla","pesadiina"
902,"pesa","pesa-do","do",2,1,"yuna-do","yuna",1,0,0,1,"pesado","yunado"
642,"pe","pe-so","so",1,6,"pe-tí","tí",6,0,0,1,"peso","petí"
451,"pi","pi-an","an",1,10,"me-an","me",10,0,0,1,"piano","meano"
215,"ic","ic-last_blank","last_blank",1,39,"ur-last_blank","ur",39,0,0,1,"picnic","picnur"
801,"pi","pi-el","el",1,2,"pi-vo","vo",2,0,0,1,"piel","pivo"
206,"pi","pi-nt","nt",1,29,"na-nt","na",29,0,0,1,"pintura","nantura"
842,"pi","pi-rá","rá",1,3,"pi-le","le",3,0,0,1,"pirámide","pilemide"
622,"pi","pi-ra","ra",1,39,"ca-ra","ca",38,1,0,1,"pirata","carata"
635,"pi","pi-so","so",1,12,"pi-ri","ri",12,0,0,1,"piso","piri"
216,"st","st-ol","ol",1,12,"st-añ","añ",12,0,0,1,"pistola","pistaña"
549,"pl","pl-ac","ac",1,16,"in-ac","in",16,0,0,1,"placer","inacer"
665,"ag","ag-a","a",1,14,"un-a","un",14,0,0,1,"plaga","pluna"
505,"first_blank","first_blank-pl","pl",1,214,"first_blank-lu","lu",213,1,0,1,"plan","luan"
350,"first_blank","first_blank-pl","pl",1,214,"first_blank-tu","tu",214,0,0,1,"planchar","tuanchar"
218,"an","an-et","et",1,8,"pl-et","pl",8,0,0,1,"planeta","plpleta"
645,"an","an-ta","ta",1,51,"er-ta","er",51,0,0,1,"planta","plerta"
744,"af","af-or","or",1,2,"af-as","as",2,0,0,1,"plataforma","platafasma"
23,"át","át-an","an",1,2,"hw-an","hw",2,0,0,1,"plátano","plhwano"
805,"ay","ay-a","a",1,11,"de-a","de",11,0,0,1,"playa","pldea"
219,"ay","ay-bo","bo",1,3,"ci-bo","ci",3,0,0,1,"playboy","plciboy"
224,"first_blank","first_blank-pobla","pobla",2,7,"first_blank-tosta","tosta",7,0,0,1,"población","tostación"
412,"br","br-e","e",1,40,"ic-e","ic",39,1,0,1,"pobre","poice"
924,"ez","ez-a","a",1,24,"rc-a","rc",24,0,0,1,"pobreza","pobrrca"
153,"po","po-co","co",1,6,"po-pu","pu",6,0,0,1,"poco","popu"
532,"po","po-et","et",1,2,"po-un","un",2,0,0,1,"poeta","pouna"
223,"first_blank","first_blank-políti","políti",2,4,"first_blank-solita","solita",4,0,0,1,"política","solitaca"
641,"po","po-ll","ll",1,34,"we-ll","we",35,1,0,1,"pollo","wello"
944,"pó","pó-lv","lv",1,1,"pó-te","te",1,0,0,1,"pólvora","póteora"
483,"pu","pu-la","la",1,22,"sp-la","sp",22,0,0,1,"popular","posplar"
707,"first_blank","first_blank-porno","porno",2,1,"first_blank-corde","corde",1,0,0,1,"pornografía","cordegrafía"
225,"rt","rt-al","al",1,33,"in-al","in",33,0,0,1,"portal","poinal"
323,"si","si-ti","ti",1,14,"as-ti","as",14,0,0,1,"positivo","poastivo"
570,"po","po-st","st",1,15,"po-de","de",15,0,0,1,"postre","podere"
649,"po","po-te","te",1,25,"po-nt","nt",25,0,0,1,"potencial","pontncial"
598,"first_blank","first_blank-prácti","prácti",2,4,"first_blank-precio","precio",4,0,0,1,"práctica","precioca"
237,"un","un-ta","ta",1,38,"pi-ta","pi",37,1,0,1,"pregunta","pregpita"
60,"first_blank","first_blank-preo","preo",3,64,"first_blank-espe","espe",41,23,0,1,"preocupación","especupación"
804,"cupa","cupa-do","do",3,1,"bien-do","bien",1,0,0,1,"preocupado","preobiendo"
226,"prepara","prepara-ción","ción",2,1,"sespera-ción","sespera",1,0,0,2,"preparación","sesperación"
228,"first_blank","first_blank-pre","pre",2,7,"first_blank-geo","geo",7,0,0,1,"presa","geosa"
377,"es","es-en","en",1,81,"es-cr","cr",81,0,0,1,"presencia","prescrcia"
886,"va","va-r","r",1,26,"be-r","be",26,0,0,1,"preservar","preserber"
913,"up","up-ue","ue",1,3,"om-ue","om",3,0,0,1,"presupuesto","presomuesto"
709,"im","im-a","a",1,55,"en-a","en",56,1,0,1,"prima","prena"
517,"im","im-av","av",1,3,"cr-av","cr",3,0,0,1,"primavera","prcravera"
110,"im","im-er","er",1,12,"im-pi","pi",12,0,0,1,"primero","primpio"
326,"first_blank","first_blank-prince","prince",2,2,"first_blank-peinar","peinar",2,0,0,1,"princesa","peinarsa"
639,"priva","priva-do","do",2,1,"rroga-do","rroga",1,0,0,1,"privado","rrogado"
705,"iv","iv-il","il",1,2,"ud-il","ud",2,0,0,1,"privilegio","prudilegio"
229,"ob","ob-ab","ab",1,9,"in-ab","in",9,0,0,1,"probabilidad","prinabilidad"
680,"le","le-ma","ma",1,19,"le-an","an",19,0,0,1,"problema","problean"
421,"es","es-o","o",1,24,"ni-o","ni",24,0,0,1,"proceso","procnio"
363,"to","to-r","r",1,56,"ma-r","ma",56,0,0,1,"productor","producmar"
230,"og","og-re","re",1,12,"ur-re","ur",12,0,0,1,"progreso","prurreso"
921,"ib","ib-id","id",1,7,"ch-id","ch",7,0,0,1,"prohibido","prohchido"
232,"ie","ie-da","da",1,4,"jo-da","jo",4,0,0,1,"propiedad","propjodad"
912,"op","op-on","on",1,42,"ti-on","ti",41,1,0,1,"proponer","prtioner"
770,"op","op-ós","ós",1,2,"op-ed","ed",2,0,0,1,"propósito","propedito"
440,"eg","eg-er","er",1,17,"ns-er","ns",16,1,0,1,"proteger","protnser"
789,"eí","eí-na","na",1,2,"eí-as","as",2,0,0,1,"proteína","proteías"
829,"ot","ot-es","es",1,28,"an-es","an",28,0,0,1,"protesta","pranesta"
231,"oy","oy-ec","ec",1,16,"tr-ec","tr",16,0,0,1,"proyecto","prtrecto"
234,"pu","pu-b","b",1,1,"im-b","im",1,0,0,1,"pub","imb"
927,"bl","bl-ic","ic",1,15,"su-ic","su",15,0,0,1,"publicidad","pusuicidad"
514,"pu","pu-en","en",1,4,"an-en","an",4,0,0,1,"puente","anente"
834,"e ","e -so","so",1,1,"rk-so","rk",1,0,0,1,"puesta de sol","puesta drksol"
221,"pu","pu-nt","nt",1,33,"fa-nt","fa",30,3,0,1,"punto","fanto"
315,"qu","qu-é","é",1,26,"nt-é","nt",21,5,0,1,"qué","nté"
629,"éd","éd-at","at",1,4,"lm-at","lm",4,0,0,1,"quédate","qulmate"
59,"ej","ej-a","a",1,18,"lt-a","lt",18,0,0,1,"queja","qulta"
626,"first_blank","first_blank-quími","quími",2,4,"first_blank-casti","casti",4,0,0,2,"química","castica"
627,"first_blank","first_blank-quími","quími",2,4,"first_blank-atrai","atrai",4,0,0,2,"químico","atraico"
168,"ás","ás-last_blank","last_blank",1,61,"ty-last_blank","ty",61,0,0,1,"quizás","quizty"
238,"ci","ci-st","st",1,14,"na-st","na",14,0,0,1,"racista","ranasta"
431,"ra","ra-da","da",1,37,"ra-me","me",37,0,0,1,"radar","ramer"
445,"di","di-o","o",1,33,"on-o","on",32,1,0,1,"radio","raono"
833,"ra","ra-na","na",1,14,"ra-ld","ld",13,1,0,1,"rana","rald"
403,"first_blank","first_blank-ra","ra",2,617,"proporciona-ra","proporciona",1,616,0,8,"raro","proporcionararo"
261,"uñ","uñ-o","o",1,1,"íb-o","íb",1,0,0,1,"rasguño","rasgíbo"
491,"ra","ra-tó","tó",1,4,"ep-tó","ep",4,0,0,1,"ratón","eptón"
240,"zó","zó-n","n",1,14,"ly-n","ly",14,0,0,1,"razón","ralyn"
255,"re","re-al","al",1,29,"re-gr","gr",29,0,0,1,"real","regr"
479,"re","re-al","al",1,29,"re-gr","gr",29,0,0,1,"realidad","regridad"
1,"first_blank","first_blank-real","real",2,1,"first_blank-radi","radi",1,0,0,1,"realmente","radimente"
915,"pc","pc-ió","ió",1,9,"rs-ió","rs",10,1,0,1,"recepción","recersión"
689,"ct","ct-ar","ar",1,16,"il-ar","il",17,1,0,1,"recolectar","recoleilar"
241,"no","no-ce","ce",1,36,"ex-ce","ex",37,1,0,1,"reconocer","recoexcer"
819,"pe","pe-ra","ra",1,40,"pe-le","le",40,0,0,1,"recuperar","recupeler"
244,"emplazar","emplazar-last_blank","last_blank",2,1,"empolvar-last_blank","empolvar",1,0,0,1,"reemplazar","reempolvar"
576,"re","re-fl","fl",1,28,"re-da","da",28,0,0,1,"reflexión","redaexión"
242,"first_blank","first_blank-refugia","refugia",2,6,"first_blank-refrige","refrige",6,0,0,1,"refugiado","refrigedo"
753,"re","re-fu","fu",1,20,"re-le","le",20,0,0,1,"refugio","relegio"
718,"gi","gi-mi","mi",1,5,"le-mi","le",5,0,0,1,"regimiento","relemiento"
963,"gi","gi-on","on",1,8,"as-on","as",8,0,0,1,"regional","reasonal"
632,"st","st-ro","ro",1,85,"st-en","en",85,0,0,1,"registro","registen"
256,"gl","gl-a","a",1,3,"me-a","me",3,0,0,1,"regla","remea"
493,"re","re-hé","hé",1,2,"re-dm","dm",2,0,0,1,"rehén","redmn"
686,"hu","hu-sa","sa",1,4,"es-sa","es",4,0,0,1,"rehusar","reessar"
330,"first_blank","first_blank-rei","rei",2,18,"first_blank-ino","ino",14,4,0,1,"reina","inona"
592,"first_blank","first_blank-rela","rela",2,3,"first_blank-bina","bina",3,0,0,1,"relación","binación"
151,"lá","lá-mp","mp",1,2,"té-mp","té",2,0,0,1,"relámpago","retémpago"
243,"la","la-ti","ti",1,28,"re-ti","re",28,0,0,1,"relativo","reretivo"
300,"mo","mo-lq","lq",1,3,"mo-rz","rz",3,0,0,1,"remolque","remorzue"
729,"re","re-pa","pa",1,45,"re-te","te",45,0,0,1,"reparar","reterar"
427,"rt","rt-er","er",1,21,"hi-er","hi",21,0,0,1,"reportero","repohiero"
607,"re","re-sc","sc",1,23,"re-an","an",23,0,0,1,"rescate","reanate"
958,"first_blank","first_blank-resigna","resigna",2,3,"first_blank-resfria","resfria",3,0,0,1,"resignación","resfriación"
825,"st","st-en","en",1,85,"st-ro","ro",85,0,0,1,"resistencia","resistrocia"
246,"et","et-o","o",1,20,"mb-o","mb",20,0,0,1,"respeto","respmbo"
504,"on","on-de","de",1,28,"si-de","si",28,0,0,1,"responder","respsider"
247,"bi","bi-li","li",1,51,"mp-li","mp",51,0,0,1,"responsabilidad","responsamplidad"
807,"resulta","resulta-do","do",2,1,"sahucia-do","sahucia",1,0,0,3,"resultado","sahuciado"
249,"first_blank","first_blank-revela","revela",2,22,"first_blank-asusta","asusta",22,0,0,3,"revelación","asustación"
809,"ri","ri-dí","dí",1,5,"ri-ya","ya",5,0,0,1,"ridículo","riyaculo"
342,"es","es-go","go",1,3,"ni-go","ni",3,0,0,1,"riesgo","rinigo"
571,"fl","fl-e","e",1,3,"mn-e","mn",3,0,0,1,"rifle","rimne"
712,"first_blank","first_blank-ri","ri",1,310,"first_blank-ne","ne",310,0,0,1,"riñón","neñón"
472,"rí","rí-o","o",1,9,"og-o","og",9,0,0,1,"río","ogo"
250,"ri","ri-tm","tm",1,6,"ri-rn","rn",6,0,0,1,"ritmo","rirno"
433,"first_blank","first_blank-ri","ri",1,310,"first_blank-ne","ne",310,0,0,1,"ritual","netual"
280,"ba","ba-r","r",1,24,"ti-r","ti",24,0,0,1,"robar","rotir"
695,"ro","ro-bo","bo",1,8,"ro-si","si",8,0,0,1,"robot","rosit"
597,"ro","ro-ck","ck",1,27,"ro-di","di",28,1,0,1,"rock","rodi"
849,"de","de-o","o",1,11,"ti-o","ti",11,0,0,1,"rodeo","rotio"
324,"ro","ro-jo","jo",1,5,"ro-mu","mu",5,0,0,1,"rojo","romu"
538,"ma","ma-no","no",1,41,"ma-te","te",41,0,0,1,"romano","romate"
794,"me","me-o","o",1,4,"ts-o","ts",4,0,0,1,"romeo","rotso"
257,"first_blank","first_blank-ro","ro",1,574,"first_blank-ex","ex",584,10,0,1,"ron","exn"
254,"ro","ro-nd","nd",1,9,"ro-ok","ok",9,0,0,1,"ronda","rooka"
376,"first_blank","first_blank-ru","ru",1,205,"first_blank-bl","bl",205,0,0,1,"ruido","blido"
692,"ru","ru-ta","ta",1,11,"ru-bi","bi",11,0,0,1,"ruta","rubi"
259,"first_blank","first_blank-sába","sába",2,2,"first_blank-anta","anta",2,0,0,1,"sábado","antado"
785,"first_blank","first_blank-sabro","sabro",2,4,"first_blank-libre","libre",4,0,0,1,"sabroso","libreso"
525,"sa","sa-li","li",1,47,"po-li","po",49,2,0,1,"salida","polida"
856,"li","li-r","r",1,4,"vo-r","vo",4,0,0,1,"salir","savor"
943,"de","de- t"," t",1,1,"de-dí","dí",1,0,0,1,"salsa de tomate","salsa dedíomate"
128,"lu","lu-d","d",1,1,"dv-d","dv",1,0,0,1,"salud","sadvd"
129,"da","da-bl","bl",1,9,"da-la","la",9,0,0,1,"saludable","saludalae"
614,"wi","wi-ch","ch",1,7,"wi-tt","tt",7,0,0,1,"sandwich","sandwitt"
542,"ng","ng-re","re",1,14,"ng-to","to",14,0,0,1,"sangre","sangto"
361,"sa","sa-rg","rg",1,7,"sa-mu","mu",7,0,0,1,"sargento","samuento"
526,"sf","sf-ec","ec",1,7,"pi-ec","pi",7,0,0,1,"satisfecho","satipiecho"
816,"se","se-cc","cc",1,12,"se-ve","ve",12,0,0,1,"sección","seveión"
375,"se","se-co","co",1,6,"os-co","os",6,0,0,1,"seco","osco"
379,"first_blank","first_blank-secreta","secreta",2,8,"first_blank-recluta","recluta",8,0,0,1,"secretario","reclutario"
264,"se","se-cr","cr",1,13,"se-no","no",13,0,0,1,"secreto","senoeto"
979,"first_blank","first_blank-secuestra","secuestra",2,14,"first_blank-reacciona","reacciona",14,0,0,5,"secuestrador","reaccionador"
955,"tr","tr-ar","ar",1,11,"tr-ul","ul",11,0,0,1,"secuestrar","secuestrul"
848,"first_blank","first_blank-secunda","secunda",2,5,"first_blank-degrada","degrada",5,0,0,2,"secundario","degradario"
836,"se","se-da","da",1,9,"se-ct","ct",9,0,0,1,"seda","sect"
113,"gu","gu-ir","ir",1,35,"uc-ir","uc",36,1,0,1,"seguir","seucir"
263,"gu","gu-nd","nd",1,10,"gu-ía","ía",10,0,0,1,"segundo","seguíao"
547,"gu","gu-ri","ri",1,11,"ap-ri","ap",11,0,0,1,"seguridad","seapridad"
941,"se","se-ll","ll",1,22,"co-ll","co",22,0,0,1,"sello","collo"
694,"se","se-lv","lv",1,4,"se-ñe","ñe",4,0,0,1,"selva","señea"
724,"first_blank","first_blank-semina","semina",2,2,"first_blank-espino","espino",2,0,0,1,"seminario","espinorio"
156,"ño","ño-r","r",1,1,"pc-r","pc",1,0,0,1,"señor","sepcr"
984,"ns","ns-ac","ac",1,8,"ap-ac","ap",8,0,0,1,"sensacional","seapacional"
628,"ns","ns-or","or",1,15,"pe-or","pe",15,0,0,1,"sensor","sepeor"
169,"nt","nt-id","id",1,16,"uc-id","uc",16,0,0,1,"sentido","seucido"
388,"pt","pt-ie","ie",1,1,"nb-ie","nb",1,0,0,1,"septiembre","senbiembre"
606,"ri","ri-e","e",1,18,"ev-e","ev",18,0,0,1,"serie","seeve"
947,"rv","rv-ic","ic",1,10,"il-ic","il",10,0,0,1,"servicio","seilicio"
266,"se","se-xu","xu",1,11,"se-ca","ca",11,0,0,1,"sexual","secaal"
795,"sh","sh-er","er",1,29,"id-er","id",29,0,0,1,"sherlock","iderlock"
268,"ow","ow-last_blank","last_blank",1,50,"rn-last_blank","rn",49,1,0,1,"show","shrn"
4,"first_blank","first_blank-si","si",1,545,"first_blank-ap","ap",545,0,0,1,"sida","apda"
10,"pr","pr-e","e",1,5,"de-e","de",5,0,0,1,"siempre","siemdee"
1000,"si","si-es","es",1,9,"rm-es","rm",9,0,0,1,"siesta","rmesta"
453,"gl","gl-o","o",1,4,"óm-o","óm",4,0,0,1,"siglo","siómo"
894,"first_blank","first_blank-si","si",1,545,"first_blank-ap","ap",545,0,0,1,"silbido","aplbido"
655,"le","le-nc","nc",1,20,"pi-nc","pi",20,0,0,1,"silencio","sipincio"
269,"first_blank","first_blank-si","si",1,545,"first_blank-ap","ap",545,0,0,1,"similar","apmilar"
637,"first_blank","first_blank-simple","simple",2,1,"first_blank-diable","diable",1,0,0,1,"simplemente","diablemente"
287,"om","om-a","a",1,14,"rg-a","rg",14,0,0,1,"síntoma","síntrga"
462,"first_blank","first_blank-situa","situa",2,7,"first_blank-azota","azota",7,0,0,2,"situación","azotación"
884,"so","so-bo","bo",1,9,"so-te","te",9,0,0,1,"soborno","soterno"
97,"br","br-e","e",1,40,"el-e","el",41,1,0,1,"sobre","soele"
959,"en","en-at","at",1,6,"te-at","te",6,0,0,1,"sobrenatural","sobrteatural"
699,"br","br-io","io",1,10,"nd-io","nd",10,0,0,1,"sobrio","sondio"
422,"ci","ci-ed","ed",1,4,"ci-so","so",4,0,0,1,"sociedad","socisoad"
536,"fá","fá-last_blank","last_blank",1,1,"qi-last_blank","qi",1,0,0,1,"sofá","soqi"
578,"first_blank","first_blank-softwa","softwa",2,1,"first_blank-soltas","soltas",1,0,0,1,"software","soltasre"
448,"solda","solda-do","do",2,1,"serta-do","serta",1,0,0,1,"soldado","sertado"
8,"so","so-lo","lo",1,11,"so-nd","nd",11,0,0,1,"solo","sond"
148,"first_blank","first_blank-só","só",1,23,"first_blank-cú","cú",23,0,0,1,"sólo","cúlo"
90,"lt","lt-ar","ar",1,19,"rn-ar","rn",19,0,0,1,"soltar","sornar"
267,"so","so-mb","mb",1,16,"cu-mb","cu",15,1,0,1,"sombra","cumbra"
417,"eí","eí-r","r",1,2,"yo-r","yo",2,0,0,1,"sonreír","sonryor"
277,"so","so-pa","pa",1,3,"so-un","un",3,0,0,1,"sopa","soun"
596,"first_blank","first_blank-sorpre","sorpre",2,2,"first_blank-porque","porque",2,0,0,1,"sorpresa","porquesa"
137,"st","st-en","en",1,85,"st-ro","ro",85,0,0,1,"sostener","sostroer"
771,"av","av-e","e",1,15,"im-e","im",15,0,0,1,"suave","suime"
666,"basta","basta-last_blank","last_blank",2,1,"sante-last_blank","sante",1,0,0,1,"subasta","susante"
929,"first_blank","first_blank-sub","sub",2,36,"first_blank-ini","ini",36,0,0,1,"subestimar","iniestimar"
285,"su","su-bm","bm",1,8,"su-av","av",8,0,0,1,"submarino","suavarino"
371,"su","su-ci","ci",1,24,"or-ci","or",24,0,0,1,"sucio","orcio"
95,"fi","fi-ci","ci",1,39,"fi-na","na",39,0,0,1,"suficiente","sufinaente"
286,"fr","fr-im","im",1,3,"fr-eí","eí",3,0,0,1,"sufrimiento","sufreíiento"
735,"fr","fr-ir","ir",1,9,"hu-ir","hu",9,0,0,1,"sufrir","suhuir"
338,"su","su-ic","ic",1,15,"bl-ic","bl",15,0,0,1,"suicidio","blicidio"
885,"su","su-ma","ma",1,7,"su-er","er",7,0,0,1,"suma","suer"
854,"first_blank","first_blank-super","super",2,8,"first_blank-curar","curar",8,0,0,1,"superhombre","curarhombre"
320,"su","su-r","r",1,1,"nt-r","nt",1,0,0,1,"sur","ntr"
867,"su","su-st","st",1,46,"te-st","te",45,1,0,1,"susto","testo"
296,"ta","ta-ba","ba",1,7,"ta-vi","vi",7,0,0,1,"tabaco","tavico"
754,"bl","bl-et","et",1,6,"gg-et","gg",6,0,0,1,"tableta","taggeta"
272,"ll","ll-a","a",1,161,"in-a","in",161,0,0,1,"talla","taina"
748,"ll","ll-er","er",1,66,"en-er","en",67,1,0,1,"taller","taener"
288,"ta","ta-nq","nq",1,6,"ta-co","co",6,0,0,1,"tanque","tacoue"
410,"rd","rd-e","e",1,15,"il-e","il",15,0,0,1,"tarde","taile"
611,"ta","ta-re","re",1,4,"ta-lb","lb",4,0,0,1,"tarea","talba"
567,"tu","tu-aj","aj",1,2,"tu-ía","ía",2,0,0,1,"tatuaje","tatuíae"
289,"xi","xi-last_blank","last_blank",1,9,"ag-last_blank","ag",9,0,0,1,"taxi","taag"
476,"ta","ta-za","za",1,2,"ta-gg","gg",2,0,0,1,"taza","tagg"
788,"first_blank","first_blank-técni","técni",2,4,"first_blank-atrai","atrai",4,0,0,2,"técnico","atraico"
378,"first_blank","first_blank-tecno","tecno",2,7,"first_blank-vence","vence",7,0,0,1,"tecnología","vencelogía"
49,"te","te-la","la",1,24,"te-rf","rf",24,0,0,1,"tela","terf"
457,"gr","gr-am","am",1,27,"gr-ee","ee",27,0,0,1,"telegrama","telegreea"
930,"op","op-io","io",1,14,"us-io","us",14,0,0,1,"telescopio","telescusio"
521,"mp","mp-lo","lo",1,8,"bu-lo","bu",8,0,0,1,"templo","tebulo"
489,"ra","ra-pi","pi",1,17,"em-pi","em",17,0,0,1,"terapia","teempia"
294,"rc","rc-er","er",1,16,"ns-er","ns",16,0,0,1,"tercera","tensera"
720,"in","in-al","al",1,33,"in-su","su",33,0,0,1,"terminal","terminsu"
91,"rr","rr-em","em",1,3,"rr-op","op",3,0,0,1,"terremoto","terropoto"
370,"rr","rr-ib","ib",1,15,"rr-or","or",15,0,0,1,"terrible","terrorle"
814,"te","te-so","so",1,5,"ca-so","ca",5,0,0,1,"tesoro","casoro"
284,"ar","ar-ud","ud",1,4,"ar-gó","gó",4,0,0,1,"testarudo","testargóo"
473,"first_blank","first_blank-testi","testi",2,1,"first_blank-desas","desas",1,0,0,1,"testigo","desasgo"
291,"xt","xt-o","o",1,5,"um-o","um",5,0,0,1,"texto","teumo"
455,"ti","ti-bu","bu",1,3,"ka-bu","ka",3,0,0,1,"tiburón","kaburón"
767,"first_blank","first_blank-ti","ti",1,330,"first_blank-ka","ka",328,2,0,1,"tienda","kaenda"
149,"ti","ti-er","er",1,42,"ti-na","na",43,1,0,1,"tierra","tinara"
308,"tí","tí-o","o",1,2,"mn-o","mn",2,0,0,1,"tío","mno"
616,"first_blank","first_blank-típi","típi",2,4,"first_blank-espo","espo",4,0,0,1,"típico","espoco"
742,"first_blank","first_blank-tira","tira",2,25,"first_blank-ente","ente",25,0,0,2,"tirador","entedor"
147,"to","to-do","do",1,16,"vi-do","vi",17,1,0,1,"todoterreno","vidoterreno"
122,"ma","ma-r","r",1,56,"to-r","to",56,0,0,1,"tomar","totor"
416,"to","to-nt","nt",1,19,"to-ca","ca",20,1,0,1,"tonto","tocao"
752,"to","to-rm","rm",1,5,"to-pe","pe",5,0,0,1,"tormento","topeento"
299,"rn","rn-eo","eo",1,4,"rn-is","is",4,0,0,1,"torneo","tornis"
527,"rr","rr-e","e",1,14,"nl-e","nl",14,0,0,1,"torre","tonle"
838,"first_blank","first_blank-to","to",1,514,"first_blank-cr","cr",483,31,0,1,"tos","crs"
295,"first_blank","first_blank-tosta","tosta",2,7,"first_blank-imita","imita",7,0,0,1,"tostada","imitada"
688,"to","to-ta","ta",1,5,"uc-ta","uc",5,0,0,1,"total","uctal"
677,"tr","tr-ab","ab",1,31,"tr-od","od",31,0,0,1,"trabajo","trodajo"
796,"ae","ae-r","r",1,3,"du-r","du",3,0,0,1,"traer","trdur"
916,"ag","ag-ar","ar",1,32,"ul-ar","ul",32,0,0,1,"tragar","trular"
557,"am","am-pa","pa",1,12,"to-pa","to",12,0,0,1,"trampa","trtopa"
469,"il","il-o","o",1,14,"tt-o","tt",13,1,0,1,"tranquilo","tranqutto"
304,"at","at-ar","ar",1,18,"br-ar","br",18,0,0,1,"tratar","trbrar"
419,"first_blank","first_blank-tripula","tripula",2,6,"first_blank-tempora","tempora",6,0,0,2,"tripulación","temporación"
258,"first_blank","first_blank-tris","tris",2,2,"first_blank-tasa","tasa",2,0,0,1,"triste","tasate"
784,"of","of-eo","eo",1,2,"nt-eo","nt",2,0,0,1,"trofeo","trnteo"
301,"uc","uc-o","o",1,3,"fe-o","fe",3,0,0,1,"truco","trfeo"
556,"mb","mb-a","a",1,23,"zc-a","zc",23,0,0,1,"tumba","tuzca"
345,"tu","tu-mo","mo",1,2,"os-mo","os",2,0,0,1,"tumor","osmor"
195,"un","un-a","a",1,14,"rg-a","rg",14,0,0,1,"una","rga"
271,"first_blank","first_blank-úni","úni",2,4,"first_blank-deu","deu",4,0,0,1,"único","deuco"
646,"un","un-id","id",1,13,"eg-id","eg",13,0,0,1,"unidad","egidad"
931,"un","un-ir","ir",1,18,"br-ir","br",18,0,0,1,"unir","brir"
356,"first_blank","first_blank-un","un",1,130,"first_blank-ko","ko",130,0,0,1,"universidad","koiversidad"
399,"un","un-iv","iv",1,9,"rt-iv","rt",9,0,0,1,"universo","rtiverso"
661,"ur","ur-ge","ge",1,7,"ur-na","na",7,0,0,1,"urgente","urnante"
310,"first_blank","first_blank-út","út",1,3,"first_blank-cg","cg",3,0,0,1,"útil","cgil"
564,"va","va-ca","ca",1,8,"va-de","de",8,0,0,1,"vaca","vade"
732,"cí","cí-o","o",1,2,"da-o","da",2,0,0,1,"vacío","vadao"
625,"va","va-gi","gi",1,5,"va-nn","nn",5,0,0,1,"vagina","vannna"
488,"first_blank","first_blank-valio","valio",2,4,"first_blank-balea","balea",4,0,0,1,"valioso","baleaso"
311,"lo","lo-r","r",1,8,"bi-r","bi",8,0,0,1,"valor","vabir"
933,"vá","vá-lv","lv",1,2,"co-lv","co",2,0,0,1,"válvula","colvula"
317,"vd","vd-o","o",1,1,"ji-o","ji",1,0,0,1,"vdo","jio"
349,"hí","hí-cu","cu",1,2,"na-cu","na",2,0,0,1,"vehículo","venaculo"
755,"ve","ve-na","na",1,6,"ve-se","se",6,0,0,1,"vena","vese"
758,"nd","nd-ed","ed",1,14,"nd-ré","ré",14,0,0,1,"vendedor","vendréor"
222,"ne","ne-no","no",1,3,"gi-no","gi",3,0,0,1,"veneno","vegino"
682,"ng","ng-an","an",1,36,"rr-an","rr",36,0,0,1,"venganza","verranza"
396,"nt","nt-an","an",1,84,"ic-an","ic",87,3,0,1,"ventana","veicana"
265,"first_blank","first_blank-ve","ve",1,551,"first_blank-bo","bo",555,4,0,1,"ver","bor"
125,"ve","ve-rd","rd",1,18,"ve-je","je",18,0,0,1,"verde","vejee"
800,"ct","ct-im","im",1,5,"ct-el","el",5,0,0,1,"víctima","víctela"
400,"vi","vi-ct","ct",1,18,"vi-nc","nc",18,0,0,1,"victoria","vincoria"
444,"vi","vi-dr","dr",1,4,"au-dr","au",4,0,0,1,"vidrio","audrio"
194,"vi","vi-ej","ej",1,12,"ll-ej","ll",12,0,0,1,"viejo","llejo"
357,"vi","vi-en","en",1,40,"em-en","em",42,2,0,1,"viento","emento"
471,"vi","vi-no","no",1,7,"vi-tr","tr",7,0,0,1,"vino","vitr"
450,"vi","vi-ru","ru",1,7,"vi-se","se",7,0,0,1,"virus","vises"
863,"vi","vi-st","st",1,26,"vi-ta","ta",26,0,0,1,"vista","vitaa"
589,"vi","vi-vo","vo",1,3,"vi-rí","rí",3,0,0,1,"vivo","virí"
827,"first_blank","first_blank-volunta","volunta",2,6,"first_blank-plantea","plantea",6,0,0,2,"voluntario","planteario"
898,"vo","vo-z","z",1,2,"az-z","az",2,0,0,1,"voz","azz"
537,"shington","shington-last_blank","last_blank",2,1,"hicieron-last_blank","hicieron",1,0,0,3,"washington","wahicieron"
316,"wh","wh-is","is",1,11,"gr-is","gr",11,0,0,1,"whisky","grisky"
9,"ya","ya-last_blank","last_blank",1,73,"ró-last_blank","ró",73,0,0,1,"ya","ró"
721,"yo","yo-ga","ga",1,1,"yo-rí","rí",1,0,0,1,"yoga","yorí"
535,"mb","mb-i","i",1,4,"uj-i","uj",4,0,0,1,"zombi","zouji"
780,"zo","zo-o","o",1,2,"tú-o","tú",2,0,0,1,"zoo","túo"
621,"first_blank","first_blank-zo","zo",1,67,"first_blank-sk","sk",67,0,0,1,"zorro","skrro"
