"word_id","first","original_pair","second","syll","original_freq","replacement_pair","replacement_syll","replacement_freq","freq_diff","char_diff","letter_diff","original_word","replacement_word"
811,"uỷ","uỷ-last_blank","last_blank",1,2,"él-last_blank","él",2,0,0,1,"ác quỷ","ác qél"
386,"first_blank","first_blank-adre","adre",4,3,"first_blank-tường","tường",3,0,1,1,"adrenaline","tườngnaline"
296,"first_blank","first_blank-ali","ali",2,32,"first_blank-làm","làm",32,0,0,1,"alibi","làmbi"
273,"al","al-ie","ie",1,3,"al-go","go",3,0,0,1,"alien","algon"
84,"pha","pha-last_blank","last_blank",2,2,"tuỳ-last_blank","tuỳ",2,0,0,1,"alpha","altuỳ"
395,"first_blank","first_blank-âm ","âm ",2,1,"first_blank-uhd","uhd",1,0,0,1,"âm nhạc","uhdnhạc"
851,"first_blank","first_blank-âm ","âm ",2,1,"first_blank-ơik","ơik",1,0,0,1,"âm thanh","ơikthanh"
155,"first_blank","first_blank-ăn","ăn",1,24,"first_blank-lắ","lắ",25,1,0,1,"ăn","lắ"
459," núp"," núp-last_blank","last_blank",2,1,"hđẹp-last_blank","hđẹp",1,0,0,1,"ẩn núp","ẩnhđẹp"
664,"m họ","m họ-last_blank","last_blank",3,1,"nông-last_blank","nông",1,0,0,1,"anh em họ","anh enông"
82,"h sáng","h sáng-last_blank","last_blank",2,1,"hchẳng-last_blank","hchẳng",1,0,0,1,"ánh sáng","ánhchẳng"
140,"h trai","h trai-last_blank","last_blank",2,1,"haurói-last_blank","haurói",1,0,0,1,"anh trai","anhaurói"
15," giác"," giác-last_blank","last_blank",2,1,"hscác-last_blank","hscác",1,0,0,1,"ảo giác","ảohscác"
16,"first_blank","first_blank-áo ","áo ",2,1,"first_blank-tuế","tuế",1,0,0,1,"áo khoác","tuếkhoác"
988,"first_blank","first_blank-áp","áp",1,2,"first_blank-mº","mº",2,0,0,1,"áp lực","mº lực"
18,"mo","mo-ry","ry",3,2,"mo-witz","witz",2,0,2,1,"armory","armowitz"
781,"tic","tic-last_blank","last_blank",3,78,"ford-last_blank","ford",78,0,1,1,"atlantic","atlanford"
316,"ba","ba-last_blank","last_blank",1,159,"ie-last_blank","ie",99,60,0,1,"ba","ie"
631,"first_blank","first_blank-bà ","bà ",2,1,"first_blank-xip","xip",1,0,0,1,"bà ngoại","xipngoại"
516,"first_blank","first_blank-bắ","bắ",1,18,"first_blank-og","og",18,0,0,1,"bắc","ogc"
941,"first_blank","first_blank-bạ","bạ",1,24,"first_blank-iv","iv",24,0,0,1,"bạc","ivc"
21,"c sĩ","c sĩ-last_blank","last_blank",2,1,"csñn-last_blank","csñn",1,0,0,1,"bác sĩ","bácsñn"
639,"first_blank","first_blank-bài","bài",2,2,"first_blank-haa","haa",2,0,0,1,"bài giảng","haa giảng"
2," hát"," hát-last_blank","last_blank",2,1,"gott-last_blank","gott",1,0,0,1,"bài hát","bàigott"
377,"first_blank","first_blank-bài","bài",2,2,"first_blank-jul","jul",2,0,0,1,"bài học","jul học"
36,"first_blank","first_blank-bài ","bài ",2,1,"first_blank-bốnt","bốnt",1,0,0,1,"bài thơ","bốntthơ"
112,"first_blank","first_blank-bầm","bầm",2,1,"first_blank-yax","yax",1,0,0,1,"bầm tím","yax tím"
538,"bá","bá-n","n",1,1,"ry-n","ry",1,0,0,1,"bán","ryn"
27,"bắ","bắ-n","n",1,1,"ui-n","ui",1,0,0,1,"bắn","uin"
298," bè"," bè-last_blank","last_blank",2,1,"jek-last_blank","jek",1,0,0,1,"bạn bè","bạnjek"
453,"đồ","đồ-last_blank","last_blank",1,4,"fc-last_blank","fc",4,0,0,1,"bản đồ","bản fc"
241,"nhạc","nhạc-last_blank","last_blank",2,1,"chặt-last_blank","chặt",1,0,0,1,"ban nhạc","ban chặt"
35,"thỉu","thỉu-last_blank","last_blank",2,1,"chìm-last_blank","chìm",1,0,0,1,"bẩn thỉu","bẩn chìm"
38,"first_blank","first_blank-bằng","bằng",2,9,"first_blank-land","land",9,0,0,1,"bằng chứng","land chứng"
275,"first_blank","first_blank-băng","băng",2,3,"first_blank-bols","bols",3,0,0,1,"băng hình","bols hình"
527,"bá","bá-nh","nh",1,2,"ía-nh","ía",2,0,0,1,"bánh","íanh"
40,"rger","rger-last_blank","last_blank",4,1,"hoops-last_blank","hoops",1,0,1,1,"bánh hamburger","bánh hambuhoops"
23,"first_blank","first_blank-bá","bá",1,38,"first_blank-oc","oc",38,0,0,1,"báo","oco"
337,"first_blank","first_blank-bã","bã",1,14,"first_blank-ie","ie",14,0,0,1,"bão","ieo"
423," giờ"," giờ-last_blank","last_blank",3,1,"hụđề-last_blank","hụđề",1,0,0,1,"bao giờ","baohụđề"
833,"tà","tà-ng","ng",1,1,"vằ-ng","vằ",1,0,0,1,"bảo tàng","bảo vằng"
46,"first_blank","first_blank-báo ","báo ",2,1,"first_blank-mrol","mrol",1,0,0,1,"báo thức","mrolthức"
276,"first_blank","first_blank-bả","bả",1,19,"first_blank-hm","hm",19,0,0,1,"bảo trì","hmo trì"
783,"thịt","thịt-last_blank","last_blank",2,1,"trưa-last_blank","trưa",1,0,0,1,"bắp thịt","bắp trưa"
53," cóc"," cóc-last_blank","last_blank",3,1,"brén-last_blank","brén",1,0,0,1,"bắt cóc","bắtbrén"
907," giữ"," giữ-last_blank","last_blank",2,1,"tôic-last_blank","tôic",1,0,0,1,"bắt giữ","bắttôic"
797,"first_blank","first_blank-bất","bất",2,6,"first_blank-lời","lời",6,0,0,1,"bất hạnh","lời hạnh"
58," lực"," lực-last_blank","last_blank",2,1,"bliu-last_blank","bliu",1,0,0,1,"bất lực","bấtbliu"
301,"t ","t -ng","ng",1,1,"rộ-ng","rộ",1,0,0,1,"bất ngờ","bấrộngờ"
713,"first_blank","first_blank-bat","bat",2,29,"first_blank-pos","pos",29,0,0,1,"batman","posman"
906,"bat","bat-ta","ta",4,3,"chung-ta","chung",3,0,2,1,"battalion","chungtalion"
616,"ngoài","ngoài-last_blank","last_blank",3,1,"nóith-last_blank","nóith",1,0,0,1,"bên ngoài","bên nóith"
876,"first_blank","first_blank-bệ","bệ",1,7,"first_blank-gc","gc",7,0,0,1,"bệnh","gcnh"
763,"first_blank","first_blank-bện","bện",2,1,"first_blank-myc","myc",1,0,0,1,"bệnh dịch","mych dịch"
473,"bế","bế-p","p",1,1,"dn-p","dn",1,0,0,1,"bếp","dnp"
67," ẩ"," ẩ-n","n",1,1,"iậ-n","iậ",1,0,0,1,"bí ẩn","bíiận"
352," thích"," thích-last_blank","last_blank",2,1,"hữuích-last_blank","hữuích",1,0,0,1,"bị kích thích","bị kíchhữuích"
449," mật"," mật-last_blank","last_blank",2,1,"tolt-last_blank","tolt",1,0,0,1,"bí mật","bítolt"
638,"t tù","t tù-last_blank","last_blank",3,1,"gýõi-last_blank","gýõi",1,0,0,1,"bị phạt tù","bị phạgýõi"
87,"first_blank","first_blank-bi ","bi ",2,1,"first_blank-tab","tab",1,0,0,1,"bi thảm","tabthảm"
931,"bi","bi-a","a",1,10,"ly-a","ly",10,0,0,1,"bia","lya"
361," cố"," cố-last_blank","last_blank",2,1,"hhì-last_blank","hhì",1,0,0,1,"biến cố","biếnhhì"
923," mất"," mất-last_blank","last_blank",2,1,"veit-last_blank","veit",1,0,0,1,"biến mất","biếnveit"
360,"bi","bi-ết","ết",1,2,"bi-ee","ee",2,0,0,1,"biết","biee"
277,"thị","thị-last_blank","last_blank",2,1,"duz-last_blank","duz",1,0,0,1,"biểu thị","biểu duz"
454,"bi","bi-ểu","ểu",1,1,"bi-lk","lk",1,0,0,1,"biểu tượng","bilk tượng"
371,"bì","bì-nh","nh",1,1,"uy-nh","uy",1,0,0,1,"bình minh","uynh minh"
163,"bố","bố-last_blank","last_blank",1,42,"ợc-last_blank","ợc",44,2,0,1,"bố","ợc"
162,"bơ","bơ-last_blank","last_blank",1,2,"yp-last_blank","yp",2,0,0,1,"bơ","yp"
236,"bộ","bộ-last_blank","last_blank",1,14,"ật-last_blank","ật",14,0,0,1,"bộ","ật"
76," biển"," biển-last_blank","last_blank",2,1,"tđiểm-last_blank","tđiểm",1,0,0,1,"bờ biển","bờtđiểm"
717,"first_blank","first_blank-bỏ","bỏ",1,16,"first_blank-rấ","rấ",16,0,0,1,"bỏ phiếu","rấ phiếu"
413,"bộ","bộ- p"," p",1,1,"bộ-nữ","nữ",1,0,0,1,"bộ phim","bộnữhim"
692,"first_blank","first_blank-bỏ","bỏ",1,16,"first_blank-eh","eh",16,0,0,1,"bỏ rơi","eh rơi"
235," mục sư"," mục sư-last_blank","last_blank",4,1,"structs-last_blank","structs",1,0,0,2,"bộ trưởng, mục sư","bộ trưởng,structs"
136,"first_blank","first_blank-bơ","bơ",1,7,"first_blank-oe","oe",7,0,0,1,"bơi","oei"
346,"bố","bố-n","n",1,1,"ơi-n","ơi",1,0,0,1,"bốn","ơin"
648,"a chén","a chén-last_blank","last_blank",3,1,"tickin-last_blank","tickin",1,0,0,1,"bồn rửa chén","bồn rửtickin"
488,"first_blank","first_blank-bô","bô",1,11,"first_blank-pb","pb",11,0,0,1,"bông","pbng"
707,"first_blank","first_blank-bóng","bóng",2,4,"first_blank-kind","kind",4,0,0,1,"bóng chày","kind chày"
81,"ng","ng- đ"," đ",1,1,"ng-ẹt","ẹt",1,0,0,1,"bóng đá","bóngẹtá"
968,"first_blank","first_blank-bos","bos",2,19,"first_blank-rin","rin",19,0,0,1,"boston","rinton"
578,"bộ","bộ-t","t",1,1,"uợ-t","uợ",1,0,0,1,"bột","uợt"
285,"first_blank","first_blank-bữ","bữ",1,4,"first_blank-zz","zz",4,0,0,1,"bữa ăn","zza ăn"
85,"first_blank","first_blank-bữ","bữ",1,4,"first_blank-zz","zz",4,0,0,1,"bữa sáng","zza sáng"
716,"first_blank","first_blank-bữa","bữa",2,1,"first_blank-tẩn","tẩn",1,0,0,1,"bữa trưa","tẩn trưa"
896,"first_blank","first_blank-bụi","bụi",2,1,"first_blank-gaa","gaa",1,0,0,1,"bụi bặm","gaa bặm"
205,"first_blank","first_blank-bụ","bụ",1,9,"first_blank-vê","vê",9,0,0,1,"bụng","vêng"
478,"bu","bu-ộc","ộc",1,1,"bu-ën","ën",1,0,0,1,"buộc tội","buën tội"
174,"first_blank","first_blank-buổi","buổi",3,2,"first_blank-friz","friz",2,0,0,1,"buổi hòa nhạc","friz hòa nhạc"
560,"bu","bu-ổi","ổi",1,2,"bu-tt","tt",2,0,0,1,"buổi sáng","butt sáng"
852,"first_blank","first_blank-buổi","buổi",2,2,"first_blank-brod","brod",2,0,0,1,"buổi tiệc","brod tiệc"
77,"n lãm","n lãm-last_blank","last_blank",2,1,"rylàm-last_blank","rylàm",1,0,0,1,"buổi triển lãm","buổi triểrylàm"
64,"first_blank","first_blank-buồn","buồn",2,1,"first_blank-baal","baal",1,0,0,1,"buồn nôn","baal nôn"
647,"first_blank","first_blank-bưu","bưu",2,1,"first_blank-mẫn","mẫn",1,0,0,1,"bưu kiện","mẫn kiện"
92,"cá","cá-last_blank","last_blank",1,4,"óe-last_blank","óe",4,0,0,1,"cá","óe"
419," chua"," chua-last_blank","last_blank",2,1,"chiya-last_blank","chiya",1,0,0,1,"cà chua","càchiya"
580,"first_blank","first_blank-cá ","cá ",2,1,"first_blank-lda","lda",1,0,0,1,"cá nhân","ldanhân"
760,"phê","phê-last_blank","last_blank",2,1,"hcơ-last_blank","hcơ",1,0,0,1,"cà phê","cà hcơ"
900," vạt"," vạt-last_blank","last_blank",2,1,"hvol-last_blank","hvol",1,0,0,1,"cà vạt","càhvol"
336," bút"," bút-last_blank","last_blank",2,1,"vmột-last_blank","vmột",1,0,0,1,"cái bút","cáivmột"
382," cổ"," cổ-last_blank","last_blank",2,1,"gez-last_blank","gez",1,0,0,1,"cái cổ","cáigez"
143,"ghế","ghế-last_blank","last_blank",2,1,"jum-last_blank","jum",1,0,0,1,"cái ghế","cái jum"
511,"first_blank","first_blank-cái","cái",2,13,"first_blank-shu","shu",13,0,0,1,"cái mic cờ rô","shu mic cờ rô"
101,"nĩ","nĩ-a","a",1,1,"bủ-a","bủ",1,0,0,1,"cái nĩa","cái bủa"
383,"tú","tú-i","i",1,1,"cr-i","cr",1,0,0,1,"cái túi","cái cri"
103,"first_blank","first_blank-cấ","cấ",1,10,"first_blank-dh","dh",10,0,0,1,"cấm","dhm"
10,"first_blank","first_blank-cảm","cảm",2,1,"first_blank-lep","lep",1,0,0,1,"cảm giác","lep giác"
912,"first_blank","first_blank-cảm","cảm",2,1,"first_blank-nữn","nữn",1,0,0,1,"cảm hứng","nữn hứng"
889," tạ"," tạ-last_blank","last_blank",2,1,"kiề-last_blank","kiề",1,0,0,1,"cảm tạ","cảmkiề"
268,"first_blank","first_blank-cắm","cắm",2,1,"first_blank-vra","vra",1,0,0,1,"cắm trại","vra trại"
614,"ca","ca-n ","n ",1,1,"ca-về","về",1,0,0,1,"can đảm","cavềđảm"
106,"ung cư","ung cư-last_blank","last_blank",4,1,"bikịch-last_blank","bikịch",1,0,0,1,"căn hộ, chung cư","căn hộ, chbikịch"
202,"first_blank","first_blank-cán","cán",2,4,"first_blank-tạm","tạm",4,0,0,1,"cánh cổng","tạmh cổng"
774,"first_blank","first_blank-cán","cán",2,4,"first_blank-nol","nol",4,0,0,1,"cánh tay","nolh tay"
794,"ca","ca-o","o",1,10,"li-o","li",10,0,0,1,"cao","lio"
571,"thủ","thủ-last_blank","last_blank",3,1,"anít-last_blank","anít",1,0,1,1,"cao thủ","cao anít"
11,"lism","lism-last_blank","last_blank",4,6,"bergs-last_blank","bergs",6,0,1,1,"capitalism","capitabergs"
86,"cá","cá-t","t",1,1,"oc-t","oc",1,0,0,1,"cát","oct"
977,"first_blank","first_blank-cắ","cắ",1,10,"first_blank-gt","gt",10,0,0,1,"cắt","gtt"
914,"first_blank","first_blank-câ","câ",1,26,"first_blank-ps","ps",26,0,0,1,"câu","psu"
175," bé"," bé-last_blank","last_blank",2,1,"iya-last_blank","iya",1,0,0,1,"cậu bé","cậuiya"
68,"first_blank","first_blank-câ","câ",1,26,"first_blank-vư","vư",26,0,0,1,"câu nói đùa","vưu nói đùa"
91,"first_blank","first_blank-câ","câ",1,26,"first_blank-mô","mô",26,0,0,1,"cây","môy"
239,"first_blank","first_blank-cây","cây",2,5,"first_blank-vừa","vừa",5,0,0,1,"cây búa","vừa búa"
237,"ti","ti-met","met",3,1,"ti-lick","lick",1,0,1,1,"centimet","centilick"
629,"bral","bral-last_blank","last_blank",3,2,"tans-last_blank","tans",2,0,0,1,"cerebral","ceretans"
513,"ch","ch-a","a",1,3,"hr-a","hr",3,0,0,1,"cha","hra"
582,"a ","a -mẹ","mẹ",1,1,"hả-mẹ","hả",1,0,0,1,"cha mẹ","chhảmẹ"
8,"first_blank","first_blank-chắc","chắc",2,4,"first_blank-cras","cras",4,0,0,1,"chắc chắn","cras chắn"
183,"ai","ai-last_blank","last_blank",1,94,"so-last_blank","so",94,0,0,1,"chai","chso"
946,"first_blank","first_blank-chấn ","chấn ",2,1,"first_blank-thann","thann",1,0,0,1,"chấn thương","thannthương"
169," hỏi"," hỏi-last_blank","last_blank",2,1,"muội-last_blank","muội",1,0,0,1,"chào hỏi","chàomuội"
887,"first_blank","first_blank-chấp","chấp",2,1,"first_blank-crai","crai",1,0,0,1,"chấp hành","crai hành"
915,"nhận","nhận-last_blank","last_blank",2,1,"niks-last_blank","niks",1,0,0,1,"chấp nhận","chấp niks"
131,"ch","ch-áu","áu",1,8,"ch-ec","ec",8,0,0,1,"cháu trai","chec trai"
587,"rố","rố-n","n",1,1,"sả-n","sả",1,0,0,1,"chạy trốn","chạy tsản"
521,"èo","èo-last_blank","last_blank",1,10,"ón-last_blank","ón",10,0,0,1,"chèo","chón"
154,"ch","ch-ết","ết",1,5,"ch-oạ","oạ",5,0,0,1,"chết","choạ"
468," binh"," binh-last_blank","last_blank",2,1,"mains-last_blank","mains",1,0,0,1,"chiến binh","chiếnmains"
396," lược"," lược-last_blank","last_blank",2,1,"cnước-last_blank","cnước",1,0,0,1,"chiến lược","chiếncnước"
258,"first_blank","first_blank-chiến","chiến",2,10,"first_blank-tiếng","tiếng",10,0,0,1,"chiến trường","tiếng trường"
105," cao"," cao-last_blank","last_blank",2,1,"chol-last_blank","chol",1,0,0,1,"chiều cao","chiềuchol"
437," dài"," dài-last_blank","last_blank",2,1,"hàđi-last_blank","hàđi",1,0,0,1,"chiều dài","chiềuhàđi"
186,"im","im-last_blank","last_blank",1,45,"về-last_blank","về",45,0,0,1,"chim","chvề"
737,"first_blank","first_blank-chín","chín",2,20,"first_blank-cris","cris",20,0,0,1,"chính quyền","crish quyền"
151,"thức","thức-last_blank","last_blank",3,1,"riff-last_blank","riff",1,0,0,1,"chính thức","chính riff"
45,"h trị","h trị-last_blank","last_blank",2,1,"haari-last_blank","haari",1,0,0,1,"chính trị","chínhaari"
150,"ị gia","ị gia-last_blank","last_blank",3,1,"leeka-last_blank","leeka",1,0,0,1,"chính trị gia","chính trleeka"
704,"h xác","h xác-last_blank","last_blank",2,1,"hchắc-last_blank","hchắc",1,0,0,1,"chính xác","chínhchắc"
125,"ch","ch-o","o",1,2,"ã -o","ã ",2,0,0,1,"cho","ã o"
156,"đợ","đợ-i","i",1,5,"bi-i","bi",5,0,0,1,"chờ đợi","chờ bii"
153,"ch","ch-ó ","ó ",1,1,"ch-ủa","ủa",1,0,0,1,"chó sói","chủasói"
251,"ôn","ôn-last_blank","last_blank",1,25,"đã-last_blank","đã",25,0,0,1,"chôn","chđã"
775,"first_blank","first_blank-chữ","chữ",2,1,"first_blank-wib","wib",1,0,0,1,"chữ cái","wib cái"
543,"ch","ch-ủ ","ủ ",1,1,"ch-øc","øc",1,0,0,1,"chủ đích","chøcđích"
196,"ký","ký-last_blank","last_blank",1,1,"bò-last_blank","bò",1,0,0,1,"chữ ký","chữ bò"
586,"nhà","nhà-last_blank","last_blank",2,1,"hồi-last_blank","hồi",1,0,0,1,"chủ nhà","chủ hồi"
56,"nhân","nhân-last_blank","last_blank",2,1,"niks-last_blank","niks",1,0,0,1,"chủ nhân","chủ niks"
826,"first_blank","first_blank-chủ ","chủ ",2,1,"first_blank-cầnx","cầnx",1,0,0,1,"chủ nhật","cầnxnhật"
124,"first_blank","first_blank-chủ","chủ",2,7,"first_blank-art","art",7,0,0,1,"chủ tịch","art tịch"
29," vi"," vi-last_blank","last_blank",2,1,"đen-last_blank","đen",1,0,0,1,"chu vi","chuđen"
72,"first_blank","first_blank-chữa","chữa",2,1,"first_blank-when","when",1,0,0,1,"chữa trị","when trị"
706,"ị các","ị các-last_blank","last_blank",3,1,"mxoáy-last_blank","mxoáy",1,0,0,1,"chuẩn bị các","chuẩn bmxoáy"
373,"c năng","c năng-last_blank","last_blank",2,1,"cruồng-last_blank","cruồng",1,0,0,1,"chức năng","chứcruồng"
215,"ô địch","ô địch-last_blank","last_blank",3,1,"scotch-last_blank","scotch",1,0,0,1,"chức vô địch","chức vscotch"
776,"c vụ","c vụ-last_blank","last_blank",2,1,"calý-last_blank","calý",1,0,0,1,"chức vụ","chứcalý"
54,"uộ","uộ-c","c",1,5,"đặ-c","đặ",5,0,0,1,"chuộc","chđặc"
302," trình"," trình-last_blank","last_blank",2,1,"strang-last_blank","strang",1,0,0,1,"chương trình","chươngstrang"
955,"first_blank","first_blank-chụ","chụ",2,1,"first_blank-vuk","vuk",1,0,0,1,"chụp lấy","vukp lấy"
286," bay"," bay-last_blank","last_blank",2,1,"rayi-last_blank","rayi",1,0,0,1,"chuyến bay","chuyếnrayi"
793," gia"," gia-last_blank","last_blank",2,1,"sail-last_blank","sail",1,0,0,1,"chuyên gia","chuyênsail"
269,"khoản","khoản-last_blank","last_blank",2,1,"choff-last_blank","choff",1,0,0,1,"chuyển khoản","chuyển choff"
230,"first_blank","first_blank-cổ","cổ",1,6,"first_blank-bợ","bợ",6,0,0,1,"cổ điển","bợ điển"
533," đơn"," đơn-last_blank","last_blank",2,1,"wren-last_blank","wren",1,0,0,1,"cô đơn","côwren"
609," gái"," gái-last_blank","last_blank",2,1,"thời-last_blank","thời",1,0,0,1,"cô gái","côthời"
390," hiệu lực"," hiệu lực-last_blank","last_blank",2,1,"thiếuúyđó-last_blank","thiếuúyđó",1,0,0,4,"có hiệu lực","cóthiếuúyđó"
308,"first_blank","first_blank-có ","có ",2,1,"first_blank-ehe","ehe",1,0,0,1,"có khả năng","ehekhả năng"
452,"first_blank","first_blank-cơ ","cơ ",2,1,"first_blank-hệk","hệk",1,0,0,1,"cơ khí","hệkkhí"
178,"có","có- l"," l",1,1,"có-bá","bá",1,0,0,1,"có lẽ","cóbáẽ"
957," tội"," tội-last_blank","last_blank",2,1,"erni-last_blank","erni",1,0,0,1,"có tội","cóerni"
141," trưởng"," trưởng-last_blank","last_blank",2,1,"trànngp-last_blank","trànngp",1,0,0,2,"cơ trưởng","cơtrànngp"
330,"hợp lý","hợp lý-last_blank","last_blank",4,1,"lishly-last_blank","lishly",1,0,0,1,"có vẻ hợp lý","có vẻ lishly"
956," ý"," ý-last_blank","last_blank",1,1,"界了-last_blank","界了",1,0,0,1,"cố ý","cố界了"
698,"nac","nac-last_blank","last_blank",2,8,"off-last_blank","off",8,0,0,1,"cognac","cogoff"
753,"first_blank","first_blank-cò","cò",1,11,"first_blank-hl","hl",11,0,0,1,"còi","hli"
225,"first_blank","first_blank-cò","cò",1,11,"first_blank-ua","ua",11,0,0,1,"còn","uan"
187," chuột"," chuột-last_blank","last_blank",2,1,"gchung-last_blank","gchung",1,0,0,1,"con chuột","congchung"
190,"first_blank","first_blank-con ","con ",2,1,"first_blank-hooi","hooi",1,0,0,1,"con khỉ đột","hooikhỉ đột"
193," kiến"," kiến-last_blank","last_blank",2,1,"họđến-last_blank","họđến",1,0,0,1,"con kiến","conhọđến"
164," mèo"," mèo-last_blank","last_blank",2,1,"coro-last_blank","coro",1,0,0,1,"con mèo","concoro"
711," rắn"," rắn-last_blank","last_blank",2,1,"kein-last_blank","kein",1,0,0,1,"con rắn","conkein"
630," rùa"," rùa-last_blank","last_blank",2,1,"maha-last_blank","maha",1,0,0,1,"con rùa","conmaha"
188,"n lằn","n lằn-last_blank","last_blank",3,1,"niers-last_blank","niers",1,0,0,1,"con thằn lằn","con thằniers"
111,"thỏ","thỏ-last_blank","last_blank",2,1,"qns-last_blank","qns",1,0,0,1,"con thỏ","con qns"
773,"first_blank","first_blank-con ","con ",2,1,"first_blank-chốt","chốt",1,0,0,1,"con thuyền","chốtthuyền"
189," trai"," trai-last_blank","last_blank",2,1,"trarc-last_blank","trarc",1,0,0,1,"con trai","contrarc"
602,"first_blank","first_blank-côn","côn",2,1,"first_blank-dzà","dzà",1,0,0,1,"côn trùng","dzà trùng"
479,"first_blank","first_blank-cổ","cổ",1,6,"first_blank-rt","rt",6,0,0,1,"cổng","rtng"
970,"ng","ng- đ"," đ",1,1,"ng-ủi","ủi",1,0,0,1,"cộng đồng","cộngủiồng"
633,"first_blank","first_blank-cộ","cộ",1,8,"first_blank-uy","uy",8,0,0,1,"cộng sản","uyng sản"
490,"viên","viên-last_blank","last_blank",4,1,"unđum-last_blank","unđum",1,0,1,1,"công tố viên","công tố unđum"
204," việc"," việc-last_blank","last_blank",2,1,"vving-last_blank","vving",1,0,0,1,"công việc","côngvving"
691,"boy","boy-last_blank","last_blank",3,15,"giúp-last_blank","giúp",15,0,1,1,"cowboy","cowgiúp"
930," tri"," tri-last_blank","last_blank",2,1,"tuis-last_blank","tuis",1,0,0,1,"cử tri","cửtuis"
208,"first_blank","first_blank-cử","cử",1,12,"first_blank-xú","xú",12,0,0,1,"cửa","xúa"
209," hàng"," hàng-last_blank","last_blank",2,1,"hđúng-last_blank","hđúng",1,0,0,1,"cửa hàng","cửahđúng"
224,"c đá","c đá-last_blank","last_blank",2,1,"cism-last_blank","cism",1,0,0,1,"cục đá","cụcism"
916," từ"," từ-last_blank","last_blank",2,1,"dif-last_blank","dif",1,0,0,1,"cụm từ","cụmdif"
158," cấp"," cấp-last_blank","last_blank",2,1,"mđất-last_blank","mđất",1,0,0,1,"cung cấp","cungmđất"
146,"u cử","u cử-last_blank","last_blank",3,1,"hhim-last_blank","hhim",1,0,0,1,"cuộc bầu cử","cuộc bầhhim"
505,"first_blank","first_blank-cuộ","cuộ",2,13,"first_blank-ker","ker",13,0,0,1,"cuộc đua","kerc đua"
376,"first_blank","first_blank-cuộ","cuộ",2,13,"first_blank-got","got",13,0,0,1,"cuộc họp","gotc họp"
861,"first_blank","first_blank-cuộc ","cuộc ",3,1,"first_blank-muôii","muôii",1,0,0,1,"cuộc khủng hoảng","muôiikhủng hoảng"
518,"ời","ời-last_blank","last_blank",1,49,"ây-last_blank","ây",49,0,0,1,"cười","cưây"
257," cùng"," cùng-last_blank","last_blank",2,1,"cđang-last_blank","cđang",1,0,0,1,"cuối cùng","cuốicđang"
291,"nhau","nhau-last_blank","last_blank",2,1,"hdal-last_blank","hdal",1,0,0,1,"cưới nhau","cưới hdal"
210," cứng"," cứng-last_blank","last_blank",2,1,"cường-last_blank","cường",1,0,0,1,"cương cứng","cươngcường"
7,"first_blank","first_blank-cướp","cướp",2,1,"first_blank-cçan","cçan",1,0,0,1,"cướp bóc","cçan bóc"
13,"first_blank","first_blank-cứ","cứ",1,27,"first_blank-lỗ","lỗ",27,0,0,1,"cứu người","lỗu người"
764," cảm"," cảm-last_blank","last_blank",2,1,"trăm-last_blank","trăm",1,0,0,1,"đa cảm","đatrăm"
317,"first_blank","first_blank-đặ","đặ",1,16,"first_blank-sĩ","sĩ",16,0,0,1,"đặc","sĩc"
554,"first_blank","first_blank-dà","dà",1,10,"first_blank-lý","lý",10,0,0,1,"dài","lýi"
69,"first_blank","first_blank-đạ","đạ",1,18,"first_blank-ii","ii",18,0,0,1,"đại dương","iii dương"
965,"first_blank","first_blank-đạ","đạ",1,18,"first_blank-ii","ii",18,0,0,1,"đại lý","iii lý"
170,"tá","tá-last_blank","last_blank",1,3,"bệ-last_blank","bệ",3,0,0,1,"đại tá","đại bệ"
944,"đầ","đầ-m","m",1,1,"ịừ-m","ịừ",1,0,0,1,"đầm","ịừm"
348," mê"," mê-last_blank","last_blank",2,1,"tyu-last_blank","tyu",1,0,0,1,"đam mê","đamtyu"
102,"đạ","đạ-n","n",1,1,"ơi-n","ơi",1,0,0,1,"đạn","ơin"
340,"first_blank","first_blank-đàn","đàn",2,1,"first_blank-bék","bék",1,0,0,1,"đàn bà","bék bà"
243,"i ta","i ta-last_blank","last_blank",3,1,"sils-last_blank","sils",1,0,0,1,"đàn ghi ta","đàn ghsils"
675," tộc"," tộc-last_blank","last_blank",2,1,"basc-last_blank","basc",1,0,0,1,"dân tộc","dânbasc"
228,"first_blank","first_blank-đáng","đáng",2,2,"first_blank-tinn","tinn",2,0,0,1,"đáng chú ý","tinn chú ý"
417,"g hại","g hại-last_blank","last_blank",3,1,"sytôi-last_blank","sytôi",1,0,0,1,"đáng thương hại","đáng thươnsytôi"
684,"dà","dà-nh","nh",1,1,"éa-nh","éa",1,0,0,1,"dành","éanh"
147,"h bại","h bại-last_blank","last_blank",2,1,"hotri-last_blank","hotri",1,0,0,1,"đánh bại","đánhotri"
705,"t cá","t cá-last_blank","last_blank",4,1,"dield-last_blank","dield",1,0,1,1,"đánh bắt cá","đánh bắdield"
248,"first_blank","first_blank-đán","đán",2,13,"first_blank-cuộ","cuộ",13,0,0,1,"đánh đập","cuộh đập"
408,"á cao","á cao-last_blank","last_blank",3,1,"sacky-last_blank","sacky",1,0,0,1,"đánh giá cao","đánh gisacky"
145,"nhau","nhau-last_blank","last_blank",2,1,"vahs-last_blank","vahs",1,0,0,1,"đánh nhau","đánh vahs"
733,"h tiếng","h tiếng-last_blank","last_blank",2,1,"hvớiông-last_blank","hvớiông",1,0,0,1,"danh tiếng","danhvớiông"
790,"da","da-o","o",1,5,"in-o","in",5,0,0,1,"dao","ino"
880,"p lại","p lại-last_blank","last_blank",2,1,"sựlái-last_blank","sựlái",1,0,0,1,"đáp lại","đásựlái"
135,"first_blank","first_blank-đặ","đặ",1,16,"first_blank-bỏ","bỏ",16,0,0,1,"đặt","bỏt"
782,"first_blank","first_blank-dầ","dầ",1,4,"first_blank-đl","đl",4,0,0,1,"dầu","đlu"
255,"first_blank","first_blank-đầu","đầu",2,12,"first_blank-cai","cai",12,0,0,1,"đầu bếp","cai bếp"
935,"gố","gố-i","i",1,1,"ưo-i","ưo",1,0,0,1,"đầu gối","đầu ưoi"
71,"first_blank","first_blank-dấu","dấu",2,1,"first_blank-ozy","ozy",1,0,0,1,"dấu hiệu","ozy hiệu"
432,"first_blank","first_blank-đầ","đầ",1,22,"first_blank-há","há",22,0,0,1,"đầu lâu","háu lâu"
666,"sĩ","sĩ-last_blank","last_blank",1,2,"加油-last_blank","加油",2,0,0,1,"đấu sĩ","đấu 加油"
805,"u ","u -tr","tr",1,1,"pu-tr","pu",1,0,0,1,"dấu trừ","dấputrừ"
762,"tư","tư-last_blank","last_blank",1,6,"ủi-last_blank","ủi",6,0,0,1,"đầu tư","đầu ủi"
284,"n tay","n tay-last_blank","last_blank",3,1,"narồi-last_blank","narồi",1,0,0,1,"dấu vân tay","dấu vânarồi"
374,"first_blank","first_blank-dạ","dạ",1,11,"first_blank-tý","tý",11,0,0,1,"dạy","týy"
307,"đá","đá-y","y",1,1,"uã-y","uã",1,0,0,1,"đáy","uãy"
902,"đầ","đầ-y","y",1,3,"im-y","im",3,0,0,1,"đầy","imy"
113,"first_blank","first_blank-dâ","dâ",1,11,"first_blank-sb","sb",11,0,0,1,"dây điện","sby điện"
173,"first_blank","first_blank-dây ","dây ",2,1,"first_blank-styf","styf",1,0,0,1,"dây thừng","styfthừng"
428,"first_blank","first_blank-dễ","dễ",1,3,"first_blank-rứ","rứ",3,0,0,1,"dễ","rứ"
895," chế"," chế-last_blank","last_blank",2,1,"tịch-last_blank","tịch",1,0,0,1,"đế chế","đếtịch"
157," cho"," cho-last_blank","last_blank",2,1,"ecky-last_blank","ecky",1,0,0,1,"để cho","đểecky"
62," l"," l-ại","ại",1,1,"ho-ại","ho",1,0,0,1,"để lại","đểhoại"
401,"first_blank","first_blank-dễ ","dễ ",2,1,"first_blank-tết","tết",1,0,0,1,"dễ thương","tếtthương"
95,"de","de-ck","ck",1,4,"de-it","it",4,0,0,1,"deck","deit"
266,"first_blank","first_blank-đế","đế",1,24,"first_blank-ưi","ưi",24,0,0,1,"đến","ưin"
267,"first_blank","first_blank-đẹ","đẹ",1,15,"first_blank-ct","ct",15,0,0,1,"đẹp","ctp"
272,"đi","đi-last_blank","last_blank",1,44,"ợc-last_blank","ợc",44,0,0,1,"đi","ợc"
132," bộ"," bộ-last_blank","last_blank",2,1,"wop-last_blank","wop",1,0,0,1,"đi bộ","điwop"
579,"ạo","ạo-last_blank","last_blank",1,8,"ưi-last_blank","ưi",8,0,0,1,"đi dạo","đi dưi"
97,"first_blank","first_blank-đĩ","đĩ",1,3,"first_blank-nụ","nụ",3,0,0,1,"đĩa ăn","nụa ăn"
194," chỉ"," chỉ-last_blank","last_blank",2,1,"hcmb-last_blank","hcmb",1,0,0,1,"địa chỉ","địahcmb"
809,"ục","ục-last_blank","last_blank",1,11,"hủ-last_blank","hủ",11,0,0,1,"địa ngục","địa nghủ"
430,"first_blank","first_blank-địa ","địa ",2,1,"first_blank-đệmn","đệmn",1,0,0,1,"địa phương","đệmnphương"
129,"first_blank","first_blank-dị","dị",1,11,"first_blank-vă","vă",11,0,0,1,"dịch","văch"
212,"ch bệnh","ch bệnh-last_blank","last_blank",2,1,"chskins-last_blank","chskins",1,0,0,2,"dịch bệnh","dịchskins"
536,"đi","đi-ếc","ếc",1,1,"đi-mì","mì",1,0,0,1,"điếc","đimì"
998,"first_blank","first_blank-điềm","điềm",2,1,"first_blank-đăng","đăng",1,0,0,1,"điềm tĩnh","đăng tĩnh"
359,"ện","ện-last_blank","last_blank",1,28,"ut-last_blank","ut",28,0,0,1,"điện","điut"
342,"thoại","thoại-last_blank","last_blank",2,1,"troon-last_blank","troon",1,0,0,1,"điện thoại","điện troon"
759,"n nam","n nam-last_blank","last_blank",5,1,"hưđãổn-last_blank","hưđãổn",1,0,1,1,"diễn viên nam","diễn viêhưđãổn"
98,"ều","ều- đ"," đ",1,1,"ều-đa","đa",1,0,0,1,"điều đó","điềuđaó"
439,"ều","ều- t"," t",1,1,"ều-đi","đi",1,0,0,1,"điều tra","điềuđira"
592,"viên","viên-last_blank","last_blank",3,1,"reﬂy-last_blank","reﬂy",1,0,0,1,"điều tra viên","điều tra reﬂy"
421,"gà","gà-last_blank","last_blank",1,3,"td-last_blank","td",3,0,0,1,"điếu xì gà","điếu xì td"
653,"di","di-ng","ng",1,5,"di-te","te",5,0,0,1,"ding","dite"
997,"ghĩa","ghĩa-last_blank","last_blank",2,1,"hhuh-last_blank","hhuh",1,0,0,1,"định nghĩa","định nhhuh"
283,"first_blank","first_blank-dịu","dịu",2,1,"first_blank-uza","uza",1,0,0,1,"dịu dàng","uza dàng"
90," chơi"," chơi-last_blank","last_blank",2,1,"schel-last_blank","schel",1,0,0,1,"đồ chơi","đồschel"
632," la"," la-last_blank","last_blank",2,1,"hỏỏ-last_blank","hỏỏ",1,0,0,1,"đô la","đôhỏỏ"
855," văn"," văn-last_blank","last_blank",2,1,"yeun-last_blank","yeun",1,0,0,1,"đoạn văn","đoạnyeun"
595,"nhân","nhân-last_blank","last_blank",3,1,"zakh-last_blank","zakh",1,0,0,1,"doanh nhân","doanh zakh"
28,"first_blank","first_blank-do","do",4,339,"cậusẽđượctự-do","cậusẽđượctự",1,338,0,6,"doanh thu","cậusẽđượctựdoanh thu"
227,"nhất","nhất-last_blank","last_blank",3,1,"taan-last_blank","taan",1,0,0,1,"độc nhất","độc taan"
465,"first_blank","first_blank-độ","độ",1,18,"first_blank-vị","vị",18,0,0,1,"đội","vịi"
514,"first_blank","first_blank-đói","đói",2,1,"first_blank-foz","foz",1,0,0,1,"đói bụng","foz bụng"
999," hàng"," hàng-last_blank","last_blank",2,1,"mxong-last_blank","mxong",1,0,0,1,"đơn hàng","đơnmxong"
982," cơ"," cơ-last_blank","last_blank",2,1,"duz-last_blank","duz",1,0,0,1,"động cơ","độngduz"
66,"first_blank","first_blank-đóng","đóng",2,1,"first_blank-krug","krug",1,0,0,1,"đóng cửa","krug cửa"
766," cứng"," cứng-last_blank","last_blank",2,1,"gyong-last_blank","gyong",1,0,0,1,"đông cứng","đônggyong"
365," hành"," hành-last_blank","last_blank",2,1,"pđàng-last_blank","pđàng",1,0,0,1,"đồng hành","đồngpđàng"
604,"eo tay","eo tay-last_blank","last_blank",4,1,"hooooo-last_blank","hooooo",1,0,0,1,"đồng hồ đeo tay","đồng hồ đhooooo"
862," mạch"," mạch-last_blank","last_blank",2,1,"veich-last_blank","veich",1,0,0,1,"động mạch","độngveich"
391,"first_blank","first_blank-đồng ","đồng ",2,1,"first_blank-hangy","hangy",1,0,0,1,"đồng phục","hangyphục"
655,"n thịt","n thịt-last_blank","last_blank",4,1,"cmahon-last_blank","cmahon",1,0,0,1,"động vật ăn thịt","động vật ăcmahon"
742,"first_blank","first_blank-đột","đột",2,1,"first_blank-lae","lae",1,0,0,1,"đột biến","lae biến"
304," trẻ"," trẻ-last_blank","last_blank",2,1,"stai-last_blank","stai",1,0,0,1,"đứa trẻ","đứastai"
306," cụ"," cụ-last_blank","last_blank",2,1,"veg-last_blank","veg",1,0,0,1,"dụng cụ","dụngveg"
928," dẫn"," dẫn-last_blank","last_blank",2,1,"olớn-last_blank","olớn",1,0,0,1,"đường dẫn","đườngolớn"
115," hầm"," hầm-last_blank","last_blank",2,1,"zeem-last_blank","zeem",1,0,0,1,"đường hầm","đườngzeem"
233,"phố","phố-last_blank","last_blank",2,1,"ois-last_blank","ois",1,0,0,1,"đường phố","đường ois"
4,"first_blank","first_blank-dương","dương",2,1,"first_blank-dạynó","dạynó",1,0,0,1,"dương vật","dạynó vật"
702,"first_blank","first_blank-dus","dus",2,9,"first_blank-yar","yar",9,0,0,1,"dusty","yarty"
49,"du","du-y ","y ",1,1,"du-mo","mo",1,0,0,1,"duy trì","dumotrì"
313," tây"," tây-last_blank","last_blank",2,1,"ecky-last_blank","ecky",1,0,0,1,"gà tây","gàecky"
991,"ga","ga-ra","ra",2,13,"fer-ra","fer",5,8,1,1,"ga-ra","ferra"
659,"ga","ga-n","n",1,3,"âì-n","âì",3,0,0,1,"gan","âìn"
520,"first_blank","first_blank-gầ","gầ",1,6,"first_blank-sổ","sổ",6,0,0,1,"gần","sổn"
798,"first_blank","first_blank-gặ","gặ",1,13,"first_blank-tû","tû",13,0,0,1,"gặp","tûp"
724,"first_blank","first_blank-gấu mè","gấu mè",2,1,"first_blank-goober","goober",1,0,0,3,"gấu mèo - gấu mèo","goobero  gấu mèo"
300,"ga","ga-y","y",1,3,"oá-y","oá",3,0,0,1,"gay","oáy"
610,"first_blank","first_blank-gây ấ","gây ấ",2,1,"first_blank-giâyk","giâyk",1,0,0,1,"gây ấn tượng","giâykn tượng"
137,"first_blank","first_blank-gây t","gây t",2,1,"first_blank-tuyçt","tuyçt",1,0,0,1,"gây tử vong","tuyçtử vong"
321,"âm","âm-last_blank","last_blank",1,12,"eg-last_blank","eg",12,0,0,1,"ghi âm","ghi eg"
324," bán"," bán-last_blank","last_blank",2,1,"teáp-last_blank","teáp",1,0,0,1,"giá bán","giáteáp"
323,"a đình","a đình-last_blank","last_blank",2,1,"neđỉnh-last_blank","neđỉnh",1,0,0,1,"gia đình","gineđỉnh"
634,"first_blank","first_blank-giả","giả",2,5,"first_blank-von","von",5,0,0,1,"giả thiết","von thiết"
326," stage"," stage-last_blank","last_blank",5,1,"derink-last_blank","derink",1,0,0,1,"giai đoạn = stage","giai đoạn =derink"
769,"first_blank","first_blank-giảm","giảm",2,1,"first_blank-guet","guet",1,0,0,1,"giảm bớt","guet bớt"
593,"first_blank","first_blank-giá","giá",2,5,"first_blank-ohk","ohk",5,0,0,1,"giám đốc","ohkm đốc"
294," dị"," dị-last_blank","last_blank",2,1,"hub-last_blank","hub",1,0,0,1,"giản dị","giảnhub"
6," lận"," lận-last_blank","last_blank",3,1,"sort-last_blank","sort",1,0,0,1,"gian lận","giansort"
750,"first_blank","first_blank-giáo","giáo",2,1,"first_blank-dago","dago",1,0,0,1,"giáo dục","dago dục"
911,"gi","gi-áo","áo",1,2,"gi-us","us",2,0,0,1,"giáo sư","gius sư"
673,"thức","thức-last_blank","last_blank",4,1,"sylấy-last_blank","sylấy",1,0,1,1,"giao thức","giao sylấy"
375,"first_blank","first_blank-giáo","giáo",3,1,"first_blank-làeu","làeu",1,0,0,1,"giáo viên","làeu viên"
99,"áp","áp-last_blank","last_blank",1,11,"nc-last_blank","nc",11,0,0,1,"giáp","ginc"
134,"ấu","ấu-last_blank","last_blank",1,12,"rv-last_blank","rv",12,0,0,1,"giấu","girv"
566,"first_blank","first_blank-giàu","giàu",2,1,"first_blank-sind","sind",1,0,0,1,"giàu có","sind có"
83,"ày","ày-last_blank","last_blank",1,35,"fa-last_blank","fa",35,0,0,1,"giày","gifa"
127," chết"," chết-last_blank","last_blank",3,1,"cherd-last_blank","cherd",1,0,0,1,"giết chết","giếtcherd"
922,"ết","ết- n"," n",1,1,"ết-ng","ng",1,0,0,1,"giết người","giếtnggười"
339,"gi","gi-ọn","ọn",1,3,"gi-ze","ze",3,0,0,1,"giọng","gizeg"
547," cái"," cái-last_blank","last_blank",2,1,"dđợi-last_blank","dđợi",1,0,0,1,"giống cái","giốngdđợi"
867,"gi","gi-ữ","ữ",1,1,"in-ữ","in",1,0,0,1,"giữ","inữ"
318,"gi","gi-ườ","ườ",1,4,"gi-ta","ta",4,0,0,1,"giường","gitang"
117,"first_blank","first_blank-gợ","gợ",1,2,"first_blank-ền","ền",2,0,0,1,"gợi ý","ềni ý"
441,"gr","gr-am","am",1,3,"ti-am","ti",3,0,0,1,"gram","tiam"
502,"first_blank","first_blank-gử","gử",1,3,"first_blank-tþ","tþ",3,0,0,1,"gửi","tþi"
735,"gư","gư-ơn","ơn",1,1,"gư-ià","ià",1,0,0,1,"gương","gưiàg"
950,"first_blank","first_blank-hải","hải",2,1,"first_blank-lưa","lưa",1,0,0,1,"hải cảng","lưa cảng"
725,"first_blank","first_blank-hài","hài",2,1,"first_blank-mừn","mừn",1,0,0,1,"hài hòa","mừn hòa"
436,"first_blank","first_blank-hà","hà",1,21,"first_blank-yi","yi",21,0,0,1,"hài kịch","yii kịch"
820,"lò","lò-ng","ng",1,1,"tẳ-ng","tẳ",1,0,0,1,"hài lòng","hài tẳng"
315,"first_blank","first_blank-hải","hải",2,1,"first_blank-wop","wop",1,0,0,1,"hải quân","wop quân"
347,"m đội","m đội-last_blank","last_blank",2,1,"weđại-last_blank","weđại",1,0,0,1,"hạm đội","hạweđại"
903," hóa"," hóa-last_blank","last_blank",2,1,"hcób-last_blank","hcób",1,0,0,1,"hàng hóa","hànghcób"
534,"first_blank","first_blank-hàng","hàng",2,9,"first_blank-thân","thân",9,0,0,1,"hàng trăm","thân trăm"
351," tuần"," tuần-last_blank","last_blank",2,1,"sturg-last_blank","sturg",1,0,0,1,"hàng tuần","hàngsturg"
738,"first_blank","first_blank-hàn","hàn",2,12,"first_blank-ale","ale",12,0,0,1,"hành chính","aleh chính"
207,"first_blank","first_blank-hàn","hàn",2,12,"first_blank-bec","bec",12,0,0,1,"hành động","bech động"
874,"first_blank","first_blank-hàn","hàn",2,12,"first_blank-cut","cut",12,0,0,1,"hành tây","cuth tây"
537,"ha","ha-t","t",1,10,"un-t","un",9,1,0,1,"hat","unt"
938,"first_blank","first_blank-hạ","hạ",1,18,"first_blank-ii","ii",18,0,0,1,"hạt","iit"
5,"t trời","t trời-last_blank","last_blank",3,1,"chérói-last_blank","chérói",1,0,0,1,"hệ mặt trời","hệ mặchérói"
501,"first_blank","first_blank-hệ ","hệ ",2,1,"first_blank-jif","jif",1,0,0,1,"hệ thống","jifthống"
104,"u khiển","u khiển-last_blank","last_blank",3,1,"dolphin-last_blank","dolphin",1,0,0,2,"hệ thống điều khiển","hệ thống điềdolphin"
341,"first_blank","first_blank-hẻ","hẻ",1,5,"first_blank-sị","sị",5,0,0,1,"hẻm","sịm"
184,"ro","ro-in","in",1,1,"at-in","at",1,0,0,1,"heroin","heatin"
211,"first_blank","first_blank-hết","hết",2,6,"first_blank-nho","nho",6,0,0,1,"hết sức","nho sức"
817,"ếm","ếm-last_blank","last_blank",1,13,"ởi-last_blank","ởi",13,0,0,1,"hiếm","hiởi"
384,"first_blank","first_blank-hiệ","hiệ",2,1,"first_blank-ăcß","ăcß",1,0,0,1,"hiệp định","ăcßp định"
598," biết"," biết-last_blank","last_blank",2,1,"bient-last_blank","bient",1,0,0,1,"hiểu biết","hiểubient"
14,"ệu","ệu- ứ"," ứ",1,1,"ệu-lt","lt",1,0,0,1,"hiệu ứng","hiệultng"
362,"first_blank","first_blank-hìn","hìn",2,5,"first_blank-jou","jou",5,0,0,1,"hình chụp","jouh chụp"
1,"hi","hi-v","v",1,1,"an-v","an",1,0,0,1,"hiv","anv"
625,"hố","hố-last_blank","last_blank",1,7,"ớp-last_blank","ớp",7,0,0,1,"hố","ớp"
299,"first_blank","first_blank-hồ","hồ",1,7,"first_blank-dặ","dặ",7,0,0,1,"hồ","dặ"
778,"họ","họ-last_blank","last_blank",1,79,"ie-last_blank","ie",99,20,0,1,"họ","ie"
945," chiếu"," chiếu-last_blank","last_blank",2,1,"chđiều-last_blank","chđiều",1,0,0,1,"hộ chiếu","hộchđiều"
222," trợ"," trợ-last_blank","last_blank",2,1,"htối-last_blank","htối",1,0,0,1,"hỗ trợ","hỗhtối"
838,"ho","ho-a","a",1,15,"si-a","si",15,0,0,1,"hoa","sia"
658,"a","a- quả"," quả",3,1,"a-hanh","hanh",1,0,0,1,"hoa quả","hoahanh"
369,"sĩ","sĩ-last_blank","last_blank",1,2,"ơr-last_blank","ơr",2,0,0,1,"họa sĩ","họa ơr"
777,"first_blank","first_blank-hỏa","hỏa",2,1,"first_blank-zed","zed",1,0,0,1,"hỏa tiễn","zed tiễn"
562,"ghi","ghi-last_blank","last_blank",2,1,"dắt-last_blank","dắt",1,0,0,1,"hoài nghi","hoài ndắt"
496," hảo"," hảo-last_blank","last_blank",2,1,"thik-last_blank","thik",1,0,0,1,"hoàn hảo","hoànthik"
122,"thành","thành-last_blank","last_blank",2,1,"shank-last_blank","shank",1,0,0,1,"hoàn thành","hoàn shank"
120," toàn"," toàn-last_blank","last_blank",2,1,"stran-last_blank","stran",1,0,0,1,"hoàn toàn","hoànstran"
791,"đế","đế-last_blank","last_blank",1,1,"ữu-last_blank","ữu",1,0,0,1,"hoàng đế","hoàng ữu"
741,"sợ","sợ-last_blank","last_blank",1,5,"nô-last_blank","nô",5,0,0,1,"hoảng sợ","hoảng nô"
199,"first_blank","first_blank-hoàng","hoàng",2,1,"first_blank-sting","sting",1,0,0,1,"hoàng tử","sting tử"
847,"first_blank","first_blank-hoạ","hoạ",2,8,"first_blank-dex","dex",8,0,0,1,"hoạt động","dext động"
995,"first_blank","first_blank-học ","học ",2,1,"first_blank-hrun","hrun",1,0,0,1,"học thuyết","hrunthuyết"
116,"first_blank","first_blank-hỏ","hỏ",1,12,"first_blank-lă","lă",12,0,0,1,"hỏi","lăi"
894,"first_blank","first_blank-hội","hội",2,5,"first_blank-lyu","lyu",5,0,0,1,"hội chứng","lyu chứng"
379," qua"," qua-last_blank","last_blank",3,1,"otốt-last_blank","otốt",1,0,0,1,"hôm qua","hômotốt"
736," hợp"," hợp-last_blank","last_blank",2,1,"chứạ-last_blank","chứạ",1,0,0,1,"hỗn hợp","hỗnchứạ"
495,"nhân","nhân-last_blank","last_blank",3,1,"scậu-last_blank","scậu",1,0,0,1,"hôn nhân","hôn scậu"
331," y"," y-last_blank","last_blank",1,1,"可能-last_blank","可能",1,0,0,1,"hồng y","hồng可能"
433,"first_blank","first_blank-họp","họp",2,1,"first_blank-ers","ers",1,0,0,1,"họp báo","ers báo"
198,"p lý","p lý-last_blank","last_blank",2,1,"kels-last_blank","kels",1,0,0,1,"hợp lý","hợkels"
57,"pháp","pháp-last_blank","last_blank",2,1,"joop-last_blank","joop",1,0,0,1,"hợp pháp","hợp joop"
765," á"," á-c","c",1,1,"đị-c","đị",1,0,0,1,"hung ác","hungđịc"
335,"first_blank","first_blank-hùng","hùng",2,1,"first_blank-voig","voig",1,0,0,1,"hùng vĩ","voig vĩ"
990," lên"," lên-last_blank","last_blank",2,1,"hzun-last_blank","hzun",1,0,0,1,"hướng lên","hướnghzun"
524,"ghị","ghị-last_blank","last_blank",2,1,"cpd-last_blank","cpd",1,0,0,1,"hữu nghị","hữu ncpd"
144,"first_blank","first_blank-huy","huy",2,2,"first_blank-arg","arg",2,0,0,1,"huy chương","arg chương"
114,"first_blank","first_blank-hyd","hyd",2,25,"first_blank-ami","ami",25,0,0,1,"hydro","amiro"
89,"first_blank","first_blank-íc","íc",1,4,"first_blank-mø","mø",4,0,0,1,"ích kỷ","møh kỷ"
393," lặng"," lặng-last_blank","last_blank",2,1,"hcưng-last_blank","hcưng",1,0,0,1,"im lặng","imhcưng"
471,"ur","ur-d","d",1,1,"lc-d","lc",1,0,0,1,"isurd","islcd"
694,"liet","liet-last_blank","last_blank",2,3,"miny-last_blank","miny",3,0,0,1,"juliet","juminy"
469,"first_blank","first_blank-kẻ á","kẻ á",2,1,"first_blank-krel","krel",1,0,0,1,"kẻ ám sát","krelm sát"
32,"n tỉa","n tỉa-last_blank","last_blank",3,1,"tñthn-last_blank","tñthn",1,0,0,1,"kẻ bắn tỉa","kẻ bắtñthn"
710," giết người"," giết người-last_blank","last_blank",2,1,"hiềungườimỹ-last_blank","hiềungườimỹ",1,0,0,5,"kẻ giết người","kẻhiềungườimỹ"
489,"first_blank","first_blank-kẻ","kẻ",1,7,"first_blank-lẹ","lẹ",7,0,0,1,"kẻ ngốc","lẹ ngốc"
333,"n bội","n bội-last_blank","last_blank",3,1,"nàynh-last_blank","nàynh",1,0,0,1,"kẻ phản bội","kẻ phảnàynh"
550,"n công","n công-last_blank","last_blank",3,1,"greung-last_blank","greung",1,0,0,1,"kẻ tấn công","kẻ tấgreung"
443," cấu"," cấu-last_blank","last_blank",3,1,"hdah-last_blank","hdah",1,0,0,1,"kết cấu","kếthdah"
402," quả"," quả-last_blank","last_blank",3,1,"nein-last_blank","nein",1,0,0,1,"kết quả","kếtnein"
177,"nă","nă-ng","ng",1,4,"uơ-ng","uơ",4,0,0,1,"khả năng","khả uơng"
338,"nhau","nhau-last_blank","last_blank",3,1,"txác-last_blank","txác",1,0,0,1,"khác nhau","khác txác"
63,"first_blank","first_blank-khá","khá",2,18,"first_blank-hot","hot",18,0,0,1,"khách hàng","hotch hàng"
409,"first_blank","first_blank-khẩn","khẩn",2,1,"first_blank-bậtn","bậtn",1,0,0,1,"khẩn cấp","bậtn cấp"
223,"first_blank","first_blank-khăn","khăn",2,1,"first_blank-chớm","chớm",1,0,0,1,"khăn giấy","chớm giấy"
100,"first_blank","first_blank-khăn","khăn",2,1,"first_blank-flun","flun",1,0,0,1,"khăn tắm","flun tắm"
936,"first_blank","first_blank-khăn","khăn",2,1,"first_blank-cảan","cảan",1,0,0,1,"khăn tay","cảan tay"
749," cự"," cự-last_blank","last_blank",2,1,"mùa-last_blank","mùa",1,0,0,1,"kháng cự","khángmùa"
549,"kh","kh-át","át",1,1,"im-át","im",1,0,0,1,"khát","imát"
406," kín"," kín-last_blank","last_blank",2,1,"cvẫn-last_blank","cvẫn",1,0,0,1,"khép kín","khépcvẫn"
412," tốn"," tốn-last_blank","last_blank",3,1,"keup-last_blank","keup",1,0,0,1,"khiêm tốn","khiêmkeup"
429,"first_blank","first_blank-khó","khó",2,3,"first_blank-sif","sif",3,0,0,1,"khó chịu","sif chịu"
142,"óa","óa-last_blank","last_blank",1,4,"dĩ-last_blank","dĩ",4,0,0,1,"khóa","khdĩ"
201," học"," học-last_blank","last_blank",3,1,"genn-last_blank","genn",1,0,0,1,"khoa học","khoagenn"
418,"thân","thân-last_blank","last_blank",2,1,"htak-last_blank","htak",1,0,0,1,"khỏa thân","khỏa htak"
859," vay"," vay-last_blank","last_blank",2,1,"nesy-last_blank","nesy",1,0,0,1,"khoản vay","khoảnnesy"
621," bật"," bật-last_blank","last_blank",2,1,"tolt-last_blank","tolt",1,0,0,1,"không bật","khôngtolt"
55,"g bằng","g bằng-last_blank","last_blank",3,1,"lesông-last_blank","lesông",1,0,0,1,"không công bằng","không cônlesông"
525,"khí","khí-last_blank","last_blank",2,1,"goh-last_blank","goh",1,0,0,1,"không khí","không goh"
426,"thể","thể-last_blank","last_blank",2,1,"wam-last_blank","wam",1,0,0,1,"không thể","không wam"
953,"first_blank","first_blank-không x","không x",2,1,"first_blank-khngkhn","khngkhn",1,0,0,2,"không xác định","khngkhnác định"
372,"kh","kh-ùn","ùn",1,2,"kh-oc","oc",2,0,0,1,"khùng","khocg"
476,"first_blank","first_blank-khuyê","khuyê",3,2,"first_blank-whoos","whoos",2,0,0,1,"khuyên nhủ","whoosn nhủ"
181,"ch hoạt","ch hoạt-last_blank","last_blank",2,1,"chhorst-last_blank","chhorst",1,0,0,1,"kích hoạt","kíchhorst"
216," tra"," tra-last_blank","last_blank",2,1,"lorn-last_blank","lorn",1,0,0,1,"kiểm tra","kiểmlorn"
434,"first_blank","first_blank-kiến","kiến",3,1,"first_blank-mrol","mrol",1,0,0,1,"kiến trúc sư","mrol trúc sư"
813," căng"," căng-last_blank","last_blank",4,1,"crisp-last_blank","crisp",1,0,0,1,"kiêu căng","kiêucrisp"
30," loại"," loại-last_blank","last_blank",2,1,"wloon-last_blank","wloon",1,0,0,1,"kim loại","kimwloon"
448,"n vi","n vi-last_blank","last_blank",3,1,"hhắn-last_blank","hhắn",1,0,0,1,"kính hiển vi","kính hiểhhắn"
9,"ki","ki-nh","nh",1,1,"ch-nh","ch",1,0,0,1,"kinh ngạc","chnh ngạc"
557,"phí","phí-last_blank","last_blank",3,1,"tựuở-last_blank","tựuở",1,0,1,1,"kinh phí","kinh tựuở"
34,"h tởm","h tởm-last_blank","last_blank",2,1,"batom-last_blank","batom",1,0,0,1,"kinh tởm","kinbatom"
200,"first_blank","first_blank-kitô","kitô",2,1,"first_blank-tôtt","tôtt",1,0,0,1,"kitô giáo","tôtt giáo"
651,"first_blank","first_blank-kỹ ","kỹ ",2,1,"first_blank-đệt","đệt",1,0,0,1,"kỹ thuật","đệtthuật"
424," l"," l-ùn","ùn",1,1,"mc-ùn","mc",1,0,0,1,"lạ lùng","lạmcùng"
96," m"," m-ã","ã",1,1,"họ-ã","họ",1,0,0,1,"la mã","lahọã"
456,"lá","lá-i","i",1,1,"hx-i","hx",1,0,0,1,"lái","hxi"
457,"first_blank","first_blank-là","là",1,243,"first_blank-wa","wa",239,4,0,1,"làm","wam"
523,"first_blank","first_blank-làm","làm",2,32,"first_blank-hay","hay",32,0,0,1,"làm tươi","hay tươi"
435," mạn"," mạn-last_blank","last_blank",2,1,"rhen-last_blank","rhen",1,0,0,1,"lãng mạn","lãngrhen"
882,"first_blank","first_blank-làng","làng",2,1,"first_blank-wrag","wrag",1,0,0,1,"làng quê","wrag quê"
618,"first_blank","first_blank-lạ","lạ",1,52,"first_blank-ấy","ấy",52,0,0,1,"lạnh","ấynh"
378,"first_blank","first_blank-lãn","lãn",2,1,"first_blank-cìz","cìz",1,0,0,1,"lãnh đạo","cìzh đạo"
727,"ế hoạch","ế hoạch-last_blank","last_blank",3,1,"chitsch-last_blank","chitsch",1,0,0,2,"lập kế hoạch","lập kchitsch"
213,"đà","đà-i","i",1,1,"tỏ-i","tỏ",1,0,0,1,"lâu đài","lâu tỏi"
570,"lễ","lễ-last_blank","last_blank",1,3,"áa-last_blank","áa",3,0,0,1,"lễ","áa"
381," cưới"," cưới-last_blank","last_blank",2,1,"cnước-last_blank","cnước",1,0,0,1,"lễ cưới","lễcnước"
461," hội"," hội-last_blank","last_blank",2,1,"mđộc-last_blank","mđộc",1,0,0,1,"lễ hội","lễmđộc"
462,"ch","ch- t"," t",1,1,"ch-ấp","ấp",1,0,0,1,"lịch trình","lịchấprình"
545,"ếm","ếm-last_blank","last_blank",1,13,"pu-last_blank","pu",13,0,0,1,"liếm","lipu"
840,"n đoàn","n đoàn-last_blank","last_blank",3,1,"nóđược-last_blank","nóđược",1,0,0,1,"liên đoàn","liênóđược"
240," lạc"," lạc-last_blank","last_blank",3,1,"lanó-last_blank","lanó",1,0,0,1,"liên lạc","liênlanó"
491," tục"," tục-last_blank","last_blank",3,1,"blad-last_blank","blad",1,0,0,1,"liên tục","liênblad"
981,"li","li-mou","mou",4,3,"li-vings","vings",2,1,2,1,"limousine","livingssine"
519,"li","li-ng","ng",1,3,"li-gu","gu",3,0,0,1,"ling","ligu"
33,"lo","lo-last_blank","last_blank",1,250,"ie-last_blank","ie",99,151,0,1,"lo","ie"
512,"first_blank","first_blank-lò ","lò ",2,1,"first_blank-pfi","pfi",1,0,0,1,"lò phản ứng","pfiphản ứng"
43,"c xoáy","c xoáy-last_blank","last_blank",2,1,"cưamáy-last_blank","cưamáy",1,0,0,1,"lốc xoáy","lốcưamáy"
47," hứa"," hứa-last_blank","last_blank",2,1,"thal-last_blank","thal",1,0,0,1,"lời hứa","lờithal"
171,"khai","khai-last_blank","last_blank",2,1,"chấu-last_blank","chấu",1,0,0,1,"lời khai","lời chấu"
74,"lợ","lợ-n","n",1,1,"ưg-n","ưg",1,0,0,1,"lợn","ưgn"
481,"ết ơn","ết ơn-last_blank","last_blank",3,1,"hseen-last_blank","hseen",1,0,0,1,"lòng biết ơn","lòng bihseen"
160,"first_blank","first_blank-lựa","lựa",2,2,"first_blank-tụi","tụi",2,0,0,1,"lựa chọn","tụi chọn"
751,"c lượng","c lượng-last_blank","last_blank",2,1,"cnđường-last_blank","cnđường",1,0,0,1,"lực lượng","lựcnđường"
492,"first_blank","first_blank-lư","lư",1,41,"first_blank-sk","sk",41,0,0,1,"lương","skơng"
522,"má","má-last_blank","last_blank",1,2,"oả-last_blank","oả",2,0,0,1,"má","oả"
800," cà rồng"," cà rồng-last_blank","last_blank",2,1,"béotrang-last_blank","béotrang",1,0,0,3,"ma cà rồng","mabéotrang"
951,"mã","mã-i","i",1,2,"àa-i","àa",2,0,0,1,"mãi mãi","àai mãi"
138,"u diễn","u diễn-last_blank","last_blank",3,1,"anđiện-last_blank","anđiện",1,0,0,1,"màn biểu diễn","màn biểanđiện"
500,"first_blank","first_blank-màn","màn",2,3,"first_blank-aco","aco",3,0,0,1,"màn hình","aco hình"
517,"mả","mả-nh","nh",1,1,"ng-nh","ng",1,0,0,1,"mảnh","ngnh"
964,"first_blank","first_blank-mạ","mạ",1,17,"first_blank-wu","wu",17,0,0,1,"mạnh mẽ","wunh mẽ"
484,"first_blank","first_blank-mặ","mặ",1,19,"first_blank-bả","bả",19,0,0,1,"mặt","bảt"
497,"first_blank","first_blank-mật ","mật ",3,1,"first_blank-bant","bant",1,0,0,1,"mật khẩu mở khóa","bantkhẩu mở khóa"
3,"first_blank","first_blank-mát","mát",2,1,"first_blank-voo","voo",1,0,0,1,"mát lạnh","voo lạnh"
506,"first_blank","first_blank-mặt","mặt",2,3,"first_blank-uku","uku",3,0,0,1,"mặt trời","uku trời"
1000,"t xa","t xa-last_blank","last_blank",2,1,"thel-last_blank","thel",1,0,0,1,"mát xa","máthel"
123,"ma","ma-u","u",1,1,"er-u","er",1,0,0,1,"mau","eru"
884,"đe","đe-n","n",1,1,"dß-n","dß",1,0,0,1,"màu đen","màu dßn"
508,"first_blank","first_blank-màu","màu",2,1,"first_blank-ohy","ohy",1,0,0,1,"màu vàng","ohy vàng"
509,"da trời","da trời-last_blank","last_blank",4,1,"vanhnói-last_blank","vanhnói",1,0,0,1,"màu xanh da trời","màu xanh vanhnói"
978,"c thăng","c thăng-last_blank","last_blank",3,1,"vechúng-last_blank","vechúng",1,0,0,1,"máy bay trực thăng","máy bay trựvechúng"
690,"first_blank","first_blank-máy","máy",2,6,"first_blank-nim","nim",6,0,0,1,"máy móc","nim móc"
635,"y ","y -tí","tí",1,1,"vô-tí","vô",1,0,0,1,"máy tính","mávôtính"
723,"yo","yo-nai","nai",4,1,"yo-gorov","gorov",1,0,2,1,"mayonaise","mayogorovse"
75,"first_blank","first_blank-mẹ","mẹ",1,43,"first_blank-kl","kl",48,5,0,1,"mẹ","kl"
771,"me","me-dal","dal",4,1,"me-steño","steño",1,0,2,1,"medallion","mesteñolion"
843,"chant","chant-last_blank","last_blank",2,2,"quang-last_blank","quang",2,0,0,1,"merchant","merquang"
450,"mé","mé-t","t",1,1,"ñi-t","ñi",1,0,0,1,"mét","ñit"
515," ố"," ố-ng","ng",1,1,"lỏ-ng","lỏ",1,0,0,1,"mì ống ý","mìlỏng ý"
899," mai"," mai-last_blank","last_blank",2,1,"pair-last_blank","pair",1,0,0,1,"mỉa mai","mỉapair"
917,"phí","phí-last_blank","last_blank",2,1,"aìc-last_blank","aìc",1,0,0,1,"miễn phí","miễn aìc"
644,"first_blank","first_blank-miền","miền",2,1,"first_blank-mcaf","mcaf",1,0,0,1,"miền tây","mcaf tây"
567,"se","se-ry","ry",3,2,"se-mann","mann",2,0,2,1,"misery","misemann"
185,"mơ","mơ-last_blank","last_blank",1,5,"ểt-last_blank","ểt",5,0,0,1,"mơ","ểt"
354,"first_blank","first_blank-mồ","mồ",1,9,"first_blank-ix","ix",9,0,0,1,"mồi","ixi"
139,"first_blank","first_blank-mớ","mớ",1,13,"first_blank-bâ","bâ",13,0,0,1,"mới đây","bâi đây"
244,"i ","i -ng","ng",1,1,"hằ-ng","hằ",1,0,0,1,"mọi người","mọhằngười"
942,"first_blank","first_blank-môn","môn",2,1,"first_blank-lda","lda",1,0,0,1,"môn học","lda học"
20,"mô","mô-ng","ng",1,3,"ou-ng","ou",3,0,0,1,"mông","oung"
19,"phin","phin-last_blank","last_blank",2,3,"binh-last_blank","binh",3,0,0,1,"morphin","morbinh"
458," hớp"," hớp-last_blank","last_blank",2,1,"chob-last_blank","chob",1,0,0,1,"một hớp","mộtchob"
535,"first_blank","first_blank-một ","một ",3,1,"first_blank-swed","swed",1,0,0,1,"một phần tư","swedphần tư"
628,"first_blank","first_blank-một","một",2,65,"first_blank-han","han",65,0,0,1,"một vài nơi","han vài nơi"
404,"mo","mo-tel","tel",2,1,"mo-kay","kay",1,0,0,1,"motel","mokay"
444,"first_blank","first_blank-mũ","mũ",1,4,"first_blank-nü","nü",4,0,0,1,"mũ lưỡi trai","nü lưỡi trai"
540,"đô","đô-ng","ng",1,6,"ci-ng","ci",6,0,0,1,"mùa đông","mùa cing"
542,"thu","thu-last_blank","last_blank",2,1,"buy-last_blank","buy",1,0,0,1,"mùa thu","mùa buy"
552,"mù","mù-i","i",1,1,"uò-i","uò",1,0,0,1,"mùi","uòi"
526,"first_blank","first_blank-mũ","mũ",1,4,"first_blank-sí","sí",4,0,0,1,"mũi","síi"
466,"iêm","iêm-last_blank","last_blank",3,1,"naul-last_blank","naul",1,0,1,1,"mũi tiêm","mũi tnaul"
731,"ốn","ốn-last_blank","last_blank",1,19,"ọi-last_blank","ọi",19,0,0,1,"muốn","muọi"
130,"mỹ","mỹ-last_blank","last_blank",1,6,"ọn-last_blank","ọn",6,0,0,1,"mỹ","ọn"
848," lực"," lực-last_blank","last_blank",2,1,"miếc-last_blank","miếc",1,0,0,1,"năng lực","năngmiếc"
752," lượng"," lượng-last_blank","last_blank",2,1,"hhưởng-last_blank","hhưởng",1,0,0,1,"năng lượng","nănghhưởng"
551," nề"," nề-last_blank","last_blank",2,1,"vực-last_blank","vực",1,0,0,1,"nặng nề","nặngvực"
265,"nế","nế-n","n",1,2,"ié-n","ié",2,0,0,1,"nến","ién"
746,"n chủ","n chủ-last_blank","last_blank",3,1,"rasha-last_blank","rasha",1,0,0,1,"nền dân chủ","nền dârasha"
940,"n minh","n minh-last_blank","last_blank",3,1,"ssaint-last_blank","ssaint",1,0,0,1,"nền văn minh","nền văssaint"
967," vàng"," vàng-last_blank","last_blank",2,1,"hsáng-last_blank","hsáng",1,0,0,1,"ngai vàng","ngaihsáng"
962,"first_blank","first_blank-ngân","ngân",2,1,"first_blank-thèn","thèn",1,0,0,1,"ngân hà","thèn hà"
334," n"," n-gh","gh",1,1,"eu-gh","eu",1,0,0,1,"ngày nghỉ","ngàyeughỉ"
282," nhật"," nhật-last_blank","last_blank",3,1,"himột-last_blank","himột",1,0,0,1,"ngày sinh nhật","ngày sinhhimột"
564,"ng","ng-he","he",2,8,"ret-he","ret",5,3,1,1,"nghe","rethe"
983,"hĩ","hĩ-last_blank","last_blank",2,13,"rit-last_blank","rit",13,0,1,1,"nghĩ","ngrit"
252,"hỉ","hỉ-last_blank","last_blank",2,20,"tay-last_blank","tay",20,0,1,1,"nghỉ","ngtay"
568,"hi ngờ","hi ngờ-last_blank","last_blank",2,1,"hïióng-last_blank","hïióng",1,0,0,1,"nghi ngờ","nghïióng"
636," trang"," trang-last_blank","last_blank",3,1,"hïióng-last_blank","hïióng",1,0,0,1,"nghĩa trang","nghĩahïióng"
881," vụ"," vụ-last_blank","last_blank",3,1,"hoại-last_blank","hoại",1,0,1,1,"nghĩa vụ","nghĩahoại"
857," cứu"," cứu-last_blank","last_blank",5,1,"vàđang-last_blank","vàđang",1,0,2,1,"nghiên cứu","nghiênvàđang"
561,"ghếch","ghếch-last_blank","last_blank",3,1,"aaaah-last_blank","aaaah",1,0,0,1,"ngốc nghếch","ngốc naaaah"
305,"ồi","ồi-last_blank","last_blank",1,27,"bu-last_blank","bu",27,0,0,1,"ngồi","ngbu"
250,"first_blank","first_blank-ngôi","ngôi",2,1,"first_blank-gwai","gwai",1,0,0,1,"ngôi sao","gwai sao"
485,"ng","ng-ôi","ôi",1,5,"ng-th","th",5,0,0,1,"ngôi trường","ngth trường"
576,"ng","ng-on","on",2,10,"ng-hĩt","hĩt",4,6,1,1,"ngon","nghĩt"
487," lửa"," lửa-last_blank","last_blank",2,1,"blet-last_blank","blet",1,0,0,1,"ngọn lửa","ngọnblet"
577,"y cái","y cái-last_blank","last_blank",3,1,"ticks-last_blank","ticks",1,0,0,1,"ngón tay cái","ngón taticks"
569,"ng","ng-ủ","ủ",1,1,"yđ-ủ","yđ",1,0,0,1,"ngủ","yđủ"
278,"ng","ng-ốc","ốc",1,1,"ng-ét","ét",1,0,0,1,"ngu ngốc","ngu ngét"
486,"ựa","ựa-last_blank","last_blank",1,9,"æn-last_blank","æn",9,0,0,1,"ngựa","ngæn"
226,"ực","ực-last_blank","last_blank",1,8,"tv-last_blank","tv",8,0,0,1,"ngực","ngtv"
556," lại"," lại-last_blank","last_blank",2,1,"grôi-last_blank","grôi",1,0,0,1,"ngừng lại","ngừnggrôi"
12,"nh em","nh em-last_blank","last_blank",3,1,"chnia-last_blank","chnia",1,0,0,1,"người anh em","người achnia"
398," thắng"," thắng-last_blank","last_blank",3,1,"stains-last_blank","stains",1,0,0,1,"người chiến thắng","người chiếnstains"
387," chơi"," chơi-last_blank","last_blank",2,1,"hchưa-last_blank","hchưa",1,0,0,1,"người chơi","ngườihchưa"
48,"p việc","p việc-last_blank","last_blank",3,1,"paying-last_blank","paying",1,0,0,1,"người giúp việc","người giúpaying"
612," hầu"," hầu-last_blank","last_blank",2,1,"chứạ-last_blank","chứạ",1,0,0,1,"người hầu","ngườichứạ"
693," hy lạp"," hy lạp-last_blank","last_blank",2,1,"htrởlại-last_blank","htrởlại",1,0,0,3,"người hy lạp","ngườihtrởlại"
353,"xe","xe-last_blank","last_blank",1,7,"ẫm-last_blank","ẫm",7,0,0,1,"người lái xe","người lái ẫm"
619,"m việc","m việc-last_blank","last_blank",2,1,"o việt-last_blank","o việt",1,0,0,1,"người làm việc","người lào việt"
581," mua"," mua-last_blank","last_blank",2,1,"smen-last_blank","smen",1,0,0,1,"người mua","ngườismen"
546,"dố","dố-i","i",1,1,"bơ-i","bơ",1,0,0,1,"người nói dối","người nói bơi"
850,"pháp","pháp-last_blank","last_blank",2,1,"choe-last_blank","choe",1,0,0,1,"người pháp","người choe"
167,"first_blank","first_blank-người ","người ",2,1,"first_blank-ngưiyê","ngưiyê",1,0,0,1,"người phụ nữ","ngưiyêphụ nữ"
864,"ườ","ườ-i ","i ",1,1,"ườ-nn","nn",1,0,0,1,"người yêu","ngườnnyêu"
584," mẫu"," mẫu-last_blank","last_blank",3,1,"topp-last_blank","topp",1,0,0,1,"nguyên mẫu","nguyêntopp"
494,"nhân","nhân-last_blank","last_blank",3,1,"vàem-last_blank","vàem",1,0,0,1,"nguyên nhân","nguyên vàem"
591," tử"," tử-last_blank","last_blank",2,1,"trß-last_blank","trß",1,0,0,1,"nguyên tử","nguyêntrß"
649," báo"," báo-last_blank","last_blank",2,1,"txác-last_blank","txác",1,0,0,1,"nhà báo","nhàtxác"
42,"nh","nh-à ","à ",1,1,"nh-nđ","nđ",1,0,0,1,"nhà đầu tư","nhnđđầu tư"
810,"a học","a học-last_blank","last_blank",4,1,"strip-last_blank","strip",1,0,0,1,"nhà khoa học","nhà khostrip"
594,"first_blank","first_blank-nhà ","nhà ",2,1,"first_blank-chox","chox",1,0,0,1,"nhà nguyện","choxnguyện"
25," văn"," văn-last_blank","last_blank",2,1,"rein-last_blank","rein",1,0,0,1,"nhà văn","nhàrein"
620," vua"," vua-last_blank","last_blank",2,1,"yaut-last_blank","yaut",1,0,0,1,"nhà vua","nhàyaut"
94,"first_blank","first_blank-nhạ","nhạ",2,1,"first_blank-bộn","bộn",1,0,0,1,"nhạc sĩ","bộnc sĩ"
624,"nh","nh-ai","ai",1,1,"tx-ai","tx",1,0,0,1,"nhai","txai"
242," loại"," loại-last_blank","last_blank",2,1,"hđoạt-last_blank","hđoạt",1,0,0,1,"nhân loại","nhânhđoạt"
919," tạo"," tạo-last_blank","last_blank",2,1,"choo-last_blank","choo",1,0,0,1,"nhân tạo","nhânchoo"
780," từ"," từ-last_blank","last_blank",2,1,"mệt-last_blank","mệt",1,0,0,1,"nhân từ","nhânmệt"
121,"nh","nh-an","an",1,8,"nh-ng","ng",8,0,0,1,"nhanh","nhngh"
888,"ảy","ảy-last_blank","last_blank",1,10,"gl-last_blank","gl",10,0,0,1,"nhảy","nhgl"
601,"first_blank","first_blank-nhạy","nhạy",2,1,"first_blank-heyn","heyn",1,0,0,1,"nhạy cảm","heyn cảm"
411," liệu"," liệu-last_blank","last_blank",3,1,"cbiçt-last_blank","cbiçt",1,0,0,1,"nhiên liệu","nhiêncbiçt"
165,"first_blank","first_blank-nhiế","nhiế",3,1,"first_blank-cânt","cânt",1,0,0,1,"nhiếp ảnh gia","cântp ảnh gia"
603,"first_blank","first_blank-nhiệ","nhiệ",2,5,"first_blank-ghos","ghos",5,0,0,1,"nhiệt độ","ghost độ"
607,"first_blank","first_blank-nh","nh",1,617,"first_blank-de","de",600,17,0,1,"nhỏ","deỏ"
672,"nh","nh-ớ","ớ",1,1,"it-ớ","it",3,2,0,1,"nhớ","itớ"
107,"first_blank","first_blank-nhu","nhu",2,5,"first_blank-foo","foo",5,0,0,1,"nhu cầu","foo cầu"
985,"ựa","ựa-last_blank","last_blank",1,9,"je-last_blank","je",9,0,0,1,"nhựa","nhje"
78,"nổ","nổ-last_blank","last_blank",1,3,"âc-last_blank","âc",3,0,0,1,"nổ","âc"
176,"ực","ực-last_blank","last_blank",1,8,"âp-last_blank","âp",8,0,0,1,"nỗ lực","nỗ lâp"
615,"no","no-i","i",1,2,"ci-i","ci",2,0,0,1,"noi","cii"
617,"first_blank","first_blank-nó","nó",1,94,"first_blank-ac","ac",94,0,0,1,"nói","aci"
532," chung"," chung-last_blank","last_blank",2,1,"choơng-last_blank","choơng",1,0,0,1,"nói chung","nóichoơng"
256,"first_blank","first_blank-nỗ","nỗ",1,3,"first_blank-xệ","xệ",3,0,0,1,"nỗi đau","xệi đau"
493,"first_blank","first_blank-nội","nội",2,1,"first_blank-moọ","moọ",1,0,0,1,"nội dung","moọ dung"
249," quá"," quá-last_blank","last_blank",2,1,"deup-last_blank","deup",1,0,0,1,"nói quá","nóideup"
445,"first_blank","first_blank-nỗ","nỗ",1,3,"first_blank-sẵ","sẵ",3,0,0,1,"nỗi sợ","sẵi sợ"
645,"first_blank","first_blank-nổi","nổi",2,1,"first_blank-zho","zho",1,0,0,1,"nổi tiếng","zho tiếng"
650,"ục vụ","ục vụ-last_blank","last_blank",3,1,"vchuk-last_blank","vchuk",1,0,0,1,"nữ phục vụ","nữ phvchuk"
292,"nú","nú-i","i",1,1,"gg-i","gg",1,0,0,1,"núi","ggi"
747,"c ép","c ép-last_blank","last_blank",2,1,"zurp-last_blank","zurp",1,0,0,1,"nước ép","nướzurp"
722,"c hoa","c hoa-last_blank","last_blank",2,1,"choen-last_blank","choen",1,0,0,1,"nước hoa","nướchoen"
622,"first_blank","first_blank-nướ","nướ",2,10,"first_blank-mug","mug",10,0,0,1,"nước ngọt","mugc ngọt"
507," t"," t-iể","iể",1,1,"àh-iể","àh",1,0,0,1,"nước tiểu","nướcàhiểu"
399,"c xốt","c xốt-last_blank","last_blank",2,1,"cruit-last_blank","cruit",1,0,0,1,"nước xốt","nướcruit"
259,"first_blank","first_blank-ở ","ở ",1,1,"first_blank-rû","rû",1,0,0,1,"ở đó","rûđó"
744,"a sau","a sau-last_blank","last_blank",3,1,"hesun-last_blank","hesun",1,0,0,1,"ở phía sau","ở phíhesun"
380,"first_blank","first_blank-ôm","ôm",1,1,"first_blank-xõ","xõ",1,0,0,1,"ôm","xõ"
585," chủ"," chủ-last_blank","last_blank",2,1,"sach-last_blank","sach",1,0,0,1,"ông chủ","ôngsach"
119,"first_blank","first_blank-ống","ống",3,1,"first_blank-osce","osce",1,0,1,1,"ống tiêm","osce tiêm"
349,"first_blank","first_blank-ôx","ôx",1,4,"first_blank-jä","jä",4,0,0,1,"ôxy","jäy"
718," chất"," chất-last_blank","last_blank",3,1,"chold-last_blank","chold",1,0,0,1,"phẩm chất","phẩmchold"
918,"first_blank","first_blank-phẩm","phẩm",2,2,"first_blank-thắt","thắt",2,0,0,1,"phẩm giá","thắt giá"
295," công"," công-last_blank","last_blank",2,1,"grung-last_blank","grung",1,0,0,1,"phân công","phângrung"
397,"ối","ối-last_blank","last_blank",1,29,"ic-last_blank","ic",29,0,0,1,"phản đối","phản đic"
613,"first_blank","first_blank-phần ","phần ",2,1,"first_blank-phạmn","phạmn",1,0,0,1,"phần thưởng","phạmnthưởng"
407,"first_blank","first_blank-phân","phân",2,3,"first_blank-shee","shee",3,0,0,1,"phân tích","shee tích"
451,"first_blank","first_blank-pháo","pháo",2,1,"first_blank-shya","shya",1,0,0,1,"pháo binh","shya binh"
611," nổ"," nổ-last_blank","last_blank",2,1,"vệt-last_blank","vệt",1,0,0,1,"phát nổ","phátvệt"
939,"first_blank","first_blank-phẫu ","phẫu ",2,1,"first_blank-shaug","shaug",1,0,0,1,"phẫu thuật","shaugthuật"
643," công"," công-last_blank","last_blank",2,1,"zđừng-last_blank","zđừng",1,0,0,1,"phi công","phizđừng"
812,"tr","tr-ườ","ườ",1,8,"tr-in","in",8,0,0,1,"phi trường","phi trinng"
389,"ph","ph-ía","ía",1,2,"ph-ơi","ơi",2,0,0,1,"phía đông","phơi đông"
795,"first_blank","first_blank-phía","phía",2,3,"first_blank-shai","shai",3,0,0,1,"phía trên","shai trên"
573,"first_blank","first_blank-phía","phía",2,3,"first_blank-pend","pend",3,0,0,1,"phía trong","pend trong"
108," muộn"," muộn-last_blank","last_blank",2,1,"chuộc-last_blank","chuộc",1,0,0,1,"phiền muộn","phiềnchuộc"
41," mai"," mai-last_blank","last_blank",2,1,"deþi-last_blank","deþi",1,0,0,1,"phô mai","phôdeþi"
606," cách"," cách-last_blank","last_blank",2,1,"chich-last_blank","chich",1,0,0,1,"phong cách","phongchich"
65,"khám","khám-last_blank","last_blank",2,1,"glàm-last_blank","glàm",1,0,0,1,"phòng khám","phòng glàm"
646,"g ","g -ng","ng",1,1,"vư-ng","vư",1,0,0,1,"phòng ngủ","phònvưngủ"
958," tắm"," tắm-last_blank","last_blank",2,1,"hịêm-last_blank","hịêm",1,0,0,1,"phòng tắm","phònghịêm"
51," vệ"," vệ-last_blank","last_blank",2,1,"waa-last_blank","waa",1,0,0,1,"phòng vệ","phòngwaa"
846,"ph","ph-ủ ","ủ ",1,1,"ph-ầm","ầm",1,0,0,1,"phủ định","phầmđịnh"
590,"first_blank","first_blank-phù ","phù ",2,1,"first_blank-whom","whom",1,0,0,1,"phù thủy","whomthủy"
830,"ph","ph-út","út",1,1,"ph-în","în",1,0,0,1,"phút","phîn"
22,"po","po-ker","ker",2,1,"po-mat","mat",1,0,0,1,"poker","pomat"
410,"qu","qu-à","à",1,1,"ểl-à","ểl",1,0,0,1,"quà","ểlà"
172,"first_blank","first_blank-quả","quả",2,3,"first_blank-oht","oht",3,0,0,1,"quả dâu","oht dâu"
662,"ận","ận-last_blank","last_blank",1,14,"rp-last_blank","rp",14,0,0,1,"quận","qurp"
656," ă"," ă-n","n",1,1,"bồ-n","bồ",1,0,0,1,"quán ăn","quánbồn"
118," ba"," ba-last_blank","last_blank",2,1,"rob-last_blank","rob",1,0,0,1,"quán ba","quánrob"
663,"ội","ội-last_blank","last_blank",1,14,"hệ-last_blank","hệ",14,0,0,1,"quân đội","quân đhệ"
245," sự"," sự-last_blank","last_blank",2,1,"doi-last_blank","doi",1,0,0,1,"quân sự","quândoi"
678,"first_blank","first_blank-quan","quan",2,16,"first_blank-okay","okay",16,0,0,1,"quan trọng","okay trọng"
987,"ay","ay-last_blank","last_blank",1,73,"is-last_blank","is",73,0,0,1,"quay","quis"
559,"first_blank","first_blank-quấy","quấy",2,1,"first_blank-bulk","bulk",1,0,0,1,"quấy rầy","bulk rầy"
548,"first_blank","first_blank-quố","quố",2,1,"first_blank-lệt","lệt",1,0,0,1,"quốc gia","lệtc gia"
355,"đạ","đạ-o","o",1,1,"dả-o","dả",1,0,0,1,"quỹ đạo","quỹ dảo"
868,"gó","gó-p","p",1,1,"nậ-p","nậ",1,0,0,1,"quyên góp","quyên nập"
356," rũ"," rũ-last_blank","last_blank",2,1,"uch-last_blank","uch",1,0,0,1,"quyến rũ","quyếnuch"
682,"rá","rá-c","c",1,1,"oi-c","oi",1,0,0,1,"rác","oic"
529,"first_blank","first_blank-ră","ră",1,9,"first_blank-né","né",9,0,0,1,"răng","néng"
926,"first_blank","first_blank-rào","rào",2,1,"first_blank-păn","păn",1,0,0,1,"rào chắn","păn chắn"
686,"first_blank","first_blank-rạp","rạp",2,1,"first_blank-bát","bát",1,0,0,1,"rạp hát","bát hát"
973,"first_blank","first_blank-rấ","rấ",4,16,"rõràngôngấy-rấ","rõràngôngấy",1,15,0,6,"rất có thể","rõràngôngấyrất có thể"
873,"râ","râ-u","u",1,1,"ìê-u","ìê",1,0,0,1,"râu","ìêu"
254,"first_blank","first_blank-rẻ","rẻ",1,4,"first_blank-kã","kã",4,0,0,1,"rẻ","kã"
128,"rộ","rộ-ng","ng",1,1,"ữư-ng","ữư",1,0,0,1,"rộng","ữưng"
845,"first_blank","first_blank-rộng","rộng",2,1,"first_blank-pank","pank",1,0,0,1,"rộng lượng","pank lượng"
460,"first_blank","first_blank-rử","rử",1,4,"first_blank-nầ","nầ",4,0,0,1,"rửa sạch","nầa sạch"
699,"first_blank","first_blank-rừ","rừ",1,5,"first_blank-mỉ","mỉ",5,0,0,1,"rừng","mỉng"
247,"first_blank","first_blank-rùng","rùng",2,2,"first_blank-reut","reut",2,0,0,1,"rùng mình","reut mình"
253,"ồi","ồi-last_blank","last_blank",1,27,"gu-last_blank","gu",27,0,0,1,"ruồi","rugu"
701,"m banh","m banh-last_blank","last_blank",2,1,"hquanh-last_blank","hquanh",1,0,0,1,"rượu sâm banh","rượu sâhquanh"
969,"first_blank","first_blank-rượu","rượu",3,2,"first_blank-croc","croc",2,0,0,1,"rượu vodka","croc vodka"
745,"first_blank","first_blank-sa ","sa ",2,1,"first_blank-évê","évê",1,0,0,1,"sa thải","évêthải"
681,"sắ","sắ-c đẹ","c đẹ",3,1,"sắ-pđượ","pđượ",1,0,0,1,"sắc đẹp, vẻ đẹp","sắpđượp, vẻ đẹp"
447,"ch","ch-last_blank","last_blank",1,235,"in-last_blank","in",235,0,0,1,"sách","sáin"
287,"sa","sa-i","i",1,2,"ti-i","ti",2,0,0,1,"sai","tii"
475,", ngộ nhận",", ngộ nhận-last_blank","last_blank",5,1,"hôngđếngần-last_blank","hôngđếngần",1,0,0,1,"sai lầm, điều sai, ngộ nhận","sai lầm, điều saihôngđếngần"
467,"first_blank","first_blank-sấm","sấm",2,1,"first_blank-kud","kud",1,0,0,1,"sấm sét","kud sét"
597,"rai","rai-last_blank","last_blank",3,14,"bers-last_blank","bers",14,0,1,1,"samurai","samubers"
806,"first_blank","first_blank-săn","săn",2,1,"first_blank-awo","awo",1,0,0,1,"săn bắt","awo bắt"
992,"first_blank","first_blank-sản","sản",2,1,"first_blank-tcá","tcá",1,0,0,1,"sản lượng","tcá lượng"
844,"first_blank","first_blank-sản ","sản ",2,1,"first_blank-sứct","sứct",1,0,0,1,"sản phẩm","sứctphẩm"
770,"first_blank","first_blank-sả","sả",1,9,"first_blank-vợ","vợ",9,0,0,1,"sản xuất","vợn xuất"
149,"first_blank","first_blank-sá","sá",1,27,"first_blank-ây","ây",27,0,0,1,"sáng","âyng"
891," tạo"," tạo-last_blank","last_blank",2,1,"htồn-last_blank","htồn",1,0,0,1,"sáng tạo","sánghtồn"
589," chép"," chép-last_blank","last_blank",3,1,"chchỗ-last_blank","chchỗ",1,0,0,1,"sao chép","saochchỗ"
708," kim"," kim-last_blank","last_blank",3,1,"loth-last_blank","loth",1,0,0,1,"sao kim","saoloth"
220," cùng"," cùng-last_blank","last_blank",2,1,"quãng-last_blank","quãng",1,0,0,1,"sau cùng","sauquãng"
865,"sa","sa-y","y",1,6,"ge-y","ge",7,1,0,1,"say","gey"
974,"first_blank","first_blank-sẹ","sẹ",1,3,"first_blank-lî","lî",3,0,0,1,"sẹo","lîo"
414," năng"," năng-last_blank","last_blank",3,1,"cónăm-last_blank","cónăm",1,0,0,1,"siêng năng","siêngcónăm"
714,"u linh","u linh-last_blank","last_blank",3,1,"chđánh-last_blank","chđánh",1,0,0,1,"siêu linh","siêchđánh"
367,"h học","h học-last_blank","last_blank",2,1,"hchết-last_blank","hchết",1,0,0,1,"sinh học","sinhchết"
661,"h vật","h vật-last_blank","last_blank",2,1,"hbast-last_blank","hbast",1,0,0,1,"sinh vật","sinhbast"
368,"t học","t học-last_blank","last_blank",3,1,"thews-last_blank","thews",1,0,0,1,"sinh vật học","sinh vậthews"
831," cấp"," cấp-last_blank","last_blank",2,1,"hơấu-last_blank","hơấu",1,0,0,1,"sơ cấp","sơhơấu"
310,"ô la","ô la-last_blank","last_blank",3,1,"cend-last_blank","cend",1,0,0,1,"sô cô la","sô ccend"
825," fax"," fax-last_blank","last_blank",2,1,"slau-last_blank","slau",1,0,0,1,"số fax","sốslau"
878,"first_blank","first_blank-số","số",1,24,"first_blank-ưi","ưi",24,0,0,1,"số lượng","ưi lượng"
544,"first_blank","first_blank-sớ","sớ",1,5,"first_blank-då","då",5,0,0,1,"sớm","dåm"
905,"só","só-ng","ng",1,1,"uh-ng","uh",1,0,0,1,"sóng sót","uhng sót"
363,"số","số-t","t",1,1,"iề-t","iề",1,0,0,1,"sốt","iềt"
52,"first_blank","first_blank-sự a","sự a",2,1,"first_blank-spry","spry",1,0,0,1,"sự an toàn","spryn toàn"
627,"ức xạ","ức xạ-last_blank","last_blank",3,1,"hcưng-last_blank","hcưng",1,0,0,1,"sự bức xạ","sự bhcưng"
799,"i tiến","i tiến-last_blank","last_blank",3,1,"netrin-last_blank","netrin",1,0,0,1,"sự cải tiến","sự cảnetrin"
726," thuận"," thuận-last_blank","last_blank",3,1,"htrung-last_blank","htrung",1,0,0,1,"sự chấp thuận","sự chấphtrung"
743,"g bằng","g bằng-last_blank","last_blank",3,1,"g vinh-last_blank","g vinh",1,0,0,1,"sự công bằng","sự công vinh"
667,"first_blank","first_blank-sự đá","sự đá",2,1,"first_blank-sdaug","sdaug",1,0,0,2,"sự đánh giá","sdaugnh giá"
890,"first_blank","first_blank-sự","sự",1,27,"first_blank-ây","ây",27,0,0,1,"sự đối xử","ây đối xử"
17," dụng"," dụng-last_blank","last_blank",2,1,"miếng-last_blank","miếng",1,0,0,1,"sử dụng","sửmiếng"
734,"n dữ","n dữ-last_blank","last_blank",3,1,"step-last_blank","step",1,0,0,1,"sự giận dữ","sự giậstep"
416,"u có","u có-last_blank","last_blank",3,1,"oori-last_blank","oori",1,0,0,1,"sự giàu có","sự giàoori"
366,"úp đỡ","úp đỡ-last_blank","last_blank",3,1,"hấyđã-last_blank","hấyđã",1,0,0,1,"sự giúp đỡ","sự gihấyđã"
729,"g mang","g mang-last_blank","last_blank",4,1,"sagnas-last_blank","sagnas",1,0,0,1,"sự hoang mang","sự hoansagnas"
264,"i hành","i hành-last_blank","last_blank",3,1,"velanh-last_blank","velanh",1,0,0,1,"sự khởi hành","sự khởvelanh"
854,"n quan","n quan-last_blank","last_blank",5,1,"scotch-last_blank","scotch",1,0,0,1,"sự liên quan","sự liêscotch"
261,"ôi","ôi- k"," k",1,1,"ôi-lạ","lạ",1,0,0,1,"sự lôi kéo","sự lôilạéo"
24," mệnh"," mệnh-last_blank","last_blank",2,1,"hbình-last_blank","hbình",1,0,0,1,"sứ mệnh","sứhbình"
364,"ô tả","ô tả-last_blank","last_blank",3,1,"foor-last_blank","foor",1,0,0,1,"sự mô tả","sự mfoor"
696,"y hiểm","y hiểm-last_blank","last_blank",3,1,"chkiểu-last_blank","chkiểu",1,0,0,1,"sự nguy hiểm","sự nguchkiểu"
947,"m trùng","m trùng-last_blank","last_blank",3,1,"hĩarằng-last_blank","hĩarằng",1,0,0,1,"sự nhiễm trùng","sự nhiễhĩarằng"
332,"á hoại","á hoại-last_blank","last_blank",3,1,"hchỉđi-last_blank","hchỉđi",1,0,0,1,"sự phá hoại","sự phhchỉđi"
739,"á hủy","á hủy-last_blank","last_blank",3,1,"ungày-last_blank","ungày",1,0,0,1,"sự phá hủy","sự phungày"
640,"t triển","t triển-last_blank","last_blank",3,1,"triểngì-last_blank","triểngì",1,0,0,1,"sự phát triển","sự phátriểngì"
480,"t tâm","t tâm-last_blank","last_blank",3,1,"temtn-last_blank","temtn",1,0,0,1,"sự quyết tâm","sự quyếtemtn"
687,"g tư","g tư-last_blank","last_blank",4,1,"raxes-last_blank","raxes",1,0,1,1,"sự riêng tư","sự riênraxes"
541,"first_blank","first_blank-sự s","sự s",2,1,"first_blank-snel","snel",1,0,0,1,"sự sụp đổ","snelụp đổ"
789,"t bại","t bại-last_blank","last_blank",3,1,"tayôm-last_blank","tayôm",1,0,0,1,"sự thất bại","sự thấtayôm"
815,"nghiệm","nghiệm-last_blank","last_blank",3,1,"schitz-last_blank","schitz",1,0,0,1,"sự thử nghiệm","sự thử schitz"
60,"sự","sự- tiế"," tiế",3,1,"sự-tuyệ","tuyệ",1,0,0,1,"sự tiếp kiến","sựtuyệp kiến"
528,"n tưởng","n tưởng-last_blank","last_blank",3,1,"nóiđúng-last_blank","nóiđúng",1,0,0,1,"sự tin tưởng","sự tinóiđúng"
695," tử"," tử-last_blank","last_blank",2,1,"tuy-last_blank","tuy",1,0,0,1,"sư tử","sưtuy"
963," vui mừng"," vui mừng-last_blank","last_blank",2,1,"brielđừng-last_blank","brielđừng",1,0,0,4,"sự vui mừng","sựbrielđừng"
748,"first_blank","first_blank-sử","sử",1,12,"first_blank-mh","mh",12,0,0,1,"sửa","mha"
755,"first_blank","first_blank-sú","sú",1,11,"first_blank-gư","gư",11,0,0,1,"súng","gưng"
238," mù"," mù-last_blank","last_blank",2,1,"cbn-last_blank","cbn",1,0,0,1,"sương mù","sươngcbn"
191,"ta","ta-i","i",1,1,"ji-i","ji",1,0,0,1,"tai","jii"
555,"first_blank","first_blank-tài","tài",2,2,"first_blank-fey","fey",2,0,0,1,"tài chính","fey chính"
772,"first_blank","first_blank-tài","tài",2,2,"first_blank-bic","bic",2,0,0,1,"tài liệu","bic liệu"
70,"first_blank","first_blank-tai","tai",2,18,"first_blank-uhm","uhm",18,0,0,1,"tai nạn","uhm nạn"
960,"first_blank","first_blank-tam","tam",2,22,"first_blank-hãy","hãy",22,0,0,1,"tam giác","hãy giác"
328," lý"," lý-last_blank","last_blank",2,1,"liz-last_blank","liz",1,0,0,1,"tâm lý","tâmliz"
405,"first_blank","first_blank-tầm ","tầm ",2,1,"first_blank-traî","traî",1,0,0,1,"tầm nhìn","traînhìn"
996,"n trọng","n trọng-last_blank","last_blank",4,1,"kicking-last_blank","kicking",1,0,0,1,"tầm quan trọng","tầm quakicking"
322,"thảm","thảm-last_blank","last_blank",2,1,"chho-last_blank","chho",1,0,0,1,"tấm thảm","tấm chho"
758,"ác","ác-last_blank","last_blank",1,27,"rl-last_blank","rl",27,0,0,1,"tàn ác","tàn rl"
217,"first_blank","first_blank-tấn","tấn",2,1,"first_blank-cuf","cuf",1,0,0,1,"tấn công","cuf công"
312,"first_blank","first_blank-tận","tận",2,1,"first_blank-lyb","lyb",1,0,0,1,"tận tụy","lyb tụy"
668," lễ"," lễ-last_blank","last_blank",2,1,"wgf-last_blank","wgf",1,0,0,1,"tang lễ","tangwgf"
654," chí"," chí-last_blank","last_blank",3,1,"hbản-last_blank","hbản",1,0,0,1,"tạp chí","tạphbản"
39,"p đoàn","p đoàn-last_blank","last_blank",2,1,"peburn-last_blank","peburn",1,0,0,2,"tập đoàn","tậpeburn"
350,"first_blank","first_blank-tậ","tậ",1,8,"first_blank-hệ","hệ",8,0,0,1,"tập phim","hệp phim"
856,"first_blank","first_blank-tập","tập",2,7,"first_blank-avi","avi",7,0,0,1,"tập trung","avi trung"
642,"first_blank","first_blank-tàu ","tàu ",2,1,"first_blank-clur","clur",1,0,0,1,"tàu thủy","clurthủy"
474,"first_blank","first_blank-tẩ","tẩ",1,8,"first_blank-kị","kị",8,0,0,1,"tẩy","kịy"
446," hại"," hại-last_blank","last_blank",2,1,"htúi-last_blank","htúi",1,0,0,1,"tệ hại","tệhtúi"
343,"first_blank","first_blank-ten","ten",2,39,"first_blank-sau","sau",39,0,0,1,"tennis","saunis"
898,"thức","thức-last_blank","last_blank",2,1,"được-last_blank","được",1,0,0,1,"thách thức","thách được"
994,"th","th-ái","ái",1,1,"ởc-ái","ởc",1,0,0,1,"thái độ","ởcái độ"
715," kỳ"," kỳ-last_blank","last_blank",2,1,"cặp-last_blank","cặp",1,0,0,1,"thai kỳ","thaicặp"
948," dò"," dò-last_blank","last_blank",2,1,"oei-last_blank","oei",1,0,0,1,"thăm dò","thămoei"
680," quyền"," quyền-last_blank","last_blank",3,1,"hquanh-last_blank","hquanh",1,0,0,1,"thẩm quyền","thẩmhquanh"
234," tử"," tử-last_blank","last_blank",2,1,"loc-last_blank","loc",1,0,0,1,"thám tử","thámloc"
472,"kinh","kinh-last_blank","last_blank",3,1,"deþi-last_blank","deþi",1,0,0,1,"thần kinh","thần deþi"
688," mật"," mật-last_blank","last_blank",2,1,"fret-last_blank","fret",1,0,0,1,"thân mật","thânfret"
168,"thánh","thánh-last_blank","last_blank",2,1,"hịanh-last_blank","hịanh",1,0,0,1,"thần thánh","thần hịanh"
463,"first_blank","first_blank-thân","thân",2,9,"first_blank-hàng","hàng",9,0,0,1,"thân thiện","hàng thiện"
787,"12","12-last_blank","last_blank",1,1,"了命-last_blank","了命",1,0,0,1,"tháng 12","tháng 了命"
788," bảy"," bảy-last_blank","last_blank",2,1,"skiy-last_blank","skiy",1,0,0,1,"tháng bảy","thángskiy"
828,"first_blank","first_blank-thắng","thắng",2,4,"first_blank-kling","kling",4,0,0,1,"thắng lợi","kling lợi"
786," mười"," mười-last_blank","last_blank",2,1,"ralời-last_blank","ralời",1,0,0,1,"tháng mười","thángralời"
665,"h công","h công-last_blank","last_blank",2,1,"htrung-last_blank","htrung",1,0,0,1,"thành công","thànhtrung"
385,"lị","lị-ch","ch",1,1,"ar-ch","ar",1,0,0,1,"thanh lịch","thanh arch"
827,"first_blank","first_blank-thàn","thàn",3,21,"first_blank-rằng","rằng",21,0,0,1,"thành phố","rằngh phố"
214,"first_blank","first_blank-thảo","thảo",2,1,"first_blank-chuô","chuô",1,0,0,1,"thảo luận","chuô luận"
803,"first_blank","first_blank-thập","thập",2,1,"first_blank-tsuy","tsuy",1,0,0,1,"thập kỷ","tsuy kỷ"
836," sự"," sự-last_blank","last_blank",2,1,"hoy-last_blank","hoy",1,0,0,1,"thật sự","thậthoy"
732,"first_blank","first_blank-thất","thất",2,1,"first_blank-raut","raut",1,0,0,1,"thất vọng","raut vọng"
801,"thế","thế-last_blank","last_blank",2,1,"hëa-last_blank","hëa",1,0,0,1,"thay thế","thay hëa"
530," tu"," tu-last_blank","last_blank",2,1,"blé-last_blank","blé",1,0,0,1,"thầy tu","thầyblé"
835," dục"," dục-last_blank","last_blank",2,1,"ngốc-last_blank","ngốc",1,0,0,1,"thể dục","thểngốc"
677," giới"," giới-last_blank","last_blank",2,1,"comới-last_blank","comới",1,0,0,1,"thế giới","thếcomới"
279," hiện"," hiện-last_blank","last_blank",2,1,"chaun-last_blank","chaun",1,0,0,1,"thể hiện","thểchaun"
720,"thao","thao-last_blank","last_blank",2,1,"chcô-last_blank","chcô",1,0,0,1,"thể thao","thể chcô"
804," vào"," vào-last_blank","last_blank",2,1,"hvar-last_blank","hvar",1,0,0,1,"thêm vào","thêmhvar"
61,"th","th-ép","ép",1,1,"th-lê","lê",1,0,0,1,"thép","thlê"
110,"first_blank","first_blank-thị","thị",2,4,"first_blank-acu","acu",4,0,0,1,"thị trưởng","acu trưởng"
59,"n đường","n đường-last_blank","last_blank",3,1,"necting-last_blank","necting",1,0,0,1,"thiên đường","thiênecting"
152," bị"," bị-last_blank","last_blank",2,1,"fui-last_blank","fui",1,0,0,1,"thiết bị","thiếtfui"
925,"first_blank","first_blank-thiếu","thiếu",3,1,"first_blank-talks","talks",1,0,0,1,"thiếu niên","talks niên"
818,"ịt","ịt-last_blank","last_blank",1,7,"ºi-last_blank","ºi",7,0,0,1,"thịt","thºi"
623,"first_blank","first_blank-thịt","thịt",2,2,"first_blank-aret","aret",2,0,0,1,"thịt ba rọi","aret ba rọi"
971,"first_blank","first_blank-thỏa ","thỏa ",4,1,"first_blank-roofi","roofi",1,0,0,1,"thỏa thuận cạnh tranh","roofithuận cạnh tranh"
133,"khỏi","khỏi-last_blank","last_blank",2,1,"keet-last_blank","keet",1,0,0,1,"thoát khỏi","thoát keet"
814,"first_blank","first_blank-thời ","thời ",2,1,"first_blank-thron","thron",1,0,0,1,"thời thơ ấu","thronthơ ấu"
44," báo"," báo-last_blank","last_blank",2,1,"daio-last_blank","daio",1,0,0,1,"thông báo","thôngdaio"
937," gió"," gió-last_blank","last_blank",2,1,"snip-last_blank","snip",1,0,0,1,"thông gió","thôngsnip"
822," minh"," minh-last_blank","last_blank",2,1,"print-last_blank","print",1,0,0,1,"thông minh","thôngprint"
504,"first_blank","first_blank-thông ","thông ",2,1,"first_blank-tríngn","tríngn",1,0,0,1,"thông thường","tríngnthường"
303," tin"," tin-last_blank","last_blank",2,1,"cgie-last_blank","cgie",1,0,0,1,"thông tin","thôngcgie"
829," ba"," ba-last_blank","last_blank",2,1,"ees-last_blank","ees",1,0,0,1,"thứ ba","thứees"
425,"th","th-ứ ","ứ ",1,1,"th-ếe","ếe",1,0,0,1,"thứ gì đó","thếegì đó"
166," hút"," hút-last_blank","last_blank",2,1,"prất-last_blank","prất",1,0,0,1,"thu hút","thuprất"
779,"th","th-ứ ","ứ ",1,1,"th-én","én",1,0,0,1,"thứ lỗi","thénlỗi"
477," earnings"," earnings-last_blank","last_blank",4,1,"cçamnhnào-last_blank","cçamnhnào",1,0,0,2,"thu nhập = earnings","thu nhập =cçamnhnào"
563,"first_blank","first_blank-thứ","thứ",2,16,"first_blank-vàn","vàn",16,0,0,1,"thứ tư","vàn tư"
679," tục"," tục-last_blank","last_blank",2,1,"tydc-last_blank","tydc",1,0,0,1,"thủ tục","thủtydc"
660," vật"," vật-last_blank","last_blank",2,1,"dust-last_blank","dust",1,0,0,1,"thú vật","thúdust"
388," vị"," vị-last_blank","last_blank",2,1,"rắc-last_blank","rắc",1,0,0,1,"thú vị","thúrắc"
271,"th","th-ừa","ừa",1,1,"th-oy","oy",1,0,0,1,"thừa kế","thoy kế"
498," sĩ"," sĩ-last_blank","last_blank",2,1,"sah-last_blank","sah",1,0,0,1,"thuật sĩ","thuậtsah"
455,"th","th-ực","ực",1,3,"th-oă","oă",3,0,0,1,"thực tế","thoă tế"
839,"uê","uê-last_blank","last_blank",1,6,"mh-last_blank","mh",6,0,0,1,"thuê","thmh"
703,"first_blank","first_blank-thung","thung",2,1,"first_blank-thron","thron",1,0,0,1,"thung lũng","thron lũng"
841,"c lá","c lá-last_blank","last_blank",2,1,"zels-last_blank","zels",1,0,0,1,"thuốc lá","thuốzels"
842,"c nổ","c nổ-last_blank","last_blank",2,1,"hund-last_blank","hund",1,0,0,1,"thuốc nổ","thuốhund"
860," thể"," thể-last_blank","last_blank",3,1,"clửa-last_blank","clửa",1,0,0,1,"thuộc thân thể","thuộc thânclửa"
700,"c uống","c uống-last_blank","last_blank",2,1,"hvuông-last_blank","hvuông",1,0,0,1,"thuốc uống","thuốhvuông"
73,"th","th-ườ","ườ",1,5,"th-oạ","oạ",5,0,0,1,"thường","thoạng"
440," hại"," hại-last_blank","last_blank",2,1,"cươi-last_blank","cươi",1,0,0,1,"thương hại","thươngcươi"
821,"first_blank","first_blank-thượng n","thượng n",2,1,"first_blank-thươngđi","thươngđi",1,0,0,1,"thượng nghị sĩ","thươngđighị sĩ"
676,"first_blank","first_blank-thượng n","thượng n",3,1,"first_blank-nhưngông","nhưngông",1,0,0,1,"thượng nghị viện","nhưngôngghị viện"
824,"th","th-ườ","ườ",1,5,"th-ăn","ăn",5,0,0,1,"thường xuyên","thănng xuyên"
221,"thủ","thủ-last_blank","last_blank",2,1,"weg-last_blank","weg",1,0,0,1,"thủy thủ","thủy weg"
849," bạc"," bạc-last_blank","last_blank",2,1,"csức-last_blank","csức",1,0,0,1,"tiền bạc","tiềncsức"
670,"thị","thị-last_blank","last_blank",2,1,"end-last_blank","end",1,0,0,1,"tiếp thị","tiếp end"
853," tục"," tục-last_blank","last_blank",2,1,"otại-last_blank","otại",1,0,0,1,"tiếp tục","tiếpotại"
329,"first_blank","first_blank-tiết","tiết",2,1,"first_blank-cost","cost",1,0,0,1,"tiết kiệm","cost kiệm"
858,"thấy","thấy-last_blank","last_blank",2,1,"tđặc-last_blank","tđặc",1,0,0,1,"tìm thấy","tìm tđặc"
575,"ti","ti-mer","mer",2,3,"ti-cle","cle",3,0,0,1,"timer","ticle"
482,"ti","ti-n","n",1,4,"iă-n","iă",4,0,0,1,"tin","iăn"
109,"first_blank","first_blank-tin ","tin ",2,1,"first_blank-taam","taam",1,0,0,1,"tin nhắn","taamnhắn"
400," tức"," tức-last_blank","last_blank",2,1,"hóac-last_blank","hóac",1,0,0,1,"tin tức","tinhóac"
599,"first_blank","first_blank-tín","tín",2,11,"first_blank-aga","aga",11,0,0,1,"tính cách","agah cách"
470,"thần","thần-last_blank","last_blank",3,1,"blow-last_blank","blow",1,0,0,1,"tinh thần","tinh blow"
263," toán"," toán-last_blank","last_blank",3,1,"adows-last_blank","adows",1,0,0,1,"tính toán","tínhadows"
464,"first_blank","first_blank-tìn","tìn",2,13,"first_blank-flu","flu",13,0,0,1,"tình trạng","fluh trạng"
231,"vi","vi-last_blank","last_blank",2,47,"ren-last_blank","ren",47,0,1,1,"tivi","tiren"
637," chức"," chức-last_blank","last_blank",2,1,"vchuk-last_blank","vchuk",1,0,0,1,"tổ chức","tổvchuk"
869,"to","to- l"," l",1,1,"to-ck","ck",1,0,0,1,"to lớn","tockớn"
871,"nhà","nhà-last_blank","last_blank",2,1,"ait-last_blank","ait",1,0,0,1,"tòa nhà","tòa ait"
674,"first_blank","first_blank-toàn","toàn",2,9,"first_blank-cool","cool",9,0,0,1,"toàn cầu","cool cầu"
943," học"," học-last_blank","last_blank",2,1,"chẳn-last_blank","chẳn",1,0,0,1,"toán học","toánchẳn"
420,"c độ","c độ-last_blank","last_blank",2,1,"clên-last_blank","clên",1,0,0,1,"tốc độ","tốclên"
80,"tố","tố-i","i",1,3,"ổi-i","ổi",3,0,0,1,"tối","ổii"
875,"i ","i -ác","ác",1,1,"gi-ác","gi",1,0,0,1,"tội ác","tộgiác"
933," cao"," cao-last_blank","last_blank",2,1,"scme-last_blank","scme",1,0,0,1,"tối cao","tốiscme"
877,"đa","đa-last_blank","last_blank",1,7,"lô-last_blank","lô",7,0,0,1,"tối đa","tối lô"
219,"first_blank","first_blank-tối","tối",2,8,"first_blank-amp","amp",8,0,0,1,"tối hậu","amp hậu"
808,"first_blank","first_blank-tội ","tội ",2,1,"first_blank-baid","baid",1,0,0,1,"tội phạm","baidphạm"
879,"first_blank","first_blank-tồ","tồ",1,5,"first_blank-sý","sý",5,0,0,1,"tồi tệ","sýi tệ"
93,"first_blank","first_blank-tôm","tôm",2,1,"first_blank-otá","otá",1,0,0,1,"tôm hùm","otá hùm"
892,"first_blank","first_blank-tôn","tôn",2,1,"first_blank-đóg","đóg",1,0,0,1,"tôn giáo","đóg giáo"
229,"first_blank","first_blank-tôn","tôn",2,1,"first_blank-lsé","lsé",1,0,0,1,"tôn kính","lsé kính"
539,"first_blank","first_blank-tống","tống",2,1,"first_blank-menc","menc",1,0,0,1,"tống tiền","menc tiền"
37,"first_blank","first_blank-tốt n","tốt n",2,1,"first_blank-trảin","trảin",1,0,0,1,"tốt nghiệp","trảinghiệp"
246," tấn"," tấn-last_blank","last_blank",2,1,"sahn-last_blank","sahn",1,0,0,1,"tra tấn","trasahn"
510," cam"," cam-last_blank","last_blank",2,1,"scha-last_blank","scha",1,0,0,1,"trái cam","tráischa"
293,"tr","tr-ái","ái",1,2,"qu-ái","qu",2,0,0,1,"trái ngược","quái ngược"
553,"ạm","ạm-last_blank","last_blank",1,8,"sc-last_blank","sc",8,0,0,1,"trạm","trsc"
148,"tr","tr-ận","ận",1,3,"tr-ap","ap",3,0,0,1,"trận đánh","trap đánh"
886," bị"," bị-last_blank","last_blank",2,1,"héo-last_blank","héo",1,0,0,1,"trang bị","tranghéo"
218,"first_blank","first_blank-tran","tran",2,30,"first_blank-muñn","muñn",30,0,0,1,"tranh chấp","muñnh chấp"
583,"tr","tr-ẻ ","ẻ ",1,1,"tr-ýc","ýc",1,0,0,1,"trẻ em","trýcem"
206,"first_blank","first_blank-trẻ","trẻ",2,1,"first_blank-ilu","ilu",1,0,0,1,"trẻ tuổi","ilu tuổi"
657,"first_blank","first_blank-trìn","trìn",2,4,"first_blank-mein","mein",4,0,0,1,"trình diễn","meinh diễn"
159,"first_blank","first_blank-trò","trò",2,3,"first_blank-lut","lut",3,0,0,1,"trò chơi","lut chơi"
832,"lý","lý-last_blank","last_blank",1,5,"ểt-last_blank","ểt",5,0,0,1,"trợ lý","trợ ểt"
897," về"," về-last_blank","last_blank",2,1,"guō-last_blank","guō",1,0,0,1,"trở về","trởguō"
870," tài"," tài-last_blank","last_blank",2,1,"toin-last_blank","toin",1,0,0,1,"trọng tài","trọngtoin"
180,"first_blank","first_blank-trụ s","trụ s",2,1,"first_blank-temps","temps",1,0,0,1,"trụ sở chính","tempsở chính"
31,"first_blank","first_blank-trự","trự",2,1,"first_blank-ate","ate",1,0,0,1,"trực giác","atec giác"
904,"tr","tr-ực","ực",1,2,"tr-ưỡ","ưỡ",2,0,0,1,"trực tiếp","trưỡ tiếp"
866,"tr","tr-ứn","ứn",1,1,"tr-áo","áo",1,0,0,1,"trứng","tráog"
325,"khớp","khớp-last_blank","last_blank",2,1,"kook-last_blank","kook",1,0,0,1,"trùng khớp","trùng kook"
909,"thành","thành-last_blank","last_blank",2,1,"cmạnh-last_blank","cmạnh",1,0,0,1,"trung thành","trung cmạnh"
483,"thực","thực-last_blank","last_blank",2,1,"chst-last_blank","chst",1,0,0,1,"trung thực","trung chst"
908,"úy","úy-last_blank","last_blank",1,2,"yì-last_blank","yì",2,0,0,1,"trung úy","trung yì"
910,"i học","i học-last_blank","last_blank",2,1,"ishly-last_blank","ishly",1,0,0,1,"trường đại học","trường đạishly"
358,"thông","thông-last_blank","last_blank",2,1,"hđồng-last_blank","hđồng",1,0,0,1,"truyên thông","truyên hđồng"
392,"thuyết","thuyết-last_blank","last_blank",2,1,"cứuytế-last_blank","cứuytế",1,0,0,1,"truyền thuyết","truyền cứuytế"
986," biệt"," biệt-last_blank","last_blank",2,1,"brist-last_blank","brist",1,0,0,1,"từ biệt","từbrist"
88," đ"," đ-ồ","ồ",1,1,"ch-ồ","ch",1,0,0,1,"tủ đồ","tủchồ"
784," do"," do-last_blank","last_blank",2,1,"bụi-last_blank","bụi",1,0,0,1,"tự do","tựbụi"
913,"iam","iam-last_blank","last_blank",3,1,"cưỡi-last_blank","cưỡi",1,0,1,1,"tù giam","tù gcưỡi"
757," họp"," họp-last_blank","last_blank",2,1,"chặt-last_blank","chặt",1,0,0,1,"tụ họp","tụchặt"
863,"first_blank","first_blank-tự ","tự ",2,1,"first_blank-mãi","mãi",1,0,0,1,"tự nguyện","mãinguyện"
197,"first_blank","first_blank-tù ","tù ",2,1,"first_blank-nem","nem",1,0,0,1,"tù nhân","nemnhân"
182," thi"," thi-last_blank","last_blank",2,1,"trin-last_blank","trin",1,0,0,1,"tử thi","tửtrin"
179," viện"," viện-last_blank","last_blank",2,1,"triệu-last_blank","triệu",1,0,0,1,"tu viện","tutriệu"
785,"ần","ần-last_blank","last_blank",1,18,"ớc-last_blank","ớc",18,0,0,1,"tuần","tuớc"
50," tra"," tra-last_blank","last_blank",2,1,"clửa-last_blank","clửa",1,0,0,1,"tuần tra","tuầnclửa"
319,"tứ","tứ-c giận","c giận",2,1,"tứ-cgiếtn","cgiếtn",1,0,0,1,"tức giận","tứcgiếtn"
232,"tư","tư-ợn","ợn",1,3,"tư-ơi","ơi",3,0,0,1,"tượng","tươig"
837,"first_blank","first_blank-tưởng","tưởng",2,2,"first_blank-kyung","kyung",2,0,0,1,"tưởng tượng","kyung tượng"
600," bố"," bố-last_blank","last_blank",2,1,"lđó-last_blank","lđó",1,0,0,1,"tuyên bố","tuyênlđó"
802,"thệ","thệ-last_blank","last_blank",2,1,"vëa-last_blank","vëa",1,0,0,1,"tuyên thệ","tuyên vëa"
192,"tu","tu-yế","yế",1,2,"tu-ồn","ồn",2,0,0,1,"tuyết","tuồnt"
823," vời"," vời-last_blank","last_blank",2,1,"dayi-last_blank","dayi",1,0,0,1,"tuyệt vời","tuyệtdayi"
893,"tỷ","tỷ-last_blank","last_blank",1,1,"嵐了-last_blank","嵐了",1,0,0,1,"tỷ","嵐了"
422,"thư","thư-last_blank","last_blank",2,1,"ess-last_blank","ess",1,0,0,1,"ung thư","ung ess"
415,"first_blank","first_blank-ướ","ướ",1,9,"first_blank-đả","đả",9,0,0,1,"ướt","đảt"
932," ban"," ban-last_blank","last_blank",2,1,"noon-last_blank","noon",1,0,0,1,"ủy ban","ủynoon"
792,"iên","iên-last_blank","last_blank",3,1,"cous-last_blank","cous",1,0,1,1,"ủy viên","ủy vcous"
934," li"," li-last_blank","last_blank",2,1,"cđa-last_blank","cđa",1,0,0,1,"va li","vacđa"
327,"first_blank","first_blank-vắ","vắ",3,4,"first_blank-echi","echi",4,0,2,1,"vắc-xin","echicxin"
288,"va","va-n","n",1,1,"os-n","os",1,0,0,1,"van","osn"
683,"đề","đề-last_blank","last_blank",1,1,"幹嘛-last_blank","幹嘛",1,0,0,1,"vấn đề","vấn 幹嘛"
280,"first_blank","first_blank-vận","vận",2,1,"first_blank-puy","puy",1,0,0,1,"vận dụng","puy dụng"
565,"first_blank","first_blank-văn","văn",2,1,"first_blank-gez","gez",1,0,0,1,"văn học","gez học"
719,"first_blank","first_blank-vận","vận",2,1,"first_blank-aυs","aυs",1,0,0,1,"vận mạng","aυs mạng"
26,"phòng","phòng-last_blank","last_blank",2,1,"guống-last_blank","guống",1,0,0,1,"văn phòng","văn guống"
309,"vâ","vâ-ng","ng",1,14,"ườ-ng","ườ",14,0,0,1,"vâng","ường"
728,"first_blank","first_blank-vắng","vắng",2,1,"first_blank-bant","bant",1,0,0,1,"vắng mặt","bant mặt"
671,"la","la-last_blank","last_blank",3,547,"la-laaaaaaaaa","laaaaaaaaa",1,546,0,4,"vanilla","vanillalaaaaaaaaa"
721,"first_blank","first_blank-vẽ","vẽ",1,2,"first_blank-rẩ","rẩ",2,0,0,1,"vẽ","rẩ"
685," tinh"," tinh-last_blank","last_blank",2,1,"phins-last_blank","phins",1,0,0,1,"vệ tinh","vệphins"
345," thê"," thê-last_blank","last_blank",3,1,"bïan-last_blank","bïan",1,0,0,1,"vị hôn thê","vị hônbïan"
924," tiền"," tiền-last_blank","last_blank",2,1,"tient-last_blank","tient",1,0,0,1,"ví tiền","vítient"
274," trí"," trí-last_blank","last_blank",2,1,"stof-last_blank","stof",1,0,0,1,"vị trí","vịstof"
558,"doanh","doanh-last_blank","last_blank",4,1,"vetya-last_blank","vetya",1,0,0,1,"việc kinh doanh","việc kinh vetya"
669,"first_blank","first_blank-viễn","viễn",2,2,"first_blank-rwan","rwan",2,0,0,1,"viễn cảnh","rwan cảnh"
442,"n ngọc","n ngọc-last_blank","last_blank",3,1,"cusgọi-last_blank","cusgọi",1,0,0,1,"viên ngọc","viêcusgọi"
949,"thuốc","thuốc-last_blank","last_blank",3,1,"chmnh-last_blank","chmnh",1,0,0,1,"viên thuốc","viên chmnh"
289,"vi","vi-ết","ết",1,2,"vi-ny","ny",2,0,0,1,"viết","viny"
952,"first_blank","first_blank-vin","vin",2,20,"first_blank-tsu","tsu",20,0,0,1,"vinh quang","tsuh quang"
344,"vị","vị-t","t",1,1,"oả-t","oả",1,0,0,1,"vịt","oảt"
126,"min","min-last_blank","last_blank",3,50,"cháu-last_blank","cháu",50,0,1,1,"vitamin","vitacháu"
161,"first_blank","first_blank-vợ","vợ",1,9,"first_blank-ồc","ồc",9,0,0,1,"vợ","ồc"
954,"á trị","á trị-last_blank","last_blank",3,1,"tehrt-last_blank","tehrt",1,0,0,1,"vô giá trị","vô gitehrt"
427," nhiệm"," nhiệm-last_blank","last_blank",4,1,"vewill-last_blank","vewill",1,0,0,1,"vô trách nhiệm","vô tráchvewill"
79,"ớc","ớc-last_blank","last_blank",1,18,"oa-last_blank","oa",18,0,0,1,"vòi nước","vòi nưoa"
596," cổ"," cổ-last_blank","last_blank",2,1,"bßi-last_blank","bßi",1,0,0,1,"vòng cổ","vòngbßi"
499,"ê bối","ê bối-last_blank","last_blank",3,1,"midji-last_blank","midji",1,0,0,1,"vụ bê bối","vụ bmidji"
754,"khí","khí-last_blank","last_blank",2,1,"scứ-last_blank","scứ",1,0,0,1,"vũ khí","vũ scứ"
927," qua"," qua-last_blank","last_blank",2,1,"seux-last_blank","seux",1,0,0,1,"vừa qua","vừaseux"
270,"vu","vu-i","i",1,1,"ææ-i","ææ",1,0,0,1,"vui","ææi"
819,"mừ","mừ-ng","ng",1,4,"si-ng","si",4,0,0,1,"vui mừng","vui sing"
431,"first_blank","first_blank-vù","vù",1,6,"first_blank-iz","iz",6,0,0,1,"vùng","izng"
370,"first_blank","first_blank-vương","vương",2,1,"first_blank-cheng","cheng",1,0,0,1,"vương quốc","cheng quốc"
712,"wat","wat-son","son",2,1,"dre-son","dre",1,0,0,1,"watson","dreson"
394,"first_blank","first_blank-we","we",1,141,"first_blank-đó","đó",141,0,0,1,"web","đób"
314,"xa","xa-last_blank","last_blank",1,7,"ºi-last_blank","ºi",7,0,0,1,"xa","ºi"
756,"first_blank","first_blank-xà","xà",1,6,"first_blank-hấ","hấ",6,0,0,1,"xà lách","hấ lách"
311,"first_blank","first_blank-xa","xa",1,34,"first_blank-ou","ou",34,0,0,1,"xa lộ","ou lộ"
438,"c minh","c minh-last_blank","last_blank",2,1,"g vinh-last_blank","g vinh",1,0,0,1,"xác minh","xág vinh"
972,"nhận","nhận-last_blank","last_blank",3,1,"tđịa-last_blank","tđịa",1,0,0,1,"xác nhận","xác tđịa"
281,"xí","xí-last_blank","last_blank",1,1,"np-last_blank","np",1,0,0,1,"xấu xí","xấu np"
975,"dự","dự-ng","ng",1,1,"io-ng","io",1,0,0,1,"xây dựng","xây iong"
976," ra"," ra-last_blank","last_blank",2,1,"lub-last_blank","lub",1,0,0,1,"xảy ra","xảylub"
980," buýt"," buýt-last_blank","last_blank",2,1,"hbolt-last_blank","hbolt",1,0,0,1,"xe buýt","xehbolt"
652,"ô tô","ô tô-last_blank","last_blank",3,1,"amặc-last_blank","amặc",1,0,0,1,"xe ô tô","xe amặc"
979," tải"," tải-last_blank","last_blank",2,1,"knói-last_blank","knói",1,0,0,1,"xe tải","xeknói"
966,"first_blank","first_blank-xi","xi",1,66,"first_blank-kr","kr",66,0,0,1,"xiếc","krếc"
403,"first_blank","first_blank-xin","xin",2,28,"first_blank-sky","sky",28,0,0,1,"xinh đẹp","skyh đẹp"
740,"phạm","phạm-last_blank","last_blank",3,1,"triệ-last_blank","triệ",1,0,0,1,"xúc phạm","xúc triệ"
834,"first_blank","first_blank-xư","xư",1,16,"first_blank-eh","eh",16,0,0,1,"xưng","ehng"
989,"first_blank","first_blank-xứ","xứ",1,3,"first_blank-就這","就這",3,0,0,1,"xứng đáng","就這ng đáng"
572,"first_blank","first_blank-xung","xung",2,2,"first_blank-hyun","hyun",2,0,0,1,"xung quanh","hyun quanh"
503,"first_blank","first_blank-yế","yế",1,7,"first_blank-kè","kè",7,0,0,1,"yếu","kèu"
608," cầu"," cầu-last_blank","last_blank",3,1,"lash-last_blank","lash",1,0,0,1,"yêu cầu","yêulash"
357,"tố","tố-last_blank","last_blank",1,1,"xộ-last_blank","xộ",1,0,0,1,"yếu tố","yếu xộ"
320,"à quý","à quý-last_blank","last_blank",4,1,"limét-last_blank","limét",1,0,0,1,"yêu và quý","yêu vlimét"
