"word_id","first","original_pair","second","syll","original_freq","replacement_pair","replacement_syll","replacement_freq","freq_diff","char_diff","letter_diff","original_word","replacement_word"
133,"first_blank","first_blank-dv","dv",1,4,"first_blank-nέ","nέ",4,0,0,1,"dvd","nέd"
778,"first_blank","first_blank-nin","nin",2,3,"first_blank-smi","smi",3,0,0,1,"ninja","smija"
314,"first_blank","first_blank-uf","uf",1,3,"first_blank-nο","nο",3,0,0,1,"ufo","nοo"
252,"first_blank","first_blank-άβ","άβ",1,15,"first_blank-ke","ke",15,0,0,1,"άβολος","keολος"
209,"άγ","άγ-γε","γε",1,12,"άγ-ου","ου",12,0,0,1,"άγγελος","άγουλος"
157,"γλ","γλ-ικ","ικ",1,12,"γλ-υτ","υτ",12,0,0,1,"αγγλικά","αγγλυτά"
980,"ελ","ελ-άδ","άδ",1,9,"ελ-ής","ής",9,0,0,1,"αγελάδα","αγελήςα"
131,"αγ","αγ-ια","ια",1,11,"τσ-ια","τσ",11,0,0,1,"αγια γραφη","τσια γραφη"
648,"first_blank","first_blank-άγ","άγ",1,94,"first_blank-ξυ","ξυ",94,0,0,1,"άγκυρα","ξυκυρα"
23,"άγ","άγ-νο","νο",1,3,"ύπ-νο","ύπ",3,0,0,1,"άγνοια","ύπνοια"
469,"αγ","αγ-όγ","όγ",1,1,"αγ-χό","χό",1,0,0,1,"αγόγγια","αγχόγια"
729,"ορ","ορ-ά","ά",1,15,"αλ-ά","αλ",14,1,0,1,"αγορά","αγαλά"
347,"αγ","αγ-ρό","ρό",1,7,"πε-ρό","πε",7,0,0,1,"αγρότης","περότης"
260,"first_blank","first_blank-άδ","άδ",1,34,"first_blank-οξ","οξ",34,0,0,1,"άδεια","οξεια"
162,"ει","ει-άζ","άζ",1,22,"ιρ-άζ","ιρ",22,0,0,1,"αδειάζω","αδιράζω"
10,"ελ","ελ-φή","φή",1,2,"ελ-αϊ","αϊ",2,0,0,1,"αδελφή","αδελαϊ"
11,"ικ","ικ-ία","ία",1,12,"ικ-ερ","ερ",12,0,0,1,"αδικία","αδικερ"
46,"αμ","αμ-ία","ία",1,7,"ηρ-ία","ηρ",7,0,0,1,"αδυναμία","αδυνηρία"
41,"ύν","ύν-ατ","ατ",1,10,"ώτ-ατ","ώτ",10,0,0,1,"αδύνατο","αδώτατο"
621,"first_blank","first_blank-αέ","αέ",1,7,"first_blank-οθ","οθ",7,0,0,1,"αέρας","οθρας"
439,"first_blank","first_blank-αέ","αέ",1,7,"first_blank-er","er",7,0,0,1,"αέριο","erριο"
58,"first_blank","first_blank-άθ","άθ",1,33,"first_blank-na","na",33,0,0,1,"άθλιος","naλιος"
727,"ρο","ρο-ισ","ισ",1,1,"ρο-άτ","άτ",1,0,0,1,"άθροισμα","άθροάτμα"
304,"αθ","αθ-ώο","ώο",1,5,"αθ-ει","ει",5,0,0,1,"αθώος","αθεις"
635,"first_blank","first_blank-αί","αί",1,35,"first_blank-οφ","οφ",35,0,0,1,"αίμα","οφμα"
722,"first_blank","first_blank-αι","αι",1,313,"first_blank-κυ","κυ",313,0,0,1,"αισθητήρας","κυσθητήρας"
772,"όδ","όδ-οξ","οξ",1,8,"όδ-ωρ","ωρ",8,0,0,1,"αισιόδοξος","αισιόδωρος"
200,"αι","αι-ών","ών",1,24,"στ-ών","στ",24,0,0,1,"αιώνας","στώνας"
171,"ών","ών-ιο","ιο",1,5,"όμ-ιο","όμ",5,0,0,1,"αιώνιος","αιόμιος"
484,"θη","θη-στ","στ",1,3,"οα-στ","οα",3,0,0,1,"ακολουθηστε","ακολουοαστε"
20,"ού","ού-ω","ω",1,3,"σχ-ω","σχ",3,0,0,1,"ακούω","ακσχω"
958,"ρι","ρι-βό","βό",1,8,"ρι-σπ","σπ",8,0,0,1,"ακριβός","ακρισπς"
232,"ακ","ακ-ρό","ρό",1,6,"ακ-οή","οή",6,0,0,1,"ακρόαση","ακοήαση"
676,"να","να- κ"," κ",1,1,"να-ζέ","ζέ",1,0,0,1,"ακτίνα κύκλου","ακτίναζέύκλου"
473,"αλ","αλ-επ","επ",1,4,"αλ-λί","λί",4,0,0,1,"αλεπού","αλλίού"
732,"ησ","ησ-last_blank","last_blank",1,1,"hu-last_blank","hu",1,0,0,1,"αληθησ","αληθhu"
936,"όλ","όλ-last_blank","last_blank",1,12,"βή-last_blank","βή",12,0,0,1,"αλκοόλ","αλκοβή"
130,"γή","γή-last_blank","last_blank",1,37,"πε-last_blank","πε",37,0,0,1,"αλλαγή","αλλαπε"
416,"πο","πο-υ ","υ ",1,1,"πο-ίν","ίν",1,0,0,1,"αλλού-κάπου αλλού","αλλούκάποίναλλού"
893,"first_blank","first_blank-άλ","άλ",1,113,"first_blank-νό","νό",113,0,0,1,"άλμπουμ","νόμπουμ"
795,"αλ","αλ-υσ","υσ",1,13,"αλ-ωτ","ωτ",13,0,0,1,"αλυσίδα","αλωτίδα"
262,"αρ","αρ-τί","τί",1,7,"αρ-κέ","κέ",7,0,0,1,"αμαρτία","αμαρκέα"
926,"βο","βο-λί","λί",1,13,"ζα-λί","ζα",13,0,0,1,"αμφιβολία","αμφιζαλία"
177,"νω","νω-ρί","ρί",1,28,"χα-ρί","χα",27,1,0,1,"αναγνωρίζω","αναγχαρίζω"
186,"νω","νω-ση","ση",1,35,"τα-ση","τα",34,1,0,1,"αναγνωση","αναγταση"
187,"αν","αν-άγ","άγ",1,19,"αν-οη","οη",19,0,0,1,"ανάγνωση","ανοηνωση"
356,"ήτ","ήτ-ησ","ησ",1,13,"έρ-ησ","έρ",13,0,0,1,"αναζήτηση","αναζέρηση"
32,"αλ","αλ-υτ","υτ",1,9,"αλ-μα","μα",9,0,0,1,"αναλυτής","αναλμαής"
27,"χη","χη-ση","ση",1,4,"ώτ-ση","ώτ",4,0,0,1,"αναρρίχηση","αναρρίώτση"
384,"αρ","αρ-ρώ","ρώ",1,18,"αρ-τη","τη",18,0,0,1,"αναρρώνω","αναρτηνω"
415,"χί","χί-α","α",1,26,"αζ-α","αζ",26,0,0,1,"αναρχία","αναραζα"
997,"ομ","ομ-ία","ία",1,16,"αφ-ία","αφ",16,0,0,1,"ανατομία","αναταφία"
607,"δρ","δρ-ας","ας",1,5,"λέ-ας","λέ",5,0,0,1,"άνδρας","άνλέας"
424,"άν","άν-εμ","εμ",1,3,"να-εμ","να",3,0,0,1,"άνεμος","ναεμος"
358,"ετ","ετ-ος","ος",1,7,"ιρ-ος","ιρ",7,0,0,1,"άνετος","άνιρος"
47,"ήμ","ήμ-πο","πο",1,5,"ξε-πο","ξε",5,0,0,1,"ανήμπορος","ανξεπορος"
44,"υχ","υχ-ία","ία",1,15,"υχ-ισ","ισ",15,0,0,1,"ανησυχία","ανησυχισ"
593,"αν","αν-ήσ","ήσ",1,13,"αν-ίζ","ίζ",13,0,0,1,"ανήσυχος","ανίζυχος"
910,"ακ","ακ-ας","ας",1,11,"ακ-ωθ","ωθ",11,0,0,1,"άνθρακας","άνθρακωθ"
138,"αν","αν-όη","όη",1,17,"αν-ει","ει",17,0,0,1,"ανόητος","ανειτος"
453,"first_blank","first_blank-άν","άν",1,176,"first_blank-ομ","ομ",176,0,0,1,"άνοιγμα","ομοιγμα"
452,"οι","οι-ξε","ξε",1,8,"νά-ξε","νά",8,0,0,1,"άνοιξε","άννάξε"
939,"οι","οι-ξη","ξη",1,4,"να-ξη","να",4,0,0,1,"άνοιξη","άνναξη"
759,"γω","γω-νι","νι",1,36,"νο-νι","νο",36,0,0,1,"ανταγωνισμός","αντανονισμός"
406,"νά","νά-κλ","κλ",1,3,"ρε-κλ","ρε",3,0,0,1,"αντανάκλαση","ανταρεκλαση"
294,"δο","δο-το","το",1,6,"φά-το","φά",6,0,0,1,"αντίδοτο","αντίφάτο"
921,"κα","κα-θι","θι",1,43,"κα-λυ","λυ",43,0,0,1,"αντικαθιστώ","αντικαλυστώ"
382,"ίμ","ίμ-εν","εν",1,8,"ίμ-ασ","ασ",8,0,0,1,"αντικείμενο","αντικείμασο"
55,"τί","τί-στ","στ",1,26,"ει-στ","ει",26,0,0,1,"αντίσταση","ανεισταση"
519,"τλ","τλ-ία","ία",1,2,"μπ-ία","μπ",2,0,0,1,"αντλία","ανμπία"
5,"υμ","υμ-ος","ος",1,4,"ρτ-ος","ρτ",4,0,0,1,"ανώνυμος","ανώνρτος"
879,"αξ","αξ-ία","ία",1,6,"αξ-ιώ","ιώ",6,0,0,1,"αξία","αξιώ"
60,"αξ","αξ-ίζ","ίζ",1,8,"πν-ίζ","πν",8,0,0,1,"αξίζω","πνίζω"
62,"ορ","ορ-ευ","ευ",1,15,"ορ-άζ","άζ",15,0,0,1,"απαγορευμένος","απαγοράζμένος"
508,"ωγ","ωγ-έα","έα",1,2,"δρ-έα","δρ",2,0,0,1,"απαγωγέας","απαγδρέας"
63,"ωγ","ωγ-ή","ή",1,8,"οφ-ή","οφ",8,0,0,1,"απαγωγή","απαγοφή"
64,"άν","άν-τη","τη",1,19,"ζή-τη","ζή",20,1,0,1,"απάντηση","απζήτηση"
982,"αρ","αρ-αί","αί",1,8,"αρ-νι","νι",8,0,0,1,"απαραίτητη","απαρνιτητη"
52," α"," α-πο","πο",1,1,"tί-πο","tί",1,0,0,1,"απεναντι απο","απεναντιtίπο"
433,"θε","θε-ία","ία",1,7,"οβ-ία","οβ",7,0,0,1,"απευθείας","απευοβίας"
67,"απ","απ-λά","λά",1,6,"απ-όβ","όβ",6,0,0,1,"απλά","απόβ"
197,"λη","λη-τα","τα",1,3,"λη-σπ","σπ",3,0,0,1,"απόβλητα","απόβλησπ"
70,"ει","ει-ξη","ξη",1,10,"αυ-ξη","αυ",10,0,0,1,"απόδειξη","απόδαυξη"
619,"απ","απ-οι","οι",1,9,"απ-ότ","ότ",9,0,0,1,"αποικία","απότκία"
626,"οκ","οκ-άλ","άλ",1,24,"οκ-ρο","ρο",24,0,0,1,"αποκάλυψη","αποκρουψη"
305,"ύτ","ύτ-ως","ως",1,1,"ύτ-ρε","ρε",1,0,0,1,"απολύτως","απολύτρε"
993,"ομ","ομ-ίμ","ίμ",1,2,"ομ-υρ","υρ",2,0,0,1,"απομίμηση","απομυρηση"
863,"όσ","όσ-τα","τα",1,12,"υό-τα","υό",12,0,0,1,"απόσταση","απυόταση"
76,"έλ","έλ-εσ","εσ",1,2,"έλ-ιδ","ιδ",2,0,0,1,"αποτέλεσμα","αποτέλιδμα"
582,"οτ","οτ-ρέ","ρέ",1,14,"οτ-ωθ","ωθ",15,1,0,1,"αποτρέψει","αποτωθψει"
306,"αρ","αρ-άχ","άχ",1,3,"αρ-ρό","ρό",3,0,0,1,"αράχνη","αρρόνη"
188,"αρ","αρ-γά","γά",1,1,"αρ-όρ","όρ",1,0,0,1,"αργά","αρόρ"
189,"γό","γό-ς","ς",1,35,"νή-ς","νή",35,0,0,1,"αργός","αρνής"
677,"ολ","ολ-ος","ος",1,9,"ημ-ος","ημ",9,0,0,1,"αργόσχολος","αργόσχημος"
669,"αρ","αρ-έν","έν",1,4,"υβ-έν","υβ",4,0,0,1,"αρένα","υβένα"
119,"άρ","άρ-ης","ης",1,15,"άρ-ετ","ετ",15,0,0,1,"άρης","άρετ"
360,"θρ","θρ-ο","ο",1,8,"ηλ-ο","ηλ",8,0,0,1,"άρθρο","άρηλο"
223,"ιθ","ιθ-μό","μό",1,3,"ιθ-εσ","εσ",3,0,0,1,"αριθμός","αριθεσς"
318,"αρ","αρ-κε","κε",1,30,"αρ-χα","χα",31,1,0,1,"αρκετά","αρχατά"
507,"ύδ","ύδ-α","α",1,5,"ιv-α","ιv",5,0,0,1,"αρκούδα","αρκοιvα"
71,"αρ","αρ-νη","νη",1,25,"αρ-ρα","ρα",25,0,0,1,"αρνηθεί","αρραθεί"
825,"πά","πά-ζω","ζω",1,1,"πά-ιπ","ιπ",1,0,0,1,"αρπάζω","αρπάιπ"
389,"σε","σε-νι","νι",1,13,"φω-νι","φω",13,0,0,1,"αρσενικός","αρφωνικός"
438,"χα","χα-ιό","ιό",1,6,"χα-ρμ","ρμ",6,0,0,1,"αρχαιότερος","αρχαρμτερος"
259,"ίο","ίο-last_blank","last_blank",1,106,"κη-last_blank","κη",106,0,0,1,"αρχείο","αρχεκη"
486,"άρ","άρ-χο","χο",1,21,"άρ-ντ","ντ",22,1,0,1,"άρχοντας","άρντντας"
292,"θε","θε-νο","νο",1,7,"έλ-νο","έλ",7,0,0,1,"ασθενοφόρο","ασέλνοφόρο"
649,"πί","πί-δα","δα",1,8,"τε-δα","τε",8,0,0,1,"ασπίδα","αστεδα"
561,"ρί","ρί-νη","νη",1,10,"ρί-ζα","ζα",10,0,0,1,"ασπιρίνη","ασπιρίζα"
154,"απ","απ-ή","ή",1,1,"υδ-ή","υδ",1,0,0,1,"αστραπή","αστρυδή"
692,"αύ","αύ-τη","τη",1,4,"όη-τη","όη",4,0,0,1,"αστροναύτης","αστρονόητης"
665,"ήθ","ήθ-ης","ης",1,2,"εξ-ης","εξ",2,0,0,1,"ασυνήθης","ασυνεξης"
99,"λε","λε-ια","ια",1,26,"ήρ-ια","ήρ",26,0,0,1,"ασφάλεια","ασφάήρια"
100,"λή","λή-ς","ς",1,30,"πο-ς","πο",30,0,0,1,"ασφαλής","ασφαπος"
768,"ομ","ομ-ικ","ικ",1,40,"ομ-ον","ον",40,0,0,1,"ατομικός","ατομονός"
107,"ατ","ατ-υχ","υχ",1,13,"ατ-έλ","έλ",13,0,0,1,"ατυχής","ατέλής"
679,"ξά","ξά-νο","νο",1,5,"ήι-νο","ήι",5,0,0,1,"αυξάνουν","αυήινουν"
757,"αύ","αύ-ρι","ρι",1,2,"ρό-ρι","ρό",2,0,0,1,"αύριο","ρόριο"
966,"τό","τό-γρ","γρ",1,4,"τό-ση","ση",4,0,0,1,"αυτόγραφο","αυτόσηαφο"
113,"ορ","ορ-ικ","ικ",1,29,"ιτ-ικ","ιτ",28,1,0,1,"αυτοκρατορικός","αυτοκρατιτικός"
235,"ον","ον-ία","ία",1,11,"χε-ία","χε",11,0,0,1,"αυτοκτονία","αυτοκτχεία"
33,"το","το-ψί","ψί",1,4,"το-υφ","υφ",4,0,0,1,"αυτοψία","αυτουφα"
485,"ελ","ελ-ής","ής",1,9,"ελ-άχ","άχ",9,0,0,1,"αφελής","αφελάχ"
38,"first_blank","first_blank-άφ","άφ",1,44,"first_blank-jo","jo",44,0,0,1,"άφιξη","joιξη"
881,"οσ","οσ-ίω","ίω",1,5,"οσ-λή","λή",5,0,0,1,"αφοσίωση","αφοσλήση"
30,"αφ","αφ-ρι","ρι",1,18,"μυ-ρι","μυ",18,0,0,1,"αφρική","μυρική"
42,"άχ","άχ-ρη","ρη",1,10,"άχ-ου","ου",10,0,0,1,"άχρηστος","άχουστος"
824,"βα","βα-ζω","ζω",1,1,"βα-νά","νά",1,0,0,1,"βαζω τιμωρια","βανά τιμωρια"
308,"βα","βα-λβ","λβ",1,4,"βα-ιο","ιο",4,0,0,1,"βαλβίδα","βαιοίδα"
932,"βά","βά-ρο","ρο",1,5,"αύ-ρο","αύ",5,0,0,1,"βάρος","αύρος"
126,"ρύ","ρύ-ς","ς",1,3,"έο-ς","έο",3,0,0,1,"βαρύς","βαέος"
463,"βα","βα-ρώ","ρώ",1,8,"βα-να","να",8,0,0,1,"βαρώνος","βανανος"
127,"σα","σα-νι","νι",1,21,"εθ-νι","εθ",21,0,0,1,"βασανιστήριο","βαεθνιστήριο"
442,"βά","βά-ση","ση",1,3,"ξη-ση","ξη",3,0,0,1,"βάση","ξηση"
148,"σι","σι-γκ","γκ",1,5,"σι-ές","ές",5,0,0,1,"βάσιγκτων","βάσιέςτων"
128,"σι","σι-λι","λι",1,27,"σι-μο","μο",29,2,0,1,"βασιλικός","βασιμοκός"
129,"σί","σί-λι","λι",1,16,"υα-λι","υα",16,0,0,1,"βασίλισσα","βαυαλισσα"
781,"βά","βά-τρ","τρ",1,5,"ίν-τρ","ίν",5,0,0,1,"βάτραχος","ίντραχος"
845,"λό","λό-να","να",1,3,"ζά-να","ζά",3,0,0,1,"βελόνα","βεζάνα"
767,"χα","χα-ς","ς",1,3,"γo-ς","γo",3,0,0,1,"βήχας","βήγoς"
563,"ιο","ιο-θή","θή",1,5,"ιο-κέ","κέ",5,0,0,1,"βιβλιοθήκη","βιβλιοκέκη"
344,"αν","αν-ία","ία",1,25,"αν-εμ","εμ",25,0,0,1,"βιομηχανία","βιομηχανεμ"
834,"έπ","έπ-ω","ω",1,6,"ύψ-ω","ύψ",6,0,0,1,"βλέπω","βλύψω"
144,"ήθ","ήθ-ει","ει",1,17,"χν-ει","χν",17,0,0,1,"βοήθεια","βοχνεια"
397,"ηθ","ηθ-ός","ός",1,1,"ιχ-ός","ιχ",1,0,0,1,"βοηθός","βοιχός"
140,"λή","λή-last_blank","last_blank",1,62,"ξα-last_blank","ξα",62,0,0,1,"βολή","βοξα"
283,"μβ","μβ-α","α",1,3,"ζί-α","ζί",3,0,0,1,"βόμβα","βόζία"
758,"αδ","αδ-ιν","ιν",1,8,"λα-ιν","λα",8,0,0,1,"βραδινό","βρλαινό"
684,"άχ","άχ-ος","ος",1,4,"άχ-τε","τε",4,0,0,1,"βράχος","βράχτε"
979,"οχ","οχ-ή","ή",1,14,"ωτ-ή","ωτ",14,0,0,1,"βροχή","βρωτή"
155,"βρ","βρ-υκ","υκ",1,4,"βρ-όχ","όχ",4,0,0,1,"βρυκόλακας","βρόχόλακας"
14,"ώμ","ώμ-ικ","ικ",1,10,"μά-ικ","μά",10,0,0,1,"βρώμικος","βρμάικος"
697,"γα","γα-βά","βά",1,1,"γα-ϊτ","ϊτ",1,0,0,1,"γαβάθα","γαϊτθα"
28,"αρ","αρ-ος","ος",1,10,"αρ-νή","νή",10,0,0,1,"γάιδαρος","γάιδαρνή"
990,"γά","γά-λα","λα",1,5,"υέ-λα","υέ",5,0,0,1,"γάλα","υέλα"
603,"γα","γα-μπ","μπ",1,7,"τά-μπ","τά",7,0,0,1,"γαμπρός","τάμπρός"
663,"λο","λο-ίο","ίο",1,4,"λο-φυ","φυ",4,0,0,1,"γελοίος","γελοφυς"
843,"γε","γε-νι","νι",1,35,"νο-νι","νο",36,1,0,1,"γενικός","νονικός"
265,"first_blank","first_blank-γέ","γέ",1,79,"first_blank-ψε","ψε",79,0,0,1,"γέννηση","ψεννηση"
51,"νν","νν-ήτ","ήτ",1,3,"οφ-ήτ","οφ",3,0,0,1,"γεννήτρια","γεοφήτρια"
576,"ύσ","ύσ-η","η",1,7,"όλ-η","όλ",7,0,0,1,"γεύση","γεόλη"
599,"γε","γε-υσ","υσ",1,6,"πο-υσ","πο",6,0,0,1,"γευστικός","πουστικός"
788,"first_blank","first_blank-γέ","γέ",1,79,"first_blank-ιν","ιν",79,0,0,1,"γέφυρα","ινφυρα"
687,"first_blank","first_blank-γη","γη",1,22,"first_blank-θλ","θλ",22,0,0,1,"γη","θλ"
522,"όγ","όγ-κα","κα",1,4,"τό-κα","τό",4,0,0,1,"γιόγκα","γιτόκα"
869,"γκ","γκ-ολ","ολ",1,10,"οπ-ολ","οπ",10,0,0,1,"γκολφ","οπολφ"
973,"first_blank","first_blank-γλ","γλ",1,196,"first_blank-βά","βά",196,0,0,1,"γλυκός","βάυκός"
808,"ώμ","ώμ-η","η",1,6,"αρ-η","αρ",6,0,0,1,"γνώμη","γναρη"
618,"ητ","ητ-εί","εί",1,14,"ιχ-εί","ιχ",14,0,0,1,"γοητεία","γοιχεία"
143,"τέ","τέ-ας","ας",1,1,"ύζ-ας","ύζ",1,0,0,1,"γραμματέας","γραμμαύζας"
581,"ατ","ατ-σο","σο",1,11,"λί-σο","λί",11,0,0,1,"γρατσουνιά","γρλίσουνιά"
185,"αφ","αφ-εί","εί",1,25,"αφ-αι","αι",25,0,0,1,"γραφείο","γραφαιο"
598,"ίπ","ίπ-η","η",1,1,"λψ-η","λψ",1,0,0,1,"γρίπη","γρλψη"
412,"αλ","αλ-ιά","ιά",1,18,"αλ-ύπ","ύπ",18,0,0,1,"γυαλιά","γυαλύπ"
190,"μν","μν-ός","ός",1,2,"φλ-ός","φλ",2,0,0,1,"γυμνός","γυφλός"
245,"first_blank","first_blank-γω","γω",1,10,"first_blank-χή","χή",10,0,0,1,"γωνία","χήνία"
462,"υλ","υλ-ίδ","ίδ",1,4,"ιγ-ίδ","ιγ",4,0,0,1,"δαχτυλίδι","δαχτιγίδι"
56,"first_blank","first_blank-δά","δά",1,56,"first_blank-re","re",56,0,0,1,"δάχτυλο","reχτυλο"
703,"δε","δε-δο","δο",1,10,"γο-δο","γο",10,0,0,1,"δεδομένα","γοδομένα"
182,"δέ","δέ-νω","νω",1,1,"γγ-νω","γγ",1,0,0,1,"δένω","γγνω"
448,"με","με-νή","νή",1,4,"με-ρλ","ρλ",4,0,0,1,"δεξαμενή","δεξαμερλ"
401,"ρμ","ρμ-α","α",1,24,"υλ-α","υλ",24,0,0,1,"δέρμα","δέυλα"
898,"υτ","υτ-έρ","έρ",1,5,"υτ-αλ","αλ",5,0,0,1,"δευτέρα","δευταλα"
760,"εύ","εύ-ων","ων",1,3,"ψε-ων","ψε",3,0,0,1,"δευτερεύων","δευτερψεων"
497,"δε","δε-ύτ","ύτ",1,24,"δε-λφ","λφ",24,0,0,1,"δεύτερος","δελφερος"
800,"first_blank","first_blank-δη","δη",1,255,"first_blank-κι","κι",255,0,0,1,"δηλητήριο","κιλητήριο"
430,"ργ","ργ-ία","ία",1,11,"οψ-ία","οψ",11,0,0,1,"δημιουργία","δημιουοψία"
657,"ργ","ργ-ώ","ώ",1,4,"οτ-ώ","οτ",4,0,0,1,"δημιουργώ","δημιουοτώ"
770,"μο","μο-πρ","πρ",1,4,"μο-ρα","ρα",4,0,0,1,"δημοπρασία","δημοραασία"
717,"σι","σι-ογ","ογ",1,17,"λλ-ογ","λλ",17,0,0,1,"δημοσιογραφία","δημολλογραφία"
207,"ρά","ρά-φο","φο",1,22,"τα-φο","τα",22,0,0,1,"δημοσιογράφος","δημοσιογταφος"
217,"λή","λή-ς","ς",1,30,"πο-ς","πο",30,0,0,1,"δημοφιλής","δημοφιπος"
101,"αγ","αγ-ρά","ρά",1,19,"φο-ρά","φο",19,0,0,1,"διαγράμματος","διφοράμματος"
400,"τυ","τυ-ο","ο",1,1,"μφ-ο","μφ",1,0,0,1,"διαδίκτυο","διαδίκμφο"
560,"ρο","ρο-μή","μή",1,6,"ρο-υτ","υτ",6,0,0,1,"διαδρομή","διαδρουτ"
158,"δι","δι-αζ","αζ",1,11,"δι-κέ","κέ",11,0,0,1,"διαζύγιο","δικέύγιο"
303,"ακ","ακ-οπ","οπ",1,12,"ιν-οπ","ιν",12,0,0,1,"διακοπή","διινοπή"
470,"αμ","αμ-άν","άν",1,9,"αμ-εσ","εσ",9,0,0,1,"διαμάντι","διαμεστι"
324,"αρ","αρ-τυ","τυ",1,14,"αρ-μπ","μπ",14,0,0,1,"διαμαρτυρία","διαμαρμπρία"
850,"έτ","έτ-ρη","ρη",1,9,"ού-ρη","ού",9,0,0,1,"διαμέτρημα","διαμούρημα"
664,"αμ","αμ-ον","ον",1,6,"άφ-ον","άφ",6,0,0,1,"διαμονή","διάφονή"
832,"αν","αν-οη","οη",1,19,"αν-άρ","άρ",19,0,0,1,"διανοητικός","διανάρτικός"
586,"ρο","ρο-ια","ια",1,2,"ρο-σύ","σύ",2,0,0,1,"διάρροια","διάρροσύ"
98,"ασ","ασ-ημ","ημ",1,16,"ασ-χί","χί",16,0,0,1,"διασημότητα","διασχίότητα"
833,"άσ","άσ-κε","κε",1,7,"πη-κε","πη",7,0,0,1,"διάσκεψη","διπηκεψη"
72,"δι","δι-άσ","άσ",1,33,"δι-κε","κε",33,0,0,1,"διάσωση","δικεωση"
219,"ατ","ατ-ηρ","ηρ",1,27,"ατ-εύ","εύ",27,0,0,1,"διατηρώ","διατεύώ"
296,"ήμ","ήμ-ισ","ισ",1,5,"ελ-ισ","ελ",5,0,0,1,"διαφήμιση","διαφελιση"
686,"αχ","αχ-ει","ει",1,18,"ογ-ει","ογ",18,0,0,1,"διαχειρίζονται","διογειρίζονται"
229,"εί","εί-ρι","ρι",1,5,"χε-ρι","χε",5,0,0,1,"διαχείριση","διαχχεριση"
471,"εθ","εθ-νέ","νέ",1,1,"ωι-νέ","ωι",1,0,0,1,"διεθνές","διωινές"
117,"ντ","ντ-ής","ής",1,2,"ντ-απ","απ",2,0,0,1,"διευθυντής","διευθυνταπ"
311,"ιο","ιο-δο","δο",1,12,"ιο-φυ","φυ",12,0,0,1,"δικαιοδοσία","δικαιοφυσία"
227,"κα","κα-στ","στ",1,73,"κα-τη","τη",73,0,0,1,"δικαστήριο","δικατηήριο"
435,"γό","γό-ρο","ρο",1,8,"αί-ρο","αί",8,0,0,1,"δικηγόρος","δικηαίρος"
848,"υο","υο-last_blank","last_blank",1,8,"φω-last_blank","φω",8,0,0,1,"δίκτυο","δίκτφω"
414,"κη","κη-τή","τή",1,11,"κη-γο","γο",11,0,0,1,"διοικητής","διοικηγος"
335,"θώ","θώ-σε","σε",1,8,"ρό-σε","ρό",8,0,0,1,"διορθώσετε","διορρόσετε"
897,"πλ","πλ-ό","ό",1,1,"ωγ-ό","ωγ",1,0,0,1,"διπλό","διωγό"
81,"δί","δί-πλ","πλ",1,5,"άμ-πλ","άμ",5,0,0,1,"δίπλωμα","άμπλωμα"
971,"δι","δι-σκ","σκ",1,15,"δι-ών","ών",15,0,0,1,"δισκίο","διώνίο"
300,"first_blank","first_blank-δό","δό",1,45,"first_blank-σλ","σλ",45,0,0,1,"δόση","σλση"
243,"υλ","υλ-ει","ει",1,9,"εψ-ει","εψ",9,0,0,1,"δουλειά","δοεψειά"
914,"ύλ","ύλ-ος","ος",1,8,"αι-ος","αι",8,0,0,1,"δούλος","δοαιος"
504,"first_blank","first_blank-δρ","δρ",1,132,"first_blank-γν","γν",132,0,0,1,"δράκων","γνάκων"
490,"δρ","δρ-άμ","άμ",1,3,"εν-άμ","εν",3,0,0,1,"δράμα","ενάμα"
773,"ικ","ικ-ός","ός",1,157,"ικ-ού","ού",157,0,0,1,"δραματικός","δραματικού"
112,"first_blank","first_blank-δρ","δρ",1,132,"first_blank-γν","γν",132,0,0,1,"δρόμος","γνόμος"
248,"να","να-μη","μη",1,6,"να-κε","κε",6,0,0,1,"δύναμη","δύνακε"
114,"να","να-στ","στ",1,23,"κο-στ","κο",23,0,0,1,"δυναστεία","δυκοστεία"
862,"δυ","δυ-νη","νη",1,5,"δυ-σά","σά",5,0,0,1,"δυνητικός","δυσάτικός"
871,"δύ","δύ-ο","ο",1,1,"κσ-ο","κσ",1,0,0,1,"δύο","κσο"
18,"σά","σά-ρε","ρε",1,11,"σά-ου","ου",11,0,0,1,"δυσάρεστος","δυσάουστος"
36,"δυ","δυ-τι","τι",1,24,"ηκ-τι","ηκ",24,0,0,1,"δυτικά","ηκτικά"
916,"τι","τι-ο","ο",1,22,"αλ-ο","αλ",22,0,0,1,"δωμάτιο","δωμάαλο"
49,"first_blank","first_blank-δώ","δώ",1,40,"first_blank-ψή","ψή",40,0,0,1,"δώρο","ψήρο"
276,"δω","δω-ρο","ρο",1,20,"γχ-ρο","γχ",20,0,0,1,"δωροδοκία","γχροδοκία"
387," γ"," γ-ια","ια",1,1,"ερ-ια","ερ",1,0,0,1,"δώσει το έναυσμα για","δώσει το έναυσμαερια"
48,"εγ","εγ-γο","γο",1,8,"εγ-νω","νω",8,0,0,1,"εγγονός","εγνωνός"
927,"γύ","γύ-ησ","ησ",1,3,"πτ-ησ","πτ",3,0,0,1,"εγγύηση","εγπτηση"
261,"εγ","εγ-κέ","κέ",1,12,"εγ-ωι","ωι",12,0,0,1,"εγκέφαλος","εγωιφαλος"
89,"εγ","εγ-ώ ","ώ ",1,1,"εγ-ιό","ιό",1,0,0,1,"εγώ θα","εγιόθα"
278,"εδ","εδ-ώ","ώ",1,1,"ωπ-ώ","ωπ",1,0,0,1,"εδώ","ωπώ"
610,"ον","ον-τή","τή",1,3,"ον-έμ","έμ",3,0,0,1,"εθελοντής","εθελονέμς"
636,"first_blank","first_blank-εθ","εθ",1,57,"first_blank-sa","sa",57,0,0,1,"εθνικός","saνικός"
557,"first_blank","first_blank-ει","ει",1,407,"first_blank-το","το",407,0,0,1,"ειδικός","τοδικός"
965,"κό","κό-να","να",1,4,"γί-να","γί",4,0,0,1,"εικόνα","ειγίνα"
102,"first_blank","first_blank-ει","ει",1,407,"first_blank-το","το",407,0,0,1,"ειρηνικός","τορηνικός"
270,"ρω","ρω-νε","νε",1,11,"λύ-νε","λύ",11,0,0,1,"ειρωνεία","ειλύνεία"
120,"ει","ει-σά","σά",1,10,"ει-το","το",10,0,0,1,"εισάγετε","ειτογετε"
688,"γω","γω-last_blank","last_blank",1,19,"λώ-last_blank","λώ",19,0,0,1,"εισαγω","εισαλώ"
327,"σβ","σβ-ολ","ολ",1,8,"ντ-ολ","ντ",8,0,0,1,"εισβολή","ειντολή"
208,"σι","σι-τή","τή",1,5,"σι-κα","κα",5,0,0,1,"εισιτήριο","εισικαριο"
230,"ομ","ομ-μύ","μύ",1,6,"ομ-ηρ","ηρ",6,0,0,1,"εκατομμύριο","εκατομηρριο"
343,"μυ","μυ-ρι","ρι",1,18,"ήτ-ρι","ήτ",18,0,0,1,"εκατομμυριούχος","εκατομήτριούχος"
226,"δί","δί-κη","κη",1,12,"θή-κη","θή",12,0,0,1,"εκδίκηση","εκθήκηση"
505,"έκ","έκ-θε","θε",1,5,"ηφ-θε","ηφ",5,0,0,1,"έκθεση","ηφθεση"
279,"θε","θε-σι","σι",1,3,"θε-νή","νή",3,0,0,1,"εκθεσιακός χώρος","εκθενήακός χώρος"
667,"ησ","ησ-ία","ία",1,23,"τε-ία","τε",23,0,0,1,"εκκλησία","εκκλτεία"
934,"ηκ","ηκ-τι","τι",1,24,"δυ-τι","δυ",24,0,0,1,"εκπληκτικός","εκπλδυτικός"
69,"ηξ","ηξ-η","η",1,6,"άλ-η","άλ",6,0,0,1,"έκπληξη","έκπλάλη"
282,"έκ","έκ-ρη","ρη",1,3,"ου-ρη","ου",3,0,0,1,"έκρηξη","ουρηξη"
885,"ελ","ελ-άχ","άχ",1,9,"ελ-ηθ","ηθ",9,0,0,1,"ελάχιστο","εληθιστο"
317,"first_blank","first_blank-έλ","έλ",1,155,"first_blank-μυ","μυ",155,0,0,1,"έλεγχος","μυεγχος"
206,"θε","θε-ρί","ρί",1,8,"δω-ρί","δω",8,0,0,1,"ελευθερία","ελευδωρία"
291,"ρώ","ρώ-ς","ς",1,2,"ίτ-ς","ίτ",2,0,0,1,"ελευθερώς","ελευθείτς"
178,"κυ","κυ-στ","στ",1,11,"πά-στ","πά",11,0,0,1,"ελκυστικός","ελπάστικός"
695,"ελ","ελ-πί","πί",1,19,"ελ-ικ","ικ",19,0,0,1,"ελπίδα","ελικδα"
367,"ιρ","ιρ-ία","ία",1,8,"ολ-ία","ολ",8,0,0,1,"εμπειρία","εμπεολία"
269,"νώ","νώ-μο","μο",1,3,"όρ-μο","όρ",3,0,0,1,"εμπειρογνώμονας","εμπειρογόρμονας"
694,"ύν","ύν-η","η",1,11,"άσ-η","άσ",11,0,0,1,"εμπιστοσύνη","εμπιστοσάση"
295,"έω","έω-last_blank","last_blank",1,6,"ίφ-last_blank","ίφ",6,0,0,1,"εμπνέω","εμπνίφ"
744,"δι","δι-ο","ο",1,29,"ητ-ο","ητ",29,0,0,1,"εμπόδιο","εμπόητο"
297,"ρι","ρι-κό","κό",1,43,"ρι-ορ","ορ",43,0,0,1,"εμπορικός","εμποριορς"
622,"πρ","πρ-ός","ός",1,4,"ηγ-ός","ηγ",4,0,0,1,"εμπρός","εμηγός"
816,"φύ","φύ-λι","λι",1,4,"πέ-λι","πέ",4,0,0,1,"εμφύλιος","εμπέλιος"
895,"first_blank","first_blank-έν","έν",1,176,"first_blank-ομ","ομ",176,0,0,1,"ένας","ομας"
241,"ξο","ξο-ς","ς",1,4,"ΐα-ς","ΐα",4,0,0,1,"ένδοξος","ένδοΐας"
244,"ερ","ερ-γό","γό",1,6,"ερ-έβ","έβ",6,0,0,1,"ενεργός","ενερέβς"
545,"εν","εν-ήλ","ήλ",1,9,"εν-ώσ","ώσ",9,0,0,1,"ενήλικας","ενώσικας"
638,"ός","ός-last_blank","last_blank",1,561,"εί-last_blank","εί",560,1,0,1,"ενθουσιασμός","ενθουσιασμεί"
804,"ίο","ίο-τε","τε",1,1,"όύ-τε","όύ",1,0,0,1,"ενίοτε","ενόύτε"
630,"έν","έν-νο","νο",1,3,"ύπ-νο","ύπ",3,0,0,1,"έννοια","ύπνοια"
302,"κί","κί-ασ","ασ",1,2,"τρ-ασ","τρ",2,0,0,1,"ενοικίαση","ενοιτραση"
805,"κι","κι-ασ","ασ",1,7,"κι-νς","νς",7,0,0,1,"ενοικιαστής","ενοικινςτής"
656,"εν","εν-ότ","ότ",1,5,"εν-ης","ης",5,0,0,1,"ενότητα","ενηςητα"
212,"ικ","ικ-το","το",1,12,"ρε-το","ρε",12,0,0,1,"ένστικτο","ένστρετο"
584,"εν","εν-τά","τά",1,27,"εν-ου","ου",27,0,0,1,"εντάξει","ενουξει"
782,"το","το-λή","λή",1,12,"το-υσ","υσ",12,0,0,1,"εντολή","εντουσ"
831,"εν","εν-τύ","τύ",1,2,"εν-ώθ","ώθ",2,0,0,1,"εντύπωση","ενώθπωση"
948,"ακ","ακ-ο","ο",1,9,"βι-ο","βι",9,0,0,1,"εντυπωσιακο","εντυπωσιβιο"
379,"ακ","ακ-ός","ός",1,12,"ακ-άτ","άτ",12,0,0,1,"εντυπωσιακός","εντυπωσιακάτ"
61,"εξ","εξ-αι","αι",1,23,"εξ-ομ","ομ",23,0,0,1,"εξαιρετικός","εξομρετικός"
116,"φω","φω-last_blank","last_blank",1,8,"οή-last_blank","οή",8,0,0,1,"εξαλείφω","εξαλείοή"
536,"εξ","εξ-έλ","έλ",1,12,"οσ-έλ","οσ",12,0,0,1,"εξέλιξη","οσέλιξη"
348,"ετ","ετ-άζ","άζ",1,11,"βγ-άζ","βγ",11,0,0,1,"εξετάζω","εξβγάζω"
328,"εξ","εξ-έτ","έτ",1,15,"ηρ-έτ","ηρ",15,0,0,1,"εξέταση","ηρέταση"
355,"εξ","εξ-ήγ","ήγ",1,14,"εξ-άν","άν",14,0,0,1,"εξήγηση","εξάνηση"
272,"first_blank","first_blank-έξ","έξ",1,48,"first_blank-ρυ","ρυ",48,0,0,1,"έξοδος","ρυοδος"
310,"εξ","εξ-οπ","οπ",1,14,"ιρ-οπ","ιρ",14,0,0,1,"εξοπλισμός","ιροπλισμός"
299,"ου","ου-σί","σί",1,17,"ου-άρ","άρ",17,0,0,1,"εξουσία","εξουάρα"
528,"first_blank","first_blank-έξ","έξ",1,48,"first_blank-an","an",48,0,0,1,"έξοχος","anοχος"
313,"υπ","υπ-νο","νο",1,26,"ευ-νο","ευ",26,0,0,1,"έξυπνος","έξευνος"
855,"έξ","έξ-ω","ω",1,11,"ύν-ω","ύν",11,0,0,1,"έξω","ύνω"
533,"ω ","ω -απ","απ",1,1,"νζ-απ","νζ",1,0,0,1,"εξω απο","εξνζαπο"
721,"ρώ","ρώ-ς","ς",1,2,"αϊ-ς","αϊ",2,0,0,1,"επακρώς","επακαϊς"
319,"εί","εί-γω","γω",1,1,"οι-γω","οι",1,0,0,1,"επείγων","εποιγων"
210,"κα","κα-σί","σί",1,4,"κα-μο","μο",4,0,0,1,"επεξεργάζομαι, διαδικασία","επεξεργάζομαι, διαδικαμοα"
163,"ει","ει-ος","ος",1,6,"ογ-ος","ογ",6,0,0,1,"επέτειος","επέτογος"
608,"ιβ","ιβ-άτ","άτ",1,6,"σκ-άτ","σκ",6,0,0,1,"επιβάτης","επσκάτης"
323,"αί","αί-ωσ","ωσ",1,13,"ρτ-ωσ","ρτ",13,0,0,1,"επιβεβαίωση","επιβεβρτωση"
441,"πι","πι-ο","ο",1,11,"ύρ-ο","ύρ",11,0,0,1,"επιδόρπιο","επιδόρύρο"
341,"εω","εω-ρη","ρη",1,11,"τή-ρη","τή",11,0,0,1,"επιθεωρητής","επιθτήρητής"
329,"υμ","υμ-ία","ία",1,7,"ηρ-ία","ηρ",7,0,0,1,"επιθυμία","επιθηρία"
330,"ικ","ικ-ίν","ίν",1,13,"ικ-ετ","ετ",13,0,0,1,"επικίνδυνος","επικετδυνος"
836,"νω","νω-νί","νί",1,7,"οι-νί","οι",7,0,0,1,"επικοινωνία","επικοιοινία"
332,"ιλ","ιλ-έγ","έγ",1,9,"ρι-έγ","ρι",9,0,0,1,"επιλέγω","επριέγω"
333,"ιλ","ιλ-ογ","ογ",1,7,"οδ-ογ","οδ",7,0,0,1,"επιλογή","εποδογή"
750,"λέ","λέ-ον","ον",1,9,"άγ-ον","άγ",9,0,0,1,"επιπλέον","επιπάγον"
77,"ιρ","ιρ-ρο","ρο",1,4,"λτ-ρο","λτ",4,0,0,1,"επιρροή","επλτροή"
334,"ίσ","ίσ-ημ","ημ",1,15,"ίσ-τι","τι",15,0,0,1,"επίσημα","επίστια"
417,"ίσ","ίσ-κο","κο",1,23,"ίσ-τα","τα",23,0,0,1,"επίσκοπος","επίσταπος"
118,"ρέ","ρέ-πω","πω",1,2,"ρέ-κα","κα",2,0,0,1,"επιτρέπω","επιτρέκα"
340,"πή","πή-last_blank","last_blank",1,33,"υε-last_blank","υε",33,0,0,1,"επιτροπή","επιτρουε"
79,"υχ","υχ-ία","ία",1,15,"υχ-ισ","ισ",15,0,0,1,"επιτυχία","επιτυχισ"
496,"ει","ει-ρή","ρή",1,13,"μω-ρή","μω",13,0,0,1,"επιχειρήσεων","επιχμωρήσεων"
316,"έχ","έχ-νη","νη",1,5,"υπ-νη","υπ",5,0,0,1,"ερασιτέχνης","ερασιτυπνης"
627,"ίο","ίο-last_blank","last_blank",1,106,"κη-last_blank","κη",106,0,0,1,"εργαλείο","εργαλεκη"
174,"ηρ","ηρ-ι","ι",1,2,"τέ-ι","τέ",2,0,0,1,"εργαστηρι","εργασττέι"
75,"έρ","έρ-γο","γο",1,9,"έρ-ευ","ευ",9,0,0,1,"έργο","έρευ"
658,"γο","γο-στ","στ",1,12,"δώ-στ","δώ",12,0,0,1,"εργοστάσιο","ερδώστάσιο"
531,"ευ","ευ-να","να",1,4,"σέ-να","σέ",4,0,0,1,"έρευνα","έρσένα"
457,"έρ","έρ-ημ","ημ",1,7,"έρ-θε","θε",7,0,0,1,"έρημος","έρθεος"
346,"ερ","ερ-ωμ","ωμ",1,11,"ερ-βά","βά",11,0,0,1,"ερωμένη","ερβάένη"
661,"ώτ","ώτ-ησ","ησ",1,3,"φρ-ησ","φρ",3,0,0,1,"ερώτηση","ερφρηση"
315,"εσ","εσ-ωτ","ωτ",1,13,"αν-ωτ","αν",13,0,0,1,"εσωτερικός","ανωτερικός"
734,"first_blank","first_blank-ετ","ετ",1,146,"first_blank-μό","μό",146,0,0,1,"εταιρεία","μόαιρεία"
350,"αι","αι-ρί","ρί",1,6,"αι-σχ","σχ",6,0,0,1,"εταιρία","εταισχα"
741,"οι","οι-μο","μο",1,15,"ρα-μο","ρα",15,0,0,1,"έτοιμος","έτραμος"
167,"γε","γε-νή","νή",1,8,"γε-ιο","ιο",8,0,0,1,"ευγενής","ευγειος"
943,"γε","γε-νι","νι",1,35,"νο-νι","νο",36,1,0,1,"ευγενικός","ευνονικός"
359,"ώμ","ώμ-ων","ων",1,3,"γί-ων","γί",3,0,0,1,"ευγνώμων","ευγνγίων"
404,"θύ","θύ-νη","νη",1,2,"ύμ-νη","ύμ",2,0,0,1,"ευθύνη","ευύμνη"
251,"ευ","ευ-κα","κα",1,12,"ευ-φυ","φυ",12,0,0,1,"ευκαιρία","ευφυιρία"
972,"ρί","ρί-στ","στ",1,63,"ρί-ζο","ζο",62,1,0,1,"ευχαρίστηση","ευχαρίζοηση"
588,"ηβ","ηβ-ικ","ικ",1,6,"λπ-ικ","λπ",6,0,0,1,"εφηβική","εφλπική"
620,"λτ","λτ-ης","ης",1,4,"λτ-ου","ου",4,0,0,1,"εφιάλτης","εφιάλτου"
54,"first_blank","first_blank-εχ","εχ",1,58,"first_blank-έδ","έδ",58,0,0,1,"εχθρός","έδθρός"
803,"ζά","ζά-χα","χα",1,5,"ζά-ντ","ντ",5,0,0,1,"ζάχαρη","ζάντρη"
481,"ζε","ζε-στ","στ",1,48,"μυ-στ","μυ",49,1,0,1,"ζεστό","μυστό"
247,"στ","στ-ός","ός",1,12,"ργ-ός","ργ",12,0,0,1,"ζεστός","ζεργός"
394,"ζη","ζη-λι","λι",1,4,"χέ-λι","χέ",4,0,0,1,"ζηλιάρης","χέλιάρης"
16,"first_blank","first_blank-ζή","ζή",1,44,"first_blank-υγ","υγ",44,0,0,1,"ζήτηση","υγτηση"
199,"κλ","κλ-α","α",1,6,"όκ-α","όκ",6,0,0,1,"ζούγκλα","ζούγόκα"
326,"first_blank","first_blank-ζω","ζω",1,114,"first_blank-θρ","θρ",118,4,0,1,"ζω","θρ"
589,"ζω","ζω-ντ","ντ",1,28,"σα-ντ","σα",28,0,0,1,"ζωντανός","σαντανός"
906,"οσ","οσ-last_blank","last_blank",1,1,"όβ-last_blank","όβ",1,0,0,1,"ζωολογικοσ κηποσ","ζωολογικοσ κηπόβ"
108,"first_blank","first_blank-η ","η ",1,1,"first_blank-ίω","ίω",1,0,0,1,"η δυση του ηλιου","ίωδυση του ηλιου"
995,"first_blank","first_blank-η ","η ",1,1,"first_blank-ώω","ώω",1,0,0,1,"η πλειοψηφία","ώωπλειοψηφία"
514,"σι","σι-κη","κη",1,5,"σι-ές","ές",5,0,0,1,"η φυσικη","η φυσιές"
19,"first_blank","first_blank-ήδ","ήδ",1,1,"first_blank-eβ","eβ",1,0,0,1,"ήδη","eβη"
738,"όγ","όγ-ιο","ιο",1,10,"υρ-ιο","υρ",10,0,0,1,"ημερολόγιο","ημερολυριο"
859,"first_blank","first_blank-ήρ","ήρ",1,23,"first_blank-γή","γή",23,0,0,1,"ήρωας","γήωας"
374,"υχ","υχ-ια","ια",1,7,"ύδ-ια","ύδ",7,0,0,1,"ησυχια","ησύδια"
595,"ητ","ητ-τη","τη",1,9,"βά-τη","βά",9,0,0,1,"ηττημένος","βάτημένος"
999,"θά","θά-λα","λα",1,9,"ρι-λα","ρι",9,0,0,1,"θάλασσα","ριλασσα"
714,"σσ","σσ-ια","ια",1,7,"υχ-ια","υχ",7,0,0,1,"θαλάσσια","θαλάυχια"
202,"μν","μν-ος","ος",1,2,"κλ-ος","κλ",2,0,0,1,"θάμνος","θάκλος"
555,"σι","σι-μα","μα",1,4,"γε-μα","γε",4,0,0,1,"θανάσιμα","θανάγεμα"
309,"να","να-το","το",1,39,"να-με","με",39,0,0,1,"θάνατος","θάναμες"
748,"ρρ","ρρ-ος","ος",1,2,"νθ-ος","νθ",2,0,0,1,"θάρρος","θάνθος"
288,"υμ","υμ-άζ","άζ",1,8,"υμ-πί","πί",8,0,0,1,"θαυμάζω","θαυμπίω"
746,"θέ","θέ-α","α",1,1,"χρ-α","χρ",1,0,0,1,"θέα","χρα"
566,"θε","θε-ίο","ίο",1,5,"αν-ίο","αν",5,0,0,1,"θείος","ανίος"
381,"θε","θε-ός","ός",1,1,"ρπ-ός","ρπ",1,0,0,1,"θεός","ρπός"
383,"πε","πε-ία","ία",1,10,"πε-ρή","ρή",10,0,0,1,"θεραπεία","θεραπερή"
385,"ρμ","ρμ-ότ","ότ",1,7,"ιζ-ότ","ιζ",7,0,0,1,"θερμότητα","θειζότητα"
888,"θέ","θέ-ση","ση",1,2,"βη-ση","βη",2,0,0,1,"θέση","βηση"
86,"θε","θε-τι","τι",1,16,"ρν-τι","ρν",16,0,0,1,"θετικός","ρντικός"
366,"ρί","ρί-ο","ο",1,3,"λμ-ο","λμ",3,0,0,1,"θηρίο","θηλμο"
707,"υρ","υρ-ός","ός",1,5,"υρ-εθ","εθ",5,0,0,1,"θησαυρός","θησαυρεθ"
377,"βο","βο-ς","ς",1,12,"γκ-ς","γκ",12,0,0,1,"θόρυβος","θόρυγκς"
465,"αύ","αύ-σμ","σμ",1,2,"αύ-το","το",2,0,0,1,"θραύσμα","θραύτοα"
339,"θύ","θύ-μα","μα",1,5,"λι-μα","λι",5,0,0,1,"θύμα","λιμα"
629,"first_blank","first_blank-θυ","θυ",1,158,"first_blank-φλ","φλ",158,0,0,1,"θυμός","φλμός"
998,"first_blank","first_blank-ια","ια",1,59,"first_blank-ch","ch",59,0,0,1,"ιατρικός","chτρικός"
864,"ιδ","ιδ-αν","αν",1,8,"κβ-αν","κβ",8,0,0,1,"ιδανικός","κβανικός"
388,"έα","έα-last_blank","last_blank",1,45,"ρτ-last_blank","ρτ",45,0,0,1,"ιδέα","ιδρτ"
395,"κτ","κτ-ησ","ησ",1,11,"ηθ-ησ","ηθ",11,0,0,1,"ιδιοκτησία","ιδιοηθησία"
337,"ιο","ιο-φυ","φυ",1,12,"ιο-πρ","πρ",12,0,0,1,"ιδιοφυία","ιδιοπρία"
579,"ιδ","ιδ-ιω","ιω",1,17,"ιδ-ει","ει",17,0,0,1,"ιδιωτικός","ιδειτικός"
357,"οι","οι-ημ","ημ",1,21,"οι-κε","κε",21,0,0,1,"ικανοποιημένοι","ικανοποικεένοι"
556,"first_blank","first_blank-ιό","ιό",1,8,"first_blank-ώμ","ώμ",8,0,0,1,"ιός","ώμς"
399,"ύν","ύν-ιο","ιο",1,2,"μά-ιο","μά",2,0,0,1,"ιούνιος","ιομάιος"
769,"ιπ","ιπ-πι","πι",1,3,"ιπ-νο","νο",3,0,0,1,"ιππικό","ιπνοκό"
85,"ρο","ρο-πί","πί",1,12,"σα-πί","σα",12,0,0,1,"ισορροπία","ισορσαπία"
987,"χύ","χύ-ου","ου",1,3,"οσ-ου","οσ",3,0,0,1,"ισχύουν","ισοσουν"
13,"ρό","ρό-ς","ς",1,49,"λη-ς","λη",49,0,0,1,"ισχυρός","ισχυλης"
740,"κα","κα-γκ","γκ",1,8,"νι-γκ","νι",8,0,0,1,"καγκελάριος","νιγκελάριος"
708,"θα","θα-ρη","ρη",1,2,"θα-νώ","νώ",2,0,0,1,"καθαρη","καθανώ"
257,"ρι","ρι-νά","νά",1,6,"ρι-αμ","αμ",6,0,0,1,"καθημερινά","καθημεριαμ"
988,"θο","θο-λι","λι",1,12,"τά-λι","τά",12,0,0,1,"καθολικός","κατάλικός"
774,"αρ","αρ-ας","ας",1,3,"υλ-ας","υλ",3,0,0,1,"καίσαρας","καίσυλας"
794,"κα","κα-κό","κό",1,25,"μι-κό","μι",25,0,0,1,"κακό","μικό"
363,"έχ","έχ-νη","νη",1,5,"δυ-νη","δυ",5,0,0,1,"καλλιτέχνης","καλλιτδυνης"
653,"λό","λό-γε","γε",1,6,"λό-δο","δο",6,0,0,1,"καλόγερος","καλόδορος"
975,"κα","κα-ίρ","ίρ",1,5,"κα-ετ","ετ",5,0,0,1,"καλοκαίρι","καλοκαετι"
407,"κα","κα-λό","λό",1,15,"κα-ρί","ρί",15,0,0,1,"καλός","καρίς"
480,"λυ","λυ-μμ","μμ",1,7,"λυ-πά","πά",7,0,0,1,"κάλυμμα","κάλυπάα"
846,"κα","κα-λώ","λώ",1,11,"κα-νά","νά",11,0,0,1,"καλώδιο","κανάδιο"
280,"άν","άν-ια","ια",1,18,"τε-ια","τε",18,0,0,1,"καμπάνια","καμπτεια"
431,"μπ","μπ-ίν","ίν",1,25,"μπ-οτ","οτ",25,0,0,1,"καμπίνα","καμποτα"
587,"νά","νά-λι","λι",1,3,"ζή-λι","ζή",3,0,0,1,"κανάλι","καζήλι"
477,"να","να-πέ","πέ",1,8,"να-δε","δε",8,0,0,1,"καναπές","καναδες"
124,"κα","κα-νέ","νέ",1,9,"κα-υχ","υχ",9,0,0,1,"κανέλα","καυχλα"
761,"νό","νό-να","να",1,4,"σο-να","σο",4,0,0,1,"κανόνας","κασονας"
628,"νί","νί-ζω","ζω",1,4,"νί-σσ","σσ",4,0,0,1,"κανονίζω","κανονίσσ"
840,"νο","νο-νι","νι",1,36,"γω-νι","γω",36,0,0,1,"κανονικά","καγωνικά"
704,"κα","κα-νω","νω",1,2,"κα-κή","κή",2,0,0,1,"κανω αναφορα","κακή αναφορα"
349,"πη","πη-λε","λε",1,1,"υό-λε","υό",1,0,0,1,"καπηλειό","καυόλειό"
730,"πν","πν-ός","ός",1,1,"πν-οπ","οπ",1,0,0,1,"καπνός","καπνοπ"
491,"ου","ου-νο","νο",1,3,"μώ-νο","μώ",3,0,0,1,"κάρβουνο","κάρβμώνο"
938,"ρι","ρι-έρ","έρ",1,12,"ρι-νγ","νγ",12,0,0,1,"καριέρα","καρινγα"
937,"άλ","άλ-ι","ι",1,12,"σο-ι","σο",12,0,0,1,"καρναβάλι","καρναβσοι"
240,"ρφ","ρφ-ί","ί",1,1,"ότ-ί","ότ",1,0,0,1,"καρφί","καότί"
992,"αρ","αρ-ία","ία",1,13,"αρ-δι","δι",13,0,0,1,"καρχαρίας","καρχαρδις"
273,"άθ","άθ-ος","ος",1,2,"ώτ-ος","ώτ",2,0,0,1,"κατά λάθος","κατά λώτος"
434,"ελ","ελ-ία","ία",1,8,"ελ-ασ","ασ",8,0,0,1,"καταγγελία","καταγγελασ"
523,"πι","πι-εί","εί",1,7,"εμ-εί","εμ",7,0,0,1,"καταπιεί","καταεμεί"
510,"τά","τά-ρα","ρα",1,14,"ει-ρα","ει",14,0,0,1,"κατάρα","καειρα"
989,"ευ","ευ-ή","ή",1,3,"υφ-ή","υφ",3,0,0,1,"κατασκευή","κατασκυφή"
991,"ήν","ήν-ωσ","ωσ",1,8,"πτ-ωσ","πτ",8,0,0,1,"κατασκήνωση","κατασκπτωση"
780,"οπ","οπ-εί","εί",1,11,"οπ-ού","ού",11,0,0,1,"κατασκοπεία","κατασκοπούα"
739,"τά","τά-σκ","σκ",1,8,"τά-τα","τα",8,0,0,1,"κατάσκοπος","κατάταοπος"
386,"τά","τά-στ","στ",1,29,"μι-στ","μι",29,0,0,1,"κατάσταση","καμισταση"
429,"στ","στ-ημ","ημ",1,62,"στ-ευ","ευ",62,0,0,1,"κατάστημα","κατάστευα"
432,"τα","τα-φύ","φύ",1,7,"τα-σί","σί",7,0,0,1,"καταφύγιο","κατασίγιο"
652,"τω","τω-last_blank","last_blank",1,44,"λό-last_blank","λό",44,0,0,1,"κάτω","κάλό"
571,"φέ","φέ-last_blank","last_blank",1,7,"ιξ-last_blank","ιξ",7,0,0,1,"καφέ","καιξ"
402,"κά","κά-ψο","ψο",1,5,"κά-vε","vε",5,0,0,1,"κάψουλα","κάvευλα"
711,"ίμ","ίμ-εν","εν",1,8,"τρ-εν","τρ",8,0,0,1,"κείμενο","κετρενο"
852,"κέ","κέ-ρα","ρα",1,10,"κέ-πτ","πτ",10,0,0,1,"κέρατο","κέπττο"
271,"ρδ","ρδ-ος","ος",1,12,"νι-ος","νι",12,0,0,1,"κέρδος","κένιος"
509,"τσ","τσ-απ","απ",1,5,"τσ-ίτ","ίτ",5,0,0,1,"κέτσαπ","κέτσίτ"
716,"φά","φά-λα","λα",1,16,"γέ-λα","γέ",16,0,0,1,"κεφάλαιο","κεγέλαιο"
184,"κι","κι-λό","λό",1,4,"κι-βω","βω",4,0,0,1,"κιλό","κιβω"
447,"first_blank","first_blank-κί","κί",1,113,"first_blank-νό","νό",113,0,0,1,"κίνδυνος","νόνδυνος"
380,"άφ","άφ-ος","ος",1,15,"ντ-ος","ντ",15,0,0,1,"κινηματογράφος","κινηματογρντος"
539,"first_blank","first_blank-κί","κί",1,113,"first_blank-άλ","άλ",113,0,0,1,"κίνηση","άλνηση"
26,"νη","νη-τρ","τρ",1,5,"βι-τρ","βι",5,0,0,1,"κίνητρο","κίβιτρο"
500,"έβ","έβ-ω","ω",1,2,"αθ-ω","αθ",2,0,0,1,"κλέβω","κλαθω"
451,"δί","δί-last_blank","last_blank",1,3,"oo-last_blank","oo",3,0,0,1,"κλειδί","κλειoo"
454,"ει","ει-δω","δω",1,23,"ει-ες","ες",23,0,0,1,"κλειδωμένος","κλειεςμένος"
263,"κλ","κλ-έφ","έφ",1,5,"κλ-ικ","ικ",5,0,0,1,"κλέφτης","κλικτης"
455,"ομ","ομ-ία","ία",1,16,"ομ-ηθ","ηθ",16,0,0,1,"κληρονομία","κληρονομηθ"
877,"κλ","κλ-ήσ","ήσ",1,9,"κλ-εφ","εφ",9,0,0,1,"κλήση","κλεφη"
499,"κλ","κλ-οπ","οπ",1,10,"σι-οπ","σι",10,0,0,1,"κλοπή","σιοπή"
168,"οβ","οβ-ού","ού",1,5,"λλ-ού","λλ",5,0,0,1,"κοινοβούλιο","κοινλλούλιο"
460,"ων","ων-ία","ία",1,10,"νε-ία","νε",10,0,0,1,"κοινωνία","κοιννεία"
662,"κο","κο-ίτ","ίτ",1,21,"κο-πα","πα",21,0,0,1,"κοίτα","κοπαα"
375,"κα","κα-ΐν","ΐν",1,3,"κα-ση","ση",3,0,0,1,"κοκαΐνη","κοκασηη"
307,"κε","κε-ύω","ύω",1,1,"κε-νς","νς",1,0,0,1,"κολακεύω","κολακενς"
647,"έγ","έγ-ιο","ιο",1,1,"εζ-ιο","εζ",1,0,0,1,"κολλέγιο","κολλεζιο"
672,"κό","κό-λπ","λπ",1,6,"κό-με","με",6,0,0,1,"κόλπος","κόμεος"
680,"μη","μη-τε","τε",1,10,"τό-τε","τό",10,0,0,1,"κομητεία","κοτότεία"
516,"ντ","ντ-ά","ά",1,11,"κι-ά","κι",11,0,0,1,"κοντά","κοκιά"
911,"κό","κό-ρη","ρη",1,3,"τά-ρη","τά",3,0,0,1,"κόρη","τάρη"
7,"κο","κο-ρί","ρί",1,6,"αι-ρί","αι",6,0,0,1,"κορίτσι","αιρίτσι"
880,"σμ","σμ-ιο","ιο",1,3,"σμ-ήμ","ήμ",3,0,0,1,"κόσμιος","κόσμήμς"
890,"κο","κο-τό","τό",1,7,"κο-ρά","ρά",7,0,0,1,"κοτόπουλο","κοράπουλο"
685,"έρ","έρ-τα","τα",1,17,"έρ-ον","ον",17,0,0,1,"κουβέρτα","κουβέρον"
642,"ύκ","ύκ-λα","λα",1,5,"ρα-λα","ρα",5,0,0,1,"κούκλα","κοραλα"
907,"υμ","υμ-πί","πί",1,8,"υμ-άζ","άζ",8,0,0,1,"κουμπί","κουμάζ"
670,"κο","κο-υρ","υρ",1,101,"κο-ύς","ύς",100,1,0,1,"κουρασμένος","κούςασμένος"
693,"υτ","υτ-άλ","άλ",1,4,"υτ-ίζ","ίζ",4,0,0,1,"κουτάλι","κουτίζι"
904,"υτ","υτ-ί","ί",1,1,"ϊν-ί","ϊν",1,0,0,1,"κουτί","κοϊνί"
790,"μπ","μπ-ολ","ολ",1,29,"πρ-ολ","πρ",29,0,0,1,"κουτσομπολιό","κουτσοπρολιό"
92,"ιό","ιό-ν","ν",1,9,"ερ-ν","ερ",9,0,0,1,"κραγιόν","κραγερν"
413,"άν","άν-ος","ος",1,10,"ομ-ος","ομ",10,0,0,1,"κράνος","κρομος"
779,"ασ","ασ-ί","ί",1,1,"φα-ί","φα",1,0,0,1,"κρασί","κρφαί"
218,"ήσ","ήσ-τε","τε",1,45,"ήσ-αμ","αμ",45,0,0,1,"κρατήστε","κρατήσαμ"
777,"έμ","έμ-α","α",1,5,"σχ-α","σχ",5,0,0,1,"κρέμα","κρσχα"
285,"έμ","έμ-ασ","ασ",1,8,"ελ-ασ","ελ",8,0,0,1,"κρέμασμα","κρελασμα"
718,"ιμ","ιμ-ος","ος",1,18,"ιμ-ότ","ότ",18,0,0,1,"κρίσιμος","κρίσιμότ"
792,"ην","ην-ώδ","ώδ",1,4,"ην-οτ","οτ",4,0,0,1,"κτηνώδης","κτηνοτης"
66,"ύπ","ύπ-ημ","ημ",1,4,"άτ-ημ","άτ",4,0,0,1,"κτύπημα","κτάτημα"
169,"ρν","ρν-ήτ","ήτ",1,5,"κτ-ήτ","κτ",5,0,0,1,"κυβερνήτης","κυβεκτήτης"
896,"first_blank","first_blank-κύ","κύ",1,82,"first_blank-θέ","θέ",82,0,0,1,"κύκλος","θέκλος"
25,"νή","νή-γι","γι",1,2,"φα-γι","φα",2,0,0,1,"κυνήγι","κυφαγι"
733,"ολ","ολ-εκ","εκ",1,4,"ολ-άμ","άμ",4,0,0,1,"κυριολεκτικά","κυριολάμτικά"
960,"first_blank","first_blank-κύ","κύ",1,82,"first_blank-ρω","ρω",82,0,0,1,"κύτταρο","ρωτταρο"
488,"first_blank","first_blank-κώ","κώ",1,26,"first_blank-όχ","όχ",26,0,0,1,"κώδικας","όχδικας"
515,"λα","λα-ζά","ζά",1,5,"λα-μι","μι",5,0,0,1,"λαζάνια","λαμινια"
492,"λά","λά-θο","θο",1,4,"λά-δω","δω",4,0,0,1,"λάθος","λάδως"
493,"ιμ","ιμ-ός","ός",1,2,"ιμ-μα","μα",2,0,0,1,"λαιμός","λαιμμα"
443,"μπ","μπ-α","α",1,25,"όρ-α","όρ",25,0,0,1,"λάμπα","λάόρα"
494,"λά","λά-μψ","μψ",1,8,"λά-ξο","ξο",8,0,0,1,"λάμψη","λάξοη"
858,"νθ","νθ-ασ","ασ",1,6,"νθ-ημ","ημ",6,0,0,1,"λανθασμένος","λανθημμένος"
31,"σπ","σπ-η","η",1,2,"ακ-η","ακ",2,0,0,1,"λάσπη","λάακη"
815,"γε","γε-ών","ών",1,3,"γε-ωτ","ωτ",3,0,0,1,"λεγεώνας","λεγεωτας"
88,"λε","λε-ία","ία",1,16,"ιλ-ία","ιλ",16,0,0,1,"λεία","ιλία"
977,"ιτ","ιτ-ου","ου",1,43,"άρ-ου","άρ",43,0,0,1,"λειτουργεί","λεάρουργεί"
802,"νά","νά-δα","δα",1,10,"νά-ρκ","ρκ",10,0,0,1,"λεμονάδα","λεμονάρκ"
495,"λέ","λέ-νε","νε",1,1,"λέ-πι","πι",1,0,0,1,"λένε","λέπι"
753,"first_blank","first_blank-λέ","λέ",1,138,"first_blank-οι","οι",138,0,0,1,"λέξη","οιξη"
955,"λε","λε-ξι","ξι",1,6,"λε-ρω","ρω",6,0,0,1,"λεξικό","λερωκό"
351,"πτ","πτ-ός","ός",1,2,"φλ-ός","φλ",2,0,0,1,"λεπτός","λεφλός"
175,"λε","λε-σβ","σβ",1,7,"λε-τι","τι",7,0,0,1,"λεσβία","λετιία"
567,"σχ","σχ-η","η",1,4,"ΐν-η","ΐν",4,0,0,1,"λέσχη","λέΐνη"
524,"υκ","υκ-ό","ό",1,2,"γμ-ό","γμ",2,0,0,1,"λευκό","λεγμό"
246,"ωφ","ωφ-όρ","όρ",1,4,"ωφ-ρε","ρε",4,0,0,1,"λεωφόρος","λεωφρεος"
234,"βρ","βρ-α","α",1,3,"ώv-α","ώv",3,0,0,1,"λίβρα","λίώvα"
550,"first_blank","first_blank-λί","λί",1,140,"first_blank-τέ","τέ",140,0,0,1,"λίγο","τέγο"
924,"σμ","σμ-ικ","ικ",1,15,"αλ-ικ","αλ",15,0,0,1,"λογισμικό","λογιαλικό"
17,"first_blank","first_blank-λό","λό",1,113,"first_blank-κί","κί",113,0,0,1,"λόγος","κίγος"
150,"first_blank","first_blank-λό","λό",1,113,"first_blank-άλ","άλ",113,0,0,1,"λόφος","άλφος"
925,"λο","λο-χί","χί",1,6,"λο-πι","πι",6,0,0,1,"λοχίας","λοπιας"
892,"first_blank","first_blank-λυ","λυ",1,121,"first_blank-χέ","χέ",121,0,0,1,"λυπημένος","χέπημένος"
511,"γε","γε-ία","ία",1,8,"δρ-ία","δρ",8,0,0,1,"μαγεία","μαδρία"
784,"μά","μά-γε","γε",1,9,"μά-χο","χο",9,0,0,1,"μάγειρας","μάχοιρας"
371,"γν","γν-ητ","ητ",1,15,"απ-ητ","απ",15,0,0,1,"μαγνητικός","μααπητικός"
222,"θα","θα-ίν","ίν",1,31,"θα-να","να",31,0,0,1,"μαθαίνω","μαθαναω"
198,"ει","ει-ου","ου",1,6,"υτ-ου","υτ",6,0,0,1,"μαθητης σχολειου","μαθητης σχολυτου"
352,"λα","λα-κό","κό",1,3,"λα-νο","νο",3,0,0,1,"μαλακός","μαλανος"
164,"λλ","λλ-ιά","ιά",1,1,"λλ-αλ","αλ",1,0,0,1,"μαλλιά","μαλλαλ"
9,"ρα","ρα-θώ","θώ",1,4,"ρα-ίω","ίω",4,0,0,1,"μαραθώνας","μαραίωνας"
743,"ρκ","ρκ-α","α",1,12,"αψ-α","αψ",12,0,0,1,"μάρκα","μάαψα"
521,"υρ","υρ-ας","ας",1,3,"υρ-ιτ","ιτ",3,0,0,1,"μάρτυρας","μάρτυριτ"
110,"μά","μά-τι","τι",1,30,"ρε-τι","ρε",32,2,0,1,"μάτι","ρετι"
421,"μα","μα-φί","φί",1,2,"μα-σω","σω",2,0,0,1,"μαφία","μασωα"
645,"μά","μά-χη","χη",1,2,"τή-χη","τή",2,0,0,1,"μάχη","τήχη"
931,"ίο","ίο-last_blank","last_blank",1,106,"κη-last_blank","κη",106,0,0,1,"μεγαλείο","μεγαλεκη"
870,"γά","γά-λο","λο",1,10,"πι-λο","πι",10,0,0,1,"μεγάλο","μεπιλο"
543,"θο","θο-ς","ς",1,18,"χη-ς","χη",18,0,0,1,"μέγεθος","μέγεχης"
875,"μέ","μέ-θο","θο",1,6,"έρ-θο","έρ",6,0,0,1,"μέθοδος","έρθοδος"
151,"μέ","μέ-λι","λι",1,11,"θο-λι","θο",12,1,0,1,"μέλι","θολι"
575,"λι","λι-σσ","σσ",1,18,"λι-ού","ού",18,0,0,1,"μέλισσα","μέλιούα"
884,"με","με-λλ","λλ",1,14,"με-ιω","ιω",14,0,0,1,"μελλοντικός","μειωοντικός"
368,"μέ","μέ-λο","λο",1,5,"ψι-λο","ψι",5,0,0,1,"μέλος","ψιλος"
534,"με","με-σά","σά",1,7,"με-το","το",7,0,0,1,"μεσάνυχτα","μετονυχτα"
600,"μέ","μέ-σο","σο",1,4,"υό-σο","υό",4,0,0,1,"μέσο","υόσο"
122,"ξι","ξι-last_blank","last_blank",1,14,"υρ-last_blank","υρ",14,0,0,1,"μετάξι","μετάυρ"
983,"τρ","τρ-ητ","ητ",1,8,"ύμ-ητ","ύμ",8,0,0,1,"μετρητά","μεύμητά"
923,"τρ","τρ-ώ","ώ",1,1,"eδ-ώ","eδ",1,0,0,1,"μετρώ","μεeδώ"
420,"μή","μή-λο","λο",1,2,"μή-πω","πω",2,0,0,1,"μήλο","μήπω"
256,"μή","μή-να","να",1,2,"μή-vυ","vυ",2,0,0,1,"μήνας","μήvυς"
668,"μη","μη-τέ","τέ",1,7,"πο-τέ","πο",7,0,0,1,"μητέρα","ποτέρα"
91,"χα","χα-νι","νι",1,29,"χα-μη","μη",30,1,0,1,"μηχανικός","μηχαμηκός"
267,"μί","μί-γμ","γμ",1,1,"μί-συ","συ",1,0,0,1,"μίγμα","μίσυα"
517,"κρ","κρ-ός","ός",1,6,"οι-ός","οι",6,0,0,1,"μικρός","μιοιός"
553,"λα","λα- ρ"," ρ",1,1,"λα-φί","φί",1,0,0,1,"μιλα ρε","μιλαφίε"
275,"first_blank","first_blank-μί","μί",1,148,"first_blank-πη","πη",148,0,0,1,"μίλι","πηλι"
237,"μι","μι-σθ","σθ",1,19,"μι-λά","λά",19,0,0,1,"μισθοφόρος","μιλάοφόρος"
3,"σώ","σώ-last_blank","last_blank",1,4,"lu-last_blank","lu",4,0,0,1,"μισώ","μιlu"
2,"ημ","ημ-εί","εί",1,8,"σπ-εί","σπ",8,0,0,1,"μνημείο","μνσπείο"
467,"μό","μό-δα","δα",1,2,"μό-ου","ου",2,0,0,1,"μόδας","μόους"
673,"μο","μο-ίρ","ίρ",1,16,"μο-σί","σί",16,0,0,1,"μοίρα","μοσία"
751,"μό","μό-λι","λι",1,4,"ρέ-λι","ρέ",4,0,0,1,"μόλις","ρέλις"
22,"λυ","λυ-νσ","νσ",1,4,"κε-νσ","κε",4,0,0,1,"μόλυνση","μόκενση"
211,"μο","μο-νά","νά",1,19,"τα-νά","τα",19,0,0,1,"μονάδα","τανάδα"
651,"νό","νό-κλ","κλ",1,2,"νό-τσ","τσ",2,0,0,1,"μονόκλινο","μονότσινο"
559,"μό","μό-νο","νο",1,7,"μό-πλ","πλ",7,0,0,1,"μόνος","μόπλς"
762,"έλ","έλ-ο","ο",1,12,"κι-ο","κι",12,0,0,1,"μοντέλο","μοντκιο"
659,"έρ","έρ-νο","νο",1,11,"έρ-ετ","ετ",11,0,0,1,"μοντέρνο","μοντέρετ"
786,"ρφ","ρφ-ή","ή",1,3,"ηλ-ή","ηλ",3,0,0,1,"μορφή","μοηλή"
954,"αν","αν-άν","άν",1,7,"αν-αξ","αξ",7,0,0,1,"μπανάνα","μπαναξα"
710,"άσ","άσ-κε","κε",1,7,"ργ-κε","ργ",7,0,0,1,"μπάσκετ","μπργκετ"
437,"υζ","υζ-α","α",1,1,"σώ-α","σώ",1,0,0,1,"μπλουζα","μπλοσώα"
691,"ορ","ορ-εί","εί",1,23,"εκ-εί","εκ",24,1,0,1,"μπορεί","μπεκεί"
655,"ότ","ότ-α","α",1,8,"οχ-α","οχ",8,0,0,1,"μπότα","μποχα"
29,"βο","βο-last_blank","last_blank",1,22,"χω-last_blank","χω",22,0,0,1,"μπράβο","μπράχω"
392,"θο","θο-ς","ς",1,18,"λά-ς","λά",18,0,0,1,"μύθος","μύλάς"
578,"first_blank","first_blank-μυ","μυ",1,155,"first_blank-έλ","έλ",155,0,0,1,"μυστικό","έλστικό"
639,"μω","μω-ρό","ρό",1,3,"μω-λί","λί",3,0,0,1,"μωρό","μωλί"
809,"να","να- φ"," φ",1,1,"να-ιμ","ιμ",1,0,0,1,"να φερεις","ναιμερεις"
558,"να","να-ός","ός",1,1,"να-ψη","ψη",1,0,0,1,"ναός","ναψη"
813,"να","να-υτ","υτ",1,28,"να-ικ","ικ",28,0,0,1,"ναυτικός","ναικικός"
640,"ολ","ολ-αί","αί",1,6,"ολ-ια","ια",6,0,0,1,"νεολαία","νεολιαα"
577,"ύρ","ύρ-ο","ο",1,11,"πι-ο","πι",11,0,0,1,"νεύρο","νεπιο"
823,"φρ","φρ-ό","ό",1,1,"υι-ό","υι",1,0,0,1,"νεφρό","νευιό"
529,"νη","νη-φά","φά",1,4,"νη-σή","σή",4,0,0,1,"νηφάλιος","νησήλιος"
376,"κη","κη-last_blank","last_blank",1,106,"ίο-last_blank","ίο",106,0,0,1,"νίκη","νίίο"
201,"νο","νο-έμ","έμ",1,4,"νο-γα","γα",4,0,0,1,"νοέμβριος","νογαβριος"
842,"first_blank","first_blank-νό","νό",1,113,"first_blank-κί","κί",113,0,0,1,"νόμος","κίμος"
152,"νό","νό-μπ","μπ",1,7,"τά-μπ","τά",7,0,0,1,"νόμπελ","τάμπελ"
456,"κο","κο-με","με",1,22,"κο-ιλ","ιλ",22,0,0,1,"νοσοκομείο","νοσοκοιλίο"
253,"first_blank","first_blank-νό","νό",1,113,"first_blank-άλ","άλ",113,0,0,1,"νότιος","άλτιος"
147,"νό","νό-το","το",1,7,"νό-ρμ","ρμ",7,0,0,1,"νότος","νόρμς"
915,"αν","αν-τά","τά",1,49,"αν-οί","οί",52,3,0,1,"νταντά","ντανοί"
889,"ντ","ντ-ου","ου",1,83,"ίζ-ου","ίζ",83,0,0,1,"ντους","ίζους"
68,"first_blank","first_blank-νύ","νύ",1,15,"first_blank-cu","cu",15,0,0,1,"νύχτα","cuχτα"
458,"first_blank","first_blank-νω","νω",1,13,"first_blank-βδ","βδ",13,0,0,1,"νωτιαίος","βδτιαίος"
82,"φν","φν-ικ","ικ",1,7,"ίτ-ικ","ίτ",7,0,0,1,"ξαφνικά","ξαίτικά"
562,"δο","δο-χε","χε",1,11,"έρ-χε","έρ",11,0,0,1,"ξενοδοχειο","ξενοέρχειο"
393,"χν","χν-άμ","άμ",1,1,"χν-ές","ές",1,0,0,1,"ξεχνάμε","ξεχνέςε"
153,"ρό","ρό-ς","ς",1,49,"λη-ς","λη",49,0,0,1,"ξηρός","ξηλης"
419,"first_blank","first_blank-όγ","όγ",1,18,"first_blank-εα","εα",18,0,0,1,"όγκος","εακος"
146,"ηγ","ηγ-ώ","ώ",1,3,"απ-ώ","απ",3,0,0,1,"οδηγώ","οδαπώ"
609,"first_blank","first_blank-οθ","οθ",1,7,"first_blank-ze","ze",7,0,0,1,"οθόνη","zeόνη"
985,"first_blank","first_blank-οι","οι",1,138,"first_blank-λέ","λέ",138,0,0,1,"οικονομικά","λέκονομικά"
962,"first_blank","first_blank-όμ","όμ",1,51,"first_blank-αβ","αβ",51,0,0,1,"όμηρος","αβηρος"
445,"ομ","ομ-ιλ","ιλ",1,15,"ομ-οφ","οφ",15,0,0,1,"ομιλία","ομοφία"
617,"ογ","ογ-ώ","ώ",1,2,"ηχ-ώ","ηχ",2,0,0,1,"ομολογώ","ομοληχώ"
1000,"ορ","ορ-φη","φη",1,6,"ορ-τζ","τζ",6,0,0,1,"όμορφη","όμορτζ"
428,"first_blank","first_blank-ομ","ομ",1,176,"first_blank-έν","έν",176,0,0,1,"ομοσπονδιακός","ένοσπονδιακός"
882,"όν","όν-ομ","ομ",1,6,"ρχ-ομ","ρχ",6,0,0,1,"όνομα","ρχομα"
625,"λο","λο-στ","στ",1,9,"πέ-στ","πέ",9,0,0,1,"οπλοστάσιο","οππέστάσιο"
39,"γα","γα-σμ","σμ",1,8,"πε-σμ","πε",8,0,0,1,"οργασμός","ορπεσμός"
631,"κί","κί-ζο","ζο",1,6,"κί-ες","ες",6,0,0,1,"ορκίζομαι","ορκίεςμαι"
12,"μό","μό-νη","νη",1,4,"μό-λο","λο",4,0,0,1,"ορμόνη","ορμόλο"
501,"όρ","όρ-μο","μο",1,3,"μό-μο","μό",3,0,0,1,"όρμος","μόμος"
193,"νο","νο-τρ","τρ",1,6,"εξ-τρ","εξ",6,0,0,1,"ορφανοτροφείο","ορφαεξτροφείο"
364,"χή","χή-στ","στ",1,3,"οα-στ","οα",3,0,0,1,"ορχήστρα","οροαστρα"
475,"οσ","οσ-τό","τό",1,13,"οσ-μη","μη",13,0,0,1,"οστό","οσμη"
149,"ίσ","ίσ-κι","κι",1,3,"ίσ-σε","σε",3,0,0,1,"ουίσκι","ουίσσε"
634,"ρα","ρα-νό","νό",1,10,"ρα-φέ","φέ",10,0,0,1,"ουρανός","ουραφές"
111,"όχ","όχ-ημ","ημ",1,2,"ήγ-ημ","ήγ",2,0,0,1,"όχημα","ήγημα"
238,"γί","γί-δα","δα",1,7,"γί-στ","στ",7,0,0,1,"παγίδα","παγίστ"
641,"πα","πα-ίζ","ίζ",1,17,"πα-νά","νά",17,0,0,1,"παίζω","πανάω"
591,"λα","λα-ιό","ιό",1,9,"λα-τε","τε",9,0,0,1,"παλαιός","παλατες"
422,"λά","λά-τι","τι",1,11,"λά-νγ","νγ",11,0,0,1,"παλάτι","παλάνγ"
520,"νί","νί-last_blank","last_blank",1,15,"ιβ-last_blank","ιβ",15,0,0,1,"πανί","παιβ"
325,"νο","νο-ύκ","ύκ",1,4,"νο-δη","δη",4,0,0,1,"πανούκλα","πανοδηλα"
838,"πά","πά-ντ","ντ",1,17,"πά-κι","κι",17,0,0,1,"πάντα","πάκια"
172,"ππ","ππ-ού","ού",1,7,"εβ-ού","εβ",7,0,0,1,"παππούς","παεβούς"
811,"ρά","ρά-γο","γο",1,7,"χη-γο","χη",7,0,0,1,"παράγοντας","παχηγοντας"
224,"γό","γό-ς","ς",1,35,"νή-ς","νή",35,0,0,1,"παραγωγός","παραγωνής"
461,"ισ","ισ-ος","ος",1,2,"ώρ-ος","ώρ",2,0,0,1,"παράδεισος","παράδεώρος"
724,"θυ","θυ-ρο","ρο",1,7,"θυ-νσ","νσ",7,0,0,1,"παράθυρο","παράθυνσ"
73,"ίτ","ίτ-ησ","ησ",1,8,"ών-ησ","ών",8,0,0,1,"παραίτηση","παραώνηση"
21,"λί","λί-α","α",1,24,"υλ-α","υλ",24,0,0,1,"παραλία","παραυλα"
43,"ρά","ρά-λο","λο",1,8,"ρά-σω","σω",8,0,0,1,"παράλογος","παράσωγος"
894,"ϊκ","ϊκ-ός","ός",1,6,"αλ-ός","αλ",6,0,0,1,"παρανοϊκός","παρανοαλός"
597,"νο","νο-μο","μο",1,35,"αρ-μο","αρ",35,0,0,1,"παράνομος","παράαρμος"
854,"ρα","ρα-σκ","σκ",1,13,"ρα-βά","βά",13,0,0,1,"παρασκευή","παραβάευή"
287,"ρα","ρα-τή","τή",1,30,"ρα-δι","δι",30,0,0,1,"παρατήρηση","παραδιρηση"
345,"ού","ού-κλ","κλ",1,5,"ού-λω","λω",5,0,0,1,"παρατσούκλι","παρατσούλωι"
139,"ρα","ρα-φρ","φρ",1,3,"ρα-νς","νς",3,0,0,1,"παραφροσύνη","παρανςοσύνη"
220,"μο","μο-ιο","ιο",1,5,"γρ-ιο","γρ",5,0,0,1,"παρόμοιος","παρόγριος"
80,"υσ","υσ-ία","ία",1,24,"τε-ία","τε",23,1,0,1,"παρουσία","παροτεία"
601,"πα","πα-τά","τά",1,17,"πα-ίζ","ίζ",17,0,0,1,"πατάτα","παίζτα"
847,"τα","τα-τα","τα",1,18,"τα-μέ","μέ",18,0,0,1,"πατατακι","παταμέκι"
518,"πα","πα-τε","τε",1,15,"πα-γί","γί",15,0,0,1,"πατερούλης","παγίρούλης"
969,"πά","πά-τω","τω",1,3,"ύφ-τω","ύφ",3,0,0,1,"πάτωμα","ύφτωμα"
231,"πε","πε-ίν","ίν",1,10,"ρα-ίν","ρα",10,0,0,1,"πείνα","ραίνα"
233,"πε","πε-ίρ","ίρ",1,15,"πε-τσ","τσ",15,0,0,1,"πείραμα","πετσαμα"
585,"ατ","ατ-ής","ής",1,4,"ομ-ής","ομ",4,0,0,1,"πειρατής","πειρομής"
266,"τά","τά-ρη","ρη",1,3,"ιέ-ρη","ιέ",3,0,0,1,"πεισματάρης","πεισμαιέρης"
103,"ρι","ρι-βά","βά",1,17,"ρι-ας","ας",18,1,0,1,"περιβάλλον","περιαςλλον"
312,"άφ","άφ-ω","ω",1,4,"τα-ω","τα",4,0,0,1,"περιγράφω","περιγρταω"
675,"έχ","έχ-ω","ω",1,7,"χν-ω","χν",7,0,0,1,"περιέχω","περιχνω"
34,"ρί","ρί-με","με",1,13,"ρί-νι","νι",13,0,0,1,"περίμενε","περίνινε"
835,"ρι","ρι-οδ","οδ",1,14,"ρι-ζό","ζό",14,0,0,1,"περιοδεία","περιζόεία"
365,"ρι","ρι-οχ","οχ",1,7,"ρι-ξε","ξε",7,0,0,1,"περιοχή","περιξεή"
106,"στ","στ-ατ","ατ",1,41,"ρμ-ατ","ρμ",41,0,0,1,"περιστατικό","περιρματικό"
887,"ρε","ρε-ια","ια",1,21,"ρε-ύο","ύο",21,0,0,1,"περιφερειακό","περιφερεύοκό"
728,"τα","τα-λο","λο",1,10,"τα-τά","τά",10,0,0,1,"πεταλούδα","πετατάύδα"
702,"πη","πη-γή","γή",1,2,"πη-κτ","κτ",2,0,0,1,"πηγή","πηκτ"
446,"πι","πι-άν","άν",1,19,"φρ-άν","φρ",19,0,0,1,"πιάνο","φράνο"
690,"νό","νό-τη","τη",1,23,"έσ-τη","έσ",23,0,0,1,"πιθανότητα","πιθαέστητα"
180,"θη","θη-κο","κο",1,9,"θη-γη","γη",9,0,0,1,"πίθηκος","πίθηγης"
427,"κν","κν-ίκ","ίκ",1,1,"ρδ-ίκ","ρδ",1,0,0,1,"πικνίκ","πιρδίκ"
489,"πι","πι-νγ","νγ",1,4,"πι-θή","θή",4,0,0,1,"πινγκ","πιθήκ"
57,"μη","μη-λα","λα",1,2,"κυ-λα","κυ",2,0,0,1,"πιο χαμηλα","πιο χακυλα"
624,"στ","στ-όλ","όλ",1,8,"στ-αύ","αύ",8,0,0,1,"πιστόλι","πισταύι"
696,"στ","στ-ός","ός",1,12,"στ-ήθ","ήθ",12,0,0,1,"πιστός","πιστήθ"
354,"στ","στ-ότ","ότ",1,1,"στ-εω","εω",1,0,0,1,"πιστότητα","πιστεωητα"
196,"στ","στ-ωσ","ωσ",1,3,"στ-ήλ","ήλ",3,0,0,1,"πίστωση","πίστήλη"
338,"first_blank","first_blank-πί","πί",1,139,"first_blank-οπ","οπ",139,0,0,1,"πίσω","οπσω"
901,"ήτ","ήτ-ης","ης",1,9,"ύν-ης","ύν",9,0,0,1,"πλανήτης","πλανύνης"
807,"ατ","ατ-φό","φό",1,3,"ατ-άμ","άμ",3,0,0,1,"πλατφόρμα","πλατάμρμα"
137,"ηγ","ηγ-ή","ή",1,2,"χν-ή","χν",2,0,0,1,"πληγή","πλχνή"
459,"ήθ","ήθ-ος","ος",1,3,"υκ-ος","υκ",3,0,0,1,"πλήθος","πλυκος"
45,"ηθ","ηθ-υσ","υσ",1,7,"να-υσ","να",7,0,0,1,"πληθυσμός","πλναυσμός"
705,"ήρ","ήρ-ωμ","ωμ",1,2,"σπ-ωμ","σπ",2,0,0,1,"πλήρωμα","πλσπωμα"
331,"πλ","πλ-οή","οή",1,2,"πλ-ήκ","ήκ",2,0,0,1,"πλοήγηση","πλήκγηση"
97,"first_blank","first_blank-πν","πν",1,81,"first_blank-έφ","έφ",81,0,0,1,"πνευματώδης","έφευματώδης"
362,"ίγ","ίγ-ω","ω",1,1,"εφ-ω","εφ",1,0,0,1,"πνίγω","πνεφω"
819,"ιη","ιη-τή","τή",1,3,"ιη-θώ","θώ",3,0,0,1,"ποιητής","ποιηθώς"
961,"πο","πο-ιν","ιν",1,17,"κλ-ιν","κλ",17,0,0,1,"ποινή","κλινή"
526,"λε","λε-μο","μο",1,26,"λε-ια","ια",26,0,0,1,"πόλεμος","πόλειας"
719,"πο","πο-λι","λι",1,81,"πο-υλ","υλ",81,0,0,1,"πολιτική","πουλτική"
720,"πο","πο-λι","λι",1,81,"πο-υλ","υλ",81,0,0,1,"πολιτισμός","πουλτισμός"
806,"λύ","λύ-τι","τι",1,11,"επ-τι","επ",11,0,0,1,"πολύτιμος","ποεπτιμος"
87,"ίκ","ίκ-ι","ι",1,14,"ύν-ι","ύν",14,0,0,1,"ποντίκι","ποντύνι"
861,"ρν","ρν-ογ","ογ",1,4,"αι-ογ","αι",4,0,0,1,"πορνογραφία","ποαιογραφία"
712,"σό","σό-τη","τη",1,3,"νη-τη","νη",3,0,0,1,"ποσότητα","πονητητα"
502,"τά","τά-μι","μι",1,4,"τά-ιρ","ιρ",4,0,0,1,"ποτάμι","ποτάιρ"
650,"πο","πο-τέ","τέ",1,7,"νη-τέ","νη",7,0,0,1,"ποτέ","νητέ"
572,"πο","πο-τή","τή",1,2,"πο-λώ","λώ",2,0,0,1,"ποτήρι","πολώρι"
574,"πο","πο-τό","τό",1,2,"ιπ-τό","ιπ",2,0,0,1,"ποτό","ιπτό"
775,"υκ","υκ-άμ","άμ",1,4,"υκ-ύτ","ύτ",4,0,0,1,"πουκάμισο","πουκύτισο"
731,"πρ","πρ-άγ","άγ",1,9,"αγ-άγ","αγ",9,0,0,1,"πράγματι","αγάγματι"
933,"πρ","πρ-αγ","αγ",1,52,"πρ-οχ","οχ",50,2,0,1,"πραγματικότητα","προχματικότητα"
94,"πρ","πρ-ακ","ακ",1,19,"πρ-οω","οω",19,0,0,1,"πρακτική","προωτική"
725,"άσ","άσ-ιν","ιν",1,17,"με-ιν","με",17,0,0,1,"πράσινος","πρμεινος"
928,"βε","βε-ία","ία",1,3,"ιν-ία","ιν",3,0,0,1,"πρεσβεία","πρεσινία"
929,"βε","βε-υτ","υτ",1,4,"βε-ρί","ρί",4,0,0,1,"πρεσβευτής","πρεσβερίής"
735,"κί","κί-πι","πι",1,5,"κί-ντ","ντ",5,0,0,1,"πριγκίπισσα","πριγκίντσσα"
286,"οβ","οβ-ολ","ολ",1,16,"σι-ολ","σι",16,0,0,1,"προβολή","πρσιολή"
544,"ιδ","ιδ-οπ","οπ",1,32,"υπ-οπ","υπ",32,0,0,1,"προειδοποίηση","προευποποίηση"
878,"όμ","όμ-ιο","ιο",1,5,"ολ-ιο","ολ",5,0,0,1,"προνόμιο","προνολιο"
35,"όο","όο-δο","δο",1,2,"όο-υμ","υμ",2,0,0,1,"πρόοδος","πρόουμς"
643,"ον","ον-ητ","ητ",1,7,"ον-ολ","ολ",7,0,0,1,"προπονητής","προπονολής"
747,"οσ","οσ-βο","βο",1,4,"οσ-άρ","άρ",4,0,0,1,"προσβολή","προσάρλή"
763,"οσ","οσ-γε","γε",1,30,"οσ-τη","τη",30,0,0,1,"προσγείωση","προστηίωση"
749,"οσ","οσ-οχ","οχ",1,3,"οσ-ηλ","ηλ",3,0,0,1,"προσοχή","προσηλή"
74,"θή","θή-στ","στ",1,3,"βέ-στ","βέ",3,0,0,1,"προσπαθήστε","προσπαβέστε"
912,"τε","τε-ύω","ύω",1,4,"τε-μά","μά",4,0,0,1,"προστατεύω","προστατεμά"
228,"φο","φο-ρά","ρά",1,19,"φο-ντ","ντ",19,0,0,1,"προσφορά","προσφοντ"
959,"γα","γα-ς","ς",1,7,"μπ-ς","μπ",7,0,0,1,"πρόσφυγας","πρόσφυμπς"
611,"ός","ός-last_blank","last_blank",1,561,"εί-last_blank","εί",560,1,0,1,"προσωπικός","προσωπικεί"
104,"ωπ","ωπ-ο","ο",1,13,"υν-ο","υν",13,0,0,1,"πρόσωπο","πρόσυνο"
754,"οτ","οτ-εί","εί",1,18,"οτ-ών","ών",18,0,0,1,"προτείνω","προτώννω"
984,"πο","πο-λο","λο",1,14,"απ-λο","απ",14,0,0,1,"προϋπολογισμός","προϋαπλογισμός"
674,"οφ","οφ-ίλ","ίλ",1,4,"οφ-ές","ές",4,0,0,1,"προφίλ","προφές"
535,"ρο","ρο- φ"," φ",1,1,"ρο-χό","χό",1,0,0,1,"πρόχειρο φαγητό","πρόχειροχόαγητό"
583,"ωρ","ωρ-ώ","ώ",1,7,"υθ-ώ","υθ",7,0,0,1,"προχωρώ","προχυθώ"
403,"ύτ","ύτ-αν","αν",1,5,"άι-αν","άι",5,0,0,1,"πρύτανης","πράιανης"
866,"ώτ","ώτ-α","α",1,3,"ίπ-α","ίπ",3,0,0,1,"πρώτα","πρίπα"
527,"ωτ","ωτ-αθ","αθ",1,10,"ωτ-ος","ος",10,0,0,1,"πρωταθλητής","πρωτοςλητής"
136,"ωτ","ωτ-εΐ","εΐ",1,3,"ωτ-έα","έα",3,0,0,1,"πρωτεΐνη","πρωτέανη"
50,"ωτ","ωτ-ότ","ότ",1,9,"οχ-ότ","οχ",9,0,0,1,"πρωτότυπο","προχότυπο"
181,"ώσ","ώσ-η","η",1,5,"ηλ-η","ηλ",5,0,0,1,"πτώση","πτηλη"
766,"πύ","πύ-λη","λη",1,2,"λη-λη","λη",2,0,0,1,"πύλη","ληλη"
974,"ξί","ξί-δα","δα",1,2,"ξί-ωσ","ωσ",2,0,0,1,"πυξίδα","πυξίωσ"
239,"πυ","πυ-ρα","ρα",1,16,"ιε-ρα","ιε",16,0,0,1,"πυραμίδα","ιεραμίδα"
482,"first_blank","first_blank-πύ","πύ",1,25,"first_blank-ζυ","ζυ",25,0,0,1,"πύργος","ζυργος"
249,"ρί","ρί-τι","τι",1,4,"ρί-γε","γε",4,0,0,1,"πυρίτιδα","πυρίγεδα"
542,"ρο","ρο-κρ","κρ",1,4,"ρο-γό","γό",4,0,0,1,"πυροκροτητής","πυρογόοτητής"
6,"first_blank","first_blank-πω","πω",1,36,"first_blank-kα","kα",36,0,0,1,"πωλητής","kαλητής"
851,"ρα","ρα-βδ","βδ",1,6,"ρα-δω","δω",6,0,0,1,"ραβδί","ραδωί"
876,"ρα","ρα-δι","δι",1,30,"ρα-τή","τή",30,0,0,1,"ραδιόφωνο","ρατήόφωνο"
242,"ρα","ρα-ντ","ντ",1,42,"ρα-τι","τι",42,0,0,1,"ραντάρ","ρατιάρ"
466,"τσ","τσ-ισ","ισ",1,13,"ρτ-ισ","ρτ",13,0,0,1,"ρατσιστής","ραρτιστής"
258,"ρε","ρε-κό","κό",1,1,"υα-κό","υα",1,0,0,1,"ρεκόρ","υακόρ"
464,"ρε","ρε-σε","σε",1,16,"ρε-ύτ","ύτ",16,0,0,1,"ρεσεψιόν","ρεύτψιόν"
370,"ύμ","ύμ-α","α",1,6,"ωτ-α","ωτ",6,0,0,1,"ρεύμα","ρεωτα"
546,"ότ","ότ-last_blank","last_blank",1,11,"ευ-last_blank","ευ",11,0,0,1,"ρομπότ","ρομπευ"
411,"ντ","ντ-έο","έο",1,1,"ντ-ωθ","ωθ",1,0,0,1,"ροντέο","ροντωθ"
141,"ρο","ρο-υκ","υκ",1,12,"ρο-πί","πί",12,0,0,1,"ρουκέτα","ροπίέτα"
468,"ύμ","ύμ-ι","ι",1,5,"με-ι","με",5,0,0,1,"ρούμι","ρομει"
176,"υφ","υφ-ώ","ώ",1,1,"ρσ-ώ","ρσ",1,0,0,1,"ρουφώ","ρορσώ"
817,"θμ","θμ-ός","ός",1,3,"θμ-ικ","ικ",3,0,0,1,"ρυθμός","ρυθμικ"
902,"ρω","ρω-γμ","γμ",1,2,"ρω-σσ","σσ",2,0,0,1,"ρωγμή","ρωσσή"
293,"μα","μα-ϊκ","ϊκ",1,8,"μα-φι","φι",8,0,0,1,"ρωμαϊκός","ρωμαφιός"
398,"μα","μα-ίο","ίο",1,7,"μα-δέ","δέ",7,0,0,1,"ρωμαίος","ρωμαδές"
487,"σά","σά-ββ","ββ",1,3,"σά-νγ","νγ",3,0,0,1,"σάββατο","σάνγατο"
978,"σα","σα-λι","λι",1,9,"σα-πο","πο",9,0,0,1,"σαλιγκάρι","σαπογκάρι"
970,"ου","ου-ιτ","ιτ",1,3,"φλ-ιτ","φλ",3,0,0,1,"σάντουιτς","σάντφλιτς"
755,"σα","σα-φώ","φώ",1,1,"σα-ιγ","ιγ",1,0,0,1,"σαφώς","σαιγς"
115,"βα","βα-σμ","σμ",1,14,"λε-σμ","λε",14,0,0,1,"σεβασμός","σελεσμός"
320,"ιρ","ιρ-ά","ά",1,4,"υκ-ά","υκ",4,0,0,1,"σειρά","σευκά"
284,"σε","σε-ισ","ισ",1,12,"άν-ισ","άν",12,0,0,1,"σεισμός","άνισμός"
372,"σε","σε-λη","λη",1,4,"σε-κι","κι",4,0,0,1,"σεληνιακός","σεκινιακός"
214,"σε","σε-μι","μι",1,3,"σε-ρε","ρε",3,0,0,1,"σεμινάριο","σερενάριο"
963,"υα","υα-λι","λι",1,16,"σί-λι","σί",16,0,0,1,"σεξουαλικός","σεξοσίλικός"
613,"βρ","βρ-ιο","ιο",1,11,"ήσ-ιο","ήσ",11,0,0,1,"σεπτέμβριος","σεπτέμήσιος"
783,"ιτ","ιτ-όρ","όρ",1,9,"ιτ-ρε","ρε",9,0,0,1,"σερβιτόρος","σερβιτρεος"
204,"ρί","ρί-φη","φη",1,8,"ρί-πλ","πλ",8,0,0,1,"σερίφης","σερίπλς"
1,"σέ","σέ-ρκ","ρκ",1,1,"σέ-λο","λο",1,0,0,1,"σέρκλου","σέλολου"
812,"first_blank","first_blank-σή","σή",1,35,"first_blank-fi","fi",35,0,0,1,"σήμα","fiμα"
827,"μα","μα-ία","ία",1,4,"δε-ία","δε",4,0,0,1,"σημαία","σηδεία"
919,"με","με-ίο","ίο",1,12,"με-τώ","τώ",12,0,0,1,"σημείο","σημετώ"
361,"σή","σή-με","με",1,3,"δα-με","δα",3,0,0,1,"σήμερα","δαμερα"
538,"σί","σί-δε","δε",1,3,"σί-λη","λη",3,0,0,1,"σίδερο","σίληρο"
24,"σι","σι-τη","τη",1,7,"σι-ζό","ζό",7,0,0,1,"σιτηρά","σιζόρά"
789,"ηλ","ηλ-ός","ός",1,2,"ηλ-θε","θε",2,0,0,1,"σιωπηλός","σιωπηλθε"
378,"σκ","σκ-άβ","άβ",1,10,"σκ-έψ","έψ",10,0,0,1,"σκάβω","σκέψω"
596,"εφ","εφ-τε","τε",1,16,"δε-τε","δε",16,0,0,1,"σκεφτείτε","σκδετείτε"
799,"σκ","σκ-ιά","ιά",1,5,"σκ-ρα","ρα",5,0,0,1,"σκιά","σκρα"
771,"σκ","σκ-ίο","ίο",1,8,"σκ-ει","ει",8,0,0,1,"σκίουρος","σκειυρος"
793,"ρό","ρό-ς","ς",1,49,"γε-ς","γε",49,0,0,1,"σκληρός","σκληγες"
798,"οπ","οπ-ευ","ευ",1,11,"οπ-ικ","ικ",11,0,0,1,"σκοπευτής","σκοπικτής"
742,"οπ","οπ-ός","ός",1,2,"οπ-λέ","λέ",2,0,0,1,"σκοπός","σκοπλέ"
478,"όρ","όρ-δο","δο",1,2,"όρ-αμ","αμ",2,0,0,1,"σκόρδο","σκόραμ"
964,"οτ","οτ-άδ","άδ",1,2,"οτ-ακ","ακ",2,0,0,1,"σκοτάδι","σκοτακι"
940,"λή","λή-κι","κι",1,2,"λή-ξη","ξη",2,0,0,1,"σκουλήκι","σκουλήξη"
801,"πί","πί-δι","δι",1,6,"πί-ζα","ζα",6,0,0,1,"σκουπίδια","σκουπίζαα"
797,"ρι","ρι-ασ","ασ",1,35,"ρι-πο","πο",34,1,0,1,"σκουριασμένος","σκουριπομένος"
160,"ύλ","ύλ-ος","ος",1,8,"σμ-ος","σμ",8,0,0,1,"σκύλος","σκσμος"
105,"σκ","σκ-υρ","υρ",1,2,"σκ-άγ","άγ",2,0,0,1,"σκυρόδεμα","σκάγόδεμα"
776,"ύπ","ύπ-α","α",1,7,"ίβ-α","ίβ",7,0,0,1,"σούπα","σοίβα"
525,"αθ","αθ-ί","ί",1,1,"οτ-ί","οτ",1,0,0,1,"σπαθί","σποτί"
213,"άσ","άσ-ιμ","ιμ",1,15,"ωρ-ιμ","ωρ",15,0,0,1,"σπάσιμο","σπωριμο"
216,"σπ","σπ-ίτ","ίτ",1,2,"δρ-ίτ","δρ",2,0,0,1,"σπίτι","δρίτι"
891,"ρώ","ρώ-ξτ","ξτ",1,1,"ρώ-δε","δε",1,0,0,1,"σπρώξτε","σπρώδεε"
569,"στ","στ-άδ","άδ",1,4,"ιν-άδ","ιν",4,0,0,1,"στάδιο","ινάδιο"
250,"αθ","αθ-ερ","ερ",1,29,"γκ-ερ","γκ",29,0,0,1,"σταθερά","στγκερά"
405,"άσ","άσ-η","η",1,11,"όν-η","όν",11,0,0,1,"στάση","στόνη"
391,"έμ","έμ-μα","μα",1,10,"αρ-μα","αρ",10,0,0,1,"στέμμα","σταρμα"
700,"εν","εν-ός","ός",1,7,"εν-υδ","υδ",7,0,0,1,"στενός","στενυδ"
580,"όμ","όμ-α","α",1,8,"ύκ-α","ύκ",8,0,0,1,"στόμα","στύκα"
810,"άχ","άχ-ι","ι",1,2,"τέ-ι","τέ",2,0,0,1,"στομάχι","στομτέι"
715,"τι","τι-ώτ","ώτ",1,3,"τι-δι","δι",3,0,0,1,"στρατιώτης","στρατιδιης"
423,"στ","στ-ρε","ρε",1,48,"φέ-ρε","φέ",46,2,0,1,"στρες","φέρες"
682,"ρο","ρο-γγ","γγ",1,6,"ρο-υτ","υτ",6,0,0,1,"στρογγυλό","στρουτυλό"
194,"φή","φή-last_blank","last_blank",1,39,"ώς-last_blank","ώς",39,0,0,1,"στροφή","στροώς"
342,"ρώ","ρώ-μα","μα",1,9,"λε-μα","λε",9,0,0,1,"στρώμα","στλεμα"
605,"γγ","γγ-εν","εν",1,8,"ίμ-εν","ίμ",8,0,0,1,"συγγενής","συίμενής"
369,"γγ","γγ-ρα","ρα",1,10,"κέ-ρα","κέ",10,0,0,1,"συγγραφέας","συκέραφέας"
820,"τρ","τρ-ών","ών",1,23,"τρ-όπ","όπ",23,0,0,1,"συγκεντρώνω","συγκεντρόπω"
215,"γκ","γκ-ρο","ρο",1,33,"ει-ρο","ει",33,0,0,1,"σύγκρουση","σύειρουση"
968,"γχ","γχ-αι","αι",1,1,"ωμ-αι","ωμ",1,0,0,1,"συγχαιρώ","συωμαιρώ"
290,"ώρ","ώρ-εσ","εσ",1,7,"ντ-εσ","ντ",7,0,0,1,"συγχώρεση","συγχντεση"
225,"ωρ","ωρ-ώ","ώ",1,7,"υθ-ώ","υθ",7,0,0,1,"συγχωρώ","συγχυθώ"
192,"ζυ","ζυ-γο","γο",1,10,"λί-γο","λί",10,0,0,1,"σύζυγος","σύλίγος"
513,"έγ","έγ-ω","ω",1,4,"άφ-ω","άφ",4,0,0,1,"συλλέγω","συλλάφω"
830,"μβ","μβ-ασ","ασ",1,6,"χι-ασ","χι",6,0,0,1,"σύμβαση","σύχιαση"
828,"ου","ου-λή","λή",1,8,"ου-γε","γε",8,0,0,1,"συμβουλή","συμβουγε"
826,"μβ","μβ-ού","ού",1,16,"χθ-ού","χθ",16,0,0,1,"συμβούν","συχθούν"
615,"ορ","ορ-ία","ία",1,26,"ορ-ού","ού",26,0,0,1,"συμμορία","συμμορού"
156,"σύ","σύ-μπ","μπ",1,11,"σύ-γκ","γκ",11,0,0,1,"σύμπαν","σύγκαν"
920,"έρ","έρ-ασ","ασ",1,5,"έρ-ρε","ρε",5,0,0,1,"συμπέρασμα","συμπέρρεμα"
159,"σύ","σύ-μπ","μπ",1,11,"αλ-μπ","αλ",11,0,0,1,"σύμπλεξη","αλμπλεξη"
166,"ον","ον-ετ","ετ",1,9,"τσ-ετ","τσ",9,0,0,1,"συμπονετικός","συμπτσετικός"
837,"σύ","σύ-μπ","μπ",1,11,"σύ-γκ","γκ",11,0,0,1,"σύμπτωμα","σύγκτωμα"
530,"συ","συ-ν","ν",1,1,"ίη-ν","ίη",1,0,0,1,"συν","ίην"
900,"ρμ","ρμ-ός","ός",1,4,"ρμ-αί","αί",4,0,0,1,"συναγερμός","συναγερμαί"
944,"λφ","λφ-ος","ος",1,4,"λφ-ίν","ίν",4,0,0,1,"συνάδελφος","συνάδελφίν"
298,"να","να-ρπ","ρπ",1,11,"να-συ","συ",11,0,0,1,"συναρπαστικός","συνασυαστικός"
614,"εσ","εσ-μο","μο",1,8,"νι-μο","νι",8,0,0,1,"σύνδεσμος","σύνδνιμος"
548,"υα","υα-σμ","σμ",1,8,"πε-σμ","πε",8,0,0,1,"συνδυασμός","συνδπεσμός"
425,"οι","οι-ώ","ώ",1,5,"νο-ώ","νο",5,0,0,1,"συνειδητοποιώ","συνειδητοπνοώ"
839,"θη","θη-ς","ς",1,7,"υν-ς","υν",7,0,0,1,"συνήθης","συνήυνς"
616,"εφ","εφ-ο","ο",1,2,"τέ-ο","τέ",2,0,0,1,"σύννεφο","σύνντέο"
841,"νο","νο-δε","δε",1,23,"ου-δε","ου",23,0,0,1,"συνοδεία","συουδεία"
701,"σύ","σύ-νο","νο",1,9,"θά-νο","θά",9,0,0,1,"σύνολο","θάνολο"
822,"μι","μι-λί","λί",1,5,"πα-λί","πα",5,0,0,1,"συνομιλία","συνοπαλία"
860,"ντ","ντ-αγ","αγ",1,33,"ντ-ρα","ρα",33,0,0,1,"σύνταγμα","σύντραμα"
554,"σύ","σύ-ντ","ντ",1,21,"υί-ντ","υί",21,0,0,1,"σύνταξη","υίνταξη"
941,"ντ","ντ-ηρ","ηρ",1,23,"ντ-αλ","αλ",23,0,0,1,"συντηρητικός","συνταλητικός"
65,"μο","μο-σί","σί",1,16,"μο-ίρ","ίρ",16,0,0,1,"συνωμοσία","συνωμοίρα"
785,"συ","συ-χν","χν",1,17,"ψά-χν","ψά",17,0,0,1,"συχνότητα","ψάχνότητα"
918,"ρα","ρα-γί","γί",1,30,"ρα-τή","τή",30,0,0,1,"σφραγίδα","σφρατήδα"
689,"μό","μό-ς","ς",1,100,"ιο-ς","ιο",100,0,0,1,"σφυγμός","σφυγιος"
814,"έδ","έδ-ιο","ιο",1,6,"έδ-ες","ες",6,0,0,1,"σχέδιο","σχέδες"
942,"σχ","σχ-έσ","έσ",1,12,"ορ-έσ","ορ",12,0,0,1,"σχέση","ορέση"
886,"σχ","σχ-ίσ","ίσ",1,5,"ρτ-ίσ","ρτ",5,0,0,1,"σχίσιμο","ρτίσιμο"
203,"όλ","όλ-ιο","ιο",1,1,"νν-ιο","νν",1,0,0,1,"σχόλιο","σχννιο"
764,"σώ","σώ-μα","μα",1,7,"τε-μα","τε",7,0,0,1,"σώμα","τεμα"
84,"σω","σω-στ","στ",1,18,"λί-στ","λί",18,0,0,1,"σωστά","λίστά"
872,"τα","τα- μ"," μ",1,1,"τα-τλ","τλ",1,0,0,1,"τα μισα","τατλισα"
903,"τα","τα-ίζ","ίζ",1,5,"αδ-ίζ","αδ",5,0,0,1,"ταίζω","αδίζω"
723,"ωρ","ωρ-ία","ία",1,8,"ντ-ία","ντ",8,0,0,1,"ταλαιπωρία","ταλαιπντία"
856,"τά","τά-ξη","ξη",1,3,"τά-ζο","ζο",3,0,0,1,"τάξη","τάζο"
503,"ξί","ξί-last_blank","last_blank",1,2,"ωλ-last_blank","ωλ",2,0,0,1,"ταξί","ταωλ"
541,"ιν","ιν-ός","ός",1,21,"ιν-ητ","ητ",21,0,0,1,"ταπεινός","ταπεινητ"
633,"υά","υά-ζ","ζ",1,2,"κα-ζ","κα",2,0,0,1,"τατουάζ","τατοκαζ"
590,"τά","τά-φο","φο",1,5,"ρό-φο","ρό",5,0,0,1,"τάφος","ρόφος"
935,"τα","τα-χυ","χυ",1,29,"τα-φε","φε",28,1,0,1,"ταχυδρομείο","ταφεδρομείο"
953,"ίχ","ίχ-ος","ος",1,3,"γι-ος","γι",3,0,0,1,"τείχος","τεγιος"
865,"υρ","υρ-γί","γί",1,8,"υρ-τσ","τσ",8,0,0,1,"τελετουργία","τελετουρτσα"
867,"τε","τε-λι","λι",1,22,"φά-λι","φά",22,0,0,1,"τελικά","φάλικά"
868,"τε","τε-λι","λι",1,22,"τε-ίν","ίν",22,0,0,1,"τελικός","τείνκός"
945,"τέ","τέ-λο","λο",1,4,"σό-λο","σό",4,0,0,1,"τέλος","σόλος"
698,"first_blank","first_blank-τέ","τέ",1,140,"first_blank-λί","λί",140,0,0,1,"τέρας","λίρας"
883,"ρμ","ρμ-ατ","ατ",1,41,"στ-ατ","στ",41,0,0,1,"τερματικό","τεστατικό"
96,"χν","χν-ασ","ασ",1,3,"ήμ-ασ","ήμ",3,0,0,1,"τέχνασμα","τέήμασμα"
132,"χν","χν-η","η",1,4,"αβ-η","αβ",4,0,0,1,"τέχνη","τέαβη"
547,"χν","χν-ικ","ικ",1,15,"αλ-ικ","αλ",15,0,0,1,"τεχνικός","τεαλικός"
336,"ογ","ογ-ία","ία",1,35,"ογ-οη","οη",34,1,0,1,"τεχνολογία","τεχνολογοη"
532,"ργ","ργ-ημ","ημ",1,8,"σθ-ημ","σθ",8,0,0,1,"τεχνούργημα","τεχνούσθημα"
564,"αζ","αζ-last_blank","last_blank",1,13,"od-last_blank","od",13,0,0,1,"τζαζ","τζod"
951,"ίπ","ίπ-last_blank","last_blank",1,4,"bi-last_blank","bi",4,0,0,1,"τζίπ","τζbi"
637,"first_blank","first_blank-τή","τή",1,17,"first_blank-ιβ","ιβ",17,0,0,1,"τήκω","ιβκω"
183,"άφ","άφ-ημ","ημ",1,6,"άφ-ορ","ορ",6,0,0,1,"τηλεγράφημα","τηλεγράφορα"
551,"λε","λε-σκ","σκ",1,4,"μί-σκ","μί",4,0,0,1,"τηλεσκόπιο","τημίσκόπιο"
632,"first_blank","first_blank-τι","τι",1,190,"first_blank-γλ","γλ",196,6,0,1,"τι","γλ"
436,"τί","τί-πο","πο",1,5,"τί-ου","ου",5,0,0,1,"τίποτα","τίουτα"
449," κ"," κ-όκ","όκ",1,1,"σε-όκ","σε",1,0,0,1,"το κόκκινο","τοσεόκκινο"
221,"το","το- σ"," σ",1,1,"το-τό","τό",1,0,0,1,"το σκάω","τοτόκάω"
95,"τό","τό-νο","νο",1,13,"λί-νο","λί",13,0,0,1,"τόνος","λίνος"
570,"το","το-στ","στ",1,9,"το-λι","λι",9,0,0,1,"τοστ","τολι"
592,"υα","υα-λέ","λέ",1,4,"υα-ρχ","ρχ",4,0,0,1,"τουαλέτα","τουαρχτα"
8,"υά","υά-last_blank","last_blank",1,16,"πό-last_blank","πό",16,0,0,1,"τουρνουά","τουρνοπό"
623,"έκ","έκ-ι","ι",1,4,"λό-ι","λό",4,0,0,1,"τουφέκι","τουφλόι"
565,"αγ","αγ-ου","ου",1,46,"εξ-ου","εξ",46,0,0,1,"τραγουδιστής","τρεξουδιστής"
418,"έζ","έζ-ι","ι",1,2,"όσ-ι","όσ",2,0,0,1,"τραπέζι","τραπόσι"
986,"εσ","εσ- ε"," ε",1,1,"εσ-έv","έv",1,0,0,1,"τραπεζικεσ εργασιεσ","τραπεζικεσέvργασιεσ"
321,"εζ","εζ-ίτ","ίτ",1,3,"σσ-ίτ","σσ",3,0,0,1,"τραπεζίτης","τραπσσίτης"
498,"τρ","τρ-έν","έν",1,9,"τρ-ία","ία",9,0,0,1,"τρένο","τρίαο"
683,"έξ","έξ-ιμ","ιμ",1,2,"αψ-ιμ","αψ",2,0,0,1,"τρέξιμο","τραψιμο"
873,"ίτ","ίτ-ος","ος",1,3,"ίτ-ια","ια",3,0,0,1,"τρίτος","τρίτια"
37,"ομ","ομ-ακ","ακ",1,39,"ομ-ον","ον",40,1,0,1,"τρομακτικός","τρομοντικός"
957,"ερ","ερ-ός","ός",1,12,"ερ-ώσ","ώσ",12,0,0,1,"τρομερός","τρομερώσ"
537,"αι","αι-ο","ο",1,18,"ολ-ο","ολ",18,0,0,1,"τρόπαιο","τρόπολο"
123,"πι","πι-το","το",1,4,"πι-νά","νά",4,0,0,1,"τροχόσπιτο","τροχόσπινά"
726,"έπ","έπ-η","η",1,3,"αμ-η","αμ",3,0,0,1,"τσέπη","τσαμη"
699,"τσ","τσ-ιμ","ιμ",1,33,"τσ-αρ","αρ",33,0,0,1,"τσιμέντο","τσαρέντο"
450,"τυ","τυ-πι","πι",1,10,"ορ-πι","ορ",10,0,0,1,"τυπικός","ορπικός"
474,"φλ","φλ-ός","ός",1,2,"φλ-ωτ","ωτ",2,0,0,1,"τυφλός","τυφλωτ"
40,"φώ","φώ-να","να",1,13,"ού-να","ού",13,0,0,1,"τυφώνας","τυούνας"
713,"αι","αι-χν","χν",1,1,"αι-γό","γό",1,0,0,1,"τυχερα παιχνιδια","τυχερα παιγόιδια"
606,"first_blank","first_blank-τώ","τώ",1,8,"first_blank-θί","θί",8,0,0,1,"τώρα","θίρα"
281,"υγ","υγ-εί","εί",1,3,"εχ-εί","εχ",3,0,0,1,"υγεία","εχεία"
409,"first_blank","first_blank-υγ","υγ",1,44,"first_blank-άφ","άφ",44,0,0,1,"υγιής","άφιής"
909,"first_blank","first_blank-υγ","υγ",1,44,"first_blank-sh","sh",44,0,0,1,"υγρό","shρό"
857,"first_blank","first_blank-ύλ","ύλ",1,3,"first_blank-σθ","σθ",3,0,0,1,"ύλη","σθη"
195,"first_blank","first_blank-ϋν","ϋν",1,1,"first_blank-ʼσ","ʼσ",1,0,0,1,"ϋνα","ʼσα"
568,"ερ","ερ-άν","άν",1,13,"ερ-ολ","ολ",13,0,0,1,"υπεράνθρωπος","υπερολθρωπος"
59,"ερ","ερ-ηφ","ηφ",1,7,"ερ-ία","ία",7,0,0,1,"υπερηφάνεια","υπερίαάνεια"
301,"ήφ","ήφ-αν","αν",1,6,"όπ-αν","όπ",6,0,0,1,"υπερήφανος","υπερόπανος"
666,"ερ","ερ-φυ","φυ",1,7,"ασ-φυ","ασ",7,0,0,1,"υπερφυσικός","υπασφυσικός"
844,"εσ","εσ-ία","ία",1,9,"εσ-βε","βε",9,0,0,1,"υπηρεσία","υπηρεσβε"
145,"υπ","υπ-νά","νά",1,8,"υπ-ασ","ασ",8,0,0,1,"υπνάκο","υπασκο"
791,"χι","χι-ο","ο",1,4,"ρν-ο","ρν",4,0,0,1,"υποβρύχιο","υποβρύρνο"
917,"οι","οι-πο","πο",1,9,"σα-πο","σα",9,0,0,1,"υπόλοιπο","υπόλσαπο"
671,"ον","ον-ετ","ετ",1,9,"άβ-ετ","άβ",9,0,0,1,"υπομονετικος","υπομάβετικος"
829,"ομ","ομ-ον","ον",1,40,"ομ-ικ","ικ",40,0,0,1,"υπομονή","υπομική"
142,"ρι","ρι-ξη","ξη",1,3,"ρι-άλ","άλ",3,0,0,1,"υποστήριξη","υποστήριάλ"
913,"ιμ","ιμ-ώ","ώ",1,2,"ηχ-ώ","ηχ",2,0,0,1,"υποτιμώ","υποτηχώ"
602,"ό ","ό -συ","συ",1,1,"ντ-συ","ντ",1,0,0,1,"υπουργικό συμβούλιο","υπουργικντσυμβούλιο"
408,"υπ","υπ-οφ","οφ",1,13,"υπ-όγ","όγ",13,0,0,1,"υποφέρω","υπόγέρω"
996,"οψ","οψ-ήφ","ήφ",1,9,"οψ-ιά","ιά",9,0,0,1,"υποψήφιος","υποψιάιος"
170,"φα","φα-γη","γη",1,7,"ξη-γη","ξη",7,0,0,1,"φαγητό","ξηγητό"
277,"φα","φα-ιν","ιν",1,23,"επ-ιν","επ",23,0,0,1,"φαινόμενο","επινόμενο"
644,"κε","κε-λο","λο",1,10,"σο-λο","σο",10,0,0,1,"φάκελος","φάσολος"
205,"ασ","ασ-ία","ία",1,28,"ασ-τέ","τέ",29,1,0,1,"φαντασία","φανταστέ"
678,"φά","φά-ση","ση",1,2,"ου-ση","ου",2,0,0,1,"φάση","ουση"
373,"γγ","γγ-άρ","άρ",1,6,"ορ-άρ","ορ",6,0,0,1,"φεγγάρι","φεοράρι"
444,"ρε","ρε-τρ","τρ",1,10,"κί-τρ","κί",10,0,0,1,"φέρετρο","φέκίτρο"
289,"φθ","φθ-άν","άν",1,7,"αν-άν","αν",7,0,0,1,"φθάνω","ανάνω"
254,"πί","πί-α","α",1,15,"χτ-α","χτ",15,0,0,1,"φιλανθρωπία","φιλανθρωχτα"
947,"φί","φί-λε","λε",1,2,"ξυ-λε","ξυ",2,0,0,1,"φίλε","ξυλε"
4,"λί","λί-last_blank","last_blank",1,14,"pe-last_blank","pe",14,0,0,1,"φιλί","φιpe"
353,"ξε","ξε-νί","νί",1,2,"ξε-ιδ","ιδ",2,0,0,1,"φιλοξενία","φιλοξειδα"
390,"λο","λο-σο","σο",1,7,"λο-ύι","ύι",7,0,0,1,"φιλοσοφία","φιλούιφία"
255,"λο","λο-φρ","φρ",1,2,"λο-τα","τα",2,0,0,1,"φιλοφρόνηση","φιλοταόνηση"
796,"αμ","αμ-ου","ου",1,4,"οτ-ου","οτ",4,0,0,1,"φλαμουριά","φλοτουριά"
90,"έβ","έβ-α","α",1,4,"ρρ-α","ρρ",4,0,0,1,"φλέβα","φλρρα"
440,"first_blank","first_blank-φλ","φλ",1,158,"first_blank-θυ","θυ",158,0,0,1,"φλιτζάνι","θυιτζάνι"
899,"φό","φό-βο","βο",1,5,"ρυ-βο","ρυ",5,0,0,1,"φόβος","ρυβος"
236,"νι","νι-άς","άς",1,3,"νι-βα","βα",3,0,0,1,"φονιάς","φονιβα"
952,"ρτ","ρτ-ών","ών",1,17,"λι-ών","λι",17,0,0,1,"φορτώνω","φολιώνω"
472,"ύρ","ύρ-νο","νο",1,5,"βί-νο","βί",5,0,0,1,"φούρνος","φοβίνος"
950,"ύσ","ύσ-τα","τα",1,18,"πέ-τα","πέ",18,0,0,1,"φούστα","φοπέτα"
956,"φρ","φρ-έσ","έσ",1,10,"επ-έσ","επ",10,0,0,1,"φρέσκο","επέσκο"
949,"ίκ","ίκ-η","η",1,4,"ωπ-η","ωπ",4,0,0,1,"φρίκη","φρωπη"
681,"φρ","φρ-ου","ου",1,34,"έσ-ου","έσ",34,0,0,1,"φρουρά","έσουρά"
410," κ"," κ-αν","αν",1,1,"ιω-αν","ιω",1,0,0,1,"φτιαχνω, κανω","φτιαχνω,ιωανω"
549,"ώχ","ώχ-ει","ει",1,2,"ΐσ-ει","ΐσ",2,0,0,1,"φτώχεια","φτΐσεια"
706,"ωχ","ωχ-ός","ός",1,1,"εv-ός","εv",1,0,0,1,"φτωχός","φτεvός"
612,"φυ","φυ-λή","λή",1,2,"ελ-λή","ελ",2,0,0,1,"φυλή","ελλή"
165,"first_blank","first_blank-φυ","φυ",1,230,"first_blank-λι","λι",230,0,0,1,"φυσικά","λισικά"
874,"σι","σι-κό","κό",1,16,"σι-εύ","εύ",16,0,0,1,"φυσικός","φυσιεύς"
506,"φυ","φυ-τό","τό",1,1,"φυ-ΐε","ΐε",1,0,0,1,"φυτό","φυΐε"
109,"φω","φω-λι","λι",1,8,"μπ-λι","μπ",8,0,0,1,"φωλιά","μπλιά"
756,"νή","νή-last_blank","last_blank",1,67,"ψω-last_blank","ψω",67,0,0,1,"φωνή","φωψω"
946,"τι","τι-ά","ά",1,12,"ωμ-ά","ωμ",12,0,0,1,"φωτιά","φωωμά"
552,"ικ","ικ-η ","η ",1,1,"ικ-ρη","ρη",1,0,0,1,"φωτογραφικη μηχανη","φωτογραφικρημηχανη"
53,"χα","χα-ίρ","ίρ",1,23,"χα-ζο","ζο",23,0,0,1,"χαίρετε","χαζοετε"
930,"χα","χα-μη","μη",1,30,"χα-λά","λά",30,0,0,1,"χαμηλός","χαλάλός"
161,"χα","χα-μό","μό",1,6,"χα-ρη","ρη",6,0,0,1,"χαμόγελο","χαρηγελο"
821,"χά","χά-ος","ος",1,1,"κν-ος","κν",1,0,0,1,"χάος","κνος"
752,"κτ","κτ-ήρ","ήρ",1,20,"κτ-ημ","ημ",20,0,0,1,"χαρακτήρας","χαρακτημας"
818,"ρτ","ρτ-ί","ί",1,1,"ϊύ-ί","ϊύ",1,0,0,1,"χαρτί","χαϊύί"
121,"οφ","οφ-ύλ","ύλ",1,14,"ρο-ύλ","ρο",14,0,0,1,"χαρτοφύλακας","χαρτρούλακας"
512,"ίλ","ίλ-ος","ος",1,3,"τι-ος","τι",3,0,0,1,"χείλος","χετιος"
922,"ιρ","ιρ-ον","ον",1,7,"ρμ-ον","ρμ",7,0,0,1,"χειρονομία","χερμονομία"
173,"ργ","ργ-ός","ός",1,12,"ερ-ός","ερ",12,0,0,1,"χειρουργός","χειρουερός"
573,"χέ","χέ-ρι","ρι",1,3,"αί-ρι","αί",3,0,0,1,"χέρι","αίρι"
134,"χη","χη-με","με",1,10,"ρό-με","ρό",10,0,0,1,"χημεία","ρόμεία"
135,"first_blank","first_blank-χη","χη",1,20,"first_blank-ki","ki",20,0,0,1,"χημική ουσία","kiμική ουσία"
654,"χή","χή-να","να",1,2,"οι-να","οι",2,0,0,1,"χήνα","οινα"
191,"first_blank","first_blank-χή","χή",1,10,"first_blank-or","or",10,0,0,1,"χήρα","orρα"
274,"χί","χί-λι","λι",1,7,"ελ-λι","ελ",7,0,0,1,"χίλια","ελλια"
540,"ετ","ετ-ρο","ρο",1,9,"ετ-ημ","ημ",9,0,0,1,"χιλιόμετρο","χιλιόμετημ"
476,"ιρ","ιρ-ιν","ιν",1,14,"τε-ιν","τε",14,0,0,1,"χοιρινό","χοτεινό"
15,"χό","χό-μπ","μπ",1,8,"χό-ρε","ρε",8,0,0,1,"χόμπι","χόρει"
981,"ύτ","ύτ-ρι","ρι",1,10,"ύτ-ικ","ικ",10,0,0,1,"χορεύτρια","χορεύτικα"
322,"ατ","ατ-οδ","οδ",1,22,"ατ-ήρ","ήρ",22,0,0,1,"χρηματοδότηση","χρηματήρότηση"
78,"ήσ","ήσ-ιμ","ιμ",1,13,"στ-ιμ","στ",13,0,0,1,"χρήσιμος","χρστιμος"
83,"εν","εν-να","να",1,3,"εν-άμ","άμ",3,0,0,1,"χριστούγεννα","χριστούγενάμ"
93,"έν","έν-ιο","ιο",1,9,"μα-ιο","μα",9,0,0,1,"χρυσαφένιος","χρυσαφμαιος"
853,"ώμ","ώμ-α","α",1,5,"ωρ-α","ωρ",5,0,0,1,"χρώμα","χρωρα"
268,"χώ","χώ-ρα","ρα",1,5,"χώ-θη","θη",5,0,0,1,"χώρα","χώθη"
396,"ρη","ρη-τι","τι",1,8,"ού-τι","ού",8,0,0,1,"χωρητικότητα","χωούτικότητα"
994,"first_blank","first_blank-ψέ","ψέ",1,10,"first_blank-aν","aν",10,0,0,1,"ψέμα","aνμα"
660,"υδ","υδ-αί","αί",1,7,"υδ-ου","ου",7,0,0,1,"ψευδαίσθηση","ψευδουσθηση"
709,"ψυ","ψυ-χή","χή",1,3,"ψυ-κτ","κτ",3,0,0,1,"ψυχή","ψυκτ"
908,"μί","μί-last_blank","last_blank",1,7,"βς-last_blank","βς",7,0,0,1,"ψωμί","ψωβς"
179,"ώμ","ώμ-ος","ος",1,1,"κι-ος","κι",1,0,0,1,"ώμος","κιος"
849,"first_blank","first_blank-ωρ","ωρ",1,61,"first_blank-ημ","ημ",61,0,0,1,"ωρες ωρες","ημες ωρες"
