"word_id","first","original_pair","second","syll","original_freq","replacement_pair","replacement_syll","replacement_freq","freq_diff","char_diff","letter_diff","original_word","replacement_word"
795,"tson","tson-last_blank","last_blank",2,2,"cken-last_blank","cken",2,0,0,1,"watson","wacken"
580,"αλ","αλ-μα","μα",1,9,"δο-μα","δο",9,0,0,1,"άγαλμα","άγδομα"
355,"άπ","άπ-η","η",1,4,"βρ-η","βρ",4,0,0,1,"αγάπη","αγβρη"
465,"λι","λι-άζ","άζ",1,9,"ιβ-άζ","ιβ",9,0,0,1,"αγκαλιάζω","αγκαιβάζω"
14,"νω","νω-στ","στ",1,26,"εί-στ","εί",26,0,0,1,"άγνωστος","άγείστος"
758,"ορ","ορ-ασ","ασ",1,19,"ικ-ασ","ικ",18,1,0,1,"αγοραστής","αγικαστής"
339,"όρ","όρ-ι","ι",1,8,"ιν-ι","ιν",8,0,0,1,"αγόρι","αγινι"
299,"ών","ών-ας","ας",1,9,"ών-ομ","ομ",9,0,0,1,"αγώνας","αγώνομ"
335,"ελ","ελ-φό","φό",1,8,"ελ-ασ","ασ",8,0,0,1,"αδελφός","αδελασς"
145,"first_blank","first_blank-άδ","άδ",1,34,"first_blank-fa","fa",34,0,0,1,"άδικος","faικος"
793,"λί","λί-νη","νη",1,6,"γα-νη","γα",6,0,0,1,"αδρεναλίνη","αδρεναγανη"
331,"αμ","αμ-ος","ος",1,5,"άκ-ος","άκ",5,0,0,1,"αδύναμος","αδύνάκος"
371,"first_blank","first_blank-αη","αη",1,26,"first_blank-ju","ju",26,0,0,1,"αηδιαστικός","juδιαστικός"
887,"first_blank","first_blank-άθ","άθ",1,33,"first_blank-wa","wa",33,0,0,1,"άθλημα","waλημα"
815,"first_blank","first_blank-αί","αί",1,35,"first_blank-όσ","όσ",35,0,0,1,"αίτηση","όστηση"
240,"αι","αι-τί","τί",1,8,"αι-να","να",8,0,0,1,"αιτία","αιναα"
998,"άθ","άθ-αρ","αρ",1,9,"ρί-αρ","ρί",9,0,0,1,"ακάθαρτος","ακρίαρτος"
9,"όμ","όμ-η","η",1,4,"ρν-η","ρν",4,0,0,1,"ακόμη","ακρνη"
367,"ού","ού-ω","ω",1,3,"ων-ω","ων",3,0,0,1,"ακούω","ακωνω"
805,"ακ","ακ-τή","τή",1,21,"ακ-οι","οι",20,1,0,1,"ακτή","ακοι"
993,"λί","λί-α","α",1,24,"υλ-α","υλ",24,0,0,1,"ακτινοβολία","ακτινοβουλα"
843,"αλ","αλ-αζ","αζ",1,9,"ιρ-αζ","ιρ",9,0,0,1,"αλαζονεία","ιραζονεία"
923,"εύ","εύ-ρι","ρι",1,3,"όκ-ρι","όκ",3,0,0,1,"αλεύρι","αλόκρι"
141,"ιε","ιε-ία","ία",1,2,"μπ-ία","μπ",2,0,0,1,"αλιεία","αλμπία"
818,"λο","λο-θι","θι",1,2,"μύ-θι","μύ",2,0,0,1,"άλλοθι","άλμύθι"
482,"άλ","άλ-μα","μα",1,9,"θή-μα","θή",9,0,0,1,"άλμα","θήμα"
711,"first_blank","first_blank-άλ","άλ",1,113,"first_blank-λό","λό",113,0,0,1,"άλογο","λόογο"
31,"φα","φα-last_blank","last_blank",1,33,"έι-last_blank","έι",33,0,0,1,"άλφα","άλέι"
405,"ερ","ερ-ικ","ικ",1,85,"κτ-ικ","κτ",87,2,0,1,"αμερική","αμκτική"
696,"first_blank","first_blank-άμ","άμ",1,70,"first_blank-εύ","εύ",70,0,0,1,"άμμος","εύμος"
951,"ρι","ρι-τή","τή",1,4,"ρι-νέ","νέ",4,0,0,1,"ανακριτής","ανακρινές"
22,"άλ","άλ-υσ","υσ",1,9,"χο-υσ","χο",9,0,0,1,"ανάλυση","ανχουση"
312,"έν","έν-ω","ω",1,6,"ύψ-ω","ύψ",6,0,0,1,"αναμένω","αναμύψω"
230,"άπ","άπ-τυ","τυ",1,4,"άπ-ορ","ορ",4,0,0,1,"ανάπτυξη","ανάπορξη"
321,"ατ","ατ-ολ","ολ",1,40,"ατ-ρο","ρο",40,0,0,1,"ανατολή","ανατροή"
906,"χι","χι-ασ","ασ",1,6,"έβ-ασ","έβ",6,0,0,1,"ανατριχιαστικός","ανατριέβαστικός"
528,"αχ","αχ-ώρ","ώρ",1,12,"αχ-ρη","ρη",12,0,0,1,"αναχώρηση","αναχρηηση"
852,"ερ","ερ-ση","ση",1,8,"έω-ση","έω",8,0,0,1,"ανέγερση","ανέγέωση"
942,"αν","αν-εμ","εμ",1,25,"αν-ιχ","ιχ",25,0,0,1,"ανεμοστρόβιλος","ανιχοστρόβιλος"
550,"αν","αν-ετ","ετ",1,3,"αν-ίλ","ίλ",3,0,0,1,"ανετα","ανίλα"
868," α"," α-ξί","ξί",1,1,"αι-ξί","αι",1,0,0,1,"άνευ αξίας","άνευαιξίας"
983,"θυ","θυ-νο","νο",1,13,"μα-νο","μα",13,0,0,1,"ανεύθυνος","ανεύμανος"
60,"αν","αν-ησ","ησ",1,43,"αν-δρ","δρ",43,0,0,1,"ανησυχία","ανδρυχία"
224,"ωπ","ωπ-οι","οι",1,10,"ρι-οι","ρι",10,0,0,1,"ανθρωποι","ανθρριοι"
969,"αν","αν-ίκ","ίκ",1,13,"αν-τή","τή",13,0,0,1,"ανίκανος","αντήανος"
922,"χυ","χυ-ρο","ρο",1,9,"ετ-ρο","ετ",9,0,0,1,"ανίσχυρος","ανίσετρος"
123,"αν","αν-ιψ","ιψ",1,7,"αν-αξ","αξ",7,0,0,1,"ανιψιός","αναξιός"
709,"ιβ","ιβ-ή","ή",1,2,"ωχ-ή","ωχ",2,0,0,1,"ανταμοιβή","ανταμοωχή"
203,"αφ","αφ-ο","ο",1,14,"ων-ο","ων",14,0,0,1,"αντίγραφο","αντίγρωνο"
353,"τή","τή-ρα","ρα",1,33,"ντ-ρα","ντ",33,0,0,1,"αντιδραστήρας","αντιδρασντρας"
872,"τί","τί-θε","θε",1,25,"λη-θε","λη",25,0,0,1,"αντίθετος","ανληθετος"
131,"τί","τί-ο","ο",1,6,"ίλ-ο","ίλ",6,0,0,1,"αντίο","ανίλο"
470,"πα","πα-λο","λο",1,14,"βο-λο","βο",14,0,0,1,"αντίπαλος","αντίβολος"
825,"έκ","έκ-ομ","ομ",1,3,"έκ-ια","ια",3,0,0,1,"αντιστέκομαι","αντιστέκιααι"
552,"ιρ","ιρ-ας","ας",1,8,"άδ-ας","άδ",8,0,0,1,"αντίχειρας","αντίχεάδας"
691,"αν","αν-ώτ","ώτ",1,23,"αν-αχ","αχ",23,0,0,1,"ανώτερος","αναχερος"
909,"ιο","ιο-λύ","λύ",1,8,"ιο-υλ","υλ",8,0,0,1,"αξιολύπητο","αξιουλπητο"
558,"ιο","ιο-πρ","πρ",1,12,"ιο-δο","δο",12,0,0,1,"αξιοπρέπεια","αξιοδοέπεια"
862,"first_blank","first_blank-άξ","άξ",1,20,"first_blank-υφ","υφ",20,0,0,1,"άξιος","υφιος"
960,"ίω","ίω-το","το",1,2,"αύ-το","αύ",2,0,0,1,"αξιοσημείωτος","αξιοσημεαύτος"
921,"ορ","ορ-εύ","εύ",1,20,"ορ-ια","ια",20,0,0,1,"απαγορεύω","απαγοριαω"
955,"απ","απ-άγ","άγ",1,1,"απ-ιο","ιο",1,0,0,1,"απάγω","απιοω"
504,"άν","άν-τη","τη",1,19,"αρ-τη","αρ",18,1,0,1,"απάντηση","απαρτηση"
703,"απ","απ-άτ","άτ",1,16,"απ-νε","νε",16,0,0,1,"απάτη","απνεη"
897,"απ","απ-ερ","ερ",1,37,"απ-οβ","οβ",37,0,0,1,"απεργία","αποβγία"
637,"απ","απ-λό","λό",1,6,"απ-όπ","όπ",6,0,0,1,"απλός","απόπς"
407,"όγ","όγ-ευ","ευ",1,4,"όγ-κα","κα",4,0,0,1,"απόγευμα","απόγκαμα"
596,"οή","οή-τε","τε",1,10,"νό-τε","νό",10,0,0,1,"απογοήτευση","απογνότευση"
799,"ει","ει-ξη","ξη",1,10,"ει-γμ","γμ",10,0,0,1,"απόδειξη","απόδειγμ"
686,"έχ","έχ-ομ","ομ",1,4,"εζ-ομ","εζ",4,0,0,1,"αποδέχομαι","αποδεζομαι"
607,"ηκ","ηκ-εύ","εύ",1,13,"οχ-εύ","οχ",13,0,0,1,"αποθηκεύσετε","αποθοχεύσετε"
958,"όλ","όλ-υσ","υσ",1,5,"νο-υσ","νο",5,0,0,1,"απόλυση","απνουση"
304,"ει","ει-ρα","ρα",1,14,"το-ρα","το",14,0,0,1,"απόπειρα","απόπτορα"
611,"λή","λή-last_blank","last_blank",1,62,"ξα-last_blank","ξα",62,0,0,1,"αποστολή","αποστοξα"
484,"οτ","οτ-έλ","έλ",1,4,"οτ-ημ","ημ",4,0,0,1,"αποτέλεσμα","αποτημεσμα"
310,"εσ","εσ-μα","μα",1,15,"δή-μα","δή",15,0,0,1,"αποτελεσματικός","αποτελδήματικός"
374,"υχ","υχ-ία","ία",1,15,"υχ-ισ","ισ",15,0,0,1,"αποτυχία","αποτυχισ"
377,"απ","απ-ου","ου",1,20,"απ-ισ","ισ",20,0,0,1,"απουσία","απισσία"
850,"οι","οι-τώ","τώ",1,1,"οι-πό","πό",1,0,0,1,"αποφοιτώ","αποφοιπό"
765,"ρό","ρό-σμ","σμ",1,6,"ιε-σμ","ιε",6,0,0,1,"απρόσμενα","απιεσμενα"
46,"αρ","αρ-γί","γί",1,4,"αρ-νέ","νέ",4,0,0,1,"αργία","αρνέα"
251,"ισ","ισ-τε","τε",1,126,"ισ-μό","μό",127,1,0,1,"αριστερά","αρισμόρά"
817,"μο","μο-νί","νί",1,10,"μο-υδ","υδ",10,0,0,1,"αρμονία","αρμουδα"
323,"αρ","αρ-νη","νη",1,25,"αρ-ρα","ρα",25,0,0,1,"αρνητικός","αρρατικός"
491,"αρ","αρ-ου","ου",1,10,"αρ-θρ","θρ",10,0,0,1,"αρουραίος","αρθρραίος"
228,"πα","πα-κτ","κτ",1,7,"πα-νσ","νσ",7,0,0,1,"αρπακτικός","αρπανσικός"
810,"άρ","άρ-ρω","ρω",1,17,"θέ-ρω","θέ",17,0,0,1,"άρρωστος","θέρωστος"
755,"αρ","αρ-τη","τη",1,18,"αρ-κτ","κτ",18,0,0,1,"αρτηρία","αρκτρία"
495,"χι","χι-τέ","τέ",1,4,"λη-τέ","λη",4,0,0,1,"αρχιτέκτονας","αρλητέκτονας"
837,"άρ","άρ-ωμ","ωμ",1,3,"άρ-ις","ις",3,0,0,1,"άρωμα","άριςα"
776,"ήμ","ήμ-ι","ι",1,1,"βλ-ι","βλ",1,0,0,1,"ασήμι","ασβλι"
598,"κη","κη-ση","ση",1,19,"ρι-ση","ρι",19,0,0,1,"άσκηση","άσριση"
949,"τα","τα-κό","κό",1,22,"τα-δί","δί",22,0,0,1,"αστακός","ασταδίς"
301,"ίο","ίο-last_blank","last_blank",1,106,"κη-last_blank","κη",106,0,0,1,"αστείο","αστεκη"
318,"τε","τε-ίο","ίο",1,10,"ηρ-ίο","ηρ",10,0,0,1,"αστείος","ασηρίος"
39,"τέ","τέ-ρι","ρι",1,10,"τέ-ντ","ντ",10,0,0,1,"αστέρι","αστέντ"
547,"λε","λε-ια","ια",1,26,"ήρ-ια","ήρ",26,0,0,1,"ασφάλεια","ασφάήρια"
728,"φα","φα-λή","λή",1,9,"φα-ίν","ίν",9,0,0,1,"ασφαλής","ασφαίνς"
84,"first_blank","first_blank-άσ","άσ",1,119,"first_blank-φέ","φέ",119,0,0,1,"άσχημος","φέχημος"
855,"ατ","ατ-λα","λα",1,10,"κό-λα","κό",10,0,0,1,"ατλαντικός","κόλαντικός"
693,"μό","μό-σφ","σφ",1,4,"μό-ρν","ρν",4,0,0,1,"ατμόσφαιρα","ατμόρναιρα"
211,"άτ","άτ-ομ","ομ",1,5,"ερ-ομ","ερ",5,0,0,1,"άτομο","ερομο"
575,"ατ","ατ-σά","σά",1,8,"ατ-αβ","αβ",8,0,0,1,"ατσάλι","αταβλι"
519,"ατ","ατ-ύχ","ύχ",1,3,"ατ-άπ","άπ",3,0,0,1,"ατύχημα","ατάπημα"
954,"ατ","ατ-υχ","υχ",1,13,"ατ-έλ","έλ",13,0,0,1,"ατυχία","ατέλία"
834,"αυ","αυ-γή","γή",1,6,"αυ-θό","θό",6,0,0,1,"αυγή","αυθό"
182,"γό","γό-last_blank","last_blank",1,32,"έν-last_blank","έν",32,0,0,1,"αυγό","αυέν"
546,"τί","τί-last_blank","last_blank",1,21,"in-last_blank","in",21,0,0,1,"αυτί","αυin"
349,"το","το-κί","κί",1,7,"το-χο","χο",7,0,0,1,"αυτοκίνητο","αυτοχονητο"
253,"ομ","ομ-ος","ος",1,10,"ρχ-ος","ρχ",10,0,0,1,"αυτοκινητόδρομος","αυτοκινητόδρρχος"
759,"ορ","ορ-ας","ας",1,15,"ορ-ευ","ευ",15,0,0,1,"αυτοκράτορας","αυτοκράτορευ"
945,"ορ","ορ-ία","ία",1,26,"ορ-ού","ού",26,0,0,1,"αυτοκρατορία","αυτοκρατορού"
246,"ίθ","ίθ-ησ","ησ",1,5,"ίθ-ιο","ιο",5,0,0,1,"αυτοπεποίθηση","αυτοπεποίθιοη"
878,"ρώ","ρώ-last_blank","last_blank",1,26,"χή-last_blank","χή",26,0,0,1,"αφαιρώ","αφαιχή"
164,"αφ","αφ-εν","εν",1,10,"υμ-εν","υμ",10,0,0,1,"αφεντικό","υμεντικό"
7,"ήν","ήν-ω","ω",1,4,"ύγ-ω","ύγ",4,0,0,1,"αφήνω","αφύγω"
166,"ρο","ρο-δί","δί",1,4,"ρο-λα","λα",4,0,0,1,"αφροδίτη","αφρολατη"
934,"βά","βά-ζω","ζω",1,4,"βά-γκ","γκ",4,0,0,1,"βάζω","βάγκ"
32,"βα","βα-λί","λί",1,3,"βα-θο","θο",3,0,0,1,"βαλίτσα","βαθοτσα"
836,"μβ","μβ-άκ","άκ",1,1,"ισ-άκ","ισ",1,0,0,1,"βαμβάκι","βαισάκι"
300,"βα","βα-ν","ν",1,14,"ρί-ν","ρί",14,0,0,1,"βαν","ρίν"
968,"νί","νί-λι","λι",1,4,"νί-ασ","ασ",4,0,0,1,"βανίλια","βανίασα"
859,"βα","βα-ρέ","ρέ",1,16,"τε-ρέ","τε",16,0,0,1,"βαρέλι","τερέλι"
902,"βα","βα-ρι","ρι",1,15,"έκ-ρι","έκ",15,0,0,1,"βαριά","έκριά"
752,"σα","σα-νι","νι",1,21,"τά-νι","τά",21,0,0,1,"βασανιστήριο","βατάνιστήριο"
255,"σί","σί-λε","λε",1,8,"ελ-λε","ελ",8,0,0,1,"βασίλειο","βαελλειο"
330,"λι","λι-άς","άς",1,6,"λι-ππ","ππ",6,0,0,1,"βασιλιάς","βασιλιππ"
43,"λτ","λτ-ίω","ίω",1,5,"γε-ίω","γε",5,0,0,1,"βελτίωση","βεγείωση"
501,"βλ","βλ-ίο","ίο",1,2,"υρ-ίο","υρ",2,0,0,1,"βιβλίο","βιυρίο"
638,"ιο","ιο-γρ","γρ",1,5,"ιο-νε","νε",5,0,0,1,"βιβλιογραφία","βιβλιονεαφία"
726,"εο","εο-last_blank","last_blank",1,7,"όκ-last_blank","όκ",7,0,0,1,"βίντεο","βίντόκ"
626,"first_blank","first_blank-βι","βι",1,285,"first_blank-νε","νε",285,0,0,1,"βιολογία","νεολογία"
627,"βι","βι-ολ","ολ",1,24,"μβ-ολ","μβ",24,0,0,1,"βιολογικός","μβολογικός"
789,"μί","μί-νη","νη",1,6,"γα-νη","γα",6,0,0,1,"βιταμίνη","βιταγανη"
560,"βλ","βλ-άβ","άβ",1,3,"βλ-έφ","έφ",3,0,0,1,"βλάβη","βλέφη"
416,"άκ","άκ-ας","ας",1,3,"άκ-λι","λι",3,0,0,1,"βλάκας","βλάκλι"
743,"ακ","ακ-εί","εί",1,9,"ακ-ρα","ρα",9,0,0,1,"βλακεία","βλακραα"
391,"first_blank","first_blank-βλ","βλ",1,131,"first_blank-ma","ma",131,0,0,1,"βλαστός","maαστός"
618,"ήμ","ήμ-α","α",1,8,"ότ-α","ότ",8,0,0,1,"βλήμα","βλότα"
681,"ήθ","ήθ-ει","ει",1,17,"χν-ει","χν",17,0,0,1,"βοήθεια","βοχνεια"
379,"ηθ","ηθ-ός","ός",1,1,"ηθ-αε","αε",1,0,0,1,"βοηθός","βοηθαε"
132,"first_blank","first_blank-βο","βο",1,389,"first_blank-φα","φα",388,1,0,1,"βοηθώ","φαηθώ"
761,"λτ","λτ-α","α",1,10,"θρ-α","θρ",10,0,0,1,"βόλτα","βόθρα"
320,"first_blank","first_blank-βό","βό",1,66,"first_blank-ro","ro",66,0,0,1,"βόρειος","roρειος"
537,"ών","ών-ος","ος",1,1,"ρε-ος","ρε",1,0,0,1,"βοστώνος","βοστρεος"
316,"first_blank","first_blank-βό","βό",1,66,"first_blank-γά","γά",66,0,0,1,"βότκα","γάτκα"
424,"υν","υν-ό","ό",1,4,"οδ-ό","οδ",4,0,0,1,"βουνό","βοοδό"
138,"ύτ","ύτ-υρ","υρ",1,1,"ύτ-αι","αι",1,0,0,1,"βούτυρο","βούταιο"
896,"αβ","αβ-εί","εί",1,7,"οξ-εί","οξ",7,0,0,1,"βραβείο","βροξείο"
375,"βρ","βρ-εγ","εγ",1,7,"απ-εγ","απ",7,0,0,1,"βρεγμένος","απεγμένος"
151,"ον","ον-τή","τή",1,3,"ιη-τή","ιη",3,0,0,1,"βροντή","βριητή"
535,"όλ","όλ-ακ","ακ",1,6,"ξι-ακ","ξι",6,0,0,1,"βρυκόλακας","βρυκξιακας"
399,"λα","λα-ξί","ξί",1,3,"λα-ίν","ίν",3,0,0,1,"γαλαξίας","γαλαίνας"
325,"ικ","ικ-ή ","ή ",1,1,"ικ-ακ","ακ",1,0,0,1,"γαλλική γλώσσα","γαλλικακγλώσσα"
343,"γά","γά-μο","μο",1,5,"σί-μο","σί",5,0,0,1,"γάμος","σίμος"
329,"γά","γά-τα","τα",1,2,"γά-σι","σι",2,0,0,1,"γάτα","γάσι"
417,"first_blank","first_blank-γέ","γέ",1,79,"first_blank-ψε","ψε",79,0,0,1,"γέλιο","ψελιο"
732,"μά","μά-το","το",1,12,"μά-νι","νι",12,0,0,1,"γεμάτος","γεμάνις"
663,"γε","γε-νέ","νέ",1,8,"γε-ωρ","ωρ",8,0,0,1,"γενέθλια","γεωρθλια"
544,"νε","νε-ιά","ιά",1,14,"υρ-ιά","υρ",14,0,0,1,"γενειάδα","γευριάδα"
972,"γε","γε-νι","νι",1,35,"νο-νι","νο",36,1,0,1,"γενικά","νονικά"
988,"ωρ","ωρ-ος","ος",1,2,"λπ-ος","λπ",2,0,0,1,"γενναιόδωρος","γενναιόδλπος"
186,"αί","αί-ος","ος",1,12,"ωπ-ος","ωπ",12,0,0,1,"γενναίος","γεννωπος"
209,"γε","γε-ρο","ρο",1,27,"γε-ια","ια",27,0,0,1,"γερουσία","γειαυσία"
333,"γε","γε-ρο","ρο",1,27,"ορ-ρο","ορ",27,0,0,1,"γερουσιαστής","ορρουσιαστής"
797,"ύμ","ύμ-α","α",1,6,"ιθ-α","ιθ",6,0,0,1,"γεύμα","γειθα"
98,"γι","γι-α ","α ",1,1,"γι-ων","ων",1,0,0,1,"για πάντα","γιωνπάντα"
423,"γι","γι-αγ","αγ",1,10,"γι-όν","όν",10,0,0,1,"γιαγιά","γιόνιά"
334,"ρό","ρό-ς","ς",1,49,"ξε-ς","ξε",49,0,0,1,"γιατρός","γιατξες"
748,"αρ","αρ-άζ","άζ",1,9,"αρ-το","το",9,0,0,1,"γκαράζ","γκαρτο"
494,"έι","έι-last_blank","last_blank",1,33,"άλ-last_blank","άλ",33,0,0,1,"γκέι","γκάλ"
907,"γλ","γλ-εί","εί",1,12,"γλ-υτ","υτ",12,0,0,1,"γλείψιμο","γλυτψιμο"
241,"ώρ","ώρ-ιζ","ιζ",1,4,"άσ-ιζ","άσ",4,0,0,1,"γνώριζα","γνάσιζα"
19,"γο","γο-ητ","ητ",1,21,"ιν-ητ","ιν",21,0,0,1,"γοητευτικός","ινητευτικός"
608,"first_blank","first_blank-γό","γό",1,22,"first_blank-χυ","χυ",22,0,0,1,"γόνατο","χυνατο"
813,"ρί","ρί-λλ","λλ",1,4,"ρί-πο","πο",4,0,0,1,"γορίλλας","γορίποας"
90,"υλ","υλ-ιά","ιά",1,21,"ασ-ιά","ασ",21,0,0,1,"γουλιά","γοασιά"
931,"άτ","άτ-α","α",1,24,"ρμ-α","ρμ",24,0,0,1,"γραβάτα","γραβρμα"
457,"άμ","άμ-μα","μα",1,8,"άμ-πο","πο",8,0,0,1,"γράμμα","γράμπο"
757,"αμ","αμ-μά","μά",1,8,"αμ-φί","φί",8,0,0,1,"γραμμάριο","γραμφίριο"
864,"αφ","αφ-εί","εί",1,25,"ελ-εί","ελ",25,0,0,1,"γραφείο","γρελείο"
239,"αφ","αφ-ή","ή",1,13,"ομ-ή","ομ",13,0,0,1,"γραφή","γρομή"
328,"άφ","άφ-ω","ω",1,4,"ύγ-ω","ύγ",4,0,0,1,"γράφω","γρύγω"
446,"γρ","γρ-ήγ","ήγ",1,9,"γρ-ατ","ατ",9,0,0,1,"γρήγορα","γρατορα"
844,"μν","μν-ός","ός",1,2,"λλ-ός","λλ",2,0,0,1,"γυμνός","γυλλός"
317,"ίκ","ίκ-α","α",1,11,"ολ-α","ολ",11,0,0,1,"γυναίκα","γυναολα"
976,"νή","νή-last_blank","last_blank",1,67,"όν-last_blank","όν",67,0,0,1,"γυναικεία μονή","γυναικεία μοόν"
305,"γυ","γυ-ρί","ρί",1,44,"τη-ρί","τη",44,0,0,1,"γυρίζω","τηρίζω"
962,"ό ","ό -απ","απ",1,1,"νζ-απ","νζ",1,0,0,1,"δακτυλικό αποτύπωμα","δακτυλικνζαποτύπωμα"
736,"νε","νε-ιο","ιο",1,5,"νε-αν","αν",5,0,0,1,"δάνειο","δάνεαν"
548,"δα","δα-πα","πα",1,4,"δα-σε","σε",4,0,0,1,"δαπανούν","δασενούν"
337,"first_blank","first_blank-δά","δά",1,56,"first_blank-re","re",56,0,0,1,"δάσκαλος","reσκαλος"
694,"δά","δά-σο","σο",1,5,"εώ-σο","εώ",5,0,0,1,"δάσος","εώσος"
453,"κα","κα-ετ","ετ",1,5,"έμ-ετ","έμ",5,0,0,1,"δεκαετία","δεέμετία"
189,"μβ","μβ-ρι","ρι",1,3,"ευ-ρι","ευ",3,0,0,1,"δεκέμβριος","δεκέευριος"
533,"δέ","δέ-ντ","ντ",1,4,"δέ-ρν","ρν",4,0,0,1,"δέντρο","δέρνρο"
822,"first_blank","first_blank-δή","δή",1,28,"first_blank-ζό","ζό",28,0,0,1,"δήλωση","ζόλωση"
563,"δή","δή-μα","μα",1,15,"εύ-μα","εύ",15,0,0,1,"δήμαρχος","εύμαρχος"
971,"first_blank","first_blank-δη","δη",1,255,"first_blank-κι","κι",255,0,0,1,"δημιουργικότητα","κιμιουργικότητα"
513,"first_blank","first_blank-δη","δη",1,255,"first_blank-κι","κι",255,0,0,1,"δημοκρατία","κιμοκρατία"
427,"φο","φο-ς","ς",1,36,"ντ-ς","ντ",36,0,0,1,"δημοσιογράφος","δημοσιογράντς"
555,"ατ","ατ-ήρ","ήρ",1,22,"ατ-ίζ","ίζ",22,0,0,1,"διαβατήριο","διαβατίζιο"
13,"ολ","ολ-ος","ος",1,9,"ολ-αμ","αμ",9,0,0,1,"διάβολος","διάβολαμ"
421,"ικ","ικ-ασ","ασ",1,18,"ικ-οπ","οπ",18,0,0,1,"διαδικασία","διαδικοπία"
646,"δι","δι-αί","αί",1,10,"ευ-αί","ευ",10,0,0,1,"διαίρεση","ευαίρεση"
925,"δι","δι-αί","αί",1,10,"δι-έγ","έγ",10,0,0,1,"διαίσθηση","διέγσθηση"
274,"ακ","ακ-οπ","οπ",1,12,"ακ-άτ","άτ",12,0,0,1,"διακοπή","διακάτή"
724,"εξ","εξ-η","η",1,5,"νν-η","νν",5,0,0,1,"διάλεξη","διάλννη"
778,"άχ","άχ-η","η",1,1,"σκ-η","σκ",1,0,0,1,"διαμάχη","διαμσκη"
582,"έρ","έρ-ισ","ισ",1,3,"ύν-ισ","ύν",3,0,0,1,"διαμέρισμα","διαμύνισμα"
483,"ημ","ημ-ος","ος",1,9,"ολ-ος","ολ",9,0,0,1,"διάσημος","διάσολος"
137,"ατ","ατ-ήρ","ήρ",1,22,"ατ-οδ","οδ",22,0,0,1,"διατήρηση","διατοδηση"
886,"ηρ","ηρ-ού","ού",1,13,"πι-ού","πι",13,0,0,1,"διατηρούν","διατπιούν"
269,"ορ","ορ-ετ","ετ",1,17,"ορ-γά","γά",17,0,0,1,"διαφορετικός","διαφοργάικός"
746,"αφ","αφ-υγ","υγ",1,3,"αφ-έθ","έθ",3,0,0,1,"διαφυγή","διαφέθή"
411,"σκ","σκ-ω","ω",1,1,"πλ-ω","πλ",1,0,0,1,"διδάσκω","διδάπλω"
409,"δι","δι-εύ","εύ",1,8,"δι-άτ","άτ",8,0,0,1,"διεύθυνση","διάτθυνση"
363,"ντ","ντ-ής","ής",1,2,"ντ-νι","νι",2,0,0,1,"διευθυντής","διευθυντνι"
114,"κα","κα-ιο","ιο",1,52,"κα-λύ","λύ",52,0,0,1,"δικαιολογία","δικαλύλογία"
682,"κα","κα-ιο","ιο",1,52,"κα-λύ","λύ",52,0,0,1,"δικαιοσύνη","δικαλύσύνη"
414,"κα","κα-στ","στ",1,73,"κα-τη","τη",73,0,0,1,"δικαστής","δικατηής"
192,"δί","δί-νω","νω",1,2,"εώ-νω","εώ",2,0,0,1,"δίνω","εώνω"
953,"δι","δι-οι","οι",1,36,"δι-στ","στ",36,0,0,1,"διοικητικός","διστκητικός"
173,"μμ","μμ-ύρ","ύρ",1,2,"σε-ύρ","σε",2,0,0,1,"δισεκατομμύριο","δισεκατοσεύριο"
920,"ψα","ψα-last_blank","last_blank",1,52,"st-last_blank","st",52,0,0,1,"δίψα","δίst"
130,"κι","κι-μή","μή",1,3,"κι-τά","τά",3,0,0,1,"δοκιμή","δοκιτά"
429,"λά","λά-ρι","ρι",1,11,"ζό-ρι","ζό",11,0,0,1,"δολάριο","δοζόριο"
338,"φο","φο-νί","νί",1,3,"αρ-νί","αρ",3,0,0,1,"δολοφονία","δολοαρνία"
730,"φό","φό-νο","νο",1,10,"φό-τε","τε",10,0,0,1,"δολοφόνος","δολοφότες"
557,"λω","λω-μα","μα",1,8,"ρό-μα","ρό",8,0,0,1,"δόλωμα","δόρόμα"
842,"μή","μή-last_blank","last_blank",1,38,"ακ-last_blank","ακ",38,0,0,1,"δομή","δοακ"
656,"first_blank","first_blank-δό","δό",1,45,"first_blank-έτ","έτ",45,0,0,1,"δόντι","έτντι"
831,"first_blank","first_blank-δό","δό",1,45,"first_blank-σλ","σλ",45,0,0,1,"δόξα","σλξα"
431,"ρυ","ρυ-φό","φό",1,6,"ρυ-σμ","σμ",6,0,0,1,"δορυφόρος","δορυσμρος"
677,"υλ","υλ-ει","ει",1,9,"λθ-ει","λθ",9,0,0,1,"δουλειά","δολθειά"
430,"first_blank","first_blank-δρ","δρ",1,132,"first_blank-γν","γν",132,0,0,1,"δραστηριότητα","γναστηριότητα"
67,"ομ","ομ-άκ","άκ",1,10,"ομ-οδ","οδ",10,0,0,1,"δρομάκι","δρομοδι"
502,"όμ","όμ-ος","ος",1,9,"όμ-ησ","ησ",9,0,0,1,"δρόμος","δρόμησ"
313,"οσ","οσ-ερ","ερ",1,5,"άφ-ερ","άφ",5,0,0,1,"δροσερός","δράφερός"
282,"δύ","δύ-να","να",1,11,"ίω-να","ίω",11,0,0,1,"δύναμη","ίωναμη"
944,"μί","μί-τι","τι",1,2,"υρ-τι","υρ",2,0,0,1,"δυναμίτιδα","δυναυρτιδα"
792,"να","να-τά","τά",1,9,"ιπ-τά","ιπ",9,0,0,1,"δυνατά","δυιπτά"
586,"τό","τό-τη","τη",1,11,"τό-νι","νι",11,0,0,1,"δυνατότητα","δυνατόνιτα"
309,"ρε","ρε-στ","στ",1,22,"τέ-στ","τέ",22,0,0,1,"δυσάρεστος","δυσάτέστος"
673,"δυ","δυ-τι","τι",1,24,"όν-τι","όν",24,0,0,1,"δυτικός","όντικός"
654,"ρε","ρε-ά","ά",1,1,"ββ-ά","ββ",1,0,0,1,"δωρεά","δωββά"
667,"δώ","δώ-ρο","ρο",1,2,"το-ρο","το",2,0,0,1,"δώρο","τορο"
464,"μά","μά-δα","δα",1,6,"πο-δα","πο",6,0,0,1,"εβδομάδα","εβδοποδα"
657,"εβ","εβ-δο","δο",1,13,"δί-δο","δί",13,0,0,1,"εβδομαδιαίος","δίδομαδιαίος"
632,"αφ","αφ-ή","ή",1,13,"εσ-ή","εσ",13,0,0,1,"εγγραφή","εγγρεσή"
474,"έγ","έγ-γρ","γρ",1,5,"έγ-ιv","ιv",5,0,0,1,"έγγραφο","έγιvαφο"
856,"τα","τα-λε","λε",1,34,"τα-φέ","φέ",34,0,0,1,"εγκαταλείπω","εγκαταφέίπω"
763,"εγ","εγ-κε","κε",1,23,"εγ-γυ","γυ",24,1,0,1,"εγκεφαλικός","εγγυφαλικός"
270,"first_blank","first_blank-έγ","έγ",1,86,"first_blank-τί","τί",86,0,0,1,"έγκλημα","τίκλημα"
292,"ατ","ατ-ία","ία",1,14,"ατ-ασ","ασ",14,0,0,1,"εγκληματίας","εγκληματασς"
684,"κρ","κρ-ισ","ισ",1,27,"πε-ισ","πε",27,0,0,1,"έγκριση","έγπειση"
29,"μο","μο-σύ","σύ",1,6,"μο-πο","πο",6,0,0,1,"εγκυμοσύνη","εγκυμοπονη"
284,"ικ","ικ-ός","ός",1,157,"ικ-ού","ού",157,0,0,1,"εγωιστικός","εγωιστικού"
174,"ου","ου- β"," β",1,1,"ου-ώρ","ώρ",1,0,0,1,"εδώδιμος ιχθύς του βορρά","εδώδιμος ιχθύς τουώρορρά"
587,"έθ","έθ-νο","νο",1,2,"ωι-νο","ωι",2,0,0,1,"έθνος","ωινος"
492,"first_blank","first_blank-ει","ει",1,407,"first_blank-το","το",407,0,0,1,"ειδικός","τοδικός"
672,"ρω","ρω-νι","νι",1,4,"ρω-πί","πί",4,0,0,1,"ειρωνικός","ειρωπίκός"
566,"σό","σό-δη","δη",1,2,"υί-δη","υί",2,0,0,1,"εισόδημα","ειυίδημα"
525,"εί","εί-σο","σο",1,9,"εί-ες","ες",9,0,0,1,"είσοδος","είεςδος"
938,"εκ","εκ- π"," π",1,1,"εκ-αε","αε",1,0,0,1,"εκ προθέσεως","εκαεροθέσεως"
605,"ατ","ατ-ό","ό",1,8,"εν-ό","εν",8,0,0,1,"εκατό","εκενό"
171,"ατ","ατ-οσ","οσ",1,5,"ατ-άν","άν",5,0,0,1,"εκατοστόμετρο","εκατάντόμετρο"
884,"μό","μό-ς","ς",1,100,"ιο-ς","ιο",100,0,0,1,"εκβιασμός","εκβιασιος"
212,"εκ","εκ-δή","δή",1,4,"εκ-θα","θα",4,0,0,1,"εκδήλωση","εκθαλωση"
133,"εκ","εκ-εί","εί",1,24,"οι-εί","οι",24,0,0,1,"εκεί","οιεί"
496,"έκ","έκ-θε","θε",1,5,"ρι-θε","ρι",5,0,0,1,"έκθεση","ριθεση"
870,"γή","γή-last_blank","last_blank",1,37,"αv-last_blank","αv",37,0,0,1,"εκλογή","εκλοαv"
128,"ίδ","ίδ-ευ","ευ",1,11,"άτ-ευ","άτ",11,0,0,1,"εκπαίδευση","εκπαάτευση"
826,"ρα","ρα-γε","γε",1,11,"φυ-γε","φυ",11,0,0,1,"εκραγεί","εκφυγεί"
359,"ρη","ρη-κτ","κτ",1,13,"ρη-θε","θε",13,0,0,1,"εκρηκτικός","εκρηθεικός"
91,"έκ","έκ-ρη","ρη",1,3,"κό-ρη","κό",3,0,0,1,"έκρηξη","κόρηξη"
127,"λε","λε-ση","ση",1,3,"φα-ση","φα",3,0,0,1,"εκτέλεση","εκτέφαση"
191,"μη","μη-ση","ση",1,23,"μη-τρ","τρ",22,1,0,1,"εκτίμηση","εκτίμητρ"
2,"μώ","μώ-last_blank","last_blank",1,6,"πo-last_blank","πo",6,0,0,1,"εκτιμώ","εκτιπo"
17,"έλ","έλ-α","α",1,36,"ύρ-α","ύρ",36,0,0,1,"έλα","ύρα"
115,"έλ","έλ-εο","εο",1,1,"έλ-ηδ","ηδ",1,0,0,1,"έλεος","έληδς"
716,"θε","θε-ρο","ρο",1,13,"αι-ρο","αι",13,0,0,1,"ελεύθερος","ελεύαιρος"
12,"ελ","ελ-ικ","ικ",1,19,"ιν-ικ","ιν",19,0,0,1,"ελικόπτερο","ινικόπτερο"
538,"ελ","ελ-λη","λη",1,16,"ελ-ατ","ατ",16,0,0,1,"ελληνικά","ελατνικά"
15,"βό","βό-λι","λι",1,5,"γέ-λι","γέ",5,0,0,1,"εμβόλιο","εμγέλιο"
719,"έμ","έμ-πν","πν",1,3,"έμ-βο","βο",3,0,0,1,"έμπνευση","έμβοευση"
927,"πο","πο-ρί","ρί",1,10,"πο-ύσ","ύσ",10,0,0,1,"εμπορία","εμπούσα"
57,"πο","πο-ρο","ρο",1,20,"πο-υς","υς",20,0,0,1,"έμπορος","έμπουςς"
520,"έρ","έρ-ων","ων",1,7,"ίδ-ων","ίδ",7,0,0,1,"ενδιαφέρων","ενδιαφίδων"
541,"έρ","έρ-γε","γε",1,14,"έρ-θη","θη",14,0,0,1,"ενέργεια","ενέρθηια"
579,"έν","έν-εσ","εσ",1,4,"έν-να","να",4,0,0,1,"ένεση","ένναη"
233,"υσ","υσ-ια","ια",1,40,"νε-ια","νε",39,1,0,1,"ενθουσιασμένος","ενθονειασμένος"
136,"οί","οί-κι","κι",1,3,"εκ-κι","εκ",3,0,0,1,"ενοίκιο","ενεκκιο"
738,"οχ","οχ-λε","λε",1,9,"οχ-ημ","ημ",9,0,0,1,"ενοχλεί","ενοχημί"
336,"οχ","οχ-ος","ος",1,10,"άν-ος","άν",10,0,0,1,"ένοχος","ένάνος"
640,"τε","τε-λώ","λώ",1,7,"τε-μα","μα",7,0,0,1,"εντελώς","εντεμας"
710,"έν","έν-το","το",1,30,"ζη-το","ζη",30,0,0,1,"έντομο","ζητομο"
893,"σι","σι-άζ","άζ",1,24,"ιρ-άζ","ιρ",22,2,0,1,"εντυπωσιάζω","εντυπωιράζω"
933,"εξ","εξ-αε","αε",1,4,"εξ-έθ","έθ",4,0,0,1,"εξαερισμός","εξέθρισμός"
79,"άν","άν-ισ","ισ",1,12,"οπ-ισ","οπ",12,0,0,1,"εξαφάνιση","εξαφοπιση"
812,"λί","λί-ζω","ζω",1,4,"λί-σα","σα",4,0,0,1,"εξοπλίζω","εξοπλίσα"
717,"ου","ου-σί","σί",1,17,"ου-άρ","άρ",17,0,0,1,"εξουσία","εξουάρα"
81,"πρ","πρ-ές","ές",1,1,"εγ-ές","εγ",1,0,0,1,"εξπρές","εξεγές"
594,"υπ","υπ-νο","νο",1,26,"εν-νο","εν",26,0,0,1,"έξυπνος","έξεννος"
307,"ήι","ήι-νο","νο",1,5,"κό-νο","κό",5,0,0,1,"εξωγήινο","εξωγκόνο"
671,"ός","ός-last_blank","last_blank",1,561,"εί-last_blank","εί",560,1,0,1,"εξωτερικός","εξωτερικεί"
387,"επ","επ-αγ","αγ",1,31,"επ-ιφ","ιφ",31,0,0,1,"επαγγελματίας","επιφγελματίας"
857,"επ","επ-αλ","αλ",1,11,"κκ-αλ","κκ",11,0,0,1,"επαληθεύω","κκαληθεύω"
95,"αρ","αρ-κή","κή",1,6,"αρ-τύ","τύ",6,0,0,1,"επαρκής","επαρτύς"
661,"εί","εί-γο","γο",1,6,"εί-δι","δι",6,0,0,1,"επείγον","επείδιν"
606,"σό","σό-δι","δι",1,4,"μύ-δι","μύ",4,0,0,1,"επεισόδιο","επειμύδιο"
24,"δυ","δυ-τή","τή",1,2,"εκ-τή","εκ",2,0,0,1,"επενδυτής","επενεκτής"
108,"δύ","δύ-ω","ω",1,1,"πι-ω","πι",1,0,0,1,"επενδύω","επενπιω"
386,"ών","ών-ω","ω",1,29,"άρ-ω","άρ",29,0,0,1,"επιβεβαιώνω","επιβεβαιάρω"
829,"ίδ","ίδ-ει","ει",1,10,"πλ-ει","πλ",10,0,0,1,"επίδειξη","εππλειξη"
665,"ιδ","ιδ-ημ","ημ",1,3,"όπ-ημ","όπ",3,0,0,1,"επιδημία","επόπημία"
460,"ιζ","ιζ-ώ","ώ",1,1,"υλ-ώ","υλ",1,0,0,1,"επιζώ","επυλώ"
534,"επ","επ-ίθ","ίθ",1,8,"ατ-ίθ","ατ",8,0,0,1,"επίθεση","ατίθεση"
957,"ιθ","ιθ-εώ","εώ",1,2,"ιθ-έσ","έσ",2,0,0,1,"επιθεώρηση","επιθέσρηση"
83,"υμ","υμ-ία","ία",1,7,"ερ-ία","ερ",7,0,0,1,"επιθυμία","επιθερία"
252,"ικ","ικ-ίν","ίν",1,13,"ικ-ετ","ετ",13,0,0,1,"επικίνδυνος","επικετδυνος"
946,"νω","νω-νί","νί",1,7,"οι-νί","οι",7,0,0,1,"επικοινωνία","επικοιοινία"
766,"έγ","έγ-ω","ω",1,4,"λθ-ω","λθ",4,0,0,1,"επιλέγω","επιλλθω"
508,"ιλ","ιλ-ογ","ογ",1,7,"ιλ-έχ","έχ",7,0,0,1,"επιλογή","επιλέχή"
428,"ίσ","ίσ-ημ","ημ",1,15,"πλ-ημ","πλ",15,0,0,1,"επίσημος","εππλημος"
729,"κε","κε-υή","υή",1,5,"κε-λλ","λλ",5,0,0,1,"επισκευή","επισκελλ"
378,"τή","τή-μη","μη",1,2,"ζύ-μη","ζύ",2,0,0,1,"επιστήμη","επισζύμη"
118,"τή","τή-μο","μο",1,4,"πό-μο","πό",4,0,0,1,"επιστήμονας","επισπόμονας"
459,"οφ","οφ-η","η",1,4,"χν-η","χν",4,0,0,1,"επιστροφη","επιστρχνη"
800,"εθ","εθ-εί","εί",1,27,"οδ-εί","οδ",27,0,0,1,"επιτεθείς","επιτοδείς"
384,"ιτ","ιτ-ρο","ρο",1,6,"ψα-ρο","ψα",6,0,0,1,"επιτροπή","επψαροπή"
617,"ίτ","ίτ-ρο","ρο",1,4,"ίτ-αγ","αγ",4,0,0,1,"επίτροπος","επίταγπος"
839,"ιφ","ιφ-άν","άν",1,5,"ιφ-θε","θε",5,0,0,1,"επιφάνεια","επιφθεεια"
977,"ρη","ρη-μα","μα",1,23,"οι-μα","οι",23,0,0,1,"επιχειρηματίας","επιχειοιματίας"
144,"εί","εί-ρη","ρη",1,12,"τη-ρη","τη",12,0,0,1,"επιχείρηση","επιχτηρηση"
835,"επ","επ-ών","ών",1,3,"αβ-ών","αβ",3,0,0,1,"επώνυμο","αβώνυμο"
774,"first_blank","first_blank-ερ","ερ",1,408,"first_blank-το","το",407,1,0,1,"εραστής","τοαστής"
105,"γά","γά-τη","τη",1,2,"λύ-τη","λύ",2,0,0,1,"εργάτης","ερλύτης"
100,"ευ","ευ-νώ","νώ",1,6,"ευ-γμ","γμ",6,0,0,1,"ερευνώ","ερευγμ"
234,"τι","τι-ατ","ατ",1,12,"ορ-ατ","ορ",12,0,0,1,"εστιατόριο","εσορατόριο"
438,"first_blank","first_blank-ετ","ετ",1,146,"first_blank-μό","μό",146,0,0,1,"εταιρεία","μόαιρεία"
879,"ευ","ευ-αί","αί",1,10,"ευ-ρε","ρε",10,0,0,1,"ευαίσθητος","ευρεσθητος"
771,"νή","νή-ς","ς",1,35,"ιν-ς","ιν",35,0,0,1,"ευγενής","ευγεινς"
749,"ωμ","ωμ-οσ","οσ",1,4,"ντ-οσ","ντ",4,0,0,1,"ευγνωμοσύνη","ευγνντοσύνη"
107,"βε","βε-ια","ια",1,6,"μπ-ια","μπ",6,0,0,1,"ευλάβεια","ευλάμπια"
999,"εύ","εύ-λο","λο",1,4,"άρ-λο","άρ",4,0,0,1,"εύλογος","άρλογος"
442,"first_blank","first_blank-εύ","εύ",1,70,"first_blank-σό","σό",70,0,0,1,"εύρημα","σόρημα"
526,"τυ","τυ-χι","χι",1,15,"τυ-πώ","πώ",15,0,0,1,"ευτυχισμένος","ευτυπώσμένος"
55,"ευ","ευ-χά","χά",1,6,"ευ-ημ","ημ",6,0,0,1,"ευχάριστος","ευημριστος"
124,"χα","χα-ρι","ρι",1,84,"στ-ρι","στ",84,0,0,1,"ευχαριστώ","ευστριστώ"
487,"ίδ","ίδ-α","α",1,46,"ωσ-α","ωσ",46,0,0,1,"εφημερίδα","εφημερωσα"
676,"first_blank","first_blank-εχ","εχ",1,58,"first_blank-έδ","έδ",58,0,0,1,"εχθές","έδθές"
701,"ζά","ζά-λη","λη",1,1,"ζά-κω","κω",1,0,0,1,"ζάλη","ζάκω"
425,"άφ","άφ-ος","ος",1,15,"ντ-ος","ντ",15,0,0,1,"ζωγράφος","ζωγρντος"
201,"first_blank","first_blank-ζώ","ζώ",1,18,"first_blank-όγ","όγ",18,0,0,1,"ζώνη","όγνη"
27,"first_blank","first_blank-ζώ","ζώ",1,18,"first_blank-εο","εο",18,0,0,1,"ζώο","εοο"
593,"first_blank","first_blank-η ","η ",1,1,"first_blank-ος","ος",1,0,0,1,"η γνώση","οςγνώση"
480,"ηγ","ηγ-έτ","έτ",1,4,"αν-έτ","αν",4,0,0,1,"ηγέτης","ανέτης"
20,"οι","οι-ός","ός",1,6,"οι-ρο","ρο",6,0,0,1,"ηθοποιός","ηθοποιρο"
76,"ή ","ή -εν","εν",1,1,"άφ-εν","άφ",1,0,0,1,"ηλεκτρική ενέργεια","ηλεκτρικάφενέργεια"
161,"εκ","εκ-τρ","τρ",1,68,"εκ-πα","πα",68,0,0,1,"ηλεκτρικός","ηλεκπαικός"
952,"first_blank","first_blank-ηλ","ηλ",1,132,"first_blank-γν","γν",132,0,0,1,"ηλιακός","γνιακός"
768,"ήλ","ήλ-ιο","ιο",1,9,"όρ-ιο","όρ",9,0,0,1,"ήλιος","όριος"
469,"εμ","εμ-ία","ία",1,2,"ιχ-ία","ιχ",2,0,0,1,"ηρεμία","ηριχία"
351,"ωί","ωί-νη","νη",1,2,"ζώ-νη","ζώ",2,0,0,1,"ηρωίνη","ηρζώνη"
400,"ήτ","ήτ-τα","τα",1,2,"ίη-τα","ίη",2,0,0,1,"ήττα","ίητα"
376,"first_blank","first_blank-ήχ","ήχ",1,7,"first_blank-kρ","kρ",7,0,0,1,"ήχος","kρος"
644,"θά","θά-βω","βω",1,1,"θά-ει","ει",1,0,0,1,"θάβω","θάει"
984,"θε","θε-αμ","αμ",1,6,"θε-ιά","ιά",6,0,0,1,"θεαματικός","θειάατικός"
615,"θέ","θέ-ατ","ατ",1,8,"πι-ατ","πι",8,0,0,1,"θέατρο","πιατρο"
121,"θε","θε-ϊκ","ϊκ",1,7,"θε-ότ","ότ",7,0,0,1,"θεϊκός","θεότός"
610,"θέ","θέ-μα","μα",1,5,"υμ-μα","υμ",5,0,0,1,"θέμα","υμμα"
489,"ή ","ή -αγ","αγ",1,1,"ίρ-αγ","ίρ",1,0,0,1,"θεραπευτική αγωγή","θεραπευτικίραγωγή"
819,"πε","πε-ύω","ύω",1,2,"πε-γχ","γχ",2,0,0,1,"θεραπεύω","θεραπεγχ"
551,"οκ","οκ-ρα","ρα",1,42,"οκ-ατ","ατ",42,0,0,1,"θερμοκρασία","θερμοκατσία"
739,"θέ","θέ-ση","ση",1,2,"υρ-ση","υρ",2,0,0,1,"θέση","υρση"
871," ε"," ε-νέ","νέ",1,1,"το-νέ","το",1,0,0,1,"θέτω εις ενέργειαν","θέτω ειςτονέργειαν"
354,"ωρ","ωρ-ία","ία",1,8,"ωρ-ιέ","ιέ",8,0,0,1,"θεωρία","θεωριέ"
348,"λυ","λυ-κό","κό",1,8,"λυ-τέ","τέ",8,0,0,1,"θηλυκός","θηλυτές"
213,"κε","κε-ία","ία",1,6,"λο-ία","λο",6,0,0,1,"θρησκεία","θρησλοία"
75,"θρ","θρ-όν","όν",1,5,"αγ-όν","αγ",5,0,0,1,"θρόνος","αγόνος"
352,"ύλ","ύλ-ος","ος",1,8,"σμ-ος","σμ",8,0,0,1,"θρύλος","θρσμος"
392,"μά","μά-μα","μα",1,2,"eί-μα","eί",2,0,0,1,"θυμάμαι","θυeίμαι"
554,"θυ","θυ-μω","μω",1,13,"θυ-νο","νο",13,0,0,1,"θυμωμένος","θυνομένος"
232,"ιο","ιο-κτ","κτ",1,14,"δι-κτ","δι",14,0,0,1,"ιδιοκτήτης","ιδδικτήτης"
882,"αν","αν-ότ","ότ",1,12,"αν-ες","ες",12,0,0,1,"ικανότητα","ικανεςητα"
4,"first_blank","first_blank-ιό","ιό",1,8,"first_blank-θί","θί",8,0,0,1,"ιό","θί"
794,"ιο","ιο-υλ","υλ",1,8,"ιο-ρθ","ρθ",8,0,0,1,"ιουλιέτα","ιορθιέτα"
503,"first_blank","first_blank-ιο","ιο",1,37,"first_blank-ηχ","ηχ",37,0,0,1,"ιούλιος","ηχύλιος"
741,"τό","τό-ς","ς",1,63,"γο-ς","γο",64,1,0,1,"ιστός","ισγος"
847,"τή","τή-ρα","ρα",1,33,"ντ-ρα","ντ",33,0,0,1,"καθετήρας","καθεντρας"
751,"γη","γη-τή","τή",1,4,"εν-τή","εν",4,0,0,1,"καθηγητής","καθηεντής"
247,"θή","θή-κο","κο",1,7,"θή-σω","σω",7,0,0,1,"καθήκον","καθήσων"
540,"θί","θί-στ","στ",1,7,"βά-στ","βά",7,0,0,1,"καθίστε","καβάστε"
576,"θρ","θρ-έφ","έφ",1,4,"υπ-έφ","υπ",4,0,0,1,"καθρέφτης","καυπέφτης"
581,"κα","κα-κό","κό",1,25,"μι-κό","μι",25,0,0,1,"κακό","μικό"
735,"λο","λο-ύπ","ύπ",1,5,"λο-κύ","κύ",5,0,0,1,"καλούπι","καλοκύι"
129,"νο","νο-νι","νι",1,36,"γω-νι","γω",36,0,0,1,"κανονικός","καγωνικός"
163,"κά","κά-νω","νω",1,7,"ιώ-νω","ιώ",7,0,0,1,"κάνω","ιώνω"
849,"όι","όι-last_blank","last_blank",1,20,"lo-last_blank","lo",20,0,0,1,"καουμπόι","καουμπlo"
120,"κα","κα-πά","πά",1,2,"κα-ιv","ιv",2,0,0,1,"καπάκι","καιvκι"
573,"πέ","πέ-λο","λο",1,3,"όχ-λο","όχ",3,0,0,1,"καπέλο","καόχλο"
344,"νι","νι-ος","ος",1,12,"ρδ-ος","ρδ",12,0,0,1,"καπετάνιος","καπετάρδος"
992,"πι","πι-τα","τα",1,18,"τα-τα","τα",18,0,0,1,"καπιταλισμός","καταταλισμός"
92,"first_blank","first_blank-κά","κά",1,536,"first_blank-τσ","τσ",536,0,0,1,"κάπου","τσπου"
498,"ιν","ιν-άλ","άλ",1,6,"μβ-άλ","μβ",6,0,0,1,"καρδινάλιος","καρδμβάλιος"
413,"κλ","κλ-α","α",1,6,"όκ-α","όκ",6,0,0,1,"καρέκλα","καρέόκα"
345,"ρκ","ρκ-ίν","ίν",1,5,"ιε-ίν","ιε",5,0,0,1,"καρκίνος","καιείνος"
745,"ρπ","ρπ-ός","ός",1,1,"οφ-ός","οφ",1,0,0,1,"καρπός","καοφός"
674,"κα","κα-ρτ","ρτ",1,21,"μά-ρτ","μά",21,0,0,1,"καρτέλ","μάρτέλ"
518,"κά","κά-στ","στ",1,29,"μι-στ","μι",29,0,0,1,"κάστρο","μιστρο"
283,"τά","τά-θλ","θλ",1,3,"τά-σσ","σσ",3,0,0,1,"κατάθλιψη","κατάσσιψη"
357,"ίδ","ίδ-α","α",1,46,"ισ-α","ισ",46,0,0,1,"καταιγίδα","καταιγισα"
631,"βα","βα-ίν","ίν",1,38,"ντ-ίν","ντ",38,0,0,1,"καταλαβαίνουν","καταλαντίνουν"
762,"ρρ","ρρ-ευ","ευ",1,7,"ηκ-ευ","ηκ",7,0,0,1,"κατάρρευση","κατάηκευση"
215,"ήν","ήν-ωσ","ωσ",1,8,"γλ-ωσ","γλ",8,0,0,1,"κατασκήνωση","κατασκγλωση"
106,"τά","τά-στ","στ",1,29,"μι-στ","μι",29,0,0,1,"κατάσταση","καμισταση"
767,"στ","στ-ημ","ημ",1,62,"στ-ευ","ευ",62,0,0,1,"κατάστημα","κατάστευα"
73,"ρο","ρο-φή","φή",1,24,"ρο-ύς","ύς",24,0,0,1,"καταστροφή","καταστρούς"
34,"στ","στ-ρω","ρω",1,11,"τέ-ρω","τέ",11,0,0,1,"κατάστρωμα","κατάτέρωμα"
753,"γι","γι-ο","ο",1,23,"υρ-ο","υρ",23,0,0,1,"καταφύγιο","καταφύυρο"
485,"εί","εί-αν","αν",1,3,"εί-vο","vο",3,0,0,1,"κατευθείαν","κατευθείvο"
59,"γο","γο-ρί","ρί",1,13,"γο-υώ","υώ",13,0,0,1,"κατηγορία","κατηγουώα"
441,"τή","τή-γο","γο",1,6,"ρα-γο","ρα",6,0,0,1,"κατήγορος","καραγορος"
188,"κά","κά-τι","τι",1,2,"ύχ-τι","ύχ",2,0,0,1,"κάτι","ύχτι"
798," μ"," μ-έρ","έρ",1,1,"υδ-έρ","υδ",1,0,0,1,"κάτω μέρος","κάτωυδέρος"
823,"τώ","τώ-τε","τε",1,12,"ρά-τε","ρά",12,0,0,1,"κατώτερος","καράτερος"
600,"ιμ","ιμ-α","α",1,27,"τί-α","τί",27,0,0,1,"καύσιμα","καύστία"
476,"κα","κα-φέ","φέ",1,4,"κα-μψ","μψ",4,0,0,1,"καφές","καμψς"
570,"κέ","κέ-ικ","ικ",1,3,"ρα-ικ","ρα",3,0,0,1,"κέικ","ραικ"
903," γ"," γ-ρα","ρα",1,1,"αο-ρα","αο",1,0,0,1,"κεντρικά γραφεία","κεντρικάαοραφεία"
432,"κε","κε-ρί","ρί",1,5,"κε-λλ","λλ",5,0,0,1,"κερί","κελλ"
53,"δε","δε-ία","ία",1,4,"ρσ-ία","ρσ",4,0,0,1,"κηδεία","κηρσία"
865,"ρυ","ρυ-γμ","γμ",1,2,"ρυ-τή","τή",2,0,0,1,"κήρυγμα","κήρυτήα"
451,"θά","θά-ρα","ρα",1,2,"εύ-ρα","εύ",2,0,0,1,"κιθάρα","κιεύρα"
342,"κί","κί-νδ","νδ",1,9,"κί-ζε","ζε",9,0,0,1,"κίνδυνος","κίζευνος"
288,"νη","νη-τή","τή",1,23,"ρω-τή","ρω",23,0,0,1,"κινητήρας","κιρωτήρας"
324,"first_blank","first_blank-κί","κί",1,113,"first_blank-άλ","άλ",113,0,0,1,"κίτρινος","άλτρινος"
616,"ασ","ασ-σι","σι",1,7,"ασ-υγ","υγ",7,0,0,1,"κλασσικός","κλασυγκός"
467,"δα","δα-ρι","ρι",1,6,"ικ-ρι","ικ",6,0,0,1,"κλειδαριά","κλειικριά"
196,"εί","εί-σε","σε",1,7,"δύ-σε","δύ",7,0,0,1,"κλείσε","κλδύσε"
197,"εί","εί-σι","σι",1,2,"μτ-σι","μτ",2,0,0,1,"κλείσιμο","κλμτσιμο"
154,"ει","ει-στ","στ",1,26,"νω-στ","νω",26,0,0,1,"κλειστό","κλνωστό"
134,"ομ","ομ-ώ","ώ",1,1,"αχ-ώ","αχ",1,0,0,1,"κληρονομώ","κληροναχώ"
340,"ιν","ιν-ικ","ικ",1,19,"ελ-ικ","ελ",19,0,0,1,"κλινική","κλελική"
82,"ιλ","ιλ-άδ","άδ",1,3,"ιλ-έτ","έτ",3,0,0,1,"κοιλάδα","κοιλέτα"
994,"κο","κο-ιλ","ιλ",1,22,"κο-με","με",22,0,0,1,"κοιλιακός","κομειακός"
866,"ιν","ιν-ό","ό",1,31,"ερ-ό","ερ",27,4,0,1,"κοινό","κοερό"
422,"ιν","ιν-ότ","ότ",1,21,"σκ-ότ","σκ",21,0,0,1,"κοινότητα","κοσκότητα"
207,"λα","λα-ση","ση",1,11,"λα-ιπ","ιπ",11,0,0,1,"κόλαση","κόλαιπ"
397,"κο","κο-λι","λι",1,4,"κο-υό","υό",4,0,0,1,"κολιέ","κουόέ"
756,"μι","μι-σσ","σσ",1,3,"μι-νχ","νχ",3,0,0,1,"κόμισσα","κόμινχα"
915,"μμ","μμ-α","α",1,16,"αγ-α","αγ",16,0,0,1,"κόμμα","κόαγα"
892,"μμ","μμ-άτ","άτ",1,12,"ακ-άτ","ακ",12,0,0,1,"κομμάτι","κοακάτι"
238,"μμ","μμ-ου","ου",1,11,"κά-ου","κά",11,0,0,1,"κομμουνιστικός","κοκάουνιστικός"
986,"μψ","μψ-ός","ός",1,1,"γν-ός","γν",1,0,0,1,"κομψός","κογνός"
257,"κο","κο-νι","νι",1,9,"κο-υα","υα",9,0,0,1,"κονιάκ","κουαάκ"
30,"τσ","τσ-ια","ια",1,11,"τσ-αμ","αμ",11,0,0,1,"κορίτσια","κορίτσαμ"
569,"σμ","σμ-ημ","ημ",1,9,"σμ-ήν","ήν",9,0,0,1,"κόσμημα","κόσμήνα"
146,"σμ","σμ-ος","ος",1,8,"ύλ-ος","ύλ",8,0,0,1,"κόσμος","κόύλος"
877,"κο","κο-υζ","υζ",1,8,"κο-μψ","μψ",8,0,0,1,"κουζίνα","κομψίνα"
621,"υν","υν-έλ","έλ",1,3,"υν-άς","άς",3,0,0,1,"κουνέλι","κουνάςι"
477,"υφ","υφ-ός","ός",1,2,"λλ-ός","λλ",2,0,0,1,"κουφός","κολλός"
449,"αν","αν-ίο","ίο",1,5,"αν-ηκ","ηκ",5,0,0,1,"κρανίο","κρανηκ"
888,"κρ","κρ-έα","έα",1,3,"κρ-οζ","οζ",3,0,0,1,"κρέας","κροζς"
536,"κρ","κρ-εβ","εβ",1,17,"κρ-ιθ","ιθ",17,0,0,1,"κρεβάτι","κριθάτι"
840,"εμ","εμ-μύ","μύ",1,2,"εμ-λί","λί",2,0,0,1,"κρεμμύδι","κρεμλίδι"
462,"κρ","κρ-ίσ","ίσ",1,32,"κρ-ού","ού",32,0,0,1,"κρίση","κρούη"
69,"ύβ","ύβ-ω","ω",1,2,"ίλ-ω","ίλ",2,0,0,1,"κρύβω","κρίλω"
346,"ύο","ύο-last_blank","last_blank",1,2,"gd-last_blank","gd",2,0,0,1,"κρύο","κρgd"
527,"κτ","κτ-ίρ","ίρ",1,4,"θε-ίρ","θε",4,0,0,1,"κτίριο","θείριο"
623,"first_blank","first_blank-κυ","κυ",1,313,"first_blank-αι","αι",313,0,0,1,"κυβέρνηση","αιβέρνηση"
113,"γη","γη-τό","τό",1,2,"μπ-τό","μπ",2,0,0,1,"κυνηγητό","κυνημπτό"
832,"κυ","κυ-νι","νι",1,7,"με-νι","με",7,0,0,1,"κυνικός","μενικός"
156,"ρί","ρί-α","α",1,55,"τι-α","τι",55,0,0,1,"κυρία","κυτια"
259,"first_blank","first_blank-κυ","κυ",1,313,"first_blank-αι","αι",313,0,0,1,"κυριακή","αιριακή"
515,"κό","κό-ς ","ς ",1,1,"κό-φμ","φμ",1,0,0,1,"κωδικός πρόσβασης","κωδικόφμπρόσβασης"
894,"δώ","δώ-νι","νι",1,1,"ιγ-νι","ιγ",1,0,0,1,"κωδώνισμα","κωιγνισμα"
426,"κω","κω-μω","μω",1,4,"κω-νό","νό",4,0,0,1,"κωμωδία","κωνόδία"
52,"λά","λά-δι","δι",1,6,"λά-κω","κω",6,0,0,1,"λάδι","λάκω"
782,"λά","λά-θο","θο",1,4,"οω-θο","οω",4,0,0,1,"λάθος","οωθος"
604,"ιμ","ιμ-ός","ός",1,2,"δρ-ός","δρ",2,0,0,1,"λαιμός","λαδρός"
773,"ρό","ρό-σ","σ",1,1,"χε-σ","χε",1,0,0,1,"λαμπρόσ","λαμπχεσ"
260,"λέ","λέ-γω","γω",1,1,"λέ-ηλ","ηλ",1,0,0,1,"λέγω","λέηλ"
980,"ιτ","ιτ-ου","ου",1,43,"τσ-ου","τσ",43,0,0,1,"λειτουργικός","λετσουργικός"
263,"πτ","πτ-ό","ό",1,3,"σκ-ό","σκ",3,0,0,1,"λεπτό","λεσκό"
347,"ωφ","ωφ-ορ","ορ",1,7,"σπ-ορ","σπ",7,0,0,1,"λεωφορείο","λεσπορείο"
574,"first_blank","first_blank-λη","λη",1,43,"first_blank-ta","ta",43,0,0,1,"ληστεία","taστεία"
280,"first_blank","first_blank-λη","λη",1,43,"first_blank-ta","ta",43,0,0,1,"ληστεύω","taστεύω"
26,"λι","λι-μά","μά",1,4,"λι-έτ","έτ",4,0,0,1,"λιμάνι","λιέτνι"
472,"λί","λί-μν","μν",1,3,"λί-τα","τα",3,0,0,1,"λίμνη","λίταη"
289,"υζ","υζ-ίν","ίν",1,6,"τσ-ίν","τσ",6,0,0,1,"λιμουζίνα","λιμοτσίνα"
88,"λι","λι-ον","ον",1,9,"λι-γό","γό",9,0,0,1,"λιοντάρι","λιγότάρι"
731,"γι","γι-κό","κό",1,36,"γι-σμ","σμ",35,1,0,1,"λογικός","λογισμς"
645,"ού","ού-δι","δι",1,7,"ρο-δι","ρο",7,0,0,1,"λουλούδι","λουλροδι"
372,"λύ","λύ-κο","κο",1,5,"λύ-χρ","χρ",5,0,0,1,"λύκος","λύχρς"
979,"first_blank","first_blank-λύ","λύ",1,67,"first_blank-ψα","ψα",67,0,0,1,"λύτρα","ψατρα"
943,"μα","μα-γι","γι",1,23,"μα-ρχ","ρχ",23,0,0,1,"μαγιονέζα","μαρχονέζα"
561,"μά","μά-γι","γι",1,11,"μά-νο","νο",11,0,0,1,"μάγισσα","μάνοσσα"
160,"μά","μά-γο","γο",1,9,"μά-ρα","ρα",9,0,0,1,"μάγος","μάρας"
786,"υλ","υλ-ο","ο",1,24,"άτ-ο","άτ",24,0,0,1,"μάγουλο","μάγοάτο"
689,"ύω","ύω-last_blank","last_blank",1,36,"οκ-last_blank","οκ",36,0,0,1,"μαζεύω","μαζεοκ"
214,"θη","θη-μα","μα",1,35,"ευ-μα","ευ",35,0,0,1,"μαθηματικά","μαευματικά"
965,"κα","κα-ρό","ρό",1,11,"κα-λί","λί",11,0,0,1,"μακαρόνια","μακαλίνια"
180,"κρ","κρ-ιά","ιά",1,3,"κρ-οψ","οψ",3,0,0,1,"μακριά","μακροψ"
394,"κρ","κρ-ύς","ύς",1,1,"κρ-ιο","ιο",1,0,0,1,"μακρύς","μακριο"
77,"μα","μα-μά","μά",1,7,"μα-κι","κι",7,0,0,1,"μαμά","μακι"
875,"νι","νι-κα","κα",1,17,"άγ-κα","άγ",17,0,0,1,"μάνικα","μάάγκα"
49,"ήλ","ήλ-ι","ι",1,2,"σo-ι","σo",2,0,0,1,"μαντήλι","μαντσoι"
473,"ρτ","ρτ-υρ","υρ",1,20,"ρτ-ον","ον",20,0,0,1,"μαρτυρία","μαρτονία"
721,"σά","σά-ζ","ζ",1,2,"κα-ζ","κα",2,0,0,1,"μασάζ","μακαζ"
916,"σά","σά-ω","ω",1,3,"ίδ-ω","ίδ",3,0,0,1,"μασάω","μαίδω"
322,"ύρ","ύρ-ος","ος",1,4,"λφ-ος","λφ",4,0,0,1,"μαύρος","μαλφος"
360,"χα","χα-ίρ","ίρ",1,23,"χα-ζο","ζο",23,0,0,1,"μαχαίρι","μαχαζοι"
369,"μά","μά-χη","χη",1,2,"τη-χη","τη",2,0,0,1,"μάχη","τηχη"
41,"χη","χη-τή","τή",1,2,"χη-θώ","θώ",2,0,0,1,"μαχητής","μαχηθώς"
101,"γά","γά-λο","λο",1,10,"τε-λο","τε",10,0,0,1,"μεγάλος","μετελος"
699,"θυ","θυ-σμ","σμ",1,12,"θυ-μά","μά",12,0,0,1,"μεθυσμένος","μεθυμάένος"
220,"ίο","ίο-ν","ν",1,5,"σά-ν","σά",5,0,0,1,"μείον","μεσάν"
599,"λέ","λέ-τη","τη",1,6,"λέ-κτ","κτ",6,0,0,1,"μελέτη","μελέκτ"
18,"αγ","αγ-ιό","ιό",1,7,"ήρ-ιό","ήρ",7,0,0,1,"μενταγιό","μεντήριό"
205,"μέ","μέ-σα","σα",1,1,"μέ-ξι","ξι",1,0,0,1,"μέσα","μέξι"
737,"ση","ση-μέ","μέ",1,2,"ορ-μέ","ορ",2,0,0,1,"μεσημέρι","μεορμέρι"
956,"με","με-ση","ση",1,14,"με-ντ","ντ",14,0,0,1,"μεσημεριανό","μεντμεριανό"
926,"με","με-τά","τά",1,39,"με-νε","νε",39,0,0,1,"μετάλλαξη","μενελλαξη"
784,"λλ","λλ-ιο","ιο",1,9,"αρ-ιο","αρ",9,0,0,1,"μετάλλιο","μετάαριο"
350,"λλ","λλ-ο","ο",1,15,"κτ-ο","κτ",15,0,0,1,"μέταλλο","μέτακτο"
176,"φο","φο-ρα","ρα",1,11,"εγ-ρα","εγ",11,0,0,1,"μεταφορα","μεταεγρα"
406,"τρ","τρ-ητ","ητ",1,8,"τρ-ιμ","ιμ",8,0,0,1,"μετρητής","μετριμής"
830,"φρ","φρ-ων","ων",1,4,"γκ-ων","γκ",4,0,0,1,"μετριόφρων","μετριόγκων"
987," τ"," τ-ην","ην",1,1,"ωλ-ην","ωλ",1,0,0,1,"μετρών την ώραν","μετρώνωλην ώραν"
272,"μή","μή-κο","κο",1,2,"εί-κο","εί",2,0,0,1,"μήκος","είκος"
314,"νυ","νυ-μα","μα",1,4,"γό-μα","γό",4,0,0,1,"μήνυμα","μήγόμα"
880,"μη","μη-τρ","τρ",1,22,"μη-σε","σε",22,0,0,1,"μητρική εταιρεία","μησεική εταιρεία"
695,"χα","χα-νή","νή",1,8,"χα-σα","σα",8,0,0,1,"μηχανή","μηχασα"
788,"χα","χα-νι","νι",1,29,"χα-λά","λά",30,1,0,1,"μηχανικός","μηχαλάκός"
700,"μί","μί-γμ","γμ",1,1,"μί-δε","δε",1,0,0,1,"μίγμα","μίδεα"
924,"μι","μι-ζέ","ζέ",1,2,"μι-ρά","ρά",2,0,0,1,"μιζέρια","μιράρια"
153,"κρ","κρ-ό","ό",1,6,"ιμ-ό","ιμ",6,0,0,1,"μικρό","μιιμό"
930,"οσ","οσ-κό","κό",1,13,"οσ-εγ","εγ",13,0,0,1,"μικροσκόπιο","μικροσεγπιο"
595,"κρ","κρ-όφ","όφ",1,4,"κρ-οο","οο",4,0,0,1,"μικρόφωνο","μικροοωνο"
435,"μι","μι-λώ","λώ",1,3,"βυ-λώ","βυ",3,0,0,1,"μιλώ","βυλώ"
714,"μι","μι-σθ","σθ",1,19,"μι-λά","λά",19,0,0,1,"μισθός","μιλάός"
876,"ιρ","ιρ-αί","αί",1,3,"ιρ-ιώ","ιώ",3,0,0,1,"μοιραίος","μοιριώος"
450,"λυ","λυ-νσ","νσ",1,4,"λυ-βό","βό",4,0,0,1,"μόλυνση","μόλυβόη"
461,"να","να-δι","δι",1,21,"να-τό","τό",20,1,0,1,"μοναδικός","μονατόκός"
521,"να","να-στ","στ",1,23,"κο-στ","κο",23,0,0,1,"μοναστήρι","μοκοστήρι"
8,"να","να-χι","χι",1,10,"ρι-χι","ρι",10,0,0,1,"μοναχικός","μοριχικός"
692,"νο","νο-πά","πά",1,2,"νο-γκ","γκ",2,0,0,1,"μονοπάτι","μονογκτι"
725,"ρφ","ρφ-ίν","ίν",1,3,"οξ-ίν","οξ",3,0,0,1,"μορφίνη","μοοξίνη"
341,"μο","μο-τέ","τέ",1,2,"μο-ύπ","ύπ",2,0,0,1,"μοτέλ","μούπλ"
150,"υσ","υσ-εί","εί",1,4,"υσ-ιώ","ιώ",4,0,0,1,"μουσείο","μουσιώο"
499,"μο","μο-υσ","υσ",1,48,"μο-ντ","ντ",48,0,0,1,"μουσικη","μοντικη"
490,"υσ","υσ-ικ","ικ",1,17,"υσ-τε","τε",17,0,0,1,"μουσικός","μουστεός"
308,"πά","πά-ς","ς",1,14,"νι-ς","νι",14,0,0,1,"μπαμπάς","μπαμνις"
511,"αρ","αρ-last_blank","last_blank",1,39,"νυ-last_blank","νυ",39,0,0,1,"μπαρ","μπνυ"
854,"μπ","μπ-άτ","άτ",1,30,"μπ-έλ","έλ",30,0,0,1,"μπάτμαν","μπέλμαν"
279,"ζμ","ζμ-πο","πο",1,6,"οϋ-πο","οϋ",6,0,0,1,"μπέιζμπολ","μπέιοϋπολ"
295,"μπ","μπ-έι","έι",1,30,"μπ-ρί","ρί",30,0,0,1,"μπέικον","μπρίκον"
33,"λε","λε-last_blank","last_blank",1,63,"μι-last_blank","μι",63,0,0,1,"μπλε","μπμι"
444,"ου","ου-κά","κά",1,13,"ου-ρλ","ρλ",13,0,0,1,"μπουκάλι","μπουρλλι"
126,"τσ","τσ-ο","ο",1,15,"λλ-ο","λλ",15,0,0,1,"μπράτσο","μπράλλο"
408,"μπ","μπ-ύρ","ύρ",1,4,"θο-ύρ","θο",4,0,0,1,"μπύρα","θούρα"
28,"ήγ","ήγ-κι","κι",1,3,"φώ-κι","φώ",3,0,0,1,"μυρμήγκι","μυρμφώκι"
443,"ρω","ρω-δι","δι",1,5,"γά-δι","γά",5,0,0,1,"μυρωδιά","μυγάδιά"
698,"μυ","μυ-ς","ς",1,1,"ζι-ς","ζι",1,0,0,1,"μυς","ζις"
264,"first_blank","first_blank-μυ","μυ",1,155,"first_blank-έλ","έλ",155,0,0,1,"μυστήριο","έλστήριο"
639,"first_blank","first_blank-μυ","μυ",1,155,"first_blank-έλ","έλ",155,0,0,1,"μυστικότητα","έλστικότητα"
545,"μύ","μύ-τη","τη",1,4,"οι-τη","οι",4,0,0,1,"μύτη","οιτη"
261,"λω","λω-πα","πα",1,2,"οι-πα","οι",2,0,0,1,"μώλωπας","μώοιπας"
523," σ"," σ-τα","τα",1,1,"υι-τα","υι",1,0,0,1,"να σταματήσει","ναυιταματήσει"
775,"να","να- σ"," σ",1,1,"να-δή","δή",1,0,0,1,"να συνεχίσει","ναδήυνεχίσει"
193,"να","να-ι","ι",1,20,"γο-ι","γο",20,0,0,1,"ναι","γοι"
622,"να","να-ύτ","ύτ",1,6,"να-ζω","ζω",6,0,0,1,"ναύτης","ναζωης"
935,"υτ","υτ-ία","ία",1,2,"υτ-οτ","οτ",2,0,0,1,"ναυτία","ναυτοτ"
44,"νέ","νέ-α","α",1,7,"ύπ-α","ύπ",7,0,0,1,"νέα","ύπα"
961,"νε","νε-αρ","αρ",1,17,"νε-στ","στ",17,0,0,1,"νεαρός","νεστός"
589,"κρ","κρ-ός","ός",1,6,"οι-ός","οι",6,0,0,1,"νεκρός","νεοιός"
556,"οτ","οτ-αφ","αφ",1,5,"έπ-αφ","έπ",5,0,0,1,"νεκροταφείο","νεκρέπαφείο"
194,"νέ","νέ-ος","ος",1,1,"εδ-ος","εδ",1,0,0,1,"νέος","εδος"
297,"ρο","ρο-χύ","χύ",1,3,"ρο-τζ","τζ",3,0,0,1,"νεροχύτης","νεροτζτης"
804,"first_blank","first_blank-νε","νε",1,285,"first_blank-βι","βι",285,0,0,1,"νευρικός","βιυρικός"
117,"first_blank","first_blank-νί","νί",1,63,"first_blank-πή","πή",63,0,0,1,"νίκη","πήκη"
157,"first_blank","first_blank-νι","νι",1,169,"first_blank-ρό","ρό",169,0,0,1,"νικητής","ρόκητής"
63,"μί","μί-ζω","ζω",1,10,"μί-λι","λι",10,0,0,1,"νομίζω","νομίλι"
380,"μι","μι-κό","κό",1,25,"κα-κό","κα",25,0,0,1,"νομικός","νοκακός"
112,"νό","νό-σο","σο",1,7,"λέ-σο","λέ",7,0,0,1,"νόσος","λέσος"
785,"νό","νό-στ","στ",1,7,"χά-στ","χά",7,0,0,1,"νόστιμο","χάστιμο"
3,"ίβ","ίβ-last_blank","last_blank",1,4,"pa-last_blank","pa",4,0,0,1,"ντεντεκτίβ","ντεντεκτpa"
750,"ομ","ομ-άτ","άτ",1,4,"ομ-πρ","πρ",4,0,0,1,"ντομάτα","ντομπρα"
928,"ου","ου-χω","χω",1,1,"ιε-χω","ιε",1,0,0,1,"ντουλαπα ρουχων","ντουλαπα ριεχων"
919,"νυ","νυ-φη","φη",1,1,"νυ-χθ","χθ",1,0,0,1,"νυφη","νυχθ"
410,"first_blank","first_blank-νω","νω",1,13,"first_blank-gu","gu",13,0,0,1,"νωρίς","guρίς"
243,"ερ","ερ-φη","φη",1,1,"ερ-τσ","τσ",1,0,0,1,"ξαδερφος ξαδερφη","ξαδερφος ξαδερτσ"
190,"first_blank","first_blank-ξέ","ξέ",1,108,"first_blank-χό","χό",108,0,0,1,"ξέρω","χόρω"
165,"first_blank","first_blank-ο ","ο ",1,1,"first_blank-cβ","cβ",1,0,0,1,"ο άνθρωπος","cβάνθρωπος"
669,"ηγ","ηγ-ός","ός",1,4,"ωπ-ός","ωπ",4,0,0,1,"οδηγός","οδωπός"
262,"first_blank","first_blank-οθ","οθ",1,7,"first_blank-αέ","αέ",7,0,0,1,"οθόνη","αέόνη"
827,"θε","θε-λώ","λώ",1,2,"θε-ίσ","ίσ",2,0,0,1,"οικειοθελώς","οικειοθείσς"
995,"κε","κε-ίο","ίο",1,8,"κε-λε","λε",8,0,0,1,"οικείος","οικελες"
706,"first_blank","first_blank-οι","οι",1,138,"first_blank-λέ","λέ",138,0,0,1,"οικογένεια","λέκογένεια"
388,"τώ","τώ-βρ","βρ",1,4,"τώ-νω","νω",4,0,0,1,"οκτώβριος","οκτώνωιος"
601,"ομ","ομ-άδ","άδ",1,9,"ομ-οί","οί",9,0,0,1,"ομάδα","ομοία"
50,"ίχ","ίχ-λη","λη",1,2,"άθ-λη","άθ",2,0,0,1,"ομίχλη","ομάθλη"
803,"ογ","ογ-ώ","ώ",1,2,"φθ-ώ","φθ",2,0,0,1,"ομολογώ","ομολφθώ"
740,"φι","φι-ά","ά",1,2,"βγ-ά","βγ",2,0,0,1,"ομορφιά","ομορβγά"
624,"πο","πο-νδ","νδ",1,14,"πο-λη","λη",14,0,0,1,"ομοσπονδία","ομοσποληία"
486,"όν","όν-ει","ει",1,6,"νά-ει","νά",6,0,0,1,"όνειρο","νάειρο"
5,"υγ","υγ-όν","όν",1,6,"αν-όν","αν",6,0,0,1,"οξυγόνο","οξανόνο"
858,"όπ","όπ-ισ","ισ",1,1,"μμ-ισ","μμ",1,0,0,1,"όπισθεν","μμισθεν"
216,"όπ","όπ-λο","λο",1,7,"όπ-τη","τη",7,0,0,1,"όπλο","όπτη"
989,"first_blank","first_blank-οπ","οπ",1,139,"first_blank-πί","πί",139,0,0,1,"οπλοστάσιο","πίλοστάσιο"
249,"όρ","όρ-αμ","αμ",1,2,"όρ-δο","δο",2,0,0,1,"όραμα","όρδοα"
781,"γα","γα-νο","νο",1,4,"λω-νο","λω",4,0,0,1,"όργανο","όρλωνο"
910,"νώ","νώ-νω","νω",1,4,"ρε-νω","ρε",4,0,0,1,"οργανώνω","οργαρενω"
690,"γή","γή-last_blank","last_blank",1,37,"πε-last_blank","πε",37,0,0,1,"οργή","ορπε"
911,"μό","μό-ς","ς",1,100,"ιο-ς","ιο",100,0,0,1,"ορισμός","ορισιος"
509,"όρ","όρ-κο","κο",1,7,"όρ-μη","μη",7,0,0,1,"όρκος","όρμης"
315,"first_blank","first_blank-ότ","ότ",1,22,"first_blank-br","br",22,0,0,1,"ότι","brι"
567,"λή","λή-last_blank","last_blank",1,62,"ξα-last_blank","ξα",62,0,0,1,"ουλή","ουξα"
273,"νι","νι-ος","ος",1,12,"ωπ-ος","ωπ",12,0,0,1,"ουράνιος","ουράωπος"
542,"first_blank","first_blank-ού","ού",1,50,"first_blank-όλ","όλ",50,0,0,1,"ούρο","όλρο"
179,"όσ","όσ-μι","μι",1,9,"δο-μι","δο",9,0,0,1,"παγκόσμια","παγκδομια"
881,"γω","γω-μα","μα",1,5,"λι-μα","λι",5,0,0,1,"πάγωμα","πάλιμα"
715,"θο","θο-ς","ς",1,18,"μέ-ς","μέ",18,0,0,1,"πάθος","πάμές"
366,"ιδ","ιδ-ί","ί",1,1,"ϊν-ί","ϊν",1,0,0,1,"παιδί","παϊνί"
562,"ικ","ικ-ή ","ή ",1,1,"ικ-έσ","έσ",1,0,0,1,"παιδική ηλικία","παιδικέσηλικία"
436,"δι","δι-last_blank","last_blank",1,61,"σο-last_blank","σο",61,0,0,1,"παιχνίδι","παιχνίσο"
51,"ίχ","ίχ-τη","τη",1,6,"λέ-τη","λέ",6,0,0,1,"παίχτης","παλέτης"
97,"πα","πα-κέ","κέ",1,6,"πα-σά","σά",6,0,0,1,"πακέτο","πασάτο"
54,"πά","πά-λη","λη",1,3,"πά-ππ","ππ",3,0,0,1,"πάλη","πάππ"
227,"ρφ","ρφ-η","η",1,6,"άλ-η","άλ",6,0,0,1,"πανεμορφη","πανεμοάλη"
356,"στ","στ-ήμ","ήμ",1,17,"στ-έκ","έκ",17,0,0,1,"πανεπιστήμιο","πανεπιστέκιο"
889," π"," π-λο","λο",1,1,"χί-λο","χί",1,0,0,1,"πανι πλοιου","πανιχίλοιου"
572,"πλ","πλ-ία","ία",1,2,"πλ-άι","άι",2,0,0,1,"πανοπλία","πανοπλάι"
183,"πά","πά-ντ","ντ",1,17,"πά-θε","θε",17,0,0,1,"πάντα","πάθεα"
271,"ρε","ρε-μέ","μέ",1,18,"ρε-τε","τε",18,0,0,1,"παντρεμένος","παντρετενος"
87,"πά","πά-νω","νω",1,3,"πά-ξε","ξε",3,0,0,1,"πάνω","πάξε"
456,"πά","πά-ς","ς",1,14,"νι-ς","νι",14,0,0,1,"παπάς","πανις"
890,"πι","πι-α","α",1,20,"άλ-α","άλ",20,0,0,1,"πάπια","πάάλα"
779,"πο","πο-ύτ","ύτ",1,17,"πο-ρε","ρε",17,0,0,1,"παπούτσι","παπορεσι"
816,"ρά","ρά-γρ","γρ",1,2,"ρά-λφ","λφ",2,0,0,1,"παράγραφος","παράλφαφος"
72,"γω","γω-last_blank","last_blank",1,19,"νέ-last_blank","νέ",19,0,0,1,"παράγω","παράνέ"
103,"ρα","ρα-γω","γω",1,30,"ρα-δι","δι",30,0,0,1,"παραγωγή","παραδιγή"
175,"δο","δο-σι","σι",1,9,"δο-τε","τε",9,0,0,1,"παραδοσιακός","παραδοτεακός"
142,"ρα","ρα-ίσ","ίσ",1,2,"ρα-σφ","σφ",2,0,0,1,"παραίσθηση","παρασφθηση"
237,"κα","κα-λώ","λώ",1,11,"κα-τό","τό",11,0,0,1,"παρακαλώ","παρακατό"
155,"υθ","υθ-ώ","ώ",1,7,"ον-ώ","ον",7,0,0,1,"παρακολουθώ","παρακολοονώ"
809,"ρά","ρά-λο","λο",1,8,"ρά-μπ","μπ",8,0,0,1,"παράλογος","παράμπγος"
629,"ρα","ρα-μέ","μέ",1,35,"ρα-κα","κα",36,1,0,1,"παραμένει","παρακανει"
403,"ξε","ξε-νο","νο",1,34,"ρώ-νο","ρώ",35,1,0,1,"παράξενος","παράρώνος"
959,"ρα","ρα-φυ","φυ",1,5,"ρα-θέ","θέ",5,0,0,1,"παραφυσικός","παραθέσικός"
764,"λή","λή-σι","σι",1,2,"ωτ-σι","ωτ",2,0,0,1,"παρεκκλήσι","παρεκκωτσι"
327,"πα","πα-τέ","τέ",1,10,"πα-γο","γο",10,0,0,1,"πατέρας","παγορας"
975,"μά","μά-χη","χη",1,2,"μά-ιο","ιο",2,0,0,1,"πεδίο μάχης","πεδίο μάιος"
463,"ιν","ιν-ασ","ασ",1,9,"ιν-όμ","όμ",9,0,0,1,"πεινασμένος","πεινόμμένος"
210,"λά","λά-τη","τη",1,10,"μα-τη","μα",10,0,0,1,"πελάτης","πεματης"
625,"πέ","πέ-ος","ος",1,1,"ηβ-ος","ηβ",1,0,0,1,"πέος","ηβος"
904,"ωμ","ωμ-εν","εν",1,8,"αν-εν","αν",8,0,0,1,"πεπρωμενο","πεπρανενο"
529,"ρι","ρι-γρ","γρ",1,22,"ρι-σσ","σσ",22,0,0,1,"περιγραφή","περισσαφή"
65,"ρι","ρι-εχ","εχ",1,5,"ρι-θε","θε",5,0,0,1,"περιεχόμενο","περιθεόμενο"
853,"ρί","ρί-με","με",1,13,"ρί-νγ","νγ",13,0,0,1,"περίμετρος","περίνγτρος"
219,"ρι","ρι-οδ","οδ",1,14,"ρι-άσ","άσ",14,0,0,1,"περιοδικό","περιάσικό"
702,"ρί","ρί-οδ","οδ",1,5,"ρί-λα","λα",5,0,0,1,"περίοδος","περίλαος"
565,"ορ","ορ-ίζ","ίζ",1,26,"ορ-ού","ού",26,0,0,1,"περιορίζω","περιορούω"
777,"ρι","ρι-οχ","οχ",1,7,"ρι-σο","σο",7,0,0,1,"περιοχή","περισοή"
901,"πο","πο-λί","λί",1,13,"ου-λί","ου",13,0,0,1,"περιπολία","περιουλία"
254,"ρί","ρί-πο","πο",1,4,"δη-πο","δη",4,0,0,1,"περίπου","πεδηπου"
539,"ήσ","ήσ-τε","τε",1,45,"ήσ-αμ","αμ",45,0,0,1,"περπατήστε","περπατήσαμ"
597,"τρ","τρ-α","α",1,61,"σί-α","σί",61,0,0,1,"πέτρα","πέσία"
530,"πε","πε-τσ","τσ",1,15,"πε-ίρ","ίρ",15,0,0,1,"πετσέτα","πείρέτα"
997,"χα","χα-ίν","ίν",1,17,"χα-μέ","μέ",17,0,0,1,"πετυχαίνω","πετυχαμέω"
149,"τώ","τώ-last_blank","last_blank",1,96,"ως-last_blank","ως",96,0,0,1,"πετώ","πεως"
96,"first_blank","first_blank-πη","πη",1,148,"first_blank-μί","μί",148,0,0,1,"πηγαίνω","μίγαίνω"
235,"first_blank","first_blank-πί","πί",1,139,"first_blank-οπ","οπ",139,0,0,1,"πίεση","οπεση"
229,"νό","νό-ς","ς",1,42,"λέ-ς","λέ",42,0,0,1,"πιθανός","πιθαλές"
168,"νώ","νώ-ς","ς",1,6,"κά-ς","κά",6,0,0,1,"πιθανώς","πιθακάς"
675,"λό","λό-το","το",1,9,"αρ-το","αρ",9,0,0,1,"πιλότος","πιαρτος"
747,"πι","πι-ρο","ρο",1,4,"πι-σω","σω",4,0,0,1,"πιρούνι","πισωύνι"
303,"στ","στ-εύ","εύ",1,42,"στ-ατ","ατ",41,1,0,1,"πιστεύω","πιστατω"
139,"first_blank","first_blank-πί","πί",1,139,"first_blank-οπ","οπ",139,0,0,1,"πίστη","οπστη"
613,"στ","στ-ός","ός",1,12,"ακ-ός","ακ",12,0,0,1,"πιστός","πιακός"
772,"άκ","άκ-α","α",1,13,"αι-α","αι",13,0,0,1,"πλάκα","πλαια"
447,"άσ","άσ-μα","μα",1,22,"χη-μα","χη",22,0,0,1,"πλάσμα","πλχημα"
40," ύ"," ύ-λη","λη",1,1,"πι-λη","πι",1,0,0,1,"πλαστική ύλη","πλαστικήπιλη"
664,"ατ","ατ-ύς","ύς",1,1,"ατ-νυ","νυ",1,0,0,1,"πλατύς","πλατνυ"
688,"ήρ","ήρ-ης","ης",1,2,"χν-ης","χν",2,0,0,1,"πλήρης","πλχνης"
278,"ορ","ορ-ητ","ητ",1,1,"ορ-ύμ","ύμ",1,0,0,1,"πληροφορητής","πληροφορύμής"
687,"ορ","ορ-ίε","ίε",1,4,"ορ-μη","μη",4,0,0,1,"πληροφορίες","πληροφορμης"
245,"ηρ","ηρ-οφ","οφ",1,32,"ηρ-εμ","εμ",32,0,0,1,"πληροφορώ","πληρεμορώ"
419,"οί","οί-ο","ο",1,2,"γρ-ο","γρ",2,0,0,1,"πλοίο","πλγρο"
412,"σι","σι-ος","ος",1,7,"πτ-ος","πτ",7,0,0,1,"πλούσιος","πλούπτος"
814,"ού","ού-το","το",1,15,"λη-το","λη",15,0,0,1,"πλούτος","πλλητος"
47,"πλ","πλ-ύσ","ύσ",1,5,"σδ-ύσ","σδ",5,0,0,1,"πλύση","σδύση"
466,"εύ","εύ-μα","μα",1,15,"δή-μα","δή",15,0,0,1,"πνεύμα","πνδήμα"
497,"δό","δό-σφ","σφ",1,2,"δό-με","με",2,0,0,1,"ποδόσφαιρο","ποδόμεαιρο"
291,"ίη","ίη-μα","μα",1,1,"μι-μα","μι",1,0,0,1,"ποίημα","πομιμα"
936,"πο","πο-ιό","ιό",1,19,"πο-δί","δί",19,0,0,1,"ποιότητα","ποδίτητα"
873,"πό","πό-κε","κε",1,3,"όγ-κε","όγ",3,0,0,1,"πόκερ","όγκερ"
845,"πο","πο-λε","λε",1,70,"πο-ιο","ιο",70,0,0,1,"πολεμικο ναυτικο","ποιομικο ναυτικο"
448,"λε","λε-μι","μι",1,17,"λε-ύε","ύε",17,0,0,1,"πολεμιστής","πολεύεστής"
651,"πό","πό-λη","λη",1,6,"πό-νε","νε",6,0,0,1,"πόλη","πόνε"
966,"πο","πο-λι","λι",1,81,"πο-υλ","υλ",81,0,0,1,"πολιτική","πουλτική"
74,"πο","πο-λι","λι",1,81,"πο-υλ","υλ",81,0,0,1,"πολιτικός","πουλτικός"
402,"πο","πο-λι","λι",1,81,"πο-υλ","υλ",81,0,0,1,"πολιτισμός","πουλτισμός"
102,"λύ","λύ-last_blank","last_blank",1,6,"lk-last_blank","lk",6,0,0,1,"πολύ","ποlk"
628,"μπ","μπ-ός","ός",1,2,"μπ-άξ","άξ",2,0,0,1,"πομπός","πομπάξ"
286,"πό","πό-νο","νο",1,5,"πό-με","με",5,0,0,1,"πόνος","πόμες"
396,"ρτ","ρτ-α","α",1,19,"φι-α","φι",19,0,0,1,"πόρτα","πόφια"
125,"οκ","οκ-άλ","άλ",1,24,"οκ-ρο","ρο",24,0,0,1,"πορτοκάλι","πορτοκροι"
553,"οφ","οφ-όλ","όλ",1,3,"ικ-όλ","ικ",3,0,0,1,"πορτοφόλι","πορτικόλι"
885,"σό","σό-last_blank","last_blank",1,7,"μέ-last_blank","μέ",7,0,0,1,"ποσό","πομέ"
365,"υλ","υλ-ί","ί",1,4,"να-ί","να",4,0,0,1,"πουλί","ποναί"
368,"πο","πο-υλ","υλ",1,81,"πο-λι","λι",81,0,0,1,"πουλώ","πολιώ"
275,"ύρ","ύρ-ο","ο",1,11,"όγ-ο","όγ",11,0,0,1,"πούρο","ποόγο"
1,"κά","κά-last_blank","last_blank",1,406,"ιο-last_blank","ιο",407,1,0,1,"πραγματικά","πραγματιιο"
302,"πρ","πρ-αγ","αγ",1,52,"πρ-οχ","οχ",50,2,0,1,"πραγματικός","προχματικός"
811,"πρ","πρ-ακ","ακ",1,19,"πρ-οω","οω",19,0,0,1,"πρακτικά","προωτικά"
109,"ρε","ρε-ίο","ίο",1,17,"ρε-μί","μί",17,0,0,1,"πρακτορείο","πρακτορεμί"
326,"κι","κι-πα","πα",1,4,"κι-τρ","τρ",4,0,0,1,"πρίγκιπας","πρίγκιτρς"
680,"λη","λη-μα","μα",1,30,"λη-ρω","ρω",30,0,0,1,"πρόβλημα","πρόβληρω"
231,"μμ","μμ-α","α",1,16,"αγ-α","αγ",16,0,0,1,"πρόγραμμα","πρόγρααγα"
401,"ότ","ότ-ης","ης",1,9,"ίν-ης","ίν",9,0,0,1,"προδότης","προδίνης"
42,"δρ","δρ-ος","ος",1,7,"σι-ος","σι",7,0,0,1,"πρόεδρος","πρόεσιος"
389,"ιμ","ιμ-άζ","άζ",1,20,"ιμ-ασ","ασ",20,0,0,1,"προετοιμάζω","προετοιμασω"
770,"πρ","πρ-όθ","όθ",1,11,"πρ-ωι","ωι",11,0,0,1,"πρόθεση","πρωιεση"
914,"πρ","πρ-οϊ","οϊ",1,17,"πρ-ησ","ησ",17,0,0,1,"προϊόν","πρησόν"
851,"λη","λη-ση","ση",1,25,"λη-θε","θε",25,0,0,1,"πρόκληση","πρόκληθε"
964,"ηθ","ηθ-εύ","εύ",1,18,"οπ-εύ","οπ",18,0,0,1,"προμηθεύω","προμοπεύω"
863,"πτ","πτ-ικ","ικ",1,19,"άρ-ικ","άρ",19,0,0,1,"προοπτική","προοάρική"
824,"λλ","λλ-ω","ω",1,7,"ρθ-ω","ρθ",7,0,0,1,"προσβάλλω","προσβάρθω"
808,"μό","μό-ς","ς",1,100,"ιο-ς","ιο",100,0,0,1,"προσδιορισμός","προσδιορισιος"
802,"οσ","οσ-ελ","ελ",1,12,"οσ-λά","λά",12,0,0,1,"προσελκύω","προσλάκύω"
948,"όσ","όσ-θε","θε",1,10,"μα-θε","μα",10,0,0,1,"πρόσθετος","πρμαθετος"
148,"φα","φα-τα","τα",1,2,"οv-τα","οv",2,0,0,1,"πρόσφατα","πρόσοvτα"
418,"ωπ","ωπ-ικ","ικ",1,24,"οδ-ικ","οδ",25,1,0,1,"προσωπικότητα","προσοδικότητα"
319,"πρ","πρ-ότ","ότ",1,16,"πρ-οθ","οθ",16,0,0,1,"πρόταση","προθαση"
912,"εί","εί-νω","νω",1,6,"μο-νω","μο",6,0,0,1,"προτείνω","προτμονω"
48,"αν","αν-ώς","ώς",1,1,"αν-θη","θη",1,0,0,1,"προφανώς","προφανθη"
898,"ορ","ορ-ά","ά",1,15,"αλ-ά","αλ",14,1,0,1,"προφορά","προφαλά"
298,"ωί","ωί-last_blank","last_blank",1,1,"ρv-last_blank","ρv",1,0,0,1,"πρωί","πρρv"
588," γ"," γ-ευ","ευ",1,1,"άπ-ευ","άπ",1,0,0,1,"πρωινο γευμα","πρωινοάπευμα"
58,"άθ","άθ-λη","λη",1,2,"μό-λη","μό",2,0,0,1,"πρωτάθλημα","πρωτμόλημα"
848,"χι","χι-κό","κό",1,10,"χι-σα","σα",10,0,0,1,"πρωταρχικός","πρωταρχισας"
256,"ολ","ολ-λο","λο",1,1,"ολ-ήσ","ήσ",1,0,0,1,"πρωτόκολλο","πρωτόκολήσ"
683,"υπ","υπ-ο","ο",1,6,"ύτ-ο","ύτ",6,0,0,1,"πρωτότυπο","πρωτότύτο"
568,"ήσ","ήσ-η","η",1,7,"ίλ-η","ίλ",7,0,0,1,"πτήση","πτίλη"
678,"ώμ","ώμ-α","α",1,5,"εδ-α","εδ",5,0,0,1,"πτώμα","πτεδα"
293,"κν","κν-ός","ός",1,1,"κν-άι","άι",1,0,0,1,"πυκνός","πυκνάι"
225,"first_blank","first_blank-πύ","πύ",1,25,"first_blank-ge","ge",25,0,0,1,"πύλη","geλη"
838,"ρε","ρε-τό","τό",1,4,"ρε-ψο","ψο",4,0,0,1,"πυρετός","πυρεψος"
895,"ρη","ρη-νι","νι",1,27,"μο-νι","μο",26,1,0,1,"πυρηνικός","πυμονικός"
722,"ρο","ρο-βο","βο",1,71,"ρο-υς","υς",70,1,0,1,"πυροβολικό","πυρουςλικό"
666,"first_blank","first_blank-πώ","πώ",1,14,"first_blank-un","un",14,0,0,1,"πώληση","unληση"
841,"ύν","ύν-last_blank","last_blank",1,334,"ίς-last_blank","ίς",332,2,0,1,"ρακούν","ρακοίς"
200,"ρε","ρε-αλ","αλ",1,11,"επ-αλ","επ",11,0,0,1,"ρεαλιστικός","επαλιστικός"
89,"ικ","ικ-ός","ός",1,157,"ικ-ού","ού",157,0,0,1,"ρομαντικός","ρομαντικού"
727,"ρώ","ρώ-μη","μη",1,2,"αί-μη","αί",2,0,0,1,"ρώμη","αίμη"
420,"σα","σα-κά","κά",1,7,"σα-μα","μα",7,0,0,1,"σακάκι","σαμακι"
277,"σα","σα-λά","λά",1,12,"σα-γγ","γγ",12,0,0,1,"σαλάτα","σαγγτα"
71,"λτ","λτ-σα","σα",1,6,"πέ-σα","πέ",6,0,0,1,"σάλτσα","σάπέσα"
185,"υρ","υρ-άι","άι",1,1,"εμ-άι","εμ",1,0,0,1,"σαμουράι","σαμοεμάι"
471,"άν","άν-ια","ια",1,18,"ρδ-ια","ρδ",18,0,0,1,"σαμπάνια","σαμπρδια"
970,"οτ","οτ-άζ","άζ",1,1,"χλ-άζ","χλ",1,0,0,1,"σαμποτάζ","σαμπχλάζ"
833,"σα","σα-ύρ","ύρ",1,3,"ιο-ύρ","ιο",3,0,0,1,"σαύρα","ιούρα"
56,"ιρ","ιρ-ά","ά",1,4,"ην-ά","ην",4,0,0,1,"σειρά","σεηνά"
708,"ιτ","ιτ-όρ","όρ",1,9,"αφ-όρ","αφ",9,0,0,1,"σερβιτόρα","σερβαφόρα"
900,"σε","σε-φ","φ",1,2,"αρ-φ","αρ",2,0,0,1,"σεφ","αρφ"
577,"σή","σή-μα","μα",1,13,"χό-μα","χό",13,0,0,1,"σήμα","χόμα"
116,"μά","μά-δι","δι",1,6,"μά-με","με",6,0,0,1,"σημάδι","σημάμε"
169,"μα","μα-σι","σι",1,8,"μα-υτ","υτ",8,0,0,1,"σημασια","σημαυτα"
514,"σή","σή-ρα","ρα",1,3,"μύ-ρα","μύ",3,0,0,1,"σήραγγα","μύραγγα"
655,"ωπ","ωπ-ή","ή",1,1,"μφ-ή","μφ",1,0,0,1,"σιωπή","σιμφή"
704,"σκ","σκ-άν","άν",1,10,"σκ-λα","λα",10,0,0,1,"σκάνδαλο","σκλαδαλο"
285,"σκ","σκ-άφ","άφ",1,8,"σκ-ιν","ιν",8,0,0,1,"σκάφος","σκινος"
634,"λη","λη-ρό","ρό",1,11,"θα-ρό","θα",11,0,0,1,"σκληρός","σκθαρός"
99,"λη","λη-ρό","ρό",1,11,"λη-πτ","πτ",11,0,0,1,"σκληρότητα","σκληπττητα"
650,"οι","οι-νί","νί",1,7,"κα-νί","κα",7,0,0,1,"σκοινί","σκκανί"
500,"σκ","σκ-όν","όν",1,10,"σκ-άβ","άβ",10,0,0,1,"σκόνη","σκάβη"
791,"ισ","ισ-μέ","μέ",1,162,"ισ-τι","τι",162,0,0,1,"σκονισμένος","σκονιστινος"
742,"ελ","ελ-εύ","εύ",1,13,"ηκ-εύ","ηκ",13,0,0,1,"σκοπευτής ελεύθερος","σκοπευτής ηκεύθερος"
267,"οτ","οτ-άδ","άδ",1,2,"δυ-άδ","δυ",2,0,0,1,"σκοτάδι","σκδυάδι"
222,"οτ","οτ-ών","ών",1,18,"οτ-ρο","ρο",18,0,0,1,"σκοτώνω","σκοτροω"
908,"πί","πί-δι","δι",1,6,"θο-δι","θο",6,0,0,1,"σκουπίδια","σκουθοδια"
978,"first_blank","first_blank-σό","σό",1,70,"first_blank-άμ","άμ",70,0,0,1,"σόδα","άμδα"
648,"λά","λά-τα","τα",1,11,"λά-νγ","νγ",11,0,0,1,"σοκολάτα","σοκολάνγ"
973,"σπ","σπ-αν","αν",1,9,"κμ-αν","κμ",9,0,0,1,"σπανίως","κμανίως"
982,"ον","ον-οι","οι",1,8,"ον-ας","ας",8,0,0,1,"σπιτονοικοκύρης","σπιτοναςκοκύρης"
488,"δα","δα-ίο","ίο",1,8,"κε-ίο","κε",8,0,0,1,"σπουδαίος","σπουκείος"
744,"αθ","αθ-μό","μό",1,2,"αθ-ηκ","ηκ",2,0,0,1,"σταθμός","σταθηκς"
199,"άσ","άσ-η","η",1,11,"ύν-η","ύν",11,0,0,1,"στάση","στύνη"
796,"εί","εί-λε","λε",1,20,"εί-δω","δω",20,0,0,1,"στείλετε","στείδωτε"
685,"ήθ","ήθ-ος","ος",1,3,"υσ-ος","υσ",3,0,0,1,"στήθος","στυσος"
670,"χε","χε-ίο","ίο",1,15,"χε-ιμ","ιμ",15,0,0,1,"στοιχείο","στοιχειμ"
697,"ολ","ολ-ή","ή",1,18,"ασ-ή","ασ",20,2,0,1,"στολή","στασή"
990,"όλ","όλ-ος","ος",1,4,"χτ-ος","χτ",4,0,0,1,"στόλος","στχτος"
505,"τη","τη-γι","γι",1,8,"τη-ρε","ρε",8,0,0,1,"στρατηγική","στρατηρεκή"
723,"ρα","ρα-τό","τό",1,10,"ρα-υν","υν",10,0,0,1,"στρατός","στραυνς"
250,"υλ","υλ-last_blank","last_blank",1,16,"ιζ-last_blank","ιζ",16,0,0,1,"στυλ","στιζ"
633,"στ","στ-υλ","υλ",1,10,"στ-ία","ία",10,0,0,1,"στυλό","στίαό"
532,"ρα","ρα-φέ","φέ",1,10,"ρα-βλ","βλ",10,0,0,1,"συγγραφέας","συγγραβλας"
516,"τρ","τρ-ών","ών",1,23,"τρ-όπ","όπ",23,0,0,1,"συγκεντρώνομαι","συγκεντρόπομαι"
452,"γχ","γχ-υσ","υσ",1,5,"με-υσ","με",5,0,0,1,"σύγχυση","σύμευση"
512,"ζή","ζή-τη","τη",1,20,"αί-τη","αί",20,0,0,1,"συζήτηση","συαίτηση"
712,"συ","συ-κώ","κώ",1,2,"συ-ρε","ρε",2,0,0,1,"συκώτι","συρετι"
122,"σύ","σύ-λλ","λλ",1,8,"σύ-ρε","ρε",8,0,0,1,"σύλληψη","σύρεηψη"
883,"μβ","μβ-εί","εί",1,2,"σθ-εί","σθ",2,0,0,1,"συμβεί","συσθεί"
111,"ολ","ολ-ο","ο",1,18,"αι-ο","αι",18,0,0,1,"σύμβολο","σύμβαιο"
806,"λε","λε-ύω","ύω",1,3,"κτ-ύω","κτ",3,0,0,1,"συμβουλεύω","συμβουκτύω"
658,"μπ","μπ-όν","όν",1,19,"μπ-αί","αί",19,0,0,1,"συμπόνια","συμπαίια"
478,"ων","ων-ία","ία",1,10,"νε-ία","νε",10,0,0,1,"συμφωνία","συμφνεία"
143,"θη","θη-μα","μα",1,35,"ευ-μα","ευ",35,0,0,1,"συναισθημα","συναισευμα"
434,"να","να-ισ","ισ",1,22,"να-μπ","μπ",22,0,0,1,"συναισθηματική","συναμπθηματική"
382,"ντ","ντ-ησ","ησ",1,21,"άφ-ησ","άφ",21,0,0,1,"συνάντηση","συνάάφηση"
265,"ντ","ντ-ώ","ώ",1,3,"ηγ-ώ","ηγ",3,0,0,1,"συναντώ","συναηγώ"
603,"να","να-υλ","υλ",1,5,"να-ρω","ρω",5,0,0,1,"συναυλία","συναρωία"
510,"νδ","νδ-εσ","εσ",1,12,"πί-εσ","πί",12,0,0,1,"σύνδεση","σύπίεση"
287,"νδ","νδ-ρο","ρο",1,16,"δη-ρο","δη",16,0,0,1,"σύνδρομο","σύδηρομο"
10,"χώ","χώ-ς","ς",1,5,"οι-ς","οι",5,0,0,1,"συνεχώς","συνεοις"
202,"θη","θη-ς","ς",1,7,"πω-ς","πω",7,0,0,1,"συνήθης","συνήπως"
187,"θω","θω-ς","ς",1,6,"ετ-ς","ετ",6,0,0,1,"συνήθως","συνήετς"
820,"δε","δε-ύω","ύω",1,6,"δε-ρς","ρς",6,0,0,1,"συνοδεύω","συνοδερς"
543,"σύ","σύ-ντ","ντ",1,21,"υί-ντ","υί",21,0,0,1,"σύνταγμα","υίνταγμα"
332,"ρχ","ρχ-ης","ης",1,15,"άρ-ης","άρ",15,0,0,1,"συνταγματάρχης","συνταγματάάρης"
947,"ντ","ντ-ήρ","ήρ",1,4,"ντ-σα","σα",4,0,0,1,"συντήρηση","συντσαηση"
917,"ρι","ρι-γγ","γγ",1,2,"ρι-οί","οί",2,0,0,1,"σύριγγα","σύριοία"
531,"ρμ","ρμ-α","α",1,24,"λί-α","λί",24,0,0,1,"σύρμα","σύλία"
45,"συ","συ-σκ","σκ",1,15,"δι-σκ","δι",15,0,0,1,"συσκευή","δισκευή"
612,"σύ","σύ-στ","στ",1,11,"νώ-στ","νώ",11,0,0,1,"σύστημα","νώστημα"
276,"χν","χν-ά","ά",1,2,"πι-ά","πι",2,0,0,1,"συχνά","συπιά"
35,"σφ","σφ-αί","αί",1,5,"νι-αί","νι",5,0,0,1,"σφαίρα","νιαίρα"
281,"υρ","υρ-ί","ί",1,4,"να-ί","να",4,0,0,1,"σφυρί","σφναί"
828,"σφ","σφ-υρ","υρ",1,22,"μα-υρ","μα",22,0,0,1,"σφυρίζω","μαυρίζω"
206,"ιά","ιά-ζω","ζω",1,12,"ιά-ρι","ρι",12,0,0,1,"σχεδιάζω","σχεδιάρι"
226,"ία","ία-ση","ση",1,9,"ει-ση","ει",9,0,0,1,"σχεδίαση","σχεδειση"
204,"ικ","ικ-ά ","ά ",1,1,"ικ-φι","φι",1,0,0,1,"σχετικά με","σχετικφιμε"
439,"ολ","ολ-εί","εί",1,11,"ερ-εί","ερ",11,0,0,1,"σχολείο","σχερείο"
167,"τί","τί-δι","δι",1,5,"κώ-δι","κώ",5,0,0,1,"σωματίδιο","σωμακώδιο"
585,"στ","στ-ός","ός",1,12,"στ-άζ","άζ",12,0,0,1,"σωστός","σωστάζ"
135,"σω","σω-τή","τή",1,4,"εφ-τή","εφ",4,0,0,1,"σωτήρας","εφτήρας"
718,"τά","τά-γμ","γμ",1,7,"τά-ιν","ιν",7,0,0,1,"τάγμα","τάινα"
707,"τα","τα-ιν","ιν",1,10,"τα-τά","τά",10,0,0,1,"ταινία","τατάία"
649,"τα","τα-λέ","λέ",1,5,"τα-βλ","βλ",5,0,0,1,"ταλέντο","ταβλντο"
85,"χύ","χύ-τη","τη",1,7,"όπ-τη","όπ",7,0,0,1,"ταχύτητα","ταόπτητα"
364,"first_blank","first_blank-τέ","τέ",1,140,"first_blank-λί","λί",140,0,0,1,"τέλειος","λίλειος"
433,"λε","λε-τή","τή",1,11,"κη-τή","κη",11,0,0,1,"τελετή","τεκητή"
110,"αί","αί-ος","ος",1,12,"ρδ-ος","ρδ",12,0,0,1,"τελευταίος","τελευτρδος"
860,"τε","τε-λι","λι",1,22,"τε-ίν","ίν",22,0,0,1,"τελικά","τείνκά"
996,"τε","τε-λι","λι",1,22,"φά-λι","φά",22,0,0,1,"τελικός","φάλικός"
404,"first_blank","first_blank-τέ","τέ",1,140,"first_blank-εσ","εσ",140,0,0,1,"τένις","εσνις"
583,"στ","στ-ιο","ιο",1,14,"στ-αί","αί",14,0,0,1,"τεράστιος","τεράσταίς"
306,"ερ","ερ-ις","ις",1,5,"ερ-μπ","μπ",5,0,0,1,"τέσσερις","τέσσερμπ"
679,"τέ","τέ-τα","τα",1,8,"ρά-τα","ρά",8,0,0,1,"τέταρτο","ράταρτο"
294,"ρτ","ρτ-ος","ος",1,4,"ηρ-ος","ηρ",4,0,0,1,"τέταρτος","τέταηρος"
937,"χν","χν-ητ","ητ",1,6,"ηθ-ητ","ηθ",6,0,0,1,"τεχνητός","τεηθητός"
659,"χν","χν-ικ","ικ",1,15,"σμ-ικ","σμ",15,0,0,1,"τεχνική","τεσμική"
445,"λε","λε-όρ","όρ",1,3,"ιδ-όρ","ιδ",3,0,0,1,"τηλεόραση","τηιδόραση"
36,"λέ","λέ-φω","φω",1,10,"λέ-ντ","ντ",10,0,0,1,"τηλέφωνο","τηλέντνο"
311,"μή","μή-last_blank","last_blank",1,38,"ακ-last_blank","ακ",38,0,0,1,"τιμή","τιακ"
80,"μι","μι-ος","ος",1,5,"άκ-ος","άκ",5,0,0,1,"τίμιος","τίάκος"
159,"τι","τι-μι","μι",1,8,"τι-τί","τί",8,0,0,1,"τιμιότητα","τιτίότητα"
178,"first_blank","first_blank-τί","τί",1,86,"first_blank-έγ","έγ",86,0,0,1,"τίτλος","έγτλος"
720,"ερ","ερ-οδ","οδ",1,1,"ερ-ίφ","ίφ",1,0,0,1,"το αεροδρομιο","το αερίφρομιο"
506,"αρ","αρ-ελ","ελ",1,1,"αρ-δη","δη",1,0,0,1,"το παρελθόν","το παρδηθόν"
385,"το","το- π"," π",1,1,"το-βί","βί",1,0,0,1,"το πολύ","τοβίολύ"
290,"μή","μή-last_blank","last_blank",1,38,"ra-last_blank","ra",38,0,0,1,"τομή","τοra"
963,"το","το-πι","πι",1,23,"το-λο","λο",23,0,0,1,"τοπικός","τολοκός"
217,"θε","θε-σί","σί",1,6,"θε-αμ","αμ",6,0,0,1,"τοποθεσία","τοποθεαμα"
602,"υα","υα-λέ","λέ",1,4,"υα-ρτ","ρτ",4,0,0,1,"τουαλέτα","τουαρττα"
641,"υρ","υρ-κί","κί",1,3,"τε-κί","τε",3,0,0,1,"τουρκία","τοτεκία"
861,"ήξ","ήξ-τε","τε",1,3,"μυ-τε","μυ",3,0,0,1,"τραβήξτε","τραβμυτε"
258,"αγ","αγ-ικ","ικ",1,12,"ημ-ικ","ημ",12,0,0,1,"τραγικός","τρημικός"
660,"δι","δι-last_blank","last_blank",1,61,"σο-last_blank","σο",61,0,0,1,"τραγούδι","τραγούσο"
208,"ελ","ελ-ός","ός",1,3,"ελ-ια","ια",3,0,0,1,"τρελός","τρελια"
195,"τρ","τρ-ία","ία",1,9,"τρ-έν","έν",9,0,0,1,"τρία","τρέν"
653,"τρ","τρ-ίγ","ίγ",1,3,"τρ-άς","άς",3,0,0,1,"τρίγωνο","τράςωνο"
734,"λο","λο-ύς","ύς",1,10,"λο-κά","κά",10,0,0,1,"τριπλούς","τριπλοκά"
458,"τρ","τρ-ίτ","ίτ",1,14,"τρ-αν","αν",14,0,0,1,"τρίτη","τρανη"
821,"ομ","ομ-άζ","άζ",1,19,"ομ-οι","οι",19,0,0,1,"τρομάζω","τρομοιω"
218,"οχ","οχ-ιά","ιά",1,5,"αψ-ιά","αψ",5,0,0,1,"τροχιά","τραψιά"
70,"τρ","τρ-ύπ","ύπ",1,13,"τρ-εμ","εμ",13,0,0,1,"τρύπα","τρεμα"
733,"ώω","ώω-last_blank","last_blank",1,2,"ύζ-last_blank","ύζ",2,0,0,1,"τρώω","τρύζ"
395,"τσ","τσ-άν","άν",1,22,"ικ-άν","ικ",22,0,0,1,"τσάντα","ικάντα"
296,"άρ","άρ-ο","ο",1,12,"ελ-ο","ελ",12,0,0,1,"τσιγάρο","τσιγελο"
780,"ίρ","ίρ-κο","κο",1,3,"ξα-κο","ξα",3,0,0,1,"τσίρκο","τσξακο"
522,"τύ","τύ-πο","πο",1,5,"ξε-πο","ξε",5,0,0,1,"τύπος","ξεπος"
481,"τυ","τυ-ρί","ρί",1,6,"τυ-λι","λι",6,0,0,1,"τυρί","τυλι"
152,"first_blank","first_blank-υγ","υγ",1,44,"first_blank-lo","lo",44,0,0,1,"υγρό","loρό"
891,"γό","γό-νο","νο",1,6,"εθ-νο","εθ",6,0,0,1,"υδρογόνο","υδροεθνο"
390,"first_blank","first_blank-υι","υι",1,35,"first_blank-σή","σή",35,0,0,1,"υιός","σήός"
440,"ασ","ασ-πί","πί",1,21,"ασ-ιά","ιά",21,0,0,1,"υπερασπίζω","υπερασιάζω"
929,"ερ","ερ-βά","βά",1,11,"ερ-εί","εί",11,0,0,1,"υπερβάλλω","υπερείλλω"
524,"έτ","έτ-ης","ης",1,7,"έτ-οι","οι",7,0,0,1,"υπηρέτης","υπηρέτοι"
940,"έτ","έτ-ρι","ρι",1,9,"ξε-ρι","ξε",9,0,0,1,"υπηρέτρια","υπηρξερια"
584,"δω","δω-μά","μά",1,8,"χη-μά","χη",8,0,0,1,"υπνοδωμάτιο","υπνοχημάτιο"
248,"first_blank","first_blank-ύπ","ύπ",1,42,"first_blank-οχ","οχ",42,0,0,1,"ύπνος","οχνος"
941,"φή","φή-last_blank","last_blank",1,39,"χα-last_blank","χα",39,0,0,1,"υπογραφή","υπογραχα"
221,"οδ","οδ-ει","ει",1,31,"στ-ει","στ",31,0,0,1,"υποδεικνύω","υπστεικνύω"
61,"όθ","όθ-εσ","εσ",1,8,"έχ-εσ","έχ",8,0,0,1,"υπόθεση","υπέχεση"
244,"τα","τα-το","το",1,36,"τα-ιρ","ιρ",36,0,0,1,"υποκατάστατο","υποκατάσταιρ"
119,"οκ","οκ-ρί","ρί",1,9,"ει-ρί","ει",9,0,0,1,"υποκρίνομαι","υπειρίνομαι"
68,"ογ","ογ-ίζ","ίζ",1,14,"αλ-ίζ","αλ",13,1,0,1,"υπολογίζω","υπολαλίζω"
578,"ογ","ογ-ισ","ισ",1,33,"λε-ισ","λε",33,0,0,1,"υπολογιστή","υπολλειστή"
361,"αγ","αγ-ός","ός",1,3,"αγ-ιέ","ιέ",3,0,0,1,"υπολοχαγός","υπολοχαγιέ"
86,"οπ","οπ-το","το",1,9,"οπ-ία","ία",9,0,0,1,"ύποπτος","ύποπίας"
609,"υπ","υπ-όσ","όσ",1,13,"υπ-οφ","οφ",13,0,0,1,"υπόσχεση","υποφχεση"
93,"υπ","υπ-ου","ου",1,24,"ρί-ου","ρί",24,0,0,1,"υπουργείο","ρίουργείο"
11,"ργ","ργ-ός","ός",1,12,"ακ-ός","ακ",12,0,0,1,"υπουργός","υπουακός"
158,"ηλ","ηλ-ός","ός",1,2,"δρ-ός","δρ",2,0,0,1,"υψηλός","υψδρός"
787,"first_blank","first_blank-υψ","υψ",1,55,"first_blank-pa","pa",55,0,0,1,"υψηλότητα","paηλότητα"
642,"ύψ","ύψ-ος","ος",1,1,"γχ-ος","γχ",1,0,0,1,"ύψος","γχος"
479,"ασ","ασ-ία","ία",1,28,"ασ-αν","αν",27,1,0,1,"φαντασία","φαντασαν"
415,"first_blank","first_blank-φα","φα",1,388,"first_blank-βο","βο",389,1,0,1,"φανταστικός","βονταστικός"
162,"φα","φα-ξ","ξ",1,3,"τέ-ξ","τέ",2,1,0,1,"φαξ","τέξ"
6,"ρμ","ρμ-ακ","ακ",1,26,"υλ-ακ","υλ",26,0,0,1,"φάρμακο","φάυλακο"
37,"ιβ","ιβ-άλ","άλ",1,16,"ατ-άλ","ατ",16,0,0,1,"φεστιβάλ","φεστατάλ"
475,"first_blank","first_blank-φή","φή",1,5,"first_blank-hy","hy",5,0,0,1,"φήμη","hyμη"
517,"ιν","ιν-όπ","όπ",1,1,"εκ-όπ","εκ",1,0,0,1,"φθινόπωρο","φθεκόπωρο"
939,"φί","φί-δι","δι",1,2,"πά-δι","πά",2,0,0,1,"φίδι","πάδι"
932,"ύθ","ύθ-ερ","ερ",1,9,"ιμ-ερ","ιμ",9,0,0,1,"φιλελεύθερος","φιλελειμερος"
592,"λί","λί-α","α",1,24,"υλ-α","υλ",24,0,0,1,"φιλία","φιυλα"
662,"first_blank","first_blank-φι","φι",1,266,"first_blank-γα","γα",265,1,0,1,"φιλικός","γαλικός"
362,"φί","φί-λο","λο",1,6,"οκ-λο","οκ",6,0,0,1,"φίλος","οκλος"
94,"νί","νί-ρι","ρι",1,2,"νί-κε","κε",2,0,0,1,"φινίρισμα","φινίκεσμα"
393,"όγ","όγ-α","α",1,1,"αα-α","αα",1,0,0,1,"φλόγα","φλααα"
899,"φλ","φλ-οι","οι",1,3,"ύτ-οι","ύτ",3,0,0,1,"φλοιός","ύτοιός"
619,"βε","βε-ρο","ρο",1,10,"αδ-ρο","αδ",10,0,0,1,"φοβερο","φοαδρο"
140,"φό","φό-βο","βο",1,5,"φό-ρν","ρν",5,0,0,1,"φόβος","φόρνς"
620,"ρε","ρε-μα","μα",1,11,"ρε-αλ","αλ",11,0,0,1,"φόρεμα","φόρεαλ"
147,"ηγ","ηγ-ό","ό",1,4,"δι-ό","δι",4,0,0,1,"φορτηγό","φορτδιό"
869,"ρτ","ρτ-ίο","ίο",1,3,"ρτ-ια","ια",3,0,0,1,"φορτίο","φορτια"
468,"φρ","φρ-άκ","άκ",1,7,"ελ-άκ","ελ",7,0,0,1,"φράκτης","ελάκτης"
23,"φρ","φρ-άο","άο",1,4,"φρ-ίτ","ίτ",4,0,0,1,"φράουλα","φρίτυλα"
981,"άσ","άσ-η","η",1,11,"όν-η","όν",11,0,0,1,"φράση","φρόνη"
905,"εσ","εσ-κά","κά",1,6,"χι-κά","χι",6,0,0,1,"φρεσκάρω","φρχικάρω"
370,"ικ","ικ-τό","τό",1,7,"ικ-ων","ων",7,0,0,1,"φρικτός","φρικωνς"
559,"ην","ην-ός","ός",1,2,"μπ-ός","μπ",2,0,0,1,"φτηνός","φτμπός"
242,"φυ","φυ-γά","γά",1,5,"φυ-ΐα","ΐα",5,0,0,1,"φυγάς","φυΐας"
643,"first_blank","first_blank-φυ","φυ",1,230,"first_blank-λι","λι",230,0,0,1,"φυλακή","λιλακή"
974,"κι","κι-ση","ση",1,4,"δα-ση","δα",4,0,0,1,"φυλάκιση","φυλάδαση"
493,"first_blank","first_blank-φυ","φυ",1,230,"first_blank-λι","λι",230,0,0,1,"φυλακισμένος","λιλακισμένος"
266,"σι","σι-κό","κό",1,16,"σι-δε","δε",16,0,0,1,"φυσικός","φυσιδες"
78,"φω","φω-ς","ς",1,4,"ρκ-ς","ρκ",4,0,0,1,"φως","ρκς"
590,"αφ","αφ-ία","ία",1,16,"λε-ία","λε",16,0,0,1,"φωτογραφία","φωτογρλεία"
21,"άφ","άφ-ος","ος",1,15,"ντ-ος","ντ",15,0,0,1,"φωτογράφος","φωτογρντος"
177,"ζο","ζο-ς","ς",1,8,"λω-ς","λω",8,0,0,1,"χαζος","χαλως"
62,"ετ","ετ-ώ","ώ",1,4,"ργ-ώ","ργ",4,0,0,1,"χαιρετώ","χαιρργώ"
635,"λί","λί-last_blank","last_blank",1,14,"at-last_blank","at",14,0,0,1,"χαλί","χαat"
614,"ργ","ργ-κε","κε",1,7,"νι-κε","νι",7,0,0,1,"χάμπουργκερ","χάμπουνικερ"
754,"χά","χά-πι","πι",1,2,"χά-μσ","μσ",2,0,0,1,"χάπι","χάμσ"
549,"χα","χα-ρά","ρά",1,21,"χα-στ","στ",20,1,0,1,"χαρά","χαστ"
591,"τω","τω-μέ","μέ",1,19,"γη-μέ","γη",19,0,0,1,"χαριτωμένος","χαριγημένος"
790,"χά","χά-ρτ","ρτ",1,14,"πό-ρτ","πό",14,0,0,1,"χάρτης","πόρτης"
358,"ιμ","ιμ-ών","ών",1,3,"ρε-ών","ρε",3,0,0,1,"χειμώνας","χερεώνας"
66,"ωγ","ωγ-ώ","ώ",1,1,"οπ-ώ","οπ",1,0,0,1,"χειραγωγώ","χειραγοπώ"
198,"έμ","έμ-βα","βα",1,4,"τα-βα","τα",4,0,0,1,"χειρουργική επέμβαση","χειρουργική επταβαση"
991,"λώ","λώ-να","να",1,14,"ου-να","ου",14,0,0,1,"χελώνα","χεουνα"
373,"χι","χι-όν","όν",1,6,"χι-μπ","μπ",6,0,0,1,"χιόνι","χιμπι"
564,"ίρ","ίρ-ος","ος",1,2,"φλ-ος","φλ",2,0,0,1,"χοίρος","χοφλος"
383,"χο","χο-ρό","ρό",1,2,"ψα-ρό","ψα",2,0,0,1,"χορός","ψαρός"
181,"ει","ει-άζ","άζ",1,22,"ει-σβ","σβ",22,0,0,1,"χρειάζομαι","χρεισβομαι"
636,"χρ","χρ-ήμ","ήμ",1,4,"υχ-ήμ","υχ",4,0,0,1,"χρήματα","υχήματα"
913,"ατ","ατ-οδ","οδ",1,22,"ατ-αλ","αλ",22,0,0,1,"χρηματοδότηση","χρηματαλότηση"
25,"οο","οο-ικ","ικ",1,1,"ζν-ικ","ζν",1,0,0,1,"χρηματοοικονομική","χρηματζνικονομική"
16,"ήσ","ήσ-η","η",1,7,"ύτ-η","ύτ",7,0,0,1,"χρήση","χρύτη"
38,"ισ","ισ-τι","τι",1,162,"ισ-μέ","μέ",162,0,0,1,"χριστιανός","χρισμέανός"
64,"first_blank","first_blank-χτ","χτ",1,146,"first_blank-σί","σί",146,0,0,1,"χτίζω","σίίζω"
172,"χυ","χυ-μό","μό",1,3,"χυ-σε","σε",3,0,0,1,"χυμός","χυσες"
769,"first_blank","first_blank-χω","χω",1,148,"first_blank-πη","πη",148,0,0,1,"χωριό","πηριό"
455,"first_blank","first_blank-ψά","ψά",1,51,"first_blank-όμ","όμ",51,0,0,1,"ψάρι","όμρι"
104,"ησ","ησ-last_blank","last_blank",1,1,"hi-last_blank","hi",1,0,0,1,"ψευδησ","ψευδhi"
507,"first_blank","first_blank-ψε","ψε",1,79,"first_blank-ιν","ιν",79,0,0,1,"ψεύτης","ινύτης"
783,"ψή","ψή-φο","φο",1,5,"ρό-φο","ρό",5,0,0,1,"ψήφος","ρόφος"
874,"ψη","ψη-φο","φο",1,9,"ρυ-φο","ρυ",9,0,0,1,"ψηφοφόρος","ρυφοφόρος"
967,"γί","γί-α","α",1,41,"υσ-α","υσ",42,1,0,1,"ψυχολογία","ψυχολουσα"
170,"first_blank","first_blank-ψυ","ψυ",1,122,"first_blank-χέ","χέ",121,1,0,1,"ψυχολογικός","χέχολογικός"
398,"first_blank","first_blank-ωκ","ωκ",1,8,"first_blank-tε","tε",8,0,0,1,"ωκεανός","tεεανός"
184,"ωρ","ωρ-αί","αί",1,12,"ωρ-ηθ","ηθ",12,0,0,1,"ωραίος","ωρηθος"
