"word_id","first","original_pair","second","syll","original_freq","replacement_pair","replacement_syll","replacement_freq","freq_diff","char_diff","letter_diff","original_word","replacement_word"
21,"first_blank","first_blank-ää","ää",2,133,"first_blank-hau","hau",133,0,1,1,"ääni","hauni"
925,"first_blank","first_blank-aar","aar",2,15,"first_blank-jee","jee",15,0,0,1,"aarre","jeere"
154,"aa","aa-si","si",2,8,"lek-si","lek",8,0,1,1,"aasi","leksi"
362,"aa","aa-vik","vik",3,2,"aa-kaan","kaan",2,0,1,1,"aavikko","aakaanko"
29,"rik","rik-ka","ka",3,33,"murs-ka","murs",7,26,1,1,"afrikka","afmurska"
104,"first_blank","first_blank-agent","agent",2,13,"first_blank-asioi","asioi",13,0,0,2,"agentti","asioiti"
160,"ds","ds-last_blank","last_blank",1,6,"ei-last_blank","ei",6,0,0,1,"aids","aiei"
918,"kui","kui-nen","nen",3,7,"kui-vuus","vuus",1,6,1,1,"aikuinen","aikuivuus"
215,"ai","ai-na","na",2,5,"tor-na","tor",5,0,1,1,"aina","torna"
201,"first_blank","first_blank-äi","äi",2,84,"first_blank-men","men",84,0,1,1,"äiti","menti"
15,"vot","vot-last_blank","last_blank",2,14,"mea-last_blank","mea",14,0,0,1,"aivot","aimea"
673,"aj","aj-aa","aa",1,1,"se-aa","se",1,0,0,1,"ajaa","seaa"
62,"first_blank","first_blank-ajo","ajo",3,27,"first_blank-ihas","ihas",27,0,1,1,"ajoneuvo","ihasneuvo"
842,"nen","nen-last_blank","last_blank",4,1781,"loway-last_blank","loway",5,1776,2,1,"aktiivinen","aktiiviloway"
409,"al","al-a","a",1,1,"ca-a","ca",1,0,0,1,"ala","caa"
994,"as","as-last_blank","last_blank",1,14,"be-last_blank","be",14,0,0,1,"alas","albe"
23,"first_blank","first_blank-alas","alas",2,23,"first_blank-eläi","eläi",23,0,0,1,"alaston","eläiton"
386,"bu","bu-mi","mi",3,2,"bu-lens","lens",2,0,2,1,"albumi","albulens"
988,"alem","alem-pi","pi",2,1,"ilon-pi","ilon",1,0,0,1,"alempi","ilonpi"
410,"first_blank","first_blank-aliar","aliar",3,10,"first_blank-tupla","tupla",10,0,0,2,"aliarvioida","tuplavioida"
361,"ho","ho-li","li",4,5,"aseel-li","aseel",4,1,3,1,"alkoholi","alkoaseelli"
317,"räi","räi-nen","nen",5,10,"cheyen-nen","cheyen",1,9,3,1,"alkuperäinen","alkupecheyennen"
974,"al","al-ue","ue",1,1,"al-on","on",1,0,0,1,"alue","alon"
563,"eel","eel-li","li",4,2,"rizzo-li","rizzo",1,1,2,1,"alueellinen","alurizzolinen"
30,"töö","töö-ri","ri",3,2,"prio-ri","prio",2,0,1,1,"amatööri","amapriori"
144,"lans","lans-si","si",4,1,"ohuek-si","ohuek",1,0,1,1,"ambulanssi","ambuohueksi"
749,"pu","pu-ja","ja",3,27,"pu-heen","heen",16,11,2,1,"ampuja","ampuheen"
870,"lyy","lyy-tik","tik",4,1,"idioo-tik","idioo",1,0,2,1,"analyytikko","anaidiootikko"
243,"first_blank","first_blank-anar","anar",2,4,"first_blank-uras","uras",4,0,0,1,"anarkia","uraskia"
644,"ana","ana-to","to",3,6,"kiel-to","kiel",6,0,1,1,"anatomia","kieltomia"
652,"first_blank","first_blank-ank","ank",3,8,"first_blank-traa","traa",8,0,1,1,"ankkuri","traakuri"
193,"nos","nos-last_blank","last_blank",2,15,"län-last_blank","län",15,0,0,1,"annos","anlän"
858,"first_blank","first_blank-ano","ano",3,11,"first_blank-komp","komp",11,0,1,1,"anonyymi","kompnyymi"
773,"an","an-sa","sa",2,1,"puo-sa","puo",1,0,1,1,"ansa","puosa"
45,"sait","sait-se","se",4,10,"elääk-se","elääk",2,8,1,1,"ansaitseva","anelääkseva"
405,"tkut","tkut-last_blank","last_blank",4,1,"marco-last_blank","marco",1,0,1,1,"antaa potkut","antaa pomarco"
815,"teek","teek-si","si",3,19,"klas-si","klas",8,11,0,1,"anteeksi","anklassi"
42,"an","an-teek","teek",4,20,"an-omais","omais",1,19,1,1,"anteeksianto","anomaissianto"
113,"first_blank","first_blank-api","api",2,19,"first_blank-bal","bal",19,0,0,1,"apina","balna"
783,"first_blank","first_blank-aree","aree",2,5,"first_blank-nart","nart",5,0,0,1,"areena","nartna"
138,"first_blank","first_blank-ark","ark",2,27,"first_blank-kän","kän",27,0,0,1,"arkku","känku"
40,"naa","naa-li","li",4,11,"aseel-li","aseel",4,7,2,1,"arsenaali","arseaseelli"
718,"tikla","tikla-last_blank","last_blank",2,1,"tican-last_blank","tican",1,0,0,1,"artikla","artican"
158,"vo","vo-last_blank","last_blank",2,31,"bin-last_blank","bin",31,0,1,1,"arvo","arbin"
798,"kas","kas-last_blank","last_blank",3,83,"lään-last_blank","lään",83,0,1,1,"arvokas","arvolään"
159,"ia","ia-last_blank","last_blank",1,31,"vo-last_blank","vo",31,0,0,1,"asia","asvo"
56,"first_blank","first_blank-asian","asian",4,19,"first_blank-elekt","elekt",15,4,0,1,"asiantuntija","elekttuntija"
481,"rii","rii-ni","ni",4,5,"haqqa-ni","haqqa",1,4,2,1,"aspiriini","aspihaqqani"
398,"ro","ro-naut","naut",4,4,"ro-sewoo","sewoo",3,1,1,1,"astronautti","astrosewooti"
976,"first_blank","first_blank-ato","ato",2,10,"first_blank-win","win",10,0,0,1,"atomi-","winmi"
76,"ku","ku-last_blank","last_blank",5,135,"ku-repliik","repliik",1,134,3,3,"auringonlasku","auringonlaskurepliik"
65,"au","au-ta","ta",2,2,"goi-ta","goi",2,0,1,1,"auta","goita"
909,"tog","tog-ra","ra",4,1,"pacab-ra","pacab",1,0,2,1,"autografi","aupacabrafi"
558,"first_blank","first_blank-avaa","avaa",3,13,"first_blank-ylis","ylis",13,0,0,1,"avaaminen","ylisminen"
428,"first_blank","first_blank-av","av",1,25,"first_blank-we","we",25,0,0,1,"avain","weain"
282,"ava","ava-ta","ta",2,3,"ven-ta","ven",3,0,0,1,"avata","venta"
252,"first_blank","first_blank-ave","ave",2,12,"first_blank-pih","pih",12,0,0,1,"avenue","pihnue"
64,"ero","ero-last_blank","last_blank",2,1,"säe-last_blank","säe",1,0,0,1,"avioero","aviosäe"
902,"first_blank","first_blank-avio","avio",2,66,"first_blank-omis","omis",66,0,0,1,"aviomies","omismies"
966,"first_blank","first_blank-avu","avu",2,9,"first_blank-hip","hip",9,0,0,1,"avuton","hipton"
449,"naa","naa-ni","ni",3,8,"klii-ni","klii",4,4,1,1,"banaani","bakliini"
573,"nus","nus-last_blank","last_blank",2,27,"rot-last_blank","rot",27,0,0,1,"bonus","borot"
863,"first_blank","first_blank-brän","brän",2,1,"first_blank-eväi","eväi",1,0,0,1,"brändi","eväidi"
24,"first_blank","first_blank-bra","bra",2,20,"first_blank-ohi","ohi",20,0,0,1,"bravo","ohivo"
659,"first_blank","first_blank-bud","bud",3,11,"first_blank-synk","synk",11,0,1,1,"budjetti","synkjetti"
690,"first_blank","first_blank-cae","cae",2,4,"first_blank-dig","dig",4,0,0,1,"caesar","digsar"
991,"first_blank","first_blank-col","col",3,29,"first_blank-haus","haus",29,0,1,1,"college","hauslege"
680,"cr","cr-ac","ac",1,1,"cr-un","un",1,0,0,1,"crack","crunk"
642,"de","de-kaa","kaa",3,3,"de-rick","rick",3,0,1,1,"dekaani","derickni"
754,"first_blank","first_blank-dn","dn",1,4,"first_blank-ib","ib",4,0,0,1,"dna","iba"
310,"first_blank","first_blank-draa","draa",2,5,"first_blank-rank","rank",5,0,0,1,"draama","rankma"
689,"maat","maat-ti","ti",4,27,"chris-ti","chris",7,20,1,1,"dramaattinen","drachristinen"
946,"first_blank","first_blank-dv","dv",1,3,"first_blank-sq","sq",3,0,0,1,"dvd","sqd"
911,"nas","nas-tia","tia",3,1,"pult-tia","pult",1,0,1,1,"dynastia","dypulttia"
785,"edes","edes-tä","tä",2,3,"teel-tä","teel",3,0,0,1,"edestä","teeltä"
214,"ede","ede-tä","tä",2,1,"fis-tä","fis",1,0,0,1,"edetä","fistä"
266,"edis","edis-ty","ty",4,12,"ikään-ty","ikään",3,9,1,1,"edistyminen","ikääntyminen"
3,"kas","kas-last_blank","last_blank",3,83,"lään-last_blank","lään",83,0,1,1,"ehdokas","ehdolään"
82,"dot","dot-taa","taa",3,4,"plan-taa","plan",3,1,1,1,"ehdottaa","ehplantaa"
807,"dot","dot-to","to",5,11,"prince-to","prince",4,7,3,1,"ehdottomasti","ehprincetomasti"
325,"skaan","skaan-last_blank","last_blank",3,1,"säiiä-last_blank","säiiä",1,0,0,1,"ei koskaan","ei kosäiiä"
221,"itään","itään-last_blank","last_blank",3,1,"liöön-last_blank","liöön",1,0,0,1,"ei mitään","ei mliöön"
148,"first_blank","first_blank-el","el",1,84,"first_blank-äi","äi",84,0,0,1,"elää","äiää"
743,"first_blank","first_blank-eläin","eläin",3,14,"first_blank-flirt","flirt",13,1,0,1,"eläintarha","flirttarha"
575,"elä","elä-ke","ke",2,6,"nok-ke","nok",6,0,0,1,"eläke","nokke"
840,"el","el-e","e",1,1,"az-e","az",1,0,0,1,"ele","aze"
808,"first_blank","first_blank-elo","elo",3,46,"first_blank-hyök","hyök",46,0,1,1,"elokuva","hyökkuva"
343,"first_blank","first_blank-elos","elos",2,2,"first_blank-erää","erää",2,0,0,1,"elossa","erääsa"
665,"first_blank","first_blank-emän","emän",2,7,"first_blank-ihan","ihan",7,0,0,1,"emäntä","ihantä"
671,"first_blank","first_blank-eng","eng",3,22,"first_blank-osoi","osoi",22,0,1,1,"englanti","osoilanti"
562,"en","en-ke","ke",3,18,"poik-ke","poik",5,13,2,1,"enkeli","poikkeli"
6,"nä","nä-tys","tys",3,4,"nä-kään","kään",5,1,1,1,"ennätys","ennäkään"
276,"mäi","mäi-nen","nen",4,16,"falco-nen","falco",1,15,2,1,"ensimmäinen","ensimfalconen"
92,"first_blank","first_blank-epäil","epäil",2,23,"first_blank-chris","chris",23,0,0,2,"epäillä","chrislä"
93,"lyt","lyt-tä","tä",5,35,"ericis-tä","ericis",1,34,3,1,"epämiellyttävä","epämielericistävä"
94,"suus","suus-last_blank","last_blank",7,67,"rickland-last_blank","rickland",1,66,4,1,"epäoikeudenmukaisuus","epäoikeudenmukairickland"
555,"epä","epä-ta","ta",5,11,"asiois-ta","asiois",4,7,3,1,"epätavallinen","asioistavallinen"
12,"first_blank","first_blank-eri","eri",3,100,"first_blank-käyt","käyt",103,3,1,1,"erikoinen","käytkoinen"
418,"first_blank","first_blank-erin","erin",3,8,"first_blank-koos","koos",8,0,0,1,"erinomainen","koosomainen"
101,"first_blank","first_blank-erit","erit",2,4,"first_blank-vaip","vaip",4,0,0,1,"erittäin","vaiptäin"
172,"ero","ero-ta","ta",2,1,"tuu-ta","tuu",1,0,0,1,"erota","tuuta"
731,"es","es-co","co",1,2,"pa-co","pa",2,0,0,1,"escort","pacort"
792,"tyä","tyä-last_blank","last_blank",2,149,"let-last_blank","let",149,0,0,1,"esiintyä","esiinlet"
9,"esi","esi-ne","ne",2,1,"dyn-ne","dyn",1,0,0,1,"esine","dynne"
422,"es","es-tää","tää",2,2,"es-sei","sei",1,1,0,1,"estää","essei"
116,"es","es-te","te",2,5,"vyy-te","vyy",5,0,1,1,"este","vyyte"
524,"first_blank","first_blank-etäi","etäi",2,12,"first_blank-enem","enem",12,0,0,1,"etäisyys","enemsyys"
285,"first_blank","first_blank-eta","eta",2,5,"first_blank-daw","daw",5,0,0,1,"etana","dawna"
621,"first_blank","first_blank-ete","ete",2,44,"first_blank-roh","roh",44,0,0,1,"etelään","rohlään"
381,"first_blank","first_blank-ete","ete",3,44,"first_blank-kuol","kuol",44,0,1,1,"eteläinen","kuolläinen"
341,"first_blank","first_blank-etuoi","etuoi",2,6,"first_blank-teois","teois",6,0,0,1,"etuoikeus","teoiskeus"
492,"first_blank","first_blank-evo","evo",3,6,"first_blank-cree","cree",6,0,1,1,"evoluutio","creeluutio"
28,"first_blank","first_blank-fik","fik",2,16,"first_blank-hah","hah",16,0,0,1,"fiksu","hahsu"
890,"fia","fia-last_blank","last_blank",4,9,"rence-last_blank","rence",6,3,2,1,"filosofia","filosorence"
711,"first_blank","first_blank-fluns","fluns",2,6,"first_blank-orans","orans",6,0,0,1,"flunssa","oranssa"
51,"first_blank","first_blank-foo","foo",3,1,"first_blank-shag","shag",1,0,1,1,"foorumi","shagrumi"
453,"siik","siik-ka","ka",3,1,"ruai-ka","ruai",1,0,0,1,"fysiikka","fyruaika"
510,"first_blank","first_blank-gal","gal",3,16,"first_blank-edes","edes",16,0,1,1,"galleria","edesleria"
676,"raat","raat-to","to",5,11,"lexing-to","lexing",2,9,2,1,"generaattori","genelexingtori"
818,"lf","lf-last_blank","last_blank",1,7,"ep-last_blank","ep",7,0,0,1,"golf","goep"
916,"first_blank","first_blank-haa","haa",2,93,"first_blank-puu","puu",94,1,0,1,"haava","puuva"
426,"ha","ha-e","e",1,1,"az-e","az",1,0,0,1,"hae","aze"
235,"ha","ha-i","i",1,1,"io-i","io",1,0,0,1,"hai","ioi"
123,"lin","lin-to","to",3,6,"reak-to","reak",6,0,1,1,"hallinto","halreakto"
545,"first_blank","first_blank-hal","hal",3,205,"first_blank-muis","muis",191,14,1,1,"hallita","muislita"
126,"tys","tys-last_blank","last_blank",3,95,"liin-last_blank","liin",89,6,1,1,"hälytys","hälyliin"
175,"häk","häk-ki","ki",4,4,"brons-ki","brons",1,3,2,1,"hämähäkki","hämäbronski"
648,"ha","ha-me","me",2,1,"mur-me","mur",1,0,1,1,"hame","murme"
33,"han","han-hi","hi",2,4,"koi-hi","koi",4,0,0,1,"hanhi","koihi"
530,"han","han-ke","ke",2,1,"suk-ke","suk",1,0,0,1,"hanke","sukke"
131,"tel","tel-la","la",4,111,"choco-la","choco",1,110,2,1,"harjoitella","harjoichocola"
18,"har","har-ki","ki",3,4,"niik-ki","niik",4,0,1,1,"harkita","niikkita"
885,"ras","ras-tus","tus",3,4,"nioi-tus","nioi",4,0,1,1,"harrastus","harnioitus"
139,"hau","hau-ta","ta",2,30,"rus-ta","rus",31,1,0,1,"hauta","rusta"
44,"vain","vain-to","to",3,4,"unet-to","unet",4,0,0,1,"havainto","haunetto"
969,"viä","viä-jä","jä",3,1,"maan-jä","maan",7,6,1,1,"häviäjä","hämaanjä"
141,"first_blank","first_blank-he","he",1,224,"first_blank-in","in",224,0,0,1,"hei","ini"
587,"jas","jas-tus","tus",3,6,"nioi-tus","nioi",4,2,1,1,"heijastus","heinioitus"
981,"first_blank","first_blank-hen","hen",3,240,"first_blank-muis","muis",191,49,1,1,"henkilö","muiskilö"
196,"first_blank","first_blank-hen","hen",6,240,"first_blank-brookly","brookly",6,234,4,1,"henkilökohtainen","brooklykilökohtainen"
88,"ki","ki-nen","nen",3,20,"ki-rouk","rouk",8,12,1,1,"henkinen","henkirouk"
596,"ta","ta-ge","ge",4,3,"ta-riqin","riqin",1,2,3,1,"heritage","heritariqin"
150,"first_blank","first_blank-herk","herk",2,15,"first_blank-huuh","huuh",15,0,0,1,"herkkä","huuhkä"
408,"first_blank","first_blank-her","her",2,144,"first_blank-kos","kos",144,0,0,1,"hermo","kosmo"
502,"first_blank","first_blank-her","her",2,144,"first_blank-kos","kos",144,0,0,1,"herra","kosra"
523,"das","das-last_blank","last_blank",2,12,"joa-last_blank","joa",12,0,0,1,"hidas","hijoa"
945,"hii","hii-li","li",2,7,"mel-li","mel",7,0,0,1,"hiili","melli"
692,"hii","hii-ri","ri",2,2,"gaa-ri","gaa",2,0,0,1,"hiiri","gaari"
157,"first_blank","first_blank-hil","hil",3,75,"first_blank-muut","muut",74,1,1,1,"hiljainen","muutjainen"
845,"moi","moi-ta","ta",3,4,"jaus-ta","jaus",4,0,1,1,"himoita","hijausta"
536,"viö","viö-last_blank","last_blank",2,4,"tei-last_blank","tei",4,0,0,1,"hirviö","hirtei"
522,"taas","taas-ti","ti",3,3,"heut-ti","heut",3,0,0,1,"hitaasti","hiheutti"
582,"hiuk","hiuk-set","set",2,1,"tiai-set","tiai",1,0,0,1,"hiukset","tiaiset"
161,"hoi","hoi-to","to",2,19,"ras-to","ras",18,1,0,1,"hoito","rasto"
179,"first_blank","first_blank-höl","höl",2,19,"first_blank-sig","sig",19,0,0,1,"hölmö","sigmö"
8,"first_blank","first_blank-hor","hor",3,23,"first_blank-kump","kump",23,0,1,1,"hormoni","kumpmoni"
483,"tel","tel-li","li",3,12,"ihai-li","ihai",9,3,1,1,"hotelli","hoihaili"
620,"first_blank","first_blank-huip","huip",2,21,"first_blank-elin","elin",21,0,0,1,"huippu","elinpu"
879,"first_blank","first_blank-huk","huk",2,27,"first_blank-lyö","lyö",27,0,0,1,"hukkua","lyökua"
872,"luus","luus-last_blank","last_blank",2,2,"teis-last_blank","teis",2,0,0,1,"hulluus","hulteis"
967,"hu","hu-na","na",3,4,"tree-na","tree",4,0,2,1,"hunaja","treenaja"
152,"les","les-tu","tu",4,11,"avioi-tu","avioi",2,9,2,1,"huolestunut","huoavioitunut"
2,"huo","huo-men","men",3,5,"avai-men","avai",5,0,1,1,"huomenna","avaimenna"
944,"mio","mio-last_blank","last_blank",2,13,"pea-last_blank","pea",13,0,0,1,"huomio","huopea"
447,"huo","huo-ne","ne",2,39,"len-ne","len",37,2,0,1,"huone","lenne"
683,"huo","huo-no","no",2,10,"tek-no","tek",11,1,0,1,"huono","tekno"
847,"first_blank","first_blank-hur","hur",4,37,"first_blank-asiak","asiak",38,1,2,1,"hurrikaani","asiakrikaani"
638,"huu","huu-li","li",2,6,"noi-li","noi",6,0,0,1,"huuli","noili"
120,"huu","huu-li","li",4,6,"asial-li","asial",4,2,2,1,"huulipuna","asiallipuna"
500,"to","to-kaup","kaup",4,9,"to-rioit","rioit",2,7,1,1,"huutokauppa","huutorioitpa"
508,"my","my-last_blank","last_blank",2,19,"een-last_blank","een",19,0,1,1,"hymy","hyeen"
811,"first_blank","first_blank-hyö","hyö",4,64,"first_blank-maail","maail",68,4,2,1,"hyödyllinen","maaildyllinen"
48,"hyö","hyö-dy","dy",3,5,"kiih-dy","kiih",5,0,1,1,"hyödytön","kiihdytön"
171,"hy","hy-vä","vä",2,15,"hy-myi","myi",15,0,1,1,"hyvä","hymyi"
368,"syys","syys-last_blank","last_blank",6,34,"kenzien-last_blank","kenzien",2,32,3,1,"hyväntekeväisyys","hyväntekeväikenzien"
819,"first_blank","first_blank-id","id",1,8,"first_blank-ac","ac",8,0,0,1,"idea","acea"
47,"ihail","ihail-la","la",2,1,"nioil-la","nioil",1,0,0,1,"ihailla","nioilla"
109,"first_blank","first_blank-iha","iha",2,20,"first_blank-jos","jos",20,0,0,1,"ihana","josna"
806,"first_blank","first_blank-ihan","ihan",4,7,"first_blank-evers","evers",7,0,1,1,"ihanteellinen","eversteellinen"
334,"ih","ih-o","o",1,1,"nz-o","nz",1,0,0,1,"iho","nzo"
556,"first_blank","first_blank-ik","ik",3,32,"first_blank-alus","alus",32,0,2,1,"ikkuna","aluskuna"
183,"ikui","ikui-nen","nen",2,1,"siai-nen","siai",1,0,0,1,"ikuinen","siainen"
412,"il","il-keä","keä",2,2,"il-tan","tan",2,0,0,1,"ilkeä","iltan"
1,"il","il-lal","lal",4,20,"il-miöis","miöis",1,19,2,1,"illallinen","ilmiöislinen"
124,"sio","sio-last_blank","last_blank",3,12,"keat-last_blank","keat",12,0,1,1,"illuusio","illuukeat"
130,"il","il-maa","maa",2,1,"il-lem","lem",1,0,0,1,"ilmaa","illem"
793,"miö","miö-last_blank","last_blank",2,3,"pöä-last_blank","pöä",3,0,0,1,"ilmiö","ilpöä"
190,"il","il-o","o",1,1,"ec-o","ec",1,0,0,1,"ilo","eco"
527,"eä","eä-last_blank","last_blank",1,5,"ön-last_blank","ön",5,0,0,1,"imeä","imön"
195,"nos","nos-taa","taa",3,8,"suun-taa","suun",6,2,1,1,"innostaa","insuuntaa"
197,"tus","tus-last_blank","last_blank",3,211,"laan-last_blank","laan",218,7,1,1,"innostus","innoslaan"
39,"nöö","nöö-ri","ri",4,6,"mekla-ri","mekla",2,4,2,1,"insinööri","insimeklari"
943,"ter","ter-net","net",3,3,"myön-net","myön",4,1,1,1,"internet","inmyönnet"
199,"first_blank","first_blank-iro","iro",2,6,"first_blank-ryy","ryy",6,0,0,1,"ironia","ryynia"
14,"is","is-ä","ä",1,1,"zi-ä","zi",1,0,0,1,"isä","ziä"
914,"is","is-o","o",1,1,"rc-o","rc",1,0,0,1,"iso","rco"
260,"first_blank","first_blank-iso a","iso a",4,1,"first_blank-dwigh","dwigh",1,0,0,1,"iso alkukirjain","dwighlkukirjain"
202,"isoi","isoi-sä","sä",2,3,"sies-sä","sies",3,0,0,1,"isoisä","siessä"
834,"ssa","ssa-last_blank","last_blank",4,1,"pioit-last_blank","pioit",1,0,2,1,"itse asiassa","itse asiapioit"
487,"mur","mur-ha","ha",4,50,"grant-ha","grant",1,49,2,1,"itsemurha","itsegrantha"
205,"päi","päi-nen","nen",4,11,"suzan-nen","suzan",1,10,2,1,"itsepäinen","itsesuzannen"
301,"first_blank","first_blank-jak","jak",2,30,"first_blank-bur","bur",30,0,0,1,"jakso","burso"
234,"ki","ki-ruo","ruo",4,8,"ki-maail","maail",2,6,2,1,"jälkiruoka","jälkimaailka"
884,"lo","lo-last_blank","last_blank",2,130,"vää-last_blank","vää",130,0,1,1,"jalo","javää"
203,"lus","lus-taa","taa",3,4,"spon-taa","spon",4,0,1,1,"jalustaa","jaspontaa"
468,"first_blank","first_blank-jän","jän",4,35,"first_blank-asiak","asiak",38,3,2,1,"jännittävä","asiaknittävä"
211,"jes","jes-tää","tää",3,1,"päät-tää","päät",1,0,1,1,"järjestää","järpäättää"
218,"jä","jä-sen","sen",2,6,"jä-nik","nik",4,2,0,1,"jäsen","jänik"
72,"jät","jät-kä","kä",2,1,"nen-kä","nen",1,0,0,1,"jätkä","nenkä"
431,"jät","jät-tää","tää",2,2,"tis-tää","tis",2,0,0,1,"jättää","tistää"
950,"jät","jät-teet","teet",2,1,"vas-teet","vas",1,0,0,1,"jätteet","vasteet"
489,"zz","zz-last_blank","last_blank",1,4,"uu-last_blank","uu",4,0,0,1,"jazz","jauu"
344,"first_blank","first_blank-jeep","jeep",2,3,"first_blank-liet","liet",3,0,0,1,"jeeppi","lietpi"
698,"first_blank","first_blank-jen","jen",2,50,"first_blank-kur","kur",50,0,0,1,"jengi","kurgi"
81,"jo","jo-last_blank","last_blank",1,19,"rd-last_blank","rd",19,0,0,1,"jo","rd"
874,"first_blank","first_blank-jo","jo",1,169,"first_blank-ru","ru",171,2,0,1,"job","rub"
635,"joh","joh-ta","ta",3,82,"lais-ta","lais",93,11,1,1,"johtaja","laistaja"
122,"joh","joh-to","to",2,29,"his-to","his",30,1,0,1,"johto","histo"
537,"tös","tös-last_blank","last_blank",4,6,"mioon-last_blank","mioon",6,0,2,1,"johtopäätös","johtopäämioon"
213,"jo","jo-ki","ki",2,1,"jo-mot","mot",1,0,1,1,"joki","jomot"
156,"first_blank","first_blank-joo","joo",2,14,"first_blank-nal","nal",14,0,0,1,"jooga","nalga"
886,"jos","jos-kus","kus",2,1,"kin-kus","kin",1,0,0,1,"joskus","kinkus"
420,"first_blank","first_blank-jou","jou",2,133,"first_blank-sil","sil",134,1,0,1,"joulu","sillu"
629,"first_blank","first_blank-jour","jour",4,10,"first_blank-tupla","tupla",10,0,1,1,"journalismi","tuplanalismi"
778,"kis","kis-last_blank","last_blank",2,8,"nön-last_blank","nön",8,0,0,1,"julkkis","julknön"
225,"jul","jul-ma","ma",2,1,"ano-ma","ano",1,0,0,1,"julma","anoma"
227,"ma","ma-la","la",3,25,"koil-la","koil",21,4,2,1,"jumala","jukoilla"
539,"juo","juo-da","da",2,1,"van-da","van",1,0,0,1,"juoda","vanda"
748,"first_blank","first_blank-juo","juo",2,105,"first_blank-vah","vah",105,0,0,1,"juoru","vahru"
262,"juos","juos-ta","ta",2,2,"bias-ta","bias",2,0,0,1,"juosta","biasta"
724,"ao","ao-s","s",1,2,"ch-s","ch",2,0,0,1,"kaaos","kachs"
380,"kaa","kaa-pe","pe",3,5,"alun-pe","alun",3,2,1,1,"kaapeli","alunpeli"
230,"first_blank","first_blank-kaap","kaap",2,27,"first_blank-rais","rais",27,0,0,1,"kaappi","raispi"
631,"first_blank","first_blank-kaa","kaa",2,141,"first_blank-hei","hei",141,0,0,1,"kaasu","heisu"
706,"first_blank","first_blank-kaik","kaik",4,29,"first_blank-diplo","diplo",13,16,1,1,"kaikki yhteensä","diploki yhteensä"
136,"kai","kai-vaa","vaa",2,1,"kai-lut","lut",1,0,0,1,"kaivaa","kailut"
513,"first_blank","first_blank-kak","kak",2,83,"first_blank-sul","sul",83,0,0,1,"kaksi","sulsi"
308,"kak","kak-sin","sin",5,11,"record-sin","record",1,10,3,1,"kaksinkertainen","recordsinkertainen"
19,"len","len-te","te",4,13,"skoot-te","skoot",3,10,2,1,"kalenteri","kaskootteri"
73,"lii","lii-pe","pe",4,7,"kramp-pe","kramp",1,6,2,1,"kaliiperi","kakrampperi"
125,"lis","lis-last_blank","last_blank",2,17,"dyt-last_blank","dyt",17,0,0,1,"kallis","kaldyt"
471,"me","me-ra","ra",3,11,"aust-ra","aust",9,2,2,1,"kamera","kaaustra"
893,"first_blank","first_blank-kam","kam",3,52,"first_blank-juok","juok",52,0,1,1,"kampanja","juokpanja"
865,"ka","ka-na","na",2,73,"ka-sit","sit",29,44,1,1,"kana","kasit"
892,"na","na-va","va",3,6,"na-liik","liik",3,3,2,1,"kanava","kanaliik"
919,"ne","ne-li","li",3,12,"ne-taan","taan",12,0,2,1,"kaneli","kanetaan"
516,"gas","gas-last_blank","last_blank",2,9,"köä-last_blank","köä",9,0,0,1,"kangas","kanköä"
438,"first_blank","first_blank-kan","kan",5,299,"first_blank-idioot","idioot",8,291,3,1,"kansainvälinen","idiootsainvälinen"
439,"sal","sal-li","li",4,27,"rizzo-li","rizzo",1,26,2,1,"kansallinen","kanrizzolinen"
352,"teet","teet-ti","ti",5,20,"implant-ti","implant",1,19,3,1,"kapasiteetti","kapasiimplantti"
403,"ka","ka-pea","pea",2,1,"ka-vil","vil",1,0,0,1,"kapea","kavil"
571,"first_blank","first_blank-kap","kap",3,52,"first_blank-suos","suos",52,0,1,1,"kappale","suospale"
300,"first_blank","first_blank-kap","kap",3,52,"first_blank-juok","juok",52,0,1,1,"kapseli","juokseli"
766,"first_blank","first_blank-kar","kar",2,177,"first_blank-työ","työ",177,0,0,1,"karhu","työhu"
110,"kar","kar-ne","ne",4,2,"mccla-ne","mccla",1,1,2,1,"karnevaali","mcclanevaali"
342,"kär","kär-siä","siä",2,1,"pik-siä","pik",1,0,0,1,"kärsiä","piksiä"
278,"si","si-mys","mys",3,4,"si-tään","tään",4,0,1,1,"kärsimys","kärsitään"
495,"syys","syys-last_blank","last_blank",5,34,"rencen-last_blank","rencen",4,30,2,1,"kärsivällisyys","kärsivällirencen"
926,"first_blank","first_blank-kä","kä",2,351,"first_blank-har","har",330,21,1,1,"käsi","harsi"
459,"iaa","iaa-last_blank","last_blank",6,1,"pulcoon-last_blank","pulcoon",1,0,4,1,"käsitellä asiaa","käsitellä aspulcoon"
772,"vain","vain-last_blank","last_blank",2,4,"löön-last_blank","löön",4,0,0,1,"kasvain","kaslöön"
658,"aha","aha-last_blank","last_blank",5,1,"rowitz-last_blank","rowitz",1,0,3,1,"käteinen raha","käteinen rrowitz"
333,"nen","nen-last_blank","last_blank",4,1781,"loway-last_blank","loway",5,1776,2,1,"katolinen","katoliloway"
251,"first_blank","first_blank-kat","kat",2,265,"first_blank-sel","sel",270,5,0,1,"katso","selso"
238,"hea","hea-last_blank","last_blank",2,7,"nas-last_blank","nas",7,0,0,1,"kauhea","kaunas"
592,"kau","kau-hu","hu",2,5,"art-hu","art",5,0,0,1,"kauhu","arthu"
258,"pal","pal-li","li",4,6,"rizzo-li","rizzo",1,5,2,1,"kaupallinen","kaurizzolinen"
264,"first_blank","first_blank-käy","käy",2,135,"first_blank-mai","mai",136,1,0,1,"käytä","maitä"
627,"tän","tän-tö","tö",3,2,"syöt-tö","syöt",2,0,1,1,"käytäntö","käysyöttö"
268,"kei","kei-sa","sa",5,10,"plazas-sa","plazas",1,9,3,1,"keisarillinen","plazassarillinen"
712,"keit","keit-to","to",2,2,"bris-to","bris",2,0,0,1,"keitto","bristo"
69,"ke","ke-mia","mia",2,4,"ke-ään","ään",4,0,0,1,"kemia","keään"
70,"ke","ke-mial","mial",4,8,"ke-leyyn","leyyn",1,7,1,1,"kemiallinen","keleyynlinen"
271,"rä","rä-tä","tä",3,5,"nees-tä","nees",5,0,2,1,"kerätä","keneestä"
249,"ker","ker-ma","ma",2,2,"ole-ma","ole",2,0,0,1,"kerma","olema"
615,"ros","ros-last_blank","last_blank",2,9,"lät-last_blank","lät",9,0,0,1,"kerros","kerlät"
437,"sant","sant-ti","ti",3,3,"luis-ti","luis",3,0,0,1,"kersantti","kerluisti"
789,"ke","ke-sä","sä",2,14,"ke-nut","nut",14,0,1,1,"kesä","kenut"
143,"sä","sä-kuu","kuu",3,2,"sä-teen","teen",2,0,1,1,"kesäkuu","kesäteen"
118,"keyt","keyt-tää","tää",3,1,"väis-tää","väis",1,0,0,1,"keskeyttää","kesväistää"
274,"kit","kit-tyä","tyä",3,1,"eläy-tyä","eläy",1,0,1,1,"keskittyä","keseläytyä"
273,"kiyöl","kiyöl-lä","lä",3,1,"pizza-lä","pizza",1,0,0,1,"keskiyöllä","kespizzalä"
275,"kus","kus-te","te",4,44,"aloit-te","aloit",8,36,2,1,"keskustelu","kesaloittelu"
329,"first_blank","first_blank-ket","ket",2,21,"first_blank-siu","siu",21,0,0,1,"ketju","siuju"
445,"sup","sup-pi","pi",3,1,"niim-pi","niim",1,0,1,1,"ketsuppi","ketniimpi"
241,"first_blank","first_blank-ket","ket",2,21,"first_blank-dan","dan",21,0,0,1,"kettu","dantu"
768,"ke","ke-vät","vät",2,17,"ke-tie","tie",17,0,0,1,"kevät","ketie"
279,"first_blank","first_blank-kiel","kiel",3,81,"first_blank-pääs","pääs",80,1,0,1,"kielletty","pääsletty"
177,"first_blank","first_blank-kiel","kiel",3,81,"first_blank-pääs","pääs",80,1,0,1,"kieltäytyä","päästäytyä"
316,"tue","tue-last_blank","last_blank",2,3,"pöä-last_blank","pöä",3,0,0,1,"kiertue","kierpöä"
540,"teis","teis-tö","tö",3,5,"älyt-tö","älyt",4,1,0,1,"kiinteistö","kiinälyttö"
134,"reel","reel-li","li",4,3,"jacque-li","jacque",1,2,2,2,"kiireellinen","kiijacquelinen"
284,"tol","tol-li","li",4,21,"rizzo-li","rizzo",1,20,2,1,"kiitollinen","kiirizzolinen"
176,"kii","kii-ve","ve",3,2,"teen-ve","teen",3,1,1,1,"kiivetä","teenvetä"
114,"lo","lo-last_blank","last_blank",2,130,"vää-last_blank","vää",130,0,1,1,"kilo","kivää"
478,"met","met-ri","ri",4,11,"lance-ri","lance",1,10,2,1,"kilometri","kilolanceri"
465,"first_blank","first_blank-kil","kil",3,86,"first_blank-pääs","pääs",80,6,1,1,"kilpailu","pääspailu"
577,"first_blank","first_blank-kil","kil",2,86,"first_blank-mus","mus",86,0,0,1,"kilpi","muspi"
263,"ses","ses-ti","ti",6,233,"implant-ti","implant",1,232,4,1,"kirjaimellisesti","kirjaimelliimplantti"
488,"jas","jas-to","to",3,1,"viit-to","viit",1,0,1,1,"kirjasto","kirviitto"
566,"kuo","kuo-ri","ri",4,4,"lance-ri","lance",1,3,2,1,"kirjekuori","kirjelanceri"
244,"first_blank","first_blank-kirk","kirk",2,28,"first_blank-siep","siep",28,0,0,1,"kirkko","siepko"
521,"rous","rous-last_blank","last_blank",2,3,"joat-last_blank","joat",3,0,0,1,"kirous","kijoat"
360,"ki","ki-rur","rur",3,19,"ki-taan","taan",13,6,1,1,"kirurgi","kitaangi"
180,"ki","ki-va","va",2,6,"ki-loi","loi",6,0,1,1,"kiva","kiloi"
50,"vää","vää-ri","ri",3,7,"terp-ri","terp",10,3,1,1,"kivääri","kiterpri"
538,"vi","vi-hii","hii",4,1,"vi-deoon","deoon",1,0,2,1,"kivihiili","kivideoonli"
595,"first_blank","first_blank-klaa","klaa",2,9,"first_blank-vaah","vaah",9,0,0,1,"klaani","vaahni"
67,"first_blank","first_blank-klu","klu",2,18,"first_blank-hat","hat",18,0,0,1,"klubi","hatbi"
822,"ko","ko-e","e",1,1,"au-e","au",1,0,0,1,"koe","aue"
551,"first_blank","first_blank-koh","koh",2,203,"first_blank-per","per",203,0,0,1,"kohta","perta"
302,"koh","koh-ta","ta",3,54,"suut-ta","suut",64,10,1,1,"kohtalo","suuttalo"
366,"te","te-liai","liai",4,12,"te-rence","rence",1,11,1,1,"kohteliaisuus","kohterencesuus"
999,"lias","lias-last_blank","last_blank",3,14,"voin-last_blank","voin",14,0,0,1,"kohtelias","kohtevoin"
933,"tuu","tuu-ton","ton",3,4,"liit-ton","liit",4,0,1,1,"kohtuuton","kohliitton"
295,"first_blank","first_blank-koi","koi",2,57,"first_blank-ras","ras",57,0,0,1,"koira","rasra"
153,"kaii","kaii-ni","ni",3,1,"uraa-ni","uraa",1,0,0,1,"kokaiini","kouraani"
829,"ko","ko-kea","kea",2,1,"ko-ham","ham",1,0,0,1,"kokea","koham"
305,"first_blank","first_blank-kok","kok",2,18,"first_blank-pun","pun",18,0,0,1,"kokki","punki"
619,"ko","ko-ko","ko",2,34,"ko-jen","jen",39,5,1,1,"koko","kojen"
998,"first_blank","first_blank-kol","kol",3,108,"first_blank-siir","siir",107,1,1,1,"kollega","siirlega"
512,"kol","kol-mas","mas",2,4,"saa-mas","saa",4,0,0,1,"kolmas","saamas"
245,"men","men-ta","ta",4,38,"aloit-ta","aloit",15,23,2,1,"komentaja","koaloittaja"
833,"men","men-to","to",3,21,"siir-to","siir",25,4,1,1,"komento","kosiirto"
312,"sio","sio-last_blank","last_blank",3,12,"keat-last_blank","keat",12,0,1,1,"komissio","komiskeat"
388,"ment","ment-ti","ti",3,15,"kaas-ti","kaas",16,1,0,1,"kommentti","komkaasti"
248,"first_blank","first_blank-kom","kom",3,61,"first_blank-syyt","syyt",61,0,1,1,"kompassi","syytpassi"
791,"rens","rens-si","si",4,1,"ohuek-si","ohuek",1,0,1,1,"konferenssi","konfeohueksi"
681,"first_blank","first_blank-konf","konf",3,7,"first_blank-järk","järk",7,0,0,1,"konflikti","järklikti"
820,"first_blank","first_blank-konk","konk",4,4,"first_blank-yleen","yleen",4,0,1,1,"konkreettinen","yleenreettinen"
441,"sep","sep-ti","ti",3,5,"voit-ti","voit",5,0,1,1,"konsepti","konvoitti"
404,"first_blank","first_blank-kon","kon",6,86,"first_blank-repliik","repliik",5,81,4,1,"konservatiivinen","repliikservatiivinen"
714,"first_blank","first_blank-koo","koo",2,43,"first_blank-rei","rei",43,0,0,1,"koodi","reidi"
209,"ri","ri-pal","pal",4,6,"ri-guezin","guezin",1,5,3,2,"koripallo","koriguezinlo"
318,"kor","kor-ja","ja",3,11,"avaa-ja","avaa",1,10,1,1,"korjata","avaajata"
324,"kor","kor-va","va",3,18,"raan-va","raan",6,12,1,1,"korvata","raanvata"
167,"kea","kea-last_blank","last_blank",2,60,"liä-last_blank","liä",60,0,0,1,"koskea","kosliä"
534,"first_blank","first_blank-kos","kos",2,144,"first_blank-her","her",144,0,0,1,"kosto","herto"
74,"first_blank","first_blank-kou","kou",3,107,"first_blank-siir","siir",107,0,1,1,"kouluttaa","siirluttaa"
328,"ko","ko-va","va",2,23,"ko-dis","dis",23,0,1,1,"kova","kodis"
345,"hyys","hyys-last_blank","last_blank",2,2,"feus-last_blank","feus",2,0,0,1,"köyhyys","köyfeus"
384,"first_blank","first_blank-krei","krei",2,10,"first_blank-tien","tien",10,0,0,1,"kreivi","tienvi"
628,"first_blank","first_blank-kriit","kriit",3,8,"first_blank-eloon","eloon",8,0,0,2,"kriittinen","eloontinen"
910,"first_blank","first_blank-kruu","kruu",2,21,"first_blank-ruis","ruis",21,0,0,1,"kruunu","ruisnu"
450,"first_blank","first_blank-kui","kui",2,61,"first_blank-nor","nor",61,0,0,1,"kuiva","norva"
972,"first_blank","first_blank-kuk","kuk",3,41,"first_blank-asen","asen",41,0,1,1,"kukkula","asenkula"
389,"first_blank","first_blank-kul","kul",2,203,"first_blank-per","per",203,0,0,1,"kulho","perho"
335,"first_blank","first_blank-kul","kul",2,203,"first_blank-per","per",203,0,0,1,"kulma","perma"
163,"kul","kul-tai","tai",3,8,"odot-tai","odot",8,0,1,1,"kultainen","odottainen"
747,"first_blank","first_blank-kult","kult",3,20,"first_blank-fran","fran",20,0,0,1,"kulttuuri","frantuuri"
338,"tar","tar-last_blank","last_blank",4,29,"field-last_blank","field",15,14,2,1,"kuningatar","kuningafield"
339,"nen","nen-last_blank","last_blank",5,1781,"lowitz-last_blank","lowitz",1,1780,3,1,"kuninkaallinen","kuninkaallilowitz"
978,"merk","merk-ki","ki",4,26,"brons-ki","brons",1,25,1,1,"kunniamerkki","kunniabronski"
434,"nioit","nioit-ta","ta",5,12,"kazaks-ta","kazaks",2,10,1,1,"kunnioittaminen","kunkazakstaminen"
678,"nol","nol-li","li",4,31,"rizzo-li","rizzo",1,30,2,1,"kunnollinen","kunrizzolinen"
250,"kuo","kuo-le","le",3,92,"reil-le","reil",22,70,1,1,"kuolema","reillema"
232,"first_blank","first_blank-kup","kup",2,17,"first_blank-jac","jac",17,0,0,1,"kuppi","jacpi"
704,"first_blank","first_blank-kur","kur",2,50,"first_blank-sis","sis",50,0,0,1,"kurja","sisja"
254,"first_blank","first_blank-kurk","kurk",2,14,"first_blank-taak","taak",14,0,0,1,"kurkku","taakku"
60,"ku","ku-u","u",1,1,"nz-u","nz",1,0,0,1,"kuu","nzu"
952,"kau","kau-si","si",3,15,"neek-si","neek",12,3,1,1,"kuukausi","kuuneeksi"
533,"kuu","kuu-lo","lo",2,5,"tay-lo","tay",5,0,0,1,"kuulo","taylo"
354,"kuu","kuu-ma","ma",2,4,"tho-ma","tho",4,0,0,1,"kuuma","thoma"
61,"ku","ku-un","un",1,1,"cr-un","cr",1,0,0,1,"kuun-","crun"
346,"first_blank","first_blank-kuun","kuun",3,68,"first_blank-työs","työs",68,0,0,1,"kuunnella","työsnella"
350,"ku","ku-va","va",2,64,"ku-nin","nin",64,0,1,1,"kuva","kunin"
184,"va","va-ta","ta",3,27,"kuut-ta","kuut",27,0,2,1,"kuvata","kukuutta"
726,"nöö","nöö-ri","ri",4,6,"mekla-ri","mekla",2,4,2,1,"kuvernööri","kuvermeklari"
135,"rä","rä-last_blank","last_blank",3,41,"tion-last_blank","tion",41,0,2,1,"kypärä","kypätion"
358,"mys","mys-last_blank","last_blank",3,17,"noon-last_blank","noon",16,1,1,1,"kysymys","kysynoon"
656,"syn","syn-tä","tä",3,4,"keit-tä","keit",4,0,1,1,"kysyntä","kykeittä"
83,"myys","myys-last_blank","last_blank",4,11,"tioon-last_blank","tioon",13,2,1,1,"kyvyttömyys","kyvyttötioon"
645,"first_blank","first_blank-lää","lää",6,78,"first_blank-brookly","brookly",6,72,4,1,"lääketieteellinen","brooklyketieteellinen"
259,"lää","lää-ni","ni",2,1,"jie-ni","jie",1,0,0,1,"lääni","jieni"
385,"first_blank","first_blank-laa","laa",3,93,"first_blank-pois","pois",90,3,1,1,"laatikko","poistikko"
661,"da","da-ta","ta",3,12,"huol-ta","huol",12,0,2,1,"ladata","lahuolta"
188,"first_blank","first_blank-läh","läh",2,137,"first_blank-muu","muu",137,0,0,1,"lähde","muude"
720,"lah","lah-den","den",2,2,"huu-den","huu",2,0,0,1,"lahden","huuden"
253,"lä","lä-hel","hel",3,14,"lä-kään","kään",11,3,1,1,"lähellä","läkäänlä"
287,"joa","joa-last_blank","last_blank",2,12,"sio-last_blank","sio",12,0,0,1,"lahjoa","lahsio"
370,"lai","lai-ton","ton",2,3,"tun-ton","tun",3,0,0,1,"laiton","tunton"
927,"first_blank","first_blank-lait","lait",2,66,"first_blank-omis","omis",66,0,0,1,"laitteet","omisteet"
600,"la","la-ki","ki",2,27,"la-vas","vas",27,0,1,1,"laki","lavas"
777,"ki","ki-mies","mies",3,7,"ki-rouk","rouk",8,1,0,1,"lakimies","lakirouk"
954,"first_blank","first_blank-läm","läm",2,60,"first_blank-vih","vih",60,0,0,1,"lämmin","vihmin"
379,"first_blank","first_blank-läm","läm",2,60,"first_blank-tes","tes",60,0,0,1,"lämpö","tespö"
357,"first_blank","first_blank-lamp","lamp",2,6,"first_blank-nark","nark",6,0,0,1,"lamppu","narkpu"
204,"first_blank","first_blank-län","län",2,24,"first_blank-tyk","tyk",24,0,0,1,"länsi","tyksi"
757,"la","la-sag","sag",3,2,"la-guer","guer",2,0,1,1,"lasagna","laguerna"
649,"la","la-si","si",2,108,"täi-si","täi",85,23,1,1,"lasi-","täisi"
322,"la","la-sit","sit",2,23,"la-kul","kul",21,2,0,1,"lasit","lakul"
915,"las","las-ki","ki",3,7,"piik-ki","piik",7,0,1,1,"laskimo","piikkimo"
399,"las","las-ku","ku",2,22,"nuk-ku","nuk",22,0,0,1,"lasku","nukku"
624,"olo","olo-last_blank","last_blank",3,1,"mius-last_blank","mius",1,0,1,1,"läsnäolo","läsnämius"
610,"hoi","hoi-ta","ta",5,70,"kazaks-ta","kazaks",2,68,3,1,"lastenhoitaja","lastenkazakstaja"
455,"first_blank","first_blank-lat","lat",2,23,"first_blank-teu","teu",23,0,0,1,"lattia","teutia"
763,"tai","tai-last_blank","last_blank",3,7,"reet-last_blank","reet",7,0,1,1,"lauantai","lauanreet"
22,"lau","lau-kais","kais",3,6,"lau-seen","seen",3,3,0,1,"laukaista","lauseenta"
31,"kaus","kaus-last_blank","last_blank",2,29,"daan-last_blank","daan",28,1,0,1,"laukaus","laudaan"
494,"lau","lau-la","la",3,24,"koil-la","koil",21,3,1,1,"laulaja","koillaja"
52,"sun","sun-to","to",3,8,"kieh-to","kieh",8,0,1,1,"lausunto","laukiehto"
41,"le","le-gio","gio",2,1,"le-dos","dos",1,0,0,1,"legio","ledos"
739,"first_blank","first_blank-leh","leh",2,64,"first_blank-hyö","hyö",64,0,0,1,"lehmä","hyömä"
26,"lei","lei-ma","ma",2,5,"paa-ma","paa",5,0,0,1,"leima","paama"
229,"first_blank","first_blank-lei","lei",2,143,"first_blank-kos","kos",144,1,0,1,"leipä","kospä"
353,"lei","lei-ri","ri",2,6,"nöö-ri","nöö",6,0,0,1,"leiri","nööri"
162,"first_blank","first_blank-les","les",2,27,"first_blank-aje","aje",27,0,0,1,"lesbo","ajebo"
503,"les","les-ki","ki",2,2,"nin-ki","nin",2,0,0,1,"leski","ninki"
526,"vä","vä-tä","tä",3,4,"ylis-tä","ylis",4,0,2,1,"levätä","leylistä"
831,"lii","lii-ga","ga",2,1,"ore-ga","ore",1,0,0,1,"liiga","orega"
735,"first_blank","first_blank-liik","liik",2,50,"first_blank-vuok","vuok",50,0,0,1,"liikkua","vuokkua"
640,"kans","kans-le","le",5,4,"alexil-le","alexil",1,3,2,1,"liittokansleri","liittoalexilleri"
549,"liit","liit-to","to",4,33,"stock-to","stock",3,30,1,1,"liittovaltion-","stocktovaltion"
27,"li","li-kai","kai",3,17,"li-syyt","syyt",17,0,1,1,"likainen","lisyytnen"
751,"first_blank","first_blank-lim","lim",2,3,"first_blank-oba","oba",3,0,0,1,"limsa","obasa"
584,"first_blank","first_blank-lip","lip",2,26,"first_blank-isä","isä",26,0,0,1,"lippu","isäpu"
898,"sään","sään-tyä","tyä",3,1,"kiih-tyä","kiih",1,0,0,1,"lisääntyä","likiihtyä"
373,"säys","säys-last_blank","last_blank",2,2,"syen-last_blank","syen",2,0,0,1,"lisäys","lisyen"
392,"käär","käär-me","me",4,4,"tioim-me","tioim",2,2,1,1,"lohikäärme","lohitioimme"
464,"ma","ma-ke","ke",3,9,"bunk-ke","bunk",8,1,2,1,"lomake","lobunkke"
947,"first_blank","first_blank-lop","lop",2,92,"first_blank-naa","naa",92,0,0,1,"loppu","naapu"
423,"puk","puk-si","si",3,3,"osai-si","osai",3,0,1,1,"lopuksi","loosaisi"
597,"pul","pul-li","li",4,8,"rizzo-li","rizzo",1,7,2,1,"lopullinen","lorizzolinen"
424,"louk","louk-kaus","kaus",2,2,"haas-kaus","haas",2,0,0,2,"loukkaus","haaskaus"
292,"lu","lu-kea","kea",2,1,"lu-poi","poi",1,0,0,1,"lukea","lupoi"
293,"mi","mi-nen","nen",4,407,"mi-racle","racle",1,406,2,1,"lukeminen","lukemiracle"
761,"kit","kit-tu","tu",3,9,"saas-tu","saas",7,2,1,1,"lukittu","lusaastu"
864,"luo","luo-da","da",2,2,"man-da","man",2,0,0,1,"luoda","manda"
326,"first_blank","first_blank-luok","luok",2,26,"first_blank-keit","keit",26,0,0,2,"luokka","keitka"
850,"luo","luo-mi","mi",3,8,"char-mi","char",3,5,1,1,"luominen","charminen"
267,"first_blank","first_blank-luon","luon",4,73,"first_blank-maail","maail",68,5,1,1,"luonnollinen","maailnollinen"
986,"first_blank","first_blank-luon","luon",5,73,"first_blank-height","height",4,69,2,1,"luonnollisesti","heightnollisesti"
888,"first_blank","first_blank-luot","luot",3,61,"first_blank-työn","työn",62,1,0,1,"luottamus","työntamus"
371,"first_blank","first_blank-luot","luot",2,61,"first_blank-päät","päät",61,0,0,1,"luotto","päätto"
178,"pa","pa-last_blank","last_blank",2,173,"tuu-last_blank","tuu",171,2,1,1,"lupa","lutuu"
115,"lu","lu-sik","sik",3,3,"lu-neet","neet",2,1,1,1,"lusikka","luneetka"
237,"lu","lu-u","u",1,1,"nz-u","nz",1,0,0,1,"luu","nzu"
618,"hyt","hyt-last_blank","last_blank",2,1,"dox-last_blank","dox",1,0,0,1,"lyhyt","lydox"
242,"ma","ma-a","a",1,1,"rí-a","rí",1,0,0,1,"maa","ría"
174,"first_blank","first_blank-maa","maa",7,180,"first_blank-greenwic","greenwic",1,179,5,1,"maahantunkeutuminen","greenwichantunkeutuminen"
112,"maail","maail-man","man",4,38,"useam-man","useam",2,36,0,1,"maailmankaikkeus","useammankaikkeus"
612,"maa","maa-li","li",2,14,"joi-li","joi",14,0,0,1,"maali-","joili"
832,"tai","tai-last_blank","last_blank",3,7,"juus-last_blank","juus",7,0,1,1,"maanantai","maananjuus"
662,"first_blank","first_blank-maan","maan",4,45,"first_blank-aloit","aloit",39,6,1,1,"maanjäristys","aloitjäristys"
363,"first_blank","first_blank-mää","mää",2,84,"first_blank-hie","hie",84,0,0,1,"määrä","hierä"
247,"fia","fia-last_blank","last_blank",2,9,"gas-last_blank","gas",9,0,0,1,"mafia","magas"
709,"neet","neet-ti","ti",4,23,"chris-ti","chris",7,16,1,1,"magneettinen","magchristinen"
442,"suus","suus-last_blank","last_blank",4,67,"field-last_blank","field",15,52,1,1,"mahdollisuus","mahdollifield"
146,"mah","mah-do","do",3,2,"ecua-do","ecua",2,0,1,1,"mahdoton","ecuadoton"
340,"mah","mah-ta","ta",3,37,"teis-ta","teis",37,0,1,1,"mahtava","teistava"
727,"mai","mai-li","li",2,1,"gul-li","gul",1,0,0,1,"maili","gulli"
451,"non","non-ta","ta",3,2,"haal-ta","haal",2,0,1,1,"mainonta","maihaalta"
457,"mai","mai-to","to",2,5,"eet-to","eet",5,0,0,1,"maito","eetto"
320,"teet","teet-ti","ti",5,20,"implant-ti","implant",1,19,3,1,"majesteettinen","majesimplanttinen"
753,"ma","ma-kea","kea",2,1,"ma-sil","sil",1,0,0,1,"makea","masil"
119,"ma","ma-ku","ku",2,10,"ma-til","til",10,0,1,1,"maku","matil"
643,"first_blank","first_blank-mal","mal",2,60,"first_blank-tes","tes",60,0,0,1,"malli-","tesli"
693,"ra","ra-ton","ton",3,7,"ra-peut","peut",7,0,1,1,"maraton-","marapeut"
222,"kuu","kuu-last_blank","last_blank",3,36,"päin-last_blank","päin",36,0,1,1,"marraskuu","marraspäin"
942,"ma","ma-rs","rs",1,2,"ma-le","le",2,0,0,1,"mars","male"
319,"ta","ta-la","la",3,3,"ruil-la","ruil",3,0,2,1,"matala","maruilla"
337,"kus","kus-ta","ta",4,60,"aloit-ta","aloit",15,45,2,1,"matkustaja","mataloittaja"
231,"ma","ma-to","to",2,9,"ma-lal","lal",9,0,1,1,"mato","malal"
151,"mau","mau-kas","kas",2,2,"kei-kas","kei",2,0,0,1,"maukas","keikas"
493,"läi","läi-nen","nen",4,26,"suzan-nen","suzan",1,25,2,1,"mehiläinen","mehisuzannen"
5,"me","me-lu","lu",2,1,"me-ton","ton",1,0,1,1,"melu","meton"
96,"nes","nes-tys","tys",3,6,"coun-tys","coun",2,4,1,1,"menestys","mecountys"
814,"me","me-ne","ne",4,78,"isään-ne","isään",1,77,3,1,"menetelmä","isäännetelmä"
376,"ren","ren-last_blank","last_blank",2,80,"saa-last_blank","saa",79,1,0,1,"meren-","mesaa"
912,"me","me-ri","ri",2,42,"me-nes","nes",45,3,1,1,"meri","menes"
462,"ri","ri-ros","ros",4,8,"ri-guezin","guezin",1,7,3,2,"merirosvo","meriguezinvo"
377,"mien","mien-last_blank","last_blank",4,63,"loway-last_blank","loway",5,58,1,1,"merivoimien","merivoiloway"
463,"ki","ki-tys","tys",3,7,"ki-mään","mään",7,0,1,1,"merkitys","merkimään"
599,"first_blank","first_blank-merk","merk",2,20,"first_blank-älyk","älyk",20,0,0,1,"merkki","älykki"
780,"first_blank","first_blank-mes","mes",3,52,"first_blank-juok","juok",52,0,1,1,"mestari","juoktari"
236,"säs","säs-tys","tys",3,3,"coun-tys","coun",2,1,1,1,"metsästys","metcountys"
374,"his","his-tö","tö",3,4,"älyt-tö","älyt",4,0,1,1,"miehistö","mieälyttö"
936,"first_blank","first_blank-miek","miek",2,18,"first_blank-maal","maal",18,0,0,1,"miekka","maalka"
435,"vi","vi-tus","tus",5,12,"vi-dencen","dencen",1,11,3,1,"mielikuvitus","mielikuvidencen"
181,"mi","mi-es","es",1,1,"mi-re","re",1,0,0,1,"mies","mire"
997,"nää","nää-ri","ri",4,2,"mekla-ri","mekla",2,0,2,1,"miljonääri","miljomeklari"
473,"joo","joo-na","na",3,5,"kruu-na","kruu",5,0,1,1,"miljoona","milkruuna"
414,"mi","mi-ng","ng",1,1,"mi-ca","ca",1,0,0,1,"ming","mica"
90,"mi","mi-ni","ni",3,14,"mi-taan","taan",5,9,2,1,"minimi","mitaanmi"
105,"mi","mi-tä","tä",2,16,"dyt-tä","dyt",16,0,1,1,"mitä","dyttä"
598,"der","der-ni","ni",3,1,"älyä-ni","älyä",1,0,1,1,"moderni","moälyäni"
375,"first_blank","first_blank-mök","mök",2,5,"first_blank-ede","ede",5,0,0,1,"mökki","edeki"
586,"ment","ment-ti","ti",4,15,"chris-ti","chris",7,8,1,1,"monumentti","monuchristi"
25,"mo","mo-tii","tii",3,12,"mo-reen","reen",2,10,1,1,"motiivi","moreenvi"
469,"mu","mu-ka","ka",3,48,"paik-ka","paik",44,4,2,1,"mukava","paikkava"
578,"munk","munk-ki","ki",2,1,"pelk-ki","pelk",1,0,0,1,"munkki","pelkki"
446,"nuai","nuai-nen","nen",3,1,"raää-nen","raää",1,0,0,1,"munuainen","muraäänen"
878,"kas","kas-last_blank","last_blank",3,83,"lään-last_blank","lään",83,0,1,1,"muodikas","muodilään"
803,"first_blank","first_blank-murs","murs",3,23,"first_blank-heik","heik",23,0,0,1,"murskata","heikkata"
951,"kai","kai-nen","nen",5,48,"cheyen-nen","cheyen",1,47,3,1,"mustasukkainen","mustasukcheyennen"
155,"mu","mu-ta","ta",2,7,"jei-ta","jei",7,0,1,1,"muta","jeita"
219,"first_blank","first_blank-muu","muu",3,137,"first_blank-kiin","kiin",115,22,1,1,"muualla","kiinalla"
579,"muut","muut-taa","taa",2,2,"noit-taa","noit",2,0,0,1,"muuttaa","noittaa"
10,"first_blank","first_blank-myö","myö",2,48,"first_blank-sot","sot",48,0,0,1,"myöhään","sothään"
857,"myön","myön-tää","tää",2,1,"ryyt-tää","ryyt",1,0,0,1,"myöntää","ryyttää"
37,"myö","myö-tä","tä",5,12,"renzes-tä","renzes",1,11,3,1,"myötätuntoinen","renzestätuntoinen"
794,"first_blank","first_blank-myr","myr",3,32,"first_blank-alus","alus",32,0,1,1,"myrkyttää","aluskyttää"
552,"first_blank","first_blank-myy","myy",2,61,"first_blank-nor","nor",61,0,0,1,"myyjä","norjä"
499,"first_blank","first_blank-myy","myy",3,61,"first_blank-päät","päät",61,0,1,1,"myymälä","päätmälä"
390,"myyt","myyt-ti","ti",2,2,"meäs-ti","meäs",2,0,0,1,"myytti","meästi"
491,"first_blank","first_blank-naar","naar",2,12,"first_blank-mart","mart",12,0,0,1,"naarmu","martmu"
805,"first_blank","first_blank-näh","näh",2,53,"first_blank-soi","soi",53,0,0,1,"nähdä","soidä"
359,"first_blank","first_blank-naii","naii",2,3,"first_blank-paen","paen",3,0,0,1,"naiivi","paenvi"
506,"ky","ky-mä","mä",3,4,"ky-syit","syit",4,0,2,1,"näkymä","näkysyit"
210,"first_blank","first_blank-näl","näl",2,14,"first_blank-vis","vis",14,0,0,1,"nälkä","viskä"
702,"pa","pa-ta","ta",3,19,"leis-ta","leis",19,0,2,1,"napata","naleista"
257,"first_blank","first_blank-nät","nät",2,4,"first_blank-tod","tod",4,0,0,1,"nätti","todti"
127,"nau","nau-la","la",3,3,"piol-la","piol",3,0,1,1,"naulata","piollata"
7,"ret","ret-ta","ta",4,15,"siois-ta","siois",7,8,2,1,"naurettava","nausioistava"
825,"goin","goin-ti","ti",4,1,"upeas-ti","upeas",1,0,1,1,"navigointi","naviupeasti"
103,"first_blank","first_blank-näy","näy",2,59,"first_blank-ava","ava",59,0,0,1,"näytä","avatä"
479,"näyt","näyt-tö","tö",2,2,"heet-tö","heet",2,0,0,1,"näyttö","heettö"
824,"ne","ne-ro","ro",2,10,"ne-vät","vät",10,0,1,1,"nero","nevät"
517,"first_blank","first_blank-nes","nes",2,17,"first_blank-vyö","vyö",17,0,0,1,"neste","vyöte"
694,"neu","neu-la","la",2,2,"cal-la","cal",2,0,0,1,"neula","calla"
518,"first_blank","first_blank-neu","neu",3,115,"first_blank-kiin","kiin",115,0,1,1,"neuvoja","kiinvoja"
651,"first_blank","first_blank-niel","niel",2,4,"first_blank-ajet","ajet",4,0,0,1,"niellä","ajetlä"
553,"first_blank","first_blank-ni","ni",2,205,"first_blank-hal","hal",205,0,1,1,"nimi","halmi"
760,"mi","mi-merk","merk",4,1,"mi-nicin","nicin",1,0,1,1,"nimimerkki","niminicinki"
716,"first_blank","first_blank-nin","nin",2,6,"first_blank-set","set",6,0,0,1,"ninja","setja"
574,"no","no-bel","bel",2,1,"no-kun","kun",1,0,0,1,"nobel","nokun"
137,"first_blank","first_blank-nok","nok",3,15,"first_blank-huuh","huuh",15,0,1,1,"nokkela","huuhkela"
897,"first_blank","first_blank-nöy","nöy",2,29,"first_blank-häm","häm",29,0,0,1,"nöyrä","hämrä"
395,"first_blank","first_blank-nuk","nuk",2,48,"first_blank-pan","pan",48,0,0,1,"nukke","panke"
383,"first_blank","first_blank-nuo","nuo",3,94,"first_blank-tais","tais",93,1,1,1,"nuoriso","taisriso"
708,"kyi","kyi-nen","nen",3,4,"bour-nen","bour",2,2,1,1,"nykyinen","nybournen"
828,"ny","ny-t","t",1,1,"on-t","on",1,0,0,1,"nyt","ont"
529,"odo","odo-ta","ta",2,4,"dul-ta","dul",4,0,0,1,"odota","dulta"
830,"jel","jel-mis","mis",4,6,"epäih-mis","epäih",1,5,2,1,"ohjelmisto","ohepäihmisto"
570,"first_blank","first_blank-oh","oh",1,150,"first_blank-hu","hu",150,0,0,1,"ohut","huut"
929,"kea","kea-last_blank","last_blank",2,60,"liä-last_blank","liä",60,0,0,1,"oikea","oiliä"
304,"nen","nen-last_blank","last_blank",6,1781,"horcorp-last_blank","horcorp",1,1780,4,1,"oikeudenmukainen","oikeudenmukaihorcorp"
535,"oi","oi-re","re",2,1,"muu-re","muu",1,0,1,1,"oire","muure"
220,"ei","ei-last_blank","last_blank",1,6,"id-last_blank","id",6,0,0,1,"okei","okid"
632,"pää","pää-last_blank","last_blank",3,77,"jaan-last_blank","jaan",77,0,1,1,"olkapää","olkajaan"
140,"ome","ome-na","na",2,3,"tei-na","tei",3,0,0,1,"omena","teina"
821,"tel","tel-la","la",4,111,"dracu-la","dracu",1,110,2,1,"onnitella","onnidracula"
841,"first_blank","first_blank-ope","ope",5,54,"first_blank-suklaa","suklaa",9,45,3,1,"operatiivinen","suklaaratiivinen"
547,"first_blank","first_blank-opis","opis",4,55,"first_blank-elekt","elekt",15,40,1,1,"opiskelija-","elektkelija"
546,"pia","pia-last_blank","last_blank",2,106,"lon-last_blank","lon",103,3,0,1,"oppia","oplon"
677,"mis","mis-ti","ti",5,15,"stuert-ti","stuert",1,14,3,1,"optimistinen","optistuerttinen"
603,"ora","ora-va","va",2,1,"noi-va","noi",1,0,0,1,"orava","noiva"
99,"gas","gas-mi","mi",3,1,"slum-mi","slum",1,0,1,1,"orgasmi","orslummi"
576,"first_blank","first_blank-or","or",2,107,"first_blank-muo","muo",107,0,1,1,"orja","muoja"
233,"kes","kes-te","te",4,4,"ajoit-te","ajoit",2,2,2,1,"orkesteri","orajoitteri"
432,"po","po-ko","ko",4,7,"avaat-ko","avaat",1,6,3,1,"orpokoti","oravaatkoti"
498,"os","os-taa","taa",2,2,"os-bor","bor",2,0,0,1,"ostaa","osbor"
378,"osu","osu-ma","ma",2,1,"hio-ma","hio",1,0,0,1,"osuma","hioma"
36,"ttöön","ttöön-last_blank","last_blank",3,1,"nezin-last_blank","nezin",1,0,0,1,"ota käyttöön","ota käynezin"
979,"ttä","ttä-last_blank","last_blank",4,1,"pioit-last_blank","pioit",1,0,2,1,"ottaa yhteyttä","ottaa yhteypioit"
588,"first_blank","first_blank-paah","paah",4,10,"first_blank-kreik","kreik",9,1,1,1,"paahtoleipä","kreiktoleipä"
560,"first_blank","first_blank-pae","pae",2,6,"first_blank-nyt","nyt",6,0,0,1,"paeta","nytta"
226,"pa","pa-ha","ha",2,7,"sul-ha","sul",7,0,1,1,"paha","sulha"
736,"first_blank","first_blank-paik","paik",2,22,"first_blank-avai","avai",22,0,0,1,"paikka","avaika"
883,"first_blank","first_blank-pai","pai",4,264,"first_blank-elekt","elekt",15,249,2,1,"painajainen","elektnajainen"
391,"pai","pai-ni","ni",3,6,"oloa-ni","oloa",2,4,1,1,"painike","oloanike"
321,"first_blank","first_blank-pai","pai",2,264,"first_blank-kes","kes",260,4,0,1,"paino","kesno"
294,"pais","pais-taa","taa",2,1,"moit-taa","moit",1,0,0,1,"paistaa","moittaa"
786,"pai","pai-ta","ta",2,16,"set-ta","set",16,0,0,1,"paita","setta"
953,"vit","vit-täin","täin",3,1,"vit-sauk","sauk",1,0,0,1,"päivittäin","päivitsauk"
568,"nen","nen-last_blank","last_blank",4,1781,"loway-last_blank","loway",5,1776,2,1,"pakolainen","pakolailoway"
415,"lat","lat-si","si",3,1,"peik-si","peik",1,0,1,1,"palatsi","papeiksi"
505,"jas","jas-tus","tus",3,6,"nioi-tus","nioi",4,2,1,1,"paljastus","palnioitus"
713,"first_blank","first_blank-palk","palk",5,59,"first_blank-idioot","idioot",8,51,2,1,"palkkasoturi","idiootkasoturi"
168,"lus","lus-last_blank","last_blank",3,30,"reen-last_blank","reen",30,0,1,1,"palvelus","palvereen"
738,"first_blank","first_blank-pank","pank",3,35,"first_blank-teks","teks",35,0,0,1,"pankkiiri","tekskiiri"
788,"first_blank","first_blank-pank","pank",5,35,"first_blank-suklaa","suklaa",9,26,2,1,"pankkitoiminta","suklaakitoiminta"
921,"first_blank","first_blank-pant","pant",4,26,"first_blank-chris","chris",23,3,1,1,"panttivanki","christivanki"
356,"pa","pa-pe","pe",3,42,"pa-hoin","hoin",20,22,2,1,"paperi","pahoinri"
147,"tii","tii-si","si",4,6,"bruns-si","bruns",1,5,2,1,"paratiisi","parabrunssi"
725,"la","la-ment","ment",4,2,"la-pioin","pioin",1,1,1,1,"parlamentti","parlapiointi"
331,"pa","pa-ro","ro",3,7,"pa-niik","niik",6,1,2,1,"paroni","paniikni"
396,"meä","meä-last_blank","last_blank",2,11,"suu-last_blank","suu",11,0,0,1,"pehmeä","pehsuu"
611,"first_blank","first_blank-pei","pei",2,51,"first_blank-lis","lis",51,0,0,1,"peite","liste"
787,"las","las-taa","taa",3,8,"joit-taa","joit",8,0,1,1,"pelastaa","pejoittaa"
593,"pe","pe-läs","läs",4,20,"pe-ranza","ranza",1,19,2,1,"pelästyttää","peranzatyttää"
591,"pe","pe-la","la",3,13,"loil-la","loil",12,1,2,1,"pelata","loillata"
239,"lot","lot-ta","ta",4,25,"omais-ta","omais",4,21,2,1,"pelottava","peomaistava"
567,"vau","vau-nu","nu",4,10,"vau-rioit","rioit",2,8,3,1,"perävaunu","perävaurioit"
416,"per","per-ho","ho",3,5,"okla-ho","okla",5,0,1,1,"perhonen","oklahonen"
616,"per","per-se","se",2,3,"kau-se","kau",3,0,0,1,"perse","kause"
846,"ru","ru-na","na",3,6,"jois-na","jois",4,2,2,1,"peruna","pejoisna"
240,"pe","pe-sä","sä",2,6,"pe-tet","tet",6,0,1,1,"pesä","petet"
85,"pe","pe-to","to",2,5,"lis-to","lis",5,0,1,1,"peto","listo"
296,"first_blank","first_blank-pia","pia",2,8,"first_blank-tep","tep",8,0,0,1,"piano","tepno"
246,"first_blank","first_blank-piis","piis",2,9,"first_blank-tors","tors",9,0,0,1,"piispa","torspa"
817,"nik","nik-ki","ki",3,2,"ruos-ki","ruos",2,0,1,1,"piknikki","pikruoski"
762,"first_blank","first_blank-pil","pil",2,60,"first_blank-sam","sam",60,0,0,1,"pilvi","samvi"
277,"meys","meys-last_blank","last_blank",2,1,"maia-last_blank","maia",1,0,0,1,"pimeys","pimaia"
78,"pi","pi-ng","ng",1,1,"pi-do","do",1,0,0,1,"ping","pido"
49,"too","too-li","li",3,4,"älyl-li","älyl",4,0,1,1,"pistooli","pisälylli"
617,"nni","nni-last_blank","last_blank",4,1,"liams-last_blank","liams",1,0,2,1,"pitää kiinni","pitää kiiliams"
281,"neet","neet-taa","taa",3,1,"pais-taa","pais",1,0,0,1,"planeettaa","plapaistaa"
11,"first_blank","first_blank-play","play",2,2,"first_blank-ylia","ylia",2,0,0,1,"playboy","yliaboy"
470,"pl","pl-us","us",1,1,"pl-ia","ia",1,0,0,1,"plus","plia"
557,"first_blank","first_blank-poh","poh",2,62,"first_blank-kui","kui",61,1,0,1,"pohja","kuija"
169,"first_blank","first_blank-poik","poik",5,36,"first_blank-suklaa","suklaa",9,27,2,1,"poikkeuksellinen","suklaakeuksellinen"
625,"pois","pois-taa","taa",2,1,"peut-taa","peut",1,0,0,1,"poistaa","peuttaa"
744,"first_blank","first_blank-pois","pois",4,90,"first_blank-elekt","elekt",15,75,1,1,"poistuminen","elekttuminen"
939,"poi","poi-ka","ka",4,70,"riark-ka","riark",1,69,2,1,"pojanpoika","pojanriarkka"
876,"po","po-jat","jat",2,4,"po-lul","lul",4,0,0,1,"pojat","polul"
664,"first_blank","first_blank-pom","pom",2,55,"first_blank-hai","hai",55,0,0,1,"pommi","haimi"
87,"first_blank","first_blank-por","por",2,74,"first_blank-syö","syö",74,0,0,1,"porno","syöno"
637,"por","por-taa","taa",3,5,"hait-taa","hait",5,0,1,1,"portaali","haittaali"
511,"nen","nen-last_blank","last_blank",5,1781,"razzit-last_blank","razzit",1,1780,3,1,"positiivinen","positiivirazzit"
107,"first_blank","first_blank-pos","pos",2,63,"first_blank-hir","hir",63,0,0,1,"posti","hirti"
367,"ten","ten-ti","ti",5,8,"idioot-ti","idioot",5,3,3,1,"potentiaali","poidioottiaali"
54,"las","las-last_blank","last_blank",3,20,"dien-last_blank","dien",20,0,1,1,"potilas","potidien"
859,"first_blank","first_blank-pöy","pöy",2,46,"first_blank-elo","elo",46,0,0,1,"pöytä","elotä"
641,"first_blank","first_blank-prin","prin",3,13,"first_blank-nuus","nuus",13,0,0,1,"prinsessa","nuussessa"
351,"fii","fii-li","li",3,4,"älyl-li","älyl",4,0,1,1,"profiili","proälylli"
961,"teii","teii-ni","ni",3,1,"ovee-ni","ovee",1,0,0,1,"proteiini","prooveeni"
102,"tes","tes-ti","ti",3,7,"nant-ti","nant",7,0,1,1,"protesti","pronantti"
675,"pu","pu-b","b",1,1,"oo-b","oo",1,0,0,1,"pub","oob"
688,"do","do-ta","ta",3,5,"peis-ta","peis",5,0,2,1,"pudota","pupeista"
601,"das","das-last_blank","last_blank",2,12,"jon-last_blank","jon",12,0,0,1,"puhdas","puhjon"
705,"he","he-last_blank","last_blank",2,36,"kuu-last_blank","kuu",36,0,1,1,"puhe","pukuu"
647,"pu","pu-hua","hua",2,3,"pu-lan","lan",3,0,0,1,"puhua","pulan"
564,"first_blank","first_blank-puls","puls",2,7,"first_blank-muil","muil",7,0,0,1,"pulssi","muilsi"
402,"first_blank","first_blank-pump","pump",2,8,"first_blank-slum","slum",8,0,0,1,"pumppu","slumpu"
269,"pu","pu-nai","nai",3,23,"pu-heen","heen",16,7,1,1,"punainen","puheennen"
79,"pun","pun-ta","ta",2,1,"hea-ta","hea",1,0,0,1,"punta","heata"
514,"first_blank","first_blank-puo","puo",2,227,"first_blank-vie","vie",228,1,0,1,"puoli","vieli"
653,"pus","pus-ka","ka",2,2,"aka-ka","aka",2,0,0,1,"puska","akaka"
519,"ris","ris-tää","tää",3,4,"näyt-tää","näyt",4,0,1,1,"pyöristää","pyönäyttää"
666,"mi","mi-di","di",4,1,"mi-racle","racle",1,0,3,1,"pyramidi","pyramiracle"
206,"py","py-syä","syä",2,2,"py-löi","löi",2,0,0,1,"pysyä","pylöi"
288,"first_blank","first_blank-raa","raa",3,80,"first_blank-liit","liit",80,0,1,1,"raamattu","liitmattu"
816,"dio","dio-last_blank","last_blank",2,5,"sel-last_blank","sel",5,0,0,1,"radio","rasel"
626,"ha","ha-pe","pe",4,1,"ha-luais","luais",1,0,3,1,"rahapeli","rahaluaisli"
737,"hoit","hoit-taa","taa",3,4,"spon-taa","spon",4,0,0,1,"rahoittaa","raspontaa"
165,"rai","rai-tis","tis",2,2,"myy-tis","myy",2,0,0,1,"raitis","myytis"
17,"dys","dys-last_blank","last_blank",3,12,"rään-last_blank","rään",12,0,1,1,"räjähdys","räjährään"
663,"jäh","jäh-tää","tää",3,2,"esit-tää","esit",2,0,1,1,"räjähtää","räesittää"
668,"ken","ken-ta","ta",5,29,"asiois-ta","asiois",4,25,3,1,"rakentaminen","raasioistaminen"
531,"ra","ra-ket","ket",3,5,"ra-hois","hois",5,0,1,1,"raketti","rahoisti"
608,"gais","gais-ta","ta",3,3,"ajan-ta","ajan",3,0,0,1,"rangaista","ranajanta"
920,"gais","gais-tus","tus",3,4,"nioi-tus","nioi",4,0,0,1,"rangaistus","rannioitus"
670,"first_blank","first_blank-ran","ran",2,118,"first_blank-jäl","jäl",119,1,0,1,"ranta","jälta"
189,"port","port-ti","ti",3,11,"keas-ti","keas",10,1,0,1,"raportti","rakeasti"
313,"sis","sis-ti","ti",4,10,"agent-ti","agent",5,5,2,1,"rasistinen","raagenttinen"
965,"first_blank","first_blank-ras","ras",2,57,"first_blank-koi","koi",57,0,0,1,"raskas","koikas"
873,"first_blank","first_blank-rat","rat",4,128,"first_blank-esiin","esiin",35,93,2,1,"ratsuväki","esiinsuväki"
466,"rau","rau-ta","ta",2,23,"pet-ta","pet",24,1,0,1,"rauta-","petta"
630,"first_blank","first_blank-reit","reit",2,7,"first_blank-virt","virt",7,0,0,1,"reitti","virtti"
255,"first_blank","first_blank-ren","ren",2,48,"first_blank-sot","sot",48,0,0,1,"rengas","sotgas"
393,"re","re-piä","piä",2,1,"re-fox","fox",1,0,0,1,"repiä","refox"
844,"port","port-te","te",4,5,"gangs-te","gangs",7,2,1,1,"reportteri","regangsteri"
848,"first_blank","first_blank-riip","riip",3,17,"first_blank-isom","isom",17,0,0,1,"riippuva","isompuva"
561,"pu","pu-li","li",3,7,"gril-li","gril",7,0,2,1,"ripuli","rigrilli"
894,"first_blank","first_blank-ris","ris",2,80,"first_blank-kum","kum",80,0,0,1,"riski","kumki"
896,"kial","kial-tis","tis",3,2,"sent-tis","sent",2,0,0,1,"riskialtis","rissenttis"
729,"tu","tu-aa","aa",4,12,"alici-aa","alici",1,11,3,1,"rituaali-","rialiciaali"
314,"bot","bot-ti","ti",3,2,"köin-ti","köin",2,0,1,1,"robotti","roköinti"
297,"ck","ck-last_blank","last_blank",1,39,"it-last_blank","it",39,0,0,1,"rock","roit"
75,"deo","deo-last_blank","last_blank",2,3,"rol-last_blank","rol",3,0,0,1,"rodeo","rorol"
559,"first_blank","first_blank-roh","roh",2,44,"first_blank-ete","ete",44,0,0,1,"rohkeus","etekeus"
224,"meo","meo-last_blank","last_blank",2,1,"ror-last_blank","ror",1,0,0,1,"romeo","roror"
315,"first_blank","first_blank-rom","rom",2,8,"first_blank-vik","vik",8,0,0,1,"rommi","vikmi"
330,"roo","roo-ma","ma",4,10,"maail-ma","maail",7,3,2,1,"roomalainen","maailmalainen"
691,"first_blank","first_blank-ros","ros",2,52,"first_blank-tär","tär",52,0,0,1,"roska","tärka"
697,"run","run-ko","ko",2,1,"leu-ko","leu",1,0,0,1,"runko","leuko"
289,"noi","noi-li","li",4,6,"aseel-li","aseel",4,2,2,1,"runoilija","ruaseellija"
58,"first_blank","first_blank-ruo","ruo",2,108,"first_blank-kol","kol",108,0,0,1,"ruoka","kolka"
634,"ruos","ruos-tei","tei",3,1,"vaih-tei","vaih",1,0,0,1,"ruosteinen","vaihteinen"
741,"first_blank","first_blank-rus","rus",2,29,"first_blank-koe","koe",29,0,0,1,"ruskea","koekea"
97,"first_blank","first_blank-rut","rut",2,10,"first_blank-kee","kee",10,0,0,1,"rutto","keeto"
32,"vaus","vaus-last_blank","last_blank",4,11,"tioon-last_blank","tioon",13,2,1,1,"ruumiinavaus","ruumiinatioon"
80,"ruu","ruu-ti","ti",2,3,"vos-ti","vos",3,0,0,1,"ruuti","vosti"
585,"ment","ment-ti","ti",3,15,"kaas-ti","kaas",16,1,0,1,"rykmentti","rykkaasti"
877,"first_blank","first_blank-ryt","ryt",2,10,"first_blank-kri","kri",10,0,0,1,"rytmi","krimi"
968,"saa","saa-da","da",2,1,"der-da","der",1,0,0,1,"saada","derda"
703,"lis","lis-last_blank","last_blank",2,17,"kän-last_blank","kän",17,0,0,1,"saalis","saakän"
639,"first_blank","first_blank-sään","sään",2,31,"first_blank-aluk","aluk",31,0,0,2,"sääntö","aluktö"
270,"saa","saa-pas","pas",2,2,"kuo-pas","kuo",2,0,0,1,"saapas","kuopas"
851,"first_blank","first_blank-saa","saa",2,245,"first_blank-kor","kor",245,0,0,1,"saapua","korpua"
369,"first_blank","first_blank-saa","saa",4,245,"first_blank-aloit","aloit",39,206,2,1,"saapuminen","aloitpuminen"
721,"first_blank","first_blank-saas","saas",4,24,"first_blank-epäil","epäil",23,1,1,1,"saastuminen","epäiltuminen"
429,"first_blank","first_blank-sa","sa",2,894,"auschwitzis-sa","auschwitzis",1,893,0,9,"sade","auschwitzissade"
265,"first_blank","first_blank-sä","sä",2,64,"first_blank-ala","ala",64,0,1,1,"säde","alade"
480,"liö","liö-last_blank","last_blank",2,4,"hew-last_blank","hew",4,0,0,1,"säiliö","säihew"
299,"raa","raa-la","la",3,4,"kuul-la","kuul",4,0,1,1,"sairaala","saikuulla"
710,"ras","ras-last_blank","last_blank",2,26,"jiä-last_blank","jiä",26,0,0,1,"sairas","saijiä"
497,"suus","suus-last_blank","last_blank",3,67,"jien-last_blank","jien",67,0,0,1,"salaisuus","salaijien"
604,"first_blank","first_blank-sa","sa",4,894,"auschwitzis-sa","auschwitzis",1,893,0,7,"salaliitto","auschwitzissalaliitto"
880,"first_blank","first_blank-sa","sa",3,894,"auschwitzis-sa","auschwitzis",1,893,0,8,"salama","auschwitzissalama"
132,"sal","sal-do","do",2,1,"muo-do","muo",1,0,0,1,"saldo","muodo"
454,"first_blank","first_blank-salk","salk",2,6,"first_blank-pyyk","pyyk",6,0,0,1,"salkku","pyykku"
34,"sal","sal-lia","lia",2,1,"hoo-lia","hoo",1,0,0,1,"sallia","hoolia"
100,"first_blank","first_blank-sa","sa",4,894,"auschwitzis-sa","auschwitzis",1,893,0,7,"samanlainen","auschwitzissamanlainen"
417,"mak","mak-ko","ko",3,1,"roit-ko","roit",1,0,1,1,"sammakko","samroitko"
861,"first_blank","first_blank-sa","sa",2,894,"auschwitzis-sa","auschwitzis",1,893,0,9,"sana","auschwitzissana"
387,"first_blank","first_blank-sa","sa",4,894,"auschwitzis-sa","auschwitzis",1,893,0,7,"sanakirja","auschwitzissanakirja"
590,"first_blank","first_blank-san","san",3,66,"first_blank-avio","avio",66,0,1,1,"sankari","aviokari"
272,"sa","sa-noa","noa",2,3,"sa-ver","ver",3,0,0,1,"sanoa","saver"
98,"first_blank","first_blank-sar","sar",2,53,"first_blank-vit","vit",53,0,0,1,"sarja","vitja"
614,"first_blank","first_blank-sar","sar",2,53,"first_blank-näh","näh",53,0,0,1,"sarvi","nähvi"
133,"first_blank","first_blank-sa","sa",5,894,"auschwitzis-sa","auschwitzis",1,893,0,6,"satunnaisesti","auschwitzissatunnaisesti"
740,"first_blank","first_blank-sa","sa",2,894,"auschwitzis-sa","auschwitzis",1,893,0,9,"savu","auschwitzissavu"
13,"first_blank","first_blank-sei","sei",2,76,"first_blank-lin","lin",76,0,0,1,"seinä","linnä"
111,"first_blank","first_blank-sek","sek",5,65,"first_blank-idioot","idioot",8,57,3,1,"seksuaalinen","idiootsuaalinen"
891,"li","li-tys","tys",3,4,"li-joil","joil",4,0,1,1,"selitys","selijoil"
934,"ran","ran-ka","ka",4,3,"etiik-ka","etiik",1,2,2,1,"selkäranka","selkäetiikka"
187,"sel","sel-väs","väs",3,5,"sel-liin","liin",5,0,1,1,"selvästi","selliinti"
485,"se","se-ment","ment",3,3,"se-naan","naan",3,0,0,1,"sementti","senaanti"
427,"mi","mi-naa","naa",4,11,"mi-rezin","rezin",1,10,2,1,"seminaari","semirezinri"
443,"first_blank","first_blank-sen","sen",5,29,"first_blank-idioot","idioot",8,21,3,1,"sensaatiomainen","idiootsaatiomainen"
364,"first_blank","first_blank-sen","sen",3,29,"first_blank-haus","haus",29,0,1,1,"sensori","haussori"
200,"se","se-tä","tä",2,4,"dös-tä","dös",4,0,1,1,"setä","döstä"
20,"first_blank","first_blank-seu","seu",3,185,"first_blank-muis","muis",191,6,1,1,"seurata","muisrata"
636,"riff","riff-last_blank","last_blank",2,1,"diac-last_blank","diac",1,0,0,1,"sheriff","shediac"
975,"first_blank","first_blank-sher","sher",2,9,"first_blank-tiet","tiet",9,0,0,1,"sherlock","tietlock"
407,"first_blank","first_blank-sian","sian",3,2,"first_blank-ikäe","ikäe",2,0,0,1,"sianliha","ikäeliha"
149,"sie","sie-lu","lu",2,8,"pai-lu","pai",8,0,0,1,"sielu","pailu"
699,"sie","sie-pa","pa",3,3,"lemp-pa","lemp",3,0,1,1,"siepata","lemppata"
430,"first_blank","first_blank-siep","siep",3,28,"first_blank-rans","rans",28,0,0,1,"sieppaaja","ranspaaja"
66,"first_blank","first_blank-sih","sih",3,13,"first_blank-ylen","ylen",13,0,1,1,"sihteeri","ylenteeri"
411,"first_blank","first_blank-siir","siir",3,107,"first_blank-näyt","näyt",105,2,0,1,"siirtomaa","näyttomaa"
654,"first_blank","first_blank-silk","silk",2,4,"first_blank-golf","golf",4,0,0,1,"silkki","golfki"
323,"first_blank","first_blank-sil","sil",2,134,"first_blank-jou","jou",133,1,0,1,"silmä","joumä"
856,"sil","sil-ta","ta",2,38,"men-ta","men",38,0,0,1,"silta","menta"
372,"si","si-ru","ru",2,4,"si-mäs","mäs",4,0,1,1,"siru","simäs"
881,"säi","säi-nen","nen",3,1,"säi-liöi","liöi",1,0,1,1,"sisäinen","sisäiliöi"
746,"säl","säl-tää","tää",3,1,"niis-tää","niis",1,0,1,1,"sisältää","siniistää"
938,"first_blank","first_blank-sis","sis",2,50,"first_blank-hul","hul",50,0,0,1,"sisko","hulko"
750,"si","si-toa","toa",2,1,"si-ken","ken",1,0,0,1,"sitoa","siken"
117,"tou","tou-mus","mus",3,1,"tou-vier","vier",1,0,1,1,"sitoumus","sitouvier"
755,"vii","vii-li","li",3,4,"älyl-li","älyl",4,0,1,1,"siviili-","siälylli"
717,"first_blank","first_blank-soh","soh",2,12,"first_blank-lef","lef",12,0,0,1,"sohva","lefva"
646,"first_blank","first_blank-soit","soit",7,73,"first_blank-blackwel","blackwel",1,72,4,1,"soittaa puhelimella","blackweltaa puhelimella"
349,"kea","kea-last_blank","last_blank",2,60,"liä-last_blank","liä",60,0,0,1,"sokea","soliä"
759,"so","so-ke","ke",3,9,"merk-ke","merk",9,0,2,1,"sokeri","merkkeri"
922,"so","so-lu","lu",2,12,"kai-lu","kai",11,1,1,1,"solu","kailu"
752,"pi","pi-mus","mus",3,11,"pi-laan","laan",11,0,1,1,"sopimus","sopilaan"
607,"first_blank","first_blank-sor","sor",2,88,"first_blank-tul","tul",88,0,0,1,"sormi","tulmi"
782,"so","so-ta","ta",2,41,"men-ta","men",38,3,1,1,"sota","menta"
756,"las","las-last_blank","last_blank",3,20,"dien-last_blank","dien",20,0,1,1,"sotilas","sotidien"
68,"dion","dion-last_blank","last_blank",2,4,"ming-last_blank","ming",4,0,0,1,"stadion","staming"
452,"res","res-si","si",3,3,"osai-si","osai",3,0,1,1,"stressi","stosaisi"
1000,"first_blank","first_blank-suh","suh",2,56,"first_blank-odo","odo",56,0,0,1,"suhde","odode"
730,"teel","teel-li","li",4,45,"rizzo-li","rizzo",1,44,1,1,"suhteellinen","suhrizzolinen"
355,"first_blank","first_blank-suih","suih",2,20,"first_blank-kult","kult",20,0,0,1,"suihku","kultku"
941,"lus","lus-ve","ve",5,10,"vancou-ve","vancou",3,7,3,1,"sukellusvene","sukelvancouvene"
207,"su","su-laa","laa",2,5,"su-jen","jen",5,0,0,1,"sulaa","sujen"
482,"ha","ha-nen","nen",3,3,"ha-luam","luam",3,0,1,1,"sulhanen","sulhaluam"
440,"first_blank","first_blank-sum","sum",2,17,"first_blank-ais","ais",17,0,0,1,"summa","aisma"
650,"jel","jel-la","la",3,2,"star-la","star",1,1,1,1,"suojella","suostarla"
765,"suo","suo-raan","raan",2,2,"suo-siol","siol",2,0,0,2,"suoraan","suosiol"
347,"sit","sit-tu","tu",3,7,"laan-tu","laan",7,0,1,1,"suosittu","suolaantu"
401,"per","per-mies","mies",3,1,"per-heon","heon",1,0,0,1,"supermies","superheon"
849,"nen","nen-last_blank","last_blank",4,1781,"loway-last_blank","loway",5,1776,2,1,"surullinen","surulliloway"
515,"first_blank","first_blank-su","su",1,357,"first_blank-ke","ke",357,0,0,1,"suu","keu"
121,"suu","suu-del","del",3,22,"suu-tuit","tuit",2,20,1,1,"suudella","suutuitla"
758,"suun","suun-ni","ni",4,58,"haqqa-ni","haqqa",1,57,1,1,"suunnitelma","haqqanitelma"
4,"osa","osa-last_blank","last_blank",4,2,"miöön-last_blank","miöön",2,0,2,1,"suurin osa","suurin miöön"
474,"suur","suur-lä","lä",5,9,"ericil-lä","ericil",1,8,2,1,"suurlähettiläs","ericillähettiläs"
475,"suur","suur-lä","lä",5,9,"ericil-lä","ericil",1,8,2,1,"suurlähetystö","ericillähetystö"
657,"suu","suu-tut","tut",3,6,"ihas-tut","ihas",8,2,1,1,"suututtaa","ihastuttaa"
685,"syn","syn-ti","ti",2,12,"kut-ti","kut",12,0,0,1,"synti","kutti"
672,"first_blank","first_blank-syn","syn",3,166,"first_blank-muis","muis",191,25,1,1,"syntymä","muistymä"
771,"first_blank","first_blank-syöt","syöt",2,20,"first_blank-koet","koet",20,0,0,1,"syöttö","koettö"
774,"sy","sy-y","y",1,1,"ce-y","ce",1,0,0,1,"syy","cey"
419,"kuu","kuu-last_blank","last_blank",2,36,"her-last_blank","her",36,0,0,1,"syyskuu","syysher"
734,"juus","juus-last_blank","last_blank",2,7,"hers-last_blank","hers",7,0,0,1,"taajuus","taahers"
613,"first_blank","first_blank-tab","tab",3,6,"first_blank-pres","pres",6,0,1,1,"tabletti","presletti"
290,"first_blank","first_blank-tai","tai",2,215,"first_blank-ker","ker",218,3,0,1,"taide","kerde"
937,"tai","tai-ka","ka",2,14,"peu-ka","peu",16,2,0,1,"taika-","peuka"
781,"first_blank","first_blank-tais","tais",3,93,"first_blank-käyt","käyt",103,10,0,1,"taistelu","käyttelu"
779,"tai","tai-tei","tei",4,14,"berns-tei","berns",1,13,2,1,"taiteilija","bernsteilija"
784,"vas","vas-last_blank","last_blank",2,7,"dor-last_blank","dor",7,0,0,1,"taivas","taidor"
572,"first_blank","first_blank-ta","ta",3,1002,"auschwitzis-ta","auschwitzis",1,1001,0,8,"takaisin","auschwitzistakaisin"
413,"tak","tak-si","si",2,9,"käi-si","käi",9,0,0,1,"taksi","käisi"
436,"kuu","kuu-last_blank","last_blank",2,36,"her-last_blank","her",36,0,0,1,"takuu","taher"
170,"first_blank","first_blank-ta","ta",2,1002,"auschwitzis-ta","auschwitzis",1,1001,0,9,"talo","auschwitzistalo"
660,"first_blank","first_blank-ta","ta",6,1002,"auschwitzis-ta","auschwitzis",1,1001,0,5,"taloudellisesti","auschwitzistaloudellisesti"
84,"nään","nään-last_blank","last_blank",2,19,"gian-last_blank","gian",19,0,0,1,"tänään","tägian"
790,"first_blank","first_blank-tans","tans",3,77,"first_blank-kään","kään",77,0,0,1,"tanssija","käänsija"
544,"first_blank","first_blank-ta","ta",4,1002,"auschwitzis-ta","auschwitzis",1,1001,0,7,"tapahtuma","auschwitzistapahtuma"
486,"first_blank","first_blank-tap","tap",3,150,"first_blank-suun","suun",131,19,1,1,"tappaja","suunpaja"
303,"first_blank","first_blank-tap","tap",3,150,"first_blank-suun","suun",131,19,1,1,"tappava","suunpava"
796,"joi","joi-li","li",4,14,"aseel-li","aseel",4,10,2,1,"tarjoilija","taraseellija"
35,"jous","jous-last_blank","last_blank",2,3,"tock-last_blank","tock",3,0,0,1,"tarjous","tartock"
311,"kas","kas-ta","ta",4,171,"aloit-ta","aloit",15,156,2,1,"tarkastaja","taraloittaja"
799,"kis","kis-taa","taa",3,5,"suun-taa","suun",6,1,1,1,"tarkistaa","tarsuuntaa"
801,"koi","koi-tus","tus",3,8,"koi-maan","maan",5,3,1,1,"tarkoitus","tarkoimaan"
682,"peek","peek-si","si",3,1,"jait-si","jait",1,0,0,1,"tarpeeksi","tarjaitsi"
421,"first_blank","first_blank-tas","tas",2,43,"first_blank-rei","rei",43,0,0,1,"tasku-","reiku"
810,"ta","ta-soit","soit",3,1,"ta-hark","hark",1,0,0,1,"tasoittaa","taharktaa"
732,"täs","täs-sä","sä",2,6,"nen-sä","nen",6,0,0,1,"tässä","nensä"
43,"tuoin","tuoin-ti","ti",3,3,"eroot-ti","eroot",3,0,0,1,"tatuointi","taerootti"
804,"first_blank","first_blank-ta","ta",4,1002,"auschwitzis-ta","auschwitzis",1,1001,0,7,"tavallinen","auschwitzistavallinen"
809,"first_blank","first_blank-teh","teh",2,114,"first_blank-pro","pro",114,0,0,1,"tehdä","prodä"
336,"das","das-last_blank","last_blank",2,12,"bia-last_blank","bia",12,0,0,1,"tehdas","tehbia"
812,"first_blank","first_blank-teh","teh",3,114,"first_blank-kiin","kiin",115,1,1,1,"tehtävä","kiintävä"
813,"käi","käi-nen","nen",4,9,"falco-nen","falco",1,8,2,1,"teini-ikäinen","teiniifalconen"
86,"te","te-ki","ki",3,75,"te-tään","tään",77,2,2,1,"tekijä","tetäänjä"
823,"niik","niik-ka","ka",3,3,"luai-ka","luai",3,0,0,1,"tekniikka","tekluaika"
458,"first_blank","first_blank-tek","tek",3,42,"first_blank-char","char",42,0,1,1,"tekninen","charninen"
696,"teks","teks-ti","ti",2,12,"pros-ti","pros",12,0,0,1,"teksti","prosti"
291,"ram","ram-mi","mi",4,3,"epäih-mi","epäih",2,1,2,1,"telegrammi","telegepäihmi"
472,"koop","koop-pi","pi",4,5,"useam-pi","useam",2,3,1,1,"teleskooppi","telesuseampi"
433,"first_blank","first_blank-temp","temp",3,29,"first_blank-kaik","kaik",29,0,0,1,"temppeli","kaikpeli"
962,"first_blank","first_blank-temp","temp",2,29,"first_blank-täyt","täyt",29,0,0,1,"temppu","täytpu"
400,"naa","naa-li","li",4,11,"aseel-li","aseel",4,7,2,1,"terminaali","termiaseelli"
525,"first_blank","first_blank-ter","ter",2,138,"first_blank-muu","muu",137,1,0,1,"terve","muuve"
327,"veys","veys-last_blank","last_blank",2,4,"lett-last_blank","lett",4,0,0,1,"terveys","terlett"
913,"ti","ti-e","e",1,1,"ec-e","ec",1,0,0,1,"tie","ece"
55,"dos","dos-ton","ton",3,2,"asun-ton","asun",2,0,1,1,"tiedoston","tieasunton"
826,"dot","dot-last_blank","last_blank",2,46,"ger-last_blank","ger",46,0,0,1,"tiedot","tieger"
990,"myys","myys-last_blank","last_blank",5,11,"rencen-last_blank","rencen",4,7,2,1,"tietämättömyys","tietämättörencen"
53,"ti","ti-la","la",2,34,"kel-la","kel",33,1,1,1,"tila","kella"
332,"lan","lan-ne","ne",3,30,"bour-ne","bour",5,25,1,1,"tilanne","tibourne"
145,"mant","mant-ti","ti",3,18,"käyn-ti","käyn",17,1,0,1,"timantti-","tikäynti"
964,"first_blank","first_blank-tiu","tiu",3,18,"first_blank-maal","maal",18,0,1,1,"tiukasti","maalkasti"
108,"suus","suus-last_blank","last_blank",4,67,"field-last_blank","field",15,52,1,1,"todellisuus","todellifield"
837,"syys","syys-last_blank","last_blank",5,34,"rencen-last_blank","rencen",4,30,2,1,"todennäköisyys","todennäköirencen"
839,"dis","dis-taa","taa",3,6,"suun-taa","suun",6,0,1,1,"todistaa","tosuuntaa"
838,"dis","dis-teet","teet",3,1,"dis-saan","saan",1,0,0,1,"todisteet","todissaan"
394,"toi","toi-mia","mia",2,8,"toi-sel","sel",7,1,0,1,"toimia","toisel"
956,"mi","mi-val","val",4,4,"mi-nique","nique",1,3,2,1,"toimivalta","toiminiqueta"
476,"toi","toi-nen","nen",2,22,"toi-sil","sil",9,13,0,1,"toinen","toisil"
581,"toi","toi-pua","pua",2,1,"toi-mil","mil",1,0,0,1,"toipua","toimil"
91,"tois","tois-si","si",4,1,"ohuek-si","ohuek",1,0,1,1,"toissijainen","ohueksijainen"
887,"voa","voa-last_blank","last_blank",2,19,"ket-last_blank","ket",19,0,0,1,"toivoa","toiket"
166,"ton","ton-ni","ni",4,5,"marco-ni","marco",1,4,2,1,"tonnikala","marconikala"
261,"tor","tor-kut","kut",2,1,"lis-kut","lis",1,0,0,1,"torkut","liskut"
667,"first_blank","first_blank-tor","tor",2,59,"first_blank-näy","näy",59,0,0,1,"torni","näyni"
835,"tot","tot-ta","ta",2,4,"nai-ta","nai",4,0,0,1,"totta","naita"
477,"first_blank","first_blank-trop","trop",2,1,"first_blank-twin","twin",1,0,0,1,"trophy","twinhy"
719,"hat","hat-last_blank","last_blank",2,29,"käs-last_blank","käs",29,0,0,1,"tuhat","tukäs"
633,"tuh","tuh-ka","ka",2,6,"nai-ka","nai",6,0,0,1,"tuhka","naika"
38,"tu","tu-ki","ki",2,35,"tu-mas","mas",31,4,1,1,"tuki","tumas"
461,"suus","suus-last_blank","last_blank",4,67,"field-last_blank","field",15,52,1,1,"tulevaisuus","tulevaifield"
460,"isään","isään-last_blank","last_blank",4,1,"ticus-last_blank","ticus",1,0,0,1,"tulla sisään","tulla sticus"
853,"los","los-last_blank","last_blank",2,8,"dyä-last_blank","dyä",8,0,0,1,"tulos","tudyä"
827,"nis","nis-taa","taa",3,7,"suun-taa","suun",6,1,1,1,"tunnistaa","tunsuuntaa"
365,"tuo","tuo-da","da",2,1,"ral-da","ral",1,0,0,1,"tuoda","ralda"
860,"tuin","tuin-last_blank","last_blank",3,43,"kaat-last_blank","kaat",51,8,0,1,"tuomioistuin","tuomioiskaat"
959,"tuo","tuo-re","re",2,2,"pyy-re","pyy",2,0,0,1,"tuore","pyyre"
217,"first_blank","first_blank-tuot","tuot",3,50,"first_blank-asia","asia",50,0,0,1,"tuottaja","asiataja"
723,"tu","tu-pak","pak",3,5,"tu-nees","nees",4,1,1,1,"tupakka","tuneeska"
554,"naus","naus-last_blank","last_blank",2,7,"hard-last_blank","hard",7,0,0,1,"turnaus","turhard"
866,"tur","tur-val","val",4,55,"tur-mioon","mioon",1,54,2,1,"turvallinen","turmioonlinen"
867,"suus","suus-last_blank","last_blank",4,67,"field-last_blank","field",15,52,1,1,"turvallisuus","turvallifield"
764,"first_blank","first_blank-tur","tur",4,244,"first_blank-maail","maail",68,176,2,1,"turvapaikka","maailvapaikka"
722,"tut","tut-ka","ka",2,1,"hin-ka","hin",1,0,0,1,"tutka","hinka"
868,"tut","tut-kia","kia",2,1,"tut-tui","tui",1,0,0,1,"tutkia","tuttui"
797,"first_blank","first_blank-tut","tut",4,162,"first_blank-maail","maail",68,94,2,1,"tutkiminen","maailkiminen"
869,"mus","mus-last_blank","last_blank",3,58,"keen-last_blank","keen",59,1,1,1,"tutkimus","tutkikeen"
908,"first_blank","first_blank-tut","tut",6,162,"first_blank-brookly","brookly",6,156,4,1,"tutkintotodistus","brooklykintotodistus"
496,"first_blank","first_blank-tuu","tuu",2,60,"first_blank-vih","vih",60,0,0,1,"tuuli","vihli"
306,"tyh","tyh-jä","jä",2,3,"vär-jä","vär",3,0,0,1,"tyhjä","värjä"
905,"työ","työ-ka","ka",3,19,"rans-ka","rans",18,1,1,1,"työkalu","ranskalu"
935,"työn","työn-tää","tää",2,1,"ryyt-tää","ryyt",1,0,0,1,"työntää","ryyttää"
63,"työ","työ-pa","pa",3,6,"kaap-pa","kaap",6,0,1,1,"työpaja","kaappaja"
623,"tär","tär-last_blank","last_blank",2,9,"sus-last_blank","sus",9,0,0,1,"tytär","tysus"
622,"first_blank","first_blank-tyt","tyt",2,103,"first_blank-juo","juo",105,2,0,1,"tyttö","juotö"
59,"nen","nen-me","me",4,1,"isiäm-me","isiäm",1,0,2,1,"tyynenmeren","tyyisiämmeren"
298,"first_blank","first_blank-tyy","tyy",4,112,"first_blank-maail","maail",68,44,2,1,"tyypillinen","maailpillinen"
543,"tyy","tyy-ty","ty",4,12,"epäil-ty","epäil",4,8,2,1,"tyytyväinen","epäiltyväinen"
882,"first_blank","first_blank-uf","uf",1,4,"first_blank-xe","xe",4,0,0,1,"ufo","xeo"
173,"uh","uh-ri","ri",2,6,"nöö-ri","nöö",6,0,1,1,"uhri","nööri"
745,"lel","lel-la","la",5,31,"priscil-la","priscil",1,30,4,1,"ulkopuolella","ulkopuopriscilla"
520,"os","os-last_blank","last_blank",1,17,"py-last_blank","py",17,0,0,1,"ulos","ulpy"
484,"unoh","unoh-taa","taa",2,1,"unoh-dim","dim",1,0,0,1,"unohtaa","unohdim"
444,"first_blank","first_blank-ur","ur",1,54,"first_blank-wa","wa",54,0,0,1,"ura","waa"
504,"first_blank","first_blank-ur","ur",1,54,"first_blank-ei","ei",54,0,0,1,"uros","eios"
889,"kol","kol-li","li",4,55,"rizzo-li","rizzo",1,54,2,1,"uskollinen","usrizzolinen"
541,"suus","suus-last_blank","last_blank",4,67,"field-last_blank","field",15,52,1,1,"uskollisuus","uskollifield"
406,"uu","uu-ni","ni",2,1,"uu-vuk","vuk",1,0,1,1,"uuni","uuvuk"
532,"first_blank","first_blank-vää","vää",2,79,"first_blank-nou","nou",79,0,0,1,"väärä","nourä"
895,"nös","nös-last_blank","last_blank",3,6,"peen-last_blank","peen",6,0,1,1,"väärennös","väärenpeen"
182,"first_blank","first_blank-väes","väes",2,8,"first_blank-free","free",8,0,0,1,"väestö","freetö"
594,"va","va-gi","gi",3,10,"va-taan","taan",9,1,2,1,"vagina","vataanna"
609,"vä","vä-hän","hän",2,5,"vä-ris","ris",3,2,0,1,"vähän","väris"
800,"gos","gos-sa","sa",4,8,"asian-sa","asian",1,7,2,1,"vahingossa","vahinasiansa"
142,"vah","vah-va","va",2,2,"loi-va","loi",2,0,0,1,"vahva","loiva"
899,"first_blank","first_blank-vah","vah",3,105,"first_blank-näyt","näyt",105,0,1,1,"vahvistus","näytvistus"
569,"vah","vah-vuus","vuus",2,1,"vah-duin","duin",1,0,0,1,"vahvuus","vahduin"
16,"vai","vai-he","he",2,1,"est-he","est",1,0,0,1,"vaihe","esthe"
855,"tel","tel-ma","ma",4,12,"maaii-ma","maaii",1,11,2,1,"vaikutelma","vaikumaaiima"
128,"kut","kut-ta","ta",4,26,"siois-ta","siois",7,19,2,1,"vaikuttava","vaisioistava"
901,"tus","tus-last_blank","last_blank",3,211,"laan-last_blank","laan",218,7,1,1,"vaikutus","vaikulaan"
57,"va","va-in","in",1,1,"va-de","de",1,0,0,1,"vain","vade"
164,"first_blank","first_blank-vai","vai",5,292,"first_blank-lincol","lincol",5,287,3,1,"vainoharhainen","lincolnoharhainen"
198,"vais","vais-to","to",2,11,"raat-to","raat",11,0,0,1,"vaisto","raatto"
542,"vai","vai-va","va",3,6,"kuun-va","kuun",2,4,1,1,"vaivata","kuunvata"
987,"ki","ki-jouk","jouk",4,4,"ki-maail","maail",2,2,1,1,"väkijoukko","väkimaailko"
707,"va","va-koi","koi",3,19,"va-paut","paut",29,10,1,1,"vakoilu","vapautlu"
605,"koo","koo-ja","ja",3,3,"avaa-ja","avaa",1,2,1,1,"vakooja","vaavaaja"
904,"del","del-la","la",4,43,"choco-la","choco",1,42,2,1,"valehdella","valehchocola"
900,"lin","lin-ta","ta",3,13,"erot-ta","erot",13,0,1,1,"valinta","vaerotta"
425,"li","li-pa","pa",4,17,"li-vings","vings",2,15,3,1,"välipala","välivingsla"
906,"li","li-ta","ta",3,12,"paus-ta","paus",12,0,2,1,"valita","vapausta"
95,"tet","tet-ta","ta",5,137,"asiois-ta","asiois",4,133,3,1,"valitettava","valiasioistava"
776,"li","li-tus","tus",3,11,"li-siin","siin",12,1,1,1,"valitus","valisiin"
490,"koi","koi-nen","nen",3,19,"koi-hois","hois",2,17,1,1,"valkoinen","valkoihois"
742,"first_blank","first_blank-val","val",5,501,"first_blank-idioot","idioot",8,493,3,1,"valkosipuli","idiootkosipuli"
589,"val","val-men","men",4,22,"val-tiois","tiois",2,20,2,1,"valmentaja","valtioistaja"
907,"mis","mis-last_blank","last_blank",2,9,"nya-last_blank","nya",9,0,0,1,"valmis","valnya"
767,"first_blank","first_blank-val","val",6,501,"first_blank-nietzsc","nietzsc",4,497,4,1,"valmistautuminen","nietzscmistautuminen"
802,"first_blank","first_blank-vält","vält",4,39,"first_blank-asiak","asiak",38,1,1,1,"välttämätön","asiaktämätön"
448,"von","von-ta","ta",3,15,"lias-ta","lias",15,0,1,1,"valvonta","valliasta"
528,"first_blank","first_blank-van","van",2,264,"first_blank-kes","kes",260,4,0,1,"vanha","kesha"
228,"hem","hem-pi","pi",3,9,"kaup-pi","kaup",7,2,1,1,"vanhempi","vankauppi"
903,"van","van-noa","noa",2,1,"van-hak","hak",1,0,0,1,"vannoa","vanhak"
924,"toi","toi-nen","nen",5,22,"cheyen-nen","cheyen",1,21,3,1,"vapaaehtoinen","vapaaehcheyennen"
923,"paas","paas-ti","ti",3,2,"ylit-ti","ylit",2,0,0,1,"vapaasti","vaylitti"
77,"paus","paus-last_blank","last_blank",2,17,"tias-last_blank","tias",17,0,0,1,"vapaus","vatias"
684,"ras","ras-last_blank","last_blank",2,26,"hiä-last_blank","hiä",26,0,0,1,"varas","vahiä"
700,"ras","ras-taa","taa",3,6,"suun-taa","suun",6,0,1,1,"varastaa","vasuuntaa"
854,"var","var-jo","jo",2,9,"lei-jo","lei",8,1,0,1,"varjo","leijo"
701,"var","var-kaus","kaus",2,3,"var-muut","muut",3,0,0,1,"varkaus","varmuut"
949,"roi","roi-tus","tus",3,5,"roi-maan","maan",2,3,1,1,"varoitus","varoimaan"
583,"var","var-ti","ti",3,39,"neet-ti","neet",23,16,1,1,"vartija","neettija"
223,"not","not-to","to",4,14,"brigh-to","brigh",2,12,2,1,"vastaanotto","vastaabrighto"
687,"ta","ta-lää","lää",4,2,"ta-vaiia","vaiia",1,1,2,1,"vastalääke","vastavaiiake"
565,"ta","ta-pää","pää",4,3,"ta-riqin","riqin",1,2,2,1,"vastapäätä","vastariqintä"
930,"taus","taus-last_blank","last_blank",2,21,"lian-last_blank","lian",21,0,0,2,"vastaus","vaslian"
931,"tus","tus-last_blank","last_blank",2,211,"aan-last_blank","aan",211,0,0,1,"vastus","vasaan"
940,"tuul","tuul-li","li",4,12,"rizzo-li","rizzo",1,11,1,1,"vastuullisuus","vasrizzolisuus"
507,"sy","sy-nyt","nyt",3,9,"sy-tään","tään",5,4,1,1,"väsynyt","väsytään"
686,"first_blank","first_blank-vat","vat",2,29,"first_blank-häm","häm",29,0,0,1,"vatsa","hämsa"
382,"first_blank","first_blank-vau","vau",2,64,"first_blank-leh","leh",64,0,0,1,"vauva","lehva"
185,"first_blank","first_blank-vent","vent",3,3,"first_blank-wolf","wolf",3,0,0,1,"venttiili","wolftiili"
960,"first_blank","first_blank-ve","ve",2,452,"first_blank-tar","tar",420,32,1,1,"veri","tarri"
212,"kos","kos-to","to",3,8,"gaat-to","gaat",7,1,1,1,"verkosto","vergaatto"
775,"first_blank","first_blank-via","via",2,2,"first_blank-typ","typ",2,0,0,1,"viaton","typton"
948,"hät","hät-tä","tä",4,8,"lexis-tä","lexis",1,7,2,1,"viehättävä","vielexistävä"
256,"hä","hä-tys","tys",3,3,"hä-osai","osai",2,1,1,1,"viehätys","viehäosai"
283,"suus","suus-last_blank","last_blank",5,67,"rencen-last_blank","rencen",4,63,2,1,"vieraanvaraisuus","vieraanvarairencen"
669,"ha","ha-ta","ta",3,11,"unoh-ta","unoh",11,0,2,1,"vihata","viunohta"
932,"hol","hol-li","li",4,32,"rizzo-li","rizzo",1,31,2,1,"vihollinen","virizzolinen"
548,"reä","reä-last_blank","last_blank",2,3,"sim-last_blank","sim",3,0,0,1,"vihreä","vihsim"
467,"dak","dak-ko","ko",3,2,"koit-ko","koit",2,0,1,1,"viidakko","viikoitko"
715,"vii","vii-ni","ni",2,15,"ran-ni","ran",14,1,0,1,"viini","ranni"
216,"vil","vil-ja","ja",2,1,"kai-ja","kai",1,0,0,1,"vilja","kaija"
875,"first_blank","first_blank-vil","vil",4,99,"first_blank-elekt","elekt",15,84,2,1,"viljelijä","elektjelijä"
655,"first_blank","first_blank-vilt","vilt",2,1,"first_blank-kyet","kyet",1,0,0,1,"viltti","kyetti"
955,"vi","vi-ral","ral",5,19,"vi-dencen","dencen",1,18,3,1,"virallisesti","videncenlisesti"
958,"vir","vir-he","he",2,3,"esp-he","esp",3,0,0,1,"virhe","esphe"
192,"rus","rus-last_blank","last_blank",2,16,"key-last_blank","key",16,0,0,1,"virus","vikey"
963,"first_blank","first_blank-vis","vis",2,14,"first_blank-heh","heh",14,0,0,1,"viski","hehki"
836,"lla","lla-last_blank","last_blank",3,1,"heed-last_blank","heed",1,0,1,1,"voi olla","voi oheed"
129,"lei","lei-pä","pä",3,10,"kämp-pä","kämp",8,2,1,1,"voileipä","voikämppä"
89,"first_blank","first_blank-voi","voi",2,221,"first_blank-kas","kas",218,3,0,1,"voima","kasma"
795,"voit","voit-to","to",2,10,"naat-to","naat",10,0,0,1,"voitto","naatto"
970,"first_blank","first_blank-vuok","vuok",4,50,"first_blank-esiin","esiin",35,15,1,1,"vuokralainen","esiinralainen"
971,"raus","raus-last_blank","last_blank",2,12,"rään-last_blank","rään",12,0,0,1,"vuokraus","vuokrään"
280,"first_blank","first_blank-vuo","vuo",2,233,"first_blank-hen","hen",240,7,0,1,"vuoro","henro"
770,"si","si-päi","päi",4,11,"si-mekla","mekla",1,10,2,1,"vuosipäivä","vuosimeklavä"
973,"vuo","vuo-si","si",4,44,"prins-si","prins",3,41,2,1,"vuosisata","prinssisata"
71,"hing","hing-ton","ton",3,2,"asun-ton","asun",2,0,0,1,"washington","wasasunton"
602,"wc","wc-last_blank","last_blank",1,1,"ix-last_blank","ix",1,0,0,1,"wc","ix"
728,"yh","yh-dis","dis",4,56,"yh-tyeen","tyeen",1,55,2,1,"yhdistelmä","yhtyeentelmä"
993,"täk","täk-kiä","kiä",3,1,"crac-kiä","crac",1,0,1,1,"yhtäkkiä","yhcrackiä"
977,"kun","kun-ta","ta",4,39,"aloit-ta","aloit",15,24,2,1,"yhteiskunta","yhteisaloitta"
980,"tiö","tiö-last_blank","last_blank",2,14,"hoa-last_blank","hoa",14,0,0,1,"yhtiö","yhhoa"
307,"first_blank","first_blank-yk","yk",2,216,"first_blank-ker","ker",218,2,1,1,"yksi","kersi"
208,"sik","sik-kö","kö",3,6,"dään-kö","dään",8,2,1,1,"yksikkö","ykdäänkö"
982,"sin","sin-last_blank","last_blank",2,941,"nut-last_blank","nut",752,189,0,1,"yksin","yknut"
983,"ses","ses-ti","ti",6,233,"implant-ti","implant",1,232,4,1,"yksinkertaisesti","yksinkertaiimplantti"
501,"täi","täi-nen","nen",4,3,"suzan-nen","suzan",1,2,2,1,"yksittäinen","yksitsuzannen"
984,"tyi","tyi-nen","nen",4,3,"falco-nen","falco",1,2,2,1,"yksityinen","yksifalconen"
985,"first_blank","first_blank-yleen","yleen",2,4,"first_blank-ajaes","ajaes",4,0,0,2,"yleensä","ajaessä"
106,"ylei","ylei-nen","nen",2,1,"siäi-nen","siäi",1,0,0,1,"yleinen","siäinen"
580,"nol","nol-li","li",5,31,"jacque-li","jacque",1,30,3,1,"yliluonnollinen","yliluonjacquelinen"
989,"räi","räi-nen","nen",4,10,"falco-nen","falco",1,9,2,1,"ylimääräinen","ylimääfalconen"
606,"lä","lä-tys","tys",3,8,"lä-kään","kään",11,3,1,1,"yllätys","ylläkään"
194,"peä","peä-last_blank","last_blank",2,13,"rie-last_blank","rie",13,0,0,1,"ylpeä","ylrie"
46,"peys","peys-last_blank","last_blank",2,1,"fett-last_blank","fett",1,0,0,1,"ylpeys","ylfett"
995,"mär","mär-tää","tää",3,3,"riit-tää","riit",3,0,1,1,"ymmärtää","ymriittää"
186,"first_blank","first_blank-ym","ym",4,118,"first_blank-maail","maail",68,50,3,1,"ympäristö","maailpäristö"
309,"py","py-rä","rä",3,1,"py-neet","neet",1,0,2,1,"ympyrä","ympyneet"
191,"first_blank","first_blank-yö","yö",1,63,"first_blank-ir","ir",73,10,0,1,"yö-","ir"
996,"yrit","yrit-tää","tää",2,3,"räyt-tää","räyt",3,0,0,1,"yrittää","räyttää"
957,"first_blank","first_blank-yri","yri",2,55,"first_blank-pom","pom",55,0,0,1,"yritys","pomtys"
348,"ys","ys-kä","kä",2,1,"kea-kä","kea",1,0,1,1,"yskä","keakä"
917,"bie","bie-last_blank","last_blank",2,11,"roi-last_blank","roi",11,0,0,1,"zombie","zomroi"
