"word_id","first","original_pair","second","syll","original_freq","replacement_pair","replacement_syll","replacement_freq","freq_diff","char_diff","letter_diff","original_word","replacement_word"
588,"miai","miai-nen","nen",3,1,"thor-nen","thor",1,0,0,1,"aamiainen","aathornen"
298,"mu","mu-last_blank","last_blank",2,28,"rän-last_blank","rän",28,0,1,1,"aamu","aarän"
874,"nes","nes-tä","tä",4,31,"erääl-tä","erääl",1,30,2,1,"äänestäjä","ääeräältäjä"
783,"nes","nes-tys","tys",3,6,"coun-tys","coun",2,4,1,1,"äänestys","ääcountys"
376,"first_blank","first_blank-ää","ää",2,133,"first_blank-jou","jou",133,0,1,1,"ääni","jouni"
632,"ni","ni-te","te",3,3,"pääs-te","pääs",3,0,2,1,"äänite","ääpääste"
809,"sur","sur-di","di",3,1,"fren-di","fren",1,0,1,1,"absurdi","abfrendi"
793,"ni","ni-last_blank","last_blank",5,3109,"ni-towocin","towocin",1,3108,3,4,"adrenaliini","adrenaliinitowocin"
610,"ai","ai-he","he",2,2,"ai-dal","dal",2,0,1,1,"aihe","aidal"
410,"ai","ai-kai","kai",3,34,"ai-heut","heut",33,1,1,1,"aikaisin","aiheutsin"
219,"leh","leh-ti","ti",5,38,"idioot-ti","idioot",5,33,3,1,"aikakauslehti","aikakausidiootti"
461,"tui","tui-nen","nen",5,14,"cheyen-nen","cheyen",1,13,3,1,"ainutlaatuinen","ainutlaacheyennen"
468,"ai","ai-ta","ta",2,1,"ai-soi","soi",1,0,1,1,"aita","aisoi"
77,"first_blank","first_blank-äi","äi",2,84,"first_blank-men","men",84,0,1,1,"äiti","menti"
763,"vo","vo-jen","jen",3,15,"vo-kuol","kuol",1,14,1,1,"aivojen","aivokuol"
702,"first_blank","first_blank-ajan","ajan",3,21,"first_blank-ikäi","ikäi",21,0,0,1,"ajanjakso","ikäijakso"
987,"ajas","ajas-tin","tin",2,2,"jain-tin","jain",2,0,0,1,"ajastin","jaintin"
63,"first_blank","first_blank-aja","aja",3,88,"first_blank-pois","pois",90,2,1,1,"ajatella","poistella"
713,"first_blank","first_blank-ajoit","ajoit",2,5,"first_blank-alcat","alcat",5,0,0,1,"ajoittaa","alcattaa"
113,"ajo","ajo-jah","jah",3,2,"ajo-tiel","tiel",2,0,1,1,"ajojahti","ajotielti"
898,"ak","ak-sent","sent",3,3,"ak-kuun","kuun",1,2,0,1,"aksentti","akkuunti"
871,"voi","voi-da","da",4,5,"barks-da","barks",2,3,2,1,"aktivoida","aktibarksda"
844,"alas","alas-ti","ti",2,1,"kees-ti","kees",1,0,0,1,"alasti","keesti"
31,"al","al-fa","fa",2,1,"al-leg","leg",1,0,1,1,"alfa","alleg"
818,"first_blank","first_blank-ali","ali",2,36,"first_blank-ste","ste",36,0,0,1,"alibi","stebi"
941,"tus","tus-last_blank","last_blank",5,211,"rencen-last_blank","rencen",4,207,3,1,"allekirjoitus","allekirjoirencen"
371,"löt","löt-tä","tä",4,5,"reiäs-tä","reiäs",3,2,2,1,"ällöttävä","älreiästävä"
594,"first_blank","first_blank-äly","äly",2,10,"first_blank-epi","epi",10,0,0,1,"älykäs","epikäs"
405,"first_blank","first_blank-ame","ame",3,34,"first_blank-syyl","syyl",34,0,1,1,"amerikka","syylrikka"
387,"nen","nen-last_blank","last_blank",6,1781,"biscuit-last_blank","biscuit",1,1780,4,1,"ammattitaitoinen","ammattitaitoibiscuit"
391,"am","am-pua","pua",2,1,"am-nes","nes",1,0,0,1,"ampua","amnes"
22,"first_blank","first_blank-ana","ana",3,31,"first_blank-sään","sään",31,0,1,1,"analyysi","säänlyysi"
890,"ank","ank-ka","ka",2,1,"von-ka","von",1,0,0,1,"ankka","vonka"
7,"an","an-taa","taa",2,3,"an-kin","kin",2,1,0,1,"antaa","ankin"
988,"lias","lias-last_blank","last_blank",3,14,"seet-last_blank","seet",14,0,0,1,"antelias","anteseet"
681,"ua","ua-last_blank","last_blank",1,8,"lk-last_blank","lk",8,0,0,1,"apua","aplk"
495,"teh","teh-ti","ti",4,1,"abort-ti","abort",1,0,2,1,"arkkitehti","arkkiabortti"
760,"mei","mei-ja","ja",3,3,"taco-ja","taco",1,2,1,1,"armeija","artacoja"
115,"ar","ar-mo","mo",2,5,"ar-vai","vai",6,1,1,1,"armo","arvai"
567,"ar","ar-pi","pi",2,3,"sum-pi","sum",3,0,1,1,"arpi","sumpi"
191,"vioin","vioin-ti","ti",3,1,"eliit-ti","eliit",1,0,0,1,"arviointi","areliitti"
862,"voi","voi-nen","nen",3,4,"voi-tais","tais",2,2,1,1,"arvoinen","arvoitais"
558,"kuus","kuus-last_blank","last_blank",3,13,"tyyn-last_blank","tyyn",13,0,0,1,"arvokkuus","arvoktyyn"
2,"vos","vos-taa","taa",3,1,"ruut-taa","ruut",1,0,1,1,"arvostaa","arruuttaa"
868,"vo","vo-ton","ton",3,13,"vo-neet","neet",2,11,1,1,"arvoton","arvoneet"
216,"as","as-e","e",1,1,"kl-e","kl",1,0,0,1,"ase","kle"
744,"ase","ase-ma","ma",2,8,"pää-ma","pää",8,0,0,1,"asema","pääma"
199,"asen","asen-ne","ne",2,2,"mian-ne","mian",2,0,0,1,"asenne","mianne"
739,"asen","asen-to","to",2,2,"apos-to","apos",2,0,0,1,"asento","aposto"
210,"first_blank","first_blank-asia","asia",2,50,"first_blank-liik","liik",50,0,0,1,"asiakas","liikkas"
474,"first_blank","first_blank-asia","asia",3,50,"first_blank-tark","tark",50,0,0,1,"asiakirja","tarkkirja"
492,"first_blank","first_blank-asian","asian",4,19,"first_blank-chris","chris",23,4,0,1,"asiantuntija","christuntija"
148,"täin","täin-last_blank","last_blank",3,7,"hers-last_blank","hers",7,0,0,1,"äskettäin","äskethers"
797,"first_blank","first_blank-ate","ate",2,16,"first_blank-nah","nah",16,0,0,1,"ateria","nahria"
855,"lan","lan-tin","tin",3,3,"teet-tin","teet",3,0,1,1,"atlantin","atteettin"
768,"rin","rin-ko","ko",3,15,"keuh-ko","keuh",11,4,1,1,"aurinko","aukeuhko"
952,"rin","rin-ko","ko",3,15,"keuh-ko","keuh",11,4,1,1,"aurinko-","aukeuhko"
349,"first_blank","first_blank-au","au",2,248,"first_blank-kor","kor",245,3,1,1,"auto","korto"
748,"to","to-tal","tal",4,8,"to-rioit","rioit",2,6,2,1,"autotalli","autorioitli"
343,"first_blank","first_blank-avio","avio",3,66,"first_blank-kuun","kuun",68,2,0,1,"avioliitto","kuunliitto"
132,"avus","avus-taa","taa",2,1,"kois-taa","kois",1,0,0,1,"avustaa","koistaa"
379,"first_blank","first_blank-avus","avus",3,33,"first_blank-viit","viit",32,1,0,1,"avustaja","viittaja"
511,"first_blank","first_blank-baa","baa",2,27,"first_blank-aje","aje",27,0,0,1,"baari","ajeri"
279,"ball","ball-last_blank","last_blank",3,4,"loit-last_blank","loit",4,0,0,1,"baseball","baseloit"
626,"first_blank","first_blank-bio","bio",3,17,"first_blank-pyyn","pyyn",17,0,1,1,"biologia","pyynlogia"
627,"first_blank","first_blank-bio","bio",4,17,"first_blank-elekt","elekt",15,2,2,1,"biologinen","elektloginen"
537,"bos","bos-ton","ton",2,1,"sau-ton","sau",1,0,0,1,"boston","sauton"
899,"br","br-o","o",1,1,"zz-o","zz",1,0,0,1,"bro","zzo"
35,"bul","bul-let","let",2,1,"moi-let","moi",1,0,0,1,"bullet","moilet"
347,"bus","bus-si","si",2,10,"sak-si","sak",10,0,0,1,"bussi","saksi"
849,"boy","boy-last_blank","last_blank",2,3,"tet-last_blank","tet",3,0,0,1,"cowboy","cowtet"
834,"wn","wn-last_blank","last_blank",1,5,"eä-last_blank","eä",5,0,0,1,"dawn","daeä"
513,"ra","ra-tia","tia",4,2,"ra-mount","mount",1,1,2,1,"demokratia","demokramount"
894,"di","di-ng","ng",1,1,"di-xo","xo",1,0,0,1,"ding","dixo"
429,"first_blank","first_blank-dol","dol",3,21,"first_blank-ajan","ajan",21,0,1,1,"dollari","ajanlari"
944,"miit","miit-ti","ti",4,1,"useas-ti","useas",1,0,1,1,"dynamiitti","dynauseasti"
9,"first_blank","first_blank-edel","edel",2,48,"first_blank-käyn","käyn",48,0,0,2,"edelleen","käynleen"
912,"dot","dot-taa","taa",3,4,"plan-taa","plan",3,1,1,1,"ehdottaa","ehplantaa"
969,"sty","sty-last_blank","last_blank",3,1,"fair-last_blank","fair",1,0,1,1,"ei pysty","ei pyfair"
676,"len","len-last_blank","last_blank",2,251,"vaa-last_blank","vaa",251,0,0,1,"eilen","eivaa"
27,"el","el-äi","äi",1,1,"el-it","it",1,0,0,1,"eläin","elitn"
670,"ment","ment-ti","ti",3,15,"kaas-ti","kaas",16,1,0,1,"elementti","elekaasti"
707,"first_blank","first_blank-elo","elo",3,46,"first_blank-hyök","hyök",46,0,1,1,"elokuva","hyökkuva"
434,"first_blank","first_blank-emo","emo",5,4,"first_blank-oaklan","oaklan",4,0,3,1,"emotionaalinen","oaklantionaalinen"
541,"first_blank","first_blank-ener","ener",2,19,"first_blank-nyrk","nyrk",19,0,0,1,"energia","nyrkgia"
385,"first_blank","first_blank-enim","enim",4,3,"first_blank-ideas","ideas",3,0,1,1,"enimmäismäärä","ideasmäismäärä"
848,"jai","jai-nen","nen",5,7,"cheyen-nen","cheyen",1,6,3,1,"ensisijainen","ensisicheyennen"
86,"epäil","epäil-ty","ty",2,4,"ikään-ty","ikään",3,1,0,2,"epäilty","ikäänty"
309,"lyt","lyt-tä","tä",5,35,"ericis-tä","ericis",1,34,3,1,"epämiellyttävä","epämielericistävä"
145,"first_blank","first_blank-epä","epä",7,197,"first_blank-blackwel","blackwel",1,196,5,1,"epäoikeudenmukainen","blackweloikeudenmukainen"
954,"first_blank","first_blank-epä","epä",3,197,"first_blank-muis","muis",191,6,1,1,"epäonni","muisonni"
374,"first_blank","first_blank-epä","epä",6,197,"first_blank-brookly","brookly",6,191,4,1,"epäonnistuminen","brooklyonnistuminen"
665,"dee","dee-mi","mi",4,1,"epäih-mi","epäih",2,1,2,1,"epideeminen","epiepäihminen"
606,"first_blank","first_blank-epi","epi",3,10,"first_blank-saap","saap",10,0,1,1,"episodi","saapsodi"
852,"first_blank","first_blank-erek","erek",2,3,"first_blank-lonk","lonk",3,0,0,1,"erektio","lonktio"
269,"er","er-i","i",1,1,"kl-i","kl",1,0,0,1,"eri","kli"
102,"first_blank","first_blank-erit","erit",2,4,"first_blank-fbis","fbis",4,0,0,1,"erittäin","fbistäin"
829,"esit","esit-te","te",3,27,"työn-te","työn",28,1,0,1,"esittely","työntely"
268,"esi","esi-tys","tys",2,5,"esi-kun","kun",5,0,0,1,"esitys","esikun"
3,"si","si-vä","vä",3,9,"si-kaan","kaan",8,1,2,1,"etsivä","etsikaan"
315,"et","et-tä","tä",2,4,"ryn-tä","ryn",4,0,1,1,"että","ryntä"
332,"first_blank","first_blank-evers","evers",2,7,"first_blank-avain","avain",7,0,0,2,"eversti","avainti"
162,"fak","fak-si","si",2,1,"kel-si","kel",1,0,0,1,"faksi","kelsi"
479,"first_blank","first_blank-fan","fan",3,21,"first_blank-ikäi","ikäi",21,0,1,1,"fantasia","ikäitasia"
415,"tas","tas-ti","ti",4,4,"point-ti","point",4,0,2,1,"fantastinen","fanpointtinen"
37,"first_blank","first_blank-fes","fes",4,9,"first_blank-aloil","aloil",9,0,2,1,"festivaali","aloiltivaali"
266,"first_blank","first_blank-fyy","fyy",3,14,"first_blank-suut","suut",14,0,1,1,"fyysinen","suutsinen"
399,"lak","lak-si","si",3,15,"viit-si","viit",6,9,1,1,"galaksi","gaviitsi"
813,"go","go-ril","ril",3,6,"go-vern","vern",1,5,1,1,"gorilla","governla"
757,"gram","gram-ma","ma",2,1,"free-ma","free",1,0,0,1,"gramma","freema"
747,"ruk","ruk-ka","ka",3,7,"haas-ka","haas",7,0,1,1,"haarukka","haahaaska"
851,"haas","haas-te","te",2,2,"juat-te","juat",2,0,0,1,"haaste","juatte"
454,"ät","ät-last_blank","last_blank",1,9,"rr-last_blank","rr",9,0,0,1,"häät","härr"
738,"häi","häi-ri","ri",3,5,"secu-ri","secu",1,4,1,1,"häiritä","securitä"
443,"ju","ju-last_blank","last_blank",2,25,"ham-last_blank","ham",25,0,1,1,"haju","haham"
837,"ju","ju-ve","ve",4,4,"disco-ve","disco",1,3,3,1,"hajuvesi","hadiscovesi"
465,"ha","ha-la","la",3,7,"keil-la","keil",7,0,2,1,"halata","keillata"
953,"nol","nol-li","li",5,31,"jacque-li","jacque",1,30,3,1,"hallinnollinen","hallinjacquelinen"
623,"li","li-tus","tus",3,11,"li-siin","siin",12,1,1,1,"hallitus","hallisiin"
142,"tio","tio-last_blank","last_blank",5,56,"rencen-last_blank","rencen",4,52,3,1,"hallusinaatio","hallusinaarencen"
559,"hal","hal-pa","pa",2,3,"sie-pa","sie",3,0,0,1,"halpa","siepa"
821,"tys","tys-last_blank","last_blank",3,95,"liin-last_blank","liin",89,6,1,1,"hälytys","hälyliin"
656,"first_blank","first_blank-ham","ham",2,69,"first_blank-ryh","ryh",69,0,0,1,"hammas","ryhmas"
619,"first_blank","first_blank-häm","häm",5,29,"first_blank-suklaa","suklaa",9,20,3,1,"hämmästyttävä","suklaamästyttävä"
614,"first_blank","first_blank-ham","ham",5,69,"first_blank-idioot","idioot",8,61,3,1,"hampurilainen","idiootpurilainen"
5,"first_blank","first_blank-hap","hap",2,9,"first_blank-ane","ane",9,0,0,1,"happi","anepi"
598,"joit","joit-te","te",4,36,"gangs-te","gangs",7,29,1,1,"harjoittele","hargangstele"
817,"mo","mo-nia","nia",3,7,"mo-reen","reen",2,5,1,1,"harmonia","harmoreen"
973,"har","har-voin","voin",2,1,"har-veyl","veyl",1,0,0,1,"harvoin","harveyl"
661,"hä","hä-tä","tä",2,40,"ris-tä","ris",41,1,1,1,"hätä","ristä"
573,"first_blank","first_blank-hat","hat",2,18,"first_blank-tra","tra",18,0,0,1,"hattu","tratu"
644,"hau","hau-da","da",3,3,"vioi-da","vioi",3,0,1,1,"haudata","vioidata"
318,"haus","haus-ka","ka",2,2,"salk-ka","salk",2,0,0,1,"hauska","salkka"
53,"hau","hau-ta","ta",4,30,"aloit-ta","aloit",15,15,2,1,"hautajaiset","aloittajaiset"
556,"taus","taus-maa","maa",3,2,"kuor-maa","kuor",1,1,0,1,"hautausmaa","haukuormaa"
745,"he","he-del","del",3,13,"he-roii","roii",5,8,1,1,"hedelmä","heroiimä"
131," hei"," hei-last_blank","last_blank",2,1,"syet-last_blank","syet",1,0,0,1,"hei hei","heisyet"
331,"first_blank","first_blank-heik","heik",2,23,"first_blank-park","park",23,0,0,1,"heikko","parkko"
503,"nä","nä-kuu","kuu",3,2,"nä-läis","läis",2,0,1,1,"heinäkuu","heinäläis"
12,"kop","kop-te","te",5,20,"lancas-te","lancas",1,19,3,1,"helikopteri","helilancasteri"
569,"hel","hel-mi","mi",2,5,"vaa-mi","vaa",5,0,0,1,"helmi","vaami"
550,"first_blank","first_blank-help","help",2,6,"first_blank-korp","korp",6,0,0,1,"helppo","korppo"
207,"vet","vet-ti","ti",3,3,"mius-ti","mius",3,0,1,1,"helvetti","helmiusti"
460,"gis","gis-sä","sä",3,9,"mään-sä","mään",8,1,1,1,"hengissä","henmäänsä"
466,"first_blank","first_blank-hen","hen",2,240,"first_blank-mur","mur",242,2,0,1,"henki","murki"
879,"first_blank","first_blank-herk","herk",2,15,"first_blank-huuh","huuh",15,0,0,1,"herkkä","huuhkä"
785,"kul","kul-li","li",4,10,"rizzo-li","rizzo",1,9,2,1,"herkullinen","herrizzolinen"
804,"first_blank","first_blank-her","her",4,144,"first_blank-maail","maail",68,76,2,1,"hermostunut","maailmostunut"
351,"roii","roii-ni","ni",3,1,"älyä-ni","älyä",1,0,0,1,"heroiini","heälyäni"
711,"vo","vo-nen","nen",3,2,"vo-kuol","kuol",1,1,1,1,"hevonen","hevokuol"
696,"first_blank","first_blank-hiek","hiek",2,4,"first_blank-alet","alet",4,0,0,1,"hiekka","aletka"
721,"ron","ron-ta","ta",3,1,"naas-ta","naas",1,0,1,1,"hieronta","hienaasta"
655,"suus","suus-last_blank","last_blank",3,67,"jien-last_blank","jien",67,0,0,1,"hiljaisuus","hiljaijien"
311,"hin","hin-ta","ta",2,8,"kar-ta","kar",8,0,0,1,"hinta","karta"
167,"first_blank","first_blank-hiuk","hiuk",3,34,"first_blank-syyl","syyl",34,0,0,1,"hiukkanen","syylkanen"
4,"first_blank","first_blank-hi","hi",1,148,"first_blank-as","as",149,1,0,1,"hiv","asv"
489,"first_blank","first_blank-hoi","hoi",2,147,"first_blank-par","par",146,1,0,1,"hoito","parto"
494,"first_blank","first_blank-ho","ho",2,193,"first_blank-las","las",193,0,1,1,"homo","lasmo"
776,"pea","pea-last_blank","last_blank",2,13,"mio-last_blank","mio",13,0,0,1,"hopea","homio"
208,"first_blank","first_blank-hul","hul",2,50,"first_blank-sis","sis",50,0,0,1,"hullu","sislu"
699,"las","las-sa","sa",4,79,"omien-sa","omien",1,78,2,1,"humalassa","humaomiensa"
949,"first_blank","first_blank-hum","hum",3,9,"first_blank-brid","brid",9,0,1,1,"hummeri","bridmeri"
60,"huo","huo-li","li",2,13,"koi-li","koi",12,1,0,1,"huoli","koili"
947,"first_blank","first_blank-huol","huol",2,22,"first_blank-gril","gril",22,0,0,1,"huolto","grilto"
960,"huo","huo-mat","mat",4,12,"upeim-mat","upeim",1,11,2,1,"huomattava","upeimmattava"
582,"huo","huo-neis","neis",3,11,"huo-mioi","mioi",11,0,0,1,"huoneisto","huomioito"
581,"huo","huo-no","no",2,10,"tek-no","tek",11,1,0,1,"huono","tekno"
958,"kää","kää-mi","mi",4,5,"useim-mi","useim",1,4,2,1,"hylkääminen","hyluseimminen"
800,"first_blank","first_blank-hyök","hyök",3,46,"first_blank-yrit","yrit",45,1,0,1,"hyökkääjä","yritkääjä"
534,"käys","käys-last_blank","last_blank",2,6,"koit-last_blank","koit",6,0,0,1,"hyökkäys","hyökkoit"
710,"first_blank","first_blank-hyön","hyön",3,7,"first_blank-julk","julk",7,0,0,1,"hyönteinen","julkteinen"
482,"hy","hy-pä","pä",3,2,"hy-giee","giee",2,0,2,1,"hypätä","hygieetä"
686,"syä","syä-last_blank","last_blank",3,17,"muus-last_blank","muus",17,0,1,1,"hyväksyä","hyväkmuus"
684,"hy","hy-väk","väk",5,66,"hy-acinth","acinth",1,65,3,1,"hyväksyminen","hyacinthsyminen"
416,"first_blank","first_blank-idioot","idioot",2,8,"first_blank-asiois","asiois",7,1,0,2,"idiootti","asioisti"
184,"iha","iha-na","na",2,2,"ber-na","ber",2,0,0,1,"ihana","berna"
165,"mi","mi-sen","sen",3,184,"mi-nuut","nuut",6,178,1,1,"ihmisen","ihminuut"
224,"mi","mi-set","set",3,13,"mi-taan","taan",5,8,1,1,"ihmiset","ihmitaan"
98,"first_blank","first_blank-ikui","ikui",3,19,"first_blank-tyyp","tyyp",19,0,0,1,"ikuisesti","tyypsesti"
81,"mais","mais-ta","ta",3,24,"polt-ta","polt",24,0,0,1,"ilmaista","ilpoltta"
933,"vaih","vaih-to","to",4,16,"stock-to","stock",3,13,1,1,"ilmanvaihto","ilmanstockto"
693,"pii","pii-ri","ri",4,26,"mekla-ri","mekla",2,24,2,1,"ilmapiiri","ilmameklari"
48,"mei","mei-ses","ses",4,8,"kaaok-ses","kaaok",2,6,2,1,"ilmeisesti","ilkaaoksesti"
278,"mian","mian-ta","ta",4,6,"aluet-ta","aluet",3,3,1,1,"ilmiantaja","ilaluettaja"
245,"moit","moit-taa","taa",3,1,"ojen-taa","ojen",1,0,0,1,"ilmoittaa","ilojentaa"
549,"il","il-o","o",1,1,"ec-o","ec",1,0,0,1,"ilo","eco"
407,"il","il-ta","ta",2,21,"pus-ta","pus",21,0,1,1,"ilta","pusta"
450,"in","in-fek","fek",3,5,"in-nois","nois",5,0,1,1,"infektio","innoistio"
579,"in","in-jek","jek",3,1,"in-hoai","hoai",1,0,1,1,"injektio","inhoaitio"
233,"nois","nois-saan","saan",3,1,"kaan-saan","kaan",1,0,0,1,"innoissaan","inkaansaan"
719,"first_blank","first_blank-ins","ins",4,24,"first_blank-epäil","epäil",23,1,2,1,"inspiraatio","epäilpiraatio"
995,"tii","tii-mi","mi",3,7,"keus-mi","keus",9,2,1,1,"intiimi","inkeusmi"
715,"to","to-hi","hi",4,15,"epäin-hi","epäin",6,9,3,1,"intohimo","inepäinhimo"
925,"tui","tui-tio","tio",3,1,"tui-maan","maan",1,0,1,1,"intuitio","intuimaan"
672,"first_blank","first_blank-iro","iro",3,6,"first_blank-otuk","otuk",6,0,1,1,"ironinen","otukninen"
308,"is","is-ä","ä",1,1,"ci-ä","ci",1,0,0,1,"isä","ciä"
423,"first_blank","first_blank-iso","iso",3,51,"first_blank-sääs","sääs",51,0,1,1,"isoäiti","sääsäiti"
540,"is","is-tua","tua",2,1,"is-kem","kem",1,0,0,1,"istua","iskem"
321,"first_blank","first_blank-it","it",1,213,"first_blank-am","am",213,0,0,1,"itään","amään"
284,"käs","käs-last_blank","last_blank",3,29,"rian-last_blank","rian",28,1,1,1,"itsekäs","itserian"
629,"lle","lle-last_blank","last_blank",5,1,"nixiin-last_blank","nixiin",1,0,3,1,"jäädä jäljelle","jäädä jäljenixiin"
881,"jää","jää-dyt","dyt",3,3,"jää-kiek","kiek",3,0,1,1,"jäädyttää","jääkiektää"
646,"ja","ja-ko","ko",2,2,"ja-jaa","jaa",2,0,1,1,"jako","jajaa"
497,"first_blank","first_blank-jal","jal",4,51,"first_blank-osoit","osoit",39,12,2,1,"jalkapallo","osoitkapallo"
920,"no","no-last_blank","last_blank",2,93,"tyy-last_blank","tyy",93,0,1,1,"jano","jatyy"
910,"jes","jes-tää","tää",3,1,"kään-tää","kään",1,0,1,1,"järjestää","järkääntää"
612,"jes","jes-tel","tel",4,50,"jes-sicaa","sicaa",1,49,2,1,"järjestelmä","järjessicaamä"
472,"jär","jär-vi","vi",2,1,"lio-vi","lio",1,0,0,1,"järvi","liovi"
775,"kaa","kaa-last_blank","last_blank",2,538,"vät-last_blank","vät",538,0,0,1,"jatkaa","jatvät"
10,"jat","jat-ku","ku",4,17,"klonk-ku","klonk",1,16,2,1,"jatkuvasti","klonkkuvasti"
923,"first_blank","first_blank-jau","jau",2,19,"first_blank-sto","sto",19,0,0,1,"jauhot","stohot"
363,"joh","joh-ta","ta",3,82,"lais-ta","lais",93,11,1,1,"johtaja","laistaja"
92,"first_blank","first_blank-jon","jon",3,21,"first_blank-ikäi","ikäi",21,0,1,1,"jonnekin","ikäinekin"
193,"jo","jo-o","o",1,1,"zi-o","zi",1,0,0,1,"joo","zio"
188,"jo","jo-tain","tain",2,2,"jo-gurt","gurt",2,0,0,2,"jotain","jogurt"
189,"lu","lu-kuu","kuu",3,5,"lu-paat","paat",5,0,1,1,"joulukuu","joulupaat"
915,"first_blank","first_blank-juh","juh",2,73,"first_blank-sää","sää",73,0,0,1,"juhla","sääla"
794,"ju","ju-let","let",2,1,"ju-ras","ras",1,0,0,1,"julet","juras"
668,"jul","jul-ma","ma",2,1,"hio-ma","hio",1,0,0,1,"julma","hioma"
99,"muus","muus-last_blank","last_blank",2,17,"moon-last_blank","moon",17,0,0,1,"julmuus","julmoon"
121,"nen","nen-last_blank","last_blank",5,1781,"lywood-last_blank","lywood",1,1780,3,1,"jumalallinen","jumalallilywood"
823,"nio","nio-ri","ri",3,2,"sang-ri","sang",1,1,1,1,"juniori","jusangri"
481,"first_blank","first_blank-juus","juus",2,14,"first_blank-kurk","kurk",14,0,0,1,"juusto","kurkto"
928,"first_blank","first_blank-kaap","kaap",2,27,"first_blank-kort","kort",27,0,0,1,"kaappi","kortpi"
939,"first_blank","first_blank-käär","käär",2,10,"first_blank-spar","spar",10,0,0,1,"käärme","sparme"
476,"kah","kah-vi","vi",2,14,"päi-vi","päi",15,1,0,1,"kahvi","päivi"
201,"first_blank","first_blank-kais","kais",2,5,"first_blank-kiuk","kiuk",5,0,0,1,"kaista","kiukta"
570,"first_blank","first_blank-kak","kak",2,83,"first_blank-luu","luu",83,0,0,1,"kakku","luuku"
455,"las","las-taa","taa",3,8,"joit-taa","joit",8,0,1,1,"kalastaa","kajoittaa"
141,"tus","tus-last_blank","last_blank",3,211,"laan-last_blank","laan",218,7,1,1,"kalastus","kalaslaan"
449,"kal","kal-lo","lo",2,5,"geo-lo","geo",5,0,0,1,"kallo","geolo"
370,"ma","ma-la","la",3,25,"noil-la","noil",21,4,2,1,"kamala","kanoilla"
906,"mot","mot-ta","ta",4,8,"ideas-ta","ideas",3,5,2,1,"kammottava","kamideastava"
182,"nan","nan-mu","mu",4,6,"nan-dezin","dezin",1,5,3,1,"kananmuna","kanandezinna"
621,"ka","ka-ni","ni",2,50,"nee-ni","nee",30,20,1,1,"kani","neeni"
587,"sa","sa-kun","kun",4,7,"sa-maiia","maiia",1,6,2,1,"kansakunta","kansamaiiata"
992,"ta","ta-lis","lis",5,5,"roswel-lis","roswel",1,4,4,1,"kapitalismi","kapiroswellismi"
764,"first_blank","first_blank-kap","kap",3,52,"first_blank-juok","juok",52,0,1,1,"kappeli","juokpeli"
344,"first_blank","first_blank-kap","kap",3,52,"first_blank-suos","suos",52,0,1,1,"kapteeni","suosteeni"
498,"naa","naa-li","li",4,11,"aseel-li","aseel",4,7,2,1,"kardinaali","kardiaseelli"
674,"tel","tel-li","li",3,12,"ihai-li","ihai",9,3,1,1,"kartelli","karihaili"
790,"first_blank","first_blank-kart","kart",2,7,"first_blank-koor","koor",7,0,0,1,"kartta","koorta"
71,"kas","kas-ti","ti",3,21,"teet-ti","teet",20,1,1,1,"kastike","teettike"
79,"toa","toa-mi","mi",4,16,"epäih-mi","epäih",2,14,2,1,"katoaminen","kaepäihminen"
155,"kat","kat-sel","sel",3,10,"kat-kais","kais",9,1,1,1,"katsella","katkaisla"
502,"ka","ka-tu","tu",2,16,"mis-tu","mis",16,0,1,1,"katu","mistu"
180,"kau","kau-ka","ka",3,1,"liik-ka","liik",1,0,1,1,"kaukana","liikkana"
604,"kau","kau-la","la",2,14,"lol-la","lol",16,2,0,1,"kaula","lolla"
397,"kau","kau-la","la",4,14,"teoil-la","teoil",3,11,2,1,"kaulakoru","teoillakoru"
740,"neus","neus-last_blank","last_blank",2,2,"nica-last_blank","nica",2,0,0,1,"kauneus","kaunica"
227,"nis","nis-last_blank","last_blank",2,13,"dät-last_blank","dät",13,0,0,1,"kaunis","kaudät"
57,"first_blank","first_blank-kaup","kaup",2,28,"first_blank-kirk","kirk",28,0,0,1,"kauppias","kirkpias"
777,"first_blank","first_blank-kau","kau",5,268,"first_blank-idioot","idioot",8,260,3,1,"kaupunginosa","idiootpunginosa"
651,"pun","pun-ki","ki",3,14,"mark-ki","mark",13,1,1,1,"kaupunki","kaumarkki"
539,"vel","vel-lä","lä",3,7,"suur-lä","suur",9,2,1,1,"kävellä","käsuurlä"
811,"nös","nös-sä","sä",4,1,"eteen-sä","eteen",1,0,2,1,"käytännössä","käytäneteensä"
16,"käyt","käyt-tää","tää",2,4,"möit-tää","möit",1,3,0,1,"käyttää","möittää"
853,"hä","hä-last_blank","last_blank",2,17,"sey-last_blank","sey",17,0,1,1,"kehä","kesey"
230,"hi","hi-tys","tys",3,7,"hi-moit","moit",6,1,1,1,"kehitys","kehimoit"
937,"koi","koi-nen","nen",5,19,"cheyen-nen","cheyen",1,18,3,1,"keinotekoinen","keinotecheyennen"
759,"kei","kei-sa","sa",3,10,"sias-sa","sias",10,0,1,1,"keisari","siassari"
324,"first_blank","first_blank-kel","kel",3,107,"first_blank-siir","siir",107,0,1,1,"keltainen","siirtainen"
779,"ken","ken-kä","kä",2,3,"jär-kä","jär",3,0,0,1,"kenkä","järkä"
689,"rä","rä-tä","tä",3,5,"syis-tä","syis",5,0,2,1,"kerätä","kesyistä"
260,"ker","ker-toa","toa",2,1,"ker-rel","rel",1,0,0,1,"kertoa","kerrel"
737,"ki","ki-päi","päi",4,9,"ki-leaks","leaks",1,8,2,1,"keskipäivä","keskileaksvä"
516,"kes","kes-ki","ki",3,56,"pank-ki","pank",23,33,1,1,"keskity","pankkity"
512,"kus","kus-te","te",4,44,"aloit-te","aloit",8,36,2,1,"keskustelu","kesaloittelu"
110,"kes","kes-tää","tää",2,2,"dyn-tää","dyn",2,0,0,1,"kestää","dyntää"
78,"ke","ke-vyt","vyt",2,3,"ke-hus","hus",3,0,0,1,"kevyt","kehus"
752,"ki","ki-dut","dut",3,10,"ki-maan","maan",9,1,1,1,"kiduttaa","kimaantaa"
921,"kiel","kiel-tää","tää",2,1,"keyt-tää","keyt",1,0,0,1,"kieltää","keyttää"
305,"kier","kier-tää","tää",2,1,"keyt-tää","keyt",1,0,0,1,"kiertää","keyttää"
218,"kier","kier-to","to",4,14,"stock-to","stock",3,11,1,1,"kiertorata","stocktorata"
196,"first_blank","first_blank-kiin","kiin",2,115,"first_blank-vaih","vaih",106,9,0,1,"kiinni","vaihni"
749,"suus","suus-last_blank","last_blank",4,67,"field-last_blank","field",15,52,1,1,"kiitollisuus","kiitollifield"
124,"kiit","kiit-tää","tää",2,1,"säis-tää","säis",1,0,0,1,"kiittää","säistää"
991,"kon","kon-na","na",4,3,"arizo-na","arizo",1,2,2,1,"kilpikonna","kilpiarizona"
286,"ki","ki-pu","pu",2,14,"ki-tyk","tyk",14,0,1,1,"kipu","kityk"
884,"ris","ris-tää","tää",3,4,"näyt-tää","näyt",4,0,1,1,"kiristää","kinäyttää"
501,"first_blank","first_blank-kir","kir",2,280,"first_blank-pal","pal",272,8,0,1,"kirja","palja"
532,"jai","jai-li","li",4,12,"aseel-li","aseel",4,8,2,1,"kirjailija","kiraseellija"
638,"suus","suus-last_blank","last_blank",4,67,"field-last_blank","field",15,52,1,1,"kirjallisuus","kirjallifield"
457,"kir","kir-je","je",2,9,"vel-je","vel",12,3,0,1,"kirje","velje"
328,"joit","joit-taa","taa",3,8,"suun-taa","suun",6,2,0,1,"kirjoittaa","kirsuuntaa"
239,"joit","joit-ta","ta",5,64,"kazaks-ta","kazaks",2,62,2,1,"kirjoittaminen","kirkazakstaminen"
773,"kir","kir-kas","kas",2,4,"kir-jee","jee",3,1,0,1,"kirkas","kirjee"
329,"first_blank","first_blank-kis","kis",2,41,"first_blank-hää","hää",41,0,0,1,"kissa","hääsa"
451,"ki","ki-ta","ta",3,21,"avus-ta","avus",21,0,2,1,"kitara","avustara"
597,"vi","vi-last_blank","last_blank",2,69,"don-last_blank","don",69,0,1,1,"kivi","kidon"
616,"first_blank","first_blank-klas","klas",3,12,"first_blank-voin","voin",12,0,0,1,"klassinen","voinsinen"
340,"first_blank","first_blank-kli","kli",3,11,"first_blank-siel","siel",11,0,1,1,"klinikka","sielnikka"
847,"first_blank","first_blank-koe","koe",2,29,"first_blank-häm","häm",29,0,0,1,"koetin","hämtin"
816,"first_blank","first_blank-koh","koh",2,203,"first_blank-per","per",203,0,0,1,"kohta","perta"
904,"koh","koh-ta","ta",3,54,"suut-ta","suut",64,10,1,1,"kohtalo","suuttalo"
876,"lo","lo-kas","kas",4,6,"lo-pezin","pezin",1,5,2,1,"kohtalokas","kohtalopezin"
731,"tuul","tuul-li","li",4,12,"rizzo-li","rizzo",1,11,1,1,"kohtuullinen","kohrizzolinen"
900,"first_blank","first_blank-kok","kok",2,18,"first_blank-eva","eva",18,0,0,1,"kokki","evaki"
732,"ko","ko-ko","ko",2,34,"ko-jen","jen",39,5,1,1,"koko","kojen"
195,"first_blank","first_blank-kol","kol",2,108,"first_blank-ruo","ruo",108,0,0,1,"kolme","ruome"
734,"min","min-ker","ker",5,4,"skywal-ker","skywal",1,3,3,1,"kolminkertaistaa","kolskywalkertaistaa"
653,"mio","mio-last_blank","last_blank",2,13,"pea-last_blank","pea",13,0,0,1,"kolmio","kolpea"
426,"me","me-dia","dia",3,2,"me-reen","reen",2,0,1,1,"komedia","komereen"
617,"ko","ko-mis","mis",4,7,"useim-mis","useim",2,5,3,1,"komissaari","useimmissaari"
384,"mi","mi-tea","tea",3,1,"mi-diin","diin",1,0,1,1,"komitea","komidiin"
238,"first_blank","first_blank-kom","kom",4,61,"first_blank-maail","maail",68,7,2,1,"kommunisti","maailmunisti"
695,"ko","ko-ne","ne",2,37,"len-ne","len",37,0,1,1,"kone","lenne"
257,"jak","jak-ki","ki",3,2,"ruos-ki","ruos",2,0,1,1,"konjakki","konruoski"
603,"sert","sert-ti","ti",3,1,"vaas-ti","vaas",1,0,0,1,"konsertti","konvaasti"
203,"pio","pio-last_blank","last_blank",2,6,"lem-last_blank","lem",6,0,0,1,"kopio","kolem"
729,"jaus","jaus-last_blank","last_blank",2,7,"jeen-last_blank","jeen",7,0,0,1,"korjaus","korjeen"
158,"kor","kor-kea","kea",2,6,"lii-kea","lii",6,0,0,1,"korkea","liikea"
642,"kor","kor-keus","keus",2,1,"kor-juun","juun",1,0,0,1,"korkeus","korjuun"
120,"first_blank","first_blank-kork","kork",2,4,"first_blank-joan","joan",4,0,0,1,"korkki","joanki"
546,"first_blank","first_blank-kor","kor",2,245,"first_blank-hen","hen",240,5,0,1,"korva","henva"
244,"kor","kor-va","va",3,18,"raan-va","raan",6,12,1,1,"korvata","raanvata"
183,"first_blank","first_blank-kos","kos",2,144,"first_blank-her","her",144,0,0,1,"koskaan","herkaan"
439,"first_blank","first_blank-kou","kou",2,107,"first_blank-pas","pas",109,2,0,1,"koulu","paslu"
128,"first_blank","first_blank-kou","kou",3,107,"first_blank-siir","siir",107,0,1,1,"koulutus","siirlutus"
634,"ko","ko-va","va",2,23,"ko-dis","dis",23,0,1,1,"kova","kodis"
650,"köy","köy-si","si",2,1,"jua-si","jua",1,0,0,1,"köysi","juasi"
538,"first_blank","first_blank-kreik","kreik",4,9,"first_blank-avioi","avioi",9,0,0,1,"kreikkalainen","avioikalainen"
756,"first_blank","first_blank-krei","krei",3,10,"first_blank-jääh","jääh",10,0,0,1,"kreivitär","jäähvitär"
462,"krii","krii-si","si",2,1,"laik-si","laik",1,0,0,1,"kriisi","laiksi"
38,"first_blank","first_blank-kris","kris",4,40,"first_blank-elekt","elekt",15,25,1,1,"kristillinen","elekttillinen"
801,"dos","dos-last_blank","last_blank",2,3,"jyn-last_blank","jyn",3,0,0,1,"kudos","kujyn"
67,"ku","ku-ja","ja",2,53,"ku-nin","nin",64,11,1,1,"kuja","kunin"
645,"first_blank","first_blank-kuk","kuk",2,41,"first_blank-vam","vam",41,0,0,1,"kukka","vamka"
669,"jet","jet-ta","ta",4,31,"siois-ta","siois",7,24,2,1,"kuljettaja","kulsioistaja"
330,"gas","gas-last_blank","last_blank",3,9,"roin-last_blank","roin",9,0,1,1,"kuningas","kuninroin"
255,"kun","kun-ta","ta",5,39,"asiois-ta","asiois",4,35,3,1,"kuningaskunta","kuningasasioista"
705,"first_blank","first_blank-kun","kun",2,149,"first_blank-tap","tap",150,1,0,1,"kunnia","tapnia"
735,"kuol","kuol-la","la",2,1,"rail-la","rail",1,0,0,1,"kuolla","railla"
589,"first_blank","first_blank-kuol","kuol",2,44,"first_blank-myön","myön",44,0,0,2,"kuollut","myönlut"
147,"maau","maau-to","to",3,1,"elot-to","elot",1,0,0,1,"kuorma-auto","kuorelotto"
924,"juus","juus-last_blank","last_blank",2,7,"lais-last_blank","lais",7,0,0,1,"kurjuus","kurlais"
367,"kuul","kuul-la","la",2,4,"seil-la","seil",4,0,0,1,"kuulla","seilla"
483,"lui","lui-sa","sa",3,4,"meen-sa","meen",4,0,1,1,"kuuluisa","kuumeensa"
838,"kuu","kuu-me","me",2,6,"rem-me","rem",6,0,0,1,"kuume","remme"
477,"kuu","kuu-ro","ro",2,5,"imp-ro","imp",5,0,0,1,"kuuro","impro"
590,"ku","ku-va","va",2,64,"ku-nin","nin",64,0,1,1,"kuva","kunin"
529,"vaus","vaus-last_blank","last_blank",2,11,"kins-last_blank","kins",11,0,0,1,"kuvaus","kukins"
882,"ky","ky-last_blank","last_blank",2,66,"pin-last_blank","pin",67,1,1,1,"kyky","kypin"
769,"ky","ky-lä","lä",2,9,"ky-sei","sei",9,0,1,1,"kylä","kysei"
346,"kyl","kyl-mä","mä",2,9,"tör-mä","tör",9,0,0,1,"kylmä","törmä"
602,"huo","huo-ne","ne",4,39,"alaan-ne","alaan",1,38,2,1,"kylpyhuone","kylpyalaanne"
633,"ky","ky-nä","nä",2,5,"tee-nä","tee",5,0,1,1,"kynä","teenä"
432,"first_blank","first_blank-kynt","kynt",3,8,"first_blank-opas","opas",8,0,0,1,"kynttilä","opastilä"
237,"syä","syä-last_blank","last_blank",2,17,"moa-last_blank","moa",17,0,0,1,"kysyä","kymoa"
832,"first_blank","first_blank-kyy","kyy",3,45,"first_blank-jouk","jouk",45,0,1,1,"kyyninen","joukninen"
334,"first_blank","first_blank-lää","lää",3,78,"first_blank-tans","tans",77,1,1,1,"lääkäri","tanskäri"
6,"first_blank","first_blank-lää","lää",2,78,"first_blank-pie","pie",78,0,0,1,"lääke","pieke"
82,"laak","laak-so","so",2,1,"samp-so","samp",1,0,0,1,"laakso","sampso"
936,"laa","laa-tu","tu",2,2,"kou-tu","kou",2,0,0,1,"laatu","koutu"
628,"he","he-tin","tin",3,3,"he-räät","räät",2,1,1,1,"lähetin","läheräät"
796,"het","het-tää","tää",3,3,"het-keen","keen",2,1,1,1,"lähettää","lähetkeen"
667,"first_blank","first_blank-lah","lah",2,101,"first_blank-eri","eri",100,1,0,1,"lahja","erija"
649,"kuus","kuus-last_blank","last_blank",3,13,"tyyn-last_blank","tyyn",13,0,0,1,"lahjakkuus","lahjaktyyn"
654,"first_blank","first_blank-lah","lah",3,101,"first_blank-käyt","käyt",103,2,1,1,"lahjoitus","käytjoitus"
528,"first_blank","first_blank-läh","läh",2,137,"first_blank-muu","muu",137,0,0,1,"lähtö","muutö"
380,"first_blank","first_blank-lail","lail",3,13,"first_blank-ajas","ajas",13,0,0,1,"laillinen","ajaslinen"
736,"lai","lai-na","na",3,15,"jour-na","jour",9,6,1,1,"lainata","journata"
45,"lai","lai-te","te",2,12,"rit-te","rit",12,0,0,1,"laite","ritte"
934,"lait","lait-taa","taa",2,2,"heut-taa","heut",2,0,0,1,"laittaa","heuttaa"
419,"lai","lai-va","va",2,9,"epä-va","epä",8,1,0,1,"laiva","epäva"
34,"nsi","nsi-last_blank","last_blank",4,1,"tacus-last_blank","tacus",1,0,2,1,"laivan kansi","laivan katacus"
845,"vas","vas-to","to",3,2,"ring-to","ring",2,0,1,1,"laivasto","lairingto"
897,"lak","lak-ko","ko",2,2,"jet-ko","jet",2,0,0,1,"lakko","jetko"
551,"first_blank","first_blank-läm","läm",4,60,"first_blank-maail","maail",68,8,2,1,"lämpötila","maailpötila"
531,"first_blank","first_blank-lan","lan",2,63,"first_blank-käs","käs",63,0,0,1,"lanka","käska"
673,"län","län-ti","ti",3,4,"heit-ti","heit",4,0,1,1,"läntinen","heittinen"
366,"lap","lap-si","si",2,12,"nek-si","nek",12,0,0,1,"lapsi","neksi"
562,"lap","lap-suus","suus",2,1,"lap-sian","sian",1,0,0,1,"lapsuus","lapsian"
68,"kea","kea-last_blank","last_blank",2,60,"liä-last_blank","liä",60,0,0,1,"laskea","lasliä"
395,"first_blank","first_blank-lauk","lauk",2,17,"first_blank-vael","vael",17,0,0,1,"laukku","vaelku"
660,"first_blank","first_blank-lau","lau",2,255,"first_blank-kes","kes",260,5,0,1,"laulu","keslu"
981,"lau","lau-se","se",2,3,"väi-se","väi",3,0,0,1,"lause","väise"
822,"sun","sun-to","to",3,8,"kieh-to","kieh",8,0,1,1,"lausunto","laukiehto"
772,"ta","ta-nen","nen",3,3,"ta-vuus","vuus",3,0,1,1,"lautanen","lautavuus"
352,"gen","gen-da","da",3,1,"frie-da","frie",1,0,1,1,"legenda","lefrieda"
522,"dis","dis-tö","tö",3,10,"sään-tö","sään",11,1,1,1,"lehdistö","lehsääntö"
88,"first_blank","first_blank-lei","lei",3,143,"first_blank-suun","suun",131,12,1,1,"leijona","suunjona"
290,"lei","lei-ka","ka",3,2,"muok-ka","muok",2,0,1,1,"leikata","muokkata"
198,"kaus","kaus-last_blank","last_blank",2,29,"keet-last_blank","keet",28,1,0,1,"leikkaus","leikkeet"
652,"le","le-lu","lu",2,10,"le-mäs","mäs",11,1,1,1,"lelu","lemäs"
771,"peä","peä-last_blank","last_blank",2,13,"koo-last_blank","koo",13,0,0,1,"lempeä","lemkoo"
149,"len","len-tää","tää",2,3,"mär-tää","mär",3,0,0,1,"lentää","märtää"
675,"len","len-tä","tä",3,32,"näyt-tä","näyt",27,5,1,1,"lentäjä","näyttäjä"
568,"first_blank","first_blank-len","len",2,157,"first_blank-suu","suu",159,2,0,1,"lento","suuto"
720,"to","to-kent","kent",4,3,"to-rioon","rioon",1,2,1,1,"lentokenttä","lentorioontä"
854,"mies","mies-last_blank","last_blank",4,104,"rence-last_blank","rence",6,98,1,1,"lepakkomies","lepakkorence"
875,"first_blank","first_blank-let","let",2,12,"first_blank-buf","buf",12,0,0,1,"letku","bufku"
664,"veä","veä-last_blank","last_blank",2,9,"hyn-last_blank","hyn",9,0,0,1,"leveä","lehyn"
932,"be","be-raa","raa",4,4,"be-lizes","lizes",1,3,2,1,"liberaali","libelizesli"
393,"first_blank","first_blank-liek","liek",2,5,"first_blank-ylel","ylel",5,0,0,1,"liekki","ylelki"
877,"lie","lie-si","si",2,2,"sää-si","sää",2,0,0,1,"liesi","sääsi"
888,"li","li-ha","ha",2,24,"li-tuk","tuk",25,1,1,1,"liha","lituk"
698,"has","has-last_blank","last_blank",2,2,"kim-last_blank","kim",2,0,0,1,"lihas","likim"
144,"min","min-ta","ta",5,20,"kazaks-ta","kazaks",2,18,3,1,"liiketoiminta","liiketoikazaksta"
929,"tel","tel-la","la",4,111,"choco-la","choco",1,110,2,1,"liioitella","liioichocola"
624,"first_blank","first_blank-liit","liit",2,80,"first_blank-pääs","pääs",80,0,0,2,"liitto","päästo"
998,"li","li-kai","kai",3,17,"li-syyt","syyt",17,0,1,1,"likainen","lisyytnen"
289,"sii","sii-ni","ni",4,15,"haqqa-ni","haqqa",1,14,2,1,"limusiini","limuhaqqani"
174,"li","li-ng","ng",1,1,"li-kö","kö",1,0,0,1,"ling","likö"
518,"lin","lin-na","na",2,5,"tor-na","tor",5,0,0,1,"linna","torna"
365,"lin","lin-tu","tu",2,17,"kat-tu","kat",17,0,0,1,"lintu","kattu"
833,"first_blank","first_blank-lis","lis",2,51,"first_blank-pei","pei",51,0,0,1,"lisko","peiko"
101,"first_blank","first_blank-lois","lois",3,39,"first_blank-hank","hank",39,0,0,1,"loistava","hanktava"
388,"kuu","kuu-last_blank","last_blank",3,36,"päin-last_blank","päin",36,0,1,1,"lokakuu","lokapäin"
46,"first_blank","first_blank-lo","lo",2,259,"first_blank-kes","kes",260,1,1,1,"loma-","kesma"
553,"first_blank","first_blank-lom","lom",3,22,"first_blank-viik","viik",22,0,1,1,"lompakko","viikpakko"
523,"pet","pet-taa","taa",3,2,"lais-taa","lais",2,0,1,1,"lopettaa","lolaistaa"
860,"pul","pul-ta","ta",3,4,"veis-ta","veis",4,0,1,1,"lopulta","loveista"
824,"first_blank","first_blank-lou","lou",3,40,"first_blank-kris","kris",40,0,1,1,"loukata","kriskata"
956,"nas","nas-last_blank","last_blank",2,7,"vyt-last_blank","vyt",7,0,0,1,"lounas","louvyt"
442,"löy","löy-tö","tö",2,9,"met-tö","met",9,0,0,1,"löytö","mettö"
724,"first_blank","first_blank-luen","luen",2,14,"first_blank-kurk","kurk",14,0,0,1,"luento","kurkto"
467,"first_blank","first_blank-luk","luk",2,8,"first_blank-pir","pir",8,0,0,1,"lukko","pirko"
373,"lu","lu-mi","mi",2,17,"kaa-mi","kaa",18,1,1,1,"lumi","kaami"
979,"first_blank","first_blank-lun","lun",3,10,"first_blank-piik","piik",10,0,1,1,"lunnaita","piiknaita"
856,"luo","luo-pua","pua",2,1,"tia-pua","tia",1,0,0,1,"luopua","tiapua"
521,"first_blank","first_blank-luos","luos",3,6,"first_blank-kryp","kryp",6,0,0,1,"luostari","kryptari"
246,"first_blank","first_blank-luot","luot",3,61,"first_blank-työn","työn",62,1,0,1,"luottamus","työntamus"
971,"luo","luo-vuus","vuus",2,1,"kea-vuus","kea",1,0,0,1,"luovuus","keavuus"
609,"paus","paus-last_blank","last_blank",2,17,"tias-last_blank","tias",17,0,0,1,"lupaus","lutias"
361,"first_blank","first_blank-luut","luut",3,4,"first_blank-tria","tria",4,0,0,1,"luutnantti","trianantti"
146,"man","man-last_blank","last_blank",2,357,"tua-last_blank","tua",349,8,0,1,"maailman-","maailtua"
179,"first_blank","first_blank-maail","maail",5,68,"first_blank-suklaa","suklaa",9,59,1,1,"maailmanlaajuinen","suklaamanlaajuinen"
885,"first_blank","first_blank-mää","mää",2,84,"first_blank-hie","hie",84,0,0,1,"määrä","hierä"
911,"mää","mää-ri","ri",4,9,"shang-ri","shang",1,8,2,1,"määritelmä","shangritelmä"
586,"suus","suus-last_blank","last_blank",4,67,"field-last_blank","field",15,52,1,1,"mahdollisuus","mahdollifield"
984,"mah","mah-ta","ta",3,37,"teis-ta","teis",37,0,1,1,"mahtava","teistava"
475,"first_blank","first_blank-mai","mai",2,136,"first_blank-vel","vel",136,0,0,1,"maine","velne"
943,"nee","nee-si","si",4,18,"prins-si","prins",3,15,2,1,"majoneesi","majoprinssi"
712,"first_blank","first_blank-mak","mak",2,93,"first_blank-kei","kei",94,1,0,1,"maksa","keisa"
584,"huo","huo-ne","ne",4,39,"aseen-ne","aseen",1,38,2,1,"makuuhuone","makuuaseenne"
66,"da","da-last_blank","last_blank",5,190,"rencen-last_blank","rencen",4,186,4,1,"manipuloida","manipuloirencen"
23,"man","man-sik","sik",3,2,"man-tuot","tuot",2,0,1,1,"mansikka","mantuotka"
375,"first_blank","first_blank-mär","mär",2,7,"first_blank-gui","gui",7,0,0,1,"märkä","guikä"
927,"noin","noin-ti","ti",4,2,"evers-ti","evers",2,0,1,1,"markkinointi","markkieversti"
283,"nus","nus-last_blank","last_blank",3,27,"loon-last_blank","loon",27,0,1,1,"masennus","masenloon"
214,"ma","ma-te","te",5,34,"idioot-te","idioot",1,33,4,1,"matematiikka","idioottematiikka"
32,"mat","mat-ka","ka",4,49,"kreik-ka","kreik",7,42,2,1,"matkalaukku","kreikkalaukku"
635,"first_blank","first_blank-mat","mat",2,177,"first_blank-työ","työ",177,0,0,1,"matto","työto"
18,"me","me-dal","dal",4,3,"me-leont","leont",1,2,2,1,"medallari","meleontlari"
172,"me","me-hu","hu",2,5,"me-ran","ran",5,0,1,1,"mehu","meran"
788,"me","me-kaa","kaa",4,10,"me-leont","leont",1,9,2,1,"mekaaninen","meleontninen"
421,"net","net-te","te",4,28,"avain-te","avain",1,27,2,1,"menettely","meavaintely"
96,"first_blank","first_blank-men","men",2,84,"first_blank-hie","hie",84,0,0,1,"mennä","hienä"
506,"nei","nei-syys","syys",3,1,"nei-neen","neen",1,0,0,1,"menneisyys","menneineen"
622,"ri","ri-mies","mies",3,6,"ri-kymp","kymp",4,2,0,1,"merimies","merikymp"
169,"ki","ki-tys","tys",3,7,"ki-mään","mään",7,0,1,1,"merkitys","merkimään"
116,"first_blank","first_blank-merk","merk",2,20,"first_blank-lääk","lääk",20,0,0,1,"merkki","lääkki"
58,"ta","ta-ruus","ruus",3,2,"ta-miin","miin",2,0,0,1,"mestaruus","mestamiin"
350,"tal","tal-li","li",3,8,"epäi-li","epäi",5,3,1,1,"metalli-","meepäili"
694,"first_blank","first_blank-met","met",2,82,"first_blank-tah","tah",82,0,0,1,"metsä","tahsä"
520,"tois","tois-ta","ta",5,63,"suklaa-ta","suklaa",1,62,2,1,"mielenkiintoista","mielenkiinsuklaata"
55,"first_blank","first_blank-miel","miel",4,26,"first_blank-chris","chris",23,3,1,1,"miellyttävä","chrislyttävä"
220,"first_blank","first_blank-mii","mii",2,16,"first_blank-pes","pes",16,0,0,1,"miinus","pesnus"
595,"mik","mik-ro","ro",4,13,"lothb-ro","lothb",1,12,2,1,"mikrofoni","lothbrofoni"
930,"koop","koop-pi","pi",4,5,"useam-pi","useam",2,3,1,1,"mikroskooppi","mikrosuseampi"
173,"jar","jar-di","di",3,4,"tren-di","tren",3,1,1,1,"miljardi","miltrendi"
11,"mi","mi-nis","nis",4,52,"mi-racle","racle",1,51,2,1,"ministeri","miracleteri"
93,"te","te-riö","riö",4,8,"te-lupla","lupla",1,7,2,1,"ministeriö","ministelupla"
263,"nuut","nuut-ti","ti",3,1,"äkis-ti","äkis",1,0,0,1,"minuutti","miäkisti"
784,"mi","mi-ta","ta",3,17,"vuut-ta","vuut",17,0,2,1,"mitali","vuuttali"
406,"first_blank","first_blank-mit","mit",3,35,"first_blank-pank","pank",35,0,1,1,"mittari","panktari"
262,"ni","ni-to","to",4,9,"aseet-to","aseet",3,6,3,1,"monitori","moaseettori"
288,"first_blank","first_blank-moot","moot",3,35,"first_blank-pank","pank",35,0,0,1,"moottori","panktori"
725,"fii","fii-ni","ni",3,3,"vaää-ni","vaää",3,0,1,1,"morfiini","morvaääni"
919,"sian","sian-last_blank","last_blank",2,13,"kein-last_blank","kein",13,0,0,1,"morsian","morkein"
341,"tel","tel-li","li",3,12,"ihai-li","ihai",9,3,1,1,"motelli","moihaili"
392,"muis","muis-taa","taa",2,2,"sult-taa","sult",2,0,0,1,"muistaa","sulttaa"
40,"first_blank","first_blank-muo","muo",2,107,"first_blank-kel","kel",107,0,0,1,"muovi-","kelvi"
730,"haa","haa-ja","ja",3,8,"troi-ja","troi",2,6,1,1,"murhaaja","murtroija"
338,"mur","mur-ha","ha",3,50,"ting-ha","ting",2,48,1,1,"murhata","tinghata"
150,"seo","seo-last_blank","last_blank",2,1,"nuh-last_blank","nuh",1,0,0,1,"museo","munuh"
499,"siik","siik-ki","ki",3,5,"pyyh-ki","pyyh",6,1,0,1,"musiikki","mupyyhki"
322,"first_blank","first_blank-mus","mus",2,86,"first_blank-kon","kon",86,0,0,1,"musta","konta"
261,"first_blank","first_blank-mus","mus",3,86,"first_blank-kiel","kiel",81,5,1,1,"mustelma","kieltelma"
926,"taa","taa-tio","tio",3,4,"taa-seen","seen",4,0,1,1,"mutaatio","mutaaseen"
28,"ra","ra-hai","hai",4,4,"ra-dioon","dioon",1,3,2,1,"muurahainen","muuradioonnen"
490,"sik","sik-ko","ko",3,12,"keuh-ko","keuh",11,1,1,1,"muusikko","muukeuhko"
658,"myö","myö-tä","tä",4,12,"reiäs-tä","reiäs",3,9,2,1,"myötätunto","reiästätunto"
357,"first_blank","first_blank-myrs","myrs",2,14,"first_blank-kurk","kurk",14,0,0,1,"myrsky","kurkky"
264,"first_blank","first_blank-mys","mys",3,25,"first_blank-olet","olet",25,0,1,1,"mysteeri","oletteeri"
368,"first_blank","first_blank-myy","myy",2,61,"first_blank-kom","kom",61,0,0,1,"myydä","komdä"
767,"first_blank","first_blank-myy","myy",3,61,"first_blank-luot","luot",61,0,1,1,"myymälä","luotmälä"
666,"first_blank","first_blank-myyn","myyn",2,9,"first_blank-mulk","mulk",9,0,0,1,"myynti","mulkti"
271,"mi","mi-sis","sis",4,13,"mi-racle","racle",1,12,2,1,"naimisissa","naimiraclesa"
156,"first_blank","first_blank-nai","nai",2,73,"first_blank-juh","juh",73,0,0,1,"nainen","juhnen"
249,"ke","ke-mys","mys",3,3,"ke-leen","leen",3,0,1,1,"näkemys","näkeleen"
863,"kul","kul-ma","ma",4,11,"maaii-ma","maaii",1,10,2,1,"näkökulma","näkömaaiima"
463,"first_blank","first_blank-näl","näl",3,14,"first_blank-juus","juus",14,0,1,1,"nälkäinen","juuskäinen"
417,"nau","nau-raa","raa",2,1,"nau-tim","tim",1,0,0,1,"nauraa","nautim"
20,"näyt","näyt-te","te",4,37,"gangs-te","gangs",7,30,1,1,"näyttelijä","gangstelijä"
496,"first_blank","first_blank-näyt","näyt",3,105,"first_blank-vaih","vaih",106,1,0,1,"näyttely","vaihtely"
323,"nen","nen-last_blank","last_blank",5,1781,"lowitz-last_blank","lowitz",1,1780,3,1,"negatiivinen","negatiivilowitz"
294,"jäs","jäs-last_blank","last_blank",2,1,"top-last_blank","top",1,0,0,1,"neljäs","neltop"
679,"first_blank","first_blank-nel","nel",4,45,"first_blank-osoit","osoit",39,6,2,1,"neljäsosa","osoitjäsosa"
545,"first_blank","first_blank-ne","ne",2,135,"first_blank-käy","käy",135,0,1,1,"nenä","käynä"
49,"nä","nä-lii","lii",4,5,"nä-köään","köään",1,4,2,1,"nenäliina","nenäköäänna"
152,"first_blank","first_blank-nes","nes",2,17,"first_blank-flo","flo",17,0,0,1,"neste","flote"
806,"voa","voa-last_blank","last_blank",2,19,"git-last_blank","git",19,0,0,1,"neuvoa","neugit"
204,"no","no-in","in",1,1,"no-pu","pu",1,0,0,1,"noin","nopu"
561,"first_blank","first_blank-noi","noi",2,29,"first_blank-rie","rie",29,0,0,1,"noita","rieta"
446,"peas","peas-ti","ti",3,3,"muut-ti","muut",3,0,0,1,"nopeasti","nomuutti"
85,"peus","peus-last_blank","last_blank",2,3,"mean-last_blank","mean",3,0,0,1,"nopeus","nomean"
129,"first_blank","first_blank-nor","nor",3,61,"first_blank-päät","päät",61,0,1,1,"normaali","päätmaali"
248,"nuk","nuk-kua","kua",2,1,"nuk-sil","sil",1,0,0,1,"nukkua","nuksil"
907,"first_blank","first_blank-nuol","nuol",2,3,"first_blank-kios","kios",3,0,0,1,"nuolla","kiosla"
194,"nuo","nuo-ri","ri",2,14,"tee-ri","tee",14,0,0,1,"nuori","teeri"
312,"odot","odot-taa","taa",2,4,"hoit-taa","hoit",4,0,0,1,"odottaa","hoittaa"
231,"moi","moi-da","da",4,5,"green-da","green",2,3,2,1,"ohjelmoida","ohjelgreenda"
618,"jus","jus-last_blank","last_blank",2,5,"faa-last_blank","faa",5,0,0,1,"ohjus","ohfaa"
585,"kea","kea-last_blank","last_blank",2,60,"liä-last_blank","liä",60,0,0,1,"oikea","oiliä"
130,"käyn","käyn-ti","ti",5,17,"idioot-ti","idioot",5,12,2,1,"oikeudenkäynti","oikeudenidiootti"
682,"keus","keus-last_blank","last_blank",2,13,"sian-last_blank","sian",13,0,0,2,"oikeus","oisian"
287,"reyh","reyh-ty","ty",4,1,"socie-ty","socie",1,0,1,1,"oireyhtymä","oisocietymä"
447,"olen","olen-to","to",2,4,"kiin-to","kiin",4,0,0,1,"olento","kiinto"
61,"ole","ole-tus","tus",2,1,"non-tus","non",1,0,0,1,"oletus","nontus"
52,"jy","jy-last_blank","last_blank",2,5,"fan-last_blank","fan",5,0,1,1,"öljy","ölfan"
408,"ol","ol-ut","ut",1,1,"ol-ee","ee",1,0,0,1,"olut","olee"
232,"first_blank","first_blank-omis","omis",3,66,"first_blank-asun","asun",65,1,0,1,"omistaja","asuntaja"
107,"first_blank","first_blank-omis","omis",5,66,"first_blank-suklaa","suklaa",9,57,2,1,"omistautuminen","suklaatautuminen"
680,"gel","gel-ma","ma",3,7,"trau-ma","trau",3,4,1,1,"ongelma","ontrauma"
526,"nel","nel-li","li",4,30,"rizzo-li","rizzo",1,29,2,1,"onnellinen","onrizzolinen"
519,"muus","muus-last_blank","last_blank",4,17,"field-last_blank","field",15,2,1,1,"onnettomuus","onnettofield"
997,"nis","nis-tua","tua",3,3,"kuol-tua","kuol",3,0,1,1,"onnistua","onkuoltua"
411,"opet","opet-taa","taa",2,2,"noit-taa","noit",2,0,0,1,"opettaa","noittaa"
337,"first_blank","first_blank-opet","opet",3,59,"first_blank-palk","palk",59,0,0,1,"opettaja","palktaja"
125,"first_blank","first_blank-orans","orans",2,6,"first_blank-wrait","wrait",6,0,0,1,"oranssi","wraitsi"
106,"first_blank","first_blank-osa","osa",3,37,"first_blank-kuul","kuul",37,0,1,1,"osavaltio","kuulvaltio"
409,"first_blank","first_blank-osoi","osoi",2,22,"first_blank-avai","avai",22,0,0,1,"osoite","avaite"
221,"first_blank","first_blank-osoit","osoit",2,39,"first_blank-asiak","asiak",38,1,0,2,"osoittaa","asiaktaa"
758,"os","os-ta","ta",3,37,"muut-ta","muut",43,6,2,1,"ostaja","muuttaja"
178,"ot","ot-sik","sik",3,2,"ot-teen","teen",2,0,1,1,"otsikko","otteenko"
299,"ot","ot-te","te",3,28,"työn-te","työn",28,0,2,1,"ottelu","työntelu"
403,"ou","ou-to","to",2,5,"pas-to","pas",5,0,1,1,"outo","pasto"
396,"ov","ov-i","i",1,1,"kl-i","kl",1,0,0,1,"ovi","kli"
903,"pää","pää-kont","kont",4,5,"pää-siäis","siäis",2,3,1,1,"pääkonttori","pääsiäistori"
197,"first_blank","first_blank-päät","päät",4,61,"first_blank-maail","maail",68,7,1,1,"päättäminen","maailtäminen"
808,"first_blank","first_blank-päät","päät",4,61,"first_blank-maail","maail",68,7,1,1,"päättäväisyys","maailtäväisyys"
746,"first_blank","first_blank-pae","pae",2,6,"first_blank-nin","nin",6,0,0,1,"paeta","ninta"
935,"voin","voin-ti","ti",4,10,"staat-ti","staat",1,9,1,1,"pahoinvointi","pahoinstaatti"
13,"ho","ho-lai","lai",4,13,"ho-rizon","rizon",1,12,2,1,"paholainen","pahorizonnen"
963,"kal","kal-li","li",4,26,"rizzo-li","rizzo",1,25,2,1,"paikallinen","pairizzolinen"
235,"pai","pai-ne","ne",2,9,"kin-ne","kin",9,0,0,1,"paine","kinne"
872,"first_blank","first_blank-päin","päin",4,6,"first_blank-etuoi","etuoi",6,0,1,1,"päinvastainen","etuoivastainen"
97,"ket","ket-ti","ti",3,21,"muis-ti","muis",20,1,1,1,"paketti","pamuisti"
300,"ket","ket-ti","ti",5,21,"tuplas-ti","tuplas",1,20,3,1,"pakettiauto","patuplastiauto"
242,"nen","nen-last_blank","last_blank",4,1781,"loway-last_blank","loway",5,1776,2,1,"pakolainen","pakolailoway"
282,"kot","kot-taa","taa",3,9,"suun-taa","suun",6,3,1,1,"pakottaa","pasuuntaa"
293,"pak","pak-su","su",2,6,"kon-su","kon",7,1,0,1,"paksu","konsu"
892,"pa","pa-la","la",2,69,"ril-la","ril",53,16,1,1,"pala","rilla"
459,"la","la-ta","ta",3,34,"kois-ta","kois",35,1,2,1,"palata","pakoista"
709,"kin","kin-to","to",3,14,"luot-to","luot",16,2,1,1,"palkinto","palluotto"
896,"kin","kin-to","to",3,14,"luot-to","luot",16,2,1,1,"palkinto-","palluotto"
714,"first_blank","first_blank-palk","palk",2,59,"first_blank-opet","opet",59,0,0,2,"palkka","opetka"
524,"pal","pal-ve","ve",4,104,"disco-ve","disco",1,103,2,1,"palvelija","discovelija"
572,"first_blank","first_blank-pans","pans",3,12,"first_blank-teet","teet",12,0,0,1,"panssari","teetsari"
456,"first_blank","first_blank-pap","pap",2,15,"first_blank-nok","nok",15,0,0,1,"pappi","nokpi"
43,"nus","nus-last_blank","last_blank",3,27,"loon-last_blank","loon",27,0,1,1,"parannus","paranloon"
959,"mal","mal-last_blank","last_blank",4,5,"riöön-last_blank","riöön",5,0,2,1,"paranormal","paranorriöön"
819,"ran","ran-taa","taa",3,5,"ran-neet","neet",5,0,1,1,"parantaa","paranneet"
544,"par","par-ta","ta",2,13,"vit-ta","vit",13,0,0,1,"parta","vitta"
901,"tio","tio-last_blank","last_blank",2,56,"ään-last_blank","ään",57,1,0,1,"partio","parään"
555,"first_blank","first_blank-pas","pas",2,109,"first_blank-häi","häi",109,0,0,1,"passi","häisi"
718,"tal","tal-joo","joo",4,3,"tal-lican","lican",1,2,2,1,"pataljoona","patallicanna"
580,"sas","sas-last_blank","last_blank",2,12,"jon-last_blank","jon",12,0,0,1,"patsas","patjon"
576,"first_blank","first_blank-pei","pei",2,51,"first_blank-iso","iso",51,0,0,1,"peili","isoli"
295,"pe","pe-ko","ko",3,4,"taat-ko","taat",4,0,2,1,"pekoni","taatkoni"
51,"pe","pe-laa","laa",3,28,"pe-rään","rään",20,8,1,1,"pelaaja","peräänja"
135,"pe","pe-las","las",4,98,"pe-rezin","rezin",1,97,2,1,"pelastaja","perezintaja"
436,"pe","pe-li","li",2,48,"dol-li","dol",47,1,1,1,"peli","dolli"
140,"pel","pel-ko","ko",2,6,"mos-ko","mos",6,0,0,1,"pelko","mosko"
867,"tel","tel-la","la",4,111,"choco-la","choco",1,110,2,1,"pelotella","pelochocola"
625,"nis","nis-last_blank","last_blank",2,13,"peä-last_blank","peä",13,0,0,1,"penis","pepeä"
706,"first_blank","first_blank-per","per",2,203,"first_blank-kul","kul",203,0,0,1,"perhe","kulhe"
134,"pe","pe-riä","riä",2,4,"pe-lai","lai",4,0,0,1,"periä","pelai"
996,"mäi","mäi-nen","nen",4,16,"falco-nen","falco",1,15,2,1,"perimmäinen","perimfalconen"
175,"rin","rin-tei","tei",4,11,"golds-tei","golds",1,10,2,1,"perinteinen","pegoldsteinen"
418,"suus","suus-last_blank","last_blank",5,67,"rencen-last_blank","rencen",4,63,2,1,"persoonallisuus","persoonallirencen"
543,"tus","tus-la","la",5,3,"alexil-la","alexil",1,2,3,1,"perustuslaki","perusalexillaki"
47,"first_blank","first_blank-pes","pes",2,16,"first_blank-mad","mad",16,0,0,1,"pestä","madtä"
297,"sual","sual-las","las",3,1,"nico-las","nico",1,0,0,1,"pesuallas","penicolas"
841,"hu","hu-last_blank","last_blank",4,23,"field-last_blank","field",15,8,3,1,"pesukarhu","pesukarfield"
703,"pe","pe-tos","tos",2,3,"pe-lil","lil",3,0,0,1,"petos","pelil"
401,"first_blank","first_blank-pet","pet",3,64,"first_blank-asun","asun",65,1,1,1,"petturi","asunturi"
596,"pet","pet-ty","ty",3,12,"edis-ty","edis",12,0,1,1,"pettymys","edistymys"
552,"first_blank","first_blank-peu","peu",3,23,"first_blank-osas","osas",23,0,1,1,"peukalo","osaskalo"
236,"dä","dä-tys","tys",3,6,"dä-meen","meen",2,4,1,1,"pidätys","pidämeen"
153,"pie","pie-ni","ni",2,8,"naa-ni","naa",8,0,0,1,"pieni","naani"
940,"pii","pii-ka","ka",2,2,"muk-ka","muk",2,0,0,1,"piika","mukka"
69,"lot","lot-taa","taa",3,10,"suun-taa","suun",6,4,1,1,"piilottaa","piisuuntaa"
206,"piir","piir-tää","tää",2,1,"säis-tää","säis",1,0,0,1,"piirtää","säistää"
754,"first_blank","first_blank-pil","pil",3,60,"first_blank-ajat","ajat",59,1,1,1,"pilleri","ajatleri"
828,"first_blank","first_blank-pil","pil",2,60,"first_blank-mor","mor",60,0,0,1,"pilli","morli"
839,"first_blank","first_blank-pin","pin",2,34,"first_blank-väi","väi",34,0,0,1,"pinta-","väita"
859,"ra","ra-sia","sia",4,2,"ra-mount","mount",1,1,2,1,"pistorasia","pistoramount"
137,"pi","pi-tää","tää",2,7,"pi-men","men",7,0,0,1,"pitää","pimen"
394,"first_blank","first_blank-pit","pit",2,46,"first_blank-elo","elo",46,0,0,1,"pitkä","elokä"
272,"tuus","tuus-last_blank","last_blank",2,5,"kyys-last_blank","kyys",5,0,0,1,"pituus","pikyys"
798,"first_blank","first_blank-poh","poh",2,62,"first_blank-lan","lan",63,1,0,1,"pohja","lanja"
320,"joi","joi-nen","nen",3,1,"daph-nen","daph",1,0,1,1,"pohjoinen","pohdaphnen"
339,"first_blank","first_blank-poi","poi",2,107,"first_blank-muo","muo",107,0,0,1,"poika","muoka"
377,"first_blank","first_blank-pois","pois",3,90,"first_blank-kier","kier",81,9,0,1,"poissaolo","kiersaolo"
878,"pois","pois-ta","ta",2,20,"paut-ta","paut",20,0,0,1,"poista","pautta"
873,"po","po-ke","ke",3,6,"oles-ke","oles",5,1,2,1,"pokeri","oleskeri"
223,"lii","lii-tik","tik",4,5,"evers-tik","evers",1,4,2,1,"poliitikko","poeverstikko"
74,"liit","liit-ti","ti",4,18,"evers-ti","evers",2,16,1,1,"poliittinen","poeverstinen"
966,"po","po-li","li",4,15,"aseel-li","aseel",4,11,3,1,"politiikka","aseellitiikka"
692,"pol","pol-ku","ku",2,8,"huk-ku","huk",8,0,0,1,"polku","hukku"
600,"toai","toai-ne","ne",3,1,"gree-ne","gree",1,0,0,1,"polttoaine","poltgreene"
608,"pol","pol-vi","vi",2,2,"rek-vi","rek",2,0,0,1,"polvi","rekvi"
500,"first_blank","first_blank-pö","pö",2,21,"first_blank-itä","itä",21,0,1,1,"pöly","itäly"
791,"lyi","lyi-nen","nen",3,3,"bour-nen","bour",2,1,1,1,"pölyinen","pöbournen"
164,"po","po-mo","mo",2,11,"huu-mo","huu",10,1,1,1,"pomo","huumo"
563,"first_blank","first_blank-por","por",4,74,"first_blank-maail","maail",68,6,2,1,"pormestari","maailmestari"
225,"first_blank","first_blank-port","port",2,18,"first_blank-loui","loui",18,0,0,1,"portti","louiti"
786,"first_blank","first_blank-pos","pos",2,63,"first_blank-hir","hir",63,0,0,1,"poski","hirki"
256,"tä","tä-kir","kir",4,6,"tä-agent","agent",1,5,2,1,"pöytäkirja","pöytäagentja"
42,"dent","dent-ti","ti",4,5,"tuoin-ti","tuoin",3,2,1,1,"presidentti","presituointi"
326,"first_blank","first_blank-prins","prins",2,12,"first_blank-flirt","flirt",13,1,0,2,"prinssi","flirtsi"
751,"fes","fes-so","so",4,9,"thomp-so","thomp",3,6,2,1,"professori","prothompsori"
683,"to","to-tyyp","tyyp",4,4,"to-rioit","rioit",2,2,1,1,"prototyyppi","protorioitpi"
967,"lo","lo-gia","gia",4,9,"lo-renzo","renzo",1,8,2,1,"psykologia","psykolorenzo"
170,"first_blank","first_blank-psy","psy",5,51,"first_blank-suklaa","suklaa",9,42,3,1,"psykologinen","suklaakologinen"
36,"lin","lin-last_blank","last_blank",3,456,"neet-last_blank","neet",476,20,1,1,"puhelin","puheneet"
435,"pu","pu-hua","hua",2,3,"pu-lan","lan",3,0,0,1,"puhua","pulan"
620,"keu","keu-tua","tua",3,8,"mint-tua","mint",2,6,1,1,"pukeutua","puminttua"
444,"first_blank","first_blank-pul","pul",2,43,"first_blank-rei","rei",43,0,0,1,"pullo","reilo"
440,"lus","lus-taa","taa",3,4,"odot-taa","odot",4,0,1,1,"puolustaa","puoodottaa"
916,"pu","pu-res","res",4,4,"pu-litze","litze",1,3,2,1,"pureskella","pulitzekella"
889,"jeh","jeh-tia","tia",3,1,"shot-tia","shot",1,0,1,1,"purjehtia","purshottia"
533,"pu","pu-u","u",1,1,"xx-u","xx",1,0,0,1,"puu","xxu"
836,"puu","puu-vil","vil",3,2,"puu-haat","haat",2,0,1,1,"puuvilla","puuhaatla"
530,"pyy","pyy-he","he",2,1,"est-he","est",1,0,0,1,"pyyhe","esthe"
815,"first_blank","first_blank-pyyn","pyyn",2,17,"first_blank-mark","mark",17,0,0,2,"pyyntö","marktö"
690,"ra","ra-ge","ge",2,2,"men-ge","men",2,0,1,1,"rage","menge"
636,"ha","ha-last_blank","last_blank",2,73,"tyi-last_blank","tyi",74,1,1,1,"raha","ratyi"
913,"ra","ra-hoi","hoi",3,12,"ra-taan","taan",11,1,1,1,"rahoitus","rataantus"
869,"first_blank","first_blank-rah","rah",2,13,"first_blank-avo","avo",13,0,0,1,"rahti","avoti"
91,"dys","dys-last_blank","last_blank",3,12,"hiin-last_blank","hiin",12,0,1,1,"räjähdys","räjähhiin"
826,"jäh","jäh-tää","tää",3,2,"esit-tää","esit",2,0,1,1,"räjähtää","räesittää"
359,"jäh","jäh-tä","tä",4,13,"viöis-tä","viöis",1,12,2,1,"räjähtävä","räviöistävä"
774,"ra","ra-kas","kas",4,135,"ra-dioon","dioon",1,134,2,1,"rakastaja","radioontaja"
842,"ken","ken-ne","ne",3,23,"part-ne","part",7,16,1,1,"rakenne","rapartne"
527,"nus","nus-last_blank","last_blank",3,27,"loon-last_blank","loon",27,0,1,1,"rakennus","rakenloon"
64,"ken","ken-taa","taa",3,4,"roit-taa","roit",4,0,1,1,"rakentaa","raroittaa"
355,"kaus","kaus-last_blank","last_blank",2,29,"daan-last_blank","daan",28,1,0,1,"rakkaus","rakdaan"
805,"nik","nik-ko","ko",3,11,"keuh-ko","keuh",11,0,1,1,"rannikko","rankeuhko"
325,"rans","rans-kan","kan",4,1,"aseen-kan","aseen",1,0,1,1,"ranskan kieli","aseenkan kieli"
29,"first_blank","first_blank-ras","ras",2,57,"first_blank-etu","etu",57,0,0,1,"raskaus","etukaus"
761,"sas","sas-taa","taa",3,2,"opet-taa","opet",2,0,1,1,"ratsastaa","ratopettaa"
469,"hoit","hoit-taa","taa",3,4,"spon-taa","spon",4,0,0,1,"rauhoittaa","rauspontaa"
234,"vin","vin-to","to",4,24,"stock-to","stock",3,21,2,1,"ravintola","rastocktola"
353,"first_blank","first_blank-reak","reak",3,17,"first_blank-ylit","ylit",17,0,0,1,"reaktori","ylittori"
200,"first_blank","first_blank-rea","rea",4,28,"first_blank-epäil","epäil",23,5,2,1,"realistinen","epäillistinen"
80,"hel","hel-li","li",4,20,"rizzo-li","rizzo",1,19,2,1,"rehellinen","rerizzolinen"
159,"li","li-syys","syys",4,15,"li-tauon","tauon",1,14,1,1,"rehellisyys","rehellitauon"
70,"first_blank","first_blank-rei","rei",2,43,"first_blank-tas","tas",43,0,0,1,"reikä","taskä"
778,"rii","rii-ta","ta",2,4,"tar-ta","tar",4,0,0,1,"riita","tarta"
95,"first_blank","first_blank-riit","riit",3,22,"first_blank-osoi","osoi",22,0,0,1,"riittävä","osoitävä"
412,"ri","ri-kas","kas",2,21,"ri-nen","nen",21,0,0,1,"rikas","rinen"
292,"kol","kol-li","li",4,55,"rizzo-li","rizzo",1,54,2,1,"rikollinen","ririzzolinen"
270,"suus","suus-last_blank","last_blank",4,67,"field-last_blank","field",15,52,1,1,"rikollisuus","rikollifield"
685,"first_blank","first_blank-rin","rin",3,70,"first_blank-työs","työs",68,2,1,1,"rinnassa","työsnassa"
15,"ko","ko-te","te",3,12,"viet-te","viet",12,0,2,1,"rokote","roviette"
762,"dus","dus-last_blank","last_blank",3,17,"moon-last_blank","moon",17,0,1,1,"romahdus","romahmoon"
89,"mant","mant-ti","ti",4,18,"chris-ti","chris",7,11,1,1,"romanttinen","rochristinen"
727,"first_blank","first_blank-roo","roo",2,47,"first_blank-mis","mis",47,0,0,1,"rooma","misma"
908,"first_blank","first_blank-ros","ros",2,52,"first_blank-kam","kam",52,0,0,1,"roska","kamka"
491,"rot","rot-ta","ta",2,11,"pis-ta","pis",11,0,0,1,"rotta","pista"
846,"first_blank","first_blank-ro","ro",2,299,"first_blank-kan","kan",299,0,1,1,"rotu","kantu"
917,"first_blank","first_blank-ruis","ruis",2,21,"first_blank-elin","elin",21,0,0,1,"ruisku","elinku"
84,"ru","ru-ma","ma",2,3,"kol-ma","kol",3,0,1,1,"ruma","kolma"
291,"ru","ru-no","no",2,4,"con-no","con",4,0,1,1,"runo","conno"
678,"mis","mis-last_blank","last_blank",2,9,"veä-last_blank","veä",9,0,0,1,"ruumis","ruuveä"
601,"first_blank","first_blank-ryh","ryh",2,69,"first_blank-ham","ham",69,0,0,1,"ryhmä","hammä"
280,"ryös","ryös-tää","tää",2,1,"säis-tää","säis",1,0,0,1,"ryöstää","säistää"
574,"ryös","ryös-tö","tö",2,5,"teis-tö","teis",5,0,0,1,"ryöstö","teistö"
122,"da","da- kii"," kii",4,1,"da-niels","niels",1,0,1,1,"saada kiinni","saadanielsnni"
228,"saa","saa-lis","lis",4,12,"oleel-lis","oleel",1,11,2,1,"saalistaja","oleellistaja"
909,"first_blank","first_blank-sää","sää",4,73,"first_blank-maail","maail",68,5,2,1,"säälittävä","maaillittävä"
865,"first_blank","first_blank-saar","saar",2,27,"first_blank-aset","aset",27,0,0,1,"saarna","asetna"
688,"ppuun","ppuun-last_blank","last_blank",4,1,"siiie-last_blank","siiie",1,0,0,1,"saattaa loppuun","saattaa losiiie"
970,"first_blank","first_blank-sa","sa",4,894,"auschwitzis-sa","auschwitzis",1,893,0,7,"sabotoida","auschwitzissabotoida"
76,"first_blank","first_blank-säh","säh",2,67,"first_blank-pak","pak",66,1,0,1,"sähkö","pakkö"
161,"first_blank","first_blank-säh","säh",3,67,"first_blank-työs","työs",68,1,1,1,"sähköinen","työsköinen"
810,"ras","ras-last_blank","last_blank",2,26,"hia-last_blank","hia",26,0,0,1,"sairas","saihia"
112,"raus","raus-last_blank","last_blank",2,12,"rion-last_blank","rion",12,0,0,1,"sairaus","sairion"
277,"laat","laat-ti","ti",3,2,"koin-ti","koin",2,0,0,1,"salaatti","sakointi"
950,"first_blank","first_blank-sa","sa",5,894,"auschwitzis-sa","auschwitzis",1,893,0,6,"salamurhaaja","auschwitzissalamurhaaja"
515,"first_blank","first_blank-sa","sa",4,894,"auschwitzis-sa","auschwitzis",1,893,0,7,"salasana","auschwitzissalasana"
471,"first_blank","first_blank-samp","samp",3,7,"first_blank-iden","iden",7,0,0,1,"samppanja","idenpanja"
185,"first_blank","first_blank-sa","sa",3,894,"auschwitzis-sa","auschwitzis",1,893,0,8,"samurai","auschwitzissamurai"
536,"sän","sän-ky","ky",2,6,"tus-ky","tus",6,0,0,1,"sänky","tusky"
487,"first_blank","first_blank-sa","sa",5,894,"auschwitzis-sa","auschwitzis",1,893,0,6,"sanomalehti","auschwitzissanomalehti"
605,"first_blank","first_blank-sa","sa",2,894,"auschwitzis-sa","auschwitzis",1,893,0,9,"sata","auschwitzissata"
26,"first_blank","first_blank-sa","sa",3,894,"auschwitzis-sa","auschwitzis",1,893,0,8,"satama","auschwitzissatama"
993,"tei","tei-ly","ly",3,3,"char-ly","char",1,2,1,1,"säteily","sächarly"
431,"first_blank","first_blank-sa","sa",4,894,"auschwitzis-sa","auschwitzis",1,893,0,7,"satelliitti","auschwitzissatelliitti"
296,"first_blank","first_blank-sa","sa",3,894,"auschwitzis-sa","auschwitzis",1,893,0,8,"savuke","auschwitzissavuke"
452,"se","se-kaan","kaan",3,27,"se-luot","luot",5,22,0,1,"sekaannus","seluotnus"
209,"se","se-naat","naat",3,10,"se-mään","mään",10,0,0,1,"senaatti","semäänti"
333,"naat","naat-to","to",4,10,"stock-to","stock",3,7,1,1,"senaattori","sestocktori"
171,"first_blank","first_blank-sent","sent",4,9,"first_blank-aloil","aloil",9,0,1,1,"senttimetri","aloiltimetri"
700,"se","se-os","os",1,1,"se-mä","mä",1,0,0,1,"seos","semä"
433,"nia","nia-last_blank","last_blank",4,236,"töään-last_blank","töään",4,232,2,1,"seremonia","seremotöään"
243,"first_blank","first_blank-serk","serk",2,11,"first_blank-kalk","kalk",11,0,0,1,"serkku","kalkku"
820,"first_blank","first_blank-seu","seu",3,185,"first_blank-muis","muis",191,6,1,1,"seurata","muisrata"
133,"first_blank","first_blank-siel","siel",2,11,"first_blank-unek","unek",11,0,0,1,"siellä","uneklä"
90,"sie","sie-mail","mail",3,1,"sie-nien","nien",1,0,0,1,"siemailla","sienienla"
577,"first_blank","first_blank-sig","sig",3,19,"first_blank-ulot","ulot",19,0,1,1,"signaali","ulotnaali"
176,"siir","siir-tää","tää",2,1,"siir-rol","rol",1,0,0,1,"siirtää","siirrol"
217,"jain","jain-ti","ti",3,4,"näyt-ti","näyt",4,0,0,1,"sijainti","sinäytti"
108,"si","si-joit","joit",3,17,"si-sään","sään",18,1,0,1,"sijoittaa","sisääntaa"
24,"si","si-joit","joit",4,17,"si-mekla","mekla",1,16,1,1,"sijoittaja","simeklataja"
564,"si","si-ka","ka",2,14,"si-vis","vis",14,0,1,1,"sika","sivis"
275,"si","si-ka","ka",3,14,"luok-ka","luok",12,2,2,1,"sikari","luokkari"
33,"ni","ni-nen","nen",3,25,"ni-lais","lais",2,23,1,1,"sininen","sinilais"
840,"pu","pu-li","li",3,7,"pu-maan","maan",7,0,2,1,"sipuli","sipumaan"
780,"first_blank","first_blank-sir","sir",2,11,"first_blank-ray","ray",11,0,0,1,"sirkus","raykus"
525,"käyn","käyn-ti","ti",4,17,"chris-ti","chris",7,10,1,1,"sisäänkäynti","sisäänchristi"
205,"si","si-säl","säl",3,40,"si-tyis","tyis",28,12,1,1,"sisällä","sityislä"
65,"säl","säl-tö","tö",3,1,"keis-tö","keis",1,0,1,1,"sisältö","sikeistö"
402,"tio","tio-last_blank","last_blank",5,56,"rencen-last_blank","rencen",4,52,3,1,"sivilisaatio","sivilisaarencen"
704,"first_blank","first_blank-skan","skan",3,18,"first_blank-tart","tart",18,0,0,1,"skandaali","tartdaali"
742,"first_blank","first_blank-sni","sni",2,1,"first_blank-zol","zol",1,0,0,1,"sniper","zolper"
931,"mio","mio-last_blank","last_blank",2,13,"dät-last_blank","dät",13,0,0,1,"solmio","soldät"
978,"first_blank","first_blank-soo","soo",2,13,"first_blank-jer","jer",13,0,0,1,"sooda","jerda"
478,"pi","pi-mus","mus",3,11,"pi-laan","laan",11,0,1,1,"sopimus","sopilaan"
591,"first_blank","first_blank-sö","sö",2,19,"first_blank-cas","cas",19,0,1,1,"söpö","caspö"
962,"men","men-jäl","jäl",4,15,"men-dozan","dozan",1,14,2,1,"sormenjälki","sormendozanki"
723,"nen","nen-last_blank","last_blank",5,1781,"rowitz-last_blank","rowitz",1,1780,3,1,"sotilaallinen","sotilaallirowitz"
448,"so","so-tu","tu",3,20,"muut-tu","muut",20,0,2,1,"soturi","muutturi"
965,"first_blank","first_blank-spa","spa",3,4,"first_blank-bris","bris",4,0,1,1,"spagetti","brisgetti"
505,"te","te-gia","gia",4,2,"te-rence","rence",1,1,2,1,"strategia","straterence"
648,"kl","kl-aa","aa",1,4,"is-aa","is",4,0,0,1,"suklaa","suisaa"
835,"ku","ku-ni","ni",4,28,"lowee-ni","lowee",1,27,3,1,"sukunimi","suloweenimi"
154,"jet","jet-tu","tu",3,4,"maas-tu","maas",4,0,1,1,"suljettu","sulmaastu"
50,"mu","mu-last_blank","last_blank",2,28,"rän-last_blank","rän",28,0,1,1,"sumu","surän"
259,"tai","tai-last_blank","last_blank",3,7,"bien-last_blank","bien",7,0,1,1,"sunnuntai","sunnunbien"
753,"suo","suo-jaa","jaa",2,8,"suo-riu","riu",7,1,0,1,"suojaa","suoriu"
485,"suo","suo-raan","raan",2,2,"suo-siol","siol",2,0,0,2,"suoraan","suosiol"
372,"su","su-si","si",2,11,"fyy-si","fyy",11,0,1,1,"susi","fyysi"
226,"first_blank","first_blank-suun","suun",4,131,"first_blank-maail","maail",68,63,1,1,"suunnittelu","maailnittelu"
517,"first_blank","first_blank-syk","syk",2,15,"first_blank-aka","aka",15,0,0,1,"syksy","akasy"
111,"first_blank","first_blank-sym","sym",3,23,"first_blank-alas","alas",23,0,1,1,"symboli","alasboli"
663,"first_blank","first_blank-syn","syn",5,166,"first_blank-idioot","idioot",8,158,3,1,"syntymäpäivä","idioottymäpäivä"
733,"first_blank","first_blank-syö","syö",2,74,"first_blank-por","por",74,0,0,1,"syödä","pordä"
345,"first_blank","first_blank-syö","syö",2,74,"first_blank-por","por",74,0,0,1,"syöpä","porpä"
557,"syöt","syöt-ti","ti",2,3,"laut-ti","laut",3,0,0,1,"syötti","lautti"
240,"sy","sy-y","y",1,1,"we-y","we",1,0,0,1,"syy","wey"
336,"first_blank","first_blank-syyl","syyl",3,34,"first_blank-hiuk","hiuk",34,0,0,1,"syyllinen","hiuklinen"
59,"first_blank","first_blank-syy","syy",2,63,"first_blank-hir","hir",63,0,0,1,"syytös","hirtös"
441,"first_blank","first_blank-syyt","syyt",3,61,"first_blank-palk","palk",59,2,0,1,"syyttäjä","palktäjä"
39,"täh","täh-ti","ti",2,31,"lan-ti","lan",30,1,0,1,"tähti","lanti"
425,"maa","maa-la","la",5,12,"alicel-la","alicel",1,11,3,1,"taidemaalari","taidealicellari"
41,"first_blank","first_blank-tais","tais",4,93,"first_blank-elekt","elekt",15,78,1,1,"taistelija","elekttelija"
54,"first_blank","first_blank-tais","tais",3,93,"first_blank-käyt","käyt",103,10,0,1,"taistella","käyttella"
369,"first_blank","first_blank-tais","tais",3,93,"first_blank-käyt","käyt",103,10,0,1,"taistelu","käyttelu"
975,"kent","kent-tä","tä",5,13,"ericis-tä","ericis",1,12,2,1,"taistelukenttä","taisteluericistä"
273,"vaal","vaal-li","li",4,4,"rizzo-li","rizzo",1,3,1,1,"taivaallinen","tairizzolinen"
858,"first_blank","first_blank-ta","ta",3,1002,"auschwitzis-ta","auschwitzis",1,1001,0,8,"takaosa","auschwitzistakaosa"
420,"first_blank","first_blank-tak","tak",2,44,"first_blank-roh","roh",44,0,0,1,"takki","rohki"
607,"len","len-taa","taa",3,1,"siit-taa","siit",1,0,1,1,"tallentaa","talsiittaa"
25,"first_blank","first_blank-ta","ta",5,1002,"auschwitzis-ta","auschwitzis",1,1001,0,6,"taloudellinen","auschwitzistaloudellinen"
358,"tal","tal-vi","vi",2,5,"jän-vi","jän",5,0,0,1,"talvi-","jänvi"
383,"first_blank","first_blank-tans","tans",2,77,"first_blank-leik","leik",76,1,0,2,"tanssi","leiksi"
382,"first_blank","first_blank-ta","ta",4,1002,"auschwitzis-ta","auschwitzis",1,1001,0,7,"tapaaminen","auschwitzistapaaminen"
883,"first_blank","first_blank-ta","ta",3,1002,"auschwitzis-ta","auschwitzis",1,1001,0,8,"tapahtua","auschwitzistapahtua"
212,"first_blank","first_blank-ta","ta",4,1002,"auschwitzis-ta","auschwitzis",1,1001,0,7,"tapahtuma","auschwitzistapahtuma"
222,"tap","tap-paa","paa",2,3,"sum-paa","sum",3,0,0,1,"tappaa","sumpaa"
400,"pio","pio-last_blank","last_blank",2,6,"nel-last_blank","nel",6,0,0,1,"tappio","tapnel"
708,"joi","joi-li","li",4,14,"aseel-li","aseel",4,10,2,1,"tarjoilija","taraseellija"
957,"kas","kas-tus","tus",3,5,"nioi-tus","nioi",4,1,1,1,"tarkastus","tarnioitus"
488,"first_blank","first_blank-tär","tär",2,52,"first_blank-mes","mes",52,0,0,1,"tärkeä","meskeä"
857,"kis","kis-taa","taa",3,5,"suun-taa","suun",6,1,1,1,"tarkistaa","tarsuuntaa"
938,"first_blank","first_blank-tar","tar",7,420,"first_blank-greenwic","greenwic",1,419,5,1,"tarkoituksellisesti","greenwickoituksellisesti"
770,"koi","koi-tus","tus",3,8,"koi-maan","maan",5,3,1,1,"tarkoitus","tarkoimaan"
181,"tar","tar-ve","ve",2,1,"nyh-ve","nyh",1,0,0,1,"tarve","nyhve"
274,"tau","tau-ko","ko",2,7,"vel-ko","vel",7,0,0,1,"tauko","velko"
202,"first_blank","first_blank-ta","ta",4,1002,"auschwitzis-ta","auschwitzis",1,1001,0,7,"tavallinen","auschwitzistavallinen"
265,"first_blank","first_blank-ta","ta",3,1002,"auschwitzis-ta","auschwitzis",1,1001,0,8,"tavata","auschwitzistavata"
364,"first_blank","first_blank-täy","täy",4,88,"first_blank-maail","maail",68,20,2,1,"täydellinen","maaildellinen"
640,"täy","täy-sin","sin",2,1,"kee-sin","kee",1,0,0,1,"täysin","keesin"
615,"first_blank","first_blank-teat","teat",3,11,"first_blank-pään","pään",11,0,0,1,"teatteri","päänteri"
163,"first_blank","first_blank-teh","teh",2,114,"first_blank-pik","pik",114,0,0,1,"tehdä","pikdä"
893,"utus","utus-last_blank","last_blank",5,1,"rancen-last_blank","rancen",1,0,2,1,"tehdä vaikutus","tehdä vaikrancen"
310,"kas","kas-last_blank","last_blank",3,83,"lään-last_blank","lään",83,0,1,1,"tehokas","teholään"
611,"first_blank","first_blank-teh","teh",3,114,"first_blank-kiin","kiin",115,1,1,1,"tehtävä","kiintävä"
961,"käi","käi-nen","nen",4,9,"falco-nen","falco",1,8,2,1,"teini-ikäinen","teiniifalconen"
659,"niik","niik-ka","ka",3,3,"luai-ka","luai",3,0,0,1,"tekniikka","tekluaika"
114,"syy","syy-last_blank","last_blank",3,11,"bert-last_blank","bert",11,0,1,1,"tekosyy","tekobert"
445,"sio","sio-last_blank","last_blank",4,12,"rence-last_blank","rence",6,6,2,1,"televisio","televirence"
215,"first_blank","first_blank-telt","telt",3,8,"first_blank-free","free",8,0,0,1,"telttailu","freetailu"
404,"nis","nis-last_blank","last_blank",2,13,"kön-last_blank","kön",13,0,0,1,"tennis","tenkön"
354,"first_blank","first_blank-teo","teo",2,23,"first_blank-mum","mum",23,0,0,1,"teoria","mumria"
575,"räs","räs-last_blank","last_blank",2,1,"taf-last_blank","taf",1,0,0,1,"teräs","tetaf"
62,"veh","veh-tiä","tiä",3,1,"veh-keet","keet",1,0,1,1,"tervehtiä","tervehkeet"
381,"tes","tes-ta","ta",3,24,"polt-ta","polt",24,0,1,1,"testata","polttata"
378,"first_blank","first_blank-tie","tie",2,375,"first_blank-huo","huo",384,9,0,1,"tiede","huode"
118,"de","de-mies","mies",3,4,"de-teok","teok",3,1,0,1,"tiedemies","tiedeteok"
946,"siir","siir-to","to",4,25,"plank-to","plank",1,24,1,1,"tiedonsiirto","tiedonplankto"
687,"dot","dot-last_blank","last_blank",2,46,"sua-last_blank","sua",46,0,0,1,"tiedot","tiesua"
241,"tie","tie-si","si",2,5,"han-si","han",5,0,0,1,"tiesi","hansi"
190,"tie","tie-tää","tää",2,6,"men-tää","men",6,0,0,1,"tietää","mentää"
593,"first_blank","first_blank-tie","tie",2,375,"first_blank-huo","huo",384,9,0,1,"tieto","huoto"
578,"tie","tie-to","to",4,80,"grays-to","grays",1,79,2,1,"tietokone","graystokone"
918,"first_blank","first_blank-tii","tii",2,52,"first_blank-apu","apu",52,0,0,1,"tiimi","apumi"
458,"first_blank","first_blank-tiis","tiis",2,9,"first_blank-eril","eril",9,0,0,1,"tiistai","eriltai"
56,"laus","laus-last_blank","last_blank",2,9,"jaat-last_blank","jaat",9,0,0,1,"tilaus","tijaat"
1,"to","to-del","del",3,33,"to-maat","maat",17,16,1,1,"todella","tomaatla"
302,"to","to-del","del",4,33,"to-rioit","rioit",2,31,2,1,"todellinen","torioitlinen"
168,"ses","ses-ti","ti",6,233,"implant-ti","implant",1,232,4,1,"todennäköisesti","todennäköiimplantti"
799,"dis","dis-te","te",3,18,"luet-te","luet",20,2,1,1,"todiste","toluette"
473,"tus","tus-last_blank","last_blank",3,211,"laan-last_blank","laan",218,7,1,1,"todistus","todislaan"
119,"toi","toi-mia","mia",2,8,"gel-mia","gel",9,1,0,1,"toimia","gelmia"
980,"first_blank","first_blank-toi","toi",5,406,"first_blank-suklaa","suklaa",9,397,3,1,"toiminnallinen","suklaaminnallinen"
430,"min","min-ta","ta",3,20,"paut-ta","paut",20,0,1,1,"toiminta","toipautta"
864,"mis","mis-to","to",3,14,"luot-to","luot",16,2,1,1,"toimisto","toiluotto"
427,"mit","mit-ta","ta",4,65,"ideas-ta","ideas",3,62,2,1,"toimittaja","toiideastaja"
83,"toi","toi-ve","ve",2,1,"här-ve","här",1,0,0,1,"toive","härve"
750,"to","to-maat","maat",3,17,"to-niin","niin",9,8,0,1,"tomaatti","toniinti"
942,"first_blank","first_blank-tor","tor",3,59,"first_blank-ajat","ajat",59,0,1,1,"tornado","ajatnado"
127,"teu","teu-tus","tus",3,1,"quin-tus","quin",1,0,1,1,"toteutus","toquintus"
258,"first_blank","first_blank-traa","traa",3,8,"first_blank-asus","asus",8,0,0,1,"traaginen","asusginen"
73,"hoa","hoa-mi","mi",4,6,"epäih-mi","epäih",2,4,2,1,"tuhoaminen","tuepäihminen"
17,"first_blank","first_blank-tul","tul",2,88,"first_blank-pis","pis",88,0,0,1,"tulla","pisla"
566,"tu","tu-lo","lo",2,13,"tu-mat","mat",13,0,1,1,"tulo","tumat"
807,"lok","lok-set","set",3,6,"omai-set","omai",5,1,1,1,"tulokset","tuomaiset"
267,"first_blank","first_blank-tum","tum",2,16,"first_blank-bii","bii",16,0,0,1,"tumma","biima"
143,"tun","tun-ne","ne",2,29,"kyy-ne","kyy",8,21,0,1,"tunne","kyyne"
514,"tun","tun-ne","ne",3,29,"part-ne","part",7,22,1,1,"tunneli","partneli"
803,"nus","nus-taa","taa",3,3,"plan-taa","plan",3,0,1,1,"tunnustaa","tunplantaa"
14,"tun","tun-te","te",4,58,"aloit-te","aloit",8,50,2,1,"tuntematon","aloittematon"
413,"tuo","tuo-li","li",2,6,"noi-li","noi",6,0,0,1,"tuoli","noili"
414,"tuo","tuo-ma","ma",3,22,"best-ma","best",4,18,1,1,"tuomari","bestmari"
319,"tuo","tuo-mi","mi",3,7,"avaa-mi","avaa",4,3,1,1,"tuomita","avaamita"
103,"tan","tan-to","to",3,3,"huuh-to","huuh",3,0,1,1,"tuotanto","tuohuuhto"
914,"tuo","tuo-te","te",2,4,"syn-te","syn",4,0,0,1,"tuote","synte"
72,"tuot","tuot-taa","taa",2,2,"haut-taa","haut",2,0,0,1,"tuottaa","hauttaa"
641,"first_blank","first_blank-turk","turk",2,10,"first_blank-tien","tien",10,0,0,1,"turkki","tienki"
728,"tur","tur-val","val",4,55,"tur-mioon","mioon",1,54,2,1,"turvallinen","turmioonlinen"
547,"suus","suus-last_blank","last_blank",4,67,"field-last_blank","field",15,52,1,1,"turvallisuus","turvallifield"
100,"tut","tut-kia","kia",2,1,"nar-kia","nar",1,0,0,1,"tutkia","narkia"
599,"first_blank","first_blank-tut","tut",3,162,"first_blank-kiin","kiin",115,47,1,1,"tutkija","kiinkija"
177,"tyh","tyh-mä","mä",2,2,"peä-mä","peä",2,0,0,1,"tyhmä","peämä"
743,"first_blank","first_blank-tyh","tyh",2,89,"first_blank-han","han",89,0,0,1,"tyhmyys","hanmyys"
722,"ty","ty-kis","kis",3,4,"ty-tään","tään",4,0,1,1,"tykistö","tytääntö"
677,"first_blank","first_blank-ty","ty",1,137,"first_blank-ot","ot",136,1,0,1,"työ","otö"
105,"first_blank","first_blank-työn","työn",4,62,"first_blank-maail","maail",68,6,1,1,"työntekijä","maailtekijä"
30,"ty","ty-töt","töt",2,5,"ty-myk","myk",5,0,0,1,"tytöt","tymyk"
250,"tyy","tyy-li","li",2,11,"naa-li","naa",11,0,0,1,"tyyli","naali"
986,"li","li-käs","käs",3,2,"li-sian","sian",2,0,1,1,"tyylikäs","tyylisian"
701,"ui","ui-da","da",2,1,"ui-mis","mis",1,0,1,1,"uida","uimis"
151,"ko","ko-nen","nen",3,6,"ko-kaii","kaii",6,0,1,1,"ukkonen","ukkokaii"
671,"ul","ul-koi","koi",3,6,"ul-jaan","jaan",1,5,1,1,"ulkoinen","uljaannen"
307,"lai","lai-nen","nen",5,149,"cheyen-nen","cheyen",1,148,3,1,"ulkomaalainen","ulkomaacheyennen"
486,"first_blank","first_blank-unel","unel",2,39,"first_blank-vies","vies",39,0,0,1,"unelma","viesma"
186,"hea","hea-last_blank","last_blank",2,7,"vyt-last_blank","vyt",7,0,0,1,"urhea","urvyt"
887,"hei","hei-lu","lu",3,13,"kuul-lu","kuul",1,12,1,1,"urheilu","urkuullu"
276,"us","us-ei","ei",1,1,"us-an","an",1,0,0,1,"usein","usann"
139,"us","us-ko","ko",2,51,"taa-ko","taa",52,1,1,1,"usko","taako"
303,"koa","koa-last_blank","last_blank",2,86,"dan-last_blank","dan",85,1,0,1,"uskoa","usdan"
613,"kol","kol-li","li",4,55,"rizzo-li","rizzo",1,54,2,1,"uskollinen","usrizzolinen"
213,"kon","kon-to","to",3,5,"neis-to","neis",5,0,1,1,"uskonto","usneisto"
999,"kot","kot-ta","ta",4,31,"omais-ta","omais",4,27,2,1,"uskottava","usomaistava"
44,"ti","ti-set","set",3,15,"ti-laan","laan",15,0,1,1,"uutiset","uutilaan"
870,"vaa","vaa-lit","lit",2,4,"vaa-ras","ras",4,0,0,1,"vaalit","vaaras"
342,"vaa","vaa-ra","ra",2,5,"kee-ra","kee",6,1,0,1,"vaara","keera"
104,"first_blank","first_blank-vää","vää",2,79,"first_blank-nou","nou",79,0,0,1,"väärä","nourä"
252,"first_blank","first_blank-vaa","vaa",4,195,"first_blank-aloit","aloit",39,156,2,1,"vaarallinen","aloitrallinen"
830,"vaa","vaa-ti","ti",4,40,"kriit-ti","kriit",7,33,2,1,"vaatimaton","kriittimaton"
565,"hen","hen-tää","tää",3,3,"hen-gail","gail",3,0,1,1,"vähentää","vähengail"
386,"vis","vis-taa","taa",3,4,"keut-taa","keut",4,0,1,1,"vahvistaa","vahkeuttaa"
508,"toeh","toeh-to","to",3,6,"hing-to","hing",6,0,0,1,"vaihtoehto","vaihhingto"
484,"tus","tus-last_blank","last_blank",3,211,"laan-last_blank","laan",218,7,1,1,"vaikutus","vaikulaan"
437,"first_blank","first_blank-vai","vai",2,292,"first_blank-pää","pää",292,0,0,1,"vaimo","päämo"
509,"va","va-la","la",2,20,"nel-la","nel",20,0,1,1,"vala","nella"
507,"leh","leh-te","te",5,45,"idioot-te","idioot",1,44,3,1,"valehtelija","vaidioottelija"
781,"li","li-ne","ne",3,17,"li-syyt","syyt",17,0,2,1,"väline","välisyyt"
766,"lit","lit-se","se",3,31,"tääk-se","tääk",30,1,1,1,"valitse","vatääkse"
389,"val","val-mis","mis",4,108,"useim-mis","useim",2,106,2,1,"valmistella","useimmistella"
850,"mis","mis-tua","tua",3,2,"kaan-tua","kaan",2,0,1,1,"valmistua","valkaantua"
21,"lo","lo-ku","ku",5,25,"lo-renzon","renzon",1,24,4,1,"valokuvaaja","valorenzonvaaja"
75,"val","val-tais","tais",3,9,"val-heel","heel",6,3,0,1,"valtaistuin","valheeltuin"
945,"kun","kun-ta","ta",4,39,"aloit-ta","aloit",15,24,2,1,"valtakunta","valtaaloitta"
398,"val","val-ta","ta",4,119,"nioit-ta","nioit",12,107,2,1,"valtameri","nioittameri"
253,"tie","tie-last_blank","last_blank",3,24,"land-last_blank","land",24,0,1,1,"valtatie","valtaland"
583,"val","val-ta","ta",3,119,"joit-ta","joit",64,55,1,1,"valtava","joittava"
755,"val","val-ti","ti",3,13,"sent-ti","sent",14,1,1,1,"valtimo","senttimo"
560,"first_blank","first_blank-vam","vam",2,41,"first_blank-kis","kis",41,0,0,1,"vamma","kisma"
535,"first_blank","first_blank-vam","vam",3,41,"first_blank-asen","asen",41,0,1,1,"vampyyri","asenpyyri"
880,"hem","hem-pi","pi",3,9,"kaup-pi","kaup",7,2,1,1,"vanhempi","vankauppi"
968,"va","va-nil","nil",3,3,"va-raan","raan",3,0,1,1,"vanilja","varaanja"
974,"keus","keus-ran","ran",5,1,"alexand-ran","alexand",1,0,3,1,"vankeusrangaistus","vanalexandrangaistus"
493,"first_blank","first_blank-van","van",2,264,"first_blank-sel","sel",270,6,0,1,"vanki","selki"
643,"van","van-ki","ki",3,40,"merk-ki","merk",26,14,1,1,"vankila","merkkila"
716,"paa","paa-last_blank","last_blank",2,136,"vää-last_blank","vää",130,6,0,1,"vapaa","vavää"
827,"ses","ses-ti","ti",6,233,"implant-ti","implant",1,232,4,1,"vapaaehtoisesti","vapaaehtoiimplantti"
814,"suus","suus-last_blank","last_blank",4,67,"field-last_blank","field",15,52,1,1,"varallisuus","varallifield"
126,"var","var-si","si",2,10,"nok-si","nok",10,0,0,1,"varsi","noksi"
812,"rus","rus-taa","taa",3,2,"polt-taa","polt",2,0,1,1,"varustaa","vapolttaa"
281,"va","va-sa","sa",3,6,"va-lois","lois",6,0,2,1,"vasara","valoisra"
251,"sem","sem-mal","mal",4,4,"maail-mal","maail",3,1,2,1,"vasemmalle","vamaailmalle"
504,"first_blank","first_blank-vas","vas",2,305,"first_blank-mie","mie",314,9,0,1,"vastaa","mietaa"
825,"tus","tus-taa","taa",3,2,"saat-taa","saat",2,0,1,1,"vastustaa","vassaattaa"
470,"tus","tus-ta","ta",4,190,"aloit-ta","aloit",15,175,2,1,"vastustaja","vasaloittaja"
983,"tuu","tuu-ton","ton",3,4,"osas-ton","osas",4,0,1,1,"vastuuton","vasosaston"
994,"vat","vat-san","san",2,2,"ris-san","ris",2,0,0,1,"vatsan-","rissan"
861,"ve","ve-dä","dä",2,5,"ve-rit","rit",5,0,1,1,"vedä","verit"
360,"first_blank","first_blank-veit","veit",2,18,"first_blank-nais","nais",18,0,0,1,"veitsi","naissi"
160,"vel","vel-ho","ho",2,4,"nau-ho","nau",4,0,0,1,"velho","nauho"
335,"ve","ve-li","li",2,53,"dol-li","dol",47,6,1,1,"veli","dolli"
123,"jen","jen-poi","poi",4,6,"jen-nings","nings",1,5,2,1,"veljenpoika","veljenningska"
247,"suus","suus-last_blank","last_blank",4,67,"field-last_blank","field",15,52,1,1,"velvollisuus","velvollifield"
285,"ve","ve-ne","ne",2,5,"nän-ne","nän",5,0,1,1,"vene","nänne"
166,"ve","ve-nus","nus",2,1,"ve-lyä","lyä",1,0,0,1,"venus","velyä"
741,"first_blank","first_blank-verk","verk",2,7,"first_blank-reit","reit",7,0,0,1,"verkko","reitko"
802,"nsa","nsa-last_blank","last_blank",5,1,"hemmln-last_blank","hemmln",1,0,3,1,"vetää puoleensa","vetää puoleehemmln"
891,"ve","ve-ty","ty",2,1,"ve-niä","niä",1,0,1,1,"vety","veniä"
726,"deo","deo-last_blank","last_blank",2,3,"sön-last_blank","sön",3,0,0,1,"video-","visön"
94,"ppuun","ppuun-last_blank","last_blank",4,1,"berts-last_blank","berts",1,0,0,1,"viedä loppuun","viedä loberts"
19,"hät","hät-tä","tä",4,8,"miöis-tä","miöis",1,7,2,1,"viehättävä","viemiöistävä"
314,"first_blank","first_blank-vies","vies",2,39,"first_blank-unel","unel",39,0,0,1,"viesti","unelti"
548,"viet","viet-tää","tää",2,1,"säyt-tää","säyt",1,0,0,1,"viettää","säyttää"
554,"hai","hai-nen","nen",3,7,"bour-nen","bour",2,5,1,1,"vihainen","vibournen"
464,"first_blank","first_blank-viik","viik",2,22,"first_blank-avai","avai",22,0,0,1,"viikko","avaiko"
657,"vii","vii-koit","koit",3,2,"vii-teen","teen",2,0,0,1,"viikoittain","viiteentain"
313,"leä","leä-last_blank","last_blank",2,5,"köt-last_blank","köt",5,0,0,1,"viileä","viiköt"
428,"vi","vi-ral","ral",4,19,"vi-deois","deois",2,17,2,1,"virallinen","videoislinen"
717,"omai","omai-nen","nen",4,8,"falco-nen","falco",1,7,1,1,"viranomainen","viranfalconen"
109,"ras","ras-to","to",3,18,"luot-to","luot",16,2,1,1,"virasto","viluotto"
782,"vir","vir-he","he",2,3,"höy-he","höy",3,0,0,1,"virhe","höyhe"
905,"kis","kis-tää","tää",3,1,"kis-koin","koin",1,0,1,1,"virkistää","virkiskoin"
542,"first_blank","first_blank-virt","virt",2,7,"first_blank-reit","reit",7,0,0,1,"virtsa","reitsa"
789,"mii","mii-ni","ni",4,12,"lowee-ni","lowee",1,11,2,1,"vitamiini","vitaloweeni"
301,"first_blank","first_blank-vit","vit",2,53,"first_blank-sar","sar",53,0,0,1,"vitsi","sarsi"
316,"vod","vod-ka","ka",2,1,"kur-ka","kur",1,0,0,1,"vodka","kurka"
792,"kaas","kaas-ti","ti",4,16,"agent-ti","agent",5,11,1,1,"voimakkaasti","voimakagentti"
922,"voi","voi-ma","ma",3,33,"best-ma","best",4,29,1,1,"voimaton","bestmaton"
138,"voi","voi-ta","ta",2,10,"mur-ta","mur",10,0,0,1,"voita","murta"
117,"first_blank","first_blank-voit","voit",2,73,"first_blank-luon","luon",73,0,0,2,"voittaa","luontaa"
157,"first_blank","first_blank-voit","voit",3,73,"first_blank-luon","luon",73,0,0,1,"voittaja","luontaja"
982,"first_blank","first_blank-vuok","vuok",5,50,"first_blank-prince","prince",5,45,2,1,"vuokranantaja","princeranantaja"
136,"first_blank","first_blank-vuok","vuok",3,50,"first_blank-asia","asia",50,0,0,1,"vuokrata","asiarata"
424,"vuo","vuo-ri","ri",2,4,"sab-ri","sab",4,0,0,1,"vuori","sabri"
453,"si","si-kym","kym",4,13,"si-licon","licon",1,12,2,1,"vuosikymmen","vuosiliconmen"
630,"first_blank","first_blank-vyö","vyö",3,17,"first_blank-tiel","tiel",17,0,1,1,"vyöhyke","tielhyke"
795,"first_blank","first_blank-wat","wat",2,7,"first_blank-inf","inf",7,0,0,1,"watson","infson"
895,"first_blank","first_blank-yd","yd",1,1,"first_blank-rc","rc",1,0,0,1,"ydin","rcin"
422,"sö","sö-last_blank","last_blank",3,5,"koot-last_blank","koot",5,0,2,1,"yhteisö","yhteikoot"
697,"te","te-näi","näi",4,7,"te-riöön","riöön",4,3,2,1,"yhtenäinen","yhteriöönnen"
510,"teys","teys-last_blank","last_blank",2,6,"mein-last_blank","mein",6,0,0,1,"yhteys","yhmein"
438,"tiö","tiö-last_blank","last_blank",2,14,"luu-last_blank","luu",14,0,0,1,"yhtiö","yhluu"
211,"si","si-lö","lö",3,2,"si-tyim","tyim",2,0,2,1,"yksilö","yksityim"
8,"näi","näi-nen","nen",4,8,"falco-nen","falco",1,7,2,1,"yksinäinen","yksifalconen"
637,"tai","tai-nen","nen",5,44,"cheyen-nen","cheyen",1,43,3,1,"yksinkertainen","yksinkercheyennen"
639,"syys","syys-last_blank","last_blank",4,34,"field-last_blank","field",15,19,1,1,"yksityisyys","yksityifield"
187,"first_blank","first_blank-yleen","yleen",2,4,"first_blank-ident","ident",4,0,0,2,"yleensä","identsä"
972,"first_blank","first_blank-ylei","ylei",3,27,"first_blank-kiis","kiis",27,0,0,1,"yleisesti","kiissesti"
866,"first_blank","first_blank-ylei","ylei",2,27,"first_blank-aset","aset",27,0,0,1,"yleisö","asetsö"
691,"ylem","ylem-pi","pi",2,1,"veäm-pi","veäm",1,0,0,1,"ylempi","veämpi"
948,"räi","räi-nen","nen",4,10,"falco-nen","falco",1,9,2,1,"ylimääräinen","ylimääfalconen"
843,"li","li-syys","syys",4,15,"li-tauon","tauon",1,14,1,1,"ylimielisyys","ylimielitauon"
356,"first_blank","first_blank-ylio","ylio",3,16,"first_blank-edes","edes",16,0,0,1,"yliopisto","edespisto"
886,"tää","tää-last_blank","last_blank",4,322,"field-last_blank","field",15,307,2,1,"ylläpitää","ylläpifield"
765,"täen","täen-last_blank","last_blank",3,19,"ford-last_blank","ford",19,0,0,1,"yllättäen","yllätford"
87,"first_blank","first_blank-ylös","ylös",2,6,"first_blank-pres","pres",6,0,0,1,"ylöspäin","prespäin"
631,"mär","mär-tää","tää",3,3,"riit-tää","riit",3,0,1,1,"ymmärtää","ymriittää"
304,"yrit","yrit-tää","tää",2,3,"räyt-tää","räyt",3,0,0,1,"yrittää","räyttää"
977,"first_blank","first_blank-yrit","yrit",3,45,"first_blank-maan","maan",45,0,0,1,"yrittäjä","maantäjä"
362,"first_blank","first_blank-ys","ys",3,146,"first_blank-suun","suun",131,15,2,1,"ystävä","suuntävä"
662,"väl","väl-li","li",5,44,"jacque-li","jacque",1,43,3,1,"ystävällinen","ystäjacquelinen"
592,"vyys","vyys-last_blank","last_blank",3,9,"kuin-last_blank","kuin",9,0,0,1,"ystävyys","ystäkuin"
