"word_id","first","original_pair","second","syll","original_freq","replacement_pair","replacement_syll","replacement_freq","freq_diff","char_diff","letter_diff","original_word","replacement_word"
377,"sen","sen-ce","ce",3,1,"kryt-ce","kryt",1,0,1,1,"absence","abkrytce"
850,"sol","sol-vo","vo",4,5,"uzdra-vo","uzdra",2,3,2,1,"absolvovat","abuzdravovat"
809,"surd","surd-ní","ní",3,2,"nent-ní","nent",2,0,0,1,"absurdní","abnentní"
793,"first_blank","first_blank-adre","adre",3,4,"first_blank-oplz","oplz",4,0,0,1,"adrenalin","oplznalin"
409,"sa","sa-last_blank","last_blank",3,59,"sa-mozdřejmě","mozdřejmě",1,58,1,7,"adresa","adresamozdřejmě"
109,"first_blank","first_blank-agen","agen",3,21,"first_blank-vtip","vtip",21,0,0,1,"agentura","vtiptura"
119,"ak","ak-t","t",1,1,"ní-t","ní",1,0,0,1,"akt","nít"
430,"vi","vi-ta","ta",4,17,"plach-ta","plach",2,15,3,1,"aktivita","aktiplachta"
871,"vat","vat-last_blank","last_blank",4,942,"ských-last_blank","ských",79,863,2,1,"aktivovat","aktivoských"
67,"ej","ej-last_blank","last_blank",1,22,"hů-last_blank","hů",22,0,0,1,"alej","alhů"
31,"fa","fa-last_blank","last_blank",2,24,"náš-last_blank","náš",24,0,1,1,"alfa","alnáš"
818,"first_blank","first_blank-ali","ali",2,28,"first_blank-dře","dře",28,0,0,1,"alibi","dřebi"
405,"first_blank","first_blank-ame","ame",3,44,"first_blank-osla","osla",44,0,1,1,"amerika","oslarika"
22,"first_blank","first_blank-ana","ana",3,39,"first_blank-tech","tech",38,1,1,1,"analýza","techlýza"
495,"tekt","tekt-last_blank","last_blank",3,1,"enix-last_blank","enix",1,0,0,1,"architekt","archienix"
760,"má","má-da","da",3,2,"fiel-da","fiel",2,0,2,1,"armáda","arfielda"
843,"first_blank","first_blank-aro","aro",3,9,"first_blank-hlav","hlav",9,0,1,1,"arogance","hlavgance"
379,"tent","tent-last_blank","last_blank",3,3,"view-last_blank","view",3,0,0,1,"asistent","asisview"
855,"lan","lan-tik","tik",3,1,"lan-gley","gley",1,0,1,1,"atlantik","atlangley"
693,"sfé","sfé-ra","ra",4,2,"kelle-ra","kelle",1,1,2,1,"atmosféra","atmokellera"
349,"to","to-last_blank","last_blank",2,235,"ješ-last_blank","ješ",242,7,1,1,"auto","auješ"
347,"bus","bus-last_blank","last_blank",3,8,"znáš-last_blank","znáš",8,0,1,1,"autobus","autoznáš"
717,"ri","ri-ta","ta",4,18,"vzkvé-ta","vzkvé",2,16,3,1,"autorita","autovzkvéta"
423,"bič","bič-ka","ka",3,6,"zmeš-ka","zmeš",6,0,1,1,"babička","bazmeška"
97,"lík","lík-last_blank","last_blank",2,38,"deš-last_blank","deš",38,0,0,1,"balík","badeš"
511,"ba","ba-r","r",1,2,"ci-r","ci",2,0,0,1,"bar","cir"
279,"ball","ball-last_blank","last_blank",2,6,"spal-last_blank","spal",6,0,0,1,"baseball","basespal"
291,"seň","seň-last_blank","last_blank",2,4,"nač-last_blank","nač",4,0,0,1,"báseň","bánač"
854,"ba","ba-tm","tm",1,1,"ba-za","za",1,0,0,1,"bat-man","bazaan"
836,"vl","vl-na","na",3,3,"stei-na","stei",3,0,2,1,"bavlna","basteina"
868,"cen","cen-ný","ný",3,6,"sluš-ný","sluš",6,0,1,1,"bezcenný","bezslušný"
922,"moc","moc-ný","ný",3,9,"stup-ný","stup",7,2,1,1,"bezmocný","bezstupný"
547,"nost","nost-last_blank","last_blank",3,201,"cích-last_blank","cích",170,31,0,1,"bezpečnost","bezpečcích"
924,"first_blank","first_blank-bí","bí",2,27,"first_blank-umě","umě",27,0,1,1,"bída","uměda"
627,"lo","lo-gic","gic",5,58,"lo-ostrov","ostrov",1,57,3,1,"biologický","bioloostrovký"
626,"lo","lo-gie","gie",4,24,"lo-ostro","ostro",2,22,2,1,"biologie","bioloostro"
369,"tv","tv-a","a",1,5,"pi-a","pi",5,0,0,1,"bitva","bipia"
814,"hat","hat-ství","ství",3,1,"hat-ších","ších",1,0,0,1,"bohatství","bohatších"
412,"ha","ha-tý","tý",3,4,"ha-zard","zard",3,1,2,1,"bohatý","bohazard"
975,"bo","bo-jiš","jiš",3,2,"bo-tách","tách",2,0,1,1,"bojiště","botáchtě"
41,"jov","jov-ník","ník",3,1,"dešt-ník","dešt",1,0,1,1,"bojovník","bodeštník"
286,"lest","lest-last_blank","last_blank",2,3,"dley-last_blank","dley",3,0,0,1,"bolest","bodley"
537,"first_blank","first_blank-bos","bos",2,14,"first_blank-uví","uví",14,0,0,1,"boston","uvíton"
779,"bo","bo-ty","ty",2,5,"den-ty","den",4,1,1,1,"boty","denty"
357,"first_blank","first_blank-bouř","bouř",2,12,"first_blank-krou","krou",12,0,0,1,"bouřka","krouka"
121,"first_blank","first_blank-bož","bož",2,10,"first_blank-nut","nut",10,0,0,1,"božský","nutský"
899,"cho","cho-last_blank","last_blank",2,17,"ler-last_blank","ler",17,0,0,1,"brácho","bráler"
225,"first_blank","first_blank-brá","brá",2,31,"first_blank-kur","kur",31,0,0,1,"brána","kurna"
335,"first_blank","first_blank-bra","bra",2,79,"first_blank-nad","nad",81,2,0,1,"bratr","nadtr"
243,"tra","tra-nec","nec",3,1,"tra-band","band",1,0,1,1,"bratranec","bratraband"
994,"first_blank","first_blank-břiš","břiš",2,1,"first_blank-chip","chip",1,0,0,1,"břišní","chipní"
410,"br","br-zy","zy",2,1,"chó-zy","chó",1,0,1,1,"brzy","chózy"
527,"va","va-last_blank","last_blank",3,237,"ních-last_blank","ních",237,0,2,1,"budova","budoních"
420,"first_blank","first_blank-bun","bun",2,20,"first_blank-smi","smi",20,0,0,1,"bunda","smida"
582,"by","by-t","t",1,1,"on-t","on",1,0,0,1,"byt","ont"
561,"děj","děj-ni","ni",5,4,"sestře-ni","sestře",3,1,3,1,"čarodějnice","čarosestřenice"
219,"pis","pis-last_blank","last_blank",3,18,"lích-last_blank","lích",18,0,1,1,"časopis","časolích"
987,"so","so-vač","vač",3,1,"so-bách","bách",1,0,1,1,"časovač","časobách"
167,"first_blank","first_blank-čás","čás",3,16,"first_blank-skvě","skvě",16,0,1,1,"částice","skvětice"
276,"first_blank","first_blank-čas","čas",2,13,"first_blank-pun","pun",13,0,0,1,"často","punto"
311,"first_blank","first_blank-ce","ce",2,133,"first_blank-kou","kou",131,2,1,1,"cena","kouna"
171,"cen","cen-ti","ti",4,5,"gisla-ti","gisla",3,2,2,1,"centimetr","gislatimetr"
573,"pi","pi-ce","ce",3,2,"jížď-ce","jížď",2,0,2,1,"čepice","čejížďce"
322,"čer","čer-ná","ná",2,2,"děj-ná","děj",2,0,0,1,"černá","dějná"
503,"ve","ve-nec","nec",3,4,"ve-jdou","jdou",2,2,1,1,"červenec","červejdou"
705,"če","če-st","st",1,1,"ro-st","ro",1,0,0,1,"čest","rost"
692,"ces","ces-ta","ta",2,1,"nau-ta","nau",1,0,0,1,"cesta","nauta"
555," pas"," pas-last_blank","last_blank",4,1,"gusta-last_blank","gusta",1,0,1,1,"cestovní pas","cestovnígusta"
198,"ace","ace-last_blank","last_blank",7,1,"dustrial-last_blank","dustrial",1,0,5,1,"chirurgická operace","chirurgická operdustrial"
313,"chlad","chlad-ný","ný",2,1,"chvil-ný","chvil",1,0,0,1,"chladný","chvilný"
339,"pec","pec-last_blank","last_blank",2,10,"lyn-last_blank","lyn",10,0,0,1,"chlapec","chlalyn"
112,"cho","cho-ro","ro",3,8,"aste-ro","aste",5,3,1,1,"choroba","asteroba"
782,"chy","chy-ba","ba",2,2,"lej-ba","lej",2,0,0,1,"chyba","lejba"
122,"first_blank","first_blank-chy","chy",2,67,"first_blank-kri","kri",67,0,0,1,"chytit","kritit"
840,"bu","bu-le","le",3,4,"unáh-le","unáh",4,0,2,1,"cibule","ciunáhle"
443,"first_blank","first_blank-či","či",1,59,"first_blank-nu","nu",59,0,0,1,"čich","nuch"
296,"re","re-ta","ta",4,3,"plach-ta","plach",2,1,3,1,"cigareta","cigaplachta"
780,"first_blank","first_blank-cir","cir",2,7,"first_blank-dán","dán",7,0,0,1,"cirkus","dánkus"
759,"sař","sař-last_blank","last_blank",2,5,"kum-last_blank","kum",5,0,0,1,"císař","cíkum"
879,"first_blank","first_blank-cit","cit",3,14,"first_blank-umož","umož",14,0,1,1,"citlivý","umožlivý"
402,"ci","ci-vi","vi",5,17,"pozdra-vi","pozdra",2,15,4,1,"civilizace","pozdravilizace"
165,"věk","věk-last_blank","last_blank",2,5,"gán-last_blank","gán",5,0,0,1,"člověk","člogán"
648,"first_blank","first_blank-čo","čo",4,23,"first_blank-straš","straš",23,0,3,1,"čokoláda","straškoláda"
679,"ťák","ťák-last_blank","last_blank",2,23,"žeš-last_blank","žeš",23,0,0,1,"čtvrťák","čtvržeš"
294,"čtvr","čtvr-tý","tý",2,2,"kris-tý","kris",2,0,0,2,"čtvrtý","kristý"
306,"first_blank","first_blank-čty","čty",2,12,"first_blank-sar","sar",12,0,0,1,"čtyři","sarři"
598,"first_blank","first_blank-cvi","cvi",3,18,"first_blank-shle","shle",18,0,1,1,"cvičení","shlečení"
832,"nic","nic-ký","ký",3,24,"slad-ký","slad",3,21,1,1,"cynický","cysladký"
13,"bel","bel-last_blank","last_blank",2,11,"lan-last_blank","lan",11,0,0,1,"ďábel","ďálan"
180,"le","le-ko","ko",3,8,"špič-ko","špič",8,0,2,1,"daleko","dašpičko"
253,"dál","dál-ni","ni",3,4,"chro-ni","chro",4,0,1,1,"dálnice","chronice"
948,"first_blank","first_blank-dal","dal",2,14,"first_blank-zbo","zbo",14,0,0,1,"další","zboší"
156,"dá","dá-ma","ma",2,3,"her-ma","her",3,0,1,1,"dáma","herma"
654,"da","da-r","r",1,1,"ar-r","ar",1,0,0,1,"dar","arr"
667,"rek","rek-last_blank","last_blank",2,40,"sil-last_blank","sil",40,0,0,1,"dárek","dásil"
192,"dá","dá-t","t",1,2,"rý-t","rý",2,0,0,1,"dát","rýt"
911,"fi","fi-ni","ni",4,7,"prázd-ni","prázd",7,0,3,1,"definice","deprázdnice"
163,"lat","lat-last_blank","last_blank",2,42,"zíš-last_blank","zíš",42,0,0,1,"dělat","dězíš"
272,"dél","dél-ka","ka",2,2,"stý-ka","stý",2,0,0,1,"délka","stýka"
722,"lo","lo-stře","stře",5,3,"lo-thbrok","thbrok",1,2,2,1,"dělostřelectvo","dělothbroklectvo"
513,"kra","kra-cie","cie",4,3,"pistá-cie","pistá",1,2,2,1,"demokracie","demopistácie"
829,"stra","stra-ce","ce",4,2,"hloub-ce","hloub",1,1,1,1,"demonstrace","demonhloubce"
283,"pre","pre-se","se",3,5,"thou-se","thou",1,4,1,1,"deprese","dethouse"
453,"se","se-ti","ti",5,14,"antark-ti","antark",4,10,4,1,"desetiletí","deantarktiletí"
3,"tek","tek-tiv","tiv",4,6,"gisla-tiv","gisla",1,5,2,1,"detektivní","degislativní"
562,"first_blank","first_blank-dět","dět",2,15,"first_blank-byd","byd",15,0,0,1,"dětství","bydství"
894,"di","di-ng","ng",1,1,"he-ng","he",1,0,0,1,"ding","heng"
512,"first_blank","first_blank-dis","dis",3,57,"first_blank-stří","stří",59,2,1,1,"diskuse","stříkuse"
366,"dí","dí-tě","tě",2,4,"liš-tě","liš",4,0,1,1,"dítě","liště"
615,"dlo","dlo-last_blank","last_blank",3,39,"chat-last_blank","chat",39,0,1,1,"divadlo","divachat"
646,"vi","vi-ze","ze",3,6,"vi-nách","nách",5,1,2,1,"divize","divinách"
30,"dív","dív-ky","ky",2,1,"lud-ky","lud",1,0,0,1,"dívky","ludky"
394,"first_blank","first_blank-dlou","dlou",2,30,"first_blank-zpra","zpra",30,0,0,2,"dlouho","zpraho"
798,"first_blank","first_blank-dn","dn",1,19,"first_blank-řa","řa",19,0,0,1,"dno","řao"
702,"ba","ba-last_blank","last_blank",2,124,"čit-last_blank","čit",124,0,1,1,"doba","dočit"
827,"vol","vol-ně","ně",4,6,"slech-ně","slech",4,2,2,1,"dobrovolně","dobroslechně"
300,"do","do-dáv","dáv",3,6,"do-vých","vých",6,0,1,1,"dodávka","dovýchka"
478,"ho","ho-da","da",3,12,"ovlá-da","ovlá",10,2,2,1,"dohoda","doovláda"
94,"kon","kon-čit","čit",3,3,"kon-venč","venč",2,1,1,1,"dokončit","dokonvenč"
334,"first_blank","first_blank-dok","dok",2,30,"first_blank-zku","zku",30,0,0,1,"doktor","zkutor"
474,"ku","ku-ment","ment",3,1,"ku-vzdá","vzdá",1,0,0,1,"dokument","dokuvzdá"
429,"do","do-lar","lar",2,1,"do-nit","nit",1,0,0,1,"dolar","donit"
457,"pis","pis-last_blank","last_blank",2,18,"nět-last_blank","nět",18,0,0,1,"dopis","donět"
820,"zet","zet-last_blank","last_blank",4,34,"stvím-last_blank","stvím",16,18,2,1,"doprovázet","doprovástvím"
570,"do","do-rt","rt",1,1,"ca-rt","ca",1,0,0,1,"dort","cart"
95,"teč","teč-ný","ný",4,18,"správ-ný","správ",5,13,2,1,"dostatečný","dostasprávný"
237,"zat se","zat se-last_blank","last_blank",3,1,"nathan-last_blank","nathan",1,0,0,1,"dotázat se","dotánathan"
90,"dou","dou-šek","šek",2,1,"hlá-šek","hlá",1,0,0,1,"doušek","hlášek"
275,"first_blank","first_blank-dout","dout",2,6,"first_blank-šrou","šrou",6,0,0,1,"doutník","šrouník"
46,"vo","vo-le","le",4,31,"zrych-le","zrych",4,27,3,1,"dovolená","dozrychlená"
531,"dr","dr-át","át",1,1,"dr-bá","bá",1,0,0,1,"drát","drbá"
228,"vec","vec-last_blank","last_blank",2,23,"dla-last_blank","dla",23,0,0,1,"dravec","dradla"
297,"ez","ez-last_blank","last_blank",1,10,"bs-last_blank","bs",10,0,0,1,"dřez","dřbs"
431,"first_blank","first_blank-dru","dru",3,42,"first_blank-star","star",42,0,1,1,"družice","staržice"
137,"žet","žet-last_blank","last_blank",2,41,"hou-last_blank","hou",41,0,0,1,"držet","drhou"
466,"du","du-ch","ch",1,2,"pý-ch","pý",2,0,0,1,"duch","pých"
799,"kaz","kaz-last_blank","last_blank",2,10,"peš-last_blank","peš",10,0,0,1,"důkaz","důpeš"
488,"ži","ži-té","té",4,11,"spros-té","spros",2,9,3,1,"důležité","důlesprosté"
169,"tost","tost-last_blank","last_blank",4,19,"padla-last_blank","padla",14,5,1,1,"důležitost","důležipadla"
558,"stoj","stoj-nost","nost",3,1,"ohav-nost","ohav",1,0,0,1,"důstojnost","důohavnost"
246,"vě","vě-ra","ra",3,7,"stau-ra","stau",4,3,2,1,"důvěra","důstaura"
396,"first_blank","first_blank-dve","dve",2,6,"first_blank-špí","špí",6,0,0,1,"dveře","špíře"
944,"na","na-mit","mit",3,1,"na-šels","šels",1,0,1,1,"dynamit","dynašels"
172,"first_blank","first_blank-dž","dž",1,7,"first_blank-ní","ní",7,0,0,1,"džus","níus"
310,"first_blank","first_blank-efek","efek",3,11,"first_blank-švéd","švéd",11,0,0,1,"efektivní","švédtivní"
986,"gant","gant-ní","ní",3,5,"vlád-ní","vlád",5,0,0,1,"elegantní","elevládní"
161,"tric","tric-ký","ký",3,2,"blíz-ký","blíz",2,0,0,1,"elektrický","elekblízký"
76,"first_blank","first_blank-elektři","elektři",2,5,"first_blank-sestřič","sestřič",6,1,0,2,"elektřina","sestřična"
434,"first_blank","first_blank-emo","emo",5,14,"first_blank-ochran","ochran",13,1,3,1,"emocionální","ochrancionální"
541,"gie","gie-last_blank","last_blank",2,47,"der-last_blank","der",47,0,0,1,"energie","enerder"
665,"de","de-mic","mic",4,7,"de-struk","struk",8,1,2,1,"epidemický","epidestrukký"
606,"first_blank","first_blank-epi","epi",3,19,"first_blank-trou","trou",19,0,1,1,"epizoda","trouzoda"
852,"first_blank","first_blank-erek","erek",2,3,"first_blank-bric","bric",3,0,0,1,"erekce","bricce"
826,"plo","plo-do","do",4,6,"labra-do","labra",1,5,2,1,"explodovat","exlabradovat"
359,"ziv","ziv-ní","ní",4,8,"střed-ní","střed",8,0,2,1,"explozivní","explostřední"
671,"ex","ex-ter","ter",3,1,"ex-chan","chan",1,0,1,1,"externí","exchanní"
415,"tas","tas-tic","tic",4,9,"šlech-tic","šlech",2,7,2,1,"fantastický","fanšlechtický"
479,"ta","ta-zie","zie",3,1,"ta-shou","shou",1,0,1,1,"fantazie","fantashou"
876,"fa","fa-tál","tál",3,1,"fa-lých","lých",1,0,1,1,"fatální","falýchní"
162,"fa","fa-x","x",1,1,"ri-x","ri",1,0,0,1,"fax","rix"
624,"de","de-ra","ra",4,18,"de-šlých","šlých",1,17,3,1,"federace","fedešlýchce"
37,"first_blank","first_blank-fes","fes",3,4,"first_blank-vtáh","vtáh",4,0,1,1,"festival","vtáhtival"
707,"lm","lm-last_blank","last_blank",1,6,"aj-last_blank","aj",6,0,0,1,"film","fiaj"
25,"nanč","nanč-ní","ní",3,5,"pout-ní","pout",5,0,0,1,"finanční","fipoutní"
913,"fi","fi-nan","nan",5,13,"fi-rewallu","rewallu",1,12,4,1,"financování","firewallucování"
990,"flo","flo-ti","ti",3,5,"spek-ti","spek",5,0,1,1,"flotila","spektila"
497,"first_blank","first_blank-fot","fot",2,30,"first_blank-ver","ver",30,0,0,1,"fotbal","verbal"
21,"to","to-graf","graf",3,1,"to-lest","lest",1,0,0,1,"fotograf","fotolest"
590,"fie","fie-last_blank","last_blank",4,16,"stvím-last_blank","stvím",16,0,2,1,"fotografie","fotograstvím"
325,"first_blank","first_blank-fran","fran",4,91,"first_blank-schop","schop",21,70,1,1,"francouzština","schopcouzština"
981,"first_blank","first_blank-frá","frá",2,4,"first_blank-míč","míč",4,0,0,1,"fráze","míčze"
980,"first_blank","first_blank-funkč","funkč",2,3,"first_blank-fulle","fulle",3,0,0,1,"funkční","fullení"
266,"zic","zic-ký","ký",3,2,"krát-ký","krát",2,0,1,1,"fyzický","fykrátký"
399,"xie","xie-last_blank","last_blank",3,6,"hlas-last_blank","hlas",6,0,1,1,"galaxie","galahlas"
748,"ráž","ráž-last_blank","last_blank",2,2,"bař-last_blank","bař",2,0,0,1,"garáž","gabař"
494,"ga","ga-y","y",1,4,"dl-y","dl",4,0,0,1,"gay","dly"
179,"bál","bál-ní","ní",3,5,"renč-ní","renč",5,0,1,1,"globální","glorenční"
813,"ri","ri-la","la",3,2,"chvá-la","chvá",2,0,2,1,"gorila","gochvála"
757,"gr","gr-am","am",1,1,"gr-áz","áz",1,0,0,1,"gram","gráz"
939,"ha","ha-d","d",1,1,"až-d","až",1,0,0,1,"had","ažd"
875,"ha","ha-di","di",3,4,"blou-di","blou",4,0,2,1,"hadice","bloudice"
440,"jit","jit-last_blank","last_blank",2,32,"len-last_blank","len",32,0,0,1,"hájit","hálen"
142,"ci","ci-na","na",5,5,"uzamče-na","uzamče",1,4,4,1,"halucinace","haluuzamčenace"
614,"first_blank","first_blank-ham","ham",3,10,"first_blank-vzta","vzta",10,0,1,1,"hamburger","vztaburger"
817,"mo","mo-nie","nie",3,3,"mo-vých","vých",4,1,1,1,"harmonie","harmových"
12,"kop","kop-té","té",5,5,"támhle-té","támhle",1,4,3,1,"helikoptéra","helitámhletéra"
20,"rec","rec-last_blank","last_blank",2,7,"tva-last_blank","tva",7,0,0,1,"herec","hetva"
351,"ro","ro-in","in",3,1,"ro-bust","bust",1,0,2,1,"heroin","herobust"
515,"first_blank","first_blank-hes","hes",2,6,"first_blank-gui","gui",6,0,0,1,"heslo","guilo"
4,"hi","hi-v","v",1,1,"ká-v","ká",1,0,0,1,"hiv","káv"
463,"hla","hla-do","do",3,24,"stře-do","stře",29,5,1,1,"hladový","středový"
783,"hla","hla-so","so",4,16,"morri-so","morri",5,11,2,1,"hlasování","morrisování"
848,"first_blank","first_blank-hlav","hlav",2,9,"first_blank-vlít","vlít",9,0,0,1,"hlavní","vlítní"
903,"first_blank","first_blank-hlav","hlav",4,9,"first_blank-vznik","vznik",9,0,1,1,"hlavní sídlo","vznikní sídlo"
901,"first_blank","first_blank-hlíd","hlíd",2,12,"first_blank-plav","plav",12,0,0,1,"hlídka","plavka"
743,"po","po-st","st",1,9,"po-té","té",9,0,0,1,"hloupost","hloupoté"
177,"pý","pý-last_blank","last_blank",1,5,"yo-last_blank","yo",5,0,0,1,"hloupý","hlouyo"
477,"chý","chý-last_blank","last_blank",2,7,"sed-last_blank","sed",7,0,0,1,"hluchý","hlused"
710,"yz","yz-last_blank","last_blank",1,3,"sp-last_blank","sp",3,0,0,1,"hmyz","hmsp"
155,"din","din-ky","ky",3,6,"hlíd-ky","hlíd",4,2,1,1,"hodinky","hohlídky"
191,"hod","hod-no","no",4,23,"warre-no","warre",3,20,2,1,"hodnocení","warrenocení"
862,"first_blank","first_blank-hod","hod",2,59,"first_blank-wil","wil",59,0,0,1,"hodný","wilný"
113,"ho","ho-nit","nit",2,3,"ho-pře","pře",3,0,0,1,"honit","hopře"
424,"ho","ho-ra","ra",2,5,"neu-ra","neu",5,0,1,1,"hora","neura"
838,"reč","reč-ka","ka",3,2,"nist-ka","nist",2,0,1,1,"horečka","honistka"
691,"first_blank","first_blank-hor","hor",2,64,"first_blank-sva","sva",64,0,0,1,"horní","svaní"
982,"tin","tin-ský","ský",3,3,"škol-ský","škol",3,0,1,1,"hostinský","hosškolský"
436,"hr","hr-a","a",1,1,"iy-a","iy",1,0,0,1,"hra","iya"
756,"běn","běn-ka","ka",3,1,"smyč-ka","smyč",1,0,1,1,"hraběnka","hrasmyčka"
51,"áč","áč-last_blank","last_blank",1,5,"fů-last_blank","fů",5,0,0,1,"hráč","hrfů"
652,"first_blank","first_blank-hrač","hrač",2,8,"first_blank-clau","clau",8,0,0,1,"hračka","clauka"
518,"ad","ad-last_blank","last_blank",1,35,"et-last_blank","et",34,1,0,1,"hrad","hret"
556,"tov","tov-last_blank","last_blank",2,2,"san-last_blank","san",2,0,0,1,"hřbitov","hřbisan"
151,"hr","hr-om","om",1,1,"hr-áb","áb",1,0,0,1,"hrom","hráb"
370,"first_blank","first_blank-hroz","hroz",2,27,"first_blank-bláz","bláz",27,0,0,1,"hrozný","blázný"
685,"uď","uď-last_blank","last_blank",1,1,"tj-last_blank","tj",1,0,0,1,"hruď","hrtj"
499,"first_blank","first_blank-hud","hud",2,10,"first_blank-roc","roc",10,0,0,1,"hudba","rocba"
490,"deb","deb-ník","ník",3,1,"sluš-ník","sluš",1,0,1,1,"hudebník","huslušník"
949,"mr","mr-last_blank","last_blank",1,2,"sd-last_blank","sd",2,0,0,1,"humr","husd"
39,"first_blank","first_blank-hv","hv",1,10,"first_blank-gl","gl",10,0,0,1,"hvězda","glězda"
416,"first_blank","first_blank-idi","idi",2,12,"first_blank-tuč","tuč",12,0,0,1,"idiot","tučot"
221,"ko","ko-vat","vat",4,65,"ko-losál","losál",1,64,2,1,"indikovat","indikolosál"
211,"vi","vi-du","du",6,11,"portlan-du","portlan",1,10,5,1,"individuální","indiportlanduální"
450,"fek","fek-ce","ce",3,2,"tran-ce","tran",2,0,1,1,"infekce","intrance"
687,"for","for-ma","ma",4,26,"deska-ma","deska",1,25,2,1,"informace","indeskamace"
278,"for","for-má","má",4,10,"aranž-má","aranž",1,9,2,1,"informátor","inaranžmátor"
245,"for","for-mo","mo",4,15,"quasi-mo","quasi",1,14,2,1,"informovat","inquasimovat"
579,"jek","jek-ce","ce",3,2,"stra-ce","stra",2,0,1,1,"injekce","instrace"
957,"spek","spek-ce","ce",3,1,"hrač-ce","hrač",1,0,0,1,"inspekce","inhračce"
719,"spi","spi-ra","ra",4,7,"arthu-ra","arthu",1,6,2,1,"inspirace","inarthurace"
763,"lek","lek-tu","tu",6,9,"frastruk-tu","frastruk",3,6,5,1,"intelektuální","intefrastruktuální"
594,"gent","gent-ní","ní",5,4,"strukč-ní","strukč",4,0,2,1,"inteligentní","intelistrukční"
995,"tim","tim-ní","ní",3,5,"renč-ní","renč",5,0,1,1,"intimní","inrenční"
925,"in","in-tu","tu",4,6,"struk-tu","struk",6,0,3,1,"intuice","struktuice"
24,"ves","ves-tor","tor",3,1,"proc-tor","proc",1,0,1,1,"investor","inproctor"
108,"ves","ves-to","to",4,12,"shing-to","shing",6,6,2,1,"investovat","inshingtovat"
672,"first_blank","first_blank-iro","iro",3,8,"first_blank-vsta","vsta",8,0,1,1,"ironický","vstanický"
895,"der","der-ný","ný",3,2,"hnus-ný","hnus",2,0,1,1,"jaderný","jahnusný"
23,"ho","ho-da","da",3,12,"ovlá-da","ovlá",10,2,2,1,"jahoda","jaovláda"
773,"first_blank","first_blank-jas","jas",2,23,"first_blank-uvá","uvá",23,0,0,1,"jasný","uváný"
712,"first_blank","first_blank-ját","ját",2,3,"first_blank-oše","oše",3,0,0,1,"játra","ošera"
637,"chý","chý-last_blank","last_blank",4,7,"střel-last_blank","střel",7,0,2,1,"jednoduchý","jednodustřel"
697,"not","not-ný","ný",3,3,"hled-ný","hled",3,0,1,1,"jednotný","jedhledný"
771,"first_blank","first_blank-jem","jem",2,16,"first_blank-oto","oto",16,0,0,1,"jemný","otoný"
9,"ořád","ořád-last_blank","last_blank",3,1,"mral-last_blank","mral",1,0,0,1,"ještě pořád","ještě pmral"
833,"first_blank","first_blank-ješ","ješ",3,10,"first_blank-chvá","chvá",10,0,1,1,"ještěrka","chvátěrka"
472,"je","je-ze","ze",3,10,"chla-ze","chla",8,2,2,1,"jezero","chlazero"
797,"first_blank","first_blank-jíd","jíd",2,6,"first_blank-gui","gui",6,0,0,1,"jídlo","guilo"
733,"jí","jí-st","st",1,2,"lé-st","lé",2,0,0,1,"jíst","lést"
96,"jí","jí-t","t",1,2,"ir-t","ir",2,0,0,1,"jít","irt"
761,"jíz","jíz-da","da",2,1,"rol-da","rol",1,0,0,1,"jízda","rolda"
567,"ji","ji-zv","zv",1,5,"ji-ný","ný",5,0,0,1,"jizva","jinýa"
794,"li","li-et","et",3,2,"li-chvá","chvá",2,0,2,1,"juliet","julichvá"
823,"or","or-ský","ský",4,2,"or-pheus","pheus",1,1,2,1,"juniorský","juniorpheus"
890,"first_blank","first_blank-kach","kach",2,6,"first_blank-uchá","uchá",6,0,0,1,"kachna","uchána"
597,"ká","ká-men","men",2,1,"ká-žíš","žíš",1,0,0,1,"kámen","kážíš"
877,"kam","kam-na","na",2,1,"non-na","non",1,0,0,1,"kamna","nonna"
864,"lář","lář-last_blank","last_blank",3,5,"nald-last_blank","nald",5,0,1,1,"kancelář","kancenald"
201,"pe","pe-la","la",3,2,"pe-tent","tent",2,0,2,1,"kapela","kapetent"
49,"pes","pes-ník","ník",3,1,"žluč-ník","žluč",1,0,1,1,"kapesník","kažlučník"
992,"mus","mus-last_blank","last_blank",5,41,"tečnej-last_blank","tečnej",5,36,3,1,"kapitalismus","kapitalistečnej"
344,"tán","tán-last_blank","last_blank",3,11,"psat-last_blank","psat",11,0,1,1,"kapitán","kapipsat"
764,"kap","kap-le","le",2,1,"che-le","che",1,0,0,1,"kaple","chele"
498,"nál","nál-last_blank","last_blank",3,10,"rant-last_blank","rant",10,0,1,1,"kardinál","kardirant"
674,"kar","kar-tel","tel",2,1,"kar-ním","ním",1,0,0,1,"kartel","karním"
476,"first_blank","first_blank-ká","ká",2,61,"first_blank-ban","ban",60,1,1,1,"káva","banva"
865,"zá","zá-ní","ní",3,14,"hrad-ní","hrad",14,0,2,1,"kázání","káhradní"
215,"first_blank","first_blank-kem","kem",4,4,"first_blank-zproš","zproš",4,0,2,1,"kempování","zprošpování"
281,"kla","kla-di","di",3,5,"uško-di","uško",3,2,1,1,"kladivo","uškodivo"
616,"sic","sic-ký","ký",3,1,"ďouč-ký","ďouč",1,0,1,1,"klasický","klaďoučký"
521,"first_blank","first_blank-kláš","kláš",2,6,"first_blank-krys","krys",6,0,0,1,"klášter","kryster"
569,"not","not-last_blank","last_blank",2,5,"hák-last_blank","hák",5,0,0,1,"klenot","klehák"
210,"first_blank","first_blank-kli","kli",3,51,"first_blank-scho","scho",44,7,1,1,"klienta","schoenta"
340,"kli","kli-ni","ni",3,5,"uvol-ni","uvol",5,0,1,1,"klinika","uvolnika"
456,"ěz","ěz-last_blank","last_blank",1,2,"éd-last_blank","éd",2,0,0,1,"kněz","knéd"
635,"rec","rec-last_blank","last_blank",3,7,"nést-last_blank","nést",7,0,1,1,"koberec","kobenést"
329,"ko","ko-čk","čk",1,2,"ko-zí","zí",2,0,0,1,"kočka","kozía"
762,"laps","laps-last_blank","last_blank",2,1,"nagi-last_blank","nagi",1,0,0,1,"kolaps","konagi"
254,"ko","ko-lem","lem",2,2,"ko-sat","sat",2,0,0,1,"kolem","kosat"
608,"ko","ko-le","le",3,52,"stře-le","stře",24,28,2,1,"koleno","střeleno"
426,"me","me-die","die",3,1,"me-ranč","ranč",1,0,1,1,"komedie","komeranč"
617,"sař","sař-last_blank","last_blank",3,5,"vřou-last_blank","vřou",5,0,1,1,"komisař","komivřou"
688,"plet","plet-ní","ní",3,3,"osad-ní","osad",3,0,0,1,"kompletní","komosadní"
238,"ko","ko-mu","mu",5,48,"mingha-mu","mingha",1,47,4,1,"komunistický","minghamunistický"
257,"ňak","ňak-last_blank","last_blank",2,1,"ild-last_blank","ild",1,0,0,1,"koňak","koild"
603,"cert","cert-last_blank","last_blank",2,1,"stro-last_blank","stro",1,0,0,1,"koncert","konstro"
203,"ro","ro-vat","vat",4,50,"ro-dokme","dokme",1,49,2,1,"kopírovat","kopírodokme"
438,"first_blank","first_blank-kor","kor",4,28,"first_blank-trans","trans",26,2,2,1,"korporace","transporace"
602,"pel","pel-na","na",3,1,"uzná-na","uzná",1,0,1,1,"koupelna","kouuznána"
160,"zel","zel-ník","ník",3,1,"bouč-ník","bouč",1,0,1,1,"kouzelník","kouboučník"
350,"ko","ko-v","v",1,1,"fů-v","fů",1,0,0,1,"kov","fův"
849,"first_blank","first_blank-kov","kov",2,8,"first_blank-ucí","ucí",8,0,0,1,"kovboj","ucíboj"
330,"ál","ál-last_blank","last_blank",1,27,"ot-last_blank","ot",27,0,0,1,"král","krot"
621,"krá","krá-li","li",3,3,"hlíd-li","hlíd",3,0,1,1,"králičí","hlídličí"
255,"ství","ství-last_blank","last_blank",3,100,"vých-last_blank","vých",104,4,0,1,"království","královvých"
740,"krá","krá-sa","sa",2,1,"při-sa","při",1,0,0,1,"krása","přisa"
227,"first_blank","first_blank-krás","krás",2,25,"first_blank-strá","strá",25,0,0,1,"krásná","stráná"
931,"kra","kra-va","va",3,5,"usmí-va","usmí",4,1,1,1,"kravata","usmívata"
206,"first_blank","first_blank-kres","kres",2,14,"first_blank-klid","klid",14,0,0,1,"kreslit","klidlit"
38,"ťan","ťan-last_blank","last_blank",2,5,"šlu-last_blank","šlu",5,0,0,1,"křesťan","křesšlu"
462,"first_blank","first_blank-kri","kri",2,67,"first_blank-tan","tan",67,0,0,1,"krize","tanze"
604,"kr","kr-k","k",1,1,"ri-k","ri",1,0,0,1,"krk","rik"
641,"kro","kro-can","can",2,1,"kro-číš","číš",1,0,0,1,"krocan","kročíš"
99,"first_blank","first_blank-kru","kru",2,31,"first_blank-šam","šam",31,0,0,1,"krutost","šamtost"
668,"first_blank","first_blank-kru","kru",2,31,"first_blank-ome","ome",31,0,0,1,"krutý","ometý"
491,"first_blank","first_blank-kry","kry",2,36,"first_blank-mys","mys",36,0,0,1,"krysa","myssa"
32,"fr","fr-last_blank","last_blank",1,2,"jě-last_blank","jě",2,0,0,1,"kufr","kujě"
35,"kul","kul-ka","ka",2,4,"man-ka","man",4,0,0,1,"kulka","manka"
711,"first_blank","first_blank-ků","ků",1,14,"first_blank-ah","ah",14,0,0,1,"kůň","ahň"
758,"pu","pu-jí","jí",4,21,"pu-gsley","gsley",2,19,3,1,"kupující","kupugsleycí"
892,"ku","ku-s","s",1,1,"ue-s","ue",1,0,0,1,"kus","ues"
936,"first_blank","first_blank-kva","kva",3,26,"first_blank-iden","iden",26,0,1,1,"kvalitní","idenlitní"
645,"first_blank","first_blank-kv","kv",1,10,"first_blank-fó","fó",10,0,0,1,"květ","fóět"
5,"first_blank","first_blank-kys","kys",2,6,"first_blank-týp","týp",6,0,0,1,"kyslík","týplík"
451,"ky","ky-ta","ta",3,7,"spar-ta","spar",6,1,2,1,"kytara","spartara"
444,"hev","hev-last_blank","last_blank",2,2,"xid-last_blank","xid",2,0,0,1,"láhev","láxid"
785,"la","la-hod","hod",3,5,"la-wren","wren",3,2,1,1,"lahodné","lawrenné"
650,"la","la-no","no",2,9,"la-tel","tel",7,2,1,1,"lano","latel"
449,"leb","leb-ka","ka",2,1,"mén-ka","mén",1,0,0,1,"lebka","ménka"
489,"first_blank","first_blank-léč","léč",2,7,"first_blank-hej","hej",7,0,0,1,"léčba","hejba"
352,"gen","gen-da","da",3,2,"okrá-da","okrá",2,0,1,1,"legenda","leokráda"
318,"first_blank","first_blank-legrač","legrač",2,5,"first_blank-úchvat","úchvat",5,0,0,3,"legrační","úchvatní"
6,"lé","lé-k","k",1,1,"er-k","er",1,0,0,1,"lék","erk"
694,"le","le-s","s",1,5,"nd-s","nd",4,1,0,1,"les","nds"
568,"le","le-t","t",1,3,"tí-t","tí",3,0,0,1,"let","tít"
149,"tat","tat-last_blank","last_blank",2,54,"dej-last_blank","dej",54,0,0,1,"létat","lédej"
720,"le","le-tiš","tiš",3,4,"le-nost","nost",4,0,1,1,"letiště","lenosttě"
88,"le","le-v","v",1,1,"fů-v","fů",1,0,0,1,"lev","fův"
559,"first_blank","first_blank-lev","lev",2,13,"first_blank-mis","mis",13,0,0,1,"levný","misný"
507,"ář","ář-last_blank","last_blank",1,5,"ír-last_blank","ír",5,0,0,1,"lhář","lhír"
932,"be","be-rál","rál",4,2,"be-aumon","aumon",2,0,2,1,"liberální","libeaumonní"
224,"li","li-dé","dé",2,2,"li-bur","bur",2,0,1,1,"lidé","libur"
289,"zí","zí-na","na",4,1,"potka-na","potka",1,0,3,1,"limuzína","limupotkana"
174,"ng","ng-last_blank","last_blank",1,78,"še-last_blank","še",78,0,0,1,"ling","liše"
522,"li","li-s","s",1,1,"xa-s","xa",1,0,0,1,"lis","xas"
638,"ra","ra-tu","tu",5,10,"chomou-tu","chomou",1,9,4,1,"literatura","litechomoutura"
907,"lí","lí-zat","zat",2,2,"lí-bán","bán",2,0,0,1,"lízat","líbán"
285,"lo","lo-ď","ď",1,1,"ij-ď","ij",1,0,0,1,"loď","ijď"
574,"pež","pež-last_blank","last_blank",2,2,"gům-last_blank","gům",2,0,0,1,"loupež","lougům"
584,"first_blank","first_blank-lož","lož",3,7,"first_blank-rent","rent",7,0,1,1,"ložnice","rentnice"
232,"ji","ji-tel","tel",3,5,"ji-ných","ných",1,4,1,1,"majitel","majiných"
943,"joné","joné-za","za",3,1,"vzká-za","vzká",1,0,0,1,"majonéza","mavzkáza"
425,"líř","líř-last_blank","last_blank",2,5,"kdo-last_blank","kdo",5,0,0,1,"malíř","makdo"
153,"ma","ma-lý","lý",2,6,"ma-ceu","ceu",6,0,1,1,"malý","maceu"
77,"min","min-ka","ka",3,3,"prás-ka","prás",3,0,1,1,"maminka","mapráska"
66,"lo","lo-vat","vat",5,69,"lo-thbrok","thbrok",1,68,3,1,"manipulovat","manipulothbrok"
437,"žel","žel-ka","ka",3,3,"stáv-ka","stáv",3,0,1,1,"manželka","manstávka"
343,"ství","ství-last_blank","last_blank",3,100,"kých-last_blank","kých",96,4,0,1,"manželství","manželkých"
790,"ma","ma-pa","pa",2,1,"ma-nou","nou",1,0,1,1,"mapa","manou"
927,"ke","ke-ting","ting",3,1,"ke-isha","isha",1,0,0,1,"marketing","markeisha"
721,"sáž","sáž-last_blank","last_blank",2,3,"pon-last_blank","pon",3,0,0,1,"masáž","mapon"
138,"first_blank","first_blank-más","más",2,4,"first_blank-jai","jai",4,0,0,1,"máslo","jailo"
888,"so","so-last_blank","last_blank",2,46,"pat-last_blank","pat",46,0,1,1,"maso","mapat"
214,"te","te-ma","ma",5,19,"te-leskop","leskop",1,18,4,1,"matematika","mateleskoptika"
385,"mum","mum-last_blank","last_blank",3,3,"tkne-last_blank","tkne",3,0,1,1,"maximum","maxitkne"
788,"cha","cha-nic","nic",4,7,"střed-nic","střed",1,6,2,1,"mechanický","mestřednický"
784,"dai","dai-le","le",3,1,"pukr-le","pukr",1,0,1,1,"medaile","mepukrle"
18,"lon","lon-last_blank","last_blank",3,15,"čích-last_blank","čích",15,0,1,1,"medailon","medaičích"
651,"first_blank","first_blank-měs","měs",2,11,"first_blank-rey","rey",11,0,0,1,"město","reyto"
406,"tr","tr-last_blank","last_blank",2,31,"cům-last_blank","cům",31,0,1,1,"metr","mecům"
595,"ro","ro-fon","fon",4,1,"ro-berts","berts",1,0,2,1,"mikrofon","mikroberts"
930,"skop","skop-last_blank","last_blank",4,4,"thing-last_blank","thing",4,0,1,1,"mikroskop","mikrothing"
774,"le","le-nec","nec",3,2,"le-xing","xing",2,0,1,1,"milenec","milexing"
173,"ar","ar-da","da",4,4,"sekun-da","sekun",2,2,3,1,"miliarda","milisekunda"
355,"lo","lo-vat","vat",3,69,"lo-stře","stře",3,66,1,1,"milovat","milostře"
307,"zemšťan","zemšťan-last_blank","last_blank",3,2,"mejšlet-last_blank","mejšlet",2,0,0,2,"mimozemšťan","mimomejšlet"
93,"ter","ter-stvo","stvo",4,1,"ter-field","field",1,0,1,1,"ministerstvo","ministerfield"
11,"nis","nis-tr","tr",3,1,"zpře-tr","zpře",1,0,1,1,"ministr","mizpřetr"
506,"nu","nu-lý","lý",3,5,"skvě-lý","skvě",3,2,2,1,"minulý","miskvělý"
220,"nus","nus-last_blank","last_blank",2,13,"cii-last_blank","cii",13,0,0,1,"mínus","mícii"
263,"nu","nu-ta","ta",3,14,"chys-ta","chys",14,0,2,1,"minuta","michysta"
611,"mi","mi-se","se",2,4,"mi-min","min",4,0,1,1,"mise","mimin"
963,"first_blank","first_blank-míst","míst",2,11,"first_blank-ocit","ocit",11,0,0,1,"místní","ocitní"
58,"ství","ství-last_blank","last_blank",4,100,"padlo-last_blank","padlo",14,86,1,1,"mistrovství","mistrovpadlo"
194,"first_blank","first_blank-mla","mla",2,32,"first_blank-far","far",32,0,0,1,"mladá","fardá"
50,"first_blank","first_blank-ml","ml",2,36,"first_blank-uži","uži",36,0,1,1,"mlha","užiha"
435,"first_blank","first_blank-mlu","mlu",2,24,"first_blank-fre","fre",24,0,0,1,"mluvit","frevit"
885,"first_blank","first_blank-množ","množ",2,3,"first_blank-ujíž","ujíž",3,0,0,1,"množství","ujížství"
542,"mo","mo-č","č",1,1,"vy-č","vy",1,0,0,1,"moč","vyč"
33,"first_blank","first_blank-mod","mod",2,49,"first_blank-ple","ple",49,0,0,1,"modrý","plerý"
375,"first_blank","first_blank-mok","mok",2,2,"first_blank-cdč","cdč",2,0,0,1,"mokrý","cdčrý"
262,"ni","ni-tor","tor",3,1,"ni-fest","fest",1,0,1,1,"monitor","monifest"
725,"mor","mor-fi","fi",3,2,"graf-fi","graf",1,1,1,1,"morfium","graffium"
341,"mo","mo-tel","tel",2,1,"mo-vým","vým",1,0,0,1,"motel","movým"
288,"tor","tor-last_blank","last_blank",2,97,"vej-last_blank","vej",97,0,0,1,"motor","movej"
923,"mou","mou-ka","ka",2,1,"žič-ka","žič",1,0,0,1,"mouka","žička"
586,"first_blank","first_blank-mož","mož",2,21,"first_blank-uka","uka",21,0,0,1,"možnost","ukanost"
28,"first_blank","first_blank-mra","mra",3,40,"first_blank-vzpo","vzpo",40,0,1,1,"mravenec","vzpovenec"
678,"first_blank","first_blank-mrt","mrt",3,32,"first_blank-dvoj","dvoj",32,0,1,1,"mrtvola","dvojvola"
589,"first_blank","first_blank-mrt","mrt",2,32,"first_blank-ken","ken",32,0,0,1,"mrtvý","kenvý"
752,"mu","mu-če","če",3,4,"dvoj-če","dvoj",4,0,2,1,"mučení","dvojčení"
926,"mu","mu-ta","ta",3,4,"krys-ta","krys",4,0,2,1,"mutace","krystace"
150,"ze","ze-um","um",3,1,"ze-rval","rval",1,0,2,1,"muzeum","muzerval"
63," si"," si-last_blank","last_blank",3,1,"sníš-last_blank","sníš",1,0,1,1,"myslet si","mysletsníš"
841,"mý","mý-val","val",2,1,"mý-tit","tit",1,0,0,1,"mýval","mýtit"
213,"ství","ství-last_blank","last_blank",4,100,"padla-last_blank","padla",14,86,1,1,"náboženství","náboženpadla"
87,"ho","ho-ru","ru",3,2,"ho-kage","kage",2,0,2,1,"nahoru","nahokage"
244,"hrad","hrad-ní","ní",3,14,"nost-ní","nost",13,1,0,1,"náhradní","nánostní"
397,"del","del-ník","ník",4,3,"vštěv-ník","vštěv",1,2,2,1,"náhrdelník","náhrvštěvník"
844,"hý","hý-last_blank","last_blank",2,12,"vět-last_blank","vět",12,0,1,1,"nahý","navět"
869,"klad","klad-last_blank","last_blank",2,15,"ling-last_blank","ling",15,0,0,2,"náklad","náling"
860,"ko","ko-nec","nec",3,4,"ko-hout","hout",4,0,1,1,"nakonec","nakohout"
442,"lézt","lézt-last_blank","last_blank",2,6,"most-last_blank","most",6,0,0,1,"nalézt","namost"
845,"moř","moř-nic","nic",4,7,"vlast-nic","vlast",2,5,2,1,"námořnický","návlastnický"
622,"moř","moř-ník","ník",3,1,"moř-skou","skou",1,0,1,1,"námořník","námořskou"
328,"na","na-psat","psat",2,1,"na-tost","tost",1,0,0,1,"napsat","natost"
587,"rod","rod-last_blank","last_blank",2,3,"dum-last_blank","dum",3,0,0,1,"národ","nádum"
663,"first_blank","first_blank-na","na",5,1978,"hallowee-na","hallowee",1,1977,3,6,"narozeniny","halloweenarozeniny"
781,"stroj","stroj-last_blank","last_blank",2,4,"střed-last_blank","střed",4,0,0,1,"nástroj","nástřed"
557,"first_blank","first_blank-návna","návna",2,3,"first_blank-nelha","nelha",3,0,0,1,"návnada","nelhada"
912,"nout","nout-last_blank","last_blank",3,357,"cích-last_blank","cích",170,187,0,1,"navrhnout","navrhcích"
98,"vždy","vždy-last_blank","last_blank",2,2,"sáda-last_blank","sáda",2,0,0,1,"navždy","nasáda"
273,"beský","beský-last_blank","last_blank",2,1,"zetku-last_blank","zetku",1,0,0,1,"nebeský","nezetku"
342,"ne","ne-bez","bez",4,24,"ne-šťast","šťast",13,11,2,1,"nebezpečí","nešťastpečí"
252,"peč","peč-ný","ný",4,4,"stran-ný","stran",4,0,2,1,"nebezpečný","nebezstranný"
765,"ka","ka-ně","ně",4,3,"zbláz-ně","zbláz",3,0,3,1,"nečekaně","nečezblázně"
7,"ne","ne-chat","chat",2,6,"ne-mrav","mrav",6,0,0,1,"nechat","nemrav"
371,"chut","chut-ný","ný",3,2,"vtip-ný","vtip",2,0,0,1,"nechutný","nevtipný"
188,"ně","ně-co","co",2,4,"ně-nej","nej",4,0,1,1,"něco","něnej"
148,"dáv","dáv-no","no",3,2,"alle-no","alle",2,0,1,1,"nedávno","nealleno"
259,"ne","ne-dě","dě",3,28,"ne-před","před",31,3,2,1,"neděle","nepředle"
323,"tiv","tiv-ní","ní",4,71,"vlast-ní","vlast",18,53,2,1,"negativní","negavlastní"
519,"ne","ne-ho","ho",3,30,"ne-před","před",31,1,2,1,"nehoda","nepředda"
92,"kde","kde-last_blank","last_blank",2,3,"ors-last_blank","ors",3,0,0,1,"někde","něors"
810,"moc","moc-ný","ný",3,9,"stup-ný","stup",7,2,1,1,"nemocný","nestupný"
302,"vi","vi-tý","tý",4,3,"chřes-tý","chřes",2,1,3,1,"nemovitý","nemochřestý"
104,"ne","ne-prav","prav",4,6,"ne-zvěst","zvěst",7,1,1,1,"nepravdivé","nezvěstdivé"
309,"jem","jem-ný","ný",4,7,"správ-ný","správ",5,2,2,1,"nepříjemný","nepřísprávný"
804,"first_blank","first_blank-ner","ner",3,21,"first_blank-vraž","vraž",21,0,1,1,"nervový","vražvový"
969,"schop","schop-ný","ný",3,2,"stráž-ný","stráž",2,0,0,1,"neschopný","nestrážný"
145,"ne","ne-spra","spra",5,11,"ne-omdlel","omdlel",1,10,2,1,"nespravedlivý","neomdlelvedlivý"
954,"ne","ne-štěs","štěs",3,2,"ne-pleť","pleť",2,0,0,1,"neštěstí","nepleťtí"
10,"stá","stá-le","le",4,2,"okouz-le","okouz",2,0,2,1,"neustále","neuokouzle"
919,"věs","věs-ta","ta",3,1,"agen-ta","agen",1,0,1,1,"nevěsta","neagenta"
935,"vol","vol-nost","nost",3,2,"vol-bách","bách",1,1,0,1,"nevolnost","nevolbách"
14,"ne","ne-zná","zná",3,17,"ne-chut","chut",16,1,1,1,"neznámý","nechutmý"
983,"věd","věd-ný","ný",5,3,"tresta-ný","tresta",2,1,3,1,"nezodpovědný","nezodpotrestaný"
129,"first_blank","first_blank-nor","nor",3,41,"first_blank-vzpo","vzpo",40,1,1,1,"normální","vzpomální"
545,"no","no-s","s",1,1,"ld-s","ld",1,0,0,1,"nos","lds"
661,"first_blank","first_blank-nou","nou",3,11,"first_blank-vzdě","vzdě",11,0,1,1,"nouzový","vzdězový"
427,"nář","nář-last_blank","last_blank",3,19,"tost-last_blank","tost",19,0,1,1,"novinář","novitost"
487,"vi","vi-ny","ny",3,26,"john-ny","john",3,23,2,1,"noviny","nojohnny"
360,"first_blank","first_blank-nů","nů",1,2,"first_blank-pú","pú",2,0,0,1,"nůž","púž"
204,"first_blank","first_blank-o","o",1,1,"first_blank-gö","gö",1,0,1,1,"o","gö"
767,"chod","chod-last_blank","last_blank",2,14,"land-last_blank","land",14,0,0,1,"obchod","obland"
57,"chod","chod-ník","ník",3,2,"zkum-ník","zkum",2,0,0,1,"obchodník","obzkumník"
956,"ěd","ěd-last_blank","last_blank",1,3,"sp-last_blank","sp",3,0,0,1,"oběd","obsp"
465,"first_blank","first_blank-obe","obe",2,42,"first_blank-sli","sli",42,0,0,1,"obejmout","slijmout"
218,"first_blank","first_blank-obí","obí",2,6,"first_blank-lod","lod",6,0,0,1,"obíhat","lodhat"
56,"nat","nat-last_blank","last_blank",3,43,"lých-last_blank","lých",42,1,1,1,"objednat","objedlých"
905,"no","no-vit","vit",3,3,"no-cích","cích",3,0,1,1,"obnovit","obnocích"
433,"řad","řad-last_blank","last_blank",2,2,"ruš-last_blank","ruš",2,0,0,1,"obřad","obruš"
583,"rov","rov-ský","ský",3,3,"rov-nost","nost",2,1,1,1,"obrovský","obrovnost"
65,"sah","sah-last_blank","last_blank",2,4,"ous-last_blank","ous",4,0,0,1,"obsah","obous"
59,"vi","vi-ně","ně",4,21,"prázd-ně","prázd",9,12,3,1,"obvinění","obprázdnění"
853,"ob","ob-vod","vod",2,2,"ob-říz","říz",2,0,0,1,"obvod","obříz"
187,"vykle","vykle-last_blank","last_blank",2,2,"telle-last_blank","telle",2,0,0,1,"obvykle","obtelle"
202,"vyk","vyk-lý","lý",3,3,"skvě-lý","skvě",3,0,1,1,"obvyklý","obskvělý"
398,"first_blank","first_blank-oce","oce",2,39,"first_blank-lan","lan",39,0,0,1,"oceán","lanán"
312,"first_blank","first_blank-oče","oče",3,19,"first_blank-trou","trou",19,0,1,1,"očekávat","troukávat"
575,"first_blank","first_blank-oc","oc",1,14,"first_blank-ků","ků",14,0,0,1,"ocel","kůel"
48,"vid","vid-ně","ně",3,1,"umož-ně","umož",1,0,1,1,"očividně","očiumožně"
528,"chod","chod-last_blank","last_blank",2,14,"land-last_blank","land",14,0,0,1,"odchod","odland"
107,"da","da-nost","nost",3,1,"da-tech","tech",1,0,0,1,"oddanost","oddatech"
808,"hod","hod-lá","lá",4,9,"vztek-lá","vztek",1,8,2,1,"odhodlání","odvzteklání"
269,"liš","liš-ný","ný",3,2,"věst-ný","věst",2,0,1,1,"odlišný","odvěstný"
709,"mě","mě-na","na",3,6,"bren-na","bren",5,1,2,1,"odměna","odbrenna"
974,"ody","ody-last_blank","last_blank",5,1,"gustus-last_blank","gustus",1,0,3,1,"odnětí svobody","odnětí svobgustus"
825,"first_blank","first_blank-odo","odo",2,6,"first_blank-slý","slý",6,0,0,1,"odolat","slýlat"
908,"pad","pad-ky","ky",3,2,"cház-ky","cház",2,0,1,1,"odpadky","odcházky"
504,"věď","věď-last_blank","last_blank",3,4,"fort-last_blank","fort",4,0,1,1,"odpověď","odpofort"
816,"vec","vec-last_blank","last_blank",3,23,"jdou-last_blank","jdou",23,0,1,1,"odstavec","odstajdou"
878,"stra","stra-nit","nit",3,2,"bláz-nit","bláz",2,0,0,1,"odstranit","odbláznit"
742,"stře","stře-lo","lo",4,6,"bouch-lo","bouch",2,4,1,1,"odstřelovač","odbouchlovač"
428,"first_blank","first_blank-ofi","ofi",4,7,"first_blank-atrak","atrak",7,0,2,1,"oficiální","atrakciální"
984,"first_blank","first_blank-oká","oká",3,4,"first_blank-chru","chru",4,0,1,1,"okázalý","chruzalý"
19,"first_blank","first_blank-okouz","okouz",4,10,"first_blank-usvěd","usvěd",10,0,0,1,"okouzlující","usvědlující"
280,"ok","ok-rá","rá",1,1,"mů-rá","mů",1,0,0,1,"okrást","můrást"
777,"ok","ok-re","re",1,1,"dá-re","dá",1,0,0,1,"okres","dáres"
52,"ol","ol-ej","ej",1,1,"kt-ej","kt",1,0,0,1,"olej","ktej"
71,"omáč","omáč-ka","ka",2,1,"dráž-ka","dráž",1,0,0,1,"omáčka","drážka"
872,"opač","opač-ný","ný",2,1,"mrav-ný","mrav",1,0,0,1,"opačný","mravný"
699,"first_blank","first_blank-opi","opi",2,38,"first_blank-hlu","hlu",38,0,0,1,"opilý","hlulý"
470,"first_blank","first_blank-opo","opo",2,40,"first_blank-smr","smr",40,0,0,1,"oponent","smrnent"
1,"first_blank","first_blank-oprav","oprav",2,25,"first_blank-prázd","prázd",25,0,0,2,"opravdu","prázddu"
585,"opra","opra-vit","vit",2,1,"vští-vit","vští",1,0,0,2,"opravit","vštívit"
856,"first_blank","first_blank-opus","opus",2,11,"first_blank-okol","okol",11,0,0,1,"opustit","okoltit"
125,"first_blank","first_blank-oran","oran",3,8,"first_blank-kněž","kněž",8,0,0,1,"oranžový","kněžžový"
910,"vat","vat-last_blank","last_blank",5,942,"tečnej-last_blank","tečnej",5,937,3,1,"organizovat","organizotečnej"
8,"first_blank","first_blank-osa","osa",3,34,"first_blank-vzdá","vzdá",35,1,1,1,"osamělý","vzdámělý"
418,"first_blank","first_blank-osob","osob",2,14,"first_blank-umož","umož",14,0,0,1,"osobnost","umožnost"
904,"first_blank","first_blank-os","os",1,104,"first_blank-dr","dr",104,0,0,1,"osud","drud"
327,"ot","ot-ec","ec",1,1,"sn-ec","sn",1,0,0,1,"otec","snec"
962,"first_blank","first_blank-otisk","otisk",3,3,"first_blank-recyk","recyk",3,0,0,1,"otisk prstu","recyk prstu"
70,"vor","vor-last_blank","last_blank",2,9,"těj-last_blank","těj",9,0,0,1,"otvor","ottěj"
857,"first_blank","first_blank-ově","ově",3,20,"first_blank-ener","ener",20,0,1,1,"ověřovat","enerřovat"
745,"first_blank","first_blank-ovo","ovo",2,3,"first_blank-hur","hur",3,0,0,1,"ovoce","hurce"
552,"lec","lec-last_blank","last_blank",2,18,"nět-last_blank","nět",18,0,0,1,"palec","panět"
600,"li","li-vo","vo",3,7,"li-gent","gent",7,0,2,1,"palivo","paligent"
34,"lu","lu-ba","ba",3,2,"lu-čišt","čišt",2,0,2,1,"paluba","palučišt"
959,"mál","mál-ní","ní",5,17,"strukč-ní","strukč",4,13,3,1,"paranormální","paranorstrukční"
837,"ém","ém-last_blank","last_blank",1,7,"ua-last_blank","ua",7,0,0,1,"parfém","parfua"
126,"že","že-last_blank","last_blank",2,144,"tit-last_blank","tit",144,0,1,1,"paže","patit"
207,"kl","kl-o","o",1,8,"re-o","re",8,0,0,1,"peklo","pereo"
553,"žen","žen-ka","ka",4,2,"zkouš-ka","zkouš",2,0,2,1,"peněženka","penězkouška"
625,"nis","nis-last_blank","last_blank",2,8,"zvu-last_blank","zvu",8,0,0,1,"penis","pezvu"
636,"ní","ní-ze","ze",3,1,"vzbu-ze","vzbu",1,0,2,1,"peníze","pevzbuze"
364,"fekt","fekt-ní","ní",3,2,"trav-ní","trav",2,0,0,1,"perfektní","pertravní"
633,"pe","pe-ro","ro",2,9,"smě-ro","smě",9,0,1,1,"pero","směro"
863,"spek","spek-tiv","tiv",4,1,"gisla-tiv","gisla",1,0,1,1,"perspektivní","pergislativní"
675,"lot","lot-last_blank","last_blank",2,8,"dér-last_blank","dér",8,0,0,1,"pilot","pidér"
754,"lul","lul-ka","ka",3,1,"chás-ka","chás",1,0,1,1,"pilulka","picháska"
696,"sek","sek-last_blank","last_blank",2,25,"mal-last_blank","mal",25,0,0,1,"písek","pímal"
660,"seň","seň-last_blank","last_blank",2,4,"vol-last_blank","vol",4,0,0,1,"píseň","pívol"
828,"first_blank","first_blank-pís","pís",2,35,"first_blank-tla","tla",35,0,0,1,"pískat","tlakat"
571,"first_blank","first_blank-pis","pis",3,12,"first_blank-hříš","hříš",12,0,1,1,"pistole","hříštole"
408,"vo","vo-last_blank","last_blank",2,67,"žit-last_blank","žit",67,0,1,1,"pivo","pižit"
889,"first_blank","first_blank-plach","plach",2,6,"first_blank-truch","truch",6,0,0,1,"plachta","truchta"
393,"men","men-last_blank","last_blank",2,25,"nii-last_blank","nii",25,0,0,1,"plamen","planii"
713,"án","án-last_blank","last_blank",1,20,"nt-last_blank","nt",20,0,0,1,"plán","plnt"
226,"plá","plá-no","no",4,32,"warre-no","warre",3,29,2,1,"plánování","warrenování"
40,"first_blank","first_blank-plas","plas",3,22,"first_blank-srov","srov",22,0,0,1,"plastický","srovtický"
714,"first_blank","first_blank-pl","pl",1,94,"first_blank-lí","lí",94,0,0,1,"plat","líat"
282,"plat","plat-nost","nost",2,1,"rent-nost","rent",1,0,0,1,"platnost","rentnost"
701,"pla","pla-vat","vat",2,5,"zná-vat","zná",3,2,0,1,"plavat","znávat"
732,"first_blank","first_blank-pl","pl",2,94,"first_blank-sto","sto",94,0,1,1,"plný","stoný"
468,"pl","pl-ot","ot",1,1,"iz-ot","iz",1,0,0,1,"plot","izot"
332,"first_blank","first_blank-plu","plu",3,20,"first_blank-ener","ener",20,0,1,1,"plukovník","enerkovník"
805,"po","po-bře","bře",3,2,"po-slan","slan",2,0,1,1,"pobřeží","poslanží"
143,"cit","cit-last_blank","last_blank",2,5,"tev-last_blank","tev",5,0,0,1,"pocit","potev"
578,"tač","tač-last_blank","last_blank",3,4,"mers-last_blank","mers",4,0,1,1,"počítač","počímers"
159,"vost","vost-last_blank","last_blank",3,43,"nách-last_blank","nách",43,0,0,1,"poctivost","poctinách"
124,"ko","ko-vat","vat",4,65,"ko-miksy","miksy",1,64,2,1,"poděkovat","poděkomiksy"
116,"psat","psat-last_blank","last_blank",3,11,"ting-last_blank","ting",11,0,0,1,"podepsat","podeting"
403,"div","div-ný","ný",3,5,"krás-ný","krás",5,0,1,1,"podivný","pokrásný"
977,"ka","ka-tel","tel",4,5,"ka-nystr","nystr",1,4,2,1,"podnikatel","podnikanystr"
941,"pis","pis-last_blank","last_blank",2,18,"sey-last_blank","sey",18,0,0,1,"podpis","podsey"
703,"vod","vod-last_blank","last_blank",2,16,"dia-last_blank","dia",16,0,0,1,"podvod","poddia"
517,"zim","zim-last_blank","last_blank",2,1,"kay-last_blank","kay",1,0,0,1,"podzim","podkay"
261,"po","po-hmož","hmož",3,6,"po-vsta","vsta",6,0,0,1,"pohmoždit","povstadit"
644,"hřbít","hřbít-last_blank","last_blank",2,1,"hřeju-last_blank","hřeju",1,0,0,1,"pohřbít","pohřeju"
53,"hřeb","hřeb-last_blank","last_blank",2,1,"plex-last_blank","plex",1,0,0,1,"pohřeb","poplex"
873,"po","po-ker","ker",2,1,"po-pru","pru",1,0,0,1,"poker","popru"
775,"po","po-kra","kra",4,22,"po-slech","slech",29,7,2,1,"pokračovat","poslechčovat"
304,"kus","kus-last_blank","last_blank",2,5,"sha-last_blank","sha",5,0,0,1,"pokus","posha"
737,"led","led-ne","ne",3,3,"fouk-ne","fouk",3,0,1,1,"poledne","pofoukne"
74,"li","li-tic","tic",4,11,"li-chvář","chvář",1,10,2,1,"politický","polichvářký"
223,"tik","tik-last_blank","last_blank",3,23,"jdou-last_blank","jdou",23,0,1,1,"politik","polijdou"
966,"li","li-ti","ti",4,12,"zhrou-ti","zhrou",3,9,3,1,"politika","pozhroutika"
132,"moc","moc-last_blank","last_blank",2,5,"dlu-last_blank","dlu",5,0,0,1,"pomoc","podlu"
529,"po","po-pis","pis",2,2,"po-bre","bre",2,0,0,1,"popis","pobre"
821,"plach","plach-last_blank","last_blank",2,2,"dejch-last_blank","dejch",2,0,0,1,"poplach","podejch"
400,"zit","zit-last_blank","last_blank",3,36,"chal-last_blank","chal",35,1,1,1,"porazit","porachal"
361,"čík","čík-last_blank","last_blank",3,9,"stat-last_blank","stat",9,0,1,1,"poručík","porustat"
964,"skyt","skyt-nout","nout",3,1,"buch-nout","buch",1,0,0,1,"poskytnout","pobuchnout"
796,"po","po-slat","slat",2,2,"po-sklá","sklá",2,0,0,1,"poslat","posklá"
110,"po","po-sled","sled",3,11,"po-drob","drob",11,0,0,1,"poslední","podrobní"
536,"stel","stel-last_blank","last_blank",2,1,"gles-last_blank","gles",1,0,0,1,"postel","pogles"
421,"stup","stup-last_blank","last_blank",2,13,"ford-last_blank","ford",13,0,0,2,"postup","poford"
181,"tře","tře-ba","ba",3,5,"škrá-ba","škrá",4,1,1,1,"potřeba","poškrába"
386,"tvr","tvr-dit","dit",3,3,"prou-dit","prou",2,1,1,1,"potvrdit","poproudit"
16,"ži","ži-tí","tí",4,9,"opouš-tí","opouš",3,6,3,1,"použití","pouopouští"
475,"věst","věst-last_blank","last_blank",2,2,"vleč-last_blank","vleč",2,0,0,1,"pověst","povleč"
997,"po","po-vést","vést",3,1,"po-pral","pral",1,0,0,1,"povést se","popral se"
247,"vin","vin-nost","nost",3,3,"vin-kách","kách",1,2,0,1,"povinnost","povinkách"
839,"vrch","vrch-last_blank","last_blank",2,2,"vdáš-last_blank","vdáš",2,0,0,1,"povrch","povdáš"
62,"vit","vit-last_blank","last_blank",2,86,"tel-last_blank","tel",87,1,0,1,"pozdravit","pozdratel"
739,"po","po-zi","zi",3,16,"po-stře","stře",16,0,2,1,"pozice","postřece"
960,"hod","hod-ný","ný",5,20,"tresta-ný","tresta",2,18,3,1,"pozoruhodný","pozorutrestaný"
677,"prá","prá-ce","ce",2,2,"fek-ce","fek",2,0,0,1,"práce","fekce"
500,"ac","ac-h","h",1,4,"ná-h","ná",4,0,0,1,"prach","prnáh"
105,"cov","cov-ník","ník",3,2,"zkum-ník","zkum",2,0,1,1,"pracovník","prazkumník"
811,"first_blank","first_blank-prak","prak",3,21,"first_blank-zkla","zkla",21,0,0,1,"prakticky","zklaticky"
83,"first_blank","first_blank-přá","přá",2,41,"first_blank-svo","svo",41,0,0,1,"přání","svoní"
718,"por","por-last_blank","last_blank",2,4,"mut-last_blank","mut",4,0,0,1,"prapor","pramut"
564,"pra","pra-se","se",2,9,"roz-se","roz",8,1,0,1,"prase","rozse"
54," se"," se-last_blank","last_blank",2,1,"níz-last_blank","níz",1,0,0,1,"prát se","prátníz"
662,"first_blank","first_blank-přá","přá",3,41,"first_blank-ohro","ohro",42,1,1,1,"přátelský","ohrotelský"
592,"tel","tel-ství","ství",3,7,"tel-nost","nost",6,1,0,1,"přátelství","přátelnost"
168,"first_blank","first_blank-prav","prav",5,25,"first_blank-zvlášt","zvlášt",11,14,2,1,"pravděpodobně","zvláštděpodobně"
380,"first_blank","first_blank-práv","práv",2,27,"first_blank-char","char",27,0,0,2,"právní","charní"
610,"mět","mět-last_blank","last_blank",2,6,"cej-last_blank","cej",6,0,0,1,"předmět","předcej"
724,"před","před-náš","náš",3,6,"chut-náš","chut",2,4,0,1,"přednáška","chutnáška"
61,"klad","klad-last_blank","last_blank",3,15,"čích-last_blank","čích",15,0,0,1,"předpoklad","předpočích"
929,"nět","nět-last_blank","last_blank",3,18,"lích-last_blank","lích",18,0,1,1,"přehánět","přehálích"
274,"stáv","stáv-ka","ka",3,3,"apli-ka","apli",3,0,0,1,"přestávka","přeaplika"
176,"pře","pře-vod","vod",2,1,"pře-hle","hle",1,0,0,1,"převod","přehle"
42,"dent","dent-last_blank","last_blank",3,9,"znám-last_blank","znám",9,0,0,1,"prezident","preziznám"
460,"žít","žít-last_blank","last_blank",2,13,"key-last_blank","key",13,0,0,1,"přežít","překey"
999,"ja","ja-tel","tel",4,8,"ja-kousi","kousi",1,7,2,1,"přijatelný","přijakousiný"
566,"jem","jem-last_blank","last_blank",2,61,"bou-last_blank","bou",60,1,0,1,"příjem","příbou"
55,"jem","jem-ný","ný",3,7,"krás-ný","krás",5,2,1,1,"příjemný","příkrásný"
17,"jít","jít-last_blank","last_blank",2,18,"dii-last_blank","dii",18,0,0,1,"přijít","přidii"
835,"jme","jme-ní","ní",3,2,"fekč-ní","fekč",2,0,1,1,"příjmení","přífekční"
686,"jmout","jmout-last_blank","last_blank",2,6,"stein-last_blank","stein",6,0,0,3,"přijmout","přistein"
485,"pří","pří-mo","mo",2,5,"kré-mo","kré",4,1,0,1,"přímo","krémo"
326,"pr","pr-in","in",1,1,"pr-oä","oä",1,0,0,1,"princ","proäc"
389,"vit","vit-last_blank","last_blank",3,86,"tech-last_blank","tech",91,5,1,1,"připravit","připratech"
509,"pří","pří-sa","sa",3,22,"loui-sa","loui",1,21,1,1,"přísaha","louisaha"
26,"stav","stav-last_blank","last_blank",2,8,"znat-last_blank","znat",8,0,0,1,"přístav","příznat"
753,"stře","stře-ší","ší",3,1,"kdej-ší","kdej",1,0,0,1,"přístřeší","příkdejší"
45,"pří","pří-stroj","stroj",2,1,"pří-střeš","střeš",1,0,0,1,"přístroj","přístřeš"
199,"stup","stup-last_blank","last_blank",2,13,"king-last_blank","king",13,0,0,2,"přístup","příking"
802,"při","při-ta","ta",4,18,"vzkvé-ta","vzkvé",2,16,2,1,"přitahovat","vzkvétahovat"
362,"tel","tel-last_blank","last_blank",2,87,"chu-last_blank","chu",87,0,0,1,"přítel","příchu"
803,"při","při-znej","znej",3,3,"při-prav","prav",3,0,0,1,"přiznej se","připrav se"
898,"zvuk","zvuk-last_blank","last_blank",2,2,"pnut-last_blank","pnut",2,0,0,1,"přízvuk","přípnut"
680,"blém","blém-last_blank","last_blank",2,2,"kham-last_blank","kham",2,0,0,1,"problém","prokham"
539,"cház","cház-ka","ka",3,1,"špič-ka","špič",1,0,0,1,"procházka","prošpička"
368,"pro","pro-dat","dat",2,3,"pro-zře","zře",3,0,0,1,"prodat","prozře"
666,"dej","dej-last_blank","last_blank",2,54,"tat-last_blank","tat",54,0,0,1,"prodej","protat"
914,"dukt","dukt-last_blank","last_blank",2,1,"soft-last_blank","soft",1,0,0,1,"produkt","prosoft"
387,"o","o-nál","nál",6,29,"o-rescenč","rescenč",1,28,4,1,"profesionální","profesiorescenční"
751,"sor","sor-last_blank","last_blank",3,5,"přít-last_blank","přít",5,0,1,1,"profesor","profepřít"
231,"pro","pro-gram","gram",2,2,"pro-kris","kris",2,0,0,1,"program","prokris"
822,"pro","pro-hlá","hlá",4,10,"pro-střed","střed",16,6,2,1,"prohlášení","prostředšení"
136,"pro","pro-najmout","najmout",3,1,"pro-métheus","métheus",1,0,0,3,"pronajmout si","prométheus si"
958,"pro","pro-puš","puš",4,8,"pro-najme","najme",2,6,2,1,"propuštění","pronajmetění"
189,"si","si-nec","nec",3,1,"si-tost","tost",1,0,1,1,"prosinec","prositost"
256,"kol","kol-last_blank","last_blank",3,2,"lémě-last_blank","lémě",2,0,1,1,"protokol","protolémě"
683,"typ","typ-last_blank","last_blank",3,2,"sviť-last_blank","sviť",2,0,1,1,"prototyp","protosviť"
127,"pro","pro-ve","ve",4,21,"tecti-ve","tecti",1,20,2,1,"provedení","tectivedení"
239,"psa","psa-ní","ní",2,1,"tán-ní","tán",1,0,0,1,"psaní","tánní"
170,"cho","cho-lo","lo",5,17,"koktej-lo","koktej",3,14,3,1,"psychologický","psykoktejlogický"
967,"cho","cho-lo","lo",4,17,"ostře-lo","ostře",5,12,2,1,"psychologie","psyostřelogie"
365,"pt","pt-ák","ák",1,1,"ud-ák","ud",1,0,0,1,"pták","udák"
866,"li","li-kum","kum",4,1,"li-chvář","chvář",1,0,2,1,"publikum","publichvář"
736,"first_blank","first_blank-půjč","půjč",2,6,"first_blank-pier","pier",6,0,0,1,"půjčka","pierka"
184,"vab","vab-ný","ný",3,1,"mléč-ný","mléč",1,0,1,1,"půvabný","půmléčný"
806,"právu","právu-last_blank","last_blank",5,1,"znatky-last_blank","znatky",1,0,1,1,"radit, podat zprávu","radit, podat zznatky"
549,"dost","dost-last_blank","last_blank",2,7,"bert-last_blank","bert",7,0,0,1,"radost","rabert"
750,"first_blank","first_blank-raj","raj",2,14,"first_blank-pru","pru",14,0,0,1,"rajče","pruče"
345,"ra","ra-ko","ko",4,7,"střed-ko","střed",5,2,3,1,"rakovina","středkovina"
298,"first_blank","first_blank-rá","rá",2,57,"first_blank-hos","hos",57,0,1,1,"ráno","hosno"
353,"ak","ak-tor","tor",3,1,"ak-cent","cent",1,0,1,1,"reaktor","reakcent"
200,"first_blank","first_blank-re","re",5,584,"gallaghe-re","gallaghe",1,583,3,5,"realistický","gallagherealistický"
538,"first_blank","first_blank-řec","řec",2,12,"first_blank-hyd","hyd",12,0,0,1,"řecký","hydký"
363,"tel","tel-last_blank","last_blank",3,87,"kých-last_blank","kých",96,9,1,1,"ředitel","ředikých"
234,"stau","stau-ra","ra",4,4,"chudě-ra","chudě",1,3,1,1,"restaurace","rechuděrace"
501,"zer","zer-vo","vo",4,11,"gusta-vo","gusta",1,10,2,1,"rezervovat","regustavovat"
669,"dič","dič-last_blank","last_blank",2,4,"žes-last_blank","žes",4,0,0,1,"řidič","řižes"
388,"jen","jen-last_blank","last_blank",2,18,"pak-last_blank","pak",18,0,0,1,"říjen","řípak"
727,"ří","ří-m","m",1,1,"gi-m","gi",1,0,0,1,"řím","gim"
945,"ří","ří-še","še",2,1,"hor-še","hor",1,0,1,1,"říše","horše"
880,"ro","ro-dič","dič",2,1,"ro-zuz","zuz",1,0,0,1,"rodič","rozuz"
706,"di","di-na","na",3,22,"měst-na","měst",24,2,2,1,"rodina","roměstna"
89,"man","man-tic","tic",4,10,"sexis-tic","sexis",2,8,2,1,"romantický","rosexistický"
591,"roz","roz-to","to",4,20,"shing-to","shing",6,14,2,1,"roztomilý","shingtomilý"
631,"mět","mět-last_blank","last_blank",3,6,"spal-last_blank","spal",6,0,1,1,"rozumět","rozuspal"
731,"zum","zum-ný","ný",3,2,"přes-ný","přes",2,0,1,1,"rozumný","ropřesný"
230,"voj","voj-last_blank","last_blank",2,5,"dea-last_blank","dea",5,0,0,1,"rozvoj","rozdea"
554,"first_blank","first_blank-rozzlo","rozzlo",3,10,"first_blank-gentle","gentle",9,1,0,2,"rozzlobený","gentlebený"
530,"first_blank","first_blank-ruč","ruč",2,11,"first_blank-pin","pin",11,0,0,1,"ručník","pinník"
738,"šit","šit-last_blank","last_blank",2,49,"lek-last_blank","lek",49,0,0,1,"rušit","rulek"
455,"ba","ba-last_blank","last_blank",2,124,"čit-last_blank","čit",124,0,1,1,"ryba","ryčit"
141,"lov","lov-last_blank","last_blank",3,3,"děls-last_blank","děls",3,0,1,1,"rybolov","ryboděls"
446,"first_blank","first_blank-rych","rych",2,28,"first_blank-skle","skle",28,0,0,2,"rychle","sklele"
85,"first_blank","first_blank-rych","rych",2,28,"first_blank-skle","skle",28,0,0,2,"rychlost","sklelost"
970,"to","to-vat","vat",4,88,"to-mejch","mejch",1,87,2,1,"sabotovat","sabotomejch"
277,"lát","lát-last_blank","last_blank",2,3,"bav-last_blank","bav",3,0,0,1,"salát","sabav"
471,"paň","paň-ské","ské",3,2,"skot-ské","skot",2,0,1,1,"šampaňské","šamskotské"
185,"raj","raj-last_blank","last_blank",3,2,"long-last_blank","long",2,0,1,1,"samuraj","samulong"
620,"ša","ša-ty","ty",2,1,"vis-ty","vis",1,0,1,1,"šaty","visty"
131,"first_blank","first_blank-sbo","sbo",2,7,"first_blank-ami","ami",7,0,0,1,"sbohem","amihem"
882,"first_blank","first_blank-schop","schop",2,21,"first_blank-střel","střel",20,1,0,2,"schopnost","střelnost"
684,"first_blank","first_blank-schvá","schvá",3,15,"first_blank-uzdra","uzdra",15,0,0,2,"schválení","uzdralení"
946,"sdě","sdě-le","le",3,2,"čtyř-le","čtyř",2,0,1,1,"sdělení","čtyřlení"
260,"first_blank","first_blank-sdě","sdě",2,13,"first_blank-mul","mul",13,0,0,1,"sdělit","mullit"
540,"se","se-dět","dět",2,3,"se-psa","psa",3,0,0,1,"sedět","sepsa"
164,"šé","šé-f","f",1,1,"wa-f","wa",1,0,0,1,"šéf","waf"
900,"chař","chař-last_blank","last_blank",3,4,"spím-last_blank","spím",4,0,0,1,"šéfkuchař","šéfkuspím"
374,"lhá","lhá-ní","ní",3,1,"uvěz-ní","uvěz",1,0,1,1,"selhání","seuvězní"
861,"se","se-m","m",1,2,"ej-m","ej",2,0,0,1,"sem","ejm"
486,"se","se-n","n",1,3,"yn-n","yn",3,0,0,1,"sen","ynn"
209,"nát","nát-last_blank","last_blank",2,9,"čan-last_blank","čan",9,0,0,1,"senát","sečan"
333,"tor","tor-last_blank","last_blank",3,97,"kých-last_blank","kých",96,1,1,1,"senátor","senákých"
708,"vír","vír-ka","ka",3,1,"smyč-ka","smyč",1,0,1,1,"servírka","sersmyčka"
382,"tká","tká-ní","ní",3,3,"vlad-ní","vlad",3,0,1,1,"setkání","sevladní"
265,"tkat","tkat-last_blank","last_blank",2,2,"fekt-last_blank","fekt",2,0,0,1,"setkat","sefekt"
320,"ver","ver-ní","ní",3,3,"stup-ní","stup",3,0,1,1,"severní","sestupní"
689,"first_blank","first_blank-shro","shro",3,23,"first_blank-kris","kris",23,0,0,1,"shromáždit","krismáždit"
577,"first_blank","first_blank-sig","sig",2,15,"first_blank-otá","otá",15,0,0,1,"signál","otánál"
208,"first_blank","first_blank-ší","ší",3,52,"first_blank-elek","elek",51,1,2,1,"šílený","eleklený"
792,"first_blank","first_blank-sil","sil",2,37,"first_blank-bur","bur",37,0,0,1,"silně","burně"
664,"ro","ro-ký","ký",3,1,"sliz-ký","sliz",1,0,2,1,"široký","šislizký"
704,"first_blank","first_blank-skan","skan",2,6,"first_blank-kach","kach",6,0,0,1,"skandál","kachdál"
84,"first_blank","first_blank-ška","ška",3,7,"first_blank-lhos","lhos",7,0,1,1,"škaredý","lhosredý"
482,"ok","ok-last_blank","last_blank",1,25,"ul-last_blank","ul",25,0,0,1,"skok","skul"
439,"ško","ško-la","la",2,2,"kle-la","kle",2,0,0,1,"škola","klela"
928,"first_blank","first_blank-sk","sk",1,53,"first_blank-zo","zo",53,0,0,1,"skříň","zoříň"
830,"skrom","skrom-ný","ný",2,1,"straž-ný","straž",1,0,0,1,"skromný","stražný"
69,"sk","sk-rý","rý",1,2,"sk-ůt","ůt",2,0,0,1,"skrýt","skůtt"
601,"first_blank","first_blank-sku","sku",3,47,"first_blank-chla","chla",46,1,1,1,"skupina","chlapina"
101,"first_blank","first_blank-skvě","skvě",2,16,"first_blank-sluš","sluš",16,0,0,1,"skvělý","slušlý"
331,"first_blank","first_blank-sla","sla",2,67,"first_blank-har","har",67,0,0,1,"slabý","harbý"
295,"sla","sla-ni","ni",3,6,"uvol-ni","uvol",5,1,1,1,"slanina","uvolnina"
831,"first_blank","first_blank-slá","slá",2,8,"first_blank-úro","úro",8,0,0,1,"sláva","úrova"
483,"first_blank","first_blank-slav","slav",2,23,"first_blank-shro","shro",23,0,0,1,"slavný","shroný"
609,"ib","ib-last_blank","last_blank",1,3,"ťo-last_blank","ťo",3,0,0,1,"slib","slťo"
768,"first_blank","first_blank-slun","slun",2,7,"first_blank-smra","smra",7,0,0,1,"slunce","smrace"
952,"neč","neč-ní","ní",3,12,"chrá-ní","chrá",11,1,1,1,"sluneční","sluchrání"
524,"žeb","žeb-ník","ník",3,1,"žeb-rech","rech",1,0,1,1,"služebník","služebrech"
940,"služ","služ-ka","ka",2,1,"nouš-ka","nouš",1,0,0,1,"služka","nouška"
367,"first_blank","first_blank-sly","sly",2,20,"first_blank-del","del",20,0,0,1,"slyšet","delšet"
700,"ěs","ěs-last_blank","last_blank",1,2,"hr-last_blank","hr",2,0,0,1,"směs","smhr"
417,"sm","sm-íc","íc",1,1,"sm-až","až",1,0,0,1,"smích","smažh"
550,"first_blank","first_blank-snad","snad",2,11,"first_blank-švéd","švéd",11,0,0,1,"snadný","švédný"
588,"first_blank","first_blank-sní","sní",3,37,"first_blank-opra","opra",37,0,1,1,"snídaně","opradaně"
373,"íh","íh-last_blank","last_blank",1,1,"rj-last_blank","rj",1,0,0,1,"sníh","snrj"
565,"first_blank","first_blank-sní","sní",2,37,"first_blank-zdr","zdr",37,0,0,1,"snížit","zdržit"
284,"bec","bec-ký","ký",3,2,"krát-ký","krát",2,0,1,1,"sobecký","sokrátký"
580,"so","so-cha","cha",2,1,"so-kou","kou",1,0,0,1,"socha","sokou"
978,"so","so-da","da",2,2,"gen-da","gen",2,0,1,1,"soda","genda"
847,"first_blank","first_blank-son","son",2,15,"first_blank-ara","ara",15,0,0,1,"sonda","arada"
115,"cit","cit-last_blank","last_blank",2,5,"zve-last_blank","zve",5,0,0,1,"soucit","souzve"
414,"soud","soud-ce","ce",2,1,"truk-ce","truk",1,0,0,1,"soudce","trukce"
639,"kro","kro-mí","mí",3,1,"ozná-mí","ozná",3,2,1,1,"soukromí","souoznámí"
516,"sou","sou-střeď","střeď",3,3,"sou-ostro","ostro",1,2,0,1,"soustřeď se","souostro se"
965,"first_blank","first_blank-špage","špage",2,1,"first_blank-apart","apart",1,0,0,1,"špagety","apartty"
248,"sp","sp-át","át",1,1,"sp-li","li",1,0,0,1,"spát","spli"
581,"špat","špat-ný","ný",2,3,"znam-ný","znam",3,0,0,1,"špatný","znamný"
492,"lis","lis-ta","ta",5,14,"barret-ta","barret",1,13,3,1,"specialista","speciabarretta"
998,"first_blank","first_blank-špi","špi",3,52,"first_blank-elek","elek",51,1,1,1,"špinavý","eleknavý"
532,"first_blank","first_blank-spi","spi",4,36,"first_blank-vlast","vlast",35,1,2,1,"spisovatel","vlastsovatel"
510,"spo","spo-je","je",3,21,"ukry-je","ukry",2,19,1,1,"spojení","ukryjení"
422,"ství","ství-last_blank","last_blank",4,100,"padla-last_blank","padla",14,86,1,1,"společenství","společenpadla"
778,"sp","sp-or","or",1,3,"sp-ri","ri",3,0,0,1,"spor","spri"
887,"sp","sp-or","or",1,3,"th-or","th",3,0,0,1,"sport","thort"
682,"first_blank","first_blank-spra","spra",4,32,"first_blank-vlast","vlast",35,3,1,1,"spravedlnost","vlastvedlnost"
953,"správ","správ-ní","ní",2,1,"stran-ní","stran",1,0,0,1,"správní","stranní"
744,"sta","sta-ni","ni",3,5,"uvol-ni","uvol",5,0,1,1,"stanice","uvolnice"
563,"ros","ros-ta","ta",3,1,"nhat-ta","nhat",1,0,1,1,"starosta","stanhatta"
526,"šťast","šťast-ný","ný",2,5,"stran-ný","stran",4,1,0,3,"šťastný","stranný"
106,"át","át-last_blank","last_blank",1,26,"pě-last_blank","pě",26,0,0,1,"stát","stpě"
883,"first_blank","first_blank-stát","stát",2,7,"first_blank-skau","skau",7,0,0,1,"stát se","skau se"
186,"sta","sta-teč","teč",3,24,"sta-rost","rost",16,8,1,1,"statečný","starostný"
64,"vět","vět-last_blank","last_blank",2,12,"ken-last_blank","ken",12,0,0,1,"stavět","staken"
897,"stáv","stáv-ko","ko",3,1,"troj-ko","troj",1,0,0,1,"stávkovat","trojkovat"
988,"first_blank","first_blank-štěd","štěd",2,11,"first_blank-snad","snad",11,0,0,1,"štědrý","snadrý"
605,"st","st-o","o",1,2,"dr-o","dr",2,0,0,1,"sto","dro"
523,"st","st-op","op",1,2,"st-rý","rý",2,0,0,1,"stop","strý"
140,"ra","ra-ch","ch",1,2,"pr-ch","pr",2,0,0,1,"strach","stprch"
915,"stra","stra-na","na",2,2,"sval-na","sval",2,0,0,1,"strana","svalna"
906,"stra","stra-ši","ši",4,20,"rozko-ši","rozko",1,19,1,1,"strašidelný","rozkošidelný"
505,"stra","stra-te","te",3,10,"chej-te","chej",9,1,0,1,"strategie","chejtegie"
548,"first_blank","first_blank-strá","strá",2,25,"first_blank-ovlá","ovlá",25,0,0,1,"strávit","ovlávit"
618,"stře","stře-la","la",2,2,"buch-la","buch",2,0,0,2,"střela","buchla"
776,"first_blank","first_blank-stří","stří",3,59,"first_blank-elek","elek",51,8,0,1,"stříbrný","elekbrný"
290,"st","st-ři","ři",1,5,"st-el","el",5,0,0,1,"střih","stelh"
917,"stří","stří-kač","kač",3,5,"žvej-kač","žvej",2,3,0,1,"stříkačka","žvejkačka"
391,"let","let-last_blank","last_blank",2,57,"číš-last_blank","číš",58,1,0,1,"střílet","stříčíš"
695,"first_blank","first_blank-st","st",1,138,"first_blank-dů","dů",138,0,0,1,"stroj","důroj"
533,"first_blank","first_blank-st","st",1,138,"first_blank-dů","dů",138,0,0,1,"strom","důrom"
842,"first_blank","first_blank-struk","struk",3,7,"first_blank-obran","obran",7,0,0,1,"struktura","obrantura"
346,"first_blank","first_blank-stu","stu",3,87,"first_blank-fran","fran",91,4,1,1,"studený","frandený"
599,"die","die-last_blank","last_blank",2,37,"sky-last_blank","sky",37,0,0,1,"studie","stusky"
447,"first_blank","first_blank-stvo","stvo",3,23,"first_blank-ukra","ukra",23,0,0,1,"stvoření","ukraření"
250,"st","st-yl","yl",1,1,"rr-yl","rr",1,0,0,1,"styl","rryl"
698,"al","al-last_blank","last_blank",1,54,"za-last_blank","za",54,0,0,1,"sval","svza"
454,"first_blank","first_blank-svat","svat",2,6,"first_blank-část","část",6,0,0,1,"svatba","částba"
473,"tví","tví-last_blank","last_blank",3,43,"vost-last_blank","vost",43,0,1,1,"svědectví","svědecvost"
146,"ět","ět-last_blank","last_blank",1,10,"dr-last_blank","dr",10,0,0,1,"svět","svdr"
78,"first_blank","first_blank-svět","svět",2,25,"first_blank-ovlá","ovlá",25,0,0,1,"světlo","ovlálo"
432,"first_blank","first_blank-svíč","svíč",2,8,"first_blank-snou","snou",8,0,0,1,"svíčka","snouka"
834,"sví","sví-tá","tá",3,3,"aten-tá","aten",3,0,1,1,"svítání","atentání"
111,"bol","bol-last_blank","last_blank",2,3,"sví-last_blank","sví",3,0,0,1,"symbol","symsví"
390,"sy","sy-n","n",1,1,"er-n","er",1,0,0,1,"syn","ern"
287,"drom","drom-last_blank","last_blank",2,1,"zlob-last_blank","zlob",1,0,0,1,"syndrom","synzlob"
123,"vec","vec-last_blank","last_blank",3,23,"jdou-last_blank","jdou",23,0,1,1,"synovec","synojdou"
481,"first_blank","first_blank-sý","sý",1,13,"first_blank-vé","vé",13,0,0,1,"sýr","vér"
612,"first_blank","first_blank-sys","sys",2,14,"first_blank-emo","emo",14,0,0,1,"systém","emotém"
264,"jem","jem-ství","ství",3,2,"jem-nost","nost",2,0,0,1,"tajemství","tajemnost"
649,"lent","lent-last_blank","last_blank",2,4,"krýt-last_blank","krýt",4,0,0,1,"talent","takrýt"
772,"líř","líř-last_blank","last_blank",2,5,"rez-last_blank","rez",5,0,0,1,"talíř","tarez"
133,"ta","ta-m","m",1,2,"pí-m","pí",2,0,0,1,"tam","pím"
383,"ta","ta-nec","nec",2,2,"ta-vit","vit",2,0,0,1,"tanec","tavit"
395,"first_blank","first_blank-taš","taš",2,9,"first_blank-řez","řez",9,0,0,1,"taška","řezka"
308,"first_blank","first_blank-tá","tá",2,52,"first_blank-špi","špi",52,0,1,1,"táto","špito"
659,"first_blank","first_blank-tech","tech",3,38,"first_blank-opra","opra",37,1,0,1,"technika","opranika"
961,"nager","nager-last_blank","last_blank",3,2,"thers-last_blank","thers",2,0,0,1,"teenager","teethers"
29,"ství","ství-last_blank","last_blank",4,100,"padla-last_blank","padla",14,86,1,1,"těhotenství","těhotenpadla"
152,"ku","ku-ti","ti",4,6,"šlech-ti","šlech",3,3,3,1,"tekutina","tešlechtina"
36,"fon","fon-last_blank","last_blank",3,7,"pnul-last_blank","pnul",7,0,1,1,"telefon","telepnul"
445,"vi","vi-ze","ze",4,6,"vi-athan","athan",1,5,3,1,"televize","televiathan"
267,"tem","tem-ný","ný",2,2,"měr-ný","měr",2,0,0,1,"temný","měrný"
404,"nis","nis-last_blank","last_blank",2,8,"češ-last_blank","češ",8,0,0,1,"tenis","tečeš"
354,"o","o-rie","rie",3,1,"o-ters","ters",1,0,1,1,"teorie","teoters"
551,"first_blank","first_blank-tep","tep",3,39,"first_blank-zdra","zdra",39,0,1,1,"teplota","zdralota"
755,"tep","tep-na","na",2,1,"rár-na","rár",1,0,0,1,"tepna","rárna"
381,"te","te-st","st",1,1,"te-ně","ně",1,0,0,1,"test","teně"
902,"těž","těž-ce","ce",2,1,"pin-ce","pin",1,0,0,1,"těžce","pince"
178,"tul","tul-last_blank","last_blank",2,1,"dža-last_blank","dža",1,0,0,1,"titul","tidža"
801,"áň","áň-last_blank","last_blank",1,2,"ws-last_blank","ws",2,0,0,1,"tkáň","tkws"
235,"first_blank","first_blank-tl","tl",1,6,"first_blank-žr","žr",6,0,0,1,"tlak","žrak"
293,"tlus","tlus-tý","tý",2,2,"kris-tý","kris",2,0,0,1,"tlustý","kristý"
193," jo"," jo-last_blank","last_blank",2,1,"trý-last_blank","trý",1,0,0,1,"to jo","totrý"
305,"čit se","čit se-last_blank","last_blank",2,1,"likvie-last_blank","likvie",1,0,0,2,"točit se","tolikvie"
942,"first_blank","first_blank-tor","tor",3,18,"first_blank-zvyk","zvyk",18,0,1,1,"tornádo","zvyknádo"
175,"dič","dič-ní","ní",3,3,"takt-ní","takt",3,0,1,1,"tradiční","trataktní"
258,"tra","tra-gic","gic",3,8,"tra-cyho","cyho",1,7,1,1,"tragický","tracyhoký"
60,"first_blank","first_blank-trá","trá",2,31,"first_blank-ome","ome",31,0,0,1,"trápit se","omepit se"
195,"first_blank","first_blank-tř","tř",1,20,"first_blank-zm","zm",20,0,0,1,"tři","zmi"
734,"troj","troj-ná","ná",4,6,"ochut-ná","ochut",6,0,1,1,"trojnásobný","ochutnásobný"
653,"first_blank","first_blank-troj","troj",4,19,"first_blank-ovliv","ovliv",20,1,1,1,"trojúhelník","ovlivúhelník"
147,"tr","tr-uc","uc",1,3,"tr-ol","ol",3,0,0,1,"truck","trolk"
75,"ůn","ůn-last_blank","last_blank",1,1,"yř-last_blank","yř",1,0,0,1,"trůn","tryř"
514,"nel","nel-last_blank","last_blank",2,10,"lií-last_blank","lií",10,0,0,1,"tunel","tulií"
859,"pý","pý-last_blank","last_blank",1,5,"ír-last_blank","ír",5,0,0,1,"tupý","tuír"
86,"šit","šit-last_blank","last_blank",2,49,"lek-last_blank","lek",49,0,0,1,"tušit","tulek"
786,"first_blank","first_blank-tv","tv",1,29,"first_blank-zr","zr",29,0,0,1,"tvář","zrář"
971,"vost","vost-last_blank","last_blank",3,43,"nech-last_blank","nech",43,0,0,1,"tvořivost","tvořinech"
634,"first_blank","first_blank-tvr","tvr",2,37,"first_blank-spa","spa",37,0,0,1,"tvrdý","spadý"
464,"den","den-last_blank","last_blank",2,53,"zím-last_blank","zím",53,0,0,1,"týden","týzím"
657,"týd","týd-ně","ně",2,1,"šev-ně","šev",1,0,0,1,"týdně","ševně"
918,"tý","tý-m","m",1,1,"em-m","em",1,0,0,1,"tým","emm"
909,"first_blank","first_blank-ubo","ubo",2,28,"first_blank-ter","ter",28,0,0,1,"ubohý","terhý"
546,"uc","uc-ho","ho",1,2,"ma-ho","ma",2,0,0,1,"ucho","maho"
484,"first_blank","first_blank-úči","úči",2,1,"first_blank-sží","sží",1,0,0,1,"účinek","sžínek"
411,"it","it-last_blank","last_blank",1,26,"xu-last_blank","xu",26,0,0,1,"učit","učxu"
337,"first_blank","first_blank-uči","uči",2,35,"first_blank-hou","hou",35,0,0,1,"učitel","houtel"
212,"first_blank","first_blank-udá","udá",2,13,"first_blank-mai","mai",13,0,0,1,"událost","mailost"
82,"first_blank","first_blank-údo","údo",2,3,"first_blank-gem","gem",3,0,0,1,"údolí","gemlí"
947,"first_blank","first_blank-údrž","údrž",2,7,"first_blank-odol","odol",7,0,0,1,"údržba","odolba"
886,"first_blank","first_blank-udr","udr",3,30,"first_blank-dlou","dlou",30,0,1,1,"udržovat","dloužovat"
469,"uklid","uklid-nit","nit",2,1,"prázd-nit","prázd",1,0,0,2,"uklidnit","prázdnit"
502,"first_blank","first_blank-uli","uli",2,11,"first_blank-mau","mau",11,0,0,1,"ulice","mauce"
607,"first_blank","first_blank-ulo","ulo",2,27,"first_blank-fil","fil",27,0,0,1,"uložit","filžit"
996,"mát","mát-ni","ni",4,1,"sklap-ni","sklap",1,0,2,1,"ultimátni","ultisklapni"
937,"first_blank","first_blank-umě","umě",2,27,"first_blank-mlá","mlá",27,0,0,1,"umělý","mlálý"
217,"first_blank","first_blank-umís","umís",3,22,"first_blank-srov","srov",22,0,0,1,"umístění","srovtění"
655,"first_blank","first_blank-uml","uml",2,7,"first_blank-rho","rho",7,0,0,1,"umlčet","rhočet"
47,"um","um-ýt","ýt",1,1,"um-hu","hu",1,0,0,1,"umýt","umhu"
955,"first_blank","first_blank-un","un",1,27,"first_blank-sí","sí",27,0,0,1,"unést","síést"
461,"kát","kát-ní","ní",3,4,"vrch-ní","vrch",4,0,1,1,"unikátní","univrchní"
746,"first_blank","first_blank-unik","unik",2,9,"first_blank-quin","quin",9,0,0,1,"uniknout","quinnout"
356,"first_blank","first_blank-uni","uni",4,40,"first_blank-vlast","vlast",35,5,2,1,"univerzita","vlastverzita"
535,"up","up-ír","ír",1,1,"up-lé","lé",1,0,0,1,"upír","uplé"
242,"lík","lík-last_blank","last_blank",2,38,"bit-last_blank","bit",38,0,0,1,"uprchlík","uprchbit"
80,"first_blank","first_blank-upřím","upřím",2,13,"first_blank-urych","urych",13,0,0,2,"upřímný","urychný"
824,"first_blank","first_blank-ura","ura",2,15,"first_blank-fer","fer",15,0,0,1,"urazit","ferzit"
543,"first_blank","first_blank-ústa","ústa",2,6,"first_blank-mrňa","mrňa",6,0,0,1,"ústava","mrňava"
458,"first_blank","first_blank-úte","úte",2,6,"first_blank-odo","odo",6,0,0,1,"úterý","odorý"
800,"first_blank","first_blank-útoč","útoč",2,15,"first_blank-stáh","stáh",15,0,0,1,"útočník","stáhník"
205,"tř","tř-last_blank","last_blank",1,2,"éd-last_blank","éd",2,0,0,1,"uvnitř","uvniéd"
619,"úžas","úžas-ný","ný",2,3,"znam-ný","znam",3,0,0,1,"úžasný","znamný"
197,"vře","vře-ní","ní",3,5,"gant-ní","gant",5,0,1,1,"uzavření","uzagantní"
15,"first_blank","first_blank-vak","vak",3,5,"first_blank-úkli","úkli",5,0,1,1,"vakcína","úklicína"
723,"leč","leč-ný","ný",3,5,"krás-ný","krás",5,0,1,1,"válečný","vákrásný"
968,"nil","nil-ka","ka",3,1,"pouš-ka","pouš",1,0,1,1,"vanilka","vapouška"
715,"šeň","šeň-last_blank","last_blank",2,3,"vio-last_blank","vio",3,0,0,1,"vášeň","vávio"
2," si"," si-last_blank","last_blank",3,1,"chvy-last_blank","chvy",1,0,1,1,"vážit si","vážitchvy"
676,"first_blank","first_blank-vče","vče",2,15,"first_blank-mur","mur",15,0,0,1,"včera","murra"
749,"first_blank","first_blank-vděč","vděč",2,10,"first_blank-vzta","vzta",10,0,0,1,"vděčnost","vztanost"
407,"čer","čer-last_blank","last_blank",2,8,"vis-last_blank","vis",8,0,0,1,"večer","vevis"
378,"vě","vě-da","da",2,3,"vě-sit","sit",3,0,1,1,"věda","věsit"
118,"dec","dec-last_blank","last_blank",2,7,"mém-last_blank","mém",7,0,0,1,"vědec","věmém"
241,"děl","děl-last_blank","last_blank",2,49,"šit-last_blank","šit",49,0,0,1,"věděl","věšit"
182,"first_blank","first_blank-vej","vej",2,7,"first_blank-čin","čin",7,0,0,1,"vejce","čince"
102,"vel","vel-mi","mi",2,1,"omá-mi","omá",1,0,0,1,"velmi","omámi"
166,"nu","nu-še","še",3,1,"nu-tách","tách",1,0,2,1,"venuše","venutách"
613,"vě","vě-ří","ří",3,15,"spat-ří","spat",4,11,2,1,"věřící","spatřící"
303,"vě","vě-řit","řit",2,4,"vě-rou","rou",3,1,0,1,"věřit","věrou"
769,"ves","ves-ni","ni",3,12,"chrá-ni","chrá",12,0,1,1,"vesnice","chránice"
319,"vě","vě-ta","ta",2,1,"dic-ta","dic",1,0,1,1,"věta","dicta"
933,"trá","trá-ní","ní",3,1,"akut-ní","akut",1,0,1,1,"větrání","věakutní"
493,"zeň","zeň-last_blank","last_blank",2,8,"bus-last_blank","bus",8,0,0,1,"vězeň","věbus"
643,"vě","vě-ze","ze",3,9,"schá-ze","schá",4,5,2,1,"vězení","scházení"
120,"víč","víč-ko","ko",2,3,"kde-ko","kde",3,0,0,1,"víčko","kdeko"
249,"vi","vi-dě","dě",3,23,"prav-dě","prav",18,5,2,1,"vidění","pravdění"
726,"deo","deo-last_blank","last_blank",2,4,"naj-last_blank","naj",4,0,0,1,"video","vinaj"
747,"d","d-lič","lič",4,5,"d-track","track",1,4,2,1,"vidlička","vidtrackka"
336,"nen","nen-ský","ský",3,1,"chyň-ský","chyň",1,0,1,1,"vinenský","vichyňský"
139,"ví","ví-ra","ra",2,12,"pod-ra","pod",10,2,1,1,"víra","podra"
789,"mín","mín-last_blank","last_blank",3,3,"váhu-last_blank","váhu",3,0,1,1,"vitamín","vitaváhu"
157,"těz","těz-last_blank","last_blank",2,2,"fou-last_blank","fou",2,0,0,1,"vítěz","vífou"
623,"first_blank","first_blank-vlá","vlá",2,15,"first_blank-kam","kam",15,0,0,1,"vláda","kamda"
251,"odjet","odjet-last_blank","last_blank",4,1,"zklam-last_blank","zklam",1,0,0,1,"vlevo, odjet","vlevo, zklam"
372,"vl","vl-k","k",1,1,"ce-k","ce",1,0,0,1,"vlk","cek"
891,"dík","dík-last_blank","last_blank",2,6,"bij-last_blank","bij",6,0,0,1,"vodík","vobij"
316,"vod","vod-ka","ka",2,1,"ruč-ka","ruč",1,0,0,1,"vodka","ručka"
508,"first_blank","first_blank-vol","vol",2,38,"first_blank-hlu","hlu",38,0,0,1,"volba","hluba"
870,"first_blank","first_blank-vol","vol",2,38,"first_blank-hlu","hlu",38,0,0,1,"volby","hluby"
874,"vo","vo-lič","lič",2,1,"vo-rům","rům",1,0,0,1,"volič","vorům"
716,"olnit","olnit-last_blank","last_blank",4,1,"drewa-last_blank","drewa",1,0,0,1,"volný, uvolnit","volný, uvdrewa"
544,"first_blank","first_blank-vou","vou",2,6,"first_blank-hes","hes",6,0,0,1,"vousy","hessy"
730,"vr","vr-ah","ah",1,1,"vr-bí","bí",1,0,0,1,"vrah","vrbí"
459,"first_blank","first_blank-vrá","vrá",2,29,"first_blank-zmi","zmi",29,0,0,1,"vrátit se","zmitit se"
338,"first_blank","first_blank-vraž","vraž",2,21,"first_blank-krát","krát",21,0,0,1,"vražda","krátda"
525,"first_blank","first_blank-vs","vs",1,11,"first_blank-s ","s ",11,0,0,1,"vstup","s tup"
183,"bec","bec-last_blank","last_blank",2,10,"lán-last_blank","lán",10,0,0,1,"vůbec","vůlán"
480,"vůd","vůd-ce","ce",2,3,"nov-ce","nov",3,0,0,1,"vůdce","novce"
812,"ba","ba-vit","vit",3,5,"ba-lerí","lerí",2,3,1,1,"vybavit","vybalerí"
384,"bor","bor-last_blank","last_blank",2,10,"lyn-last_blank","lyn",10,0,0,1,"výbor","výlyn"
766,"vy","vy-brat","brat",2,1,"vy-svit","svit",1,0,0,1,"vybrat","vysvit"
91,"buch","buch-last_blank","last_blank",2,1,"sumé-last_blank","sumé",1,0,0,1,"výbuch","výsumé"
321,"vý","vý-chod","chod",3,16,"vý-zkum","zkum",11,5,0,1,"východní","výzkumní"
884,"vy","vy-dí","dí",4,8,"vy-bouch","bouch",8,0,3,1,"vydírání","vybouchrání"
117,"vy","vy-hrát","hrát",2,1,"vy-svit","svit",1,0,0,1,"vyhrát","vysvit"
81,"d","d-řit","řit",4,1,"d-track","track",1,0,2,1,"vyjádřit","vyjádtrack"
268,"kon","kon-last_blank","last_blank",2,6,"jmu-last_blank","jmu",6,0,0,1,"výkon","výjmu"
979,"kup","kup-né","né",3,3,"znač-né","znač",3,0,1,1,"výkupné","význačné"
819,"lé","lé-čit","čit",3,2,"lé-cích","cích",1,1,1,1,"vyléčit","vylécích"
114,"vý","vý-mlu","mlu",3,3,"vý-zvěd","zvěd",3,0,1,1,"výmluva","výzvědva"
68,"tat","tat-last_blank","last_blank",4,54,"ských-last_blank","ských",79,25,2,1,"vypočítat","vypočíských"
103,"vý","vý-ro","ro",3,8,"vý-sled","sled",8,0,2,1,"výroba","výsledba"
72,"ro","ro-bit","bit",3,1,"ro-dých","dých",1,0,1,1,"vyrobit","vyrodých"
100,"vy","vy-šet","šet",4,36,"vy-prázd","prázd",9,27,2,1,"vyšetřovat","vyprázdřovat"
951,"vy","vy-šet","šet",5,36,"vy-bouchl","bouchl",1,35,3,1,"vyšetřovatel","vybouchlřovatel"
628,"lač","lač-last_blank","last_blank",3,1,"ctou-last_blank","ctou",1,0,1,1,"vysílač","vysíctou"
642,"výš","výš-ka","ka",2,1,"táč-ka","táč",1,0,0,1,"výška","táčka"
807,"dek","dek-last_blank","last_blank",3,35,"chal-last_blank","chal",35,0,1,1,"výsledek","výslechal"
158,"so","so-ký","ký",3,2,"krát-ký","krát",2,0,2,1,"vysoký","vykrátký"
787,"sost","sost-last_blank","last_blank",2,3,"self-last_blank","self",3,0,0,1,"výsost","výself"
496,"vý","vý-sta","sta",3,5,"vý-hruž","hruž",5,0,1,1,"výstava","výhružva"
867,"vy","vy-stra","stra",3,16,"vy-zkou","zkou",14,2,0,1,"vystrašit","vyzkoušit"
851,"zva","zva-last_blank","last_blank",2,2,"nud-last_blank","nud",2,0,0,1,"výzva","výnud"
128,"first_blank","first_blank-vzdě","vzdě",3,11,"first_blank-ocit","ocit",11,0,0,1,"vzdělání","ocitlání"
233,"first_blank","first_blank-vzru","vzru",3,20,"first_blank-ener","ener",20,0,0,1,"vzrušený","eneršený"
690,"vz","vz-te","te",1,4,"vz-dá","dá",4,0,0,1,"vztek","vzdák"
795,"first_blank","first_blank-wat","wat",2,8,"first_blank-zhu","zhu",8,0,0,1,"watson","zhuson"
741,"first_blank","first_blank-we","we",1,37,"first_blank-př","př",37,0,0,1,"web","přb"
222,"bít","bít-last_blank","last_blank",2,11,"ted-last_blank","ted",11,0,0,1,"zabít","zated"
135,"chrán","chrán-ce","ce",3,1,"strůj-ce","strůj",1,0,0,1,"zachránce","zastrůjce"
534,"chvat","chvat-last_blank","last_blank",2,2,"vzdat-last_blank","vzdat",2,0,0,1,"záchvat","závzdat"
858,"first_blank","first_blank-zad","zad",2,15,"first_blank-uto","uto",15,0,0,1,"zadní","utoní"
815,"dost","dost-last_blank","last_blank",2,7,"cent-last_blank","cent",7,0,0,1,"žádost","žácent"
520,"ma","ma-vý","vý",4,6,"ma-nager","nager",1,5,3,1,"zajímavý","zajímanager"
728,"za","za-jis","jis",3,17,"za-vraž","vraž",18,1,1,1,"zajistit","zavražtit"
921,"zat","zat-last_blank","last_blank",3,41,"rech-last_blank","rech",42,1,1,1,"zakázat","zakárech"
441,"lob","lob-ce","ce",3,1,"cház-ce","cház",1,0,1,1,"žalobce","žacházce"
467,"mek","mek-last_blank","last_blank",2,18,"dii-last_blank","dii",18,0,0,1,"zámek","zádii"
770,"měr","měr-last_blank","last_blank",2,6,"lín-last_blank","lín",6,0,0,1,"záměr","zálín"
938,"měr","měr-ně","ně",3,5,"stat-ně","stat",5,0,1,1,"záměrně","zástatně"
673,"pad","pad-ní","ní",3,12,"nost-ní","nost",13,1,1,1,"západní","zánostní"
392," si"," si-last_blank","last_blank",6,1,"výchhle-last_blank","výchhle",1,0,4,1,"zapamatovat si","zapamatovatvýchhle"
299,"pas","pas-last_blank","last_blank",2,5,"šlu-last_blank","šlu",5,0,0,1,"zápas","zášlu"
791,"za","za-prá","prá",4,3,"za-střel","střel",3,0,2,1,"zaprášený","zastřelšený"
893,"so","so-bit","bit",4,6,"so-mewhe","mewhe",1,5,2,1,"zapůsobit","zapůsomewhe"
993,"zá","zá-ře","ře",3,5,"zá-chva","chva",4,1,2,1,"záření","záchvaní"
236,"tknout","tknout-last_blank","last_blank",2,3,"chelle-last_blank","chelle",3,0,0,4,"zatknout","zachelle"
846,"vod","vod-last_blank","last_blank",2,16,"dia-last_blank","dia",16,0,0,1,"závod","zádia"
154,"vře","vře-no","no",3,3,"usta-no","usta",3,0,1,1,"zavřeno","zaustano"
196,"vřít","vřít-last_blank","last_blank",2,1,"vies-last_blank","vies",1,0,0,1,"zavřít","zavies"
632,"znam","znam-last_blank","last_blank",2,4,"chař-last_blank","chař",4,0,0,1,"záznam","záchař"
216,"first_blank","first_blank-zb","zb",1,13,"first_blank-ud","ud",13,0,0,1,"zbraň","udraň"
572,"zb","zb-ro","ro",1,1,"ic-ro","ic",1,0,0,1,"zbroj","icroj"
989,"first_blank","first_blank-zbroj","zbroj",3,3,"first_blank-zdvih","zdvih",3,0,0,1,"zbrojnice","zdvihnice"
640,"first_blank","first_blank-zce","zce",2,1,"first_blank-trp","trp",1,0,0,1,"zcela","trpla"
134,"first_blank","first_blank-zdě","zdě",2,12,"first_blank-pli","pli",12,0,0,1,"zdědit","plidit"
315,"že","že-last_blank","last_blank",1,144,"lý-last_blank","lý",138,6,0,1,"že","lý"
991,"first_blank","first_blank-žel","žel",2,8,"first_blank-úro","úro",8,0,0,1,"želva","úrova"
735,"mřít","mřít-last_blank","last_blank",2,2,"žant-last_blank","žant",2,0,0,1,"zemřít","zežant"
317,"first_blank","first_blank-že","že",2,87,"first_blank-stu","stu",87,0,1,1,"žena","stuna"
271,"na","na-tý","tý",3,8,"na-dech","dech",8,0,2,1,"ženatý","ženadech"
348,"first_blank","first_blank-žen","žen",2,20,"first_blank-ude","ude",20,0,0,1,"ženský","udeský"
301,"že","že-rt","rt",1,1,"že-ma","ma",1,0,0,1,"žert","žema"
413,"ži","ži-dl","dl",1,3,"ži-na","na",3,0,0,1,"židle","žinae"
358,"zi","zi-ma","ma",2,1,"zi-ček","ček",1,0,1,1,"zima","ziček"
670,"vel","vel-last_blank","last_blank",2,8,"dií-last_blank","dií",8,0,0,1,"živel","židií"
920,"zeň","zeň-last_blank","last_blank",2,8,"rit-last_blank","rit",8,0,0,1,"žízeň","žírit"
596,"first_blank","first_blank-zkla","zkla",3,21,"first_blank-chan","chan",21,0,0,1,"zklamání","chanmání"
130,"rze","rze-last_blank","last_blank",4,1,"kings-last_blank","kings",1,0,2,1,"zkušební verze","zkušební vekings"
43,"first_blank","first_blank-zlep","zlep",3,17,"first_blank-uzná","uzná",17,0,0,1,"zlepšení","uznášení"
270,"čin","čin-last_blank","last_blank",2,9,"sák-last_blank","sák",9,0,0,1,"zločin","zlosák"
292,"zlo","zlo-či","či",3,13,"svěd-či","svěd",14,1,1,1,"zločinec","svědčinec"
324,"first_blank","first_blank-žlu","žlu",2,13,"first_blank-aka","aka",13,0,0,1,"žlutá","akatá"
452,"first_blank","first_blank-zma","zma",2,31,"first_blank-trá","trá",31,0,0,1,"zmatek","trátek"
79,"first_blank","first_blank-zmi","zmi",3,29,"first_blank-uspo","uspo",29,0,1,1,"zmizení","uspození"
881,"first_blank","first_blank-zmra","zmra",2,14,"first_blank-zjis","zjis",14,0,0,1,"zmrazit","zjiszit"
593,"first_blank","first_blank-zna","zna",2,50,"first_blank-ote","ote",50,0,0,1,"znalost","otelost"
190,"first_blank","first_blank-zn","zn",1,18,"first_blank-kó","kó",18,0,0,1,"znát","kóát"
73,"first_blank","first_blank-zni","zni",3,31,"first_blank-dvoj","dvoj",32,1,1,1,"zničení","dvojčení"
630,"first_blank","first_blank-zó","zó",2,7,"first_blank-hil","hil",7,0,1,1,"zóna","hilna"
314,"first_blank","first_blank-zprá","zprá",2,8,"first_blank-zner","zner",8,0,0,1,"zpráva","znerva"
44,"first_blank","first_blank-zprá","zprá",2,8,"first_blank-zner","zner",8,0,0,1,"zprávy","znervy"
240,"first_blank","first_blank-způ","způ",3,41,"first_blank-star","star",42,1,1,1,"způsobit","starsobit"
401,"first_blank","first_blank-zrád","zrád",2,10,"first_blank-vzná","vzná",10,0,0,1,"zrádce","vznáce"
560,"zra","zra-ně","ně",3,16,"skle-ně","skle",6,10,1,1,"zranění","sklenění"
576,"dlo","dlo-last_blank","last_blank",3,39,"chat-last_blank","chat",39,0,1,1,"zrcadlo","zrcachat"
973,"first_blank","first_blank-zříd","zříd",2,2,"first_blank-všed","všed",2,0,0,1,"zřídka","všedka"
656,"first_blank","first_blank-zu","zu",1,40,"first_blank-bý","bý",40,0,0,1,"zub","býb"
629,"stat","stat-last_blank","last_blank",2,9,"znal-last_blank","znal",9,0,0,1,"zůstat","zůznal"
27,"first_blank","first_blank-zví","zví",2,27,"first_blank-lin","lin",27,0,0,1,"zvíře","linře"
376,"uk","uk-last_blank","last_blank",1,9,"ew-last_blank","ew",9,0,0,1,"zvuk","zvew"
916,"first_blank","first_blank-žvý","žvý",2,12,"first_blank-zdě","zdě",12,0,0,1,"žvýkat","zděkat"
