"word_id","first","original_pair","second","syll","original_freq","replacement_pair","replacement_syll","replacement_freq","freq_diff","char_diff","letter_diff","original_word","replacement_word"
963,"lut","lut-ně","ně",4,1,"chval-ně","chval",1,0,2,1,"absolutně","absochvalně"
13,"first_blank","first_blank-af","af",3,28,"first_blank-uvol","uvol",28,0,2,1,"afrika","uvolrika"
677,"oj","oj-last_blank","last_blank",1,5,"cá-last_blank","cá",5,0,0,1,"ahoj","ahcá"
195,"ds","ds-last_blank","last_blank",1,11,"čo-last_blank","čo",11,0,0,1,"aids","aičo"
407,"first_blank","first_blank-ak","ak",1,99,"first_blank-ří","ří",99,0,0,1,"akt","řít"
8,"ak","ak-tiv","tiv",3,14,"ak-cent","cent",1,13,1,1,"aktivní","akcentní"
313,"tov","tov-ka","ka",3,5,"zpac-ka","zpac",4,1,1,1,"aktovka","akzpacka"
523,"bum","bum-last_blank","last_blank",2,2,"jah-last_blank","jah",2,0,0,1,"album","aljah"
329,"hol","hol-last_blank","last_blank",3,3,"bých-last_blank","bých",3,0,1,1,"alkohol","alkobých"
625,"first_blank","first_blank-ama","ama",2,26,"first_blank-pus","pus",26,0,0,1,"amatér","pustér"
374,"sáda","sáda-last_blank","last_blank",3,2,"gart-last_blank","gart",2,0,0,1,"ambasáda","ambagart"
923,"tik","tik-last_blank","last_blank",3,23,"jdou-last_blank","jdou",23,0,1,1,"analytik","analyjdou"
266,"first_blank","first_blank-anar","anar",2,4,"first_blank-asis","asis",4,0,0,1,"anarchie","asischie"
637,"to","to-mie","mie",3,3,"to-krát","krát",3,0,1,1,"anatomie","anatokrát"
91,"děl","děl-last_blank","last_blank",2,49,"šit-last_blank","šit",49,0,0,1,"anděl","anšit"
175,"lič","lič-ti","ti",5,5,"antark-ti","antark",4,1,3,1,"angličtina","angantarktina"
443,"nym","nym-ní","ní",3,2,"puls-ní","puls",2,0,1,1,"anonymní","anopulsní"
572,"first_blank","first_blank-apli","apli",3,7,"first_blank-skau","skau",7,0,0,1,"aplikovat","skaukovat"
40,"first_blank","first_blank-aré","aré",2,4,"first_blank-šta","šta",4,0,0,1,"aréna","štana"
365,"fakt","fakt-last_blank","last_blank",3,1,"dink-last_blank","dink",1,0,0,1,"artefakt","artedink"
962,"ze","ze-nál","nál",3,1,"ze-brat","brat",1,0,1,1,"arzenál","arzebrat"
390,"rin","rin-last_blank","last_blank",3,14,"chod-last_blank","chod",14,0,1,1,"aspirin","aspichod"
520,"naut","naut-last_blank","last_blank",4,2,"hráls-last_blank","hráls",2,0,1,1,"astronaut","astrohráls"
243,"first_blank","first_blank-ato","ato",3,12,"first_blank-zmlá","zmlá",12,0,1,1,"atomový","zmlámový"
623,"first_blank","first_blank-auk","auk",2,3,"first_blank-ját","ját",3,0,0,1,"aukce","játce"
173,"gram","gram-last_blank","last_blank",3,12,"kost-last_blank","kost",12,0,0,1,"autogram","autokost"
192,"tor","tor-last_blank","last_blank",2,97,"vej-last_blank","vej",97,0,0,1,"autor","auvej"
840,"nue","nue-last_blank","last_blank",2,2,"lěj-last_blank","lěj",2,0,0,1,"avenue","avelěj"
161,"ječ","ječ-né","né",3,3,"hroz-né","hroz",3,0,1,1,"báječné","báhrozné"
244,"nán","nán-last_blank","last_blank",2,6,"phe-last_blank","phe",6,0,0,1,"banán","baphe"
240,"kéř","kéř-last_blank","last_blank",2,1,"řáb-last_blank","řáb",1,0,0,1,"bankéř","banřáb"
168,"first_blank","first_blank-ban","ban",3,60,"first_blank-stří","stří",59,1,1,1,"bankovní","stříkovní"
214,"ron","ron-last_blank","last_blank",2,16,"táš-last_blank","táš",16,0,0,1,"baron","batáš"
172,"ball","ball-last_blank","last_blank",3,6,"dých-last_blank","dých",6,0,0,1,"basketball","basketdých"
738,"first_blank","first_blank-bás","bás",2,14,"first_blank-cvo","cvo",14,0,0,1,"básník","cvoník"
621,"first_blank","first_blank-bě","bě",1,57,"first_blank-dí","dí",57,0,0,1,"běh","díh"
998,"first_blank","first_blank-bes","bes",2,4,"first_blank-hin","hin",4,0,0,1,"bestie","hintie"
469,"ton","ton-last_blank","last_blank",2,104,"ším-last_blank","ším",104,0,0,1,"beton","beším"
32,"moc","moc-ný","ný",3,9,"stup-ný","stup",7,2,1,1,"bezmocný","bezstupný"
33,"nost","nost-ní","ní",4,13,"stráž-ní","stráž",9,4,1,1,"bezpečnostní","bezpečstrážní"
943,"peč","peč-ný","ný",3,4,"stat-ný","stat",4,0,1,1,"bezpečný","bezstatný"
438,"bez","bez-prá","prá",3,1,"bez-útěš","útěš",1,0,1,1,"bezpráví","bezútěšví"
652,"first_blank","first_blank-bib","bib",2,8,"first_blank-upá","upá",8,0,0,1,"bible","upále"
66,"first_blank","first_blank-bí","bí",2,27,"first_blank-lin","lin",27,0,1,1,"bílý","linlý"
269,"kup","kup-last_blank","last_blank",2,4,"hry-last_blank","hry",4,0,0,1,"biskup","bishry"
577,"ho","ho-přá","přá",4,1,"ho-kagem","kagem",1,0,2,1,"blahopřání","blahokagemní"
522,"blá","blá-to","to",2,1,"ron-to","ron",1,0,0,1,"bláto","ronto"
226,"first_blank","first_blank-blá","blá",2,26,"first_blank-kva","kva",26,0,0,1,"blázen","kvazen"
219,"bl","bl-es","es",1,5,"pr-es","pr",5,0,0,1,"blesk","presk"
587,"bo","bo-j","j",1,1,"ře-j","ře",1,0,0,1,"boj","řej"
159,"first_blank","first_blank-bom","bom",4,31,"first_blank-vlast","vlast",35,4,2,1,"bombardovat","vlastbardovat"
660,"nb","nb-ón","ón",1,1,"ra-ón","ra",1,0,0,1,"bonbón","boraón"
475,"nus","nus-last_blank","last_blank",2,13,"hle-last_blank","hle",13,0,0,1,"bonus","bohle"
45,"bo","bo-ot","ot",2,1,"bo-chu","chu",1,0,1,1,"boot","bochu"
791,"bo","bo-x","x",1,1,"ri-x","ri",1,0,0,1,"box","rix"
644,"bor","bor-last_blank","last_blank",2,10,"cíš-last_blank","cíš",10,0,0,1,"brambor","bramcíš"
11,"bra","bra-vo","vo",2,1,"pří-vo","pří",1,0,0,1,"bravo","přívo"
311,"first_blank","first_blank-bru","bru",3,33,"first_blank-chyt","chyt",33,0,1,1,"brutální","chyttální"
882,"first_blank","first_blank-brý","brý",2,6,"first_blank-gui","gui",6,0,0,1,"brýle","guile"
376,"douc","douc-nost","nost",3,1,"zdat-nost","zdat",1,0,0,1,"budoucnost","buzdatnost"
47,"first_blank","first_blank-bů","bů",1,5,"first_blank-lě","lě",5,0,0,1,"bůh","lěh"
881,"first_blank","first_blank-buň","buň",2,8,"first_blank-dec","dec",8,0,0,1,"buňka","decka"
655,"sar","sar-last_blank","last_blank",2,3,"řád-last_blank","řád",3,0,0,1,"caesar","caeřád"
289,"first_blank","first_blank-cel","cel",3,19,"first_blank-slad","slad",19,0,1,1,"celkový","sladkový"
531,"ce","ce-ment","ment",2,1,"ce-krát","krát",1,0,0,1,"cement","cekrát"
142,"first_blank","first_blank-cen","cen",2,46,"first_blank-smě","smě",46,0,0,1,"cenný","směný"
186,"pa","pa-dlo","dlo",3,1,"pa-žích","žích",1,0,1,1,"čerpadlo","čerpažích"
458,"tvý","tvý-last_blank","last_blank",3,1,"coll-last_blank","coll",1,0,1,1,"čerstvý","čerscoll"
185,"rv","rv-last_blank","last_blank",1,4,"ňů-last_blank","ňů",4,0,0,1,"červ","čeňů"
67,"ven","ven-last_blank","last_blank",2,40,"sil-last_blank","sil",40,0,0,1,"červen","čersil"
981,"first_blank","first_blank-čer","čer",3,105,"first_blank-stře","stře",94,11,1,1,"červené","střevené"
77,"ek","ek-last_blank","last_blank",1,23,"rý-last_blank","rý",23,0,0,1,"česnek","česnrý"
653,"first_blank","first_blank-ces","ces",4,36,"first_blank-stráž","stráž",27,9,2,1,"cestující","strážtující"
982,"cha","cha-os","os",2,1,"nej-os","nej",1,0,0,1,"chaos","nejos"
500,"first_blank","first_blank-cha","cha",3,93,"first_blank-stře","stře",94,1,1,1,"charakter","střerakter"
96,"cha","cha-ri","ri",5,10,"daiqui-ri","daiqui",1,9,3,1,"charitativní","daiquiritativní"
509,"cha","cha-ta","ta",2,1,"his-ta","his",1,0,0,1,"chata","hista"
36,"first_blank","first_blank-che","che",2,54,"first_blank-for","for",54,0,0,1,"chemie","formie"
35,"che","che-mi","mi",4,8,"jizva-mi","jizva",1,7,2,1,"chemikálie","jizvamikálie"
123,"rurg","rurg-last_blank","last_blank",2,3,"nusi-last_blank","nusi",3,0,0,1,"chirurg","chinusi"
115,"chlap","chlap-ci","ci",2,1,"chrán-ci","chrán",1,0,0,1,"chlapci","chránci"
784,"lé","lé-b","b",1,1,"so-b","so",1,0,0,1,"chléb","chsob"
276,"ch","ch-rá","rá",1,1,"ch-yb","yb",1,0,0,1,"chrám","chybm"
187,"chrá","chrá-nit","nit",2,2,"čast-nit","čast",2,0,0,2,"chránit","častnit"
74,"chřip","chřip-ka","ka",2,1,"chran-ka","chran",1,0,0,1,"chřipka","chranka"
34,"first_blank","first_blank-chu","chu",3,29,"first_blank-skon","skon",29,0,1,1,"chudoba","skondoba"
39,"ud","ud-ý","ý",1,1,"sv-ý","sv",1,0,0,1,"chudý","chsvý"
78,"uť","uť-last_blank","last_blank",1,3,"nc-last_blank","nc",3,0,0,1,"chuť","chnc"
323,"first_blank","first_blank-chut","chut",2,15,"first_blank-moud","moud",15,0,0,1,"chutný","moudný"
716,"first_blank","first_blank-chů","chů",2,5,"first_blank-svr","svr",5,0,0,1,"chůva","svrva"
75,"first_blank","first_blank-chy","chy",2,67,"first_blank-har","har",67,0,0,1,"chyba","harba"
237,"first_blank","first_blank-chyt","chyt",2,33,"first_blank-zkou","zkou",33,0,0,2,"chytrý","zkourý"
108,"ni","ni-dlo","dlo",3,2,"ni-zmus","zmus",2,0,1,1,"činidlo","činizmus"
613,"first_blank","first_blank-či","či",1,59,"first_blank-nu","nu",59,0,0,1,"čip","nup"
81,"sař","sař-ský","ský",3,1,"troj-ský","troj",1,0,1,1,"císařský","cítrojský"
5,"first_blank","first_blank-čís","čís",2,11,"first_blank-zvá","zvá",11,0,0,1,"číslo","zválo"
690,"číš","číš-ník","ník",2,1,"deb-ník","deb",1,0,0,1,"číšník","debník"
413,"first_blank","first_blank-čí","čí",1,28,"first_blank-uh","uh",28,0,0,1,"číst","uhst"
846,"first_blank","first_blank-čis","čis",2,42,"first_blank-sha","sha",42,0,0,1,"čistý","shatý"
862,"vil","vil-ní","ní",3,2,"tráv-ní","tráv",2,0,1,1,"civilní","citrávní"
449,"first_blank","first_blank-člá","člá",2,1,"first_blank-nya","nya",1,0,0,1,"článek","nyanek"
906,"first_blank","first_blank-čl","čl",1,3,"first_blank-fú","fú",3,0,0,1,"člen","fúen"
965,"co","co-last_blank","last_blank",1,66,"zy-last_blank","zy",75,9,0,1,"co","zy"
504,"cr","cr-ac","ac",1,1,"cr-os","os",1,0,0,1,"crack","crosk"
635,"čte","čte-ní","ní",2,2,"vil-ní","vil",2,0,0,1,"čtení","vilní"
85,"kr","kr-last_blank","last_blank",1,6,"ub-last_blank","ub",6,0,0,1,"cukr","cuub"
369,"ko","ko-hled","hled",4,1,"ko-vejch","vejch",1,0,1,1,"dalekohled","dalekovejch"
94,"first_blank","first_blank-dal","dal",2,14,"first_blank-cvo","cvo",14,0,0,1,"další","cvoší"
230,"da","da-ta","ta",2,5,"da-něj","něj",5,0,1,1,"data","daněj"
639,"da","da-v","v",1,2,"lu-v","lu",2,0,0,1,"dav","luv"
233,"first_blank","first_blank-dáv","dáv",2,19,"first_blank-nan","nan",19,0,0,1,"dávka","nanka"
781,"first_blank","first_blank-dce","dce",2,11,"first_blank-oči","oči",11,0,0,1,"dcera","očira"
24,"de","de-ček","ček",3,3,"de-tail","tail",3,0,1,1,"dědeček","dědetail"
964,"tví","tví-last_blank","last_blank",3,43,"nech-last_blank","nech",43,0,1,1,"dědictví","dědicnech"
665,"de","de-ka","ka",2,2,"bli-ka","bli",2,0,1,1,"deka","blika"
626,"kan","kan-last_blank","last_blank",2,3,"vio-last_blank","vio",3,0,0,1,"děkan","děvio"
82,"li","li-kát","kát",4,2,"li-vings","vings",2,0,2,1,"delikátní","delivingsní"
828,"den","den-ně","ně",2,3,"kál-ně","kál",3,0,0,1,"denně","kálně"
758,"si","si-vý","vý",3,2,"si-lent","lent",1,1,2,1,"děsivý","děsilent"
722,"šť","šť-last_blank","last_blank",1,4,"jk-last_blank","jk",4,0,0,1,"déšť","déjk"
128,"zert","zert-last_blank","last_blank",2,1,"sint-last_blank","sint",1,0,0,1,"dezert","desint"
278,"mant","mant-last_blank","last_blank",3,1,"bron-last_blank","bron",1,0,0,1,"diamant","diabron"
700,"di","di-gu","gu",5,1,"mustan-gu","mustan",1,0,4,1,"digulování","mustangulování"
180,"first_blank","first_blank-díl","díl",2,7,"first_blank-kno","kno",7,0,0,1,"dílna","knona"
2,"plom","plom-last_blank","last_blank",2,1,"trém-last_blank","trém",1,0,0,1,"diplom","ditrém"
112,"first_blank","first_blank-dí","dí",2,57,"first_blank-san","san",57,0,1,1,"dítě","santě"
205," se"," se-last_blank","last_blank",3,1,"dišť-last_blank","dišť",1,0,1,1,"dívej se","dívejdišť"
73,"dív","dív-ka","ka",2,2,"hač-ka","hač",2,0,0,1,"dívka","hačka"
503,"first_blank","first_blank-dn","dn",1,19,"first_blank-oš","oš",19,0,0,1,"dna","oša"
866,"dn","dn-es","es",1,3,"kř-es","kř",3,0,0,1,"dnes","křes"
810,"dob","dob-ře","ře",2,2,"uho-ře","uho",2,0,0,1,"dobře","uhoře"
119,"vol","vol-ník","ník",4,1,"střed-ník","střed",1,0,2,1,"dobrovolník","dobrostředník"
735,"first_blank","first_blank-dob","dob",2,70,"first_blank-kar","kar",72,2,0,1,"dobrý","karrý"
539,"do","do-jem","jem",2,5,"do-vač","vač",5,0,0,1,"dojem","dovač"
211,"first_blank","first_blank-dol","dol",2,5,"first_blank-úvě","úvě",5,0,0,1,"dolní","úvění"
404,"do","do-lů","lů",2,1,"do-bám","bám",1,0,1,1,"dolů","dobám"
127,"pro","pro-vod","vod",3,2,"pro-bral","bral",2,0,1,1,"doprovod","doprobral"
583,"do","do-slo","slo",3,1,"do-jdem","jdem",1,0,1,1,"doslova","dojdemva"
657,"spě","spě-lý","lý",3,5,"rost-lý","rost",2,3,1,1,"dospělý","dorostlý"
794,"spí","spí-va","va",5,5,"rozhně-va","rozhně",1,4,3,1,"dospívající","dorozhněvající"
129,"do","do-st","st",1,2,"vá-st","vá",2,0,0,1,"dost","vást"
303,"sti","sti-last_blank","last_blank",2,1,"rýt-last_blank","rýt",1,0,0,1,"dosti","dorýt"
424,"vo","vo-lit","lit",3,5,"vo-dech","dech",4,1,1,1,"dovolit","dovodech"
335,"first_blank","first_blank-dra","dra",2,86,"first_blank-svě","svě",85,1,0,1,"drahý","svěhý"
334,"first_blank","first_blank-dr","dr",1,104,"first_blank-os","os",104,0,0,1,"drak","osak"
287,"first_blank","first_blank-dra","dra",2,86,"first_blank-stu","stu",87,1,0,1,"drama","stuma"
659,"dra","dra-ma","ma",4,14,"ahjum-ma","ahjum",1,13,2,1,"dramatický","ahjummatický"
699,"dr","dr-by","by",2,1,"dr-zos","zos",1,0,1,1,"drby","drzos"
378,"first_blank","first_blank-dru","dru",2,42,"first_blank-ben","ben",42,0,0,1,"druhý","benhý"
139,"žet","žet-last_blank","last_blank",2,41,"hou-last_blank","hou",41,0,0,1,"držet","drhou"
532,"chod","chod-last_blank","last_blank",2,14,"land-last_blank","land",14,0,0,1,"důchod","důland"
141,"kaz","kaz-last_blank","last_blank",2,10,"peš-last_blank","peš",10,0,0,1,"důkaz","důpeš"
56,"dů","dů-m","m",1,1,"lu-m","lu",1,0,0,1,"dům","lum"
140,"še","še-last_blank","last_blank",2,78,"cím-last_blank","cím",78,0,1,1,"duše","ducím"
153,"šev","šev-ní","ní",3,2,"okol-ní","okol",2,0,1,1,"duševní","duokolní"
876,"vě","vě-ra","ra",3,7,"chyt-ra","chyt",4,3,2,1,"důvěra","důchytra"
991,"vod","vod-last_blank","last_blank",2,16,"dia-last_blank","dia",16,0,0,1,"důvod","důdia"
88,"first_blank","first_blank-dv","dv",1,14,"first_blank-ďá","ďá",14,0,0,1,"dva","ďáa"
884,"first_blank","first_blank-dv","dv",1,14,"first_blank-kd","kd",14,0,0,1,"dvd","kdd"
817,"dvoj","dvoj-ná","ná",4,7,"ochut-ná","ochut",6,1,1,1,"dvojnásobek","ochutnásobek"
656,"nastie","nastie-last_blank","last_blank",2,1,"gustin-last_blank","gustin",1,0,0,1,"dynastie","dygustin"
819,"íp","íp-last_blank","last_blank",1,1,"áť-last_blank","áť",1,0,0,1,"džíp","džáť"
330,"gle","gle-last_blank","last_blank",2,8,"zvu-last_blank","zvu",8,0,0,1,"džungle","džunzvu"
804,"ri","ri-ment","ment",4,1,"ri-chiyo","chiyo",2,1,1,1,"experiment","experichiyo"
736,"pert","pert-last_blank","last_blank",2,2,"ctít-last_blank","ctít",2,0,0,1,"expert","exctít"
974,"fak","fak-tor","tor",2,1,"trá-tor","trá",1,0,0,1,"faktor","trátor"
434,"leš","leš-ný","ný",3,3,"znač-ný","znač",3,0,1,1,"falešný","faznačný"
118,"first_blank","first_blank-fá","fá",2,11,"first_blank-zvu","zvu",11,0,1,1,"fáze","zvuze"
748,"de","de-rál","rál",4,7,"de-tecti","tecti",1,6,2,1,"federální","fedetectiní"
403,"fie","fie-last_blank","last_blank",4,16,"stvím-last_blank","stvím",16,0,2,1,"filozofie","filozostvím"
842,"ná","ná-le","le",3,24,"stře-le","stře",24,0,2,1,"finále","fistřele"
241,"nan","nan-ce","ce",3,6,"zkrá-ce","zkrá",6,0,1,1,"finance","fizkráce"
170,"nanč","nanč-ně","ně",3,1,"slib-ně","slib",1,0,0,1,"finančně","fislibně"
6,"first_blank","first_blank-fir","fir",2,8,"first_blank-vlh","vlh",8,0,0,1,"firma","vlhma"
543,"lář","lář-last_blank","last_blank",3,5,"přít-last_blank","přít",5,0,1,1,"formulář","formupřít"
368,"rát","rát-last_blank","last_blank",5,8,"tečnej-last_blank","tečnej",5,3,3,1,"fotoaparát","fotoapatečnej"
317,"first_blank","first_blank-frag","frag",2,3,"first_blank-fešá","fešá",3,0,0,1,"fragment","fešáment"
695,"first_blank","first_blank-frek","frek",3,5,"first_blank-shar","shar",5,0,0,1,"frekvence","sharvence"
71,"first_blank","first_blank-fun","fun",3,16,"first_blank-rost","rost",16,0,1,1,"fungovat","rostgovat"
361,"zi","zi-ka","ka",3,3,"otáz-ka","otáz",3,0,2,1,"fyzika","fyotázka"
929,"le","le-rie","rie",3,3,"le-tích","tích",3,0,1,1,"galerie","galetích"
706,"ga","ga-ng","ng",1,1,"ga-su","su",1,0,0,1,"gang","gasu"
568,"uč","uč-last_blank","last_blank",1,7,"bl-last_blank","bl",7,0,0,1,"gauč","gabl"
647,"tor","tor-last_blank","last_blank",4,97,"ských-last_blank","ských",79,18,2,1,"generátor","generáských"
870,"nius","nius-last_blank","last_blank",2,3,"vens-last_blank","vens",3,0,0,1,"génius","gévens"
7,"first_blank","first_blank-ges","ges",2,3,"first_blank-lůž","lůž",3,0,0,1,"gesto","lůžto"
800,"lf","lf-last_blank","last_blank",1,10,"ět-last_blank","ět",10,0,0,1,"golf","goět"
689,"nér","nér-last_blank","last_blank",3,3,"mmym-last_blank","mmym",3,0,1,1,"guvernér","guvermmym"
552," hry"," hry-last_blank","last_blank",4,1,"lečte-last_blank","lečte",1,0,1,1,"hazardní hry","hazardnílečte"
30,"first_blank","first_blank-hed","hed",3,7,"first_blank-arab","arab",7,0,1,1,"hedvábí","arabvábí"
65,"hel","hel-ma","ma",2,1,"kaj-ma","kaj",1,0,0,1,"helma","kajma"
975,"first_blank","first_blank-hl","hl",1,20,"first_blank-zm","zm",20,0,0,1,"hlad","zmad"
618,"first_blank","first_blank-hl","hl",1,20,"first_blank-ye","ye",20,0,0,1,"hlas","yeas"
366,"first_blank","first_blank-hlav","hlav",4,9,"first_blank-ustou","ustou",9,0,1,1,"hlavní město","ustouní město"
966,"mýžď","mýžď-last_blank","last_blank",2,1,"mžik-last_blank","mžik",1,0,0,1,"hlemýžď","hlemžik"
200,"first_blank","first_blank-hlí","hlí",2,30,"first_blank-jen","jen",30,0,0,1,"hlídat","jendat"
999,"first_blank","first_blank-hl","hl",1,20,"first_blank-té","té",20,0,0,1,"hluk","téuk"
60,"first_blank","first_blank-hmo","hmo",2,5,"first_blank-žol","žol",5,0,0,1,"hmota","žolta"
925,"first_blank","first_blank-hmot","hmot",2,6,"first_blank-dout","dout",6,0,0,1,"hmotnost","doutnost"
387,"first_blank","first_blank-hně","hně",2,16,"first_blank-řek","řek",16,0,0,1,"hnědý","řekdý"
934,"ěv","ěv-last_blank","last_blank",1,3,"ig-last_blank","ig",3,0,0,1,"hněv","hnig"
872,"first_blank","first_blank-hn","hn",1,23,"first_blank-dé","dé",23,0,0,1,"hnízdo","déízdo"
742,"first_blank","first_blank-hob","hob",2,1,"first_blank-ody","ody",1,0,0,1,"hobby","odyby"
62,"first_blank","first_blank-hod","hod",3,59,"first_blank-stří","stří",59,0,1,1,"hodnota","střínota"
769,"hor","hor-ký","ký",2,2,"bec-ký","bec",2,0,0,1,"horký","becký"
4,"mon","mon-last_blank","last_blank",2,13,"žít-last_blank","žít",13,0,0,1,"hormon","horžít"
117,"hor","hor-ní","ní",2,7,"deb-ní","deb",7,0,0,1,"horní","dební"
651,"first_blank","first_blank-hos","hos",3,57,"first_blank-stří","stří",59,2,1,1,"hospoda","střípoda"
391,"ho","ho-tel","tel",2,1,"ho-lín","lín",1,0,0,1,"hotel","holín"
516,"vost","vost-last_blank","last_blank",3,43,"nách-last_blank","nách",43,0,0,1,"hotovost","hotonách"
213," si"," si-last_blank","last_blank",2,1,"pín-last_blank","pín",1,0,0,1,"hrát si","hrátpín"
938,"first_blank","first_blank-hr","hr",3,95,"first_blank-stře","stře",94,1,2,1,"hrdina","středina"
308,"dlo","dlo-last_blank","last_blank",2,39,"ker-last_blank","ker",39,0,0,1,"hrdlo","hrker"
144,"dost","dost-last_blank","last_blank",2,7,"bert-last_blank","bert",7,0,0,1,"hrdost","hrbert"
933,"dý","dý-last_blank","last_blank",2,16,"táš-last_blank","táš",16,0,1,1,"hrdý","hrtáš"
979,"first_blank","first_blank-hř","hř",1,9,"first_blank-iv","iv",9,0,0,1,"hřích","ivích"
218,"ob","ob-last_blank","last_blank",1,5,"dn-last_blank","dn",5,0,0,1,"hrob","hrdn"
220,"hroz","hroz-ný","ný",2,3,"hled-ný","hled",3,0,0,1,"hrozný","hledný"
756,"ůz","ůz-a","a",1,2,"aa-a","aa",2,0,0,1,"hrůza","hraaa"
812,"ri","ri-kán","kán",3,2,"ri-pley","pley",2,0,1,1,"hurikán","huripley"
260,"hu","hu-sa","sa",1,2,"ce-sa","ce",2,0,0,1,"husa","cesa"
598," se"," se-last_blank","last_blank",3,1,"buci-last_blank","buci",1,0,1,1,"hýbat se","hýbatbuci"
801,"first_blank","first_blank-id","id",1,10,"first_blank-ží","ží",10,0,0,1,"idea","žíea"
517,"first_blank","first_blank-ide","ide",2,14,"first_blank-cas","cas",14,0,0,1,"ideál","casál"
592,"first_blank","first_blank-ile","ile",3,6,"first_blank-zmír","zmír",6,0,1,1,"ilegální","zmírgální"
188,"first_blank","first_blank-ilu","ilu",2,4,"first_blank-aso","aso",4,0,0,1,"iluze","asoze"
859,"zant","zant-ní","ní",4,1,"vstup-ní","vstup",1,0,1,1,"impozantní","impovstupní"
430,"dent","dent-last_blank","last_blank",3,9,"ward-last_blank","ward",9,0,0,1,"incident","inciward"
288,"spek","spek-tor","tor",3,4,"proc-tor","proc",1,3,0,1,"inspektor","inproctor"
235,"spi","spi-ro","ro",4,13,"mille-ro","mille",4,9,2,1,"inspirovat","inmillerovat"
239,"stinkt","stinkt-last_blank","last_blank",2,1,"strast-last_blank","strast",1,0,0,1,"instinkt","instrast"
936,"net","net-last_blank","last_blank",3,13,"king-last_blank","king",13,0,1,1,"internet","interking"
939,"in","in-va","va",3,8,"mlou-va","mlou",7,1,2,1,"invaze","mlouvaze"
15,"nýr","nýr-last_blank","last_blank",3,3,"vích-last_blank","vích",3,0,1,1,"inženýr","inževích"
242,"first_blank","first_blank-iro","iro",2,8,"first_blank-stý","stý",8,0,0,1,"ironie","stýnie"
506,"bl","bl-ko","ko",3,2,"trys-ko","trys",2,0,2,1,"jablko","jatrysko"
548,"ja","ja-ro","ro",2,1,"sup-ro","sup",1,0,1,1,"jaro","supro"
470,"first_blank","first_blank-jas","jas",2,23,"first_blank-zla","zla",23,0,0,1,"jasně","zlaně"
222,"zz","zz-last_blank","last_blank",1,5,"oh-last_blank","oh",5,0,0,1,"jazz","jaoh"
937,"je","je-d","d",1,1,"wi-d","wi",1,0,0,1,"jed","wid"
816,"je","je-den","den",2,3,"je-víš","víš",3,0,0,1,"jeden","jevíš"
247,"jed","jed-no","no",4,60,"warre-no","warre",3,57,2,1,"jednoduše","warrenoduše"
114,"not","not-ka","ka",3,2,"chač-ka","chač",2,0,1,1,"jednotka","jedchačka"
764,"first_blank","first_blank-jeh","jeh",2,7,"first_blank-rag","rag",7,0,0,1,"jehla","ragla"
835,"je","je-v","v",1,1,"lí-v","lí",1,0,0,1,"jev","lív"
253,"first_blank","first_blank-jíd","jíd",2,6,"first_blank-pes","pes",6,0,0,1,"jídlo","peslo"
250,"ji","ji-ž","ž",1,1,"ka-ž","ka",1,0,0,1,"již","kaž"
693,"first_blank","first_blank-již","již",2,6,"first_blank-kok","kok",6,0,0,1,"jižní","kokní"
358,"first_blank","first_blank-jó","jó",2,7,"first_blank-mač","mač",7,0,1,1,"jóga","mačga"
23,"risdik","risdik-ce","ce",3,1,"hispán-ce","hispán",1,0,0,1,"jurisdikce","juhispánce"
135,"bel","bel-last_blank","last_blank",2,11,"tán-last_blank","tán",11,0,0,1,"kabel","katán"
529,"dář","dář-last_blank","last_blank",3,4,"lals-last_blank","lals",4,0,1,1,"kalendář","kalenlals"
896,"paň","paň-last_blank","last_blank",2,1,"krů-last_blank","krů",1,0,0,1,"kampaň","kamkrů"
990,"nál","nál-last_blank","last_blank",2,10,"lií-last_blank","lií",10,0,0,1,"kanál","kalií"
599,"léř","léř-last_blank","last_blank",2,2,"bye-last_blank","bye",2,0,0,1,"kancléř","kancbye"
897,"dát","dát-last_blank","last_blank",3,3,"tknu-last_blank","tknu",3,0,1,1,"kandidát","kanditknu"
678,"ka","ka-pa","pa",4,10,"ka-tedrá","tedrá",4,6,3,1,"kapacita","katedrácita"
514,"ps","ps-a","a",1,2,"ju-a","ju",2,0,0,1,"kapsa","kajua"
727,"first_blank","first_blank-kaps","kaps",2,3,"first_blank-bris","bris",3,0,0,1,"kapsle","brisle"
573,"ka","ka-ri","ri",4,15,"ka-tedře","tedře",1,14,3,1,"kariéra","katedřeéra"
166,"ne","ne-val","val",3,1,"ne-úctu","úctu",1,0,1,1,"karneval","karneúctu"
210,"ka","ka-šel","šel",2,1,"ka-říš","říš",1,0,0,1,"kašel","kaříš"
306,"to","to-lík","lík",3,1,"to-krat","krat",1,0,1,1,"katolík","katokrat"
103,"le","le-rie","rie",4,3,"le-louch","louch",1,2,2,1,"kavalerie","kavalelouch"
349,"čup","čup-last_blank","last_blank",2,1,"mrd-last_blank","mrd",1,0,0,1,"kečup","kemrd"
767,"ke","ke-ř","ř",1,1,"vy-ř","vy",1,0,0,1,"keř","vyř"
184,"ki","ki-lo","lo",2,11,"izo-lo","izo",11,0,1,1,"kilo","izolo"
367,"ki","ki-lo","lo",4,11,"schva-lo","schva",6,5,3,1,"kilometr","schvalometr"
113,"ki","ki-no","no",2,2,"bub-no","bub",2,0,1,1,"kino","bubno"
658,"first_blank","first_blank-kl","kl",1,37,"first_blank-př","př",37,0,0,1,"klan","přan"
321,"vír","vír-last_blank","last_blank",2,3,"teb-last_blank","teb",3,0,0,1,"klavír","klateb"
57,"first_blank","first_blank-klet","klet",2,5,"first_blank-kanc","kanc",5,0,0,1,"kletba","kancba"
946,"íč","íč-last_blank","last_blank",1,2,"éé-last_blank","éé",2,0,0,1,"klíč","kléé"
839,"first_blank","first_blank-kl","kl",1,37,"first_blank-př","př",37,0,0,1,"klid","přid"
26,"ub","ub-last_blank","last_blank",1,6,"kr-last_blank","kr",6,0,0,1,"klub","klkr"
400,"first_blank","first_blank-knihov","knihov",2,4,"first_blank-antark","antark",4,0,0,3,"knihovna","antarkna"
341,"first_blank","first_blank-knof","knof",2,7,"first_blank-dvou","dvou",7,0,0,1,"knoflík","dvoulík"
194,"first_blank","first_blank-kó","kó",1,18,"first_blank-ús","ús",18,0,0,1,"kód","úsd"
193,"ko","ko-ka","ka",3,3,"srač-ka","srač",3,0,2,1,"kokain","sračkain"
616,"le","le-ga","ga",3,5,"le-sbič","sbič",4,1,2,1,"kolega","kolesbič"
285,"ko","ko-lo","lo",2,31,"ko-neč","neč",25,6,1,1,"kolo","koneč"
165,"lo","lo-nie","nie",3,1,"lo-kaus","kaus",1,0,1,1,"kolonie","kolokaus"
718,"kom","kom-bi","bi",4,13,"desta-bi","desta",2,11,2,1,"kombinace","destabinace"
628,"tář","tář-last_blank","last_blank",3,7,"slat-last_blank","slat",7,0,1,1,"komentář","komenslat"
453,"merč","merč-ní","ní",3,1,"přís-ní","přís",1,0,0,1,"komerční","kopřísní"
603,"fort","fort-ní","ní",3,1,"plic-ní","plic",1,0,0,1,"komfortní","komplicní"
908,"mi","mi-se","se",3,4,"otře-se","otře",4,0,2,1,"komise","kootřese"
356,"pas","pas-last_blank","last_blank",2,5,"rez-last_blank","rez",5,0,0,1,"kompas","komrez"
97,"pli","pli-ment","ment",3,1,"pli-cích","cích",1,0,0,1,"kompliment","komplicích"
122,"ko","ko-nec","nec",2,4,"ko-byl","byl",4,0,0,1,"konec","kobyl"
409,"neč","neč-ně","ně",3,5,"práv-ně","práv",5,0,1,1,"konečně","koprávně"
691,"ren","ren-ce","ce",4,9,"sklád-ce","sklád",1,8,2,1,"konference","konfeskládce"
741,"flikt","flikt-last_blank","last_blank",2,1,"point-last_blank","point",1,0,0,1,"konflikt","konpoint"
751,"struk","struk-ce","ce",3,7,"zkrou-ce","zkrou",2,5,0,1,"konstrukce","konzkrouce"
739,"takt","takt-last_blank","last_blank",2,1,"lark-last_blank","lark",1,0,0,1,"kontakt","konlark"
954,"kon","kon-ta","ta",5,9,"ochlas-ta","ochlas",1,8,3,1,"kontaminace","ochlastaminace"
111,"ver","ver-za","za",4,3,"hypnó-za","hypnó",1,2,2,1,"konverzace","konhypnózace"
337,"va","va-tiv","tiv",5,5,"va-lescen","lescen",2,3,3,1,"konzervativní","konzervalescenní"
550,"pat","pat-last_blank","last_blank",2,46,"ger-last_blank","ger",45,1,0,1,"kopat","koger"
209,"ko","ko-pec","pec",2,1,"ko-tou","tou",1,0,0,1,"kopec","kotou"
136,"řist","řist-last_blank","last_blank",2,1,"mrít-last_blank","mrít",1,0,0,1,"kořist","komrít"
820,"ru","ru-na","na",3,2,"sval-na","sval",2,0,2,1,"koruna","kosvalna"
55,"ko","ko-ši","ši",3,5,"zlep-ši","zlep",5,0,2,1,"košile","zlepšile"
325,"ko","ko-st","st",1,4,"ko-by","by",4,0,0,1,"kost","koby"
268,"first_blank","first_blank-kos","kos",2,50,"first_blank-zna","zna",50,0,0,1,"kostel","znatel"
527,"kot","kot-va","va",2,1,"emo-va","emo",1,0,0,1,"kotva","emova"
622,"pit","pit-last_blank","last_blank",2,49,"lek-last_blank","lek",49,0,0,1,"koupit","koulek"
133,"uř","uř-last_blank","last_blank",1,1,"úm-last_blank","úm",1,0,0,1,"kouř","koúm"
296,"kouz","kouz-lo","lo",2,1,"křik-lo","křik",1,0,0,1,"kouzlo","křiklo"
346,"dež","dež-last_blank","last_blank",2,3,"věd-last_blank","věd",3,0,0,1,"krádež","krávěd"
299,"lov","lov-na","na",3,2,"obra-na","obra",2,0,1,1,"královna","kráobrana"
301,"lov","lov-ský","ský",3,2,"měst-ský","měst",2,0,1,1,"královský","kráměstský"
116,"krát","krát-ký","ký",2,2,"tric-ký","tric",2,0,0,1,"krátký","trický"
586,"krá","krá-va","va",2,1,"che-va","che",1,0,0,1,"kráva","cheva"
640,"first_blank","first_blank-kre","kre",2,47,"first_blank-sku","sku",47,0,0,1,"kredit","skudit"
489,"ém","ém-last_blank","last_blank",1,7,"ua-last_blank","ua",7,0,0,1,"krém","krua"
386,"ev","ev-last_blank","last_blank",1,5,"nì-last_blank","nì",5,0,0,1,"krev","krnì"
556,"kri","kri-tic","tic",3,9,"gnos-tic","gnos",2,7,1,1,"kritický","gnostický"
254,"mit","mit-last_blank","last_blank",2,20,"bím-last_blank","bím",20,0,0,1,"krmit","krbím"
818,"kr","kr-uh","uh",1,1,"kr-ad","ad",1,0,0,1,"kruh","krad"
684,"chař","chař-ka","ka",3,2,"část-ka","část",2,0,0,1,"kuchařka","kučástka"
83,"first_blank","first_blank-kul","kul",3,33,"first_blank-chyt","chyt",33,0,1,1,"kultura","chyttura"
309,"ku","ku-ře","ře",2,8,"svě-ře","svě",8,0,1,1,"kuře","svěře"
807,"first_blank","first_blank-ků","ků",2,14,"first_blank-bos","bos",14,0,1,1,"kůže","bosže"
733,"sag","sag-na","na",3,1,"flyn-na","flyn",1,0,1,1,"lasagna","laflynna"
263,"la","la-vi","vi",3,7,"vští-vi","vští",5,2,2,1,"lavice","vštívice"
246,"first_blank","first_blank-led","led",3,22,"first_blank-srov","srov",22,0,1,1,"ledvina","srovvina"
16,"le","le-gie","gie",2,1,"le-pen","pen",1,0,0,1,"legie","lepen"
636,"kař","kař-ský","ský",3,2,"couz-ský","couz",2,0,1,1,"lékařský","lécouzský"
274,"pit","pit-last_blank","last_blank",2,49,"děl-last_blank","děl",49,0,0,1,"lepit","leděl"
181,"sbič","sbič-ka","ka",3,1,"nouš-ka","nouš",1,0,0,1,"lesbička","lenouška"
245,"le","le-sk","sk",1,2,"le-ču","ču",2,0,0,1,"lesk","leču"
973,"lé","lé-to","to",2,1,"bot-to","bot",1,0,1,1,"léto","botto"
336,"first_blank","first_blank-lh","lh",1,4,"first_blank-ks","ks",4,0,0,1,"lhát","ksát"
125,"first_blank","first_blank-lib","lib",2,5,"first_blank-úva","úva",5,0,0,1,"libra","úvara"
953,"cho","cho-tit","tit",3,1,"spus-tit","spus",1,0,1,1,"lichotit","lispustit"
829,"li","li-ga","ga",2,3,"li-kos","kos",3,0,1,1,"liga","likos"
726,"mo","mo-ná","ná",4,5,"ochut-ná","ochut",6,1,3,1,"limonáda","liochutnáda"
300,"first_blank","first_blank-liš","liš",2,6,"first_blank-wea","wea",6,0,0,1,"liška","weaka"
70,"first_blank","first_blank-lís","lís",2,3,"first_blank-zmů","zmů",3,0,0,1,"lístek","zmůtek"
631,"pad","pad-last_blank","last_blank",3,16,"hrál-last_blank","hrál",16,0,1,1,"listopad","listohrál"
875,"jál","jál-ní","ní",4,2,"schop-ní","schop",2,0,2,1,"loajální","loaschopní"
668,"lo","lo-v","v",1,1,"øí-v","øí",1,0,0,1,"lov","øív"
885,"lží","lží-ce","ce",2,1,"dav-ce","dav",1,0,0,1,"lžíce","davce"
270,"ma","ma-fie","fie",2,1,"ma-hon","hon",1,0,0,1,"mafie","mahon"
151,"first_blank","first_blank-mag","mag",4,31,"first_blank-stráž","stráž",27,4,2,1,"magnetický","strážnetický"
928,"jestát","jestát-last_blank","last_blank",2,1,"kistán-last_blank","kistán",1,0,0,1,"majestát","makistán"
351,"má","má-lo","lo",2,4,"pty-lo","pty",4,0,1,1,"málo","ptylo"
305,"lo","lo-vat","vat",3,69,"lo-stře","stře",3,66,1,1,"malovat","malostře"
683,"žer","žer-last_blank","last_blank",3,3,"zoun-last_blank","zoun",3,0,1,1,"manažer","manazoun"
354,"žel","žel-last_blank","last_blank",2,36,"říš-last_blank","říš",36,0,0,1,"manžel","manříš"
956,"tón","tón-last_blank","last_blank",3,3,"riel-last_blank","riel",3,0,1,1,"maratón","marariel"
874,"ma","ma-rs","rs",1,1,"ma-té","té",1,0,0,1,"mars","maté"
502,"first_blank","first_blank-mat","mat",2,36,"first_blank-uvě","uvě",36,0,0,1,"matka","uvěka"
450,"me","me-č","č",1,1,"ru-č","ru",1,0,0,1,"meč","ruč"
892,"věd","věd-last_blank","last_blank",2,3,"bým-last_blank","bým",3,0,0,1,"medvěd","medbým"
249,"first_blank","first_blank-měk","měk",2,13,"first_blank-udá","udá",13,0,0,1,"měkký","udáký"
713,"síc","síc-last_blank","last_blank",2,4,"vii-last_blank","vii",4,0,0,1,"měsíc","měvii"
714,"síč","síč-ní","ní",3,5,"tent-ní","tent",5,0,1,1,"měsíční","mětentní"
793,"to","to-da","da",3,3,"to-krát","krát",3,0,2,1,"metoda","metokrát"
776,"rod","rod-ní","ní",5,15,"zvlášt-ní","zvlášt",5,10,3,1,"mezinárodní","mezinázvláštní"
359,"lá","lá-ček","ček",3,3,"lá-jích","jích",1,2,1,1,"miláček","milájích"
64,"mí","mí-le","le",2,1,"har-le","har",1,0,1,1,"míle","harle"
371,"ón","ón-last_blank","last_blank",3,8,"chům-last_blank","chům",8,0,2,1,"milión","milichům"
545,"nář","nář-last_blank","last_blank",4,19,"stvím-last_blank","stvím",16,3,2,1,"milionář","miliostvím"
858,"mo","mo-last_blank","last_blank",2,72,"vím-last_blank","vím",72,0,1,1,"mimo","mivím"
340,"mi","mi-ng","ng",1,1,"mi-vá","vá",1,0,0,1,"ming","mivá"
362,"mál","mál-ní","ní",4,17,"vlast-ní","vlast",18,1,2,1,"minimální","minivlastní"
788,"mis","mis-ka","ka",2,1,"hur-ka","hur",1,0,0,1,"miska","hurka"
844,"first_blank","first_blank-mís","mís",2,16,"first_blank-řek","řek",16,0,0,1,"místo","řekto"
41,"first_blank","first_blank-mis","mis",2,13,"first_blank-pun","pun",13,0,0,1,"mistr","puntr"
109,"first_blank","first_blank-mlá","mlá",2,27,"first_blank-lin","lin",27,0,0,1,"mládí","lindí"
148,"first_blank","first_blank-mlé","mlé",2,5,"first_blank-kal","kal",5,0,0,1,"mléko","kalko"
272,"ojev","ojev-last_blank","last_blank",5,1,"zatkli-last_blank","zatkli",1,0,2,1,"mluvený projev","mluvený przatkli"
384,"first_blank","first_blank-mlu","mlu",2,24,"first_blank-sví","sví",24,0,0,1,"mluvit","svívit"
281,"first_blank","first_blank-mn","mn",1,9,"first_blank-vd","vd",9,0,0,1,"mnich","vdich"
318,"first_blank","first_blank-množ","množ",2,3,"first_blank-mark","mark",3,0,0,1,"množství","markství"
633,"mo","mo-del","del",3,8,"mo-stat","stat",8,0,1,1,"modelka","mostatka"
813,"der","der-ní","ní",3,6,"hlav-ní","hlav",6,0,1,1,"moderní","mohlavní"
150,"first_blank","first_blank-mód","mód",2,4,"first_blank-niž","niž",4,0,0,1,"módní","nižní"
155,"mo","mo-r","r",1,2,"ni-r","ni",2,0,0,1,"mor","nir"
467,"mo","mo-ře","ře",2,6,"ově-ře","ově",6,0,1,1,"moře","ověře"
411,"first_blank","first_blank-moř","moř",2,11,"first_blank-bře","bře",11,0,0,1,"mořský","břeský"
821,"mo","mo-st","st",1,1,"sy-st","sy",1,0,0,1,"most","syst"
12,"mo","mo-tiv","tiv",2,1,"mo-vol","vol",1,0,0,1,"motiv","movol"
638,"týl","týl-last_blank","last_blank",2,1,"sup-last_blank","sup",1,0,0,1,"motýl","mosup"
236,"zek","zek-last_blank","last_blank",2,16,"mím-last_blank","mím",16,0,0,1,"mozek","momím"
590,"first_blank","first_blank-mož","mož",2,21,"first_blank-vět","vět",21,0,0,1,"možná","větná"
383,"mr","mr-ak","ak",1,1,"mr-za","za",1,0,0,1,"mrak","mrza"
84,"mu","mu-ž","ž",1,2,"ch-ž","ch",2,0,0,1,"muž","chž"
970,"first_blank","first_blank-muž","muž",2,22,"first_blank-bal","bal",22,0,0,1,"mužský","balský"
312,"first_blank","first_blank-my","my",1,42,"first_blank-us","us",42,0,0,1,"myš","usš"
327,"tus","tus-last_blank","last_blank",2,9,"nea-last_blank","nea",9,0,0,1,"mýtus","mýnea"
98,"bíd","bíd-ka","ka",3,2,"ulič-ka","ulič",2,0,1,1,"nabídka","naulička"
887,"dě","dě-je","je",3,12,"zbro-je","zbro",8,4,2,1,"naděje","nazbroje"
645,"ná","ná-dor","dor",2,1,"ná-zmi","zmi",1,0,0,1,"nádor","názmi"
510,"při","při-ro","ro",5,30,"crushe-ro","crushe",1,29,3,1,"nadpřirozený","nadcrusherozený"
392,"drž","drž-last_blank","last_blank",2,8,"nis-last_blank","nis",8,0,0,1,"nádrž","nánis"
864,"nad","nad-še","še",3,10,"vzná-še","vzná",4,6,1,1,"nadšení","vznášení"
948,"dou","dou-last_blank","last_blank",3,109,"kách-last_blank","kách",107,2,1,1,"náhodou","náhokách"
405,"hra","hra-dit","dit",3,2,"vzbu-dit","vzbu",2,0,1,1,"nahradit","navzbudit"
90,"iv","iv-ní","ní",3,1,"krás-ní","krás",1,0,2,1,"naivní","nakrásní"
423,"na","na-jed","jed",3,3,"na-rost","rost",3,0,1,1,"najednou","narostnou"
212,"jem","jem-ce","ce",3,3,"slan-ce","slan",3,0,1,1,"nájemce","náslance"
171,"moř","moř-ní","ní",3,10,"chrá-ní","chrá",11,1,1,1,"námořní","náchrání"
154,"pá","pá-je","je",4,2,"hřešu-je","hřešu",2,0,3,1,"napájení","nahřešujení"
526," se"," se-last_blank","last_blank",3,1,"cert-last_blank","cert",1,0,1,1,"napít se","napítcert"
490,"na","na-pro","pro",3,16,"na-štva","štva",15,1,1,1,"naproti","naštvati"
416,"ná","ná-řa","řa",3,3,"ná-klon","klon",3,0,2,1,"nářadí","náklondí"
182,"rod","rod-ní","ní",3,15,"chrá-ní","chrá",11,4,1,1,"národní","náchrání"
795,"na","na-ro","ro",4,41,"mille-ro","mille",4,37,3,1,"narození","millerození"
208,"do","do-vat","vat",4,41,"do-slech","slech",4,37,2,1,"následovat","následoslech"
749,"stat","stat-last_blank","last_blank",2,9,"dent-last_blank","dent",9,0,0,1,"nastat","nadent"
680,"ga","ga-ce","ce",4,6,"struk-ce","struk",7,1,3,1,"navigace","navistrukce"
418,"nout","nout-last_blank","last_blank",3,357,"cích-last_blank","cích",170,187,0,1,"navrhnout","navrhcích"
806,"zev","zev-last_blank","last_blank",2,3,"řád-last_blank","řád",3,0,0,1,"název","nářád"
397,"na","na-ži","ži",3,2,"dlou-ži","dlou",2,0,2,1,"naživu","dlouživu"
614,"zor","zor-last_blank","last_blank",2,10,"cíš-last_blank","cíš",10,0,0,1,"názor","nácíš"
420,"ne","ne-be","be",2,13,"ne-plá","plá",13,0,1,1,"nebe","neplá"
996,"ne","ne-het","het",2,1,"ne-sis","sis",1,0,0,1,"nehet","nesis"
431,"nde","nde-last_blank","last_blank",5,1,"mostat-last_blank","mostat",1,0,3,1,"někde jinde","někde jimostat"
61,"kdy","kdy-last_blank","last_blank",2,7,"tva-last_blank","tva",7,0,0,1,"někdy","nětva"
280,"moc","moc-ni","ni",4,7,"prázd-ni","prázd",7,0,2,1,"nemocnice","neprázdnice"
432,"moc","moc-ný","ný",3,9,"stup-ný","stup",7,2,1,1,"nemocný","nestupný"
720,"mož","mož-ný","ný",3,4,"stej-ný","stej",4,0,1,1,"nemožný","nestejný"
372,"vist","vist-last_blank","last_blank",3,2,"folk-last_blank","folk",2,0,0,1,"nenávist","nenáfolk"
544,"vyk","vyk-lý","lý",4,3,"urost-lý","urost",1,2,2,1,"neobvyklý","neoburostlý"
435,"jem","jem-ný","ný",4,7,"správ-ný","správ",5,2,2,1,"nepříjemný","nepřísprávný"
444,"ne","ne-při","při",5,121,"ne-zvykle","zvykle",1,120,3,1,"nepřiměřeně","nezvykleměřeně"
492,"pří","pří-tel","tel",3,10,"pří-sluš","sluš",12,2,1,1,"nepřítel","nepřísluš"
773,"ne","ne-rv","rv",1,1,"ne-or","or",1,0,0,1,"nerv","neor"
437,"ne","ne-schop","schop",3,11,"ne-zvlád","zvlád",11,0,0,2,"neschopnost","nezvládnost"
439,"šťast","šťast-ný","ný",3,5,"straš-ný","straš",3,2,0,2,"nešťastný","nestrašný"
771,"ne","ne-tvor","tvor",2,1,"ne-them","them",1,0,0,1,"netvor","nethem"
886,"vin","vin-ný","ný",3,6,"krás-ný","krás",5,1,1,1,"nevinný","nekrásný"
570,"zbyt","zbyt-ný","ný",3,1,"svůd-ný","svůd",1,0,0,1,"nezbytný","nesvůdný"
17,"zna","zna-lost","lost",3,3,"zna-mech","mech",2,1,0,1,"neznalost","neznamech"
426,"ni","ni-c","c",1,1,"rn-c","rn",1,0,0,1,"nic","rnc"
905,"kdy","kdy-last_blank","last_blank",2,7,"řek-last_blank","řek",7,0,0,1,"nikdy","niřek"
675,"first_blank","first_blank-nin","nin",2,13,"first_blank-trh","trh",13,0,0,1,"ninja","trhja"
927,"first_blank","first_blank-níz","níz",2,11,"first_blank-vrh","vrh",11,0,0,1,"nízký","vrhký"
868,"no","no-c","c",1,1,"dr-c","dr",1,0,0,1,"noc","drc"
687,"ůra","ůra-last_blank","last_blank",3,1,"bons-last_blank","bons",1,0,1,1,"noční můra","noční mbons"
464,"mál","mál-ně","ně",3,6,"chod-ně","chod",6,0,1,1,"normálně","norchodně"
63,"nud","nud-ný","ný",2,2,"hon-ný","hon",2,0,0,1,"nudný","honný"
986,"ny","ny-ní","ní",2,1,"sag-ní","sag",1,0,1,1,"nyní","sagní"
25,"first_blank","first_blank-obál","obál",2,6,"first_blank-skal","skal",6,0,0,1,"obálka","skalka"
995,"čas","čas-last_blank","last_blank",2,5,"líř-last_blank","líř",5,0,0,1,"občas","oblíř"
865,"vat","vat-last_blank","last_blank",4,942,"ských-last_blank","ských",79,863,2,1,"obdivovat","obdivoských"
857,"ěť","ěť-last_blank","last_blank",1,3,"gr-last_blank","gr",3,0,0,1,"oběť","obgr"
393,"first_blank","first_blank-obi","obi",2,3,"first_blank-šiš","šiš",3,0,0,1,"obilí","šišlí"
593,"jekt","jekt-last_blank","last_blank",2,4,"reau-last_blank","reau",4,0,0,1,"objekt","obreau"
711,"be","be-ný","ný",4,10,"šťast-ný","šťast",5,5,3,1,"oblíbený","oblíšťastný"
174,"rá","rá-zek","zek",3,1,"rá-dius","dius",1,0,1,1,"obrázek","obrádius"
389,"zov","zov-ka","ka",4,2,"strán-ka","strán",2,0,2,1,"obrazovka","obrastránka"
461,"ho","ho-vat","vat",4,25,"ho-rázná","rázná",1,24,2,1,"obsahovat","obsahorázná"
466,"first_blank","first_blank-oby","oby",3,23,"first_blank-ukon","ukon",23,0,1,1,"obyčejný","ukončejný"
496,"jít","jít-last_blank","last_blank",2,18,"dii-last_blank","dii",18,0,0,1,"odejít","odedii"
606,"nout","nout-last_blank","last_blank",3,357,"cích-last_blank","cích",170,187,0,1,"odmítnout","odmítcích"
760,"pad","pad-last_blank","last_blank",2,16,"ron-last_blank","ron",16,0,0,1,"odpad","odron"
478,"pad","pad-ky","ky",3,2,"znám-ky","znám",2,0,1,1,"odpadky","odznámky"
477,"por","por-last_blank","last_blank",2,4,"sal-last_blank","sal",4,0,0,1,"odpor","odsal"
479,"dět","dět-last_blank","last_blank",4,47,"stvím-last_blank","stvím",16,31,2,1,"odpovědět","odpověstvím"
575,"nost","nost-last_blank","last_blank",4,201,"ských-last_blank","ských",79,122,1,1,"odpovědnost","odpovědských"
728,"od","od-puš","puš",4,4,"od-střih","střih",3,1,2,1,"odpuštění","odstřihtění"
918,"pus","pus-tit","tit",3,10,"krou-tit","krou",4,6,1,1,"odpustit","odkroutit"
994,"raz","raz-last_blank","last_blank",2,14,"ích-last_blank","ích",14,0,0,1,"odraz","odích"
481,"stra","stra-nit","nit",3,2,"čast-nit","čast",2,0,0,1,"odstranit","odčastnit"
473,"va","va-ha","ha",3,3,"va-cích","cích",3,0,2,1,"odvaha","odvacích"
248,"znak","znak-last_blank","last_blank",2,3,"krat-last_blank","krat",3,0,0,1,"odznak","odkrat"
483,"first_blank","first_blank-ofi","ofi",4,7,"first_blank-kalho","kalho",7,0,2,1,"oficiálně","kalhociálně"
528,"eň","eň-last_blank","last_blank",1,4,"ih-last_blank","ih",4,0,0,1,"oheň","ohih"
146,"ok","ok-no","no",2,1,"pra-no","pra",1,0,1,1,"okno","prano"
831,"ok","ok-o","o",1,1,"ki-o","ki",1,0,0,1,"oko","kio"
487,"ok","ok-re","re",1,1,"sh-re","sh",1,0,0,1,"okres","shres"
183,"opi","opi-ce","ce",2,2,"lič-ce","lič",2,0,0,1,"opice","ličce"
494,"opra","opra-vit","vit",2,1,"vští-vit","vští",1,0,0,2,"opravit","vštívit"
648,"op","op-ti","ti",5,15,"ušlech-ti","ušlech",6,9,4,1,"optimistický","ušlechtimistický"
264,"chestr","chestr-last_blank","last_blank",2,1,"vestre-last_blank","vestre",1,0,0,1,"orchestr","orvestre"
157,"mus","mus-last_blank","last_blank",3,41,"ským-last_blank","ským",40,1,1,1,"orgasmus","orgasským"
293,"first_blank","first_blank-ori","ori",3,21,"first_blank-agen","agen",21,0,1,1,"originál","agenginál"
344,"first_blank","first_blank-osád","osád",2,1,"first_blank-úspo","úspo",1,0,0,1,"osádka","úspoka"
315,"os","os-el","el",1,1,"dl-el","dl",1,0,0,1,"osel","dlel"
228,"first_blank","first_blank-oso","oso",2,10,"first_blank-šaš","šaš",10,0,0,1,"osoba","šašba"
238,"first_blank","first_blank-osob","osob",2,14,"first_blank-vlou","vlou",14,0,0,1,"osobní","vlouní"
225,"first_blank","first_blank-osob","osob",2,14,"first_blank-brou","brou",14,0,0,1,"osobnost","brounost"
501,"os","os-ud","ud",1,1,"bo-ud","bo",1,0,0,1,"osud","boud"
811," se"," se-last_blank","last_blank",3,1,"ňous-last_blank","ňous",1,0,1,1,"otáčet se","otáčetňous"
130,"first_blank","first_blank-otáz","otáz",2,9,"first_blank-utra","utra",9,0,0,1,"otázka","utraka"
860,"ote","ote-ví","ví",4,11,"uzdra-ví","uzdra",2,9,2,1,"otevírací","uzdravírací"
958,"vře","vře-no","no",3,3,"usta-no","usta",3,0,1,1,"otevřeno","oteustano"
715,"rok","rok-last_blank","last_blank",2,5,"kaž-last_blank","kaž",5,0,0,1,"otrok","otkaž"
19,"fik","fik-last_blank","last_blank",3,2,"cech-last_blank","cech",2,0,1,1,"pacifik","pacicech"
217,"lác","lác-last_blank","last_blank",2,1,"nuk-last_blank","nuk",1,0,0,1,"palác","panuk"
725,"mát","mát-ník","ník",3,1,"žluč-ník","žluč",1,0,1,1,"památník","pažlučník"
95,"pá","pá-n","n",1,1,"ld-n","ld",1,0,0,1,"pán","ldn"
216,"nen","nen-ka","ka",3,3,"hráv-ka","hráv",3,0,1,1,"panenka","pahrávka"
370,"pa","pa-ní","ní",2,4,"deč-ní","deč",4,0,1,1,"paní","deční"
518,"pír","pír-last_blank","last_blank",2,1,"idu-last_blank","idu",1,0,0,1,"papír","paidu"
696,"id","id-ní","ní",5,2,"legrač-ní","legrač",2,0,4,1,"paranoidní","paranolegrační"
688,"ment","ment-last_blank","last_blank",3,24,"jdeš-last_blank","jdeš",24,0,0,1,"parlament","parlajdeš"
417,"pa","pa-st","st",1,1,"ro-st","ro",1,0,0,1,"past","rost"
204,"vouk","vouk-last_blank","last_blank",2,1,"vage-last_blank","vage",1,0,0,1,"pavouk","pavage"
641,"first_blank","first_blank-pěk","pěk",2,17,"first_blank-eva","eva",17,0,0,1,"pěkný","evaný"
283,"pe","pe-s","s",1,1,"tz-s","tz",1,0,0,1,"pes","tzs"
697,"pev","pev-ně","ně",2,4,"sob-ně","sob",4,0,0,1,"pevně","sobně"
273,"first_blank","first_blank-pik","pik",2,5,"first_blank-leb","leb",5,0,0,1,"piknik","lebnik"
110,"pi","pi-ng","ng",1,1,"ia-ng","ia",1,0,0,1,"ping","iang"
412,"rát","rát-last_blank","last_blank",2,8,"bus-last_blank","bus",8,0,0,1,"pirát","pibus"
960,"first_blank","first_blank-pis","pis",3,12,"first_blank-zmlá","zmlá",12,0,1,1,"pistole","zmlátole"
14,"first_blank","first_blank-pi","pi",1,205,"first_blank-va","va",205,0,0,1,"pitva","vatva"
759,"án","án-last_blank","last_blank",1,20,"zů-last_blank","zů",20,0,0,1,"plán","plzů"
456,"pla","pla-ne","ne",3,11,"stih-ne","stih",11,0,1,1,"planeta","stihneta"
58,"boy","boy-last_blank","last_blank",3,2,"ghan-last_blank","ghan",2,0,1,1,"playboy","playghan"
538,"áž","áž-last_blank","last_blank",1,3,"ag-last_blank","ag",3,0,0,1,"pláž","plag"
988,"first_blank","first_blank-plo","plo",2,28,"first_blank-ter","ter",28,0,0,1,"plocha","tercha"
745,"first_blank","first_blank-plo","plo",3,28,"first_blank-rych","rych",28,0,1,1,"plošina","rychšina"
585,"uk","uk-last_blank","last_blank",1,9,"št-last_blank","št",9,0,0,1,"pluk","plšt"
377,"us","us-last_blank","last_blank",1,24,"ré-last_blank","ré",24,0,0,1,"plus","plré"
508,"yn","yn-last_blank","last_blank",1,4,"ív-last_blank","ív",4,0,0,1,"plyn","plív"
997,"byt","byt-last_blank","last_blank",2,2,"kok-last_blank","kok",2,0,0,1,"pobyt","pokok"
919,"čet","čet-last_blank","last_blank",2,36,"říš-last_blank","říš",36,0,0,1,"počet","poříš"
338,"atel","atel-last_blank","last_blank",6,1,"donésie-last_blank","donésie",1,0,3,1,"počet obyvatel","počet obyvdonésie"
823,"chy","chy-bo","bo",4,8,"nesli-bo","nesli",1,7,2,1,"pochybovat","poneslibovat"
468,"čkej","čkej-te","te",3,2,"bliž-te","bliž",2,0,0,1,"počkejte","pobližte"
596,"pod","pod-ce","ce",4,12,"struk-ce","struk",7,5,2,1,"podcenění","strukcenění"
282,"pod","pod-la","la",3,6,"stih-la","stih",7,1,1,1,"podlaha","stihlaha"
474,"dob","dob-ný","ný",3,5,"krás-ný","krás",5,0,1,1,"podobný","pokrásný"
559,"pora","pora-last_blank","last_blank",6,1,"seilles-last_blank","seilles",1,0,3,1,"podpěra, podpora","podpěra, podseilles"
284,"zim","zim-last_blank","last_blank",2,1,"deí-last_blank","deí",1,0,0,1,"podzim","poddeí"
271,"hár","hár-last_blank","last_blank",2,1,"kls-last_blank","kls",1,0,0,1,"pohár","pokls"
519,"hled","hled-last_blank","last_blank",2,8,"trem-last_blank","trem",8,0,0,1,"pohled","potrem"
867,"ství","ství-last_blank","last_blank",4,100,"padlo-last_blank","padlo",14,86,1,1,"pohostinství","pohostinpadlo"
100,"po","po-jem","jem",2,2,"po-kři","kři",2,0,0,1,"pojem","pokři"
38,"klad","klad-last_blank","last_blank",2,15,"ling-last_blank","ling",15,0,0,2,"poklad","poling"
347,"stnost","stnost-last_blank","last_blank",3,1,"aumont-last_blank","aumont",1,0,0,1,"pokoj, místnost","pokoj, míaumont"
704,"ko","ko-řit","řit",3,1,"ko-bych","bych",1,0,1,1,"pokořit","pokobych"
553,"po","po-kra","kra",4,22,"po-slech","slech",29,7,2,1,"pokračovat","poslechčovat"
663,"krok","krok-last_blank","last_blank",2,3,"znak-last_blank","znak",3,0,0,1,"pokrok","poznak"
705,"krýt","krýt-last_blank","last_blank",2,4,"třít-last_blank","třít",4,0,0,1,"pokrýt","potřít"
673,"lév","lév-ka","ka",3,1,"sist-ka","sist",1,0,1,1,"polévka","posistka"
557,"li","li-ti","ti",4,12,"zhrou-ti","zhrou",3,9,3,1,"politika","pozhroutika"
463,"měr","měr-last_blank","last_blank",3,6,"nell-last_blank","nell",6,0,1,1,"poloměr","polonell"
86,"vi","vi-na","na",4,27,"ochut-na","ochut",2,25,3,1,"polovina","poloochutna"
1000,"ly","ly-kat","kat",3,1,"ly-žích","žích",1,0,1,1,"polykat","polyžích"
669,"ma","ma-lu","lu",3,13,"svět-lu","svět",11,2,2,1,"pomalu","posvětlu"
670,"ma","ma-lý","lý",3,6,"ma-joné","joné",4,2,2,1,"pomalý","pomajoné"
560,"moc","moc-last_blank","last_blank",2,5,"dův-last_blank","dův",5,0,0,1,"pomoc","podův"
743,"msta","msta-last_blank","last_blank",2,1,"smím-last_blank","smím",1,0,0,1,"pomsta","posmím"
856,"first_blank","first_blank-pon","pon",3,10,"first_blank-vzta","vzta",10,0,1,1,"pondělí","vztadělí"
345,"nor","nor-ka","ka",3,2,"svíč-ka","svíč",2,0,1,1,"ponorka","posvíčka"
581,"pel","pel-last_blank","last_blank",2,7,"fon-last_blank","fon",7,0,0,1,"popel","pofon"
914,"po","po-psat","psat",2,1,"po-hnut","hnut",1,0,0,1,"popsat","pohnut"
941,"ptáv","ptáv-ka","ka",3,1,"aran-ka","aran",1,0,0,1,"poptávka","poaranka"
167,"por","por-no","no",2,4,"tró-no","tró",4,0,0,1,"porno","tróno"
49,"tál","tál-last_blank","last_blank",2,10,"čou-last_blank","čou",10,0,0,1,"portál","porčou"
549,"po","po-škrá","škrá",3,4,"po-znat","znat",4,0,0,1,"poškrábat","poznatbat"
717,"chat","chat-last_blank","last_blank",3,39,"ským-last_blank","ským",40,1,0,1,"poslouchat","poslouským"
164,"first_blank","first_blank-poš","poš",2,12,"first_blank-tuč","tuč",12,0,0,1,"pošta","tučta"
578,"sta","sta-ve","ve",4,55,"brosk-ve","brosk",1,54,2,1,"postavení","pobroskvení"
787,"po","po-ten","ten",4,15,"po-zůsta","zůsta",6,9,2,1,"potenciál","pozůstaciál"
643,"tě","tě-še","še",4,10,"nesly-še","nesly",4,6,3,1,"potěšení","poneslyšení"
955,"trestat","trestat-last_blank","last_blank",2,1,"šoustat-last_blank","šoustat",1,0,0,1,"potrestat","pošoustat"
571,"po","po-tvr","tvr",4,33,"po-slech","slech",29,4,2,1,"potvrzení","poslechzení"
836,"po","po-uš","uš",1,1,"po-øá","øá",1,0,0,1,"poušť","poøáť"
679,"po","po-vo","vo",4,50,"po-slech","slech",29,21,3,1,"povolení","poslechlení"
53,"first_blank","first_blank-poz","poz",2,8,"first_blank-zdů","zdů",8,0,0,1,"pozdě","zdůdě"
429,"tiv","tiv-ní","ní",4,71,"vlast-ní","vlast",18,53,2,1,"pozitivní","pozivlastní"
615,"zor","zor-nost","nost",3,1,"zor-ství","ství",1,0,0,1,"pozornost","pozorství"
206,"zo","zo-ro","ro",5,20,"cheste-ro","cheste",1,19,4,1,"pozorování","pochesterování"
580,"prá","prá-ce","ce",2,2,"vač-ce","vač",2,0,0,1,"práce","vačce"
158,"prask","prask-nout","nout",2,1,"lousk-nout","lousk",1,0,0,1,"prasknout","lousknout"
591,"first_blank","first_blank-prav","prav",5,25,"first_blank-zvlášt","zvlášt",11,14,2,1,"pravděpodobnost","zvláštděpodobnost"
632,"vi","vi-dlo","dlo",3,2,"vi-cích","cích",2,0,1,1,"pravidlo","pravicích"
945,"first_blank","first_blank-práv","práv",2,27,"first_blank-hroz","hroz",27,0,0,1,"právník","hrozník"
89,"pra","pra-xe","xe",2,1,"eni-xe","eni",1,0,0,1,"praxe","enixe"
535,"first_blank","first_blank-prázd","prázd",2,25,"first_blank-oprav","oprav",25,0,0,2,"prázdný","opravný"
940,"před","před-ní","ní",2,3,"vlad-ní","vlad",3,0,0,1,"přední","vladní"
825,"vi","vi-vost","vost",4,1,"vi-deích","deích",1,0,1,1,"představivost","představideích"
931,"káž","káž-ka","ka",3,2,"vzni-ka","vzni",2,0,1,1,"překážka","převznika"
976,"kva","kva-pe","pe",4,8,"ochlu-pe","ochlu",1,7,2,1,"překvapení","přeochlupení"
666,"šit","šit-last_blank","last_blank",3,49,"ském-last_blank","ském",48,1,1,1,"přerušit","přeruském"
605,"zdív","zdív-ka","ka",3,1,"trán-ka","trán",1,0,0,1,"přezdívka","přetránka"
471,"chod","chod-last_blank","last_blank",2,14,"land-last_blank","land",14,0,0,1,"příchod","příland"
604,"jet","jet-last_blank","last_blank",2,29,"pím-last_blank","pím",29,0,0,1,"přijet","připím"
457,"pří","pří-kaz","kaz",2,1,"pří-živ","živ",1,0,0,1,"příkaz","příživ"
607,"pří","pří-mo","mo",2,5,"ato-mo","ato",6,1,0,1,"přímo","atomo"
608,"first_blank","first_blank-prin","prin",3,29,"first_blank-uspo","uspo",29,0,0,1,"princezna","uspocezna"
566,"při","při-nést","nést",2,1,"při-plet","plet",1,0,0,1,"přinést","připlet"
709,"pi","pi-tek","tek",3,1,"pi-nách","nách",1,0,1,1,"přípitek","přípinách"
530,"pří","pří-pra","pra",3,8,"pří-stup","stup",8,0,1,1,"příprava","přístupva"
609,"pra","pra-ve","ve",4,25,"tecti-ve","tecti",1,24,2,1,"připravený","přitectivený"
617,"při","při-pus","pus",3,10,"při-stou","stou",11,1,1,1,"připustit","přistoutit"
843,"pří","pří-rod","rod",3,6,"pří-stup","stup",8,2,1,1,"přírodní","přístupní"
465,"při","při-ro","ro",4,30,"foste-ro","foste",4,26,2,1,"přirozeně","fosterozeně"
610,"hat","hat-last_blank","last_blank",3,41,"ským-last_blank","ským",40,1,1,1,"přísahat","přísaským"
331,"stá","stá-ní","ní",3,4,"dneš-ní","dneš",4,0,1,1,"přistání","přidnešní"
332,"stát","stát-last_blank","last_blank",2,5,"spíš-last_blank","spíš",5,0,0,1,"přistát","přispíš"
485,"taž","taž-li","li",4,9,"slech-li","slech",6,3,2,1,"přitažlivý","přislechlivý"
1,"tom","tom-nost","nost",3,2,"tom-stvo","stvo",1,1,0,1,"přítomnost","přítomstvo"
68,"pri","pri-vi","vi",5,4,"hajzlo-vi","hajzlo",1,3,3,1,"privilegium","hajzlovilegium"
619,"blémy","blémy-last_blank","last_blank",2,1,"blanc-last_blank","blanc",1,0,0,1,"problémy","problanc"
569,"ces","ces-last_blank","last_blank",2,8,"diu-last_blank","diu",8,0,0,1,"proces","prodiu"
316,"dej","dej-ce","ce",3,1,"otáz-ce","otáz",1,0,1,1,"prodejce","prootázce"
452,"dej","dej-na","na",3,1,"brow-na","brow",1,0,1,1,"prodejna","probrowna"
561,"fil","fil-last_blank","last_blank",2,6,"žák-last_blank","žák",6,0,0,1,"profil","prožák"
292,"hlíd","hlíd-ka","ka",3,4,"znám-ka","znám",4,0,0,1,"prohlídka","proznámka"
627,"jekt","jekt-last_blank","last_blank",2,4,"krýt-last_blank","krýt",4,0,0,1,"projekt","prokrýt"
629,"jem","jem-last_blank","last_blank",3,61,"ších-last_blank","ších",58,3,1,1,"pronájem","pronáších"
427,"first_blank","first_blank-pros","pros",2,13,"first_blank-bram","bram",13,0,0,1,"prostě","bramtě"
888,"tein","tein-last_blank","last_blank",2,4,"trou-last_blank","trou",4,0,0,1,"protein","protrou"
105,"test","test-last_blank","last_blank",2,2,"tklo-last_blank","tklo",2,0,0,1,"protest","protklo"
861,"jed","jed-last_blank","last_blank",3,3,"tkli-last_blank","tkli",3,0,1,1,"protijed","protitkli"
152,"pr","pr-ou","ou",1,2,"pr-da","da",2,0,0,1,"proud","prdad"
177,"voz","voz-ní","ní",3,3,"grač-ní","grač",3,0,1,1,"provozní","prograční"
922,"pro","pro-zkou","zkou",3,12,"pro-hléd","hléd",11,1,0,1,"prozkoumat","prohlédmat"
507,"pr","pr-st","st",1,2,"lé-st","lé",2,0,0,1,"prst","lést"
406,"ten","ten-last_blank","last_blank",2,24,"náš-last_blank","náš",24,0,0,1,"prsten","prsnáš"
442,"prů","prů-jem","jem",2,1,"nej-jem","nej",1,0,0,1,"průjem","nejjem"
132,"prů","prů-my","my",3,2,"dhar-my","dhar",1,1,1,1,"průmysl","dharmysl"
555,"noc","noc-last_blank","last_blank",2,3,"zvy-last_blank","zvy",3,0,0,1,"půlnoc","půlzvy"
808,"ls","ls-last_blank","last_blank",1,9,"ým-last_blank","ým",9,0,0,1,"puls","puým"
455,"pu","pu-sa","sa",1,1,"pu-cí","cí",1,0,0,1,"pusa","pucí"
525,"puš","puš-ka","ka",2,3,"šič-ka","šič",3,0,0,1,"puška","šička"
768,"mi","mi-da","da",4,1,"alfre-da","alfre",1,0,3,1,"pyramida","pyraalfreda"
642,"ra","ra-da","da",2,12,"hlí-da","hlí",13,1,1,1,"rada","hlída"
138,"dar","dar-last_blank","last_blank",2,4,"tii-last_blank","tii",4,0,0,1,"radar","ratii"
798,"dio","dio-last_blank","last_blank",2,9,"meš-last_blank","meš",9,0,0,1,"rádio","rámeš"
513,"first_blank","first_blank-rá","rá",1,57,"first_blank-dí","dí",57,0,0,1,"ráj","díj"
761,"ke","ke-ta","ta",3,7,"spar-ta","spar",6,1,2,1,"raketa","rasparta"
551,"kev","kev-last_blank","last_blank",2,5,"lář-last_blank","lář",5,0,0,1,"rakev","ralář"
286,"ra","ra-me","me",3,18,"vzpo-me","vzpo",12,6,2,1,"rameno","vzpomeno"
993,"rá","rá-na","na",2,2,"tče-na","tče",2,0,1,1,"rána","tčena"
290,"sis","sis-ta","ta",3,1,"šach-ta","šach",1,0,1,1,"rasista","rašachta"
314,"že","že-last_blank","last_blank",2,144,"tit-last_blank","tit",144,0,1,1,"ráže","rátit"
546,"zít","zít-ko","ko",3,2,"bouř-ko","bouř",2,0,1,1,"razítko","rabouřko"
162,"li","li-ta","ta",4,23,"vzkvé-ta","vzkvé",2,21,3,1,"realita","reavzkvéta"
661,"first_blank","first_blank-re","re",5,584,"gallaghe-re","gallaghe",1,583,3,5,"realizovat","gallagherealizovat"
757,"cep","cep-ce","ce",3,3,"trak-ce","trak",3,0,1,1,"recepce","retrakce"
380,"nál","nál-ní","ní",5,32,"strukč-ní","strukč",4,28,3,1,"regionální","regiostrukční"
252,"ře","ře-ka","ka",2,3,"ráž-ka","ráž",3,0,1,1,"řeka","rážka"
357,"klam","klam-ní","ní",3,2,"vděč-ní","vděč",2,0,0,1,"reklamní","revděční"
51,"la","la-tiv","tiv",4,4,"la-roche","roche",1,3,2,1,"relativní","relarochení"
824,"re","re-t","t",1,1,"ís-t","ís",1,0,0,1,"ret","íst"
324,"těz","těz-last_blank","last_blank",2,2,"viň-last_blank","viň",2,0,0,1,"řetěz","řeviň"
952,"za","za-vý","vý",3,3,"za-stav","stav",3,0,2,1,"rezavý","rezastav"
630,"zig","zig-na","na",4,2,"odrov-na","odrov",2,0,2,1,"rezignace","reodrovnace"
681,"ří","ří-ci","ci",2,2,"jem-ci","jem",2,0,1,1,"říci","jemci"
256,"dit","dit-last_blank","last_blank",2,153,"ček-last_blank","ček",156,3,0,1,"řídit","říček"
649,"řím","řím-ský","ský",2,1,"rát-ský","rát",1,0,0,1,"římský","rátský"
422,"kant","kant-ní","ní",3,2,"spod-ní","spod",2,0,0,1,"riskantní","risspodní"
459,"ál","ál-last_blank","last_blank",3,27,"chem-last_blank","chem",29,2,2,1,"rituál","rituchem"
353,"first_blank","first_blank-ří","ří",3,99,"first_blank-fran","fran",91,8,2,1,"řízení","franzení"
421,"ri","ri-zi","zi",3,7,"ri-char","char",7,0,2,1,"riziko","richarko"
766,"bot","bot-last_blank","last_blank",2,5,"nar-last_blank","nar",5,0,0,1,"robot","ronar"
298,"deo","deo-last_blank","last_blank",2,4,"rah-last_blank","rah",4,0,0,1,"rodeo","rorah"
10,"ro","ro-h","h",1,2,"us-h","us",2,0,0,1,"roh","ush"
258,"meo","meo-last_blank","last_blank",2,1,"kua-last_blank","kua",1,0,0,1,"romeo","rokua"
319,"first_blank","first_blank-rost","rost",3,16,"first_blank-okra","okra",16,0,0,1,"rostlina","okralina"
597,"bít","bít-last_blank","last_blank",2,11,"čák-last_blank","čák",11,0,0,1,"rozbít","rozčák"
59,"buš","buš-ka","ka",3,1,"chyl-ka","chyl",1,0,1,1,"rozbuška","rozchylka"
169,"po","po-čet","čet",3,8,"po-stří","stří",8,0,1,1,"rozpočet","rozpostří"
763,"roz","roz-tr","tr",4,21,"magis-tr","magis",1,20,2,1,"roztržení","magistržení"
355,"roz","roz-vod","vod",2,3,"roz-leh","leh",3,0,0,1,"rozvod","rozleh"
511,"rtěn","rtěn-ka","ka",2,1,"rout-ka","rout",1,0,0,1,"rtěnka","routka"
512,"ru","ru-ka","ka",2,13,"nič-ka","nič",13,0,1,1,"ruka","nička"
880,"kojmí","kojmí-last_blank","last_blank",2,1,"skejm-last_blank","skejm",1,0,0,1,"rukojmí","ruskejm"
291,"ru","ru-m","m",1,2,"ej-m","ej",2,0,0,1,"rum","ejm"
772,"first_blank","first_blank-ryt","ryt",2,2,"first_blank-z n","z n",2,0,0,1,"rytmus","z nmus"
499,"sá","sá-m","m",1,1,"or-m","or",1,0,0,1,"sám","orm"
394,"first_blank","first_blank-šan","šan",2,6,"first_blank-hes","hes",6,0,0,1,"šance","hesce"
343,"sá","sá-t","t",1,1,"uc-t","uc",1,0,0,1,"sát","uct"
694,"first_blank","first_blank-sbí","sbí",2,14,"first_blank-zdo","zdo",14,0,0,1,"sbírat","zdorat"
903,"vraž","vraž-da","da",4,3,"sekun-da","sekun",2,1,1,1,"sebevražda","sebesekunda"
505,"first_blank","first_blank-še","še",1,75,"first_blank-ad","ad",75,0,0,1,"šek","adk"
480,"sek","sek-ce","ce",2,1,"voz-ce","voz",1,0,0,1,"sekce","vozce"
198,"first_blank","first_blank-sekun","sekun",3,8,"first_blank-střet","střet",8,0,0,1,"sekundární","střetdární"
594,"mi","mi-nář","nář",3,1,"mi-sích","sích",1,0,1,1,"seminář","semisích"
189,"se","se-nd","nd",1,2,"se-lý","lý",2,0,0,1,"sendvič","selývič"
259,"ni","ni-or","or",3,4,"ni-nách","nách",3,1,2,1,"senior","seninách"
484,"first_blank","first_blank-sen","sen",3,24,"first_blank-čtvr","čtvr",24,0,1,1,"senzační","čtvrzační"
924,"zor","zor-last_blank","last_blank",2,10,"ple-last_blank","ple",10,0,0,1,"senzor","senple"
156,"rie","rie-last_blank","last_blank",2,49,"děl-last_blank","děl",49,0,0,1,"série","séděl"
746,"rif","rif-last_blank","last_blank",2,3,"tkl-last_blank","tkl",3,0,0,1,"šerif","šetkl"
837,"vis","vis-last_blank","last_blank",2,8,"rův-last_blank","rův",8,0,0,1,"servis","serrův"
564,"žant","žant-last_blank","last_blank",2,2,"hřát-last_blank","hřát",2,0,0,1,"seržant","serhřát"
50,"first_blank","first_blank-sest","sest",2,2,"first_blank-kusa","kusa",2,0,0,1,"sestra","kusara"
178,"xu","xu-ál","ál",4,18,"techi-ál","techi",1,17,3,1,"sexuální","setechiální"
935,"first_blank","first_blank-sher","sher",2,9,"first_blank-aten","aten",9,0,0,1,"sherlock","atenlock"
533,"first_blank","first_blank-sí","sí",2,27,"first_blank-dva","dva",27,0,1,1,"síla","dvala"
201,"len","len-ství","ství",3,1,"len-týnu","týnu",1,0,0,1,"šílenství","šílentýnu"
93,"first_blank","first_blank-sil","sil",3,37,"first_blank-opra","opra",37,0,1,1,"silnice","opranice"
708,"sil","sil-ný","ný",2,5,"dob-ný","dob",5,0,0,1,"silný","dobný"
969,"first_blank","first_blank-sin","sin",2,15,"first_blank-pyt","pyt",15,0,0,1,"singl","pytgl"
277,"rot","rot-či","či",4,1,"usvěd-či","usvěd",1,0,2,1,"sirotčinec","siusvědčinec"
785,"first_blank","first_blank-sí","sí",1,27,"first_blank-on","on",27,0,0,1,"síť","onť"
307,"si","si-tu","tu",4,8,"chlas-tu","chlas",1,7,3,1,"situace","chlastuace"
261,"ská","ská-la","la",2,1,"rva-la","rva",1,0,0,1,"skála","rvala"
322,"first_blank","first_blank-sklen","sklen",2,5,"first_blank-střed","střed",5,0,0,1,"sklenka","středka"
863,"sko","sko-ři","ři",3,5,"ušet-ři","ušet",4,1,1,1,"skořice","ušetřice"
703,"sk","sk-ří","ří",1,1,"sk-rz","rz",1,0,0,1,"skříň","skrzň"
433,"first_blank","first_blank-sku","sku",3,47,"first_blank-chla","chla",46,1,1,1,"skutečný","chlatečný"
710,"first_blank","first_blank-slav","slav",2,23,"first_blank-bran","bran",23,0,0,1,"slavný","branný"
203,"first_blank","first_blank-sle","sle",2,91,"first_blank-kra","kra",92,1,0,1,"slepý","krapý"
176,"first_blank","first_blank-slov","slov",2,4,"first_blank-stei","stei",4,0,0,1,"slovník","steiník"
878,"slo","slo-vo","vo",2,2,"zba-vo","zba",2,0,0,1,"slovo","zbavo"
977,"sl","sl-uc","uc",1,1,"lo-uc","lo",1,0,0,1,"sluch","louch"
853,"first_blank","first_blank-sluš","sluš",2,16,"first_blank-skrý","skrý",16,0,0,1,"slušný","skrýný"
227,"first_blank","first_blank-smě","smě",3,46,"first_blank-chla","chla",46,0,1,1,"směřovat","chlařovat"
3,"směš","směš-ný","ný",2,1,"stoj-ný","stoj",1,0,0,1,"směšný","stojný"
121,"first_blank","first_blank-smlou","smlou",2,8,"first_blank-sekun","sekun",8,0,0,2,"smlouva","sekunva"
983,"sm","sm-rt","rt",1,1,"bi-rt","bi",1,0,0,1,"smrt","birt"
163,"smr","smr-tí","tí",3,6,"zjis-tí","zjis",6,0,1,1,"smrtící","zjistící"
814,"first_blank","first_blank-smut","smut",2,15,"first_blank-ušet","ušet",15,0,0,1,"smutný","ušetný"
554," se"," se-last_blank","last_blank",2,1,"nax-last_blank","nax",1,0,0,1,"snaž se","snažnax"
428,"bo","bo-ta","ta",3,9,"bo-lest","lest",7,2,2,1,"sobota","sobolest"
540,"first_blank","first_blank-soft","soft",2,6,"first_blank-zbyt","zbyt",6,0,0,1,"software","zbytware"
124,"sou","sou-bor","bor",2,1,"sou-val","val",1,0,0,1,"soubor","souval"
385,"čet","čet-last_blank","last_blank",2,36,"říš-last_blank","říš",36,0,0,1,"součet","souříš"
753,"cit","cit-ný","ný",3,2,"mluv-ný","mluv",2,0,1,1,"soucitný","soumluvný"
730,"so","so-ud","ud",1,1,"so-pr","pr",1,0,0,1,"soud","sopr"
731,"kro","kro-mý","mý",3,2,"zřej-mý","zřej",1,1,1,1,"soukromý","souzřejmý"
732,"dit se","dit se-last_blank","last_blank",3,1,"dricks-last_blank","dricks",1,0,0,1,"soustředit se","soustředricks"
381,"těž","těž-last_blank","last_blank",2,4,"mut-last_blank","mut",4,0,0,1,"soutěž","soumut"
495,"špat","špat-ně","ně",2,1,"zřet-ně","zřet",1,0,0,1,"špatně","zřetně"
848,"first_blank","first_blank-spe","spe",4,59,"first_blank-vlast","vlast",35,24,2,1,"speciální","vlastciální"
547,"first_blank","first_blank-spik","spik",3,4,"first_blank-šťou","šťou",4,0,0,1,"spiknutí","šťounutí"
52,"spi","spi-na","na",3,1,"květ-na","květ",1,0,1,1,"spinalý","květnalý"
425,"first_blank","first_blank-špi","špi",3,52,"first_blank-elek","elek",51,1,1,1,"špinavý","eleknavý"
672,"náž","náž-last_blank","last_blank",3,2,"chol-last_blank","chol",2,0,1,1,"špionáž","špiochol"
747,"spo","spo-ko","ko",4,25,"chvil-ko","chvil",3,22,2,1,"spokojený","chvilkojený"
294,"leč","leč-nost","nost",3,2,"leč-kách","kách",1,1,0,1,"společnost","společkách"
9,"šť","šť-last_blank","last_blank",1,4,"ěm-last_blank","ěm",4,0,0,1,"spoušť","spouěm"
890,"first_blank","first_blank-sprá","sprá",2,5,"first_blank-svát","svát",5,0,0,1,"správa","svátva"
574,"first_blank","first_blank-spra","spra",3,32,"first_blank-dvoj","dvoj",32,0,0,1,"spravovat","dvojvovat"
295,"first_blank","first_blank-spr","spr",2,8,"first_blank-zhu","zhu",8,0,0,1,"sprcha","zhucha"
27,"sta","sta-di","di",3,5,"blou-di","blou",4,1,1,1,"stadión","bloudión"
382,"first_blank","first_blank-sta","sta",2,314,"first_blank-kon","kon",315,1,0,1,"starý","konrý"
536,"stě","stě-na","na",2,2,"zig-na","zig",2,0,0,1,"stěna","zigna"
799,"st","st-ín","ín",1,1,"st-ei","ei",1,0,0,1,"stín","stei"
961,"ít","ít-last_blank","last_blank",1,31,"ed-last_blank","ed",31,0,0,1,"štít","šted"
462,"first_blank","first_blank-stíž","stíž",2,3,"first_blank-smet","smet",3,0,0,1,"stížnost","smetnost"
107,"sto","sto-le","le",3,7,"kres-le","kres",6,1,1,1,"století","kresletí"
701,"first_blank","first_blank-stou","stou",3,14,"first_blank-cham","cham",14,0,0,1,"stoupání","champání"
482,"lec","lec-last_blank","last_blank",2,18,"jít-last_blank","jít",18,0,0,1,"střelec","střejít"
147," prach"," prach-last_blank","last_blank",3,1,"serakt-last_blank","serakt",1,0,0,1,"střelný prach","střelnýserakt"
106,"first_blank","first_blank-st","st",1,138,"first_blank-dů","dů",138,0,0,1,"stres","důres"
491,"first_blank","first_blank-stříz","stříz",3,10,"first_blank-ztros","ztros",10,0,0,1,"střízlivý","ztroslivý"
792,"rý","rý-c","c",1,1,"mi-c","mi",1,0,0,1,"strýc","stmic"
834,"dent","dent-last_blank","last_blank",2,9,"ving-last_blank","ving",9,0,0,1,"student","stuving"
972,"ůl","ůl-last_blank","last_blank",1,1,"íň-last_blank","íň",1,0,0,1,"stůl","stíň"
388,"chý","chý-last_blank","last_blank",2,7,"vře-last_blank","vře",7,0,0,1,"suchý","suvře"
676,"suk","suk-ně","ně",2,2,"zvo-ně","zvo",2,0,0,1,"sukně","zvoně"
29,"per","per-man","man",3,1,"per-cyho","cyho",1,0,1,1,"superman","supercyho"
454,"sva","sva-či","či",3,4,"ukon-či","ukon",4,0,1,1,"svačina","ukončina"
304,"zat","zat-last_blank","last_blank",2,41,"liv-last_blank","liv",41,0,0,1,"svázat","sváliv"
775,"dek","dek-last_blank","last_blank",2,35,"chá-last_blank","chá",35,0,0,1,"svědek","svěchá"
778,"til","til-na","na",3,1,"hřbe-na","hřbe",1,0,1,1,"svítilna","svíhřbena"
104,"svo","svo-bo","bo",3,10,"bram-bo","bram",9,1,1,1,"svoboda","bramboda"
898,"bod","bod-ně","ně",3,1,"vzác-ně","vzác",1,0,1,1,"svobodně","svovzácně"
782,"sy","sy-mp","mp",1,1,"ke-mp","ke",1,0,0,1,"symptom","kemptom"
79,"bák","bák-last_blank","last_blank",2,7,"cuj-last_blank","cuj",7,0,0,1,"tabák","tacuj"
521,"first_blank","first_blank-table","table",2,3,"first_blank-culle","culle",3,0,0,1,"tableta","culleta"
877,"bor","bor-last_blank","last_blank",2,10,"pec-last_blank","pec",10,0,0,1,"tábor","tápec"
789,"ta","ta-dy","dy",2,4,"ta-min","min",4,0,1,1,"tady","tamin"
18,"jem","jem-ník","ník",3,2,"stoj-ník","stoj",2,0,1,1,"tajemník","tastojník"
786,"taj","taj-ný","ný",2,3,"žed-ný","žed",3,0,0,1,"tajný","žedný"
686,"ta","ta-m","m",1,2,"pý-m","pý",2,0,0,1,"tam","pým"
790,"neč","neč-ník","ník",3,3,"stoj-ník","stoj",2,1,1,1,"tanečník","tastojník"
984,"tá","tá-t","t",1,3,"éc-t","éc",3,0,0,1,"tát","éct"
352,"tí","tí-nek","nek",3,1,"tí-žích","žích",1,0,1,1,"tatínek","tatížích"
339,"xi","xi-last_blank","last_blank",2,22,"ráš-last_blank","ráš",22,0,1,1,"taxi","taráš"
363,"first_blank","first_blank-tech","tech",3,38,"first_blank-opra","opra",37,1,0,1,"technický","opranický"
869,"first_blank","first_blank-tech","tech",4,38,"first_blank-vlast","vlast",35,3,1,1,"technologie","vlastnologie"
796,"ku","ku-tý","tý",3,1,"ku-pech","pech",1,0,2,1,"tekutý","tekupech"
126,"le","le-gram","gram",3,1,"le-pých","pých",1,0,0,1,"telegram","telepých"
396,"first_blank","first_blank-tě","tě",2,79,"first_blank-nad","nad",81,2,1,1,"tělo","nadlo"
809,"first_blank","first_blank-ten","ten",2,24,"first_blank-ply","ply",24,0,0,1,"tenký","plyký"
802,"first_blank","first_blank-tep","tep",2,39,"first_blank-spá","spá",39,0,0,1,"teplo","spálo"
72,"first_blank","first_blank-tep","tep",2,39,"first_blank-oce","oce",39,0,0,1,"teplý","ocelý"
326,"pie","pie-last_blank","last_blank",3,14,"land-last_blank","land",14,0,1,1,"terapie","teraland"
333,"first_blank","first_blank-ter","ter",3,28,"first_blank-uvol","uvol",28,0,1,1,"terminál","uvolminál"
257,"te","te-to","to",4,11,"chris-to","chris",8,3,3,1,"tetování","christování"
28,"xt","xt-last_blank","last_blank",1,2,"uo-last_blank","uo",2,0,0,1,"text","teuo"
805,"těž","těž-ký","ký",2,3,"vec-ký","vec",3,0,0,1,"těžký","vecký"
845,"chý","chý-last_blank","last_blank",2,7,"res-last_blank","res",7,0,0,1,"tichý","tires"
754,"síc","síc-last_blank","last_blank",2,4,"bon-last_blank","bon",4,0,0,1,"tisíc","tibon"
265,"first_blank","first_blank-tka","tka",3,4,"first_blank-ochr","ochr",4,0,1,1,"tkanina","ochrnina"
777,"tm","tm-a","a",1,2,"ow-a","ow",2,0,0,1,"tma","owa"
137,"first_blank","first_blank-to","to",4,248,"transplan-to","transplan",1,247,2,3,"toaleta","transplantoaleta"
584,"first_blank","first_blank-tou","tou",2,35,"first_blank-jes","jes",35,0,0,1,"touha","jesha"
920,"vár","vár-na","na",3,3,"uhel-na","uhel",3,0,1,1,"továrna","touhelna"
398,"trá","trá-pe","pe",3,2,"chla-pe","chla",2,0,1,1,"trápení","chlapení"
69,"tra","tra-sa","sa",2,1,"při-sa","při",1,0,0,1,"trasa","přisa"
215,"nér","nér-last_blank","last_blank",2,3,"rea-last_blank","rea",3,0,0,1,"trenér","trerea"
476,"tr","tr-es","es",1,7,"tr-né","né",7,0,0,1,"trest","trnét"
87,"tře","tře-tí","tí",2,5,"jmu-tí","jmu",5,0,0,1,"třetí","jmutí"
702,"tří","tří-da","da",2,1,"gan-da","gan",1,0,0,1,"třída","ganda"
971,"tr","tr-ik","ik",1,1,"tr-no","no",1,0,0,1,"trik","trno"
364,"fej","fej-last_blank","last_blank",2,3,"rád-last_blank","rád",3,0,0,1,"trofej","trorád"
262,"first_blank","first_blank-trou","trou",2,19,"first_blank-chlu","chlu",19,0,0,1,"trouba","chluba"
279,"pě","pě-li","li",4,15,"stříz-li","stříz",13,2,3,1,"trpěliví","trstřízliví"
729,"li","li-vost","vost",4,17,"li-ghtma","ghtma",1,16,1,1,"trpělivost","trpělightma"
967,"pět","pět-last_blank","last_blank",2,9,"zej-last_blank","zej",9,0,0,1,"trpět","trzej"
224,"tu","tu-ňá","ňá",1,1,"me-ňá","me",1,0,0,1,"tuňák","meňák"
951,"naj","naj-last_blank","last_blank",2,4,"řiď-last_blank","řiď",4,0,0,1,"turnaj","turřiď"
987,"first_blank","first_blank-tvor","tvor",2,5,"first_blank-blou","blou",5,0,0,1,"tvorba","blouba"
724,"first_blank","first_blank-tvr","tvr",4,37,"first_blank-vlast","vlast",35,2,2,1,"tvrdohlavý","vlastdohlavý"
826,"first_blank","first_blank-tvr","tvr",2,37,"first_blank-sní","sní",37,0,0,1,"tvrdý","snídý"
275,"pic","pic-ký","ký",3,3,"slad-ký","slad",3,0,1,1,"typický","tysladký"
92,"first_blank","first_blank-u","u",1,1,"first_blank-yb","yb",1,0,1,1,"u","yb"
830,"first_blank","first_blank-ubo","ubo",2,28,"first_blank-sun","sun",28,0,0,1,"ubohý","sunhý"
947,"first_blank","first_blank-úč","úč",1,11,"first_blank-ou","ou",11,0,0,1,"účel","ouel"
833,"uč","uč-it","it",1,1,"ca-it","ca",1,0,0,1,"učit se","cait se"
145,"úc","úc-ta","ta",1,1,"ši-ta","ši",1,0,0,1,"úcta","šita"
101,"first_blank","first_blank-udě","udě",2,47,"first_blank-bri","bri",47,0,0,1,"udělat","brilat"
752,"first_blank","first_blank-ude","ude",2,20,"first_blank-smi","smi",20,0,0,1,"udeřil","smiřil"
373,"first_blank","first_blank-uf","uf",1,6,"first_blank-mù","mù",6,0,0,1,"ufo","mùo"
488,"first_blank","first_blank-uh","uh",2,28,"first_blank-ali","ali",28,0,1,1,"uhlí","alilí"
893,"lík","lík-last_blank","last_blank",2,38,"deš-last_blank","deš",38,0,0,1,"uhlík","uhdeš"
915,"first_blank","first_blank-uká","uká",2,16,"first_blank-šes","šes",16,0,0,1,"ukázat","šeszat"
379,"úk","úk-ol","ol",1,1,"rr-ol","rr",1,0,0,1,"úkol","rrol"
486,"rá","rá-st","st",1,2,"jí-st","jí",2,0,0,1,"ukrást","ukjíst"
350,"lec","lec-last_blank","last_blank",2,18,"nět-last_blank","nět",18,0,0,1,"umělec","uměnět"
342,"umě","umě-ní","ní",2,1,"buz-ní","buz",1,0,0,1,"umění","buzní"
565,"umož","umož-nit","nit",2,1,"směš-nit","směš",1,0,0,1,"umožnit","směšnit"
196,"first_blank","first_blank-una","una",3,19,"first_blank-trou","trou",19,0,1,1,"unavený","trouvený"
847,"un","un-és","és",1,1,"un-it","it",1,0,0,1,"unést","unitt"
916,"first_blank","first_blank-únos","únos",2,2,"first_blank-dvor","dvor",2,0,0,1,"únosce","dvorce"
912,"first_blank","first_blank-úpla","úpla",2,2,"first_blank-arra","arra",2,0,0,1,"úplatek","arratek"
120,"first_blank","first_blank-upou","upou",3,6,"first_blank-křiv","křiv",6,0,0,1,"upoutávka","křivtávka"
852,"lík","lík-last_blank","last_blank",2,38,"zel-last_blank","zel",38,0,0,1,"uprchlík","uprchzel"
849,"first_blank","first_blank-uprch","uprch",2,18,"first_blank-uklid","uklid",18,0,0,2,"uprchnout","uklidnout"
131,"first_blank","first_blank-upus","upus",2,7,"first_blank-spán","spán",7,0,0,1,"upustit","spántit"
854,"first_blank","first_blank-ura","ura",2,15,"first_blank-clo","clo",15,0,0,1,"urazit","clozit"
447,"gent","gent-ní","ní",3,4,"osob-ní","osob",4,0,0,1,"urgentní","urosobní"
76,"vat","vat-last_blank","last_blank",2,942,"nou-last_blank","nou",753,189,0,1,"urvat","urnou"
750,"first_blank","first_blank-ušlech","ušlech",3,6,"first_blank-uklouz","uklouz",6,0,0,1,"ušlechtilý","uklouztilý"
719," se"," se-last_blank","last_blank",2,1,"ggs-last_blank","ggs",1,0,0,1,"usměj se","usmějggs"
685,"first_blank","first_blank-ús","ús",1,18,"first_blank-zí","zí",18,0,0,1,"úspěch","zípěch"
498,"first_blank","first_blank-uspo","uspo",3,29,"first_blank-prin","prin",29,0,0,1,"uspořádat","prinřádat"
446,"first_blank","first_blank-ús","ús",2,18,"first_blank-ram","ram",18,0,1,1,"ústa","ramta"
436,"first_blank","first_blank-usta","usta",3,11,"first_blank-ohav","ohav",11,0,0,1,"ustaraný","ohavraný"
612,"first_blank","first_blank-úto","úto",3,19,"first_blank-špat","špat",19,0,1,1,"útočiště","špatčiště"
534,"first_blank","first_blank-uto","uto",2,15,"first_blank-zmí","zmí",15,0,0,1,"utopit","zmípit"
43,"first_blank","first_blank-utr","utr",3,14,"first_blank-brou","brou",14,0,1,1,"utrpení","broupení"
149,"first_blank","first_blank-uži","uži",3,36,"first_blank-opra","opra",37,1,1,1,"užitečný","opratečný"
698,"first_blank","first_blank-úz","úz",2,17,"first_blank-moc","moc",17,0,1,1,"úzký","mocký"
871,"uz","uz-na","na",1,2,"ví-na","ví",2,0,0,1,"uznat","vínat"
515,"gi","gi-na","na",3,4,"adre-na","adre",4,0,2,1,"vagina","vaadrena"
37,"vál","vál-ka","ka",2,2,"reč-ka","reč",2,0,0,1,"válka","rečka"
134,"no","no-ce","ce",3,12,"zvrá-ce","zvrá",11,1,2,1,"vánoce","vázvráce"
989,"va","va-ro","ro",4,19,"mille-ro","mille",4,15,3,1,"varování","millerování"
395,"first_blank","first_blank-vče","vče",2,15,"first_blank-lar","lar",15,0,0,1,"včela","larla"
542,"first_blank","first_blank-vděč","vděč",2,10,"first_blank-vzná","vzná",10,0,0,1,"vděčný","vznáný"
968,"first_blank","first_blank-vdo","vdo",2,8,"first_blank-bři","bři",8,0,0,1,"vdova","břiva"
721,"če","če-ře","ře",3,4,"opat-ře","opat",4,0,2,1,"večeře","veopatře"
419,"first_blank","first_blank-věč","věč",2,14,"first_blank-utr","utr",14,0,0,1,"věčný","utrný"
662,"letrh","letrh-last_blank","last_blank",2,1,"vestr-last_blank","vestr",1,0,0,1,"veletrh","vevestr"
102,"li","li-kost","kost",3,1,"li-nách","nách",1,0,0,1,"velikost","velinách"
267,"li","li-tel","tel",3,24,"li-vost","vost",17,7,1,1,"velitel","velivost"
460,"first_blank","first_blank-vel","vel",2,64,"first_blank-stá","stá",64,0,0,1,"velký","stáký"
873,"vel","vel-mi","mi",2,1,"ara-mi","ara",1,0,0,1,"velmi","arami"
375,"vy","vy-sla","sla",4,8,"vy-bouch","bouch",8,0,2,1,"velvyslanec","velvybouchnec"
451,"ve","ve-n","n",1,3,"au-n","au",3,0,0,1,"ven","aun"
879,"ven","ven-til","til",2,1,"ven-ska","ska",1,0,0,1,"ventil","venska"
360,"aso","aso-last_blank","last_blank",5,1,"prášit-last_blank","prášit",1,0,3,1,"vepřové maso","vepřové mprášit"
472,"first_blank","first_blank-věr","věr",2,15,"first_blank-cle","cle",15,0,0,1,"věrnost","clenost"
179,"ve","ve-sm","sm",1,2,"ve-da","da",2,0,0,1,"vesmír","vedaír"
197,"first_blank","first_blank-vět","vět",3,21,"first_blank-soud","soud",21,0,1,1,"většina","soudšina"
402,"ver","ver-ka","ka",3,1,"troj-ka","troj",1,0,1,1,"veverka","vetrojka"
54,"first_blank","first_blank-vě","vě",1,191,"first_blank-ze","ze",191,0,0,1,"věž","zež"
692,"vi","vi-dět","dět",2,4,"vi-nem","nem",4,0,0,1,"vidět","vinem"
674,"ví","ví-no","no",2,1,"nig-no","nig",1,0,1,1,"víno","nigno"
229,"vi","vi-rus","rus",2,3,"vi-kin","kin",3,0,0,1,"virus","vikin"
563,"ství","ství-last_blank","last_blank",3,100,"vých-last_blank","vých",104,4,0,1,"vítězství","vítězvých"
46,"tr","tr-last_blank","last_blank",2,31,"jím-last_blank","jím",31,0,1,1,"vítr","víjím"
780,"first_blank","first_blank-vlaj","vlaj",2,9,"first_blank-aler","aler",9,0,0,1,"vlajka","alerka"
22,"vl","vl-ak","ak",1,1,"vl-či","či",1,0,0,1,"vlak","vlči"
493,"vlast","vlast-ně","ně",2,2,"blouz-ně","blouz",2,0,0,2,"vlastně","blouzně"
348,"vlast","vlast-nic","nic",3,2,"střed-nic","střed",1,1,0,2,"vlastnictví","střednictví"
899,"first_blank","first_blank-vla","vla",2,35,"first_blank-tur","tur",35,0,0,1,"vlasy","tursy"
832,"vl","vl-iv","iv",1,1,"ož-iv","ož",1,0,0,1,"vliv","oživ"
99,"first_blank","first_blank-vlo","vlo",2,18,"first_blank-zří","zří",18,0,0,1,"vložit","zřížit"
160,"first_blank","first_blank-vnitř","vnitř",2,13,"first_blank-zmáčk","zmáčk",13,0,0,3,"vnitřní","zmáčkní"
783,"uk","uk-last_blank","last_blank",1,9,"ft-last_blank","ft",9,0,0,1,"vnuk","vnft"
42,"ják","ják-last_blank","last_blank",2,8,"tar-last_blank","tar",8,0,0,1,"voják","votar"
797,"lá","lá-ní","ní",3,20,"chod-ní","chod",21,1,2,1,"volání","vochodní"
48,"vo","vo-le","le",2,31,"vo-vat","vat",36,5,1,1,"vole","vovat"
21,"dlo","dlo-last_blank","last_blank",3,39,"chat-last_blank","chat",39,0,1,1,"vozidlo","vozichat"
576,"first_blank","first_blank-vrst","vrst",2,7,"first_blank-stát","stát",7,0,0,1,"vrstva","státva"
537,"bec","bec-né","né",4,2,"vzduš-né","vzduš",2,0,2,1,"všeobecné","všeovzdušné"
255,"pit","pit-last_blank","last_blank",2,49,"děl-last_blank","děl",49,0,0,1,"vstoupit","vstouděl"
328,"vtip","vtip-ný","ný",2,2,"věst-ný","věst",2,0,0,1,"vtipný","věstný"
895,"běr","běr-last_blank","last_blank",2,3,"ped-last_blank","ped",3,0,0,1,"výběr","výped"
909,"vy","vy-brat","brat",2,1,"vy-hnan","hnan",1,0,0,1,"vybrat","vyhnan"
930,"sit","sit-last_blank","last_blank",3,42,"rech-last_blank","rech",42,0,1,1,"vyděsit","vyděrech"
682,"žet","žet-last_blank","last_blank",3,41,"ským-last_blank","ským",40,1,1,1,"vydržet","vydrským"
410,"vy","vy-hle","hle",5,19,"vy-kopnul","kopnul",1,18,3,1,"vyhledávání","vykopnuldávání"
579,"meč","meč-ný","ný",4,2,"schop-ný","schop",2,0,2,1,"výjimečný","výjischopný"
707,"vy","vy-ni","ni",5,7,"sestře-ni","sestře",3,4,4,1,"vynikající","sestřenikající"
650,"rob","rob-ce","ce",3,1,"čtyř-ce","čtyř",1,0,1,1,"výrobce","výčtyřce"
415,"ro","ro-čí","čí",3,1,"ro-gers","gers",1,0,2,1,"výročí","výrogers"
926,"dek","dek-last_blank","last_blank",3,35,"chal-last_blank","chal",35,0,1,1,"výsledek","výslechal"
850,"so","so-ká šk","ká šk",4,1,"so-mewhe","mewhe",1,0,0,1,"vysoká škola","vysomewheola"
562,"straž","straž-ný","ný",3,1,"trest-ný","trest",1,0,0,1,"výstražný","výtrestný"
765,"vý","vý-střel","střel",2,2,"vý-straž","straž",2,0,0,1,"výstřel","výstraž"
904,"stup","stup-last_blank","last_blank",2,13,"king-last_blank","king",13,0,0,2,"výstup","výking"
601,"svět","svět-le","le",4,6,"zrych-le","zrych",4,2,1,1,"vysvětlení","vyzrychlení"
921,"tvo","tvo-řit","řit",3,3,"ušet-řit","ušet",1,2,1,1,"vytvořit","vyušetřit"
399,"voj","voj-last_blank","last_blank",2,5,"nam-last_blank","nam",5,0,0,1,"vývoj","výnam"
770,"zkum","zkum-last_blank","last_blank",2,2,"mknu-last_blank","mknu",2,0,0,1,"výzkum","výmknu"
143,"znam","znam-last_blank","last_blank",2,4,"pral-last_blank","pral",4,0,0,1,"význam","výpral"
992,"vy","vy-zvě","zvě",3,1,"vy-číst","číst",1,0,1,1,"vyzvědač","vyčístdač"
671,"le","le-nost","nost",3,4,"le-sbič","sbič",4,0,0,1,"vzdálenost","vzdálesbič"
320,"vz","vz-du","du",1,1,"mó-du","mó",1,0,0,1,"vzduch","móduch"
440,"first_blank","first_blank-vž","vž",1,6,"first_blank-ún","ún",6,0,0,1,"vždy","úndy"
942,"first_blank","first_blank-vzru","vzru",4,20,"first_blank-střel","střel",20,0,1,1,"vzrušující","střelšující"
589,"vz","vz-ta","ta",1,1,"oc-ta","oc",1,0,0,1,"vztah","octah"
44,"shing","shing-ton","ton",3,3,"plank-ton","plank",1,2,0,1,"washington","waplankton"
894,"first_blank","first_blank-whis","whis",2,2,"first_blank-chca","chca",2,0,0,1,"whisky","chcaky"
567,"rvé","rvé-last_blank","last_blank",3,1,"klub-last_blank","klub",1,0,1,1,"za prvé","za pklub"
251,"žá","žá-ba","ba",2,1,"tam-ba","tam",1,0,1,1,"žába","tamba"
900,"ják","ják-last_blank","last_blank",3,8,"chům-last_blank","chům",8,0,1,1,"zabiják","zabichům"
755,"brá","brá-nit","nit",3,2,"čast-nit","čast",2,0,1,1,"zabránit","začastnit"
838,"za","za-cho","cho",3,21,"za-vraž","vraž",18,3,1,1,"zachovat","zavražvat"
841,"chrá","chrá-nit","nit",3,2,"čast-nit","čast",2,0,0,1,"zachránit","začastnit"
191,"chran","chran-ná","ná",5,1,"bezdět-ná","bezdět",1,0,1,1,"záchranná služba","zábezdětná služba"
902,"first_blank","first_blank-zad","zad",2,15,"first_blank-ska","ska",15,0,0,1,"zadní","skaní"
944,"za","za-ný","ný",4,14,"za-slech","slech",9,5,3,1,"zakázaný","zakázaslech"
199,"klad","klad-na","na",3,2,"urov-na","urov",2,0,0,1,"základna","záurovna"
855,"kon","kon-last_blank","last_blank",2,6,"via-last_blank","via",6,0,0,1,"zákon","závia"
611,"zá","zá-liv","liv",2,2,"zá-kou","kou",2,0,0,1,"záliv","zákou"
221,"dek","dek-last_blank","last_blank",3,35,"tých-last_blank","tých",35,0,1,1,"žaludek","žalutých"
957,"mče","mče-ný","ný",3,3,"klid-ný","klid",3,0,1,1,"zamčený","zaklidný"
911,"pad","pad-last_blank","last_blank",2,16,"mám-last_blank","mám",16,0,0,1,"západ","zámám"
779,"nce","nce-last_blank","last_blank",4,1,"žíšův-last_blank","žíšův",1,0,2,1,"západ slunce","západ služíšův"
774,"je","je-ní","ní",4,31,"vlast-ní","vlast",18,13,3,1,"zapojení","zapovlastní"
950,"me","me-nout","nout",4,6,"me-lissy","lissy",1,5,1,1,"zapomenout","zapomelissy"
654,"zá","zá-ří","ří",2,6,"zá-zna","zna",6,0,1,1,"září","zázna"
907,"za","za-ří","ří",4,20,"za-slech","slech",9,11,3,1,"zařízení","zaslechzení"
664,"first_blank","first_blank-žár","žár",3,15,"first_blank-zvět","zvět",15,0,1,1,"žárlivý","zvětlivý"
712,"zá","zá-ru","ru",3,5,"zá-znam","znam",4,1,2,1,"záruka","záznamka"
207,"za","za-slou","slou",4,22,"za-hanbe","hanbe",4,18,1,1,"zasloužit si","zahanbežit si"
408,"za","za-tí","tí",4,1,"za-plést","plést",1,0,3,1,"zatížení","zapléstžení"
595,"věr","věr-last_blank","last_blank",2,3,"lad-last_blank","lad",3,0,0,1,"závěr","zálad"
634,"věs","věs-ný","ný",3,1,"upře-ný","upře",1,0,1,1,"závěsný","záupřený"
959,"znam","znam-last_blank","last_blank",2,4,"spím-last_blank","spím",4,0,0,1,"záznam","záspím"
31,"first_blank","first_blank-zby","zby",3,26,"first_blank-iden","iden",26,0,1,1,"zbytečný","identečný"
734,"zby","zby-tek","tek",2,1,"prs-tek","prs",1,0,0,1,"zbytek","prstek"
932,"zdra","zdra-ví","ví",2,4,"vští-ví","vští",3,1,0,2,"zdraví","vštíví"
445,"first_blank","first_blank-zdra","zdra",2,39,"first_blank-vzpo","vzpo",40,1,0,2,"zdravý","vzpový"
620,"first_blank","first_blank-zdřím","zdřím",3,5,"first_blank-otřes","otřes",5,0,0,1,"zdřímnutí","otřesnutí"
231,"first_blank","first_blank-zd","zd",1,19,"first_blank-ov","ov",19,0,0,1,"zdroj","ovroj"
588,"first_blank","first_blank-zdvo","zdvo",3,11,"first_blank-efek","efek",11,0,0,1,"zdvořilý","efekřilý"
891," j"," j-o","o",1,1,"sh-o","sh",1,0,0,1,"že jo","žesho"
297,"first_blank","first_blank-žeh","žeh",3,8,"first_blank-vsta","vsta",8,0,1,1,"žehlička","vstalička"
497,"ze","ze-le","le",3,30,"stří-le","stří",13,17,2,1,"zelený","střílený"
414,"mě","mě-last_blank","last_blank",2,55,"víš-last_blank","víš",55,0,1,1,"země","zevíš"
582,"lec","lec-last_blank","last_blank",4,18,"stvím-last_blank","stvím",16,2,2,1,"zemědělec","zeměděstvím"
910,"ze","ze-mětře","mětře",4,2,"ze-vnějš","vnějš",2,0,0,1,"zemětřesení","zevnějšsení"
441,"nich","nich-last_blank","last_blank",2,2,"čils-last_blank","čils",2,0,0,1,"ženich","žečils"
803,"first_blank","first_blank-ží","ží",2,10,"first_blank-sná","sná",10,0,1,1,"žíla","snála"
602,"first_blank","first_blank-zi","zi",1,28,"first_blank-čí","čí",28,0,0,1,"zisk","čísk"
913,"zís","zís-kat","kat",2,1,"meš-kat","meš",1,0,0,1,"získat","meškat"
600,"first_blank","first_blank-ží","ží",1,10,"first_blank-kv","kv",10,0,0,1,"žít","kvt"
646,"first_blank","first_blank-zí","zí",3,18,"first_blank-skry","skry",18,0,2,1,"zítra","skrytra"
20,"edí","edí-last_blank","last_blank",6,1,"gonball-last_blank","gonball",1,0,4,1,"životní prostředí","životní prostřgonball"
883,"first_blank","first_blank-zje","zje",3,8,"first_blank-dluž","dluž",8,0,1,1,"zjevení","dlužvení"
234,"first_blank","first_blank-zkouš","zkouš",2,7,"first_blank-zklid","zklid",7,0,0,1,"zkouška","zklidka"
985,"first_blank","first_blank-zku","zku",4,30,"first_blank-stráž","stráž",27,3,2,1,"zkušenosti","strážšenosti"
762,"first_blank","first_blank-zla","zla",2,23,"first_blank-his","his",23,0,0,1,"zlatý","histý"
310,"first_blank","first_blank-zl","zl",1,19,"first_blank-oš","oš",19,0,0,1,"zlo","ošo"
980,"děj","děj-last_blank","last_blank",2,17,"nin-last_blank","nin",17,0,0,1,"zloděj","zlonin"
978,"změ","změ-na","na",2,2,"del-na","del",2,0,0,1,"změna","delna"
624,"first_blank","first_blank-znač","znač",2,15,"first_blank-ztrá","ztrá",15,0,0,1,"značka","ztráka"
815,"first_blank","first_blank-zne","zne",5,88,"first_blank-ochran","ochran",13,75,3,1,"znepokojení","ochranpokojení"
901,"first_blank","first_blank-žol","žol",2,5,"first_blank-cír","cír",5,0,0,1,"žoldák","círdák"
851,"first_blank","first_blank-zom","zom",2,8,"first_blank-jua","jua",8,0,0,1,"zombie","juabie"
80,"first_blank","first_blank-zo","zo",1,53,"first_blank-ža","ža",53,0,0,1,"zoo","žao"
917,"vit se","vit se-last_blank","last_blank",3,1,"vštěvy-last_blank","vštěvy",1,0,0,1,"zotavit se","zotavštěvy"
223,"first_blank","first_blank-zpě","zpě",2,12,"first_blank-dor","dor",12,0,0,1,"zpěvák","dorvák"
232,"first_blank","first_blank-zprá","zprá",2,8,"first_blank-zner","zner",8,0,0,1,"zpráva","znerva"
448,"first_blank","first_blank-zpra","zpra",3,30,"first_blank-dlou","dlou",30,0,0,1,"zpravodaj","dlouvodaj"
667,"lok","lok-last_blank","last_blank",2,2,"tuď-last_blank","tuď",2,0,0,1,"žralok","žratuď"
889,"first_blank","first_blank-ztros","ztros",4,10,"first_blank-chcíp","chcíp",10,0,0,1,"ztroskotanec","chcípkotanec"
558,"first_blank","first_blank-žur","žur",5,3,"first_blank-disney","disney",3,0,3,1,"žurnalistika","disneynalistika"
190,"tek","tek-last_blank","last_blank",3,106,"kách-last_blank","kách",107,1,1,1,"zůstatek","zůstakách"
401,"first_blank","first_blank-zvá","zvá",2,11,"first_blank-něm","něm",11,0,0,1,"zvážit","němžit"
723,"first_blank","first_blank-zvý","zvý",2,20,"first_blank-ště","ště",20,0,0,1,"zvýšit","štěšit"
