"word_id","first","original_pair","second","syll","original_freq","replacement_pair","replacement_syll","replacement_freq","freq_diff","char_diff","letter_diff","original_word","replacement_word"
892,"first_blank","first_blank-a ","a ",1,1,"first_blank-qm","qm",1,0,0,1,"a fora","qmfora"
56,"first_blank","first_blank-a ","a ",1,1,"first_blank-væ","væ",1,0,0,1,"a vegades","vævegades"
441,"ab","ab-el","el",1,14,"ab-us","us",14,0,0,1,"abella","abusla"
201,"ab","ab-so","so",1,30,"ab-ra","ra",30,0,0,1,"absolutament","abralutament"
533,"al","al-me","me",1,53,"al-lu","lu",52,1,0,1,"accidentalment","accidentallunt"
14,"pa","pa-ny","ny",1,43,"pa-ti","ti",42,1,0,1,"acompanyar","acompatiar"
19,"ti","ti-u","u",1,58,"ue-u","ue",62,4,0,1,"actiu","acueu"
845,"um","um-ul","ul",1,15,"ta-ul","ta",15,0,0,1,"acumular","actaular"
212,"ad","ad-me","me",1,25,"di-me","di",25,0,0,1,"admetre","dimetre"
477,"ad","ad-mi","mi",1,40,"ad-on","on",40,0,0,1,"administració","adonnistració"
974,"ad","ad-mi","mi",1,40,"ad-on","on",40,0,0,1,"admirar","adonrar"
26,"ad","ad-ol","ol",1,9,"pr-ol","pr",9,0,0,1,"adolescent","prolescent"
704,"ad","ad-ul","ul",1,14,"ad-et","et",14,0,0,1,"adult","adett"
634,"rt","rt-èn","èn",1,5,"rt-íc","íc",5,0,0,1,"advertència","advertíccia"
23,"ad","ad-vo","vo",1,3,"ad-le","le",3,0,0,1,"advocat","adlecat"
512,"al","al-ag","ag",1,8,"al-de","de",8,0,0,1,"afalagar","afaldear"
375,"af","af-ic","ic",1,9,"pi-ic","pi",9,0,0,1,"afició","piició"
790,"af","af-ic","ic",1,9,"òr-ic","òr",9,0,0,1,"aficionat","òricionat"
57,"first_blank","first_blank-àfri","àfri",2,1,"first_blank-loui","loui",1,0,0,1,"àfrica","louica"
284,"ag","ag-en","en",1,33,"mp-en","mp",33,0,0,1,"agent","mpent"
33,"ra","ra-id","id",1,5,"ra-go","go",5,0,0,1,"agraida","agragoa"
997,"ul","ul-la","la",1,29,"en-la","en",29,0,0,1,"agulla","agenla"
698,"ai","ai-re","re",1,36,"et-re","et",36,0,0,1,"aire","etre"
618,"'s","'s-last_blank","last_blank",1,1,"fm-last_blank","fm",1,0,0,1,"ajeure's","ajeurefm"
36,"ud","ud-ar","ar",1,16,"il-ar","il",16,0,0,1,"ajudar","ajilar"
37,"first_blank","first_blank-aj","aj",1,115,"first_blank-wi","wi",115,0,0,1,"ajut","wiut"
223,"aj","aj-ut","ut",1,2,"fr-ut","fr",2,0,0,1,"ajuts","fruts"
141,"first_blank","first_blank-àl","àl",1,8,"first_blank-ax","ax",8,0,0,1,"àlbum","axbum"
318,"ho","ho-l","l",1,2,"mb-l","mb",2,0,0,1,"alcohol","alcombl"
40,"al","al-er","er",1,21,"ch-er","ch",21,0,0,1,"alerta","cherta"
185,"first_blank","first_blank-àl","àl",1,8,"first_blank-by","by",8,0,0,1,"àliar","byiar"
616,"al","al-im","im",1,29,"al-ar","ar",29,0,0,1,"alimentar","alarentar"
162,"first_blank","first_blank-al","al",1,676,"first_blank-ex","ex",670,6,0,1,"all","exl"
55,"am","am-an","an",1,35,"rr-an","rr",34,1,0,1,"amant","rrant"
631,"first_blank","first_blank-ambaixa","ambaixa",2,3,"first_blank-esbrina","esbrina",3,0,0,2,"ambaixada","esbrinada"
714,"first_blank","first_blank-ambaixa","ambaixa",2,3,"first_blank-encaixa","encaixa",3,0,0,1,"ambaixador","encaixador"
494,"bu","bu-là","là",1,2,"is-là","is",2,0,0,1,"ambulància","amislància"
541,"an","an-al","al",1,36,"ri-al","ri",36,0,0,1,"analista","rialista"
147,"an","an-ar","ar",1,26,"mb-ar","mb",26,0,0,1,"anarquia","mbarquia"
802,"an","an-at","at",1,16,"an-to","to",16,0,0,1,"anatomia","antoomia"
659,"first_blank","first_blank-àn","àn",1,20,"first_blank-gh","gh",20,0,0,1,"àncora","ghcora"
137,"te","te-at","at",1,9,"is-at","is",9,0,0,1,"anfiteatre","anfiisatre"
287,"àn","àn-ge","ge",1,3,"àn-du","du",3,0,0,1,"àngel","àndul"
449,"gl","gl-ès","ès",1,3,"gl-at","at",3,0,0,1,"anglès","anglat"
506,"first_blank","first_blank-àn","àn",1,20,"first_blank-tò","tò",20,0,0,1,"ànima","tòima"
67,"er","er-sa","sa",1,22,"er-ie","ie",22,0,0,1,"aniversari","aniverieri"
923,"anomena","anomena-da","da",2,1,"riapara-da","riapara",1,0,0,4,"anomenada","riaparada"
275,"òn","òn-im","im",1,5,"ud-im","ud",5,0,0,1,"anònim","anudim"
967,"tí","tí-do","do",1,1,"cu-do","cu",1,0,0,1,"antídot","ancudot"
266,"it","it-ós","ós",1,4,"it-ir","ir",4,0,0,1,"apetitós","apetitir"
348,"nd","nd-re","re",1,74,"mp-re","mp",74,0,0,1,"aprendre","aprempre"
585,"ro","ro-p","p",1,6,"ti-p","ti",4,2,0,1,"aprop","aptip"
13,"uí","uí-last_blank","last_blank",1,23,"rk-last_blank","rk",23,0,0,1,"aquí","aqrk"
857,"ar","ar-a","a",1,1,"pí-a","pí",1,0,0,1,"ara","pía"
527,"ar","ar-an","an",1,22,"rc-an","rc",22,0,0,1,"aranya","rcanya"
72,"ar","ar-bu","bu",1,10,"ar-ch","ch",10,0,0,1,"arbust","archst"
1000,"àr","àr-ea","ea",1,3,"wh-ea","wh",3,0,0,1,"àrea","whea"
92,"first_blank","first_blank-ar","ar",1,632,"first_blank-ll","ll",632,0,0,1,"arrabassar","llrabassar"
707,"first_blank","first_blank-arriba","arriba",2,9,"first_blank-agrada","agrada",9,0,0,1,"arribada","agradada"
979,"first_blank","first_blank-ar","ar",1,632,"first_blank-ll","ll",632,0,0,1,"arribar","llribar"
77,"ar","ar-se","se",1,2,"pa-se","pa",2,0,0,1,"arsenal","pasenal"
565,"first_blank","first_blank-ar","ar",1,632,"first_blank-ll","ll",632,0,0,1,"art","llt"
615,"te","te-fa","fa",1,4,"te-rt","rt",4,0,0,1,"artefacte","artertcte"
288,"ti","ti-cl","cl",1,3,"ti-fu","fu",3,0,0,1,"article","artifue"
740,"first_blank","first_blank-ar","ar",1,632,"first_blank-ll","ll",632,0,0,1,"artista","lltista"
161,"as","as-e","e",1,1,"iz-e","iz",1,0,0,1,"ase","ize"
644,"pi","pi-ri","ri",1,18,"le-ri","le",18,0,0,1,"aspirina","aslerina"
83,"ss","ss-í","í",1,5,"at-í","at",5,0,0,1,"assassí","assaatí"
771,"mp","mp-te","te",1,9,"di-te","di",9,0,0,1,"assumpte","assudite"
738,"au","au-ta","ta",1,2,"pè-ta","pè",2,0,0,1,"astronauta","astronpèta"
93,"first_blank","first_blank-at","at",1,393,"first_blank-br","br",393,0,0,1,"atenció","brenció"
503,"first_blank","first_blank-at","at",1,393,"first_blank-br","br",393,0,0,1,"aterrar","brerrar"
990,"at","at-er","er",1,54,"nv-er","nv",54,0,0,1,"aterratge","nverratge"
675,"at","at-òm","òm",1,1,"at-ga","ga",1,0,0,1,"atòmic","atgaic"
340,"first_blank","first_blank-at","at",1,393,"first_blank-br","br",393,0,0,1,"atractiva","brractiva"
827,"au","au-gm","gm",1,17,"au-ra","ra",17,0,0,1,"augmentar","auraentar"
447,"af","af-last_blank","last_blank",1,17,"gh-last_blank","gh",17,0,0,1,"autògraf","autògrgh"
64,"ps","ps-ia","ia",1,3,"rm-ia","rm",3,0,0,1,"autòpsia","autòrmia"
20,"first_blank","first_blank-au","au",1,253,"first_blank-na","na",254,1,0,1,"autor","nator"
100,"av","av-i","i",1,5,"rs-i","rs",5,0,0,1,"avi","rsi"
151,"av","av-in","in",1,13,"av-el","el",13,0,0,1,"avinguda","avelguda"
34,"av","av-ui","ui",1,4,"ec-ui","ec",4,0,0,1,"avui","ecui"
761,"ba","ba-di","di",1,2,"et-di","et",2,0,0,1,"badia","etdia"
48,"ix","ix-last_blank","last_blank",1,156,"to-last_blank","to",158,2,0,1,"baix","bato"
301,"ba","ba-la","la",1,23,"pu-la","pu",24,1,0,1,"bala","pula"
255,"ar","ar-í","í",1,3,"rt-í","rt",3,0,0,1,"ballarí","ballrtí"
430,"ba","ba-nc","nc",1,9,"ba-da","da",9,0,0,1,"banca","badaa"
886,"ba","ba-nd","nd",1,24,"fu-nd","fu",23,1,0,1,"bandera","fundera"
539,"ba","ba-nq","nq",1,6,"li-nq","li",6,0,0,1,"banquera","linquera"
998,"ba","ba-ny","ny",1,29,"lu-ny","lu",29,0,0,1,"banya","lunya"
841,"ba","ba-r","r",1,22,"ri-r","ri",26,4,0,1,"bar","rir"
196,"ba","ba-ró","ró",1,1,"ba-ww","ww",1,0,0,1,"baró","baww"
808,"se","se-last_blank","last_blank",2,98,"ras-last_blank","ras",27,71,1,1,"base","baras"
458,"bà","bà-sq","sq",1,1,"st-sq","st",1,0,0,1,"bàsquet","stsquet"
883,"bé","bé-last_blank","last_blank",1,7,"td-last_blank","td",7,0,0,1,"bé","td"
66,"bè","bè-st","st",1,2,"tà-st","tà",2,0,0,1,"bèstia","tàstia"
169,"be","be-ur","ur",1,11,"be-sa","sa",11,0,0,1,"beure","besae"
575,"bl","bl-ia","ia",1,3,"em-ia","em",3,0,0,1,"bíblia","bíemia"
652,"te","te-ca","ca",1,6,"ro-ca","ro",6,0,0,1,"biblioteca","biblioroca"
148,"sb","sb-e","e",1,1,"tu-e","tu",1,0,0,1,"bisbe","bitue"
665,"an","an-c","c",1,8,"re-c","re",8,0,0,1,"blanc","blrec"
126,"as","as-fe","fe",1,3,"as-ka","ka",3,0,0,1,"blasfemar","blaskamar"
311,"bo","bo-last_blank","last_blank",1,19,"op-last_blank","op",19,0,0,1,"bo","op"
657,"bo","bo-ca","ca",1,8,"ia-ca","ia",8,0,0,1,"boca","iaca"
390,"ge","ge-ri","ri",1,13,"ge-nd","nd",13,0,0,1,"bogeria","bogenda"
507,"bo","bo-ig","ig",1,3,"ox-ig","ox",3,0,0,1,"boig","oxig"
399,"mb","mb-a","a",1,12,"ui-a","ui",11,1,0,1,"bomba","bouia"
120,"bo","bo-ni","ni",1,11,"tà-ni","tà",11,0,0,1,"bonic","tànic"
856,"bo","bo-ta","ta",1,15,"bo-ri","ri",14,1,0,1,"bota","bori"
927,"first_blank","first_blank-boti","boti",2,1,"first_blank-basa","basa",1,0,0,1,"botiga","basaga"
778,"bo","bo-tó","tó",1,1,"bo-dh","dh",1,0,0,1,"botó","bodh"
44,"av","av-o","o",1,4,"es-o","es",4,0,0,1,"bravo","breso"
584,"br","br-il","il",1,21,"br-at","at",21,0,0,1,"brillar","bratlar"
125,"om","om-a","a",1,8,"cc-a","cc",8,0,0,1,"broma","brcca"
744,"xo","xo-la","la",1,2,"sl-la","sl",2,0,0,1,"brúixola","brúislla"
526,"first_blank","first_blank-br","br",1,393,"first_blank-at","at",393,0,0,1,"brut","atut"
248,"first_blank","first_blank-br","br",1,393,"first_blank-at","at",393,0,0,1,"brutal","atutal"
749,"bu","bu-it","it",1,3,"oc-it","oc",3,0,0,1,"buit","ocit"
154,"tx","tx-ac","ac",1,5,"ef-ac","ef",5,0,0,1,"butxaca","buefaca"
184,"ca","ca-ba","ba",1,25,"ca-pe","pe",25,0,0,1,"cabanya","capenya"
104,"ca","ca-be","be",1,14,"ca-rg","rg",14,0,0,1,"cabell","cargll"
128,"ca","ca-bl","bl",1,17,"ca-ti","ti",17,0,0,1,"cable","catie"
734,"ca","ca-ce","ce",1,9,"ca-rp","rp",9,0,0,1,"cacera","carpra"
230,"de","de-na","na",1,28,"de-sg","sg",28,0,0,1,"cadena","cadesg"
122,"ca","ca-ix","ix",1,27,"ca-lc","lc",27,0,0,1,"caixa","calca"
865,"ix","ix-a ","a ",1,1,"ix-mi","mi",1,0,0,1,"caixa forta","caixmiforta"
576,"ca","ca-le","le",1,32,"ca-rn","rn",32,0,0,1,"calendari","carnndari"
486,"ca","ca-le","le",1,32,"ca-rn","rn",32,0,0,1,"calent","carnnt"
101,"li","li-br","br",1,16,"po-br","po",16,0,0,1,"calibre","capobre"
925,"lo","lo-r","r",1,11,"ea-r","ea",11,0,0,1,"calor","caear"
134,"ca","ca-mb","mb",1,18,"ca-ur","ur",18,0,0,1,"cambrer","caurrer"
626,"cà","cà-me","me",1,6,"tu-me","tu",6,0,0,1,"càmera","tumera"
545,"first_blank","first_blank-cami","cami",2,1,"first_blank-míti","míti",1,0,0,1,"camisa","mítisa"
656,"mp","mp-last_blank","last_blank",1,8,"oe-last_blank","oe",8,0,0,1,"camp","caoe"
750,"ca","ca-mp","mp",1,60,"ca-pa","pa",60,0,0,1,"campament","capaament"
325,"ca","ca-mp","mp",1,60,"ca-pa","pa",60,0,0,1,"campanya","capaanya"
582,"mp","mp-ió","ió",1,3,"er-ió","er",3,0,0,1,"campió","caerió"
674,"ca","ca-na","na",1,30,"ca-rt","rt",30,0,0,1,"canal","cartl"
775,"nc","nc-el","el",1,23,"rv-el","rv",22,1,0,1,"canceller","carveller"
993,"nd","nd-id","id",1,11,"nd-èn","èn",11,0,0,1,"candidat","candènat"
293,"ca","ca-nó","nó",1,1,"ca-rè","rè",1,0,0,1,"canó","carè"
407,"ns","ns-at","at",1,19,"ed-at","ed",19,0,0,1,"cansat","caedat"
653,"ca","ca-nt","nt",1,120,"ca-rr","rr",121,1,0,1,"cantant","carrant"
152,"first_blank","first_blank-cantona","cantona",2,1,"first_blank-consola","consola",1,0,0,1,"cantonada","consolada"
630,"nv","nv-i","i",1,3,"um-i","um",3,0,0,1,"canvi","caumi"
295,"nv","nv-ia","ia",1,29,"st-ia","st",29,0,0,1,"canviar","castiar"
976,"ny","ny-el","el",1,3,"un-el","un",3,0,0,1,"canyella","caunella"
909,"pa","pa-last_blank","last_blank",1,48,"mo-last_blank","mo",48,0,0,1,"capa","camo"
798,"pa","pa-ci","ci",1,34,"ti-ci","ti",34,0,0,1,"capacitar","caticitar"
490,"ca","ca-pa","pa",1,60,"ca-mp","mp",60,0,0,1,"capacitat","campcitat"
178,"ta","ta-l","l",1,39,"al-l","al",40,1,0,1,"capital","capiall"
904,"ps","ps-ul","ul",1,3,"íb-ul","íb",3,0,0,1,"càpsula","càíbula"
103,"first_blank","first_blank-ca","ca",1,1680,"first_blank-in","in",1693,13,0,1,"car","inr"
497,"ca","ca-rb","rb",1,21,"ca-ne","ne",21,0,0,1,"carboni","caneoni"
936,"ol","ol-last_blank","last_blank",1,75,"si-last_blank","si",75,0,0,1,"cargol","cargsi"
313,"ca","ca-ri","ri",1,38,"se-ri","se",39,1,0,1,"caritat","seritat"
149,"e ","e -po","po",1,1,"co-po","co",1,0,0,1,"carn de porc","carn dcoporc"
424,"lt","lt-es","es",1,29,"lt-re","re",29,0,0,1,"carnestoltes","carnestoltre"
150,"eg","eg-ar","ar",1,57,"ul-ar","ul",58,1,0,1,"carregar","carrular"
838,"rr","rr-er","er",1,67,"gu-er","gu",66,1,0,1,"carrera","caguera"
98,"et","et-er","er",1,33,"iv-er","iv",33,0,0,1,"carretera","carrivera"
594,"rt","rt-er","er",1,18,"ib-er","ib",18,0,0,1,"cartera","caibera"
70,"first_blank","first_blank-ca","ca",2,1680,"aristocrøti-ca","aristocrøti",1,1679,0,6,"casa","aristocrøticasa"
105,"sc","sc-last_blank","last_blank",1,35,"tà-last_blank","tà",35,0,0,1,"casc","catà"
338,"st","st-ig","ig",1,66,"st-at","at",66,0,0,1,"càstig","càstat"
95,"st","st-ig","ig",1,66,"st-at","at",66,0,0,1,"castigar","castatar"
246,"ca","ca-tò","tò",1,5,"ca-uc","uc",5,0,0,1,"catòlic","cauclic"
188,"ca","ca-ur","ur",1,18,"ca-pd","pd",18,0,0,1,"caure","capde"
82,"va","va-ll","ll",1,35,"en-ll","en",36,1,0,1,"cavalleria","caenlleria"
350,"va","va-r","r",1,28,"se-r","se",28,0,0,1,"cavar","caser"
900,"ce","ce-c","c",1,1,"hu-c","hu",1,0,0,1,"cec","huc"
163,"ce","ce-l","l",1,6,"ol-l","ol",6,0,0,1,"cel","oll"
386,"br","br-it","it",1,24,"et-it","et",24,0,0,1,"celebritat","celeetitat"
776,"l·","l·-la","la",1,1,"dl-la","dl",1,0,0,1,"cel·la","cedlla"
755,"nd","nd-ra","ra",1,39,"de-ra","de",40,1,0,1,"cendra","cedera"
956,"rc","rc-a","a",1,25,"am-a","am",25,0,0,1,"cerca","ceama"
951,"rc","rc-le","le",1,6,"ve-le","ve",6,0,0,1,"cercle","cevele"
167,"rv","rv-el","el",1,22,"nc-el","nc",23,1,0,1,"cervell","cencell"
853,"cé","cé-sa","sa",1,1,"ul-sa","ul",1,0,0,1,"césar","ulsar"
215,"ao","ao-s","s",1,1,"ís-s","ís",1,0,0,1,"chaos","chíss"
745,"ci","ci-me","me",1,10,"ge-me","ge",10,0,0,1,"ciment","gement"
920,"nè","nè-ma","ma",1,1,"ko-ma","ko",1,0,0,1,"cinèma","cikoma"
624,"ru","ru-rg","rg",1,5,"sa-rg","sa",5,0,0,1,"cirurgià","cisargià"
629,"vi","vi-l","l",1,7,"ea-l","ea",7,0,0,1,"civil","cieal"
406,"cl","cl-an","an",1,11,"cl-es","es",11,0,0,1,"clan","cles"
361,"si","si-fi","fi",1,10,"rà-fi","rà",10,0,0,1,"classificar","clasràficar"
268,"first_blank","first_blank-cl","cl",1,244,"first_blank-un","un",244,0,0,1,"clau","unau"
793,"ub","ub-last_blank","last_blank",1,5,"bà-last_blank","bà",5,0,0,1,"club","clbà"
53,"br","br-ir","ir",1,17,"br-un","un",18,1,0,1,"cobrir","cobrun"
496,"co","co-ca","ca",1,3,"co-ul","ul",3,0,0,1,"cocaïna","coulïna"
225,"di","di-last_blank","last_blank",1,64,"ck-last_blank","ck",64,0,0,1,"codi","cock"
635,"co","co-et","et",1,4,"co-ba","ba",4,0,0,1,"coet","coba"
811,"cò","cò-le","le",1,3,"ju-le","ju",3,0,0,1,"còlera","julera"
187,"ll","ll-last_blank","last_blank",1,185,"iu-last_blank","iu",194,9,0,1,"coll","coiu"
485,"ll","ll-a","a",1,148,"et-a","et",138,10,0,1,"colla","coeta"
58,"co","co-l·","l·",1,1,"co-ir","ir",1,0,0,1,"col·lega","coirlega"
964,"co","co-l·","l·",1,1,"co-ar","ar",1,0,0,1,"col·legi","coarlegi"
948,"l·","l·-li","li",1,1,"fè-li","fè",1,0,0,1,"col·lisionar","cofèlisionar"
960,"co","co-l·","l·",1,1,"co-rf","rf",1,0,0,1,"col·locar","corflocar"
417,"co","co-lò","lò",1,5,"co-pa","pa",5,0,0,1,"colònia","copania"
692,"nd","nd-am","am",1,5,"nd-et","et",5,0,0,1,"comandament","comandetent"
146,"nd","nd-an","an",1,12,"nd-ui","ui",12,0,0,1,"comandant","comanduit"
191,"mb","mb-at","at",1,27,"et-at","et",27,0,0,1,"combatre","coetatre"
621,"in","in-ac","ac",1,42,"in-en","en",42,0,0,1,"combinació","combinenió"
259,"nt","nt-ar","ar",1,121,"ap-ar","ap",123,2,0,1,"comentari","comeapari"
194,"rc","rc-ia","ia",1,33,"og-ia","og",35,2,0,1,"comercial","comeogial"
195,"ss","ss-ió","ió",1,19,"ss-er","er",19,0,0,1,"comissió","comisser"
894,"yi","yi-a","a",1,4,"cl-a","cl",4,0,0,1,"companyia","compancla"
469,"mp","mp-as","as",1,11,"mp-ta","ta",11,0,0,1,"compassiu","comptasiu"
139,"et","et-ic","ic",1,7,"et-ll","ll",7,0,0,1,"competició","competllió"
982,"li","li-me","me",1,15,"li-ss","ss",15,0,0,1,"compliment","complissnt"
978,"mp","mp-ra","ra",1,20,"ga-ra","ga",21,1,0,1,"comprar","cogarar"
155,"ro","ro-mí","mí",1,1,"ro-dc","dc",1,0,0,1,"compromís","comprodcs"
133,"first_blank","first_blank-comp","comp",2,41,"first_blank-preo","preo",32,9,0,2,"compte","preote"
304,"mt","mt-at","at",1,2,"pe-at","pe",2,0,0,1,"comtat","copeat"
491,"mu","mu-na","na",1,19,"mu-ll","ll",19,0,0,1,"comuna","comull"
264,"ed","ed-ir","ir",1,20,"ed-ei","ei",20,0,0,1,"concedir","concedei"
262,"ep","ep-te","te",1,17,"bo-te","bo",17,0,0,1,"concepte","concbote"
911,"nc","nc-lu","lu",1,6,"nc-om","om",6,0,0,1,"conclusió","concomsió"
160,"nd","nd-ui","ui",1,12,"nd-it","it",12,0,0,1,"conduir","conditr"
844,"er","er-èn","èn",1,16,"er-ad","ad",16,0,0,1,"conferència","conferadcia"
240,"nf","nf-ia","ia",1,20,"àn-ia","àn",20,0,0,1,"confiança","coàniança"
214,"ir","ir-ma","ma",1,16,"fu-ma","fu",16,0,0,1,"confirmació","conffumació"
303,"nf","nf-li","li",1,4,"ve-li","ve",4,0,0,1,"conflicte","covelicte"
31,"nf","nf-or","or",1,40,"at-or","at",40,0,0,1,"confortable","coatortable"
824,"ra","ra-tu","tu",1,4,"ra-si","si",4,0,0,1,"congratular","congrasilar"
15,"ns","ns-el","el",1,10,"or-el","or",10,0,0,1,"consell","coorell"
76," m"," m-in","in",1,1,"rx-in","rx",1,0,0,1,"consell de ministres","consell derxinistres"
561,"first_blank","first_blank-conserva","conserva",2,5,"first_blank-demostra","demostra",5,0,0,4,"conservador","demostrador"
721,"er","er-ar","ar",1,34,"er-it","it",32,2,0,1,"considerar","considerit"
453,"ns","ns-pi","pi",1,22,"ns-um","um",23,1,0,1,"conspiració","consumració"
220,"tr","tr-uc","uc",1,48,"tr-at","at",48,0,0,1,"construcció","constratció"
210,"ac","ac-te","te",1,29,"le-te","le",30,1,0,1,"contacte","contlete"
812,"in","in-ac","ac",1,42,"in-en","en",42,0,0,1,"contaminació","contaminenió"
221,"en","en-ir","ir",1,19,"ud-ir","ud",19,0,0,1,"contenir","contudir"
17,"ra","ra-ct","ct",1,50,"ra-ll","ll",51,1,0,1,"contracte","contralle"
597,"ro","ro-l","l",1,8,"ar-l","ar",9,1,0,1,"control","contarl"
300,"first_blank","first_blank-conver","conver",2,1,"first_blank-cortár","cortár",1,0,0,1,"conversa","cortársa"
190,"pe","pe-ja","ja",1,9,"it-ja","it",9,0,0,1,"copejar","coitjar"
285,"co","co-ra","ra",1,38,"co-nn","nn",38,0,0,1,"coratge","conntge"
958,"ro","ro-na","na",1,21,"ro-ll","ll",21,0,0,1,"corona","coroll"
820,"rr","rr-ec","ec",1,36,"el-ec","el",36,0,0,1,"correcte","coelecte"
711,"rr","rr-er","er",1,67,"gu-er","gu",66,1,0,1,"correr","coguer"
413,"rr","rr-eu","eu",1,9,"ny-eu","ny",9,0,0,1,"correu","conyeu"
852,"rv","rv-a","a",1,6,"eï-a","eï",6,0,0,1,"corva","coeïa"
129,"co","co-s","s",1,14,"iï-s","iï",14,0,0,1,"cos","iïs"
283,"ea","ea-ci","ci",1,8,"tu-ci","tu",8,0,0,1,"creació","crtució"
789,"ea","ea-r","r",1,11,"lo-r","lo",11,0,0,1,"crear","crlor"
265,"èd","èd-it","it",1,3,"aa-it","aa",3,0,0,1,"crèdit","craait"
753,"cr","cr-ít","ít",1,3,"qu-ít","qu",3,0,0,1,"crític","quític"
438,"xi","xi-t","t",1,1,"je-t","je",1,0,0,1,"cruixit","cruijet"
446,"cu","cu-ad","ad",1,4,"nd-ad","nd",4,0,0,1,"cuadre","ndadre"
878,"cu","cu-c","c",1,1,"àﬁ-c","àﬁ",1,0,0,1,"cuc","àﬁc"
996,"in","in-er","er",1,27,"in-se","se",27,0,0,1,"cuiner","cuinse"
251,"cu","cu-l","l",1,5,"ya-l","ya",5,0,0,1,"cul","yal"
442,"cu","cu-ll","ll",1,24,"ti-ll","ti",24,0,0,1,"cullera","tillera"
179,"lt","lt-ur","ur",1,14,"oc-ur","oc",14,0,0,1,"cultura","cuocura"
569,"cu","cu-rt","rt",1,12,"ta-rt","ta",12,0,0,1,"curt","tart"
520,"da","da-de","de",1,13,"nt-de","nt",13,0,0,1,"dades","ntdes"
747,"first_blank","first_blank-daura","daura",2,1,"first_blank-tsuba","tsuba",1,0,0,1,"daurada","tsubada"
2,"da","da-va","va",1,25,"er-va","er",26,1,0,1,"davall","ervall"
224," d"," d-e","e",1,1,"þi-e","þi",1,0,0,1,"davant de","davantþie"
256,"va","va-nt","nt",1,30,"pi-nt","pi",30,0,0,1,"davanter","dapinter"
277," n"," n-ov","ov",1,1,"oh-ov","oh",1,0,0,1,"de novembre","deohovembre"
516,"ob","ob-te","te",1,9,"ob-vi","vi",9,0,0,1,"de sobte","de sobvi"
817," t"," t-an","an",1,1,"lf-an","lf",1,0,0,1,"de tant en tant","delfant en tant"
965,"first_blank","first_blank-dedicar","dedicar",2,1,"first_blank-descara","descara",1,0,0,1,"dedicar-se","descarase"
791,"de","de-gà","gà",1,1,"de-ño","ño",1,0,0,1,"degà","deño"
3,"ix","ix-ar","ar",1,36,"ac-ar","ac",37,1,0,1,"deixar","deacar"
874,"de","de-li","li",1,48,"de-sf","sf",49,1,0,1,"delicat","desfcat"
610,"mà","mà-last_blank","last_blank",1,12,"fe-last_blank","fe",12,0,0,1,"demà","defe"
499,"de","de-nc","nc",1,12,"de-bi","bi",12,0,0,1,"dencent","debient"
279,"afortunat","afortunat-last_blank","last_blank",2,1,"oportunes-last_blank","oportunes",1,0,0,2,"desafortunat","desoportunes"
315,"sc","sc-an","an",1,38,"rt-an","rt",39,1,0,1,"descans","dertans"
401,"ri","ri-ur","ur",1,23,"ri-gi","gi",24,1,0,1,"descriure","descrigie"
972,"sertar","sertar-last_blank","last_blank",2,1,"destra-last_blank","destra",1,0,0,1,"desertar","dedestra"
280,"si","si-g","g",1,2,"ør-g","ør",2,0,0,1,"desig","deørg"
281,"st","st-í","í",1,8,"qu-í","qu",10,2,0,1,"destí","dequí"
549,"first_blank","first_blank-detonata","detonata",2,1,"first_blank-deposita","deposita",1,0,0,1,"detonatador","depositador"
307,"first_blank","first_blank-dé","dé",1,18,"first_blank-ye","ye",18,0,0,1,"déu","yeu"
548,"di","di-am","am",1,11,"di-ré","ré",10,1,0,1,"diamant","diréant"
868,"di","di-àr","àr",1,3,"sc-àr","sc",3,0,0,1,"diàriament","scàriament"
658,"di","di-ar","ar",1,13,"im-ar","im",13,0,0,1,"diarrea","imarrea"
452,"di","di-cc","cc",1,15,"re-cc","re",15,0,0,1,"diccionari","reccionari"
572,"di","di-gu","gu",1,34,"di-ct","ct",34,0,0,1,"digusting","dictsting"
292,"un","un-s","s",1,6,"vé-s","vé",6,0,0,1,"dilluns","dillvés"
508,"na","na-st","st",1,4,"to-st","to",4,0,0,1,"dinastia","ditostia"
479,"om","om-a","a",1,8,"ed-a","ed",8,0,0,1,"diploma","dipleda"
297,"di","di-r","r",1,36,"ge-r","ge",39,3,0,1,"dir","ger"
25,"re","re-cc","cc",1,15,"re-mu","mu",15,0,0,1,"direcció","diremuió"
298,"di","di-ri","ri",1,53,"ma-ri","ma",53,0,0,1,"dirigir","marigir"
752,"re","re-ci","ci",1,54,"in-ci","in",54,0,0,1,"discreció","discinció"
877,"ur","ur-s","s",1,13,"es-s","es",13,0,0,1,"discurs","discess"
305,"ss","ss-ab","ab",1,3,"ss-ev","ev",3,0,0,1,"dissabte","dissevte"
977,"àn","àn-ci","ci",1,28,"fa-ci","fa",28,0,0,1,"distància","distfacia"
757,"di","di-t","t",1,24,"ue-t","ue",24,0,0,1,"dit","uet"
963,"first_blank","first_blank-divi","divi",2,1,"first_blank-aixa","aixa",1,0,0,1,"divisa","aixasa"
611,"vo","vo-rc","rc",1,15,"vo-ta","ta",15,0,0,1,"divorciar","divotaiar"
336,"dn","dn-a","a",1,2,"mf-a","mf",2,0,0,1,"dna","mfa"
954,"do","do-bl","bl",1,33,"pu-bl","pu",31,2,0,1,"doble","puble"
119,"lç","lç-last_blank","last_blank",1,4,"mé-last_blank","mé",4,0,0,1,"dolç","domé"
249,"do","do-le","le",1,13,"sa-le","sa",13,0,0,1,"dolent","salent"
809,"do","do-s","s",1,4,"rò-s","rò",4,0,0,1,"dos","ròs"
524,"do","do-si","si",1,2,"do-pe","pe",2,0,0,1,"dosi","dope"
309,"ss","ss-ie","ie",1,9,"nv-ie","nv",9,0,0,1,"dossier","donvier"
573,"dr","dr-ac","ac",1,6,"ot-ac","ot",6,0,0,1,"drac","otac"
193,"am","am-a","a",1,25,"rc-a","rc",25,0,0,1,"drama","drrca"
854,"first_blank","first_blank-dramàti","dramàti",2,1,"first_blank-parabri","parabri",1,0,0,3,"dramàtica","parabrica"
377,"dr","dr-et","et",1,10,"dr-ie","ie",10,0,0,1,"dret","drie"
902,"bt","bt-e","e",1,3,"èr-e","èr",3,0,0,1,"dubte","duère"
319,"du","du-r","r",1,6,"we-r","we",6,0,0,1,"dur","wer"
102,"tx","tx-a","a",1,11,"ag-a","ag",11,0,0,1,"dutxa","duaga"
986,"dv","dv-d","d",1,1,"és-d","és",1,0,0,1,"dvd","ésd"
59,"uc","uc-at","at",1,9,"rl-at","rl",9,0,0,1,"educat","edrlat"
530,"ei","ei-na","na",1,4,"ei-me","me",4,0,0,1,"eina","eime"
688,"el","el-ec","ec",1,36,"rr-ec","rr",36,0,0,1,"elecció","rrecció"
950,"im","im-in","in",1,44,"ag-in","ag",45,1,0,1,"eliminar","elaginar"
535,"em","em-oc","oc",1,32,"em-br","br",33,1,0,1,"emocionant","embrionant"
608,"ss","ss-ar","ar",1,75,"in-ar","in",76,1,0,1,"empassar","empainar"
932,"pe","pe-nt","nt",1,43,"pe-rq","rq",43,0,0,1,"empenta","emperqa"
1,"na","na- a"," a",1,1,"na-lç","lç",1,0,0,1,"en una altra part","en unalçltra part"
110,"ca","ca-nt","nt",1,120,"ca-rr","rr",121,1,0,1,"encant","encarr"
689,"em","em-ic","ic",1,5,"sp-ic","sp",5,0,0,1,"enemic","enspic"
206,"fo","fo-ca","ca",1,16,"xe-ca","xe",16,0,0,1,"enfocament","enxecament"
78,"ny","ny-er","er",1,12,"ny-av","av",12,0,0,1,"enginyer","enginyav"
306,"ós","ós-last_blank","last_blank",1,121,"no-last_blank","no",121,0,0,1,"enginyós","enginyno"
91,"rn","rn-last_blank","last_blank",1,43,"lt-last_blank","lt",43,0,0,1,"entorn","entolt"
136,"tr","tr-ar","ar",1,17,"tr-om","om",17,0,0,1,"entrar","entrom"
552,"first_blank","first_blank-entrena","entrena",2,3,"first_blank-esbrina","esbrina",3,0,0,1,"entrenador","esbrinador"
294,"ep","ep-à","à",1,1,"av-à","av",1,0,0,1,"entrepà","entravà"
712,"as","as-me","me",1,5,"ha-me","ha",5,0,0,1,"entusiasme","entusihame"
335,"jó","jó-s","s",1,4,"rò-s","rò",4,0,0,1,"envejós","enveròs"
493,"ui","ui-li","li",1,4,"ui-an","an",4,0,0,1,"equilibri","equianbri"
356,"ui","ui-p","p",1,1,"jo-p","jo",1,0,0,1,"equip","eqjop"
358,"ro","ro-r","r",1,4,"hi-r","hi",4,0,0,1,"error","erhir"
860,"ca","ca-la","la",1,40,"ca-ri","ri",38,2,0,1,"escalar","escarir"
879,"au","au-last_blank","last_blank",1,62,"ès-last_blank","ès",62,0,0,1,"esclau","esclès"
867,"ll","ll-ir","ir",1,35,"st-ir","st",34,1,0,1,"escollir","escostir"
362,"lt","lt-ar","ar",1,42,"am-ar","am",42,0,0,1,"escoltar","escoamar"
363,"re","re-ri","ri",1,7,"re-va","va",7,0,0,1,"escombreries","escombrevaes"
75,"cu","cu-t","t",1,10,"ea-t","ea",10,0,0,1,"escut","eseat"
226,"es","es-ga","ga",1,19,"es-on","on",19,0,0,1,"esgarrapar","esonrrapar"
144,"és","és-ia","ia",1,1,"yo-ia","yo",1,0,0,1,"església","esglyoia"
369,"pa","pa-nt","nt",1,62,"pa-re","re",63,1,0,1,"espantar","esparear"
463,"first_blank","first_blank-espa","espa",2,2,"first_blank-sala","sala",2,0,0,1,"espasa","salasa"
470,"pa","pa-tl","tl",1,14,"ro-tl","ro",14,0,0,1,"espatlla","esrotlla"
962,"pe","pe-ci","ci",1,29,"si-ci","si",29,0,0,1,"especial","essicial"
833,"ct","ct-ac","ac",1,6,"al-ac","al",6,0,0,1,"espectacle","espealacle"
414,"nç","nç-a","a",1,28,"si-a","si",28,0,0,1,"esperança","esperasia"
373,"pe","pe-ra","ra",1,94,"ag-ra","ag",88,6,0,1,"esperar","esagrar"
942,"pi","pi-a","a",1,20,"il-a","il",20,0,0,1,"espia","esila"
4,"pi","pi-na","na",1,12,"se-na","se",12,0,0,1,"espinal","essenal"
858,"pi","pi-on","on",1,7,"pi-cs","cs",7,0,0,1,"espionatge","espicsatge"
843,"qu","qu-en","en",1,66,"lm-en","lm",67,1,0,1,"esquena","eslmena"
302,"first_blank","first_blank-esquerdar","esquerdar",2,1,"first_blank-esquelèti","esquelèti",1,0,0,2,"esquerdar-se","esquelètise"
696,"ir","ir-ol","ol",1,2,"ne-ol","ne",2,0,0,1,"esquirol","esquneol"
109,"ta","ta-di","di",1,4,"ta-rk","rk",4,0,0,1,"estadi","estark"
765,"es","es-ta","ta",1,299,"es-si","si",341,42,0,1,"estat","essit"
676,"es","es-ti","ti",1,208,"es-co","co",205,3,0,1,"estirar","escorar"
498,"es","es-ti","ti",1,208,"es-co","co",205,3,0,1,"estiu","escou"
741,"ma","ma-c","c",1,6,"te-c","te",6,0,0,1,"estòmac","estòtec"
270,"tr","tr-ès","ès",1,3,"tr-uo","uo",3,0,0,1,"estrès","estruo"
62,"tr","tr-et","et",1,45,"tr-on","on",43,2,0,1,"estret","estron"
622,"di","di-an","an",1,31,"bl-an","bl",31,0,0,1,"estudiant","estublant"
723,"er","er-n","n",1,9,"la-n","la",9,0,0,1,"etern","etlan"
782,"ev","ev-id","id",1,11,"nd-id","nd",11,0,0,1,"evidència","ndidència"
655,"ol","ol-uc","uc",1,8,"ol-er","er",8,0,0,1,"evolució","evolerió"
528,"ex","ex-am","am",1,4,"ex-ta","ta",4,0,0,1,"examen","extaen"
542,"minar","minar-last_blank","last_blank",2,1,"rians-last_blank","rians",1,0,0,1,"examinar","exarians"
481,"ce","ce-l ","l ",1,1,"ce-nw","nw",1,0,0,1,"excel · lent","excenw· lent"
673,"pc","pc-io","io",1,14,"st-io","st",14,0,0,1,"excepcional","excestional"
448,"first_blank","first_blank-èx","èx",1,5,"first_blank-vò","vò",5,0,0,1,"èxit","vòit"
209,"ri","ri-èn","èn",1,5,"ri-ga","ga",5,0,0,1,"experiència","experigacia"
247,"ri","ri-me","me",1,37,"ri-ba","ba",37,0,0,1,"experiment","experibant"
370,"rt","rt-a","a",1,39,"eg-a","eg",39,0,0,1,"experta","expeega"
748,"ic","ic-ac","ac",1,41,"tz-ac","tz",40,1,0,1,"explicació","expltzació"
400,"pl","pl-os","os",1,12,"nt-os","nt",12,0,0,1,"explosió","exntosió"
24,"tr","tr-a","a",1,26,"ct-a","ct",26,0,0,1,"extra","excta"
641,"em","em-ad","ad",1,7,"ro-ad","ro",7,0,0,1,"extremadament","extrroadament"
787,"first_blank","first_blank-fàbri","fàbri",2,1,"first_blank-submi","submi",1,0,0,1,"fàbrica","submica"
329,"or","or-last_blank","last_blank",1,207,"us-last_blank","us",208,1,0,1,"factor","factus"
984,"fa","fa-ld","ld",1,9,"fa-re","re",9,0,0,1,"faldilla","fareilla"
405,"first_blank","first_blank-fa","fa",1,491,"first_blank-to","to",493,2,0,1,"fals","tols"
880,"fa","fa-m","m",1,3,"rö-m","rö",3,0,0,1,"fam","röm"
901,"fa","fa-ng","ng",1,9,"fa-ld","ld",9,0,0,1,"fang","fald"
729,"se","se-last_blank","last_blank",2,98,"rés-last_blank","rés",17,81,1,1,"fase","farés"
380,"fe","fe-de","de",1,6,"xa-de","xa",6,0,0,1,"federal","xaderal"
16,"fe","fe-no","no",1,5,"an-no","an",5,0,0,1,"fenomen","annomen"
420,"fe","fe-r","r",1,15,"ya-r","ya",16,1,0,1,"fer","yar"
560,"ri","ri-rs","rs",1,1,"xe-rs","xe",1,0,0,1,"ferir-se","fexerse"
30,"rm","rm-last_blank","last_blank",1,8,"ug-last_blank","ug",8,0,0,1,"ferm","feug"
443,"rm","rm-am","am",1,2,"iy-am","iy",2,0,0,1,"fermament","feiyament"
623,"fe","fe-rr","rr",1,26,"fe-ct","ct",26,0,0,1,"ferro","fecto"
866,"fi","fi-an","an",1,9,"an-an","an",9,0,0,1,"fiança","anança"
286,"fi","fi-de","de",1,17,"fi-el","el",17,0,0,1,"fidelitat","fiellitat"
427,"fi","fi-ll","ll",1,18,"ne-ll","ne",18,0,0,1,"filla","nella"
832,"fi","fi-lo","lo",1,7,"fi-st","st",7,0,0,1,"filosofia","fistsofia"
8,"first_blank","first_blank-fi","fi",1,405,"first_blank-bo","bo",407,2,0,1,"final","bonal"
38,"na","na-lm","lm",1,12,"na-nç","nç",12,0,0,1,"finalment","finançent"
429,"er","er-am","am",1,15,"er-se","se",15,0,0,1,"financerament","financerseent"
540,"nc","nc-es","es",1,29,"lt-es","lt",29,0,0,1,"finances","finaltes"
762,"fi","fi-ne","ne",1,21,"ca-ne","ca",21,0,0,1,"finestra","canestra"
813,"fi","fi-ra","ra",1,3,"íg-ra","íg",3,0,0,1,"fira","ígra"
609,"first_blank","first_blank-físi","físi",2,1,"first_blank-møni","møni",1,0,0,1,"física","mønica"
835,"fi","fi-xa","xa",1,13,"at-xa","at",14,1,0,1,"fixar","atxar"
433,"fo","fo-c","c",1,2,"pe-c","pe",2,0,0,1,"foc","pec"
216,"nd","nd-re","re",1,74,"mp-re","mp",74,0,0,1,"fondre","fompre"
521,"fo","fo-nt","nt",1,10,"gi-nt","gi",10,0,0,1,"font","gint"
343,"fo","fo-ra","ra",1,42,"ba-ra","ba",42,0,0,1,"fora","bara"
344,"rç","rç-a","a",1,7,"gm-a","gm",7,0,0,1,"força","fogma"
884,"rm","rm-a","a",1,15,"ïd-a","ïd",15,0,0,1,"forma","foïda"
12,"rm","rm-ig","ig",1,5,"fa-ig","fa",5,0,0,1,"formigó","fofaigó"
250,"rn","rn-last_blank","last_blank",1,43,"lt-last_blank","lt",43,0,0,1,"forn","folt"
415,"rt","rt-last_blank","last_blank",1,89,"do-last_blank","do",90,1,0,1,"fort","fodo"
583,"sc","sc-or","or",1,21,"th-or","th",21,0,0,1,"foscor","fothor"
717,"ag","ag-me","me",1,6,"cà-me","cà",6,0,0,1,"fragment","frcàment"
875,"üè","üè-nc","nc",1,6,"ne-nc","ne",6,0,0,1,"freqüència","freqnencia"
21,"es","es-c","c",1,10,"in-c","in",10,0,0,1,"fresc","frinc"
360,"first_blank","first_blank-fu","fu",1,246,"first_blank-st","st",244,2,0,1,"fugir","stgir"
173,"fu","fu-m","m",1,1,"lí-m","lí",1,0,0,1,"fum","lím"
177,"fu","fu-nc","nc",1,28,"ra-nc","ra",28,0,0,1,"funcionar","rancionar"
709,"tu","tu-r","r",1,7,"ka-r","ka",7,0,0,1,"futur","fukar"
397,"le","le-ri","ri",1,18,"le-fo","fo",18,0,0,1,"galeria","galefoa"
18,"ga","ga-ll","ll",1,34,"ga-ni","ni",34,0,0,1,"gallet","ganiet"
795,"ga","ga-ra","ra",1,21,"et-ra","et",21,0,0,1,"garantitzar","etrantitzar"
192,"ga","ga-s","s",1,4,"üe-s","üe",4,0,0,1,"gas","ües"
819,"first_blank","first_blank-gene","gene",3,2,"first_blank-arma","arma",2,0,0,1,"generador","armarador"
231,"first_blank","first_blank-ge","ge",1,285,"first_blank-pu","pu",286,1,0,1,"general","puneral"
172,"ni","ni-last_blank","last_blank",1,108,"ey-last_blank","ey",108,0,0,1,"geni","geey"
143,"ge","ge-re","re",1,8,"ho-re","ho",8,0,0,1,"gerent","horent"
472,"first_blank","first_blank-ge","ge",1,285,"first_blank-ag","ag",284,1,0,1,"germana","agrmana"
836,"ge","ge-st","st",1,29,"ba-st","ba",28,1,0,1,"gest","bast"
207,"first_blank","first_blank-gi","gi",1,125,"first_blank-hu","hu",125,0,0,1,"gira","hura"
474,"glorio","glorio-sa","sa",2,1,"gunaco-sa","gunaco",1,0,0,2,"gloriosa","gunacosa"
928,"first_blank","first_blank-go","go",1,215,"first_blank-or","or",215,0,0,1,"golf","orlf"
467,"go","go-s","s",1,6,"zi-s","zi",6,0,0,1,"gos","zis"
63,"go","go-t","t",1,7,"ie-t","ie",7,0,0,1,"got","iet"
870,"first_blank","first_blank-governa","governa",2,6,"first_blank-anomena","anomena",6,0,0,2,"governador","anomenador"
799,"first_blank","first_blank-go","go",1,215,"first_blank-or","or",215,0,0,1,"governar","orvernar"
411,"gr","gr-a","a",1,9,"xi-a","xi",9,0,0,1,"gra","xia"
346,"first_blank","first_blank-gr","gr",1,402,"first_blank-ra","ra",401,1,0,1,"gran","raan"
947,"first_blank","first_blank-gr","gr",1,402,"first_blank-ra","ra",401,1,0,1,"granger","raanger"
568,"an","an-ot","ot",1,16,"an-yi","yi",16,0,0,1,"granota","granyia"
826,"at","at-if","if",1,5,"at-òn","òn",5,0,0,1,"gratificació","gratònicació"
593,"ip","ip-last_blank","last_blank",1,19,"xe-last_blank","xe",19,0,0,1,"grip","grxe"
952,"gu","gu-an","an",1,54,"av-an","av",54,0,0,1,"guany","avany"
523,"ya","ya-r","r",1,16,"mi-r","mi",16,0,0,1,"guanyar","guanmir"
716,"ar","ar-da","da",1,30,"ca-da","ca",31,1,0,1,"guarda","gucada"
106,"gu","gu-er","er",1,66,"rr-er","rr",67,1,0,1,"guerra","rrerra"
217,"il","il-lo","lo",1,11,"ca-lo","ca",11,0,0,1,"guillot","gucalot"
687,"gu","gu-st","st",1,25,"gu-da","da",24,1,0,1,"gust","guda"
316,"bi","bi-ta","ta",1,26,"pu-ta","pu",26,0,0,1,"habitació","haputació"
327,"bi","bi-tu","tu",1,6,"sa-tu","sa",6,0,0,1,"habitual","hasatual"
862,"ro","ro-i","i",1,1,"sa-i","sa",1,0,0,1,"heroi","hesai"
482,"hi","hi-st","st",1,19,"pe-st","pe",19,0,0,1,"historial","pestorial"
127,"la","la-last_blank","last_blank",1,324,"on-last_blank","on",325,1,0,1,"hola","hoon"
504,"first_blank","first_blank-ho","ho",1,375,"first_blank-ad","ad",376,1,0,1,"home","adme"
28,"ho","ho-rm","rm",1,3,"ho-we","we",3,0,0,1,"hormona","howeona"
759,"ho","ho-rr","rr",1,23,"pa-rr","pa",23,0,0,1,"horror","parror"
183,"ho","ho-sp","sp",1,13,"ve-sp","ve",14,1,0,1,"hospital","vespital"
32,"ho","ho-sp","sp",1,13,"ve-sp","ve",14,1,0,1,"hospitalitat","vespitalitat"
648,"te","te-l","l",1,10,"sa-l","sa",10,0,0,1,"hotel","hosal"
587,"hu","hu-ll","ll",1,1,"hu-ag","ag",1,0,0,1,"hulla","huaga"
639,"first_blank","first_blank-hu","hu",1,125,"first_blank-gi","gi",125,0,0,1,"humil","gimil"
935,"ra","ra-cà","cà",1,1,"ra-av","av",1,0,0,1,"huracà","huraav"
929,"id","id-e","e",1,9,"rg-e","rg",9,0,0,1,"ide","rge"
724,"first_blank","first_blank-id","id",1,84,"first_blank-ke","ke",84,0,0,1,"ideal","keeal"
79,"no","no-rà","rà",1,3,"ju-rà","ju",3,0,0,1,"ignorància","igjurància"
559,"il","il-·l","·l",1,1,"il-às","às",1,0,0,1,"il·legal","ilàsegal"
955,"um","um-in","in",1,12,"fe-in","fe",12,0,0,1,"il·luminació","il·lfeinació"
47,"il","il-·l","·l",1,1,"il-èn","èn",1,0,0,1,"il·lusió","ilènusió"
239,"in","in-ac","ac",1,42,"in-en","en",42,0,0,1,"imaginació","imaginenió"
334,"ri","ri-al","al",1,36,"an-al","an",36,0,0,1,"imperial","impeanal"
404,"ss","ss-ib","ib",1,29,"ss-an","an",29,0,0,1,"impossible","impossanle"
872,"first_blank","first_blank-im","im",1,466,"first_blank-si","si",469,3,0,1,"impressió","sipressió"
403,"on","on-an","an",1,31,"di-an","di",31,0,0,1,"impressionant","impressidiant"
511,"in","in-ca","ca",1,26,"pi-ca","pi",26,0,0,1,"incapaç","picapaç"
513,"in","in-ca","ca",1,26,"pi-ca","pi",26,0,0,1,"incapacitat","picapacitat"
11,"in","in-ci","ci",1,54,"re-ci","re",54,0,0,1,"incident","recident"
273,"mo","mo-da","da",1,11,"mo-nò","nò",11,0,0,1,"incòmoda","incòmonò"
664,"in","in-dú","dú",1,2,"in-oà","oà",2,0,0,1,"indústria","inoàstria"
322,"fl","fl-uè","uè",1,2,"fl-ab","ab",2,0,0,1,"influència","inflabncia"
522,"in","in-fo","fo",1,50,"in-de","de",50,0,0,1,"informar","indermar"
389,"nu","nu-last_blank","last_blank",1,8,"yi-last_blank","yi",8,0,0,1,"ingenu","ingeyi"
175,"in","in-gè","gè",1,3,"in-ós","ós",3,0,0,1,"ingènual","inósnual"
525,"st","st-íc","íc",1,3,"rn-íc","rn",3,0,0,1,"injustícia","injurnícia"
252,"in","in-no","no",1,13,"in-tu","tu",13,0,0,1,"innocent","intucent"
764,"in","in-se","se",1,27,"in-du","du",27,0,0,1,"inserir","indurir"
384,"in","in-sò","sò",1,4,"in-op","op",4,0,0,1,"insòlit","inoplit"
983,"in","in-sp","sp",1,33,"in-is","is",33,0,0,1,"inspeccionar","iniseccionar"
197,"ec","ec-to","to",1,32,"mo-to","mo",32,0,0,1,"inspector","inspmotor"
529,"ir","ir-ar","ar",1,9,"ec-ar","ec",9,0,0,1,"inspirar","inspecar"
538,"in","in-st","st",1,75,"ue-st","ue",75,0,0,1,"instint","uestint"
684,"in","in-su","su",1,33,"in-is","is",33,0,0,1,"insult","inislt"
531,"l·","l·-li","li",1,1,"og-li","og",1,0,0,1,"intel·ligent","inteogligent"
534,"te","te-nt","nt",1,104,"te-rr","rr",100,4,0,1,"intent","interr"
402,"rn","rn-last_blank","last_blank",1,43,"lt-last_blank","lt",43,0,0,1,"intern","intelt"
642,"rn","rn-ac","ac",1,15,"bl-ac","bl",15,0,0,1,"internacional","inteblacional"
849,"rn","rn-et","et",1,11,"ix-et","ix",11,0,0,1,"internet","inteixet"
640,"rompre","rompre-last_blank","last_blank",2,1,"morarà-last_blank","morarà",1,0,0,2,"interrompre","intermorarà"
662,"un","un-da","da",1,15,"un-es","es",15,0,0,1,"inundar","inunesr"
873,"til","til-last_blank","last_blank",2,1,"hle-last_blank","hle",1,0,0,1,"inútil","inúhle"
89,"va","va-si","si",1,8,"fi-si","fi",8,0,0,1,"invasió","infisió"
607,"io","io-ga","ga",1,1,"je-ga","je",1,0,0,1,"ioga","jega"
543,"ir","ir-on","on",1,7,"ir-ra","ra",7,0,0,1,"ironia","irraia"
544,"ir","ir-ra","ra",1,7,"ld-ra","ld",7,0,0,1,"irraonable","ldraonable"
341,"ja","ja-last_blank","last_blank",1,85,"rt-last_blank","rt",89,4,0,1,"ja","rt"
654,"ja","ja-zz","zz",1,2,"me-zz","me",2,0,0,1,"jazz","mezz"
968,"je","je-ep","ep",1,2,"je-ho","ho",2,0,0,1,"jeep","jeho"
758,"first_blank","first_blank-juga","juga",2,7,"first_blank-anti","anti",7,0,0,2,"jugada","antida"
546,"ju","ju-ga","ga",1,21,"li-ga","li",21,0,0,1,"jugar","ligar"
121,"ng","ng-la","la",1,5,"su-la","su",5,0,0,1,"jungla","jusula"
554,"ju","ju-ny","ny",1,1,"ju-ds","ds",1,0,0,1,"juny","juds"
556,"ju","ju-ra","ra",1,14,"ma-ra","ma",14,0,0,1,"jurar","marar"
99,"sd","sd-ic","ic",1,3,"sd-eg","eg",3,0,0,1,"jurisdicció","jurisdegció"
825,"ju","ju-st","st",1,37,"gi-st","gi",36,1,0,1,"just","gist"
368,"ny","ny-a","a",1,29,"rd-a","rd",29,0,0,1,"lasanya","lasarda"
345,"va","va-bo","bo",1,2,"va-lt","lt",2,0,0,1,"lavabo","lavalt"
365,"le","le-ct","ct",1,25,"le-ix","ix",25,0,0,1,"lectura","leixura"
392,"gi","gi-ó","ó",1,4,"nd-ó","nd",4,0,0,1,"legió","lendó"
814,"first_blank","first_blank-le","le",1,274,"first_blank-hi","hi",268,6,0,1,"lent","hint"
459,"sb","sb-ia","ia",1,3,"úr-ia","úr",3,0,0,1,"lesbiana","leúriana"
436,"first_blank","first_blank-lí","lí",1,28,"first_blank-it","it",28,0,0,1,"líquid","itquid"
767,"ra","ra-lm","lm",1,9,"ra-tl","tl",9,0,0,1,"literalment","literatlent"
244,"ad","ad-re","re",1,27,"se-re","se",27,0,0,1,"lladre","llsere"
725,"e ","e -ll","ll",1,1,"ïa-ll","ïa",1,0,0,1,"llapis de llavis","llapis dïallavis"
462,"av","av-i","i",1,5,"mb-i","mb",5,0,0,1,"llavi","llmbi"
366,"first_blank","first_blank-ll","ll",1,632,"first_blank-ar","ar",632,0,0,1,"llegir","aregir"
219,"ei","ei-last_blank","last_blank",1,30,"pe-last_blank","pe",30,0,0,1,"llei","llpe"
426,"ei","ei-al","al",1,6,"sh-al","sh",6,0,0,1,"lleial","llshal"
500,"ei","ei-al","al",1,6,"sh-al","sh",6,0,0,1,"lleialtat","llshaltat"
772,"first_blank","first_blank-ll","ll",1,632,"first_blank-ar","ar",632,0,0,1,"llest","arest"
906,"first_blank","first_blank-ll","ll",1,632,"first_blank-ar","ar",632,0,0,1,"llet","aret"
267,"ib","ib-er","er",1,18,"sh-er","sh",18,0,0,1,"llibertat","llshertat"
355,"first_blank","first_blank-lli","lli",2,3,"first_blank-cos","cos",3,0,0,1,"lliga","cosga"
465,"first_blank","first_blank-llimona","llimona",2,1,"first_blank-llatino","llatino",1,0,0,2,"llimonada","llatinoda"
310,"iu","iu-ra","ra",1,16,"ad-ra","ad",16,0,0,1,"lliura","lladra"
578,"ll","ll-iu","iu",1,32,"ll-ec","ec",32,0,0,1,"lliurement","llecrement"
580,"og","og-ar","ar",1,10,"es-ar","es",10,0,0,1,"llogar","llesar"
797,"og","og-at","at",1,8,"un-at","un",8,0,0,1,"llogater","llunater"
372,"ll","ll-um","um",1,21,"ll-ep","ep",21,0,0,1,"llum","llep"
895,"first_blank","first_blank-ll","ll",1,632,"first_blank-ar","ar",632,0,0,1,"lluna","aruna"
815,"first_blank","first_blank-lo","lo",1,177,"first_blank-ai","ai",177,0,0,1,"lora","aira"
896,"lu","lu-na","na",1,8,"ge-na","ge",8,0,0,1,"lunar","genar"
801,"mà","mà-last_blank","last_blank",1,12,"lf-last_blank","lf",12,0,0,1,"mà","lf"
233,"fi","fi-last_blank","last_blank",1,5,"aw-last_blank","aw",5,0,0,1,"mafi","maaw"
589,"first_blank","first_blank-mà","mà",1,37,"first_blank-ef","ef",37,0,0,1,"màgia","efgia"
326,"gn","gn-èt","èt",1,3,"nt-èt","nt",3,0,0,1,"magnètic","mantètic"
869,"ma","ma-i","i",1,4,"gn-i","gn",4,0,0,1,"mai","gni"
241,"in","in-av","av",1,17,"in-cu","cu",17,0,0,1,"mainava","maincua"
49,"ma","ma-je","je",1,5,"ma-ha","ha",5,0,0,1,"majestat","mahastat"
555,"ma","ma-jo","jo",1,18,"ma-rs","rs",18,0,0,1,"major","marsr"
992,"jo","jo-ri","ri",1,6,"eu-ri","eu",6,0,0,1,"majoria","maeuria"
232,"ma","ma-l","l",1,9,"ar-l","ar",9,0,0,1,"mal","arl"
592,"la","la-lt","lt",1,20,"la-ta","ta",20,0,0,1,"malalt","malata"
466,"baratament","baratament-last_blank","last_blank",2,1,"geradament-last_blank","geradament",1,0,0,1,"malbaratament","malgeradament"
899,"mal","mal-son","son",2,1,"mal-gas","gas",1,0,0,1,"malson","malgas"
938,"nt","nt-a","a",1,77,"iv-a","iv",76,1,0,1,"manta","maiva"
680,"ma","ma-r","r",1,46,"ne-r","ne",46,0,0,1,"mar","ner"
199,"ra","ra-tí","tí",1,2,"ra-ïs","ïs",2,0,0,1,"maratí","maraïs"
788,"rc","rc-ar","ar",1,15,"ev-ar","ev",15,0,0,1,"marcar","maevar"
703,"re","re-last_blank","last_blank",2,366,"re-ajustament","ajustament",1,365,0,6,"mare","mareajustament"
603,"ma","ma-ri","ri",1,53,"di-ri","di",53,0,0,1,"marina","dirina"
376,"ma","ma-ri","ri",1,53,"di-ri","di",53,0,0,1,"marit","dirit"
115,"ma","ma-rr","rr",1,22,"ma-me","me",22,0,0,1,"marró","mameó"
981,"ma","ma-rt","rt",1,32,"ma-gn","gn",32,0,0,1,"mart","magn"
419,"ul","ul-í","í",1,1,"rs-í","rs",1,0,0,1,"masculí","mascrsí"
803,"first_blank","first_blank-mè","mè",1,24,"first_blank-ea","ea",24,0,0,1,"mèdic","eadic"
598,"me","me-l","l",1,5,"ya-l","ya",5,0,0,1,"mel","yal"
562,"me","me-mb","mb",1,7,"aa-mb","aa",7,0,0,1,"membre","aambre"
617,"me","me-nj","nj",1,36,"me-te","te",36,0,0,1,"menjar","metear"
333,"nt","nt-al","al",1,57,"nt-er","er",59,2,0,1,"mental","menter"
410,"ra","ra-ve","ve",1,60,"ra-da","da",60,0,0,1,"meravellós","meradallós"
84,"rc","rc-en","en",1,15,"br-en","br",15,0,0,1,"mercenari","mebrenari"
620,"me","me-rè","rè",1,1,"me-lb","lb",1,0,0,1,"merèixer","melbixer"
679,"di","di-on","on",1,3,"ne-on","ne",3,0,0,1,"meridional","merineonal"
881,"first_blank","first_blank-me","me",1,693,"first_blank-ac","ac",699,6,0,1,"mes","acs"
619,"first_blank","first_blank-mé","mé",1,11,"first_blank-ts","ts",11,0,0,1,"més","tss"
910,"s ","s -ba","ba",1,1,"js-ba","js",1,0,0,1,"més baix","méjsbaix"
921,"mè","mè-to","to",1,3,"rs-to","rs",3,0,0,1,"mètode","rstode"
773,"first_blank","first_blank-migdia","migdia",2,1,"first_blank-rigide","rigide",1,0,0,1,"migdiada","rigideda"
165,"mi","mi-l","l",1,12,"ga-l","ga",10,2,0,1,"mil","gal"
166,"mi","mi-ll","ll",1,67,"mi-ra","ra",68,1,0,1,"milla","miraa"
112,"l·","l·-li","li",1,1,"xo-li","xo",1,0,0,1,"mil·lió","mixolió"
337,"mi","mi-l·","l·",1,1,"mi-xa","xa",1,0,0,1,"mil·lionari","mixalionari"
564,"ng","ng-last_blank","last_blank",1,112,"rd-last_blank","rd",112,0,0,1,"ming","mird"
612,"mí","mí-ni","ni",1,6,"ui-ni","ui",6,0,0,1,"mínim","uinim"
985,"mira","mira-da","da",2,1,"cupa-da","cupa",1,0,0,1,"mirada","cupada"
715,"first_blank","first_blank-mise","mise",3,2,"first_blank-curo","curo",2,0,0,1,"miserable","curorable"
599,"first_blank","first_blank-mis","mis",2,1,"first_blank-tai","tai",1,0,0,1,"missa","taisa"
571,"mi","mi-te","te",1,17,"mi-ch","ch",17,0,0,1,"mite","mich"
807,"tj","tj-a","a",1,16,"em-a","em",16,0,0,1,"mitja","miema"
628,"first_blank","first_blank-mi","mi",1,532,"first_blank-ve","ve",532,0,0,1,"mitjanit","vetjanit"
328,"mo","mo-da","da",1,11,"mo-ng","ng",11,0,0,1,"moda","mong"
800,"mo","mo-de","de",1,44,"es-de","es",44,0,0,1,"model","esdel"
940,"de","de-rn","rn",1,14,"de-ge","ge",14,0,0,1,"modern","modege"
145,"mo","mo-nj","nj",1,4,"mo-lè","lè",4,0,0,1,"monjo","molèo"
242,"mo","mo-ns","ns",1,22,"mo-di","di",21,1,0,1,"monstre","moditre"
381,"mo","mo-nu","nu",1,3,"mo-rç","rç",3,0,0,1,"monument","morçment"
274,"rt","rt-last_blank","last_blank",1,89,"do-last_blank","do",90,1,0,1,"mort","modo"
412,"rt","rt-al","al",1,22,"sc-al","sc",21,1,0,1,"mortal","moscal"
46,"mo","mo-ti","ti",1,13,"úl-ti","úl",12,1,0,1,"motiu","últiu"
944,"first_blank","first_blank-mudar","mudar",2,1,"first_blank-budis","budis",1,0,0,1,"mudar-se","budisse"
96,"lt","lt-it","it",1,5,"ua-it","ua",5,0,0,1,"multitud","muuaitud"
473,"na","na-ci","ci",1,43,"un-ci","un",44,1,0,1,"nacional","uncional"
422,"na","na-da","da",1,16,"na-tu","tu",16,0,0,1,"nadal","natul"
666,"dó","dó-last_blank","last_blank",1,9,"ob-last_blank","ob",9,0,0,1,"nadó","naob"
330,"na","na-ix","ix",1,16,"na-tu","tu",16,0,0,1,"naixement","natuement"
859,"na","na-ta","ta",1,10,"na-di","di",10,0,0,1,"nata","nadi"
81,"na","na-tu","tu",1,16,"na-do","do",16,0,0,1,"natural","nadoral"
339,"na","na-tu","tu",1,16,"na-do","do",16,0,0,1,"naturalment","nadoralment"
435,"va","va-l","l",1,7,"se-l","se",6,1,0,1,"naval","nasel"
203,"na","na-ve","ve",1,46,"di-ve","di",46,0,0,1,"navegació","divegació"
661,"first_blank","first_blank-ne","ne",1,361,"first_blank-pi","pi",361,0,0,1,"necessari","picessari"
651,"rv","rv-i","i",1,4,"ua-i","ua",4,0,0,1,"nervi","neuai"
834,"ne","ne-t","t",1,26,"er-t","er",26,0,0,1,"net","ert"
660,"né","né-t","t",1,1,"el-t","el",1,0,0,1,"nét","elt"
547,"first_blank","first_blank-ni","ni",1,144,"first_blank-il","il",144,0,0,1,"nina","ilna"
863,"ni","ni-nj","nj",1,1,"ni-ae","ae",1,0,0,1,"ninja","niaea"
917,"ni","ni-t","t",1,15,"or-t","or",15,0,0,1,"nit","ort"
697,"first_blank","first_blank-ni","ni",1,144,"first_blank-il","il",144,0,0,1,"niu","ilu"
770,"no","no-be","be",1,2,"no-up","up",2,0,0,1,"nobel","noupl"
971,"no","no-bl","bl",1,7,"da-bl","da",7,0,0,1,"noble","dable"
670,"no","no-i","i",1,7,"ac-i","ac",7,0,0,1,"noi","aci"
669,"no","no-ia","ia",1,6,"èm-ia","èm",6,0,0,1,"noia","èmia"
933,"no","no-m","m",1,4,"or-m","or",4,0,0,1,"nom","orm"
27,"no","no-mb","mb",1,9,"no-ie","ie",9,0,0,1,"nombre","noiere"
468,"first_blank","first_blank-normal","normal",2,1,"first_blank-torras","torras",1,0,0,1,"normalment","torrasment"
961,"nu","nu-a","a",1,3,"yl-a","yl",3,0,0,1,"nua","yla"
116,"first_blank","first_blank-nú","nú",1,11,"first_blank-dò","dò",11,0,0,1,"núvol","dòvol"
915,"ob","ob-er","er",1,19,"im-er","im",19,0,0,1,"obert","imert"
181,"er","er-tu","tu",1,4,"er-er","er",4,0,0,1,"obertura","obererra"
87,"ct","ct-e","e",1,46,"in-e","in",45,1,0,1,"objecte","objeine"
347,"da","da-r","r",1,46,"ne-r","ne",46,0,0,1,"oblidar","obliner"
973,"rv","rv-ac","ac",1,2,"rv-ul","ul",2,0,0,1,"observació","observulió"
272,"ac","ac-le","le",1,11,"ac-et","et",11,0,0,1,"obstacle","obstacet"
65,"oc","oc-a","a",1,22,"tz-a","tz",22,0,0,1,"oca","tza"
378,"oc","oc-ci","ci",1,4,"al-ci","al",4,0,0,1,"occident","alcident"
682,"first_blank","first_blank-oc","oc",1,116,"first_blank-th","th",116,0,0,1,"ocórrer","thórrer"
61,"first_blank","first_blank-od","od",1,50,"first_blank-us","us",50,0,0,1,"odiar","usiar"
314,"first_blank","first_blank-of","of",1,118,"first_blank-dr","dr",118,0,0,1,"oferta","drerta"
685,"lm","lm-en","en",1,67,"id-en","id",67,0,0,1,"oficialment","oficiaident"
445,"br","br-a","a",1,22,"ng-a","ng",22,0,0,1,"ombra","omnga"
705,"on","on-cl","cl",1,3,"on-di","di",3,0,0,1,"oncle","ondie"
456,"er","er-ac","ac",1,21,"er-ci","ci",21,0,0,1,"operacional","operciional"
50,"in","in-ió","ió",1,1,"in-gò","gò",1,0,0,1,"opinió","opingò"
766,"tu","tu-ni","ni",1,7,"tu-ït","ït",7,0,0,1,"oportunitat","oportuïttat"
821,"first_blank","first_blank-op","op",1,119,"first_blank-lu","lu",119,0,0,1,"optimista","lutimista"
694,"de","de-na","na",1,28,"de-di","di",28,0,0,1,"ordenar","ordedir"
227,"or","or-fe","fe",1,6,"ca-fe","ca",6,0,0,1,"orfenat","cafenat"
357,"ga","ga-sm","sm",1,3,"el-sm","el",3,0,0,1,"orgasme","orelsme"
291,"or","or-gu","gu",1,16,"or-te","te",16,0,0,1,"orgull","ortell"
393,"ós","ós-last_blank","last_blank",1,121,"no-last_blank","no",121,0,0,1,"orgullós","orgullno"
228,"first_blank","first_blank-or","or",1,215,"first_blank-go","go",215,0,0,1,"original","goiginal"
931,"or","or-qu","qu",1,9,"lo-qu","lo",9,0,0,1,"orquestra","loquestra"
132,"first_blank","first_blank-os","os",1,55,"first_blank-eq","eq",61,6,0,1,"os","eq"
774,"ta","ta-tg","tg",1,16,"ta-mi","mi",16,0,0,1,"ostatge","ostamie"
383,"ov","ov-ni","ni",1,1,"gò-ni","gò",1,0,0,1,"ovni","gòni"
440,"pa","pa-last_blank","last_blank",1,48,"gi-last_blank","gi",48,0,0,1,"pa","gi"
198,"pa","pa-ci","ci",1,34,"ti-ci","ti",34,0,0,1,"paciència","ticiència"
182,"pa","pa-ci","ci",1,34,"ti-ci","ti",34,0,0,1,"pacient","ticient"
90,"pa","pa-cí","cí",1,3,"pa-so","so",3,0,0,1,"pacífic","pasofic"
606,"pa","pa-l","l",1,7,"si-l","si",6,1,0,1,"pal","sil"
157,"pa","pa-la","la",1,23,"fi-la","fi",23,0,0,1,"palau","filau"
677,"la","la-last_blank","last_blank",1,324,"on-last_blank","on",325,1,0,1,"pantalla","pantalon"
681,"pa","pa-pa","pa",1,14,"pa-tl","tl",14,0,0,1,"papallona","patlllona"
118,"pe","pe-r","r",1,36,"di-r","di",36,0,0,1,"paper","padir"
519,"ra","ra-dí","dí",1,1,"ra-és","és",1,0,0,1,"paradís","paraéss"
117,"first_blank","first_blank-paranoi","paranoi",2,4,"first_blank-perdona","perdona",4,0,0,2,"paranoica","perdonaca"
451,"ra","ra-ul","ul",1,15,"ra-tg","tg",15,0,0,1,"paraula","paratga"
602,"re","re-last_blank","last_blank",2,366,"re-ajustament","ajustament",1,365,0,6,"pare","pareajustament"
234,"re","re-nt","nt",1,60,"re-gi","gi",60,0,0,1,"parent","paregi"
914,"re","re-t","t",1,24,"di-t","di",24,0,0,1,"paret","padit"
871,"rl","rl-am","am",1,10,"br-am","br",10,0,0,1,"parlament","pabrament"
208,"ss","ss-at","at",1,65,"ss-eg","eg",65,0,0,1,"passatger","passegger"
934,"pa","pa-ta","ta",1,14,"gi-ta","gi",14,0,0,1,"patata","gitata"
591,"ti","ti-me","me",1,35,"ti-us","us",35,0,0,1,"patiment","patiusnt"
495,"tr","tr-at","at",1,48,"tr-uc","uc",48,0,0,1,"patratge","patrucge"
243,"pe","pe-ca","ca",1,8,"bo-ca","bo",8,0,0,1,"pecat","bocat"
922,"pe","pe-ll","ll",1,37,"pe-ct","ct",37,0,0,1,"pell","pect"
395,"nj","nj-an","an",1,6,"hm-an","hm",6,0,0,1,"penjant","pehmant"
903,"ns","ns-ió","ió",1,13,"ns-eg","eg",12,1,0,1,"pensió","penseg"
487,"rd","rd-ed","ed",1,5,"rd-om","om",5,0,0,1,"perdedor","perdomor"
478,"rd","rd-ó","ó",1,2,"lm-ó","lm",2,0,0,1,"perdó","pelmó"
394,"rd","rd-on","on",1,32,"ss-on","ss",30,2,0,1,"perdonar","pessonar"
276,"rf","rf-il","il",1,9,"nc-il","nc",9,0,0,1,"perfil","pencil"
727,"ós","ós-last_blank","last_blank",1,121,"no-last_blank","no",121,0,0,1,"perillós","perillno"
754,"od","od-is","is",1,9,"od-ri","ri",9,0,0,1,"periodisme","periodrime"
730,"od","od-is","is",1,9,"pa-is","pa",9,0,0,1,"periodista","peripaista"
71,"rm","rm-is","is",1,16,"an-is","an",17,1,0,1,"permissió","peanissió"
515,"rs","rs-on","on",1,45,"ti-on","ti",43,2,0,1,"persona","petiona"
536,"rs","rs-on","on",1,45,"tr-on","tr",43,2,0,1,"personal","petronal"
732,"ge","ge-last_blank","last_blank",1,98,"xi-last_blank","xi",98,0,0,1,"personatge","personatxi"
51,"pe","pe-s","s",1,27,"ot-s","ot",27,0,0,1,"pes","ots"
444,"pe","pe-sa","sa",1,16,"pe-ng","ng",16,0,0,1,"pesat","pengt"
737,"pe","pe-ti","ti",1,52,"ar-ti","ar",51,1,0,1,"petit","artit"
5,"tó","tó-last_blank","last_blank",1,15,"eo-last_blank","eo",15,0,0,1,"petó","peeo"
489,"pi","pi-an","an",1,12,"al-an","al",12,0,0,1,"piano","alano"
296,"first_blank","first_blank-pi","pi",1,361,"first_blank-ne","ne",361,0,0,1,"pical","necal"
138,"first_blank","first_blank-pí","pí",1,12,"first_blank-ib","ib",12,0,0,1,"pícnic","ibcnic"
289,"nt","nt-ur","ur",1,19,"la-ur","la",19,0,0,1,"pintura","pilaura"
387,"pi","pi-rà","rà",1,4,"pi-le","le",4,0,0,1,"piràmide","pilemide"
604,"ra","ra-ta","ta",1,14,"in-ta","in",14,0,0,1,"pirata","piinta"
158,"pi","pi-s","s",1,12,"dé-s","dé",12,0,0,1,"pis","dés"
73,"pi","pi-st","st",1,22,"pi-ll","ll",22,0,0,1,"pistola","pillola"
43,"ae","ae-r","r",1,2,"ño-r","ño",2,0,0,1,"plaer","plñor"
353,"ag","ag-a","a",1,11,"tx-a","tx",11,0,0,1,"plaga","pltxa"
385,"an","an-ej","ej",1,15,"an-it","it",15,0,0,1,"planejar","planitar"
690,"an","an-et","et",1,26,"an-ar","ar",26,0,0,1,"planeta","planara"
434,"first_blank","first_blank-pl","pl",1,314,"first_blank-bu","bu",317,3,0,1,"planta","buanta"
588,"àt","àt-an","an",1,2,"lç-an","lç",2,0,0,1,"plàtan","pllçan"
235,"pl","pl-at","at",1,28,"rm-at","rm",28,0,0,1,"platja","rmatja"
846,"ay","ay-bo","bo",1,2,"rà-bo","rà",2,0,0,1,"playboy","plràboy"
913,"pl","pl-or","or",1,62,"av-or","av",64,2,0,1,"plor","avor"
471,"bl","bl-ac","ac",1,15,"it-ac","it",15,0,0,1,"població","poitació"
847,"po","po-br","br",1,16,"li-br","li",16,0,0,1,"pobre","libre"
633,"first_blank","first_blank-pobre","pobre",2,1,"first_blank-fores","fores",1,0,0,1,"pobresa","foressa"
364,"po","po-et","et",1,2,"po-nx","nx",2,0,0,1,"poeta","ponxa"
461,"ll","ll-as","as",1,20,"ac-as","ac",20,0,0,1,"pollastre","poacastre"
777,"po","po-ls","ls",1,18,"po-br","br",16,2,0,1,"pols","pobr"
454,"po","po-ma","ma",1,2,"po-re","re",2,0,0,1,"poma","pore"
959,"po","po-nt","nt",1,17,"di-nt","di",16,1,0,1,"pont","dint"
408,"po","po-pu","pu",1,8,"po-lv","lv",8,0,0,1,"popular","polvlar"
719,"po","po-rn","rn",1,5,"po-le","le",5,0,0,1,"porno","poleo"
763,"rt","rt-al","al",1,22,"or-al","or",21,1,0,1,"portal","pooral"
352,"rt","rt-ar","ar",1,51,"cl-ar","cl",51,0,0,1,"portar","poclar"
663,"po","po-si","si",1,59,"re-si","re",59,0,0,1,"positiu","resitiu"
41,"de","de- s"," s",1,1,"de-nà","nà",1,0,0,1,"posta de sol","posta denàol"
713,"po","po-st","st",1,37,"ju-st","ju",37,0,0,1,"postres","justres"
784,"t ","t -se","se",1,1,"ve-se","ve",1,0,0,1,"pot ser","poveser"
912,"te","te-nc","nc",1,33,"te-ss","ss",33,0,0,1,"potencial","potessial"
396,"pr","pr-ac","ac",1,16,"pr-oj","oj",16,0,0,1,"practicar","projticar"
667,"cupat","cupat-last_blank","last_blank",2,1,"armat-last_blank","armat",1,0,0,1,"preocupat","preoarmat"
743,"ep","ep-ar","ar",1,33,"ur-ar","ur",33,0,0,1,"preparació","pruraració"
786,"ar","ar-ar","ar",1,17,"ar-ea","ea",17,0,0,1,"preparar","preparea"
269,"first_blank","first_blank-pre","pre",2,5,"first_blank-cla","cla",4,1,0,1,"presa","clasa"
6,"es","es-èn","èn",1,1,"su-èn","su",1,0,0,1,"presència","prsuència"
600,"es","es-er","er",1,13,"nn-er","nn",13,0,0,1,"preservar","prnnervar"
428,"po","po-st","st",1,37,"ju-st","ju",37,0,0,1,"pressupost","pressujust"
94,"en","en-ir","ir",1,19,"la-ir","la",19,0,0,1,"prevenir","prevlair"
374,"im","im-last_blank","last_blank",1,218,"et-last_blank","et",221,3,0,1,"prim","pret"
722,"im","im-er","er",1,19,"mp-er","mp",19,0,0,1,"primer","prmper"
781,"first_blank","first_blank-prince","prince",2,1,"first_blank-tranca","tranca",1,0,0,1,"princesa","trancasa"
537,"iv","iv-at","at",1,10,"fr-at","fr",10,0,0,1,"privat","prfrat"
501,"il","il-eg","eg",1,21,"cr-eg","cr",21,0,0,1,"privilegi","privcregi"
783,"ob","ob-ab","ab",1,10,"in-ab","in",10,0,0,1,"probabilitat","prinabilitat"
785,"le","le-ma","ma",1,12,"im-ma","im",12,0,0,1,"problema","probimma"
222,"ed","ed-ir","ir",1,20,"ed-ei","ei",20,0,0,1,"procedir","procedei"
299,"uc","uc-to","to",1,16,"an-to","an",16,0,0,1,"productor","prodantor"
691,"ma","ma-ri","ri",1,53,"di-ri","di",53,0,0,1,"programari","progradiri"
278,"ro","ro-gr","gr",1,3,"ro-mo","mo",3,0,0,1,"progrés, progressar","progrés, promoessar"
794,"ib","ib-it","it",1,3,"èd-it","èd",3,0,0,1,"prohibit","prohèdit"
792,"pr","pr-oj","oj",1,16,"pr-ac","ac",16,0,0,1,"projecte","pracecte"
796,"op","op-ie","ie",1,9,"no-ie","no",9,0,0,1,"propietat","prnoietat"
908,"os","os-ar","ar",1,25,"os-tu","tu",25,0,0,1,"proposar","propostu"
532,"op","op-òs","òs",1,4,"op-en","en",4,0,0,1,"propòsit","propenit"
260,"ot","ot-eg","eg",1,34,"fr-eg","fr",34,0,0,1,"protegir","prfregir"
988,"eï","eï-na","na",1,3,"eï-de","de",3,0,0,1,"proteïna","proteïde"
596,"ot","ot-es","es",1,35,"es-es","es",33,2,0,1,"protestar","presestar"
605,"first_blank","first_blank-pu","pu",1,286,"first_blank-vo","vo",286,0,0,1,"publicitat","voblicitat"
650,"jo","jo-l","l",1,2,"nc-l","nc",2,0,0,1,"pujol","puncl"
514,"first_blank","first_blank-pu","pu",1,286,"first_blank-vo","vo",286,0,0,1,"punt","vont"
804,"ti","ti-ta","ta",1,18,"pe-ta","pe",18,0,0,1,"quantitat","quanpetat"
810,"qu","qu-è","è",1,16,"ar-è","ar",12,4,0,1,"què","arè"
882,"dr","dr-et","et",1,10,"en-et","en",10,0,0,1,"quedar-se dret","quedarse enet"
22,"xa","xa-last_blank","last_blank",1,38,"ah-last_blank","ah",38,0,0,1,"queixa","queiah"
708,"ti","ti-ó","ó",1,7,"ss-ó","ss",7,0,0,1,"qüestió","qüesssó"
480,"il","il-o","o",1,2,"nn-o","nn",2,0,0,1,"quilo","qunno"
625,"òm","òm-et","et",1,5,"tx-et","tx",5,0,0,1,"quilòmetre","quiltxetre"
113,"first_blank","first_blank-quími","quími",2,1,"first_blank-rumia","rumia",1,0,0,1,"química","rumiaca"
204,"ci","ci-st","st",1,16,"ee-st","ee",16,0,0,1,"racista","raeesta"
864,"ra","ra-da","da",1,60,"ra-ve","ve",60,0,0,1,"radar","raver"
728,"di","di-last_blank","last_blank",1,64,"ck-last_blank","ck",64,0,0,1,"radi","rack"
924,"rà","rà-di","di",1,6,"em-di","em",6,0,0,1,"ràdio","emdio"
159,"ra","ra-ó","ó",1,3,"iç-ó","iç",3,0,0,1,"raó","içó"
816,"pe","pe-l","l",1,4,"ba-l","ba",4,0,0,1,"rapel","rabal"
818,"to","to-lí","lí",1,1,"to-ap","ap",1,0,0,1,"ratolí","ratoap"
409,"re","re-al","al",1,46,"re-ti","ti",46,0,0,1,"realitat","retiitat"
349,"re","re-al","al",1,46,"re-ti","ti",46,0,0,1,"realitzar","retiitzar"
822,"re","re-al","al",1,46,"re-ti","ti",46,0,0,1,"realment","retiment"
423,"re","re-ce","ce",1,37,"re-nc","nc",37,0,0,1,"recepció","rencpció"
388,"re","re-ce","ce",1,37,"ex-ce","ex",37,0,0,1,"recerca","excerca"
898,"am","am-ar","ar",1,42,"lt-ar","lt",42,0,0,1,"reclamar","reclltar"
261,"nè","nè-ix","ix",1,12,"lu-ix","lu",12,0,0,1,"reconèixer","recoluixer"
254,"re","re-fe","fe",1,29,"re-su","su",29,0,0,1,"refer-se","resurse"
632,"ex","ex-last_blank","last_blank",1,20,"ak-last_blank","ak",20,0,0,1,"reflex","reflak"
829,"gi","gi-last_blank","last_blank",1,48,"pa-last_blank","pa",48,0,0,1,"refugi","refupa"
455,"gi","gi-at","at",1,2,"ug-at","ug",2,0,0,1,"refugiat","refuugat"
10,"fu","fu-sa","sa",1,6,"ci-sa","ci",6,0,0,1,"refusar","recisar"
107,"gi","gi-me","me",1,3,"gi-ar","ar",3,0,0,1,"regiment","regiarnt"
586,"gi","gi-on","on",1,8,"em-on","em",8,0,0,1,"regional","reemonal"
830,"re","re-ia","ia",1,13,"dr-ia","dr",13,0,0,1,"reial","drial"
831,"first_blank","first_blank-rei","rei",2,8,"first_blank-ino","ino",8,0,0,1,"reina","inona"
60,"re","re-la","la",1,64,"re-pe","pe",63,1,0,1,"relació","repeció"
975,"lc","lc-last_blank","last_blank",1,6,"iz-last_blank","iz",6,0,0,1,"remolc","remoiz"
282,"re","re-nú","nú",1,2,"re-ee","ee",2,0,0,1,"renúncia","reeencia"
45,"re","re-s","s",1,306,"on-s","on",351,45,0,1,"res","ons"
379,"re","re-sc","sc",1,49,"re-to","to",48,1,0,1,"rescat","retoat"
839,"st","st-èn","èn",1,5,"og-èn","og",5,0,0,1,"resistència","resiogència"
213,"ec","ec-te","te",1,57,"is-te","is",58,1,0,1,"respecte","respiste"
840,"on","on-dr","dr",1,14,"on-ei","ei",14,0,0,1,"respondre","responeie"
317,"on","on-sa","sa",1,17,"on-tr","tr",17,0,0,1,"responsabilitat","respontrbilitat"
842,"re","re-su","su",1,29,"re-fe","fe",29,0,0,1,"resultat","refeltat"
987,"ve","ve-la","la",1,14,"sp-la","sp",14,0,0,1,"revelació","resplació"
7,"ri","ri-dí","dí",1,6,"ri-ci","ci",6,0,0,1,"ridícul","ricicul"
74,"fl","fl-e","e",1,1,"th-e","th",1,0,0,1,"rifle","rithe"
726,"ri","ri-sc","sc",1,27,"ri-an","an",27,0,0,1,"risc","rian"
382,"tm","tm-e","e",1,3,"nk-e","nk",3,0,0,1,"ritme","rinke"
168,"ri","ri-tu","tu",1,12,"ri-no","no",12,0,0,1,"ritual","rinoal"
566,"ri","ri-u","u",1,15,"ge-u","ge",17,2,0,1,"riu","geu"
850,"ba","ba-r","r",1,22,"he-r","he",22,0,0,1,"robar","roher"
851,"ba","ba-to","to",1,6,"ba-nq","nq",6,0,0,1,"robatori","robanqri"
601,"ro","ro-bo","bo",1,4,"am-bo","am",4,0,0,1,"robot","ambot"
718,"ro","ro-ca","ca",1,6,"ro-du","du",6,0,0,1,"roca","rodu"
189,"de","de-ja","ja",1,23,"de-ne","ne",23,0,0,1,"rodejar","rodener"
238,"ro","ro-de","de",1,18,"ro-mp","mp",18,0,0,1,"rodeo","rompo"
39,"ro","ro-dó","dó",1,1,"ro-tè","tè",1,0,0,1,"rodó","rotè"
483,"ro","ro-ma","ma",1,42,"ro-se","se",42,0,0,1,"romana","rosena"
891,"nd","nd-re","re",1,74,"mp-re","mp",74,0,0,1,"romandre","romampre"
553,"me","me-o","o",1,1,"ca-o","ca",1,0,0,1,"romeo","rocao"
425,"ro","ro-ny","ny",1,6,"ma-ny","ma",6,0,0,1,"ronyó","manyó"
756,"ro","ro-ve","ve",1,24,"ad-ve","ad",25,1,0,1,"rovellat","advellat"
186,"ru","ru-m","m",1,15,"ge-m","ge",15,0,0,1,"rum","gem"
135,"ru","ru-ta","ta",1,5,"ol-ta","ol",5,0,0,1,"ruta","olta"
672,"sa","sa-last_blank","last_blank",1,713,"ré-last_blank","ré",688,25,0,1,"sa","ré"
590,"a ","a -de","de",1,1,"st-de","st",1,0,0,1,"salsa de tomàquet","salsstde tomàquet"
321,"lu","lu-t","t",1,5,"be-t","be",5,0,0,1,"salut","sabet"
492,"tx","tx-last_blank","last_blank",1,3,"mò-last_blank","mò",3,0,0,1,"sandvitx","sandvimò"
695,"sa","sa-ng","ng",1,24,"sa-ts","ts",24,0,0,1,"sang","sats"
418,"ti","ti-sf","sf",1,24,"ti-ll","ll",24,0,0,1,"satisfet","satillet"
505,"se","se-c","c",1,5,"bi-c","bi",5,0,0,1,"sec","bic"
701,"se","se-cc","cc",1,8,"se-da","da",8,0,0,1,"secció","sedaió"
637,"se","se-cr","cr",1,17,"se-qu","qu",17,0,0,1,"secret","sequet"
35,"et","et-ar","ar",1,17,"vi-ar","vi",17,0,0,1,"secretari","secrviari"
780,"cu","cu-nd","nd",1,14,"po-nd","po",14,0,0,1,"secundari","sepondari"
236,"se","se-da","da",1,8,"se-me","me",8,0,0,1,"seda","seme"
431,"ge","ge-ll","ll",1,17,"wi-ll","wi",17,0,0,1,"segell","sewill"
257,"se","se-gl","gl",1,3,"se-ré","ré",3,0,0,1,"segle","serée"
736,"se","se-go","go",1,12,"se-du","du",12,0,0,1,"segon","sedun"
742,"se","se-gr","gr",1,20,"to-gr","to",21,1,0,1,"segrestar","togrestar"
731,"ir","ir-last_blank","last_blank",1,256,"às-last_blank","às",254,2,0,1,"seguir","seguàs"
211,"se","se-mi","mi",1,14,"se-tm","tm",14,0,0,1,"seminari","setmnari"
218,"mp","mp-re","re",1,74,"nd-re","nd",74,0,0,1,"sempre","sendre"
945,"ns","ns-ac","ac",1,8,"tu-ac","tu",8,0,0,1,"sensació","setuació"
371,"ns","ns-ac","ac",1,8,"tu-ac","tu",8,0,0,1,"sensacional","setuacional"
124,"ny","ny-last_blank","last_blank",1,40,"ds-last_blank","ds",40,0,0,1,"seny","seds"
876,"ny","ny-or","or",1,37,"sp-or","sp",37,0,0,1,"senyor","sespor"
164,"se","se-pu","pu",1,3,"se-al","al",3,0,0,1,"sepultura","sealltura"
579,"se","se-rg","rg",1,9,"se-pt","pt",9,0,0,1,"sergent","septent"
354,"sè","sè-ri","ri",1,5,"ja-ri","ja",5,0,0,1,"sèrie","jarie"
683,"te","te-mb","mb",1,2,"te-cs","cs",2,0,0,1,"setembre","setecsre"
432,"se","se-xu","xu",1,13,"ei-xu","ei",13,0,0,1,"sexual","eixual"
994,"er","er-lo","lo",1,6,"er-st","st",6,0,0,1,"sherlock","sherstck"
509,"ic","ic-at","at",1,69,"ll-at","ll",71,2,0,1,"significat","signifllat"
885,"nc","nc-ió","ió",1,14,"nc-an","an",14,0,0,1,"silenciós","silencans"
475,"si","si-mi","mi",1,16,"si-va","va",16,0,0,1,"simi","siva"
290,"mi","mi-la","la",1,16,"oc-la","oc",16,0,0,1,"similar","sioclar"
768,"mp","mp-àt","àt",1,4,"un-àt","un",4,0,0,1,"simpàtic","siunàtic"
887,"li","li-fi","fi",1,9,"li-tt","tt",9,0,0,1,"simplificadament","simplittcadament"
888,"mp","mp-to","to",1,8,"mp-ri","ri",8,0,0,1,"símptoma","símprima"
245,"tu","tu-ac","ac",1,8,"tu-te","te",8,0,0,1,"situació","situteió"
700,"br","br-e","e",1,23,"on-e","on",24,1,0,1,"sobre","soone"
702,"en","en-at","at",1,26,"en-gr","gr",26,0,0,1,"sobrenatural","sobrengrural"
331,"first_blank","first_blank-sò","sò",1,19,"first_blank-fà","fà",19,0,0,1,"sòca","fàca"
205,"ci","ci-et","et",1,2,"ot-et","ot",2,0,0,1,"societat","sootetat"
577,"fà","fà-last_blank","last_blank",1,4,"gí-last_blank","gí",4,0,0,1,"sofà","sogí"
645,"so","so-fr","fr",1,14,"so-tm","tm",14,0,0,1,"sofrir","sotmir"
897,"so","so-la","la",1,27,"gu-la","gu",27,0,0,1,"solament","gulament"
488,"ld","ld-at","at",1,8,"rg-at","rg",8,0,0,1,"soldat","sorgat"
156,"lt","lt-er","er",1,15,"ep-er","ep",15,0,0,1,"solter","soeper"
848,"iu","iu-re","re",1,28,"sa-re","sa",28,0,0,1,"somriure","somrsare"
54,"so","so-pa","pa",1,9,"so-nd","nd",9,0,0,1,"sopa","sond"
367,"pa","pa-r","r",1,29,"ti-r","ti",29,0,0,1,"sopar","sotir"
855,"ro","ro-ll","ll",1,21,"as-ll","as",21,0,0,1,"soroll","soasll"
258,"first_blank","first_blank-sorpre","sorpre",2,1,"first_blank-contre","contre",1,0,0,1,"sorpresa","contresa"
351,"ir","ir-last_blank","last_blank",1,256,"às-last_blank","às",254,2,0,1,"sortir","sortàs"
823,"basta","basta-last_blank","last_blank",2,1,"pagat-last_blank","pagat",1,0,0,1,"subasta","supagat"
391,"estimar","estimar-last_blank","last_blank",2,2,"activar-last_blank","activar",1,1,0,1,"subestimar","subactivar"
969,"ar","ar-í","í",1,3,"od-í","od",3,0,0,1,"submarí","submodí"
421,"su","su-bo","bo",1,11,"su-fi","fi",11,0,0,1,"suborn","sufirn"
114,"ica","ica-last_blank","last_blank",2,1,"sat-last_blank","sat",1,0,0,1,"substància química","substància químsat"
999,"cr","cr-e","e",1,8,"ss-e","ss",8,0,0,1,"sucre","susse"
671,"su","su-d","d",1,1,"ip-d","ip",1,0,0,1,"sud","ipd"
907,"su","su-fi","fi",1,11,"ci-fi","ci",11,0,0,1,"suficient","cificient"
86,"su","su-ïc","ïc",1,12,"su-rt","rt",12,0,0,1,"suïcidi","surtidi"
805,"su","su-ma","ma",1,13,"su-bc","bc",13,0,0,1,"suma","subc"
437,"first_blank","first_blank-supe","supe",2,13,"first_blank-mata","mata",13,0,0,2,"superior","matarior"
108,"first_blank","first_blank-su","su",1,705,"first_blank-po","po",707,2,0,1,"superman","poperman"
581,"rt","rt-ar","ar",1,51,"cl-ar","cl",51,0,0,1,"suportar","supoclar"
174,"ba","ba-c","c",1,2,"or-c","or",2,0,0,1,"tabac","taorc"
464,"ta","ta-ll","ll",1,82,"ta-rà","rà",82,0,0,1,"taller","taràer"
570,"ta","ta-ma","ma",1,8,"ta-ss","ss",8,0,0,1,"tamany","tassny"
649,"nc","nc-last_blank","last_blank",1,45,"ys-last_blank","ys",46,1,0,1,"tanc","tays"
916,"first_blank","first_blank-tanca","tanca",2,5,"first_blank-marxa","marxa",5,0,0,1,"tancada","marxada"
68,"rd","rd-last_blank","last_blank",1,112,"lo-last_blank","lo",109,3,0,1,"tard","talo"
636,"ta","ta-sc","sc",1,3,"mú-sc","mú",3,0,0,1,"tasca","músca"
131,"first_blank","first_blank-tas","tas",2,2,"first_blank-ina","ina",2,0,0,1,"tassa","inasa"
170,"first_blank","first_blank-tatuar","tatuar",2,1,"first_blank-tornar","tornar",1,0,0,1,"tatuar-se","tornarse"
130,"ta","ta-ul","ul",1,15,"ta-ra","ra",15,0,0,1,"taula","taraa"
686,"de","de- t"," t",1,1,"de-md","md",1,0,0,1,"taula de treball","taula demdreball"
735,"ta","ta-ur","ur",1,4,"id-ur","id",4,0,0,1,"tauró","iduró"
457,"üt","üt-last_blank","last_blank",1,2,"wi-last_blank","wi",2,0,0,1,"taüt","tawi"
563,"ta","ta-xi","xi",1,4,"ta-mc","mc",4,0,0,1,"taxi","tamc"
613,"tè","tè-cn","cn",1,5,"tè-si","si",5,0,0,1,"tècnic","tèsiic"
171,"te","te-cn","cn",1,10,"te-te","te",10,0,0,1,"tecnologia","teteologia"
638,"te","te-la","la",1,13,"te-mi","mi",13,0,0,1,"tela","temi"
153,"le","le-gr","gr",1,11,"le-ug","ug",11,0,0,1,"telegrama","teleugama"
627,"op","op-i","i",1,7,"ag-i","ag",7,0,0,1,"telescopi","telescagi"
643,"te","te-mp","mp",1,65,"te-ra","ra",65,0,0,1,"temple","terale"
324,"na","na-ç","ç",1,1,"in-ç","in",1,0,0,1,"tenaç","teinç"
939,"te","te-rà","rà",1,6,"ya-rà","ya",6,0,0,1,"teràpia","yaràpia"
806,"rc","rc-er","er",1,16,"it-er","it",16,0,0,1,"tercer","teiter"
29,"in","in-al","al",1,28,"ny-al","ny",28,0,0,1,"terminal","termnyal"
647,"te","te-rr","rr",1,100,"te-ix","ix",100,0,0,1,"terra","teixa"
398,"rè","rè-mo","mo",1,2,"ue-mo","ue",2,0,0,1,"terratrèmol","terratuemol"
502,"te","te-rr","rr",1,100,"te-ix","ix",100,0,0,1,"terrible","teixible"
930,"st","st-im","im",1,29,"st-os","os",29,0,0,1,"testimoni","testosoni"
751,"xt","xt-last_blank","last_blank",1,6,"có-last_blank","có",6,0,0,1,"text","tecó"
180,"tí","tí-pi","pi",1,6,"pa-pi","pa",6,0,0,1,"típic","papic"
710,"ti","ti-qu","qu",1,45,"ti-cs","cs",45,0,0,1,"tiquet","ticset"
450,"first_blank","first_blank-tira","tira",2,8,"first_blank-dona","dona",8,0,0,1,"tiradora","donadora"
111,"first_blank","first_blank-ti","ti",1,278,"first_blank-le","le",274,4,0,1,"tirar","lerar"
567,"ny","ny-in","in",1,14,"em-in","em",14,0,0,1,"tonyina","toemina"
905,"·l","·l-oc","oc",1,1,"ro-oc","ro",1,0,0,1,"tornar a col·locar","tornar a colroocar"
69,"rn","rn-ei","ei",1,2,"rn-iq","iq",2,0,0,1,"torneig","torniqg"
142,"first_blank","first_blank-torra","torra",2,3,"first_blank-sobre","sobre",3,0,0,1,"torrada","sobreda"
320,"rr","rr-e","e",1,8,"iv-e","iv",8,0,0,1,"torre","toive"
416,"to","to-ss","ss",1,15,"ra-ss","ra",15,0,0,1,"tossir","rassir"
200,"to","to-ta","ta",1,17,"to-le","le",17,0,0,1,"total","tolel"
52,"to","to-va","va",1,16,"to-te","te",16,0,0,1,"tova","tote"
342,"pa","pa-last_blank","last_blank",1,48,"mo-last_blank","mo",48,0,0,1,"trampa","trammo"
943,"il","il-last_blank","last_blank",1,86,"xo-last_blank","xo",86,0,0,1,"tranquil","tranquxo"
946,"al","al-l","l",1,40,"ta-l","ta",39,1,0,1,"treball","trebtal"
97,"tr","tr-en","en",1,93,"em-en","em",92,1,0,1,"tren","emen"
861,"es","es-or","or",1,11,"ge-or","ge",11,0,0,1,"tresor","trgeor"
558,"un","un-al","al",1,5,"sb-al","sb",5,0,0,1,"tribunal","tribsbal"
970,"tr","tr-ip","ip",1,33,"tr-ai","ai",33,0,0,1,"tripulació","traiulació"
941,"is","is-t","t",1,17,"xa-t","xa",17,0,0,1,"trist","trxat"
614,"of","of-eu","eu",1,2,"em-eu","em",2,0,0,1,"trofeu","tremeu"
140,"tu","tu-mo","mo",1,3,"tu-rc","rc",3,0,0,1,"tumor","turcr"
937,"rm","rm-en","en",1,35,"en-en","en",35,0,0,1,"turment","tuenent"
949,"first_blank","first_blank-u","u",1,1,"first_blank-mn","mn",1,0,1,1,"u","mn"
693,"first_blank","first_blank-ul","ul",1,49,"first_blank-eu","eu",49,0,0,1,"ull","eul"
476,"le","le-re","re",1,15,"do-re","do",15,0,0,1,"ulleres","uldores"
229,"first_blank","first_blank-un","un",1,244,"first_blank-st","st",244,0,0,1,"unir","stir"
308,"first_blank","first_blank-un","un",1,244,"first_blank-cl","cl",244,0,0,1,"unitat","clitat"
460,"first_blank","first_blank-un","un",1,244,"first_blank-cl","cl",244,0,0,1,"univers","clivers"
332,"ur","ur-ge","ge",1,11,"eu-ge","eu",11,0,0,1,"urgent","eugent"
323,"first_blank","first_blank-út","út",1,6,"first_blank-gw","gw",6,0,0,1,"útil","gwil"
760,"va","va-ca","ca",1,13,"ex-ca","ex",13,0,0,1,"vaca","exca"
720,"va","va-gi","gi",1,9,"va-ss","ss",9,0,0,1,"vagina","vassna"
510,"li","li-ós","ós",1,1,"li-dd","dd",1,0,0,1,"valiós","validd"
779,"va","va-lo","lo",1,27,"va-ci","ci",26,1,0,1,"valorar","vacirar"
980,"lv","lv-ul","ul",1,3,"lv-et","et",3,0,0,1,"vàlvula","vàlveta"
237,"ve","ve-hi","hi",1,4,"ve-me","me",4,0,0,1,"vehicle","vemecle"
550,"ve","ve-ll","ll",1,93,"ve-rt","rt",91,2,0,1,"vell","vert"
80,"ve","ve-na","na",1,3,"no-na","no",3,0,0,1,"vena","nona"
202,"ne","ne-do","do",1,10,"ne-va","va",10,0,0,1,"venedor","venevar"
557,"nj","nj-an","an",1,6,"pt-an","pt",6,0,0,1,"venjança","veptança"
926,"ve","ve-nt","nt",1,83,"la-nt","la",88,5,0,1,"vent","lant"
919,"first_blank","first_blank-ve","ve",1,532,"first_blank-mi","mi",532,0,0,1,"verd","mird"
85,"ve","ve-rí","rí",1,1,"aï-rí","aï",1,0,0,1,"verí","aïrí"
484,"first_blank","first_blank-ve","ve",1,532,"first_blank-mi","mi",532,0,0,1,"vermell","mirmell"
9,"first_blank","first_blank-ve","ve",1,532,"first_blank-mi","mi",532,0,0,1,"veu","miu"
957,"first_blank","first_blank-ve","ve",1,532,"first_blank-mi","mi",532,0,0,1,"veure","miure"
995,"vi","vi-last_blank","last_blank",1,30,"eg-last_blank","eg",30,0,0,1,"vi","eg"
890,"vi","vi-a","a",1,34,"ej-a","ej",34,0,0,1,"via","eja"
88,"first_blank","first_blank-ví","ví",1,27,"first_blank-ep","ep",27,0,0,1,"víctima","epctima"
271,"òr","òr-ia","ia",1,14,"il-ia","il",14,0,0,1,"victòria","victilia"
312,"du","du-a","a",1,2,"ge-a","ge",2,0,0,1,"vídua","vígea"
518,"ru","ru-s","s",1,10,"eg-s","eg",10,0,0,1,"virus","viegs"
733,"vi","vi-si","si",1,55,"ís-si","ís",55,0,0,1,"visió","íssió"
551,"vi","vi-st","st",1,23,"vi-de","de",23,0,0,1,"vista","videa"
646,"vi","vi-u","u",1,6,"ye-u","ye",6,0,0,1,"viu","yeu"
991,"first_blank","first_blank-vo","vo",1,286,"first_blank-pu","pu",286,0,0,1,"voluntària","puluntària"
517,"ès","ès- m"," m",1,1,"ès-di","di",1,0,0,1,"vostès mateixos","vostèsdiateixos"
123,"shington","shington-last_blank","last_blank",2,3,"orientar-last_blank","orientar",2,1,0,4,"washington","waorientar"
989,"wh","wh-is","is",1,5,"rl-is","rl",5,0,0,1,"whisky","rlisky"
889,"xa","xa-rx","rx",1,5,"xa-ci","ci",5,0,0,1,"xarxa","xacia"
42,"first_blank","first_blank-xè","xè",1,2,"first_blank-jy","jy",2,0,0,1,"xèrif","jyrif"
359,"rr","rr-ai","ai",1,4,"rr-íc","íc",4,0,0,1,"xerraire","xerrícre"
706,"rr","rr-ar","ar",1,23,"rr-in","in",23,0,0,1,"xerrar","xerrin"
574,"cl","cl-ar","ar",1,51,"rt-ar","rt",51,0,0,1,"xuclar","xurtar"
966,"mb","mb-i","i",1,5,"it-i","it",5,0,0,1,"zombi","zoiti"
176,"zo","zo-ol","ol",1,3,"pn-ol","pn",3,0,0,1,"zoològic","pnològic"
