"word_id","first","original_pair","second","syll","original_freq","replacement_pair","replacement_syll","replacement_freq","freq_diff","char_diff","letter_diff","original_word","replacement_word"
92,"n ","n -ll","ll",1,1,"ïa-ll","ïa",1,0,0,1,"a algún lloc","a algúïalloc"
87,"first_blank","first_blank-a ","a ",1,1,"first_blank-éb","éb",1,0,0,1,"a sobre de","ébsobre de"
856,"do","do-na","na",1,64,"ma-na","ma",64,0,0,1,"abandonar","abanmanar"
994,"ab","ab-do","do",1,3,"ab-be","be",3,0,0,1,"abdominal","abbeminal"
465,"abraça","abraça-da","da",2,1,"empara-da","empara",1,0,0,2,"abraçada","emparada"
377,"ab","ab-sè","sè",1,1,"ab-ig","ig",1,0,0,1,"absència","abigncia"
809,"ab","ab-su","su",1,6,"ab-li","li",6,0,0,1,"absurd","ablird"
94,"ab","ab-ar","ar",1,16,"il-ar","il",16,0,0,1,"acabar","acilar"
898,"ac","ac-ce","ce",1,86,"ac-on","on",88,2,0,1,"accent","aconnt"
686,"pt","pt-ar","ar",1,18,"ed-ar","ed",18,0,0,1,"acceptar","acceedar"
519,"ci","ci-de","de",1,34,"sa-de","sa",32,2,0,1,"accident","acsadent"
575,"ac","ac-er","er",1,5,"dg-er","dg",5,0,0,1,"acer","dger"
133,"ac","ac-í","í",1,3,"rt-í","rt",3,0,0,1,"ací","rtí"
820,"pa","pa-ny","ny",1,43,"pa-ti","ti",42,1,0,1,"acompanyar","acompatiar"
806,"se","se-ll","ll",1,54,"ca-ll","ca",56,2,0,1,"aconsellar","aconcallar"
212,"te","te-ix","ix",1,100,"te-rr","rr",100,0,0,1,"aconteixement","aconterrement"
478,"ac","ac-or","or",1,41,"fl-or","fl",41,0,0,1,"acord","flord"
871,"first_blank","first_blank-acostar","acostar",2,1,"first_blank-agosara","agosara",1,0,0,1,"acostar-se","agosarase"
430,"vi","vi-ta","ta",1,36,"os-ta","os",37,1,0,1,"activitat","actiostat"
20,"ac","ac-to","to",1,16,"ac-um","um",16,0,0,1,"actor","acumr"
905,"za","za-ci","ci",1,27,"za-nt","nt",27,0,0,1,"actualització","actualitzantó"
59,"us","us-ac","ac",1,2,"cl-ac","cl",2,0,0,1,"acusació","acclació"
441,"first_blank","first_blank-acusa","acusa",2,4,"first_blank-canta","canta",4,0,0,1,"acusador","cantador"
948,"dc","dc-io","io",1,1,"pe-io","pe",1,0,0,1,"addcional","adpeional"
953,"ra","ra-ti","ti",1,28,"ra-nc","nc",28,0,0,1,"administratiu","administrancu"
961,"ad","ad-ol","ol",1,9,"ad-an","an",9,0,0,1,"adolescent","adanescent"
409,"ad","ad-re","re",1,27,"ti-re","ti",27,0,0,1,"adreça","tireça"
793,"re","re-na","na",1,31,"re-fo","fo",31,0,0,1,"adrenalina","adrefolina"
720,"first_blank","first_blank-ae","ae",1,43,"first_blank-kr","kr",43,0,0,1,"aeroport","krroport"
109,"ag","ag-èn","èn",1,2,"lv-èn","lv",2,0,0,1,"agència","lvència"
55,"da","da-bl","bl",1,7,"no-bl","no",7,0,0,1,"agradable","agranoble"
749,"ra","ra-ïm","ïm",1,4,"ra-vé","vé",4,0,0,1,"agraïment","agravéent"
124,"ïr","ïr-last_blank","last_blank",1,5,"yà-last_blank","yà",5,0,0,1,"agraïr","agrayà"
676,"ah","ah-ir","ir",1,4,"rg-ir","rg",4,0,0,1,"ahir","rgir"
379,"first_blank","first_blank-aj","aj",1,115,"first_blank-wi","wi",115,0,0,1,"ajudant","wiudant"
132,"first_blank","first_blank-aj","aj",1,115,"first_blank-wi","wi",115,0,0,1,"ajudar","wiudar"
681,"aj","aj-ut","ut",1,2,"rc-ut","rc",2,0,0,1,"ajut","rcut"
860,"a ","a -fi","fi",1,1,"ul-fi","ul",1,0,0,1,"al cap i a la fi","al cap i a lulfi"
254,"al","al- v"," v",1,1,"al-ki","ki",1,0,0,1,"al voltant","alkioltant"
821,"al","al-ar","ar",1,29,"ig-ar","ig",29,0,0,1,"alarma","igarma"
834,"al","al-ba","ba",1,7,"al-fi","fi",7,0,0,1,"alba","alfi"
563,"ld","ld-e","e",1,7,"ov-e","ov",7,0,0,1,"alcalde","alcaove"
549,"eg","eg-ri","ri",1,6,"vi-ri","vi",6,0,0,1,"alegria","alviria"
31,"al","al-fa","fa",1,12,"al-or","or",12,0,0,1,"alfa","alor"
188,"osa","osa-last_blank","last_blank",2,1,"rin-last_blank","rin",1,0,0,1,"alguna cosa","alguna crin"
818,"first_blank","first_blank-àl","àl",1,8,"first_blank-by","by",8,0,0,1,"àlibi","byibi"
142,"al","al-·l","·l",1,1,"al-ah","ah",1,0,0,1,"al·lucinació","alahucinació"
158,"al","al-t","t",1,7,"ie-t","ie",7,0,0,1,"alt","iet"
199,"al","al-ti","ti",1,7,"fo-ti","fo",7,0,0,1,"altitud","fotitud"
642,"al","al-tu","tu",1,3,"al-ly","ly",3,0,0,1,"altura","allyra"
771,"am","am-ab","ab",1,9,"ns-ab","ns",9,0,0,1,"amable","nsable"
69,"ag","ag-ar","ar",1,22,"ob-ar","ob",22,0,0,1,"amagar","amobar"
277,"an","an-id","id",1,2,"an-èm","èm",2,0,0,1,"amanida","amanèma"
774,"am","am-an","an",1,35,"rr-an","rr",34,1,0,1,"amant","rrant"
276,"fr","fr-eq","eq",1,12,"fr-au","au",12,0,0,1,"amb freqüència","amb frauüència"
405,"first_blank","first_blank-amèri","amèri",2,1,"first_blank-magra","magra",1,0,0,1,"amèrica","magraca"
362,"am","am-ic","ic",1,15,"am-bi","bi",15,0,0,1,"amic","ambi"
662,"ic","ic-ab","ab",1,1,"ah-ab","ah",1,0,0,1,"amicablement","amahablement"
592,"am","am-is","is",1,9,"kr-is","kr",9,0,0,1,"amistat","kristat"
355,"am","am-or","or",1,21,"tj-or","tj",21,0,0,1,"amor","tjor"
664,"am","am-pl","pl",1,21,"am-or","or",21,0,0,1,"ample","amore"
444,"am","am-po","po",1,9,"am-is","is",9,0,0,1,"ampolla","amislla"
22,"is","is-i","i",1,8,"ul-i","ul",8,0,0,1,"anàlisi","anàluli"
890,"first_blank","first_blank-àn","àn",1,20,"first_blank-yu","yu",20,0,0,1,"ànec","yuec"
27,"im","im-al","al",1,9,"ng-al","ng",9,0,0,1,"animal","anngal"
663,"an","an-iv","iv",1,6,"an-xa","xa",6,0,0,1,"aniversari","anxaersari"
410,"ci","ci-pa","pa",1,17,"ci-li","li",17,0,0,1,"anticipat","anticilit"
299,"ar","ar-el","el",1,26,"st-el","st",27,1,0,1,"aparellar","apstellar"
582,"ar","ar-ta","ta",1,31,"ar-ei","ei",32,1,0,1,"apartament","apareiment"
684,"ba","ba-ci","ci",1,7,"ba-ne","ne",7,0,0,1,"aprobació","aprobaneó"
533,"ar","ar-br","br",1,5,"ar-no","no",5,0,0,1,"arbre","arnoe"
216,"first_blank","first_blank-ar","ar",1,632,"first_blank-ll","ll",632,0,0,1,"arma","llma"
571,"ma","ma- d"," d",1,1,"ma-ye","ye",1,0,0,1,"arma de foc","armayee foc"
572,"ma","ma-du","du",1,20,"ma-ts","ts",20,0,0,1,"armadura","armatsra"
928,"first_blank","first_blank-ar","ar",1,632,"first_blank-ll","ll",632,0,0,1,"armari","llmari"
989,"first_blank","first_blank-ar","ar",1,632,"first_blank-ll","ll",632,0,0,1,"armeria","llmeria"
495,"it","it-ec","ec",1,6,"it-és","és",6,0,0,1,"arquitecte","arquitéste"
843,"ro","ro-gà","gà",1,1,"ro-rd","rd",1,0,0,1,"arrogància","arrordncia"
755,"tè","tè-ri","ri",1,9,"ag-ri","ag",9,0,0,1,"artèria","aragria"
937,"first_blank","first_blank-ar","ar",1,632,"first_blank-ll","ll",632,0,0,1,"artificial","lltificial"
722,"ti","ti-ll","ll",1,24,"ti-sf","sf",24,0,0,1,"artilleria","artisferia"
730,"ss","ss-í","í",1,5,"at-í","at",5,0,0,1,"assassí","assaatí"
222,"sa","sa-ss","ss",1,24,"le-ss","le",24,0,0,1,"assassinar","aslessinar"
338,"sa","sa-ss","ss",1,24,"le-ss","le",24,0,0,1,"assassinat","aslessinat"
610,"gn","gn-at","at",1,24,"ct-at","ct",24,0,0,1,"assignatura","assictatura"
800,"ac","ac-an","an",1,6,"rx-an","rx",6,0,0,1,"atacant","atrxant"
534,"ac","ac-ar","ar",1,37,"ac-ta","ta",37,0,0,1,"atacar","atacta"
855,"là","là-nt","nt",1,3,"só-nt","só",3,0,0,1,"atlàntic","atsóntic"
693,"sf","sf-er","er",1,30,"ad-er","ad",30,0,0,1,"atmosfera","atmoadera"
122,"first_blank","first_blank-at","at",1,393,"first_blank-br","br",393,0,0,1,"atrapar","brrapar"
802,"re","re-ur","ur",1,8,"re-jo","jo",8,0,0,1,"atreure","atrejoe"
523,"first_blank","first_blank-at","at",1,393,"first_blank-br","br",393,0,0,1,"atura","brura"
236,"ur","ur-ar","ar",1,33,"en-ar","en",33,0,0,1,"aturar","atenar"
866,"di","di-to","to",1,8,"di-gi","gi",8,0,0,1,"auditori","audigiri"
347,"to","to-bú","bú",1,1,"to-sp","sp",1,0,0,1,"autobús","autosps"
253,"to","to-pi","pi",1,3,"to-mo","mo",3,0,0,1,"autopista","automosta"
717,"first_blank","first_blank-au","au",1,253,"first_blank-da","da",252,1,0,1,"autoritat","datoritat"
423,"first_blank","first_blank-àv","àv",1,5,"first_blank-bè","bè",5,0,0,1,"àvia","bèia"
35,"ba","ba-la","la",1,23,"pu-la","pu",24,1,0,1,"bala","pula"
602,"ny","ny-last_blank","last_blank",1,40,"ds-last_blank","ds",40,0,0,1,"bany","bads"
559,"ba","ba-ra","ra",1,42,"og-ra","og",43,1,0,1,"barat","ograt"
544,"rb","rb-a","a",1,9,"lv-a","lv",9,0,0,1,"barba","balva"
573,"rr","rr-et","et",1,37,"om-et","om",40,3,0,1,"barret","baomet"
369,"ba","ba-ta","ta",1,10,"ba-ch","ch",10,0,0,1,"batalla","bachlla"
718,"ba","ba-ta","ta",1,10,"ba-ch","ch",10,0,0,1,"batalló","bachlló"
854,"ba","ba-tm","tm",1,1,"gí-tm","gí",1,0,0,1,"batman","gítman"
279,"bo","bo-l","l",1,6,"se-l","se",6,0,0,1,"beisbol","beissel"
740,"first_blank","first_blank-belle","belle",2,1,"first_blank-becca","becca",1,0,0,1,"bellesa","beccasa"
90,"op","op-s","s",1,7,"na-s","na",7,0,0,1,"beure a glops","beure a glnas"
173,"li","li-ó","ó",1,6,"rr-ó","rr",6,0,0,1,"bilió","birró"
626,"bi","bi-ol","ol",1,5,"bi-rd","rd",5,0,0,1,"biologia","birdogia"
627,"bi","bi-ol","ol",1,5,"ít-ol","ít",5,0,0,1,"biològic","ítològic"
33,"bl","bl-av","av",1,11,"id-av","id",10,1,0,1,"blava","idava"
50,"bo","bo-ir","ir",1,3,"sv-ir","sv",3,0,0,1,"boira","svira"
208,"bo","bo-ja","ja",1,5,"bo-lq","lq",5,0,0,1,"boja","bolq"
633,"lí","lí-gr","gr",1,3,"mc-gr","mc",3,0,0,1,"bolígraf","bomcgraf"
227,"bo","bo-ni","ni",1,11,"bo-sc","sc",11,0,0,1,"bonic","boscc"
694,"bo","bo-sc","sc",1,11,"bo-re","re",11,0,0,1,"bosc","bore"
395,"first_blank","first_blank-bos","bos",2,1,"first_blank-aia","aia",1,0,0,1,"bossa","aiasa"
537,"bo","bo-st","st",1,4,"bo-da","da",4,0,0,1,"boston","bodaon"
899,"br","br-o","o",1,5,"ul-o","ul",5,0,0,1,"bro","ulo"
301,"om","om-a","a",1,8,"re-a","re",8,0,0,1,"broma","brrea"
561,"xa","xa-last_blank","last_blank",1,38,"ah-last_blank","ah",38,0,0,1,"bruixa","bruiah"
131,"by","by-e","e",1,3,"mi-e","mi",3,0,0,1,"bye","mie"
531,"ca","ca-bl","bl",1,17,"ca-ti","ti",17,0,0,1,"cable","catie"
678,"ca","ca-dà","dà",1,2,"ca-id","id",2,0,0,1,"cadàver","caidver"
413,"di","di-ra","ra",1,13,"di-mo","mo",13,0,0,1,"cadira","cadimo"
476,"ca","ca-fè","fè",1,2,"ca-ir","ir",2,0,0,1,"cafè","cair"
449,"ve","ve-ra","ra",1,17,"au-ra","au",17,0,0,1,"calavera","calaaura"
68,"ca","ca-lc","lc",1,27,"ca-nd","nd",27,0,0,1,"calcular","candular"
708,"re","re-ra","ra",1,17,"re-no","no",17,0,0,1,"cambrera","cambreno"
692,"mí","mí-last_blank","last_blank",1,7,"án-last_blank","án",7,0,0,1,"camí","caán"
96,"ca","ca-mi","mi",1,50,"ca-st","st",50,0,0,1,"caminar","castnar"
975,"mp","mp- d"," d",1,1,"mp-av","av",1,0,0,1,"camp de batalla","campave batalla"
215,"mp","mp-am","am",1,3,"ió-am","ió",3,0,0,1,"campament","caióament"
58,"mp","mp-io","io",1,4,"mp-al","al",4,0,0,1,"campionat","campalnat"
345,"cà","cà-nc","nc",1,2,"cà-rt","rt",2,0,0,1,"càncer","càrter"
660,"ca","ca-nç","nç",1,7,"ve-nç","ve",7,0,0,1,"cançó","vençó"
295,"first_blank","first_blank-cansala","cansala",2,1,"first_blank-cavalla","cavalla",1,0,0,1,"cansalada","cavallada"
164,"ca","ca-p","p",1,9,"ru-p","ru",6,3,0,1,"cap","rup"
764,"pe","pe-ll","ll",1,37,"fo-ll","fo",37,0,0,1,"capella","cafolla"
456,"ll","ll-à","à",1,7,"tr-à","tr",7,0,0,1,"capellà","capetrà"
344,"pi","pi-tà","tà",1,5,"pi-ss","ss",5,0,0,1,"capità","capiss"
992,"ta","ta-li","li",1,25,"ol-li","ol",25,0,0,1,"capitalisme","capiollisme"
498,"in","in-al","al",1,28,"ny-al","ny",28,0,0,1,"cardinal","cardnyal"
888,"ca","ca-rn","rn",1,32,"ca-le","le",32,0,0,1,"carn","cale"
869,"cà","cà-rr","rr",1,11,"bu-rr","bu",11,0,0,1,"càrrega","burrega"
502,"ca","ca-rr","rr",1,121,"ca-nt","nt",120,1,0,1,"carrer","canter"
67,"er","er-ó","ó",1,3,"ic-ó","ic",3,0,0,1,"carreró","carricó"
457,"ca","ca-rt","rt",1,30,"ca-na","na",30,0,0,1,"carta","canaa"
553,"ca","ca-rt","rt",1,30,"ca-na","na",30,0,0,1,"cartera","canaera"
454,"ca","ca-sa","sa",1,34,"ca-ts","ts",34,0,0,1,"casament","catsment"
271,"ca","ca-sa","sa",1,34,"ca-ts","ts",34,0,0,1,"casat","catst"
518,"st","st-el","el",1,27,"st-av","av",27,0,0,1,"castell","castavl"
635,"fa","fa-last_blank","last_blank",1,30,"eg-last_blank","eg",30,0,0,1,"catifa","catieg"
240,"us","us-ar","ar",1,16,"il-ar","il",16,0,0,1,"causar","cailar"
761,"first_blank","first_blank-cavalca","cavalca",2,2,"first_blank-embarca","embarca",2,0,0,2,"cavalcada","embarcada"
711,"va","va-ll","ll",1,35,"en-ll","en",36,1,0,1,"cavall","caenll"
840,"ce","ce-ba","ba",1,3,"ce-gu","gu",3,0,0,1,"ceba","cegu"
273,"le","le-st","st",1,55,"mo-st","mo",55,0,0,1,"celestial","cemostial"
556,"ce","ce-me","me",1,8,"ce-ga","ga",8,0,0,1,"cementiri","cegantiri"
605,"first_blank","first_blank-ce","ce",1,259,"first_blank-na","na",254,5,0,1,"cent","nant"
171,"nt","nt-ím","ím",1,2,"nt-àg","àg",2,0,0,1,"centímetre","centàgetre"
763,"br","br-al","al",1,5,"al-al","al",5,0,0,1,"cerebral","cerealal"
433,"mò","mò-ni","ni",1,3,"mò-cr","cr",3,0,0,1,"cerimònia","cerimòcra"
408,"first_blank","first_blank-cerve","cerve",2,1,"first_blank-culle","culle",1,0,0,1,"cervesa","cullesa"
567,"ca","ca-tr","tr",1,8,"ca-ca","ca",8,0,0,1,"cicatriu","cicacaiu"
378,"ci","ci-èn","èn",1,27,"ci-na","na",26,1,0,1,"ciència","cinacia"
118,"tí","tí-fi","fi",1,4,"sò-fi","sò",4,0,0,1,"científic","ciensòfic"
275,"ci","ci-ga","ga",1,15,"ci-ll","ll",15,0,0,1,"cigar","cillr"
832,"first_blank","first_blank-cí","cí",1,8,"first_blank-vè","vè",8,0,0,1,"cínic","vènic"
780,"rc","rc-last_blank","last_blank",1,13,"oy-last_blank","oy",13,0,0,1,"circ","cioy"
198,"ru","ru-rg","rg",1,5,"ru-ta","ta",5,0,0,1,"cirurgia","cirutaia"
651,"ci","ci-ut","ut",1,13,"ci-nc","nc",13,0,0,1,"ciutat","cincat"
402,"vi","vi-li","li",1,15,"vi-ur","ur",15,0,0,1,"civilització","civiurtzació"
616,"si","si-c","c",1,8,"re-c","re",8,0,0,1,"clàssic","clàsrec"
197,"au","au-su","su",1,3,"au-rà","rà",3,0,0,1,"clausura","clauràra"
210,"cl","cl-ie","ie",1,6,"cl-em","em",6,0,0,1,"clienta","clemnta"
340,"first_blank","first_blank-clíni","clíni",2,1,"first_blank-alena","alena",1,0,0,1,"clínica","alenaca"
34,"co","co-be","be",1,18,"co-in","in",18,0,0,1,"coberta","coinrta"
835,"gn","gn-om","om",1,3,"es-om","es",3,0,0,1,"cognom","coesom"
257,"gó","gó-last_blank","last_blank",1,4,"pu-last_blank","pu",4,0,0,1,"cogó","copu"
604,"ll","ll-last_blank","last_blank",1,185,"iu-last_blank","iu",194,9,0,1,"coll","coiu"
762,"la","la-ps","ps",1,6,"am-ps","am",6,0,0,1,"col·lapsar","col·ampsar"
397,"ar","ar-et","et",1,11,"rn-et","rn",11,0,0,1,"collaret","collrnet"
897,"lp","lp-ej","ej",1,14,"ot-ej","ot",14,0,0,1,"colpejar","cootejar"
54,"mb","mb-at","at",1,27,"et-at","et",27,0,0,1,"combat","coetat"
600,"mb","mb-us","us",1,6,"nf-us","nf",6,0,0,1,"combustible","confustible"
426,"co","co-mè","mè",1,3,"nu-mè","nu",3,0,0,1,"comèdia","numèdia"
57,"rc","rc-ia","ia",1,33,"og-ia","og",35,2,0,1,"comerciant","comeogiant"
384,"co","co-mi","mi",1,34,"co-la","la",34,0,0,1,"comissió","colassió"
617,"ss","ss-io","io",1,30,"ss-os","os",30,0,0,1,"comissionat","comissosnat"
658,"mp","mp-as","as",1,11,"mp-ta","ta",11,0,0,1,"compassió","comptasió"
846,"et","et-ic","ic",1,7,"rd-ic","rd",7,0,0,1,"competició","comprdició"
688,"mp","mp-le","le",1,70,"mp-ar","ar",69,1,0,1,"complet","compart"
640,"mp","mp-le","le",1,70,"mp-ar","ar",69,1,0,1,"completament","compartament"
758,"compra","compra-dor","dor",2,1,"tracta-dor","tracta",1,0,0,3,"comprador","tractador"
946,"ca","ca-ci","ci",1,52,"ca-pt","pt",52,0,0,1,"comunicació","comunicaptó"
238,"co","co-mu","mu",1,50,"co-lt","lt",51,1,0,1,"comunista","coltnista"
422,"co","co-mu","mu",1,50,"co-lt","lt",51,1,0,1,"comunitat","coltnitat"
516,"first_blank","first_blank-concentrar","concentrar",2,1,"first_blank-comentaris","comentaris",1,0,0,3,"concentrar-se","comentarisse"
603,"er","er-t","t",1,26,"ne-t","ne",26,0,0,1,"concert","concnet"
669,"uc","uc-to","to",1,16,"an-to","an",16,0,0,1,"conductora","condantora"
593,"em","em-en","en",1,92,"tr-en","tr",93,1,0,1,"coneixement","coneixtrent"
510,"xi","xi-ó","ó",1,3,"rm-ó","rm",3,0,0,1,"conexió","conermó"
724,"nf","nf-er","er",1,12,"rp-er","rp",12,0,0,1,"conferència","corperència"
803,"nf","nf-es","es",1,23,"el-es","el",23,0,0,1,"confessar","coelessar"
246,"nf","nf-ia","ia",1,20,"en-ia","en",20,0,0,1,"confiança","coeniança"
386,"ir","ir-ma","ma",1,16,"fu-ma","fu",16,0,0,1,"confirmar","conffumar"
452,"us","us-ió","ió",1,12,"us-se","se",12,0,0,1,"confusió","confusse"
881,"el","el-ar","ar",1,13,"rç-ar","rç",13,0,0,1,"congelar","congrçar"
621,"co","co-ni","ni",1,13,"pe-ni","pe",13,0,0,1,"conill","penill"
10,"nt","nt-me","me",1,20,"nt-as","as",20,0,0,1,"constantment","constantasnt"
543,"ns","ns-ti","ti",1,21,"ex-ti","ex",21,0,0,1,"constitució","coextitució"
64,"tr","tr-ui","ui",1,21,"tr-el","el",21,0,0,1,"construir","constrelr"
65,"nt","nt-en","en",1,109,"im-en","im",112,3,0,1,"content","coiment"
775,"ua","ua-r","r",1,12,"li-r","li",12,0,0,1,"continuar","continlir"
4,"ra","ra-ir","ir",1,12,"ra-bi","bi",12,0,0,1,"contrairi","contrabii"
872,"ra","ra-ri","ri",1,32,"ra-ma","ma",33,1,0,1,"contrari","contrama"
515,"ra","ra-se","se",1,2,"ra-mu","mu",2,0,0,1,"contrasenya","contramunya"
261,"nt","nt-us","us",1,4,"nt-iq","iq",4,0,0,1,"contusió","contiqió"
976,"nv","nv-en","en",1,41,"sp-en","sp",41,0,0,1,"convent","cospent"
203,"cò","cò-pi","pi",1,7,"de-pi","de",7,0,0,1,"còpia","depia"
931,"rb","rb-at","at",1,15,"em-at","em",15,0,0,1,"corbata","coemata"
650,"rd","rd-a","a",1,29,"lt-a","lt",29,0,0,1,"corda","colta"
332,"ro","ro-ne","ne",1,21,"ci-ne","ci",21,0,0,1,"coronell","cocinell"
585,"rr","rr-ec","ec",1,36,"el-ec","el",36,0,0,1,"correcte","coelecte"
674,"rt","rt-t","t",1,1,"nx-t","nx",1,0,0,1,"còrtt","cònxt"
243,"sí","sí-last_blank","last_blank",1,8,"oh-last_blank","oh",8,0,0,1,"cosí","cooh"
805,"co","co-st","st",1,39,"ra-st","ra",38,1,0,1,"costa","rasta"
836,"co","co-tó","tó",1,1,"co-da","da",1,0,0,1,"cotó","coda"
349,"co","co-tx","tx",1,6,"co-no","no",6,0,0,1,"cotxe","conoe"
849,"co","co-wb","wb",1,2,"co-sí","sí",2,0,0,1,"cowboy","cosíoy"
971,"ea","ea-ti","ti",1,11,"àn-ti","àn",11,0,0,1,"creativitat","cràntivitat"
303,"eu","eu-re","re",1,39,"ir-re","ir",40,1,0,1,"creure","crirre"
940,"first_blank","first_blank-cria","cria",2,5,"first_blank-sepa","sepa",5,0,0,1,"criada","sepada"
447,"ia","ia-tu","tu",1,2,"ia-ii","ii",2,0,0,1,"criatura","criaiira"
270,"cr","cr-im","im",1,19,"cr-at","at",18,1,0,1,"crim","crat"
292,"in","in-al","al",1,28,"in-qu","qu",28,0,0,1,"criminal","criminqu"
462,"is","is-i","i",1,8,"ul-i","ul",8,0,0,1,"crisi","cruli"
38,"ti","ti-à","à",1,4,"nt-à","nt",4,0,0,1,"cristià","crisntà"
381,"it","it-er","er",1,16,"it-iu","iu",16,0,0,1,"criteri","critiui"
668,"ue","ue-l","l",1,6,"si-l","si",6,0,0,1,"cruel","crsil"
99,"ue","ue-lt","lt",1,2,"ue-ac","ac",2,0,0,1,"crueltat","crueacat"
877,"cu","cu-in","in",1,23,"rr-in","rr",23,0,0,1,"cuina","rrina"
859,"cu","cu-l","l",1,5,"ya-l","ya",5,0,0,1,"cul","yal"
336,"lp","lp-ab","ab",1,6,"lp-it","it",6,0,0,1,"culpable","culpitle"
137,"cu","cu-mp","mp",1,2,"cu-ta","ta",2,0,0,1,"cumplir","cutalir"
819,"cu","cu-ra","ra",1,23,"cu-in","in",23,0,0,1,"curar","cuinr"
383,"first_blank","first_blank-dan","dan",2,1,"first_blank-cuí","cuí",1,0,0,1,"dansa","cuísa"
858,"er","er-e","e",1,13,"at-e","at",13,0,0,1,"darrere","darrate"
453,"first_blank","first_blank-dèca","dèca",2,1,"first_blank-acla","acla",1,0,0,1,"dècada","aclada"
596,"de","de-ce","ce",1,39,"de-sv","sv",39,0,0,1,"decepció","desvpció"
822,"ar","ar-ac","ac",1,9,"ar-ds","ds",9,0,0,1,"declaració","declardsió"
440,"fe","fe-nd","nd",1,3,"fe-bl","bl",3,0,0,1,"defendre","defeblre"
241,"ni","ni-a","a",1,90,"or-a","or",91,1,0,1,"definia","defiora"
911,"ció","ció-last_blank","last_blank",2,3,"ban-last_blank","ban",3,0,0,1,"definició","definiban"
996,"ni","ni-ti","ti",1,5,"ni-mu","mu",5,0,0,1,"definitiva","definimuva"
7,"ix","ix-ar","ar",1,36,"ac-ar","ac",37,1,0,1,"deixar","deacar"
785,"first_blank","first_blank-delicio","delicio",2,2,"first_blank-declina","declina",2,0,0,2,"deliciosa","declinasa"
513,"cr","cr-àc","àc",1,4,"cr-ie","ie",4,0,0,1,"democràcia","democrieia"
656,"de","de-nt","nt",1,70,"de-te","te",68,2,0,1,"dent","dete"
228,"first_blank","first_blank-depreda","depreda",2,1,"first_blank-pedrega","pedrega",1,0,0,1,"depredador","pedregador"
283,"de","de-pr","pr",1,32,"de-ca","ca",30,2,0,1,"depressió","decaessió"
400,"ot","ot-ar","ar",1,12,"lm-ar","lm",12,0,0,1,"derrotar","derrlmar"
851,"fiament","fiament-last_blank","last_blank",3,1,"ritzant-last_blank","ritzant",1,0,0,1,"desafiament","desaritzant"
309,"agradable","agradable-last_blank","last_blank",2,1,"igualable-last_blank","igualable",1,0,0,1,"desagradable","desigualable"
79,"aparició","aparició-last_blank","last_blank",2,1,"animació-last_blank","animació",1,0,0,2,"desaparició","desanimació"
14,"eg","eg-ut","ut",1,19,"eg-is","is",19,0,0,1,"desconegut","desconegis"
529,"ri","ri-pc","pc",1,5,"ri-ti","ti",5,0,0,1,"descripció","descritiió"
189,"embre","embre-last_blank","last_blank",2,1,"mores-last_blank","mores",1,0,0,1,"desembre","desmores"
230,"envolupament","envolupament-last_blank","last_blank",2,1,"emplaçaments-last_blank","emplaçaments",1,0,0,4,"desenvolupament","desemplaçaments"
954,"sg","sg-rà","rà",1,2,"sg-ar","ar",2,0,0,1,"desgràcia","desgarcia"
83,"de","de-si","si",1,60,"de-ma","ma",60,0,0,1,"desitjar","dematjar"
904,"st","st-í","í",1,8,"gu-í","gu",6,2,0,1,"destí","deguí"
958,"it","it-uc","uc",1,6,"it-ot","ot",6,0,0,1,"destitució","destitotió"
73,"ru","ru-cc","cc",1,7,"ru-pt","pt",8,1,0,1,"destrucció","destruptió"
3,"iv","iv-a","a",1,76,"nt-a","nt",77,1,0,1,"detectiva","detectnta"
808,"in","in-ac","ac",1,42,"in-en","en",42,0,0,1,"determinació","determinenió"
107,"vo","vo-ci","ci",1,2,"tú-ci","tú",2,0,0,1,"devoció","detúció"
13,"di","di-ab","ab",1,12,"di-bu","bu",12,0,0,1,"diable","dibule"
487,"di","di-ar","ar",1,13,"lv-ar","lv",13,0,0,1,"diari","lvari"
206,"di","di-bu","bu",1,12,"es-bu","es",12,0,0,1,"dibuixar","esbuixar"
269,"re","re-nt","nt",1,60,"re-gi","gi",60,0,0,1,"diferent","diferegi"
558,"gn","gn-it","it",1,10,"ir-it","ir",10,0,0,1,"dignitat","diiritat"
458,"di","di-ma","ma",1,5,"ck-ma","ck",5,0,0,1,"dimarts","ckmarts"
944,"na","na-mi","mi",1,12,"na-nç","nç",12,0,0,1,"dinamita","dinançta"
956,"di","di-na","na",1,29,"di-fi","fi",28,1,0,1,"dinar","difir"
636,"ne","ne-r","r",1,46,"ma-r","ma",46,0,0,1,"diner","dimar"
894,"ng","ng-last_blank","last_blank",1,112,"rd-last_blank","rd",112,0,0,1,"ding","dird"
260,"di","di-r","r",1,36,"ge-r","ge",39,3,0,1,"dir","ger"
485,"ct","ct-am","am",1,6,"ig-am","ig",6,0,0,1,"directament","direigament"
363,"re","re-ct","ct",1,48,"re-to","to",48,0,0,1,"director","diretoor"
512,"sc","sc-us","us",1,5,"me-us","me",5,0,0,1,"discussió","dimeussió"
391,"ar","ar-ar","ar",1,17,"ar-ea","ea",17,0,0,1,"disparar","disparea"
45,"it","it-iu","iu",1,16,"it-er","er",16,0,0,1,"dispositiu","dispositer"
778,"sp","sp-ut","ut",1,9,"sp-an","an",9,0,0,1,"disputa","dispana"
777,"ri","ri-ct","ct",1,6,"ri-tà","tà",6,0,0,1,"districte","distritàe"
259,"di","di-um","um",1,5,"di-og","og",5,0,0,1,"diumenge","diogenge"
318,"di","di-ve","ve",1,46,"na-ve","na",46,0,0,1,"divertida","navertida"
121,"vi","vi-na","na",1,18,"la-na","la",18,0,0,1,"divina","dilana"
646,"vi","vi-si","si",1,55,"ís-si","ís",55,0,0,1,"divisió","diíssió"
474,"cu","cu-me","me",1,12,"mo-me","mo",12,0,0,1,"document","domoment"
429,"first_blank","first_blank-dò","dò",1,11,"first_blank-gà","gà",11,0,0,1,"dòlar","gàlar"
581,"do","do-le","le",1,13,"sa-le","sa",13,0,0,1,"dolent","salent"
317,"first_blank","first_blank-do","do",1,419,"first_blank-gr","gr",402,17,0,1,"dona","grna"
654,"do","do-na","na",1,64,"ma-na","ma",64,0,0,1,"donació","manació"
192,"do","do-na","na",1,64,"fi-na","fi",53,11,0,1,"donar","finar"
248,"rm","rm-ir","ir",1,11,"ga-ir","ga",10,1,0,1,"dormir","dogair"
584,"rm","rm-it","it",1,21,"rm-es","es",21,0,0,1,"dormitori","dormesori"
247,"et","et-s ","s ",1,1,"et-cè","cè",1,0,0,1,"drets de duana","dretcède duana"
6,"first_blank","first_blank-dr","dr",1,118,"first_blank-of","of",118,0,0,1,"droga","ofoga"
634,"du","du-r","r",1,6,"we-r","we",6,0,0,1,"dur","wer"
527,"ic","ic-i","i",1,20,"an-i","an",19,1,0,1,"edifici","edifani"
128,"uc","uc-ac","ac",1,2,"uc-ia","ia",2,0,0,1,"educació","educiaió"
484,"first_blank","first_blank-ef","ef",1,37,"first_blank-mà","mà",37,0,0,1,"efecte","màecte"
310,"ef","ef-ec","ec",1,21,"fl-ec","fl",21,0,0,1,"efectiva","flectiva"
284,"oi","oi-st","st",1,1,"my-st","my",1,0,0,1,"egoista","egmysta"
870,"el","el-ec","ec",1,36,"rr-ec","rr",36,0,0,1,"elecció","rrecció"
161,"el","el-èc","èc",1,7,"el-ss","ss",7,0,0,1,"elèctric","elsstric"
76,"ec","ec-tr","tr",1,27,"ec-ut","ut",27,0,0,1,"electricitat","elecuticitat"
986,"el","el-eg","eg",1,14,"el-ac","ac",14,0,0,1,"elegant","elacant"
670,"el","el-em","em",1,6,"ér-em","ér",6,0,0,1,"element","érement"
29,"ba","ba-rà","rà",1,6,"ba-lc","lc",6,0,0,1,"embaràs","embalcs"
699,"ia","ia-c","c",1,4,"vi-c","vi",4,0,0,1,"embriac","embrvic"
661,"er","er-gè","gè",1,9,"er-on","on",9,0,0,1,"emergència","emeronncia"
434,"em","em-oc","oc",1,32,"em-br","br",33,1,0,1,"emocional","embrional"
759,"empe","empe-ra","ra",3,1,"sama-ra","sama",1,0,0,1,"emperador","samarador"
554,"pi","pi-pa","pa",1,12,"ta-pa","ta",12,0,0,1,"empipat","emtapat"
962,"em","em-ta","ta",1,3,"of-ta","of",3,0,0,1,"empremta","emprofta"
977,"es","es-ar","ar",1,10,"aç-ar","aç",10,0,0,1,"empresari","empraçari"
974,"es","es-on","on",1,19,"es-ga","ga",19,0,0,1,"empresonament","empresgaament"
972," g"," g-en","en",1,1,"we-en","we",1,0,0,1,"en general","enweeneral"
19,"first_blank","first_blank-encanta","encanta",2,7,"first_blank-comença","comença",7,0,0,3,"encantador","començador"
9,"first_blank","first_blank-enca","enca",2,2,"first_blank-cita","cita",2,0,0,1,"encara","citara"
557,"ce","ce-ba","ba",1,3,"ce-ni","ni",3,0,0,1,"enceball","encenill"
205,"di","di-ns","ns",1,20,"di-gn","gn",20,0,0,1,"endins","endign"
541,"en","en-er","er",1,23,"en-im","im",23,0,0,1,"energia","enimgia"
297,"first_blank","first_blank-enfonsar","enfonsar",2,1,"first_blank-engordar","engordar",1,0,0,1,"enfonsar-se","engordarse"
583,"or","or-me","me",1,24,"or-ci","ci",24,0,0,1,"enorme","enorci"
392,"rd","rd-ar","ar",1,27,"ct-ar","ct",27,0,0,1,"enrecordar","enrecoctar"
411,"ny","ny-ar","ar",1,45,"it-ar","it",44,1,0,1,"ensenyar","enseitar"
631,"nd","nd-re","re",1,74,"mp-re","mp",74,0,0,1,"entendre","entempre"
644,"te","te-rr","rr",1,100,"te-ix","ix",100,0,0,1,"enterrar","enteixar"
525,"entra","entra-da","da",2,1,"ritza-da","ritza",1,0,0,1,"entrada","ritzada"
796,"vi","vi-ar","ar",1,17,"ar-ar","ar",17,0,0,1,"enviar","enarar"
665,"ep","ep-id","id",1,3,"ep-et","et",3,0,0,1,"epidèmia","epetèmia"
606,"od","od-i","i",1,5,"us-i","us",5,0,0,1,"episodi","episusi"
918,"ui","ui-p","p",1,1,"jo-p","jo",1,0,0,1,"equip","eqjop"
812,"first_blank","first_blank-eq","eq",1,61,"first_blank-wo","wo",61,0,0,1,"equipar","wouipar"
852,"er","er-ec","ec",1,11,"er-ts","ts",10,1,0,1,"erecció","ertsció"
782,"first_blank","first_blank-erra","erra",2,1,"first_blank-gros","gros",1,0,0,1,"errada","grosda"
704,"cà","cà-nd","nd",1,3,"ka-nd","ka",3,0,0,1,"escàndol","eskandol"
746,"first_blank","first_blank-escapar","escapar",2,1,"first_blank-destapa","destapa",1,0,0,1,"escapar-se","destapase"
439,"co","co-la","la",1,34,"co-mi","mi",34,0,0,1,"escola","escomi"
367,"lt","lt-ar","ar",1,42,"am-ar","am",42,0,0,1,"escoltar","escoamar"
908,"re","re-ri","ri",1,7,"re-gr","gr",7,0,0,1,"escombreria","escombregra"
532,"ip","ip-to","to",1,12,"ng-to","ng",12,0,0,1,"escriptor","escrngtor"
239,"ip","ip-tu","tu",1,3,"ip-il","il",3,0,0,1,"escriptura","escripilra"
328,"iu","iu-re","re",1,28,"sa-re","sa",28,0,0,1,"escriure","escrsare"
588,"rz","rz-ar","ar",1,4,"le-ar","le",4,0,0,1,"esmorzar","esmolear"
965,"pa","pa-gu","gu",1,15,"ju-gu","ju",15,0,0,1,"espaguetis","esjuguetis"
867,"pa","pa-nt","nt",1,62,"pa-re","re",63,1,0,1,"espantar","esparear"
492,"pe","pe-ci","ci",1,29,"si-ci","si",29,0,0,1,"especialista","essicialista"
984,"ac","ac-ul","ul",1,13,"ac-re","re",13,0,0,1,"espectacular","espectacrear"
432,"pe","pe-lm","lm",1,3,"pe-ré","ré",3,0,0,1,"espelma","esperéa"
312,"pe","pe-ra","ra",1,94,"ag-ra","ag",88,6,0,1,"esperar","esagrar"
293,"es","es-pé","pé",1,3,"es-op","op",3,0,0,1,"espés","esops"
887,"rt","rt-last_blank","last_blank",1,89,"do-last_blank","do",90,1,0,1,"esport","espodo"
437,"espo","espo-sa","sa",2,1,"telo-sa","telo",1,0,0,1,"esposa","telosa"
251,"qu","qu-er","er",1,59,"nt-er","nt",59,0,0,1,"esquerre","esnterre"
321,"es","es-t","t",1,23,"re-t","re",24,1,0,1,"est","ret"
607,"lv","lv-ia","ia",1,12,"ès-ia","ès",12,0,0,1,"estalviar","estaèsiar"
106,"es","es-ta","ta",1,299,"es-si","si",341,42,0,1,"estat","essit"
580,"tu","tu-a","a",1,9,"bl-a","bl",9,0,0,1,"estàtua","estàbla"
250,"ti","ti-l","l",1,16,"il-l","il",16,0,0,1,"estil","esill"
307,"an","an-ge","ge",1,31,"an-sm","sm",33,2,0,1,"estranger","estransmr"
403,"an","an-y","y",1,20,"ll-y","ll",22,2,0,1,"estrany","estrlly"
505,"èg","èg-ia","ia",1,1,"òt-ia","òt",1,0,0,1,"estratègia","estratòtia"
39,"tr","tr-el","el",1,21,"tr-ui","ui",21,0,0,1,"estrella","estruila"
842,"uc","uc-tu","tu",1,18,"ta-tu","ta",18,0,0,1,"estructura","estrtatura"
599,"di","di-ar","ar",1,13,"tu-ar","tu",13,0,0,1,"estudiar","estutuar"
177,"es","es-tú","tú",1,5,"es-bi","bi",5,0,0,1,"estúpid","esbipid"
743,"first_blank","first_blank-estupide","estupide",2,1,"first_blank-estrenye","estrenye",1,0,0,2,"estupidesa","estrenyesa"
929,"gerar","gerar-last_blank","last_blank",2,1,"gireu-last_blank","gireu",1,0,0,1,"exagerar","exagireu"
760,"cè","cè-rc","rc",1,2,"so-rc","so",2,0,0,1,"excèrcit","exsorcit"
233,"ex","ex-ci","ci",1,12,"ex-pa","pa",13,1,0,1,"excitat","expatat"
114,"cu","cu-sa","sa",1,5,"el-sa","el",5,0,0,1,"excusar","exelsar"
127,"ec","ec-uc","uc",1,3,"ec-al","al",3,0,0,1,"execució","execalió"
598,"ci","ci-ci","ci",1,3,"is-ci","is",3,0,0,1,"exercici","exerisci"
496,"hi","hi-bi","bi",1,9,"ca-bi","ca",9,0,0,1,"exhibició","excabició"
91,"os","os-ió","ió",1,4,"os-er","er",4,0,0,1,"explosió","exploser"
359,"os","os-iu","iu",1,3,"os-ad","ad",3,0,0,1,"explosiu","explosad"
826,"ot","ot-ar","ar",1,12,"lm-ar","lm",12,0,0,1,"explotar","expllmar"
81,"ex","ex-pr","pr",1,31,"de-pr","de",32,1,0,1,"expressar","depressar"
671,"rn","rn-last_blank","last_blank",1,43,"lt-last_blank","lt",43,0,0,1,"extern","extelt"
619,"tr","tr-ao","ao",1,9,"tr-oi","oi",9,0,0,1,"extraordinari","extroirdinari"
550,"first_blank","first_blank-fà","fà",1,19,"first_blank-dè","dè",19,0,0,1,"fàcil","dècil"
104,"first_blank","first_blank-fa","fa",1,491,"first_blank-to","to",493,2,0,1,"fals","tols"
706,"mí","mí-li","li",1,7,"go-li","go",7,0,0,1,"família","fagolia"
463,"fa","fa-mo","mo",1,6,"te-mo","te",6,0,0,1,"famolenc","temolenc"
483,"mó","mó-s","s",1,5,"lu-s","lu",5,0,0,1,"famós","falus"
479,"as","as-ia","ia",1,2,"fr-ia","fr",2,0,0,1,"fantasia","fantfria"
415,"às","às-ti","ti",1,19,"ob-ti","ob",19,0,0,1,"fantàstic","fantobtic"
923,"fa","fa-ri","ri",1,13,"ce-ri","ce",13,0,0,1,"farina","cerina"
876,"fa","fa-ta","ta",1,5,"rs-ta","rs",5,0,0,1,"fatal","rstal"
162,"fa","fa-x","x",1,3,"it-x","it",3,0,0,1,"fax","itx"
139,"fe","fe-last_blank","last_blank",1,12,"ín-last_blank","ín",12,0,0,1,"fe","ín"
331,"fe","fe-bl","bl",1,3,"ei-bl","ei",3,0,0,1,"feble","eible"
838,"fe","fe-br","br",1,8,"fe-ix","ix",8,0,0,1,"febre","feixe"
624,"ra","ra-co","co",1,16,"al-co","al",16,0,0,1,"federacoó","fedealcoó"
526,"li","li-ç","ç",1,2,"ga-ç","ga",2,0,0,1,"feliç","fegaç"
348,"me","me-ll","ll",1,15,"gu-ll","gu",15,0,0,1,"femella","fegulla"
163,"fe","fe-r","r",1,15,"ça-r","ça",14,1,0,1,"fer","çar"
884,"r ","r -xa","xa",1,1,"ae-xa","ae",1,0,0,1,"fer xantatge","feaexantatge"
46,"fe","fe-st","st",1,48,"fe-re","re",46,2,0,1,"festa","ferea"
37,"st","st-iv","iv",1,4,"st-rö","rö",4,0,0,1,"festival","feströal"
712,"fe","fe-tg","tg",1,2,"fe-ml","ml",2,0,0,1,"fetge","femle"
613,"fi","fi-de","de",1,17,"fi-el","el",17,0,0,1,"fidel","fiell"
390,"fi","fi-ll","ll",1,18,"so-ll","so",18,0,0,1,"fill","soll"
913,"na","na-nç","nç",1,12,"na-ll","ll",12,0,0,1,"finançament","finallament"
25,"na","na-nc","nc",1,17,"si-nc","si",17,0,0,1,"financer","fisincer"
941,"rm","rm-a","a",1,15,"ïd-a","ïd",15,0,0,1,"firma","fiïda"
266,"first_blank","first_blank-fí","fí",1,10,"first_blank-èt","èt",10,0,0,1,"físic","ètsic"
393,"fl","fl-am","am",1,23,"fl-ex","ex",23,0,0,1,"flama","flexa"
645,"fl","fl-or","or",1,41,"ac-or","ac",41,0,0,1,"flor","acor"
990,"fl","fl-ot","ot",1,12,"at-ot","at",12,0,0,1,"flota","atota"
152,"ui","ui-d","d",1,2,"ls-d","ls",2,0,0,1,"fluid","fllsd"
798,"fo","fo-ns","ns",1,28,"ca-ns","ca",29,1,0,1,"fons","cans"
70,"fo","fo-ra","ra",1,42,"og-ra","og",43,1,0,1,"forat","ograt"
282,"rç","rç-a","a",1,7,"gm-a","gm",7,0,0,1,"força","fogma"
481,"ge","ge-last_blank","last_blank",1,98,"xi-last_blank","xi",98,0,0,1,"formatge","formatxi"
28,"first_blank","first_blank-formi","formi",2,1,"first_blank-fábri","fábri",1,0,0,1,"formiga","fábriga"
747,"fo","fo-rq","rq",1,5,"fo-ot","ot",5,0,0,1,"forquilla","footuilla"
792,"rt","rt-am","am",1,19,"iv-am","iv",19,0,0,1,"fortament","foivament"
267,"sc","sc-last_blank","last_blank",1,35,"ld-last_blank","ld",35,0,0,1,"fosc","fold"
590,"fo","fo-to","to",1,36,"fo-rç","rç",35,1,0,1,"foto","forç"
21,"af","af-last_blank","last_blank",1,17,"bi-last_blank","bi",17,0,0,1,"fotògraf","fotògrbi"
374,"ac","ac-às","às",1,1,"ac-il","il",1,0,0,1,"fracàs","fracil"
325,"an","an-cè","cè",1,2,"an-pa","pa",2,0,0,1,"francès","franpas"
742,"first_blank","first_blank-franctira","franctira",2,3,"first_blank-assassina","assassina",3,0,0,5,"franctirador","assassinador"
319,"first_blank","first_blank-fra","fra",2,4,"first_blank-ges","ges",4,0,0,1,"frase","gesse"
703,"fr","fr-au","au",1,12,"fr-eq","eq",12,0,0,1,"frau","freq"
745,"fr","fr-ui","ui",1,9,"lo-ui","lo",9,0,0,1,"fruita","louita"
242,"gi","gi-ti","ti",1,9,"le-ti","le",9,0,0,1,"fugitiu","fuletiu"
980,"fu","fu-nc","nc",1,28,"ra-nc","ra",28,0,0,1,"funcional","rancional"
53,"fu","fu-ne","ne",1,6,"ag-ne","ag",6,0,0,1,"funeral","agneral"
497,"fu","fu-tb","tb",1,2,"fu-rs","rs",2,0,0,1,"futbol","fursol"
494,"ga","ga-i","i",1,2,"ab-i","ab",2,0,0,1,"gai","abi"
399,"xi","xi-a","a",1,9,"sh-a","sh",9,0,0,1,"galàxia","galàsha"
641," d"," d-in","in",1,1,"óf-in","óf",1,0,0,1,"gall dindi","gallófindi"
786,"lt","lt-a","a",1,29,"ny-a","ny",29,0,0,1,"galta","ganya"
360,"ve","ve-t","t",1,5,"lu-t","lu",5,0,0,1,"ganivet","ganilut"
748,"ra","ra-tg","tg",1,15,"ra-ss","ss",15,0,0,1,"garatge","garasse"
978,"first_blank","first_blank-gaseo","gaseo",2,1,"first_blank-gessi","gessi",1,0,0,1,"gaseosa","gessisa"
548,"first_blank","first_blank-ga","ga",1,394,"first_blank-at","at",393,1,0,1,"gastar","atstar"
329,"first_blank","first_blank-ga","ga",1,394,"first_blank-at","at",393,1,0,1,"gat","att"
187,"ra","ra-lm","lm",1,9,"ra-ur","ur",9,0,0,1,"generalment","generaurent"
988,"ne","ne-ró","ró",1,1,"ne-ip","ip",1,0,0,1,"generós","geneips"
608,"no","no-ll","ll",1,3,"ku-ll","ku",3,0,0,1,"genoll","gekull"
224,"first_blank","first_blank-ge","ge",1,285,"first_blank-vo","vo",286,1,0,1,"gent","vont"
335,"rm","rm-à","à",1,2,"si-à","si",2,0,0,1,"germà","gesià"
179,"ob","ob-al","al",1,7,"du-al","du",7,0,0,1,"global","gldual"
831,"gl","gl-òr","òr",1,2,"gl-ee","ee",2,0,0,1,"glòria","gleeia"
813,"l·","l·-la","la",1,1,"ño-la","ño",1,0,0,1,"goril·la","goriñola"
120,"first_blank","first_blank-go","go",1,215,"first_blank-or","or",215,0,0,1,"gorra","orrra"
623,"first_blank","first_blank-go","go",1,215,"first_blank-or","or",215,0,0,1,"govern","orvern"
115,"àc","àc-ie","ie",1,12,"br-ie","br",12,0,0,1,"gràcies","grbries"
850,"gr","gr-ad","ad",1,32,"in-ad","in",32,0,0,1,"graduat","inaduat"
757,"am","am-last_blank","last_blank",1,93,"li-last_blank","li",93,0,0,1,"gram","grli"
101,"first_blank","first_blank-gr","gr",1,402,"first_blank-ra","ra",401,1,0,1,"gran","raan"
632,"av","av-ac","ac",1,4,"cr-ac","cr",4,0,0,1,"gravació","grcració"
538,"gr","gr-ec","ec",1,3,"cj-ec","cj",3,0,0,1,"grec","cjec"
324,"og","og-a","a",1,11,"ui-a","ui",11,0,0,1,"groga","gruia"
601,"up","up-last_blank","last_blank",1,12,"mm-last_blank","mm",12,0,0,1,"grup","grmm"
313,"gu","gu-ai","ai",1,10,"un-ai","un",10,0,0,1,"guai","unai"
157,"guanya","guanya-dor","dor",2,1,"tracta-dor","tracta",1,0,0,2,"guanyador","tractador"
448,"re","re-r","r",1,14,"ça-r","ça",14,0,0,1,"guerrer","guerçar"
451,"gu","gu-it","it",1,22,"on-it","on",22,0,0,1,"guitarra","onitarra"
882,"ha","ha-bi","bi",1,36,"ha-ur","ur",34,2,0,1,"habilitat","haurlitat"
202,"bi","bi-tu","tu",1,6,"su-tu","su",6,0,0,1,"habitual","hasutual"
614,"first_blank","first_blank-hamburgue","hamburgue",2,1,"first_blank-ambarassa","ambarassa",1,0,0,4,"hamburguesa","ambarassasa"
817,"rm","rm-on","on",1,23,"rm-al","al",23,0,0,1,"harmonia","harmalia"
12,"cò","cò-pt","pt",1,3,"am-pt","am",3,0,0,1,"helicòpter","heliampter"
134,"re","re-ta","ta",1,98,"re-st","st",98,0,0,1,"heretar","herestr"
351,"he","he-ro","ro",1,18,"sp-ro","sp",18,0,0,1,"heroïna","sproïna"
891,"og","og-en","en",1,9,"ct-en","ct",9,0,0,1,"hidrogen","hidrcten"
358,"rn","rn-last_blank","last_blank",1,43,"lt-last_blank","lt",43,0,0,1,"hivern","hivelt"
80,"ho","ho-ne","ne",1,11,"gi-ne","gi",11,0,0,1,"honest","ginest"
159,"st","st-ed","ed",1,2,"st-ut","ut",2,0,0,1,"honestedat","honestutat"
705,"no","no-r","r",1,10,"ei-r","ei",10,0,0,1,"honor","hoeir"
370,"rr","rr-ib","ib",1,21,"oh-ib","oh",21,0,0,1,"horrible","hoohible"
906,"ip","ip-il","il",1,3,"rg-il","rg",3,0,0,1,"horripilant","horrrgilant"
165,"mà","mà-last_blank","last_blank",1,12,"up-last_blank","up",12,0,0,1,"humà","huup"
375,"first_blank","first_blank-hu","hu",1,125,"first_blank-gi","gi",125,0,0,1,"humit","gimit"
466,"first_blank","first_blank-hu","hu",1,125,"first_blank-gi","gi",125,0,0,1,"humor","gimor"
416,"id","id-io","io",1,8,"id-ei","ei",8,0,0,1,"idiota","ideita"
945,"first_blank","first_blank-im","im",1,466,"first_blank-si","si",469,3,0,1,"imperi","siperi"
169,"rt","rt-àn","àn",1,2,"rt-uà","uà",2,0,0,1,"importància","importuàcia"
488,"rt","rt-an","an",1,39,"sc-an","sc",38,1,0,1,"important","imposcant"
922,"po","po-te","te",1,27,"er-te","er",27,0,0,1,"impotent","imertent"
893,"first_blank","first_blank-im","im",1,466,"first_blank-si","si",469,3,0,1,"impressionar","sipressionar"
969,"pa","pa-ic","ic",1,1,"øt-ic","øt",1,0,0,1,"incapaici","incaøtici"
221,"di","di-ca","ca",1,52,"di-re","re",53,1,0,1,"indicar","indirer"
211,"vi","vi-du","du",1,10,"vi-se","se",10,0,0,1,"individual","indiviseal"
765,"ra","ra-da","da",1,60,"ra-ts","ts",60,0,0,1,"inesperadament","inesperatsment"
562,"fà","fà-nc","nc",1,2,"fà-gi","gi",2,0,0,1,"infància","infàgiia"
450,"fe","fe-cc","cc",1,4,"ea-cc","ea",4,0,0,1,"infecció","ineacció"
207,"fe","fe-rn","rn",1,11,"fe-ta","ta",11,0,0,1,"infern","infeta"
687,"rm","rm-ac","ac",1,21,"er-ac","er",21,0,0,1,"informació","infoeració"
278,"in","in-fo","fo",1,50,"in-de","de",50,0,0,1,"informant","indermant"
245,"rm","rm-ar","ar",1,18,"pt-ar","pt",18,0,0,1,"informar","infoptar"
566,"gr","gr-és","és",1,1,"ra-és","ra",1,0,0,1,"ingrés","inraés"
579,"je","je-cc","cc",1,5,"du-cc","du",5,0,0,1,"injecció","inducció"
145,"ju","ju-st","st",1,37,"po-st","po",37,0,0,1,"injust","inpost"
998,"in","in-mm","mm",1,1,"in-ye","ye",1,0,0,1,"inmmund","inyeund"
710,"in","in-se","se",1,27,"in-er","er",27,0,0,1,"insecte","inercte"
957,"in","in-sp","sp",1,33,"in-is","is",33,0,0,1,"inspecció","inisecció"
719,"ir","ir-ac","ac",1,7,"ex-ac","ex",7,0,0,1,"inspiració","inspexació"
781,"ru","ru-me","me",1,4,"go-me","go",4,0,0,1,"instrument","instgoment"
594,"· ","· -li","li",1,1,"hé-li","hé",1,0,0,1,"intel · ligent","intel héligent"
770,"te","te-nc","nc",1,33,"te-ss","ss",33,0,0,1,"intenció","intessió"
938,"na","na-lm","lm",1,12,"na-nç","nç",12,0,0,1,"intencionalment","intencionançent"
304,"nt","nt-ar","ar",1,121,"ap-ar","ap",123,2,0,1,"intentar","inteapar"
520,"ss","ss-an","an",1,29,"ss-ib","ib",29,0,0,1,"interessant","interessibt"
995,"ín","ín-ti","ti",1,5,"be-ti","be",5,0,0,1,"íntim","betim"
639,"in","in-ti","ti",1,22,"or-ti","or",22,0,0,1,"intimitat","ortimitat"
925,"tu","tu-ic","ic",1,1,"og-ic","og",1,0,0,1,"intuició","inogició"
24,"rs","rs-or","or",1,8,"sh-or","sh",8,0,0,1,"inversor","inveshor"
108,"ve","ve-rt","rt",1,91,"ve-ll","ll",93,2,0,1,"invertir","invellir"
951,"first_blank","first_blank-investiga","investiga",2,6,"first_blank-necessita","necessita",5,1,0,3,"investigador","necessitador"
100,"ig","ig-ar","ar",1,29,"al-ar","al",29,0,0,1,"investigar","investalar"
672,"ir","ir-òn","òn",1,2,"ir-és","és",2,0,0,1,"irònic","irésic"
983,"on","on-sa","sa",1,17,"ro-sa","ro",17,0,0,1,"irresponsable","irresprosable"
420,"ja","ja-qu","qu",1,7,"de-qu","de",7,0,0,1,"jaqueta","dequeta"
436,"jo","jo-c","c",1,1,"pc-c","pc",1,0,0,1,"joc","pcc"
652,"jo","jo-gi","gi",1,1,"jo-ll","ll",1,0,0,1,"jogina","jollna"
569,"jo","jo-ia","ia",1,2,"ng-ia","ng",2,0,0,1,"joia","ngia"
987,"first_blank","first_blank-jornitza","jornitza",2,1,"first_blank-suavitza","suavitza",1,0,0,2,"jornitzador","suavitzador"
194,"ve","ve-last_blank","last_blank",1,32,"ow-last_blank","ow",32,0,0,1,"jove","joow"
130,"di","di-ci","ci",1,37,"so-ci","so",37,0,0,1,"judici","jusoci"
51,"first_blank","first_blank-juga","juga",2,7,"first_blank-posa","posa",7,0,0,1,"jugadora","posadora"
794,"li","li-et","et",1,4,"li-ma","ma",4,0,0,1,"juliet","julima"
503,"ol","ol-last_blank","last_blank",1,75,"si-last_blank","si",75,0,0,1,"juliol","julisi"
823,"ni","ni-or","or",1,4,"im-or","im",4,0,0,1,"júnior","júimor"
509,"ju","ju-ra","ra",1,14,"bo-ra","bo",14,0,0,1,"jurament","borament"
682,"st","st-íc","íc",1,3,"st-èr","èr",3,0,0,1,"justícia","justèria"
414,"tj","tj-ar","ar",1,24,"ol-ar","ol",25,1,0,1,"jutjar","juolar"
380,"gí","gí-ti","ti",1,5,"ru-ti","ru",5,0,0,1,"legítim","lerutim"
560,"le","le-si","si",1,13,"le-ja","ja",13,0,0,1,"lesió","lejaó"
932,"be","be-ra","ra",1,26,"mb-ra","mb",26,0,0,1,"liberal","limbral"
480,"lí","lí-de","de",1,4,"ad-de","ad",4,0,0,1,"líder","adder"
289,"li","li-mu","mu",1,2,"so-mu","so",2,0,0,1,"limusina","somusina"
174,"li","li-ng","ng",1,28,"li-mi","mi",26,2,0,1,"lingü","limiü"
638,"te","te-ra","ra",1,65,"te-mp","mp",65,0,0,1,"literatura","litemptura"
472,"ac","ac-last_blank","last_blank",1,41,"un-last_blank","un",41,0,0,1,"llac","llun"
949,"os","os-ta","ta",1,37,"ac-ta","ac",37,0,0,1,"llagosta","llagacta"
833,"rd","rd-ai","ai",1,4,"tu-ai","tu",4,0,0,1,"llangardaix","llangatuaix"
394,"first_blank","first_blank-ll","ll",1,632,"first_blank-ar","ar",632,0,0,1,"llarg","ararg"
272,"first_blank","first_blank-llarga","llarga",2,1,"first_blank-llutia","llutia",1,0,0,1,"llargada","llutiada"
352,"en","en-da","da",1,32,"en-ge","ge",32,0,0,1,"llegenda","llegenge"
84,"ll","ll-ei","ei",1,26,"ll-ia","ia",26,0,0,1,"lleig","lliag"
88,"ll","ll-eó","eó",1,1,"ll-tz","tz",1,0,0,1,"lleó","lltz"
907,"first_blank","first_blank-ll","ll",1,632,"first_blank-ar","ar",632,0,0,1,"llepar","arepar"
501,"ib","ib-re","re",1,11,"og-re","og",11,0,0,1,"llibre","llogre"
713,"first_blank","first_blank-ll","ll",1,632,"first_blank-ar","ar",632,0,0,1,"llista","arista"
536,"first_blank","first_blank-ll","ll",1,632,"first_blank-ar","ar",632,0,0,1,"llit","arit"
716,"first_blank","first_blank-ll","ll",1,632,"first_blank-ar","ar",632,0,0,1,"lliure","ariure"
361,"oc","oc-ti","ti",1,1,"oc-kl","kl",1,0,0,1,"lloctinent","llocklnent"
136,"ue","ue-r","r",1,16,"mi-r","mi",16,0,0,1,"lloguer","llogmir"
372,"first_blank","first_blank-ll","ll",1,632,"first_blank-ar","ar",632,0,0,1,"llop","arop"
41,"lluita","lluita-dor","dor",2,1,"tracta-dor","tracta",1,0,0,2,"lluitador","tractador"
78,"ll","ll-um","um",1,21,"ll-ie","ie",21,0,0,1,"llum","llie"
773,"ll","ll-um","um",1,21,"ll-ie","ie",21,0,0,1,"lluminós","llieinós"
180,"yà","yà-last_blank","last_blank",1,5,"rf-last_blank","rf",5,0,0,1,"llunyà","llunrf"
963,"lo","lo-ca","ca",1,33,"is-ca","is",33,0,0,1,"local","iscal"
52,"lu","lu-br","br",1,3,"lu-mb","mb",3,0,0,1,"lubricar","lumbicar"
23,"du","du-ix","ix",1,2,"du-ot","ot",2,0,0,1,"maduixa","maduota"
160,"ma","ma-g","g",1,1,"en-g","en",1,0,0,1,"mag","eng"
943,"first_blank","first_blank-maione","maione",2,1,"first_blank-amaina","amaina",1,0,0,1,"maionesa","amainasa"
286,"ma","ma-l","l",1,9,"ar-l","ar",9,0,0,1,"mal","arl"
810,"lt","lt-last_blank","last_blank",1,43,"rn-last_blank","rn",43,0,0,1,"malalt","malarn"
112,"lt","lt-ia","ia",1,2,"ng-ia","ng",2,0,0,1,"malaltia","malangia"
32,"le","le-ta","ta",1,40,"ma-ta","ma",39,1,0,1,"maleta","mamata"
875,"mà","mà-ne","ne",1,4,"ck-ne","ck",4,0,0,1,"mànega","cknega"
829,"ni","ni-fe","fe",1,15,"bu-fe","bu",15,0,0,1,"manifestació","mabufestació"
66,"ni","ni-pu","pu",1,16,"ni-ve","ve",16,0,0,1,"manipular","manivelar"
138,"nt","nt-eg","eg",1,4,"nt-us","us",4,0,0,1,"mantega","mantusa"
947,"en","en-im","im",1,23,"en-er","er",23,0,0,1,"manteniment","mantenerent"
886,"en","en-ir","ir",1,19,"en-ro","ro",19,0,0,1,"mantenir","mantenro"
695,"mà","mà-qu","qu",1,10,"ia-qu","ia",10,0,0,1,"màquina","iaquina"
77,"re","re-last_blank","last_blank",2,366,"re-ajustament","ajustament",1,365,0,6,"mare","mareajustament"
845,"ma","ma-ri","ri",1,53,"di-ri","di",53,0,0,1,"marina","dirina"
622,"ne","ne-r","r",1,46,"ma-r","ma",46,0,0,1,"mariner","marimar"
927,"first_blank","first_blank-mà","mà",1,37,"first_blank-ef","ef",37,0,0,1,"màrqueting","efrqueting"
281,"rt","rt-el","el",1,13,"rt-if","if",13,0,0,1,"martell","martifl"
721,"ge","ge-last_blank","last_blank",1,98,"xi-last_blank","xi",98,0,0,1,"massatge","massatxi"
916,"st","st-eg","eg",1,14,"el-eg","el",14,0,0,1,"mastegar","maelegar"
214,"te","te-mà","mà",1,6,"te-ca","ca",6,0,0,1,"matemàtiques","matecatiques"
298,"tí","tí-last_blank","last_blank",1,25,"ks-last_blank","ks",25,0,0,1,"matí","maks"
343,"ma","ma-tr","tr",1,22,"ma-me","me",22,0,0,1,"matrimoni","mameimoni"
385,"xi","xi-m","m",1,4,"cu-m","cu",4,0,0,1,"màxim","màcum"
788,"me","me-cà","cà",1,7,"me-se","se",7,0,0,1,"mecànic","mesenic"
784,"me","me-da","da",1,5,"me-up","up",5,0,0,1,"medalla","meuplla"
18,"ll","ll-ó","ó",1,7,"ss-ó","ss",7,0,0,1,"medalló","medassó"
733,"me","me-nj","nj",1,36,"me-te","te",36,0,0,1,"menjar","metear"
507,"nt","nt-id","id",1,11,"nt-ai","ai",11,0,0,1,"mentider","mentaier"
220,"ny","ny-s","s",1,21,"rn-s","rn",21,0,0,1,"menys","merns"
862,"ri","ri-to","to",1,4,"ri-gí","gí",4,0,0,1,"meritori","merigíri"
700,"sc","sc-la","la",1,6,"sc-er","er",6,0,0,1,"mescla","mescer"
337,"me","me-st","st",1,32,"pa-st","pa",32,0,0,1,"mestra","pastra"
350,"ta","ta-l","l",1,39,"al-l","al",40,1,0,1,"metal","meall"
334,"me","me-tg","tg",1,4,"me-ve","ve",4,0,0,1,"metge","mevee"
406,"first_blank","first_blank-me","me",1,693,"first_blank-ac","ac",699,6,0,1,"metre","actre"
595,"òf","òf-on","on",1,4,"ot-on","ot",4,0,0,1,"micròfon","microton"
930,"pi","pi-last_blank","last_blank",1,25,"tí-last_blank","tí",25,0,0,1,"microscopi","microscotí"
737,"mi","mi-gd","gd",1,2,"mi-ah","ah",2,0,0,1,"migdia","miahia"
723,"first_blank","first_blank-mi","mi",1,532,"first_blank-ve","ve",532,0,0,1,"militar","velitar"
43,"first_blank","first_blank-mi","mi",1,532,"first_blank-ve","ve",532,0,0,1,"millora","vellora"
93,"first_blank","first_blank-mi","mi",1,532,"first_blank-ve","ve",532,0,0,1,"ministeri","venisteri"
576,"first_blank","first_blank-mi","mi",1,532,"first_blank-ve","ve",532,0,0,1,"mirall","verall"
924,"mi","mi-sè","sè",1,2,"mi-er","er",2,0,0,1,"misèria","mierria"
314,"ss","ss-at","at",1,65,"ss-eg","eg",65,0,0,1,"missatge","missegge"
618,"first_blank","first_blank-mi","mi",1,532,"first_blank-ve","ve",532,0,0,1,"missil","vessil"
611,"first_blank","first_blank-mi","mi",1,532,"first_blank-ve","ve",532,0,0,1,"missió","vessió"
264,"first_blank","first_blank-mi","mi",1,532,"first_blank-ve","ve",532,0,0,1,"misteri","vesteri"
49,"first_blank","first_blank-moca","moca",2,1,"first_blank-excu","excu",1,0,0,1,"mocador","excudor"
830,"mo","mo-de","de",1,44,"es-de","es",44,0,0,1,"modest","esdest"
738,"le","le-st","st",1,55,"mo-st","mo",55,0,0,1,"molestar","momostar"
102,"lt","lt-last_blank","last_blank",1,43,"rn-last_blank","rn",43,0,0,1,"molt","morn"
146,"mó","mó-n","n",1,10,"ce-n","ce",10,0,0,1,"món","cen"
521,"mo","mo-na","na",1,9,"mo-ve","ve",9,0,0,1,"monasteri","movesteri"
725,"rf","rf-in","in",1,3,"tt-in","tt",3,0,0,1,"morfina","mottina"
735,"mo","mo-ri","ri",1,53,"di-ri","di",53,0,0,1,"morir","dirir"
589,"rt","rt-last_blank","last_blank",1,89,"do-last_blank","do",90,1,0,1,"mort","modo"
149,"mo","mo-sc","sc",1,5,"la-sc","la",5,0,0,1,"mosca","lasca"
341,"mo","mo-te","te",1,4,"op-te","op",4,0,0,1,"motel","optel"
288,"mo","mo-to","to",1,32,"ec-to","ec",32,0,0,1,"motor","ector"
424,"ya","ya-last_blank","last_blank",1,60,"so-last_blank","so",60,0,0,1,"muntanya","muntanso"
698,"ul","ul-last_blank","last_blank",1,34,"ho-last_blank","ho",34,0,0,1,"múscul","múscho"
150,"mu","mu-se","se",1,6,"ce-se","ce",6,0,0,1,"museu","ceseu"
490,"mú","mú-si","si",1,3,"jo-si","jo",3,0,0,1,"músic","josic"
499,"first_blank","first_blank-músi","músi",2,1,"first_blank-mora","mora",1,0,0,1,"música","moraca"
926,"mu","mu-ta","ta",1,9,"op-ta","op",9,0,0,1,"mutació","optació"
587,"first_blank","first_blank-na","na",1,254,"first_blank-au","au",253,1,0,1,"nació","aució"
545,"na","na-s","s",1,7,"op-s","op",7,0,0,1,"nas","ops"
935,"nà","nà-us","us",1,2,"mp-us","mp",2,0,0,1,"nàusea","mpusea"
889,"na","na-ve","ve",1,46,"di-ve","di",46,0,0,1,"navegar","divegar"
123,"bo","bo-t","t",1,7,"al-t","al",7,0,0,1,"nebot","nealt"
181,"first_blank","first_blank-ne","ne",1,361,"first_blank-pi","pi",361,0,0,1,"necessitar","picessitar"
701,"da","da-r","r",1,46,"ne-r","ne",46,0,0,1,"nedar","nener"
323,"ga","ga-ti","ti",1,7,"rs-ti","rs",7,0,0,1,"negatiu","nerstiu"
144,"go","go-ci","ci",1,29,"si-ci","si",29,0,0,1,"negocis","nesicis"
322,"gr","gr-e","e",1,11,"en-e","en",11,0,0,1,"negre","neene"
366,"ne","ne-n","n",1,54,"xi-n","xi",44,10,0,1,"nen","xin"
804,"ne","ne-rv","rv",1,8,"ne-so","so",8,0,0,1,"nerviós","nesoiós"
373,"first_blank","first_blank-ne","ne",1,361,"first_blank-ho","ho",375,14,0,1,"neu","hou"
339,"no","no-i","i",1,7,"ur-i","ur",7,0,0,1,"noi","uri"
30,"no","no-ie","ie",1,9,"no-es","es",9,0,0,1,"noies","noess"
320,"no","no-rd","rd",1,10,"no-se","se",10,0,0,1,"nord","nose"
129,"no","no-rm","rm",1,19,"no-mi","mi",19,0,0,1,"normal","nomial"
960,"no","no-ta","ta",1,21,"ie-ta","ie",22,1,0,1,"notable","ietable"
44,"no","no-tí","tí",1,7,"es-tí","es",7,0,0,1,"notícies","estícies"
895,"ea","ea-r","r",1,11,"lo-r","lo",11,0,0,1,"nuclear","nucllor"
919,"first_blank","first_blank-nú","nú",1,11,"first_blank-ay","ay",11,0,0,1,"núvia","ayvia"
262,"rv","rv-ar","ar",1,8,"ai-ar","ai",8,0,0,1,"observar","obseaiar"
48,"first_blank","first_blank-òb","òb",1,5,"first_blank-sö","sö",5,0,0,1,"òbviament","söviament"
673,"oc","oc-ci","ci",1,4,"ai-ci","ai",4,0,0,1,"occidental","aicidental"
398,"eà","eà-last_blank","last_blank",1,2,"fu-last_blank","fu",2,0,0,1,"oceà","ocfu"
365,"oc","oc-el","el",1,9,"oc-in","in",9,0,0,1,"ocell","ocinl"
883,"ór","ór-re","re",1,4,"es-re","es",4,0,0,1,"ocórrer","ocesrer"
388,"tu","tu-br","br",1,1,"tu-ic","ic",1,0,0,1,"octubre","octuice"
824,"of","of-en","en",1,20,"ig-en","ig",20,0,0,1,"ofendre","igendre"
428,"first_blank","first_blank-of","of",1,118,"first_blank-dr","dr",118,0,0,1,"oficial","dricial"
864,"first_blank","first_blank-of","of",1,118,"first_blank-dr","dr",118,0,0,1,"oficina","dricina"
443,"or","or-ar","ar",1,43,"or-ga","ga",43,0,0,1,"olorar","olorga"
508,"op","op-ci","ci",1,6,"bu-ci","bu",6,0,0,1,"opció","bució"
470,"op","op-on","on",1,2,"op-ug","ug",2,0,0,1,"oponent","opugent"
218,"first_blank","first_blank-òr","òr",1,9,"first_blank-cú","cú",9,0,0,1,"òrbita","cúbita"
578,"first_blank","first_blank-ordina","ordina",2,1,"first_blank-amaina","amaina",1,0,0,1,"ordinador","amainador"
56,"or","or-dr","dr",1,5,"or-ós","ós",5,0,0,1,"ordre","oróse"
546,"or","or-el","el",1,10,"or-ne","ne",10,0,0,1,"orella","ornela"
910,"or","or-ga","ga",1,43,"or-ar","ar",43,0,0,1,"organitzar","orarnitzar"
542,"or","or-in","in",1,22,"or-ti","ti",22,0,0,1,"orina","ortia"
841,"ador","ador-last_blank","last_blank",2,1,"armi-last_blank","armi",1,0,0,1,"ós rentador","ós rentarmi"
182,"ou","ou-last_blank","last_blank",1,14,"ik-last_blank","ik",14,0,0,1,"ou","ik"
5,"íg","íg-en","en",1,6,"ck-en","ck",6,0,0,1,"oxígen","oxcken"
467,"ny","ny-last_blank","last_blank",1,40,"ds-last_blank","ds",40,0,0,1,"pany","pads"
97,"pa","pa-qu","qu",1,16,"pa-nd","nd",16,0,0,1,"paquet","pandet"
816,"af","af-last_blank","last_blank",1,17,"ht-last_blank","ht",17,0,0,1,"paràgraf","paràgrht"
959,"rm","rm-al","al",1,23,"rm-on","on",23,0,0,1,"paranormal","paranormon"
308,"re","re-last_blank","last_blank",2,366,"re-ajustament","ajustament",1,365,0,6,"pare","pareajustament"
435,"rl","rl-ar","ar",1,21,"gn-ar","gn",21,0,0,1,"parlar","pagnar"
528,"en","en-ça","ça",1,28,"en-tu","tu",28,0,0,1,"partença","partentu"
167,"rt","rt-íc","íc",1,5,"rt-èn","èn",5,0,0,1,"partícula","partènula"
506,"passa","passa-da","da",2,1,"ritza-da","ritza",1,0,0,2,"passada","ritzada"
555,"ss","ss-ap","ap",1,4,"ss-si","si",4,0,0,1,"passaport","passsiort"
539,"ss","ss-ej","ej",1,17,"ss-al","al",17,0,0,1,"passejar","passalar"
715,"ss","ss-ió","ió",1,19,"ss-er","er",19,0,0,1,"passió","passer"
570,"st","st-ís","ís",1,5,"st-oc","oc",5,0,0,1,"pastís","pastoc"
11,"first_blank","first_blank-pas","pas",2,6,"first_blank-deu","deu",6,0,0,1,"pastor","deutor"
909,"pa","pa-tè","tè",1,3,"pa-no","no",3,0,0,1,"patètic","panotic"
901,"ul","ul-la","la",1,29,"en-la","en",29,0,0,1,"patrulla","patrenla"
892,"pe","pe-ça","ça",1,3,"pe-me","me",3,0,0,1,"peça","peme"
597,"dr","dr-a","a",1,14,"ld-a","ld",14,0,0,1,"pedra","pelda"
707,"l·","l·-lí","lí",1,1,"ón-lí","ón",1,0,0,1,"pel·lícula","peónlícula"
625,"pe","pe-ni","ni",1,13,"ta-ni","ta",13,0,0,1,"penis","tanis"
63,"ns","ns-ar","ar",1,47,"it-ar","it",44,3,0,1,"pensar","peitar"
110,"pe","pe-r ","r ",1,1,"pe-tó","tó",1,0,0,1,"per acabar","petóacabar"
98,"r ","r -se","se",1,1,"om-se","om",1,0,0,1,"per sempre","peomsempre"
364,"rf","rf-ec","ec",1,22,"fl-ec","fl",21,1,0,1,"perfeccionar","pefleccionar"
837,"um","um-last_blank","last_blank",1,58,"ig-last_blank","ig",58,0,0,1,"perfum","perfig"
342,"ri","ri-ll","ll",1,25,"cu-ll","cu",24,1,0,1,"perill","pecull"
252,"ll","ll-ós","ós",1,8,"ll-oa","oa",8,0,0,1,"perillós","perilloa"
853,"rí","rí-me","me",1,4,"am-me","am",4,0,0,1,"perímetre","peammetre"
702,"pe","pe-rí","rí",1,6,"ca-rí","ca",6,0,0,1,"període","caríode"
427,"od","od-is","is",1,9,"cl-is","cl",9,0,0,1,"periodista","periclista"
113,"ec","ec-uc","uc",1,3,"ec-al","al",3,0,0,1,"persecució","persecalió"
418,"rs","rs-on","on",1,45,"ti-on","ti",43,2,0,1,"personalitat","petionalitat"
863,"rs","rs-pe","pe",1,4,"rs-ib","ib",4,0,0,1,"perspectiva","persibctiva"
141,"pe","pe-sc","sc",1,15,"pe-rj","rj",15,0,0,1,"pescar","perjar"
153,"ti","ti-t","t",1,25,"er-t","er",26,1,0,1,"petit","peert"
675,"first_blank","first_blank-pi","pi",1,361,"first_blank-ne","ne",361,0,0,1,"pilot","nelot"
754,"first_blank","first_blank-pí","pí",1,12,"first_blank-ub","ub",12,0,0,1,"píndola","ubndola"
425,"pi","pi-nt","nt",1,30,"va-nt","va",30,0,0,1,"pintora","vantora"
685,"pi","pi-t","t",1,9,"tu-t","tu",9,0,0,1,"pit","tut"
955,"ag","ag-ia","ia",1,7,"le-ia","le",7,0,0,1,"plagiar","plleiar"
226,"an","an-if","if",1,9,"an-an","an",9,0,0,1,"planificació","plananicació"
790,"àn","àn-ol","ol",1,2,"rm-ol","rm",2,0,0,1,"plànol","plrmol"
40,"pl","pl-às","às",1,2,"pl-ei","ei",2,0,0,1,"plàstic","pleitic"
772,"pl","pl-at","at",1,28,"rm-at","rm",28,0,0,1,"plat","rmat"
776,"pl","pl-at","at",1,28,"rm-at","rm",28,0,0,1,"plata","rmata"
999,"au","au-si","si",1,2,"au-rí","rí",2,0,0,1,"plausible","plauríble"
732,"pl","pl-e","e",1,10,"rd-e","rd",10,0,0,1,"ple","rde"
769,"po","po-bl","bl",1,13,"po-ns","ns",13,0,0,1,"poble","ponse"
291,"po","po-em","em",1,2,"mp-em","mp",2,0,0,1,"poema","mpema"
74,"lí","lí-ti","ti",1,6,"èn-ti","èn",6,0,0,1,"polític","poèntic"
966,"first_blank","first_blank-políti","políti",2,1,"first_blank-pilota","pilota",1,0,0,1,"política","pilotaca"
500,"po","po-ls","ls",1,18,"po-br","br",16,2,0,1,"pols","pobr"
791,"ls","ls-ós","ós",1,2,"rr-ós","rr",2,0,0,1,"polsós","porrós"
552,"po","po-lz","lz",1,4,"po-me","me",4,0,0,1,"polze","pomee"
873,"qu","qu-er","er",1,59,"nt-er","nt",59,0,0,1,"pòquer","pònter"
140,"po","po-r","r",1,4,"eu-r","eu",4,0,0,1,"por","eur"
564,"rc","rc-last_blank","last_blank",1,13,"té-last_blank","té",13,0,0,1,"porc","poté"
26,"rt","rt-last_blank","last_blank",1,89,"xo-last_blank","xo",86,3,0,1,"port","poxo"
225,"rt","rt-a","a",1,39,"eg-a","eg",39,0,0,1,"porta","poega"
934,"first_blank","first_blank-po","po",1,707,"first_blank-su","su",705,2,0,1,"posar","susar"
739,"po","po-si","si",1,59,"re-si","re",59,0,0,1,"posició","resició"
586,"ib","ib-il","il",1,16,"af-il","af",16,0,0,1,"possibilitat","possafilitat"
811,"àc","àc-ti","ti",1,9,"le-ti","le",9,0,0,1,"pràctic","prletic"
184,"ec","ec-ió","ió",1,3,"mp-ió","mp",3,0,0,1,"preciós","prmpiós"
237,"eg","eg-un","un",1,48,"ap-un","ap",49,1,0,1,"preguntar","prapuntar"
896,"em","em-i","i",1,6,"le-i","le",6,0,0,1,"premi","prlei"
60,"cupar","cupar-se","se",3,1,"profa-se","profa",1,0,0,2,"preocupar-se","preoprofase"
389,"ar","ar-ar","ar",1,17,"vi-ar","vi",17,0,0,1,"preparar","prepviar"
1000,"first_blank","first_blank-preparar","preparar",2,1,"first_blank-proposar","proposar",1,0,0,1,"preparar-se","proposarse"
493,"pr","pr-es","es",1,314,"ad-es","ad",325,11,0,1,"pres","ades"
42,"id","id-en","en",1,67,"lm-en","lm",67,0,0,1,"president","preslment"
643,"es","es-ó","ó",1,2,"rd-ó","rd",2,0,0,1,"presó","prrdó"
235,"pr","pr-es","es",1,314,"ad-es","ad",325,11,0,1,"pressió","adessió"
522,"on","on-ar","ar",1,95,"st-ar","st",89,6,0,1,"pressionar","pressistar"
311,"pr","pr-eu","eu",1,9,"in-eu","in",9,0,0,1,"preu","ineu"
848,"im","im-àr","àr",1,2,"im-oi","oi",2,0,0,1,"primària","primoiia"
326,"pr","pr-ín","ín",1,2,"pr-ém","ém",2,0,0,1,"príncep","prémcep"
799,"ob","ob-a","a",1,5,"rx-a","rx",5,0,0,1,"proba","prrxa"
229,"ob","ob-ab","ab",1,10,"in-ab","in",10,0,0,1,"probable","prinable"
168,"ob","ob-al","al",1,7,"gu-al","gu",7,0,0,1,"probalment","prgualment"
680,"le","le-ma","ma",1,12,"le-tr","tr",12,0,0,1,"problema","probletr"
421,"ed","ed-im","im",1,7,"rr-im","rr",7,0,0,1,"procediment","procrriment"
103,"uc","uc-ci","ci",1,25,"va-ci","va",26,1,0,1,"producció","prodvació"
914,"uc","uc-te","te",1,4,"by-te","by",4,0,0,1,"producte","prodbyte"
72,"ui","ui-r","r",1,27,"va-r","va",28,1,0,1,"produir","prodvar"
387,"of","of-es","es",1,21,"en-es","en",21,0,0,1,"professional","prenessional"
751,"of","of-es","es",1,21,"en-es","en",21,0,0,1,"professor","prenessor"
231,"og","og-ra","ra",1,43,"fo-ra","fo",42,1,0,1,"programa","prforama"
511,"ib","ib-ic","ic",1,2,"qu-ic","qu",2,0,0,1,"prohibició","prohquició"
921,"oh","oh-ib","ib",1,21,"rr-ib","rr",21,0,0,1,"prohibit","prrribit"
609,"first_blank","first_blank-prome","prome",2,1,"first_blank-coope","coope",1,0,0,1,"promesa","coopesa"
232,"op","op-ie","ie",1,9,"se-ie","se",9,0,0,1,"propietari","prseietari"
964,"or","or-ci","ci",1,24,"or-an","an",24,0,0,1,"proporcionar","proporanonar"
256,"ot","ot-oc","oc",1,3,"ot-ad","ad",3,0,0,1,"protocol","protadol"
683,"ot","ot-ot","ot",1,4,"ot-iu","iu",4,0,0,1,"prototip","protiuip"
126,"ov","ov-ei","ei",1,5,"kl-ei","kl",5,0,0,1,"proveir-se","prkleirse"
967,"ic","ic-ol","ol",1,10,"ny-ol","ny",10,0,0,1,"psicologia","psnyologia"
170,"ic","ic-ol","ol",1,10,"ny-ol","ny",10,0,0,1,"psicològic","psnyològic"
936,"qu","qu-al","al",1,26,"qu-it","it",27,1,0,1,"qualitat","quititat"
885,"ti","ti-ta","ta",1,18,"ti-rà","rà",18,0,0,1,"quantitat","quantiràt"
294,"ar","ar-t","t",1,18,"ba-t","ba",18,0,0,1,"quart","qubat"
903,"qu","qu-ar","ar",1,27,"ct-ar","ct",27,0,0,1,"quarter general","ctarter general"
306,"qu","qu-at","at",1,14,"nd-at","nd",14,0,0,1,"quatre","ndatre"
315,"qu","qu-e","e",1,53,"ur-e","ur",55,2,0,1,"que","ure"
690,"rà","rà-bi","bi",1,1,"nò-bi","nò",1,0,0,1,"ràbia","nòbia"
993,"di","di-ac","ac",1,4,"am-ac","am",4,0,0,1,"radiació","raamació"
731,"on","on-ab","ab",1,11,"tr-ab","tr",11,0,0,1,"raonable","ratrable"
446,"pi","pi-d","d",1,8,"ie-d","ie",8,0,0,1,"ràpid","ràied"
647,"pi","pi-da","da",1,14,"ro-da","ro",14,0,0,1,"ràpidament","ràrodament"
979,"ra","ra-pt","pt",1,8,"ra-ig","ig",8,0,0,1,"rapte","raige"
973,"rament","rament-last_blank","last_blank",2,1,"romput-last_blank","romput",1,0,0,1,"rarament","raromput"
491,"ra","ra-ta","ta",1,14,"lo-ta","lo",14,0,0,1,"rata","lota"
353,"re","re-ac","ac",1,36,"re-po","po",36,0,0,1,"reactor","repotor"
302,"re","re-al","al",1,46,"re-ti","ti",46,0,0,1,"real","reti"
200,"lista","lista-last_blank","last_blank",2,1,"signa-last_blank","signa",1,0,0,1,"realista","reasigna"
1,"re","re-al","al",1,46,"re-ti","ti",46,0,0,1,"realment","retiment"
666,"re","re-ba","ba",1,18,"re-gn","gn",18,0,0,1,"rebaixa","regnixa"
62,"re","re-br","br",1,16,"li-br","li",16,0,0,1,"rebre","libre"
148,"re","re-ce","ce",1,37,"re-nc","nc",37,0,0,1,"recentment","rencntment"
709,"first_blank","first_blank-recompen","recompen",2,1,"first_blank-encomana","encomana",1,0,0,3,"recompensa","encomanasa"
565,"du","du-ir","ir",1,15,"af-ir","af",15,0,0,1,"reduir","reafir"
346,"ed","ed-at","at",1,19,"oc-at","oc",19,0,0,1,"refredat","refrocat"
753,"gi","gi-last_blank","last_blank",1,48,"pa-last_blank","pa",48,0,0,1,"refugi","refupa"
255,"gn","gn-e","e",1,10,"rd-e","rd",10,0,0,1,"regne","rerde"
330,"re","re-i","i",1,4,"la-i","la",4,0,0,1,"rei","lai"
213,"re","re-li","li",1,10,"ul-li","ul",10,0,0,1,"religió","ulligió"
268,"nd","nd-im","im",1,9,"lt-im","lt",9,0,0,1,"rendiment","reltiment"
47,"re","re-nt","nt",1,60,"re-gi","gi",60,0,0,1,"rentat","regiat"
729,"re","re-pa","pa",1,52,"re-ci","ci",54,2,0,1,"reparació","reciració"
119,"re","re-pr","pr",1,81,"re-nd","nd",80,1,0,1,"representar","rendesentar"
371,"re","re-pu","pu",1,32,"re-ma","ma",32,0,0,1,"repugnant","remagnant"
475,"re","re-pu","pu",1,32,"re-ma","ma",32,0,0,1,"reputació","rematació"
825,"re","re-si","si",1,59,"po-si","po",59,0,0,1,"resistir","posistir"
504,"first_blank","first_blank-respos","respos",2,3,"first_blank-regira","regira",3,0,0,2,"resposta","regirata"
234,"au","au-ra","ra",1,17,"or-ra","or",17,0,0,1,"restaurant","restorrant"
807,"su","su-lt","lt",1,34,"su-cc","cc",34,0,0,1,"resultat","resuccat"
459,"re","re-to","to",1,48,"re-ct","ct",48,0,0,1,"retornar","rectrnar"
382,"nió","nió-last_blank","last_blank",2,1,"rar-last_blank","rar",1,0,0,1,"reunió","reurar"
689,"nir","nir-last_blank","last_blank",2,1,"són-last_blank","són",1,0,0,1,"reunir","reusón"
219,"vi","vi-st","st",1,23,"vi-de","de",23,0,0,1,"revista","revidea"
412,"first_blank","first_blank-ri","ri",1,203,"first_blank-fl","fl",198,5,0,1,"ric","flc"
417,"ri","ri-ur","ur",1,23,"ri-gi","gi",24,1,0,1,"riure","rigie"
741,"ba","ba-last_blank","last_blank",1,60,"so-last_blank","so",60,0,0,1,"roba","roso"
280,"ba","ba-r","r",1,22,"he-r","he",22,0,0,1,"robar","roher"
574,"ba","ba-to","to",1,6,"ba-nk","nk",6,0,0,1,"robatori","robankri"
305,"ro","ro-da","da",1,14,"pi-da","pi",14,0,0,1,"rodar","pidar"
727,"ma","ma-last_blank","last_blank",1,172,"el-last_blank","el",169,3,0,1,"roma","roel"
89,"ro","ro-mà","mà",1,9,"ro-li","li",9,0,0,1,"romàntic","rolintic"
376,"sa","sa-last_blank","last_blank",1,713,"ré-last_blank","ré",688,25,0,1,"sa","ré"
779,"ba","ba-ta","ta",1,10,"ba-ns","ns",10,0,0,1,"sabata","sabans"
190,"be","be-r","r",1,16,"mi-r","mi",16,0,0,1,"saber","samir"
970,"sa","sa-bo","bo",1,27,"re-bo","re",27,0,0,1,"sabotatge","rebotatge"
71,"first_blank","first_blank-sal","sal",2,1,"first_blank-lis","lis",1,0,0,1,"salsa","lissa"
482,"lt","lt-ar","ar",1,42,"am-ar","am",42,0,0,1,"saltar","saamar"
814,"lu","lu-t","t",1,5,"be-t","be",5,0,0,1,"salut","sabet"
135,"salva","salva-dor","dor",2,1,"salva-ría","ría",1,0,0,1,"salvador","salvaría"
185,"mu","mu-ra","ra",1,11,"mu-ti","ti",11,0,0,1,"samurai","samutii"
431,"sa","sa-tè","tè",1,5,"sa-it","it",5,0,0,1,"satèl·lit","saitl·lit"
728,"gu","gu-r","r",1,5,"ha-r","ha",5,0,0,1,"segur","sehar"
547,"gu","gu-re","re",1,18,"gu-ia","ia",18,0,0,1,"seguretat","seguiatat"
766,"se","se-le","le",1,18,"se-ur","ur",18,0,0,1,"seleccionar","seurccionar"
657,"se","se-ma","ma",1,5,"se-pe","pe",5,0,0,1,"semanalment","sepenalment"
183,"mp","mp-re","re",1,74,"nd-re","nd",74,0,0,1,"sempre","sendre"
333,"first_blank","first_blank-sena","sena",2,3,"first_blank-pasa","pasa",3,0,0,1,"senador","pasador"
209,"se","se-na","na",1,12,"se-go","go",12,0,0,1,"senat","segot"
143,"ns","ns-ac","ac",1,8,"tu-ac","tu",8,0,0,1,"sensació","setuació"
868,"ns","ns-e ","e ",1,1,"ns-tà","tà",1,0,0,1,"sense valor","senstàvalor"
879,"ns","ns-ib","ib",1,13,"ns-eg","eg",12,1,0,1,"sensible","sensegle"
577,"ny","ny-al","al",1,28,"in-al","in",28,0,0,1,"senyal","seinal"
156,"ny","ny-or","or",1,37,"sp-or","sp",37,0,0,1,"senyora","sespora"
865,"se","se-rm","rm",1,9,"se-tj","tj",9,0,0,1,"sermó","setjó"
939,"rp","rp-last_blank","last_blank",1,5,"lò-last_blank","lò",5,0,0,1,"serp","selò"
524,"rv","rv-en","en",1,19,"or-en","or",20,1,0,1,"servent","seorent"
920,"se","se-t","t",1,13,"or-t","or",15,2,0,1,"set","ort"
464,"se","se-tm","tm",1,14,"se-rs","rs",14,0,0,1,"setmana","sersana"
540,"se","se-ur","ur",1,18,"se-ve","ve",18,0,0,1,"seure","sevee"
193,"sí","sí-last_blank","last_blank",1,8,"ev-last_blank","ev",8,0,0,1,"sí","ev"
116,"gn","gn-e","e",1,10,"dg-e","dg",10,0,0,1,"signe","sidge"
655,"nc","nc-i","i",1,6,"ob-i","ob",6,0,0,1,"silenci","sileobi"
111,"sí","sí-mb","mb",1,3,"du-mb","du",3,0,0,1,"símbol","dumbol"
637,"mp","mp-le","le",1,70,"mp-ar","ar",69,1,0,1,"simple","simpar"
287,"nd","nd-ro","ro",1,5,"ba-ro","ba",5,0,0,1,"síndrome","síbarome"
612,"st","st-em","em",1,24,"st-ad","ad",24,0,0,1,"sistema","sistada"
744,"tu","tu-ac","ac",1,8,"tu-ci","ci",8,0,0,1,"situació","situciió"
629,"br","br-ar","ar",1,19,"br-et","et",19,0,0,1,"sobrar","sobret"
204,"br","br-e","e",1,23,"on-e","on",24,1,0,1,"sobre","soone"
460,"iu","iu-re","re",1,28,"sa-re","sa",28,0,0,1,"sobreviure","sobrevsare"
438,"at","at- a"," a",1,1,"at-hé","hé",1,0,0,1,"societat anònima","societathénònima"
768,"so","so-l","l",1,16,"il-l","il",16,0,0,1,"sol","ill"
952,"so","so-la","la",1,27,"gu-la","gu",27,0,0,1,"solar","gular"
8,"so","so-li","li",1,38,"na-li","na",38,0,0,1,"solitari","nalitari"
815,"so","so-l·","l·",1,1,"so-mo","mo",1,0,0,1,"sol·licitar","somolicitar"
486,"mn","mn-i","i",1,2,"og-i","og",2,0,0,1,"somni","soogi"
477,"so","so-rd","rd",1,12,"va-rd","va",12,0,0,1,"sord","vard"
696,"so","so-rr","rr",1,17,"so-ll","ll",18,1,0,1,"sorra","solla"
86,"it","it-ós","ós",1,4,"it-ul","ul",4,0,0,1,"sospitós","sospitul"
714,"so","so-u","u",1,1,"mm-u","mm",1,0,0,1,"sou","mmu"
847,"bm","bm-er","er",1,7,"pl-er","pl",7,0,0,1,"submergir","suplergir"
244,"tu","tu-ir","ir",1,13,"ng-ir","ng",13,0,0,1,"substituir","substingir"
172,"su","su-c","c",1,1,"ns-c","ns",1,0,0,1,"suc","nsc"
95,"su","su-fi","fi",1,11,"ci-fi","ci",11,0,0,1,"suficient","cificient"
912,"su","su-ge","ge",1,1,"su-mí","mí",1,0,0,1,"sugerir","sumírir"
839,"íc","íc-ie","ie",1,12,"br-ie","br",12,0,0,1,"superfície","superfbrie"
691,"first_blank","first_blank-supe","supe",2,13,"first_blank-mata","mata",13,0,0,2,"superior","matarior"
61,"si","si-ci","ci",1,29,"pe-ci","pe",29,0,0,1,"suposició","supopeció"
649,"ta","ta-le","le",1,8,"ta-ma","ma",8,0,0,1,"talent","tamant"
290,"ta","ta-ll","ll",1,82,"ta-rà","rà",82,0,0,1,"tallar","taràar"
196,"nc","nc-a","a",1,24,"bi-a","bi",23,1,0,1,"tanca","tabia"
154,"nc","nc-at","at",1,9,"nc-il","il",9,0,0,1,"tancat","tancil"
407,"rd","rd-a","a",1,29,"lt-a","lt",29,0,0,1,"tarda","talta"
517,"rd","rd-or","or",1,2,"bi-or","bi",2,0,0,1,"tardor","tabior"
125,"ro","ro-nj","nj",1,2,"ro-bu","bu",2,0,0,1,"taronja","tarobua"
615,"te","te-at","at",1,9,"fi-at","fi",9,0,0,1,"teatre","fiatre"
659,"first_blank","first_blank-tècni","tècni",2,1,"first_blank-tiroi","tiroi",1,0,0,1,"tècnica","tiroica"
801,"ix","ix-it","it",1,2,"ix-íc","íc",2,0,0,1,"teixit","teixíc"
36,"lè","lè-fo","fo",1,4,"lè-ct","ct",4,0,0,1,"telèfon","telèctn"
445,"le","le-vi","vi",1,13,"le-ja","ja",13,0,0,1,"televisió","telejasió"
551,"mp","mp-er","er",1,19,"ob-er","ob",19,0,0,1,"temperatura","teoberatura"
357,"mp","mp-es","es",1,11,"cl-es","cl",11,0,0,1,"tempestat","teclestat"
767,"te","te-nd","nd",1,61,"te-rn","rn",60,1,0,1,"tenda","terna"
404,"ni","ni-s","s",1,52,"en-s","en",52,0,0,1,"tenis","teens"
354,"te","te-or","or",1,15,"em-or","em",15,0,0,1,"teoria","emoria"
473,"st","st-im","im",1,29,"st-os","os",29,0,0,1,"testimoni","testosoni"
201,"first_blank","first_blank-ti","ti",1,278,"first_blank-le","le",274,4,0,1,"tira","lera"
861,"first_blank","first_blank-ti","ti",1,278,"first_blank-le","le",274,4,0,1,"tirar","lerar"
178,"tí","tí-to","to",1,2,"bi-to","bi",2,0,0,1,"títol","bitol"
750,"to","to-mà","mà",1,7,"to-lo","lo",7,0,0,1,"tomàquet","toloquet"
942,"first_blank","first_blank-torna","torna",2,11,"first_blank-passa","passa",11,0,0,2,"tornado","passado"
991,"ug","ug-a","a",1,5,"ch-a","ch",5,0,0,1,"tortuga","tortcha"
752,"ur","ur-ar","ar",1,33,"en-ar","en",33,0,0,1,"torturar","tortenar"
530,"ll","ll-ol","ol",1,6,"ll-st","st",6,0,0,1,"tovallola","tovallsta"
489,"ac","ac-ta","ta",1,37,"os-ta","os",37,0,0,1,"tractament","trostament"
175,"ad","ad-ic","ic",1,17,"íf-ic","íf",17,0,0,1,"tradicional","tríficional"
258,"tr","tr-àg","àg",1,3,"tr-uo","uo",3,0,0,1,"tràgic","truoic"
401,"aï","aï-do","do",1,5,"eu-do","eu",5,0,0,1,"traïdor","treudor"
469,"first_blank","first_blank-tranquilitzar","tranquilitzar",2,1,"first_blank-desmagnetitza","desmagnetitza",1,0,0,8,"tranquilitzar-se","desmagnetitzase"
176,"an","an-sf","sf",1,43,"an-ye","ye",43,0,0,1,"transferir","tranyeerir"
628,"sm","sm-is","is",1,10,"gr-is","gr",10,0,0,1,"transmissor","trangrissor"
677,"al","al-l","l",1,40,"ta-l","ta",39,1,0,1,"treball","trebtal"
105,"treballa","treballa-dor","dor",2,1,"envolupa-dor","envolupa",1,0,0,5,"treballador","envolupador"
274,"tr","tr-en","en",1,93,"em-en","em",92,1,0,1,"trencar","emencar"
195,"tr","tr-es","es",1,86,"nt-es","nt",88,2,0,1,"tres","ntes"
878,"tr","tr-eu","eu",1,32,"tr-ip","ip",33,1,0,1,"treure","tripre"
653,"ia","ia-ng","ng",1,7,"be-ng","be",7,0,0,1,"triangle","trbengle"
117,"mf","mf-last_blank","last_blank",1,2,"nl-last_blank","nl",2,0,0,1,"triomf","trionl"
997,"mf","mf-ar","ar",1,6,"un-ar","un",6,0,0,1,"triomfar","triounar"
734,"ip","ip-le","le",1,5,"bb-le","bb",5,0,0,1,"triple","trbble"
151,"tr","tr-o","o",1,10,"ol-o","ol",10,0,0,1,"tro","olo"
442,"ob","ob-ar","ar",1,22,"rl-ar","rl",21,1,0,1,"trobar","trrlar"
265,"first_blank","first_blank-trobar","trobar",2,1,"first_blank-trompa","trompa",1,0,0,1,"trobar-se","trompase"
75,"on","on-last_blank","last_blank",1,325,"la-last_blank","la",324,1,0,1,"tron","trla"
514,"first_blank","first_blank-tú","tú",1,7,"first_blank-dà","dà",7,0,0,1,"túnel","dànel"
217,"first_blank","first_blank-ub","ub",1,12,"first_blank-sv","sv",12,0,0,1,"ubicació","svicació"
844,"first_blank","first_blank-un","un",1,244,"first_blank-cl","cl",244,0,0,1,"un","cl"
461,"first_blank","first_blank-ún","ún",1,16,"first_blank-tà","tà",16,0,0,1,"únic","tàic"
697,"un","un-if","if",1,13,"rt-if","rt",13,0,0,1,"uniforme","rtiforme"
356,"iv","iv-er","er",1,33,"et-er","et",33,0,0,1,"universitat","unetersitat"
16,"za","za-r","r",1,55,"le-r","le",56,1,0,1,"utilitzar","utilitler"
535,"và","và-bi","bi",1,1,"an-bi","an",1,0,0,1,"vàbil","anbil"
15,"va","va-cu","cu",1,6,"va-nc","nc",6,0,0,1,"vacuna","vancna"
147,"gó","gó-last_blank","last_blank",1,4,"yu-last_blank","yu",4,0,0,1,"vagó","vayu"
285,"ix","ix-el","el",1,7,"br-el","br",7,0,0,1,"vaixell","vabrell"
186,"va","va-le","le",1,33,"va-nt","nt",30,3,0,1,"valent","vantnt"
82,"va","va-ll","ll",1,35,"en-ll","en",36,1,0,1,"vall","enll"
191,"lo","lo-ra","ra",1,25,"mb-ra","mb",26,1,0,1,"valoració","vambració"
2,"va","va-lo","lo",1,27,"va-ci","ci",26,1,0,1,"valorar","vacirar"
300,"lv","lv-ul","ul",1,3,"pi-ul","pi",3,0,0,1,"vàlvula","vàpiula"
968,"ni","ni-ll","ll",1,19,"mu-ll","mu",19,0,0,1,"vanilla","vamulla"
85,"lo","lo-ci","ci",1,5,"vi-ci","vi",5,0,0,1,"velocitat","vevicitat"
368,"ve","ve-nd","nd",1,27,"ca-nd","ca",27,0,0,1,"vendre","candre"
17,"ni","ni-r","r",1,25,"me-r","me",25,0,0,1,"venir","vemer"
933,"il","il-ac","ac",1,6,"sp-ac","sp",6,0,0,1,"ventilació","ventspació"
166,"first_blank","first_blank-ve","ve",1,532,"first_blank-mi","mi",532,0,0,1,"venus","minus"
667,"ve","ve-rí","rí",1,1,"rd-rí","rd",1,0,0,1,"verí","rdrí"
857,"first_blank","first_blank-ve","ve",1,532,"first_blank-mi","mi",532,0,0,1,"verificar","mirificar"
620,"ir","ir-se","se",1,2,"ir-ai","ai",2,0,0,1,"vestir-se","vestirai"
155,"first_blank","first_blank-ve","ve",1,532,"first_blank-mi","mi",532,0,0,1,"veure","miure"
726,"de","de-o","o",1,2,"bi-o","bi",2,0,0,1,"vídeo","víbio"
249,"vi","vi-si","si",1,55,"ís-si","ís",55,0,0,1,"visió","íssió"
789,"ta","ta-mi","mi",1,16,"ta-tg","tg",16,0,0,1,"vitamina","vitatgna"
316,"vo","vo-dk","dk",1,2,"vo-yv","yv",2,0,0,1,"vodka","voyva"
568,"vo","vo-l","l",1,9,"ar-l","ar",9,0,0,1,"vol","arl"
827,"first_blank","first_blank-vo","vo",1,286,"first_blank-pu","pu",286,0,0,1,"voluntàriament","puluntàriament"
783,"vo","vo-t","t",1,4,"rs-t","rs",4,0,0,1,"vot","rst"
874,"first_blank","first_blank-vo","vo",1,286,"first_blank-pu","pu",286,0,0,1,"votant","putant"
795,"wa","wa-rs","rs",1,2,"wa-ia","ia",2,0,0,1,"warson","waiaon"
471,"first_blank","first_blank-xa","xa",1,105,"first_blank-ir","ir",104,1,0,1,"xampany","irmpany"
900,"first_blank","first_blank-xe","xe",1,68,"first_blank-is","is",68,0,0,1,"xef","isf"
917,"ng","ng-a","a",1,22,"oc-a","oc",22,0,0,1,"xeringa","xerioca"
828,"ul","ul-et","et",1,8,"st-et","st",8,0,0,1,"xiulet","xistet"
648,"first_blank","first_blank-xo","xo",1,43,"first_blank-ae","ae",43,0,0,1,"xocolata","aecolata"
630,"first_blank","first_blank-zo","zo",1,23,"first_blank-oh","oh",23,0,0,1,"zona","ohna"
