"word_id","first","original_pair","second","syll","original_freq","replacement_pair","replacement_syll","replacement_freq","freq_diff","char_diff","letter_diff","original_word","replacement_word"
409,"first_blank","first_blank-aad","aad",2,16,"first_blank-bra","bra",16,0,0,1,"aadress","braress"
681,"ab","ab-i","i",1,2,"kk-i","kk",2,0,0,1,"abi","kki"
343,"elu","elu-last_blank","last_blank",2,23,"nan-last_blank","nan",23,0,0,1,"abielu","abinan"
271,"e","e-lus","lus",3,1,"e-sitt","sitt",1,0,1,1,"abielus","abiesitt"
132,"first_blank","first_blank-abis","abis",3,22,"first_blank-fran","fran",22,0,0,1,"abistama","frantama"
809,"surd","surd-ne","ne",3,1,"nemi-ne","nemi",1,0,0,1,"absurdne","abnemine"
793,"first_blank","first_blank-adre","adre",3,2,"first_blank-liug","liug",2,0,0,1,"adrenaliin","liugnaliin"
109,"tuur","tuur-last_blank","last_blank",2,23,"teed-last_blank","teed",23,0,0,1,"agentuur","agenteed"
151,"first_blank","first_blank-äi","äi",2,14,"first_blank-dal","dal",14,0,1,1,"äike","dalke"
461,"laad","laad-ne","ne",4,3,"ookea-ne","ookea",1,2,1,1,"ainulaadne","ainuookeane"
124,"täh","täh-last_blank","last_blank",2,2,"sep-last_blank","sep",2,0,0,1,"aitäh","aisep"
713,"aja","aja-ka","ka",3,3,"külm-ka","külm",3,0,1,1,"ajakava","külmkava"
219,"aja","aja-ki","ki",3,1,"lelt-ki","lelt",1,0,1,1,"ajakiri","leltkiri"
427,"ja","ja-nik","nik",4,8,"ja-poolt","poolt",2,6,2,1,"ajakirjanik","ajakirjapoolt"
487,"leht","leht-last_blank","last_blank",2,6,"beks-last_blank","beks",6,0,0,1,"ajaleht","ajabeks"
871,"ti","ti-vee","vee",5,30,"ti-ruumis","ruumis",1,29,3,1,"aktiveerima","aktiruumisrima"
898,"sent","sent-last_blank","last_blank",2,6,"ping-last_blank","ping",6,0,0,1,"aktsent","aktping"
844,"first_blank","first_blank-alas","alas",2,12,"first_blank-taus","taus",12,0,0,1,"alasti","tausti"
31,"fa","fa-last_blank","last_blank",2,6,"kuu-last_blank","kuu",6,0,1,1,"alfa","alkuu"
818,"ali","ali-bi","bi",2,1,"krõ-bi","krõ",1,0,0,1,"alibi","krõbi"
67,"lee","lee-last_blank","last_blank",2,11,"tur-last_blank","tur",11,0,0,1,"allee","altur"
941,"first_blank","first_blank-all","all",3,45,"first_blank-liht","liht",45,0,1,1,"allkiri","lihtkiri"
116,"kir","kir-jas","jas",5,30,"reaala-jas","reaala",1,29,3,1,"allkirjastama","allreaalajastama"
798,"first_blank","first_blank-al","al",1,369,"first_blank-re","re",375,6,0,1,"alt","ret"
405,"first_blank","first_blank-amee","amee",3,29,"first_blank-juuk","juuk",29,0,0,1,"ameerika","juukrika"
428,"first_blank","first_blank-amet","amet",2,25,"first_blank-alan","alan",25,0,0,1,"ametlik","alanlik"
22,"lüüs","lüüs-last_blank","last_blank",2,4,"veks-last_blank","veks",4,0,0,1,"analüüs","anaveks"
192,"and","and-ma","ma",2,4,"kai-ma","kai",4,0,0,1,"andma","kaima"
654,"ne","ne-tus","tus",3,23,"ne-valt","valt",6,17,1,1,"annetus","annevalt"
28,"an","an-t","t",1,7,"ol-t","ol",7,0,0,1,"ant","olt"
230,"ar","ar-en","en",1,2,"tõ-en","tõ",2,0,0,1,"areng","tõeng"
495,"tekt","tekt-last_blank","last_blank",3,1,"eile-last_blank","eile",1,0,0,1,"arhitekt","arhieile"
144,"är","är-i","i",1,1,"yx-i","yx",1,0,0,1,"äri","yxi"
567,"ar","ar-m","m",1,2,"ol-m","ol",2,0,0,1,"arm","olm"
184,"ar","ar-mas","mas",2,75,"ar-tik","tik",10,65,0,1,"armas","artik"
774,"mas","mas-ta","ta",4,62,"kärva-ta","kärva",1,61,2,1,"armastaja","arkärvataja"
355,"mas","mas-tus","tus",3,13,"riie-tus","riie",6,7,1,1,"armastus","arriietus"
760,"mee","mee-last_blank","last_blank",2,9,"rio-last_blank","rio",9,0,0,1,"armee","arrio"
989,"moor","moor-last_blank","last_blank",2,5,"siir-last_blank","siir",5,0,0,1,"armoor","arsiir"
572,"mor","mor-last_blank","last_blank",2,3,"art-last_blank","art",3,0,0,1,"armor","arart"
334,"ar","ar-st","st",1,1,"ar-ck","ck",1,0,0,1,"arst","arck"
755,"ar","ar-te","te",3,14,"lesi-te","lesi",12,2,2,1,"arteri","lesiteri"
594,"first_blank","first_blank-aru","aru",2,89,"first_blank-pan","pan",89,0,0,1,"arukas","pankas"
512,"aru","aru-te","te",3,1,"bioo-te","bioo",1,0,1,1,"arutelu","biootelu"
63,"va","va-ma","ma",3,34,"tund-ma","tund",19,15,2,1,"arvama","artundma"
68,"vu","vu-ta","ta",4,45,"eelis-ta","eelis",13,32,3,1,"arvutama","areelistama"
578,"vu","vu-ti","ti",3,30,"iden-ti","iden",19,11,2,1,"arvuti","aridenti"
739,"en","en-d","d",1,10,"ia-d","ia",10,0,0,1,"asend","asiad"
244,"first_blank","first_blank-asen","asen",3,40,"first_blank-juht","juht",40,0,0,1,"asendama","juhtdama"
379,"tent","tent-last_blank","last_blank",3,3,"noos-last_blank","noos",3,0,0,1,"assistent","assisnoos"
217,"first_blank","first_blank-asu","asu",2,72,"first_blank-pee","pee",72,0,0,1,"asukoht","peekoht"
717,"first_blank","first_blank-asu","asu",2,72,"first_blank-pee","pee",72,0,0,1,"asutus","peetus"
855,"lan","lan-di","di",3,22,"koor-di","koor",16,6,1,1,"atlandi","atkoordi"
693,"fäär","fäär-last_blank","last_blank",3,1,"lets-last_blank","lets",1,0,0,1,"atmosfäär","atmoslets"
709,"hind","hind-last_blank","last_blank",2,5,"vitš-last_blank","vitš",5,0,0,1,"auhind","auvitš"
70,"au","au-k","k",1,1,"me-k","me",1,0,0,1,"auk","mek"
831,"kar","kar-tus","tus",3,1,"unus-tus","unus",1,0,1,1,"aukartus","auunustus"
80,"first_blank","first_blank-au","au",1,306,"first_blank-to","to",306,0,0,1,"aus","tos"
705,"first_blank","first_blank-aus","aus",3,51,"first_blank-pöör","pöör",51,0,1,1,"austama","pöörtama"
159,"au","au-sus","sus",2,2,"au-kar","kar",2,0,0,1,"ausus","aukar"
349,"to","to-last_blank","last_blank",2,131,"lus-last_blank","lus",131,0,1,1,"auto","aulus"
822,"first_blank","first_blank-aval","aval",2,45,"first_blank-mees","mees",45,0,0,2,"avaldus","meesdus"
511,"ba","ba-ar","ar",1,2,"ba-ko","ko",2,0,0,1,"baar","bako"
201,"first_blank","first_blank-bän","bän",2,9,"first_blank-rop","rop",9,0,0,1,"bändi","ropdi"
854,"first_blank","first_blank-bat","bat",2,7,"first_blank-kip","kip",7,0,0,1,"batman","kipman"
626,"first_blank","first_blank-bio","bio",3,23,"first_blank-stan","stan",23,0,1,1,"bioloogia","stanloogia"
627,"ne","ne-last_blank","last_blank",5,2677,"ne-muistsel","muistsel",1,2676,2,3,"bioloogiline","bioloogilinemuistsel"
537,"first_blank","first_blank-bos","bos",2,23,"first_blank-ohu","ohu",23,0,0,1,"boston","ohuton"
899,"br","br-o","o",1,1,"gg-o","gg",1,0,0,1,"bro","ggo"
35,"let","let-last_blank","last_blank",2,23,"hal-last_blank","hal",23,0,0,1,"bullet","bulhal"
347,"bu","bu-ss","ss",1,1,"la-ss","la",1,0,0,1,"buss","lass"
131,"first_blank","first_blank-by","by",1,7,"first_blank-xa","xa",7,0,0,1,"bye","xae"
156,"am","am-last_blank","last_blank",1,24,"th-last_blank","th",24,0,0,1,"daam","dath"
513,"tia","tia-last_blank","last_blank",4,16,"poolt-last_blank","poolt",16,0,2,1,"demokraatia","demokraapoolt"
829,"monst","monst-rat","rat",4,3,"bacca-rat","bacca",1,2,0,1,"demonstratsioon","debaccaratsioon"
283,"res","res-sioon","sioon",3,2,"res-surss","surss",1,1,0,1,"depressioon","depressurss"
3,"tiiv","tiiv-last_blank","last_blank",3,15,"märk-last_blank","märk",15,0,0,1,"detektiiv","detekmärk"
189,"first_blank","first_blank-det","det",3,12,"first_blank-hääl","hääl",12,0,1,1,"detsember","häälsember"
894,"di","di-ng","ng",1,1,"di-gb","gb",1,0,0,1,"ding","digb"
363,"tor","tor-last_blank","last_blank",3,108,"liga-last_blank","liga",105,3,1,1,"direktor","direkliga"
646,"jon","jon-last_blank","last_blank",3,15,"heks-last_blank","heks",15,0,1,1,"divisjon","divisheks"
474,"ku","ku-ment","ment",3,1,"ku-gawa","gawa",1,0,0,1,"dokument","dokugawa"
429,"first_blank","first_blank-dol","dol",3,23,"first_blank-sead","sead",23,0,1,1,"dollari","seadlari"
944,"namiit","namiit-last_blank","last_blank",2,1,"nacutt-last_blank","nacutt",1,0,0,1,"dünamiit","dünacutt"
309,"eba","eba-meel","meel",3,14,"eba-kind","kind",7,7,0,1,"ebameeldiv","ebakinddiv"
145,"õig","õig-la","la",4,10,"roots-la","roots",4,6,2,1,"ebaõiglane","ebarootslane"
954,"first_blank","first_blank-eba","eba",3,199,"first_blank-võit","võit",105,94,1,1,"ebaõnne","võitõnne"
61,"eel","eel-dus","dus",2,2,"eel-aja","aja",2,0,0,1,"eeldus","eelaja"
878,"first_blank","first_blank-eemal","eemal",3,46,"first_blank-kaits","kaits",44,2,0,2,"eemaldama","kaitsdama"
310,"first_blank","first_blank-efek","efek",3,14,"first_blank-võlg","võlg",14,0,0,1,"efektiivne","võlgtiivne"
64,"first_blank","first_blank-ehi","ehi",3,69,"first_blank-järg","järg",66,3,1,1,"ehitama","järgtama"
676,"ei","ei-le","le",2,3,"rat-le","rat",3,0,1,1,"eile","ratle"
782,"ek","ek-si","si",3,43,"klas-si","klas",41,2,2,1,"eksima","klassima"
986,"gant","gant-ne","ne",3,2,"kesk-ne","kesk",2,0,0,1,"elegantne","elekeskne"
76,"first_blank","first_blank-elekt","elekt",4,74,"first_blank-kaits","kaits",44,30,0,1,"elektrienergia","kaitsrienergia"
161,"first_blank","first_blank-elekt","elekt",4,74,"first_blank-kaits","kaits",44,30,0,1,"elektriline","kaitsriline"
670,"ment","ment-last_blank","last_blank",2,23,"teed-last_blank","teed",23,0,0,1,"element","eleteed"
460,"äma","äma-last_blank","last_blank",4,1,"rique-last_blank","rique",1,0,2,1,"ellu jääma","ellu järique"
77,"first_blank","first_blank-em","em",1,70,"first_blank-du","du",69,1,0,1,"ema","dua"
434,"first_blank","first_blank-emot","emot",4,20,"first_blank-klien","klien",19,1,1,1,"emotsionaalne","kliensionaalne"
541,"first_blank","first_blank-ener","ener",2,20,"first_blank-veet","veet",20,0,0,1,"energia","veetgia"
665,"mia","mia-last_blank","last_blank",3,23,"vest-last_blank","vest",23,0,1,1,"epideemia","epideevest"
606,"first_blank","first_blank-epi","epi",2,12,"first_blank-dun","dun",12,0,0,1,"episood","dunsood"
639,"elu","elu-last_blank","last_blank",2,23,"mia-last_blank","mia",23,0,0,1,"eraelu","eramia"
852,"first_blank","first_blank-erekt","erekt",2,2,"first_blank-erick","erick",2,0,0,1,"erektsioon","ericksioon"
269,"first_blank","first_blank-eri","eri",2,121,"first_blank-osa","osa",121,0,0,1,"erinev","osanev"
233,"first_blank","first_blank-eru","eru",3,25,"first_blank-amet","amet",25,0,1,1,"erutatud","amettatud"
964,"esi","esi-ta","ta",3,24,"kvar-ta","kvar",7,17,1,1,"esitama","kvartama"
848,"ma","ma-ne","ne",3,11,"tree-ne","tree",10,1,2,1,"esmane","estreene"
315,"et","et-last_blank","last_blank",1,31,"od-last_blank","od",31,0,0,1,"et","od"
708,"te","te-kand","kand",4,10,"te-gelek","gelek",4,6,1,1,"ettekandja","ettegelekja"
977,"võt","võt-ja","ja",4,9,"ärias-ja","ärias",3,6,2,1,"ettevõtja","etteäriasja"
162,"fa","fa-ks","ks",1,1,"iu-ks","iu",1,0,0,1,"faks","iuks"
479,"sia","sia-last_blank","last_blank",3,31,"land-last_blank","land",31,0,1,1,"fantaasia","fantaaland"
415,"ne","ne-last_blank","last_blank",5,2677,"ne-muistsel","muistsel",1,2676,2,3,"fantastiline","fantastilinemuistsel"
37,"first_blank","first_blank-fes","fes",3,5,"first_blank-elav","elav",5,0,1,1,"festival","elavtival"
707,"lm","lm-last_blank","last_blank",1,14,"bs-last_blank","bs",14,0,0,1,"film","fibs"
624,"sioon","sioon-last_blank","last_blank",4,127,"tused-last_blank","tused",66,61,0,1,"föderatsioon","föderattused"
590,"to","to-last_blank","last_blank",2,131,"lus-last_blank","lus",131,0,1,1,"foto","folus"
21,"tograaf","tograaf-last_blank","last_blank",2,1,"ligramm-last_blank","ligramm",1,0,0,2,"fotograaf","foligramm"
981,"fr","fr-aa","aa",1,2,"fr-om","om",2,0,0,1,"fraas","froms"
980,"first_blank","first_blank-funkt","funkt",4,10,"first_blank-itaal","itaal",10,0,0,1,"funktsionaalne","itaalsionaalne"
266,"first_blank","first_blank-füü","füü",4,31,"first_blank-eelis","eelis",29,2,2,1,"füüsiline","eelissiline"
399,"lak","lak-ti","ti",4,11,"idioo-ti","idioo",7,4,2,1,"galaktika","gaidiootika"
748,"ga","ga-raaž","raaž",2,1,"ga-rett","rett",1,0,0,1,"garaaž","garett"
494,"ge","ge-i","i",1,1,"rx-i","rx",1,0,0,1,"gei","rxi"
813,"ril","ril-la","la",3,5,"saks-la","saks",5,0,1,1,"gorilla","gosaksla"
757,"first_blank","first_blank-gr","gr",1,63,"first_blank-õp","õp",63,0,0,1,"gramm","õpamm"
601,"gr","gr-up","up",1,1,"ku-up","ku",1,0,0,1,"grupp","kuupp"
783,"first_blank","first_blank-hää","hää",4,70,"first_blank-elekt","elekt",74,4,2,1,"hääletama","elektletama"
281,"first_blank","first_blank-haa","haa",2,89,"first_blank-jär","jär",89,0,0,1,"haamer","järmer"
544,"be","be-last_blank","last_blank",2,67,"nal-last_blank","nal",67,0,1,1,"habe","hanal"
661,"kord","kord-last_blank","last_blank",4,24,"tusin-last_blank","tusin",23,1,1,1,"hädaolukord","hädaolutusin"
810,"first_blank","first_blank-hai","hai",2,91,"first_blank-sea","sea",91,0,0,1,"haige","seage"
112,"first_blank","first_blank-hai","hai",2,91,"first_blank-iga","iga",91,0,0,1,"haigus","igagus"
821,"first_blank","first_blank-häi","häi",2,38,"first_blank-pen","pen",38,0,0,1,"häire","penre"
738,"first_blank","first_blank-häi","häi",3,38,"first_blank-saat","saat",38,0,1,1,"häirima","saatrima"
115,"las","las-tav","tav",3,1,"hoia-tav","hoia",1,0,1,1,"halastav","hahoiatav"
581,"lb","lb-last_blank","last_blank",1,2,"eh-last_blank","eh",2,0,0,1,"halb","haeh"
953,"hal","hal-dus","dus",2,1,"hal-olu","olu",1,0,0,1,"haldus-","halolu"
909,"väär","väär-ne","ne",5,19,"petent-ne","petent",2,17,2,1,"haletsusväärne","haletsuspetentne"
142,"sioon","sioon-last_blank","last_blank",5,127,"tuseks-last_blank","tuseks",34,93,1,1,"hallutsinatsioon","hallutsinattuseks"
614,"ger","ger-last_blank","last_blank",3,61,"kuid-last_blank","kuid",61,0,1,1,"hamburger","hamburkuid"
619,"first_blank","first_blank-häm","häm",3,21,"first_blank-port","port",21,0,1,1,"hämmastav","portmastav"
656,"first_blank","first_blank-ham","ham",3,103,"first_blank-võit","võit",105,2,1,1,"hammaste","võitmaste"
5,"first_blank","first_blank-hap","hap",2,16,"first_blank-klu","klu",16,0,0,1,"hapnik","klunik"
128,"ri","ri-dus","dus",3,2,"ri-kraa","kraa",2,0,1,1,"haridus","harikraa"
598,"ju","ju-tus","tus",3,39,"ju-võim","võim",5,34,1,1,"harjutus","harjuvõim"
817,"nia","nia-last_blank","last_blank",3,51,"vust-last_blank","vust",51,0,1,1,"harmoonia","harmoovust"
973,"har","har-va","va",2,4,"kõl-va","kõl",4,0,0,1,"harva","kõlva"
73,"ne","ne-last_blank","last_blank",5,2677,"ne-muistsel","muistsel",1,2676,2,3,"hävitamine","hävitaminemuistsel"
684,"kiit","kiit-last_blank","last_blank",2,1,"hicu-last_blank","hicu",1,0,0,1,"heakskiit","heakshicu"
988,"hel","hel-de","de",2,4,"sõi-de","sõi",4,0,0,1,"helde","sõide"
773,"first_blank","first_blank-hel","hel",2,64,"first_blank-ema","ema",64,0,0,1,"helge","emage"
376,"first_blank","first_blank-he","he",2,222,"first_blank-töö","töö",223,1,1,1,"heli","tööli"
12,"li","li-kop","kop",4,1,"li-tusid","tusid",1,0,2,1,"helikopter","helitusidter"
351,"roiin","roiin-last_blank","last_blank",2,1,"rixis-last_blank","rixis",1,0,0,1,"heroiin","herixis"
148,"first_blank","first_blank-hil","hil",3,35,"first_blank-unus","unus",35,0,1,1,"hiljuti","unusjuti"
311,"hi","hi-nd","nd",1,2,"ou-nd","ou",2,0,0,1,"hind","ound"
2,"hin","hin-da","da",3,29,"pool-da","pool",6,23,1,1,"hindama","pooldama"
191,"hin","hin-da","da",4,29,"teeru-da","teeru",3,26,2,1,"hindamine","teerudamine"
140,"hi","hi-rm","rm",1,1,"hi-na","na",1,0,0,1,"hirm","hina"
867,"first_blank","first_blank-hir","hir",4,62,"first_blank-elekt","elekt",74,12,2,1,"hirmutama","elektmutama"
4,"hi","hi-v","v",1,1,"aa-v","aa",1,0,0,1,"hiv","aav"
776,"ne","ne-last_blank","last_blank",4,2677,"ne-muistsel","muistsel",1,2676,2,4,"hõbedane","hõbedanemuistsel"
711,"bu","bu-ne","ne",3,3,"keel-ne","keel",3,0,2,1,"hobune","hokeelne"
949,"maar","maar-last_blank","last_blank",2,3,"nier-last_blank","nier",3,0,0,1,"homaar","honier"
298,"first_blank","first_blank-hom","hom",2,59,"first_blank-pla","pla",59,0,0,1,"hommik","plamik"
588,"ku","ku-söök","söök",4,1,"ku-lusid","lusid",1,0,1,1,"hommikusöök","hommikulusid"
947,"first_blank","first_blank-hool","hool",2,27,"first_blank-siht","siht",27,0,0,2,"hooldus","sihtdus"
527,"hoo","hoo-ne","ne",2,17,"mag-ne","mag",17,0,0,1,"hoone","magne"
208,"ll","ll-last_blank","last_blank",1,77,"as-last_blank","as",77,0,0,1,"hull","huas"
372,"first_blank","first_blank-hu","hu",1,146,"first_blank-be","be",146,0,0,1,"hunt","bent"
482,"pa","pa-ta","ta",3,13,"imes-ta","imes",13,0,2,1,"hüpata","hüimesta"
520,"vi","vi-tav","tav",3,5,"vi-kuid","kuid",6,1,1,1,"huvitav","huvikuid"
321,"as","as-last_blank","last_blank",1,77,"ly-last_blank","ly",77,0,0,1,"idas","idly"
416,"id","id-io","io",1,1,"de-io","de",1,0,0,1,"idioot","deioot"
657,"ne","ne-last_blank","last_blank",5,2677,"ne-muistsel","muistsel",1,2676,2,3,"iganädalane","iganädalanemuistsel"
98,"iga","iga-ves","ves",3,2,"iga-külg","külg",2,0,1,1,"igavesti","igakülgti"
893,"first_blank","first_blank-ihal","ihal",3,12,"first_blank-keld","keld",12,0,0,1,"ihaldama","kelddama"
935,"vel","vel-dus","dus",3,1,"taan-dus","taan",1,0,1,1,"iiveldus","iitaandus"
9,"first_blank","first_blank-ik","ik",2,8,"first_blank-tuc","tuc",8,0,1,1,"ikka","tucka"
48,"first_blank","first_blank-ilm","ilm",2,23,"first_blank-pad","pad",23,0,0,1,"ilmselt","padselt"
740,"il","il-u","u",1,1,"gg-u","gg",1,0,0,1,"ilu","ggu"
227,"us","us-last_blank","last_blank",1,55,"tt-last_blank","tt",55,0,0,1,"ilus","iltt"
945,"pee","pee-rium","rium",3,1,"pee-nelt","nelt",1,0,0,1,"impeerium","impeenelt"
278,"mant","mant-last_blank","last_blank",3,1,"sier-last_blank","sier",1,0,0,1,"informant","inforsier"
165,"first_blank","first_blank-ini","ini",3,35,"first_blank-tões","tões",35,0,1,1,"inimene","tõesmene"
224,"first_blank","first_blank-ini","ini",3,35,"first_blank-võrd","võrd",35,0,1,1,"inimesed","võrdmesed"
719,"sioon","sioon-last_blank","last_blank",4,127,"tused-last_blank","tused",66,61,0,1,"inspiratsioon","inspirattused"
995,"tiim","tiim-ne","ne",3,1,"hääl-ne","hääl",1,0,0,1,"intiimne","inhäälne"
925,"in","in-tuit","tuit",3,2,"in-ness","ness",2,0,0,1,"intuitsioon","innesssioon"
108,"ves","ves-tee","tee",5,26,"priori-tee","priori",6,20,3,1,"investeerima","inprioriteerima"
24,"ves","ves-tor","tor",3,1,"puur-tor","puur",1,0,1,1,"investor","inpuurtor"
672,"first_blank","first_blank-iroo","iroo",4,6,"first_blank-kauts","kauts",6,0,1,1,"irooniline","kautsniline"
308,"first_blank","first_blank-is","is",1,144,"first_blank-co","co",144,0,0,1,"isa","coa"
284,"ise","ise-kas","kas",2,1,"ise-vär","vär",1,0,0,1,"isekas","isevär"
418,"first_blank","first_blank-ise","ise",2,78,"first_blank-tut","tut",78,0,0,1,"iseloom","tutloom"
540,"tu","tu-ma","ma",3,73,"tu-sest","sest",80,7,2,1,"istuma","istusest"
744,"first_blank","first_blank-jaa","jaa",2,43,"first_blank-rän","rän",43,0,0,1,"jaama","ränma"
629,"jää","jää-ma","ma",2,4,"usk-ma","usk",4,0,0,1,"jääma","uskma"
193,"ja","ja-h","h",1,2,"at-h","at",2,0,0,1,"jah","ath"
313,"ja","ja-he","he",2,12,"ja-kas","kas",12,0,1,1,"jahe","jakas"
923,"ja","ja-hu","hu",4,19,"ja-poolt","poolt",2,17,3,1,"jahutama","japoolttama"
497,"pall","pall-last_blank","last_blank",2,8,"ramm-last_blank","ramm",8,0,0,1,"jalgpall","jalgramm"
113,"jä","jä-li","li",4,51,"mõist-li","mõist",6,45,3,1,"jälitama","mõistlitama"
1000,"ja","ja-lu","lu",4,39,"ja-gaksi","gaksi",2,37,3,1,"jalutama","jagaksitama"
621,"jä","jä-nes","nes",2,6,"jä-tak","tak",4,2,0,1,"jänes","jätak"
920,"ja","ja-nu","nu",2,11,"ja-des","des",11,0,1,1,"janu","jades"
472,"jä","jä-rv","rv",1,1,"jä-ii","ii",1,0,0,1,"järv","jäii"
775,"first_blank","first_blank-jät","jät",3,66,"first_blank-uuri","uuri",66,0,1,1,"jätkuma","uurikuma"
420,"jo","jo-pe","pe",2,1,"dra-pe","dra",1,0,1,1,"jope","drape"
906,"be","be-last_blank","last_blank",2,67,"nal-last_blank","nal",67,0,1,1,"jube","junal"
413,"ha","ha-tus","tus",3,5,"ha-selt","selt",5,0,1,1,"juhatus","juhaselt"
669,"ju","ju-ht","ht",1,2,"ju-gi","gi",2,0,0,1,"juht","jugi"
206,"first_blank","first_blank-juh","juh",3,111,"first_blank-võit","võit",105,6,1,1,"juhtima","võittima"
883,"first_blank","first_blank-juh","juh",3,111,"first_blank-võit","võit",105,6,1,1,"juhtuma","võittuma"
794,"liet","liet-last_blank","last_blank",2,4,"sate-last_blank","sate",4,0,0,1,"juliet","jusate"
668,"lm","lm-last_blank","last_blank",1,14,"jo-last_blank","jo",14,0,0,1,"julm","jujo"
99,"first_blank","first_blank-jul","jul",2,82,"first_blank-rah","rah",82,0,0,1,"julmus","rahmus"
121,"ma","ma-lik","lik",3,18,"ma-tust","tust",19,1,1,1,"jumalik","jumatust"
823,"nior","nior-last_blank","last_blank",2,4,"torn-last_blank","torn",4,0,0,1,"junior","jutorn"
865,"first_blank","first_blank-jut","jut",2,18,"first_blank-ori","ori",18,0,0,1,"jutlus","orilus"
503,"first_blank","first_blank-juu","juu",2,60,"first_blank-päi","päi",60,0,0,1,"juuli","päili"
481,"first_blank","first_blank-juus","juus",2,21,"first_blank-sääs","sääs",21,0,0,1,"juustu","säästu"
790,"ka","ka-ar","ar",1,3,"ka-ua","ua",3,0,0,1,"kaart","kauat"
820,"ema","ema-last_blank","last_blank",5,7,"sikuks-last_blank","sikuks",4,3,3,1,"kaasas olema","kaasas olsikuks"
658,"first_blank","first_blank-kaas","kaas",3,75,"first_blank-inim","inim",77,2,0,1,"kaastunne","inimtunne"
764,"ka","ka-bel","bel",2,1,"ka-tas","tas",1,0,0,1,"kabel","katas"
79,"du","du-ma","ma",3,43,"du-sest","sest",50,7,2,1,"kaduma","kadusest"
604,"kae","kae-la","la",2,21,"dol-la","dol",20,1,0,1,"kaela","dolla"
397,"kee","kee-last_blank","last_blank",3,5,"burg-last_blank","burg",5,0,1,1,"kaelakee","kaelaburg"
86,"kaht","kaht-lus","lus",4,36,"juurd-lus","juurd",4,32,1,1,"kahtlustama","juurdlustama"
747,"first_blank","first_blank-kah","kah",2,59,"first_blank-sõl","sõl",59,0,0,1,"kahvel","sõlvel"
440,"kaits","kaits-ma","ma",2,2,"poots-ma","poots",1,1,0,1,"kaitsma","pootsma"
455,"ka","ka-la","la",2,34,"ka-het","het",32,2,1,1,"kala","kahet"
141,"püük","püük-last_blank","last_blank",3,1,"roop-last_blank","roop",1,0,0,1,"kalapüük","kalaroop"
569,"lis","lis-ki","ki",4,10,"strei-ki","strei",3,7,2,1,"kalliskivi","kalstreikivi"
465,"kal","kal-lis","lis",4,31,"džung-lis","džung",2,29,2,1,"kallistama","džunglistama"
556,"kal","kal-mis","mis",3,4,"nõud-mis","nõud",4,0,1,1,"kalmistu","nõudmistu"
992,"lism","lism-last_blank","last_blank",4,5,"teele-last_blank","teele",5,0,1,1,"kapitalism","kapitateele"
928,"ka","ka-pp","pp",1,2,"mu-pp","mu",2,0,0,1,"kapp","mupp"
344,"first_blank","first_blank-kap","kap",2,42,"first_blank-ber","ber",42,0,0,1,"kapten","berten"
498,"di","di-nal","nal",3,3,"di-dest","dest",3,0,1,1,"kardinal","kardidest"
674,"tell","tell-last_blank","last_blank",2,4,"gial-last_blank","gial",4,0,0,1,"kartell","kargial"
126,"kä","kä-si","si",2,47,"tak-si","tak",47,0,1,1,"käsi","taksi"
329,"ka","ka-ss","ss",1,1,"ka-lg","lg",1,0,0,1,"kass","kalg"
71,"first_blank","first_blank-kas","kas",2,158,"first_blank-elu","elu",160,2,0,1,"kaste","elute"
16,"ka","ka-su","su",4,123,"teist-su","teist",12,111,3,1,"kasutama","teistsutama"
304,"first_blank","first_blank-kat","kat",2,179,"first_blank-hoo","hoo",181,2,0,1,"katse","hoose"
849,"boi","boi-last_blank","last_blank",2,1,"hue-last_blank","hue",1,0,0,1,"kauboi","kauhue"
180,"first_blank","first_blank-kau","kau",2,153,"first_blank-esi","esi",153,0,0,1,"kaugel","esigel"
57,"first_blank","first_blank-kaup","kaup",2,36,"first_blank-eral","eral",36,0,0,2,"kaupmees","eralmees"
770,"vat","vat-sus","sus",3,5,"meel-sus","meel",5,0,1,1,"kavatsus","kameelsus"
921,"kee","kee-la","la",3,1,"salk-la","salk",1,0,1,1,"keelama","salklama"
759,"first_blank","first_blank-kei","kei",2,8,"first_blank-pop","pop",8,0,0,1,"keiser","popser"
516,"first_blank","first_blank-kes","kes",4,51,"first_blank-print","print",22,29,2,1,"keskenduma","printkenduma"
737,"first_blank","first_blank-kesk","kesk",2,93,"first_blank-kont","kont",93,0,0,1,"keskpäev","kontpäev"
446,"first_blank","first_blank-kii","kii",2,164,"first_blank-har","har",164,0,0,1,"kiire","harre"
647,"res","res-ti","ti",3,9,"flir-ti","flir",10,1,1,1,"kiiresti","kiiflirti"
993,"kiir","kiir-gus","gus",2,2,"kiir-toi","toi",2,0,0,1,"kiirgus","kiirtoi"
85,"rus","rus-last_blank","last_blank",2,72,"ner-last_blank","ner",72,0,0,1,"kiirus","kiiner"
991,"konn","konn-last_blank","last_blank",2,2,"kusi-last_blank","kusi",2,0,0,1,"kilpkonn","kilpkusi"
728,"first_blank","first_blank-kind","kind",4,98,"first_blank-elekt","elekt",74,24,1,1,"kindlustama","elektlustama"
667,"gi","gi-tus","tus",3,12,"gi-vald","vald",14,2,1,1,"kingitus","kingivald"
386,"kin","kin-ni","ni",4,80,"hassa-ni","hassa",3,77,2,1,"kinnitama","hassanitama"
779,"kin","kin-sa","sa",2,1,"pük-sa","pük",1,0,0,1,"kinsa","püksa"
715,"first_blank","first_blank-kirg","kirg",3,5,"first_blank-baar","baar",5,0,0,1,"kirglikkus","baarlikkus"
457,"ki","ki-ri","ri",2,38,"soo-ri","soo",25,13,1,1,"kiri","soori"
239,"kir","kir-jan","jan",3,18,"kir-dest","dest",1,17,1,1,"kirjandus","kirdestdus"
532,"ja","ja-nik","nik",3,8,"ja-pres","pres",8,0,1,1,"kirjanik","kirjapres"
529,"jel","jel-dus","dus",3,1,"suun-dus","suun",1,0,1,1,"kirjeldus","kirsuundus"
328,"kir","kir-ju","ju",4,76,"igaks-ju","igaks",1,75,2,1,"kirjutama","igaksjutama"
198,"gia","gia-last_blank","last_blank",3,43,"telt-last_blank","telt",43,0,1,1,"kirurgia","kirurtelt"
228,"first_blank","first_blank-kisk","kisk",2,9,"first_blank-piib","piib",9,0,0,1,"kiskja","piibja"
451,"tarr","tarr-last_blank","last_blank",2,1,"lats-last_blank","lats",1,0,0,1,"kitarr","kilats"
597,"vi","vi-last_blank","last_blank",2,157,"mad-last_blank","mad",158,1,1,1,"kivi","kimad"
616,"first_blank","first_blank-klas","klas",5,34,"first_blank-priori","priori",8,26,2,1,"klassikaline","priorisikaline"
620,"ei","ei-t","t",1,2,"ry-t","ry",2,0,0,1,"kleit","klryt"
210,"kl","kl-ie","ie",1,1,"sk-ie","sk",1,0,0,1,"klient","skient"
340,"nik","nik-last_blank","last_blank",2,85,"kul-last_blank","kul",85,0,0,1,"kliinik","kliikul"
521,"first_blank","first_blank-kloos","kloos",2,1,"first_blank-vrons","vrons",1,0,0,1,"klooster","vronster"
422,"gu","gu-kond","kond",3,1,"gu-heit","heit",1,0,0,1,"kogukond","koguheit"
689,"ne","ne-ma","ma",4,67,"mõist-ma","mõist",5,62,3,1,"kogunema","kogumõistma"
963,"ha","ha-lik","lik",3,5,"ha-dest","dest",5,0,1,1,"kohalik","kohadest"
382,"koh","koh-tu","tu",4,129,"värva-tu","värva",1,128,2,1,"kohtumine","värvatumine"
414,"tu","tu-nik","nik",3,8,"tu-dest","dest",10,2,1,1,"kohtunik","kohtudest"
130,"sess","sess-last_blank","last_blank",4,4,"hardt-last_blank","hardt",4,0,1,1,"kohtuprotsess","kohtuprothardt"
994,"first_blank","first_blank-kõ","kõ",2,202,"first_blank-vii","vii",202,0,1,1,"kõhu-","viihu"
247,"hus","hus-tus","tus",3,13,"riie-tus","riie",6,7,1,1,"kohustus","koriietus"
370,"hu","hu-tav","tav",3,4,"hu-meel","meel",5,1,1,1,"kohutav","kohumeel"
476,"hv","hv-last_blank","last_blank",1,8,"ez-last_blank","ez",8,0,0,1,"kohv","koez"
32,"koh","koh-ver","ver",2,1,"koh-tak","tak",1,0,0,1,"kohver","kohtak"
650,"first_blank","first_blank-kö","kö",1,29,"first_blank-om","om",29,0,0,1,"köie","omie"
834,"first_blank","first_blank-koi","koi",2,20,"first_blank-lõp","lõp",20,0,0,1,"koitu","lõptu"
900,"kk","kk-last_blank","last_blank",1,37,"je-last_blank","je",37,0,0,1,"kokk","koje"
478,"first_blank","first_blank-kok","kok",4,113,"first_blank-eemal","eemal",46,67,2,1,"kokkulepe","eemalkulepe"
84,"ko","ko-le","le",2,38,"ko-ris","ris",40,2,1,1,"kole","koris"
449,"kol","kol-ju","ju",2,1,"ala-ju","ala",1,0,0,1,"kolju","alaju"
324,"kol","kol-la","la",3,18,"vang-la","vang",17,1,1,1,"kollane","vanglane"
762,"kol","kol-laps","laps",2,1,"tar-laps","tar",1,0,0,1,"kollaps","tarlaps"
195,"lm","lm-last_blank","last_blank",1,14,"ur-last_blank","ur",14,0,0,1,"kolm","kour"
734,"me","me-kord","kord",4,7,"me-baasi","baasi",4,3,1,1,"kolmekordne","kolmebaasine"
653,"nurk","nurk-last_blank","last_blank",2,2,"lisk-last_blank","lisk",2,0,0,1,"kolmnurk","kolmlisk"
332,"nel","nel-last_blank","last_blank",3,23,"tuur-last_blank","tuur",23,0,1,1,"kolonel","kolotuur"
384,"jon","jon-last_blank","last_blank",3,15,"tiiv-last_blank","tiiv",15,0,1,1,"komisjon","komistiiv"
946,"sioon","sioon-last_blank","last_blank",5,127,"tuseks-last_blank","tuseks",34,93,1,1,"kommunikatsioon","kommunikattuseks"
238,"nist","nist-lik","lik",4,3,"aland-lik","aland",5,2,1,1,"kommunistlik","kommualandlik"
426,"dia","dia-last_blank","last_blank",3,24,"mäng-last_blank","mäng",24,0,1,1,"komöödia","komöömäng"
539,"first_blank","first_blank-kõn","kõn",3,50,"first_blank-suit","suit",51,1,1,1,"kõndima","suitdima"
257,"jak","jak-last_blank","last_blank",2,6,"hel-last_blank","hel",6,0,0,1,"konjak","konhel"
864,"kon","kon-tor","tor",2,4,"naa-tor","naa",4,0,0,1,"kontor","naator"
857,"first_blank","first_blank-kont","kont",4,93,"first_blank-eemal","eemal",46,47,1,1,"kontrollima","eemalrollima"
603,"sert","sert-last_blank","last_blank",2,3,"jeks-last_blank","jeks",3,0,0,1,"kontsert","kontjeks"
570,"ko","ko-ok","ok",1,1,"ko-na","na",1,0,0,1,"kook","kona"
439,"ko","ko-ol","ol",1,3,"ko-va","va",3,0,0,1,"kool","kova"
203,"pia","pia-last_blank","last_blank",2,17,"ten-last_blank","ten",17,0,0,1,"koopia","kooten"
158,"first_blank","first_blank-kõr","kõr",2,232,"first_blank-maa","maa",239,7,0,1,"kõrge","maage"
787,"joon","joon-last_blank","last_blank",2,6,"rian-last_blank","rian",6,0,0,1,"kõrgjoon","kõrgrian"
642,"kõr","kõr-gus","gus",2,4,"sin-gus","sin",3,1,0,1,"kõrgus","singus"
120,"ko","ko-rk","rk",1,1,"ko-io","io",1,0,0,1,"kork","koio"
438,"sioon","sioon-last_blank","last_blank",4,127,"tused-last_blank","tused",66,61,0,1,"korporatsioon","korporattused"
678,"pus","pus-last_blank","last_blank",2,21,"gen-last_blank","gen",21,0,0,1,"korpus","korgen"
910,"ral","ral-da","da",4,31,"täien-da","täien",10,21,2,1,"korraldama","kortäiendama"
582,"kor","kor-ter","ter",2,5,"ams-ter","ams",4,1,0,1,"korter","amster"
546,"klapp","klapp-last_blank","last_blank",3,1,"laque-last_blank","laque",1,0,0,1,"kõrvaklapp","kõrvalaque"
395,"ko","ko-tt","tt",1,3,"ko-po","po",3,0,0,1,"kott","kopo"
634,"kõ","kõ-va","va",2,14,"vus-va","vus",16,2,1,1,"kõva","vusva"
538,"kree","kree-ka","ka",3,1,"mõõt-ka","mõõt",1,0,0,1,"kreeka keel","mõõtka keel"
462,"ii","ii-s","s",1,3,"rd-s","rd",3,0,0,1,"kriis","krrds"
38,"first_blank","first_blank-krist","krist",3,19,"first_blank-täien","täien",18,1,0,1,"kristlane","täienlane"
580,"ju","ju-last_blank","last_blank",2,100,"mis-last_blank","mis",103,3,1,1,"kuju","kumis"
769,"first_blank","first_blank-kü","kü",2,298,"first_blank-loo","loo",298,0,1,1,"küla","loola"
346,"lm","lm-last_blank","last_blank",1,14,"ub-last_blank","ub",14,0,0,1,"külm","küub"
881,"first_blank","first_blank-kül","kül",4,126,"first_blank-elekt","elekt",74,52,2,1,"külmutama","elektmutama"
548,"ku","ku-lu","lu",4,46,"ku-mises","mises",5,41,3,1,"kulutama","kumisestama"
403,"kum","kum-ma","ma",4,22,"mõist-ma","mõist",5,17,2,1,"kummaline","mõistmaline"
453,"nend","nend-last_blank","last_blank",2,1,"pany-last_blank","pany",1,0,0,1,"kümnend","kümpany"
183,"ku","ku-na","na",3,37,"ku-sest","sest",32,5,2,1,"kunagi","kusestgi"
330,"nin","nin-gas","gas",3,4,"duur-gas","duur",1,3,1,1,"kuningas","kuduurgas"
255,"riik","riik-last_blank","last_blank",3,7,"pest-last_blank","pest",7,0,0,1,"kuningriik","kuningpest"
13,"rat","rat-last_blank","last_blank",2,33,"gil-last_blank","gil",33,0,0,1,"kurat","kugil"
270,"ge","ge-vus","vus",5,25,"ge-tõmmet","tõmmet",2,23,3,1,"kuritegevus","kuritegetõmmet"
292,"kur","kur-ja","ja",5,29,"naalas-ja","naalas",1,28,3,1,"kurjategija","naalasjategija"
477,"ku","ku-rt","rt",1,3,"ku-gi","gi",3,0,0,1,"kurt","kugi"
92,"sagil","sagil-last_blank","last_blank",2,1,"sexis-last_blank","sexis",1,0,0,1,"kusagil","kusexis"
237,"si","si-ma","ma",3,37,"tund-ma","tund",19,18,2,1,"küsima","kütundma"
600,"kü","kü-tus","tus",2,2,"kü-bet","bet",1,1,0,1,"kütus","kübet"
367,"first_blank","first_blank-kuul","kuul",2,75,"first_blank-kait","kait",75,0,0,1,"kuulda","kaitda"
483,"kuu","kuu-lus","lus",2,3,"poo-lus","poo",3,0,0,1,"kuulus","poolus"
832,"küü","küü-ni","ni",4,6,"spioo-ni","spioo",4,2,2,1,"küüniline","spiooniline"
432,"first_blank","first_blank-küün","küün",2,12,"first_blank-olüm","olüm",12,0,0,1,"küünla","olümla"
936,"teet","teet-last_blank","last_blank",3,11,"miga-last_blank","miga",11,0,0,1,"kvaliteet","kvalimiga"
673,"first_blank","first_blank-lää","lää",2,20,"first_blank-vah","vah",20,0,0,1,"lääne-","vahne"
736,"la","la-en","en",1,2,"fr-en","fr",2,0,0,1,"laen","fren"
419,"first_blank","first_blank-lae","lae",2,89,"first_blank-jär","jär",89,0,0,1,"laeva","järva"
990,"tik","tik-last_blank","last_blank",3,58,"kese-last_blank","kese",58,0,1,1,"laevastik","laevaskese"
369,"la","la-hing","hing",2,1,"la-vend","vend",1,0,0,1,"lahing","lavend"
975,"gu","gu-väl","väl",5,11,"gu-miseks","miseks",1,10,3,1,"lahinguvälja","lahingumiseksja"
528,"lah","lah-ku","ku",4,50,"pääst-ku","pääst",1,49,2,1,"lahkumine","päästkumine"
664,"first_blank","first_blank-laia","laia",2,2,"first_blank-hiid","hiid",2,0,0,1,"laiali","hiidli"
907,"first_blank","first_blank-lak","lak",3,33,"first_blank-ring","ring",33,0,1,1,"lakkuma","ringkuma"
366,"ps","ps-last_blank","last_blank",1,32,"bo-last_blank","bo",32,0,0,1,"laps","labo"
562,"põlv","põlv-last_blank","last_blank",3,1,"miod-last_blank","miod",1,0,0,1,"lapsepõlv","lapsemiod"
7,"first_blank","first_blank-las","las",2,102,"first_blank-kel","kel",101,1,0,1,"lasta","kelta"
869,"first_blank","first_blank-las","las",2,102,"first_blank-joo","joo",102,0,0,1,"lasti-","jooti"
660,"la","la-ul","ul",1,1,"wo-ul","wo",1,0,0,1,"laul","woul"
319,"lau","lau-se","se",2,6,"bis-se","bis",6,0,0,1,"lause","bisse"
393,"le","le-ek","ek",1,1,"le-rc","rc",1,0,0,1,"leek","lerc"
352,"gend","gend-last_blank","last_blank",2,2,"pans-last_blank","pans",2,0,0,1,"legend","lepans"
442,"leid","leid-ma","ma",2,2,"täis-ma","täis",2,0,0,1,"leidma","täisma"
361,"nant","nant-last_blank","last_blank",2,8,"hust-last_blank","hust",8,0,0,1,"leitnant","leithust"
568,"le","le-nd","nd",1,2,"ou-nd","ou",2,0,0,1,"lend","ound"
149,"len","len-da","da",3,30,"pool-da","pool",6,24,1,1,"lendama","pooldama"
242,"duv","duv-last_blank","last_blank",2,10,"gar-last_blank","gar",10,0,0,1,"lenduv","lengar"
720,"nu","nu-jaam","jaam",3,1,"nu-pühi","pühi",1,0,0,1,"lennujaam","lennupühi"
932,"be","be-raal","raal",4,3,"be-lesin","lesin",1,2,1,1,"liberaalne","libelesinne"
888,"ha","ha-last_blank","last_blank",2,154,"tid-last_blank","tid",157,3,1,1,"liha","litid"
698,"li","li-has","has",2,7,"li-pil","pil",7,0,0,1,"lihas","lipil"
550,"liht","liht-ne","ne",2,2,"rekt-ne","rekt",2,0,0,1,"lihtne","rektne"
929,"first_blank","first_blank-liial","liial",3,13,"first_blank-poiss","poiss",13,0,0,1,"liialdama","poissdama"
480,"lii","lii-der","der",2,2,"lii-guk","guk",2,0,0,1,"liider","liiguk"
696,"iv","iv-last_blank","last_blank",1,10,"dd-last_blank","dd",10,0,0,1,"liiv","lidd"
645,"li","li-ll","ll",1,1,"li-gh","gh",1,0,0,1,"lill","ligh"
289,"siin","siin-last_blank","last_blank",3,6,"tant-last_blank","tant",6,0,0,1,"limusiin","limutant"
365,"li","li-nd","nd",1,2,"li-di","di",2,0,0,1,"lind","lidi"
174,"li","li-ng","ng",1,1,"li-gh","gh",1,0,0,1,"ling","ligh"
651,"li","li-nn","nn",1,1,"li-pä","pä",1,0,0,1,"linn","lipä"
563,"pea","pea-last_blank","last_blank",3,51,"vust-last_blank","vust",51,0,1,1,"linnapea","linnavust"
931,"li","li-ps","ps",1,3,"li-va","va",3,0,0,1,"lips","liva"
948,"li","li-saks","saks",2,1,"li-naar","naar",1,0,0,1,"lisaks","linaar"
756,"loen","loen-da","da",3,7,"ihal-da","ihal",7,0,0,1,"loendatus","ihaldatus"
724,"lo","lo-en","en",1,4,"tr-en","tr",4,0,0,1,"loeng","treng"
443,"lõ","lõ-hn","hn",1,1,"lõ-ue","ue",1,0,0,1,"lõhn","lõue"
290,"first_blank","first_blank-lõi","lõi",3,70,"first_blank-taas","taas",70,0,1,1,"lõigatud","taasgatud"
816,"lõ","lõ-ik","ik",1,1,"tð-ik","tð",1,0,0,1,"lõik","tðik"
177,"lo","lo-ll","ll",1,1,"lo-tu","tu",1,0,0,1,"loll","lotu"
856,"loo","loo-bu","bu",3,17,"trii-bu","trii",6,11,1,1,"loobuma","triibuma"
27,"lo","lo-om","om",1,1,"lo-ag","ag",1,0,0,1,"loom","loag"
971,"loo","loo-vus","vus",2,1,"loo-õpe","õpe",1,0,0,1,"loovus","looõpe"
447,"first_blank","first_blank-loo","loo",4,298,"first_blank-eemal","eemal",46,252,2,1,"loovutama","eemalvutama"
94,"pe","pe-ta","ta",4,44,"täius-ta","täius",6,38,3,1,"lõpetama","lõtäiustama"
860,"puks","puks-last_blank","last_blank",2,9,"tund-last_blank","tund",9,0,0,1,"lõpuks","lõtund"
518,"ss","ss-last_blank","last_blank",1,59,"fi-last_blank","fi",59,0,0,1,"loss","lofi"
956,"first_blank","first_blank-lõu","lõu",2,67,"first_blank-vae","vae",67,0,0,1,"lõunat","vaenat"
88,"vi","vi-last_blank","last_blank",2,157,"mad-last_blank","mad",158,1,1,1,"lõvi","lõmad"
609,"ba","ba-dus","dus",3,13,"ba-taht","taht",12,1,1,1,"lubadus","lubataht"
467,"lu","lu-kus","kus",4,29,"lu-meini","meini",2,27,2,1,"lukustama","lumeinitama"
373,"lu","lu-me","me",2,32,"ini-me","ini",30,2,1,1,"lume","inime"
979,"lu","lu-na","na",4,5,"lu-tused","tused",3,2,3,1,"lunaraha","lutusedraha"
400,"first_blank","first_blank-lüüa","lüüa",4,2,"first_blank-kõõrd","kõõrd",2,0,1,1,"lüüasaamine","kõõrdsaamine"
291,"luu","luu-le","le",3,16,"koht-le","koht",14,2,1,1,"luuletus","kohtletus"
146,"ilm","ilm-last_blank","last_blank",2,5,"nee-last_blank","nee",5,0,0,1,"maailm","maanee"
425,"li","li-kunst","kunst",4,1,"li-liana","liana",1,0,0,1,"maalikunstnik","maaliliananik"
253,"tee","tee-last_blank","last_blank",2,38,"jus-last_blank","jus",38,0,0,1,"maantee","maanjus"
808,"first_blank","first_blank-mää","mää",4,67,"first_blank-elekt","elekt",74,7,2,1,"määramine","elektramine"
911,"rat","rat-lus","lus",3,1,"rat-seid","seid",1,0,1,1,"määratlus","määratseid"
23,"maa","maa-si","si",3,7,"nili-si","nili",6,1,1,1,"maasikas","nilisikas"
939,"ma","ma-du","du",2,6,"ma-tel","tel",6,0,1,1,"madu","matel"
248,"ga","ga-ma","ma",3,25,"tund-ma","tund",19,6,2,1,"magama","matundma"
584,"tu","tu-ba","ba",5,23,"tu-miseks","miseks",14,9,4,1,"magamistuba","magamistumiseks"
424,"mä","mä-gi","gi",2,7,"bur-gi","bur",7,0,1,1,"mägi","burgi"
172,"hl","hl-last_blank","last_blank",1,5,"zy-last_blank","zy",5,0,0,1,"mahl","mazy"
475,"first_blank","first_blank-mai","mai",2,63,"first_blank-noo","noo",63,0,0,1,"maine","noone"
785,"sev","sev-last_blank","last_blank",2,32,"mil-last_blank","mil",32,0,0,1,"maitsev","maitmil"
943,"nee","nee-si","si",4,3,"kruii-si","kruii",3,0,2,1,"majoneesi","majokruiisi"
712,"ma","ma-ks","ks",1,3,"ma-ab","ab",3,0,0,1,"maks","maab"
385,"si","si-maal","maal",4,4,"si-ruumi","ruumi",3,1,1,1,"maksimaalne","maksiruumine"
436,"mä","mä-ng","ng",1,1,"mä-hk","hk",1,0,0,1,"mäng","mähk"
51,"first_blank","first_blank-män","män",3,117,"first_blank-võit","võit",105,12,1,1,"mängija","võitgija"
652,"gu","gu-asi","asi",3,1,"gu-koer","koer",1,0,1,1,"mänguasi","mängukoer"
66,"ma","ma-last_blank","last_blank",6,1599,"ma-rakratt","rakratt",1,1598,3,2,"manipuleerima","manipuleerimarakratt"
375,"rg","rg-last_blank","last_blank",1,17,"ah-last_blank","ah",17,0,0,1,"märg","mäah"
695,"ma","ma-sin","sin",2,24,"ma-des","des",14,10,0,1,"masin","mades"
721,"saaž","saaž-last_blank","last_blank",2,1,"kaev-last_blank","kaev",1,0,0,1,"massaaž","maskaev"
214,"ka","ka-last_blank","last_blank",5,374,"ka-vatsesin","vatsesin",2,372,2,2,"matemaatika","matemaatikavatsesin"
644,"mat","mat-ma","ma",2,2,"lis-ma","lis",2,0,0,1,"matma","lisma"
53,"tu","tu-sed","sed",3,51,"tu-mist","mist",26,25,1,1,"matused","matumist"
784,"dal","dal-last_blank","last_blank",2,47,"asi-last_blank","asi",46,1,0,1,"medal","measi"
18,"dal","dal-jon","jon",3,1,"dal-rymp","rymp",1,0,1,1,"medaljon","medalrymp"
55,"div","div-last_blank","last_blank",2,3,"nch-last_blank","nch",3,0,0,1,"meeldiv","meelnch"
392,"ama","ama-last_blank","last_blank",5,1,"plekke-last_blank","plekke",1,0,3,1,"meeles pidama","meeles pidplekke"
802,"mee","mee-li","li",4,32,"täius-li","täius",9,23,2,1,"meelitama","täiuslitama"
918,"first_blank","first_blank-mees","mees",2,45,"first_blank-liht","liht",45,0,0,2,"meeskond","lihtkond"
788,"ne","ne-last_blank","last_blank",5,2677,"ne-muistsel","muistsel",1,2676,2,3,"mehaaniline","mehaanilinemuistsel"
58,"first_blank","first_blank-meist","meist",4,21,"first_blank-jooks","jooks",21,0,0,1,"meistrivõistlused","jooksrivõistlused"
622,"mees","mees-last_blank","last_blank",3,103,"tusi-last_blank","tusi",102,1,0,1,"meremees","meretusi"
845,"re","re-vä","vä",4,2,"re-konst","konst",2,0,3,1,"merevägi","merekonstgi"
350,"tal","tal-list","list",3,3,"tal-veks","veks",1,2,0,1,"metallist","metalveks"
406,"me","me-ter","ter",2,1,"me-soo","soo",1,0,0,1,"meter","mesoo"
694,"first_blank","first_blank-met","met",2,60,"first_blank-päi","päi",60,0,0,1,"metsa","päisa"
188,"mi","mi-da","da",3,24,"asen-da","asen",23,1,2,1,"midagi","asendagi"
220,"first_blank","first_blank-mii","mii",2,43,"first_blank-näh","näh",43,0,0,1,"miinus","nähnus"
595,"fon","fon-last_blank","last_blank",3,10,"relv-last_blank","relv",10,0,1,1,"mikrofon","mikrorelv"
930,"koop","koop-last_blank","last_blank",3,4,"vert-last_blank","vert",4,0,0,1,"mikroskoop","mikrosvert"
173,"jar","jar-dit","dit",3,2,"olen-dit","olen",2,0,1,1,"miljardit","milolendit"
96,"ne","ne-ma","ma",3,67,"ne-test","test",12,55,2,1,"minema","minetest"
506,"ne","ne-vik","vik",3,2,"ne-tusi","tusi",2,0,1,1,"minevik","minetusi"
93,"rium","rium-last_blank","last_blank",4,19,"suses-last_blank","suses",19,0,1,1,"ministeerium","ministeesuses"
11,"ter","ter-last_blank","last_blank",3,184,"maks-last_blank","maks",181,3,1,1,"minister","minismaks"
263,"nu","nu-ti","ti",3,27,"iden-ti","iden",19,8,2,1,"minuti-","miidenti"
611,"first_blank","first_blank-mis","mis",2,62,"first_blank-rün","rün",62,0,0,1,"missioon","rünsioon"
374,"te","te-vas","vas",5,1,"te-mudjin","mudjin",1,0,3,1,"mittevastavus","mittemudjintavus"
731,"first_blank","first_blank-mõist","mõist",2,36,"first_blank-trans","trans",34,2,0,3,"mõistlik","translik"
631,"first_blank","first_blank-mõist","mõist",2,36,"first_blank-trans","trans",34,2,0,3,"mõistma","transma"
484,"ju","ju-last_blank","last_blank",2,100,"nas-last_blank","nas",101,1,1,1,"mõju","mõnas"
262,"ni","ni-tor","tor",3,1,"ni-mitz","mitz",1,0,1,1,"monitor","monimitz"
288,"first_blank","first_blank-moo","moo",2,92,"first_blank-sea","sea",91,1,0,1,"mootor","seator"
725,"fiin","fiin-last_blank","last_blank",2,2,"rish-last_blank","rish",2,0,0,1,"morfiin","morrish"
338,"first_blank","first_blank-mõr","mõr",3,90,"first_blank-tead","tead",90,0,1,1,"mõrvama","teadvama"
730,"var","var-last_blank","last_blank",2,8,"rum-last_blank","rum",8,0,0,1,"mõrvar","mõrrum"
341,"tell","tell-last_blank","last_blank",2,4,"töös-last_blank","töös",4,0,0,1,"motell","motöös"
182,"mu","mu-na","na",2,33,"rün-na","rün",31,2,1,1,"muna","rünna"
60,"ret","ret-se","se",4,23,"suaal-se","suaal",5,18,2,1,"muretsema","musuaalsema"
322,"mu","mu-st","st",1,2,"co-st","co",2,0,0,1,"must","cost"
264,"rium","rium-last_blank","last_blank",3,19,"poeg-last_blank","poeg",19,0,0,1,"müsteerium","müsteepoeg"
926,"sioon","sioon-last_blank","last_blank",3,127,"misel-last_blank","misel",109,18,0,1,"mutatsioon","mutatmisel"
573,"mü","mü-ts","ts",1,1,"in-ts","in",1,0,0,1,"müts","ints"
368,"müü","müü-ma","ma",2,2,"vir-ma","vir",2,0,0,1,"müüma","virma"
150,"seum","seum-last_blank","last_blank",2,2,"leeg-last_blank","leeg",2,0,0,1,"muuseum","muuleeg"
490,"sik","sik-last_blank","last_blank",2,28,"rel-last_blank","rel",28,0,0,1,"muusik","muurel"
499,"muu","muu-si","si",3,32,"tant-si","tant",33,1,1,1,"muusika","tantsika"
464,"nä","nä-dal","dal",2,2,"nä-pit","pit",1,1,0,1,"nädal","näpit"
417,"first_blank","first_blank-naer","naer",2,15,"first_blank-flir","flir",15,0,0,1,"naerma","flirma"
437,"first_blank","first_blank-nai","nai",2,29,"first_blank-jen","jen",29,0,0,1,"naise","jense"
348,"first_blank","first_blank-nais","nais",2,25,"first_blank-kiir","kiir",25,0,0,1,"naissoost","kiirsoost"
317,"na","na-is","is",1,3,"na-no","no",3,0,0,1,"naist","nanot"
221,"first_blank","first_blank-näi","näi",3,94,"first_blank-kont","kont",93,1,1,1,"näitama","konttama"
20,"first_blank","first_blank-näit","näit",3,33,"first_blank-ring","ring",33,0,0,1,"näitleja","ringleja"
496,"näi","näi-tus","tus",2,1,"vis-tus","vis",1,0,0,1,"näitus","vistus"
450,"first_blank","first_blank-nak","nak",2,15,"first_blank-tho","tho",15,0,0,1,"nakkus","thokus"
301,"first_blank","first_blank-na","na",2,238,"first_blank-soo","soo",240,2,1,1,"nali","sooli"
318,"ja","ja-kas","kas",3,12,"ja-pool","pool",12,0,1,1,"naljakas","naljapool"
463,"first_blank","first_blank-näl","näl",3,35,"first_blank-võrd","võrd",35,0,1,1,"näljane","võrdjane"
916,"nä","nä-ri","ri",3,25,"amee-ri","amee",27,2,2,1,"närima","ameerima"
6,"ti","ti-kum","kum",4,3,"ti-teedi","teedi",2,1,2,1,"narkootikum","narkootiteedi"
804,"first_blank","first_blank-när","när",4,46,"first_blank-eemal","eemal",46,0,2,1,"närviline","eemalviline"
323,"ga","ga-tiiv","tiiv",4,12,"ga-raazi","raazi",1,11,1,1,"negatiivne","negaraazine"
940,"iu","iu-last_blank","last_blank",1,9,"lv-last_blank","lv",9,0,0,1,"neiu","nelv"
306,"first_blank","first_blank-ne","ne",2,118,"first_blank-kom","kom",118,0,1,1,"neli","komli"
294,"first_blank","first_blank-nel","nel",2,48,"first_blank-ope","ope",48,0,0,1,"neljas","opejas"
545,"ni","ni-na","na",2,29,"rün-na","rün",31,2,1,1,"nina","rünna"
243,"first_blank","first_blank-nõ","nõ",2,63,"first_blank-mus","mus",63,0,1,1,"nõbu","musbu"
561,"nõ","nõ-id","id",1,1,"nõ-uk","uk",1,0,0,1,"nõid","nõuk"
194,"or","or-last_blank","last_blank",1,19,"ee-last_blank","ee",19,0,0,1,"noor","noee"
331,"nõ","nõ-rk","rk",1,1,"nõ-os","os",1,0,0,1,"nõrk","nõos"
129,"maal","maal-ne","ne",3,7,"seem-ne","seem",7,0,0,1,"normaalne","norseemne"
806,"first_blank","first_blank-nõus","nõus",3,43,"first_blank-veen","veen",42,1,0,1,"nõustama","veentama"
360,"first_blank","first_blank-nu","nu",2,111,"first_blank-kok","kok",113,2,1,1,"nuga","kokga"
559,"od","od-av","av",1,1,"te-av","te",1,0,0,1,"odav","teav"
342,"oh","oh-t","t",1,1,"ld-t","ld",1,0,0,1,"oht","ldt"
252,"first_blank","first_blank-oht","oht",2,27,"first_blank-eva","eva",27,0,0,1,"ohtlik","evalik"
407,"first_blank","first_blank-õh","õh",2,89,"first_blank-lap","lap",89,0,1,1,"õhtu","laptu"
547,"ohu","ohu-tus","tus",2,2,"jes-tus","jes",2,0,0,1,"ohutus","jestus"
585,"first_blank","first_blank-õi","õi",2,93,"first_blank-hal","hal",93,0,1,1,"õige","halge"
682,"first_blank","first_blank-õig","õig",2,21,"first_blank-kot","kot",21,0,0,1,"õiglus","kotlus"
388,"too","too-ber","ber",3,1,"häär-ber","häär",1,0,1,1,"oktoober","okhäärber"
52,"õl","õl-i","i",1,1,"ua-i","ua",1,0,0,1,"õli","uai"
408,"first_blank","first_blank-õl","õl",1,36,"first_blank-rü","rü",36,0,0,1,"õlu","rüu"
232,"nik","nik-last_blank","last_blank",2,85,"kul-last_blank","kul",85,0,0,1,"omanik","omakul"
526,"ne","ne-lik","lik",3,9,"ne-test","test",12,3,1,1,"õnnelik","õnnetest"
997,"nes","nes-tu","tu",4,23,"värva-tu","värva",1,22,2,1,"õnnestuma","õnvärvatuma"
519,"ne","ne-tus","tus",3,23,"ne-vaid","vaid",6,17,1,1,"õnnetus","õnnevaid"
398,"ke","ke-an","an",1,2,"sw-an","sw",2,0,0,1,"ookean","ooswan"
312,"first_blank","first_blank-oo","oo",3,42,"first_blank-veen","veen",42,0,2,1,"ootama","veentama"
765,"tult","tult-last_blank","last_blank",4,127,"sioon-last_blank","sioon",127,0,1,1,"ootamatult","ootamasioon"
337,"first_blank","first_blank-õpe","õpe",3,57,"first_blank-proo","proo",57,0,1,1,"õpetaja","prootaja"
411,"first_blank","first_blank-õpe","õpe",3,57,"first_blank-proo","proo",57,0,1,1,"õpetama","prootama"
125,"or","or-an","an",1,7,"or-bu","bu",7,0,0,1,"oranž","orbuž"
218,"biit","biit-last_blank","last_blank",2,1,"riod-last_blank","riod",1,0,0,1,"orbiit","orriod"
771,"õr","õr-n","n",1,1,"ou-n","ou",1,0,0,1,"õrn","oun"
82,"or","or-u","u",1,1,"ld-u","ld",1,0,0,1,"oru","ldu"
167,"osa","osa-kese","kese",2,1,"kus-kese","kus",1,0,0,1,"osakese","kuskese"
758,"first_blank","first_blank-ost","ost",2,29,"first_blank-jen","jen",29,0,0,1,"ostja","jenja"
485,"ot","ot-se","se",2,41,"lis-se","lis",39,2,1,1,"otse","lisse"
135,"first_blank","first_blank-pääst","pääst",2,27,"first_blank-täius","täius",28,1,0,2,"päästja","täiusja"
285,"pa","pa-at","at",1,1,"pa-iu","iu",1,0,0,1,"paat","paiu"
801,"pa","pa-ber","ber",6,7,"pa-rooliga","rooliga",1,6,4,1,"pabertaskurätik","parooligataskurätik"
768,"first_blank","first_blank-päi","päi",2,60,"first_blank-juu","juu",60,0,0,1,"päike","juuke"
952,"se","se-ener","ener",5,2,"se-riaali","riaali",1,1,2,1,"päikeseenergia","päikeseriaaligia"
97,"kett","kett-last_blank","last_blank",2,17,"silt-last_blank","silt",17,0,0,1,"pakett","pasilt"
34,"pa","pa-kk","kk",1,2,"pa-bi","bi",2,0,0,1,"pakk","pabi"
293,"pa","pa-ks","ks",1,1,"pa-sc","sc",1,0,0,1,"paks","pasc"
838,"vik","vik-last_blank","last_blank",3,26,"juht-last_blank","juht",26,0,1,1,"palavik","palajuht"
950,"var","var-last_blank","last_blank",4,8,"rooga-last_blank","rooga",8,0,2,1,"palgamõrvar","palgamõrrooga"
714,"pa","pa-lk","lk",1,1,"pa-sq","sq",1,0,0,1,"palk","pasq"
934,"pa","pa-ne","ne",3,40,"sioo-ne","sioo",24,16,2,1,"panema","sioonema"
43,"ne","ne-last_blank","last_blank",5,2677,"ne-muistsel","muistsel",1,2676,2,3,"parandamine","parandaminemuistsel"
819,"ra","ra-ne","ne",4,48,"ra-dioak","dioak",9,39,3,1,"paranema","paradioakma"
959,"maal","maal-ne","ne",5,7,"petent-ne","petent",2,5,2,1,"paranormaalne","paranorpetentne"
890,"par","par-dil","dil",2,1,"ten-dil","ten",1,0,0,1,"pardil","tendil"
837,"füü","füü-mi","mi",3,1,"grim-mi","grim",1,0,1,1,"parfüümi","pargrimmi"
134,"pä","pä-ri","ri",3,41,"amee-ri","amee",27,14,2,1,"pärima","ameerima"
515,"rool","rool-last_blank","last_blank",2,3,"tost-last_blank","tost",3,0,0,1,"parool","patost"
915,"tei","tei-last_blank","last_blank",2,4,"sum-last_blank","sum",4,0,0,1,"partei","parsum"
555,"first_blank","first_blank-pas","pas",2,47,"first_blank-hii","hii",47,0,0,1,"passi","hiisi"
718,"jon","jon-last_blank","last_blank",3,15,"märk-last_blank","märk",15,0,1,1,"pataljon","patalmärk"
901,"rull","rull-last_blank","last_blank",2,5,"roos-last_blank","roos",5,0,0,1,"patrull","patroos"
903,"kor","kor-ter","ter",3,5,"kor-rast","rast",5,0,1,1,"peakorter","peakorrast"
178,"peal","peal-ki","ki",3,1,"tõid-ki","tõid",1,0,0,1,"pealkiri","tõidkiri"
523,"pea","pea-ta","ta",3,24,"mõis-ta","mõis",21,3,1,1,"peatama","mõistama"
576,"first_blank","first_blank-pee","pee",2,72,"first_blank-vää","vää",72,0,0,1,"peegel","väägel"
295,"kon","kon-last_blank","last_blank",2,7,"rem-last_blank","rem",7,0,0,1,"peekon","peerem"
625,"pee","pee-nis","nis",2,1,"vio-nis","vio",1,0,0,1,"peenis","vionis"
69,"peit","peit-ma","ma",2,1,"pink-ma","pink",1,0,0,1,"peitma","pinkma"
706,"re","re-kond","kond",3,5,"re-maks","maks",4,1,0,1,"perekond","peremaks"
835,"mi","mi-last_blank","last_blank",6,424,"mi-kueineks","kueineks",1,423,2,4,"perekonnanimi","perekonnanimikueineks"
853,"ri","ri-mee","mee",4,3,"ri-poiss","poiss",3,0,2,1,"perimeeter","peripoisster"
702,"riood","riood-last_blank","last_blank",2,1,"bious-last_blank","bious",1,0,0,1,"periood","pebious"
863,"first_blank","first_blank-pers","pers",3,9,"first_blank-evan","evan",9,0,0,1,"perspektiiv","evanpektiiv"
279,"pall","pall-last_blank","last_blank",3,8,"miat-last_blank","miat",8,0,0,1,"pesapall","pesamiat"
47,"first_blank","first_blank-pes","pes",2,12,"first_blank-jak","jak",12,0,0,1,"pesta","jakta"
841,"ru","ru-last_blank","last_blank",4,95,"misel-last_blank","misel",109,14,3,1,"pesukaru","pesukamisel"
596,"tu","tu-mus","mus",3,5,"tu-prot","prot",6,1,1,1,"pettumus","pettuprot"
703,"first_blank","first_blank-pet","pet",2,84,"first_blank-lan","lan",84,0,0,1,"pettus","lantus"
137,"pi","pi-da","da",3,129,"tõen-da","tõen",6,123,2,1,"pidama","tõendama"
10,"de","de-valt","valt",3,2,"de-pääs","pääs",2,0,0,1,"pidevalt","pidepääs"
752,"pii","pii-na","na",4,38,"korst-na","korst",2,36,2,1,"piinamine","korstnamine"
777,"first_blank","first_blank-piir","piir",2,28,"first_blank-kuns","kuns",28,0,0,2,"piirkond","kunskond"
95,"sav","sav-last_blank","last_blank",2,2,"bio-last_blank","bio",2,0,0,1,"piisav","piibio"
394,"pi","pi-kk","kk",1,1,"pi-re","re",1,0,0,1,"pikk","pire"
272,"first_blank","first_blank-pik","pik",2,31,"first_blank-säi","säi",31,0,0,1,"pikkus","säikus"
675,"loot","loot-last_blank","last_blank",2,3,"lain-last_blank","lain",3,0,0,1,"piloot","pilain"
839,"pi","pi-nd","nd",1,3,"pi-ku","ku",3,0,0,1,"pind","piku"
772,"first_blank","first_blank-pl","pl",1,39,"first_blank-uu","uu",39,0,0,1,"plaat","uuaat"
826,"first_blank","first_blank-plah","plah",4,31,"first_blank-täius","täius",28,3,1,1,"plahvatama","täiusvatama"
91,"first_blank","first_blank-plah","plah",3,31,"first_blank-vaid","vaid",31,0,0,1,"plahvatus","vaidvatus"
359,"first_blank","first_blank-plah","plah",5,31,"first_blank-eksklu","eksklu",7,24,2,1,"plahvatusohtlik","ekskluvatusohtlik"
226,"ne","ne-last_blank","last_blank",5,2677,"ne-muistsel","muistsel",1,2676,2,3,"planeerimine","planeeriminemuistsel"
40,"first_blank","first_blank-plas","plas",2,14,"first_blank-hais","hais",14,0,0,1,"plastist","haistist"
633,"ii","ii-at","at",1,1,"tr-at","tr",1,0,0,1,"pliiats","pltrats"
877,"ii","ii-d","d",1,2,"üa-d","üa",2,0,0,1,"pliid","plüad"
390,"eg","eg-last_blank","last_blank",1,4,"äl-last_blank","äl",4,0,0,1,"poeg","poäl"
746,"ne","ne-last_blank","last_blank",5,2677,"ne-muistsel","muistsel",1,2676,2,3,"põgenemine","põgeneminemuistsel"
543,"hi","hi-sea","sea",4,5,"hi-dalgo","dalgo",1,4,2,1,"põhiseadus","põhidalgodus"
320,"first_blank","first_blank-põh","põh",2,115,"first_blank-tor","tor",114,1,0,1,"põhja","torja"
240,"jus","jus-ta","ta",4,25,"kärva-ta","kärva",1,24,2,1,"põhjustama","põhkärvatama"
552,"first_blank","first_blank-pö","pö",1,4,"first_blank-ug","ug",4,0,0,1,"pöial","ugial"
339,"po","po-is","is",1,2,"po-el","el",2,0,0,1,"poiss","poels"
873,"first_blank","first_blank-pok","pok",2,32,"first_blank-ast","ast",32,0,0,1,"pokker","astker"
223,"tik","tik-last_blank","last_blank",3,58,"kese-last_blank","kese",58,0,1,1,"poliitik","poliikese"
966,"ti","ti-kas","kas",4,21,"ti-teedi","teedi",2,19,2,1,"poliitikas","poliititeedi"
74,"ne","ne-last_blank","last_blank",5,2677,"ne-muistsel","muistsel",1,2676,2,3,"poliitiline","poliitilinemuistsel"
608,"first_blank","first_blank-põl","põl",2,52,"first_blank-vin","vin",52,0,0,1,"põlve","vinve"
767,"po","po-od","od",1,1,"po-te","te",1,0,0,1,"pood","pote"
305,"first_blank","first_blank-pöö","pöö",3,58,"first_blank-täht","täht",60,2,1,1,"pöörama","tähtrama"
207,"first_blank","first_blank-põr","põr",2,71,"first_blank-kao","kao",71,0,0,1,"põrgu","kaogu"
786,"first_blank","first_blank-põs","põs",2,6,"first_blank-kun","kun",6,0,0,1,"põske","kunke"
811,"first_blank","first_blank-prak","prak",4,21,"first_blank-meist","meist",21,0,1,1,"praktiliselt","meisttiliselt"
325," keel"," keel-last_blank","last_blank",4,1,"nosse-last_blank","nosse",1,0,0,1,"prantsuse keel","prantsusenosse"
456,"first_blank","first_blank-prees","prees",2,1,"first_blank-väeos","väeos",1,0,0,1,"preester","väeoster"
42,"dent","dent-last_blank","last_blank",3,8,"saim-last_blank","saim",8,0,0,1,"president","presisaim"
326,"pr","pr-in","in",1,3,"pr-aa","aa",3,0,0,1,"prints","praats"
680,"leem","leem-last_blank","last_blank",2,4,"mers-last_blank","mers",4,0,0,1,"probleem","probmers"
387,"naal","naal-ne","ne",5,14,"petent-ne","petent",2,12,2,1,"professionaalne","professiopetentne"
751,"sor","sor-last_blank","last_blank",3,8,"dent-last_blank","dent",8,0,1,1,"professor","profesdent"
231,"first_blank","first_blank-prog","prog",2,34,"first_blank-kris","kris",34,0,0,1,"programm","krisramm"
441,"rör","rör-last_blank","last_blank",3,6,"tiin-last_blank","tiin",6,0,1,1,"prokurör","prokutiin"
256,"koll","koll-last_blank","last_blank",3,3,"verd-last_blank","verd",3,0,0,1,"protokoll","protoverd"
683,"tüüp","tüüp-last_blank","last_blank",3,3,"vand-last_blank","vand",3,0,0,1,"prototüüp","protovand"
421,"duur","duur-last_blank","last_blank",3,1,"tica-last_blank","tica",1,0,0,1,"protseduur","protsetica"
908,"first_blank","first_blank-prü","prü",2,33,"first_blank-kop","kop",33,0,0,1,"prügi","kopgi"
919,"uu","uu-t","t",1,2,"af-t","af",2,0,0,1,"pruut","praft"
967,"first_blank","first_blank-psüh","psüh",4,47,"first_blank-eemal","eemal",46,1,1,1,"psühholoogia","eemalholoogia"
170,"ne","ne-last_blank","last_blank",6,2677,"ne-muistsel","muistsel",1,2676,2,2,"psühholoogiline","psühholoogilinemuistsel"
866,"first_blank","first_blank-pub","pub",2,11,"first_blank-sih","sih",11,0,0,1,"publik","sihlik"
444,"pu","pu-del","del",2,4,"pu-tad","tad",4,0,0,1,"pudel","putad"
259,"ha","ha-päev","päev",3,1,"ha-neks","neks",1,0,0,1,"pühapäev","pühaneks"
107,"du","du-mus","mus",4,5,"du-fayel","fayel",1,4,2,1,"pühendumus","pühendufayel"
46,"first_blank","first_blank-puh","puh",2,75,"first_blank-ven","ven",75,0,0,1,"puhkus","venkus"
454,"pu","pu-lm","lm",1,1,"pu-kõ","kõ",1,0,0,1,"pulm","pukõ"
889,"first_blank","first_blank-pur","pur",4,47,"first_blank-eemal","eemal",46,1,2,1,"purjetama","eemaljetama"
699,"jus","jus-last_blank","last_blank",2,38,"gem-last_blank","gem",38,0,0,1,"purjus","purgem"
710,"tu","tu-ka","ka",3,16,"rais-ka","rais",17,1,2,1,"putuka","puraiska"
533,"pu","pu-u","u",1,1,"je-u","je",1,0,0,1,"puu","jeu"
377,"first_blank","first_blank-puu","puu",4,188,"first_blank-elekt","elekt",74,114,2,1,"puudumine","elektdumine"
836,"vil","vil-la","la",3,8,"tead-la","tead",10,2,1,1,"puuvilla","puuteadla"
435,"first_blank","first_blank-rää","rää",3,66,"first_blank-uuri","uuri",66,0,1,1,"rääkima","uurikima"
501,"first_blank","first_blank-raa","raa",2,108,"first_blank-luu","luu",110,2,0,1,"raamat","luumat"
690,"ra","ra-ev","ev",1,1,"ra-pi","pi",1,0,0,1,"raev","rapi"
636,"ha","ha-last_blank","last_blank",2,154,"tid-last_blank","tid",157,3,1,1,"raha","ratid"
553,"ha","ha-kott","kott",3,1,"ha-haav","haav",1,0,0,1,"rahakott","rahahaav"
25,"ne","ne-last_blank","last_blank",4,2677,"ne-muistsel","muistsel",1,2676,2,4,"rahaline","rahalinemuistsel"
913,"ne","ne-last_blank","last_blank",5,2677,"ne-muistsel","muistsel",1,2676,2,3,"rahastamine","rahastaminemuistsel"
469,"ra","ra-hus","hus",4,23,"ra-dioak","dioak",9,14,2,1,"rahustama","radioaktama"
587,"first_blank","first_blank-rah","rah",2,82,"first_blank-jul","jul",82,0,0,1,"rahvas","julvas"
618,"kett","kett-last_blank","last_blank",2,17,"pead-last_blank","pead",17,0,0,1,"rakett","rapead"
805,"ni","ni-kul","kul",3,9,"ni-list","list",7,2,1,1,"rannikul","rannilist"
998,"first_blank","first_blank-rä","rä",3,46,"first_blank-mees","mees",45,1,2,1,"räpane","meespane"
29,"se","se-dus","dus",3,3,"se-liin","liin",3,0,1,1,"rasedus","raseliin"
846,"ra","ra-ss","ss",1,1,"ra-qu","qu",1,0,0,1,"rass","raqu"
530,"rä","rä-tik","tik",2,4,"rä-pas","pas",3,1,0,1,"rätik","räpas"
489,"vi","vi-last_blank","last_blank",2,157,"mad-last_blank","mad",158,1,1,1,"ravi","ramad"
353,"reak","reak-tor","tor",2,2,"diaa-tor","diaa",2,0,0,1,"reaktor","diaator"
200,"list","list-lik","lik",3,6,"kond-lik","kond",6,0,0,1,"realistlik","reakondlik"
401,"first_blank","first_blank-ree","ree",2,53,"first_blank-võr","võr",53,0,0,1,"reetur","võrtur"
213,"gioon","gioon-last_blank","last_blank",3,2,"hburn-last_blank","hburn",2,0,0,1,"religioon","relihburn"
216,"lv","lv-last_blank","last_blank",1,9,"rl-last_blank","rl",9,0,0,1,"relv","rerl"
729,"mont","mont-last_blank","last_blank",2,11,"muks-last_blank","muks",11,0,0,1,"remont","remuks"
136,"first_blank","first_blank-ren","ren",3,28,"first_blank-kuld","kuld",28,0,1,1,"rendima","kulddima"
234,"first_blank","first_blank-res","res",3,25,"first_blank-alan","alan",25,0,1,1,"restoran","alantoran"
106,"ri","ri-ik","ik",1,1,"tš-ik","tš",1,0,0,1,"riik","tšik"
412,"ri","ri-kas","kas",2,35,"ri-sid","sid",36,1,0,1,"rikas","risid"
814,"first_blank","first_blank-rik","rik",2,69,"first_blank-ker","ker",69,0,0,1,"rikkus","kerkus"
685,"ri","ri-nd","nd",1,1,"du-nd","du",1,0,0,1,"rind","dund"
235,"hk","hk-last_blank","last_blank",1,13,"em-last_blank","em",13,0,0,1,"rõhk","rõem"
89,"ne","ne-last_blank","last_blank",5,2677,"ne-muistsel","muistsel",1,2676,2,3,"romantiline","romantilinemuistsel"
727,"first_blank","first_blank-roo","roo",2,54,"first_blank-tes","tes",54,0,0,1,"rooma","tesma"
549,"first_blank","first_blank-rõõ","rõõ",4,32,"first_blank-eelis","eelis",29,3,2,1,"rõõmustama","eelismustama"
280,"first_blank","first_blank-röö","röö",3,70,"first_blank-taas","taas",70,0,1,1,"röövima","taasvima"
574,"first_blank","first_blank-röö","röö",4,70,"first_blank-elekt","elekt",74,4,2,1,"röövimine","elektvimine"
491,"ro","ro-tt","tt",1,1,"an-tt","an",1,0,0,1,"rott","antt"
743,"lus","lus-last_blank","last_blank",3,131,"valt-last_blank","valt",124,7,1,1,"rumalus","rumavalt"
800,"first_blank","first_blank-rün","rün",3,62,"first_blank-mõis","mõis",61,1,1,1,"ründaja","mõisdaja"
534,"nak","nak-last_blank","last_blank",2,15,"jon-last_blank","jon",15,0,0,1,"rünnak","rünjon"
796,"saa","saa-da","da",2,17,"gel-da","gel",17,0,0,1,"saada","gelda"
122,"sa","sa-ak","ak",1,2,"sa-wy","wy",2,0,0,1,"saak","sawy"
607,"first_blank","first_blank-sääs","sääs",2,21,"first_blank-juus","juus",21,0,0,1,"säästa","juusta"
628,"first_blank","first_blank-saat","saat",2,38,"first_blank-koor","koor",38,0,0,2,"saatja","koorja"
904,"saa","saa-tus","tus",2,6,"gis-tus","gis",6,0,0,1,"saatus","gistus"
970,"taaž","taaž-last_blank","last_blank",3,1,"nuud-last_blank","nuud",1,0,0,1,"sabotaaž","sabonuud"
605,"sa","sa-da","da",2,33,"jel-da","jel",27,6,1,1,"sada","jelda"
26,"sa","sa-da","da",3,33,"tõen-da","tõen",6,27,2,1,"sadama","tõendama"
276,"li","li-last_blank","last_blank",3,667,"li-kopteriga","kopteriga",1,666,1,6,"sageli","sagelikopteriga"
886,"first_blank","first_blank-säi","säi",4,31,"first_blank-trans","trans",34,3,2,1,"säilitama","translitama"
277,"lat","lat-last_blank","last_blank",2,45,"her-last_blank","her",45,0,0,1,"salat","saher"
632,"ves","ves-tus","tus",3,5,"hoia-tus","hoia",4,1,1,1,"salvestus","salhoiatus"
471,"first_blank","first_blank-šam","šam",3,7,"first_blank-mosk","mosk",7,0,1,1,"šampanja","moskpanja"
185,"rai","rai-last_blank","last_blank",3,2,"mürk-last_blank","mürk",2,0,1,1,"samurai","samumürk"
431,"liit","liit-last_blank","last_blank",3,4,"nema-last_blank","nema",4,0,0,1,"satelliit","satelnema"
45,"first_blank","first_blank-sea","sea",2,91,"first_blank-ras","ras",91,0,0,1,"seade","rasde"
380,"first_blank","first_blank-sea","sea",3,91,"first_blank-kont","kont",93,2,1,1,"seaduslik","kontduslik"
133,"se","se-al","al",1,2,"se-co","co",2,0,0,1,"seal","seco"
205,"se","se-es","es",1,2,"se-ha","ha",2,0,0,1,"sees","seha"
452,"giaja","giaja-mi","mi",4,1,"reþii-mi","reþii",1,0,0,1,"segiajamine","sereþiimine"
700,"se","se-gu","gu",2,12,"se-mat","mat",12,0,1,1,"segu","semat"
333,"naa","naa-tor","tor",3,4,"naa-liks","liks",2,2,1,1,"senaator","senaaliks"
209,"first_blank","first_blank-se","se",3,399,"franciscos-se","franciscos",1,398,1,6,"senati","franciscossenati"
171,"ti","ti-mee","mee",4,1,"ti-võrku","võrku",1,0,2,1,"sentimeeter","sentivõrkuter"
840,"si","si-bul","bul",2,1,"si-tüd","tüd",1,0,0,1,"sibul","sitüd"
564,"si","si-ga","ga",2,108,"si-den","den",30,78,1,1,"siga","siden"
275,"si","si-gar","gar",2,1,"si-dei","dei",1,0,0,1,"sigar","sidei"
296,"ret","ret-last_blank","last_blank",3,19,"ning-last_blank","ning",19,0,1,1,"sigaret","siganing"
577,"first_blank","first_blank-sig","sig",2,21,"first_blank-cha","cha",21,0,0,1,"signaal","chanaal"
33,"ni","ni-ne","ne",3,13,"pool-ne","pool",13,0,2,1,"sinine","sipoolne"
90,"si","si-p","p",1,1,"aa-p","aa",1,0,0,1,"sip","aap"
833,"sa","sa-lik","lik",3,3,"sa-test","test",3,0,1,1,"sisalik","sisatest"
525,"se","se-pääs","pääs",3,1,"se-nior","nior",1,0,0,1,"sissepääs","sissenior"
566,"lek","lek-last_blank","last_blank",4,9,"nivad-last_blank","nivad",9,0,2,1,"sissetulek","sissetunivad"
65,"si","si-su","su",2,7,"si-kir","kir",7,0,1,1,"sisu","sikir"
704,"daal","daal-last_blank","last_blank",2,3,"lace-last_blank","lace",3,0,0,1,"skandaal","skanlace"
742,"first_blank","first_blank-snai","snai",2,5,"first_blank-sekt","sekt",5,0,0,1,"snaiper","sektper"
362,"ber","ber-last_blank","last_blank",2,65,"kis-last_blank","kis",65,0,0,1,"sõber","sõkis"
299,"bi","bi-ma","ma",3,15,"koor-ma","koor",11,4,2,1,"sobima","sokoorma"
662,"ra","ra-lik","lik",3,8,"ra-tuur","tuur",7,1,1,1,"sõbralik","sõbratuur"
448,"ne","ne-last_blank","last_blank",4,2677,"ne-muistsel","muistsel",1,2676,2,4,"sõdalane","sõdalanemuistsel"
761,"first_blank","first_blank-sõit","sõit",2,22,"first_blank-igat","igat",22,0,0,1,"sõitma","igatma"
723,"ne","ne-last_blank","last_blank",5,2677,"ne-muistsel","muistsel",1,2676,2,3,"sõjaväeline","sõjaväelinemuistsel"
648,"laad","laad-last_blank","last_blank",3,7,"town-last_blank","town",7,0,0,1,"šokolaad","šokotown"
824,"vang","vang-last_blank","last_blank",2,4,"suni-last_blank","suni",4,0,0,1,"solvang","solsuni"
847,"so","so-nd","nd",1,1,"za-nd","za",1,0,0,1,"sond","zand"
314,"num","num-last_blank","last_blank",2,8,"dar-last_blank","dar",8,0,0,1,"sõnum","sõdar"
978,"soo","soo-da","da",2,5,"der-da","der",5,0,0,1,"sooda","derda"
557,"söö","söö-da","da",2,7,"dur-da","dur",7,0,0,1,"sööda","durda"
666,"soo","soo-dus","dus",3,5,"tõen-dus","tõen",6,1,1,1,"soodustus","tõendustus"
797,"first_blank","first_blank-söö","söö",2,90,"first_blank-mõr","mõr",90,0,0,1,"sööki","mõrki"
733,"söö","söö-ma","ma",2,5,"dus-ma","dus",5,0,0,1,"sööma","dusma"
83,"soo","soo-vi","vi",3,71,"olii-vi","olii",6,65,1,1,"soovima","oliivima"
592,"first_blank","first_blank-sõp","sõp",2,23,"first_blank-ric","ric",23,0,0,1,"sõprus","ricrus"
962,"jälg","jälg-last_blank","last_blank",3,4,"piat-last_blank","piat",4,0,0,1,"sõrmejälg","sõrmepiat"
965,"first_blank","first_blank-spa","spa",3,10,"first_blank-alek","alek",10,0,1,1,"spagetid","alekgetid"
492,"first_blank","first_blank-spet","spet",3,17,"first_blank-hirm","hirm",17,0,0,1,"spetsialist","hirmsialist"
887,"or","or-t","t",1,5,"at-t","at",5,0,0,1,"sport","spatt"
250,"first_blank","first_blank-stii","stii",2,8,"first_blank-seem","seem",8,0,0,1,"stiili","seemli"
505,"first_blank","first_blank-stra","stra",3,16,"first_blank-tööt","tööt",16,0,0,1,"strateegia","töötteegia"
897,"re","re-ik","ik",1,1,"ab-ik","ab",1,0,0,1,"streik","stabik"
842,"tuur","tuur-last_blank","last_blank",2,23,"teed-last_blank","teed",23,0,0,1,"struktuur","strukteed"
517,"gi","gi-sel","sel",3,2,"gi-laua","laua",2,0,1,1,"sügisel","sügilaua"
199,"first_blank","first_blank-suh","suh",4,37,"first_blank-mõist","mõist",36,1,2,1,"suhtumine","mõisttumine"
154,"le","le-tud","tud",3,15,"le-gaal","gaal",14,1,1,1,"suletud","sulegaal"
196,"first_blank","first_blank-sul","sul",2,52,"first_blank-leh","leh",52,0,0,1,"sulge","lehge"
197,"first_blank","first_blank-sul","sul",4,52,"first_blank-kaits","kaits",44,8,2,1,"sulgemine","kaitsgemine"
111,"bol","bol-last_blank","last_blank",2,1,"oad-last_blank","oad",1,0,0,1,"sümbol","sümoad"
885,"first_blank","first_blank-sum","sum",2,25,"first_blank-dis","dis",25,0,0,1,"summa","disma"
282,"sun","sun-di","di",3,16,"koor-di","koor",16,0,1,1,"sundima","koordima"
212,"first_blank","first_blank-sünd","sünd",2,40,"first_blank-asen","asen",40,0,0,1,"sündmus","asenmus"
287,"room","room-last_blank","last_blank",2,1,"loed-last_blank","loed",1,0,0,1,"sündroom","sündloed"
663,"päev","päev-last_blank","last_blank",3,38,"kalt-last_blank","kalt",38,0,0,1,"sünnipäev","sünnikalt"
735,"re","re-ma","ma",3,39,"re-gist","gist",32,7,2,1,"surema","suregist"
589,"sur","sur-nud","nud",2,5,"hel-nud","hel",5,0,0,1,"surnud","helnud"
917,"sü","sü-st","st",1,3,"re-st","re",3,0,0,1,"süstal","restal"
612,"first_blank","first_blank-süs","süs",2,50,"first_blank-era","era",50,0,0,1,"süsteem","erateem"
579,"first_blank","first_blank-süs","süs",4,50,"first_blank-eemal","eemal",46,4,2,1,"süstimine","eemaltimine"
336,"süü","süü-di","di",2,9,"maa-di","maa",9,0,0,1,"süüdi","maadi"
59,"dis","dis-tus","tus",3,10,"staa-tus","staa",1,9,1,1,"süüdistus","süüstaatus"
101,"su","su-ur","ur",1,3,"su-na","na",3,0,0,1,"suur","suna"
722,"first_blank","first_blank-suur","suur",5,49,"first_blank-preest","preest",14,35,2,1,"suurtükivägi","preesttükivägi"
754,"lett","lett-last_blank","last_blank",2,14,"liin-last_blank","liin",14,0,0,1,"tablett","tabliin"
273,"first_blank","first_blank-tae","tae",3,27,"first_blank-lõpp","lõpp",27,0,1,1,"taevane","lõppvane"
830,"si","si-hoid","hoid",5,11,"si-miseks","miseks",9,2,2,1,"tagasihoidlik","tagasimisekslik"
459,"ta","ta-gas","gas",4,20,"ta-nicut","nicut",1,19,2,1,"tagastama","tanicuttama"
859,"mik","mik-last_blank","last_blank",3,27,"teem-last_blank","teem",26,1,1,1,"tagumik","taguteem"
858,"ne","ne-last_blank","last_blank",4,2677,"ne-muistsel","muistsel",1,2676,2,4,"tagumine","taguminemuistsel"
960,"ne","ne-last_blank","last_blank",7,2677,"ne-muistsel","muistsel",1,2676,2,1,"tähelepanuväärne","tähelepanuväärnemuistsel"
39,"tä","tä-ht","ht",1,1,"tä-nk","nk",1,0,0,1,"täht","tänk"
938,"taht","taht-li","li",3,11,"gril-li","gril",11,0,0,1,"tahtlikult","grillikult"
488,"first_blank","first_blank-täht","täht",2,60,"first_blank-pääs","pääs",60,0,0,1,"tähtsaim","päässaim"
169,"täht","täht-sus","sus",2,1,"täht-päe","päe",1,0,0,1,"tähtsus","tähtpäe"
688,"first_blank","first_blank-täie","täie",2,12,"first_blank-piit","piit",12,0,0,1,"täielik","piitlik"
640,"first_blank","first_blank-täies","täies",2,1,"first_blank-brien","brien",1,0,0,1,"täiesti","brienti"
987,"tai","tai-mer","mer",2,1,"tai-lid","lid",1,0,0,1,"taimer","tailid"
127,"first_blank","first_blank-täit","täit",3,23,"first_blank-suun","suun",23,0,0,1,"täitmine","suunmine"
364,"first_blank","first_blank-täius","täius",2,28,"first_blank-pääst","pääst",27,1,0,2,"täiuslik","päästlik"
649,"lent","lent-last_blank","last_blank",2,3,"hang-last_blank","hang",3,0,0,1,"talent","tahang"
358,"ta","ta-lv","lv",1,1,"ta-fa","fa",1,0,0,1,"talv","tafa"
502,"nav","nav-last_blank","last_blank",2,8,"deo-last_blank","deo",8,0,0,1,"tänav","tädeo"
383,"first_blank","first_blank-tant","tant",3,75,"first_blank-kuul","kuul",75,0,0,1,"tantsima","kuulsima"
749,"nu","nu-last_blank","last_blank",2,92,"ril-last_blank","ril",93,1,1,1,"tänu","täril"
815,"first_blank","first_blank-taot","taot",2,19,"first_blank-koht","koht",19,0,0,1,"taotlus","kohtlus"
222,"first_blank","first_blank-tap","tap",2,54,"first_blank-roo","roo",54,0,0,1,"tappa","roopa"
876,"pev","pev-last_blank","last_blank",2,1,"roc-last_blank","roc",1,0,0,1,"tappev","taproc"
468,"ta","ta-ra","ra",2,9,"ta-len","len",9,0,1,1,"tara","talen"
49,"first_blank","first_blank-tas","tas",4,60,"first_blank-elekt","elekt",74,14,2,1,"taskurätik","elektkurätik"
202,"ne","ne-last_blank","last_blank",4,2677,"ne-muistsel","muistsel",1,2676,2,4,"tavaline","tavalinemuistsel"
187,"li","li-selt","selt",4,122,"li-gioos","gioos",6,116,1,1,"tavaliselt","tavaligioos"
118,"first_blank","first_blank-tead","tead",3,90,"first_blank-kont","kont",93,3,0,1,"teadlane","kontlane"
190,"first_blank","first_blank-tead","tead",2,90,"first_blank-kaht","kaht",89,1,0,2,"teadma","kahtma"
14,"first_blank","first_blank-tead","tead",3,90,"first_blank-kaht","kaht",89,1,0,1,"teadmata","kahtmata"
593,"tead","tead-mised","mised",2,1,"murd-mised","murd",1,0,0,1,"teadmised","murdmised"
378,"first_blank","first_blank-tea","tea",2,128,"first_blank-mär","mär",129,1,0,1,"teadus","märdus"
245,"tea","tea-ta","ta",3,31,"mõis-ta","mõis",21,10,1,1,"teatama","mõistama"
615,"tea","tea-ter","ter",2,2,"puu-ter","puu",2,0,0,1,"teater","puuter"
687,"tea","tea-ve","ve",2,1,"lie-ve","lie",1,0,0,1,"teave","lieve"
692,"te","te-e","e",1,1,"nt-e","nt",1,0,0,1,"tee","nte"
610,"first_blank","first_blank-tee","tee",2,197,"first_blank-kir","kir",196,1,0,1,"teema","kirma"
524,"tee","tee-ni","ni",3,45,"plaa-ni","plaa",44,1,1,1,"teenija","plaanija"
430,"vus","vus-last_blank","last_blank",3,60,"maid-last_blank","maid",62,2,1,1,"tegevus","tegemaid"
119,"gut","gut-se","se",4,22,"siaal-se","siaal",5,17,2,1,"tegutsema","tesiaalsema"
937,"his","his-last_blank","last_blank",2,26,"gul-last_blank","gul",26,0,0,1,"tehis-","tegul"
659,"first_blank","first_blank-teh","teh",3,50,"first_blank-maan","maan",51,1,1,1,"tehnika","maannika"
458,"si","si-päev","päev",3,1,"si-auke","auke",1,0,0,1,"teisipäev","teisiauke"
961,"teis","teis-me","me",4,13,"moham-me","moham",1,12,1,1,"teismeline","mohammeline"
36,"fon","fon-last_blank","last_blank",3,10,"rias-last_blank","rias",10,0,1,1,"telefon","telerias"
445,"vi","vi-sioon","sioon",4,3,"vi-duaal","duaal",3,0,0,1,"televisioon","televiduaal"
215,"tel","tel-ki","ki",4,7,"dusid-ki","dusid",1,6,2,1,"telkimine","dusidkimine"
56,"mus","mus-last_blank","last_blank",3,102,"reid-last_blank","reid",102,0,1,1,"tellimus","tellireid"
551,"tuur","tuur-last_blank","last_blank",4,23,"meest-last_blank","meest",23,0,1,1,"temperatuur","temperameest"
404,"first_blank","first_blank-ten","ten",2,15,"first_blank-nak","nak",15,0,0,1,"tennis","naknis"
354,"oo","oo-ri","ri",1,12,"kõ-ri","kõ",12,0,0,1,"teooria","tekõria"
575,"te","te-ras","ras",2,1,"te-ful","ful",1,0,0,1,"teras","teful"
62,"first_blank","first_blank-ter","ter",4,188,"first_blank-kaits","kaits",44,144,2,1,"tervitama","kaitsvitama"
302,"first_blank","first_blank-tõe","tõe",3,50,"first_blank-suur","suur",49,1,1,1,"tõeline","suurline"
229,"näo","näo-li","li",4,10,"mõist-li","mõist",6,4,2,1,"tõenäoline","tõemõistline"
799,"tõen","tõen-da","da",3,6,"kuul-da","kuul",6,0,0,1,"tõendama","kuuldama"
1,"first_blank","first_blank-tões","tões",2,35,"first_blank-võrd","võrd",35,0,0,1,"tõesti","võrdti"
583,"hu","hu-tu","tu",3,8,"kirs-tu","kirs",7,1,2,1,"tohutu","tokirstu"
268,"mi","mi-vus","vus",3,1,"mi-lind","lind",1,0,1,1,"toimivus","toimilind"
500,"lm","lm-last_blank","last_blank",1,14,"av-last_blank","av",14,0,0,1,"tolm","toav"
791,"first_blank","first_blank-tol","tol",3,45,"first_blank-liht","liht",45,0,1,1,"tolmune","lihtmune"
750,"to","to-mat","mat",2,1,"to-rii","rii",1,0,0,1,"tomat","torii"
861,"first_blank","first_blank-tõm","tõm",3,53,"first_blank-maan","maan",51,2,1,1,"tõmbama","maanbama"
914,"first_blank","first_blank-too","too",2,83,"first_blank-lan","lan",84,1,0,1,"toode","lande"
105,"töö","töö-ta","ta",3,57,"alus-ta","alus",33,24,1,1,"töötaja","alustaja"
163,"töö","töö-ta","ta",3,57,"mõis-ta","mõis",21,36,1,1,"töötama","mõistama"
72,"toot","toot-ma","ma",2,1,"hoff-ma","hoff",1,0,0,1,"tootma","hoffma"
103,"toot","toot-mi","mi",3,3,"praa-mi","praa",3,0,0,1,"tootmine","praamine"
357,"first_blank","first_blank-tor","tor",2,114,"first_blank-jõu","jõu",114,0,0,1,"tormi","jõumi"
942,"naa","naa-do","do",3,1,"gwen-do","gwen",1,0,1,1,"tornaado","torgwendo"
258,"first_blank","first_blank-traa","traa",4,18,"first_blank-klien","klien",19,1,1,1,"traagiline","kliengiline"
531,"first_blank","first_blank-tr","tr",1,89,"first_blank-õh","õh",89,0,0,1,"traat","õhaat"
175,"ne","ne-last_blank","last_blank",6,2677,"ne-muistsel","muistsel",1,2676,2,2,"traditsiooniline","traditsioonilinemuistsel"
75,"tr","tr-oo","oo",1,1,"tr-ev","ev",1,0,0,1,"troon","trevn"
763,"raal","raal-ne","ne",4,8,"lusõn-ne","lusõn",2,6,1,1,"tserebraalne","tsereblusõnne"
433,"first_blank","first_blank-tse","tse",4,15,"first_blank-idioo","idioo",16,1,2,1,"tseremoonia","idiooremoonia"
780,"first_blank","first_blank-tsir","tsir",2,9,"first_blank-liig","liig",9,0,0,1,"tsirkus","liigkus"
402,"sioon","sioon-last_blank","last_blank",5,127,"tuseks-last_blank","tuseks",34,93,1,1,"tsivilisatsioon","tsivilisattuseks"
630,"ts","ts-oo","oo",1,1,"ts-au","au",1,0,0,1,"tsoon","tsaun"
30,"ru","ru-kud","kud",3,3,"ru-plat","plat",3,0,1,1,"tüdrukud","tüdruplat"
792,"ge","ge-valt","valt",3,2,"ge-meel","meel",2,0,0,1,"tugevalt","tugemeel"
892,"kk","kk-last_blank","last_blank",1,37,"hu-last_blank","hu",37,0,0,1,"tükk","tühu"
807,"le","le-mus","mus",3,9,"le-heit","heit",9,0,1,1,"tulemus","tuleheit"
391,"tu","tu-lis","lis",4,42,"tu-tuult","tuult",1,41,2,1,"tulistama","tutuulttama"
17,"first_blank","first_blank-tul","tul",2,37,"first_blank-keh","keh",37,0,0,1,"tulla","kehla"
267,"tu","tu-me","me",2,53,"tu-vad","vad",51,2,1,1,"tume","tuvad"
879,"first_blank","first_blank-tund","tund",2,54,"first_blank-tree","tree",55,1,0,1,"tundlik","treelik"
143,"first_blank","first_blank-tun","tun",2,253,"first_blank-saa","saa",250,3,0,1,"tunne","saane"
514,"nel","nel-last_blank","last_blank",2,23,"din-last_blank","din",23,0,0,1,"tunnel","tundin"
803,"nis","nis-ta","ta",4,81,"värva-ta","värva",1,80,2,1,"tunnistama","tunvärvatama"
473,"nis","nis-tus","tus",3,30,"väär-tus","väär",27,3,1,1,"tunnistus","tunväärtus"
641,"first_blank","first_blank-tür","tür",2,8,"first_blank-nan","nan",8,0,0,1,"türgi","nangi"
927,"tu","tu-run","run",3,2,"tu-taks","taks",2,0,1,1,"turundus","tutaksdus"
895,"first_blank","first_blank-tuu","tuu",2,75,"first_blank-ene","ene",75,0,0,1,"tuuma-","enema"
50,"first_blank","first_blank-ud","ud",1,8,"first_blank-hy","hy",8,0,0,1,"udu","hyu"
510,"first_blank","first_blank-ühen","ühen",2,44,"first_blank-mees","mees",45,1,0,1,"ühendus","meesdus"
697,"üht","üht-ne","ne",2,1,"kii-ne","kii",1,0,0,1,"ühtne","kiine"
701,"first_blank","first_blank-uju","uju",2,38,"first_blank-pen","pen",38,0,0,1,"ujuma","penma"
396,"first_blank","first_blank-uk","uk",1,31,"first_blank-dr","dr",32,1,0,1,"uks","drs"
211,"sikisik","sikisik-last_blank","last_blank",2,1,"singist-last_blank","singist",1,0,0,2,"üksikisik","üksingist"
8,"sil","sil-da","da",4,10,"teeru-da","teeru",3,7,2,1,"üksildane","ükteerudane"
843,"bus","bus-last_blank","last_blank",2,28,"sik-last_blank","sik",28,0,0,1,"ülbus","ülsik"
972,"first_blank","first_blank-üldi","üldi",2,8,"first_blank-laie","laie",8,0,0,1,"üldiselt","laieselt"
176,"and","and-mi","mi",4,8,"mõist-mi","mõist",7,1,2,1,"üleandmine","ülemõistmine"
179,"ilm","ilm-ne","ne",4,9,"suaal-ne","suaal",6,3,2,1,"ülemaailmne","ülemaasuaalne"
691,"üle","üle-mi","mi",3,6,"aato-mi","aato",6,0,1,1,"ülemine","aatomine"
164,"first_blank","first_blank-üle","üle",2,258,"first_blank-pea","pea",258,0,0,1,"ülemus","peamus"
87,"ül","ül-es","es",1,1,"ak-es","ak",1,0,0,1,"üles","akes"
957,"vaa","vaa-tus","tus",3,9,"unis-tus","unis",8,1,1,1,"ülevaatus","üleunistus"
356,"kool","kool-last_blank","last_blank",2,8,"poes-last_blank","poes",8,0,0,1,"ülikool","ülipoes"
996,"ül","ül-im","im",1,1,"sa-im","sa",1,0,0,1,"ülim","saim"
254,"ber","ber-last_blank","last_blank",2,65,"rad-last_blank","rad",65,0,0,1,"ümber","ümrad"
204,"be","be-s","s",1,1,"vi-s","vi",1,0,0,1,"umbes","umvis"
486,"first_blank","first_blank-une","une",3,39,"first_blank-char","char",39,0,1,1,"unenägu","charnägu"
542,"ii","ii-n","n",1,1,"mo-n","mo",1,0,0,1,"uriin","urmon"
246,"first_blank","first_blank-usal","usal",2,64,"first_blank-plaa","plaa",63,1,0,1,"usaldus","plaadus"
139,"us","us-k","k",1,2,"ei-k","ei",2,0,0,1,"usk","eik"
303,"first_blank","first_blank-us","us",3,109,"first_blank-võit","võit",105,4,2,1,"uskuma","võitkuma"
613,"tav","tav-last_blank","last_blank",2,178,"nis-last_blank","nis",173,5,0,1,"ustav","usnis"
999,"first_blank","first_blank-usu","usu",2,27,"first_blank-jõl","jõl",27,0,0,1,"usutav","jõltav"
260,"first_blank","first_blank-üt","üt",3,61,"first_blank-mõis","mõis",61,0,2,1,"ütlema","mõislema"
44,"first_blank","first_blank-uudi","uudi",2,7,"first_blank-ööbi","ööbi",7,0,0,1,"uudised","ööbised"
951,"first_blank","first_blank-uuri","uuri",2,66,"first_blank-järg","järg",66,0,0,1,"uurija","järgja"
982,"üüri","üüri-le","le",4,4,"chand-le","chand",4,0,1,1,"üürileandja","chandleandja"
100,"first_blank","first_blank-uuri","uuri",2,66,"first_blank-järg","järg",66,0,0,1,"uurima","järgma"
599,"first_blank","first_blank-uu","uu",1,39,"first_blank-pl","pl",39,0,0,1,"uuring","plring"
862,"first_blank","first_blank-vää","vää",3,72,"first_blank-taas","taas",70,2,1,1,"väärikas","taasrikas"
558,"first_blank","first_blank-vää","vää",3,72,"first_blank-taas","taas",70,2,1,1,"väärikus","taasrikus"
868,"first_blank","first_blank-väär","väär",4,46,"first_blank-eemal","eemal",46,0,1,1,"väärtusetu","eemaltusetu"
716,"ba","ba-last_blank","last_blank",2,117,"sis-last_blank","sis",115,2,1,1,"vaba","vasis"
114,"ban","ban-da","da",4,14,"teeru-da","teeru",3,11,2,1,"vabandama","vateerudama"
827,"taht","taht-li","li",5,11,"keskea-li","keskea",3,8,2,1,"vabatahtlikult","vabakeskealikult"
102,"vä","vä-ga","ga",2,5,"mor-ga","mor",6,1,1,1,"väga","morga"
274,"he","he-aeg","aeg",3,5,"he-dust","dust",5,0,1,1,"vaheaeg","vahedust"
781,"hend","hend-last_blank","last_blank",2,13,"bert-last_blank","bert",13,0,0,1,"vahend","vabert"
565,"vä","vä-hen","hen",4,22,"vä-lisuk","lisuk",2,20,2,1,"vähendama","välisukdama"
236,"va","va-his","his",4,34,"va-nemad","nemad",7,27,2,1,"vahistama","vanemadtama"
345,"hk","hk-last_blank","last_blank",1,13,"em-last_blank","em",13,0,0,1,"vähk","väem"
778,"vaid","vaid-lus","lus",4,4,"teesk-lus","teesk",1,3,1,1,"vaidlustama","teesklustama"
153,"first_blank","first_blank-väi","väi",2,81,"first_blank-car","car",81,0,0,1,"väike","carke"
655,"vai","vai-kus","kus",2,2,"vai-mad","mad",2,0,0,1,"vaikus","vaimad"
466,"va","va-im","im",1,2,"va-ls","ls",2,0,0,1,"vaim","vals"
635,"va","va-ip","ip",1,1,"va-ry","ry",1,0,0,1,"vaip","vary"
181,"ja","ja-dus","dus",3,7,"ja-mõel","mõel",4,3,1,1,"vajadus","vajamõel"
522,"va","va-ju","ju",4,28,"va-nemad","nemad",7,21,3,1,"vajutama","vanemadtama"
15,"first_blank","first_blank-vakt","vakt",2,6,"first_blank-kaab","kaab",6,0,0,1,"vaktsiin","kaabsiin"
297,"la","la-mu","mu",3,1,"la-nokk","nokk",1,0,2,1,"valamu","valanokk"
104,"va","va-le","le",2,146,"va-ban","ban",33,113,1,1,"vale","vaban"
507,"va","va-le","le",4,146,"teesk-le","teesk",12,134,3,1,"valetaja","teeskletaja"
78,"gus","gus-last_blank","last_blank",2,104,"val-last_blank","val",104,0,0,1,"valgus","valval"
766,"li","li-ge","ge",3,9,"rönt-ge","rönt",6,3,2,1,"valige","varöntge"
874,"li","li-ja","ja",3,15,"kand-ja","kand",16,1,2,1,"valija","vakandja"
508,"ma","ma-lus","lus",6,14,"ma-rakratt","rakratt",1,13,4,1,"valikuvõimalus","valikuvõimarakratt"
870,"li","li-mised","mised",3,3,"li-poiss","poiss",2,1,0,1,"valimised","valipoiss"
671,"vä","vä-li","li",3,37,"isik-li","isik",15,22,2,1,"väline","isikline"
307,"ne","ne-last_blank","last_blank",5,2677,"ne-muistsel","muistsel",1,2676,2,3,"välismaalane","välismaalanemuistsel"
623,"lit","lit-sus","sus",3,11,"kuul-sus","kuul",6,5,1,1,"valitsus","vakuulsus"
851,"ja","ja-kut","kut",4,16,"ja-miega","miega",1,15,2,1,"väljakutse","väljamiegase"
884,"ja","ja-pres","pres",5,8,"ja-maical","maical",1,7,2,1,"väljapressima","väljamaicalsima"
81,"väl","väl-jen","jen",4,29,"väl-divad","divad",1,28,2,1,"väljendama","väldivaddama"
958,"ne","ne-last_blank","last_blank",5,2677,"ne-muistsel","muistsel",1,2676,2,3,"vallandamine","vallandaminemuistsel"
389,"mis","mis-ta","ta",4,42,"keela-ta","keela",1,41,2,1,"valmistama","valkeelatama"
286,"lu","lu-last_blank","last_blank",2,101,"mis-last_blank","mis",103,2,1,1,"valu","vamis"
155,"val","val-va","va",3,24,"meie-va","meie",5,19,1,1,"valvama","meievama"
535,"piir","piir-last_blank","last_blank",2,2,"part-last_blank","part",2,0,0,1,"vampiir","vampart"
300,"va","va-n","n",1,1,"ou-n","ou",1,0,0,1,"van","oun"
423,"naema","naema-last_blank","last_blank",2,2,"naist-last_blank","naist",2,0,0,1,"vanaema","vanaist"
509,"first_blank","first_blank-van","van",2,144,"first_blank-abi","abi",143,1,0,1,"vande","abide"
880,"nem","nem-last_blank","last_blank",2,10,"duv-last_blank","duv",10,0,0,1,"vanem","vaduv"
493,"van","van-gi","gi",3,35,"geor-gi","geor",3,32,1,1,"vangija","georgija"
974,"gis","gis-tus","tus",3,6,"gis-maal","maal",1,5,1,1,"vangistus","vangismaal"
643,"first_blank","first_blank-vang","vang",2,23,"first_blank-stan","stan",23,0,0,1,"vangla","stanla"
968,"va","va-nil","nil",3,5,"va-seks","seks",5,0,1,1,"vanilje","vaseksje"
602,"van","van-ni","ni",4,18,"ookea-ni","ookea",8,10,2,1,"vannituba","ookeanituba"
186,"first_blank","first_blank-vap","vap",2,5,"first_blank-hus","hus",5,0,0,1,"vapper","husper"
410,"ra","ra-last_blank","last_blank",2,299,"kud-last_blank","kud",296,3,1,1,"vara","vakud"
225,"rav","rav-last_blank","last_blank",2,9,"auk-last_blank","auk",9,0,0,1,"värav","väauk"
753,"paik","paik-last_blank","last_blank",3,19,"rium-last_blank","rium",19,0,0,1,"varjupaik","varjurium"
905,"first_blank","first_blank-värs","värs",4,26,"first_blank-reaal","reaal",24,2,1,1,"värskendama","reaalkendama"
812,"va","va-rus","rus",4,30,"va-nemad","nemad",7,23,2,1,"varustama","vanemadtama"
251,"le","le-last_blank","last_blank",4,3284,"le-viisorist","viisorist",1,3283,1,6,"vasakule","vasakuleviisorist"
265,"vas","vas-ta","ta",3,107,"ooda-ta","ooda",2,105,1,1,"vastama","oodatama"
470,"vas","vas-ta","ta",3,107,"hoia-ta","hoia",17,90,1,1,"vastane","hoiatane"
371,"tik","tik-last_blank","last_blank",2,58,"ras-last_blank","ras",60,2,0,1,"vastik","vasras"
825,"tu","tu- sei"," sei",4,1,"tu-lauas","lauas",1,0,1,1,"vastu seisma","vastulauassma"
686,"tma","tma-last_blank","last_blank",4,1,"seuse-last_blank","seuse",1,0,2,1,"vastu võtma","vastu võseuse"
872,"olus","olus-last_blank","last_blank",3,2,"bisi-last_blank","bisi",2,0,0,1,"vastuolus","vastubisi"
504,"first_blank","first_blank-vas","vas",2,270,"first_blank-kuu","kuu",275,5,0,1,"vastus","kuutus"
983,"tu","tu-last_blank","last_blank",6,486,"tu-likrõps","likrõps",1,485,3,3,"vastutustundetu","vastutustundetulikrõps"
152,"de","de-lik","lik",3,8,"de-test","test",3,5,1,1,"vedelik","vedetest"
679,"rand","rand-last_blank","last_blank",2,7,"rius-last_blank","rius",7,0,0,1,"veerand","veerius"
335,"ve","ve-nd","nd",1,1,"jä-nd","jä",1,0,0,1,"vend","jänd"
123,"na","na-poeg","poeg",3,1,"na-gist","gist",1,0,0,1,"vennapoeg","vennagist"
933,"ne","ne-last_blank","last_blank",6,2677,"ne-muistsel","muistsel",1,2676,2,2,"ventileerimine","ventileeriminemuistsel"
166,"ve","ve-nus","nus",2,1,"ve-sai","sai",1,0,0,1,"venus","vesai"
147,"first_blank","first_blank-veo","veo",3,31,"first_blank-naab","naab",31,0,1,1,"veoauto","naabauto"
261,"lum","lum-last_blank","last_blank",4,5,"niega-last_blank","niega",5,0,2,1,"verevalum","verevaniega"
891,"si","si-nik","nik",3,7,"si-tuat","tuat",6,1,1,1,"vesinik","vesituat"
726,"deot","deot-last_blank","last_blank",2,2,"nyst-last_blank","nyst",2,0,0,1,"videot","vinyst"
560,"gas","gas-tus","tus",3,8,"riie-tus","riie",6,2,1,1,"vigastus","viriietus"
554,"ha","ha-ne","ne",3,25,"sioo-ne","sioo",24,1,2,1,"vihane","visioone"
110,"vii","vii-ma","ma",3,20,"tund-ma","tund",19,1,1,1,"viimati","tundmati"
316,"vi","vi-in","in",1,1,"vi-bü","bü",1,0,0,1,"viin","vibü"
160,"sard","sard-last_blank","last_blank",2,2,"kass-last_blank","kass",2,0,0,1,"viisard","viikass"
912,"vii","vii-ta","ta",3,3,"ajas-ta","ajas",3,0,1,1,"viitama","ajastama"
924,"let","let-sus","sus",3,9,"kuul-sus","kuul",6,3,1,1,"viletsus","vikuulsus"
828,"vi","vi-lis","lis",4,14,"vi-suaal","suaal",5,9,2,1,"vilistama","visuaaltama"
745,"first_blank","first_blank-vil","vil",2,49,"first_blank-mor","mor",49,0,0,1,"viljad","morjad"
249,"vi","vi-sioon","sioon",2,3,"vi-deoma","deoma",3,0,0,2,"visioon","videoma"
789,"miin","miin-last_blank","last_blank",3,6,"reas-last_blank","reas",6,0,0,1,"vitamiin","vitareas"
138,"võ","võ-id","id",1,1,"de-id","de",1,0,0,1,"võid","deid"
586,"lus","lus-last_blank","last_blank",3,131,"valt-last_blank","valt",124,7,1,1,"võimalus","võimavalt"
882,"first_blank","first_blank-või","või",2,231,"first_blank-kan","kan",225,6,0,1,"võime","kanme"
922,"või","või-me","me",3,50,"sead-me","sead",10,40,1,1,"võimetu","seadmetu"
117,"või","või-ta","ta",2,1,"rau-ta","rau",1,0,0,1,"võita","rauta"
157,"võit","võit-ja","ja",2,10,"sias-ja","sias",7,3,0,2,"võitja","siasja"
41,"first_blank","first_blank-võit","võit",3,105,"first_blank-kind","kind",98,7,0,1,"võitleja","kindleja"
54,"first_blank","first_blank-võit","võit",3,105,"first_blank-kind","kind",98,7,0,1,"võitlema","kindlema"
617,"li","li-nik","nik",3,3,"li-kott","kott",3,0,1,1,"volinik","volikott"
19,"luv","luv-last_blank","last_blank",2,4,"vie-last_blank","vie",4,0,0,1,"võluv","võvie"
536,"first_blank","first_blank-voo","voo",2,71,"first_blank-pak","pak",71,0,0,1,"voodi","pakdi"
875,"voo","voo-lik","lik",2,2,"tav-lik","tav",2,0,0,1,"voolik","tavlik"
741,"rk","rk-last_blank","last_blank",1,35,"pp-last_blank","pp",35,0,0,1,"võrk","võpp"
795,"wat","wat-son","son",2,1,"mon-son","mon",1,0,0,1,"watson","monson"
