"word_id","first","original_pair","second","syll","original_freq","replacement_pair","replacement_syll","replacement_freq","freq_diff","char_diff","letter_diff","original_word","replacement_word"
25,"first_blank","first_blank-aaf","aaf",3,7,"first_blank-chuc","chuc",7,0,1,1,"aafrika","chucrika"
675,"first_blank","first_blank-aa","aa",2,25,"first_blank-res","res",25,0,1,1,"aare","resre"
908,"mi","mi-selt","selt",3,9,"mi-tiiv","tiiv",5,4,0,1,"äärmiselt","äärmitiiv"
760,"ta","ta-päev","päev",3,2,"ta-vaim","vaim",2,0,0,1,"aastapäev","aastavaim"
869,"first_blank","first_blank-aato","aato",2,9,"first_blank-ahel","ahel",9,0,0,1,"aatomi-","ahelmi"
3,"elu","elu-la","la",5,1,"võibol-la","võibol",1,0,3,1,"abielulahutus","abivõibollahutus"
494,"kaa","kaa-sa","sa",3,28,"täht-sa","täht",18,10,1,1,"abikaasa","abitähtsa"
989,"abi","abi-tu","tu",2,6,"ves-tu","ves",6,0,0,1,"abitu","vestu"
784,"luut","luut-selt","selt",4,1,"stiil-selt","stiil",1,0,1,1,"absoluutselt","absostiilselt"
627,"kaat","kaat-last_blank","last_blank",3,6,"lius-last_blank","lius",6,0,0,1,"advokaat","advolius"
152,"ja","ja-lt","lt",1,1,"ja-re","re",1,0,0,1,"aeg-ajalt","aegajare"
264,"first_blank","first_blank-aeg","aeg",3,36,"first_blank-liik","liik",36,0,1,1,"aeglane","liiklane"
265,"la","la-selt","selt",3,7,"la-mise","mise",8,1,0,1,"aeglaselt","aeglamise"
79,"first_blank","first_blank-ag","ag",1,35,"first_blank-we","we",35,0,0,1,"agent","weent"
301,"ahe","ahe-la","la",2,6,"dek-la","dek",6,0,0,1,"ahela","dekla"
601,"ah","ah-i","i",1,2,"kk-i","kk",2,0,0,1,"ahi","kki"
129,"first_blank","first_blank-ah","ah",1,71,"first_blank-fo","fo",72,1,0,1,"ahv","fov"
166,"ds","ds-last_blank","last_blank",1,8,"ye-last_blank","ye",8,0,0,1,"aids","aiye"
5,"ai","ai-ta","ta",3,26,"tuse-ta","tuse",11,15,2,1,"aitama","tusetama"
611,"aja","aja-kir","kir",4,32,"aja-looks","looks",1,31,2,1,"ajakirjandus","ajalooksjandus"
849,"aj","aj-u","u",1,1,"rk-u","rk",1,0,0,1,"aju","rku"
874,"ak","ak-en","en",1,2,"ma-en","ma",2,0,0,1,"aken","maen"
535,"first_blank","first_blank-äk","äk",2,3,"first_blank-hac","hac",3,0,1,1,"äkki","hacki"
812,"tiiv","tiiv-ne","ne",3,23,"väär-ne","väär",19,4,0,1,"aktiivne","akväärne"
853,"al","al-a","a",1,5,"ju-a","ju",6,1,0,1,"ala","jua"
389,"ala","ala-hin","hin",4,13,"enese-hin","enese",4,9,2,1,"alahinnata","enesehinnata"
772,"first_blank","first_blank-aland","aland",2,8,"first_blank-ühend","ühend",8,0,0,1,"alandlik","ühendlik"
18,"first_blank","first_blank-alas","alas",2,12,"first_blank-isan","isan",12,0,0,1,"alasti","isanti"
586,"ala","ala-ti","ti",2,3,"mid-ti","mid",3,0,0,1,"alati","midti"
374,"bum","bum-last_blank","last_blank",2,2,"noi-last_blank","noi",2,0,0,1,"album","alnoi"
505,"li","li-last_blank","last_blank",4,667,"li-kopteriga","kopteriga",1,666,1,5,"alkoholi","alkoholikopteriga"
883,"la","la-last_blank","last_blank",2,284,"kud-last_blank","kud",296,12,1,1,"alla","alkud"
504,"ama","ama-last_blank","last_blank",5,1,"diseid-last_blank","diseid",1,0,3,1,"alla neelama","alla neeldiseid"
190,"li","li-kas","kas",3,13,"li-gent","gent",11,2,1,1,"allikas","alligent"
546,"vee","vee-laev","laev",3,1,"vee-värk","värk",1,0,0,1,"allveelaev","allveevärk"
934,"dma","dma-last_blank","last_blank",6,1,"põrkeks-last_blank","põrkeks",1,0,4,1,"altkäemaksu andma","altkäemaksu anpõrkeks"
568,"al","al-us","us",1,3,"rc-us","rc",3,0,0,1,"alus","rcus"
624,"töör","töör-last_blank","last_blank",2,2,"tics-last_blank","tics",2,0,0,1,"amatöör","amatics"
643,"first_blank","first_blank-ämb","ämb",2,19,"first_blank-ohv","ohv",19,0,0,1,"ämblik","ohvlik"
26,"first_blank","first_blank-amet","amet",3,25,"first_blank-laul","laul",25,0,0,1,"ametlikult","laullikult"
898,"tik","tik-last_blank","last_blank",3,58,"kese-last_blank","kese",58,0,1,1,"analüütik","analüükese"
245,"hia","hia-last_blank","last_blank",2,9,"lek-last_blank","lek",9,0,0,1,"anarhia","anarlek"
633,"mia","mia-last_blank","last_blank",3,23,"vest-last_blank","vest",23,0,1,1,"anatoomia","anatoovest"
906,"des","des-ta","ta",4,26,"hoora-ta","hoora",1,25,2,1,"andestama","anhooratama"
140,"des","des-tus","tus",3,1,"quin-tus","quin",1,0,1,1,"andestus","anquintus"
808,"and","and-med","med",2,2,"and-roi","roi",2,0,0,1,"andmed","androi"
691,"dur","dur-last_blank","last_blank",2,22,"lev-last_blank","lev",22,0,0,1,"andur","anlev"
641,"kur","kur-da","da",4,2,"sihti-da","sihti",1,1,2,1,"ankurdama","ansihtidama"
765,"an","an-nus","nus",2,1,"an-daa","daa",1,0,0,1,"annus","andaa"
803,"nüüm","nüüm-ne","ne",3,1,"muun-ne","muun",1,0,0,1,"anonüümne","anomuunne"
921,"doot","doot-last_blank","last_blank",3,1,"saad-last_blank","saad",1,0,0,1,"antidoot","antisaad"
570,"ära","ära- hoi"," hoi",3,1,"ära-taks","taks",1,0,0,1,"ära hoidma","ärataksdma"
295,"ne","ne-last_blank","last_blank",5,2677,"ne-muistsel","muistsel",1,2676,2,3,"ärakuulamine","ärakuulaminemuistsel"
366,"ar","ar-ee","ee",1,1,"tw-ee","tw",1,0,0,1,"areen","tween"
976,"mu","mu-ka","ka",4,10,"ovaal-ka","ovaal",2,8,3,1,"armukade","arovaalkade"
37,"mu","mu-ke","ke",3,9,"värs-ke","värs",6,3,2,1,"armuke","arvärske"
40,"se","se-nal","nal",3,1,"se-riiv","riiv",1,0,1,1,"arsenal","arseriiv"
449,"fakt","fakt-last_blank","last_blank",3,2,"rish-last_blank","rish",2,0,0,1,"artefakt","arterish"
15,"tik","tik-kel","kel",3,1,"fran-kel","fran",1,0,1,1,"artikkel","arfrankel"
806,"first_blank","first_blank-aru","aru",3,89,"first_blank-tead","tead",90,1,1,1,"aruanne","teadanne"
751,"mus","mus-last_blank","last_blank",3,102,"reid-last_blank","reid",102,0,1,1,"arvamus","arvareid"
47,"ar","ar-ves","ves",4,31,"ar-roway","roway",1,30,2,1,"arvestama","arrowaytama"
50,"first_blank","first_blank-asen","asen",3,40,"first_blank-hoia","hoia",40,0,0,1,"asendama","hoiadama"
478,"riin","riin-last_blank","last_blank",3,7,"maat-last_blank","maat",7,0,0,1,"aspiriin","aspimaat"
774,"as","as-s","s",1,7,"mp-s","mp",7,0,0,1,"ass","mps"
592,"naut","naut-last_blank","last_blank",3,3,"rool-last_blank","rool",3,0,0,1,"astronaut","astrorool"
996,"tiiv","tiiv-ne","ne",4,23,"suaal-ne","suaal",6,17,1,1,"atraktiivne","atraksuaalne"
891,"first_blank","first_blank-aus","aus",2,51,"first_blank-tal","tal",51,0,0,1,"austus","taltus"
122,"togramm","togramm-last_blank","last_blank",2,1,"taarabi-last_blank","taarabi",1,0,0,2,"autogramm","autaarabi"
27,"au","au-top","top",3,1,"au-pais","pais",1,0,1,1,"autopsia","aupaissia"
498,"au","au-tor","tor",2,2,"au-pak","pak",1,1,0,1,"autor","aupak"
753,"ava","ava-ma","ma",2,2,"hoo-ma","hoo",2,0,0,1,"avama","hooma"
754,"ava","ava-mi","mi",3,3,"trum-mi","trum",3,0,1,1,"avamine","trummine"
790,"nüü","nüü-last_blank","last_blank",2,2,"mac-last_blank","mac",2,0,0,1,"avenüü","avemac"
427,"naan","naan-last_blank","last_blank",2,2,"sard-last_blank","sard",2,0,0,1,"banaan","basard"
825,"toon","toon-last_blank","last_blank",2,3,"tent-last_blank","tent",3,0,0,1,"betoon","betent"
57,"first_blank","first_blank-boo","boo",2,14,"first_blank-jus","jus",14,0,0,1,"boonus","jusnus"
837,"än","än-d","d",1,2,"ea-d","ea",2,0,0,1,"bränd","bread"
19,"first_blank","first_blank-bra","bra",2,16,"first_blank-lep","lep",16,0,0,1,"bravo","lepvo"
679,"ar","ar-last_blank","last_blank",1,39,"nt-last_blank","nt",39,0,0,1,"caesar","caesnt"
625,"kaan","kaan-last_blank","last_blank",2,3,"lace-last_blank","lace",3,0,0,1,"dekaan","delace"
785,"tor","tor-last_blank","last_blank",4,108,"misel-last_blank","misel",109,1,2,1,"detonaator","detonaamisel"
305,"tiv","tiv-last_blank","last_blank",3,3,"lukk-last_blank","lukk",3,0,1,1,"digustiv","diguslukk"
997,"dii","dii-van","van",2,1,"dii-sis","sis",1,0,0,1,"diivan","diisis"
411,"lom","lom-last_blank","last_blank",2,3,"kah-last_blank","kah",3,0,0,1,"diplom","dipkah"
742,"first_blank","first_blank-dn","dn",1,3,"first_blank-kv","kv",3,0,0,1,"dna","kva"
415,"kon","kon-last_blank","last_blank",2,7,"ryt-last_blank","ryt",7,0,0,1,"draakon","draaryt"
316,"first_blank","first_blank-draa","draa",2,16,"first_blank-laag","laag",16,0,0,1,"draama","laagma"
678,"ne","ne-last_blank","last_blank",5,2677,"ne-muistsel","muistsel",1,2676,2,3,"dramaatiline","dramaatilinemuistsel"
189,"tia","tia-last_blank","last_blank",3,16,"ruum-last_blank","ruum",16,0,1,1,"dünastia","dünasruum"
949,"šš","šš-last_blank","last_blank",1,1,"µi-last_blank","µi",1,0,0,1,"dušš","duµi"
974,"first_blank","first_blank-dv","dv",1,1,"first_blank-hq","hq",1,0,0,1,"dvd","hqd"
460,"first_blank","first_blank-džun","džun",2,1,"first_blank-slur","slur",1,0,0,1,"džungel","slurgel"
964,"eba","eba-mõist","mõist",3,1,"eba-määra","määra",1,0,0,1,"ebamõistlik","ebamääralik"
87,"gav","gav-last_blank","last_blank",3,8,"hust-last_blank","hust",8,0,1,1,"ebamugav","ebamuhust"
88,"õig","õig-lus","lus",3,2,"nuht-lus","nuht",2,0,1,1,"ebaõiglus","ebanuhtlus"
344,"ne","ne-last_blank","last_blank",5,2677,"ne-muistsel","muistsel",1,2676,2,3,"ebatavaline","ebatavalinemuistsel"
215,"uma","uma-last_blank","last_blank",5,1,"sikott-last_blank","sikott",1,0,3,1,"edasi liikuma","edasi liiksikott"
472,"first_blank","first_blank-ed","ed",1,43,"first_blank-th","th",43,0,0,1,"edu","thu"
31,"edusam","edusam-me","me",2,1,"togram-me","togram",1,0,0,2,"edusamme","togramme"
653,"first_blank","first_blank-eel","eel",3,103,"first_blank-võit","võit",105,2,1,1,"eelarve","võitarve"
168,"ee","ee-se","se",1,1,"ca-se","ca",1,0,0,1,"eesel","casel"
259,"first_blank","first_blank-ees","ees",2,74,"first_blank-and","and",74,0,0,1,"eesmärk","andmärk"
775,"ees","ees-mi","mi",3,1,"ploo-mi","ploo",1,0,1,1,"eesmine","ploomine"
93,"first_blank","first_blank-ehi","ehi",2,69,"first_blank-rik","rik",69,0,0,1,"ehitus","riktus"
476,"raan","raan-last_blank","last_blank",2,5,"sant-last_blank","sant",5,0,0,1,"ekraan","eksant"
744,"pert","pert-last_blank","last_blank",2,5,"kepp-last_blank","kepp",5,0,0,1,"ekspert","ekskepp"
100,"ela","ela-ma","ma",2,1,"ker-ma","ker",1,0,0,1,"elama","kerma"
192,"nik","nik-kond","kond",3,1,"nik-laus","laus",1,0,0,1,"elanikkond","elaniklaus"
762,"us","us-last_blank","last_blank",1,55,"tt-last_blank","tt",55,0,0,1,"elus","eltt"
200,"em","em-a","a",1,5,"ju-a","ju",6,1,0,1,"ema","jua"
132,"first_blank","first_blank-ena","ena",2,33,"first_blank-ron","ron",33,0,0,1,"enamus","ronmus"
479,"tapp","tapp-last_blank","last_blank",3,1,"peye-last_blank","peye",1,0,0,1,"enesetapp","enesepeye"
273,"sias","sias-mi","mi",4,2,"lusum-mi","lusum",3,1,1,1,"entusiasmi","entulusummi"
776,"first_blank","first_blank-erand","erand",2,1,"first_blank-roano","roano",1,0,0,1,"erandlik","roanolik"
10,"eri","eri-li","li",3,12,"komp-li","komp",11,1,1,1,"eriline","kompline"
977,"esi","esi-me","me",3,15,"juht-me","juht",8,7,1,1,"esimene","juhtmene"
221,"esi","esi-ne","ne",3,33,"väär-ne","väär",19,14,1,1,"esinema","väärnema"
980,"esi","esi-ta","ta",3,24,"kvar-ta","kvar",7,17,1,1,"esitama","kvartama"
231,"kort","kort-last_blank","last_blank",2,1,"tons-last_blank","tons",1,0,0,1,"eskort","estons"
816,"mas","mas-päev","päev",3,1,"mas-saaþ","saaþ",1,0,0,1,"esmaspäev","esmassaaþ"
598,"ne","ne-last_blank","last_blank",7,2677,"ne-muistsel","muistsel",1,2676,2,1,"ettevalmistamine","ettevalmistaminemuistsel"
329,"te","te-last_blank","last_blank",4,2541,"te-gutsesin","gutsesin",1,2540,2,4,"ettevõte","ettevõtegutsesin"
486,"sioon","sioon-last_blank","last_blank",3,127,"misel-last_blank","misel",109,18,0,1,"evolutsioon","evolutmisel"
578,"first_blank","first_blank-fa","fa",1,80,"first_blank-ük","ük",80,0,0,1,"faas","ükas"
84,"first_blank","first_blank-fai","fai",2,12,"first_blank-vib","vib",12,0,0,1,"faili","vibli"
99,"first_blank","first_blank-fak","fak",2,24,"first_blank-hõl","hõl",24,0,0,1,"faktor","hõltor"
758,"men","men-last_blank","last_blank",3,13,"jaam-last_blank","jaam",13,0,1,1,"fenomen","fenojaam"
667,"fia","fia-last_blank","last_blank",4,13,"punkt-last_blank","punkt",13,0,2,1,"filosoofia","filosoopunkt"
673,"raal","raal-ne","ne",4,8,"lusõn-ne","lusõn",2,6,1,1,"föderaalne","födelusõnne"
262,"first_blank","first_blank-foo","foo",2,11,"first_blank-new","new",11,0,0,1,"fookus","newkus"
857,"first_blank","first_blank-frag","frag",2,3,"first_blank-fitz","fitz",3,0,0,1,"fragment","fitzment"
445,"first_blank","first_blank-füü","füü",3,31,"first_blank-naab","naab",31,0,1,1,"füüsika","naabsika"
355,"ga","ga-as","as",1,2,"ga-ki","ki",2,0,0,1,"gaas","gaki"
499,"rii","rii-last_blank","last_blank",3,9,"puks-last_blank","puks",9,0,1,1,"galerii","galepuks"
131,"ga","ga-ng","ng",1,2,"ga-di","di",2,0,0,1,"gang","gadi"
416,"tii","tii-last_blank","last_blank",3,4,"sate-last_blank","sate",4,0,1,1,"garantii","garansate"
800,"first_blank","first_blank-gee","gee",2,20,"first_blank-bro","bro",20,0,0,1,"geenius","bronius"
664,"tor","tor-last_blank","last_blank",4,108,"misel-last_blank","misel",109,1,2,1,"generaator","generaamisel"
823,"lf","lf-last_blank","last_blank",1,10,"hn-last_blank","hn",10,0,0,1,"golf","gohn"
137,"first_blank","first_blank-gr","gr",1,63,"first_blank-õp","õp",63,0,0,1,"gripp","õpipp"
941,"first_blank","first_blank-haa","haa",2,89,"first_blank-aru","aru",89,0,0,1,"haagis","arugis"
17,"äl","äl-last_blank","last_blank",1,4,"wa-last_blank","wa",4,0,0,1,"hääl","häwa"
689,"first_blank","first_blank-haa","haa",3,89,"first_blank-kesk","kesk",93,4,1,1,"haarama","keskrama"
975,"first_blank","first_blank-haa","haa",2,89,"first_blank-aru","aru",89,0,0,1,"haava","aruva"
240,"ha","ha-i","i",1,1,"rc-i","rc",1,0,0,1,"hai","rci"
136,"first_blank","first_blank-hai","hai",2,91,"first_blank-iga","iga",91,0,0,1,"haige","igage"
287,"first_blank","first_blank-haig","haig",2,22,"first_blank-toit","toit",22,0,0,1,"haigla","toitla"
560,"ha","ha-ne","ne",2,25,"ha-las","las",22,3,1,1,"hane","halas"
609,"ha","ha-sart","sart",4,7,"ha-toosi","toosi",1,6,1,1,"hasartmängud","hatoosimängud"
244,"ha","ha-ud","ud",1,1,"ha-hi","hi",1,0,0,1,"haud","hahi"
141,"he","he-a","a",1,1,"zc-a","zc",1,0,0,1,"hea","zca"
29,"hea","hea-te","te",4,19,"lalis-te","lalis",12,7,2,1,"heategevus","lalistegevus"
818,"he","he-lis","lis",4,50,"he-panza","panza",1,49,2,1,"helistama","hepanzatama"
684,"ir","ir-last_blank","last_blank",1,15,"um-last_blank","um",15,0,0,1,"hiir","hium"
951,"first_blank","first_blank-hil","hil",2,35,"first_blank-pos","pos",35,0,0,1,"hilja","posja"
917,"ng","ng-last_blank","last_blank",1,77,"ly-last_blank","ly",77,0,0,1,"hing","hily"
165,"first_blank","first_blank-hir","hir",4,62,"first_blank-elekt","elekt",74,12,2,1,"hirmutama","elektmutama"
217,"mu","mu-tav","tav",3,1,"mu-siga","siga",1,0,1,1,"hirmutav","hirmusiga"
748,"tt","tt-last_blank","last_blank",1,55,"us-last_blank","us",55,0,0,1,"hitt","hius"
745,"ho","ho-bi","bi",2,3,"ho-maa","maa",3,0,1,1,"hobi","homaa"
138,"first_blank","first_blank-hoia","hoia",3,40,"first_blank-juht","juht",40,0,0,1,"hoiatama","juhttama"
734,"first_blank","first_blank-hoia","hoia",2,40,"first_blank-sünd","sünd",40,0,0,2,"hoiatus","sündtus"
170,"hom","hom-me","me",2,3,"jee-me","jee",3,0,0,1,"homme","jeeme"
7,"moon","moon-last_blank","last_blank",2,5,"tern-last_blank","tern",5,0,0,1,"hormoon","hortern"
481,"tell","tell-last_blank","last_blank",2,4,"jälg-last_blank","jälg",4,0,0,1,"hotell","hojälg"
685,"meel","meel-sus","sus",4,5,"prant-sus","prant",7,2,1,1,"hullumeelsus","hulluprantsus"
576,"first_blank","first_blank-hüüd","hüüd",3,14,"first_blank-töös","töös",14,0,0,1,"hüüdnimi","töösnimi"
561,"le","le-pulk","pulk",3,1,"le-torn","torn",1,0,0,1,"huulepulk","huuletorn"
787,"ideaal","ideaal-ne","ne",2,1,"lisesi-ne","lisesi",1,0,0,3,"ideaalne","lisesine"
824,"first_blank","first_blank-id","id",1,24,"first_blank-hõ","hõ",24,0,0,1,"idee","hõee"
180,"first_blank","first_blank-iga","iga",2,91,"first_blank-ras","ras",91,0,0,1,"iga päev","ras päev"
181,"iga","iga-ve","ve",3,6,"proh-ve","proh",5,1,1,1,"igavene","prohvene"
704,"gaal","gaal-ne","ne",4,2,"lusõn-ne","lusõn",2,0,1,1,"illegaalne","illelusõnne"
144,"lu","lu-sioon","sioon",3,1,"lu-peole","peole",1,0,0,1,"illusioon","illupeole"
984,"mu","mu-tus","tus",3,3,"mu-seid","seid",2,1,1,1,"ilmutus","ilmuseid"
117,"first_blank","first_blank-ime","ime",3,100,"first_blank-võit","võit",105,5,1,1,"imeline","võitline"
369,"ime","ime-ma","ma",2,1,"klõ-ma","klõ",1,0,0,1,"imema","klõma"
162,"first_blank","first_blank-imet","imet",3,25,"first_blank-kiir","kiir",25,0,0,1,"imetlema","kiirlema"
261,"pe","pe-riaal","riaal",4,1,"pe-tööst","tööst",1,0,0,1,"imperiaalne","impetööstne"
349,"gel","gel-last_blank","last_blank",2,44,"vam-last_blank","vam",44,0,0,1,"ingel","invam"
619,"ing","ing-li","li",3,11,"komp-li","komp",11,0,1,1,"inglise","komplise"
32,"ner","ner-last_blank","last_blank",3,72,"jaks-last_blank","jaks",72,0,1,1,"insener","insejaks"
995,"first_blank","first_blank-ins","ins",3,43,"first_blank-ühen","ühen",44,1,1,1,"inspektor","ühenpektor"
193,"pi","pi-ree","ree",5,10,"pi-dusöök","dusöök",1,9,3,1,"inspireerima","inspidusöökrima"
195,"tinkt","tinkt-last_blank","last_blank",2,3,"teost-last_blank","teost",3,0,0,1,"instinkt","insteost"
999,"ter","ter-net","net",3,2,"daan-net","daan",1,1,1,1,"internet","indaannet"
532,"dent","dent-last_blank","last_blank",3,8,"löök-last_blank","löök",8,0,0,1,"intsident","intsilöök"
687,"va","va-sioon","sioon",3,1,"va-rises","rises",1,0,0,1,"invasioon","invarises"
198,"first_blank","first_blank-iroo","iroo",2,6,"first_blank-sood","sood",6,0,0,1,"iroonia","soodnia"
101,"first_blank","first_blank-is","is",1,144,"first_blank-co","co",144,0,0,1,"isa","coa"
75,"is","is-an","an",1,2,"ru-an","ru",2,0,0,1,"isand","ruand"
202,"first_blank","first_blank-ise","ise",2,78,"first_blank-tut","tut",78,0,0,1,"iseloom","tutloom"
875,"first_blank","first_blank-is","is",1,144,"first_blank-co","co",144,0,0,1,"isik","coik"
194,"isik","isik-lik","lik",2,3,"nist-lik","nist",3,0,0,1,"isiklik","nistlik"
205,"first_blank","first_blank-jä","jä",1,212,"first_blank-as","as",219,7,0,1,"jää","asä"
241,"ne","ne-last_blank","last_blank",6,2677,"ne-muistsel","muistsel",1,2676,2,2,"jahipidamine","jahipidaminemuistsel"
90,"rel","rel-dus","dus",3,4,"koon-dus","koon",3,1,1,1,"järeldus","jäkoondus"
210,"first_blank","first_blank-jär","jär",3,89,"first_blank-kaht","kaht",89,0,1,1,"järgima","kahtgima"
491,"zz","zz-last_blank","last_blank",1,4,"äl-last_blank","äl",4,0,0,1,"jazz","jaäl"
971,"first_blank","first_blank-je","je",1,69,"first_blank-du","du",69,0,0,1,"jeep","duep"
214,"first_blank","first_blank-jõ","jõ",1,40,"first_blank-bl","bl",40,0,0,1,"jõe","ble"
223,"first_blank","first_blank-jõh","jõh",2,5,"first_blank-dex","dex",5,0,0,1,"jõhker","dexker"
444,"first_blank","first_blank-joo","joo",2,102,"first_blank-las","las",102,0,0,1,"jooga","lasga"
639,"lud","lud-last_blank","last_blank",2,21,"jja-last_blank","jja",21,0,0,1,"jõulud","jõujja"
184,"ju","ju-ba","ba",2,1,"par-ba","par",1,0,1,1,"juba","parba"
882,"ha","ha-ta","ta",4,44,"eelis-ta","eelis",13,31,3,1,"juhataja","jueelistaja"
531,"first_blank","first_blank-juh","juh",3,111,"first_blank-võit","võit",105,6,1,1,"juhtima","võittima"
142,"first_blank","first_blank-juh","juh",4,111,"first_blank-elekt","elekt",74,37,2,1,"juhtimine","elekttimine"
987,"hus","hus-last_blank","last_blank",2,24,"sal-last_blank","sal",24,0,0,1,"juhus","jusal"
523,"olek","olek-last_blank","last_blank",3,12,"raat-last_blank","raat",12,0,0,1,"julgeolek","julgeraat"
425,"gus","gus-last_blank","last_blank",2,104,"val-last_blank","val",104,0,0,1,"julgus","julval"
225,"mal","mal-last_blank","last_blank",2,56,"led-last_blank","led",56,0,0,1,"jumal","juled"
160,"ju","ju-st","st",1,1,"ow-st","ow",1,0,0,1,"just","owst"
528,"ua","ua-last_blank","last_blank",1,17,"ot-last_blank","ot",17,0,0,1,"juua","juot"
134,"juuk","juuk-sed","sed",2,1,"kõik-sed","kõik",1,0,0,1,"juuksed","kõiksed"
228,"juu","juu-nis","nis",2,1,"goo-nis","goo",1,0,0,1,"juunis","goonis"
846,"kaa","kaa-bel","bel",2,3,"kaa-lid","lid",3,0,0,1,"kaabel","kaalid"
327,"ka","ka-al","al",1,3,"ka-ue","ue",3,0,0,1,"kaal","kaue"
46,"kaa","kaa-lu","lu",3,32,"seik-lu","seik",9,23,1,1,"kaaluma","seikluma"
463,"kaa","kaa-me","me",3,42,"liik-me","liik",18,24,1,1,"kaamera","liikmera"
847,"first_blank","first_blank-kaas","kaas",3,75,"first_blank-inim","inim",77,2,0,1,"kaasaegne","inimaegne"
640,"kaa","kaa-sa","sa",4,28,"väeos-sa","väeos",1,27,2,1,"kaasamine","väeossamine"
155,"kaas","kaas-tund","tund",3,5,"kaas-last","last",3,2,0,1,"kaastundlik","kaaslastlik"
551,"biin","biin-last_blank","last_blank",2,4,"seim-last_blank","seim",4,0,0,1,"kabiin","kaseim"
246,"bi","bi-net","net",3,3,"bi-pääs","pääs",2,1,1,1,"kabinet","kabipääs"
767,"bus","bus-last_blank","last_blank",2,28,"sik-last_blank","sik",28,0,0,1,"kaebus","kaesik"
446,"first_blank","first_blank-kae","kae",3,124,"first_blank-võit","võit",105,19,1,1,"kaevama","võitvama"
310,"he","he-kord","kord",4,5,"he-teist","teist",4,1,1,1,"kahekordne","kaheteistne"
89,"väär","väär-ne","ne",5,19,"petent-ne","petent",2,17,2,1,"kahetsusväärne","kahetsuspetentne"
237,"first_blank","first_blank-kaht","kaht",3,89,"first_blank-tead","tead",90,1,0,1,"kahtlema","teadlema"
642,"first_blank","first_blank-kai","kai",2,31,"first_blank-blo","blo",31,0,0,1,"kaine","blone"
239,"first_blank","first_blank-kaits","kaits",2,44,"first_blank-võist","võist",43,1,0,1,"kaitsma","võistma"
16,"käi","käi-vi","vi",3,36,"proo-vi","proo",46,10,1,1,"käivitus","proovitus"
509,"first_blank","first_blank-kaks","kaks",3,3,"first_blank-thor","thor",3,0,0,1,"kaks korda","thor korda"
12,"len","len-der","der",3,1,"chow-der","chow",1,0,1,1,"kalender","kachowder"
72,"lii","lii-ber","ber",3,1,"lii-vias","vias",1,0,1,1,"kaliiber","kaliivias"
519,"first_blank","first_blank-kal","kal",2,165,"first_blank-pii","pii",166,1,0,1,"kallis","piilis"
947,"first_blank","first_blank-kam","kam",2,46,"first_blank-ele","ele",46,0,0,1,"kamber","eleber"
929,"nia","nia-last_blank","last_blank",3,51,"vust-last_blank","vust",51,0,1,1,"kampaania","kampaavust"
867,"ka","ka-na","na",2,53,"ka-ris","ris",49,4,1,1,"kana","karis"
897,"ka","ka-nal","nal",2,3,"ka-rid","rid",3,0,0,1,"kanal","karid"
927,"daat","daat-last_blank","last_blank",3,3,"holm-last_blank","holm",3,0,0,1,"kandidaat","kandiholm"
948,"ka","ka-neel","neel",2,1,"ka-teid","teid",1,0,0,1,"kaneel","kateid"
201,"kael","kael-ne","ne",4,1,"seiii-ne","seiii",1,0,1,1,"kangekaelne","kangeseiiine"
545,"first_blank","first_blank-kan","kan",4,225,"first_blank-elekt","elekt",74,151,2,1,"kangelane","elektgelane"
761,"kan","kan-na","na",4,50,"puhta-na","puhta",1,49,2,1,"kannatama","puhtanatama"
938,"ne","ne-last_blank","last_blank",5,2677,"ne-muistsel","muistsel",1,2676,2,3,"kannatamine","kannataminemuistsel"
232,"nat","nat-lik","lik",4,7,"täius-lik","täius",9,2,2,1,"kannatlikkus","kantäiuslikkus"
621,"first_blank","first_blank-kants","kants",2,4,"first_blank-ports","ports",4,0,0,1,"kantsler","portsler"
707,"ka","ka-os","os",1,3,"eg-os","eg",3,0,0,1,"kaos","egos"
992,"kao","kao-ta","ta",3,36,"alus-ta","alus",33,3,1,1,"kaotaja","alustaja"
396,"li","li-last_blank","last_blank",4,667,"li-kopteriga","kopteriga",1,666,1,5,"kapitali-","kapitalikopteriga"
733,"first_blank","first_blank-kap","kap",2,42,"first_blank-löö","löö",42,0,0,1,"kapsel","löösel"
912,"ka","ka-ris","ris",4,49,"ka-vanda","vanda",2,47,2,1,"karistama","kavandatama"
946,"ris","ris-tus","tus",3,8,"ris-kant","kant",5,3,1,1,"karistus","kariskant"
433,"jäär","jäär-last_blank","last_blank",2,2,"dier-last_blank","dier",2,0,0,1,"karjäär","kardier"
335,"ka","ka-rm","rm",1,1,"ka-wa","wa",1,0,0,1,"karm","kawa"
118,"ne","ne-val","val",3,4,"ne-tist","tist",4,0,1,1,"karneval","karnetist"
835,"kar","kar-tu","tu",3,27,"alis-tu","alis",13,14,1,1,"kartuli","alistuli"
175,"ru","ru-last_blank","last_blank",2,95,"dan-last_blank","dan",96,1,1,1,"karu","kadan"
250,"kä","kä-si","si",2,47,"tak-si","tak",47,0,1,1,"käsi","taksi"
821,"sk","sk-last_blank","last_blank",1,19,"or-last_blank","or",19,0,0,1,"käsk","käor"
991,"ama","ama-last_blank","last_blank",4,1,"rebro-last_blank","rebro",1,0,2,1,"kasu saama","kasu sarebro"
92,"su","su-lik","lik",3,6,"su-dest","dest",4,2,1,1,"kasulik","kasudest"
721,"sum","sum-last_blank","last_blank",2,4,"kov-last_blank","kov",4,0,0,1,"kasum","kakov"
904,"su","su-tu","tu",3,3,"su-maks","maks",3,0,2,1,"kasutu","kasumaks"
913,"first_blank","first_blank-kas","kas",3,158,"first_blank-võit","võit",105,53,1,1,"kasvaja","võitvaja"
104,"tk","tk-last_blank","last_blank",1,6,"gh-last_blank","gh",6,0,0,1,"katk","kagh"
574,"kat","kat-ma","ma",2,2,"ros-ma","ros",2,0,0,1,"katma","rosma"
338,"to","to-li","li",4,7,"mõist-li","mõist",6,1,3,1,"katoliku","kamõistliku"
254,"first_blank","first_blank-kat","kat",2,179,"first_blank-hin","hin",177,2,0,1,"katse","hinse"
525,"te","te-maks","maks",3,6,"te-reid","reid",6,0,0,1,"kättemaks","kättereid"
258,"dus","dus-lik","lik",4,25,"aland-lik","aland",5,20,2,1,"kaubanduslik","kaubanalandlik"
267,"kau","kau-gus","gus",2,2,"kau-nei","nei",2,0,0,1,"kaugus","kaunei"
594,"ka","ka-us","us",1,3,"tõ-us","tõ",3,0,0,1,"kauss","tõuss"
260,"first_blank","first_blank-keela","keela",2,12,"first_blank-juhti","juhti",12,0,0,3,"keelatud","juhtitud"
961,"first_blank","first_blank-keel","keel",3,29,"first_blank-pais","pais",29,0,0,1,"keelduma","paisduma"
68,"mia","mia-last_blank","last_blank",2,23,"nel-last_blank","nel",23,0,0,1,"keemia","keenel"
113,"ner","ner-last_blank","last_blank",2,72,"rus-last_blank","rus",72,0,0,1,"kelner","kelrus"
69,"kaal","kaal-last_blank","last_blank",3,8,"nyga-last_blank","nyga",8,0,0,1,"kemikaal","keminyga"
330,"ke","ke-re","re",2,10,"lau-re","lau",6,4,1,1,"kere","laure"
55,"first_blank","first_blank-kesk","kesk",2,93,"first_blank-kont","kont",93,0,0,1,"keskkond","kontkond"
263,"first_blank","first_blank-kesk","kesk",2,93,"first_blank-kont","kont",93,0,0,1,"kesköö","kontöö"
435,"šup","šup-last_blank","last_blank",3,1,"reth-last_blank","reth",1,0,1,1,"ketšup","ketreth"
750,"ke","ke-va","va",3,10,"ke-seks","seks",14,4,2,1,"kevane","keseksne"
593,"ht","ht-last_blank","last_blank",1,30,"ch-last_blank","ch",30,0,0,1,"kiht","kich"
703,"ip","ip-last_blank","last_blank",1,12,"lg-last_blank","lg",12,0,0,1,"kiip","kilg"
158,"ki","ki-ir","ir",1,7,"ki-hi","hi",7,0,0,1,"kiirabi","kihiabi"
135,"ne","ne-last_blank","last_blank",6,2677,"ne-muistsel","muistsel",1,2676,2,2,"kiireloomuline","kiireloomulinemuistsel"
487,"ver","ver-last_blank","last_blank",2,45,"lat-last_blank","lat",45,0,0,1,"kiiver","kiilat"
130,"lo","lo-last_blank","last_blank",2,70,"gud-last_blank","gud",70,0,1,1,"kilo","kigud"
459,"lo","lo-mee","mee",4,1,"lo-kaust","kaust",1,0,2,1,"kilomeeter","kilokaustter"
41,"ki","ki-lp","lp",1,1,"ki-vu","vu",1,0,0,1,"kilp","kivu"
8,"first_blank","first_blank-kin","kin",2,187,"first_blank-ter","ter",188,1,0,1,"kindel","terdel"
855,"lalt","lalt-last_blank","last_blank",2,17,"gaks-last_blank","gaks",17,0,0,1,"kindlalt","kindgaks"
133,"ema","ema-last_blank","last_blank",5,7,"gaksid-last_blank","gaksid",4,3,3,1,"kinni panema","kinni pangaksid"
585,"ama","ama-last_blank","last_blank",5,1,"dusöök-last_blank","dusöök",1,0,3,1,"kinni pidama","kinni piddusöök"
271,"ne","ne-last_blank","last_blank",5,2677,"ne-muistsel","muistsel",1,2676,2,3,"kinnitamine","kinnitaminemuistsel"
807,"no","no-last_blank","last_blank",2,102,"mus-last_blank","mus",102,0,1,1,"kino","kimus"
233,"ki","ki-rik","rik",2,2,"ki-sen","sen",2,0,0,1,"kirik","kisen"
935,"jel","jel-da","da",4,27,"pihti-da","pihti",1,26,2,1,"kirjeldama","kirpihtidama"
447,"first_blank","first_blank-kirs","kirs",2,13,"first_blank-konk","konk",13,0,0,1,"kirstu","konktu"
42,"rurg","rurg-last_blank","last_blank",2,6,"ping-last_blank","ping",6,0,0,1,"kirurg","kiping"
368,"first_blank","first_blank-kit","kit",2,45,"first_blank-pri","pri",45,0,0,1,"kitsas","prisas"
283,"vi","vi-last_blank","last_blank",2,157,"mad-last_blank","mad",158,1,1,1,"kivi","kimad"
636,"kl","kl-aa","aa",1,7,"st-aa","st",7,0,0,1,"klaas","staas"
575,"kl","kl-an","an",1,3,"ff-an","ff",3,0,0,1,"klann","ffann"
323,"first_blank","first_blank-kl","kl",1,45,"first_blank-gu","gu",45,0,0,1,"klass","guass"
282,"first_blank","first_blank-kla","kla",2,30,"first_blank-uni","uni",30,0,0,1,"klaver","univer"
65,"first_blank","first_blank-klu","klu",2,16,"first_blank-jee","jee",16,0,0,1,"klubi","jeebi"
251,"ko","ko-er","er",1,2,"nb-er","nb",2,0,0,1,"koer","nber"
779,"ta","ta-last_blank","last_blank",4,1259,"ta-vatsesin","vatsesin",1,1258,2,3,"kogemata","kogematavatsesin"
804,"mus","mus-last_blank","last_blank",3,102,"reid-last_blank","reid",102,0,1,1,"kogemus","kogereid"
291,"gu","gu-ma","ma",3,10,"tead-ma","tead",10,0,2,1,"koguma","koteadma"
360,"gus","gus-last_blank","last_blank",2,104,"val-last_blank","val",104,0,0,1,"kogus","koval"
782,"gu","gu-sum","sum",4,1,"gu-plats","plats",1,0,2,1,"kogusumma","koguplatsma"
553,"first_blank","first_blank-kö","kö",2,29,"first_blank-vor","vor",29,0,1,1,"köha","vorha"
645,"olek","olek-last_blank","last_blank",3,12,"pust-last_blank","pust",12,0,0,1,"kohalolek","kohalpust"
52,"ht","ht-last_blank","last_blank",1,30,"ay-last_blank","ay",30,0,0,1,"koht","koay"
53,"vus","vus-last_blank","last_blank",5,60,"toriga-last_blank","toriga",17,43,3,1,"kohtualluvus","kohtuallutoriga"
183,"ti","ti-sus","sus",5,1,"ti-retkel","retkel",1,0,3,1,"kõhulahtisus","kõhulahtiretkel"
294,"hus","hus-last_blank","last_blank",2,24,"sal-last_blank","sal",24,0,0,1,"kohus","kosal"
298,"hu","hu-tav","tav",3,4,"hu-meel","meel",5,1,1,1,"kohutav","kohumeel"
300,"ver","ver-last_blank","last_blank",2,45,"lat-last_blank","lat",45,0,0,1,"kohver","kohlat"
159,"kaiin","kaiin-last_blank","last_blank",2,1,"dawan-last_blank","dawan",1,0,0,1,"kokaiin","kodawan"
303,"ko","ko-kk","kk",1,1,"ko-za","za",1,0,0,1,"kokk","koza"
409,"le","le-tis","tis",3,15,"le-gaal","gaal",14,1,1,1,"koletis","kolegaal"
885,"ledž","ledž-last_blank","last_blank",2,1,"lowe-last_blank","lowe",1,0,0,1,"kolledž","kollowe"
725,"leeg","leeg-last_blank","last_blank",2,2,"lary-last_blank","lary",2,0,0,1,"kolleeg","kollary"
510,"first_blank","first_blank-kol","kol",2,159,"first_blank-var","var",159,0,0,1,"kolmas","varmas"
120,"ko","ko-loo","loo",3,13,"ko-hast","hast",13,0,1,1,"koloonia","kohastnia"
708,"sioon","sioon-last_blank","last_blank",4,127,"tused-last_blank","tused",66,61,0,1,"kombinatsioon","kombinattused"
313,"su","su-last_blank","last_blank",6,176,"su-perstaar","perstaar",1,175,2,2,"komisjonitasu","komisjonitasuperstaar"
64,"taar","taar-last_blank","last_blank",3,3,"kink-last_blank","kink",3,0,0,1,"kommentaar","kommenkink"
230,"pass","pass-last_blank","last_blank",2,1,"šees-last_blank","šees",1,0,0,1,"kompass","komšees"
270,"komp","komp-li","li",3,11,"pähk-li","pähk",11,0,0,1,"kompliment","pähkliment"
227,"first_blank","first_blank-kõ","kõ",2,202,"first_blank-vii","vii",202,0,1,1,"kõne","viine"
914,"likt","likt-last_blank","last_blank",2,1,"lows-last_blank","lows",1,0,0,1,"konflikt","konflows"
455,"rents","rents-last_blank","last_blank",3,3,"tiast-last_blank","tiast",3,0,0,1,"konkurents","konkutiast"
719,"ko","ko-nn","nn",1,1,"ko-aa","aa",1,0,0,1,"konn","koaa"
384,"va","va-tiiv","tiiv",5,2,"va-nemaks","nemaks",2,0,2,1,"konservatiivne","konservanemaksne"
871,"takt","takt-last_blank","last_blank",2,1,"giit-last_blank","giit",1,0,0,1,"kontakt","kongiit"
441,"roll","roll-last_blank","last_blank",2,7,"ruks-last_blank","ruks",7,0,0,1,"kontroll","kontruks"
320,"first_blank","first_blank-kont","kont",4,93,"first_blank-eemal","eemal",46,47,1,1,"kontrollima","eemalrollima"
426,"first_blank","first_blank-kont","kont",3,93,"first_blank-tead","tead",90,3,0,1,"kontseptsioon","teadseptsioon"
293,"rents","rents-last_blank","last_blank",3,3,"rough-last_blank","rough",3,0,0,1,"konverents","konverough"
563,"ko","ko-od","od",1,1,"ko-bo","bo",1,0,0,1,"kood","kobo"
252,"or","or-last_blank","last_blank",1,19,"ee-last_blank","ee",19,0,0,1,"koor","koee"
373,"first_blank","first_blank-koor","koor",2,38,"first_blank-saat","saat",38,0,0,2,"koormus","saatmus"
541,"bes","bes-last_blank","last_blank",2,6,"gat-last_blank","gat",6,0,0,1,"kõrbes","kõrgat"
235,"first_blank","first_blank-kõ","kõ",2,202,"first_blank-vii","vii",202,0,1,1,"kõri","viiri"
331,"ral","ral-da","da",4,31,"täien-da","täien",10,21,2,1,"korraldama","kortäiendama"
60,"ra","ra-lik","lik",3,8,"ra-tuur","tuur",7,1,1,1,"korralik","korratuur"
91,"val","val-da","da",4,37,"täien-da","täien",10,27,2,1,"kõrvaldama","kõrtäiendama"
209,"first_blank","first_blank-korv","korv",2,6,"first_blank-klau","klau",6,0,0,1,"korvpall","klaupall"
362,"first_blank","first_blank-kre","kre",3,25,"first_blank-alan","alan",25,0,1,1,"krediiti","alandiiti"
972,"first_blank","first_blank-krii","krii",4,48,"first_blank-eemal","eemal",46,2,1,1,"kriimustama","eemalmustama"
612,"first_blank","first_blank-krii","krii",4,48,"first_blank-eemal","eemal",46,2,1,1,"kriitiline","eemaltiline"
848,"kr","kr-oo","oo",1,3,"bl-oo","bl",3,0,0,1,"kroon","bloon"
709,"ner","ner-last_blank","last_blank",3,72,"jaks-last_blank","jaks",72,0,1,1,"kuberner","kuberjaks"
442,"ku","ku-iv","iv",1,2,"ku-ui","ui",2,0,0,1,"kuiv","kuui"
408,"lus","lus-või","või",5,4,"lus-tuseks","tuseks",1,3,3,1,"kujutlusvõime","kujutlustuseksme"
792,"lis","lis-lah","lah",5,6,"hezbol-lah","hezbol",1,5,3,1,"külalislahkus","külahezbollahkus"
167,"kuld","kuld-ne","ne",2,1,"nuwi-ne","nuwi",1,0,0,1,"kuldne","nuwine"
852,"first_blank","first_blank-kul","kul",2,80,"first_blank-aas","aas",80,0,0,1,"kultuur","aastuur"
347,"gan","gan-na","na",4,10,"korst-na","korst",2,8,2,1,"kuninganna","kuninkorstna"
348,"ning","ning-lik","lik",3,4,"leid-lik","leid",4,0,0,1,"kuninglik","kuleidlik"
275,"ku","ku-ns","ns",1,1,"ku-lg","lg",1,0,0,1,"kunst","kulgt"
423,"first_blank","first_blank-kunst","kunst",2,16,"first_blank-teist","teist",16,0,0,1,"kunstnik","teistnik"
845,"ku","ku-rb","rb",1,1,"ku-nä","nä",1,0,0,1,"kurb","kunä"
224,"jus","jus-last_blank","last_blank",2,38,"gem-last_blank","gem",38,0,0,1,"kurjus","kurgem"
354,"mus","mus-last_blank","last_blank",3,102,"reid-last_blank","reid",102,0,1,1,"küsimus","küsireid"
71,"ku","ku-tt","tt",1,1,"ku-ei","ei",1,0,0,1,"kutt","kuei"
492,"ku","ku-u","u",1,1,"rk-u","rk",1,0,0,1,"kuu","rku"
356,"kuu","kuu-la","la",3,59,"haig-la","haig",19,40,1,1,"kuulama","haiglama"
778,"first_blank","first_blank-kuul","kuul",2,75,"first_blank-kait","kait",75,0,0,1,"kuulsus","kaitsus"
59,"kuul","kuul-sus","sus",4,6,"prant-sus","prant",7,1,1,1,"kuulsusrikas","prantsusrikas"
723,"lu","lu-jutt","jutt",3,1,"lu-poeg","poeg",1,0,0,1,"kuulujutt","kuulupoeg"
341,"um","um-last_blank","last_blank",1,15,"po-last_blank","po",15,0,0,1,"kuum","kupo"
147,"üs","üs-last_blank","last_blank",1,5,"gg-last_blank","gg",5,0,0,1,"küüs","kügg"
712,"lauk","lauk-last_blank","last_blank",2,1,"jõul-last_blank","jõul",1,0,0,1,"küüslauk","küüsjõul"
340,"first_blank","first_blank-laa","laa",2,48,"first_blank-ase","ase",48,0,0,1,"laager","aseger"
178,"first_blank","first_blank-lää","lää",2,20,"first_blank-gre","gre",20,0,0,1,"läänes","grenes"
695,"he","he-last_blank","last_blank",2,79,"vas-last_blank","vas",79,0,1,1,"lahe","lavas"
257,"he","he-dal","dal",3,4,"he-võit","võit",4,0,1,1,"lähedal","lähevõit"
406,"first_blank","first_blank-lah","lah",3,103,"first_blank-võit","võit",105,2,1,1,"lahkuma","võitkuma"
334,"lah","lah-ter","ter",2,1,"kes-ter","kes",1,0,0,1,"lahter","kester"
182,"la","la-me","me",4,13,"seits-me","seits",7,6,3,1,"lamedama","seitsmedama"
359,"mp","mp-last_blank","last_blank",1,17,"ot-last_blank","ot",17,0,0,1,"lamp","laot"
718,"lan","lan-gus","gus",2,3,"lan-dil","dil",3,0,0,1,"langus","landil"
370,"la","la-ps","ps",1,2,"la-ko","ko",2,0,0,1,"laps","lako"
289,"se","se-hoid","hoid",4,17,"se-ruumi","ruumi",2,15,1,1,"lapsehoidja","lapseruumija"
968,"se","se-laps","laps",3,1,"se-vend","vend",1,0,0,1,"lapselaps","lapsevend"
743,"sag","sag-na","na",3,1,"vete-na","vete",1,0,1,1,"lasagna","lavetena"
319,"la","la-ud","ud",1,2,"la-di","di",2,0,0,1,"laud","ladi"
490,"first_blank","first_blank-laul","laul",2,25,"first_blank-alan","alan",25,0,0,1,"laulja","alanja"
637,"päev","päev-last_blank","last_blank",2,38,"kalt-last_blank","kalt",38,0,0,2,"laupäev","laukalt"
39,"gion","gion-last_blank","last_blank",2,1,"dici-last_blank","dici",1,0,0,1,"leegion","leedici"
713,"le","le-hm","hm",1,1,"le-xu","xu",1,0,0,1,"lehm","lexu"
229,"le","le-ib","ib",1,1,"ch-ib","ch",1,0,0,1,"leib","chib"
304,"ping","ping-last_blank","last_blank",2,6,"miin-last_blank","miin",6,0,0,1,"leping","lemiin"
128,"first_blank","first_blank-les","les",2,26,"first_blank-mad","mad",26,0,0,1,"lesbi","madbi"
496,"le","le-sk","sk",1,1,"le-as","as",1,0,0,1,"lesk","leas"
394,"first_blank","first_blank-lib","lib",3,9,"first_blank-kons","kons",9,0,1,1,"liblikas","konslikas"
387,"salt","salt-last_blank","last_blank",2,34,"lasi-last_blank","lasi",34,0,0,1,"lihtsalt","lihtlasi"
453,"lii","lii-ga","ga",2,2,"rea-ga","rea",2,0,0,1,"liiga","reaga"
390,"lii","lii-ge","ge",2,8,"nõr-ge","nõr",8,0,0,1,"liige","nõrge"
879,"lii","lii-ku","ku",3,56,"täht-ku","täht",5,51,1,1,"liikuma","tähtkuma"
735,"mo","mo-naad","naad",3,1,"mo-soom","soom",1,0,0,1,"limonaad","limosoom"
755,"pp","pp-last_blank","last_blank",1,35,"rd-last_blank","rd",35,0,0,1,"lipp","lird"
399,"sa","sa-last_blank","last_blank",2,202,"tis-last_blank","tis",199,3,1,1,"lisa","litis"
595,"first_blank","first_blank-lõh","lõh",3,77,"first_blank-inim","inim",77,0,1,1,"lõhkema","inimkema"
894,"jaal","jaal-ne","ne",3,2,"tent-ne","tent",2,0,0,1,"lojaalne","lotentne"
62,"jaal","jaal-sus","sus",3,1,"kort-sus","kort",1,0,0,1,"lojaalsus","lokortsus"
736,"lõk","lõk-su","su",2,4,"vat-su","vat",4,0,0,1,"lõksu","vatsu"
179,"lo","lo-ll","ll",1,1,"lo-gg","gg",1,0,0,1,"loll","logg"
851,"maaia","maaia-last_blank","last_blank",2,1,"ranza-last_blank","ranza",1,0,0,1,"loomaaia","looranza"
153,"loo","loo-mi","mi",3,10,"kree-mi","kree",5,5,1,1,"loomine","kreemine"
814,"mu","mu-lik","lik",3,21,"mu-selt","selt",6,15,1,1,"loomulik","loomuselt"
878,"kult","kult-last_blank","last_blank",4,118,"sioon-last_blank","sioon",127,9,1,1,"loomulikult","loomulisioon"
892,"loo","loo-tus","tus",2,7,"bus-tus","bus",7,0,0,1,"lootus","bustus"
841,"first_blank","first_blank-loo","loo",4,298,"first_blank-eemal","eemal",46,252,2,1,"loovutama","eemalvutama"
886,"first_blank","first_blank-lõp","lõp",2,20,"first_blank-nut","nut",20,0,0,1,"lõplik","nutlik"
410,"pp","pp-last_blank","last_blank",1,35,"rk-last_blank","rk",35,0,0,1,"lõpp","lõrk"
412,"puks","puks-last_blank","last_blank",2,9,"kuni-last_blank","kuni",9,0,0,1,"lõpuks","lõkuni"
605,"first_blank","first_blank-lõu","lõu",2,67,"first_blank-mää","mää",67,0,0,1,"lõuna","määna"
361,"na","na-pool","pool",4,8,"na-halis","halis",2,6,1,1,"lõunapoolne","lõunahalisne"
154,"ba","ba-last_blank","last_blank",2,117,"sis-last_blank","sis",115,2,1,1,"luba","lusis"
110,"ba","ba-ma","ma",3,21,"tund-ma","tund",19,2,2,1,"lubama","lutundma"
279,"ge","ge-ma","ma",3,37,"tund-ma","tund",19,18,2,1,"lugema","lutundma"
276,"ne","ne-last_blank","last_blank",4,2677,"ne-muistsel","muistsel",1,2676,2,4,"lugemine","lugeminemuistsel"
590,"first_blank","first_blank-lü","lü",3,89,"first_blank-kaht","kaht",89,0,2,1,"lühike","kahthike"
836,"first_blank","first_blank-lük","lük",3,16,"first_blank-spor","spor",16,0,1,1,"lükkama","sporkama"
752,"lu","lu-kus","kus",4,29,"lu-meini","meini",2,27,2,1,"lukustatud","lumeinitatud"
549,"nar","nar-last_blank","last_blank",2,8,"lov-last_blank","lov",8,0,0,1,"lunar","lulov"
238,"si","si-kas","kas",3,17,"si-tiiv","tiiv",12,5,1,1,"lusikas","lusitiiv"
306,"lu","lu-u","u",1,1,"kr-u","kr",1,0,0,1,"luu","kru"
277,"luu","luu-le","le",4,16,"võist-le","võist",14,2,2,1,"luuletaja","võistletaja"
381,"ma","ma-a","a",1,1,"ll-a","ll",1,0,0,1,"maa","lla"
979,"gia","gia-last_blank","last_blank",2,43,"kel-last_blank","kel",43,0,0,1,"maagia","maakel"
588,"maa","maa-kond","kond",2,1,"lik-kond","lik",1,0,0,1,"maakond","likkond"
380,"first_blank","first_blank-maan","maan",4,51,"first_blank-võist","võist",43,8,1,1,"maandumine","võistdumine"
959,"first_blank","first_blank-määr","määr",3,1,"first_blank-tras","tras",1,0,0,1,"määrdunud","trasdunud"
596,"rin","rin-last_blank","last_blank",3,75,"kest-last_blank","kest",75,0,1,1,"maavärin","maaväkest"
325,"ma","ma-dal","dal",2,4,"ma-rün","rün",4,0,0,1,"madal","marün"
881,"lam","lam-last_blank","last_blank",3,9,"relt-last_blank","relt",9,0,1,1,"madalam","madarelt"
249,"first_blank","first_blank-maf","maf",2,9,"first_blank-tos","tos",9,0,0,1,"maffia","tosfia"
431,"mä","mä-gi","gi",2,7,"bur-gi","bur",7,0,1,1,"mägi","burgi"
98,"ne","ne-last_blank","last_blank",5,2677,"ne-muistsel","muistsel",1,2676,2,3,"magnetiline","magnetilinemuistsel"
36,"gus","gus-last_blank","last_blank",2,104,"val-last_blank","val",104,0,0,1,"magus","maval"
322,"toit","toit-last_blank","last_blank",3,7,"rius-last_blank","rius",7,0,0,1,"magustoit","magusrius"
115,"il","il-last_blank","last_blank",1,39,"ar-last_blank","ar",39,0,0,1,"mail","maar"
402,"first_blank","first_blank-mait","mait",3,33,"first_blank-suud","suud",33,0,0,1,"maitsema","suudsema"
434,"sv","sv-last_blank","last_blank",1,2,"rx-last_blank","rx",2,0,0,1,"maitsv","maitrx"
332,"ja","ja-last_blank","last_blank",2,898,"sed-last_blank","sed",896,2,1,1,"maja","mased"
326,"teet","teet-lik","lik",5,1,"umbusk-lik","umbusk",1,0,2,1,"majesteetlikkus","majesumbusklikkus"
438,"first_blank","first_blank-män","män",3,117,"first_blank-võit","võit",105,12,1,1,"mängima","võitgima"
932,"ne","ne-last_blank","last_blank",5,2677,"ne-muistsel","muistsel",1,2676,2,3,"manustamine","manustaminemuistsel"
676,"ma","ma-o","o",1,1,"cc-o","cc",1,0,0,1,"mao","cco"
661,"ra","ra-ton","ton",3,1,"ra-haah","haah",1,0,1,1,"maraton","marahaah"
872,"rk","rk-last_blank","last_blank",1,35,"pp-last_blank","pp",35,0,0,1,"märk","mäpp"
970,"rs","rs-last_blank","last_blank",1,15,"po-last_blank","po",15,0,0,1,"mars","mapo"
634,"ne","ne-last_blank","last_blank",6,2677,"ne-muistsel","muistsel",1,2676,2,2,"meditsiiniline","meditsiinilinemuistsel"
191,"me","me-es","es",1,2,"me-ot","ot",2,0,0,1,"mees","meot"
363,"first_blank","first_blank-mees","mees",2,45,"first_blank-liht","liht",45,0,0,2,"meeskond","lihtkond"
815,"mee","mee-tod","tod",2,1,"mee-diu","diu",1,0,0,1,"meetod","meediu"
993,"first_blank","first_blank-meis","meis",2,9,"first_blank-brit","brit",9,0,0,1,"meister","britter"
364,"re","re-last_blank","last_blank",2,283,"tad-last_blank","tad",276,7,1,1,"mere-","metad"
533,"me","me-ri","ri",2,29,"soo-ri","soo",25,4,1,1,"meri","soori"
986,"me","me-si","si",2,38,"tak-si","tak",47,9,1,1,"mesi","taksi"
30,"ne","ne-last_blank","last_blank",4,2677,"ne-muistsel","muistsel",1,2676,2,4,"mesilane","mesilanemuistsel"
473,"mes","mes-si","si",4,2,"kohta-si","kohta",2,0,2,1,"messiline","kohtasiline"
407,"first_blank","first_blank-met","met",4,60,"first_blank-trans","trans",34,26,2,1,"metsaline","transsaline"
112,"mi","mi-da","da",2,24,"ken-da","ken",24,0,1,1,"mida","kenda"
461,"mi","mi-da","da",3,24,"asen-da","asen",23,1,2,1,"midagi","asendagi"
711,"mi","mi-il","il",1,1,"da-il","da",1,0,0,1,"miil","dail"
114,"när","när-last_blank","last_blank",3,6,"kilt-last_blank","kilt",6,0,1,1,"miljonär","miljokilt"
465,"nit","nit-last_blank","last_blank",3,110,"tuks-last_blank","tuks",109,1,1,1,"miljonit","miljotuks"
395,"mi","mi-ng","ng",1,1,"mi-tä","tä",1,0,0,1,"ming","mitä"
437,"ni","ni-maal","maal",4,6,"ni-ruumi","ruumi",1,5,1,1,"minimaalne","miniruumine"
346,"agi","agi-last_blank","last_blank",5,1,"nifred-last_blank","nifred",1,0,3,1,"mitte kunagi","mitte kunnifred"
475,"mõ","mõ-ju","ju",4,49,"mõ-ninga","ninga",2,47,3,1,"mõjutama","mõningatama"
696,"ni","ni-kord","kord",3,1,"ni-teel","teel",1,0,0,1,"mõnikord","mõniteel"
339,"nu","nu-ment","ment",3,1,"nu-täis","täis",1,0,0,1,"monument","monutäis"
96,"mood","mood-ne","ne",2,2,"vald-ne","vald",2,0,0,1,"moodne","valdne"
518,"õk","õk-last_blank","last_blank",1,1,"pr-last_blank","pr",1,0,0,1,"mõõk","mõpr"
548,"mo","mo-on","on",1,1,"mo-ut","ut",1,0,0,1,"moon","mout"
20,"tiiv","tiiv-last_blank","last_blank",2,15,"vitð-last_blank","vitð",15,0,0,1,"motiiv","movitð"
391,"mu","mu-da","da",2,10,"kel-da","kel",10,0,1,1,"muda","kelda"
629,"mu","mu-del","del",2,6,"mu-nan","nan",6,0,0,1,"mudel","munan"
450,"gav","gav-last_blank","last_blank",2,8,"rum-last_blank","rum",8,0,0,1,"mugav","murum"
353,"mu","mu-jal","jal",2,2,"mu-tee","tee",2,0,0,1,"mujal","mutee"
863,"first_blank","first_blank-mul","mul",2,54,"first_blank-tes","tes",54,0,0,1,"mulje","tesje"
146,"val","val-dav","dav",5,2,"val-ruumis","ruumis",1,1,3,1,"muljetavaldav","muljetavalruumis"
620,"mu","mu-nk","nk",1,1,"mu-te","te",1,0,0,1,"munk","mute"
157,"first_blank","first_blank-mü","mü",2,38,"first_blank-bal","bal",38,0,1,1,"müra","balra"
506,"mu","mu-res","res",2,1,"mu-loo","loo",1,0,0,1,"mures","muloo"
483,"ret","ret-se","se",4,23,"suaal-se","suaal",5,18,2,1,"muretsema","musuaalsema"
794,"first_blank","first_blank-mü","mü",1,38,"first_blank-üh","üh",38,0,0,1,"mürk","ührk"
543,"first_blank","first_blank-müü","müü",2,72,"first_blank-pee","pee",72,0,0,1,"müüja","peeja"
377,"üt","üt-last_blank","last_blank",1,2,"pj-last_blank","pj",2,0,0,1,"müüt","müpj"
557,"muu","muu-tu","tu",3,29,"väär-tu","väär",11,18,1,1,"muutuma","väärtuma"
85,"na","na-el","el",1,1,"na-vä","vä",1,0,0,1,"nael","navä"
493,"first_blank","first_blank-nae","nae",4,79,"first_blank-võist","võist",43,36,2,1,"naeratama","võistratama"
6,"ru","ru-väär","väär",4,10,"ru-susid","susid",1,9,1,1,"naeruväärne","naerususidne"
957,"ge","ge-ma","ma",3,37,"tund-ma","tund",19,18,2,1,"nägema","nätundma"
547,"na","na-hk","hk",1,1,"na-st","st",1,0,0,1,"nahk","nast"
358,"first_blank","first_blank-naiiv","naiiv",2,5,"first_blank-haist","haist",5,0,0,1,"naiivne","haistne"
405,"naiiv","naiiv-sed","sed",2,1,"niaal-sed","niaal",1,0,0,1,"naiivsed","niaalsed"
832,"first_blank","first_blank-näi","näi",3,94,"first_blank-kont","kont",93,1,1,1,"näitama","konttama"
213,"lg","lg-last_blank","last_blank",1,12,"ip-last_blank","ip",12,0,0,1,"nälg","näip"
211,"na","na-p","p",1,1,"le-p","le",1,0,0,1,"nap","lep"
386,"first_blank","first_blank-när","när",2,46,"first_blank-kam","kam",46,0,0,1,"närvi","kamvi"
314,"sioon","sioon-last_blank","last_blank",4,127,"tused-last_blank","tused",66,61,0,1,"navigatsioon","navigattused"
513,"first_blank","first_blank-nee","nee",2,41,"first_blank-mür","mür",41,0,0,1,"needus","mürdus"
436,"ne","ne-er","er",1,2,"ne-ry","ry",2,0,0,1,"neer","nery"
569,"me","me-tus","tus",3,8,"me-kord","kord",7,1,1,1,"nimetus","nimekord"
701,"first_blank","first_blank-nin","nin",2,6,"first_blank-rüü","rüü",6,0,0,1,"ninja","rüüja"
56,"li","li-last_blank","last_blank",3,667,"li-kopteriga","kopteriga",1,666,1,6,"nobeli","nobelikopteriga"
763,"first_blank","first_blank-nõ","nõ",1,63,"first_blank-gr","gr",63,0,0,1,"nõel","grel"
371,"first_blank","first_blank-noo","noo",2,63,"first_blank-ran","ran",63,0,0,1,"noored","ranred"
799,"maal","maal-selt","selt",3,5,"siiv-selt","siiv",5,0,0,1,"normaalselt","norsiivselt"
517,"first_blank","first_blank-nõu","nõu",3,56,"first_blank-proo","proo",57,1,1,1,"nõuanne","prooanne"
793,"nõud","nõud-ma","ma",2,1,"good-ma","good",1,0,0,1,"nõudma","goodma"
80,"no","no-vem","vem",3,1,"no-rant","rant",1,0,1,1,"november","norantber"
440,"nu","nu-kk","kk",1,1,"he-kk","he",1,0,0,1,"nukk","hekk"
1,"first_blank","first_blank-num","num",2,4,"first_blank-rös","rös",4,0,0,1,"number","rösber"
920,"nu","nu-pp","pp",1,1,"nu-ru","ru",1,0,0,1,"nupp","nuru"
21,"nu","nu-rk","rk",1,3,"nu-pi","pi",3,0,0,1,"nurk","nupi"
44,"ti","ti-kas","kas",3,21,"ti-ühin","ühin",6,15,1,1,"nutikas","nutiühin"
801,"üd","üd-last_blank","last_blank",1,7,"ac-last_blank","ac",7,0,0,1,"nüüd","nüac"
810,"jekt","jekt-last_blank","last_blank",2,4,"head-last_blank","head",4,0,0,1,"objekt","obhead"
967,"first_blank","first_blank-õd","õd",1,2,"first_blank-mk","mk",2,0,0,1,"õde","mke"
148,"first_blank","first_blank-õh","õh",1,89,"first_blank-lü","lü",89,0,0,1,"õhk","lük"
171,"tu","tu-söök","söök",3,1,"tu-nael","nael",1,0,0,1,"õhtusöök","õhtunael"
552,"first_blank","first_blank-õhu","õhu",2,75,"first_blank-bar","bar",75,0,0,1,"õhuke","barke"
269,"first_blank","first_blank-ohu","ohu",2,23,"first_blank-pol","pol",23,0,0,1,"ohutu","poltu"
686,"ver","ver-last_blank","last_blank",2,45,"gut-last_blank","gut",45,0,0,1,"ohver","ohgut"
956,"gus","gus-last_blank","last_blank",2,104,"val-last_blank","val",104,0,0,1,"õigus","õival"
206,"ei","ei-last_blank","last_blank",1,9,"lv-last_blank","lv",9,0,0,1,"okei","oklv"
737,"jon","jon-last_blank","last_blank",2,15,"rub-last_blank","rub",15,0,0,1,"oksjon","oksrub"
613,"first_blank","first_blank-õl","õl",1,36,"first_blank-rü","rü",36,0,0,1,"õla","rüa"
337,"first_blank","first_blank-olu","olu",2,41,"first_blank-nee","nee",41,0,0,1,"olukord","neekord"
615,"oma","oma-kor","kor",3,1,"oma-dest","dest",1,0,1,1,"omakorda","omadestda"
143,"ne","ne-tu","tu",3,27,"ne-mist","mist",27,0,2,1,"õnnetu","õnnemist"
826,"nit","nit-le","le",4,4,"chand-le","chand",4,0,2,1,"õnnitlema","õnchandlema"
199,"on","on-u","u",1,1,"je-u","je",1,0,0,1,"onu","jeu"
522,"öö","öö-se","se",1,2,"kä-se","kä",2,0,0,1,"öösel","käsel"
534,"first_blank","first_blank-oo","oo",3,42,"first_blank-veen","veen",42,0,2,1,"ootama","veentama"
537,"first_blank","first_blank-õp","õp",3,63,"first_blank-plaa","plaa",63,0,2,1,"õppima","plaapima"
665,"mist","mist-lik","lik",4,2,"ebard-lik","ebard",1,1,1,1,"optimistlik","optiebardlik"
582,"av","av-last_blank","last_blank",1,14,"bs-last_blank","bs",14,0,0,1,"orav","orbs"
107,"gasm","gasm-last_blank","last_blank",2,1,"kats-last_blank","kats",1,0,0,1,"orgasm","orkats"
811,"or","or-i","i",1,5,"lt-i","lt",5,0,0,1,"ori","lti"
324,"gi","gi-naal","naal",4,7,"gi-punkt","punkt",1,6,1,1,"originaalne","origipunktne"
844,"kaan","kaan-last_blank","last_blank",2,3,"lien-last_blank","lien",3,0,0,1,"orkaan","orlien"
66,"kes","kes-ter","ter",3,1,"twit-ter","twit",1,0,1,1,"orkester","ortwitter"
862,"first_blank","first_blank-õr","õr",1,23,"first_blank-ðo","ðo",23,0,0,1,"õrn","ðon"
83,"first_blank","first_blank-os","os",1,101,"first_blank-tõ","tõ",101,0,0,1,"osa","tõa"
488,"first_blank","first_blank-ost","ost",2,29,"first_blank-jen","jen",29,0,0,1,"ostma","jenma"
544,"se","se-ne","ne",3,28,"järg-ne","järg",27,1,2,1,"otsene","otjärgne"
939,"si","si-ma","ma",3,37,"tund-ma","tund",19,18,2,1,"otsima","ottundma"
378,"sing","sing-last_blank","last_blank",2,6,"rice-last_blank","rice",6,0,0,1,"otsing","otrice"
164,"dus","dus-last_blank","last_blank",2,232,"sel-last_blank","sel",234,2,0,1,"õudus","õusel"
889,"dusu","dusu-ne","ne",5,7,"alaare-ne","alaare",2,5,2,1,"õudusunenägu","õualaarenenägu"
983,"õu","õu-n","n",1,1,"ry-n","ry",1,0,0,1,"õun","ryn"
477,"pa","pa-ak","ak",1,1,"pa-nc","nc",1,0,0,1,"paak","panc"
690,"pääst","pääst-ma","ma",2,1,"poots-ma","poots",1,0,0,1,"päästma","pootsma"
600,"ber","ber-last_blank","last_blank",2,65,"rad-last_blank","rad",65,0,0,1,"paber","parad"
54,"fic","fic-last_blank","last_blank",2,1,"ong-last_blank","ong",1,0,0,1,"pacific","paciong"
382,"ne","ne-last_blank","last_blank",4,2677,"ne-muistsel","muistsel",1,2676,2,4,"pagulane","pagulanemuistsel"
302,"jang","jang-last_blank","last_blank",5,2,"niseid-last_blank","niseid",2,0,2,1,"päikeseloojang","päikeselooniseid"
28,"first_blank","first_blank-pak","pak",3,71,"first_blank-kuul","kuul",75,4,1,1,"pakkuma","kuulkuma"
413,"pa","pa-lee","lee",2,1,"pa-mii","mii",1,0,0,1,"palee","pamii"
554,"dur","dur-last_blank","last_blank",4,22,"teist-last_blank","teist",21,1,2,1,"palgasõdur","palgasõteist"
652,"gan","gan-dus","dus",3,1,"gan-nalt","nalt",1,0,1,1,"pangandus","pangannalt"
197,"first_blank","first_blank-pan","pan",2,89,"first_blank-jär","jär",89,0,0,1,"pankur","järkur"
945,"vang","vang-last_blank","last_blank",2,4,"baid-last_blank","baid",4,0,0,1,"pantvang","pantbaid"
616,"diis","diis-last_blank","last_blank",3,1,"kely-last_blank","kely",1,0,0,1,"paradiis","parakely"
562,"rand","rand-last_blank","last_blank",2,7,"puud-last_blank","puud",7,0,0,1,"pärand","päpuud"
670,"pa","pa-ran","ran",4,42,"pa-niiga","niiga",1,41,2,1,"parandama","paniigadama"
174,"ne","ne-last_blank","last_blank",5,2677,"ne-muistsel","muistsel",1,2676,2,3,"paranoiline","paranoilinemuistsel"
188,"ris","ris-last_blank","last_blank",2,198,"ter-last_blank","ter",184,14,0,1,"päris","päter"
710,"la","la-ment","ment",3,1,"la-torn","torn",1,0,0,1,"parlament","parlatorn"
400,"run","run-last_blank","last_blank",2,9,"pab-last_blank","pab",9,0,0,1,"parun","papab"
286,"sient","sient-last_blank","last_blank",2,2,"riana-last_blank","riana",2,0,0,1,"patsient","patriana"
350,"pa","pa-tu","tu",2,18,"loo-tu","loo",17,1,1,1,"patu","lootu"
571,"gel","gel-dus","dus",3,1,"piir-dus","piir",1,0,1,1,"peegeldus","peepiirdus"
540,"first_blank","first_blank-peh","peh",2,21,"first_blank-dii","dii",21,0,0,1,"pehmed","diimed"
632,"first_blank","first_blank-peig","peig",2,9,"first_blank-phoe","phoe",9,0,0,1,"peigmees","phoemees"
555,"pen","pen-sion","sion",2,1,"pen-dium","dium",1,0,0,1,"pension","pendium"
482,"sa","sa-last_blank","last_blank",2,202,"ris-last_blank","ris",198,4,1,1,"pesa","peris"
648,"pii","pii-bel","bel",2,2,"tem-bel","tem",2,0,0,1,"piibel","tembel"
432,"pi","pi-im","im",1,1,"pi-sõ","sõ",1,0,0,1,"piim","pisõ"
587,"pi","pi-in","in",1,1,"pi-uk","uk",1,0,0,1,"piin","piuk"
292,"kond","kond-lik","lik",3,6,"list-lik","list",6,0,0,1,"piirkondlik","piirlistlik"
589,"sav","sav-last_blank","last_blank",2,2,"món-last_blank","món",2,0,0,1,"piisav","piimón"
248,"kop","kop-last_blank","last_blank",2,2,"sex-last_blank","sex",2,0,0,1,"piiskop","piissex"
820,"first_blank","first_blank-pik","pik",2,31,"first_blank-füü","füü",31,0,0,1,"piknik","füünik"
565,"let","let-last_blank","last_blank",2,23,"bad-last_blank","bad",23,0,0,1,"pilet","pibad"
121,"pi","pi-lt","lt",1,3,"pi-zz","zz",3,0,0,1,"pilt","pizz"
870,"lv","lv-last_blank","last_blank",1,9,"zi-last_blank","zi",9,0,0,1,"pilv","pizi"
352,"pi","pi-me","me",2,46,"pi-dut","dut",20,26,1,1,"pime","pidut"
925,"me","me-dus","dus",3,4,"me-teoo","teoo",5,1,1,1,"pimedus","pimeteoo"
81,"ng","ng-last_blank","last_blank",1,77,"as-last_blank","as",77,0,0,1,"ping","pias"
456,"raat","raat-last_blank","last_blank",2,12,"rell-last_blank","rell",12,0,0,1,"piraat","pirell"
747,"first_blank","first_blank-plaa","plaa",3,63,"first_blank-mõis","mõis",61,2,0,1,"plaanima","mõisnima"
539,"neet","neet-last_blank","last_blank",2,2,"nüüd-last_blank","nüüd",2,0,0,1,"planeet","planüüd"
204,"vorm","vorm-last_blank","last_blank",2,4,"kers-last_blank","kers",4,0,0,1,"platvorm","platkers"
13,"bo","bo-y","y",1,2,"az-y","az",2,0,0,1,"playboy","playazy"
462,"pl","pl-us","us",1,2,"or-us","or",2,0,0,1,"pluss","oruss"
614,"po","po-es","es",1,2,"ca-es","ca",2,0,0,1,"poes","caes"
603,"põ","põ-ge","ge",4,56,"põ-randa","randa",2,54,3,1,"põgenema","põrandanema"
606,"jen","jen-dus","dus",3,7,"aval-dus","aval",7,0,1,1,"põhjendus","põhavaldus"
854,"poi","poi-sid","sid",2,4,"lik-sid","lik",4,0,0,1,"poisid","liksid"
610,"lii","lii-ti","ti",4,35,"paavs-ti","paavs",3,32,2,1,"poliitika","popaavstika"
838,"ja","ja-last_blank","last_blank",7,898,"ja-guariga","guariga",1,897,3,2,"põllumajandustootja","põllumajandustootjaguariga"
597,"po","po-mm","mm",1,1,"po-to","to",1,0,0,1,"pomm","poto"
177,"nev","nev-last_blank","last_blank",2,26,"pid-last_blank","pid",26,0,0,1,"põnev","põpid"
966,"ol","ol-last_blank","last_blank",1,20,"my-last_blank","my",20,0,0,1,"pool","pomy"
644,"first_blank","first_blank-põõ","põõ",2,10,"first_blank-hüü","hüü",10,0,0,1,"põõsas","hüüsas"
357,"laar","laar-ne","ne",4,6,"akuut-ne","akuut",1,5,1,1,"populaarne","popuakuutne"
918,"rand","rand-last_blank","last_blank",2,7,"haav-last_blank","haav",7,0,0,1,"põrand","põhaav"
119,"po","po-rn","rn",1,1,"po-ne","ne",1,0,0,1,"porn","pone"
952,"taa","taa-li","li",3,2,"neil-li","neil",2,0,1,1,"portaali","porneilli"
507,"si","si-tiiv","tiiv",4,12,"si-ruumi","ruumi",3,9,1,1,"positiivne","posiruumine"
788,"siaal","siaal-last_blank","last_blank",3,4,"liele-last_blank","liele",4,0,0,1,"potentsiaal","potentliele"
58,"first_blank","first_blank-pra","pra",2,14,"first_blank-rot","rot",14,0,0,1,"pragu","rotgu"
150,"first_blank","first_blank-prak","prak",3,21,"first_blank-juus","juus",21,0,0,1,"praktika","juustika"
328,"first_blank","first_blank-pril","pril",2,7,"first_blank-smit","smit",7,0,0,1,"prillid","smitlid"
622,"sess","sess-last_blank","last_blank",2,4,"söök-last_blank","söök",4,0,0,1,"printsess","printsöök"
106,"vaat","vaat-ne","ne",3,2,"mood-ne","mood",2,0,0,1,"privaatne","primoodne"
61,"leeg","leeg-last_blank","last_blank",3,2,"isik-last_blank","isik",2,0,0,1,"privileeg","priviisik"
278,"fiil","fiil-last_blank","last_blank",2,2,"dion-last_blank","dion",2,0,0,1,"profiil","prodion"
626,"jekt","jekt-last_blank","last_blank",2,4,"paks-last_blank","paks",4,0,0,1,"projekt","propaks"
255,"first_blank","first_blank-proo","proo",3,57,"first_blank-alus","alus",56,1,0,1,"proovige","alusvige"
77,"pro","pro-tes","tes",4,13,"uudis-tes","uudis",2,11,2,1,"protestima","uudistestima"
630,"sess","sess-last_blank","last_blank",2,4,"lehe-last_blank","lehe",4,0,0,1,"protsess","protlehe"
631,"gi","gi-kast","kast",3,2,"gi-numb","numb",2,0,0,1,"prügikast","prüginumb"
717,"pr","pr-uu","uu",1,3,"pr-in","in",3,0,0,1,"pruun","prinn"
672,"pu","pu-bi","bi",2,1,"zer-bi","zer",1,0,1,1,"pubi","zerbi"
581,"has","has-last_blank","last_blank",2,29,"lie-last_blank","lie",29,0,0,1,"puhas","pulie"
429,"hata","hata-last_blank","last_blank",2,1,"mary-last_blank","mary",1,0,0,1,"puhata","pumary"
677,"pu","pu-ls","ls",1,1,"pu-ng","ng",1,0,0,1,"pulss","pungs"
998,"pu","pu-mp","mp",1,2,"pu-he","he",2,0,0,1,"pump","puhe"
307,"na","na-ne","ne",3,25,"sioo-ne","sioo",24,1,2,1,"punane","pusioone"
497,"nk","nk-t","t",1,2,"üs-t","üs",2,0,0,1,"punkt","puüst"
749,"miid","miid-last_blank","last_blank",3,1,"noch-last_blank","noch",1,0,0,1,"püramiid","püranoch"
909,"pu","pu-rus","rus",4,31,"pu-peole","peole",1,30,2,1,"purustama","pupeoletama"
668,"first_blank","first_blank-püs","püs",2,45,"first_blank-kit","kit",45,0,0,1,"püstol","kittol"
819,"dio","dio-last_blank","last_blank",2,11,"ven-last_blank","ven",11,0,0,1,"raadio","raaven"
577,"dius","dius-last_blank","last_blank",2,2,"dood-last_blank","dood",2,0,0,1,"raadius","raadood"
647,"first_blank","first_blank-rää","rää",3,66,"first_blank-uuri","uuri",66,0,1,1,"rääkima","uurikima"
489,"first_blank","first_blank-raa","raa",5,108,"first_blank-kloost","kloost",8,100,3,1,"raamatukogu","kloostmatukogu"
702,"dar","dar-last_blank","last_blank",2,8,"rum-last_blank","rum",8,0,0,1,"radar","rarum"
650,"ha","ha-last_blank","last_blank",2,154,"tid-last_blank","tid",157,3,1,1,"raha","ratid"
654,"li","li-selt","selt",4,122,"li-gioos","gioos",6,116,1,1,"rahaliselt","rahaligioos"
196,"ra","ra-han","han",3,3,"ra-dist","dist",3,0,1,1,"rahandus","radistdus"
530,"hul","hul-da","da",4,16,"laien-da","laien",10,6,2,1,"rahuldatud","ralaiendatud"
635,"hulk","hulk-last_blank","last_blank",3,1,"reet-last_blank","reet",1,0,0,1,"rahvahulk","rahvareet"
422,"ne","ne-last_blank","last_blank",6,2677,"ne-muistsel","muistsel",1,2676,2,2,"rahvusvaheline","rahvusvahelinemuistsel"
343,"first_blank","first_blank-rais","rais",3,25,"first_blank-alan","alan",25,0,0,1,"raiskama","alankama"
253,"ra","ra-ken","ken",4,18,"ra-dioak","dioak",9,9,2,1,"rakendama","radioakdama"
657,"kett","kett-last_blank","last_blank",2,17,"pead-last_blank","pead",17,0,0,1,"rakett","rapead"
658,"ra","ra-nd","nd",1,3,"ra-je","je",3,0,0,1,"rand","raje"
856,"first_blank","first_blank-ras","ras",2,91,"first_blank-sea","sea",91,0,0,1,"raske","seake"
315,"sist","sist-lik","lik",3,2,"erak-lik","erak",1,1,0,1,"rassistlik","raseraklik"
769,"rat","rat-sa","sa",4,10,"väeos-sa","väeos",1,9,2,1,"ratsavägi","väeossavägi"
458,"ra","ra-ud","ud",1,5,"ra-mo","mo",5,0,0,1,"rauda","ramoa"
116,"first_blank","first_blank-reaal","reaal",2,24,"first_blank-teesk","teesk",25,1,0,2,"reaalsus","teesksus"
474,"rea","rea-li","li",5,3,"jacque-li","jacque",1,2,3,1,"realiseerima","jacqueliseerima"
212,"ba","ba-ne","ne",3,26,"järg-ne","järg",27,1,2,1,"rebane","rejärgne"
403,"bi","bi-ma","ma",3,15,"koor-ma","koor",11,4,2,1,"rebima","rekoorma"
628,"first_blank","first_blank-ree","ree",2,53,"first_blank-võr","võr",53,0,0,1,"reegel","võrgel"
219,"first_blank","first_blank-rei","rei",3,72,"first_blank-taas","taas",70,2,1,1,"reisija","taassija"
868,"laam","laam-last_blank","last_blank",2,2,"fael-last_blank","fael",2,0,0,1,"reklaam","rekfael"
699,"re","re-kord","kord",2,2,"re-kest","kest",2,0,0,1,"rekord","rekest"
86,"va","va-pow","pow",4,1,"va-livad","livad",1,0,2,1,"relvapowder","relvalivadder"
671,"first_blank","first_blank-ren","ren",2,28,"first_blank-tam","tam",28,0,0,1,"rendi","tamdi"
14,"por","por-ter","ter",3,3,"hwes-ter","hwes",2,1,1,1,"reporter","rehwester"
960,"tent","tent-sus","sus",4,1,"niaal-sus","niaal",1,0,1,1,"resistentsus","resisniaalsus"
797,"ri","ri-ie","ie",1,2,"ri-ak","ak",2,0,0,1,"riie","riak"
656,"ri","ri-ik","ik",1,1,"ri-mu","mu",1,0,0,1,"riik","rimu"
880,"first_blank","first_blank-riik","riik",2,14,"first_blank-efek","efek",14,0,0,1,"riiklik","efeklik"
311,"ng","ng-last_blank","last_blank",1,77,"ly-last_blank","ly",77,0,0,1,"ring","rily"
786,"first_blank","first_blank-ri","ri",5,194,"abikloost-ri","abikloost",1,193,2,6,"riputamine","abikloostriputamine"
521,"kant","kant-ne","ne",3,1,"teii-ne","teii",1,0,0,1,"riskantne","risteiine"
520,"first_blank","first_blank-ris","ris",3,81,"first_blank-kuul","kuul",75,6,1,1,"riskima","kuulkima"
850,"tuaal","tuaal-last_blank","last_blank",2,2,"toaga-last_blank","toaga",2,0,0,1,"rituaal","ritoaga"
443,"bot","bot-last_blank","last_blank",2,9,"lav-last_blank","lav",9,0,0,1,"robot","rolav"
256,"deo","deo-last_blank","last_blank",2,8,"mir-last_blank","mir",8,0,0,1,"rodeo","romir"
538,"ne","ne-last_blank","last_blank",4,2677,"ne-muistsel","muistsel",1,2676,2,4,"roheline","rohelinemuistsel"
222,"meo","meo-last_blank","last_blank",2,1,"nci-last_blank","nci",1,0,0,1,"romeo","ronci"
73,"ro","ro-ng","ng",1,2,"ro-ie","ie",2,0,0,1,"rong","roie"
236,"first_blank","first_blank-rõn","rõn",2,6,"first_blank-sok","sok",6,0,0,1,"rõngas","sokgas"
176,"ni","ni-ma","ma",3,14,"ni-dest","dest",15,1,2,1,"ronima","ronidest"
680,"first_blank","first_blank-rõ","rõ",1,35,"first_blank-zo","zo",35,0,0,1,"rõõm","zoõm"
336,"first_blank","first_blank-roo","roo",2,54,"first_blank-tes","tes",54,0,0,1,"rooma","tesma"
834,"first_blank","first_blank-roos","roos",2,9,"first_blank-piis","piis",9,0,0,1,"roostes","piistes"
419,"first_blank","first_blank-röö","röö",3,70,"first_blank-taas","taas",70,0,1,1,"röövima","taasvima"
572,"sai","sai-last_blank","last_blank",2,3,"mod-last_blank","mod",3,0,0,1,"röstsai","röstmod"
566,"ge","ge-ment","ment",3,1,"ge-rard","rard",1,0,0,1,"rügement","rügerard"
318,"mm","mm-last_blank","last_blank",1,28,"rt-last_blank","rt",28,0,0,1,"rumm","rurt"
746,"tm","tm-last_blank","last_blank",1,2,"xx-last_blank","xx",2,0,0,1,"rütm","rüxx"
860,"saa","saa-bu","bu",3,23,"trii-bu","trii",6,17,1,1,"saabuma","triibuma"
367,"first_blank","first_blank-saa","saa",4,250,"first_blank-elekt","elekt",74,176,2,1,"saabumine","elektbumine"
281,"sa","sa-ak","ak",1,2,"sa-wy","wy",2,0,0,1,"saak","sawy"
266,"first_blank","first_blank-saas","saas",4,10,"first_blank-viien","viien",10,0,1,1,"saastumine","viientumine"
468,"first_blank","first_blank-saat","saat",2,38,"first_blank-koor","koor",38,0,0,2,"saatkond","koorkond"
692,"saa","saa-tus","tus",2,6,"gis-tus","gis",6,0,0,1,"saatus","gistus"
716,"ge","ge-dus","dus",3,5,"ge-kael","kael",5,0,1,1,"sagedus","sagekael"
697,"first_blank","first_blank-säi","säi",4,31,"first_blank-trans","trans",34,3,2,1,"säilitama","translitama"
345,"jand","jand-last_blank","last_blank",2,2,"nuni-last_blank","nuni",2,0,0,1,"sajand","sanuni"
485,"ne","ne-last_blank","last_blank",4,2677,"ne-muistsel","muistsel",1,2676,2,4,"salajane","salajanemuistsel"
156,"first_blank","first_blank-sä","sä",3,60,"first_blank-meel","meel",60,0,2,1,"särama","meelrama"
216,"first_blank","first_blank-sä","sä",1,60,"first_blank-ae","ae",60,0,0,1,"särk","aerk"
108,"first_blank","first_blank-sar","sar",3,63,"first_blank-mõis","mõis",61,2,1,1,"sarnane","mõisnane"
982,"sa","sa-rv","rv",1,1,"sa-bu","bu",1,0,0,1,"sarv","sabu"
955,"first_blank","first_blank-sead","sead",2,23,"first_blank-suun","suun",23,0,0,1,"seadmed","suunmed"
604,"first_blank","first_blank-sea","sea",2,91,"first_blank-ras","ras",91,0,0,1,"seadus","rasdus"
385,"sea","sea-li","li",3,2,"muut-li","muut",2,0,1,1,"sealiha","muutliha"
285,"see","see-lik","lik",2,1,"var-lik","var",1,0,0,1,"seelik","varlik"
105,"ria","ria-last_blank","last_blank",2,53,"uks-last_blank","uks",53,0,0,1,"seeria","seeuks"
379,"first_blank","first_blank-seer","seer",2,7,"first_blank-shan","shan",7,0,0,1,"seersant","shansant"
796,"se","se-in","in",1,2,"se-ha","ha",2,0,0,1,"sein","seha"
203,"seis","seis-ma","ma",2,1,"paks-ma","paks",1,0,0,1,"seisma","paksma"
51,"tär","tär-last_blank","last_blank",3,7,"rand-last_blank","rand",7,0,1,1,"sekretär","sekrerand"
125,"suaal","suaal-ne","ne",3,6,"lusõn-ne","lusõn",2,4,0,1,"seksuaalne","seklusõnne"
185,"gelt","gelt-last_blank","last_blank",2,18,"teel-last_blank","teel",18,0,0,1,"selgelt","selteel"
895,"gi","gi-tus","tus",3,12,"gi-vald","vald",14,2,1,1,"selgitus","selgivald"
296,"aju","aju-last_blank","last_blank",3,4,"beth-last_blank","beth",4,0,1,1,"seljaaju","seljabeth"
401,"mi","mi-nar","nar",3,1,"mi-lien","lien",1,0,1,1,"seminar","semilien"
777,"ne","ne-last_blank","last_blank",6,2677,"ne-muistsel","muistsel",1,2676,2,2,"sensatsiooniline","sensatsioonilinemuistsel"
398,"first_blank","first_blank-seon","seon",3,4,"first_blank-õpik","õpik",4,0,0,1,"seonduma","õpikduma"
526,"first_blank","first_blank-sep","sep",3,11,"first_blank-pois","pois",11,0,1,1,"september","poistember"
397,"rif","rif-last_blank","last_blank",2,10,"gar-last_blank","gar",10,0,0,1,"šerif","šegar"
1000,"first_blank","first_blank-šer","šer",2,1,"first_blank-pte","pte",1,0,0,1,"šerlokk","ptelokk"
724,"first_blank","first_blank-shoo","shoo",2,2,"first_blank-stee","stee",2,0,0,1,"shooter","steeter"
646,"si","si-id","id",1,1,"si-fe","fe",1,0,0,1,"siid","sife"
705,"si","si-in","in",1,1,"si-fe","fe",1,0,0,1,"siin","sife"
864,"sil","sil-la","la",2,6,"dek-la","dek",6,0,0,1,"silla","dekla"
333,"lm","lm-last_blank","last_blank",1,14,"ub-last_blank","ub",14,0,0,1,"silm","siub"
722,"sal","sal-da","da",4,7,"täien-da","täien",10,3,2,1,"sisaldama","sitäiendama"
930,"ne","ne-last_blank","last_blank",4,2677,"ne-muistsel","muistsel",1,2676,2,4,"sisemine","siseminemuistsel"
466,"se","se-ne","ne",4,28,"tuaal-ne","tuaal",5,23,3,1,"sisenema","situaalnema"
556,"ses","ses-ta","ta",4,13,"hoora-ta","hoora",1,12,2,1,"sisestama","sihooratama"
365,"sõ","sõ-da","da",2,28,"jel-da","jel",27,1,1,1,"sõda","jelda"
728,"dur","dur-last_blank","last_blank",2,22,"ket-last_blank","ket",22,0,0,1,"sõdur","sõket"
207,"so","so-e","e",1,1,"þe-e","þe",1,0,0,1,"soe","þee"
527,"sö","sö-e","e",1,1,"nt-e","nt",1,0,0,1,"söe","nte"
63,"duk","duk-last_blank","last_blank",2,3,"lom-last_blank","lom",3,0,0,1,"sõiduk","sõilom"
729,"first_blank","first_blank-sõit","sõit",2,22,"first_blank-haig","haig",22,0,0,1,"sõitma","haigma"
732,"vav","vav-last_blank","last_blank",2,5,"teo-last_blank","teo",5,0,0,1,"solvav","solteo"
375,"first_blank","first_blank-sõ","sõ",2,292,"first_blank-väl","väl",289,3,1,1,"sõna","välna"
618,"õttes","õttes-last_blank","last_blank",7,1,"viisorit-last_blank","viisorit",1,0,3,1,"sõna otseses mõttes","sõna otseses mviisorit"
123,"na","na-raa","raa",4,5,"na-poiss","poiss",2,3,2,1,"sõnaraamat","sõnapoissmat"
739,"söö","söö-da","da",2,7,"pel-da","pel",7,0,0,1,"sööda","pelda"
822,"jus","jus-last_blank","last_blank",2,38,"kab-last_blank","kab",38,0,0,1,"soojus","sookab"
740,"soo","soo-vi","vi",3,71,"olii-vi","olii",6,65,1,1,"soovima","oliivima"
607,"rm","rm-last_blank","last_blank",1,13,"ue-last_blank","ue",13,0,0,1,"sõrm","sõue"
693,"naaž","naaž-last_blank","last_blank",2,1,"pial-last_blank","pial",1,0,0,1,"spionaaž","spiopial"
666,"sp","sp-io","io",1,1,"id-io","id",1,0,0,1,"spioon","idioon"
580,"dion","dion-last_blank","last_blank",2,2,"miad-last_blank","miad",2,0,0,1,"staadion","staamiad"
49,"first_blank","first_blank-staa","staa",2,31,"first_blank-naab","naab",31,0,0,1,"staatus","naabtus"
78,"re","re-ss","ss",1,2,"re-ie","ie",2,0,0,1,"stress","streie"
308,"sü","sü-gis","gis",2,1,"sü-mee","mee",1,0,0,1,"sügis","sümee"
741,"he","he-last_blank","last_blank",2,79,"vas-last_blank","vas",79,0,1,1,"suhe","suvas"
731,"kur","kur-last_blank","last_blank",2,19,"sit-last_blank","sit",19,0,0,1,"suhkur","suhsit"
512,"first_blank","first_blank-suh","suh",4,37,"first_blank-mõist","mõist",36,1,2,1,"suhteline","mõistteline"
714,"first_blank","first_blank-suit","suit",4,51,"first_blank-eemal","eemal",46,5,1,1,"suitsutama","eemalsutama"
342,"su","su-la","la",4,41,"itaal-la","itaal",4,37,3,1,"sulatama","itaallatama"
756,"first_blank","first_blank-sum","sum",2,25,"first_blank-jes","jes",25,0,0,1,"summa","jesma"
759,"first_blank","first_blank-sümp","sümp",2,7,"first_blank-smit","smit",7,0,0,1,"sümptom","smittom"
660,"ni","ni-tus","tus",3,4,"ni-püüd","püüd",3,1,1,1,"sünnitus","sünnipüüd"
67,"per","per-man","man",3,1,"till-man","till",1,0,1,1,"superman","sutillman"
698,"su","su-pp","pp",1,1,"ki-pp","ki",1,0,0,1,"supp","kipp"
234,"su","su-rm","rm",1,2,"su-ne","ne",2,0,0,1,"surm","sune"
795,"sur","sur-mav","mav",2,1,"sur-sid","sid",1,0,0,1,"surmav","sursid"
973,"si","si-nik","nik",3,7,"si-dent","dent",8,1,1,1,"süsinik","süsident"
511,"su","su-u","u",1,1,"je-u","je",1,0,0,1,"suu","jeu"
243,"first_blank","first_blank-suud","suud",2,33,"first_blank-mait","mait",33,0,0,2,"suudlus","maitlus"
414,"pis","pis-te","te",3,8,"noor-te","noor",6,2,1,1,"suupiste","suunoorte"
831,"ur","ur-last_blank","last_blank",1,14,"fe-last_blank","fe",14,0,0,1,"suur","sufe"
911,"ren","ren-da","da",4,22,"liial-da","liial",8,14,2,1,"suurendama","suuliialdama"
768,"ne","ne-last_blank","last_blank",5,2677,"ne-muistsel","muistsel",1,2676,2,3,"suurepärane","suurepäranemuistsel"
469,"first_blank","first_blank-suur","suur",3,49,"first_blank-üles","üles",49,0,0,1,"suursaadik","ülessaadik"
591,"rus","rus-last_blank","last_blank",2,72,"ner-last_blank","ner",72,0,0,1,"suurus","suuner"
766,"süü","süü-tu","tu",2,12,"vaa-tu","vaa",12,0,0,1,"süütu","vaatu"
789,"su","su-vel","vel",2,1,"su-mai","mai",1,0,0,1,"suvel","sumai"
558,"first_blank","first_blank-taas","taas",3,70,"first_blank-järg","järg",66,4,0,1,"taastama","järgtama"
218,"ta","ta-bel","bel",2,2,"ta-hun","hun",2,0,0,1,"tabel","tahun"
770,"first_blank","first_blank-tab","tab",2,9,"first_blank-emi","emi",9,0,0,1,"tablett","emilett"
771,"first_blank","first_blank-tae","tae",2,27,"first_blank-oht","oht",27,0,0,1,"taevas","ohtvas"
773,"gasi","gasi-last_blank","last_blank",2,3,"tain-last_blank","tain",3,0,0,1,"tagasi","tatain"
936,"ne","ne-last_blank","last_blank",6,2677,"ne-muistsel","muistsel",1,2676,2,2,"tagasiastumine","tagasiastuminemuistsel"
452,"le","le-pa","pa",5,21,"le-miseks","miseks",12,9,4,1,"tähelepanu","tähelemiseksnu"
781,"hen","hen-dus","dus",3,14,"usal-dus","usal",20,6,1,1,"tähendus","täusaldus"
542,"first_blank","first_blank-täh","täh",2,17,"first_blank-bor","bor",17,0,0,1,"tähtis","bortis"
392,"ta","ta-im","im",1,2,"ta-õh","õh",2,0,0,1,"taim","taõh"
944,"first_blank","first_blank-täis","täis",4,51,"first_blank-eemal","eemal",46,5,1,1,"täiskasvanud","eemalkasvanud"
933,"ta","ta-kis","kis",3,34,"ta-valt","valt",33,1,1,1,"takistus","tavalttus"
393,"first_blank","first_blank-tak","tak",2,35,"first_blank-pos","pos",35,0,0,1,"takso","posso"
94,"na","na-päe","päe",4,7,"na-halis","halis",2,5,2,1,"tänapäeval","tänahalisval"
791,"first_blank","first_blank-tant","tant",3,75,"first_blank-kuul","kuul",75,0,0,1,"tantsija","kuulsija"
11,"nu","nu-lik","lik",3,13,"nu-väär","väär",5,8,1,1,"tänulik","tänuväär"
480,"first_blank","first_blank-tap","tap",2,54,"first_blank-mul","mul",54,0,0,1,"tapja","mulja"
48,"first_blank","first_blank-tark","tark",3,4,"first_blank-algo","algo",4,0,0,1,"tarkvara","algovara"
151,"kaal","kaal-last_blank","last_blank",3,8,"ters-last_blank","ters",8,0,0,1,"tasakaal","tasaters"
651,"first_blank","first_blank-tas","tas",2,60,"first_blank-met","met",60,0,0,1,"tasku","metku"
299,"first_blank","first_blank-tas","tas",3,60,"first_blank-meel","meel",60,0,1,1,"tassima","meelsima"
34,"ring","ring-last_blank","last_blank",4,30,"duses-last_blank","duses",29,1,1,1,"tätoveering","tätoveeduses"
798,"ne","ne-last_blank","last_blank",4,2677,"ne-muistsel","muistsel",1,2676,2,4,"tavaline","tavalinemuistsel"
877,"first_blank","first_blank-tead","tead",3,90,"first_blank-kaht","kaht",89,1,0,1,"teadmatus","kahtmatus"
901,"ring","ring-last_blank","last_blank",3,30,"hast-last_blank","hast",30,0,0,1,"teadusuuring","teadusuuhast"
424,"te","te-e","e",1,1,"bb-e","bb",1,0,0,1,"tee","bbe"
242,"mant","mant-last_blank","last_blank",2,1,"taud-last_blank","taud",1,0,0,1,"teemant","teetaud"
172,"nus","nus-last_blank","last_blank",2,38,"gem-last_blank","gem",38,0,0,1,"teenus","teegem"
830,"kult","kult-last_blank","last_blank",4,118,"sioon-last_blank","sioon",127,9,1,1,"tegelikult","tegelisioon"
839,"ge","ge-ma","ma",3,37,"tund-ma","tund",19,18,2,1,"tegema","tetundma"
124,"vus","vus-last_blank","last_blank",3,60,"maid-last_blank","maid",62,2,1,1,"tegevus-","tegemaid"
842,"te","te-has","has",2,5,"te-kir","kir",5,0,0,1,"tehas","tekir"
454,"first_blank","first_blank-teh","teh",4,50,"first_blank-kaits","kaits",44,6,2,1,"tehniline","kaitsniline"
805,"first_blank","first_blank-teh","teh",4,50,"first_blank-kaits","kaits",44,6,2,1,"tehnoloogia","kaitsnoloogia"
470,"first_blank","first_blank-tei","tei",2,66,"first_blank-jät","jät",66,0,0,1,"teine","jätne"
111,"ne","ne-last_blank","last_blank",6,2677,"ne-muistsel","muistsel",1,2676,2,2,"teisejärguline","teisejärgulinemuistsel"
817,"teis","teis-me","me",4,13,"kvant-me","kvant",1,12,1,1,"teismeline","kvantmeline"
662,"kk","kk-last_blank","last_blank",1,37,"hu-last_blank","hu",37,0,0,1,"tekk","tehu"
421,"te","te-ks","ks",1,2,"te-õh","õh",2,0,0,1,"tekst","teõht"
274,"ramm","ramm-last_blank","last_blank",3,8,"tein-last_blank","tein",8,0,0,1,"telegramm","telegtein"
464,"koop","koop-last_blank","last_blank",3,4,"peid-last_blank","peid",4,0,0,1,"teleskoop","telespeid"
22,"first_blank","first_blank-tem","tem",2,21,"first_blank-nõi","nõi",21,0,0,1,"tempel","nõipel"
663,"pia","pia-last_blank","last_blank",3,17,"kett-last_blank","kett",17,0,1,1,"teraapia","teraakett"
208,"li","li-last_blank","last_blank",4,667,"li-kopteriga","kopteriga",1,666,1,5,"teravili","teravilikopteriga"
74,"te","te-re","re",2,8,"te-kan","kan",8,0,1,1,"tere","tekan"
383,"mi","mi-nal","nal",3,1,"mi-seid","seid",1,0,1,1,"terminal","termiseid"
516,"first_blank","first_blank-ter","ter",2,188,"first_blank-puu","puu",188,0,0,1,"terve","puuve"
149,"vis","vis-last_blank","last_blank",2,43,"kel-last_blank","kel",43,0,0,1,"tervis","terkel"
268,"ti","ti-gu","gu",2,3,"ti-ses","ses",3,0,1,1,"tigu","tises"
828,"näo","näo-sus","sus",3,1,"kort-sus","kort",1,0,1,1,"tõenäosus","tõekortsus"
829,"first_blank","first_blank-tõen","tõen",2,26,"first_blank-ülem","ülem",26,0,0,1,"tõendid","ülemdid"
2,"toe","toe-tus","tus",2,3,"rus-tus","rus",3,0,0,1,"toetus","rustus"
738,"to","to-it","it",1,1,"ke-it","ke",1,0,0,1,"toit","keit"
840,"first_blank","first_blank-tö","tö",1,13,"first_blank-gl","gl",13,0,0,1,"töö","glö"
127,"töö","töö-ko","ko",3,19,"draa-ko","draa",11,8,1,1,"töökoda","draakoda"
688,"too","too-ma","ma",2,1,"rag-ma","rag",1,0,0,1,"tooma","ragma"
910,"riist","riist-last_blank","last_blank",2,4,"tiivi-last_blank","tiivi",4,0,0,1,"tööriist","töötiivi"
33,"first_blank","first_blank-töös","töös",2,14,"first_blank-saks","saks",14,0,0,1,"tööstus","sakstus"
280,"töö","töö-ta","ta",3,57,"mõis-ta","mõis",21,36,1,1,"töötama","mõistama"
82,"toot","toot-ja","ja",2,3,"heit-ja","heit",3,0,0,1,"tootja","heitja"
24,"to","to-p","p",1,1,"ar-p","ar",1,0,0,1,"top","arp"
35,"re","re-last_blank","last_blank",2,283,"tad-last_blank","tad",276,7,1,1,"tore","totad"
173,"to","to-rn","rn",1,1,"to-uc","uc",1,0,0,1,"torn","touc"
827,"first_blank","first_blank-tõ","tõ",2,101,"first_blank-joo","joo",102,1,1,1,"tõsi","joosi"
321,"first_blank","first_blank-to","to",1,306,"first_blank-au","au",306,0,0,1,"tour","auur"
439,"ner","ner-last_blank","last_blank",2,72,"rib-last_blank","rib",72,0,0,1,"treener","treerib"
501,"tr","tr-ik","ik",1,2,"va-ik","va",2,0,0,1,"trikk","vaikk"
448,"fee","fee-last_blank","last_blank",2,1,"jit-last_blank","jit",1,0,0,1,"trofee","trojit"
638,"first_blank","first_blank-truu","truu",2,8,"first_blank-iraa","iraa",8,0,0,1,"truudus","iraadus"
599,"first_blank","first_blank-tse","tse",2,15,"first_blank-sir","sir",15,0,0,1,"tsement","sirment"
730,"viil","viil-last_blank","last_blank",2,1,"tity-last_blank","tity",1,0,0,1,"tsiviil-","tsitity"
922,"first_blank","first_blank-tua","tua",2,12,"first_blank-roc","roc",12,0,0,1,"tualett","roclett"
430,"tu","tu-ba","ba",2,23,"tu-sel","sel",24,1,1,1,"tuba","tusel"
715,"ba","ba-kas","kas",3,3,"ba-riik","riik",3,0,1,1,"tubakas","tubariik"
515,"gev","gev-last_blank","last_blank",2,6,"kot-last_blank","kot",6,0,0,1,"tugev","tukot"
757,"vus","vus-last_blank","last_blank",3,60,"maid-last_blank","maid",62,2,1,1,"tugevus","tugemaid"
694,"hat","hat-last_blank","last_blank",2,4,"nic-last_blank","nic",4,0,0,1,"tuhat","tunic"
783,"first_blank","first_blank-tü","tü",2,180,"first_blank-hoo","hoo",181,1,1,1,"tühi","hoohi"
833,"tu","tu-hk","hk",1,1,"tu-ol","ol",1,0,0,1,"tuhk","tuol"
376,"le","le-kah","kah",4,9,"le-misel","misel",3,6,2,1,"tulekahju","tulemiselju"
858,"mus","mus-last_blank","last_blank",3,102,"reid-last_blank","reid",102,0,1,1,"tulemus","tulereid"
467,"le","le-vik","vik",3,3,"le-tult","tult",3,0,1,1,"tulevik","tuletult"
859,"tu","tu-lis","lis",4,42,"tu-meelt","meelt",1,41,2,1,"tulistama","tumeelttama"
866,"nis","nis-ta","ta",4,81,"paqui-ta","paqui",1,80,2,1,"tunnistaja","tunpaquitaja"
865,"nis","nis-ta","ta",4,81,"kärva-ta","kärva",1,80,2,1,"tunnistama","tunkärvatama"
802,"tun","tun-nus","nus",4,20,"tun-givad","givad",1,19,2,1,"tunnustama","tungivadtama"
726,"niir","niir-last_blank","last_blank",2,2,"lica-last_blank","lica",2,0,0,1,"turniir","turlica"
602,"tar","tar-last_blank","last_blank",2,25,"vin-last_blank","vin",25,0,0,1,"tütar","tüvin"
608,"laps","laps-last_blank","last_blank",3,14,"king-last_blank","king",14,0,0,1,"tütarlaps","tütarking"
843,"tu","tu-ul","ul",1,2,"tu-or","or",2,0,0,1,"tuul","tuor"
169,"tuu","tuu-ni","ni",4,3,"hassa-ni","hassa",3,0,2,1,"tuunikala","hassanikala"
284,"tüü","tüü-pi","pi",4,12,"nicor-pi","nicor",1,11,2,1,"tüüpiline","nicorpiline"
931,"first_blank","first_blank-uf","uf",1,4,"first_blank-nt","nt",4,0,0,1,"ufo","nto"
4,"üh","üh-e","e",1,1,"bb-e","bb",1,0,0,1,"ühe-","bbe"
290,"first_blank","first_blank-ühis","ühis",2,24,"first_blank-jõud","jõud",24,0,0,2,"ühiskond","jõudkond"
109,"first_blank","first_blank-uh","uh",2,44,"first_blank-ana","ana",44,0,1,1,"uhke","anake"
903,"kus","kus-last_blank","last_blank",2,236,"sel-last_blank","sel",234,2,0,1,"uhkus","uhsel"
309,"ük","ük-s","s",1,3,"ri-s","ri",3,0,0,1,"üks","ris"
876,"first_blank","first_blank-ük","ük",2,80,"first_blank-sal","sal",80,0,1,1,"üksi","salsi"
312,"first_blank","first_blank-üldi","üldi",2,8,"first_blank-süle","süle",8,0,0,1,"üldine","sülene"
559,"üle","üle-loo","loo",4,7,"laisk-loo","laisk",1,6,2,1,"üleloomulik","laiskloomulik"
247,"em","em-last_blank","last_blank",1,13,"hk-last_blank","hk",13,0,0,1,"ülem","ülhk"
471,"first_blank","first_blank-üles","üles",3,49,"first_blank-suur","suur",49,0,0,1,"ülesanne","suuranne"
536,"õpi","õpi-la","la",4,4,"roots-la","roots",4,0,2,1,"üliõpilane","ülirootslane"
950,"ül","ül-las","las",2,2,"ül-bit","bit",3,1,0,1,"üllas","ülbit"
583,"la","la-tus","tus",3,16,"la-selt","selt",7,9,1,1,"üllatus","üllaselt"
550,"rik","rik-last_blank","last_blank",2,30,"ham-last_blank","ham",30,0,0,1,"ümbrik","ümbham"
887,"ne","ne-last_blank","last_blank",4,2677,"ne-muistsel","muistsel",1,2676,2,4,"ümmargune","ümmargunemuistsel"
126,"sum","sum-last_blank","last_blank",3,4,"rael-last_blank","rael",4,0,1,1,"universum","univerrael"
451,"first_blank","first_blank-unus","unus",3,35,"first_blank-aren","aren",35,0,0,1,"unustama","arentama"
873,"first_blank","first_blank-upu","upu",3,21,"first_blank-märk","märk",21,0,1,1,"uputama","märktama"
893,"first_blank","first_blank-usal","usal",3,64,"first_blank-järg","järg",66,2,0,1,"usaldama","järgdama"
428,"us","us-s","s",1,7,"ie-s","ie",7,0,0,1,"uss","ies"
896,"first_blank","first_blank-üt","üt",3,61,"first_blank-mõis","mõis",61,0,2,1,"ütlema","mõislema"
900,"first_blank","first_blank-uuri","uuri",2,66,"first_blank-järg","järg",66,0,0,1,"uurima","järgma"
884,"uuri","uuri-mi","mi",3,4,"vaja-mi","vaja",4,0,0,1,"uurimine","vajamine"
899,"first_blank","first_blank-üür","üür",2,4,"first_blank-sca","sca",4,0,0,1,"üürnik","scanik"
579,"first_blank","first_blank-vaa","vaa",2,124,"first_blank-sil","sil",123,1,0,1,"vaade","silde"
902,"first_blank","first_blank-vää","vää",3,72,"first_blank-taas","taas",70,2,1,1,"väärima","taasrima"
161,"first_blank","first_blank-väär","väär",2,46,"first_blank-psüh","psüh",47,1,0,2,"väärtus","psühtus"
780,"first_blank","first_blank-väär","väär",3,46,"first_blank-psüh","psüh",47,1,0,1,"väärtuslik","psühtuslik"
163,"first_blank","first_blank-vaat","vaat",2,20,"first_blank-viie","viie",20,0,0,1,"vaatlus","viielus"
76,"ba","ba-dus","dus",3,13,"ba-taht","taht",12,1,1,1,"vabadus","vabataht"
905,"va","va-balt","balt",2,2,"va-paik","paik",2,0,0,1,"vabalt","vapaik"
907,"taht","taht-lik","lik",4,9,"siusk-lik","siusk",1,8,1,1,"vabatahtlik","vabasiusklik"
674,"first_blank","first_blank-vae","vae",2,67,"first_blank-mää","mää",67,0,0,1,"vaene","määne"
958,"first_blank","first_blank-vaen","vaen",3,19,"first_blank-kõrg","kõrg",19,0,0,1,"vaenlane","kõrglane"
981,"first_blank","first_blank-vae","vae",2,67,"first_blank-mää","mää",67,0,0,1,"vaesus","määsus"
623,"first_blank","first_blank-vae","vae",2,67,"first_blank-lõu","lõu",67,0,0,1,"vaeva","lõuva"
573,"gii","gii-na","na",3,2,"kaar-na","kaar",2,0,1,1,"vagiina","vakaarna"
915,"he","he-last_blank","last_blank",2,79,"vas-last_blank","vas",79,0,1,1,"vähe","vävas"
139,"ama","ama-last_blank","last_blank",6,1,"ncewind-last_blank","ncewind",1,0,4,1,"vahele segama","vahele segncewind"
655,"vaik","vaik-ne","ne",2,1,"stai-ne","stai",1,0,0,1,"vaikne","staine"
102,"vaim","vaim-ne","ne",2,1,"daal-ne","daal",1,0,0,1,"vaimne","daalne"
502,"mu","mu-kas","kas",3,5,"mu-selt","selt",6,1,1,1,"vaimukas","vaimuselt"
919,"ja","ja-lik","lik",3,28,"ja-test","test",25,3,1,1,"vajalik","vajatest"
524,"va","va-le","le",2,146,"va-ban","ban",33,113,1,1,"vale","vaban"
924,"va","va-le","le",4,146,"teesk-le","teesk",12,134,3,1,"valetama","teeskletama"
484,"val","val-ge","ge",2,19,"bur-ge","bur",14,5,0,1,"valge","burge"
928,"va","va-lik","lik",2,7,"va-tee","tee",7,0,0,1,"valik","vatee"
926,"li","li-ma","ma",3,39,"li-sest","sest",37,2,2,1,"valima","valisest"
888,"first_blank","first_blank-väl","väl",2,289,"first_blank-kuu","kuu",275,14,0,1,"välja","kuuja"
706,"jas","jas-pool","pool",3,1,"jas-tust","tust",1,0,0,1,"väljaspool","väljastust"
985,"va","va-lk","lk",1,1,"va-uc","uc",1,0,0,1,"valk","vauc"
9,"lk","lk-last_blank","last_blank",1,29,"ia-last_blank","ia",29,0,0,1,"välk","väia"
937,"mis","mis-last_blank","last_blank",2,103,"val-last_blank","val",104,1,0,1,"valmis","valval"
567,"val","val-vur","vur",2,4,"val-gen","gen",4,0,0,1,"valvur","valgen"
514,"na","na-last_blank","last_blank",2,951,"sed-last_blank","sed",896,55,1,1,"vana","vased"
942,"isa","isa-last_blank","last_blank",3,5,"neel-last_blank","neel",5,0,1,1,"vanaisa","vananeel"
584,"nõu","nõu-last_blank","last_blank",3,7,"värk-last_blank","värk",7,0,1,1,"vandenõu","vandevärk"
226,"nem","nem-last_blank","last_blank",2,10,"rif-last_blank","rif",10,0,0,1,"vanem","varif"
943,"first_blank","first_blank-van","van",4,144,"first_blank-elekt","elekt",74,70,2,1,"vannutama","elektnutama"
529,"ra","ra-last_blank","last_blank",2,299,"kud-last_blank","kud",296,3,1,1,"vara","vakud"
351,"ras","ras-last_blank","last_blank",2,60,"leb-last_blank","leb",60,0,0,1,"varas","valeb"
681,"ras","ras-ta","ta",4,40,"keela-ta","keela",1,39,2,1,"varastama","vakeelatama"
683,"first_blank","first_blank-var","var",2,159,"first_blank-kol","kol",159,0,0,1,"vargus","kolgus"
861,"va","va-ri","ri",2,33,"va-ban","ban",33,0,1,1,"vari","vaban"
953,"ju","ju-pai","pai",4,7,"ju-tused","tused",4,3,2,1,"varjupaika","varjutusedka"
954,"first_blank","first_blank-värs","värs",2,26,"first_blank-must","must",26,0,0,2,"värske","mustke"
220,"first_blank","first_blank-vär","vär",3,74,"first_blank-kuul","kuul",75,1,1,1,"värvima","kuulvima"
503,"si","si-nud","nud",3,28,"si-mist","mist",15,13,1,1,"väsinud","väsimist"
659,"tik","tik-last_blank","last_blank",2,58,"vus-last_blank","vus",60,2,0,1,"vastik","vasvus"
962,"ne","ne-last_blank","last_blank",5,2677,"ne-muistsel","muistsel",1,2676,2,3,"vastupidine","vastupidinemuistsel"
963,"first_blank","first_blank-vas","vas",2,270,"first_blank-kuu","kuu",275,5,0,1,"vastus","kuutus"
297,"tu","tu-tus","tus",3,12,"tu-prot","prot",6,6,1,1,"vastutus","vastuprot"
564,"tu","tu-võtt","võtt",3,1,"tu-miks","miks",1,0,0,1,"vastuvõtt","vastumiks"
965,"de","de-lik","lik",3,8,"de-test","test",3,5,1,1,"vedelik","vedetest"
43,"veen","veen-ma","ma",2,1,"seks-ma","seks",1,0,0,1,"veenma","seksma"
700,"ve","ve-in","in",1,1,"sf-in","sf",1,0,0,1,"vein","sfin"
969,"tiil","tiil-last_blank","last_blank",2,2,"hell-last_blank","hell",2,0,0,1,"ventiil","venhell"
890,"ri","ri-last_blank","last_blank",2,912,"sed-last_blank","sed",896,16,1,1,"veri","vesed"
45,"first_blank","first_blank-vest","vest",2,31,"first_blank-taht","taht",31,0,0,1,"vestlus","tahtlus"
95,"vi","vi-ga","ga",2,37,"vi-sid","sid",15,22,1,1,"viga","visid"
649,"ha","ha-last_blank","last_blank",2,154,"tid-last_blank","tid",157,3,1,1,"viha","vitid"
38,"first_blank","first_blank-vih","vih",4,85,"first_blank-elekt","elekt",74,11,2,1,"vihkamine","elektkamine"
418,"hm","hm-last_blank","last_blank",1,14,"ub-last_blank","ub",14,0,0,1,"vihm","viub"
500,"vii","vii-rus","rus",2,7,"sõb-rus","sõb",6,1,0,1,"viirus","sõbrus"
727,"vii","vii-sa","sa",3,21,"täht-sa","täht",18,3,1,1,"viisakas","tähtsakas"
669,"püss","püss-last_blank","last_blank",2,5,"poon-last_blank","poon",5,0,0,1,"vintpüss","vintpoon"
978,"first_blank","first_blank-vis","vis",2,41,"first_blank-huk","huk",41,0,0,1,"viski","hukki"
186,"lla","lla-last_blank","last_blank",2,1,"söe-last_blank","söe",1,0,0,1,"võib olla","võib osöe"
145,"leib","leib-last_blank","last_blank",2,1,"keed-last_blank","keed",1,0,0,1,"võileib","võikeed"
388,"või","või-ma","ma",3,65,"koor-ma","koor",11,54,1,1,"võimatu","koormatu"
990,"me","me-tus","tus",3,8,"me-kord","kord",7,1,1,1,"võimetus","võimekord"
103,"first_blank","first_blank-võim","võim",2,37,"first_blank-teis","teis",37,0,0,1,"võimsus","teissus"
420,"it","it-last_blank","last_blank",1,41,"ty-last_blank","ty",41,0,0,1,"võit","võty"
994,"lus","lus-last_blank","last_blank",2,131,"dad-last_blank","dad",129,2,0,1,"võitlus","võitdad"
923,"first_blank","first_blank-võ","võ",1,145,"first_blank-di","di",145,0,0,1,"võlts","dilts"
187,"lu","lu-last_blank","last_blank",2,101,"nas-last_blank","nas",101,0,1,1,"võlu","võnas"
97,"vo","vo-ol","ol",1,1,"vo-ig","ig",1,0,0,1,"vool","voig"
764,"rk","rk-last_blank","last_blank",1,35,"pp-last_blank","pp",35,0,0,1,"võrk","võpp"
23,"rm","rm-last_blank","last_blank",1,13,"ek-last_blank","ek",13,0,0,1,"vorm","voek"
417,"võ","võ-ti","ti",2,4,"hus-ti","hus",4,0,1,1,"võti","husti"
70,"hing","hing-ton","ton",3,1,"down-ton","down",1,0,0,1,"washington","wasdownton"
813,"first_blank","first_blank-že","že",1,3,"first_blank-gp","gp",3,0,0,1,"žest","gpst"
940,"mb","mb-ie","ie",1,1,"mb-uk","uk",1,0,0,1,"zombie","zombuk"
