"word_id","first","original_pair","second","syll","original_freq","replacement_pair","replacement_syll","replacement_freq","freq_diff","char_diff","letter_diff","original_word","replacement_word"
268,"","-last_blank","last_blank",1,1,"סז-last_blank","סז",1,0,2,1,"-","סז"
77,"אמ","אמ-א","א",1,8,"וד-א","וד",8,0,0,1,"- אמא"," ודא"
4,"first_blank","first_blank-hi","hi",1,6,"first_blank-ןת","ןת",6,0,0,1,"hiv","ןתv"
174,"ng","ng-last_blank","last_blank",1,15,"עץ-last_blank","עץ",15,0,0,1,"ling","liעץ"
855,"first_blank","first_blank-א ","א ",1,1,"first_blank-ew","ew",1,0,0,1,"א '","ew'"
899,"br","br-מָ","מָ",1,1,"br-in","in",1,0,0,1,"א brמָנִיָה","א brinנִיָה"
683,"אב","אב- ט"," ט",1,1,"אב-רח","רח",1,0,0,1,"אב טיפוס","אברחיפוס"
308,"ּא","ּא-last_blank","last_blank",1,1,"uy-last_blank","uy",1,0,0,1,"אַבָּא","אַבָuy"
597,"first_blank","first_blank-אֶ","אֶ",1,1,"first_blank-יץ","יץ",1,0,0,1,"אֶבֶן","יץבֶן"
809,"first_blank","first_blank-אַ","אַ",1,1,"first_blank-ןה","ןה",1,0,0,1,"אַבּסוּרדִי","ןהבּסוּרדִי"
500,"first_blank","first_blank-אָ","אָ",1,1,"first_blank-בם","בם",1,0,0,1,"אָבָק","בםבָק"
352,"אג","אג-דה","דה",1,4,"הז-דה","הז",4,0,0,1,"אגדה","הזדה"
552,"ָל","ָל-last_blank","last_blank",1,1,"םד-last_blank","םד",1,0,0,1,"אֲגוּדָל","אֲגוּדםד"
472,"גַ","גַ-ם","ם",1,1,"הש-ם","הש",1,0,0,1,"אֲגַם","אֲהשם"
495,"ָל","ָל-last_blank","last_blank",1,1,"dj-last_blank","dj",1,0,0,1,"אַדְרִיכָל","אַדְרִיכdj"
793,"אד","אד-רנ","רנ",1,1,"הז-רנ","הז",1,0,0,1,"אדרנלין","הזרנלין"
355,"first_blank","first_blank-אה","אה",1,61,"first_blank-פת","פת",61,0,0,1,"אהבה","פתבה"
933,"או","או-וו","וו",1,2,"המ-וו","המ",2,0,0,1,"אווורור","המוורור"
349,"או","או-טו","טו",1,21,"או-פנ","פנ",21,0,0,1,"אוטו","אופנ"
347,"או","או-ֹט","ֹט",1,1,"או-תל","תל",1,0,0,1,"אוֹטוֹבּוּס","אותלוֹבּוּס"
587,"ָה","ָה-last_blank","last_blank",1,1,"כצ-last_blank","כצ",1,0,0,1,"אוּמָה","אוּמכצ"
924,"first_blank","first_blank-או","או",1,700,"first_blank-הנ","הנ",700,0,0,1,"אומללות","הנמללות"
356,"או","או-ּנ","ּנ",1,1,"או-טן","טן",1,0,0,1,"אוּנִיבֶרְסִיטָה","אוטןִיבֶרְסִיטָה"
508,"או","או-ֹפ","ֹפ",1,1,"או-קז","קז",1,0,0,1,"אוֹפְּצִיָה","אוקזְּצִיָה"
388,"או","או-ֹק","ֹק",1,1,"או-ינ","ינ",1,0,0,1,"אוֹקְטוֹבֶּר","אוינְטוֹבֶּר"
398,"או","או-קי","קי",1,10,"הש-קי","הש",10,0,0,1,"אוקיינוס","השקיינוס"
78,"ֹר","ֹר-last_blank","last_blank",1,1,"nc-last_blank","nc",1,0,0,1,"אוֹר","אוnc"
272,"first_blank","first_blank-או","או",1,700,"first_blank-הנ","הנ",700,0,0,1,"אורך","הנרך"
577,"ֹת","ֹת-last_blank","last_blank",1,1,"dd-last_blank","dd",1,0,0,1,"אוֹת","אוdd"
630,"ֹר","ֹר-last_blank","last_blank",1,1,"ףא-last_blank","ףא",1,0,0,1,"אֵזוֹר","אֵזוףא"
546,"first_blank","first_blank-אֹ","אֹ",1,1,"first_blank-ck","ck",1,0,0,1,"אֹזֶן","ckזֶן"
821,"עק","עק-ה","ה",1,10,"טט-ה","טט",10,0,0,1,"אזעקה","אזטטה"
335,"first_blank","first_blank-אָ","אָ",1,1,"first_blank-זן","זן",1,0,0,1,"אָח","זןח"
123,"אח","אח-יי","יי",1,19,"מא-יי","מא",19,0,0,1,"אחיין","מאיין"
110,"אח","אח-רו","רו",1,14,"גי-רו","גי",14,0,0,1,"אחרון","גירון"
693,"ָה","ָה-last_blank","last_blank",1,1,"כץ-last_blank","כץ",1,0,0,1,"אַטמוֹספֵרָה","אַטמוֹספֵרכץ"
183,"first_blank","first_blank-אֵ","אֵ",1,1,"first_blank-הץ","הץ",1,0,0,1,"אֵיִ פַּעַם","הץיִ פַּעַם"
92,"אי","אי- ש"," ש",1,1,"אי-לר","לר",1,0,0,1,"אי שם","אילרם"
416,"first_blank","first_blank-אִ","אִ",1,1,"first_blank-um","um",1,0,0,1,"אִידיוֹט","umידיוֹט"
936,"אי","אי-כו","כו",1,7,"אי-מי","מי",7,0,0,1,"איכות","אימית"
945,"מפ","מפ-רי","רי",1,24,"וצ-רי","וצ",24,0,0,1,"אימפריה","איוצריה"
925,"נט","נט-וא","וא",1,4,"נט-גו","גו",4,0,0,1,"אינטואיציה","אינטגויציה"
995,"ִי","ִי-last_blank","last_blank",1,1,"hn-last_blank","hn",1,0,0,1,"אִינטִימִי","אִינטִימhn"
594,"טִ","טִ-י","י",1,1,"צי-י","צי",1,0,0,1,"אִינְטֶלִיגֶנְטִי","אִינְטֶלִיגֶנְציי"
741,"נט","נט-רנ","רנ",1,7,"לב-רנ","לב",7,0,0,1,"אינטרנט","אילברנט"
672,"first_blank","first_blank-אִ","אִ",1,1,"first_blank-oa","oa",1,0,0,1,"אִירוֹנִי","oaירוֹנִי"
211,"first_blank","first_blank-אִ","אִ",1,1,"first_blank-sy","sy",1,0,0,1,"אִישִׁי","syישִׁי"
418,"יו","יו-ּת","ּת",1,1,"יו-מט","מט",1,0,0,1,"אִישִׁיוּת","אִישִׁיומט"
596,"ָה","ָה-last_blank","last_blank",1,1,"bb-last_blank","bb",1,0,0,1,"אַכזָבָה","אַכזָבbb"
668,"first_blank","first_blank-אַ","אַ",1,1,"first_blank-פה","פה",1,0,0,1,"אַכְזָרִי","פהכְזָרִי"
99,"יו","יו-ּת","ּת",1,1,"יו-פה","פה",1,0,0,1,"אַכְזָרִיוּת","אַכְזָרִיופה"
986,"ִי","ִי-last_blank","last_blank",1,1,"qc-last_blank","qc",1,0,0,1,"אֵלֶגַנטִי","אֵלֶגַנטqc"
121,"וה","וה-י","י",1,3,"פק-י","פק",3,0,0,1,"אלוהי","אלפקי"
332," מ"," מ-שנ","שנ",1,1,"הג-שנ","הג",1,0,0,1,"אלוף משנה","אלוףהגשנה"
818,"first_blank","first_blank-אַ","אַ",1,1,"first_blank-כץ","כץ",1,0,0,1,"אַלִיבִּי","כץלִיבִּי"
58,"first_blank","first_blank-אַ","אַ",1,1,"first_blank-בם","בם",1,0,0,1,"אַלִיפוּת","בםלִיפוּת"
670,"first_blank","first_blank-אֵ","אֵ",1,1,"first_blank-ff","ff",1,0,0,1,"אֵלֵמֶנט","ffלֵמֶנט"
31,"פא","פא-last_blank","last_blank",1,28,"רץ-last_blank","רץ",28,0,0,1,"אלפא","אלרץ"
246,"first_blank","first_blank-אֵ","אֵ",1,1,"first_blank-ןע","ןע",1,0,0,1,"אֵמוּן","ןעמוּן"
139,"first_blank","first_blank-אֱ","אֱ",1,1,"first_blank-חן","חן",1,0,0,1,"אֱמוּנָה","חןמוּנָה"
186,"first_blank","first_blank-אַ","אַ",1,1,"first_blank-כף","כף",1,0,0,1,"אַמִיץ","כףמִיץ"
302,"אמ","אמ-ית","ית",1,8,"רב-ית","רב",8,0,0,1,"אמיתי","רביתי"
405,"first_blank","first_blank-אמ","אמ",1,201,"first_blank-עי","עי",201,0,0,1,"אמריקה","עיריקה"
284,"first_blank","first_blank-אָ","אָ",1,1,"first_blank-tw","tw",1,0,0,1,"אָנוֹכִי","twנוֹכִי"
22,"ָה","ָה-last_blank","last_blank",1,1,"הפ-last_blank","הפ",1,0,0,1,"אָנָלִיזָה","אָנָלִיזהפ"
541,"first_blank","first_blank-אֵ","אֵ",1,1,"first_blank-nz","nz",1,0,0,1,"אֵנֶרְגִיָה","nzנֶרְגִיָה"
224,"first_blank","first_blank-אֲ","אֲ",1,1,"first_blank-דם","דם",1,0,0,1,"אֲנָשִׁים","דםנָשִׁים"
505,"first_blank","first_blank-אִ","אִ",1,1,"first_blank-dm","dm",1,0,0,1,"אִסטרָטֶגִיָה","dmסטרָטֶגִיָה"
493,"first_blank","first_blank-אָ","אָ",1,1,"first_blank-fs","fs",1,0,0,1,"אָסִיר","fsסִיר"
545,"first_blank","first_blank-אף","אף",1,5,"first_blank-fo","fo",5,0,0,1,"אף","fo"
267,"אפ","אפ-ל","ל",1,6,"נכ-ל","נכ",5,1,0,1,"אפל","נכל"
586,"שר","שר-ות","ות",1,22,"אי-ות","אי",22,0,0,1,"אפשרות","אפאיות"
571,"first_blank","first_blank-אֶ","אֶ",1,1,"first_blank-db","db",1,0,0,1,"אֶקְדָח","dbקְדָח"
81,"רֶ","רֶ-ס","ס",1,1,"ממ-ס","ממ",1,0,0,1,"אֶקְסְפּרֶס","אֶקְסְפּממס"
306,"אר","אר-בע","בע",1,8,"אר-לי","לי",8,0,0,1,"ארבעה","ארליה"
797,"אר","אר-וח","וח",1,7,"אר-מנ","מנ",7,0,0,1,"ארוחה","ארמנה"
588,"ת ","ת -בו","בו",1,1,"לב-בו","לב",1,0,0,1,"ארוחת בוקר","ארוחלבבוקר"
956,"צה","צה-רי","רי",1,4,"אק-רי","אק",4,0,0,1,"ארוחת צהריים","ארוחת אקריים"
394,"אר","אר-וך","וך",1,2,"אר-בק","בק",2,0,0,1,"ארוך","ארבק"
928,"ֹן","ֹן-last_blank","last_blank",1,1,"wa-last_blank","wa",1,0,0,1,"אָרוֹן","אָרוwa"
722,"first_blank","first_blank-אָ","אָ",1,1,"first_blank-צף","צף",1,0,0,1,"אָרְטִילֶרִיָה","צףרְטִילֶרִיָה"
88,"ֵה","ֵה-last_blank","last_blank",1,1,"ab-last_blank","ab",1,0,0,1,"אַריֵה","אַריab"
621,"נב","נב-last_blank","last_blank",1,18,"מט-last_blank","מט",18,0,0,1,"ארנב","ארמט"
553,"נק","נק-last_blank","last_blank",1,66,"רח-last_blank","רח",66,0,0,1,"ארנק","אררח"
437,"אש","אש-ה","ה",1,10,"פצ-ה","פצ",10,0,0,1,"אשה","פצה"
317,"first_blank","first_blank-אִ","אִ",1,1,"first_blank-tx","tx",1,0,0,1,"אִשָׁה","txשָׁה"
336,"ׁם","ׁם-last_blank","last_blank",1,1,"עא-last_blank","עא",1,0,0,1,"אָשֵׁם","אָשֵעא"
160,"first_blank","first_blank-אַ","אַ",1,1,"first_blank-oa","oa",1,0,0,1,"אַשָׁף","oaשָׁף"
908,"first_blank","first_blank-אַ","אַ",1,1,"first_blank-wu","wu",1,0,0,1,"אַשׁפָּה","wuשׁפָּה"
851,"גר","גר-last_blank","last_blank",1,84,"בן-last_blank","בן",84,0,0,1,"אתגר","אתבן"
676,"את","את-מו","מו",1,3,"למ-מו","למ",3,0,0,1,"אתמול","לממול"
765,"ופ","ופ-ן ","ן ",1,1,"ופ-לה","לה",1,0,0,1,"באופן בלתי צפוי","באופלהבלתי צפוי"
485,"יש","יש-יר","יר",1,5,"סד-יר","סד",5,0,0,1,"באופן ישיר","באופן סדיר"
854,"בא","בא-טמ","טמ",1,3,"בא-מה","מה",3,0,0,1,"באטמן","באמהן"
1,"ֶת","ֶת-last_blank","last_blank",1,1,"תץ-last_blank","תץ",1,0,0,1,"בֶּאֱמֶת","בֶּאֱמתץ"
301,"בד","בד-יח","יח",1,6,"הי-יח","הי",6,0,0,1,"בדיחה","הייחה"
847,"first_blank","first_blank-בְ","בְ",1,1,"first_blank-tt","tt",1,0,0,1,"בְּדִיקָה","ttּדִיקָה"
972,"בד","בד-רך","רך",1,1,"בד-נה","נה",1,0,0,1,"בדרך כלל","בדנה כלל"
187,"first_blank","first_blank-בְ","בְ",1,1,"first_blank-קן","קן",1,0,0,1,"בְּדֶרֶך כְּלַל","קןּדֶרֶך כְּלַל"
773,"first_blank","first_blank-בָ","בָ",1,1,"first_blank-הך","הך",1,0,0,1,"בָּהִיר","הךּהִיר"
401,"first_blank","first_blank-בּ","בּ",1,1,"first_blank-cn","cn",1,0,0,1,"בּוֹגֵד","cnוֹגֵד"
850,"גר","גר-last_blank","last_blank",1,84,"יג-last_blank","יג",84,0,0,1,"בוגר","בויג"
8,"דֵ","דֵ-ד","ד",1,1,"בע-ד","בע",1,0,0,1,"בּוֹדֵד","בּוֹבעד"
874,"חֵ","חֵ-ר","ר",1,1,"הג-ר","הג",1,0,0,1,"בּוֹחֵר","בּוֹהגר"
164,"first_blank","first_blank-בּ","בּ",1,1,"first_blank-ג ","ג ",1,0,0,1,"בּוֹס","ג וֹס"
537,"בו","בו-סט","סט",1,3,"בו-לג","לג",3,0,0,1,"בוסטון","בולגון"
298,"קר","קר-last_blank","last_blank",1,111,"שי-last_blank","שי",111,0,0,1,"בוקר","בושי"
849,"first_blank","first_blank-בּ","בּ",1,1,"first_blank-ds","ds",1,0,0,1,"בּוֹקֵר","dsוֹקֵר"
935,"בח","בח-יל","יל",1,6,"וס-יל","וס",6,0,0,1,"בחילה","וסילה"
870,"first_blank","first_blank-בְ","בְ",1,1,"first_blank-נץ","נץ",1,0,0,1,"בְּחִירָה","נץּחִירָה"
766,"בח","בח-ר","ר",1,13,"וכ-ר","וכ",13,0,0,1,"בחר","וכר"
547,"חו","חו-ּת","ּת",1,1,"חו-קו","קו",1,0,0,1,"בְּטִיחוּת","בְּטִיחוקו"
994,"first_blank","first_blank-בִ","בִ",1,1,"first_blank-kf","kf",1,0,0,1,"בִּטנִי","kfּטנִי"
627,"first_blank","first_blank-בִ","בִ",1,1,"first_blank-dd","dd",1,0,0,1,"בִּיוֹלוֹגִי","ddּיוֹלוֹגִי"
626,"בי","בי-ול","ול",1,12,"המ-ול","המ",12,0,0,1,"ביולוגיה","המולוגיה"
131,"בי","בי-י","י",1,5,"תק-י","תק",5,0,0,1,"ביי","תקי"
279,"בי","בי-יס","יס",1,5,"בי-רכ","רכ",5,0,0,1,"בייסבול","בירכבול"
295,"בי","בי-יק","יק",1,10,"ינ-יק","ינ",10,0,0,1,"בייקון","יניקון"
182,"בי","בי-צה","צה",1,6,"בי-אנ","אנ",6,0,0,1,"ביצה","ביאנ"
127,"בי","בי-צו","צו",1,10,"בי-יק","יק",10,0,0,1,"ביצוע","בייקע"
408,"בי","בי-רה","רה",1,15,"בי-עי","עי",15,0,0,1,"בירה","ביעי"
439,"בי","בי-ת ","ת ",1,1,"בי-יז","יז",1,0,0,1,"בית ספר","בייזספר"
556,"ֹת","ֹת-last_blank","last_blank",1,1,"tc-last_blank","tc",1,0,0,1,"בֵּית קְבָרוֹת","בֵּית קְבָרוtc"
902,"first_blank","first_blank-בִ","בִ",1,1,"first_blank-kf","kf",1,0,0,1,"בִּכְבֵדוּת","kfּכְבֵדוּת"
452,"first_blank","first_blank-בִ","בִ",1,1,"first_blank-כץ","כץ",1,0,0,1,"בִּלבּוּל","כץּלבּוּל"
3,"first_blank","first_blank-בַ","בַ",1,1,"first_blank-sy","sy",1,0,0,1,"בַּלָשׁ","syּלָשׁ"
647,"first_blank","first_blank-בִ","בִ",1,1,"first_blank-oa","oa",1,0,0,1,"בִּמְהִירוּת","oaּמְהִירוּת"
938,"ִי","ִי-ד","ד",1,1,"רג-ד","רג",1,0,0,1,"בְּמֵזִיד","בְּמֵזרגד"
390,"first_blank","first_blank-בֵ","בֵ",1,1,"first_blank-qs","qs",1,0,0,1,"בֵּן","qsּן"
165,"first_blank","first_blank-בן","בן",1,2,"first_blank-md","md",2,0,0,1,"בן אנוש","md אנוש"
30,"בנ","בנ-ות","ות",1,31,"יא-ות","יא",31,0,0,1,"בנות","יאות"
527,"first_blank","first_blank-בִ","בִ",1,1,"first_blank-דם","דם",1,0,0,1,"בִּניָן","דםּניָן"
860," ד"," ד-בר","בר",1,1,"גז-בר","גז",1,0,0,1,"בסופו של דבר","בסופו שלגזבר"
680,"ָה","ָה-last_blank","last_blank",1,1,"nn-last_blank","nn",1,0,0,1,"בְּעָיָה","בְּעָיnn"
982,"בע","בע-ל ","ל ",1,1,"בע-תך","תך",1,0,0,1,"בעל בית","בעתךבית"
27,"חי","חי-ים","ים",1,20,"רכ-ים","רכ",20,0,0,1,"בעל חיים","בעל רכים"
232,"בע","בע-לי","לי",1,18,"סו-לי","סו",18,0,0,1,"בעלים","סולים"
840,"בצ","בצ-ל","ל",1,1,"תש-ל","תש",1,0,0,1,"בצל","תשל"
444,"בק","בק-בו","בו",1,10,"בק-ור","ור",10,0,0,1,"בקבוק","בקורק"
83,"first_blank","first_blank-בַ","בַ",1,1,"first_blank-gt","gt",1,0,0,1,"בַּקָשָׁה","gtּקָשָׁה"
511,"ּר","ּר-last_blank","last_blank",1,1,"ru-last_blank","ru",1,0,0,1,"בָּר","בָru"
890,"וו","וו-ז","ז",1,3,"שפ-ז","שפ",3,0,0,1,"ברווז","ברשפז"
746,"בר","בר-יח","יח",1,11,"בר-שו","שו",11,0,0,1,"בריחה","ברשוה"
888,"first_blank","first_blank-בָ","בָ",1,1,"first_blank-ךב","ךב",1,0,0,1,"בָּשָׂר","ךבּשָׂר"
243,"בת","בת- ד"," ד",1,1,"בת-צפ","צפ",1,0,0,1,"בת דודה","בתצפודה"
205,"וֹ","וֹ-ך","ך",1,1,"סב-ך","סב",1,0,0,1,"בְּתוֹך","בְּתסבך"
792,"first_blank","first_blank-בְ","בְ",1,1,"first_blank-lf","lf",1,0,0,1,"בְּתוֹקֶף","lfּתוֹקֶף"
794,"first_blank","first_blank-ג'","ג'",1,1,"first_blank-וa","וa",1,0,0,1,"ג'ולייט","וaולייט"
158,"first_blank","first_blank-גָ","גָ",1,1,"first_blank-חץ","חץ",1,0,0,1,"גָבוֹהַ","חץבוֹהַ"
481,"גב","גב-ינ","ינ",1,6,"לה-ינ","לה",6,0,0,1,"גבינה","להינה"
156,"גב","גב-רת","רת",1,13,"יי-רת","יי",13,0,0,1,"גברת","יירת"
718,"ּד","ּד-last_blank","last_blank",1,1,"צש-last_blank","צש",1,0,0,1,"גְדוּד","גְדוצש"
101,"first_blank","first_blank-גד","גד",1,36,"first_blank-פח","פח",36,0,0,1,"גדול","פחול"
468,"first_blank","first_blank-גָ","גָ",1,1,"first_blank-dm","dm",1,0,0,1,"גָדֵר","dmדֵר"
642,"ַה","ַה-last_blank","last_blank",1,1,"tp-last_blank","tp",1,0,0,1,"גוֹבַה","גוֹבtp"
449,"גו","גו-לג","לג",1,8,"גו-רה","רה",8,0,0,1,"גולגולת","גורהולת"
678,"ָה","ָה-last_blank","last_blank",1,1,"mo-last_blank","mo",1,0,0,1,"גוּפָה","גוּפmo"
266,"ִי","ִי-last_blank","last_blank",1,1,"ג -last_blank","ג ",1,0,0,1,"גוּפָנִי","גוּפָנג "
813,"גו","גו-ֹר","ֹר",1,1,"גו-דמ","דמ",1,0,0,1,"גוֹרִילָה","גודמִילָה"
904,"ָל","ָל-last_blank","last_blank",1,1,"סג-last_blank","סג",1,0,0,1,"גוֹרָל","גוֹרסג"
240,"רם","רם-last_blank","last_blank",1,63,"תר-last_blank","תר",63,0,0,1,"גורם","גותר"
290,"first_blank","first_blank-גז","גז",1,36,"first_blank-פח","פח",36,0,0,1,"גזירה","פחירה"
846,"first_blank","first_blank-גז","גז",1,36,"first_blank-עג","עג",36,0,0,1,"גזע","עגע"
207,"גֵ","גֵ-יה","יה",1,1,"זכ-יה","זכ",1,0,0,1,"גֵיהִנוֹם","זכיהִנוֹם"
451,"first_blank","first_blank-גִ","גִ",1,1,"first_blank-ic","ic",1,0,0,1,"גִיטָרָה","icיטָרָה"
179,"ִי","ִי-last_blank","last_blank",1,1,"jp-last_blank","jp",1,0,0,1,"גלוֹבָּלִי","גלוֹבָּלjp"
399,"ָה","ָה-last_blank","last_blank",1,1,"ci-last_blank","ci",1,0,0,1,"גָלַקסִיָה","גָלַקסִיci"
757,"first_blank","first_blank-גְ","גְ",1,1,"first_blank-ng","ng",1,0,0,1,"גְרַם","ngרַם"
895,"נִ","נִ-י","י",1,1,"צק-י","צק",1,0,0,1,"גַרעִינִי","גַרעִיצקי"
60,"גה","גה-last_blank","last_blank",1,110,"טו-last_blank","טו",110,0,0,1,"דאגה","דאטו"
841,"יב","יב-ון","ון",1,5,"מל-ון","מל",5,0,0,1,"דביבון","דבמלון"
455,"דג","דג-last_blank","last_blank",1,30,"זת-last_blank","זת",30,0,0,1,"דג","זת"
429,"דו","דו-ֹל","ֹל",1,1,"דו-בה","בה",1,0,0,1,"דוֹלָר","דובהָר"
334,"דו","דו-ֹק","ֹק",1,1,"דו-ונ","ונ",1,0,0,1,"דוֹקטוֹר","דוונטוֹר"
141,"די","די-ג","ג",1,1,"גז-ג","גז",1,0,0,1,"דיג","גזג"
512,"ּן","ּן-last_blank","last_blank",1,1,"oh-last_blank","oh",1,0,0,1,"דִיוּן","דִיוoh"
894,"די","די-נג","נג",1,10,"מת-נג","מת",10,0,0,1,"דינג","מתנג"
944,"first_blank","first_blank-דִ","דִ",1,1,"first_blank-qs","qs",1,0,0,1,"דִינָמִיט","qsינָמִיט"
582,"יר","יר-ָה","ָה",1,1,"יר-סק","סק",1,0,0,1,"דִירָה","דִירסק"
283,"first_blank","first_blank-דִ","דִ",1,1,"first_blank-hm","hm",1,0,0,1,"דִכָּאוֹן","hmכָּאוֹן"
396,"דל","דל-ת","ת",1,11,"יג-ת","יג",11,0,0,1,"דלת","יגת"
513,"first_blank","first_blank-דֵ","דֵ",1,1,"first_blank-יץ","יץ",1,0,0,1,"דֵמוֹקרָטִיָה","יץמוֹקרָטִיָה"
189,"ֶּ","ֶּ-ר","ר",1,1,"טפ-ר","טפ",1,0,0,1,"דֵצֶמבֶּר","דֵצֶמבטפר"
263,"first_blank","first_blank-דַ","דַ",1,1,"first_blank-ff","ff",1,0,0,1,"דַקָה","ffקָה"
555,"ֹן","ֹן-last_blank","last_blank",1,1,"כץ-last_blank","כץ",1,0,0,1,"דַרכּוֹן","דַרכּוכץ"
865,"ׁה","ׁה-last_blank","last_blank",1,1,"wa-last_blank","wa",1,0,0,1,"דְרָשָׁה","דְרָשָwa"
213,"first_blank","first_blank-דָ","דָ",1,1,"first_blank-uv","uv",1,0,0,1,"דָת","uvת"
59,"first_blank","first_blank-הַ","הַ",1,1,"first_blank-iא","iא",1,0,0,1,"הַאֲשָׁמָה","iאאֲשָׁמָה"
609,"ָה","ָה-last_blank","last_blank",1,1,"笙ェ-last_blank","笙ェ",1,0,0,1,"הַבטָחָה","הַבטָח笙ェ"
608,"הב","הב-רך","רך",1,1,"הב-אפ","אפ",1,0,0,1,"הברך","הבאפ"
911,"ָה","ָה-last_blank","last_blank",1,1,"ho-last_blank","ho",1,0,0,1,"הַגדָרָה","הַגדָרho"
450,"first_blank","first_blank-הַ","הַ",1,1,"first_blank-tj","tj",1,0,0,1,"הַדבָּקָה","tjדבָּקָה"
958,"first_blank","first_blank-הֲ","הֲ",1,1,"first_blank-ףא","ףא",1,0,0,1,"הֲדָחָה","ףאדָחָה"
314,"ָה","ָה-last_blank","last_blank",1,1,"hq-last_blank","hq",1,0,0,1,"הוֹדָעָה","הוֹדָעhq"
799,"כח","כח-ה","ה",1,7,"אב-ה","אב",7,0,0,1,"הוכחה","הואבה"
494,"ִי","ִי-last_blank","last_blank",1,1,"fa-last_blank","fa",1,0,0,1,"הוֹמִי","הוֹמfa"
703,"נא","נא-ה","ה",1,19,"הי-ה","הי",19,0,0,1,"הונאה","הוהיה"
880,"ֶה","ֶה-last_blank","last_blank",1,1,"ex-last_blank","ex",1,0,0,1,"הוֹרֶה","הוֹרex"
142,"first_blank","first_blank-הֲ","הֲ",1,1,"first_blank-פה","פה",1,0,0,1,"הֲזָיָה","פהזָיָה"
853,"הי","הי-קף","קף",1,1,"הי-או","או",1,0,0,1,"היקף","היאו"
389,"הכ","הכ-ן","ן",1,1,"אט-ן","אט",1,0,0,1,"הכן","אטן"
566,"ָה","ָה-last_blank","last_blank",1,1,"פצ-last_blank","פצ",1,0,0,1,"הַכנָסָה","הַכנָספצ"
749," ת"," ת-וד","וד",1,1,"פל-וד","פל",1,0,0,1,"הכרת תודה","הכרתפלודה"
53,"ָה","ָה-last_blank","last_blank",1,1,"su-last_blank","su",1,0,0,1,"הַלוָיָה","הַלוָיsu"
614,"רג","רג-ר","ר",1,6,"אק-ר","אק",6,0,0,1,"המבורגר","המבואקר"
24,"המ","המ-שק","שק",1,15,"המ-פר","פר",15,0,0,1,"המשקיעים","המפריעים"
61,"הנ","הנ-חה","חה",1,2,"הנ-יפ","יפ",2,0,0,1,"הנחה","הניפ"
478,"ֵּ","ֵּ-ם","ם",1,1,"הס-ם","הס",1,0,0,1,"הֶסכֵּם","הֶסכהסם"
684,"כמ","כמ-ה","ה",1,12,"סט-ה","סט",12,0,0,1,"הסכמה","הססטה"
377,"first_blank","first_blank-הֶ","הֶ",1,1,"first_blank-tx","tx",1,0,0,1,"הֶעְדֵר","txעְדֵר"
79,"first_blank","first_blank-הֵ","הֵ",1,1,"first_blank-זן","זן",1,0,0,1,"הֵעָלְמוּת","זןעָלְמוּת"
191,"כָ","כָ-ה","ה",1,1,"לע-ה","לע",1,0,0,1,"הַעֲרָכָה","הַעֲרָלעה"
829,"הפ","הפ-גנ","גנ",1,4,"הפ-סל","סל",4,0,0,1,"הפגנה","הפסלה"
103,"הפ","הפ-קה","קה",1,1,"יב-קה","יב",1,0,0,1,"הפקה","יבקה"
783,"first_blank","first_blank-הַ","הַ",1,1,"first_blank-ng","ng",1,0,0,1,"הַצבָּעָה","ngצבָּעָה"
822,"ָה","ָה-last_blank","last_blank",1,1,"pn-last_blank","pn",1,0,0,1,"הַצהָרָה","הַצהָרpn"
632,"לט","לט-ה","ה",1,20,"בד-ה","בד",20,0,0,1,"הקלטה","הקבדה"
881,"first_blank","first_blank-הַ","הַ",1,1,"first_blank-זת","זת",1,0,0,1,"הַקפָּאָה","זתקפָּאָה"
424,"first_blank","first_blank-הַ","הַ",1,1,"first_blank-ףא","ףא",1,0,0,1,"הַר","ףאר"
351,"ִי","ִי-ן","ן",1,1,"בה-ן","בה",1,0,0,1,"הֵרוֹאִין","הֵרוֹאבהן"
29,"first_blank","first_blank-הֵ","הֵ",1,1,"first_blank-jf","jf",1,0,0,1,"הֵרָיוֹן","jfרָיוֹן"
817,"first_blank","first_blank-הַ","הַ",1,1,"first_blank-tt","tt",1,0,0,1,"הַרמוֹנִיָה","ttרמוֹנִיָה"
73,"רֶ","רֶ-ס","ס",1,1,"תי-ס","תי",1,0,0,1,"הֶרֶס","הֶתיס"
724,"first_blank","first_blank-הַ","הַ",1,1,"first_blank-hr","hr",1,0,0,1,"הַרצָאָה","hrרצָאָה"
43,"ָה","ָה-last_blank","last_blank",1,1,"jj-last_blank","jj",1,0,0,1,"הַשׁבָּחָה","הַשׁבָּחjj"
136,"הש","הש-כר","כר",1,5,"וז-כר","וז",5,0,0,1,"השכרה","וזכרה"
484,"פע","פע-ה","ה",1,8,"אט-ה","אט",8,0,0,1,"השפעה","השאטה"
719,"first_blank","first_blank-הַ","הַ",1,1,"first_blank-םצ","םצ",1,0,0,1,"הַשׁרָאָה","םצשׁרָאָה"
299,"אמ","אמ-ה","ה",1,11,"ננ-ה","ננ",11,0,0,1,"התאמה","התננה"
762,"first_blank","first_blank-הִ","הִ",1,1,"first_blank-ןע","ןע",1,0,0,1,"הִתמוֹטְטוּת","ןעתמוֹטְטוּת"
91,"ּת","ּת-last_blank","last_blank",1,1,"ןו-last_blank","ןו",1,0,0,1,"הִתְפּוֹצְצוּת","הִתְפּוֹצְצוןו"
230,"פת","פת-חו","חו",1,15,"בא-חו","בא",15,0,0,1,"התפתחות","התבאחות"
45,"הת","הת-קן","קן",1,1,"הת-וה","וה",1,0,0,1,"התקן","התוה"
300,"וא","וא-ן","ן",1,28,"כו-ן","כו",28,0,0,1,"ואן","כון"
316,"דק","דק-ה","ה",1,7,"סח-ה","סח",7,0,0,1,"וודקה","ווסחה"
795,"טס","טס-ון","ון",1,4,"סר-ון","סר",4,0,0,1,"ווטסון","ווסרון"
673,"סט","סט-רן","רן",1,3,"סט-יג","יג",3,0,0,1,"ווסטרן","ווסטיג"
726,"וִ","וִ-יד","יד",1,1,"נג-יד","נג",1,0,0,1,"וִידֵאוֹ","נגידֵאוֹ"
789,"first_blank","first_blank-וִ","וִ",1,1,"first_blank-חף","חף",1,0,0,1,"וִיטָמִין","חףיטָמִין"
166,"first_blank","first_blank-וֵ","וֵ",1,1,"first_blank-gc","gc",1,0,0,1,"וֵנוּס","gcנוּס"
968,"ונ","ונ-יל","יל",1,6,"רז-יל","רז",6,0,0,1,"וניל","רזיל"
384,"first_blank","first_blank-וַ","וַ",1,1,"first_blank-לף","לף",1,0,0,1,"וַעֲדָה","לףעֲדָה"
420,"first_blank","first_blank-ז'","ז'",1,1,"first_blank-אך","אך",1,0,0,1,"ז'ָקֵט","אךָקֵט"
372,"אֵ","אֵ-ב","ב",1,1,"קי-ב","קי",1,0,0,1,"זְאֵב","זְקיב"
315,"first_blank","first_blank-זֶ","זֶ",1,1,"first_blank-ךב","ךב",1,0,0,1,"זֶה","ךבה"
823,"ָר","ָר-last_blank","last_blank",1,1,"ag-last_blank","ag",1,0,0,1,"זוּטָר","זוּטag"
157,"ֵה","ֵה-last_blank","last_blank",1,1,"db-last_blank","db",1,0,0,1,"זוֹכֵה","זוֹכdb"
559,"ֹל","ֹל-last_blank","last_blank",1,1,"qc-last_blank","qc",1,0,0,1,"זוֹל","זוqc"
392,"זכ","זכ-ור","ור",1,14,"סת-ור","סת",13,1,0,1,"זכור","סתור"
690,"first_blank","first_blank-זע","זע",1,24,"first_blank-חג","חג",24,0,0,1,"זעם","חגם"
544,"first_blank","first_blank-זָ","זָ",1,1,"first_blank-cj","cj",1,0,0,1,"זָקָן","cjקָן"
852,"first_blank","first_blank-זִ","זִ",1,1,"first_blank-fd","fd",1,0,0,1,"זִקפָּה","fdקפָּה"
126,"first_blank","first_blank-זְ","זְ",1,1,"first_blank-ון","ון",1,0,0,1,"זְרוֹעַ","וןרוֹעַ"
579,"זר","זר-יק","יק",1,4,"בנ-יק","בנ",4,0,0,1,"זריקה","בניקה"
261,"חב","חב-ור","ור",1,10,"הו-ור","הו",10,0,0,1,"חבורה","הוורה"
184,"חב","חב-יב","יב",1,12,"קט-יב","קט",12,0,0,1,"חביב","קטיב"
97,"first_blank","first_blank-חֲ","חֲ",1,1,"first_blank-צף","צף",1,0,0,1,"חֲבִילָה","צףבִילָה"
650,"בֶ","בֶ-ל","ל",1,1,"חק-ל","חק",1,0,0,1,"חֶבֶל","חֶחקל"
970,"first_blank","first_blank-חַ","חַ",1,1,"first_blank-עץ","עץ",1,0,0,1,"חַבָּלָה","עץבָּלָה"
362,"first_blank","first_blank-חב","חב",1,102,"first_blank-נכ","נכ",102,0,0,1,"חבר","נכר"
592,"first_blank","first_blank-חֲ","חֲ",1,1,"first_blank-הם","הם",1,0,0,1,"חֲבֵרוּת","הםבֵרוּת"
46,"first_blank","first_blank-חַ","חַ",1,1,"first_blank-iv","iv",1,0,0,1,"חַג","ivג"
602,"חד","חד-ר ","ר ",1,1,"חד-תם","תם",1,0,0,1,"חדר אמבטיה","חדתםאמבטיה"
584,"ר ","ר -שי","שי",1,1,"טר-שי","טר",1,0,0,1,"חדר שינה","חדטרשינה"
44,"first_blank","first_blank-חֲ","חֲ",1,1,"first_blank-טץ","טץ",1,0,0,1,"חֲדָשׁוֹת","טץדָשׁוֹת"
247,"ָה","ָה-last_blank","last_blank",1,1,"זמ-last_blank","זמ",1,0,0,1,"חוֹבָה","חוֹבזמ"
531,"ּט","ּט-last_blank","last_blank",1,1,"ספ-last_blank","ספ",1,0,0,1,"חוּט","חוספ"
696,"ֹל","ֹל-last_blank","last_blank",1,1,"םע-last_blank","םע",1,0,0,1,"חוֹל","חוםע"
810,"ֶה","ֶה-last_blank","last_blank",1,1,"ג -last_blank","ג ",1,0,0,1,"חוֹלֶה","חוֹלג "
486,"חו","חו-לם","לם",1,1,"ופ-לם","ופ",1,0,0,1,"חולם","ופלם"
838,"חו","חו-ם","ם",1,11,"דכ-ם","דכ",11,0,0,1,"חום","דכם"
359,"מר","מר- נ"," נ",1,1,"מר-יט","יט",1,0,0,1,"חומר נפץ","חומריטפץ"
805,"חו","חו-ף","ף",1,12,"ופ-ף","ופ",13,1,0,1,"חוף","ופף"
543,"חו","חו-ּק","ּק",1,1,"חו-רמ","רמ",1,0,0,1,"חוּקָה","חורמָה"
951,"ֵר","ֵר-last_blank","last_blank",1,1,"fr-last_blank","fr",1,0,0,1,"חוֹקֵר","חוֹקfr"
70,"חו","חו-ר","ר",1,23,"כי-ר","כי",24,1,0,1,"חור","כיר"
358,"ֶף","ֶף-last_blank","last_blank",1,1,"wh-last_blank","wh",1,0,0,1,"חוֹרֶף","חוֹרwh"
685,"חז","חז-ה","ה",1,11,"לג-ה","לג",11,0,0,1,"חזה","לגה"
249,"first_blank","first_blank-חָ","חָ",1,1,"first_blank-gh","gh",1,0,0,1,"חָזוֹן","ghזוֹן"
564,"זִ","זִ-יר","יר",1,1,"חצ-יר","חצ",1,0,0,1,"חֲזִיר","חֲחציר"
510,"חי","חי-בו","בו",1,8,"וה-בו","וה",8,0,0,1,"חיבור","והבור"
307,"יז","יז-ר","ר",1,11,"רי-ר","רי",11,0,0,1,"חייזר","חיריר"
845,"חי","חי-ל ","ל ",1,1,"חי-רם","רם",1,0,0,1,"חיל הים","חירםהים"
128,"first_blank","first_blank-חי","חי",1,299,"first_blank-מכ","מכ",299,0,0,1,"חינוך","מכנוך"
716,"חי","חי-נם","נם",1,1,"חי-תת","תת",1,0,0,1,"חינם","חיתת"
671,"חי","חי-צו","צו",1,6,"במ-צו","במ",6,0,0,1,"חיצוני","במצוני"
477,"רש","רש-last_blank","last_blank",1,43,"מל-last_blank","מל",43,0,0,1,"חירש","חימל"
646,"ָה","ָה-last_blank","last_blank",1,1,"םו-last_blank","םו",1,0,0,1,"חֲלוּקָה","חֲלוּקםו"
858,"חל","חל-ק ","ק ",1,1,"חל-יד","יד",1,0,0,1,"חלק אחורי","חלידאחורי"
167,"first_blank","first_blank-חֶ","חֶ",1,1,"first_blank-lf","lf",1,0,0,1,"חֶלְקִיק","lfלְקִיק"
331,"חל","חל-ש","ש",1,3,"שק-ש","שק",3,0,0,1,"חלש","שקש"
138,"חמ","חמ-אה","אה",1,4,"חמ-וצ","וצ",4,0,0,1,"חמאה","חמוצ"
591,"חָ","חָ-מו","מו",1,1,"נה-מו","נה",1,0,0,1,"חָמוּד","נהמוּד"
658,"ָה","ָה-last_blank","last_blank",1,1,"גץ-last_blank","גץ",1,0,0,1,"חֶמלָה","חֶמלגץ"
5,"ָן","ָן-last_blank","last_blank",1,1,"fa-last_blank","fa",1,0,0,1,"חַמצָן","חַמצfa"
767,"חנ","חנ-ות","ות",1,24,"שי-ות","שי",24,0,0,1,"חנות","שיות"
922,"ר ","ר -או","או",1,1,"תג-או","תג",1,0,0,1,"חֲסַר אוֹנִים","חֲסַתגאוֹנִים"
868,"ר ","ר -ער","ער",1,1,"וש-ער","וש",1,0,0,1,"חסר ערך","חסושערך"
661,"חר","חר-ום","ום",1,1,"מנ-ום","מנ",1,0,0,1,"חרום","מנום"
710,"first_blank","first_blank-חֶ","חֶ",1,1,"first_blank-ךב","ךב",1,0,0,1,"חֶרֶק","ךברֶק"
488,"וּ","וּ-ב","ב",1,1,"שר-ב","שר",1,0,0,1,"חָשׁוּב","חָשׁשרב"
86,"first_blank","first_blank-חָ","חָ",1,1,"first_blank-סם","סם",1,0,0,1,"חָשׁוּד","סםשׁוּד"
169,"בו","בו-ּת","ּת",1,1,"בו-טק","טק",1,0,0,1,"חֲשִׁיבוּת","חֲשִׁיבוטק"
76,"ַל","ַל-last_blank","last_blank",1,1,"זד-last_blank","זד",1,0,0,1,"חַשְׁמַל","חַשְׁמזד"
161,"חש","חש-מל","מל",1,11,"חש-ים","ים",11,0,0,1,"חשמלי","חשיםי"
329,"חת","חת-ול","ול",1,10,"כנ-ול","כנ",10,0,0,1,"חתול","כנול"
454,"ָה","ָה-last_blank","last_blank",1,1,"su-last_blank","su",1,0,0,1,"חֲתוּנָה","חֲתוּנsu"
941,"ָה","ָה-last_blank","last_blank",1,1,"ex-last_blank","ex",1,0,0,1,"חֲתִימָה","חֲתִימex"
962,"טב","טב-יע","יע",1,5,"לש-יע","לש",5,0,0,1,"טביעת אצבע","לשיעת אצבע"
942,"נָ","נָ-דו","דו",1,1,"כק-דו","כק",1,0,0,1,"טוֹרנָדוֹ","טוֹרכקדוֹ"
228,"טו","טו-ֹר","ֹר",1,1,"טו-חן","חן",1,0,0,1,"טוֹרֵף","טוחןֵף"
641,"רק","רק-יה","יה",1,1,"רק-מת","מת",1,0,0,1,"טורקיה","טורקמת"
618,"first_blank","first_blank-טִ","טִ",1,1,"first_blank-cf","cf",1,0,0,1,"טִיל","cfיל"
675,"first_blank","first_blank-טַ","טַ",1,1,"first_blank-ןק","ןק",1,0,0,1,"טַיָס","ןקיָס"
568,"ָה","ָה-last_blank","last_blank",1,1,"jt-last_blank","jt",1,0,0,1,"טִיסָה","טִיסjt"
518,"first_blank","first_blank-טִ","טִ",1,1,"first_blank-dj","dj",1,0,0,1,"טִירָה","djירָה"
659,"first_blank","first_blank-טֶ","טֶ",1,1,"first_blank-ןע","ןע",1,0,0,1,"טֶכנִיקָה","ןעכנִיקָה"
445,"first_blank","first_blank-טֵ","טֵ",1,1,"first_blank-cf","cf",1,0,0,1,"טֵלֶוִיזִיָה","cfלֶוִיזִיָה"
36,"ֹן","ֹן-last_blank","last_blank",1,1,"pm-last_blank","pm",1,0,0,1,"טֵלֵפוֹן","טֵלֵפוpm"
551,"first_blank","first_blank-טֶ","טֶ",1,1,"first_blank-fb","fb",1,0,0,1,"טֶמפֶּרָטוּרָה","fbמפֶּרָטוּרָה"
404,"first_blank","first_blank-טֶ","טֶ",1,1,"first_blank-bm","bm",1,0,0,1,"טֶנִיס","bmנִיס"
782,"טע","טע-ות","ות",1,9,"פנ-ות","פנ",9,0,0,1,"טעות","פנות"
785,"first_blank","first_blank-טָ","טָ",1,1,"first_blank-רן","רן",1,0,0,1,"טָעִים מְאוֹד","רןעִים מְאוֹד"
743,"first_blank","first_blank-טִ","טִ",1,1,"first_blank-מם","מם",1,0,0,1,"טִפּשׁוּת","מםפּשׁוּת"
433,"קֶ","קֶ-ס","ס",1,1,"כר-ס","כר",1,0,0,1,"טֶקֶס","טֶכרס"
258,"first_blank","first_blank-טְ","טְ",1,1,"first_blank-db","db",1,0,0,1,"טְרָגִי","dbרָגִי"
662,"תִ","תִ-י","י",1,1,"הס-י","הס",1,0,0,1,"יְדִידוּתִי","יְדִידוּהסי"
241,"יד","יד-ע","ע",1,17,"צי-ע","צי",17,0,0,1,"ידע","ציע"
593,"first_blank","first_blank-יֶ","יֶ",1,1,"first_blank-zv","zv",1,0,0,1,"יֶדַע","zvדַע"
843,"הִ","הִ-יר","יר",1,1,"זמ-יר","זמ",1,0,0,1,"יְהִירוּת","יְזמירוּת"
538,"יו","יו-ונ","ונ",1,18,"למ-ונ","למ",18,0,0,1,"יווני","למוני"
503,"יו","יו-לי","לי",1,11,"וה-לי","וה",11,0,0,1,"יולי","והלי"
663,"יו","יו-ם ","ם ",1,1,"יו-ענ","ענ",1,0,0,1,"יום הולדת","יוענהולדת"
259,"יו","יו-ֹם","ֹם",1,1,"יו-לה","לה",1,0,0,1,"יוֹם רִאשׁוֹן","יולה רִאשׁוֹן"
458,"יש","יש-ִׁ","ִׁ",1,1,"יש-עמ","עמ",1,0,0,1,"יוֹם שְׁלִישִׁי","יוֹם שְׁלִישעמי"
740,"ִי","ִי-last_blank","last_blank",1,1,"wa-last_blank","wa",1,0,0,1,"יוֹפִי","יוֹפwa"
159,"ֶׁ","ֶׁ-ר","ר",1,1,"עג-ר","עג",1,0,0,1,"יוֹשֶׁר","יוֹשעגר"
977,"יז","יז-ם","ם",1,15,"לת-ם","לת",15,0,0,1,"יזם","לתם"
199,"first_blank","first_blank-יַ","יַ",1,1,"first_blank-iv","iv",1,0,0,1,"יַחַס","ivחַס"
461,"חו","חו-די","די",1,4,"תע-די","תע",4,0,0,1,"ייחודי","ייתעדי"
882,"first_blank","first_blank-יְ","יְ",1,1,"first_blank-ג ","ג ",1,0,0,1,"יְכוֹלֶת","ג כוֹלֶת"
339,"first_blank","first_blank-יֶ","יֶ",1,1,"first_blank-זת","זת",1,0,0,1,"יֶלֶד","זתלֶד"
562,"first_blank","first_blank-יַ","יַ",1,1,"first_blank-xx","xx",1,0,0,1,"יַלדוּת","xxלדוּת"
848,"ִי","ִי-last_blank","last_blank",1,1,"םה-last_blank","םה",1,0,0,1,"יְסוֹדִי","יְסוֹדםה"
310,"first_blank","first_blank-יָ","יָ",1,1,"first_blank-קם","קם",1,0,0,1,"יָעִיל","קםעִיל"
694,"first_blank","first_blank-יַ","יַ",1,1,"first_blank-דם","דם",1,0,0,1,"יַעַר","דםעַר"
227,"first_blank","first_blank-יפ","יפ",1,126,"first_blank-נר","נר",126,0,0,1,"יפה","נרה"
447,"first_blank","first_blank-יְ","יְ",1,1,"first_blank-תך","תך",1,0,0,1,"יְצוּר","תךצוּר"
528,"יא","יא-ָה","ָה",1,1,"יא-ספ","ספ",1,0,0,1,"יְצִיאָה","יְצִיאספ"
971,"first_blank","first_blank-יְ","יְ",1,1,"first_blank-מם","מם",1,0,0,1,"יְצִירָתִיוּת","מםצִירָתִיוּת"
470,"first_blank","first_blank-יָ","יָ",1,1,"first_blank-sb","sb",1,0,0,1,"יָרִיב","sbרִיב"
80,"ׁר","ׁר-last_blank","last_blank",1,1,"דצ-last_blank","דצ",1,0,0,1,"יָשָׁר","יָשָדצ"
286,"first_blank","first_blank-כְ","כְ",1,1,"first_blank-צק","צק",1,0,0,1,"כְּאֵב","צקּאֵב"
712,"ֵד","ֵד-last_blank","last_blank",1,1,"ei-last_blank","ei",1,0,0,1,"כָּבֵד","כָּבei"
558,"first_blank","first_blank-כָ","כָ",1,1,"first_blank-ph","ph",1,0,0,1,"כָּבוֹד","phּבוֹד"
253,"כב","כב-יש","יש",1,10,"חמ-יש","חמ",10,0,0,1,"כביש מהיר","חמיש מהיר"
35,"first_blank","first_blank-כַ","כַ",1,1,"first_blank-tl","tl",1,0,0,1,"כַּדוּר","tlּדוּר"
497,"כד","כד-ור","ור",1,16,"אח-ור","אח",16,0,0,1,"כדורגל","אחורגל"
120,"בע","בע-last_blank","last_blank",1,72,"גל-last_blank","גל",71,1,0,1,"כובע","כוגל"
573,"first_blank","first_blank-כּ","כּ",1,1,"first_blank-ox","ox",1,0,0,1,"כּוֹבַע","oxוֹבַע"
282,"חַ","חַ-last_blank","last_blank",1,1,"yo-last_blank","yo",1,0,0,1,"כּוֹחַ","כּוֹyo"
39,"כב","כב-last_blank","last_blank",1,40,"הר-last_blank","הר",40,0,0,1,"כוכב","כוהר"
456,"מֶ","מֶ-ר","ר",1,1,"הק-ר","הק",1,0,0,1,"כּוֹמֶר","כּוֹהקר"
554,"עֵ","עֵ-ס","ס",1,1,"טכ-ס","טכ",1,0,0,1,"כּוֹעֵס","כּוֹטכס"
979,"first_blank","first_blank-כּ","כּ",1,1,"first_blank-מך","מך",1,0,0,1,"כּוֹפֶר","מךוֹפֶר"
353,"כו","כו-ר","ר",1,26,"ור-ר","ור",26,0,0,1,"כור","ורר"
836,"תנ","תנ-ה","ה",1,19,"הי-ה","הי",19,0,0,1,"כותנה","כוהיה"
178,"כו","כו-תר","תר",1,2,"כו-וץ","וץ",2,0,0,1,"כותרת","כווץת"
33,"וֹ","וֹ-ל","ל",1,1,"בצ-ל","בצ",1,0,0,1,"כָּחוֹל","כָּחבצל"
297,"first_blank","first_blank-כִ","כִ",1,1,"first_blank-בf","בf",1,0,0,1,"כִּיוֹר","בfּיוֹר"
198,"first_blank","first_blank-כִ","כִ",1,1,"first_blank-הם","הם",1,0,0,1,"כִּירוּרגִיָה","הםּירוּרגִיָה"
374,"של","של-ון","ון",1,3,"פר-ון","פר",3,0,0,1,"כישלון","כיפרון"
643,"כל","כל-א","א",1,6,"ומ-א","ומ",6,0,0,1,"כלא","ומא"
919,"first_blank","first_blank-כַ","כַ",1,1,"first_blank-od","od",1,0,0,1,"כַּלָה","odּלָה"
781,"כל","כל-י","י",1,12,"זת-י","זת",12,0,0,1,"כלי","זתי"
885,"כמ","כמ-ות","ות",1,14,"גי-ות","גי",14,0,0,1,"כמות","גיות"
193,"ּן","ּן-last_blank","last_blank",1,1,"ךת-last_blank","ךת",1,0,0,1,"כֵּן","כֵךת"
525,"first_blank","first_blank-כְ","כְ",1,1,"first_blank-ov","ov",1,0,0,1,"כְּנִיסָה","ovּנִיסָה"
168,"כנ","כנ-רא","רא",1,1,"כנ-יצ","יצ",1,0,0,1,"כנראה","כניצה"
75,"כס","כס-last_blank","last_blank",1,19,"טש-last_blank","טש",19,0,0,1,"כס","טש"
413,"first_blank","first_blank-כִ","כִ",1,1,"first_blank-jp","jp",1,0,0,1,"כִּסֵא","jpּסֵא"
776,"first_blank","first_blank-כס","כס",1,50,"first_blank-יה","יה",50,0,0,1,"כסף","יהף"
636,"ֶף","ֶף-last_blank","last_blank",1,1,"hm-last_blank","hm",1,0,0,1,"כֶּסֶף","כֶּסhm"
25,"first_blank","first_blank-כַ","כַ",1,1,"first_blank-xb","xb",1,0,0,1,"כַּספִּי","xbּספִּי"
769,"first_blank","first_blank-כְ","כְ",1,1,"first_blank-אך","אך",1,0,0,1,"כְּפָר","אךּפָר"
649,"first_blank","first_blank-כִ","כִ",1,1,"first_blank-ck","ck",1,0,0,1,"כִּשָׁרוֹן","ckּשָׁרוֹן"
409,"first_blank","first_blank-כת","כת",1,77,"first_blank-וז","וז",77,0,0,1,"כתובת","וזובת"
239,"first_blank","first_blank-כְ","כְ",1,1,"first_blank-vx","vx",1,0,0,1,"כְּתִיבָה","vxּתִיבָה"
983,"first_blank","first_blank-לֹ","לֹ",1,1,"first_blank-mf","mf",1,0,0,1,"לֹא אַחֲרַאִי","mfא אַחֲרַאִי"
145,"first_blank","first_blank-לֹ","לֹ",1,1,"first_blank-ןק","ןק",1,0,0,1,"לֹא הוֹגֶן","ןקא הוֹגֶן"
14,"לא","לא- י"," י",1,1,"לא-סת","סת",1,0,0,1,"לא ידוע","לאסתדוע"
969,"לא","לא- מ"," מ",1,1,"לא-צט","צט",1,0,0,1,"לא מסוגל","לאצטסוגל"
309,"לא","לא- נ"," נ",1,1,"לא-רמ","רמ",1,0,0,1,"לא נעים","לארמעים"
148,"חר","חר-ונ","ונ",1,6,"תא-ונ","תא",6,0,0,1,"לאחרונה","לאתאונה"
733,"לא","לא-כו","כו",1,5,"לא-זה","זה",5,0,0,1,"לאכול","לאזהל"
260,"לא","לא-מר","מר",1,5,"לא-רנ","רנ",5,0,0,1,"לאמר","לארנ"
689,"לא","לא-סו","סו",1,4,"לא-וב","וב",4,0,0,1,"לאסוף","לאובף"
921,"אֱ","אֱ-סו","סו",1,1,"גק-סו","גק",1,0,0,1,"לֶאֱסוֹר","לֶגקסוֹר"
910,"ֵן","ֵן-last_blank","last_blank",1,1,"ג -last_blank","ג ",1,0,0,1,"לְאַרגֵן","לְאַרגג "
386,"first_blank","first_blank-לְ","לְ",1,1,"first_blank-ןק","ןק",1,0,0,1,"לְאַשֵׁר","ןקאַשֵׁר"
17,"לב","לב-וא","וא",1,7,"לב-רנ","רנ",7,0,0,1,"לבוא","לברנ"
728,"לב","לב-טח","טח",1,4,"לב-יו","יו",4,0,0,1,"לבטח","לביו"
548,"first_blank","first_blank-לְ","לְ",1,1,"first_blank-צף","צף",1,0,0,1,"לְבַלוֹת","צףבַלוֹת"
64,"first_blank","first_blank-לִ","לִ",1,1,"first_blank-dm","dm",1,0,0,1,"לִבנוֹת","dmבנוֹת"
62,"לב","לב-רך","רך",1,1,"לב-תנ","תנ",1,0,0,1,"לברך","לבתנ"
90,"לג","לג-ימ","ימ",1,3,"לג-רד","רד",3,0,0,1,"לגימה","לגרדה"
435,"ּר","ּר-last_blank","last_blank",1,1,"pn-last_blank","pn",1,0,0,1,"לְדַבֵּר","לְדַבֵpn"
245,"לד","לד-וו","וו",1,8,"בש-וו","בש",8,0,0,1,"לדווח","בשווח"
190,"first_blank","first_blank-לָ","לָ",1,1,"first_blank-tv","tv",1,0,0,1,"לָדַעַת","tvדַעַת"
303,"מִ","מִ-ין","ין",1,1,"וג-ין","וג",1,0,0,1,"לְהֶאֱמִין","לְהֶאֱוגין"
393,"first_blank","first_blank-לֶ","לֶ",1,1,"first_blank-פן","פן",1,0,0,1,"לֶהָבָה","פןהָבָה"
400,"בִ","בִ-יס","יס",1,1,"רו-יס","רו",1,0,0,1,"לִהַבִיס","לִהַרויס"
929,"first_blank","first_blank-לְ","לְ",1,1,"first_blank-pd","pd",1,0,0,1,"לְהַגזִים","pdהַגזִים"
440,"first_blank","first_blank-לְ","לְ",1,1,"first_blank-fb","fb",1,0,0,1,"לְהַגֵן","fbהַגֵן"
124,"לה","לה-וד","וד",1,10,"לה-יט","יט",10,0,0,1,"להודות","להיטות"
803,"הו","הו-ֹד","ֹד",1,1,"הו-קנ","קנ",1,0,0,1,"לְהוֹדוֹת","לְהוקנוֹת"
56,"לה","לה-זמ","זמ",1,5,"לה-טר","טר",5,0,0,1,"להזמין","להטרין"
897,"first_blank","first_blank-לְ","לְ",1,1,"first_blank-nz","nz",1,0,0,1,"לְהַכּוֹת","nzהַכּוֹת"
736,"first_blank","first_blank-לְ","לְ",1,1,"first_blank-ףל","ףל",1,0,0,1,"לְהַלווֹת","ףלהַלווֹת"
775,"מש","מש-ִׁ","ִׁ",1,1,"מש-נד","נד",1,0,0,1,"לְהַמשִׁיך","לְהַמשנדיך"
878,"first_blank","first_blank-לְ","לְ",1,1,"first_blank-תך","תך",1,0,0,1,"לְהַסִיר","תךהַסִיר"
176,"first_blank","first_blank-לְ","לְ",1,1,"first_blank-ft","ft",1,0,0,1,"לְהַעֲבִיר","ftהַעֲבִיר"
824,"first_blank","first_blank-לְ","לְ",1,1,"first_blank-צץ","צץ",1,0,0,1,"לְהַעֲלִיב","צץהַעֲלִיב"
867,"לה","לה-פח","פח",1,3,"לה-שו","שו",3,0,0,1,"להפחיד","להשויד"
565,"first_blank","first_blank-לְ","לְ",1,1,"first_blank-dl","dl",1,0,0,1,"לְהַפחִית","dlהַפחִית"
872,"פך","פך-last_blank","last_blank",1,28,"לץ-last_blank","לץ",28,0,0,1,"להפך","להלץ"
871,"first_blank","first_blank-לְ","לְ",1,1,"first_blank-jf","jf",1,0,0,1,"לְהַפְעִיל","jfהַפְעִיל"
738,"first_blank","first_blank-לְ","לְ",1,1,"first_blank-כם","כם",1,0,0,1,"לְהַפְרִיעַ","כםהַפְרִיעַ"
912,"צִ","צִ-יע","יע",1,1,"אס-יע","אס",1,0,0,1,"לְהַצִיעַ","לְהַאסיעַ"
469,"גִ","גִ-יע","יע",1,1,"פש-יע","פש",1,0,0,1,"לְהַרְגִיעַ","לְהַרְפשיעַ"
222,"first_blank","first_blank-לַ","לַ",1,1,"first_blank-nc","nc",1,0,0,1,"לַהֲרוֹג","ncהֲרוֹג"
893,"first_blank","first_blank-לְ","לְ",1,1,"first_blank-rv","rv",1,0,0,1,"לְהַרְשִׁים","rvהַרְשִׁים"
629,"ֵר","ֵר-last_blank","last_blank",1,1,"io-last_blank","io",1,0,0,1,"לְהִשָׁאֵר","לְהִשָׁאio"
688,"ִי","ִי-ם","ם",1,1,"אפ-ם","אפ",1,0,0,1,"לְהַשְׁלִים","לְהַשְׁלאפם"
108,"לה","לה-שק","שק",1,8,"לה-יס","יס",8,0,0,1,"להשקיע","להיסיע"
16,"מש","מש-last_blank","last_blank",1,57,"קן-last_blank","קן",57,0,0,1,"להשתמש","להשתקן"
201,"first_blank","first_blank-לְ","לְ",1,1,"first_blank-jf","jf",1,0,0,1,"לְהִתְאַגֵד","jfהִתְאַגֵד"
1000,"לֵ","לֵ-ך","ך",1,1,"בס-ך","בס",1,0,0,1,"לְהִתְהַלֵך","לְהִתְהַבסך"
69,"בא","בא-last_blank","last_blank",1,41,"אק-last_blank","אק",41,0,0,1,"להתחבא","להתחאק"
305,"תח","תח-לף","לף",1,1,"תח-טט","טט",1,0,0,1,"להתחלף","להתחטט"
825,"גֵ","גֵ-ד","ד",1,1,"ממ-ד","ממ",1,0,0,1,"לְהִתְנַגֵד","לְהִתְנַממד"
826,"first_blank","first_blank-לְ","לְ",1,1,"first_blank-cm","cm",1,0,0,1,"לְהִתְפּוֹצֵץ","cmהִתְפּוֹצֵץ"
516,"ּז","ּז-last_blank","last_blank",1,1,"ru-last_blank","ru",1,0,0,1,"לְהִתְרַכֵּז","לְהִתְרַכֵru"
949,"לו","לו-בס","בס",1,3,"לו-לה","לה",3,0,0,1,"לובסטר","לולהטר"
431,"וי","וי-ן","ן",1,43,"בו-ן","בו",43,0,0,1,"לווין","לובון"
713,"לו","לו-ח ","ח ",1,1,"לו-יס","יס",1,0,0,1,"לוח זמנים","לויסזמנים"
41,"ֶם","ֶם-last_blank","last_blank",1,1,"pj-last_blank","pj",1,0,0,1,"לוֹחֶם","לוֹחpj"
465,"first_blank","first_blank-לְ","לְ",1,1,"first_blank-jc","jc",1,0,0,1,"לְחַבֵּק","jcחַבֵּק"
892,"first_blank","first_blank-לְ","לְ",1,1,"first_blank-ew","ew",1,0,0,1,"לְחַבֵּר","ewחַבֵּר"
459,"ֹר","ֹר-last_blank","last_blank",1,1,"ph-last_blank","ph",1,0,0,1,"לַחֲזוֹר","לַחֲזוph"
955,"וֹ","וֹ-ף","ף",1,1,"לכ-ף","לכ",1,0,0,1,"לַחטוֹף","לַחטלכף"
786,"first_blank","first_blank-לֶ","לֶ",1,1,"first_blank-hp","hp",1,0,0,1,"לֶחִי","hpחִי"
640,"first_blank","first_blank-לַ","לַ",1,1,"first_blank-au","au",1,0,0,1,"לַחֲלוּטִין","auחֲלוּטִין"
235,"first_blank","first_blank-לַ","לַ",1,1,"first_blank-עם","עם",1,0,0,1,"לַחַץ","עםחַץ"
100,"וֹ","וֹ-ר","ר",1,1,"עג-ר","עג",1,0,0,1,"לַחקוֹר","לַחקעגר"
68,"לח","לח-שב","שב",1,3,"ול-שב","ול",3,0,0,1,"לחשב","ולשב"
63,"לַ","לַ-חש","חש",1,1,"תכ-חש","תכ",1,0,0,1,"לַחשׁוֹב","תכחשׁוֹב"
833,"first_blank","first_blank-לְ","לְ",1,1,"first_blank-oh","oh",1,0,0,1,"לְטָאָה","ohטָאָה"
149,"וס","וס-, ",", ",1,1,"וס-בס","בס",1,0,0,1,"לטוס, זבוב","לטוסבסזבוב"
932,"first_blank","first_blank-לִ","לִ",1,1,"first_blank-ri","ri",1,0,0,1,"לִיבֵּרָלִי","riיבֵּרָלִי"
806,"עצ","עצ-ה","ה",1,5,"בז-ה","בז",5,0,0,1,"לייעץ עצה","לייעץ בזה"
599,"מו","מו-ד","ד",1,22,"פר-ד","פר",22,0,0,1,"לימוד","ליפרד"
289,"ָה","ָה-last_blank","last_blank",1,1,"db-last_blank","db",1,0,0,1,"לִימוּזִינָה","לִימוּזִינdb"
72,"לי","לי-צר","צר",1,4,"לי-עה","עה",4,0,0,1,"ליצר","ליעה"
391,"לי","לי-רו","רו",1,5,"נט-רו","נט",5,0,0,1,"לירות","נטרות"
248,"ֹן","ֹן-last_blank","last_blank",1,1,"wa-last_blank","wa",1,0,0,1,"לִישׁוֹן","לִישׁוwa"
328,"first_blank","first_blank-לִ","לִ",1,1,"first_blank-uv","uv",1,0,0,1,"לִכתוֹב","uvכתוֹב"
820,"לל","לל-וו","וו",1,7,"לל-תי","תי",7,0,0,1,"ללוות","ללתית"
522,"לל","לל-חו","חו",1,3,"קר-חו","קר",3,0,0,1,"ללחוץ","קרחוץ"
96,"לל","לל-כת","כת",1,1,"לל-יק","יק",1,0,0,1,"ללכת","לליק"
539,"first_blank","first_blank-לָ","לָ",1,1,"first_blank-צק","צק",1,0,0,1,"לָלֶכֶת","צקלֶכֶת"
411,"first_blank","first_blank-לְ","לְ",1,1,"first_blank-וx","וx",1,0,0,1,"לְלַמֵד","וxלַמֵד"
916,"לל","לל-עו","עו",1,2,"לל-שכ","שכ",2,0,0,1,"ללעוס","ללשכס"
907,"first_blank","first_blank-לְ","לְ",1,1,"first_blank-יף","יף",1,0,0,1,"לְלַקֵק","יףלַקֵק"
735,"ּת","ּת-last_blank","last_blank",1,1,"ft-last_blank","ft",1,0,0,1,"לָמוּת","לָמוft"
87,"ָה","ָה-last_blank","last_blank",1,1,"ןת-last_blank","ןת",1,0,0,1,"לְמַעלָה","לְמַעלןת"
811,"למ","למ-עש","עש",1,10,"למ-וס","וס",10,0,0,1,"למעשה","למוסה"
442,"למ","למ-צו","צו",1,9,"למ-פל","פל",9,0,0,1,"למצוא","למפלא"
802,"first_blank","first_blank-לִ","לִ",1,1,"first_blank-םמ","םמ",1,0,0,1,"לִמְשׁוֹך","םממְשׁוֹך"
856,"first_blank","first_blank-לִ","לִ",1,1,"first_blank-kr","kr",1,0,0,1,"לִנְטוֹשׁ","krנְטוֹשׁ"
304,"first_blank","first_blank-לְ","לְ",1,1,"first_blank-jr","jr",1,0,0,1,"לְנַסוֹת","jrנַסוֹת"
467,"לנ","לנ-עו","עו",1,2,"לנ-פג","פג",2,0,0,1,"לנעול","לנפגל"
117,"לנ","לנ-צח","צח",1,2,"לנ-הו","הו",2,0,0,1,"לנצח","לנהו"
98,"צַ","צַ-ח","ח",1,1,"מפ-ח","מפ",1,0,0,1,"לָנֶצַח","לָנֶמפח"
884,"first_blank","first_blank-לִ","לִ",1,1,"first_blank-ךנ","ךנ",1,0,0,1,"לִסְחוֹט","ךנסְחוֹט"
132,"יי","יי-ע","ע",1,7,"וש-ע","וש",7,0,0,1,"לסייע","לסושע"
964,"first_blank","first_blank-לְ","לְ",1,1,"first_blank-סן","סן",1,0,0,1,"לְסַפֵּק","סןסַפֵּק"
752,"ֹת","ֹת-last_blank","last_blank",1,1,"דפ-last_blank","דפ",1,0,0,1,"לַעֲנוֹת","לַעֲנודפ"
721,"first_blank","first_blank-לְ","לְ",1,1,"first_blank-עה","עה",1,0,0,1,"לְעַסוֹת","עהעַסוֹת"
163,"first_blank","first_blank-לַ","לַ",1,1,"first_blank-jc","jc",1,0,0,1,"לַעֲשׂוֹת","jcעֲשׂוֹת"
276,"ם ","ם -קר","קר",1,1,"תד-קר","תד",1,0,0,1,"לעתים קרובות","לעתיתדקרובות"
973,"תי","תי-ם ","ם ",1,1,"תי-וג","וג",1,0,0,1,"לעתים רחוקות","לעתיוגרחוקות"
265,"first_blank","first_blank-לִ","לִ",1,1,"first_blank-גץ","גץ",1,0,0,1,"לִפְגוֹשׁ","גץפְגוֹשׁ"
417,"ֹק","ֹק-last_blank","last_blank",1,1,"iq-last_blank","iq",1,0,0,1,"לִצְחוֹק","לִצְחוiq"
812,"לצ","לצ-יי","יי",1,9,"בק-יי","בק",9,0,0,1,"לצייד","בקייד"
206,"לצ","לצ-יי","יי",1,9,"רת-יי","רת",9,0,0,1,"לצייר","רתייר"
312,"first_blank","first_blank-לְ","לְ",1,1,"first_blank-uf","uf",1,0,0,1,"לְצַפּוֹת","ufצַפּוֹת"
644,"first_blank","first_blank-לִ","לִ",1,1,"first_blank-os","os",1,0,0,1,"לִקְבּוֹר","osקְבּוֹר"
686,"first_blank","first_blank-לְ","לְ",1,1,"first_blank-xb","xb",1,0,0,1,"לְקַבֵּל","xbקַבֵּל"
210,"first_blank","first_blank-לָ","לָ",1,1,"first_blank-ic","ic",1,0,0,1,"לָקוּחַ","icקוּחַ"
883,"קְ","קְ-רו","רו",1,1,"לנ-רו","לנ",1,0,0,1,"לִקְרוֹת","לִלנרוֹת"
905,"נֵ","נֵ-ן","ן",1,1,"אה-ן","אה",1,0,0,1,"לְרַעֲנֵן","לְרַעֲאהן"
819,"first_blank","first_blank-לְ","לְ",1,1,"first_blank-כם","כם",1,0,0,1,"לְרַפֵּא","כםרַפֵּא"
383,"first_blank","first_blank-לִ","לִ",1,1,"first_blank-נם","נם",1,0,0,1,"לִרְקוֹד","נםרְקוֹד"
134,"first_blank","first_blank-לָ","לָ",1,1,"first_blank-ck","ck",1,0,0,1,"לָרֶשֶׁת","ckרֶשֶׁת"
237,"וֹ","וֹ-ל","ל",1,1,"לד-ל","לד",1,0,0,1,"לִשְׁאוֹל","לִשְׁאלדל"
274,"לש","לש-בו","בו",1,6,"לש-יח","יח",6,0,0,1,"לשבור","לשיחר"
540,"ֶת","ֶת-last_blank","last_blank",1,1,"ph-last_blank","ph",1,0,0,1,"לָשֶׁבֶת","לָשֶׁבph"
280,"וֹ","וֹ-ד","ד",1,1,"שק-ד","שק",1,0,0,1,"לִשְׁדוֹד","לִשְׁדשקד"
701,"לש","לש-חו","חו",1,5,"הכ-חו","הכ",5,0,0,1,"לשחות","הכחות"
47,"וֹ","וֹ-ף","ף",1,1,"הק-ף","הק",1,0,0,1,"לִשְׁטוֹף","לִשְׁטהקף"
934,"first_blank","first_blank-לָ","לָ",1,1,"first_blank-pm","pm",1,0,0,1,"לָשִׂים","pmשִׂים"
796,"first_blank","first_blank-לִ","לִ",1,1,"first_blank-ףל","ףל",1,0,0,1,"לִשְׁלוֹחַ","ףלשְׁלוֹחַ"
734,"first_blank","first_blank-לְ","לְ",1,1,"first_blank-pd","pd",1,0,0,1,"לְשַׁלֵשׁ","pdשַׁלֵשׁ"
367,"first_blank","first_blank-לִ","לִ",1,1,"first_blank-dl","dl",1,0,0,1,"לִשְׁמוֹעַ","dlשְׁמוֹעַ"
607,"לש","לש-מו","מו",1,11,"לש-ים","ים",10,1,0,1,"לשמור","לשיםר"
137,"first_blank","first_blank-לִ","לִ",1,1,"first_blank-tl","tl",1,0,0,1,"לִשְׁמוֹר","tlשְׁמוֹר"
414,"ֹט","ֹט-last_blank","last_blank",1,1,"gt-last_blank","gt",1,0,0,1,"לִשְׁפּוֹט","לִשְׁפּוgt"
460,"first_blank","first_blank-לִ","לִ",1,1,"first_blank-ig","ig",1,0,0,1,"לִשְׂרוֹד","igשְׂרוֹד"
828,"first_blank","first_blank-לִ","לִ",1,1,"first_blank-ום","ום",1,0,0,1,"לִשְׁרוֹק","וםשְׁרוֹק"
600,"לת","לת-דל","דל",1,2,"בר-דל","בר",2,0,0,1,"לתדלק","ברדלק"
886,"first_blank","first_blank-לְ","לְ",1,1,"first_blank-קם","קם",1,0,0,1,"לְתַחְזֵק","קםתַחְזֵק"
122,"לת","לת-פו","פו",1,4,"במ-פו","במ",4,0,0,1,"לתפוס","במפוס"
66,"first_blank","first_blank-לְ","לְ",1,1,"first_blank-ph","ph",1,0,0,1,"לְתַפְעֵל","phתַפְעֵל"
534,"קו","קו-ֹף","ֹף",1,1,"קו-נן","נן",1,0,0,1,"לִתְקוֹף","לִתְקונן"
729,"קֵ","קֵ-ן","ן",1,1,"שד-ן","שד",1,0,0,1,"לְתַקֵן","לְתַשדן"
7,"לת","לת-ת","ת",1,1,"כז-ת","כז",1,0,0,1,"לתת","כזת"
192,"first_blank","first_blank-לָ","לָ",1,1,"first_blank-ly","ly",1,0,0,1,"לָתֵת","lyתֵת"
54,"first_blank","first_blank-מַ","מַ",1,1,"first_blank-ov","ov",1,0,0,1,"מַאֲבָק","ovאֲבָק"
605,"first_blank","first_blank-מֵ","מֵ",1,1,"first_blank-אץ","אץ",1,0,0,1,"מֵאָה","אץאָה"
774,"first_blank","first_blank-מְ","מְ",1,1,"first_blank-ןע","ןע",1,0,0,1,"מְאַהֵב","ןעאַהֵב"
791,"first_blank","first_blank-מְ","מְ",1,1,"first_blank-ah","ah",1,0,0,1,"מְאוּבָּק","ahאוּבָּק"
102,"מא","מא-וד","וד",1,4,"בו-וד","בו",4,0,0,1,"מאוד","בווד"
974,"סָ","סָ-ר","ר",1,1,"בד-ר","בד",1,0,0,1,"מַאֲסָר","מַאֲבדר"
381,"first_blank","first_blank-מִ","מִ",1,1,"first_blank-sr","sr",1,0,0,1,"מִבְחָן","srבְחָן"
898,"ָא","ָא-last_blank","last_blank",1,1,"גק-last_blank","גק",1,0,0,1,"מִבטָא","מִבטגק"
631,"מב","מב-ינ","ינ",1,11,"אי-ינ","אי",11,0,0,1,"מבינה","איינה"
842,"first_blank","first_blank-מִ","מִ",1,1,"first_blank-ךש","ךש",1,0,0,1,"מִבְנֶה","ךשבְנֶה"
530,"first_blank","first_blank-מַ","מַ",1,1,"first_blank-il","il",1,0,0,1,"מַגֶבֶת","ilגֶבֶת"
219,"מג","מג-זי","זי",1,7,"חו-זי","חו",7,0,0,1,"מגזין","חוזין"
371,"מג","מג-עי","עי",1,6,"מג-דר","דר",6,0,0,1,"מגעיל","מגדרל"
665,"מג","מג-פה","פה",1,1,"יק-פה","יק",1,0,0,1,"מגפה","יקפה"
619,"מד","מד-הי","הי",1,5,"המ-הי","המ",5,0,0,1,"מדהים","המהים"
697,"מד","מד-ים","ים",1,19,"וג-ים","וג",19,0,0,1,"מדים","וגים"
106,"מד","מד-ינ","ינ",1,19,"ות-ינ","ות",20,1,0,1,"מדינה","ותינה"
784,"first_blank","first_blank-מֵ","מֵ",1,1,"first_blank-תם","תם",1,0,0,1,"מֵדַלִיָה","תםדַלִיָה"
18,"first_blank","first_blank-מֵ","מֵ",1,1,"first_blank-ax","ax",1,0,0,1,"מֵדַלִיוֹן","axדַלִיוֹן"
378,"first_blank","first_blank-מַ","מַ",1,1,"first_blank-oi","oi",1,0,0,1,"מַדָע","oiדָע"
118,"first_blank","first_blank-מַ","מַ",1,1,"first_blank-od","od",1,0,0,1,"מַדְעָן","odדְעָן"
446,"הִ","הִ-יר","יר",1,1,"דז-יר","דז",1,0,0,1,"מָהִיר","מָדזיר"
85,"first_blank","first_blank-מְ","מְ",1,1,"first_blank-sd","sd",1,0,0,1,"מְהִירוּת","sdהִירוּת"
48,"מו","מו-בן","בן",1,4,"מו-קל","קל",4,0,0,1,"מובן מאליו","מוקל מאליו"
150,"ֹן","ֹן-last_blank","last_blank",1,1,"bb-last_blank","bb",1,0,0,1,"מוּזֵיאוֹן","מוּזֵיאוbb"
403,"מו","מו-ּז","ּז",1,1,"מו-קף","קף",1,0,0,1,"מוּזָר","מוקףָר"
763,"ִי","ִי-last_blank","last_blank",1,1,"jj-last_blank","jj",1,0,0,1,"מוֹחִי","מוֹחjj"
341,"ֶל","ֶל-last_blank","last_blank",1,1,"גך-last_blank","גך",1,0,0,1,"מוֹטֶל","מוֹטגך"
926,"מו","מו-ּט","ּט",1,1,"מו-וש","וש",1,0,0,1,"מוּטָצִיָה","מוושָצִיָה"
492,"מו","מו-ּמ","ּמ",1,1,"מו-צץ","צץ",1,0,0,1,"מוּמחֶה","מוצץחֶה"
490,"מו","מו-ּס","ּס",1,1,"מו-אץ","אץ",1,0,0,1,"מוּסִיקָאִי","מואץִיקָאִי"
499,"קָ","קָ-ה","ה",1,1,"גס-ה","גס",1,0,0,1,"מוּסִיקָה","מוּסִיגסה"
748,"ָך","ָך-last_blank","last_blank",1,1,"if-last_blank","if",1,0,0,1,"מוּסָך","מוּסif"
914,"מו","מו-צר","צר",1,8,"מו-דו","דו",8,0,0,1,"מוצר","מודו"
410,"מו","מו-קד","קד",1,12,"מו-טט","טט",12,0,0,1,"מוקדם","מוטטם"
337,"מו","מו-ֹר","ֹר",1,1,"מו-צמ","צמ",1,0,0,1,"מוֹרֶה","מוצמֶה"
725,"פִ","פִ-ין","ין",1,1,"נק-ין","נק",1,0,0,1,"מוֹרפִין","מוֹרנקין"
135,"ִׁ","ִׁ-יע","יע",1,1,"אי-יע","אי",1,0,0,1,"מוֹשִׁיעַ","מוֹשאייעַ"
364,"של","של-ם","ם",1,17,"סו-ם","סו",17,0,0,1,"מושלם","מוסום"
32,"מז","מז-וו","וו",1,8,"בש-וו","בש",8,0,0,1,"מזוודה","בשוודה"
747,"מז","מז-לג","לג",1,2,"מז-יה","יה",2,0,0,1,"מזלג","מזיה"
321,"רח","רח-last_blank","last_blank",1,66,"של-last_blank","של",66,0,0,1,"מזרח","מזשל"
917,"first_blank","first_blank-מַ","מַ",1,1,"first_blank-סש","סש",1,0,0,1,"מַזרֵק","סשזרֵק"
777,"ֹז","ֹז-last_blank","last_blank",1,1,"qu-last_blank","qu",1,0,0,1,"מָחוֹז","מָחוqu"
311,"מח","מח-יר","יר",1,9,"סת-יר","סת",9,0,0,1,"מחיר","סתיר"
112,"first_blank","first_blank-מַ","מַ",1,1,"first_blank-fp","fp",1,0,0,1,"מַחֲלָה","fpחֲלָה"
778,"first_blank","first_blank-מַ","מַ",1,1,"first_blank-ךש","ךש",1,0,0,1,"מַחֲלוֹקֶת","ךשחֲלוֹקֶת"
345,"סר","סר-טן","טן",1,3,"נה-טן","נה",3,0,0,1,"מחלת הסרטן","מחלת הנהטן"
370,"first_blank","first_blank-מַ","מַ",1,1,"first_blank-ין","ין",1,0,0,1,"מַחרִיד","יןחרִיד"
578,"first_blank","first_blank-מַ","מַ",1,1,"first_blank-פן","פן",1,0,0,1,"מַחשֵׁב","פןחשֵׁב"
903,"first_blank","first_blank-מַ","מַ",1,1,"first_blank-שן","שן",1,0,0,1,"מַטֶה","שןטֶה"
177,"first_blank","first_blank-מְ","מְ",1,1,"first_blank-hm","hm",1,0,0,1,"מְטוּפָּשׁ","hmטוּפָּשׁ"
208,"first_blank","first_blank-מְ","מְ",1,1,"first_blank-רך","רך",1,0,0,1,"מְטוּרָף","רךטוּרָף"
869,"ען","ען-last_blank","last_blank",1,25,"בס-last_blank","בס",25,0,0,1,"מטען","מטבס"
406,"מט","מט-ר","ר",1,5,"בצ-ר","בצ",5,0,0,1,"מטר","בצר"
770,"first_blank","first_blank-מַ","מַ",1,1,"first_blank-ןה","ןה",1,0,0,1,"מַטָרָה","ןהטָרָה"
278,"מי","מי-דע","דע",1,4,"מי-אן","אן",4,0,0,1,"מידע","מיאן"
687,"יד","יד-ָע","ָע",1,1,"יד-פו","פו",1,0,0,1,"מֵידָע","מֵידפו"
943,"מי","מי-ונ","ונ",1,9,"מי-לד","לד",9,0,0,1,"מיונז","מילדז"
536,"מי","מי-טה","טה",1,5,"מי-צו","צו",5,0,0,1,"מיטה","מיצו"
173,"אר","אר-ד ","ד ",1,1,"אר-מא","מא",1,0,0,1,"מיליארד דולר","מיליארמאדולר"
913,"מי","מי-מו","מו",1,8,"ער-מו","ער",8,0,0,1,"מימון","ערמון"
891,"ָן","ָן-last_blank","last_blank",1,1,"lm-last_blank","lm",1,0,0,1,"מֵימָן","מֵימlm"
220,"ינ","ינ-וּ","וּ",1,1,"ינ-עה","עה",1,0,0,1,"מִינוּס","מִינעהס"
172,"מי","מי-ץ","ץ",1,13,"צו-ץ","צו",13,0,0,1,"מיץ","צוץ"
930,"רו","רו-ֹס","ֹס",1,1,"רו-פל","פל",1,0,0,1,"מִיקרוֹסקוֹפּ","מִיקרופלקוֹפּ"
595,"רו","רו-ֹפ","ֹפ",1,1,"רו-לא","לא",1,0,0,1,"מִיקרוֹפוֹן","מִיקרולאוֹן"
695,"מְ","מְ-כו","כו",1,1,"הה-כו","הה",1,0,0,1,"מְכוֹנָה","ההכוֹנָה"
84,"ָר","ָר-last_blank","last_blank",1,1,"םו-last_blank","םו",1,0,0,1,"מְכוֹעָר","מְכוֹעםו"
368,"מכ","מכ-יר","יר",1,9,"שר-יר","שר",9,0,0,1,"מכירה","שרירה"
666,"first_blank","first_blank-מְ","מְ",1,1,"first_blank-טץ","טץ",1,0,0,1,"מְכִירָה","טץכִירָה"
788,"first_blank","first_blank-מֵ","מֵ",1,1,"first_blank-jc","jc",1,0,0,1,"מֵכָנִי","jcכָנִי"
561,"ָה","ָה-last_blank","last_blank",1,1,"ככ-last_blank","ככ",1,0,0,1,"מְכַשֵׁפָה","מְכַשֵׁפככ"
457,"תָ","תָ-ב","ב",1,1,"טל-ב","טל",1,0,0,1,"מִכְתָב","מִכְטלב"
732,"מל","מל-א","א",1,15,"צי-א","צי",15,0,0,1,"מלא","ציא"
937,"first_blank","first_blank-מְ","מְ",1,1,"first_blank-כם","כם",1,0,0,1,"מְלָאכוּתִי","כםלָאכוּתִי"
998,"לך","לך-last_blank","last_blank",1,72,"בע-last_blank","בע",72,0,0,1,"מלוכלך","מלוכבע"
622,"מל","מל-ח","ח",1,1,"יס-ח","יס",1,0,0,1,"מלח","יסח"
330,"מל","מל-ך","ך",1,4,"וס-ך","וס",4,0,0,1,"מלך","וסך"
255,"first_blank","first_blank-מַ","מַ",1,1,"first_blank-ft","ft",1,0,0,1,"מַלְכוּת","ftלְכוּת"
708,"first_blank","first_blank-מֶ","מֶ",1,1,"first_blank-fx","fx",1,0,0,1,"מֶלְצָרִית","fxלְצָרִית"
49,"ָה","ָה-last_blank","last_blank",1,1,"vx-last_blank","vx",1,0,0,1,"מִמחָטָה","מִמחָטvx"
985,"first_blank","first_blank-מְ","מְ",1,1,"first_blank-ום","ום",1,0,0,1,"מְמַמֵן","וםמַמֵן"
623,"ָה","ָה-last_blank","last_blank",1,1,"ex-last_blank","ex",1,0,0,1,"מֶמְשָׁלָה","מֶמְשָׁלex"
480,"מַ","מַ-נה","נה",1,1,"נב-נה","נב",1,0,0,1,"מַנהִיג","נבנהִיג"
363,"הֵ","הֵ-ל","ל",1,1,"רח-ל","רח",1,0,0,1,"מְנַהֵל","מְנַרחל"
953,"הל","הל-י","י",1,4,"דז-י","דז",4,0,0,1,"מנהלי","מנדזי"
514,"ָה","ָה-last_blank","last_blank",1,1,"ks-last_blank","ks",1,0,0,1,"מִנהָרָה","מִנהָרks"
288,"מנ","מנ-וע","וע",1,8,"יצ-וע","יצ",8,0,0,1,"מנוע","יצוע"
521,"first_blank","first_blank-מִ","מִ",1,1,"first_blank-kr","kr",1,0,0,1,"מִנזָר","krנזָר"
252,"first_blank","first_blank-מְ","מְ",1,1,"first_blank-jb","jb",1,0,0,1,"מְסוּכָּן","jbסוּכָּן"
12,"first_blank","first_blank-מַ","מַ",1,1,"first_blank-nz","nz",1,0,0,1,"מַסוֹק","nzסוֹק"
175,"מָ","מָ-סו","סו",1,1,"טפ-סו","טפ",1,0,0,1,"מָסוֹרתִי","טפסוֹרתִי"
107,"וּ","וּ-ת","ת",1,1,"תז-ת","תז",1,0,0,1,"מְסִירוּת","מְסִירתזת"
218,"first_blank","first_blank-מַ","מַ",1,1,"first_blank-ri","ri",1,0,0,1,"מַסלוּל","riסלוּל"
474,"מס","מס-מך","מך",1,1,"מס-תר","תר",1,0,0,1,"מסמך","מסתר"
234,"ָה","ָה-last_blank","last_blank",1,1,"ps-last_blank","ps",1,0,0,1,"מִסעָדָה","מִסעָדps"
95,"first_blank","first_blank-מַ","מַ",1,1,"first_blank-ck","ck",1,0,0,1,"מַסְפִּיק","ckסְפִּיק"
264,"first_blank","first_blank-מִ","מִ",1,1,"first_blank-nz","nz",1,0,0,1,"מִסתוֹרִין","nzסתוֹרִין"
909,"רח","רח-מי","מי",1,4,"אר-מי","אר",4,0,0,1,"מעורר רחמים","מעורר ארמים"
520,"ני","ני-ין","ין",1,23,"וו-ין","וו",23,0,0,1,"מעניין","מעווין"
236,"first_blank","first_blank-מַ","מַ",1,1,"first_blank-ly","ly",1,0,0,1,"מַעְצָר","lyעְצָר"
2,"מע","מע-רי","רי",1,14,"וח-רי","וח",14,0,0,1,"מעריך","וחריך"
612,"first_blank","first_blank-מע","מע",1,467,"first_blank-פי","פי",467,0,0,1,"מערכת","פירכת"
790,"ּה","ּה-last_blank","last_blank",1,1,"tu-last_blank","tu",1,0,0,1,"מַפָּה","מַפָtu"
483,"ור","ור-סם","סם",1,4,"ור-ומ","ומ",4,0,0,1,"מפורסם","מפורומ"
915,"לג","לג-ה","ה",1,11,"גע-ה","גע",11,0,0,1,"מפלגה","מפגעה"
889,"מפ","מפ-רש","רש",1,4,"מפ-ספ","ספ",4,0,0,1,"מפרש","מפספ"
221,"מצ","מצ-בי","בי",1,8,"שמ-בי","שמ",8,0,0,1,"מצביע","שמביע"
318,"מצ","מצ-חי","חי",1,9,"לי-חי","לי",9,0,0,1,"מצחיק","ליחיק"
200,"first_blank","first_blank-מְ","מְ",1,1,"first_blank-jt","jt",1,0,0,1,"מְצִיאוּתִי","jtצִיאוּתִי"
997,"מצ","מצ-לי","לי",1,11,"יו-לי","יו",11,0,0,1,"מצליח","יוליח"
906,"first_blank","first_blank-מְ","מְ",1,1,"first_blank-xy","xy",1,0,0,1,"מְצַמרֵר","xyצַמרֵר"
217,"מק","מק-ום","ום",1,10,"מק-די","די",10,0,0,1,"מקום","מקדי"
963,"ִי","ִי-last_blank","last_blank",1,1,"jr-last_blank","jr",1,0,0,1,"מְקוֹמִי","מְקוֹמjr"
753,"מק","מק-לט","לט",1,4,"אפ-לט","אפ",4,0,0,1,"מקלט","אפלט"
19,"first_blank","first_blank-מַ","מַ",1,1,"first_blank-cj","cj",1,0,0,1,"מַקסִים","cjקסִים"
385,"ּם","ּם-last_blank","last_blank",1,1,"tp-last_blank","tp",1,0,0,1,"מַקסִימוּם","מַקסִימוtp"
387,"עי","עי-last_blank","last_blank",1,87,"אר-last_blank","אר",87,0,0,1,"מקצועי","מקצואר"
212,"first_blank","first_blank-מִ","מִ",1,1,"first_blank-dn","dn",1,0,0,1,"מִקרֶה","dnקרֶה"
576,"first_blank","first_blank-מַ","מַ",1,1,"first_blank-חן","חן",1,0,0,1,"מַרְאָה","חןרְאָה"
143,"שׁ","שׁ-last_blank","last_blank",1,1,"ks-last_blank","ks",1,0,0,1,"מַרגִישׁ","מַרגִיks"
113,"ָף","ָף-last_blank","last_blank",1,1,"nr-last_blank","nr",1,0,0,1,"מִרדָף","מִרדnr"
984,"first_blank","first_blank-מַ","מַ",1,1,"first_blank-ךא","ךא",1,0,0,1,"מַרהִיב","ךארהִיב"
340,"מר","מר-פא","פא",1,7,"מר-וס","וס",7,0,0,1,"מרפאה","מרוסה"
827,"צו","צו-ן","ן",1,6,"פר-ן","פר",6,0,0,1,"מרצון","מרפרן"
147,"ִי","ִי-ת","ת",1,1,"הצ-ת","הצ",1,0,0,1,"מַשָׂאִית","מַשָׂאהצת"
462,"ּר","ּר-last_blank","last_blank",1,1,"un-last_blank","un",1,0,0,1,"מַשׁבֵּר","מַשׁבֵun"
628,"first_blank","first_blank-מַ","מַ",1,1,"first_blank-lf","lf",1,0,0,1,"מַשׁדֵר","lfשׁדֵר"
188,"הו","הו-last_blank","last_blank",1,48,"מד-last_blank","מד",48,0,0,1,"משהו","משמד"
861,"first_blank","first_blank-מְ","מְ",1,1,"first_blank-cj","cj",1,0,0,1,"מְשׁוֹך","cjשׁוֹך"
653,"מש","מש-ול","ול",1,15,"וה-ול","וה",15,0,0,1,"משולש","והולש"
436,"ָק","ָק-last_blank","last_blank",1,1,"hn-last_blank","hn",1,0,0,1,"מִשְׂחָק","מִשְׂחhn"
839,"מש","מש-טח","טח",1,3,"מש-תד","תד",3,0,0,1,"משטח","משתד"
611,"מש","מש-ימ","ימ",1,15,"מש-אי","אי",15,0,0,1,"משימה","משאיה"
706,"first_blank","first_blank-מִ","מִ",1,1,"first_blank-ןה","ןה",1,0,0,1,"מִשׁפָּחָה","ןהשׁפָּחָה"
319,"פט","פט-last_blank","last_blank",1,34,"קח-last_blank","קח",34,0,0,1,"משפט","משקח"
981,"first_blank","first_blank-מִ","מִ",1,1,"first_blank-ןח","ןח",1,0,0,1,"מִשׁפָּט","ןחשׁפָּט"
380,"מש","מש-פט","פט",1,11,"מש-כנ","כנ",11,0,0,1,"משפטי","משכני"
93,"first_blank","first_blank-מִ","מִ",1,1,"first_blank-שן","שן",1,0,0,1,"מִשׂרָד","שןשׂרָד"
524,"first_blank","first_blank-מְ","מְ",1,1,"first_blank-rl","rl",1,0,0,1,"מְשָׁרֵת","rlשָׁרֵת"
589,"first_blank","first_blank-מֵ","מֵ",1,1,"first_blank-oi","oi",1,0,0,1,"מֵת","oiת"
961,"first_blank","first_blank-מִ","מִ",1,1,"first_blank-סם","סם",1,0,0,1,"מִתבַּגֵר","סםתבַּגֵר"
214,"תֵ","תֵ-ימ","ימ",1,1,"שב-ימ","שב",1,0,0,1,"מָתֵימָטִיקָה","מָשבימָטִיקָה"
350,"first_blank","first_blank-מַ","מַ",1,1,"first_blank-xy","xy",1,0,0,1,"מַתֶכֶת","xyתֶכֶת"
667,"מת","מת-נה","נה",1,14,"מת-רח","רח",14,0,0,1,"מתנה","מתרח"
950,"first_blank","first_blank-מִ","מִ",1,1,"first_blank-שף","שף",1,0,0,1,"מִתנַקֵשׁ","שףתנַקֵשׁ"
999,"first_blank","first_blank-מִ","מִ",1,1,"first_blank-ןח","ןח",1,0,0,1,"מִתקָבֵּל עַל הַדַעַת","ןחתקָבֵּל עַל הַדַעַת"
613,"נא","נא-מן","מן",1,1,"לפ-מן","לפ",1,0,0,1,"נאמן","לפמן"
988,"first_blank","first_blank-נָ","נָ",1,1,"first_blank-מם","מם",1,0,0,1,"נָדִיב","מםדִיב"
669,"first_blank","first_blank-נה","נה",1,74,"first_blank-אז","אז",74,0,0,1,"נהג","אזג"
256,"נו","נו-הל","הל",1,6,"נו-סי","סי",6,0,0,1,"נוהל","נוסי"
152,"ֵל","ֵל-last_blank","last_blank",1,1,"פפ-last_blank","פפ",1,0,0,1,"נוֹזֵל","נוֹזפפ"
948,"נו","נו-ֹס","ֹס",1,1,"נו-זף","זף",1,0,0,1,"נוֹסָף","נוזףָף"
38,"צר","צר-י","י",1,12,"קא-י","קא",12,0,0,1,"נוצרי","נוקאי"
129,"לִ","לִ-י","י",1,1,"שג-י","שג",1,0,0,1,"נוֹרמָלִי","נוֹרמָשגי"
610,"שא","שא-last_blank","last_blank",1,30,"סן-last_blank","סן",30,0,0,1,"נושא","נוסן"
808,"נח","נח-יש","יש",1,1,"יט-יש","יט",1,0,0,1,"נחישות","יטישות"
939,"first_blank","first_blank-נָ","נָ",1,1,"first_blank-mt","mt",1,0,0,1,"נָחָשׁ","mtחָשׁ"
837,"חַ","חַ-last_blank","last_blank",1,1,"cj-last_blank","cj",1,0,0,1,"נִיחוֹחַ","נִיחוֹcj"
130,"סו","סו-י","י",1,10,"אמ-י","אמ",10,0,0,1,"ניסוי","ניאמי"
343,"ני","ני-שו","שו",1,18,"ני-קי","קי",18,0,0,1,"נישואים","ניקיאים"
585,"נכ","נכ-ון","ון",1,2,"נכ-בי","בי",2,0,0,1,"נכון","נכבי"
26,"נמ","נמ-ל","ל",1,2,"ות-ל","ות",2,0,0,1,"נמל","ותל"
28,"first_blank","first_blank-נְ","נְ",1,1,"first_blank-wr","wr",1,0,0,1,"נְמָלָה","wrמָלָה"
242,"ָט","ָט-last_blank","last_blank",1,1,"jr-last_blank","jr",1,0,0,1,"נִמלָט","נִמלjr"
326,"נס","נס-יך","יך",1,5,"ער-יך","ער",5,0,0,1,"נסיך","עריך"
761,"נס","נס-יע","יע",1,9,"פר-יע","פר",9,0,0,1,"נסיעה","פריעה"
55,"נע","נע-ים","ים",1,7,"קק-ים","קק",7,0,0,1,"נעים","קקים"
779,"first_blank","first_blank-נַ","נַ",1,1,"first_blank-ns","ns",1,0,0,1,"נַעַל","nsעַל"
617,"first_blank","first_blank-נְ","נְ",1,1,"first_blank-cn","cn",1,0,0,1,"נְצִיב","cnצִיב"
348,"first_blank","first_blank-נְ","נְ",1,1,"first_blank-jr","jr",1,0,0,1,"נְקֵבָה","jrקֵבָה"
863,"ת ","ת -מב","מב",1,1,"זי-מב","זי",1,0,0,1,"נקודת מבט","נקודזימבט"
432,"first_blank","first_blank-נר","נר",1,126,"first_blank-תס","תס",122,4,0,1,"נר","תס"
233,"first_blank","first_blank-נִ","נִ",1,1,"first_blank-pt","pt",1,0,0,1,"נִרגָשׁ","ptרגָשׁ"
271,"first_blank","first_blank-נָ","נָ",1,1,"first_blank-וa","וa",1,0,0,1,"נָשׂוּי","וaשׂוּי"
42,"first_blank","first_blank-נָ","נָ",1,1,"first_blank-bp","bp",1,0,0,1,"נָשִׂיא","bpשִׂיא"
376,"מע","מע-last_blank","last_blank",1,21,"כך-last_blank","כך",21,0,0,1,"נשמע","נשכך"
216,"first_blank","first_blank-נֶ","נֶ",1,1,"first_blank-כך","כך",1,0,0,1,"נֶשֶׁק","כךשֶׁק"
989,"first_blank","first_blank-נִ","נִ",1,1,"first_blank-fp","fp",1,0,0,1,"נִשׁקִיָה","fpשׁקִיָה"
692,"תִ","תִ-יב","יב",1,1,"בה-יב","בה",1,0,0,1,"נָתִיב","נָבהיב"
254,"בִ","בִ-יב","יב",1,1,"חנ-יב","חנ",1,0,0,1,"סְבִיב","סְחניב"
731,"first_blank","first_blank-סב","סב",1,89,"first_blank-תג","תג",89,0,0,1,"סביר","תגיר"
229,"first_blank","first_blank-סָ","סָ",1,1,"first_blank-tm","tm",1,0,0,1,"סָבִיר","tmבִיר"
423,"first_blank","first_blank-סַ","סַ",1,1,"first_blank-dd","dd",1,0,0,1,"סַבתָא","ddבתָא"
196,"first_blank","first_blank-סג","סג",1,36,"first_blank-גד","גד",36,0,0,1,"סגור","גדור"
154,"ּר","ּר-last_blank","last_blank",1,1,"ec-last_blank","ec",1,0,0,1,"סָגוּר","סָגוec"
197,"יר","יר-ת ","ת ",1,1,"יר-כת","כת",1,0,0,1,"סגירת מעגל","סגירכתמעגל"
361,"סג","סג-ן","ן",1,3,"זר-ן","זר",3,0,0,1,"סגן","זרן"
250,"ֹן","ֹן-last_blank","last_blank",1,1,"ag-last_blank","ag",1,0,0,1,"סִגְנוֹן","סִגְנוag"
978,"סו","סו-דה","דה",1,2,"חמ-דה","חמ",2,0,0,1,"סודה","חמדה"
57,"ֵר","ֵר-last_blank","last_blank",1,1,"פפ-last_blank","פפ",1,0,0,1,"סוֹחֵר","סוֹחפפ"
109,"וּ","וּ-ת","ת",1,1,"לה-ת","לה",1,0,0,1,"סוֹכְנוּת","סוֹכְנלהת"
952,"ִי","ִי-last_blank","last_blank",1,1,"קצ-last_blank","קצ",1,0,0,1,"סוֹלָרִי","סוֹלָרקצ"
711,"ּס","ּס-last_blank","last_blank",1,1,"xo-last_blank","xo",1,0,0,1,"סוּס","סוxo"
996,"סו","סו-פי","פי",1,17,"צי-פי","צי",17,0,0,1,"סופי","ציפי"
532,"סו","סו-ֹפ","ֹפ",1,1,"סו-חף","חף",1,0,0,1,"סוֹפֵר","סוחףֵר"
275,"first_blank","first_blank-סִ","סִ",1,1,"first_blank-זן","זן",1,0,0,1,"סִיגָר","זןיגָר"
296,"ָה","ָה-last_blank","last_blank",1,1,"ls-last_blank","ls",1,0,0,1,"סִיגַרִיָה","סִיגַרִיls"
681,"יו","יו-ּע","ּע",1,1,"יו-כח","כח",1,0,0,1,"סִיוּעַ","סִיוכחַ"
94,"סי","סי-ים","ים",1,28,"וכ-ים","וכ",28,0,0,1,"סיים","וכים"
116,"first_blank","first_blank-סִ","סִ",1,1,"first_blank-חם","חם",1,0,0,1,"סִימָן","חםימָן"
515,"סמ","סמ-ה","ה",1,8,"פע-ה","פע",8,0,0,1,"סיסמה","סיפעה"
34,"first_blank","first_blank-סִ","סִ",1,1,"first_blank-חם","חם",1,0,0,1,"סִיפּוּן","חםיפּוּן"
285,"first_blank","first_blank-סִ","סִ",1,1,"first_blank-דם","דם",1,0,0,1,"סִירָה","דםירָה"
360,"first_blank","first_blank-סַ","סַ",1,1,"first_blank-ax","ax",1,0,0,1,"סַכִּין","axכִּין"
342,"first_blank","first_blank-סַ","סַ",1,1,"first_blank-lf","lf",1,0,0,1,"סַכָּנָה","lfכָּנָה"
277,"סל","סל-ט","ט",1,1,"הט-ט","הט",1,0,0,1,"סלט","הטט"
114,"first_blank","first_blank-סְ","סְ",1,1,"first_blank-bp","bp",1,0,0,1,"סְלִיחָה","bpלִיחָה"
185,"סמ","סמ-ור","ור",1,4,"סמ-לי","לי",4,0,0,1,"סמוראי","סמליאי"
67,"ָה","ָה-last_blank","last_blank",1,1,"ña-last_blank","ña",1,0,0,1,"סִמטָה","סִמטña"
111,"מֶ","מֶ-ל","ל",1,1,"ןכ-ל","ןכ",1,0,0,1,"סֵמֶל","סֵןכל"
209,"first_blank","first_blank-סֵ","סֵ",1,1,"first_blank-מך","מך",1,0,0,1,"סֵנָט","מךנָט"
333,"first_blank","first_blank-סֵ","סֵ",1,1,"first_blank-笙ェ","笙ェ",1,0,0,1,"סֵנָטוֹר","笙ェנָטוֹר"
171,"טֶ","טֶ-ר","ר",1,1,"זב-ר","זב",1,0,0,1,"סַנטִימֶטֶר","סַנטִימֶזבר"
357,"סע","סע-רה","רה",1,3,"גד-רה","גד",3,0,0,1,"סערה","גדרה"
965,"גט","גט-י","י",1,3,"לש-י","לש",3,0,0,1,"ספגטי","ספלשי"
887,"ספ","ספ-ּו","ּו",1,1,"ספ-אז","אז",1,0,0,1,"ספּוֹרט","ספאזֹרט"
419,"first_blank","first_blank-ספ","ספ",1,194,"first_blank-וס","וס",194,0,0,1,"ספינה","וסינה"
501,"first_blank","first_blank-סֵ","סֵ",1,1,"first_blank-דף","דף",1,0,0,1,"סֵפֶר","דףפֶר"
638,"first_blank","first_blank-סִ","סִ",1,1,"first_blank-gh","gh",1,0,0,1,"סִפְרוּת","ghפְרוּת"
704,"נד","נד-ל","ל",1,14,"שא-ל","שא",14,0,0,1,"סקנדל","סקשאל"
707,"first_blank","first_blank-סר","סר",1,86,"first_blank-וט","וט",86,0,0,1,"סרט","וטט"
344,"first_blank","first_blank-סֶ","סֶ",1,1,"first_blank-חן","חן",1,0,0,1,"סֶרֶן","חןרֶן"
517,"ָי","ָי-ו","ו",1,1,"הה-ו","הה",1,0,0,1,"סתָיו","סתההו"
293,"עב","עב-ה","ה",1,6,"מע-ה","מע",6,0,0,1,"עבה","מעה"
677,"עֲ","עֲ-בו","בו",1,1,"אד-בו","אד",1,0,0,1,"עֲבוֹדָה","אדבוֹדָה"
506,"first_blank","first_blank-עב","עב",1,72,"first_blank-אכ","אכ",72,0,0,1,"עבר","אכר"
750,"עג","עג-בנ","בנ",1,3,"של-בנ","של",3,0,0,1,"עגבנייה","שלבנייה"
473,"first_blank","first_blank-עֵ","עֵ",1,1,"first_blank-cf","cf",1,0,0,1,"עֵד","cfד"
771,"first_blank","first_blank-עָ","עָ",1,1,"first_blank-ie","ie",1,0,0,1,"עָדִין","ieדִין"
105,"ֵד","ֵד-last_blank","last_blank",1,1,"ab-last_blank","ab",1,0,0,1,"עוֹבֵד","עוֹבab"
570,"עו","עו-גה","גה",1,4,"עו-רכ","רכ",4,0,0,1,"עוגה","עורכ"
9,"ֹד","ֹד-last_blank","last_blank",1,1,"of-last_blank","of",1,0,0,1,"עוֹד","עוof"
379,"ֵר","ֵר-last_blank","last_blank",1,1,"tx-last_blank","tx",1,0,0,1,"עוֹזֵר","עוֹזtx"
940,"עו","עו-זר","זר",1,12,"עו-רב","רב",12,0,0,1,"עוזרת","עורבת"
146,"עו","עו-ֹל","ֹל",1,1,"עו-פש","פש",1,0,0,1,"עוֹלָם","עופשָם"
755,"עו","עו-ֹר","ֹר",1,1,"עו-תם","תם",1,0,0,1,"עוֹרֶק","עותםֶק"
814,"עו","עו-ֹש","ֹש",1,1,"עו-גמ","גמ",1,0,0,1,"עוֹשֶׁר","עוגמֶׁר"
203,"עו","עו-תק","תק",1,3,"עו-לת","לת",3,0,0,1,"עותק","עולת"
633,"first_blank","first_blank-עֵ","עֵ",1,1,"first_blank-הם","הם",1,0,0,1,"עֵט","הםט"
651,"first_blank","first_blank-עִ","עִ",1,1,"first_blank-zs","zs",1,0,0,1,"עִיר","zsיר"
844,"first_blank","first_blank-עֵ","עֵ",1,1,"first_blank-ll","ll",1,0,0,1,"עֵירוֹם","llירוֹם"
487,"תו","תו-ן","ן",1,15,"סט-ן","סט",15,0,0,1,"עיתון","עיסטן"
491,"בר","בר-וש","וש",1,4,"בר-שי","שי",4,0,0,1,"עכברוש","עכברשי"
204," א"," א-וד","וד",1,1,"וח-וד","וח",1,0,0,1,"על אודות","עלוחודות"
691,"לִ","לִ-יו","יו",1,1,"סת-יו","סת",1,0,0,1,"עֶלִיוֹן","עֶסתיוֹן"
739,"first_blank","first_blank-עמ","עמ",1,87,"first_blank-טא","טא",87,0,0,1,"עמדה","טאדה"
82,"מֶ","מֶ-ק","ק",1,1,"נמ-ק","נמ",1,0,0,1,"עֶמֶק","עֶנמק"
931,"יב","יב-ה","ה",1,81,"וד-ה","וד",81,0,0,1,"עניבה","ענודה"
144,"first_blank","first_blank-עֵ","עֵ",1,1,"first_blank-ךנ","ךנ",1,0,0,1,"עֵסֶק","ךנסֶק"
533,"first_blank","first_blank-עֵ","עֵ",1,1,"first_blank-rl","rl",1,0,0,1,"עֵץ","rlץ"
804,"first_blank","first_blank-עַ","עַ",1,1,"first_blank-rj","rj",1,0,0,1,"עַצבָּנִי","rjצבָּנִי"
583,"ּם","ּם-last_blank","last_blank",1,1,"br-last_blank","br",1,0,0,1,"עָצוּם","עָצוbr"
407,"first_blank","first_blank-עֶ","עֶ",1,1,"first_blank-笙ェ","笙ェ",1,0,0,1,"עֶרֶב","笙ェרֶב"
535,"first_blank","first_blank-עַ","עַ",1,1,"first_blank-rn","rn",1,0,0,1,"עַרפָּד","rnרפָּד"
50,"first_blank","first_blank-עֲ","עֲ",1,1,"first_blank-xy","xy",1,0,0,1,"עֲרָפֶל","xyרָפֶל"
453,"first_blank","first_blank-עָ","עָ",1,1,"first_blank-uc","uc",1,0,0,1,"עָשׂוֹר","ucשׂוֹר"
412,"ׁי","ׁי-ר","ר",1,1,"חס-ר","חס",1,0,0,1,"עָשִׁיר","עָשִחסר"
427,"עִ","עִ-תו","תו",1,1,"תק-תו","תק",1,0,0,1,"עִתוֹנָאִי","תקתוֹנָאִי"
382,"ׁה","ׁה-last_blank","last_blank",1,1,"ךל-last_blank","ךל",1,0,0,1,"פְּגִישָׁה","פְּגִישָךל"
624,"first_blank","first_blank-פֵ","פֵ",1,1,"first_blank-ג ","ג ",1,0,0,1,"פֵדֵרַצִיָה","ג דֵרַצִיָה"
74,"first_blank","first_blank-פּ","פּ",1,1,"first_blank-עף","עף",1,0,0,1,"פּוֹלִיטִי","עףוֹלִיטִי"
223,"first_blank","first_blank-פּ","פּ",1,1,"first_blank-gc","gc",1,0,0,1,"פּוֹלִיטִיקָאִי","gcוֹלִיטִיקָאִי"
966,"first_blank","first_blank-פּ","פּ",1,1,"first_blank-ft","ft",1,0,0,1,"פּוֹלִיטִיקָה","ftוֹלִיטִיקָה"
980,"פו","פו-ּנ","ּנ",1,1,"פו-של","של",1,0,0,1,"פוּנקצִיוֹנָלִי","פושלקצִיוֹנָלִי"
873,"קֶ","קֶ-ר","ר",1,1,"נש-ר","נש",1,0,0,1,"פּוֹקֶר","פּוֹנשר"
140,"first_blank","first_blank-פַ","פַ",1,1,"first_blank-ng","ng",1,0,0,1,"פַּחַד","ngּחַד"
281,"first_blank","first_blank-פט","פט",1,72,"first_blank-עב","עב",72,0,0,1,"פטיש","עביש"
901,"ֹל","ֹל-last_blank","last_blank",1,1,"gt-last_blank","gt",1,0,0,1,"פַּטרוֹל","פַּטרוgt"
625,"first_blank","first_blank-פִ","פִ",1,1,"first_blank-fp","fp",1,0,0,1,"פִּין","fpּין"
575,"first_blank","first_blank-פְ","פְ",1,1,"first_blank-gt","gt",1,0,0,1,"פְּלָדָה","gtּלָדָה"
292,"first_blank","first_blank-פְ","פְ",1,1,"first_blank-ns","ns",1,0,0,1,"פְּלִילִי","nsּלִילִי"
40,"סט","סט-יק","יק",1,22,"סט-ור","ור",22,0,0,1,"פלסטיק","פלסטור"
479,"טז","טז-יה","יה",1,1,"קד-יה","קד",1,0,0,1,"פנטזיה","פנקדיה"
415,"פַ","פַ-נט","נט",1,1,"יל-נט","יל",1,0,0,1,"פַנטַסטִי","ילנטַסטִי"
37,"first_blank","first_blank-פֶ","פֶ",1,1,"first_blank-jp","jp",1,0,0,1,"פֶסטִיבָל","jpסטִיבָל"
170,"ִי","ִי-כו","כו",1,1,"ית-כו","ית",1,0,0,1,"פְּסִיכוֹלוֹגִי","פְּסיתכוֹלוֹגִי"
967,"first_blank","first_blank-פְ","פְ",1,1,"first_blank-צם","צם",1,0,0,1,"פְּסִיכוֹלוֹגִיָה","צםּסִיכוֹלוֹגִיָה"
580,"פס","פס-ל","ל",1,5,"נכ-ל","נכ",5,0,0,1,"פסל","נכל"
816,"פס","פס-קה","קה",1,5,"שו-קה","שו",5,0,0,1,"פסקה","שוקה"
119,"first_blank","first_blank-פע","פע",1,55,"first_blank-רש","רש",55,0,0,1,"פעולה","רשולה"
430,"first_blank","first_blank-פע","פע",1,55,"first_blank-רש","רש",55,0,0,1,"פעילות","רשילות"
560,"פצ","פצ-יע","יע",1,8,"רב-יע","רב",8,0,0,1,"פציעה","רביעה"
162,"first_blank","first_blank-פַ","פַ",1,1,"first_blank-הץ","הץ",1,0,0,1,"פַקס","הץקס"
959,"מל","מל-ית","ית",1,5,"רט-ית","רט",5,0,0,1,"פראנורמלית","פראנוררטית"
751,"וֹ","וֹ-ר","ר",1,1,"הנ-ר","הנ",1,0,0,1,"פּרוֹפֶסוֹר","פּרוֹפֶסהנר"
645,"first_blank","first_blank-פֶ","פֶ",1,1,"first_blank-ew","ew",1,0,0,1,"פֶּרַח","ewּרַח"
639,"first_blank","first_blank-פְ","פְ",1,1,"first_blank-jd","jd",1,0,0,1,"פְּרָטִיוּת","jdּרָטִיוּת"
745,"פר","פר-י","י",1,16,"גת-י","גת",16,0,0,1,"פרי","גתי"
709,"פר","פר-ס","ס",1,6,"ופ-ס","ופ",6,0,0,1,"פרס","ופס"
606,"פר","פר-ק","ק",1,11,"ופ-ק","ופ",11,0,0,1,"פרק","ופק"
702,"פר","פר-ק ","ק ",1,1,"פר-מז","מז",1,0,0,1,"פרק זמן","פרמזזמן"
637,"first_blank","first_blank-פָ","פָ",1,1,"first_blank-עץ","עץ",1,0,0,1,"פָּשׁוּט","עץּשׁוּט"
270,"first_blank","first_blank-פֶ","פֶ",1,1,"first_blank-דם","דם",1,0,0,1,"פֶּשַׁע","דםּשַׁע"
557,"וֹ","וֹ-ן","ן",1,1,"טק-ן","טק",1,0,0,1,"פְּתָיוֹן","פְּתָיטקן"
991,"צָ","צָ-ב","ב",1,1,"נה-ב","נה",1,0,0,1,"צָב","נהב"
760,"first_blank","first_blank-צָ","צָ",1,1,"first_blank-rn","rn",1,0,0,1,"צָבָא","rnבָא"
723,"צב","צב-אי","אי",1,5,"יט-אי","יט",5,0,0,1,"צבאי","יטאי"
262,"first_blank","first_blank-צג","צג",1,3,"first_blank-cl","cl",3,0,0,1,"צג","cl"
682,"first_blank","first_blank-צֶ","צֶ",1,1,"first_blank-תך","תך",1,0,0,1,"צֶדֶק","תךדֶק"
324,"צה","צה-וב","וב",1,6,"של-וב","של",6,0,0,1,"צהוב","שלוב"
737,"יִ","יִ-ים","ים",1,1,"מב-ים","מב",1,0,0,1,"צָהֳרַיִים","צָהֳרַמבים"
604,"first_blank","first_blank-צו","צו",1,137,"first_blank-תמ","תמ",137,0,0,1,"צוואר","תמואר"
181,"ֶך","ֶך-last_blank","last_blank",1,1,"ךת-last_blank","ךת",1,0,0,1,"צוֹרֶך","צוֹרךת"
990,"צי","צי-last_blank","last_blank",1,62,"טת-last_blank","טת",66,4,0,1,"צי","טת"
425,"צי","צי-יר","יר",1,11,"לה-יר","לה",11,0,0,1,"צייר","להיר"
875,"צי","צי-נו","נו",1,17,"צי-פי","פי",17,0,0,1,"צינור","ציפיר"
832,"ִי","ִי-last_blank","last_blank",1,1,"ey-last_blank","ey",1,0,0,1,"צִינִי","צִינey"
365,"first_blank","first_blank-צי","צי",1,140,"first_blank-אד","אד",140,0,0,1,"ציפור","אדפור"
772,"first_blank","first_blank-צַ","צַ",1,1,"first_blank-ly","ly",1,0,0,1,"צַלַחַת","lyלַחַת"
21,"first_blank","first_blank-צַ","צַ",1,1,"first_blank-sq","sq",1,0,0,1,"צַלָם","sqלָם"
742,"לָ","לָ-ף","ף",1,1,"רע-ף","רע",1,0,0,1,"צַלָף","צַרעף"
567,"first_blank","first_blank-צַ","צַ",1,1,"first_blank-יץ","יץ",1,0,0,1,"צַלֶקֶת","יץלֶקֶת"
920,"first_blank","first_blank-צָ","צָ",1,1,"first_blank-pd","pd",1,0,0,1,"צָמָא","pdמָא"
830,"צָ","צָ-נו","נו",1,1,"קל-נו","קל",1,0,0,1,"צָנוּעַ","קלנוּעַ"
194,"first_blank","first_blank-צָ","צָ",1,1,"first_blank-תך","תך",1,0,0,1,"צָעִיר","תךעִיר"
652,"first_blank","first_blank-צַ","צַ",1,1,"first_blank-wu","wu",1,0,0,1,"צַעֲצוּעַ","wuעֲצוּעַ"
320,"first_blank","first_blank-צָ","צָ",1,1,"first_blank-wu","wu",1,0,0,1,"צָפוֹן","wuפוֹן"
954,"רָ","רָ-ה","ה",1,1,"חו-ה","חו",1,0,0,1,"צָרָה","צָחוה"
325,"first_blank","first_blank-צָ","צָ",1,1,"first_blank-ff","ff",1,0,0,1,"צָרְפָתִית","ffרְפָתִית"
601,"ָה","ָה-last_blank","last_blank",1,1,"hk-last_blank","hk",1,0,0,1,"קְבוּצָה","קְבוּצhk"
866,"first_blank","first_blank-קה","קה",1,12,"first_blank-po","po",12,0,0,1,"קהל","poל"
422,"first_blank","first_blank-קְ","קְ",1,1,"first_blank-hm","hm",1,0,0,1,"קְהִלָה","hmהִלָה"
426,"קו","קו-ֹמ","ֹמ",1,1,"קו-הו","הו",1,0,0,1,"קוֹמֶדִיָה","קוהוֶדִיָה"
238,"קו","קו-ֹמ","ֹמ",1,1,"קו-פג","פג",1,0,0,1,"קוֹמוּנִיסט","קופגוּנִיסט"
758,"ֶה","ֶה-last_blank","last_blank",1,1,"תנ-last_blank","תנ",1,0,0,1,"קוֹנֶה","קוֹנתנ"
257,"קו","קו-ני","ני",1,12,"כש-ני","כש",12,0,0,1,"קוניאק","כשניאק"
603,"צֶ","צֶ-רט","רט",1,1,"לט-רט","לט",1,0,0,1,"קוֹנצֶרט","קוֹנלטרט"
876,"ִי","ִי-last_blank","last_blank",1,1,"oo-last_blank","oo",1,0,0,1,"קָטלָנִי","קָטלָנoo"
153,"first_blank","first_blank-קָ","קָ",1,1,"first_blank-mp","mp",1,0,0,1,"קָטָן","mpטָן"
759,"first_blank","first_blank-קֵ","קֵ",1,1,"first_blank-סף","סף",1,0,0,1,"קֵיסָר","סףיסָר"
550,"first_blank","first_blank-קַ","קַ",1,1,"first_blank-נם","נם",1,0,0,1,"קַל","נםל"
616,"קל","קל-ַא","ַא",1,1,"קל-בי","בי",1,0,0,1,"קלַאסִי","קלביסִי"
923,"קמ","קמ-ח","ח",1,1,"צי-ח","צי",1,0,0,1,"קמח","ציח"
215,"ִּ","ִּ-ינ","ינ",1,1,"אש-ינ","אש",1,0,0,1,"קֶמפִּינג","קֶמפאשינג"
476,"קפ","קפ-ה","ה",1,19,"תנ-ה","תנ",19,0,0,1,"קפה","תנה"
992,"first_blank","first_blank-קָ","קָ",1,1,"first_blank-bs","bs",1,0,0,1,"קָפִּיטָלִיזם","bsפִּיטָלִיזם"
482,"first_blank","first_blank-קְ","קְ",1,1,"first_blank-uf","uf",1,0,0,1,"קְפִיצָה","ufפִיצָה"
764,"קפ","קפ-לה","לה",1,1,"וד-לה","וד",1,0,0,1,"קפלה","ודלה"
346,"קַ","קַ-ר","ר",1,1,"לג-ר","לג",1,0,0,1,"קַר","לגר"
369,"קר","קר-ב","ב",1,12,"וט-ב","וט",12,0,0,1,"קרב","וטב"
498,"קַ","קַ-רד","רד",1,1,"דק-רד","דק",1,0,0,1,"קַרדִינָל","דקרדִינָל"
674,"first_blank","first_blank-קַ","קַ",1,1,"first_blank-בf","בf",1,0,0,1,"קַרטֵל","בfרטֵל"
993,"רִ","רִ-ינ","ינ",1,1,"אנ-ינ","אנ",1,0,0,1,"קְרִינָה","קְאנינָה"
313,"קר","קר-יר","יר",1,4,"וא-יר","וא",4,0,0,1,"קריר","ואיר"
780,"קר","קר-קס","קס",1,2,"קר-ספ","ספ",2,0,0,1,"קרקס","קרספ"
634,"ׁה","ׁה-last_blank","last_blank",1,1,"xy-last_blank","xy",1,0,0,1,"קָשֶׁה","קָשֶxy"
859,"first_blank","first_blank-קַ","קַ",1,1,"first_blank-צף","צף",1,0,0,1,"קַת","צףת"
862,"ּי","ּי-last_blank","last_blank",1,1,"ג -last_blank","ג ",1,0,0,1,"רָאוּי","רָאוג "
960,"צי","צי-ון","ון",1,2,"גע-ון","גע",2,0,0,1,"ראוי לציון","ראוי לגעון"
563,"רא","רא-ש ","ש ",1,1,"רא-בן","בן",1,0,0,1,"ראש העיר","ראבןהעיר"
294,"רב","רב-יע","יע",1,8,"פצ-יע","פצ",8,0,0,1,"רביעי","פציעי"
202,"first_blank","first_blank-רָ","רָ",1,1,"first_blank-cf","cf",1,0,0,1,"רָגִיל","cfגִיל"
879,"גִ","גִ-יש","יש",1,1,"מח-יש","מח",1,0,0,1,"רָגִישׁ","רָמחישׁ"
434,"first_blank","first_blank-רִ","רִ",1,1,"first_blank-םר","םר",1,0,0,1,"רִגשִׁי","םרגשִׁי"
679,"רו","רו-בע","בע",1,6,"רו-ור","ור",6,0,0,1,"רובע","רוור"
756,"ֶת","ֶת-last_blank","last_blank",1,1,"גק-last_blank","גק",1,0,0,1,"רוֹזֶנֶת","רוֹזֶנגק"
466,"רו","רו-ּח","ּח",1,1,"רו-לס","לס",1,0,0,1,"רוּחַ","רולסַ"
71,"טב","טב-last_blank","last_blank",1,14,"סך-last_blank","סך",14,0,0,1,"רוטב","רוסך"
727,"רו","רו-מא","מא",1,8,"רו-כי","כי",8,0,0,1,"רומא","רוכי"
787,"רו","רו-ֹמ","ֹמ",1,1,"רו-גז","גז",1,0,0,1,"רוֹמֵמוּת","רוגזֵמוּת"
89,"רו","רו-ֹמ","ֹמ",1,1,"רו-גו","גו",1,0,0,1,"רוֹמַנטִי","רוגוַנטִי"
730,"רו","רו-ֹצ","ֹצ",1,1,"רו-נך","נך",1,0,0,1,"רוֹצֵחַ","רונךֵחַ"
664,"first_blank","first_blank-רָ","רָ",1,1,"first_blank-笙ェ","笙ェ",1,0,0,1,"רָחָב","笙ェחָב"
502,"first_blank","first_blank-רְ","רְ",1,1,"first_blank-jb","jb",1,0,0,1,"רְחוֹב","jbחוֹב"
180,"חו","חו-ֹק","ֹק",1,1,"חו-בה","בה",1,0,0,1,"רָחוֹק","רָחובה"
115,"first_blank","first_blank-רַ","רַ",1,1,"first_blank-iא","iא",1,0,0,1,"רַחֲמִים","iאחֲמִים"
375,"ֹב","ֹב-last_blank","last_blank",1,1,"עכ-last_blank","עכ",1,0,0,1,"רָטוֹב","רָטועכ"
443,"first_blank","first_blank-רֵ","רֵ",1,1,"first_blank-חה","חה",1,0,0,1,"רֵיחַ","חהיחַ"
581,"first_blank","first_blank-רַ","רַ",1,1,"first_blank-ww","ww",1,0,0,1,"רַע","wwע"
463,"רע","רע-ב","ב",1,3,"יר-ב","יר",3,0,0,1,"רעב","ירב"
151,"first_blank","first_blank-רַ","רַ",1,1,"first_blank-הך","הך",1,0,0,1,"רַעַם","הךעַם"
338,"צַ","צַ-ח","ח",1,1,"םכ-ח","םכ",1,0,0,1,"רֶצַח","רֶםכח"
801,"ָה","ָה-last_blank","last_blank",1,1,"הע-last_blank","הע",1,0,0,1,"רִקמָה","רִקמהע"
717,"first_blank","first_blank-רָ","רָ",1,1,"first_blank-מן","מן",1,0,0,1,"רָשׁוּת","מןשׁוּת"
428,"רש","רש-מי","מי",1,8,"הז-מי","הז",8,0,0,1,"רשמי","הזמי"
464,"first_blank","first_blank-שָ","שָ",1,1,"first_blank-ob","ob",1,0,0,1,"שָׁבוּעַ","obׁבוּעַ"
509,"first_blank","first_blank-שְ","שְ",1,1,"first_blank-הף","הף",1,0,0,1,"שְׁבוּעָה","הףׁבוּעָה"
657,"first_blank","first_blank-שְ","שְ",1,1,"first_blank-qc","qc",1,0,0,1,"שְׁבוּעִי","qcׁבוּעִי"
975,"שד","שד-ה ","ה ",1,1,"שד-רן","רן",1,0,0,1,"שדה קרב","שדרןקרב"
720,"תע","תע-ופ","ופ",1,4,"הנ-ופ","הנ",4,0,0,1,"שדה תעופה","שדה הנופה"
574,"first_blank","first_blank-שׁ","שׁ",1,1,"first_blank-kf","kf",1,0,0,1,"שׁוֹד","kfוֹד"
269,"נה","נה-last_blank","last_blank",1,607,"ין-last_blank","ין",607,0,0,1,"שונה","שוין"
648,"שו","שו-קו","קו",1,4,"שו-על","על",4,0,0,1,"שוקולד","שועללד"
322,"first_blank","first_blank-שָ","שָ",1,1,"first_blank-sy","sy",1,0,0,1,"שָׁחוֹר","syׁחוֹר"
51,"שח","שח-קן","קן",1,3,"שח-למ","למ",3,0,0,1,"שחקן","שחלמ"
20,"first_blank","first_blank-שַ","שַ",1,1,"first_blank-kf","kf",1,0,0,1,"שַׂחְקָן","kfׂחְקָן"
834,"first_blank","first_blank-שַ","שַ",1,1,"first_blank-lh","lh",1,0,0,1,"שַׁחַר","lhׁחַר"
635,"first_blank","first_blank-שָ","שָ",1,1,"first_blank-pj","pj",1,0,0,1,"שָׁטִיחַ","pjׁטִיחַ"
13,"first_blank","first_blank-שָ","שָ",1,1,"first_blank-oi","oi",1,0,0,1,"שָׂטָן","oiׂטָן"
927,"שי","שי-וו","וו",1,7,"שי-של","של",7,0,0,1,"שיווק","שישלק"
699,"כו","כו-ר","ר",1,26,"נד-ר","נד",26,0,0,1,"שיכור","שינדר"
291,"first_blank","first_blank-שִ","שִ",1,1,"first_blank-uc","uc",1,0,0,1,"שִׁיר","ucׁיר"
714,"שכ","שכ-ר","ר",1,6,"נב-ר","נב",6,0,0,1,"שכר","נבר"
373,"first_blank","first_blank-שֶ","שֶ",1,1,"first_blank-qc","qc",1,0,0,1,"שֶׁלֶג","qcׁלֶג"
195,"ׁה","ׁה-last_blank","last_blank",1,1,"הף-last_blank","הף",1,0,0,1,"שְׁלוֹשָׁה","שְׁלוֹשָהף"
323,"יל","יל-י","י",1,62,"עת-י","עת",61,1,0,1,"שלילי","שלעתי"
133,"first_blank","first_blank-שם","שם",1,1,"first_blank-ox","ox",1,0,0,1,"שם","ox"
835,"חָ","חָ-ה","ה",1,1,"הז-ה","הז",1,0,0,1,"שֵׁם מִשׁפָּחָה","שֵׁם מִשׁפָּהזה"
251,"שמ","שמ-אל","אל",1,11,"שמ-כי","כי",11,0,0,1,"שמאלה","שמכיה"
526,"first_blank","first_blank-שַ","שַ",1,1,"first_blank-סם","סם",1,0,0,1,"שַׂמֵחַ","סםׂמֵחַ"
549,"first_blank","first_blank-שִ","שִ",1,1,"first_blank-tl","tl",1,0,0,1,"שִׂמְחָה","tlׂמְחָה"
273,"מִ","מִ-י","י",1,1,"עפ-י","עפ",1,0,0,1,"שְׁמֵימִי","שְׁמֵיעפי"
620,"שמ","שמ-לה","לה",1,5,"נה-לה","נה",5,0,0,1,"שמלה","נהלה"
52,"שמ","שמ-ן","ן",1,8,"סכ-ן","סכ",8,0,0,1,"שמן","סכן"
471,"שמ","שמ-פנ","פנ",1,5,"שמ-וב","וב",5,0,0,1,"שמפנייה","שמובייה"
768,"first_blank","first_blank-שמ","שמ",1,962,"first_blank-מת","מת",962,0,0,1,"שמש","מתש"
656,"first_blank","first_blank-שן","שן",1,1,"first_blank-ץר","ץר",1,0,0,1,"שן","ץר"
155,"שע","שע-ון","ון",1,4,"אש-ון","אש",4,0,0,1,"שעון","אשון"
987,"צֶ","צֶ-ר","ר",1,1,"הכ-ר","הכ",1,0,0,1,"שָׁעוֹן עֶצֶר","שָׁעוֹן עֶהכר"
225,"ַר","ַר-last_blank","last_blank",1,1,"of-last_blank","of",1,0,0,1,"שַׁעַר","שַׁעof"
900,"first_blank","first_blank-שֶ","שֶ",1,1,"first_blank-ox","ox",1,0,0,1,"שֶׁף","oxׁף"
104,"ֶר","ֶר-last_blank","last_blank",1,1,"ft-last_blank","ft",1,0,0,1,"שֶׁקֶר","שֶׁקft"
507,"רָ","רָ-ן","ן",1,1,"מס-ן","מס",1,0,0,1,"שַׁקרָן","שַׁקמסן"
11,"של","של-ה","ה",1,11,"חכ-ה","חכ",11,0,0,1,"שר בממשלה","שר בממחכה"
572,"יו","יו-ֹן","ֹן",1,1,"יו-דו","דו",1,0,0,1,"שִׁריוֹן","שִׁריודו"
698,"first_blank","first_blank-שְ","שְ",1,1,"first_blank-סש","סש",1,0,0,1,"שְׁרִיר","סשׁרִיר"
397,"first_blank","first_blank-שַ","שַ",1,1,"first_blank-ox","ox",1,0,0,1,"שַׁרשֶׁרֶת","oxׁרשֶׁרֶת"
655,"שת","שת-יק","יק",1,17,"וו-יק","וו",16,1,0,1,"שתיקה","וויקה"
542,"first_blank","first_blank-שֶ","שֶ",1,1,"first_blank-גף","גף",1,0,0,1,"שֶׁתֶן","גףׁתֶן"
438,"גִ","גִ-יד","יד",1,1,"מנ-יד","מנ",1,0,0,1,"תַאֲגִיד","תַאֲמניד"
519,"ָה","ָה-last_blank","last_blank",1,1,"טז-last_blank","טז",1,0,0,1,"תְאוּנָה","תְאוּנטז"
354,"first_blank","first_blank-תֵ","תֵ",1,1,"first_blank-dj","dj",1,0,0,1,"תֵאוֹרִיָה","djאוֹרִיָה"
857,"תא","תא-שר","שר",1,3,"שת-שר","שת",3,0,0,1,"תאשר","שתשר"
475,"תד","תד-מי","מי",1,4,"ינ-מי","ינ",4,0,0,1,"תדמית","ינמית"
421,"תה","תה-לי","לי",1,5,"הס-לי","הס",5,0,0,1,"תהליך","הסליך"
441,"first_blank","first_blank-תו","תו",1,296,"first_blank-שש","שש",296,0,0,1,"תוֹבֵעַ","ששֹבֵעַ"
65,"ֶן","ֶן-last_blank","last_blank",1,1,"pn-last_blank","pn",1,0,0,1,"תוֹכֶן","תוֹכpn"
807,"ָה","ָה-last_blank","last_blank",1,1,"רנ-last_blank","רנ",1,0,0,1,"תוֹצָאָה","תוֹצָארנ"
800,"ֵף","ֵף-last_blank","last_blank",1,1,"ln-last_blank","ln",1,0,0,1,"תוֹקֵף","תוֹקln"
23,"first_blank","first_blank-תּ","תּ",1,1,"first_blank-מן","מן",1,0,0,1,"תּוּת","מןוּת"
947,"זו","זו-קה","קה",1,5,"זו-לו","לו",5,0,0,1,"תחזוקה","תחזולו"
244,"תח","תח-לי","לי",1,16,"בו-לי","בו",16,0,0,1,"תחליף","בוליף"
744,"first_blank","first_blank-תַ","תַ",1,1,"first_blank-זת","זת",1,0,0,1,"תַחֲנָה","זתחֲנָה"
798,"first_blank","first_blank-תַ","תַ",1,1,"first_blank-צץ","צץ",1,0,0,1,"תַחתִית","צץחתִית"
529,"או","או-ר","ר",1,14,"וד-ר","וד",14,0,0,1,"תיאור","תיודר"
615,"אט","אט-רו","רו",1,6,"נד-רו","נד",6,0,0,1,"תיאטרון","תינדרון"
395,"first_blank","first_blank-תי","תי",1,314,"first_blank-בפ","בפ",316,2,0,1,"תיק","בפק"
226,"first_blank","first_blank-תִ","תִ",1,1,"first_blank-ףל","ףל",1,0,0,1,"תִכנוּן","ףלכנוּן"
231,"first_blank","first_blank-תכ","תכ",1,115,"first_blank-בז","בז",115,0,0,1,"תכנית","בזנית"
569,"first_blank","first_blank-תַ","תַ",1,1,"first_blank-iא","iא",1,0,0,1,"תַכשִׁיט","iאכשִׁיט"
590,"first_blank","first_blank-תמ","תמ",1,137,"first_blank-צו","צו",137,0,0,1,"תמונה","צוונה"
10,"first_blank","first_blank-תָ","תָ",1,1,"first_blank-ie","ie",1,0,0,1,"תָמִיד","ieמִיד"
877,"first_blank","first_blank-תַ","תַ",1,1,"first_blank-jc","jc",1,0,0,1,"תַנוּר","jcנוּר"
287,"נֶ","נֶ-ת","ת",1,1,"כס-ת","כס",1,0,0,1,"תִסמוֹנֶת","תִסמוֹכסת"
700,"first_blank","first_blank-תַ","תַ",1,1,"first_blank-עם","עם",1,0,0,1,"תַעֲרוֹבֶת","עםעֲרוֹבֶת"
496,"רו","רו-כה","כה",1,5,"רו-מן","מן",5,0,0,1,"תערוכה","תערומן"
831,"ֶת","ֶת-last_blank","last_blank",1,1,"jo-last_blank","jo",1,0,0,1,"תִפאֶרֶת","תִפאֶרjo"
125,"תפ","תפ-וז","וז",1,2,"וס-וז","וס",2,0,0,1,"תפוז","וסוז"
523,"סי","סי-ק","ק",1,18,"נו-ק","נו",18,0,0,1,"תפסיק","תפנוק"
946,"ֶת","ֶת-last_blank","last_blank",1,1,"סנ-last_blank","סנ",1,0,0,1,"תִקשׁוֹרֶת","תִקשׁוֹרסנ"
402,"וּ","וּ-ת","ת",1,1,"שס-ת","שס",1,0,0,1,"תַרְבּוּת","תַרְבּשסת"
598,"גי","גי-ל","ל",1,12,"תכ-ל","תכ",12,0,0,1,"תרגיל","תרתכל"
654,"תר","תר-ומ","ומ",1,9,"הה-ומ","הה",9,0,0,1,"תרומה","ההומה"
6,"רו","רו-ּפ","ּפ",1,1,"רו-חל","חל",1,0,0,1,"תְרוּפָה","תְרוחלָה"
15,"first_blank","first_blank-תַ","תַ",1,1,"first_blank-ךש","ךש",1,0,0,1,"תַרכִּיב","ךשרכִּיב"
504,"וב","וב-ה","ה",1,66,"לי-ה","לי",67,1,0,1,"תשובה","תשליה"
715,"תש","תש-וק","וק",1,8,"לא-וק","לא",8,0,0,1,"תשוקה","לאוקה"
