"word_id","first","original_pair","second","syll","original_freq","replacement_pair","replacement_syll","replacement_freq","freq_diff","char_diff","letter_diff","original_word","replacement_word"
229,"أن","أن-last_blank","last_blank",1,21,"تج-last_blank","تج",21,0,0,1,"آمل أن","آمل تج"
952,"first_blank","first_blank-آم","آم",1,40,"first_blank-شب","شب",40,0,0,1,"آمنة","شبنة"
200,"أب","أب-دا","دا",1,2,"سع-دا","سع",2,0,0,1,"أبدا","سعدا"
758,"أب","أب-دي","دي",1,7,"أب-قا","قا",7,0,0,1,"أبدي","أبقا"
752,"أب","أب-ي","ي",1,2,"ئد-ي","ئد",2,0,0,1,"أبي","ئدي"
181,"أب","أب-يض","يض",1,3,"قا-يض","قا",3,0,0,1,"أبيض","قايض"
189,"سن","سن-ت","ت",1,6,"خل-ت","خل",6,0,0,1,"أحسنت","أحخلت"
46,"أح","أح-مر","مر",1,4,"كا-مر","كا",4,0,0,1,"أحمر","كامر"
608,"فا","فا-ه","ه",1,1,"تق-ه","تق",1,0,0,1,"أحمر الشفاه","أحمر الشتقه"
542,"أخ","أخ-ت","ت",1,3,"كل-ت","كل",3,0,0,1,"أخت","كلت"
434,"أخ","أخ-ير","ير",1,12,"أخ-تب","تب",12,0,0,1,"أخير","أختب"
669,"أخ","أخ-ير","ير",1,12,"أخ-طا","طا",12,0,0,1,"أخيرا","أخطاا"
169,"أد","أد-اة","اة",1,2,"اس-اة","اس",2,0,0,1,"أداة","اساة"
14,"خل","خل-last_blank","last_blank",1,28,"طف-last_blank","طف",28,0,0,1,"أدخل","أدطف"
185,"أد","أد-نى","نى",1,2,"أد-ام","ام",2,0,0,1,"أدنى","أدام"
489,"أر","أر-ضي","ضي",1,11,"أر-اض","اض",11,0,0,1,"أرضية","أراضة"
159,"أر","أر-مل","مل",1,4,"أر-عب","عب",4,0,0,1,"أرملة","أرعبة"
763,"أس","أس-بر","بر",1,2,"أس-اق","اق",2,0,0,1,"أسبرين","أساقين"
186,"أس","أس-فل","فل",1,8,"أس-تج","تج",8,0,0,1,"أسفل","أستج"
993,"first_blank","first_blank-أص","أص",1,210,"first_blank-شا","شا",210,0,0,1,"أصلي","شالي"
44,"أع","أع-لى","لى",1,3,"أع-دن","دن",3,0,0,1,"أعلى","أعدن"
25,"أع","أع-مى","مى",1,2,"أع-جو","جو",2,0,0,1,"أعمى","أعجو"
192,"أف","أف-ري","ري",1,7,"لا-ري","لا",7,0,0,1,"أفريقيا","لاريقيا"
381,"سم","سم-last_blank","last_blank",1,74,"فك-last_blank","فك",74,0,0,1,"أقسم","أقفك"
27,"first_blank","first_blank-أك","أك",1,151,"first_blank-بط","بط",151,0,0,1,"أكثر تسطحا","بطثر تسطحا"
187,"أل","أل-بو","بو",1,8,"أل-ون","ون",8,0,0,1,"ألبوم","ألونم"
768,"أل","أل-ف","ف",1,4,"يـ-ف","يـ",4,0,0,1,"ألف","يـف"
39,"أم","أم-last_blank","last_blank",1,8,"ld-last_blank","ld",8,0,0,1,"أم","ld"
765,"أم","أم-ام","ام",1,17,"عل-ام","عل",17,0,0,1,"أمامي","علامي"
292,"أم","أم-ر","ر",1,6,"ضط-ر","ضط",6,0,0,1,"أمر","ضطر"
193,"first_blank","first_blank-أم","أم",1,352,"first_blank-لن","لن",354,2,0,1,"أميرة","لنيرة"
827,"زا","زا-last_blank","last_blank",1,44,"اض-last_blank","اض",44,0,0,1,"أنفلونزا","أنفلوناض"
941,"أه","أه-لا","لا",1,1,"بح-لا","بح",1,0,0,1,"أهلا","بحلا"
358,"رك","رك-ست","ست",1,2,"اف-ست","اف",2,0,0,1,"أوركسترا","أوافسترا"
35,"أو","أو-ل","ل",1,3,"اط-ل","اط",3,0,0,1,"أول","اطل"
120,"أو","أو-لا","لا",1,17,"أو-صل","صل",17,0,0,1,"أولاد","أوصلد"
674,"إب","إب-اح","اح",1,7,"إب-عا","عا",7,0,0,1,"إباحية","إبعاية"
375,"إب","إب-رة","رة",1,2,"تم-رة","تم",2,0,0,1,"إبرة","تمرة"
761,"بع","بع-last_blank","last_blank",1,67,"يز-last_blank","يز",67,0,0,1,"إتبع","إتيز"
91,"first_blank","first_blank-إج","إج",1,80,"first_blank-بب","بب",80,0,0,1,"إجابه","ببابه"
683,"تط","تط-اف","اف",1,17,"مو-اف","مو",17,0,0,1,"إختطاف","إخمواف"
206,"first_blank","first_blank-إد","إد",1,69,"first_blank-صو","صو",69,0,0,1,"إدارة","صوارة"
946,"first_blank","first_blank-إد","إد",1,69,"first_blank-صو","صو",69,0,0,1,"إدراج","صوراج"
967,"إر","إر-ث","ث",1,2,"شب-ث","شب",2,0,0,1,"إرث","شبث"
629,"إس","إس-ها","ها",1,2,"ذت-ها","ذت",2,0,0,1,"إسهال","ذتهال"
215,"first_blank","first_blank-إض","إض",1,32,"first_blank-تث","تث",32,0,0,1,"إضافي","تثافي"
924,"إط","إط-را","را",1,2,"لص-را","لص",2,0,0,1,"إطراء","لصراء"
746,"لا","لا-ق ","ق ",1,1,"لا-عو","عو",1,0,0,1,"إطلاق النار","إطلاعوالنار"
237,"لا","لا-قا","قا",1,10,"ان-قا","ان",10,0,0,1,"إطلاقا","إطانقا"
297,"لا","لا-ن","ن",1,41,"جي-ن","جي",41,0,0,1,"إعلان","إعجين"
757,"إق","إق-لي","لي",1,6,"اس-لي","اس",6,0,0,1,"إقليمي","اسليمي"
951,"تر","تر-نت","نت",1,8,"لم-نت","لم",8,0,0,1,"إنترنت","إنلمنت"
123,"يز","يز-ي","ي",1,15,"اط-ي","اط",15,0,0,1,"إنجليزي","إنجلاطي"
226,"ذا","ذا-ر","ر",1,15,"وي-ر","وي",15,0,0,1,"إنذار","إنوير"
165,"سا","سا-ن ","ن ",1,1,"سا-كت","كت",1,0,0,1,"إنسان آلي","إنساكتآلي"
274,"إن","إن-صه","صه",1,1,"إن-بع","بع",1,0,0,1,"إنصهار","إنبعار"
371,"إن","إن-قا","قا",1,11,"إن-فص","فص",11,0,0,1,"إنقاذ","إنفصذ"
56,"first_blank","first_blank-إه","إه",1,45,"first_blank-حج","حج",45,0,0,1,"إهانة","حجانة"
913,"first_blank","first_blank-إي","إي",1,206,"first_blank-تب","تب",206,0,0,1,"إيجابي","تبجابي"
660,"ما","ما-ءة","ءة",1,1,"ما-بع","بع",1,0,0,1,"إيماءة","إيمابع"
973,"first_blank","first_blank-اب","اب",1,198,"first_blank-مج","مج",198,0,0,1,"ابتسامة","مجتسامة"
412,"first_blank","first_blank-اب","اب",1,198,"first_blank-مج","مج",198,0,0,1,"ابحاث","مجحاث"
53,"ات","ات-صل","صل",1,11,"ات-كم","كم",11,0,0,1,"اتصل","اتكم"
305,"first_blank","first_blank-اث","اث",1,32,"first_blank-عج","عج",32,0,0,1,"اثار","عجار"
171,"first_blank","first_blank-اث","اث",1,32,"first_blank-طي","طي",32,0,0,1,"اثنين","طينين"
75,"first_blank","first_blank-اح","اح",1,287,"first_blank-ين","ين",286,1,0,1,"احترام","ينترام"
136,"اح","اح-تم","تم",1,12,"اح-ات","ات",12,0,0,1,"احتمالا","احاتالا"
208,"ضر","ضر-last_blank","last_blank",1,26,"سع-last_blank","سع",26,0,0,1,"احضر","احسع"
232,"و ","و -ال","ال",1,1,"نش-ال","نش",1,0,0,1,"اخو الام","اخنشالام"
180,"سن","سن-ال","ال",1,1,"طل-ال","طل",1,0,0,1,"ارسنال","ارطلال"
209,"اس","اس-تب","تب",1,15,"اس-با","با",15,0,0,1,"استبعد","اسباعد"
734,"ئي","ئي-ة","ة",1,29,"اس-ة","اس",29,0,0,1,"استثنائية","استثنااسة"
436,"تح","تح-ق","ق",1,15,"غل-ق","غل",16,1,0,1,"استحق","اسغلق"
540,"تع","تع-اد","اد",1,24,"تع-رض","رض",24,0,0,1,"استعادة","استعرضة"
220,"اس","اس-تق","تق",1,30,"إع-تق","إع",28,2,0,1,"استقالة","إعتقالة"
372,"تق","تق-با","با",1,7,"أط-با","أط",7,0,0,1,"استقبال","اسأطبال"
968,"تم","تم-ع","ع",1,19,"لا-ع","لا",19,0,0,1,"استمع","اسلاع"
744,"اس","اس-م","م",1,12,"زا-م","زا",12,0,0,1,"اسم","زام"
745,"اس","اس-م ","م ",1,1,"اس-طن","طن",1,0,0,1,"اسم الشهرة","اسطنالشهرة"
203,"بع","بع- ا"," ا",1,1,"بع-ضل","ضل",1,0,0,1,"اصبع اليد","اصبعضلليد"
183,"first_blank","first_blank-اط","اط",1,60,"first_blank-رج","رج",60,0,0,1,"اطلاق النار","رجلاق النار"
219,"اع","اع-صا","صا",1,7,"اع-جب","جب",7,0,0,1,"اعصار","اعجبر"
954,"ما","ما-ل ","ل ",1,1,"ما-قن","قن",1,0,0,1,"اعمال بناء","اعماقنبناء"
600,"اغ","اغ-فر","فر",1,2,"مق-فر","مق",2,0,0,1,"اغفر","مقفر"
228,"تت","تت-اح","اح",1,14,"تت-زو","زو",14,0,0,1,"افتتاح","افتتزو"
692,"تح","تح-last_blank","last_blank",1,17,"ثل-last_blank","ثل",17,0,0,1,"افتح","افثل"
984,"تر","تر-ح","ح",1,11,"صل-ح","صل",11,0,0,1,"اقترح","اقصلح"
31,"رأ","رأ-last_blank","last_blank",1,14,"ظف-last_blank","ظف",14,0,0,1,"اقرأ","اقظف"
898,"أد","أد-اة","اة",1,2,"ال-اة","ال",2,0,0,1,"الأداة","الالاة"
975,"ال","ال-أر","أر",1,63,"ال-ها","ها",63,0,0,1,"الأرض","الهاض"
506,"ال","ال-أم","أم",1,94,"ال-فا","فا",94,0,0,1,"الأمان","الفاان"
986,"ال","ال-إئ","إئ",1,3,"ال-تت","تت",3,0,0,1,"الإئتمان","التتتمان"
1000,"إث","إث-ني","ني",1,4,"فو-ني","فو",4,0,0,1,"الإثنين","الفونين"
887,"إذ","إذ-ن","ن",1,3,"دخ-ن","دخ",3,0,0,1,"الإذن","الدخن"
222,"ال","ال-إم","إم",1,28,"ال-عب","عب",28,0,0,1,"الإمبراطوري","العببراطوري"
100,"تص","تص-اص","اص",1,11,"خل-اص","خل",11,0,0,1,"الاختصاص القضائي","الاخخلاص القضائي"
205,"اخ","اخ-لا","لا",1,10,"سج-لا","سج",10,0,0,1,"الاخلاص","السجلاص"
380,"اد","اد-ار","ار",1,5,"وس-ار","وس",5,0,0,1,"الادارة","الوسارة"
475,"ال","ال-ار","ار",1,47,"ال-سل","سل",47,0,0,1,"الارتباط","السلتباط"
921,"اع","اع-ما","ما",1,13,"اع-دة","دة",13,0,0,1,"الاعمال الخيرية","الاعدةل الخيرية"
845,"اح","اح-يا","يا",1,12,"اح-تم","تم",12,0,0,1,"الاموات الاحياء","الاموات الاحتمء"
687,"تح","تح-ار","ار",1,22,"تح-قي","قي",22,0,0,1,"الانتحار","الانتحقي"
690,"ال","ال-اه","اه",1,14,"ال-قس","قس",14,0,0,1,"الاهلية","القسلية"
430,"با","با-رو","رو",1,10,"با-كس","كس",10,0,0,1,"البارود","الباكسد"
597,"با","با-رو","رو",1,10,"با-حث","حث",10,0,0,1,"البارون","الباحثن"
127,"ال","ال-بح","بح",1,16,"ال-دف","دف",16,0,0,1,"البحرية","الدفرية"
797,"بر","بر-لم","لم",1,2,"بر-اب","اب",2,0,0,1,"البرلمان","البرابان"
79,"مج","مج-يا","يا",1,2,"أك-يا","أك",2,0,0,1,"البرمجيات","البرأكيات"
582,"اط","اط-س","س",1,2,"آي-س","آي",2,0,0,1,"البطاطس","البطآيس"
301,"ال","ال-بق","بق",1,20,"ال-ثل","ثل",20,0,0,1,"البقاء","الثلاء"
900,"ال","ال-ة ","ة ",1,1,"ال-وئ","وئ",1,0,0,1,"الة تصوير","الوئتصوير"
267,"كي","كي-د","د",1,11,"يـ-د","يـ",11,0,0,1,"التأكيد","التأيـد"
522,"ال","ال-تب","تب",1,27,"ال-حد","حد",27,0,0,1,"التبغ","الحدغ"
281," م"," م-ن","ن",1,1,"ضأ-ن","ضأ",1,0,0,1,"التحقق من","التحققضأن"
293,"تر","تر-كي","كي",1,29,"ال-كي","ال",29,0,0,1,"التركيز","الالكيز"
947,"غي","غي-ل","ل",1,5,"مب-ل","مب",5,0,0,1,"التشغيل","التشمبل"
965,"ال","ال-تغ","تغ",1,16,"ال-بح","بح",16,0,0,1,"التغطية","البحطية"
240,"ال","ال-تق","تق",1,82,"ال-أن","أن",82,0,0,1,"التقويم","الأنويم"
34,"تن","تن-قل","قل",1,9,"تن-سي","سي",9,0,0,1,"التنقل","التنسي"
178,"تن","تن-ين","ين",1,9,"اك-ين","اك",9,0,0,1,"التنين","الاكين"
443,"لث","لث-last_blank","last_blank",1,4,"dn-last_blank","dn",4,0,0,1,"الثالث","الثاdn"
390,"سو","سو-س","س",1,9,"ين-س","ين",9,0,0,1,"الجاسوس","الجاينس"
662,"جز","جز-ء","ء",1,3,"في-ء","في",3,0,0,1,"الجزء","الفيء"
333,"ال","ال-جس","جس",1,11,"ال-حش","حش",11,0,0,1,"الجسم","الحشم"
342,"جن","جن-س","س",1,3,"حس-س","حس",3,0,0,1,"الجنس","الحسس"
117,"وب","وب-ي","ي",1,17,"أت-ي","أت",17,0,0,1,"الجنوبي","الجنأتي"
61,"حا","حا-ر","ر",1,11,"قر-ر","قر",11,0,0,1,"الحار","القرر"
945,"حا","حا-لة","لة",1,3,"سو-لة","سو",3,0,0,1,"الحالة","السولة"
188,"لأ","لأ-دن","دن",1,1,"لأ-عز","عز",1,0,0,1,"الحد الأدنى","الحد الأعزى"
413,"ال","ال-حر","حر",1,50,"ال-تم","تم",50,0,0,1,"الحرارة","التمارة"
125,"حر","حر-ير","ير",1,9,"حر-كا","كا",9,0,0,1,"الحرير","الحركا"
428,"حر","حر-يه","يه",1,2,"يق-يه","يق",2,0,0,1,"الحريه","اليقيه"
83," ع"," ع-لى","لى",1,1,"جي-لى","جي",1,0,0,1,"الحفاظ على","الحفاظجيلى"
253,"حم","حم-ار","ار",1,6,"حم-يل","يل",6,0,0,1,"الحمار","الحميل"
873,"حم","حم-ام","ام",1,15,"مع-ام","مع",15,0,0,1,"الحمام","المعام"
250,"ض ","ض -ال","ال",1,1,"نن-ال","نن",1,0,0,1,"الحمض النووي","الحمننالنووي"
160,"خا","خا-بي","بي",1,1,"لر-بي","لر",1,0,0,1,"الحملة الانتخابية","الحملة الانتلربية"
670,"رج","رج-last_blank","last_blank",1,73,"كن-last_blank","كن",72,1,0,1,"الخارج","الخاكن"
119,"سر","سر-last_blank","last_blank",1,51,"ـي-last_blank","ـي",51,0,0,1,"الخاسر","الخاـي"
916,"ال","ال-خد","خد",1,13,"ال-عض","عض",13,0,0,1,"الخدعة","العضعة"
29,"ال","ال-خد","خد",1,13,"ال-ذه","ذه",13,0,0,1,"الخدمات","الذهمات"
50,"ما","ما-ت ","ت ",1,1,"ما-دز","دز",1,0,0,1,"الخدمات المصرفية","الخدمادزالمصرفية"
566,"خر","خر-سا","سا",1,4,"حت-سا","حت",4,0,0,1,"الخرسانة","الحتسانة"
84,"خر","خر-يف","يف",1,2,"زي-يف","زي",2,0,0,1,"الخريف","الزييف"
653,"وع","وع- ل"," ل",1,1,"وع-رب","رب",1,0,0,1,"الخضوع ل","الخضوعرب"
1,"ال","ال-دا","دا",1,45,"ال-تج","تج",45,0,0,1,"الدافع","التجفع"
833,"دع","دع-م","م",1,8,"بت-م","بت",8,0,0,1,"الدعم","البتم"
655,"ال","ال-دو","دو",1,52,"ال-عم","عم",52,0,0,1,"الدوري","العمري"
918,"ال","ال-ذر","ذر",1,10,"ال-سه","سه",10,0,0,1,"الذري","السهي"
195,"ال","ال-ذك","ذك",1,15,"ال-نج","نج",15,0,0,1,"الذكر","النجر"
706,"را","را-مي","مي",1,21,"را-فق","فق",21,0,0,1,"الرامي","الرافق"
722,"ال","ال-رح","رح",1,15,"ال-سع","سع",15,0,0,1,"الرحمة","السعمة"
162,"ال","ال-رص","رص",1,9,"ال-دل","دل",9,0,0,1,"الرصيد","الدليد"
479,"ال","ال-زو","زو",1,24,"ال-عش","عش",24,0,0,1,"الزوج","العشج"
769,"ئل","ئل-last_blank","last_blank",1,30,"لس-last_blank","لس",30,0,0,1,"السائل","السالس"
482,"سا","سا-حة","حة",1,5,"سا-نج","نج",5,0,0,1,"الساحة","السانج"
889,"ال","ال-سب","سب",1,29,"ال-صف","صف",29,0,0,1,"السبب","الصفب"
528,"ال","ال-سب","سب",1,29,"ال-هي","هي",29,0,0,1,"السبيل","الهييل"
156,"ال","ال-سف","سف",1,19,"ال-نم","نم",19,0,0,1,"السفارة","النمارة"
549,"ال","ال-سك","سك",1,33,"ال-عق","عق",33,0,0,1,"السكر","العقر"
955,"سم","سم-اح","اح",1,5,"لس-اح","لس",5,0,0,1,"السماح","اللساح"
851,"سن","سن-ون","ون",1,3,"لع-ون","لع",3,0,0,1,"السنونو","اللعونو"
773,"سي","سي-ول","ول",1,4,"سي-مس","مس",4,0,0,1,"السيولة النقدية","السيمسة النقدية"
547,"هد","هد-last_blank","last_blank",1,43,"قب-last_blank","قب",43,0,0,1,"الشاهد","الشاقب"
723,"ال","ال-شف","شف",1,16,"ال-خو","خو",16,0,0,1,"الشفرة","الخورة"
302,"صب","صب-ر","ر",1,2,"ون-ر","ون",2,0,0,1,"الصبر","الونر"
518,"ال","ال-صح","صح",1,32,"ال-هو","هو",32,0,0,1,"الصحافة","الهوافة"
70,"ال","ال-صح","صح",1,32,"ال-أص","أص",32,0,0,1,"الصحة","الأصة"
623,"ال","ال-صح","صح",1,32,"ال-خر","خر",32,0,0,1,"الصحيح","الخريح"
570,"صي","صي-د","د",1,4,"ته-د","ته",4,0,0,1,"الصيد","التهد"
531,"صي","صي-ف","ف",1,3,"ول-ف","ول",3,0,0,1,"الصيف","الولف"
953,"ال","ال-ضو","ضو",1,8,"ال-كش","كش",8,0,0,1,"الضوضاء","الكشضاء"
586,"ال","ال-طا","طا",1,43,"ال-مض","مض",43,0,0,1,"الطائرة","المضئرة"
581,"ال","ال-طل","طل",1,17,"ال-دب","دب",17,0,0,1,"الطلب","الدبب"
405,"ظل","ظل-ام","ام",1,4,"دع-ام","دع",4,0,0,1,"الظلام","الدعام"
593,"ال","ال-عب","عب",1,28,"ال-إم","إم",28,0,0,1,"العبقري","الإمقري"
85,"عد","عد-و","و",1,3,"نز-و","نز",3,0,0,1,"العدو","النزو"
77,"ال","ال-عم","عم",1,52,"ال-مؤ","مؤ",52,0,0,1,"العمل","المؤل"
64,"قر","قر-ي","ي",1,2,"ضت-ي","ضت",2,0,0,1,"العمود الفقري","العمود الفضتي"
81,"عن","عن-كب","كب",1,4,"ار-كب","ار",4,0,0,1,"العنكبوت","الاركبوت"
647,"فأ","فأ-ر","ر",1,2,"ؤث-ر","ؤث",2,0,0,1,"الفأر","الؤثر"
665,"ال","ال-فن","فن",1,20,"ال-أط","أط",20,0,0,1,"الفندق","الأطدق"
359,"ال","ال-ية","ية",1,43,"ال-طا","طا",43,0,0,1,"الفيدرالية","الفيدرالطا"
321,"رو","رو-س ","س ",1,1,"رو-يي","يي",1,0,0,1,"الفيروس المتنقل","الفيروييالمتنقل"
93,"زي","زي-اء","اء",1,4,"عب-اء","عب",4,0,0,1,"الفيزياء","الفيعباء"
356,"في","في-لق","لق",1,2,"تح-لق","تح",2,0,0,1,"الفيلق","التحلق"
675,"ئد","ئد-last_blank","last_blank",1,14,"رأ-last_blank","رأ",14,0,0,1,"القائد","القارأ"
676,"تل","تل-last_blank","last_blank",1,60,"شي-last_blank","شي",60,0,0,1,"القاتل","القاشي"
243,"عد","عد-ة","ة",1,29,"ون-ة","ون",29,0,0,1,"القاعدة","القاونة"
764,"ال","ال-قد","قد",1,30,"ال-إل","إل",30,0,0,1,"القدره","الإلره"
238,"صا","صا-ن","ن",1,15,"حو-ن","حو",15,0,0,1,"القرصان","القرحون"
741,"ال","ال-قم","قم",1,16,"ال-زا","زا",16,0,0,1,"القمار","الزاار"
107,"قم","قم-ر","ر",1,3,"لك-ر","لك",3,0,0,1,"القمر","اللكر"
545,"ال","ال-قم","قم",1,16,"ال-لح","لح",16,0,0,1,"القمري","اللحري"
99,"قي","قي-مة","مة",1,2,"عل-مة","عل",2,0,0,1,"القيمة","العلمة"
40,"كب","كب-ار","ار",1,4,"ظه-ار","ظه",4,0,0,1,"الكبار","الظهار"
714,"اب","اب- ا"," ا",1,1,"اب-طأ","طأ",1,0,0,1,"الكتاب المقدس","الكتابطألمقدس"
140,"ال","ال-كح","كح",1,6,"ال-بخ","بخ",6,0,0,1,"الكحول","البخول"
121,"كر","كر-اك","اك",1,3,"فو-اك","فو",3,0,0,1,"الكراك","الفواك"
762,"ال","ال-كر","كر",1,62,"تذ-كر","تذ",62,0,0,1,"الكرنفال","تذكرنفال"
128,"ال","ال-كل","كل",1,27,"ال-إر","إر",27,0,0,1,"الكلى","الإرى"
154,"كو","كو-كا","كا",1,9,"تل-كا","تل",9,0,0,1,"الكوكايين","التلكايين"
221,"ال","ال-له","له",1,10,"ال-خش","خش",10,0,0,1,"الله","الخش"
116,"را","را-ثو","ثو",1,2,"را-ئـ","ئـ",2,0,0,1,"الماراثون","المارائـن"
355,"ما","ما-س","س",1,13,"ني-س","ني",13,0,0,1,"الماس","النيس"
710,"في","في-ا","ا",1,20,"اد-ا","اد",20,0,0,1,"المافيا","الماادا"
19,"ما","ما-لي","لي",1,19,"ؤو-لي","ؤو",17,2,0,1,"المالية","الؤولية"
667,"ال","ال-مث","مث",1,32,"ال-صي","صي",32,0,0,1,"المثالي","الصيالي"
317,"تم","تم-ع","ع",1,19,"لا-ع","لا",19,0,0,1,"المجتمع","المجلاع"
32,"مج","مج-مو","مو",1,20,"لل-مو","لل",20,0,0,1,"المجموع","الللموع"
754,"مج","مج-يد","يد",1,5,"بأ-يد","بأ",5,0,0,1,"المجيد","البأيد"
756,"مح","مح-لل","لل",1,6,"مح-دو","دو",6,0,0,1,"المحلل","المحدو"
139,"يط","يط- ا"," ا",1,1,"يط-يح","يح",1,0,0,1,"المحيط الهادئ","المحيطيحلهادئ"
440,"ال","ال-مذ","مذ",1,27,"ال-شم","شم",27,0,0,1,"المذاق","الشماق"
755,"عو","عو-ر","ر",1,9,"ني-ر","ني",9,0,0,1,"المذعور","المذنير"
677,"تز","تز-قة","قة",1,2,"حد-قة","حد",2,0,0,1,"المرتزقة","المرحدقة"
933,"ئو","ئو-لي","لي",1,14,"تس-لي","تس",14,0,0,1,"المسئولية","المستسلية"
299,"مس","مس-اب","اب",1,8,"يق-اب","يق",8,0,0,1,"المسابقة","اليقابقة"
438,"مس","مس-تش","تش",1,24,"اك-تش","اك",24,0,0,1,"المستشار","الاكتشار"
36,"عر","عر-last_blank","last_blank",1,39,"لع-last_blank","لع",39,0,0,1,"المستشعر","المستشلع"
241,"رو","رو-ع","ع",1,8,"تف-ع","تف",8,0,0,1,"المشروع","المشتفع"
198,"مع","مع-نى","نى",1,9,"مع-زو","زو",9,0,0,1,"المعنى","المعزو"
310,"اح","اح-ظة","ظة",1,3,"اح-قا","قا",3,0,0,1,"الملاحظة","الملاحقا"
944,"ال","ال-شخ","شخ",1,12,"ال-أه","أه",12,0,0,1,"الملف الشخصي","الملف الأهصي"
695,"مه","مه-بل","بل",1,6,"مه-دد","دد",6,0,0,1,"المهبل","المهدد"
265,"يم","يم-يا","يا",1,3,"ثد-يا","ثد",3,0,0,1,"المواد الكيميائية","المواد الكثديائية"
11,"مو","مو-ت","ت",1,19,"زا-ت","زا",19,0,0,1,"الموت","الزات"
197,"مو","مو-ضة","ضة",1,3,"مو-عا","عا",3,0,0,1,"الموضة","الموعا"
902,"دل","دل-last_blank","last_blank",1,50,"فع-last_blank","فع",50,0,0,1,"النادل","النافع"
537,"نا","نا-دي","دي",1,23,"اع-دي","اع",23,0,0,1,"النادي","الاعدي"
532,"نب","نب-يل","يل",1,5,"مث-يل","مث",5,0,0,1,"النبيل","المثيل"
287,"نز","نز-هة","هة",1,3,"اب-هة","اب",3,0,0,1,"النزهة","الابهة"
161,"لن","لن-شو","شو",1,1,"لن-أت","أت",1,0,0,1,"النشوة النشوة","النشوة النأتة"
994,"ال","ال-نص","نص",1,16,"ال-لح","لح",16,0,0,1,"النصيحة","اللحيحة"
94,"ال","ال-ني","ني",1,22,"ال-جز","جز",22,0,0,1,"النينجا","الجزنجا"
134,"ال","ال-هو","هو",1,32,"ال-مث","مث",32,0,0,1,"الهواة","المثاة"
105,"ال","ال-ور","ور",1,30,"ال-ري","ري",30,0,0,1,"الوريد","الرييد"
334,"ى ","ى -اب","اب",1,1,"بض-اب","بض",1,0,0,1,"الى ابعد حد","البضابعد حد"
207,"ال","ال-ى ","ى ",1,1,"ال-سة","سة",1,0,0,1,"الى الخلف","السةالخلف"
288,"غا","غا-last_blank","last_blank",1,13,"ءك-last_blank","ءك",13,0,0,1,"اليوغا","اليوءك"
668,"ال","ال-يو","يو",1,31,"ال-أف","أف",31,0,0,1,"اليوم","الأفم"
177,"ال","ال-يو","يو",1,31,"ال-خي","خي",31,0,0,1,"اليومي","الخيمي"
318,"تظ","تظ-ر","ر",1,10,"رو-ر","رو",10,0,0,1,"انتظر","انرور"
596,"first_blank","first_blank-ان","ان",1,559,"first_blank-تع","تع",559,0,0,1,"انتقام","تعتقام"
663,"ان","ان-صح","صح",1,2,"ان-كو","كو",2,0,0,1,"انصح","انكو"
538,"ان","ان-طب","طب",1,5,"ان-قض","قض",5,0,0,1,"انطباع","انقضاع"
759,"ان","ان-عك","عك",1,2,"ان-تى","تى",2,0,0,1,"انعكاس","انتىاس"
995,"first_blank","first_blank-ان","ان",1,559,"first_blank-تع","تع",559,0,0,1,"انفجار","تعفجار"
338,"first_blank","first_blank-اه","اه",1,80,"first_blank-إج","إج",80,0,0,1,"اهتمام","إجتمام"
753,"ئس","ئس-last_blank","last_blank",1,4,"ok-last_blank","ok",4,0,0,1,"بائس","باok"
760,"با","با-رع","رع",1,9,"با-ته","ته",9,0,0,1,"بارع","باته"
246,"بب","بب-سا","سا",1,3,"تر-سا","تر",3,0,0,1,"ببساطة","ترساطة"
244,"طء","طء-last_blank","last_blank",1,1,"ـئ-last_blank","ـئ",1,0,0,1,"ببطء","ببـئ"
251,"بج","بج-عة","عة",1,2,"بج-لس","لس",2,0,0,1,"بجعة","بجلس"
272,"first_blank","first_blank-بح","بح",1,227,"first_blank-وج","وج",225,2,0,1,"بحث","وجث"
113,"بح","بح-جم","جم",1,2,"بح-اد","اد",2,0,0,1,"بحجم","بحاد"
794,"بح","بح-ري","ري",1,11,"بح-ما","ما",11,0,0,1,"بحرية","بحماة"
442,"بد","بد-يع","يع",1,4,"اق-يع","اق",4,0,0,1,"بديع","اقيع"
257,"بر","بر-ج","ج",1,4,"لو-ج","لو",3,1,0,1,"برج","لوج"
456,"بر","بر-ق","ق",1,2,"ـا-ق","ـا",2,0,0,1,"برق","ـاق"
451,"بر","بر-قي","قي",1,4,"بر-وه","وه",4,0,0,1,"برقية","بروهة"
807,"بر","بر-نا","نا",1,29,"لم-نا","لم",29,0,0,1,"برنامج","لمنامج"
671,"وت","وت-ين","ين",1,12,"هم-ين","هم",12,0,0,1,"بروتين","برهمين"
644,"يد","يد-last_blank","last_blank",1,267,"ره-last_blank","ره",265,2,0,1,"بريد","برره"
819,"بر","بر-يى","يى",1,1,"بر-ضه","ضه",1,0,0,1,"بريىء","برضهء"
92,"كل","كل- ر"," ر",1,1,"كل-عب","عب",1,0,0,1,"بشكل رسمي","بشكلعبسمي"
836,"بي","بي-عي","عي",1,5,"بي-نج","نج",5,0,0,1,"بشكل طبيعي","بشكل طبينج"
881,"بط","بط-ان","ان",1,9,"تر-ان","تر",9,0,0,1,"بطانية","ترانية"
618,"بي","بي-عة","عة",1,7,"بي-نك","نك",7,0,0,1,"بطبيعة الحال","بطبينك الحال"
615,"ري","ري-ق ","ق ",1,1,"ري-ار","ار",1,0,0,1,"بطريق الخطأ","بطريارالخطأ"
147,"بط","بط-ل","ل",1,4,"ضـ-ل","ضـ",4,0,0,1,"بطل","ضـل"
245,"بط","بط-يء","يء",1,2,"اج-يء","اج",2,0,0,1,"بطيء","اجيء"
625,"ض ","ض -ال","ال",1,1,"قف-ال","قف",1,0,0,1,"بعض الأحيان","بعقفالأحيان"
534,"بق","بق-رة","رة",1,2,"بق-ـا","ـا",2,0,0,1,"بقرة","بقـا"
825,"بك","بك-ل ","ل ",1,1,"بك-سب","سب",1,0,0,1,"بكل سرور","بكسبسرور"
796,"اي","اي- ب"," ب",1,1,"اي-يف","يف",1,0,0,1,"بلاي بوي","بلاييفوي"
49,"بل","بل-د","د",1,4,"غا-د","غا",4,0,0,1,"بلد","غاد"
3,"بن","بن-ت","ت",1,4,"يك-ت","يك",4,0,0,1,"بنت","يكت"
258,"دق","دق-ية","ية",1,3,"يح-ية","يح",3,0,0,1,"بندقية","بنيحية"
174,"first_blank","first_blank-بن","بن",1,201,"first_blank-تد","تد",201,0,0,1,"بني","تدي"
398,"صل","صل-ة","ة",1,21,"دم-ة","دم",21,0,0,1,"بوصلة","بودمة"
261,"بو","بو-ضو","ضو",1,1,"بو-زن","زن",1,0,0,1,"بوضوح","بوزنح"
555,"بو","بو-ق","ق",1,4,"اع-ق","اع",4,0,0,1,"بوق","اعق"
118,"ئة","ئة-last_blank","last_blank",1,50,"دل-last_blank","دل",50,0,0,1,"بيئة","بيدل"
861,"first_blank","first_blank-بي","بي",1,344,"first_blank-اخ","اخ",344,0,0,1,"بيانات","اخانات"
639,"first_blank","first_blank-بي","بي",1,344,"first_blank-اخ","اخ",344,0,0,1,"بيانو","اخانو"
541,"بي","بي-ت","ت",1,13,"رر-ت","رر",13,0,0,1,"بيت","ررت"
175,"بي","بي-شو","شو",1,2,"بي-تل","تل",2,0,0,1,"بيشوب","بيتلب"
431,"بي","بي-نج","نج",1,5,"فل-نج","فل",5,0,0,1,"بينج","فلنج"
269,"ثي","ثي-ر","ر",1,20,"تو-ر","تو",20,0,0,1,"تأثير","تأتور"
601,"first_blank","first_blank-تا","تا",1,181,"first_blank-يم","يم",181,0,0,1,"تاج","يمج"
840,"تا","تا-جر","جر",1,5,"تا-ئج","ئج",5,0,0,1,"تاجر","تائج"
73,"رع","رع-last_blank","last_blank",1,67,"لو-last_blank","لو",67,0,0,1,"تبرع","تبلو"
268,"first_blank","first_blank-تج","تج",1,289,"first_blank-مل","مل",289,0,0,1,"تجاري","ملاري"
9,"بت","بت-جا","جا",1,4,"بت-حم","حم",4,0,0,1,"تجربة - قام بتجارب","تجربة  قام بتحمرب"
283,"سس","سس-last_blank","last_blank",1,15,"مق-last_blank","مق",15,0,0,1,"تجسس","تجمق"
284,"first_blank","first_blank-تج","تج",1,289,"first_blank-مل","مل",289,0,0,1,"تجهيز","ملهيز"
452,"ذي","ذي-ر","ر",1,5,"حف-ر","حف",5,0,0,1,"تحذير","تححفر"
21,"طي","طي-م","م",1,3,"نج-م","نج",3,0,0,1,"تحطيم","تحنجم"
991,"تد","تد-بي","بي",1,2,"كأ-بي","كأ",2,0,0,1,"تدبير","كأبير"
306,"first_blank","first_blank-تد","تد",1,201,"first_blank-بن","بن",201,0,0,1,"تدرك","بنرك"
351,"كر","كر-ة","ة",1,26,"ضي-ة","ضي",26,0,0,1,"تذكرة","تذضية"
126,"تس","تس-لق","لق",1,10,"تس-تغ","تغ",10,0,0,1,"تسلق","تستغ"
614,"تش","تش-ري","ري",1,11,"سي-ري","سي",11,0,0,1,"تشريح","سيريح"
69,"ح ","ح -ال","ال",1,1,"تـ-ال","تـ",1,0,0,1,"تشريح الجثة","تشريتـالجثة"
22,"تط","تط-بي","بي",1,9,"شع-بي","شع",9,0,0,1,"تطبيق","شعبيق"
579,"تط","تط-ور","ور",1,12,"ضر-ور","ضر",12,0,0,1,"تطور","ضرور"
583,"تط","تط-وع","وع",1,9,"شي-وع","شي",9,0,0,1,"تطوع","شيوع"
602,"رف","رف-last_blank","last_blank",1,130,"مك-last_blank","مك",130,0,0,1,"تعرف","تعمك"
262,"لي","لي-ق","ق",1,7,"اح-ق","اح",7,0,0,1,"تعليق","تعاحق"
645,"تف","تف-اح","اح",1,6,"تف-يت","يت",6,0,0,1,"تفاحة","تفيتة"
858,"سي","سي-ر","ر",1,17,"تش-ر","تش",17,0,0,1,"تفسير","تفتشر"
23,"دم","دم-last_blank","last_blank",1,82,"وك-last_blank","وك",82,0,0,1,"تقدم","تقوك"
899,"تق","تق-ني","ني",1,17,"رت-ني","رت",17,0,0,1,"تقني","رتني"
613,"تق","تق-ني","ني",1,17,"مي-ني","مي",17,0,0,1,"تقنية","مينية"
57,"رر","رر-last_blank","last_blank",1,41,"يط-last_blank","يط",41,0,0,1,"تكرر","تكيط"
331,"تل","تل-last_blank","last_blank",1,60,"زة-last_blank","زة",60,0,0,1,"تل","زة"
799,"تل","تل-سك","سك",1,2,"تل-يس","يس",2,0,0,1,"تلسكوب","تليسوب"
213,"تل","تل-وث","وث",1,3,"تل-ائ","ائ",3,0,0,1,"تلوث اشعاعى","تلائ اشعاعى"
656,"تن","تن-ور","ور",1,6,"غر-ور","غر",6,0,0,1,"تنورة","غرورة"
282,"نئ","نئ-ة","ة",1,3,"طن-ة","طن",3,0,0,1,"تهنئة","تهطنة"
270,"ظي","ظي-ف","ف",1,7,"كل-ف","كل",7,0,0,1,"توظيف","توكلف"
848,"قي","قي-عه","عه",1,2,"جر-عه","جر",2,0,0,1,"توقيعه","توجرعه"
493,"تو","تو-نة","نة",1,3,"اه-نة","اه",3,0,0,1,"تونة","اهنة"
395,"نو","نو-ي","ي",1,7,"اغ-ي","اغ",7,0,0,1,"ثانوي","ثااغي"
130,"first_blank","first_blank-ثا","ثا",1,36,"first_blank-ضع","ضع",36,0,0,1,"ثانيا","ضعنيا"
247,"first_blank","first_blank-ثق","ثق",1,36,"first_blank-كش","كش",36,0,0,1,"ثقيل","كشيل"
249,"ثو","ثو-م","م",1,2,"ـه-م","ـه",2,0,0,1,"ثوم","ـهم"
780,"جا","جا-ف","ف",1,2,"تي-ف","تي",2,0,0,1,"جاف","تيف"
217,"هز","هز-last_blank","last_blank",1,12,"te-last_blank","te",12,0,0,1,"جاهز","جاte"
335,"first_blank","first_blank-جد","جد",1,77,"first_blank-طل","طل",77,0,0,1,"جد","طل"
721,"ول","ول-last_blank","last_blank",1,233,"بي-last_blank","بي",233,0,0,1,"جدول","جدبي"
214,"جر","جر-ح","ح",1,4,"قي-ح","قي",4,0,0,1,"جرح","قيح"
701,"جر","جر-س","س",1,2,"اد-س","اد",2,0,0,1,"جرس","ادس"
376,"جر","جر-عة","عة",1,2,"طن-عة","طن",2,0,0,1,"جرعة","طنعة"
708,"جس","جس-م ","م ",1,1,"جس-نا","نا",1,0,0,1,"جسم غامض","جسناغامض"
102,"جل","جل-ال","ال",1,8,"يز-ال","يز",8,0,0,1,"جلالة","يزالة"
38,"جل","جل-د","د",1,3,"لو-د","لو",3,0,0,1,"جلد","لود"
844,"first_blank","first_blank-جم","جم",1,108,"first_blank-وإ","وإ",108,0,0,1,"جمع","وإع"
348,"يل","يل-ة","ة",1,70,"دي-ة","دي",70,0,0,1,"جميلة","جمدية"
76,"جن","جن-ة","ة",1,7,"ئق-ة","ئق",7,0,0,1,"جنة","ئقة"
801,"جن","جن-دي","دي",1,8,"تأ-دي","تأ",8,0,0,1,"جندي","تأدي"
728,"لو","لو-اء","اء",1,2,"زل-اء","زل",2,0,0,1,"جنرال لواء","جنرال زلاء"
544,"جن","جن-وب","وب",1,12,"جن-ائ","ائ",12,0,0,1,"جنوب","جنائ"
626,"first_blank","first_blank-جن","جن",1,100,"first_blank-كم","كم",100,0,0,1,"جنون","كمون"
423,"جن","جن-يه","يه",1,5,"عت-يه","عت",5,0,0,1,"جنيه","عتيه"
636,"first_blank","first_blank-جه","جه",1,43,"first_blank-شف","شف",43,0,0,1,"جهل","شفل"
609,"first_blank","first_blank-جو","جو",1,196,"first_blank-كر","كر",196,0,0,1,"جوع","كرع"
373,"جو","جو-لة","لة",1,6,"زا-لة","زا",6,0,0,1,"جولة","زالة"
314,"جو","جو-لف","لف",1,3,"جو-ائ","ائ",3,0,0,1,"جولف","جوائ"
527,"جي","جي-ب","ب",1,8,"تك-ب","تك",7,1,0,1,"جيب","تكب"
516,"جي","جي-د","د",1,3,"قع-د","قع",3,0,0,1,"جيد","قعد"
515,"ئط","ئط-last_blank","last_blank",1,5,"nt-last_blank","nt",5,0,0,1,"حائط","حاnt"
357,"دث","دث-ة","ة",1,7,"رح-ة","رح",7,0,0,1,"حادثة","حارحة"
422,"رس","رس-last_blank","last_blank",1,83,"كا-last_blank","كا",83,0,0,1,"حارس","حاكا"
725,"ضر","ضر-last_blank","last_blank",1,26,"قق-last_blank","قق",26,0,0,1,"حاضر","حاقق"
184,"حا","حا-لي","لي",1,7,"ثو-لي","ثو",7,0,0,1,"حاليا","ثوليا"
853,"حا","حا-نة","نة",1,3,"حا-يا","يا",3,0,0,1,"حانة","حايا"
277,"يث","يث-last_blank","last_blank",1,35,"دن-last_blank","دن",35,0,0,1,"حديث","حددن"
664,"first_blank","first_blank-حد","حد",1,77,"first_blank-طل","طل",77,0,0,1,"حديد","طليد"
525,"ة ","ة -حي","حي",1,1,"رم-حي","رم",1,0,0,1,"حديقة حيوان","حديقرمحيوان"
364," ط"," ط-وي","وي",1,1,"فر-وي","فر",1,0,0,1,"حذاء طويل","حذاءفرويل"
857,"حر","حر-ب","ب",1,3,"قو-ب","قو",3,0,0,1,"حرب","قوب"
519,"حر","حر-ج","ج",1,4,"ائ-ج","ائ",3,1,0,1,"حرج","ائج"
104,"حر","حر-ف","ف",1,9,"تش-ف","تش",9,0,0,1,"حرف","تشف"
617,"في","في-ا","ا",1,20,"اذ-ا","اذ",20,0,0,1,"حرفيا","حراذا"
776,"حز","حز-ين","ين",1,9,"رق-ين","رق",9,0,0,1,"حزين","رقين"
508,"حس","حس-اء","اء",1,3,"لي-اء","لي",3,0,0,1,"حساء","لياء"
969,"ن ","ن -ال","ال",1,1,"إع-ال","إع",1,0,0,1,"حسن الضيافة","حسإعالضيافة"
909,"first_blank","first_blank-حس","حس",1,134,"first_blank-يف","يف",133,1,0,1,"حسنا","يفنا"
82,"first_blank","first_blank-حض","حض",1,43,"first_blank-آن","آن",43,0,0,1,"حضاره","آناره"
638,"first_blank","first_blank-حض","حض",1,43,"first_blank-آن","آن",43,0,0,1,"حضور","آنور"
416,"حف","حف-ر","ر",1,5,"خا-ر","خا",5,0,0,1,"حفر","خار"
4,"first_blank","first_blank-حف","حف",1,57,"first_blank-كب","كب",57,0,0,1,"حفيد","كبيد"
377,"يب","يب-ة","ة",1,40,"حي-ة","حي",39,1,0,1,"حقيبة","حقحية"
507,"حل","حل-زو","زو",1,3,"حل-ات","ات",3,0,0,1,"حلزون","حلاتن"
458,"first_blank","first_blank-حل","حل",1,84,"first_blank-تز","تز",84,0,0,1,"حلق","تزق"
336,"first_blank","first_blank-حل","حل",1,84,"first_blank-طب","طب",84,0,0,1,"حلو","طبو"
732,"حل","حل-وى","وى",1,3,"حل-ين","ين",3,0,0,1,"حلوى","حلين"
606,"حل","حل-يب","يب",1,6,"حل-ام","ام",6,0,0,1,"حليب","حلام"
368,"حم","حم-ار","ار",1,6,"شر-ار","شر",6,0,0,1,"حمار","شرار"
539,"first_blank","first_blank-حم","حم",1,114,"first_blank-لس","لس",114,0,0,1,"حماس","لساس"
63,"first_blank","first_blank-حم","حم",1,114,"first_blank-لس","لس",114,0,0,1,"حمل","لسل"
509,"هن","هن-ية","ية",1,1,"شو-ية","شو",1,0,0,1,"حياة مهنية","حياة مشوية"
30,"تم","تم-ة","ة",1,8,"ذب-ة","ذب",8,0,0,1,"خاتمة","خاذبة"
387,"رج","رج-last_blank","last_blank",1,73,"كس-last_blank","كس",72,1,0,1,"خارج","خاكس"
408," ل"," ل-لع","لع",1,1,"نخ-لع","نخ",1,0,0,1,"خارق للعادة","خارقنخلعادة"
654,"first_blank","first_blank-خا","خا",1,163,"first_blank-مب","مب",162,1,0,1,"خاص","مبص"
552,"صي","صي-ة","ة",1,13,"يط-ة","يط",13,0,0,1,"خاصية","خايطة"
569,"ظل","ظل-م","م",1,3,"شا-م","شا",3,0,0,1,"خاطئ - ظلم - يظلم","خاطئ  ظلم  يشام"
143,"first_blank","first_blank-خب","خب",1,40,"first_blank-غل","غل",40,0,0,1,"خبرة","غلرة"
737,"خب","خب-ز ","ز ",1,1,"خب-ون","ون",1,0,0,1,"خبز محمص","خبونمحمص"
785,"خب","خب-ير","ير",1,6,"فج-ير","فج",6,0,0,1,"خبير","فجير"
74,"first_blank","first_blank-خت","خت",1,5,"first_blank-ro","ro",5,0,0,1,"ختم","roم"
716,"first_blank","first_blank-خد","خد",1,71,"first_blank-غي","غي",71,0,0,1,"خدش","غيش"
179,"خر","خر-اف","اف",1,11,"خر-وج","وج",11,0,0,1,"خرافة","خروجة"
815,"first_blank","first_blank-خر","خر",1,60,"first_blank-هد","هد",60,0,0,1,"خروج","هدوج"
806,"first_blank","first_blank-خز","خز",1,23,"first_blank-فم","فم",23,0,0,1,"خزان","فمان"
399,"first_blank","first_blank-خز","خز",1,23,"first_blank-يث","يث",23,0,0,1,"خزانة","يثانة"
400,"خط","خط-أ","أ",1,3,"جر-أ","جر",3,0,0,1,"خطأ","جرأ"
401,"first_blank","first_blank-خط","خط",1,156,"first_blank-عل","عل",156,0,0,1,"خطاب","علاب"
211,"خط","خط-ة","ة",1,3,"لث-ة","لث",3,0,0,1,"خطة","لثة"
10,"خط","خط-ف","ف",1,3,"يو-ف","يو",3,0,0,1,"خطف","يوف"
868,"خط","خط-ير","ير",1,9,"ست-ير","ست",9,0,0,1,"خطير","ستير"
289,"خل","خل-ق","ق",1,5,"تن-ق","تن",5,0,0,1,"خلق","تنق"
97,"خل","خل-ية","ية",1,4,"رف-ية","رف",4,0,0,1,"خلية - زنزانة","رفية  زنزانة"
530,"خم","خم-ر","ر",1,3,"كت-ر","كت",3,0,0,1,"خمر","كتر"
684,"ذة","ذة-last_blank","last_blank",1,31,"شى-last_blank","شى",31,0,0,1,"خوذة","خوشى"
12,"first_blank","first_blank-خي","خي",1,73,"first_blank-وه","وه",73,0,0,1,"خيار","وهار"
202,"first_blank","first_blank-خي","خي",1,73,"first_blank-رف","رف",73,0,0,1,"خيال","رفال"
792,"ئر","ئر-ة","ة",1,10,"ظم-ة","ظم",10,0,0,1,"دائرة","داظمة"
234,"ئم","ئم-ا","ا",1,6,"ءن-ا","ءن",6,0,0,1,"دائما","داءنا"
393,"خل","خل-ي","ي",1,12,"رم-ي","رم",12,0,0,1,"داخلي","دارمي"
424,"ر ","ر -ال","ال",1,1,"إذ-ال","إذ",1,0,0,1,"دار الأيتام","داإذالأيتام"
233,"فئ","فئ-last_blank","last_blank",1,11,"رغ-last_blank","رغ",11,0,0,1,"دافئ","دارغ"
427,"first_blank","first_blank-دج","دج",1,6,"first_blank-كض","كض",6,0,0,1,"دجاج","كضاج"
521,"first_blank","first_blank-دخ","دخ",1,34,"first_blank-ضح","ضح",34,0,0,1,"دخان","ضحان"
729,"در","در-ام","ام",1,11,"تح-ام","تح",11,0,0,1,"دراما","تحاما"
467,"first_blank","first_blank-در","در",1,115,"first_blank-طا","طا",115,0,0,1,"دراماتيكي","طااماتيكي"
414,"در","در-ع","ع",1,2,"تج-ع","تج",2,0,0,1,"درع","تجع"
421,"first_blank","first_blank-دش","دش",1,3,"first_blank-هؤ","هؤ",3,0,0,1,"دش","هؤ"
533,"first_blank","first_blank-دف","دف",1,61,"first_blank-عش","عش",61,0,0,1,"دفع","عشع"
366,"first_blank","first_blank-دق","دق",1,22,"first_blank-يظ","يظ",22,0,0,1,"دقيق او حساس","يظيق او حساس"
575,"تو","تو-ر ","ر ",1,1,"تو-تس","تس",1,0,0,1,"دكتور جراح","دكتوتسجراح"
418,"دل","دل-يل","يل",1,8,"اص-يل","اص",8,0,0,1,"دليل","اصيل"
65,"دم","دم-last_blank","last_blank",1,82,"عك-last_blank","عك",82,0,0,1,"دم","عك"
987,"دم","دم-عة","عة",1,2,"تف-عة","تف",2,0,0,1,"دمعة","تفعة"
114,"first_blank","first_blank-دو","دو",1,190,"first_blank-وق","وق",190,0,0,1,"دولي","وقلي"
672,"دي","دي- ف"," ف",1,1,"دي-تي","تي",1,0,0,1,"دي في دي","ديتيي دي"
621,"نو","نو-ية","ية",1,5,"دا-ية","دا",5,0,0,1,"ذكرى سنوية","ذكرى سداية"
435,"ذك","ذك-ي","ي",1,2,"ئل-ي","ئل",2,0,0,1,"ذكي","ئلي"
657,"first_blank","first_blank-ذه","ذه",1,43,"first_blank-وز","وز",43,0,0,1,"ذهبي","وزبي"
52,"first_blank","first_blank-ذو","ذو",1,14,"first_blank-رخ","رخ",14,0,0,1,"ذو قيمة","رخ قيمة"
818,"س ","س -ال","ال",1,1,"لك-ال","لك",1,0,0,1,"رأس المال","رألكالمال"
227,"رأ","رأ-ي","ي",1,6,"سب-ي","سب",6,0,0,1,"رأي","سبي"
585," ف"," ف-ضا","ضا",1,1,"عو-ضا","عو",1,0,0,1,"رائد فضاء","رائدعوضاء"
349,"ئع","ئع-last_blank","last_blank",1,12,"قظ-last_blank","قظ",12,0,0,1,"رائع","راقظ"
444," ت"," ت-قا","قا",1,1,"لد-قا","لد",1,0,0,1,"راتب تقاعد","راتبلدقاعد"
989,"حة","حة-last_blank","last_blank",1,118,"وس-last_blank","وس",118,0,0,1,"راحة","راوس"
717,"را","را-حه","حه",1,4,"را-ضك","ضك",4,0,0,1,"راحه","راضك"
47,"را","را-دا","دا",1,9,"اح-دا","اح",9,0,0,1,"رادار","احدار"
500,"را","را-ضي","ضي",1,12,"را-جه","جه",12,0,0,1,"راضي","راجه"
459,"قص","قص-ة","ة",1,11,"يك-ة","يك",11,0,0,1,"راقصة","رايكة"
481,"كب","كب-last_blank","last_blank",1,28,"لص-last_blank","لص",28,0,0,1,"راكب","رالص"
712,"هب","هب-last_blank","last_blank",1,46,"طي-last_blank","طي",46,0,0,1,"راهب","راطي"
523,"first_blank","first_blank-رب","رب",1,66,"first_blank-شع","شع",66,0,0,1,"رب","شع"
58,"first_blank","first_blank-رب","رب",1,66,"first_blank-اض","اض",66,0,0,1,"ربح","اضح"
446,"رب","رب-ط","ط",1,4,"طو-ط","طو",4,0,0,1,"ربط","طوط"
37,"رج","رج-ل","ل",1,6,"اض-ل","اض",6,0,0,1,"رجل","اضل"
190,"رس","رس-م","م",1,4,"عو-م","عو",4,0,0,1,"رسم","عوم"
2,"first_blank","first_blank-رش","رش",1,28,"first_blank-هم","هم",28,0,0,1,"رشوة","هموة"
502,"رص","رص-ين","ين",1,3,"تج-ين","تج",3,0,0,1,"رصين","تجين"
962,"first_blank","first_blank-رع","رع",1,17,"first_blank-نأ","نأ",17,0,0,1,"رعب","نأب"
457,"رغ","رغ-بة","بة",1,3,"قو-بة","قو",3,0,0,1,"رغبة","قوبة"
332,"يف","يف- ا"," ا",1,1,"يف-رض","رض",1,0,0,1,"رغيف الخبز","رغيفرضلخبز"
686,"first_blank","first_blank-رف","رف",1,73,"first_blank-يط","يط",73,0,0,1,"رفض","يطض"
350,"رق","رق-اق","اق",1,5,"تل-اق","تل",5,0,0,1,"رقاقة","تلاقة"
619,"first_blank","first_blank-رق","رق",1,51,"first_blank-إص","إص",51,0,0,1,"رقم","إصم"
476,"رك","رك-ن","ن",1,5,"ــ-ن","ــ",5,0,0,1,"ركن","ــن"
730,"first_blank","first_blank-رم","رم",1,58,"first_blank-كأ","كأ",58,0,0,1,"رم","كأ"
291,"first_blank","first_blank-رم","رم",1,58,"first_blank-أز","أز",58,0,0,1,"رماد","أزاد"
182,"ره","ره-ين","ين",1,8,"لا-ين","لا",8,0,0,1,"رهينة","لاينة"
465,"first_blank","first_blank-رو","رو",1,225,"first_blank-وج","وج",225,0,0,1,"روح","وجح"
455,"رو","رو-دي","دي",1,5,"رو-سة","سة",5,0,0,1,"روديو","روسةو"
158,"first_blank","first_blank-رو","رو",1,225,"first_blank-وج","وج",225,0,0,1,"رومان","وجمان"
354,"مي","مي-و","و",1,2,"كر-و","كر",2,0,0,1,"روميو","روكرو"
879,"رو","رو-يا","يا",1,2,"لف-يا","لف",2,0,0,1,"رويال","لفيال"
591,"first_blank","first_blank-ري","ري",1,155,"first_blank-هو","هو",155,0,0,1,"ريح","هوح"
903,"first_blank","first_blank-زا","زا",1,58,"first_blank-أز","أز",58,0,0,1,"زائد","أزئد"
473,"first_blank","first_blank-زج","زج",1,11,"first_blank-ذب","ذب",11,0,0,1,"زجاج","ذباج"
558,"first_blank","first_blank-زر","زر",1,26,"first_blank-عظ","عظ",26,0,0,1,"زر","عظ"
603,"first_blank","first_blank-زو","زو",1,76,"first_blank-تذ","تذ",76,0,0,1,"زوج","تذج"
404,"first_blank","first_blank-زي","زي",1,56,"first_blank-حص","حص",56,0,0,1,"زيادة","حصادة"
974,"first_blank","first_blank-سؤ","سؤ",1,13,"first_blank-ظر","ظر",13,0,0,1,"سؤال","ظرال"
767,"بق","بق-ا","ا",1,6,"رس-ا","رس",6,0,0,1,"سابقا","سارسا"
488,"ذج","ذج-last_blank","last_blank",1,4,"وغ-last_blank","وغ",4,0,0,1,"ساذج","ساوغ"
928,"ند","ند-وي","وي",1,3,"ند-مر","مر",3,0,0,1,"ساندويتش","ساندمرتش"
33,"تم","تم-بر","بر",1,1,"تم-زج","زج",1,0,0,1,"سبتمبر","سبتمزج"
295,"first_blank","first_blank-سج","سج",1,51,"first_blank-رق","رق",51,0,0,1,"سجل","رقل"
344,"سح","سح-ر","ر",1,3,"اع-ر","اع",3,0,0,1,"سحر","اعر"
487,"سخ","سخ-ري","ري",1,6,"يس-ري","يس",6,0,0,1,"سخرية","يسرية"
491,"first_blank","first_blank-سخ","سخ",1,25,"first_blank-عذ","عذ",25,0,0,1,"سخيف","عذيف"
166,"سر","سر-last_blank","last_blank",1,51,"ـي-last_blank","ـي",51,0,0,1,"سر","ـي"
464,"سر","سر-قة","قة",1,3,"اد-قة","اد",3,0,0,1,"سرقة","ادقة"
384,"first_blank","first_blank-سع","سع",1,48,"first_blank-قض","قض",48,0,0,1,"سعال","قضال"
943,"first_blank","first_blank-سف","سف",1,51,"first_blank-مذ","مذ",51,0,0,1,"سفير","مذير"
832,"رت","رت-ير","ير",1,12,"رت-اح","اح",12,0,0,1,"سكرتير","سكرتاح"
505," ا"," ا-لف","لف",1,1,"يخ-لف","يخ",1,0,0,1,"سلاح الفرسان","سلاحيخلفرسان"
223,"ة ","ة -حا","حا",1,1,"مم-حا","مم",1,0,0,1,"سلالة حاكمة","سلالممحاكمة"
361,"سل","سل-ة","ة",1,13,"صي-ة","صي",13,0,0,1,"سلسلة","سلصية"
688,"first_blank","first_blank-سم","سم",1,140,"first_blank-اص","اص",140,0,0,1,"سم","اص"
101,"سم","سم-اء","اء",1,8,"خف-اء","خف",8,0,0,1,"سماء","خفاء"
67,"first_blank","first_blank-سم","سم",1,140,"first_blank-اص","اص",140,0,0,1,"سمع","اصع"
510,"قر","قر-ش","ش",1,2,"شا-ش","شا",2,0,0,1,"سمك القرش","سمك الشاش"
824,"سن","سن- ا"," ا",1,1,"سن-ذه","ذه",1,0,0,1,"سن المراهقة","سنذهلمراهقة"
88,"سن","سن-جا","جا",1,3,"سن-ون","ون",3,0,0,1,"سنجاب","سنونب"
90,"سو","سو-بر","بر",1,5,"خت-بر","خت",5,0,0,1,"سوبرمان","ختبرمان"
828,"سو","سو-ف","ف",1,5,"يا-ف","يا",5,0,0,1,"سوف","ياف"
750,"ة ","ة -اج","اج",1,1,"او-اج","او",1,0,0,1,"سيارة اجره","سياراواجره"
927,"ار","ار-ه ","ه ",1,1,"ار-حك","حك",1,0,0,1,"سياره اسعاف","سيارحكاسعاف"
520,"اس","اس-ات","ات",1,14,"كر-ات","كر",14,0,0,1,"سياسات","سيكرات"
503,"سي","سي-ف","ف",1,3,"فو-ف","فو",3,0,0,1,"سيف","فوف"
340,"سي","سي-ن","ن",1,37,"ائ-ن","ائ",19,18,0,1,"سين","ائن"
837,"نم","نم-ا","ا",1,12,"يت-ا","يت",12,0,0,1,"سينما","سييتا"
480,"first_blank","first_blank-شا","شا",1,210,"first_blank-أص","أص",210,0,0,1,"شارة","أصرة"
823,"شة","شة-last_blank","last_blank",1,31,"ـر-last_blank","ـر",31,0,0,1,"شاشة","شاـر"
486,"شا","شا-طئ","طئ",1,5,"شا-غر","غر",5,0,0,1,"شاطئ بحر","شاغر بحر"
709,"عر","عر-last_blank","last_blank",1,39,"ـد-last_blank","ـد",39,0,0,1,"شاعر","شاـد"
543,"شا","شا-كر","كر",1,6,"شا-في","في",6,0,0,1,"شاكر","شافي"
201,"شا","شا-وي","وي",1,1,"إد-وي","إد",1,0,0,1,"شاويش","إدويش"
826,"first_blank","first_blank-شب","شب",1,40,"first_blank-فن","فن",40,0,0,1,"شباب","فناب"
151," ا"," ا-لا","لا",1,1,"جد-لا","جد",1,0,0,1,"شبكة الاتصال","شبكةجدلاتصال"
308,"first_blank","first_blank-شج","شج",1,29,"first_blank-فح","فح",29,0,0,1,"شجاعة","فحاعة"
652,"شخ","شخ-ص","ص",1,3,"لي-ص","لي",3,0,0,1,"شخص","ليص"
386,"first_blank","first_blank-شخ","شخ",1,32,"first_blank-اث","اث",32,0,0,1,"شخصي","اثصي"
829,"شر","شر-اء","اء",1,5,"شر-ون","ون",5,0,0,1,"شراء","شرون"
339,"first_blank","first_blank-شر","شر",1,174,"first_blank-تك","تك",174,0,0,1,"شرط","تكط"
535,"شر","شر-ف","ف",1,7,"ظي-ف","ظي",7,0,0,1,"شرف","ظيف"
766,"كة","كة-last_blank","last_blank",1,65,"عب-last_blank","عب",65,0,0,1,"شركة","شرعب"
391,"يح","يح-ة","ة",1,22,"رد-ة","رد",22,0,0,1,"شريحة","شرردة"
124,"شر","شر-ير","ير",1,8,"جز-ير","جز",8,0,0,1,"شرير","جزير"
616,"شر","شر-يف","يف",1,7,"صح-يف","صح",7,0,0,1,"شريف","صحيف"
698,"first_blank","first_blank-شظ","شظ",1,2,"first_blank-يئ","يئ",2,0,0,1,"شظية","يئية"
738,"first_blank","first_blank-شع","شع",1,66,"first_blank-رب","رب",66,0,0,1,"شعر","ربر"
821,"شع","شع-ير","ير",1,6,"أد-ير","أد",6,0,0,1,"شعيرة","أديرة"
396,"first_blank","first_blank-شف","شف",1,43,"first_blank-تظ","تظ",43,0,0,1,"شفة","تظة"
839,"شك","شك-last_blank","last_blank",1,18,"ئق-last_blank","ئق",18,0,0,1,"شك","ئق"
212,"first_blank","first_blank-شك","شك",1,54,"first_blank-إف","إف",54,0,0,1,"شكل","إفل"
7,"وى","وى-last_blank","last_blank",1,77,"فا-last_blank","فا",77,0,0,1,"شكوى","شكفا"
218,"شن","شن-قا","قا",1,1,"رت-قا","رت",1,0,0,1,"شنقا","رتقا"
784,"اد","اد-ة ","ة ",1,1,"اد-ئك","ئك",1,0,0,1,"شهادة دبلوم","شهادئكدبلوم"
176,"شه","شه-ر","ر",1,4,"تل-ر","تل",4,0,0,1,"شهر","تلر"
426,"نو","نو-فم","فم",1,1,"نو-تر","تر",1,0,0,1,"شهر نوفمبر","شهر نوتربر"
343,"first_blank","first_blank-شي","شي",1,135,"first_blank-نو","نو",135,0,0,1,"شيء","نوء"
932,"شي","شي-رل","رل",1,3,"شي-ئي","ئي",3,0,0,1,"شيرلوك","شيئيوك"
554,"صا","صا-رو","رو",1,8,"ست-رو","ست",8,0,0,1,"صاروخ","ستروخ"
856," ع"," ع-رض","رض",1,1,"تف-رض","تف",1,0,0,1,"صالة عرض","صالةتفرض"
110,"مت","مت-ة","ة",1,2,"زج-ة","زج",2,0,0,1,"صامتة","صازجة"
472,"صب","صب-ور","ور",1,4,"لأ-ور","لأ",4,0,0,1,"صبور","لأور"
155,"first_blank","first_blank-صح","صح",1,55,"first_blank-رك","رك",55,0,0,1,"صحراء","ركراء"
748,"صح","صح-ن","ن",1,2,"كر-ن","كر",2,0,0,1,"صحن","كرن"
378,"first_blank","first_blank-صح","صح",1,55,"first_blank-رك","رك",55,0,0,1,"صحيح","ركيح"
367,"صخ","صخ-ر","ر",1,2,"ـا-ر","ـا",2,0,0,1,"صخر","ـار"
862,"صد","صد-ئ","ئ",1,1,"نب-ئ","نب",1,0,0,1,"صدئ","نبئ"
816," د"," د-را","را",1,1,"سح-را","سح",1,0,0,1,"صف دراسي","صفسحراسي"
316,"صم","صم-ام","ام",1,4,"حو-ام","حو",4,0,0,1,"صمام","حوام"
28,"صن","صن-اع","اع",1,19,"تط-اع","تط",19,0,0,1,"صناعة","تطاعة"
731,"first_blank","first_blank-صن","صن",1,57,"first_blank-طو","طو",57,0,0,1,"صندوق","طودوق"
661,"first_blank","first_blank-صن","صن",1,57,"first_blank-حف","حف",57,0,0,1,"صنع","حفع"
747,"صو","صو-ت ","ت ",1,1,"صو-بت","بت",1,0,0,1,"صوت بشري","صوبتبشري"
568,"first_blank","first_blank-صو","صو",1,69,"first_blank-اغ","اغ",69,0,0,1,"صورة","اغرة"
144,"first_blank","first_blank-ضح","ضح",1,34,"first_blank-جب","جب",34,0,0,1,"ضحية","جبية"
98,"ضر","ضر-بة","بة",1,3,"ضر-تك","تك",3,0,0,1,"ضربة جزاء","ضرتك جزاء"
713,"first_blank","first_blank-ضغ","ضغ",1,15,"first_blank-sh","sh",15,0,0,1,"ضغط عصبى","shط عصبى"
490,"first_blank","first_blank-ضف","ضف",1,7,"first_blank-ــ","ــ",7,0,0,1,"ضفدع","ــدع"
977,"first_blank","first_blank-ضم","ضم",1,28,"first_blank-آخ","آخ",28,0,0,1,"ضمان","آخان"
934,"ضي","ضي-ق","ق",1,2,"تز-ق","تز",2,0,0,1,"ضيق","تزق"
278,"طا","طا-زج","زج",1,6,"طا-قا","قا",6,0,0,1,"طازج","طاقا"
935,"عو","عو-ن","ن",1,66,"في-ن","في",66,0,0,1,"طاعون","طافين"
501,"first_blank","first_blank-طا","طا",1,115,"first_blank-در","در",115,0,0,1,"طاقم","درقم"
860," ع"," ع-لم","لم",1,1,"كك-لم","كك",1,0,0,1,"طالب علم","طالبككلم"
874,"تب","تب-last_blank","last_blank",1,28,"اث-last_blank","اث",28,0,0,1,"طاولة مكتب","طاولة مكاث"
499,"طب","طب-قة","قة",1,3,"طب-اء","اء",3,0,0,1,"طبقة","طباء"
910,"first_blank","first_blank-طب","طب",1,84,"first_blank-تز","تز",84,0,0,1,"طبي","تزي"
846,"first_blank","first_blank-طب","طب",1,84,"first_blank-تز","تز",84,0,0,1,"طبيعي","تزيعي"
852,"first_blank","first_blank-طر","طر",1,89,"first_blank-لش","لش",89,0,0,1,"طرفية","لشفية"
112,"يق","يق-last_blank","last_blank",1,121,"تم-last_blank","تم",121,0,0,1,"طريق","طرتم"
309,"first_blank","first_blank-طر","طر",1,89,"first_blank-يه","يه",89,0,0,1,"طريقة","يهيقة"
580,"first_blank","first_blank-طف","طف",1,45,"first_blank-إه","إه",45,0,0,1,"طفل","إهل"
478,"first_blank","first_blank-طل","طل",1,77,"first_blank-إق","إق",77,0,0,1,"طلاق","إقاق"
739,"مذ","مذ-اق","اق",1,6,"حل-اق","حل",6,0,0,1,"طيب المذاق","طيب الحلاق"
462,"first_blank","first_blank-طي","طي",1,32,"first_blank-إض","إض",32,0,0,1,"طين","إضن"
363,"هر","هر-ة","ة",1,20,"رع-ة","رع",20,0,0,1,"ظاهرة","ظارعة"
411,"first_blank","first_blank-ظل","ظل",1,16,"first_blank-طم","طم",16,0,0,1,"ظل","طم"
643,"first_blank","first_blank-ظل","ظل",1,16,"first_blank-be","be",16,0,0,1,"ظلم","beم"
587,"جز","جز-last_blank","last_blank",1,32,"صي-last_blank","صي",32,0,0,1,"عاجز","عاصي"
360,"عا","عا-جل","جل",1,6,"عا-ية","ية",6,0,0,1,"عاجل","عاية"
129,"عا","عا-دي","دي",1,13,"عا-ون","ون",14,1,0,1,"عادي","عاون"
341,"first_blank","first_blank-عا","عا",1,285,"first_blank-أل","أل",286,1,0,1,"عامل","ألمل"
641,"عج","عج-ز","ز",1,2,"ور-ز","ور",2,0,0,1,"عجز","ورز"
365,"first_blank","first_blank-عد","عد",1,78,"first_blank-مث","مث",78,0,0,1,"عدد","مثد"
24,"د ","د -ال","ال",1,1,"اط-ال","اط",1,0,0,1,"عدد السكان","عداطالسكان"
599,"عد","عد-يم","يم",1,8,"عد-تن","تن",8,0,0,1,"عديم الفائدة","عدتن الفائدة"
303,"عذ","عذ-اب","اب",1,5,"أس-اب","أس",5,0,0,1,"عذاب","أساب"
978,"first_blank","first_blank-عر","عر",1,117,"first_blank-يص","يص",117,0,0,1,"عرض","يصض"
517,"تص","تص-ر ","ر ",1,1,"تص-بر","بر",1,0,0,1,"عرض مختصر لفيلم","عرض مختصبرلفيلم"
471,"عس","عس-ل","ل",1,2,"اء-ل","اء",2,0,0,1,"عسل","اءل"
264,"عش","عش-last_blank","last_blank",1,8,"هض-last_blank","هض",8,0,0,1,"عش","هض"
43,"ير","ير-ة ","ة ",1,1,"ير-كل","كل",1,0,0,1,"عشيرة - قبيلة","عشيركل قبيلة"
590,"first_blank","first_blank-عش","عش",1,61,"first_blank-دف","دف",61,0,0,1,"عشيقة","دفيقة"
529,"عص","عص-ا","ا",1,2,"ءه-ا","ءه",2,0,0,1,"عصا","ءها"
798,"first_blank","first_blank-عص","عص",1,52,"first_blank-ضر","ضر",52,0,0,1,"عصابة","ضرابة"
607,"عص","عص-ب","ب",1,4,"تخ-ب","تخ",4,0,0,1,"عصب","تخب"
71,"عص","عص-ري","ري",1,5,"ته-ري","ته",5,0,0,1,"عصري","تهري"
842,"لل","لل-يم","يم",1,3,"لل-أط","أط",3,0,0,1,"عصير الليمون","عصير اللأطون"
474,"عض","عض-و","و",1,2,"اج-و","اج",2,0,0,1,"عضو","اجو"
345,"first_blank","first_blank-عظ","عظ",1,26,"first_blank-دب","دب",26,0,0,1,"عظم","دبم"
276,"first_blank","first_blank-عق","عق",1,70,"first_blank-فع","فع",70,0,0,1,"عقبة","فعبة"
6,"first_blank","first_blank-عق","عق",1,70,"first_blank-اغ","اغ",69,1,0,1,"عقد","اغد"
592,"عق","عق-لي","لي",1,7,"جا-لي","جا",7,0,0,1,"عقلي","جالي"
611,"first_blank","first_blank-عك","عك",1,10,"first_blank-دس","دس",10,0,0,1,"عكس","دسس"
612," ن"," ن-فس","فس",1,1,"بت-فس","بت",1,0,0,1,"علاج نفسي","علاجبتفسي"
560,"first_blank","first_blank-عل","عل",1,156,"first_blank-خط","خط",156,0,0,1,"علاقة","خطاقة"
788,"ة ","ة -مر","مر",1,1,"بإ-مر","بإ",1,0,0,1,"علامة مرض","علامبإمرض"
326,"عل","عل-او","او",1,5,"عل-مى","مى",5,0,0,1,"علاوة","علمىة"
461,"first_blank","first_blank-عل","عل",1,156,"first_blank-خط","خط",156,0,0,1,"علم","خطم"
791,"حي","حي-اة","اة",1,3,"او-اة","او",3,0,0,1,"على قيد الحياة","على قيد الاواة"
917,"س ","س -ال","ال",1,1,"وذ-ال","وذ",1,0,0,1,"على نفس المنوال","على نفوذالمنوال"
564," ق"," ق-دي","دي",1,1,"حد-دي","حد",1,0,0,1,"عمر او قديم","عمر اوحدديم"
417,"عم","عم-يد","يد",1,3,"غر-يد","غر",3,0,0,1,"عميد","غريد"
108,"صر","صر-ي","ي",1,3,"دق-ي","دق",3,0,0,1,"عنصري","عندقي"
194,"عن","عن-يد","يد",1,7,"زا-يد","زا",7,0,0,1,"عنيد","زايد"
454,"عي","عي-ار","ار",1,3,"أب-ار","أب",3,0,0,1,"عيار","أبار"
999,"د ","د -ال","ال",1,1,"طل-ال","طل",1,0,0,1,"عيد الميلاد","عيطلالميلاد"
170,"first_blank","first_blank-عي","عي",1,77,"first_blank-جد","جد",77,0,0,1,"عين","جدن"
622,"غا","غا-بة","بة",1,3,"غا-ئه","ئه",3,0,0,1,"غابة","غائه"
286,"first_blank","first_blank-غا","غا",1,120,"first_blank-نح","نح",120,0,0,1,"غادر","نحدر"
157,"first_blank","first_blank-غا","غا",1,120,"first_blank-نح","نح",120,0,0,1,"غاز","نحز"
298,"first_blank","first_blank-غا","غا",1,120,"first_blank-إر","إر",120,0,0,1,"غالبية","إرلبية"
450,"لث","لث-من","من",1,1,"سو-من","سو",1,0,0,1,"غالي الثمن","غالي اسومن"
556,"غد","غد-ا","ا",1,1,"دح-ا","دح",1,0,0,1,"غدا","دحا"
937,"first_blank","first_blank-غذ","غذ",1,10,"first_blank-عك","عك",10,0,0,1,"غذاء","عكاء"
536,"غر","غر-ب","ب",1,6,"او-ب","او",6,0,0,1,"غرب","اوب"
649,"وب","وب- ا"," ا",1,1,"وب-نه","نه",1,0,0,1,"غروب الشمس","غروبنهلشمس"
59,"يز","يز-ه","ه",1,7,"ئد-ه","ئد",7,0,0,1,"غريزه","غرئده"
922,"غز","غز-و","و",1,3,"لب-و","لب",3,0,0,1,"غزو","لبو"
635,"first_blank","first_blank-غض","غض",1,14,"first_blank-ضب","ضب",14,0,0,1,"غضب","ضبب"
897,"first_blank","first_blank-غن","غن",1,21,"first_blank-خم","خم",21,0,0,1,"غنيمة","خميمة"
679,"اص","اص-ة","ة",1,18,"طر-ة","طر",18,0,0,1,"غواصة","غوطرة"
682,"first_blank","first_blank-غي","غي",1,71,"first_blank-خد","خد",71,0,0,1,"غير شرعي","خدر شرعي"
633,"عا","عا-دي","دي",1,13,"ته-دي","ته",13,0,0,1,"غير عادي","غير تهدي"
787,"ر ","ر -مر","مر",1,1,"يث-مر","يث",1,0,0,1,"غير مرتبطة","غييثمرتبطة"
640,"ر ","ر -مر","مر",1,1,"وب-مر","وب",1,0,0,1,"غير مريح","غيوبمريح"
514,"غي","غي-ر ","ر ",1,1,"غي-بة","بة",1,0,0,1,"غير ممكن","غيبةممكن"
642,"ر ","ر -من","من",1,1,"قو-من","قو",1,0,0,1,"غير منطقى","غيقومنطقى"
571,"غي","غي-م","م",1,1,"قر-م","قر",1,0,0,1,"غيم","قرم"
624,"غي","غي-ور","ور",1,6,"لل-ور","لل",6,0,0,1,"غيور","للور"
878,"رغ","رغ-ة","ة",1,4,"نب-ة","نب",4,0,0,1,"فارغة","فانبة"
598,"فا","فا-ير","ير",1,3,"فا-لأ","لأ",3,0,0,1,"فايروس","فالأوس"
557,"فت","فت-اة","اة",1,4,"فت-حا","حا",4,0,0,1,"فتاة","فتحا"
248,"فج","فج-أة","أة",1,1,"تب-أة","تب",1,0,0,1,"فجأة","تبأة"
307,"first_blank","first_blank-فح","فح",1,29,"first_blank-نض","نض",29,0,0,1,"فحص","نضص"
911,"first_blank","first_blank-فح","فح",1,29,"first_blank-شج","شج",29,0,0,1,"فحم","شجم"
578,"فخ","فخ-last_blank","last_blank",1,6,"رؤ-last_blank","رؤ",6,0,0,1,"فخ","رؤ"
719,"first_blank","first_blank-فخ","فخ",1,28,"first_blank-هم","هم",28,0,0,1,"فخر","همر"
651,"first_blank","first_blank-فخ","فخ",1,28,"first_blank-يذ","يذ",28,0,0,1,"فخور","يذور"
925,"فر","فر-ار","ار",1,3,"نط-ار","نط",3,0,0,1,"فرار","نطار"
605,"اش","اش-ة","ة",1,7,"لل-ة","لل",7,0,0,1,"فراشة","فرللة"
224,"فر","فر-صة","صة",1,3,"فر-ات","ات",3,0,0,1,"فرصة","فرات"
893,"فر","فر-ن","ن",1,2,"ـأ-ن","ـأ",2,0,0,1,"فرن","ـأن"
172,"first_blank","first_blank-فز","فز",1,10,"first_blank-ظƒ","ظƒ",10,0,0,1,"فزع","ظƒع"
374,"فع","فع-لا","لا",1,5,"جو-لا","جو",5,0,0,1,"فعلا","جولا"
230,"فق","فق-ر","ر",1,2,"لش-ر","لش",2,0,0,1,"فقر","لشر"
896,"فق","فق-ط","ط",1,3,"طي-ط","طي",3,0,0,1,"فقط","طيط"
908,"فك","فك-رة","رة",1,4,"ذا-رة","ذا",4,0,0,1,"فكرة","ذارة"
429,"سف","سف-ة","ة",1,7,"لل-ة","لل",7,0,0,1,"فلسفة","فلللة"
51,"فم","فم-last_blank","last_blank",1,3,"rt-last_blank","rt",3,0,0,1,"فم","rt"
132,"first_blank","first_blank-فن","فن",1,40,"first_blank-غل","غل",40,0,0,1,"فن","غل"
420,"first_blank","first_blank-فن","فن",1,40,"first_blank-بز","بز",40,0,0,1,"فنان","بزان"
707,"فن","فن-جا","جا",1,3,"مو-جا","مو",3,0,0,1,"فنجان","موجان"
715,"فو","فو-ج","ج",1,2,"وذ-ج","وذ",2,0,0,1,"فوج","وذج"
997,"first_blank","first_blank-فو","فو",1,119,"first_blank-سر","سر",119,0,0,1,"فوز","سرز"
15,"فو","فو-ضى","ضى",1,3,"فو-اك","اك",3,0,0,1,"فوضى","فواك"
89," س"," س-يا","يا",1,1,"كا-يا","كا",1,0,0,1,"فوضى سياسية","فوضىكاياسية"
173,"فو","فو-كس","كس",1,3,"ار-كس","ار",3,0,0,1,"فوكس","اركس"
872," م"," م-كا","كا",1,1,"هي-كا","هي",1,0,0,1,"في مكان آخر","فيهيكان آخر"
17,"ئد","ئد-last_blank","last_blank",1,14,"جى-last_blank","جى",14,0,0,1,"قائد","قاجى"
849,"قا","قا-رة","رة",1,3,"فج-رة","فج",3,0,0,1,"قارة","فجرة"
109,"قا","قا-س","س",1,3,"ؤو-س","ؤو",3,0,0,1,"قاس","ؤوس"
680,"سي","سي-last_blank","last_blank",1,130,"مك-last_blank","مك",130,0,0,1,"قاسي","قامك"
210,"طع","طع-last_blank","last_blank",1,28,"اث-last_blank","اث",28,0,0,1,"قاطع","قااث"
115,"قا","قا-مو","مو",1,5,"قا-لك","لك",5,0,0,1,"قاموس","قالكس"
415,"قا","قا-نو","نو",1,17,"كو-نو","كو",17,0,0,1,"قانون","كونون"
370,"قب","قب-لة","لة",1,3,"اص-لة","اص",3,0,0,1,"قبلة","اصلة"
981,"first_blank","first_blank-قت","قت",1,59,"first_blank-إش","إش",59,0,0,1,"قتال","إشال"
689,"قد","قد-ر","ر",1,10,"تظ-ر","تظ",10,0,0,1,"قدر","تظر"
871,"first_blank","first_blank-قذ","قذ",1,14,"first_blank-رخ","رخ",14,0,0,1,"قذر","رخر"
328,"اء","اء-ة","ة",1,28,"در-ة","در",28,0,0,1,"قراءة","قردرة"
254,"قر","قر-ب","ب",1,10,"ات-ب","ات",10,0,0,1,"قرب","اتب"
637,"قر","قر-د","د",1,3,"لن-د","لن",3,0,0,1,"قرد","لند"
646,"قر","قر-فة","فة",1,2,"قر-مي","مي",2,0,0,1,"قرفة","قرمي"
702,"قص","قص-ر","ر",1,3,"كـ-ر","كـ",3,0,0,1,"قصر","كـر"
584,"first_blank","first_blank-قص","قص",1,66,"first_blank-رب","رب",66,0,0,1,"قصيرة","ربيرة"
199,"قط","قط-ار","ار",1,9,"يم-ار","يم",9,0,0,1,"قطار","يمار"
255,"قط","قط-عا","عا",1,3,"شج-عا","شج",3,0,0,1,"قطعا","شجعا"
963,"قل","قل-last_blank","last_blank",1,64,"ئك-last_blank","ئك",64,0,0,1,"قل","ئك"
789,"first_blank","first_blank-قل","قل",1,100,"first_blank-جن","جن",100,0,0,1,"قلق","جنق"
563,"first_blank","first_blank-قل","قل",1,100,"first_blank-جن","جن",100,0,0,1,"قليل","جنيل"
880,"اش","اش-last_blank","last_blank",1,28,"خل-last_blank","خل",28,0,0,1,"قماش","قمخل"
705,"هد","هد-م","م",1,2,"ضت-م","ضت",2,0,0,1,"قمامة، يدمر، يهدم","قمامة، يدمر، يضتم"
576,"first_blank","first_blank-قم","قم",1,39,"first_blank-آي","آي",39,0,0,1,"قمح","آيح"
96,"يص","يص-last_blank","last_blank",1,14,"ثه-last_blank","ثه",14,0,0,1,"قميص","قمثه"
55,"first_blank","first_blank-قن","قن",1,32,"first_blank-تث","تث",32,0,0,1,"قناة","تثاة"
771,"first_blank","first_blank-قن","قن",1,32,"first_blank-عج","عج",32,0,0,1,"قنبلة","عجبلة"
573,"قو","قو-ة","ة",1,5,"خي-ة","خي",5,0,0,1,"قوة","خية"
572,"قو","قو-ي","ي",1,2,"فذ-ي","فذ",2,0,0,1,"قوي","فذي"
466,"صر","صر-last_blank","last_blank",1,38,"مد-last_blank","مد",38,0,0,1,"قيصر","قيمد"
313,"قي","قي-لو","لو",1,3,"صا-لو","صا",3,0,0,1,"قيلولة","صالولة"
45,"كا","كا-بل","بل",1,6,"كا-رم","رم",6,0,0,1,"كابل","كارم"
383,"كا","كا-بو","بو",1,13,"اق-بو","اق",13,0,0,1,"كابوس","اقبوس"
774,"تش","تش-ب","ب",1,2,"مك-ب","مك",2,0,0,1,"كاتشب","كامكب"
838,"ثو","ثو-لي","لي",1,7,"تد-لي","تد",7,0,0,1,"كاثوليكي","كاتدليكي"
711,"كا","كا-في","في",1,15,"تش-في","تش",15,0,0,1,"كافية","تشفية"
835,"first_blank","first_blank-كب","كب",1,57,"first_blank-حف","حف",57,0,0,1,"كبسولة","حفسولة"
296,"first_blank","first_blank-كب","كب",1,57,"first_blank-طو","طو",57,0,0,1,"كبير","طوير"
460,"كت","كت-ف","ف",1,2,"نو-ف","نو",2,0,0,1,"كتف","نوف"
930,"كر","كر-بو","بو",1,6,"أن-بو","أن",6,0,0,1,"كربون","أنبون"
720,"ة ","ة -سل","سل",1,1,"غا-سل","غا",1,0,0,1,"كرة سلة","كرغاسلة"
567,"first_blank","first_blank-كر","كر",1,196,"first_blank-جو","جو",196,0,0,1,"كريم","جويم"
463,"first_blank","first_blank-كر","كر",1,196,"first_blank-دي","دي",196,0,0,1,"كريه","دييه"
697,"كل","كل-ب","ب",1,3,"حي-ب","حي",3,0,0,1,"كلب","حيب"
346,"كل","كل-مة","مة",1,4,"كل-اك","اك",4,0,0,1,"كلمة","كلاك"
330,"كل","كل-ية","ية",1,5,"يك-ية","يك",5,0,0,1,"كلية","يكية"
352,"كم","كم-ية","ية",1,2,"مز-ية","مز",2,0,0,1,"كمية","مزية"
496,"كن","كن-بة","بة",1,2,"كن-ـه","ـه",2,0,0,1,"كنبة","كنـه"
319,"first_blank","first_blank-كن","كن",1,68,"first_blank-يغ","يغ",68,0,0,1,"كنز","يغز"
724,"first_blank","first_blank-كن","كن",1,68,"first_blank-دم","دم",68,0,0,1,"كنيسة","دميسة"
912,"بر","بر-ي","ي",1,20,"رس-ي","رس",20,0,0,1,"كوبري","كورسي"
966,"كب","كب-last_blank","last_blank",1,28,"خل-last_blank","خل",28,0,0,1,"كوكب","كوخل"
727," ا"," ا-لم","لم",1,1,"او-لم","او",1,0,0,1,"كوكب المريخ","كوكباولمريخ"
329,"first_blank","first_blank-كو","كو",1,300,"first_blank-ات","ات",300,0,0,1,"كون","اتن"
631,"لو","لو-last_blank","last_blank",1,67,"هي-last_blank","هي",67,0,0,1,"كيلو","كيهي"
786,"لو","لو-مت","مت",1,5,"لو-حي","حي",5,0,0,1,"كيلومتر","كيلوحير"
770,"first_blank","first_blank-كي","كي",1,168,"first_blank-أش","أش",168,0,0,1,"كيمياء","أشمياء"
550,"لا","لا- ش"," ش",1,1,"لا-لن","لن",1,0,0,1,"لا شيئ","لالنيئ"
498,"جئ","جئ-last_blank","last_blank",1,6,"at-last_blank","at",6,0,0,1,"لاجئ","لاat"
859,"زا","زا-ني","ني",1,13,"عل-ني","عل",13,0,0,1,"لازانيا","لاعلنيا"
777,"لج","لج-أ","أ",1,2,"ـد-أ","ـد",2,0,0,1,"لجأ","ـدأ"
735,"لج","لج-نة","نة",1,4,"رو-نة","رو",4,0,0,1,"لجنة","رونة"
809,"لح","لح-ر","ر",1,1,"نط-ر","نط",1,0,0,1,"لحر","نطر"
736,"زي","زي-ر","ر",1,8,"يب-ر","يب",8,0,0,1,"لحم خنزير","لحم خنيبر"
850,"لس","لس-وء","وء",1,2,"لس-عة","عة",2,0,0,1,"لسوء الحظ","لسعة الحظ"
795,"لص","لص-last_blank","last_blank",1,28,"طف-last_blank","طف",28,0,0,1,"لص","طف"
804,"first_blank","first_blank-لط","لط",1,74,"first_blank-كت","كت",74,0,0,1,"لطيف","كتيف"
742,"لع","لع-ب","ب",1,19,"ائ-ب","ائ",19,0,0,1,"لعب","ائب"
604,"لع","لع-بة","بة",1,2,"لع-ظا","ظا",2,0,0,1,"لعبة","لعظا"
485,"لع","لع-نة","نة",1,3,"ار-نة","ار",3,0,0,1,"لعنة","ارنة"
362,"لو","لو-ح","ح",1,2,"ما-ح","ما",2,0,0,1,"لوح","ماح"
60,"لو","لو-ن ","ن ",1,1,"لو-حظ","حظ",1,0,0,1,"لون أخضر","لوحظأخضر"
13,"first_blank","first_blank-لي","لي",1,518,"first_blank-سن","سن",520,2,0,1,"ليل","سنل"
740,"first_blank","first_blank-لي","لي",1,518,"first_blank-سن","سن",520,2,0,1,"لين","سنن"
150,"مؤ","مؤ-ام","ام",1,5,"أق-ام","أق",5,0,0,1,"مؤامرة","أقامرة"
743,"تم","تم-ر","ر",1,16,"وف-ر","وف",16,0,0,1,"مؤتمر","مؤوفر"
942,"دب","دب-last_blank","last_blank",1,11,"مج-last_blank","مج",11,0,0,1,"مؤدب","مؤمج"
949,"سس","سس-ة","ة",1,3,"مغ-ة","مغ",3,0,0,1,"مؤسسة","مؤمغة"
145,"لف","لف-last_blank","last_blank",1,60,"تل-last_blank","تل",60,0,0,1,"مؤلف","مؤتل"
610,"first_blank","first_blank-مئ","مئ",1,9,"first_blank-شط","شط",9,0,0,1,"مئة عام","شطة عام"
87,"و ","و -ما","ما",1,1,"بض-ما","بض",1,0,0,1,"ماذا او ما","ماذا ابضما"
146,"رك","رك-ة","ة",1,26,"جي-ة","جي",27,1,0,1,"ماركة","ماجية"
312,"لي","لي-ا","ا",1,41,"فه-ا","فه",42,1,0,1,"ماليا","مافها"
778,"اش","اش-رة","رة",1,6,"را-رة","را",6,0,0,1,"مباشرة","مبرارة"
781,"مت","مت-أخ","أخ",1,9,"مت-با","با",9,0,0,1,"متأخر","متبار"
782,"مت","مت-جر","جر",1,9,"مت-لا","لا",9,0,0,1,"متجر","متلا"
353,"مت","مت-عب","عب",1,8,"مت-فر","فر",8,0,0,1,"متعبه","متفره"
379,"ئل","ئل-last_blank","last_blank",1,30,"ـن-last_blank","ـن",30,0,0,1,"متفائل","متفاـن"
805,"ضع","ضع-last_blank","last_blank",1,47,"بق-last_blank","بق",47,0,0,1,"متواضع","متوابق"
325,"مث","مث-لي","لي",1,10,"تص-لي","تص",10,0,0,1,"مثليه","تصليه"
793,"first_blank","first_blank-مث","مث",1,78,"first_blank-عد","عد",78,0,0,1,"مثير","عدير"
820,"first_blank","first_blank-مث","مث",1,78,"first_blank-عد","عد",78,0,0,1,"مثيرة","عديرة"
632,"first_blank","first_blank-مج","مج",1,198,"first_blank-اب","اب",198,0,0,1,"مجال","ابال"
869,"مو","مو-ع","ع",1,7,"يـ-ع","يـ",7,0,0,1,"مجموع","مجيـع"
628,"مج","مج-نو","نو",1,11,"مج-يئ","يئ",11,0,0,1,"مجنون","مجيئن"
800,"هو","هو-ل","ل",1,10,"سج-ل","سج",10,0,0,1,"مجهول","مجسجل"
914,"ثة","ثة-last_blank","last_blank",1,28,"اذ-last_blank","اذ",28,0,0,1,"محادثة","محاداذ"
749,"مح","مح-اف","اف",1,11,"خل-اف","خل",11,0,0,1,"محافظ","خلافظ"
526,"اف","اف-ظ ","ظ ",1,1,"اف-تخ","تخ",1,0,0,1,"محافظ حاكم","محافتخحاكم"
141,"first_blank","first_blank-مح","مح",1,417,"first_blank-أخ","أخ",416,1,0,1,"محامي","أخامي"
961,"رم","رم-last_blank","last_blank",1,38,"كت-last_blank","كت",38,0,0,1,"محرم","محكت"
403,"ف ","ف -با","با",1,1,"عص-با","عص",1,0,0,1,"محفوف بالمخاطر","محفوعصبالمخاطر"
419,"مخ","مخ-last_blank","last_blank",1,3,"ـذ-last_blank","ـذ",3,0,0,1,"مخ","ـذ"
402,"اط","اط-رة","رة",1,6,"خي-رة","خي",6,0,0,1,"مخاطرة","مخخيرة"
813,"لص","لص-last_blank","last_blank",1,28,"اث-last_blank","اث",28,0,0,1,"مخلص","مخاث"
830,"first_blank","first_blank-مخ","مخ",1,259,"first_blank-ير","ير",258,1,0,1,"مخيف","يريف"
733,"رب","رب- ر"," ر",1,1,"رب-طا","طا",1,0,0,1,"مدرب رياضي","مدربطاياضي"
78,"first_blank","first_blank-مد","مد",1,199,"first_blank-أف","أف",199,0,0,1,"مدني","أفني"
72,"مذ","مذ-يا","يا",1,2,"اك-يا","اك",2,0,0,1,"مذياع","اكياع"
470,"يع","يع- ا"," ا",1,1,"يع-تز","تز",1,0,0,1,"مذيع الأخبار","مذيعتزلأخبار"
559,"اس","اس-ل","ل",1,10,"صي-ل","صي",10,0,0,1,"مراسل","مرصيل"
822,"قة","قة-last_blank","last_blank",1,223,"نه-last_blank","نه",223,0,0,1,"مرافقة","مرافنه"
854,"اق","اق-بة","بة",1,5,"اق-ين","ين",5,0,0,1,"مراقبة","مراقين"
392,"مر","مر-بي","بي",1,9,"مر-اد","اد",9,0,0,1,"مربية","مرادة"
648,"حل","حل-ة","ة",1,16,"هم-ة","هم",16,0,0,1,"مرحلة","مرهمة"
149,"شح","شح-last_blank","last_blank",1,11,"لغ-last_blank","لغ",11,0,0,1,"مرشح","مرلغ"
103,"كب","كب-ة","ة",1,5,"غي-ة","غي",5,0,0,1,"مركبة","مرغية"
337,"مر","مر-يح","يح",1,6,"مر-حل","حل",6,0,0,1,"مريح","مرحل"
285,"مز","مز-اد","اد",1,4,"عب-اد","عب",4,0,0,1,"مزاد علني","عباد علني"
595,"ار","ار-ع","ع",1,18,"رج-ع","رج",18,0,0,1,"مزارع","مزرجع"
323,"دو","دو-ج","ج",1,3,"لن-ج","لن",3,0,0,1,"مزدوج","مزلنج"
394,"مز","مز-ور","ور",1,5,"شه-ور","شه",5,0,0,1,"مزورة","شهورة"
407,"يج","يج-last_blank","last_blank",1,22,"صه-last_blank","صه",22,0,0,1,"مزيج","مزصه"
882,"مس","مس-اح","اح",1,12,"مس-دس","دس",12,0,0,1,"مساحة","مسدسة"
673,"اع","اع-دا","دا",1,20,"اع-تر","تر",20,0,0,1,"مساعدات","مساعترت"
834,"اع","اع-دة","دة",1,13,"اع-ما","ما",13,0,0,1,"مساعدة","مساعما"
494,"اف","اف-ه:","ه:",1,1,"اف-قط","قط",1,0,0,1,"مسافه: بعد","مسافقط بعد"
133,"مس","مس-تأ","تأ",1,7,"مس-اء","اء",7,0,0,1,"مستأجر","مساءجر"
388,"مس","مس-تد","تد",1,4,"مس-كر","كر",4,0,0,1,"مستدير","مسكرير"
620,"تش","تش-فى","فى",1,4,"تش-بث","بث",4,0,0,1,"مستشفى","مستشبث"
5,"مر","مر-ة","ة",1,18,"لف-ة","لف",18,0,0,1,"مستعمرة","مستعلفة"
772,"بل","بل-last_blank","last_blank",1,85,"طة-last_blank","طة",85,0,0,1,"مستقبل","مستقطة"
814,"مس","مس-خ","خ",1,2,"رو-خ","رو",2,0,0,1,"مسخ","روخ"
504,"دس","دس-last_blank","last_blank",1,21,"غر-last_blank","غر",21,0,0,1,"مسدس","مسغر"
320,"مس","مس-كي","كي",1,9,"مس-ام","ام",9,0,0,1,"مسكين","مسامن"
382,"لس","لس-ل","ل",1,6,"اض-ل","اض",6,0,0,1,"مسلسل","مساضل"
512,"مس","مس-ما","ما",1,6,"وأ-ما","وأ",6,0,0,1,"مسمار","وأمار"
843,"كل","كل-ة","ة",1,13,"او-ة","او",13,0,0,1,"مشكلة","مشاوة"
988,"مص","مص-last_blank","last_blank",1,7,"ئج-last_blank","ئج",7,0,0,1,"مص","ئج"
546,"مص","مص-با","با",1,5,"با-با","با",5,0,0,1,"مصباح","باباح"
811,"مص","مص-در","در",1,9,"لت-در","لت",9,0,0,1,"مصدر","لتدر"
142,"رف","رف-ي","ي",1,14,"تد-ي","تد",14,0,0,1,"مصرفي","مصتدي"
225,"نع","نع-last_blank","last_blank",1,37,"زم-last_blank","زم",37,0,0,1,"مصنع","مصزم"
847," س"," س-مي","مي",1,1,"ما-مي","ما",1,0,0,1,"مضاد سمي","مضادمامي"
397,"مض","مض-خة","خة",1,2,"مض-ين","ين",2,0,0,1,"مضخة","مضين"
324,"مط","مط-ر","ر",1,4,"يز-ر","يز",4,0,0,1,"مطر","يزر"
204,"ال","ال-جة","جة",1,3,"ال-يز","يز",3,0,0,1,"معالجة","معاليز"
131,"ان","ان-اة","اة",1,3,"ان-فر","فر",3,0,0,1,"معاناة","معانفر"
425,"بد","بد-last_blank","last_blank",1,19,"نر-last_blank","نر",19,0,0,1,"معبد","معنر"
985,"جب","جب-last_blank","last_blank",1,38,"مد-last_blank","مد",38,0,0,1,"معجب","معمد"
275,"مع","مع-دا","دا",1,10,"إح-دا","إح",10,0,0,1,"معدات","إحدات"
561,"مع","مع-دة","دة",1,3,"رو-دة","رو",3,0,0,1,"معدة","رودة"
831,"رض","رض-last_blank","last_blank",1,81,"فت-last_blank","فت",81,0,0,1,"معرض","معفت"
693,"سك","سك-ر","ر",1,6,"غف-ر","غف",6,0,0,1,"معسكر","معغفر"
8,"مع","مع-لق","لق",1,7,"مع-ات","ات",7,0,0,1,"معلق","معات"
449,"فر","فر-ة","ة",1,16,"رط-ة","رط",16,0,0,1,"مغفرة","مغرطة"
565,"لف","لف-last_blank","last_blank",1,60,"شي-last_blank","شي",60,0,0,1,"مغلف","مغشي"
726,"first_blank","first_blank-مغ","مغ",1,97,"first_blank-حي","حي",97,0,0,1,"مغناطيسي","حيناطيسي"
891,"first_blank","first_blank-مغ","مغ",1,97,"first_blank-حي","حي",97,0,0,1,"مغني","حيني"
410,"اج","اج-ئة","ئة",1,2,"اج-بك","بك",2,0,0,1,"مفاجئة","مفاجبك"
700,"مف","مف-تا","تا",1,8,"مف-رو","رو",8,0,0,1,"مفتاح","مفروح"
865,"first_blank","first_blank-مف","مف",1,154,"first_blank-عم","عم",154,0,0,1,"مفتش","عمتش"
148,"مف","مف-جر","جر",1,3,"لأ-جر","لأ",3,0,0,1,"مفجر","لأجر"
304,"هو","هو-م","م",1,3,"جي-م","جي",3,0,0,1,"مفهوم","مفجيم"
659,"مف","مف-يد","يد",1,8,"مف-تا","تا",8,0,0,1,"مفيد","مفتا"
883,"اط","اط-عة","عة",1,3,"زر-عة","زر",3,0,0,1,"مقاطعة","مقزرعة"
982,"او","او-مة","مة",1,6,"او-له","له",6,0,0,1,"مقاومة","مقاوله"
553,"مق","مق-بو","بو",1,7,"مق-دا","دا",7,0,0,1,"مقبول","مقدال"
691,"رف","رف-last_blank","last_blank",1,130,"سي-last_blank","سي",130,0,0,1,"مقرف","مقسي"
62,"زز","زز-last_blank","last_blank",1,6,"ـس-last_blank","ـس",6,0,0,1,"مقزز","مقـس"
863,"مق","مق-فل","فل",1,4,"مق-ان","ان",4,0,0,1,"مقفل","مقان"
894,"first_blank","first_blank-مك","مك",1,186,"first_blank-ور","ور",185,1,0,1,"مكان","وران"
783,"تب","تب-ة","ة",1,12,"وع-ة","وع",12,0,0,1,"مكتبة","مكوعة"
980,"مك","مك-سب","سب",1,3,"مك-وث","وث",3,0,0,1,"مكسب","مكوث"
551,"first_blank","first_blank-مل","مل",1,289,"first_blank-تج","تج",289,0,0,1,"ملاك","تجاك"
66,"first_blank","first_blank-مل","مل",1,289,"first_blank-تج","تج",289,0,0,1,"ملعب","تجعب"
681,"مل","مل-عب","عب",1,5,"مل-زم","زم",5,0,0,1,"ملعب تنس","ملزم تنس"
548,"عق","عق-ة","ة",1,4,"رث-ة","رث",4,0,0,1,"ملعقة","ملرثة"
936,"مل","مل-ف","ف",1,3,"فو-ف","فو",3,0,0,1,"ملف","فوف"
484,"نت","نت-با","با",1,4,"نت-شر","شر",4,0,0,1,"ملفت للانتباه","ملفت للانتشره"
875,"كة","كة-last_blank","last_blank",1,65,"قك-last_blank","قك",65,0,0,1,"ملكة","ملقك"
876,"مل","مل-يو","يو",1,9,"مل-ام","ام",9,0,0,1,"مليون","ملامن"
468,"مل","مل-يو","يو",1,9,"لح-يو","لح",9,0,0,1,"مليونير","لحيونير"
812,"اث","اث-ل","ل",1,5,"هي-ل","هي",5,0,0,1,"مماثل","ممهيل"
877,"ار","ار-سة","سة",1,3,"ار-بت","بت",3,0,0,1,"ممارسة","مماربت"
441,"تا","تا-ز","ز",1,10,"مي-ز","مي",10,0,0,1,"ممتاز","ممميز"
678,"مم","مم-يت","يت",1,7,"حر-يت","حر",7,0,0,1,"مميت","حريت"
958,"رو","رو-ري","ري",1,3,"تذ-ري","تذ",3,0,0,1,"من الضروري","من الضتذري"
901,"ين","ين- ا"," ا",1,1,"ين-حس","حس",1,0,0,1,"من حين اخر","من حينحسخر"
252,"سة","سة-last_blank","last_blank",1,119,"دى-last_blank","دى",119,0,0,1,"منافسة","منافدى"
817,"تج","تج-last_blank","last_blank",1,21,"دس-last_blank","دس",21,0,0,1,"منتج","مندس"
948,"ف ","ف -ال","ال",1,1,"تط-ال","تط",1,0,0,1,"منتصف الليل","منتصتطالليل"
20,"_ ","_ -دو","دو",1,1,"بأ-دو","بأ",1,0,0,1,"منعطف _ دور","منعطف بأدور"
259,"فذ","فذ-last_blank","last_blank",1,18,"تع-last_blank","تع",18,0,0,1,"منفذ","منتع"
885,"مه","مه-مة","مة",1,3,"مه-تر","تر",3,0,0,1,"مهمة","مهتر"
886,"ند","ند-س","س",1,3,"ؤو-س","ؤو",3,0,0,1,"مهندس","مهؤوس"
122,"مو","مو-ز","ز",1,2,"رت-ز","رت",2,0,0,1,"موز","رتز"
890,"سي","سي-قى","قى",1,3,"سي-نز","نز",3,0,0,1,"موسيقى الجاز","موسينز الجاز"
864,"هر","هر-با","با",1,3,"لو-با","لو",3,0,0,1,"مولد كهرباء","مولد كلوباء"
513,"first_blank","first_blank-مي","مي",1,269,"first_blank-لإ","لإ",269,0,0,1,"ميل","لإل"
751,"مي","مي-نغ","نغ",1,2,"مي-من","من",2,0,0,1,"مينغ","ميمن"
231," ش"," ش-با","با",1,1,"را-با","را",1,0,0,1,"نافذة او شباك","نافذة اوراباك"
589,"قص","قص-last_blank","last_blank",1,31,"ذة-last_blank","ذة",31,0,0,1,"ناقص","ناذة"
111,"first_blank","first_blank-نب","نب",1,88,"first_blank-بف","بف",88,0,0,1,"نبض","بفض"
369,"نت","نت-يج","يج",1,10,"نت-قا","قا",10,0,0,1,"نتيجة","نتقاة"
236,"first_blank","first_blank-نج","نج",1,88,"first_blank-بف","بف",88,0,0,1,"نجاح","بفاح"
905,"اح","اح- ك"," ك",1,1,"اح-سس","سس",1,0,0,1,"نجاح كبير","نجاحسسبير"
152,"نح","نح-لة","لة",1,2,"مو-لة","مو",2,0,0,1,"نحلة","مولة"
511,"نح","نح-يف","يف",1,5,"نح-ها","ها",5,0,0,1,"نحيف","نحها"
802,"first_blank","first_blank-ند","ند",1,63,"first_blank-بـ","بـ",63,0,0,1,"ندوة","بـوة"
406,"first_blank","first_blank-نز","نز",1,47,"first_blank-كس","كس",47,0,0,1,"نزاع","كساع"
950,"نس","نس-بي","بي",1,5,"نس-أل","أل",5,0,0,1,"نسبيا","نسألا"
54,"نش","نش-ر","ر",1,7,"يط-ر","يط",7,0,0,1,"نشر","يطر"
907,"يط","يط-last_blank","last_blank",1,41,"ظر-last_blank","ظر",41,0,0,1,"نشيط","نشظر"
694,"نص","نص-last_blank","last_blank",1,2,"ثف-last_blank","ثف",2,0,0,1,"نص","ثف"
311,"نص","نص-ب","ب",1,6,"او-ب","او",6,0,0,1,"نصب","اوب"
447,"نص","نص-ف","ف",1,3,"فو-ف","فو",3,0,0,1,"نصف","فوف"
810,"قط","قط-ر","ر",1,2,"تز-ر","تز",2,0,0,1,"نصف القطر","نصف التزر"
685,"first_blank","first_blank-نظ","نظ",1,80,"first_blank-اه","اه",80,0,0,1,"نظارات","اهارات"
445,"نظ","نظ-رة","رة",1,2,"تص-رة","تص",2,0,0,1,"نظرة","تصرة"
775,"نع","نع-ش","ش",1,2,"شا-ش","شا",2,0,0,1,"نعش","شاش"
970,"نق","نق-طة","طة",1,3,"نق-تر","تر",3,0,0,1,"نقطة","نقتر"
915,"نق","نق-ل","ل",1,19,"صا-ل","صا",19,0,0,1,"نقل","صال"
153,"first_blank","first_blank-نم","نم",1,69,"first_blank-إد","إد",69,0,0,1,"نموذج","إدوذج"
658,"نم","نم-يم","يم",1,3,"لج-يم","لج",3,0,0,1,"نميمة","لجيمة"
290,"سى","سى-last_blank","last_blank",1,46,"مس-last_blank","مس",46,0,0,1,"ننسى","ننمس"
996,"first_blank","first_blank-نه","نه",1,57,"first_blank-طو","طو",57,0,0,1,"نهاية","طواية"
239,"نه","نه-ر","ر",1,3,"كت-ر","كت",3,0,0,1,"نهر","كتر"
327,"نو","نو-بل","بل",1,1,"نو-رد","رد",1,0,0,1,"نوبل","نورد"
923,"دئ","دئ-last_blank","last_blank",1,12,"هز-last_blank","هز",12,0,0,1,"هادئ","هاهز"
448,"first_blank","first_blank-هب","هب",1,19,"first_blank-غط","غط",19,0,0,1,"هبوط","غطوط"
892,"هد","هد-ف","ف",1,3,"فو-ف","فو",3,0,0,1,"هدف","فوف"
931,"هر","هر-م","م",1,2,"ذت-م","ذت",2,0,0,1,"هرم","ذتم"
42,"first_blank","first_blank-هر","هر",1,34,"first_blank-ضح","ضح",34,0,0,1,"هرمون","ضحمون"
163,"first_blank","first_blank-هز","هز",1,35,"first_blank-كـ","كـ",35,0,0,1,"هزة أرضية","كـة أرضية"
703,"first_blank","first_blank-هم","هم",1,28,"first_blank-يذ","يذ",28,0,0,1,"هم","يذ"
929,"first_blank","first_blank-هن","هن",1,47,"first_blank-صر","صر",47,0,0,1,"هنا","صرا"
48,"هو","هو-اء","اء",1,3,"هو-دي","دي",3,0,0,1,"هواء","هودي"
469,"first_blank","first_blank-هو","هو",1,155,"first_blank-ري","ري",155,0,0,1,"هواية","رياية"
322,"وا","وا-حد","حد",1,11,"لت-حد","لت",11,0,0,1,"واحد","لتحد"
260,"طن","طن-last_blank","last_blank",1,18,"ئم-last_blank","ئم",18,0,0,1,"واشنطن","واشنئم"
409,"قع","قع-last_blank","last_blank",1,37,"سب-last_blank","سب",37,0,0,1,"واقع","واسب"
630,"وج","وج-بة","بة",1,2,"بي-بة","بي",2,0,0,1,"وجبة خفيفة","بيبة خفيفة"
938,"وج","وج-بة","بة",1,2,"خط-بة","خط",2,0,0,1,"وجبة عشاء","خطبة عشاء"
696,"first_blank","first_blank-وح","وح",1,157,"first_blank-هي","هي",157,0,0,1,"وحدة","هيدة"
940,"وح","وح-ده","ده",1,5,"وح-قي","قي",5,0,0,1,"وحده","وحقي"
389,"first_blank","first_blank-وح","وح",1,157,"first_blank-هي","هي",157,0,0,1,"وحش","هيش"
437,"وح","وح-ي","ي",1,6,"سب-ي","سب",6,0,0,1,"وحي","سبي"
718," ع"," ع-مل","مل",1,1,"وي-مل","وي",1,0,0,1,"ورشة عمل","ورشةويمل"
704,"ور","ور-ق","ق",1,3,"ثو-ق","ثو",3,0,0,1,"ورق","ثوق"
492,"ور","ور-م","م",1,6,"طد-م","طد",6,0,0,1,"ورم","طدم"
16,"first_blank","first_blank-وز","وز",1,43,"first_blank-آن","آن",43,0,0,1,"وزن","آنن"
906,"وش","وش-م","م",1,2,"ضت-م","ضت",2,0,0,1,"وشم","ضتم"
867,"first_blank","first_blank-وص","وص",1,127,"first_blank-لك","لك",127,0,0,1,"وصول","لكول"
594,"first_blank","first_blank-وط","وط",1,56,"first_blank-لص","لص",56,0,0,1,"وطني","لصني"
106,"first_blank","first_blank-وظ","وظ",1,37,"first_blank-هـ","هـ",37,0,0,1,"وظيفة","هـيفة"
191,"وف","وف-اء","اء",1,3,"نح-اء","نح",3,0,0,1,"وفاء","نحاء"
242,"حت","حت-جا","جا",1,1,"ثل-جا","ثل",1,0,0,1,"وقفة احتجاجية","وقفة اثلجاجية"
138,"first_blank","first_blank-وك","وك",1,150,"first_blank-قر","قر",150,0,0,1,"وكيل","قريل"
385,"ول","ول-اد","اد",1,23,"تق-اد","تق",22,1,0,1,"ولادة","تقادة"
926,"وه","وه-م","م",1,20,"ائ-م","ائ",20,0,0,1,"وهم","ائم"
666,"سك","سك-ي","ي",1,13,"او-ي","او",13,0,0,1,"ويسكي","وياوي"
167,"يا","يا- ص"," ص",1,1,"يا-طف","طف",1,0,0,1,"يا صديق","ياطفديق"
256,"يب","يب-ني","ني",1,5,"سل-ني","سل",5,0,0,1,"يبني","سلني"
432,"حم","حم-ل","ل",1,19,"تص-ل","تص",19,0,0,1,"يتحمل","يتتصل"
920,"يت","يت-صل","صل",1,4,"يت-من","من",4,0,0,1,"يتصل","يتمن"
979,"يت","يت-عل","عل",1,9,"يت-زو","زو",9,0,0,1,"يتعلم","يتزوم"
280,"يت","يت-غي","غي",1,4,"يت-خذ","خذ",4,0,0,1,"يتغيرون","يتخذرون"
870,"يت","يت-مر","مر",1,2,"يت-آم","آم",2,0,0,1,"يتمركز","يتآمكز"
971,"يث","يث-ق","ق",1,1,"طي-ق","طي",1,0,0,1,"يثق","طيق"
956,"مع","مع-last_blank","last_blank",1,68,"جة-last_blank","جة",68,0,0,1,"يجمع","يججة"
803,"يح","يح-او","او",1,5,"مج-او","مج",5,0,0,1,"يحاول","مجاول"
137,"تو","تو-ي","ي",1,9,"بع-ي","بع",9,0,0,1,"يحتوي","يحبعي"
959,"دث","دث-last_blank","last_blank",1,47,"بق-last_blank","بق",47,0,0,1,"يحدث","يحبق"
347,"شد","شد-last_blank","last_blank",1,19,"حم-last_blank","حم",19,0,0,1,"يحشد","يححم"
86,"يح","يح-مي","مي",1,7,"ها-مي","ها",6,1,0,1,"يحمي","هامي"
699,"ول","ول- د"," د",1,1,"ول-نت","نت",1,0,0,1,"يحول دون","يحولنتون"
279,"يخ","يخ-تا","تا",1,7,"كس-تا","كس",7,0,0,1,"يختار","كستار"
68,"تب","تب-ر","ر",1,16,"وف-ر","وف",16,0,0,1,"يختبر","يخوفر"
960,"first_blank","first_blank-يد","يد",1,147,"first_blank-إخ","إخ",147,0,0,1,"يدفع","إخفع"
315,"تب","تب-last_blank","last_blank",1,28,"مو-last_blank","مو",28,0,0,1,"يرتب","يرمو"
524,"كض","كض-last_blank","last_blank",1,9,"يغ-last_blank","يغ",9,0,0,1,"يركض","يريغ"
957,"ير","ير-ى","ى",1,6,"بت-ى","بت",6,0,0,1,"يرى","بتى"
990,"يز","يز-يد","يد",1,3,"شر-يد","شر",3,0,0,1,"يزيد","شريد"
18,"يس","يس-تب","تب",1,2,"وك-تب","وك",2,0,0,1,"يستبدل","وكتبدل"
453,"قط","قط-last_blank","last_blank",1,37,"نع-last_blank","نع",37,0,0,1,"يسقط","يسنع"
433,"يس","يس-لم","لم",1,8,"يس-تغ","تغ",9,1,0,1,"يسلم","يستغ"
235,"يش","يش-تر","تر",1,9,"سأ-تر","سأ",9,0,0,1,"يشترى","سأترى"
263,"يش","يش-رب","رب",1,5,"لأ-رب","لأ",5,0,0,1,"يشرب","لأرب"
976,"يص","يص-ف","ف",1,1,"قح-ف","قح",1,0,0,1,"يصف","قحف"
266,"first_blank","first_blank-يص","يص",1,117,"first_blank-تغ","تغ",117,0,0,1,"يصل","تغل"
972,"لح","لح-last_blank","last_blank",1,28,"ىء-last_blank","ىء",28,0,0,1,"يصلح","يصىء"
216,"first_blank","first_blank-يض","يض",1,80,"first_blank-بب","بب",80,0,0,1,"يضرب","ببرب"
196,"first_blank","first_blank-يض","يض",1,80,"first_blank-نظ","نظ",80,0,0,1,"يضيع","نظيع"
574,"بخ","بخ-last_blank","last_blank",1,12,"قظ-last_blank","قظ",12,0,0,1,"يطبخ","يطقظ"
271,"يط","يط-عم","عم",1,1,"يط-را","را",1,0,0,1,"يطعم","يطرا"
983,"اق","اق-ب","ب",1,17,"بو-ب","بو",17,0,0,1,"يعاقب","يعبوب"
888,"يع","يع-ان","ان",1,8,"نس-ان","نس",8,0,0,1,"يعاني","نساني"
26,"يع","يع-تر","تر",1,7,"مخ-تر","مخ",7,0,0,1,"يعترف","مخترف"
168,"رض","رض-last_blank","last_blank",1,81,"فت-last_blank","فت",81,0,0,1,"يعرض","يعفت"
992,"يش","يش-last_blank","last_blank",1,40,"ذه-last_blank","ذه",40,0,0,1,"يعيش","يعذه"
95,"يغ","يغ-رق","رق",1,2,"يغ-نو","نو",2,0,0,1,"يغرق","يغنو"
164,"يق","يق-ع","ع",1,1,"بـ-ع","بـ",1,0,0,1,"يقع","بـع"
273,"يق","يق-ف","ف",1,1,"قح-ف","قح",1,0,0,1,"يقف","قحف"
779,"لل","لل- م"," م",1,1,"لل-دل","دل",1,0,0,1,"يقلل من شأن","يقللدلن شأن"
80,"يك","يك-ره","ره",1,15,"با-ره","با",15,0,0,1,"يكره","باره"
841,"يل","يل-مع","مع",1,1,"يل-تح","تح",1,0,0,1,"يلمع","يلتح"
939,"يل","يل-هم","هم",1,6,"رك-هم","رك",6,0,0,1,"يلهم","ركهم"
135,"first_blank","first_blank-يم","يم",1,181,"first_blank-تا","تا",181,0,0,1,"يمكن","تاكن"
634,"ظف","ظف-last_blank","last_blank",1,14,"رأ-last_blank","رأ",14,0,0,1,"ينظف","ينرأ"
41,"يو","يو-م ","م ",1,1,"يو-حي","حي",1,0,0,1,"يوم السبت","يوحيالسبت"
998,"يو","يو-ني","ني",1,21,"ون-ني","ون",21,0,0,1,"يونيه","وننيه"
