"word_id","first","original_pair","second","syll","original_freq","replacement_pair","replacement_syll","replacement_freq","freq_diff","char_diff","letter_diff","original_word","replacement_word"
57,"آل","آل-ة","ة",1,3,"تح-ة","تح",3,0,0,1,"آلة","تحة"
493,"أح","أح-جي","جي",1,3,"سأ-جي","سأ",3,0,0,1,"أحجية","سأجية"
950,"أخ","أخ-last_blank","last_blank",1,3,"ـذ-last_blank","ـذ",3,0,0,1,"أخ","ـذ"
987,"أد","أد-اء","اء",1,5,"لغ-اء","لغ",5,0,0,1,"أداء","لغاء"
13,"أد","أد-اة","اة",1,2,"أد-مي","مي",2,0,0,1,"أداة","أدمي"
630,"أذ","أذ-ن","ن",1,3,"يه-ن","يه",3,0,0,1,"أذن","يهن"
67,"بع","بع-ة","ة",1,34,"يئ-ة","يئ",33,1,0,1,"أربعة","أريئة"
666,"أر","أر-عب","عب",1,4,"أر-أي","أي",4,0,0,1,"أرعب","أرأي"
680,"نب","نب-last_blank","last_blank",1,25,"دف-last_blank","دف",25,0,0,1,"أرنب","أردف"
284,"first_blank","first_blank-أز","أز",1,58,"first_blank-زا","زا",58,0,0,1,"أزرق","زارق"
292,"اس","اس-ي","ي",1,30,"عت-ي","عت",30,0,0,1,"أساسي","أسعتي"
543,"أس","أس-بو","بو",1,14,"أس-ئل","ئل",14,0,0,1,"أسبوع","أسئلع"
245,"أس","أس-بو","بو",1,14,"أس-ئل","ئل",14,0,0,1,"أسبوعي","أسئلعي"
123,"أس","أس-د","د",1,2,"نه-د","نه",2,0,0,1,"أسد","نهد"
402,"طو","طو-رة","رة",1,11,"يا-رة","يا",11,0,0,1,"أسطورة","أسيارة"
72,"لح","لح-ة","ة",1,15,"عب-ة","عب",15,0,0,1,"أسلحة","أسعبة"
6,"أس","أس-ود","ود",1,4,"را-ود","را",4,0,0,1,"أسود","راود"
470,"أس","أس-ير","ير",1,4,"قر-ير","قر",4,0,0,1,"أسير","قرير"
83,"لق","لق- ا"," ا",1,1,"لق-رب","رب",1,0,0,1,"أطلق النار","أطلقربلنار"
363,"رف","رف-last_blank","last_blank",1,130,"مك-last_blank","مك",130,0,0,1,"أعرف","أعمك"
15,"أع","أع-لى","لى",1,3,"أع-جا","جا",3,0,0,1,"أعلى","أعجا"
26,"أغ","أغ-ني","ني",1,19,"تي-ني","تي",19,0,0,1,"أغنية","تينية"
132,"صى","صى-last_blank","last_blank",1,11,"ظا-last_blank","ظا",11,0,0,1,"أقصى","أقظا"
7,"فا","فا-last_blank","last_blank",1,77,"وى-last_blank","وى",77,0,0,1,"ألفا","ألوى"
458,"أل","أل-فت","فت",1,2,"أل-حا","حا",2,0,0,1,"ألفت","ألحا"
944,"أم","أم-ان","ان",1,16,"يد-ان","يد",16,0,0,1,"أمانة","يدانة"
23,"كا","كا-last_blank","last_blank",1,83,"رس-last_blank","رس",83,0,0,1,"أمريكا","أمريرس"
31,"first_blank","first_blank-أم","أم",1,352,"first_blank-لن","لن",354,2,0,1,"أمير","لنير"
627,"أن","أن-ان","ان",1,12,"نت-ان","نت",12,0,0,1,"أنانية","نتانية"
153,"ثى","ثى-last_blank","last_blank",1,10,"خد-last_blank","خد",10,0,0,1,"أنثى","أنخد"
981,"فق","فق-last_blank","last_blank",1,55,"طر-last_blank","طر",55,0,0,1,"أنفق","أنطر"
231,"أن","أن-يق","يق",1,5,"أن-وا","وا",5,0,0,1,"أنيق","أنوا"
225,"أه","أه-مي","مي",1,8,"تا-مي","تا",8,0,0,1,"أهمية","تامية"
699,"أو","أو-تو","تو",1,6,"سن-تو","سن",6,0,0,1,"أوتوبيس","سنتوبيس"
3," و"," و-قت","قت",1,1,"نف-قت","نف",1,0,0,1,"أي وقت مضى","أينفقت مضى"
521,"ا ","ا -ال","ال",1,1,"وث-ال","وث",1,0,0,1,"أيتها الملازم","أيتهوثالملازم"
417,"إب","إب-دا","دا",1,9,"إب-نت","نت",9,0,0,1,"إبداع","إبنتع"
82,"ها","ها-م","م",1,27,"قد-م","قد",27,0,0,1,"إبهام","إبقدم"
832,"first_blank","first_blank-إج","إج",1,80,"first_blank-بب","بب",80,0,0,1,"إجراء","ببراء"
99,"إخ","إخ-لا","لا",1,9,"حا-لا","حا",9,0,0,1,"إخلاص","حالاص"
43,"إد","إد-ار","ار",1,14,"فج-ار","فج",14,0,0,1,"إداري","فجاري"
242,"first_blank","first_blank-إر","إر",1,120,"first_blank-غا","غا",120,0,0,1,"إرجاع","غاجاع"
70,"إر","إر-سا","سا",1,13,"ست-سا","ست",13,0,0,1,"إرسال","ستسال"
73,"إز","إز-ال","ال",1,4,"طح-ال","طح",4,0,0,1,"إزالة","طحالة"
686,"عا","عا-ج","ج",1,10,"ان-ج","ان",10,0,0,1,"إزعاج","إزانج"
408,"تر","تر-ات","ات",1,16,"تر-كه","كه",16,0,0,1,"إستراتيجية","إستركهيجية"
539,"first_blank","first_blank-إش","إش",1,59,"first_blank-قط","قط",59,0,0,1,"إشارة","قطارة"
324,"first_blank","first_blank-إش","إش",1,59,"first_blank-قط","قط",59,0,0,1,"إشعاع","قطعاع"
338,"first_blank","first_blank-إص","إص",1,51,"first_blank-سج","سج",51,0,0,1,"إصابة","سجابة"
48,"first_blank","first_blank-إض","إض",1,32,"first_blank-اث","اث",32,0,0,1,"إضافي","اثافي"
980,"إض","إض-را","را",1,4,"وف-را","وف",4,0,0,1,"إضراب","وفراب"
335,"إع","إع-دا","دا",1,17,"مي-دا","مي",17,0,0,1,"إعداد","ميداد"
541,"دا","دا-م","م",1,23,"خد-م","خد",23,0,0,1,"إعدام","إعخدم"
84,"إع","إع-صا","صا",1,3,"لر-صا","لر",3,0,0,1,"إعصار","لرصار"
77,"first_blank","first_blank-إق","إق",1,77,"first_blank-جد","جد",77,0,0,1,"إقالة","جدالة"
206,"هي","هي-last_blank","last_blank",1,67,"رع-last_blank","رع",67,0,0,1,"إلهي","إلرع"
97,"first_blank","first_blank-إم","إم",1,81,"first_blank-رأ","رأ",80,1,0,1,"إمبراطورية","رأبراطورية"
664,"first_blank","first_blank-إم","إم",1,81,"first_blank-بب","بب",80,1,0,1,"إمكانية","ببكانية"
828,"إن","إن-تا","تا",1,9,"إن-طل","طل",9,0,0,1,"إنتاج","إنطلج"
56,"ذا","ذا-ر","ر",1,15,"وي-ر","وي",15,0,0,1,"إنذار","إنوير"
442,"إن","إن-طب","طب",1,3,"إن-جي","جي",3,0,0,1,"إنطباع","إنجياع"
87,"إن","إن-ها","ها",1,12,"فع-ها","فع",12,0,0,1,"إنهاء","فعهاء"
1,"إي","إي-ما","ما",1,14,"لك-ما","لك",14,0,0,1,"إيمان","لكمان"
459,"اب","اب-تز","تز",1,3,"أل-تز","أل",3,0,0,1,"ابتزاز","ألتزاز"
282,"first_blank","first_blank-اب","اب",1,198,"first_blank-مج","مج",198,0,0,1,"ابن","مجن"
380,"first_blank","first_blank-اب","اب",1,198,"first_blank-مج","مج",198,0,0,1,"ابن شقيق","مجن شقيق"
815,"ات","ات-حا","حا",1,7,"ات-ور","ور",7,0,0,1,"اتحاد","اتورد"
614,"first_blank","first_blank-ات","ات",1,300,"first_blank-كو","كو",300,0,0,1,"اتفاق","كوفاق"
540,"ات","ات-ها","ها",1,25,"عل-ها","عل",25,0,0,1,"اتهام","علهام"
840,"تف","تف-ظ","ظ",1,8,"اح-ظ","اح",8,0,0,1,"احتفظ","احاحظ"
299,"first_blank","first_blank-اخ","اخ",1,344,"first_blank-بي","بي",344,0,0,1,"اختبار","بيتبار"
409,"first_blank","first_blank-اخ","اخ",1,344,"first_blank-بي","بي",344,0,0,1,"اختطف","بيتطف"
230,"first_blank","first_blank-اخ","اخ",1,344,"first_blank-بي","بي",344,0,0,1,"اختفاء","بيتفاء"
416,"first_blank","first_blank-اخ","اخ",1,344,"first_blank-بي","بي",344,0,0,1,"اختيار","بيتيار"
757,"ال","ال-نه","نه",1,23,"ال-صل","صل",23,0,0,1,"اخر النهار","اخر الصلار"
14,"first_blank","first_blank-اذ","اذ",1,33,"first_blank-نل","نل",33,0,0,1,"اذهب","نلهب"
678,"تب","تب-اك","اك",1,7,"در-اك","در",7,0,0,1,"ارتباك","اردراك"
939,"ار","ار-تف","تف",1,7,"ار-يس","يس",7,0,0,1,"ارتفاع","اريساع"
682,"كب","كب-last_blank","last_blank",1,28,"ـك-last_blank","ـك",28,0,0,1,"اركب","ارـك"
972,"اس","اس-تب","تب",1,15,"اس-با","با",15,0,0,1,"استبدل","اسبادل"
210,"ما","ما-ر","ر",1,27,"دي-ر","دي",27,0,0,1,"استثمار","استثدير"
878,"تد","تد-ار","ار",1,7,"وب-ار","وب",7,0,0,1,"استدارة","اسوبارة"
303,"تر","تر-اح","اح",1,28,"تر-كي","كي",29,1,0,1,"استراحة","استركية"
310,"تع","تع-ما","ما",1,11,"تع-يش","يش",11,0,0,1,"استعمال","استعيشل"
317,"تم","تم-ر","ر",1,16,"وف-ر","وف",16,0,0,1,"استمر","اسوفر"
597,"first_blank","first_blank-اش","اش",1,122,"first_blank-نف","نف",122,0,0,1,"اشخاص","نفخاص"
22,"first_blank","first_blank-اط","اط",1,60,"first_blank-خر","خر",60,0,0,1,"اطرش","خررش"
986,"اع","اع-تر","تر",1,20,"اع-طي","طي",20,0,0,1,"اعترف","اعطيف"
25,"اع","اع-جا","جا",1,6,"نف-جا","نف",6,0,0,1,"اعجاب","نفجاب"
559,"اع","اع-ما","ما",1,13,"يك-ما","يك",13,0,0,1,"اعمال","يكمال"
144,"ما","ما-ل ","ل ",1,1,"ما-ؤه","ؤه",1,0,0,1,"اعمال صيانة","اعماؤهصيانة"
391,"اض","اض-last_blank","last_blank",1,44,"ـل-last_blank","ـل",44,0,0,1,"افتراض","افترـل"
90,"تب","تب-last_blank","last_blank",1,28,"اش-last_blank","اش",28,0,0,1,"اكتب","اكاش"
213,"اك","اك-تم","تم",1,3,"عد-تم","عد",3,0,0,1,"اكتمال","عدتمال"
487,"اك","اك-تو","تو",1,1,"يو-تو","يو",1,0,0,1,"اكتوبر","يوتوبر"
28,"آب","آب-last_blank","last_blank",1,5,"خه-last_blank","خه",5,0,0,1,"الآب","الخه"
199,"ال","ال-أب","أب",1,44,"ال-سو","سو",44,0,0,1,"الأبوين","السووين"
999,"أح","أح-د","د",1,3,"شد-د","شد",3,0,0,1,"الأحد","الشدد"
921,"نا","نا-لي","لي",1,11,"نا-فذ","فذ",11,0,0,1,"الأدرينالين","الأدرينافذن"
604,"أس","أس-رة","رة",1,3,"عو-رة","عو",3,0,0,1,"الأسرة","العورة"
21,"أس","أس-فل","فل",1,8,"أس-اع","اع",8,0,0,1,"الأسفل","الأساع"
715,"لا","لا-ك","ك",1,24,"يد-ك","يد",24,0,0,1,"الأسلاك","الأسيدك"
8,"ال","ال-أص","أص",1,32,"ال-تأ","تأ",32,0,0,1,"الأصفر","التأفر"
449,"ال","ال-صن","صن",1,18,"ال-شب","شب",18,0,0,1,"الأقمار الصناعية","الأقمار الشباعية"
925,"سج","سج-ين","ين",1,14,"أم-ين","أم",14,0,0,1,"الأكسجين","الأكأمين"
281,"أم","أم-ة","ة",1,3,"دا-ة","دا",3,0,0,1,"الأمة","الداة"
145,"ال","ال-ية","ية",1,43,"ال-تك","تك",43,0,0,1,"الأمور المالية","الأمور المالتك"
672,"أن","أن-ف","ف",1,3,"اص-ف","اص",3,0,0,1,"الأنف","الاصف"
440,"ال","ال-أه","أه",1,12,"ال-جذ","جذ",12,0,0,1,"الأهمية","الجذمية"
65,"ال","ال-إت","إت",1,23,"ال-حس","حس",23,0,0,1,"الإتصال","الحسصال"
898,"إج","إج-ما","ما",1,5,"بأ-ما","بأ",5,0,0,1,"الإجمالية","البأمالية"
709,"ال","ال-إخ","إخ",1,28,"ال-تد","تد",28,0,0,1,"الإخبارية","التدبارية"
60,"إس","إس-اء","اء",1,3,"بل-اء","بل",3,0,0,1,"الإساءة","البلاءة"
321,"ال","ال-إش","إش",1,21,"ال-رس","رس",21,0,0,1,"الإشارة","الرسارة"
455,"را","را-دا","دا",1,9,"را-حل","حل",9,0,0,1,"الإيرادات","الإيراحلت"
122,"ال","ال-ات","ات",1,71,"ال-كو","كو",71,0,0,1,"الاتصالات","الكوصالات"
35,"ال","ال-اخ","اخ",1,44,"ال-أب","أب",44,0,0,1,"الاخير","الأبير"
223,"سا","سا-ل","ل",1,11,"طو-ل","طو",11,0,0,1,"الارسال","الارطول"
457,"سا","سا-ن","ن",1,27,"وي-ن","وي",27,0,0,1,"الانسان","الانوين"
343,"سج","سج-ة","ة",1,4,"رث-ة","رث",4,0,0,1,"الانسجة","الانرثة"
640,"يه","يه-ة","ة",1,8,"فح-ة","فح",8,0,0,1,"البديهة","البدفحة"
756,"بر","بر-تق","تق",1,9,"بر-كا","كا",9,0,0,1,"البرتقالي","البركاالي"
130,"بر","بر-د","د",1,6,"ــ-د","ــ",6,0,0,1,"البرد","الــد"
855,"ال","ال-بش","بش",1,12,"ال-زي","زي",12,0,0,1,"البشع","الزيع"
389,"ال","ال-بض","بض",1,3,"ال-إئ","إئ",3,0,0,1,"البضائع","الإئائع"
182,"بط","بط-ني","ني",1,6,"كر-ني","كر",6,0,0,1,"البطني","الكرني"
433,"ال","ال-بو","بو",1,55,"ال-مز","مز",55,0,0,1,"البول","المزل"
861,"سب","سب-ول","ول",1,3,"نق-ول","نق",3,0,0,1,"البيسبول","البينقول"
504,"رب","رب-ة","ة",1,33,"يئ-ة","يئ",33,0,0,1,"التجربة","التجيئة"
966,"قي","قي-ق","ق",1,7,"ان-ق","ان",7,0,0,1,"التحقيق","التحانق"
309,"تح","تح-لي","لي",1,20,"تح-ضر","ضر",20,0,0,1,"التحليلات","التحضرلات"
171,"لي","لي-م","م",1,15,"سل-م","سل",15,0,0,1,"التعليم","التعسلم"
609,"تق","تق-لي","لي",1,30,"عم-لي","عم",30,0,0,1,"التقليديين","العمليديين"
793,"تل","تل-فا","فا",1,10,"تل-كه","كه",10,0,0,1,"التلفاز","التلكهز"
297,"وي","وي-ل","ل",1,16,"جا-ل","جا",16,0,0,1,"التمويل","التمجال"
400,"قي","قي-ع","ع",1,4,"فز-ع","فز",4,0,0,1,"التوقيع","التوفزع"
68,"ثق","ثق-ة","ة",1,5,"غر-ة","غر",5,0,0,1,"الثقة","الغرة"
346,"ال","ال-جح","جح",1,3,"ال-خج","خج",3,0,0,1,"الجحيم","الخجيم"
181,"ال","ال-جر","جر",1,56,"ال-رو","رو",56,0,0,1,"الجراحة","الرواحة"
792,"ال","ال-جي","جي",1,43,"ال-مض","مض",43,0,0,1,"الجيش","المضش"
111,"حا","حا-سو","سو",1,12,"حا-دي","دي",12,0,0,1,"الحاسوب","الحاديب"
993,"ال","ال-حب","حب",1,16,"ال-تغ","تغ",16,0,0,1,"الحب","التغ"
183,"حش","حش-را","را",1,3,"أض-را","أض",3,0,0,1,"الحشرات","الأضرات"
377,"ال","ال-حض","حض",1,10,"ال-نك","نك",10,0,0,1,"الحضارة","النكارة"
136,"اظ","اظ-last_blank","last_blank",1,10,"خد-last_blank","خد",10,0,0,1,"الحفاظ","الحفخد"
147,"ال","ال-خر","خر",1,32,"ال-مث","مث",32,0,0,1,"الخريف","المثيف"
180,"ال","ال-خص","خص",1,18,"ال-شب","شب",18,0,0,1,"الخصم","الشبم"
963,"ال","ال-دف","دف",1,16,"ال-زا","زا",16,0,0,1,"الدفاع","الزااع"
765,"ال","ال-ذي","ذي",1,9,"ال-حز","حز",9,0,0,1,"الذي - التي","الحز  التي"
679,"سم","سم-ال","ال",1,3,"ير-ال","ير",3,0,0,1,"الرأسمالية","الرأيرالية"
507,"را","را-كو","كو",1,3,"را-هم","هم",3,0,0,1,"الراكون","الراهمن"
508,"ل ","ل -ال","ال",1,1,"إح-ال","إح",1,0,0,1,"الرجل الوطواط","الرجإحالوطواط"
41,"ال","ال-رد","رد",1,8,"ال-وط","وط",8,0,0,1,"الرد","الوط"
269,"ال","ال-رس","رس",1,21,"ال-حو","حو",21,0,0,1,"الرسمية","الحومية"
188,"ال","ال-ري","ري",1,30,"ال-عد","عد",30,0,0,1,"الرياضيات","العداضيات"
238,"را","را-ي","ي",1,10,"لس-ي","لس",10,0,0,1,"الساموراي","السامولسي"
989,"ال","ال-سب","سب",1,29,"ال-فض","فض",29,0,0,1,"السباحة","الفضاحة"
708,"ست","ست-رة","رة",1,2,"ست-غض","غض",2,0,0,1,"السترة","الستغض"
413,"ال","ال-سج","سج",1,15,"ال-شق","شق",15,0,0,1,"السجن","الشقن"
198,"ال","ال-سع","سع",1,15,"ال-اط","اط",15,0,0,1,"السعر","الاطر"
98,"سل","سل-طة","طة",1,5,"سل-مت","مت",5,0,0,1,"السلطة","السلمت"
503,"سم","سم-او","او",1,5,"سم-يك","يك",5,0,0,1,"السماوية","السميكية"
342,"سم","سم-و","و",1,2,"اج-و","اج",2,0,0,1,"السمو","الاجو"
801,"ال","ال-سي","سي",1,79,"ال-تح","تح",78,1,0,1,"السيارات","التحارات"
371,"ال","ال-شخ","شخ",1,12,"ال-غو","غو",12,0,0,1,"الشخصية","الغوصية"
240,"شر","شر-يا","يا",1,8,"شر-كت","كت",8,0,0,1,"الشريان","الشركتن"
943,"ال","ال-شغ","شغ",1,3,"ال-يز","يز",3,0,0,1,"الشغل","اليزل"
196,"شم","شم-س","س",1,3,"مي-س","مي",3,0,0,1,"الشمس","الميس"
626,"وع","وع-ي","ي",1,10,"لس-ي","لس",10,0,0,1,"الشيوعي","الشيلسي"
684,"ال","ال-صع","صع",1,14,"ال-تذ","تذ",14,0,0,1,"الصعب","التذب"
549,"صم","صم-ت","ت",1,5,"ظر-ت","ظر",5,0,0,1,"الصمت","الظرت"
889,"ال","ال-ضغ","ضغ",1,6,"ال-سد","سد",6,0,0,1,"الضغط","السدط"
581,"يق","يق- ا"," ا",1,1,"يق-طر","طر",1,0,0,1,"الطريق السريع","الطريقطرلسريع"
259,"ال","ال-طو","طو",1,21,"ال-إق","إق",21,0,0,1,"الطول","الإقل"
435,"لم","لم-ية","ية",1,2,"لم-حت","حت",2,0,0,1,"العالمية","العالمحت"
687,"عب","عب-ار","ار",1,7,"عب-يد","يد",7,0,0,1,"العبارة","العبيدة"
207,"ال","ال-عن","عن",1,32,"ال-خر","خر",32,0,0,1,"العنصر","الخرصر"
129,"ال","ال-غر","غر",1,36,"ال-إع","إع",36,0,0,1,"الغربي","الإعبي"
288,"ال","ال-غل","غل",1,12,"ال-فط","فط",12,0,0,1,"الغلاف الجوي","الفطاف الجوي"
142,"ئز","ئز-last_blank","last_blank",1,8,"عش-last_blank","عش",8,0,0,1,"الفائز","الفاعش"
37,"فت","فت-يا","يا",1,15,"أش-يا","أش",15,0,0,1,"الفتيات","الأشيات"
202,"ال","ال-فج","فج",1,6,"ال-كذ","كذ",6,0,0,1,"الفجوة","الكذوة"
882,"فر","فر-او","او",1,3,"فر-جي","جي",3,0,0,1,"الفراولة","الفرجيلة"
55,"نس","نس-ية","ية",1,6,"ضح-ية","ضح",6,0,0,1,"الفرنسية","الفرضحية"
532,"قس","قس-وة","وة",1,2,"قس-ائ","ائ",2,0,0,1,"القسوة","القسائ"
134,"قط","قط-ن","ن",1,2,"يش-ن","يش",2,0,0,1,"القطن","اليشن"
307,"قف","قف-ز","ز",1,11,"جه-ز","جه",11,0,0,1,"القفز","الجهز"
108,"ال","ال-قو","قو",1,40,"ال-بن","بن",40,0,0,1,"القوات البحرية","البنات البحرية"
204,"كب","كب-د","د",1,5,"تن-د","تن",5,0,0,1,"الكبد","التند"
592,"يك","يك-ية","ية",1,5,"حم-ية","حم",5,0,0,1,"الكلاسيكية","الكلاسحمية"
331,"لح","لح-ظة","ظة",1,3,"لح-نا","نا",3,0,0,1,"اللحظة","اللحنا"
833,"ال","ال-م","م",1,22,"يك-م","يك",19,3,0,1,"الم","يكم"
673,"مؤ","مؤ-لف","لف",1,5,"مؤ-ام","ام",5,0,0,1,"المؤلفات","المؤامات"
812,"ال","ال-ما","ما",1,121,"ال-أس","أس",119,2,0,1,"المالك","الأسلك"
239,"في","في-ن","ن",1,66,"عو-ن","عو",66,0,0,1,"المحترفين","المحترعون"
997,"مح","مح-تم","تم",1,11,"أه-تم","أه",11,0,0,1,"المحتمل","الأهتمل"
69,"أن","أن-last_blank","last_blank",1,21,"سف-last_blank","سف",21,0,0,1,"المحتمل أن","المحتمل سف"
960,"تو","تو-ى","ى",1,9,"نت-ى","نت",9,0,0,1,"المحتوى","المحنتى"
946,"قق","قق-last_blank","last_blank",1,26,"أت-last_blank","أت",26,0,0,1,"المحقق","المحأت"
216,"طل","طل-سي","سي",1,1,"نن-سي","نن",1,0,0,1,"المحيط الأطلسي","المحيط الأننسي"
201,"مخ","مخ-در","در",1,14,"أن-در","أن",14,0,0,1,"المخدرات","الأندرات"
784," ا"," ا-لع","لع",1,1,"لن-لع","لن",1,0,0,1,"المدعي العام","المدعيلنلعام"
826,"مس","مس-تث","تث",1,6,"مس-بق","بق",6,0,0,1,"المستثمر","المسبقمر"
397,"رف","رف-ه","ه",1,16,"سي-ه","سي",16,0,0,1,"المعرفه","المعسيه"
565,"مف","مف-تر","تر",1,15,"يس-تر","يس",15,0,0,1,"المفترس","اليسترس"
763,"ثل","ثل-last_blank","last_blank",1,17,"لج-last_blank","لج",17,0,0,1,"الممثل","المملج"
766,"من","من-تو","تو",1,1,"ثب-تو","ثب",1,0,0,1,"المنتوج","الثبتوج"
275,"قذ","قذ-last_blank","last_blank",1,7,"غو-last_blank","غو",7,0,0,1,"المنقذ","المنغو"
848,"مو","مو-قت","قت",1,2,"مو-نن","نن",2,0,0,1,"الموقت","المونن"
800,"خب","خب-last_blank","last_blank",1,5,"rd-last_blank","rd",5,0,0,1,"الناخب","الناrd"
759,"ب ","ب -وا","وا",1,1,"إك-وا","إك",1,0,0,1,"النصب والاحتيال","النصإكوالاحتيال"
523,"نظ","نظ-ام","ام",1,14,"تن-ام","تن",14,0,0,1,"النظام","التنام"
893,"نم","نم-ل","ل",1,2,"يج-ل","يج",2,0,0,1,"النمل","اليجل"
910,"ج ","ج -ال","ال",1,1,"رو-ال","رو",1,0,0,1,"النموذج المبدئي","النموذروالمبدئي"
205,"رو","رو-ين","ين",1,7,"عي-ين","عي",7,0,0,1,"الهيروين","الهيعيين"
551,"وا","وا-دي","دي",1,3,"وا-قب","قب",3,0,0,1,"الوادي","الواقب"
162,"وز","وز-ار","ار",1,4,"كب-ار","كب",4,0,0,1,"الوزارة","الكبارة"
633,"ال","ال-وق","وق",1,20,"ال-صر","صر",20,0,0,1,"الوقود","الصرود"
473,"نا","نا-ني","ني",1,13,"تم-ني","تم",13,0,0,1,"اليونانية","اليوتمنية"
17,"رأ","رأ-ة","ة",1,13,"صي-ة","صي",13,0,0,1,"امرأة","امصية"
140,"ان","ان-تخ","تخ",1,12,"ان-دي","دي",12,0,0,1,"انتخاب","اندياب"
236,"first_blank","first_blank-ان","ان",1,559,"first_blank-تع","تع",559,0,0,1,"انتصاب","تعتصاب"
156,"ان","ان-سج","سج",1,3,"ان-فت","فت",3,0,0,1,"انسجام","انفتام"
922,"first_blank","first_blank-ان","ان",1,559,"first_blank-تع","تع",559,0,0,1,"انفجار","تعفجار"
990,"ان","ان-هي","هي",1,7,"تب-هي","تب",7,0,0,1,"انهيار","تبهيار"
668,"first_blank","first_blank-بؤ","بؤ",1,7,"first_blank-غـ","غـ",7,0,0,1,"بؤس","غـس"
887,"با","با-ب","ب",1,14,"اس-ب","اس",14,0,0,1,"باب","اسب"
71,"با","با-با","با",1,5,"مص-با","مص",5,0,0,1,"بابا","مصبا"
422,"با","با-رد","رد",1,12,"با-لآ","لآ",12,0,0,1,"بارد","بالآ"
419,"مر","مر-ار","ار",1,12,"يط-ار","يط",12,0,0,1,"باستمرار","باستيطار"
975,"با","با-ع","ع",1,11,"ان-ع","ان",11,0,0,1,"باع","انع"
891,"شل","شل-last_blank","last_blank",1,14,"ظف-last_blank","ظف",14,0,0,1,"بالفشل","بالفظف"
51,"لك","لك-ام","ام",1,8,"بر-ام","بر",8,0,0,1,"بالكامل","بابرامل"
194,"بح","بح-ار","ار",1,8,"مق-ار","مق",8,0,0,1,"بحار","مقار"
914,"بح","بح-ير","ير",1,7,"أث-ير","أث",7,0,0,1,"بحيرة","أثيرة"
121,"نا","نا-مج","مج",1,12,"نا-سب","سب",12,0,0,1,"برنامج","برناسب"
945,"هن","هن-ة","ة",1,7,"رح-ة","رح",7,0,0,1,"برهنة","بررحة"
192,"وت","وت-وك","وك",1,4,"وت-سع","سع",4,0,0,1,"بروتوكول","بروتسعول"
256,"بس","بس-رع","رع",1,3,"بس-ما","ما",3,0,0,1,"بسرعة","بسماة"
255,"يط","يط-last_blank","last_blank",1,41,"ثر-last_blank","ثر",41,0,0,1,"بسيط","بسثر"
332,"بش","بش-دة","دة",1,1,"لو-دة","لو",1,0,0,1,"بشدة","لودة"
656," غ"," غ-ير","ير",1,1,"ضر-ير","ضر",1,0,0,1,"بشكل غير متوقع","بشكلضرير متوقع"
333,"بص","بص-لة","لة",1,1,"فو-لة","فو",1,0,0,1,"بصلة","فولة"
139,"بص","بص-مة","مة",1,2,"بص-فق","فق",2,0,0,1,"بصمة","بصفق"
257,"بط","بط-ة","ة",1,14,"شي-ة","شي",14,0,0,1,"بطة","شية"
875,"first_blank","first_blank-بط","بط",1,151,"first_blank-أك","أك",151,0,0,1,"بطولة","أكولة"
137,"بع","بع-قب","قب",1,1,"بع-شا","شا",1,0,0,1,"بعقب","بعشا"
694,"first_blank","first_blank-بع","بع",1,218,"first_blank-فل","فل",218,0,0,1,"بعيد","فليد"
700,"بق","بق-وة","وة",1,1,"اب-وة","اب",1,0,0,1,"بقوة","ابوة"
951,"تي","تي-ك","ك",1,11,"حب-ك","حب",11,0,0,1,"بلاستيك","بلاسحبك"
262,"بن","بن-اء","اء",1,12,"تف-اء","تف",12,0,0,1,"بناء","تفاء"
283,"بن","بن-دق","دق",1,10,"بن-ته","ته",10,0,0,1,"بندقية","بنتهية"
879,"اب","اب-ة","ة",1,66,"بي-ة","بي",66,0,0,1,"بوابة","بوبية"
928,"سط","سط-ن","ن",1,1,"وك-ن","وك",1,0,0,1,"بوسطن","بووكن"
286,"بو","بو-ضو","ضو",1,1,"بو-مه","مه",1,0,0,1,"بوضوح","بومهح"
314,"first_blank","first_blank-بي","بي",1,344,"first_blank-اخ","اخ",344,0,0,1,"بيان","اخان"
976,"بي","بي-رة","رة",1,4,"بي-جا","جا",4,0,0,1,"بيرة","بيجا"
603,"first_blank","first_blank-بي","بي",1,344,"first_blank-اخ","اخ",344,0,0,1,"بيضة","اخضة"
229,"وج","وج-ي","ي",1,13,"بل-ي","بل",13,0,0,1,"بيولوجي","بيولبلي"
978,"تأ","تأ-تي","تي",1,13,"يس-تي","يس",13,0,0,1,"تأتي","يستي"
294,"ثي","ثي-ر","ر",1,20,"تو-ر","تو",20,0,0,1,"تأثير","تأتور"
327,"جي","جي-ر","ر",1,8,"ضو-ر","ضو",8,0,0,1,"تأجير","تأضور"
983,"كل","كل-last_blank","last_blank",1,72,"رح-last_blank","رح",72,0,0,1,"تأكل","تأرح"
115,"first_blank","first_blank-تؤ","تؤ",1,48,"first_blank-سع","سع",48,0,0,1,"تؤكد","سعكد"
298,"تا","تا-جر","جر",1,5,"تا-بو","بو",5,0,0,1,"تاجر","تابو"
258,"first_blank","first_blank-تج","تج",1,289,"first_blank-مل","مل",289,0,0,1,"تجد","ملد"
991,"first_blank","first_blank-تج","تج",1,289,"first_blank-مل","مل",289,0,0,1,"تجلس","مللس"
58,"مي","مي-د","د",1,9,"او-د","او",9,0,0,1,"تجميد","تجاود"
836,"هي","هي-ز","ز",1,4,"كر-ز","كر",4,0,0,1,"تجهيز","تجكرز"
613,"تح","تح-د","د",1,1,"بد-د","بد",1,0,0,1,"تحد","بدد"
365,"دث","دث-last_blank","last_blank",1,47,"بق-last_blank","بق",47,0,0,1,"تحدث","تحبق"
571,"تح","تح-دي","دي",1,24,"تح-ول","ول",23,1,0,1,"تحديث","تحولث"
965,"تح","تح-دي","دي",1,24,"تح-ول","ول",23,1,0,1,"تحديد","تحولد"
955,"تح","تح-سي","سي",1,7,"تح-يه","يه",7,0,0,1,"تحسين","تحيهن"
117,"قق","قق-last_blank","last_blank",1,26,"سع-last_blank","سع",26,0,0,1,"تحقق","تحسع"
326,"تح","تح-ية","ية",1,2,"تح-قك","قك",2,0,0,1,"تحية","تحقك"
300,"تخ","تخ-ري","ري",1,6,"ثو-ري","ثو",6,0,0,1,"تخريب","ثوريب"
301,"طي","طي-ط","ط",1,3,"لو-ط","لو",3,0,0,1,"تخطيط","تخلوط"
803,"في","في-ض ","ض ",1,1,"في-ـه","ـه",1,0,0,1,"تخفيض السعر","تخفيـهالسعر"
632,"تخ","تخ-لى","لى",1,8,"تخ-تب","تب",8,0,0,1,"تخلى","تختب"
235,"تخ","تخ-يي","يي",1,4,"ان-يي","ان",4,0,0,1,"تخييم","انييم"
243,"تد","تد-لي","لي",1,7,"عق-لي","عق",7,0,0,1,"تدليك","عقليك"
412,"مي","مي-ر","ر",1,18,"فك-ر","فك",18,0,0,1,"تدمير","تدفكر"
912,"كر","كر-last_blank","last_blank",1,109,"صل-last_blank","صل",109,0,0,1,"تذكر","تذصل"
469,"تر","تر-اب","اب",1,15,"عص-اب","عص",14,1,0,1,"تراب","عصاب"
30,"تي","تي-ب","ب",1,3,"ثق-ب","ثق",3,0,0,1,"ترتيب","ترثقب"
118,"كي","كي-ز","ز",1,7,"تج-ز","تج",7,0,0,1,"تركيز","ترتجز"
996,"first_blank","first_blank-تز","تز",1,84,"first_blank-طب","طب",84,0,0,1,"تزود","طبود"
488,"جي","جي-ل","ل",1,18,"رس-ل","رس",18,0,0,1,"تسجيل","تسرسل"
721,"تس","تس-رب","رب",1,3,"سأ-رب","سأ",3,0,0,1,"تسربت","سأربت"
52,"وي","وي-ق","ق",1,6,"أل-ق","أل",6,0,0,1,"تسويق","تسألق"
634,"وي","وي-ت","ت",1,10,"ذا-ت","ذا",10,0,0,1,"تصويت","تصذات"
221,"تط","تط-اب","اب",1,4,"قر-اب","قر",4,0,0,1,"تطابق","قرابق"
318,"وي","وي-ر","ر",1,15,"ذا-ر","ذا",15,0,0,1,"تطوير","تطذار"
113,"تظ","تظ-ل","ل",1,3,"ـز-ل","ـز",3,0,0,1,"تظل","ـزل"
169,"اط","اط-ف","ف",1,8,"في-ف","في",8,0,0,1,"تعاطف","تعفيف"
599,"ذي","ذي-ب","ب",1,8,"سا-ب","سا",8,0,0,1,"تعذيب","تعساب"
849,"تع","تع-ري","ري",1,14,"بش-ري","بش",14,0,0,1,"تعريف","بشريف"
66,"تف","تف-عي","عي",1,4,"بت-عي","بت",4,0,0,1,"تفعيل","بتعيل"
305,"first_blank","first_blank-تف","تف",1,293,"first_blank-يع","يع",290,3,0,1,"تفهم","يعهم"
657,"تق","تق-تي","تي",1,1,"تق-لد","لد",1,0,0,1,"تقتيش","تقلدش"
524,"ري","ري-ر","ر",1,18,"ظا-ر","ظا",18,0,0,1,"تقرير","تقظار"
582,"تق","تق-ني","ني",1,17,"مي-ني","مي",17,0,0,1,"تقنية","مينية"
226,"تق","تق-يي","يي",1,15,"تق-لق","لق",15,0,0,1,"تقييم","تقلقم"
901,"تم","تم-ثا","ثا",1,3,"تم-نن","نن",3,0,0,1,"تمثال","تمننل"
767,"وي","وي-ل","ل",1,16,"رح-ل","رح",16,0,0,1,"تمويل","تمرحل"
714,"تن","تن-زه","زه",1,3,"نج-زه","نج",3,0,0,1,"تنزه تجول","نجزه تجول"
355,"تن","تن-س","س",1,5,"سد-س","سد",5,0,0,1,"تنس","سدس"
968,"ظم","ظم-last_blank","last_blank",1,17,"بز-last_blank","بز",17,0,0,1,"تنظم","تنبز"
558,"فس","فس-last_blank","last_blank",1,21,"جت-last_blank","جت",21,0,0,1,"تنفس","تنجت"
212,"ل ","ل -اج","اج",1,1,"كو-اج","كو",1,0,0,1,"تواصل اجتماعي","تواصكواجتماعي"
246,"قع","قع-last_blank","last_blank",1,37,"زم-last_blank","زم",37,0,0,1,"توقع","توزم"
733,"first_blank","first_blank-ثر","ثر",1,20,"first_blank-ره","ره",20,0,0,1,"ثروة","رهوة"
819,"first_blank","first_blank-ثر","ثر",1,20,"first_blank-إز","إز",20,0,0,1,"ثري","إزي"
187,"ثع","ثع-با","با",1,3,"ذه-با","ذه",3,0,0,1,"ثعبان","ذهبان"
927,"first_blank","first_blank-ثل","ثل",1,31,"first_blank-خس","خس",31,0,0,1,"ثلاثة","خساثة"
805,"first_blank","first_blank-ثل","ثل",1,31,"first_blank-طع","طع",31,0,0,1,"ثلاثي","طعاثي"
831,"first_blank","first_blank-ثل","ثل",1,31,"first_blank-سـ","سـ",31,0,0,1,"ثلج","سـج"
620,"ئز","ئز-ة","ة",1,5,"ؤي-ة","ؤي",5,0,0,1,"جائزة","جاؤية"
693,"ري","ري- ا"," ا",1,1,"ري-ام","ام",1,0,0,1,"جاري الكتابة","جارياملكتابة"
738,"كس","كس-ي","ي",1,9,"لا-ي","لا",9,0,0,1,"جالاكسي","جالالاي"
729,"مع","مع-ة","ة",1,14,"اط-ة","اط",14,0,0,1,"جامعة","جااطة"
774,"جا","جا-ي","ي",1,2,"ثت-ي","ثت",2,0,0,1,"جاي","ثتي"
322,"first_blank","first_blank-جب","جب",1,34,"first_blank-حز","حز",34,0,0,1,"جبل","حزل"
463,"جب","جب-نه","نه",1,2,"طو-نه","طو",2,0,0,1,"جبنه","طونه"
127,"first_blank","first_blank-جث","جث",1,14,"first_blank-ذو","ذو",14,0,0,1,"جثة","ذوة"
241,"جد","جد-ا","ا",1,2,"ثه-ا","ثه",2,0,0,1,"جدا","ثها"
336,"first_blank","first_blank-جد","جد",1,77,"first_blank-إق","إق",77,0,0,1,"جدة","إقة"
384,"first_blank","first_blank-جذ","جذ",1,25,"first_blank-إغ","إغ",25,0,0,1,"جذاب","إغاب"
252,"first_blank","first_blank-جذ","جذ",1,25,"first_blank-إغ","إغ",25,0,0,1,"جذب","إغب"
528,"يد","يد-ة","ة",1,67,"قي-ة","قي",67,0,0,1,"جريدة","جرقية"
514,"يم","يم-ة","ة",1,57,"ول-ة","ول",56,1,0,1,"جريمة","جرولة"
594,"جز","جز-ء","ء",1,3,"دي-ء","دي",3,0,0,1,"جزء","ديء"
128," ب"," ب-دن","دن",1,1,"جا-دن","جا",1,0,0,1,"جسدي - بدني","جسدي جادني"
545,"first_blank","first_blank-جس","جس",1,36,"first_blank-ثق","ثق",36,0,0,1,"جسيم","ثقيم"
489,"first_blank","first_blank-جم","جم",1,108,"first_blank-اف","اف",108,0,0,1,"جمال","افال"
612,"جم","جم-ة","ة",1,11,"قص-ة","قص",11,0,0,1,"جمجمة","جمقصة"
728,"جم","جم-لة","لة",1,2,"غو-لة","غو",2,0,0,1,"جملة","غولة"
962,"first_blank","first_blank-جم","جم",1,108,"first_blank-وإ","وإ",108,0,0,1,"جمهور","وإهور"
345,"first_blank","first_blank-جم","جم",1,108,"first_blank-وإ","وإ",108,0,0,1,"جميل","وإيل"
465,"first_blank","first_blank-جه","جه",1,43,"first_blank-حض","حض",43,0,0,1,"جهاز","حضاز"
306,"first_blank","first_blank-جو","جو",1,196,"first_blank-كر","كر",196,0,0,1,"جواز سفر","كراز سفر"
731,"جو","جو-دة","دة",1,4,"جو-نه","نه",4,0,0,1,"جودة","جونه"
771,"جو","جو-عا","عا",1,2,"جو-بي","بي",2,0,0,1,"جوعان","جوبين"
474,"جو","جو-لي","لي",1,14,"تس-لي","تس",14,0,0,1,"جولي","تسلي"
208,"first_blank","first_blank-جو","جو",1,196,"first_blank-كر","كر",196,0,0,1,"جوهرة","كرهرة"
189,"first_blank","first_blank-جي","جي",1,207,"first_blank-تب","تب",206,1,0,1,"جيش","تبش"
360,"دث","دث-ة","ة",1,7,"ـر-ة","ـر",7,0,0,1,"حادثة","حاـرة"
34,"ة ","ة -مس","مس",1,1,"سا-مس","سا",1,0,0,1,"حافظة مسافة","حافظسامسافة"
186,"حا","حا-لة","لة",1,3,"حا-ته","ته",3,0,0,1,"حالة","حاته"
591,"وا","وا-رئ","رئ",1,1,"وا-عن","عن",1,0,0,1,"حالة طوارئ","حالة طواعن"
501,"حب","حب-ل","ل",1,2,"عو-ل","عو",2,0,0,1,"حبل","عول"
755,"نع","نع- ا"," ا",1,1,"نع-اق","اق",1,0,0,1,"حبوب منع الحمل","حبوب منعاقلحمل"
587,"first_blank","first_blank-حد","حد",1,77,"first_blank-طل","طل",77,0,0,1,"حدث","طلث"
368,"حذ","حذ-اء","اء",1,6,"عض-اء","عض",6,0,0,1,"حذاء","عضاء"
596,"first_blank","first_blank-حس","حس",1,134,"first_blank-سو","سو",134,0,0,1,"حساب","سواب"
430,"first_blank","first_blank-حس","حس",1,134,"first_blank-سو","سو",134,0,0,1,"حساس","سواس"
555,"حص","حص-اة","اة",1,1,"أج-اة","أج",1,0,0,1,"حصاة","أجاة"
387,"first_blank","first_blank-حص","حص",1,56,"first_blank-زي","زي",56,0,0,1,"حصان","زيان"
890,"حص","حص-يل","يل",1,3,"ها-يل","ها",3,0,0,1,"حصيلة","هايلة"
689,"حض","حض-ن","ن",1,2,"رل-ن","رل",2,0,0,1,"حضن","رلن"
59,"first_blank","first_blank-حف","حف",1,57,"first_blank-ذك","ذك",57,0,0,1,"حفظ","ذكظ"
78,"first_blank","first_blank-حف","حف",1,57,"first_blank-أث","أث",57,0,0,1,"حفل","أثل"
354,"يق","يق-ية","ية",1,3,"قض-ية","قض",3,0,0,1,"حفلة موسيقية","حفلة موسقضية"
667,"حق","حق-ا","ا",1,4,"قد-ا","قد",4,0,0,1,"حقا","قدا"
39,"حق","حق-نة","نة",1,2,"دا-نة","دا",2,0,0,1,"حقنة","دانة"
381,"سف","سف-ر","ر",1,3,"ات-ر","ات",3,0,0,1,"حقيبة سفر","حقيبة اتر"
554,"first_blank","first_blank-حق","حق",1,94,"first_blank-تي","تي",95,1,0,1,"حقيقة","تييقة"
772,"يق","يق-ي","ي",1,13,"فر-ي","فر",13,0,0,1,"حقيقي","حقفري"
100,"وم","وم-ة","ة",1,17,"بل-ة","بل",17,0,0,1,"حكومة","حكبلة"
24,"حل","حل-ف","ف",1,2,"تي-ف","تي",2,0,0,1,"حلف","تيف"
820,"قة","قة-last_blank","last_blank",1,223,"نه-last_blank","نه",223,0,0,1,"حلقة","حلنه"
716,"first_blank","first_blank-حل","حل",1,84,"first_blank-طب","طب",84,0,0,1,"حلم","طبم"
496,"حم","حم-ة","ة",1,5,"مـ-ة","مـ",5,0,0,1,"حمة","مـة"
947,"first_blank","first_blank-حم","حم",1,114,"first_blank-صا","صا",114,0,0,1,"حمل","صال"
526,"first_blank","first_blank-حم","حم",1,114,"first_blank-صا","صا",114,0,0,1,"حميم","صايم"
392,"first_blank","first_blank-حو","حو",1,61,"first_blank-دف","دف",61,0,0,1,"حول","دفل"
934,"حي","حي-وا","وا",1,23,"صل-وا","صل",23,0,0,1,"حيوان","صلوان"
125,"ئن","ئن-last_blank","last_blank",1,11,"قش-last_blank","قش",11,0,0,1,"خائن","خاقش"
531,"دم","دم-last_blank","last_blank",1,82,"هر-last_blank","هر",82,0,0,1,"خادم","خاهر"
798,"دم","دم-ة","ة",1,21,"زي-ة","زي",21,0,0,1,"خادمة","خازية"
420,"رج","رج-ي","ي",1,10,"لس-ي","لس",10,0,0,1,"خارجي","خالسي"
806,"طئ","طئ-ة","ة",1,5,"هش-ة","هش",5,0,0,1,"خاطئة","خاهشة"
330,"خب","خب-را","را",1,7,"أخ-را","أخ",7,0,0,1,"خبرات","أخرات"
537,"خد","خد-last_blank","last_blank",1,10,"سق-last_blank","سق",10,0,0,1,"خد","سق"
830,"طو","طو-م","م",1,3,"ضخ-م","ضخ",3,0,0,1,"خرطوم","خرضخم"
285,"يط","يط-ة","ة",1,13,"صي-ة","صي",13,0,0,1,"خريطة","خرصية"
405,"first_blank","first_blank-خز","خز",1,23,"first_blank-فم","فم",23,0,0,1,"خزانة","فمانة"
406,"first_blank","first_blank-خط","خط",1,156,"first_blank-عل","عل",156,0,0,1,"خطأ","علأ"
407,"خط","خط-بة","بة",1,2,"ته-بة","ته",2,0,0,1,"خطبة","تهبة"
788,"خط","خط-ر","ر",1,3,"كت-ر","كت",3,0,0,1,"خطر","كتر"
786,"first_blank","first_blank-خط","خط",1,156,"first_blank-عل","عل",156,0,0,1,"خطير","علير"
481,"first_blank","first_blank-خف","خف",1,24,"first_blank-جـ","جـ",24,0,0,1,"خفض","جـض"
178,"first_blank","first_blank-خف","خف",1,24,"first_blank-لآ","لآ",24,0,0,1,"خفيفة","لآيفة"
896,"خل","خل-اف","اف",1,11,"مح-اف","مح",11,0,0,1,"خلاف","محاف"
807,"خل","خل-يط","يط",1,3,"خل-وق","وق",3,0,0,1,"خليط","خلوق"
393,"first_blank","first_blank-خو","خو",1,35,"first_blank-نط","نط",35,0,0,1,"خوارق","نطارق"
929,"first_blank","first_blank-خي","خي",1,73,"first_blank-وه","وه",73,0,0,1,"خيالي","وهالي"
845," ا"," ا-لا","لا",1,1,"بج-لا","بج",1,0,0,1,"خيبة الامل","خيبةبجلامل"
588,"دا","دا-كن","كن",1,5,"دا-ثي","ثي",5,0,0,1,"داكن","داثي"
64,"اس","اس-ة","ة",1,29,"عد-ة","عد",29,0,0,1,"دراسة","درعدة"
133,"را","را-رة","رة",1,6,"را-ين","ين",6,0,0,1,"درجة الحرارة","درجة الحراين"
427,"در","در-ع","ع",1,2,"زو-ع","زو",2,0,0,1,"درع","زوع"
688,"تو","تو-ر","ر",1,20,"بي-ر","بي",20,0,0,1,"دستور","دسبير"
379,"دف","دف-ن","ن",1,7,"ور-ن","ور",7,0,0,1,"دفن","ورن"
625,"ر ","ر -جا","جا",1,1,"اد-جا","اد",1,0,0,1,"دكتور جامعى","دكتوادجامعى"
432,"دل","دل-يل","يل",1,8,"اص-يل","اص",8,0,0,1,"دليل","اصيل"
787,"اغ","اغ-ي","ي",1,7,"كب-ي","كب",7,0,0,1,"دماغي","دمكبي"
674,"ده","ده-ان","ان",1,3,"نق-ان","نق",3,0,0,1,"دهان","نقان"
428," ا"," ا-لم","لم",1,1,"مق-لم","مق",1,0,0,1,"دوره المياه","دورهمقلمياه"
361,"دو","دو-ري","ري",1,12,"تظ-ري","تظ",12,0,0,1,"دورية","تظرية"
351,"لا","لا-ر","ر",1,3,"قب-ر","قب",3,0,0,1,"دولار","دوقبر"
421,"دي","دي-ر","ر",1,27,"وا-ر","وا",25,2,0,1,"دير","وار"
834,"رص","رص-وم","وم",1,1,"رص-تك","تك",1,0,0,1,"ديرصومعة","ديرصتكعة"
544,"دي","دي-سم","سم",1,1,"دي-لت","لت",1,0,0,1,"ديسمبر","ديلتبر"
423,"ك ","ك -رو","رو",1,1,"نو-رو","نو",1,0,0,1,"ديك رومى","دينورومى"
135,"مق","مق-را","را",1,7,"إي-را","إي",7,0,0,1,"ديمقراطية","ديإيراطية"
671,"first_blank","first_blank-دي","دي",1,196,"first_blank-بق","بق",196,0,0,1,"دين","بقن"
106,"first_blank","first_blank-دي","دي",1,196,"first_blank-كر","كر",196,0,0,1,"ديناميت","كرناميت"
293,"دي","دي-نغ","نغ",1,5,"دي-هم","هم",5,0,0,1,"دينغ","ديهم"
952,"ذئ","ذئ-ب","ب",1,2,"ول-ب","ول",2,0,0,1,"ذئب","ولب"
974,"first_blank","first_blank-ذر","ذر",1,27,"first_blank-أأ","أأ",27,0,0,1,"ذراع","أأاع"
11,"first_blank","first_blank-ذر","ذر",1,27,"first_blank-وآ","وآ",27,0,0,1,"ذروة","وآوة"
149,"ذر","ذر-يع","يع",1,4,"وز-يع","وز",4,0,0,1,"ذريعة","وزيعة"
438,"ذك","ذك-ي","ي",1,2,"غذ-ي","غذ",2,0,0,1,"ذكي","غذي"
75," ق"," ق-يم","يم",1,1,"تر-يم","تر",1,0,0,1,"ذو قيمة","ذوتريمة"
935,"رؤ","رؤ-ية","ية",1,3,"وا-ية","وا",3,0,0,1,"رؤية","واية"
44,"first_blank","first_blank-رئ","رئ",1,35,"first_blank-كـ","كـ",35,0,0,1,"رئيس","كـيس"
217,"ئح","ئح-ة","ة",1,6,"حط-ة","حط",6,0,0,1,"رائحة","راحطة"
871,"ئع","ئع-ة","ة",1,10,"ظم-ة","ظم",10,0,0,1,"رائعة","راظمة"
261,"حق","حق-ا","ا",1,4,"لت-ا","لت",4,0,0,1,"رائعة حقا","رائعة لتا"
124,"بع","بع-ا","ا",1,11,"أن-ا","أن",11,0,0,1,"رابعا","راأنا"
446,"تب","تب-last_blank","last_blank",1,28,"اش-last_blank","اش",28,0,0,1,"راتب","رااش"
905,"قب","قب-last_blank","last_blank",1,43,"هد-last_blank","هد",43,0,0,1,"راقب","راهد"
456,"نق","نق-last_blank","last_blank",1,24,"هه-last_blank","هه",24,0,0,1,"ربطة عنق","ربطة عهه"
902,"first_blank","first_blank-رب","رب",1,66,"first_blank-شع","شع",66,0,0,1,"ربع","شعع"
917,"ير","ير-ان","ان",1,14,"فن-ان","فن",14,0,0,1,"رحلة طيران","رحلة طفنان"
841,"first_blank","first_blank-رح","رح",1,50,"first_blank-لخ","لخ",50,0,0,1,"رحمة","لخمة"
635,"first_blank","first_blank-رخ","رخ",1,14,"first_blank-do","do",14,0,0,1,"رخيص","doيص"
264,"first_blank","first_blank-رس","رس",1,62,"first_blank-عب","عب",62,0,0,1,"رسالة","عبالة"
973,"first_blank","first_blank-رش","رش",1,28,"first_blank-هم","هم",28,0,0,1,"رشفة","همفة"
628,"first_blank","first_blank-رص","رص",1,19,"first_blank-th","th",19,0,0,1,"رصاصة","thاصة"
472,"لب","لب-قر","قر",1,1,"لب-يه","يه",1,0,0,1,"رعاة البقر","رعاة البيه"
263,"رع","رع-د","د",1,2,"شر-د","شر",2,0,0,1,"رعد","شرد"
462,"رغ","رغ-بة","بة",1,3,"رغ-ري","ري",3,0,0,1,"رغبة","رغري"
383,"رق","رق-بة","بة",1,3,"عو-بة","عو",3,0,0,1,"رقبة","عوبة"
451,"first_blank","first_blank-رق","رق",1,51,"first_blank-سج","سج",51,0,0,1,"رقص","سجص"
722,"رك","رك-بة","بة",1,5,"اق-بة","اق",5,0,0,1,"ركبة","اقبة"
621,"رم","رم-ز","ز",1,2,"دل-ز","دل",2,0,0,1,"رمز","دلز"
586,"رم","رم-ل","ل",1,2,"لف-ل","لف",2,0,0,1,"رمل","لفل"
726,"first_blank","first_blank-ره","ره",1,20,"first_blank-ثر","ثر",20,0,0,1,"رهيب","ثريب"
495,"رو","رو-ب","ب",1,12,"ان-ب","ان",12,0,0,1,"روب","انب"
471,"first_blank","first_blank-رو","رو",1,225,"first_blank-وج","وج",225,0,0,1,"روح","وجح"
713,"first_blank","first_blank-رو","رو",1,225,"first_blank-وج","وج",225,0,0,1,"روما","وجما"
426,"نس","نس-ي","ي",1,13,"سم-ي","سم",13,0,0,1,"رومانسي","روماسمي"
868,"ري","ري-اد","اد",1,1,"ري-نـ","نـ",1,0,0,1,"ريادي","رينـي"
926,"اض","اض-ة","ة",1,7,"شد-ة","شد",7,0,0,1,"رياضة","ريشدة"
794,"ري","ري-شة","شة",1,2,"ري-مت","مت",2,0,0,1,"ريشة","ريمت"
602,"first_blank","first_blank-زب","زب",1,21,"first_blank-ده","ده",21,0,0,1,"زبدة","دهدة"
550,"first_blank","first_blank-زب","زب",1,21,"first_blank-فط","فط",21,0,0,1,"زبون","فطون"
478,"first_blank","first_blank-زج","زج",1,11,"first_blank-re","re",11,0,0,1,"زجاجة","reاجة"
611,"first_blank","first_blank-زع","زع",1,15,"first_blank-ذن","ذن",15,0,0,1,"زعيم","ذنيم"
101,"first_blank","first_blank-زف","زف",1,13,"first_blank-st","st",13,0,0,1,"زفاف","stاف"
467,"first_blank","first_blank-زق","زق",1,2,"first_blank-دز","دز",2,0,0,1,"زقاق","دزاق"
827,"زه","زه-رة","رة",1,2,"تص-رة","تص",2,0,0,1,"زهرة","تصرة"
584,"first_blank","first_blank-زو","زو",1,76,"first_blank-تذ","تذ",76,0,0,1,"زواج","تذاج"
157,"زو","زو-جة","جة",1,6,"تا-جة","تا",6,0,0,1,"زوجة","تاجة"
516,"first_blank","first_blank-زى","زى",1,1,"first_blank-sc","sc",1,0,0,1,"زى موحد","sc موحد"
452,"ئق","ئق-last_blank","last_blank",1,18,"مض-last_blank","مض",18,0,0,1,"سائق","سامض"
159,"عر","عر-كة","كة",1,3,"ضح-كة","ضح",3,0,0,1,"ساحة المعركة","ساحة المضحكة"
490,"حر","حر-last_blank","last_blank",1,19,"خة-last_blank","خة",19,0,0,1,"ساحر","ساخة"
754,"حر","حر-ة","ة",1,4,"تن-ة","تن",4,0,0,1,"ساحرة","ساتنة"
518,"سا","سا-حل","حل",1,5,"سا-ها","ها",5,0,0,1,"ساحل","ساها"
491,"سا","سا-خر","خر",1,6,"سا-هل","هل",6,0,0,1,"ساخر","ساهل"
485,"سا","سا-خر","خر",1,6,"سا-عا","عا",6,0,0,1,"ساخرة","ساعاة"
16,"سج","سج-اد","اد",1,7,"بع-اد","بع",7,0,0,1,"سجاد","بعاد"
568,"سح","سح-لي","لي",1,2,"تظ-لي","تظ",2,0,0,1,"سحلية","تظلية"
492,"first_blank","first_blank-سخ","سخ",1,25,"first_blank-جذ","جذ",25,0,0,1,"سخيف","جذيف"
938,"طا","طا-ن","ن",1,15,"حو-ن","حو",15,0,0,1,"سرطان","سرحون"
329,"ن ","ن -ال","ال",1,1,"يم-ال","يم",1,0,0,1,"سرطان البحر","سرطايمالبحر"
811,"سر","سر-عة","عة",1,5,"سر-ون","ون",5,0,0,1,"سرعة","سرون"
494,"قة","قة-last_blank","last_blank",1,223,"نه-last_blank","نه",223,0,0,1,"سرقة","سرنه"
732,"first_blank","first_blank-سر","سر",1,119,"first_blank-فو","فو",119,0,0,1,"سرير","فوير"
109,"first_blank","first_blank-سر","سر",1,119,"first_blank-فو","فو",119,0,0,1,"سريع","فويع"
743," ا"," ا-لت","لت",1,1,"نج-لت","نج",1,0,0,1,"سريع التبخر","سريعنجلتبخر"
576,"لخ","لخ-ار","ار",1,3,"قد-ار","قد",3,0,0,1,"سطح - المظهر الخارجي","سطح  المظهر اقدارجي"
450,"first_blank","first_blank-سع","سع",1,48,"first_blank-بذ","بذ",48,0,0,1,"سعيدة","بذيدة"
573,"سف","سف-ين","ين",1,16,"كر-ين","كر",16,0,0,1,"سفينة","كرينة"
460,"سك","سك-را","را",1,11,"لق-را","لق",11,0,0,1,"سكران","لقران"
513,"سك","سك-ين","ين",1,14,"رت-ين","رت",14,0,0,1,"سكين","رتين"
818,"سل","سل-اح","اح",1,16,"سل-سل","سل",15,1,0,1,"سلاح","سلسل"
499,"لم","لم-دف","دف",1,1,"لم-قص","قص",1,0,0,1,"سلاح المدفعية","سلاح المقصعية"
93,"first_blank","first_blank-سل","سل",1,148,"first_blank-يد","يد",147,1,0,1,"سلامة","يدامة"
382,"حف","حف-اة","اة",1,2,"مر-اة","مر",2,0,0,1,"سلحفاة","سلمراة"
374,"سل","سل-طة","طة",1,5,"سل-ني","ني",5,0,0,1,"سلطة","سلني"
390,"سم","سم-عة","عة",1,2,"زو-عة","زو",2,0,0,1,"سمعة","زوعة"
505,"first_blank","first_blank-سم","سم",1,140,"first_blank-لق","لق",140,0,0,1,"سمك","لقك"
894,"يك","يك-last_blank","last_blank",1,182,"رت-last_blank","رت",182,0,0,1,"سميك","سمرت"
821,"سن","سن-last_blank","last_blank",1,42,"وض-last_blank","وض",42,0,0,1,"سن","وض"
885,"مت","مت-ر","ر",1,5,"فا-ر","فا",5,0,0,1,"سنتيمتر","سنتيفار"
649,"سه","سه-ل","ل",1,5,"رت-ل","رت",5,0,0,1,"سهل","رتل"
359,"سو","سو-ر","ر",1,8,"يب-ر","يب",8,0,0,1,"سور","يبر"
358,"سي","سي-ئة","ئة",1,2,"سي-صع","صع",2,0,0,1,"سيئة","سيصع"
601,"ار","ار-ة ","ة ",1,1,"ار-كز","كز",1,0,0,1,"سيارة نقل","سياركزنقل"
170,"اس","اس-ة","ة",1,29,"عد-ة","عد",29,0,0,1,"سياسة","سيعدة"
370,"اس","اس-ي","ي",1,30,"عت-ي","عت",30,0,0,1,"سياسي","سيعتي"
424,"سي","سي-جا","جا",1,8,"سي-ين","ين",8,0,0,1,"سيجار","سيينر"
116,"سي","سي-جا","جا",1,8,"سي-ين","ين",8,0,0,1,"سيجارة","سيينرة"
454,"سي","سي-دة","دة",1,4,"سي-تز","تز",4,0,0,1,"سيدة","سيتز"
969,"سي","سي-ر","ر",1,17,"اف-ر","اف",17,0,0,1,"سير","افر"
367,"سي","سي-رك","رك",1,7,"عا-رك","عا",7,0,0,1,"سيرك","عارك"
783,"تو","تو-ر","ر",1,20,"نظ-ر","نظ",20,0,0,1,"سيناتور","سينانظر"
356,"حن","حن-ة","ة",1,7,"فظ-ة","فظ",7,0,0,1,"شاحنة","شافظة"
161,"رع","رع-last_blank","last_blank",1,67,"يز-last_blank","يز",67,0,0,1,"شارع","شايز"
606,"شا","شا-كو","كو",1,1,"شا-يس","يس",1,0,0,1,"شاكوش","شايسش"
414,"مب","مب-ان","ان",1,8,"مب-كر","كر",8,0,0,1,"شامبانيا","شامبكريا"
174,"first_blank","first_blank-شت","شت",1,10,"first_blank-خج","خج",10,0,0,1,"شتاء","خجاء"
234,"first_blank","first_blank-شج","شج",1,29,"first_blank-نض","نض",29,0,0,1,"شجاع","نضاع"
429,"شج","شج-رة","رة",1,3,"جو-رة","جو",3,0,0,1,"شجرة","جورة"
278,"ص ","ص -شر","شر",1,1,"كب-شر","كب",1,0,0,1,"شخص شره","شخكبشره"
529,"شر","شر-ف","ف",1,7,"ظي-ف","ظي",7,0,0,1,"شرف","ظيف"
638,"first_blank","first_blank-شر","شر",1,174,"first_blank-تك","تك",174,0,0,1,"شرق","تكق"
233,"يط","يط-last_blank","last_blank",1,41,"ظر-last_blank","ظر",41,0,0,1,"شريط","شرظر"
249,"first_blank","first_blank-شع","شع",1,66,"first_blank-اض","اض",66,0,0,1,"شعور","اضور"
388,"شغ","شغ-ف","ف",1,2,"ـو-ف","ـو",2,0,0,1,"شغف","ـوف"
76," ي"," ي-شف","شف",1,1,"بم-شف","بم",1,0,0,1,"شفاء - يشفى","شفاء بمشفى"
291,"first_blank","first_blank-شق","شق",1,43,"first_blank-تظ","تظ",43,0,0,1,"شقة","تظة"
10,"first_blank","first_blank-شق","شق",1,43,"first_blank-آن","آن",43,0,0,1,"شقيق","آنيق"
520,"first_blank","first_blank-شك","شك",1,54,"first_blank-إف","إف",54,0,0,1,"شكر","إفر"
349,"first_blank","first_blank-شم","شم",1,29,"first_blank-ثو","ثو",29,0,0,1,"شمال","ثوال"
197,"first_blank","first_blank-شم","شم",1,29,"first_blank-عـ","عـ",29,0,0,1,"شمسي","عـسي"
824,"شم","شم-عة","عة",1,2,"ري-عة","ري",2,0,0,1,"شمعة","ريعة"
167,"شه","شه-اد","اد",1,11,"بر-اد","بر",11,0,0,1,"شهادة","برادة"
863,"كة","كة-last_blank","last_blank",1,65,"اط-last_blank","اط",65,0,0,1,"شوكة","شواط"
163,"تة","تة-last_blank","last_blank",1,42,"حل-last_blank","حل",42,0,0,1,"شوكولاتة","شوكولاحل"
742,"شي","شي-ئا","ئا",1,3,"شي-رة","رة",3,0,0,1,"شيئا ما","شيرة ما"
860,"طا","طا-ن","ن",1,15,"ذي-ن","ذي",15,0,0,1,"شيطان","شيذين"
395,"first_blank","first_blank-صا","صا",1,114,"first_blank-حم","حم",114,0,0,1,"صاحب","حمحب"
853,"دق","دق-last_blank","last_blank",1,39,"لع-last_blank","لع",39,0,0,1,"صادق","صالع"
547,"صا","صا-رو","رو",1,8,"هي-رو","هي",8,0,0,1,"صاروخ","هيروخ"
287,"first_blank","first_blank-صا","صا",1,114,"first_blank-قو","قو",114,0,0,1,"صافرة","قوفرة"
636,"first_blank","first_blank-صب","صب",1,37,"first_blank-وظ","وظ",37,0,0,1,"صباح","وظاح"
655,"صب","صب-ي","ي",1,4,"رص-ي","رص",4,0,0,1,"صبي","رصي"
479,"first_blank","first_blank-صح","صح",1,55,"first_blank-له","له",55,0,0,1,"صحافة","لهافة"
795,"اف","اف-ي","ي",1,35,"ند-ي","ند",35,0,0,1,"صحافي","صحندي"
618,"اق","اق-ة","ة",1,45,"كي-ة","كي",44,1,0,1,"صداقة","صدكية"
837,"صد","صد-ر","ر",1,12,"اط-ر","اط",12,0,0,1,"صدر","اطر"
730,"صد","صد-يق","يق",1,46,"حق-يق","حق",46,0,0,1,"صديق","حقيق"
703,"first_blank","first_blank-صغ","صغ",1,32,"first_blank-قن","قن",32,0,0,1,"صغير","قنير"
624,"first_blank","first_blank-صغ","صغ",1,32,"first_blank-عج","عج",32,0,0,1,"صغيرة","عجيرة"
842,"first_blank","first_blank-صف","صف",1,63,"first_blank-بـ","بـ",63,0,0,1,"صفقة","بـقة"
146,"صل","صل-ب","ب",1,3,"وك-ب","وك",3,0,0,1,"صلب","وكب"
725,"صة","صة-last_blank","last_blank",1,33,"حا-last_blank","حا",33,0,0,1,"صلصة","صلحا"
563,"وغ","وغ-را","را",1,1,"نس-را","نس",1,0,0,1,"صورة فوتوغرافية","صورة فوتنسرافية"
396,"صي","صي-ح","ح",1,1,"حا-ح","حا",1,0,0,1,"صيح","حاح"
173,"د ","د -ال","ال",1,1,"إح-ال","إح",1,0,0,1,"صيد السمك","صيإحالسمك"
651,"first_blank","first_blank-ضب","ضب",1,14,"first_blank-غض","غض",14,0,0,1,"ضباب","غضاب"
712,"first_blank","first_blank-ضع","ضع",1,36,"first_blank-از","از",36,0,0,1,"ضعيف","ازيف"
711,"طا","طا-قة","قة",1,7,"طا-نا","نا",7,0,0,1,"طاقة","طانا"
982,"طا","طا-ه","ه",1,4,"لد-ه","لد",4,0,0,1,"طاه","لده"
431,"يب","يب-last_blank","last_blank",1,171,"في-last_blank","في",171,0,0,1,"طبيب","طبفي"
707,"طح","طح-ين","ين",1,2,"مم-ين","مم",2,0,0,1,"طحين","ممين"
580,"first_blank","first_blank-طر","طر",1,89,"first_blank-لش","لش",89,0,0,1,"طريق","لشيق"
659,"طع","طع-م","م",1,6,"حت-م","حت",6,0,0,1,"طعم","حتم"
311,"طف","طف-ره","ره",1,1,"او-ره","او",1,0,0,1,"طفره","اوره"
583,"طف","طف-ل","ل",1,8,"زي-ل","زي",8,0,0,1,"طفل","زيل"
177,"first_blank","first_blank-طل","طل",1,77,"first_blank-إق","إق",77,0,0,1,"طلب","إقب"
112,"اط","اط-م","م",1,2,"وش-م","وش",2,0,0,1,"طماطم","طموشم"
312,"عا","عا-، ","، ",1,1,"عا-هد","هد",1,0,0,1,"طوعا، بمحض ارادتك","طوعاهدبمحض ارادتك"
698,"first_blank","first_blank-طو","طو",1,57,"first_blank-ذك","ذك",57,0,0,1,"طويل","ذكيل"
444,"first_blank","first_blank-طي","طي",1,32,"first_blank-إض","إض",32,0,0,1,"طيار","إضار"
176,"ر ","ر -ال","ال",1,1,"سه-ال","سه",1,0,0,1,"ظهر السفينة","ظهسهالسفينة"
590,"جز","جز-ة","ة",1,6,"دئ-ة","دئ",6,0,0,1,"عاجزة","عادئة"
553,"عا","عا-دي","دي",1,13,"لص-دي","لص",12,1,0,1,"عادي","لصدي"
888,"عا","عا-ري","ري",1,10,"بي-ري","بي",10,0,0,1,"عارية","بيرية"
605,"شق","شق-last_blank","last_blank",1,19,"صا-last_blank","صا",19,0,0,1,"عاشق","عاصا"
476,"عا","عا-صف","صف",1,7,"عا-زب","زب",7,0,0,1,"عاصفه","عازبه"
615,"طف","طف-ي","ي",1,3,"لو-ي","لو",3,0,0,1,"عاطفي","عالوي"
179,"لم","لم-last_blank","last_blank",1,142,"عه-last_blank","عه",142,0,0,1,"عالم","عاعه"
942,"لم","لم-ي","ي",1,15,"رك-ي","رك",15,0,0,1,"عالمي","عاركي"
804,"مل","مل-last_blank","last_blank",1,129,"سي-last_blank","سي",130,1,0,1,"عامل","عاسي"
247,"عد","عد-ال","ال",1,5,"لم-ال","لم",5,0,0,1,"عدالة","لمالة"
107,"عد","عد-ل","ل",1,7,"مـ-ل","مـ",7,0,0,1,"عدل","مـل"
654,"first_blank","first_blank-عد","عد",1,78,"first_blank-مث","مث",78,0,0,1,"عدوى","مثوى"
598,"لق","لق-يم","يم",1,1,"تر-يم","تر",1,0,0,1,"عديم القيمة","عديم اتريمة"
86,"عذ","عذ-ر","ر",1,3,"اع-ر","اع",3,0,0,1,"عذر","اعر"
295,"عر","عر-ش","ش",1,3,"قا-ش","قا",3,0,0,1,"عرش","قاش"
313,"first_blank","first_blank-عر","عر",1,117,"first_blank-تغ","تغ",117,0,0,1,"عرف","تغف"
480,"first_blank","first_blank-عر","عر",1,117,"first_blank-يص","يص",117,0,0,1,"عروس","يصوس"
753,"لع","لع-به","به",1,4,"جا-به","جا",4,0,0,1,"عروسه لعبه","عروسه جابه"
663,"فو","فو-ر","ر",1,9,"كي-ر","كي",9,0,0,1,"عصفور","عصكير"
386,"عص","عص-ير","ير",1,4,"خد-ير","خد",4,0,0,1,"عصير","خدير"
608,"عض","عض-لة","لة",1,2,"ات-لة","ات",2,0,0,1,"عضلة","اتلة"
9,"عط","عط-ر","ر",1,2,"ون-ر","ون",2,0,0,1,"عطر","ونر"
353,"عط","عط-ش","ش",1,3,"قا-ش","قا",3,0,0,1,"عطش","قاش"
764,"نو","نو-ات","ات",1,4,"وج-ات","وج",4,0,0,1,"عقد، عشر سنوات","عقد، عشر سوجات"
616,"س ","س -ذل","ذل",1,1,"ول-ذل","ول",1,0,0,1,"عكس ذلك","عكولذلك"
617,"عل","عل-اج","اج",1,15,"تر-اج","تر",15,0,0,1,"علاج","تراج"
320,"first_blank","first_blank-عل","عل",1,156,"first_blank-خط","خط",156,0,0,1,"علم","خطم"
308,"م ","م -ال","ال",1,1,"كن-ال","كن",1,0,0,1,"علم النفس","علكنالنفس"
273,"عم","عم-دا","دا",1,2,"أش-دا","أش",2,0,0,1,"عمدا","أشدا"
533,"عم","عم-دة","دة",1,5,"ار-دة","ار",5,0,0,1,"عمدة","اردة"
372,"عم","عم-لي","لي",1,30,"بو-لي","بو",30,0,0,1,"عمليا","بوليا"
272,"وم","وم-ا","ا",1,19,"كه-ا","كه",19,0,0,1,"عموما","عمكها"
466,"first_blank","first_blank-عن","عن",1,108,"first_blank-جم","جم",108,0,0,1,"عنوان","جموان"
814,"عي","عي-اد","اد",1,10,"عي-نه","نه",10,0,0,1,"عيادة","عينهة"
437,"د ","د -ال","ال",1,1,"آن-ال","آن",1,0,0,1,"عيد الميلاد","عيآنالميلاد"
631,"غا","غا-بة","بة",1,3,"تو-بة","تو",3,0,0,1,"غابة","توبة"
172,"first_blank","first_blank-غا","غا",1,120,"first_blank-نح","نح",120,0,0,1,"غادر","نحدر"
652,"ضب","ضب-last_blank","last_blank",1,12,"ظه-last_blank","ظه",12,0,0,1,"غاضب","غاظه"
277,"لب","لب-ا","ا",1,3,"دث-ا","دث",3,0,0,1,"غالبا","غادثا"
350,"غب","غب-اء","اء",1,3,"إس-اء","إس",3,0,0,1,"غباء","إساء"
484,"غب","غب-ي","ي",1,4,"زم-ي","زم",4,0,0,1,"غبي","زمي"
47,"first_blank","first_blank-غث","غث",1,1,"first_blank-av","av",1,0,0,1,"غثيان","avيان"
930,"first_blank","first_blank-غد","غد",1,18,"first_blank-زن","زن",18,0,0,1,"غداء","زناء"
739,"first_blank","first_blank-غر","غر",1,138,"first_blank-او","او",137,1,0,1,"غرام","اوام"
777," ن"," ن-وم","وم",1,1,"نـ-وم","نـ",1,0,0,1,"غرفة نوم","غرفةنـوم"
646,"يب","يب-last_blank","last_blank",1,171,"في-last_blank","في",171,0,0,1,"غريب","غرفي"
998,"غس","غس-ل","ل",1,6,"شع-ل","شع",6,0,0,1,"غسل","شعل"
642,"first_blank","first_blank-غض","غض",1,14,"first_blank-فد","فد",14,0,0,1,"غضب","فدب"
352,"رس","رس-ة","ة",1,14,"قب-ة","قب",14,0,0,1,"غطرسة","غطقبة"
695,"ري","ري-لا","لا",1,7,"ري-به","به",7,0,0,1,"غوريلا","غوريبه"
378,"غي","غي-اب","اب",1,9,"تش-اب","تش",9,0,0,1,"غياب","تشاب"
290,"غي","غي-تا","تا",1,3,"غي-لي","لي",3,0,0,1,"غيتار","غيلير"
648,"ر ","ر -سا","سا",1,1,"جر-سا","جر",1,0,0,1,"غير سارة","غيجرسارة"
595,"ر ","ر -قا","قا",1,1,"عن-قا","عن",1,0,0,1,"غير قادر","غيعنقادر"
650,"غي","غي-ر ","ر ",1,1,"غي-ظا","ظا",1,0,0,1,"غير مسؤول","غيظامسؤول"
589,"ر ","ر -من","من",1,1,"أق-من","أق",1,0,0,1,"غير منصف","غيأقمنصف"
184,"فأ","فأ-ر","ر",1,2,"يغ-ر","يغ",2,0,0,1,"فأر","يغر"
267,"كس","كس-last_blank","last_blank",1,72,"رح-last_blank","رح",72,0,0,1,"فاكس","فارح"
315,"كه","كه-ة","ة",1,3,"صـ-ة","صـ",3,0,0,1,"فاكهة","فاصـة"
696,"ني","ني-لا","لا",1,5,"إغ-لا","إغ",5,0,0,1,"فانيلا","فاإغلا"
799,"first_blank","first_blank-فت","فت",1,77,"first_blank-إق","إق",77,0,0,1,"فترة","إقرة"
639,"فج","فج-ر","ر",1,15,"ذا-ر","ذا",15,0,0,1,"فجر","ذار"
410,"فد","فد-ية","ية",1,2,"رش-ية","رش",2,0,0,1,"فدية","رشية"
661,"فر","فر-ح","ح",1,4,"قي-ح","قي",4,0,0,1,"فرح","قيح"
525,"فر","فر-د","د",1,7,"طا-د","طا",7,0,0,1,"فرد","طاد"
148,"فر","فر-ض","ض",1,3,"مو-ض","مو",3,0,0,1,"فرض","موض"
394," ن"," ن-وع","وع",1,1,"لك-وع","لك",1,0,0,1,"فريدة من نوعها","فريدة منلكوعها"
151,"يق","يق-last_blank","last_blank",1,121,"تم-last_blank","تم",121,0,0,1,"فريق","فرتم"
325,"فس","فس-تا","تا",1,6,"تم-تا","تم",6,0,0,1,"فستان","تمتان"
439,"first_blank","first_blank-فض","فض",1,50,"first_blank-لخ","لخ",50,0,0,1,"فضة","لخة"
911,"first_blank","first_blank-فض","فض",1,50,"first_blank-عو","عو",50,0,0,1,"فضيحة","عويحة"
850,"first_blank","first_blank-فع","فع",1,70,"first_blank-عق","عق",70,0,0,1,"فعال","عقال"
62,"first_blank","first_blank-فع","فع",1,70,"first_blank-إد","إد",69,1,0,1,"فعل","إدل"
126,"فق","فق-رة","رة",1,2,"تش-رة","تش",2,0,0,1,"فقرة","تشرة"
248,"ر ","ر -في","في",1,1,"له-في","له",1,0,0,1,"فكر في","فكلهفي"
366,"فل","فل-ز","ز",1,1,"لم-ز","لم",1,0,0,1,"فلز","لمز"
185," ص"," ص-غي","غي",1,1,"وأ-غي","وأ",1,0,0,1,"فندق صغير","فندقوأغير"
949,"فو","فو-دك","دك",1,2,"بل-دك","بل",2,0,0,1,"فودكا","بلدكا"
211," ا"," ا-حس","حس",1,1,"ست-حس","ست",1,0,0,1,"في احسن الاحوال","فيستحسن الاحوال"
244," ا"," ا-لا","لا",1,1,"مذ-لا","مذ",1,0,0,1,"في الامس","فيمذلامس"
12," ا"," ا-لن","لن",1,1,"حف-لن","حف",1,0,0,1,"في النهاية","فيحفلنهاية"
141,"في","في- د"," د",1,1,"في-بز","بز",1,0,0,1,"في داخل","فيبزاخل"
266,"تا","تا-مي","مي",1,8,"مح-مي","مح",8,0,0,1,"فيتامين","فيمحمين"
436,"في","في-دي","دي",1,11,"ول-دي","ول",11,0,0,1,"فيديو","ولديو"
809,"ي ","ي -ال","ال",1,1,"فم-ال","فم",1,0,0,1,"فيروس العوز المناعي البشري","فيروس العوز المناعفمالبشري"
38,"في","في-لم","لم",1,10,"في-زي","زي",10,0,0,1,"فيلم","فيزي"
190,"نت","نت-خب","خب",1,1,"نت-أم","أم",1,0,0,1,"قائد المنتخب","قائد المنتأم"
191,"تل","تل-last_blank","last_blank",1,60,"لف-last_blank","لف",60,0,0,1,"قاتل","قالف"
872,"تل","تل-ة ","ة ",1,1,"تل-ئه","ئه",1,0,0,1,"قاتلة - مهلك","قاتلئه مهلك"
644,"قا","قا-رب","رب",1,13,"قا-ئه","ئه",13,0,0,1,"قارب","قائه"
685,"قا","قا-سي","سي",1,10,"لو-سي","لو",10,0,0,1,"قاسية","لوسية"
862,"ضي","ضي-last_blank","last_blank",1,61,"لف-last_blank","لف",60,1,0,1,"قاضي","قالف"
645,"نو","نو-ني","ني",1,10,"تع-ني","تع",10,0,0,1,"قانوني","قاتعني"
42,"ض ","ض -عل","عل",1,1,"با-عل","با",1,0,0,1,"قبض على","قبباعلى"
415,"قب","قب-عة","عة",1,2,"اد-عة","اد",2,0,0,1,"قبعة","ادعة"
464,"first_blank","first_blank-قب","قب",1,91,"first_blank-مض","مض",91,0,0,1,"قبول","مضول"
104,"first_blank","first_blank-قت","قت",1,59,"first_blank-وخ","وخ",59,0,0,1,"قتل","وخل"
691,"قد","قد-ر","ر",1,10,"رو-ر","رو",10,0,0,1,"قدر","رور"
105,"قد","قد-رة","رة",1,3,"شي-رة","شي",3,0,0,1,"قدرة","شيرة"
854,"قذ","قذ-رة","رة",1,2,"تق-رة","تق",2,0,0,1,"قذرة","تقرة"
88,"first_blank","first_blank-قر","قر",1,150,"first_blank-وك","وك",150,0,0,1,"قريب","وكيب"
839,"قر","قر-ية","ية",1,5,"دا-ية","دا",5,0,0,1,"قرية","داية"
900,"first_blank","first_blank-قص","قص",1,66,"first_blank-اض","اض",66,0,0,1,"قصيدة","اضيدة"
228,"first_blank","first_blank-قض","قض",1,48,"first_blank-تؤ","تؤ",48,0,0,1,"قضيب","تؤيب"
932,"first_blank","first_blank-قط","قط",1,59,"first_blank-به","به",59,0,0,1,"قطاع","بهاع"
727,"قط","قط-ة","ة",1,12,"تع-ة","تع",12,0,0,1,"قطة","تعة"
534,"first_blank","first_blank-قط","قط",1,59,"first_blank-وخ","وخ",59,0,0,1,"قطعة","وخعة"
964,"first_blank","first_blank-قف","قف",1,30,"first_blank-إط","إط",30,0,0,1,"قف","إط"
846,"first_blank","first_blank-قف","قف",1,30,"first_blank-لذ","لذ",30,0,0,1,"قفل","لذل"
339,"first_blank","first_blank-قل","قل",1,100,"first_blank-جن","جن",100,0,0,1,"قلادة","جنادة"
697,"first_blank","first_blank-قل","قل",1,100,"first_blank-جن","جن",100,0,0,1,"قلعة","جنعة"
923,"first_blank","first_blank-قل","قل",1,100,"first_blank-كم","كم",100,0,0,1,"قلق","كمق"
937,"م ","م -جا","جا",1,1,"وز-جا","وز",1,0,0,1,"قلم جاف","قلوزجاف"
706,"قم","قم-ام","ام",1,7,"مه-ام","مه",7,0,0,1,"قمامة","مهامة"
154,"first_blank","first_blank-قن","قن",1,32,"first_blank-طي","طي",32,0,0,1,"قناص","طياص"
675,"first_blank","first_blank-قه","قه",1,9,"first_blank-me","me",9,0,0,1,"قهوة","meوة"
567,"first_blank","first_blank-كآ","كآ",1,4,"first_blank-ea","ea",4,0,0,1,"كآبة","eaبة"
341," ف"," ف-ضا","ضا",1,1,"لل-ضا","لل",1,0,0,1,"كائن فضائي","كائنللضائي"
519,"تب","تب-last_blank","last_blank",1,28,"مو-last_blank","مو",28,0,0,1,"كاتب","كامو"
209,"رت","رت-ل","ل",1,5,"قي-ل","قي",5,0,0,1,"كارتل","كاقيل"
719,"كا","كا-ف","ف",1,2,"ـو-ف","ـو",2,0,0,1,"كاف","ـوف"
453,"كا","كا-هن","هن",1,6,"كا-لد","لد",6,0,0,1,"كاهن","كالد"
200,"كت","كت-اب","اب",1,28,"مق-اب","مق",28,0,0,1,"كتاب","مقاب"
676,"كت","كت-يب","يب",1,7,"كت-به","به",7,0,0,1,"كتيبة","كتبهة"
401,"first_blank","first_blank-كد","كد",1,14,"first_blank-ذو","ذو",14,0,0,1,"كدمة","ذومة"
448,"كذ","كذ-اب","اب",1,5,"ني-اب","ني",5,0,0,1,"كذاب","نياب"
936,"كر","كر-اج","اج",1,2,"كر-تا","تا",2,0,0,1,"كراج","كرتا"
660,"first_blank","first_blank-كر","كر",1,196,"first_blank-بق","بق",196,0,0,1,"كرامة","بقامة"
724,"ة ","ة -ال","ال",1,1,"وذ-ال","وذ",1,0,0,1,"كرة القدم","كروذالقدم"
337,"كر","كر-سي","سي",1,8,"كر-اه","اه",8,0,0,1,"كرسي","كراه"
155,"first_blank","first_blank-كر","كر",1,196,"first_blank-جو","جو",196,0,0,1,"كريم","جويم"
168,"لس","لس-ر","ر",1,1,"ـع-ر","ـع",1,0,0,1,"كلمه السر","كلمه اـعر"
734,"ة ","ة -صغ","صغ",1,1,"وأ-صغ","وأ",1,0,0,1,"كنيسة صغيرة","كنيسوأصغيرة"
362,"first_blank","first_blank-كه","كه",1,27,"first_blank-رغ","رغ",27,0,0,1,"كهرباء","رغرباء"
843,"first_blank","first_blank-كه","كه",1,27,"first_blank-ذر","ذر",27,0,0,1,"كهربائي","ذرربائي"
737,"لز","لز-هر","هر",1,1,"أم-هر","أم",1,0,0,1,"كوكب الزهرة","كوكب اأمهرة"
348,"لو","لو-ني","ني",1,12,"في-ني","في",12,0,0,1,"كولونيل","كوفينيل"
425,"مي","مي-دي","دي",1,10,"مي-ائ","ائ",10,0,0,1,"كوميديا","كوميائا"
468,"ني","ني-اك","اك",1,2,"شب-اك","شب",2,0,0,1,"كونياك","كوشباك"
560,"كي","كي-س","س",1,2,"اط-س","اط",2,0,0,1,"كيس","اطس"
385,"كي","كي-ك","ك",1,6,"ظر-ك","ظر",6,0,0,1,"كيك","ظرك"
791,"عب","عب-last_blank","last_blank",1,65,"كة-last_blank","كة",65,0,0,1,"لاعب","لاكة"
74,"لن","لن-ظر","ظر",1,3,"لن-تف","تف",3,0,0,1,"لافت للنظر","لافت للنتف"
746,"لج","لج-نة","نة",1,4,"رو-نة","رو",4,0,0,1,"لجنة","رونة"
748,"لح","لح-م","م",1,2,"يـ-م","يـ",2,0,0,1,"لحم","يـم"
398,"دد","دد-last_blank","last_blank",1,50,"فع-last_blank","فع",50,0,0,1,"لحم مقدد","لحم مقفع"
535,"لح","لح-ية","ية",1,2,"كز-ية","كز",2,0,0,1,"لحية","كزية"
585,"يذ","يذ-last_blank","last_blank",1,13,"اغ-last_blank","اغ",13,0,0,1,"لذيذ","لذاغ"
758,"first_blank","first_blank-لط","لط",1,74,"first_blank-كت","كت",74,0,0,1,"لطيف","كتيف"
195,"وك","وك-ر","ر",1,4,"نت-ر","نت",4,0,0,1,"لعبة البوكر","لعبة البنتر"
752,"لع","لع-به","به",1,4,"لع-دي","دي",4,0,0,1,"لعبه","لعدي"
760,"first_blank","first_blank-لق","لق",1,140,"first_blank-اص","اص",140,0,0,1,"لقاء","اصاء"
80,"لق","لق-ب","ب",1,2,"ني-ب","ني",2,0,0,1,"لقب","نيب"
50,"له","له-ب","ب",1,2,"حو-ب","حو",2,0,0,1,"لهب","حوب"
562,"له","له-جة","جة",1,2,"هر-جة","هر",2,0,0,1,"لهجة","هرجة"
552,"لو","لو-حة","حة",1,2,"صل-حة","صل",2,0,0,1,"لوحة","صلحة"
782,"ال","ال-ية","ية",1,43,"ال-مض","مض",43,0,0,1,"ليبرالية","ليبرالمض"
510,"مو","مو-زي","زي",1,3,"لم-زي","لم",3,0,0,1,"ليموزين","ليلمزين"
886,"نغ","نغ-last_blank","last_blank",1,59,"دو-last_blank","دو",59,0,0,1,"لينغ","ليدو"
906,"مأ","مأ-تم","تم",1,1,"تم-تم","تم",1,0,0,1,"مأتم","تمتم"
373,"مأ","مأ-سا","سا",1,10,"أج-سا","أج",10,0,0,1,"مأساوي","أجساوي"
745,"first_blank","first_blank-مأ","مأ",1,30,"first_blank-لذ","لذ",30,0,0,1,"مأوى","لذوى"
669,"خر","خر-ا","ا",1,5,"ـد-ا","ـد",5,0,0,1,"مؤخرا","مؤـدا"
29,"خر","خر-ة","ة",1,15,"اث-ة","اث",15,0,0,1,"مؤخرة","مؤاثة"
530,"سس","سس-ة","ة",1,3,"ظي-ة","ظي",3,0,0,1,"مؤسسة","مؤظية"
483,"ما","ما- ي"," ي",1,1,"ما-سن","سن",1,0,0,1,"ما يزال","ماسنزال"
27,"ئة","ئة-last_blank","last_blank",1,50,"فع-last_blank","فع",50,0,0,1,"مائة","مافع"
158,"ئع","ئع-last_blank","last_blank",1,12,"خن-last_blank","خن",12,0,0,1,"مائع","ماخن"
741," ا"," ا-لا","لا",1,1,"لئ-لا","لئ",1,0,0,1,"مادة الاحياء","مادةلئلاحياء"
710,"تف","تف-جر","جر",1,5,"تف-وق","وق",5,0,0,1,"مادة متفجرة","مادة متفوقة"
816,"ضي","ضي-last_blank","last_blank",1,61,"زة-last_blank","زة",60,1,0,1,"ماضي","مازة"
166,"first_blank","first_blank-ما","ما",1,688,"first_blank-لت","لت",675,13,0,1,"مال","لتل"
5,"ما","ما-ما","ما",1,3,"لر-ما","لر",3,0,0,1,"ماما","لرما"
717,"ني","ني-ز","ز",1,3,"رن-ز","رن",3,0,0,1,"مايونيز","مايورنز"
768,"مب","مب-اش","اش",1,8,"مب-كر","كر",8,0,0,1,"مباشرة","مبكررة"
992,"مب","مب-ال","ال",1,12,"كم-ال","كم",12,0,0,1,"مبالغة","كمالغة"
334,"تل","تل-last_blank","last_blank",1,60,"شي-last_blank","شي",60,0,0,1,"مبتل","مبشي"
769,"كر","كر-ا","ا",1,13,"طو-ا","طو",13,0,0,1,"مبكرا","مبطوا"
770,"مت","مت-جر","جر",1,9,"مت-لا","لا",9,0,0,1,"متجر","متلا"
858,"حف","حف-last_blank","last_blank",1,14,"ئى-last_blank","ئى",14,0,0,1,"متحف","متئى"
542,"مت","مت-خر","خر",1,3,"مت-دف","دف",3,0,0,1,"متخرج","متدفج"
399,"مت","مت-خص","خص",1,8,"مت-فر","فر",8,0,0,1,"متخصص","متفرص"
740,"مت","مت-ر","ر",1,5,"اب-ر","اب",5,0,0,1,"متر","ابر"
647,"\ ","\ -مت","مت",1,1,"لي-مت","لي",1,0,0,1,"متزوج \ متزوجة","متزوج \ليمتزوجة"
619,"لا","لا-زم","زم",1,10,"لا-خت","خت",10,0,0,1,"متلازمة","متلاختة"
702,"مت","مت-وت","وت",1,8,"مت-يق","يق",8,0,0,1,"متوتر","متيقر"
704,"مت","مت-وس","وس",1,5,"مت-اك","اك",5,0,0,1,"متوسط","متاكط"
622,"وف","وف-ى","ى",1,5,"سك-ى","سك",5,0,0,1,"متوفى","متسكى"
418,"لث","لث-last_blank","last_blank",1,4,"طخ-last_blank","طخ",4,0,0,1,"مثلث","مثطخ"
775," ل"," ل-لا","لا",1,1,"قت-لا","قت",1,0,0,1,"مثير للانتباه","مثيرقتلانتباه"
253,"ير","ير- ل"," ل",1,1,"ير-تو","تو",1,0,0,1,"مثير للشفقة","مثيرتولشفقة"
260,"مج","مج-ان","ان",1,12,"نت-ان","نت",12,0,0,1,"مجانا","نتانا"
214,"مج","مج-د","د",1,3,"لن-د","لن",3,0,0,1,"مجد","لند"
750,"رم","رم-last_blank","last_blank",1,38,"يو-last_blank","يو",38,0,0,1,"مجرم","مجيو"
280,"مج","مج-لة","لة",1,3,"صي-لة","صي",3,0,0,1,"مجلة","صيلة"
110,"لش","لش-يو","يو",1,1,"تا-يو","تا",1,0,0,1,"مجلس الشيوخ","مجلس اتايوخ"
607,"مو","مو-عة","عة",1,4,"را-عة","را",4,0,0,1,"مجموعة","مجراعة"
218,"first_blank","first_blank-مج","مج",1,198,"first_blank-اب","اب",198,0,0,1,"مجنون","ابنون"
323,"مج","مج-هر","هر",1,6,"مج-رو","رو",6,0,0,1,"مجهر","مجرو"
780,"هو","هو-ل","ل",1,10,"صي-ل","صي",10,0,0,1,"مجهول","مجصيل"
347,"مح","مح-ار","ار",1,22,"قر-ار","قر",23,1,0,1,"محارب","قرارب"
895,"اض","اض-رة","رة",1,2,"اض-عا","عا",2,0,0,1,"محاضرة","محاضعا"
959,"او","او-لة","لة",1,9,"او-قف","قف",10,1,0,1,"محاولة","محاوقف"
751,"بو","بو-ب","ب",1,17,"شر-ب","شر",17,0,0,1,"محبوب","محشرب"
773,"تش","تش-م","م",1,3,"هض-م","هض",3,0,0,1,"محتشم","محهضم"
404,"مح","مح-رك","رك",1,11,"مح-اف","اف",11,0,0,1,"محرك","محاف"
265,"مح","مح-طة","طة",1,3,"يا-طة","يا",3,0,0,1,"محطة","ياطة"
357,"ة ","ة -نق","نق",1,1,"وت-نق","وت",1,0,0,1,"محفظة نقود","محفظوتنقود"
215,"قق","قق-last_blank","last_blank",1,26,"طى-last_blank","طى",26,0,0,1,"محقق","محطى"
53,"مح","مح-لي","لي",1,13,"ئو-لي","ئو",14,1,0,1,"محلي","ئولي"
747,"يط","يط-last_blank","last_blank",1,41,"ظر-last_blank","ظر",41,0,0,1,"محيط","محظر"
825,"مخ","مخ-بر","بر",1,12,"مخ-ال","ال",12,0,0,1,"مخبر","مخال"
869,"تل","تل-ف","ف",1,10,"ار-ف","ار",10,0,0,1,"مختلف","مخارف"
789,"لص","لص-last_blank","last_blank",1,28,"ذب-last_blank","ذب",28,0,0,1,"مخلص","مخذب"
817,"لو","لو-ق","ق",1,5,"شا-ق","شا",5,0,0,1,"مخلوق","مخشاق"
403,"خل","خل-last_blank","last_blank",1,28,"كب-last_blank","كب",28,0,0,1,"مدخل","مدكب"
557,"رس","رس-ة","ة",1,14,"قب-ة","قب",14,0,0,1,"مدرسة","مدقبة"
4,"حي","حي-اة","اة",1,3,"حي-تا","تا",3,0,0,1,"مدى الحياة","مدى الحيتا"
876,"first_blank","first_blank-مد","مد",1,199,"first_blank-أف","أف",199,0,0,1,"مدير","أفير"
441,"first_blank","first_blank-مد","مد",1,199,"first_blank-أف","أف",199,0,0,1,"مدينة","أفينة"
268,"first_blank","first_blank-مذ","مذ",1,51,"first_blank-سج","سج",51,0,0,1,"مذنب","سجنب"
776,"هل","هل-last_blank","last_blank",1,43,"حت-last_blank","حت",43,0,0,1,"مذهل","مذحت"
250,"آة","آة-last_blank","last_blank",1,4,"ys-last_blank","ys",4,0,0,1,"مرآة","مرys"
536,"اس","اس-م","م",1,12,"يا-م","يا",12,0,0,1,"مراسم","مريام"
796,"اف","اف-قة","قة",1,6,"اف-عا","عا",6,0,0,1,"مرافقة","مرافعا"
517,"اق","اق-ب","ب",1,17,"بو-ب","بو",17,0,0,1,"مراقب","مربوب"
506,"اه","اه-قة","قة",1,2,"مش-قة","مش",2,0,0,1,"مراهقة","مرمشقة"
279,"مر","مر-ح","ح",1,6,"ال-ح","ال",6,0,0,1,"مرح","الح"
522,"حل","حل-ة ","ة ",1,1,"حل-من","من",1,0,0,1,"مرحلة الطفولة","مرحلمنالطفولة"
32,"مر","مر-ض","ض",1,5,"ها-ض","ها",5,0,0,1,"مرض","هاض"
527,"مر","مر-فأ","فأ",1,2,"مر-جو","جو",2,0,0,1,"مرفأ","مرجو"
790,"يب","يب-last_blank","last_blank",1,171,"في-last_blank","في",171,0,0,1,"مريب","مرفي"
838,"ؤو","ؤو-ل","ل",1,5,"جم-ل","جم",5,0,0,1,"مسؤول","مسجمل"
498,"اع","اع-د","د",1,31,"دي-د","دي",32,1,0,1,"مساعد","مسديد"
150,"اع","اع-دة","دة",1,13,"اع-ما","ما",13,0,0,1,"مساعدة","مساعما"
720,"مس","مس-با","با",1,2,"مس-اؤ","اؤ",2,0,0,1,"مسبار","مساؤر"
270,"دم","دم-last_blank","last_blank",1,82,"هر-last_blank","هر",82,0,0,1,"مستخدم","مستخهر"
515,"رح","رح-last_blank","last_blank",1,72,"كس-last_blank","كس",72,0,0,1,"مسرح","مسكس"
718,"يح","يح-ي","ي",1,6,"ثر-ي","ثر",6,0,0,1,"مسيحي","مسثري"
538,"تب","تب-ه ","ه ",1,1,"تب-دء","دء",1,0,0,1,"مشتبه فيه","مشتبدءفيه"
296,"تر","تر-last_blank","last_blank",1,84,"جي-last_blank","جي",84,0,0,1,"مشتر","مشجي"
994,"مش","مش-رق","رق",1,5,"مش-اج","اج",5,0,0,1,"مشرق","مشاج"
610,"رو","رو-ب ","ب ",1,1,"رو-ية","ية",1,0,0,1,"مشروب غازي","مشرويةغازي"
822,"كل","كل-ة","ة",1,13,"صي-ة","صي",13,0,0,1,"مشكلة","مشصية"
344,"مش","مش-هو","هو",1,11,"مش-جع","جع",11,0,0,1,"مشهور","مشجعر"
103,"اص","اص- د"," د",1,1,"اص-رو","رو",1,0,0,1,"مصاص دماء","مصاصروماء"
578,"طن","طن-ع","ع",1,1,"بض-ع","بض",1,0,0,1,"مصطنع","مصبضع"
829,"مص","مص-ل","ل",1,2,"غف-ل","غف",2,0,0,1,"مصل","غفل"
328,"ور","ور- ف"," ف",1,1,"ور-جل","جل",1,0,0,1,"مصور فوتوغرافي","مصورجلوتوغرافي"
683,"مص","مص-يب","يب",1,4,"بج-يب","بج",4,0,0,1,"مصيبة","بجيبة"
254,"حك","حك-last_blank","last_blank",1,49,"كه-last_blank","كه",49,0,0,1,"مضحك","مضكه"
165,"first_blank","first_blank-مض","مض",1,91,"first_blank-قب","قب",91,0,0,1,"مضغ","قبغ"
579,"first_blank","first_blank-مط","مط",1,117,"first_blank-عر","عر",117,0,0,1,"مطار","عرار"
40,"first_blank","first_blank-مط","مط",1,117,"first_blank-تغ","تغ",117,0,0,1,"مطاردة","تغاردة"
364,"first_blank","first_blank-مط","مط",1,117,"first_blank-عر","عر",117,0,0,1,"مطعم","عرعم"
797,"ال","ال-جة","جة",1,3,"ال-ـت","ـت",3,0,0,1,"معالجة","معالـت"
593,"مع","مع-تا","تا",1,10,"أس-تا","أس",10,0,0,1,"معتاد","أستاد"
548,"رض","رض-last_blank","last_blank",1,81,"فت-last_blank","فت",81,0,0,1,"معرض","معفت"
369,"مع","مع-رك","رك",1,9,"مع-زو","زو",9,0,0,1,"معركة","معزوة"
316,"مع","مع-قو","قو",1,8,"مع-اه","اه",8,0,0,1,"معقول","معاهل"
744,"مع","مع-كر","كر",1,4,"نش-كر","نش",4,0,0,1,"معكرونة","نشكرونة"
574,"لم","لم-last_blank","last_blank",1,142,"عه-last_blank","عه",142,0,0,1,"معلم","مععه"
289,"لو","لو-مة","مة",1,2,"لو-از","از",2,0,0,1,"معلومة","معلواز"
556,"مغ","مغ-بر","بر",1,1,"دو-بر","دو",1,0,0,1,"مغبر","دوبر"
856,"first_blank","first_blank-مغ","مغ",1,97,"first_blank-حي","حي",97,0,0,1,"مغلق","حيلق"
884,"اع","اع-ل","ل",1,7,"سو-ل","سو",7,0,0,1,"مفاعل","مفسول"
847,"وض","وض-last_blank","last_blank",1,42,"سن-last_blank","سن",42,0,0,1,"مفوض","مفسن"
274,"مق","مق-ات","ات",1,16,"دم-ات","دم",16,0,0,1,"مقاتل","دماتل"
941,"مق","مق-ال","ال",1,19,"تف-ال","تف",20,1,0,1,"مقال","تفال"
411,"مق","مق-بر","بر",1,5,"اج-بر","اج",5,0,0,1,"مقبرة","اجبرة"
778,"مق","مق-دا","دا",1,7,"مق-تو","تو",7,0,0,1,"مقدار","مقتور"
956,"مق","مق-ر","ر",1,3,"اظ-ر","اظ",3,0,0,1,"مقر","اظر"
692,"زز","زز-last_blank","last_blank",1,6,"ke-last_blank","ke",6,0,0,1,"مقزز","مقke"
681," م"," م-ا","ا",1,1,"عر-ا","عر",1,0,0,1,"مكان ما","مكانعرا"
138,"تب","تب- ا"," ا",1,1,"تب-ئة","ئة",1,0,0,1,"مكتب المدير","مكتبئةلمدير"
575," م"," م-رك","رك",1,1,"ظو-رك","ظو",1,0,0,1,"مكتب. مقر. مركز","مكتب. مقر.ظوركز"
866,"first_blank","first_blank-مل","مل",1,289,"first_blank-تج","تج",289,0,0,1,"ملك","تجك"
867,"مل","مل-يا","يا",1,12,"لق-يا","لق",12,0,0,1,"مليار","لقيار"
870,"يا","يا-ضه","ضه",1,1,"يا-دو","دو",1,0,0,1,"ممارسه الرياضه","ممارسه الريادو"
653,"ىء","ىء-last_blank","last_blank",1,28,"كب-last_blank","كب",28,0,0,1,"ممتلىء","ممتلكب"
475,"لك","لك-ة","ة",1,19,"تي-ة","تي",19,0,0,1,"مملكة","ممتية"
705,"من","من-دي","دي",1,6,"من-ها","ها",6,0,0,1,"منديل","منهال"
271,"شف","شف-ة","ة",1,6,"صح-ة","صح",6,0,0,1,"منشفة","منصحة"
808,"طق","طق-ة","ة",1,6,"كد-ة","كد",6,0,0,1,"منطقة","منكدة"
564,"اج","اج-م","م",1,11,"تح-م","تح",11,0,0,1,"مهاجم","مهتحم"
203,"رج","رج-ان","ان",1,9,"ته-ان","ته",9,0,0,1,"مهرجان","مهتهان"
880,"مه","مه-مة","مة",1,3,"را-مة","را",3,0,0,1,"مهمة","رامة"
881,"ند","ند-س ","س ",1,1,"ند-عك","عك",1,0,0,1,"مهندس معماري","مهندعكمعماري"
96,"اف","اف-قة","قة",1,6,"اف-عا","عا",6,0,0,1,"موافقة","موافعا"
985,"مو","مو-ت","ت",1,19,"زا-ت","زا",19,0,0,1,"موت","زات"
160,"جه","جه-last_blank","last_blank",1,86,"من-last_blank","من",86,0,0,1,"موجه","مومن"
18,"مو","مو-رف","رف",1,5,"مو-تا","تا",5,0,0,1,"مورفين","موتاين"
883,"سي","سي-قى","قى",1,3,"سي-غي","غي",3,0,0,1,"موسيقى","موسيغي"
844,"سي","سي-قي","قي",1,11,"سي-تح","تح",11,0,0,1,"موسيقي او عازف","موسيتح او عازف"
919,"ضو","ضو-عا","عا",1,3,"تف-عا","تف",3,0,0,1,"موضوعات","موتفعات"
665,"مو","مو-قد","قد",1,2,"مو-رل","رل",2,0,0,1,"موقد","مورل"
857,"قع","قع-ك","ك",1,4,"اش-ك","اش",4,0,0,1,"موقعك","مواشك"
443,"قف","قف- س"," س",1,1,"قف-ات","ات",1,0,0,1,"موقف سلوك","موقفاتلوك"
193,"هب","هب-ة","ة",1,8,"رص-ة","رص",8,0,0,1,"موهبة","مورصة"
643,"مي","مي-دا","دا",1,17,"مي-ني","ني",17,0,0,1,"ميدالية","مينيلية"
91,"دا","دا-لي","لي",1,11,"اب-لي","اب",11,0,0,1,"ميداليون","ميابليون"
319,"كي","كي-last_blank","last_blank",1,153,"اك-last_blank","اك",153,0,0,1,"ميكانيكي","ميكانياك"
114,"وف","وف-ون","ون",1,5,"قب-ون","قب",5,0,0,1,"ميكروفون","ميكرقبون"
874,"نا","نا-در","در",1,6,"نا-هي","هي",6,0,0,1,"نادرا","ناهيا"
232,"نا","نا-دل","دل",1,7,"نا-تو","تو",7,0,0,1,"نادلة","ناتوة"
477,"قص","قص-last_blank","last_blank",1,31,"كك-last_blank","كك",31,0,0,1,"ناقص","ناكك"
36,"نج","نج-ار","ار",1,4,"مو-ار","مو",4,0,0,1,"نجارة","موارة"
892,"نج","نج-مة","مة",1,2,"دح-مة","دح",2,0,0,1,"نجمة","دحمة"
940,"ند","ند-ب","ب",1,2,"ؤو-ب","ؤو",2,0,0,1,"ندب","ؤوب"
899,"اط","اط-last_blank","last_blank",1,65,"كة-last_blank","كة",65,0,0,1,"نشاط","نشكة"
670,"first_blank","first_blank-نظ","نظ",1,80,"first_blank-اه","اه",80,0,0,1,"نظرية","اهرية"
376,"نع","نع-م","م",1,3,"زي-م","زي",3,0,0,1,"نعم","زيم"
577,"سي","سي-last_blank","last_blank",1,130,"مك-last_blank","مك",130,0,0,1,"نفسي","نفمك"
658,"نف","نف-ط","ط",1,3,"سا-ط","سا",3,0,0,1,"نفط","ساط"
735,"نف","نف-ق","ق",1,4,"قا-ق","قا",4,0,0,1,"نفق","قاق"
61,"نف","نف-ي","ي",1,4,"قع-ي","قع",4,0,0,1,"نفي","قعي"
781,"نق","نق-اش","اش",1,7,"لل-اش","لل",7,0,0,1,"نقاش","للاش"
909,"نق","نق-ل","ل",1,19,"صا-ل","صا",19,0,0,1,"نقل","صال"
143,"first_blank","first_blank-نك","نك",1,40,"first_blank-غل","غل",40,0,0,1,"نكتة","غلتة"
623,"نم","نم-ط","ط",1,2,"ƒط-ط","ƒط",2,0,0,1,"نمط","ƒطط"
152,"first_blank","first_blank-نو","نو",1,135,"first_blank-شي","شي",135,0,0,1,"نووي","شيوي"
918,"first_blank","first_blank-ني","ني",1,110,"first_blank-بك","بك",110,0,0,1,"نية","بكة"
953,"تف","تف-last_blank","last_blank",1,18,"ne-last_blank","ne",18,0,0,1,"هاتف","هاne"
102,"هب","هب-ة","ة",1,8,"لط-ة","لط",8,0,0,1,"هبة","لطة"
641,"first_blank","first_blank-هج","هج",1,32,"first_blank-طي","طي",32,0,0,1,"هجوم","طيوم"
916,"وء","وء-last_blank","last_blank",1,28,"لص-last_blank","لص",28,0,0,1,"هدوء","هدلص"
49,"هد","هد-ية","ية",1,2,"فض-ية","فض",2,0,0,1,"هدية مجانية","فضية مجانية"
662,"first_blank","first_blank-هر","هر",1,34,"first_blank-جب","جب",34,0,0,1,"هرب","جبب"
948,"وس","وس-ة","ة",1,5,"كت-ة","كت",5,0,0,1,"هلوسة","هلكتة"
511,"يك","يك-وب","وب",1,3,"بن-وب","بن",3,0,0,1,"هليكوبتر","هلبنوبتر"
486,"بر","بر-غر","غر",1,4,"بر-بط","بط",4,0,0,1,"همبرغر","همبربط"
924,"first_blank","first_blank-هن","هن",1,47,"first_blank-نز","نز",47,0,0,1,"هناك","نزاك"
723,"وج","وج-ين","ين",1,13,"يل-ين","يل",13,0,0,1,"هيدروجين","هيدريلين"
920,"كل","كل-last_blank","last_blank",1,72,"رح-last_blank","رح",72,0,0,1,"هيكل","هيرح"
546,"وا","وا-تس","تس",1,2,"وا-را","را",2,0,0,1,"واتسون","واراون"
220,"جب","جب-last_blank","last_blank",1,38,"صر-last_blank","صر",38,0,0,1,"واجب","واصر"
570,"سع","سع-last_blank","last_blank",1,26,"قق-last_blank","قق",26,0,0,1,"واسع","واقق"
572,"وب","وب-اء","اء",1,2,"وب-سي","سي",2,0,0,1,"وباء","وبسي"
864,"first_blank","first_blank-وث","وث",1,42,"first_blank-لز","لز",42,0,0,1,"وثيقة","لزيقة"
637,"وج","وج-بة","بة",1,2,"وج-اه","اه",2,0,0,1,"وجبة","وجاه"
931,"فط","فط-ار","ار",1,1,"تف-ار","تف",1,0,0,1,"وجبة افطار","وجبة اتفار"
995,"وح","وح-ي ","ي ",1,1,"وح-تى","تى",1,0,0,1,"وحي - الهام","وحتى الهام"
933,"first_blank","first_blank-وح","وح",1,157,"first_blank-هي","هي",157,0,0,1,"وحيدا","هييدا"
33,"ود","ود-اع","اع",1,7,"بض-اع","بض",7,0,0,1,"وداعا","بضاعا"
761,"first_blank","first_blank-ود","ود",1,90,"first_blank-نن","نن",90,0,0,1,"ودود","ننود"
497,"وز","وز-ير","ير",1,7,"فك-ير","فك",7,0,0,1,"وزيرة","فكيرة"
227,"first_blank","first_blank-وص","وص",1,127,"first_blank-لك","لك",127,0,0,1,"وصف","لكف"
45,"first_blank","first_blank-وض","وض",1,79,"first_blank-نر","نر",79,0,0,1,"وضع","نرع"
119,"يف","يف-ي","ي",1,10,"زل-ي","زل",10,0,0,1,"وظيفي","وظزلي"
877,"وق","وق-ت ","ت ",1,1,"وق-نى","نى",1,0,0,1,"وقت الظهيرة","وقنىالظهيرة"
762,"وك","وك-ال","ال",1,11,"تل-ال","تل",11,0,0,1,"وكالة","تلالة"
897,"ول","ول-د ","د ",1,1,"ول-آن","آن",1,0,0,1,"ولد عم","ولآنعم"
54,"وي","وي-ب","ب",1,6,"طح-ب","طح",6,0,0,1,"ويب","طحب"
2,"first_blank","first_blank-يؤ","يؤ",1,50,"first_blank-خص","خص",50,0,0,1,"يؤمن","خصمن"
175,"دو","دو-last_blank","last_blank",1,59,"نغ-last_blank","نغ",59,0,0,1,"يبدو","يبنغ"
85,"يب","يب-ني","ني",1,5,"سي-ني","سي",5,0,0,1,"يبني","سيني"
164,"يت","يت-رك","رك",1,20,"خب-رك","خب",19,1,0,1,"يترك","خبرك"
958,"يج","يج-تم","تم",1,4,"يج-ور","ور",4,0,0,1,"يجتمع","يجورع"
873,"first_blank","first_blank-يح","يح",1,274,"first_blank-فا","فا",276,2,0,1,"يحتاج","فاتاج"
961,"دث","دث-last_blank","last_blank",1,47,"بق-last_blank","بق",47,0,0,1,"يحدث","يحبق"
967,"ذب","ذب-last_blank","last_blank",1,28,"ـك-last_blank","ـك",28,0,0,1,"يحذب","يحـك"
785,"يح","يح-ظر","ظر",1,1,"يح-بب","بب",1,0,0,1,"يحظر","يحبب"
461,"يخ","يخ-اف","اف",1,4,"تد-اف","تد",4,0,0,1,"يخاف","تداف"
701,"يخ","يخ-با","با",1,1,"إم-با","إم",1,0,0,1,"يخبار","إمبار"
908,"بر","بر-last_blank","last_blank",1,112,"اة-last_blank","اة",112,0,0,1,"يخبر","يخاة"
120,"يخ","يخ-في","في",1,3,"لس-في","لس",3,0,0,1,"يخفي","لسفي"
736,"ور","ور- ف"," ف",1,1,"ور-بع","بع",1,0,0,1,"يدور في مدار","يدوربعي مدار"
46,"ير","ير-ث","ث",1,1,"حـ-ث","حـ",1,0,0,1,"يرث","حـث"
79,"مع","مع-last_blank","last_blank",1,68,"جة-last_blank","جة",68,0,0,1,"يسمع","يسجة"
375,"يش","يش-كر","كر",1,3,"وت-كر","وت",3,0,0,1,"يشكر","وتكر"
907,"يش","يش-ير","ير",1,2,"يش-ان","ان",2,0,0,1,"يشير","يشان"
957,"دق","دق-last_blank","last_blank",1,39,"لع-last_blank","لع",39,0,0,1,"يصدق","يصلع"
979,"لح","لح-last_blank","last_blank",1,28,"بن-last_blank","بن",28,0,0,1,"يصلح","يصبن"
63,"حك","حك-last_blank","last_blank",1,49,"كه-last_blank","كه",49,0,0,1,"يضحك","يضكه"
482,"first_blank","first_blank-يط","يط",1,73,"first_blank-رف","رف",73,0,0,1,"يطلب","رفلب"
92,"يط","يط-ير","ير",1,3,"نز-ير","نز",3,0,0,1,"يطير","نزير"
977,"يع","يع-بر","بر",1,3,"كا-بر","كا",3,0,0,1,"يعبر","كابر"
569,"يع","يع-د","د",1,1,"آب-د","آب",1,0,0,1,"يعد","آبد"
600,"يع","يع-طى","طى",1,1,"يع-اش","اش",1,0,0,1,"يعطى","يعاش"
954,"لم","لم-last_blank","last_blank",1,142,"عه-last_blank","عه",142,0,0,1,"يعلم","يععه"
859,"وز","وز-last_blank","last_blank",1,52,"ند-last_blank","ند",52,0,0,1,"يفوز","يفند"
690,"ات","ات-ل","ل",1,16,"رح-ل","رح",16,0,0,1,"يقاتل","يقرحل"
852,"او","او-م","م",1,10,"تق-م","تق",10,0,0,1,"يقاوم","يقتقم"
984," ع"," ع-لى","لى",1,1,"أخ-لى","أخ",1,0,0,1,"يقبض على","يقبضأخلى"
89,"يق","يق-تر","تر",1,7,"مخ-تر","مخ",7,0,0,1,"يقترح","مخترح"
835,"در","در-last_blank","last_blank",1,90,"وت-last_blank","وت",90,0,0,1,"يقدر","يقوت"
94,"يق","يق-رض","رض",1,1,"يق-يـ","يـ",1,0,0,1,"يقرض","يقيـ"
434,"طع","طع-last_blank","last_blank",1,28,"لح-last_blank","لح",28,0,0,1,"يقطع","يقلح"
823,"عق","عق-last_blank","last_blank",1,9,"غم-last_blank","غم",9,0,0,1,"يلعق","يلغم"
447,"ين","ين-ام","ام",1,6,"عو-ام","عو",6,0,0,1,"ينام","عوام"
971,"تج","تج-last_blank","last_blank",1,21,"حث-last_blank","حث",21,0,0,1,"ينتج","ينحث"
304,"جح","جح-last_blank","last_blank",1,20,"ضل-last_blank","ضل",20,0,0,1,"ينجح","ينضل"
988,"جو","جو-last_blank","last_blank",1,32,"دأ-last_blank","دأ",32,0,0,1,"ينجو","يندأ"
20,"سخ","سخ-last_blank","last_blank",1,19,"غل-last_blank","غل",19,0,0,1,"ينسخ","ينغل"
237,"ين","ين-صح","صح",1,1,"ين-طو","طو",1,0,0,1,"ينصح","ينطو"
251,"فج","فج-ر","ر",1,15,"وي-ر","وي",15,0,0,1,"ينفجر","ينوير"
913,"هي","هي-last_blank","last_blank",1,67,"رع-last_blank","رع",67,0,0,1,"ينهي","ينرع"
677,"first_blank","first_blank-يه","يه",1,89,"first_blank-طر","طر",89,0,0,1,"يهزم","طرزم"
1000,"يو","يو-لي","لي",1,4,"يو-تر","تر",4,0,0,1,"يوليو","يوترو"
629,"م ","م -ال","ال",1,1,"فط-ال","فط",1,0,0,1,"يوم الاجازة","يوفطالاجازة"
95,"يو","يو-م ","م ",1,1,"يو-فن","فن",1,0,0,1,"يوم الثلاثاء","يوفنالثلاثاء"
