"word_id","first","original_pair","second","syll","original_freq","replacement_pair","replacement_syll","replacement_freq","freq_diff","char_diff","letter_diff","original_word","replacement_word"
9,"first_blank","first_blank-afri","afri",2,9,"first_blank-azij","azij",9,0,0,1,"afrika","azijka"
102,"first_blank","first_blank-ag","ag",1,11,"first_blank-wh","wh",11,0,0,1,"agent","whent"
5,"van","van-last_blank","last_blank",3,121,"skim-last_blank","skim",121,0,1,1,"aktivan","aktiskim"
283,"tov","tov-ka","ka",3,1,"svit-ka","svit",1,0,1,1,"aktovka","aksvitka"
221,"al","al-at","at",1,1,"wy-at","wy",1,0,0,1,"alat","wyat"
534,"bum","bum-last_blank","last_blank",2,1,"kit-last_blank","kit",1,0,0,1,"album","alkit"
128,"hol","hol-last_blank","last_blank",3,3,"vist-last_blank","vist",3,0,1,1,"alkohol","alkovist"
627,"first_blank","first_blank-ama","ama",2,24,"first_blank-pov","pov",24,0,0,1,"amater","povter"
369,"sa","sa-dor","dor",4,1,"sa-vjest","vjest",1,0,2,1,"ambasador","ambasavjest"
200,"lan","lan-ta","ta",4,1,"smjes-ta","smjes",1,0,2,1,"ambulanta","ambusmjesta"
231,"first_blank","first_blank-ana","ana",4,49,"first_blank-uklju","uklju",49,0,2,1,"analitičar","ukljulitičar"
269,"first_blank","first_blank-anar","anar",3,6,"first_blank-mons","mons",6,0,0,1,"anarhija","monshija"
643,"first_blank","first_blank-ana","ana",4,49,"first_blank-uklju","uklju",49,0,2,1,"anatomija","ukljutomija"
932,"đeo","đeo-last_blank","last_blank",2,3,"uke-last_blank","uke",3,0,0,1,"anđeo","anuke"
913,"žman","žman-last_blank","last_blank",3,2,"drim-last_blank","drim",2,0,0,1,"angažman","angadrim"
421,"nim","nim-no","no",3,2,"mant-no","mant",2,0,1,1,"anonimno","anomantno"
581,"lut","lut-no","no",4,2,"djelj-no","djelj",1,1,2,1,"apsolutno","apsodjeljno"
39,"are","are-na","na",2,1,"rov-na","rov",1,0,0,1,"arena","rovna"
493,"nal","nal-last_blank","last_blank",3,16,"ling-last_blank","ling",16,0,1,1,"arsenal","arseling"
359,"fakt","fakt-last_blank","last_blank",3,1,"rowe-last_blank","rowe",1,0,0,1,"artefakt","arterowe"
384,"rin","rin-last_blank","last_blank",3,26,"vost-last_blank","vost",26,0,1,1,"aspirin","aspivost"
525,"tro","tro-na","na",4,10,"djelj-na","djelj",1,9,2,1,"astronaut","asdjeljnaut"
441,"atom","atom-ski","ski",2,1,"štin-ski","štin",1,0,0,1,"atomski","štinski"
705,"first_blank","first_blank-atrak","atrak",3,8,"first_blank-augus","augus",8,0,0,1,"atraktivan","augustivan"
625,"first_blank","first_blank-auk","auk",3,4,"first_blank-voya","voya",4,0,1,1,"aukcija","voyacija"
162,"gram","gram-last_blank","last_blank",2,13,"ljat-last_blank","ljat",13,0,0,1,"autogram","autoljat"
178,"to","to-r","r",1,2,"na-r","na",2,0,0,1,"autor","aunar"
866,"first_blank","first_blank-ave","ave",3,7,"first_blank-clif","clif",7,0,1,1,"avenija","clifnija"
246,"na","na-na","na",3,8,"spoz-na","spoz",9,1,2,1,"banana","baspozna"
736,"ban","ban-da","da",2,2,"lje-da","lje",2,0,0,1,"banda","ljeda"
225,"kar","kar-last_blank","last_blank",2,18,"ron-last_blank","ron",18,0,0,1,"bankar","banron"
156,"kar","kar-stvo","stvo",3,2,"kar-lajl","lajl",1,1,0,1,"bankarstvo","bankarlajl"
193,"ron","ron-last_blank","last_blank",2,18,"kie-last_blank","kie",18,0,0,1,"baron","bakie"
104,"rut","rut-last_blank","last_blank",2,3,"šje-last_blank","šje",3,0,0,1,"barut","bašje"
410,"ba","ba-šti","šti",3,4,"ba-klja","klja",2,2,1,1,"baština","bakljana"
960,"ba","ba-za","za",2,2,"ba-tis","tis",2,0,1,1,"baza","batis"
860,"dž","dž-last_blank","last_blank",1,5,"bb-last_blank","bb",5,0,0,1,"bedž","bebb"
28,"sko","sko-ris","ris",4,10,"sko-tland","tland",1,9,2,1,"beskoristan","beskotlandtan"
738,"mo","mo-ćan","ćan",4,5,"mo-onlig","onlig",1,4,2,1,"bespomoćan","bespomoonlig"
975,"be","be-ton","ton",2,3,"be-zum","zum",3,0,0,1,"beton","bezum"
281,"bli","bli-ja","ja",3,1,"vjer-ja","vjer",1,0,1,1,"biblija","bivjerja"
515,"je","je-dan","dan",3,7,"je-vrej","vrej",6,1,1,1,"bijedan","bijevrej"
86,"je","je-la","la",3,29,"priv-la","priv",18,11,2,1,"bijela","biprivla"
30,"jes","jes-last_blank","last_blank",2,25,"čit-last_blank","čit",25,0,0,1,"bijes","bičit"
90,"first_blank","first_blank-bilj","bilj",2,13,"first_blank-olim","olim",13,0,0,1,"biljka","olimka"
270,"skup","skup-last_blank","last_blank",2,3,"oska-last_blank","oska",3,0,0,1,"biskup","bioska"
38,"first_blank","first_blank-bla","bla",2,78,"first_blank-umi","umi",78,0,0,1,"blago","umigo"
524,"bla","bla-to","to",2,1,"tru-to","tru",1,0,0,1,"blato","truto"
93,"bli","bli-zu","zu",2,2,"cen-zu","cen",2,0,0,1,"blizu","cenzu"
46,"bo","bo-g","g",1,1,"er-g","er",1,0,0,1,"bog","erg"
87,"bo","bo-ja","ja",2,12,"tra-ja","tra",14,2,1,1,"boja","traja"
42,"les","les-tan","tan",3,1,"okru-tan","okru",1,0,1,1,"bolestan","bookrutan"
280,"first_blank","first_blank-bol","bol",3,41,"first_blank-stri","stri",40,1,1,1,"bolnica","strinica"
138,"first_blank","first_blank-bom","bom",2,47,"first_blank-kur","kur",47,0,0,1,"bomba","kurba"
398,"bo","bo-nus","nus",2,1,"bo-kom","kom",1,0,0,1,"bonus","bokom"
498,"ra","ra-vak","vak",3,2,"ra-ment","ment",2,0,1,1,"boravak","borament"
44,"bor","bor-ba","ba",2,2,"nid-ba","nid",2,0,0,1,"borba","nidba"
460,"žić","žić-last_blank","last_blank",2,4,"ant-last_blank","ant",4,0,0,1,"božić","boant"
630,"br","br-an","an",1,4,"qu-an","qu",4,0,0,1,"brand","quand"
7,"bra","bra-vo","vo",2,1,"zlo-vo","zlo",1,0,0,1,"bravo","zlovo"
538,"first_blank","first_blank-br","br",2,129,"first_blank-svi","svi",129,0,1,1,"brdo","svido"
2,"first_blank","first_blank-br","br",1,129,"first_blank-ču","ču",129,0,0,1,"broj","čuoj"
476,"first_blank","first_blank-bru","bru",3,37,"first_blank-sklo","sklo",37,0,1,1,"brutalan","sklotalan"
256,"breg","breg-last_blank","last_blank",2,1,"bach-last_blank","bach",1,0,0,1,"bubreg","bubach"
208,"bu","bu-da","da",3,21,"zvez-da","zvez",6,15,2,1,"budala","zvezdala"
636,"nost","nost-last_blank","last_blank",3,257,"skom-last_blank","skom",171,86,0,1,"budućnost","budućskom"
1000,"bu","bu-ka","ka",2,3,"tiv-ka","tiv",3,0,1,1,"buka","tivka"
995,"ča","ča-vao","vao",2,7,"ča-nim","nim",7,0,0,1,"čavao","čanim"
585,"če","če-k","k",1,1,"on-k","on",1,0,0,1,"ček","onk"
451,"ka","ka-ti","ti",3,71,"iden-ti","iden",45,26,2,1,"čekati","čeidenti"
540,"ce","ce-ment","ment",2,1,"ce-land","land",1,0,0,1,"cement","celand"
343,"first_blank","first_blank-češ","češ",2,8,"first_blank-rot","rot",8,0,0,1,"češnjak","rotnjak"
19,"ces","ces-ta","ta",2,6,"fan-ta","fan",6,0,0,1,"cesta","fanta"
589,"first_blank","first_blank-čes","čes",4,26,"first_blank-stvar","stvar",25,1,2,1,"čestitati","stvartitati"
683,"zar","zar-last_blank","last_blank",2,8,"tvi-last_blank","tvi",8,0,0,1,"cezar","cetvi"
895,"met","met-last_blank","last_blank",2,16,"one-last_blank","one",16,0,0,1,"cimet","cione"
879,"či","či-p","p",1,1,"lo-p","lo",1,0,0,1,"čip","lop"
593,"či","či-st","st",1,1,"ro-st","ro",1,0,0,1,"čist","rost"
528,"ta","ta-nje","nje",3,43,"ta-jans","jans",13,30,1,1,"čitanje","čitajans"
529,"first_blank","first_blank-či","či",3,122,"first_blank-stra","stra",103,19,2,1,"čitati","stratati"
80,"first_blank","first_blank-čiz","čiz",2,8,"first_blank-kov","kov",8,0,0,1,"čizma","kovma"
925,"first_blank","first_blank-čl","čl",1,1,"first_blank-td","td",1,0,0,1,"član","tdan"
439,"first_blank","first_blank-čla","čla",2,13,"first_blank-ami","ami",13,0,0,1,"članak","aminak"
51,"vje","vje-če","če",3,1,"uska-če","uska",1,0,1,1,"čovječe","čouskače"
336,"vjek","vjek-last_blank","last_blank",2,7,"tler-last_blank","tler",7,0,0,1,"čovjek","čotler"
267,"k","k-va","va",3,6,"k-ford","ford",2,4,2,1,"crkva","crkford"
985,"cr","cr-v","v",1,1,"xo-v","xo",1,0,0,1,"crv","xov"
996,"ve","ve-na","na",3,24,"priz-na","priz",24,0,2,1,"crvena","crprizna"
796,"šte","šte-last_blank","last_blank",4,90,"sburg-last_blank","sburg",6,84,2,1,"čudovište","čudovisburg"
754,"sto","sto-last_blank","last_blank",2,6,"era-last_blank","era",6,0,0,1,"čvrsto","čvrera"
745,"di","di-lja","lja",3,4,"di-štem","štem",3,1,1,1,"dadilja","dadištem"
260,"nas","nas-last_blank","last_blank",2,10,"biš-last_blank","biš",10,0,0,1,"danas","dabiš"
119,"to","to-te","te",4,8,"odras-te","odras",3,5,3,1,"datoteka","daodrasteka"
628,"de","de-kan","kan",2,1,"de-ćom","ćom",1,0,0,1,"dekan","dećom"
496,"tan","tan-last_blank","last_blank",4,133,"ryjem-last_blank","ryjem",6,127,2,1,"delikatan","delikaryjem"
837,"sert","sert-last_blank","last_blank",2,1,"tard-last_blank","tard",1,0,0,1,"desert","detard"
377,"na","na-tor","tor",4,7,"na-iskap","iskap",1,6,2,1,"detonator","detonaiskap"
127,"mant","mant-last_blank","last_blank",3,1,"ouxi-last_blank","ouxi",1,0,0,1,"dijamant","dijaouxi"
103,"di","di-je","je",3,86,"stro-je","stro",4,82,2,1,"dijete","strojete"
73,"di","di-m","m",1,1,"or-m","or",1,0,0,1,"dim","orm"
60,"di","di-nas","nas",4,4,"di-sfunk","sfunk",4,0,2,1,"dinastija","disfunktija"
106,"plo","plo-ma","ma",3,9,"stvi-ma","stvi",7,2,1,1,"diploma","distvima"
107,"di","di-rek","rek",4,27,"di-amond","amond",1,26,2,1,"direktno","diamondtno"
76," se"," se-last_blank","last_blank",4,1,"ebird-last_blank","ebird",1,0,2,1,"diviti se","divitiebird"
112,"dje","dje-ča","ča",3,16,"uobi-ča","uobi",15,1,1,1,"dječaka","uobičaka"
21,"dj","dj-ed","ed",1,1,"he-ed","he",1,0,0,1,"djed","heed"
109,"voj","voj-ka","ka",3,5,"šmin-ka","šmin",6,1,1,1,"djevojka","dješminka"
47,"first_blank","first_blank-dla","dla",2,22,"first_blank-hor","hor",22,0,0,1,"dlaka","horka"
503,"first_blank","first_blank-dn","dn",1,5,"first_blank-qa","qa",5,0,0,1,"dna","qaa"
833,"dnev","dnev-no","no",2,1,"dant-no","dant",1,0,0,1,"dnevno","dantno"
606,"bit","bit-last_blank","last_blank",2,26,"dra-last_blank","dra",26,0,0,1,"dobit","dodra"
546,"bi","bi-ti","ti",3,47,"iden-ti","iden",45,2,2,1,"dobiti","doidenti"
339,"bro","bro-last_blank","last_blank",2,7,"cie-last_blank","cie",7,0,0,1,"dobro","docie"
491,"go","go-vo","vo",5,126,"go-meryja","meryja",1,125,4,1,"dogovoriti","dogomeryjariti"
495,"do","do-jam","jam",2,1,"do-ves","ves",1,0,0,1,"dojam","doves"
118,"kaz","kaz-last_blank","last_blank",2,7,"ach-last_blank","ach",7,0,0,1,"dokaz","doach"
458,"zak","zak-last_blank","last_blank",3,24,"ment-last_blank","ment",24,0,1,1,"dolazak","dolament"
573,"do","do-ni","ni",4,22,"umjet-ni","umjet",12,10,3,1,"donijeti","umjetnijeti"
461,"šte","šte-nje","nje",4,16,"objaš-nje","objaš",5,11,2,1,"dopuštenje","dopuobjašnje"
651,"do","do-pus","pus",4,18,"do-iazim","iazim",1,17,2,1,"dopustiti","doiazimtiti"
592,"lov","lov-no","no",3,3,"vrat-no","vrat",3,0,1,1,"doslovno","dosvratno"
126,"volj","volj-no","no",3,12,"onal-no","onal",13,1,0,1,"dovoljno","doonalno"
852,"do","do-za","za",2,3,"pen-za","pen",3,0,1,1,"doza","penza"
288,"first_blank","first_blank-dra","dra",2,85,"first_blank-ple","ple",84,1,0,1,"drama","plema"
687,"dra","dra-ma","ma",4,14,"autiz-ma","autiz",1,13,2,1,"dramatičan","autizmatičan"
333,"až","až-last_blank","last_blank",1,2,"ða-last_blank","ða",2,0,0,1,"draž","drða"
418,"first_blank","first_blank-drug","drug",2,3,"first_blank-chur","chur",3,0,0,1,"drugdje","churdje"
372,"first_blank","first_blank-dru","dru",2,85,"first_blank-car","car",85,0,0,1,"drugi","cargi"
300,"first_blank","first_blank-druš","druš",2,16,"first_blank-broj","broj",16,0,0,1,"društvo","brojtvo"
945,"ža","ža-ti","ti",3,16,"pros-ti","pros",17,1,2,1,"držati","drprosti"
556,"ćan","ćan-last_blank","last_blank",2,12,"key-last_blank","key",12,0,0,1,"dućan","dukey"
618,"first_blank","first_blank-dug","dug",2,6,"first_blank-rab","rab",6,0,0,1,"dugme","rabme"
74,"du","du-han","han",2,1,"du-ćom","ćom",1,0,0,1,"duhan","dućom"
750,"vit","vit-last_blank","last_blank",3,61,"njak-last_blank","njak",61,0,1,1,"duhovit","duhonjak"
791,"du","du-pe","pe",2,6,"tra-pe","tra",5,1,1,1,"dupe","trape"
132,"du","du-ša","ša",2,2,"okr-ša","okr",2,0,1,1,"duša","okrša"
70,"first_blank","first_blank-dv","dv",1,10,"first_blank-ej","ej",10,0,0,1,"dva","eja"
905,"first_blank","first_blank-dv","dv",1,10,"first_blank-ic","ic",10,0,0,1,"dvd","icd"
887,"first_blank","first_blank-dvos","dvos",3,9,"first_blank-osam","osam",9,0,0,1,"dvostruko","osamtruko"
437,"ep","ep-last_blank","last_blank",1,17,"um-last_blank","um",17,0,0,1,"džep","džum"
265,"dž","dž-ip","ip",1,1,"le-ip","le",1,0,0,1,"džip","leip"
800,"first_blank","first_blank-džun","džun",2,6,"first_blank-akut","akut",6,0,0,1,"džungla","akutgla"
827,"ment","ment-last_blank","last_blank",4,24,"stvom-last_blank","stvom",17,7,1,1,"eksperiment","eksperistvom"
115,"s","s-tra","tra",3,3,"s-hvil","hvil",3,0,1,1,"ekstra","ekshvil"
862,"first_blank","first_blank-eli","eli",5,42,"first_blank-grayso","grayso",4,38,3,1,"eliminirati","graysominirati"
164,"gle","gle-ski","ski",3,2,"umat-ski","umat",2,0,1,1,"engleski","enumatski"
788,"zam","zam-last_blank","last_blank",5,41,"freyja-last_blank","freyja",2,39,3,1,"entuzijazam","entuzijafreyja"
395,"first_blank","first_blank-evo","evo",4,14,"first_blank-straš","straš",14,0,2,1,"evolucija","strašlucija"
142,"first_blank","first_blank-fak","fak",2,12,"first_blank-oki","oki",12,0,0,1,"faktor","okitor"
668,"fa","fa-za","za",2,4,"gon-za","gon",4,0,1,1,"faza","gonza"
117,"no","no-men","men",3,1,"no-grad","grad",1,0,1,1,"fenomen","fenograd"
678,"lo","lo-zo","zo",5,8,"lo-uisvil","uisvil",2,6,4,1,"filozofija","filouisvilfija"
864,"nan","nan-ci","ci",4,21,"uklju-ci","uklju",3,18,2,1,"financije","fiukljucije"
158,"cij","cij-ski","ski",4,23,"sport-ski","sport",1,22,2,1,"financijski","finansportski"
3,"first_blank","first_blank-fir","fir",2,7,"first_blank-edu","edu",7,0,0,1,"firma","eduma"
357,"zi","zi-ka","ka",3,7,"advo-ka","advo",6,1,2,1,"fizika","fiadvoka"
365,"rat","rat-last_blank","last_blank",4,58,"stvom-last_blank","stvom",17,41,2,1,"fotoaparat","fotoapastvom"
286,"first_blank","first_blank-frag","frag",2,4,"first_blank-vris","vris",4,0,0,1,"fragment","vrisment"
718,"first_blank","first_blank-frek","frek",4,6,"first_blank-zgnje","zgnje",6,0,1,1,"frekvencija","zgnjevencija"
120,"first_blank","first_blank-fun","fun",2,8,"first_blank-mam","mam",8,0,0,1,"funta","mamta"
622,"ga","ga-dan","dan",2,1,"ga-nji","nji",1,0,0,1,"gadan","ganji"
238,"le","le-ri","ri",4,17,"le-blanc","blanc",1,16,3,1,"galerija","galeblancja"
674,"tor","tor-last_blank","last_blank",4,107,"ryjem-last_blank","ryjem",6,101,2,1,"generator","generaryjem"
989,"ge","ge-nij","nij",2,1,"ge-eja","eja",1,0,0,1,"genij","geeja"
79,"first_blank","first_blank-ges","ges",2,9,"first_blank-kol","kol",9,0,0,1,"gesta","kolta"
973,"first_blank","first_blank-gl","gl",1,18,"first_blank-zr","zr",18,0,0,1,"glad","zrad"
397,"first_blank","first_blank-gl","gl",1,18,"first_blank-zr","zr",18,0,0,1,"glas","zras"
247,"first_blank","first_blank-gni","gni",3,5,"first_blank-štet","štet",5,0,1,1,"gnijezdo","štetjezdo"
685,"nji","nji-ca","ca",4,4,"strel-ca","strel",1,3,2,1,"godišnjica","godišstrelca"
822,"go","go-lf","lf",1,1,"go-če","če",1,0,0,1,"golf","goče"
181,"go","go-li","li",2,12,"go-cje","cje",13,1,1,1,"goli","gocje"
646,"go","go-mi","mi",3,10,"utak-mi","utak",6,4,2,1,"gomila","utakmila"
94,"dar","dar-last_blank","last_blank",3,18,"ljom-last_blank","ljom",18,0,1,1,"gospodar","gospoljom"
949,"vost","vost-last_blank","last_blank",5,26,"freyja-last_blank","freyja",2,24,2,1,"gostoljubivost","gostoljubifreyja"
634,"vor","vor-last_blank","last_blank",2,15,"čaš-last_blank","čaš",15,0,0,1,"govor","gočaš"
927,"đan","đan-ski","ski",3,1,"džer-ski","džer",1,0,1,1,"građanski","gradžerski"
236,"first_blank","first_blank-gra","gra",4,189,"first_blank-uklju","uklju",49,140,2,1,"građevina","ukljuđevina"
984,"jeh","jeh-last_blank","last_blank",2,5,"mos-last_blank","mos",5,0,0,1,"grijeh","grimos"
41,"gri","gri-pa","pa",2,1,"mys-pa","mys",1,0,0,1,"gripa","myspa"
933,"gr","gr-lo","lo",2,1,"šta-lo","šta",1,0,1,1,"grlo","štalo"
774,"gr","gr-m","m",1,1,"xo-m","xo",1,0,0,1,"grm","xom"
192,"ob","ob-last_blank","last_blank",1,4,"zz-last_blank","zz",4,0,0,1,"grob","grzz"
548,"bit","bit-nik","nik",3,2,"glas-nik","glas",2,0,1,1,"gubitnik","guglasnik"
583,"first_blank","first_blank-gub","gub",3,4,"first_blank-prać","prać",4,0,1,1,"gubljenje","praćljenje"
940,"first_blank","first_blank-gur","gur",3,17,"first_blank-proš","proš",17,0,1,1,"gurnuti","prošnuti"
516,"gu","gu-ska","ska",2,1,"gu-ban","ban",1,0,0,1,"guska","guban"
997,"first_blank","first_blank-gut","gut",2,3,"first_blank-aor","aor",3,0,0,1,"gutljaj","aorljaj"
715,"ver","ver-ner","ner",3,2,"ver-ljiv","ljiv",1,1,1,1,"guverner","guverljiv"
202,"hi","hi-tan","tan",2,1,"hi-med","med",1,0,0,1,"hitan","himed"
769,"ho","ho-bi","bi",2,8,"tre-bi","tre",8,0,1,1,"hobi","trebi"
1,"mon","mon-last_blank","last_blank",2,14,"dre-last_blank","dre",14,0,0,1,"hormon","hordre"
387,"tel","tel-last_blank","last_blank",2,11,"kon-last_blank","kon",11,0,0,1,"hotel","hokon"
459,"brost","brost-last_blank","last_blank",2,1,"rowsa-last_blank","rowsa",1,0,0,1,"hrabrost","hrarowsa"
699,"first_blank","first_blank-hr","hr",1,57,"first_blank-zo","zo",57,0,0,1,"hram","zoam"
449,"first_blank","first_blank-hra","hra",2,47,"first_blank-bli","bli",47,0,0,1,"hrana","blina"
255,"first_blank","first_blank-hra","hra",3,47,"first_blank-iden","iden",46,1,1,1,"hraniti","idenniti"
709,"alan","alan-last_blank","last_blank",2,3,"grad-last_blank","grad",3,0,0,1,"idealan","idegrad"
823,"ide","ide-ja","ja",2,2,"rod-ja","rod",2,0,0,1,"ideja","rodja"
217,"ig","ig-la","la",1,1,"ud-la","ud",1,0,0,1,"igla","udla"
209,"ig","ig-ra","ra",1,9,"be-ra","be",9,0,0,1,"igra","bera"
198,"first_blank","first_blank-ilu","ilu",3,7,"first_blank-otis","otis",7,0,1,1,"iluzija","otiszija"
831,"im","im-e","e",1,1,"yp-e","yp",1,0,0,1,"ime","ype"
922,"first_blank","first_blank-imo","imo",3,7,"first_blank-sves","sves",7,0,1,1,"imovina","svesvina"
58,"lan","lan-last_blank","last_blank",5,71,"freyja-last_blank","freyja",2,69,3,1,"imperijalan","imperijafreyja"
430,"pre","pre-si","si",4,37,"autop-si","autop",4,33,2,1,"impresivan","imautopsivan"
424,"dent","dent-last_blank","last_blank",3,5,"irao-last_blank","irao",5,0,0,1,"incident","inciirao"
576,"in","in-dus","dus",4,17,"in-croft","croft",1,16,2,1,"industrija","incrofttrija"
586,"s","s-pek","pek",4,17,"s-trong","trong",1,16,2,1,"inspektor","instrongtor"
220,"first_blank","first_blank-in","in",6,488,"first_blank-crawfor","crawfor",1,487,5,1,"inspirirati","crawforspirirati"
224,"first_blank","first_blank-ins","ins",3,45,"first_blank-okre","okre",44,1,1,1,"instinkt","okretinkt"
391,"net","net-last_blank","last_blank",3,21,"tvom-last_blank","tvom",21,0,1,1,"internet","intertvom"
403,"first_blank","first_blank-inva","inva",3,14,"first_blank-učin","učin",14,0,0,1,"invazija","učinzija"
13,"njer","njer-last_blank","last_blank",3,3,"glih-last_blank","glih",3,0,0,1,"inženjer","inžeglih"
226,"first_blank","first_blank-iro","iro",3,7,"first_blank-cham","cham",7,0,1,1,"ironija","chamnija"
987,"kus","kus-tvo","tvo",3,1,"mnoš-tvo","mnoš",1,0,1,1,"iskustvo","ismnoštvo"
230,"first_blank","first_blank-is","is",8,1175,"marqu-is","marqu",1,1174,6,2,"ispitati, pregledati","marquispitati, pregledati"
790,"pred","pred-last_blank","last_blank",2,3,"trin-last_blank","trin",3,0,0,1,"ispred","istrin"
793,"nje","nje-last_blank","last_blank",5,1480,"lowitz-last_blank","lowitz",1,1479,3,1,"istraživanje","istraživalowitz"
35,"gli","gli-ca","ca",4,9,"obras-ca","obras",1,8,2,1,"izbjeglica","izbjeobrasca"
484,"bor","bor-last_blank","last_blank",2,11,"hao-last_blank","hao",11,0,0,1,"izbor","izhao"
175,"gled","gled-last_blank","last_blank",2,8,"nješ-last_blank","nješ",8,0,0,1,"izgled","iznješ"
865,"laz","laz-last_blank","last_blank",2,7,"ves-last_blank","ves",7,0,0,1,"izlaz","izves"
419,"na","na-da","da",4,29,"zvjez-da","zvjez",11,18,3,1,"iznenada","iznezvjezda"
670,"nje","nje-last_blank","last_blank",5,1480,"adwayu-last_blank","adwayu",1,1479,3,1,"iznenađenje","iznenađeadwayu"
239,"iz","iz-nos","nos",2,1,"iz-vat","vat",1,0,0,1,"iznos","izvat"
243,"tan","tan-last_blank","last_blank",4,133,"sburg-last_blank","sburg",6,127,2,1,"izuzetan","izuzesburg"
443,"vješ","vješ-će","će",3,1,"upli-će","upli",1,0,0,1,"izvješće","izupliće"
216,"vor","vor-last_blank","last_blank",2,15,"oci-last_blank","oci",15,0,0,1,"izvor","izoci"
297,"vor","vor-nik","nik",3,4,"ljed-nik","ljed",3,1,1,1,"izvornik","izljednik"
727,"stan","stan-last_blank","last_blank",3,4,"kard-last_blank","kard",4,0,0,1,"izvrstan","izvrkard"
924,"bu","bu-ka","ka",3,3,"odvi-ka","odvi",3,0,2,1,"jabuka","jaodvika"
739,"ja","ja-k","k",1,2,"uc-k","uc",2,0,0,1,"jak","uck"
444,"first_blank","first_blank-jam","jam",3,16,"first_blank-otro","otro",16,0,1,1,"jamčiti","otročiti"
452,"first_blank","first_blank-jas","jas",2,44,"first_blank-ose","ose",44,0,0,1,"jasno","oseno"
710,"ja","ja-vi","vi",3,49,"ja-telj","telj",29,20,2,1,"javiti","jateljti"
173,"zz","zz-last_blank","last_blank",1,4,"rf-last_blank","rf",4,0,0,1,"jazz","jarf"
842,"je","je-dan","dan",2,7,"je-šio","šio",7,0,0,1,"jedan","ješio"
551,"di","di-ni","ni",4,25,"umjet-ni","umjet",12,13,3,1,"jedinica","jeumjetnica"
252,"tav","tav-no","no",4,4,"uljud-no","uljud",2,2,2,1,"jednostavno","jednosuljudno"
354,"jo","jo-ga","ga",2,1,"vul-ga","vul",1,0,1,1,"joga","vulga"
729,"ju","ju-g","g",1,1,"er-g","er",1,0,0,1,"jug","erg"
698,"ju","ju-ha","ha",2,1,"net-ha","net",1,0,1,1,"juha","netha"
762,"ju","ju-nak","nak",2,2,"ju-gos","gos",2,0,0,1,"junak","jugos"
957,"juž","juž-ni","ni",2,2,"ska-ni","ska",2,0,0,1,"južni","skani"
980,"bel","bel-last_blank","last_blank",2,15,"vor-last_blank","vor",15,0,0,1,"kabel","kavor"
511,"bi","bi-na","na",3,28,"upoz-na","upoz",25,3,2,1,"kabina","kaupozna"
492,"bi","bi-net","net",3,1,"bi-otik","otik",1,0,1,1,"kabinet","kabiotik"
716,"ci","ci-ga","ga",3,19,"ci-plin","plin",4,15,2,1,"kaciga","kaciplin"
664,"len","len-dar","dar",3,1,"len-nyja","nyja",1,0,1,1,"kalendar","kalennyja"
362,"li","li-bar","bar",3,2,"li-amom","amom",2,0,1,1,"kalibar","kaliamom"
713,"ka","ka-mp","mp",1,1,"ka-ca","ca",1,0,0,1,"kamp","kaca"
233,"first_blank","first_blank-kam","kam",3,33,"first_blank-upoz","upoz",33,0,1,1,"kampanja","upozpanja"
906,"ka","ka-nal","nal",2,1,"ka-hli","hli",1,0,0,1,"kanal","kahli"
601,"lar","lar-last_blank","last_blank",3,13,"trom-last_blank","trom",13,0,1,1,"kancelar","kancetrom"
33,"dat","dat-last_blank","last_blank",3,18,"ljom-last_blank","ljom",18,0,1,1,"kandidat","kandiljom"
971,"ka","ka-os","os",2,1,"ka-shi","shi",1,0,1,1,"kaos","kashi"
770,"tet","tet-last_blank","last_blank",4,29,"sburg-last_blank","sburg",6,23,2,1,"kapacitet","kapacisburg"
187,"tal","tal-last_blank","last_blank",3,17,"ning-last_blank","ning",17,0,1,1,"kapital","kapining"
760,"first_blank","first_blank-kap","kap",3,14,"first_blank-spra","spra",14,0,1,1,"kapsula","sprasula"
856,"je","je-ra","ra",4,10,"je-tlost","tlost",1,9,3,1,"karijera","karijetlost"
154,"val","val-last_blank","last_blank",3,7,"džer-last_blank","džer",7,0,1,1,"karneval","karnedžer"
939,"šalj","šalj-last_blank","last_blank",2,2,"folk-last_blank","folk",2,0,0,1,"kašalj","kafolk"
662,"first_blank","first_blank-kas","kas",2,35,"first_blank-bje","bje",35,0,0,1,"kasno","bjeno"
824,"ka","ka-t","t",1,1,"it-t","it",1,0,0,1,"kat","itt"
309,"lik","lik-last_blank","last_blank",3,13,"trom-last_blank","trom",13,0,1,1,"katolik","katotrom"
305,"uč","uč-last_blank","last_blank",2,1,"icy-last_blank","icy",1,0,1,1,"kauč","kaicy"
962,"kaz","kaz-na","na",2,2,"njo-na","njo",2,0,0,1,"kazna","njona"
858,"kaz","kaz-ni","ni",3,15,"ljet-ni","ljet",15,0,1,1,"kazniti","ljetniti"
723,"first_blank","first_blank-kć","kć",1,2,"first_blank-js","js",2,0,0,1,"kći","jsi"
347,"čap","čap-last_blank","last_blank",2,1,"eji-last_blank","eji",1,0,0,1,"kečap","keeji"
31,"ke","ke-mi","mi",3,13,"utak-mi","utak",6,7,2,1,"kemija","utakmija"
32,"mij","mij-ski","ski",3,2,"krat-ski","krat",2,0,1,1,"kemijski","kekratski"
189,"ki","ki-lo","lo",2,15,"nas-lo","nas",15,0,1,1,"kilo","naslo"
364,"me","me-tar","tar",4,11,"me-ssing","ssing",1,10,2,1,"kilometar","kilomessing"
275,"ki","ki-no","no",2,2,"per-no","per",2,0,1,1,"kino","perno"
326,"rurg","rurg-last_blank","last_blank",2,3,"gard-last_blank","gard",3,0,0,1,"kirurg","kigard"
755,"ki","ki-ša","ša",2,2,"ki-nuo","nuo",2,0,1,1,"kiša","kinuo"
446,"kl","kl-an","an",1,1,"ci-an","ci",1,0,0,1,"klan","cian"
734,"kla","kla-sa","sa",2,1,"gre-sa","gre",1,0,0,1,"klasa","gresa"
170,"vir","vir-last_blank","last_blank",2,3,"ice-last_blank","ice",3,0,0,1,"klavir","klaice"
919,"first_blank","first_blank-kle","kle",2,24,"first_blank-rod","rod",24,0,0,1,"kletva","rodtva"
953,"ju","ju-č","č",1,1,"ra-č","ra",1,0,0,1,"ključ","klrač"
22,"ub","ub-last_blank","last_blank",1,6,"hs-last_blank","hs",6,0,0,1,"klub","klhs"
396,"first_blank","first_blank-knjiž","knjiž",3,8,"first_blank-uvjet","uvjet",8,0,0,1,"knjižnica","uvjetnica"
558,"first_blank","first_blank-koc","koc",3,35,"first_blank-sred","sred",35,0,1,1,"kockanje","sredkanje"
959,"ko","ko-di","di",4,16,"zvjez-di","zvjez",3,13,3,1,"kodirati","zvjezdirati"
201,"ka","ka-in","in",3,4,"ka-drov","drov",4,0,2,1,"kokain","kokadrov"
807,"ledž","ledž-last_blank","last_blank",2,1,"felj-last_blank","felj",1,0,0,1,"koledž","kofelj"
313,"li","li-či","či",4,32,"stvar-či","stvar",6,26,3,1,"količina","kostvarčina"
153,"lo","lo-ni","ni",4,45,"umjet-ni","umjet",12,33,3,1,"kolonija","koumjetnija"
752,"first_blank","first_blank-kom","kom",5,154,"first_blank-alexan","alexan",8,146,3,1,"kombinacija","alexanbinacija"
237,"tar","tar-last_blank","last_blank",3,47,"njom-last_blank","njom",47,0,1,1,"komentar","komennjom"
271,"pas","pas-last_blank","last_blank",2,4,"vem-last_blank","vem",4,0,0,1,"kompas","komvem"
95,"ment","ment-last_blank","last_blank",3,24,"njoj-last_blank","njoj",24,0,0,1,"kompliment","komplinjoj"
870,"na","na-čan","čan",3,2,"na-smij","smij",2,0,1,1,"konačan","konasmij"
148,"nač","nač-no","no",3,3,"treb-no","treb",3,0,1,1,"konačno","kotrebno"
97,"cept","cept-last_blank","last_blank",2,2,"štit-last_blank","štit",2,0,0,1,"koncept","konštit"
706,"first_blank","first_blank-kon","kon",5,314,"first_blank-grayso","grayso",4,310,3,1,"konferencija","graysoferencija"
835,"nji","nji-ca","ca",3,4,"shva-ca","shva",4,0,1,1,"konjica","koshvaca"
295,"no","no-bar","bar",3,1,"no-silj","silj",1,0,1,1,"konobar","konosilj"
903,"takt","takt-last_blank","last_blank",2,1,"vett-last_blank","vett",1,0,0,1,"kontakt","konvett"
654,"first_blank","first_blank-kon","kon",6,314,"first_blank-chegwid","chegwid",1,313,4,1,"kontaminacija","chegwidtaminacija"
352,"first_blank","first_blank-kon","kon",5,314,"first_blank-grayso","grayso",4,310,3,1,"kontrolirati","graysotrolirati"
323,"zer","zer-va","va",5,19,"tonyje-va","tonyje",1,18,3,1,"konzervativan","kontonyjevativan"
559,"pa","pa-ti","ti",3,87,"iden-ti","iden",45,42,2,1,"kopati","koidenti"
110,"ris","ris-tan","tan",3,2,"okre-tan","okre",1,1,1,1,"koristan","kookretan"
433,"ko","ko-šar","šar",3,12,"ko-nven","nven",12,0,1,1,"košarka","konvenka"
341,"ko","ko-st","st",1,1,"ko-pr","pr",1,0,0,1,"kost","kopr"
248,"lja","lja-last_blank","last_blank",3,231,"nost-last_blank","nost",257,26,1,1,"košulja","košunost"
834,"ko","ko-ža","ža",2,1,"ko-pri","pri",1,0,1,1,"koža","kopri"
544,"kra","kra-đa","đa",2,2,"vje-đa","vje",1,1,0,1,"krađa","vjeđa"
968,"aj","aj-last_blank","last_blank",1,22,"eo-last_blank","eo",22,0,0,1,"kraj","kreo"
938,"kraj","kraj-nje","nje",2,1,"okru-nje","okru",1,0,0,1,"krajnje","okrunje"
302,"ljev","ljev-ski","ski",3,1,"film-ski","film",1,0,0,1,"kraljevski","krafilmski"
840,"ljež","ljež-njak","njak",3,1,"stol-njak","stol",1,0,0,1,"kralježnjak","krastolnjak"
301,"kra","kra-lji","lji",3,12,"vjer-lji","vjer",12,0,1,1,"kraljica","vjerljica"
131,"tak","tak-last_blank","last_blank",2,59,"vog-last_blank","vog",59,0,0,1,"kratak","kravog"
811,"kra","kra-va","va",2,8,"ški-va","ški",8,0,0,1,"krava","škiva"
950,"dit","dit-na","na",3,1,"anal-na","anal",1,0,1,1,"kreditna","kreanalna"
871,"kre","kre-ma","ma",2,4,"tva-ma","tva",4,0,0,1,"krema","tvama"
562,"kri","kri-tič","tič",3,8,"kri-žalj","žalj",4,4,1,1,"kritično","križaljno"
473,"ug","ug-last_blank","last_blank",1,4,"pp-last_blank","pp",4,0,0,1,"krug","krpp"
725,"uh","uh-last_blank","last_blank",1,8,"lj-last_blank","lj",8,0,0,1,"kruh","krlj"
658,"first_blank","first_blank-krum","krum",2,10,"first_blank-brat","brat",10,0,0,1,"krumpir","bratpir"
612,"kru","kru-na","na",2,1,"bar-na","bar",1,0,0,1,"kruna","barna"
880,"kr","kr-v","v",1,1,"ra-v","ra",1,0,0,1,"krv","rav"
11,"ku","ku-ća","ća",2,8,"ku-ren","ren",8,0,1,1,"kuća","kuren"
145,"ku","ku-ga","ga",2,1,"tlo-ga","tlo",1,0,1,1,"kuga","tloga"
310,"ha","ha-ti","ti",3,17,"pros-ti","pros",17,0,2,1,"kuhati","kuprosti"
82,"first_blank","first_blank-kul","kul",3,23,"first_blank-slav","slav",23,0,1,1,"kultura","slavtura"
274,"first_blank","first_blank-ku","ku",2,434,"first_blank-raz","raz",437,3,1,1,"kupa","razpa"
626,"pi","pi-ti","ti",3,70,"iden-ti","iden",45,25,2,1,"kupiti","kuidenti"
867,"ku","ku-tak","tak",2,1,"ku-čen","čen",1,0,0,1,"kutak","kučen"
936,"ku","ku-ti","ti",3,11,"shva-ti","shva",11,0,2,1,"kutija","shvatija"
892,"la","la-nac","nac",2,1,"la-ski","ski",1,0,0,1,"lanac","laski"
213,"ska","ska-ti","ti",3,11,"kris-ti","kris",9,2,1,1,"laskati","lakristi"
317,"la","la-ž","ž",1,18,"tr-ž","tr",7,11,0,1,"laž","trž"
316,"la","la-žan","žan",2,1,"la-cic","cic",1,0,0,1,"lažan","lacic"
761,"za","za-nje","nje",3,24,"za-štit","štit",17,7,1,1,"lazanje","lazaštit"
587,"le","le-đa","đa",2,1,"le-mom","mom",1,0,1,1,"leđa","lemom"
928,"le","le-gi","gi",3,29,"le-onar","onar",6,23,2,1,"legija","leonarja"
645,"tir","tir-last_blank","last_blank",2,7,"ceu-last_blank","ceu",7,0,0,1,"leptir","lepceu"
169,"first_blank","first_blank-lez","lez",3,15,"first_blank-ugri","ugri",15,0,1,1,"lezbijka","ugribijka"
828,"li","li-ga","ga",2,7,"li-men","men",7,0,1,1,"liga","limen"
327,"je","je-po","po",3,5,"je-ljen","ljen",4,1,2,1,"lijepo","lijeljen"
497,"li","li-k","k",1,2,"uc-k","uc",2,0,0,1,"lik","uck"
757,"mu","mu-na","na",4,8,"spret-na","spret",1,7,3,1,"limunada","lispretnada"
773,"panj","panj-last_blank","last_blank",2,3,"hawk-last_blank","hawk",3,0,0,1,"lipanj","lihawk"
972,"si","si-ca","ca",3,13,"utje-ca","utje",12,1,2,1,"lisica","liutjeca"
981,"first_blank","first_blank-lje","lje",2,59,"first_blank-ski","ski",59,0,0,1,"ljeto","skito"
335,"bav","bav-ni","ni",4,22,"umjet-ni","umjet",12,10,2,1,"ljubavnica","ljuumjetnica"
337,"mo","mo-ran","ran",4,9,"mo-nique","nique",1,8,2,1,"ljubomoran","ljubomonique"
306,"pov","pov-last_blank","last_blank",2,4,"cij-last_blank","cij",4,0,0,1,"lopov","locij"
681,"lo","lo-v","v",1,1,"ra-v","ra",1,0,0,1,"lov","rav"
180,"lu","lu-di","di",3,19,"izvo-di","izvo",7,12,2,1,"ludilo","izvodilo"
759,"nar","nar-ni","ni",3,4,"ukus-ni","ukus",4,0,1,1,"lunarni","luukusni"
211,"first_blank","first_blank-lut","lut",2,19,"first_blank-gan","gan",19,0,0,1,"lutka","ganka"
440,"ma","ma-č","č",1,1,"hr-č","hr",1,0,0,1,"mač","hrč"
272,"ma","ma-fi","fi",3,15,"ma-njem","njem",6,9,2,1,"mafija","manjemja"
293,"ga","ga-rac","rac",3,1,"ga-iuse","iuse",1,0,1,1,"magarac","magaiuse"
59,"ma","ma-gi","gi",3,9,"ma-njem","njem",6,3,2,1,"magija","manjemja"
141,"net","net-ski","ski",3,4,"graf-ski","graf",4,0,1,1,"magnetski","maggrafski"
149,"ma","ma-il","il",2,1,"ma-uzo","uzo",1,0,1,1,"mail","mauzo"
501,"maj","maj-ka","ka",2,4,"šet-ka","šet",4,0,0,1,"majka","šetka"
183,"mun","mun-last_blank","last_blank",2,2,"ato-last_blank","ato",2,0,0,1,"majmun","majato"
349,"ma","ma-lo","lo",2,39,"ma-tič","tič",31,8,1,1,"malo","matič"
886,"ra","ra-ton","ton",3,2,"ra-njiv","njiv",2,0,1,1,"maraton","maranjiv"
386,"ri","ri-nac","nac",3,2,"ri-telj","telj",2,0,1,1,"marinac","maritelj"
901,"rs","rs-last_blank","last_blank",1,16,"hy-last_blank","hy",16,0,0,1,"mars","mahy"
304,"ma","ma-šta","šta",2,11,"ma-gič","gič",10,1,0,1,"mašta","magič"
356,"me","me-d","d",1,1,"il-d","il",1,0,0,1,"med","ild"
644,"cin","cin-ski","ski",4,1,"evrop-ski","evrop",1,0,2,1,"medicinski","medievropski"
809,"đu","đu-na","na",5,10,"babylo-na","babylo",1,9,4,1,"međunarodni","mebabylonarodni"
432,"me","me-k","k",1,1,"ul-k","ul",1,0,0,1,"mek","ulk"
712,"na","na-džer","džer",3,1,"na-zvat","zvat",1,0,0,1,"menadžer","menazvat"
143,"tal","tal-ni","ni",3,16,"kret-ni","kret",16,0,1,1,"mentalni","menkretni"
818,"to","to-da","da",3,3,"to-prim","prim",3,0,2,1,"metoda","metoprim"
553,"naš","naš-last_blank","last_blank",4,11,"sburg-last_blank","sburg",6,5,2,1,"milijunaš","milijusburg"
367,"li","li-on","on",3,5,"li-njem","njem",3,2,2,1,"milion","milinjem"
64,"mi","mi-lja","lja",2,2,"mi-tet","tet",2,0,0,1,"milja","mitet"
122,"lo","lo-sr","sr",4,5,"lo-oking","oking",1,4,3,1,"milosrđe","milookingđe"
937,"mi","mi-ng","ng",1,1,"mi-en","en",1,0,0,1,"ming","mien"
348,"mum","mum-last_blank","last_blank",3,2,"tasy-last_blank","tasy",2,0,1,1,"minimum","minitasy"
751,"mi","mi-ran","ran",2,13,"mi-los","los",12,1,0,1,"miran","milos"
536,"mi","mi-ro","ro",4,24,"mi-nique","nique",1,23,3,1,"mirovina","miniquevina"
775,"mi","mi-š","š",1,1,"je-š","je",1,0,0,1,"miš","ješ"
777,"first_blank","first_blank-miš","miš",3,6,"first_blank-glji","glji",6,0,1,1,"mišljenje","gljiljenje"
319,"mi","mi-t","t",1,1,"aš-t","aš",1,0,0,1,"mit","ašt"
855,"mi","mi-to","to",2,10,"rek-to","rek",10,0,1,1,"mito","rekto"
801,"sec","sec-last_blank","last_blank",2,4,"moj-last_blank","moj",4,0,0,1,"mjesec","mjemoj"
378,"first_blank","first_blank-mjes","mjes",2,15,"first_blank-spus","spus",15,0,0,1,"mjesto","spusto"
111,"first_blank","first_blank-mla","mla",2,77,"first_blank-pje","pje",77,0,0,1,"mladost","pjedost"
431,"mla","mla-do","do",4,6,"gnjez-do","gnjez",1,5,2,1,"mladoženja","gnjezdoženja"
758,"first_blank","first_blank-mli","mli",3,16,"first_blank-ohra","ohra",16,0,1,1,"mlijeko","ohrajeko"
639,"mo","mo-del","del",2,2,"mo-lje","lje",2,0,0,1,"model","molje"
139,"de","de-ran","ran",3,2,"de-belj","belj",2,0,1,1,"moderan","modebelj"
450,"mo","mo-re","re",2,20,"pre-re","pre",15,5,1,1,"more","prere"
680," pas"," pas-last_blank","last_blank",3,1,"orit-last_blank","orit",1,0,0,1,"morski pas","morskiorit"
845,"mo","mo-st","st",1,1,"mo-ľd","ľd",1,0,0,1,"most","moľd"
8,"tiv","tiv-last_blank","last_blank",2,14,"đam-last_blank","đam",14,0,0,1,"motiv","mođam"
66,"zak","zak-last_blank","last_blank",2,24,"šeš-last_blank","šeš",24,0,0,1,"mozak","mošeš"
916,"iti","iti-last_blank","last_blank",4,2,"svest-last_blank","svest",2,0,2,1,"može biti","može bsvest"
805,"first_blank","first_blank-mre","mre",2,11,"first_blank-uho","uho",11,0,0,1,"mreža","uhoža"
554,"nduk","nduk-last_blank","last_blank",5,1,"rowitz-last_blank","rowitz",1,0,2,1,"mrtvački sanduk","mrtvački sarowitz"
334,"mr","mr-zi","zi",3,12,"mr-tvač","tvač",8,4,2,1,"mrziti","mrtvačti"
393,"mu","mu-či","či",3,14,"mu-škar","škar",9,5,2,1,"mučiti","muškarti"
191,"mu","mu-nja","nja",2,4,"mu-ham","ham",4,0,0,1,"munja","muham"
977,"ški","ški-last_blank","last_blank",2,49,"pio-last_blank","pio",49,0,0,1,"muški","mupio"
176,"onal","onal-ni","ni",4,12,"umjet-ni","umjet",12,0,1,1,"nacionalni","naciumjetni"
914,"na","na-da","da",2,29,"na-red","red",27,2,1,1,"nada","nared"
24,"vjek","vjek-last_blank","last_blank",3,7,"skao-last_blank","skao",7,0,0,1,"nadčovjek","nadčoskao"
604,"mak","mak-last_blank","last_blank",3,13,"ters-last_blank","ters",13,0,1,1,"nadimak","naditers"
923,"nost","nost-last_blank","last_blank",3,257,"skom-last_blank","skom",171,86,0,1,"nadležnost","nadležskom"
513,"nad","nad-na","na",4,10,"bowma-na","bowma",1,9,2,1,"nadnaravan","bowmanaravan"
78,"ivan","ivan-last_blank","last_blank",2,1,"tvoj-last_blank","tvoj",1,0,0,1,"naivan","natvoj"
400,"first_blank","first_blank-naj","naj",2,458,"first_blank-pos","pos",418,40,0,1,"najam","posam"
65,"oča","oča-le","le",3,1,"cyri-le","cyri",1,0,1,1,"naočale","nacyrile"
77,"na","na-pra","pra",4,25,"na-alost","alost",1,24,2,1,"napraviti","naalostviti"
673,"pre","pre-dak","dak",3,2,"pre-umor","umor",2,0,1,1,"napredak","napreumor"
405,"na","na-pus","pus",4,15,"na-iskap","iskap",1,14,2,1,"napustiti","naiskaptiti"
409,"red","red-ba","ba",3,4,"odje-ba","odje",2,2,1,1,"naredba","naodjeba"
570,"red","red-nik","nik",3,2,"štit-nik","štit",2,0,1,1,"narednik","naštitnik"
411,"nas","nas-ta","ta",4,40,"skrip-ta","skrip",1,39,2,1,"nastaviti","skriptaviti"
642,"tje","tje-ca","ca",4,14,"obras-ca","obras",1,13,2,1,"natjecanje","naobrascanje"
412,"uči","uči-ti","ti",3,4,"pres-ti","pres",4,0,1,1,"naučiti","napresti"
289,"ja","ja-last_blank","last_blank",5,1065,"sswell-last_blank","sswell",1,1064,4,1,"navigacija","navigacisswell"
413,"ne","ne-bo","bo",2,7,"ne-tak","tak",7,0,1,1,"nebo","netak"
314,"gu","gu-će","će",4,5,"odveš-će","odveš",2,3,3,1,"nemoguće","nemoodvešće"
88,"neo","neo-bi","bi",3,2,"odje-bi","odje",3,1,1,1,"neobičan","odjebičan"
422,"prav","prav-da","da",3,4,"skla-da","skla",4,0,0,1,"nepravda","nesklada"
637,"telj","telj-last_blank","last_blank",4,74,"sburg-last_blank","sburg",6,68,1,1,"neprijatelj","neprijasburg"
420,"man","man-last_blank","last_blank",4,120,"stvom-last_blank","stvom",17,103,2,1,"nerazuman","nerazustvom"
423,"nost","nost-last_blank","last_blank",4,257,"stvom-last_blank","stvom",17,240,1,1,"nesposobnost","nesposobstvom"
425,"sre","sre-tan","tan",3,3,"cons-tan","cons",3,0,1,1,"nesretan","neconstan"
428,"ugo","ugo-dan","dan",3,2,"blag-dan","blag",2,0,1,1,"neugodan","neblagdan"
307,"ne","ne-vin","vin",2,1,"ne-gli","gli",1,0,0,1,"nevin","negli"
623,"vo","vo-lja","lja",3,16,"vo-tinj","tinj",10,6,1,1,"nevolja","nevotinj"
318,"nit","nit-last_blank","last_blank",4,36,"stvom-last_blank","stvom",17,19,2,1,"nezakonit","nezakostvom"
14,"na","na-nje","nje",3,5,"na-rudž","rudž",5,0,1,1,"neznanje","neznarudž"
212,"ka","ka-da","da",3,13,"ugle-da","ugle",7,6,2,1,"nikada","niugleda"
703,"ni","ni-nja","nja",2,1,"ni-ćeš","ćeš",1,0,0,1,"ninja","nićeš"
427,"ni","ni-šta","šta",2,15,"ni-jim","jim",15,0,0,1,"ništa","nijim"
146,"ni","ni-z","z",1,1,"an-z","an",1,0,0,1,"niz","anz"
910,"ni","ni-zak","zak",2,2,"ni-tos","tos",2,0,0,1,"nizak","nitos"
185,"ni","ni-ži","ži",2,2,"ni-čen","čen",2,0,1,1,"niži","ničen"
787,"first_blank","first_blank-nl","nl",1,3,"first_blank-šv","šv",3,0,0,1,"nlo","švo"
399,"lov","lov-last_blank","last_blank",3,15,"štaš-last_blank","štaš",15,0,1,1,"nobelov","nobeštaš"
899,"no","no-ć","ć",1,1,"ti-ć","ti",1,0,0,1,"noć","tić"
704,"first_blank","first_blank-noć","noć",4,10,"first_blank-uvjež","uvjež",10,0,2,1,"noćna mora","uvježna mora"
445,"ovno","ovno-last_blank","last_blank",6,1,"adwayju-last_blank","adwayju",1,0,3,1,"normalno, redovno","normalno, redadwayju"
563,"stvo","stvo-last_blank","last_blank",4,54,"ryjem-last_blank","ryjem",6,48,1,1,"novinarstvo","novinarryjem"
10,"duk","duk-ci","ci",4,12,"ožilj-ci","ožilj",2,10,2,1,"obdukcija","obožiljcija"
875,"first_blank","first_blank-obi","obi",2,82,"first_blank-gre","gre",82,0,0,1,"običan","grečan"
292,"zak","zak-last_blank","last_blank",3,24,"njoj-last_blank","njoj",24,0,1,1,"obilazak","obilanjoj"
600,"ob","ob-je","je",1,3,"ul-je","ul",3,0,0,1,"objekt","uljekt"
346,"la","la-k","k",1,2,"re-k","re",2,0,0,1,"oblak","obrek"
986,"ob","ob-li","li",1,1,"is-li","is",1,0,0,1,"oblik","islik"
888,"first_blank","first_blank-obraz","obraz",4,1,"first_blank-dvjes","dvjes",1,0,0,1,"obrazloženje","dvjesloženje"
453,"bra","bra-ti","ti",3,11,"spus-ti","spus",9,2,1,1,"odabrati","odaspusti"
578,"oda","oda-nost","nost",2,1,"por-nost","por",1,0,0,1,"odanost","pornost"
607,"bi","bi-ti","ti",3,47,"iden-ti","iden",45,2,2,1,"odbiti","odidenti"
457,"vor","vor-last_blank","last_blank",3,15,"štaš-last_blank","štaš",15,0,1,1,"odgovor","odgoštaš"
134,"nost","nost-last_blank","last_blank",4,257,"stvom-last_blank","stvom",17,240,1,1,"odgovornost","odgovorstvom"
778,"first_blank","first_blank-odje","odje",2,57,"first_blank-elek","elek",57,0,0,2,"odjeljak","elekljak"
764,"mor","mor-last_blank","last_blank",2,9,"jač-last_blank","jač",9,0,0,1,"odmor","odjač"
610,"od","od-nos","nos",2,2,"od-gri","gri",2,0,0,1,"odnos","odgri"
686,"odras","odras-la","la",4,1,"powel-la","powel",1,0,0,1,"odrasla osoba","powella osoba"
467,"od","od-ra","ra",1,3,"uk-ra","uk",3,0,0,1,"odraz","ukraz"
846,"vjet","vjet-nik","nik",3,2,"glas-nik","glas",2,0,0,1,"odvjetnik","odglasnik"
353,"first_blank","first_blank-ogla","ogla",4,15,"first_blank-ubriz","ubriz",15,0,1,1,"oglašavanje","ubrizšavanje"
380,"first_blank","first_blank-ogrep","ogrep",3,1,"first_blank-grays","grays",1,0,0,1,"ogrepsti","grayssti"
4,"first_blank","first_blank-oki","oki",2,12,"first_blank-zre","zre",12,0,0,1,"okidač","zredač"
859,"ok","ok-o","o",1,1,"is-o","is",1,0,0,1,"oko","iso"
17,"first_blank","first_blank-oko","oko",2,33,"first_blank-unu","unu",33,0,0,1,"okoliš","unuliš"
475,"ok","ok-ru","ru",1,1,"cu-ru","cu",1,0,0,1,"okrug","curug"
641,"first_blank","first_blank-omo","omo",4,36,"first_blank-uprav","uprav",34,2,2,1,"omogućiti","upravgućiti"
509,"first_blank","first_blank-omot","omot",3,4,"first_blank-kriz","kriz",4,0,0,1,"omotnica","kriznica"
648,"ni","ni-to","to",4,16,"thorn-to","thorn",2,14,3,1,"općenito","općethornto"
166,"tiv","tiv-ni","ni",4,32,"umjet-ni","umjet",12,20,2,1,"operativni","operaumjetni"
241,"first_blank","first_blank-opi","opi",3,61,"first_blank-shva","shva",59,2,1,1,"opisati","shvasati"
325,"first_blank","first_blank-opo","opo",3,57,"first_blank-tran","tran",57,0,1,1,"oporavak","tranravak"
368,"first_blank","first_blank-opra","opra",3,18,"first_blank-smis","smis",18,0,0,1,"opraštanje","smisštanje"
488,"first_blank","first_blank-opre","opre",2,12,"first_blank-uvri","uvri",12,0,0,1,"oprema","uvrima"
235,"first_blank","first_blank-opros","opros",3,14,"first_blank-straž","straž",14,0,0,1,"oprostiti","stražtiti"
825,"nje","nje-last_blank","last_blank",5,1480,"adwaya-last_blank","adwaya",1,1479,3,1,"opterećenje","opterećeadwaya"
675,"čan","čan-last_blank","last_blank",5,94,"freyja-last_blank","freyja",2,92,3,1,"optimističan","optimistifreyja"
147,"ga","ga-zam","zam",3,1,"ga-ines","ines",1,0,1,1,"orgazam","orgaines"
26,"kes","kes-tar","tar",3,1,"bral-tar","bral",1,0,1,1,"orkestar","orbraltar"
749,"jeh","jeh-last_blank","last_blank",2,5,"pun-last_blank","pun",5,0,0,1,"osmijeh","osmipun"
557,"first_blank","first_blank-oso","oso",2,18,"first_blank-vol","vol",18,0,0,1,"osoba","volba"
223,"osob","osob-ni","ni",2,2,"trol-ni","trol",2,0,0,1,"osobni","trolni"
672,"ri","ri-ti","ti",4,115,"inves-ti","inves",17,98,3,1,"ostvariti","ostvainvesti"
382,"osu","osu-ši","ši",3,4,"fran-ši","fran",3,1,1,1,"osušiti","franšiti"
596,"first_blank","first_blank-osve","osve",2,22,"first_blank-olak","olak",22,0,0,1,"osveta","olakta"
502,"ote","ote-ti","ti",2,2,"sub-ti","sub",2,0,0,1,"oteti","subti"
912,"ve","ve-nje","nje",4,5,"ve-craft","craft",1,4,2,1,"otkrivenje","otkrivecraft"
663,"čar","čar-last_blank","last_blank",3,51,"njen-last_blank","njen",51,0,1,1,"otmičar","otminjen"
748,"pad","pad-last_blank","last_blank",2,12,"nus-last_blank","nus",12,0,0,1,"otpad","otnus"
462,"por","por-nost","nost",3,1,"por-tlan","tlan",2,1,0,1,"otpornost","otportlan"
523,"first_blank","first_blank-otri","otri",4,3,"first_blank-sklad","sklad",3,0,1,1,"otrijezniti","skladjezniti"
848,"ot","ot-ro","ro",1,1,"aa-ro","aa",1,0,0,1,"otrov","aarov"
961,"vo","vo-r","r",1,3,"le-r","le",3,0,0,1,"otvor","otler"
966,"first_blank","first_blank-otvo","otvo",3,38,"first_blank-kris","kris",38,0,0,1,"otvorena","krisrena"
815,"dje","dje-last_blank","last_blank",2,27,"šku-last_blank","šku",27,0,0,1,"ovdje","ovšku"
16,"fič","fič-ki","ki",4,2,"pljac-ki","pljac",1,1,2,1,"pacifički","pacipljacki"
279,"jent","jent-last_blank","last_blank",3,6,"skop-last_blank","skop",6,0,0,1,"pacijent","paciskop"
196,"pa","pa-d","d",1,1,"ye-d","ye",1,0,0,1,"pad","yed"
135,"la","la-ča","ča",3,3,"la-uren","uren",3,0,2,1,"palača","palauren"
222,"me","me-tan","tan",3,3,"me-adow","adow",1,2,1,1,"pametan","pameadow"
478,"pir","pir-last_blank","last_blank",2,5,"tez-last_blank","tez",5,0,0,1,"papir","patez"
342,"id","id-last_blank","last_blank",4,27,"stvom-last_blank","stvom",17,10,3,1,"paranoid","paranostvom"
714,"la","la-ment","ment",3,1,"la-urin","urin",1,0,0,1,"parlament","parlaurin"
345,"pa","pa-s","s",1,1,"ió-s","ió",1,0,0,1,"pas","iós"
40,"pa","pa-ti","ti",2,87,"men-ti","men",36,51,1,1,"pati","menti"
874,"pa","pa-ti","ti",3,87,"iden-ti","iden",45,42,2,1,"patiti","identiti"
218,"pa","pa-uk","uk",2,1,"pa-čen","čen",1,0,1,1,"pauk","pačen"
620,"paž","paž-nja","nja",2,1,"ura-nja","ura",1,0,0,1,"pažnja","uranja"
390,"pče","pče-la","la",2,2,"bal-la","bal",2,0,0,1,"pčela","balla"
580,"čat","čat-last_blank","last_blank",2,12,"shi-last_blank","shi",12,0,0,1,"pečat","peshi"
519,"first_blank","first_blank-peć","peć",3,4,"first_blank-thor","thor",4,0,1,1,"pećnica","thornica"
591,"peo","peo-last_blank","last_blank",2,9,"čin-last_blank","čin",9,0,0,1,"pepeo","pečin"
533,"pi","pi-će","će",2,5,"hva-će","hva",5,0,1,1,"piće","hvaće"
266,"first_blank","first_blank-pik","pik",2,5,"first_blank-sob","sob",5,0,0,1,"piknik","sobnik"
650,"pi","pi-le","le",4,22,"chand-le","chand",3,19,3,1,"piletina","chandletina"
105,"pi","pi-ng","ng",1,1,"pi-en","en",1,0,0,1,"ping","pien"
792,"mi","mi-da","da",4,5,"mi-nique","nique",1,4,3,1,"piramida","piraminique"
385,"pi","pi-rat","rat",2,5,"pi-som","som",5,0,0,1,"pirat","pisom"
494,"štolj","štolj-last_blank","last_blank",2,1,"škost-last_blank","škost",1,0,0,1,"pištolj","piškost"
532,"ta","ta-nje","nje",3,43,"ta-jans","jans",13,30,1,1,"pitanje","pitajans"
527,"first_blank","first_blank-pjes","pjes",2,6,"first_blank-oras","oras",6,0,0,1,"pjesnik","orasnik"
174,"vač","vač-last_blank","last_blank",2,40,"bio-last_blank","bio",40,0,0,1,"pjevač","pjebio"
850,"pla","pla-će","će",3,20,"ošte-će","ošte",13,7,1,1,"plaćenik","oštećenik"
789,"first_blank","first_blank-pl","pl",1,31,"first_blank-sv","sv",31,0,0,1,"plan","svan"
490,"pla","pla-ne","ne",3,12,"sret-ne","sret",8,4,1,1,"planeta","sretneta"
776,"first_blank","first_blank-plat","plat",3,15,"first_blank-ugri","ugri",15,0,0,1,"platforma","ugriforma"
61,"ay","ay-bo","bo",1,2,"ay-er","er",2,0,0,1,"playboy","playery"
442,"pla","pla-ža","ža",2,2,"sni-ža","sni",1,1,0,1,"plaža","sniža"
206,"me","me-nit","nit",3,1,"me-rang","rang",1,0,1,1,"plemenit","plemerang"
542,"sač","sač-last_blank","last_blank",2,9,"bri-last_blank","bri",9,0,0,1,"plesač","plebri"
597,"pli","pli-jen","jen",2,1,"pli-cit","cit",1,0,0,1,"plijen","plicit"
184,"first_blank","first_blank-pl","pl",1,31,"first_blank-eg","eg",31,0,0,1,"plin","egin"
371,"first_blank","first_blank-pl","pl",1,31,"first_blank-ud","ud",31,0,0,1,"plus","udus"
547,"bje","bje-ći","ći",3,4,"lzvu-ći","lzvu",1,3,1,1,"pobjeći","polzvući"
569,"bje","bje-da","da",3,2,"zgra-da","zgra",2,0,1,1,"pobjeda","pozgrada"
215,"po","po-da","da",3,29,"po-vjed","vjed",31,2,2,1,"podaci","povjedci"
602,"first_blank","first_blank-pod","pod",5,196,"first_blank-alexan","alexan",8,188,3,1,"podcjenjivati","alexancjenjivati"
57,"mor","mor-ni","ni",4,9,"objas-ni","objas",8,1,2,1,"podmornica","podobjasnica"
992,"čje","čje-last_blank","last_blank",3,15,"lost-last_blank","lost",15,0,1,1,"područje","podrulost"
522,"po","po-gled","gled",2,1,"po-bješ","bješ",1,0,0,1,"pogled","pobješ"
786,"po","po-go","go",4,34,"po-vjest","vjest",1,33,3,1,"pogoditi","povjestditi"
555,"ška","ška-last_blank","last_blank",3,49,"njen-last_blank","njen",51,2,1,1,"pogreška","pogrenjen"
228,"greš","greš-no","no",3,5,"bilj-no","bilj",5,0,0,1,"pogrešno","pobiljno"
244,"za","za-ti","ti",4,66,"inves-ti","inves",17,49,3,1,"pokazati","pokainvesti"
697,"po","po-kri","kri",3,40,"po-vjed","vjed",31,9,1,1,"pokriti","povjedti"
690,"kri","kri-vač","vač",3,2,"kri-eger","eger",1,1,1,1,"pokrivač","pokrieger"
72,"po","po-la","la",2,43,"po-kre","kre",39,4,1,1,"pola","pokre"
55,"la","la-ko","ko",3,10,"učin-ko","učin",9,1,2,1,"polako","poučinko"
561,"ti","ti-ka","ka",4,41,"pljač-ka","pljač",15,26,3,1,"politika","polipljačka"
946,"bac","bac-last_blank","last_blank",3,7,"vjek-last_blank","vjek",7,0,1,1,"poljubac","poljuvjek"
203,"ma","ma-ga","ga",4,25,"ubriz-ga","ubriz",10,15,3,1,"pomagala","poubrizgala"
160,"po","po-mor","mor",3,11,"po-greb","greb",11,0,1,1,"pomorski","pogrebski"
566,"po","po-mo","mo",4,29,"igraj-mo","igraj",2,27,3,1,"pomozite","igrajmozite"
885,"ljak","ljak-last_blank","last_blank",4,27,"stvom-last_blank","stvom",17,10,1,1,"ponedjeljak","ponedjestvom"
69,"kad","kad-last_blank","last_blank",3,7,"djet-last_blank","djet",7,0,1,1,"ponekad","ponedjet"
735,"ni","ni-zan","zan",3,1,"ni-fest","fest",1,0,1,1,"ponizan","ponifest"
552,"noć","noć-last_blank","last_blank",2,3,"ola-last_blank","ola",3,0,0,1,"ponoć","poola"
125,"nos","nos-last_blank","last_blank",2,13,"dru-last_blank","dru",13,0,0,1,"ponos","podru"
96,"nu","nu-da","da",3,3,"svag-da","svag",3,0,2,1,"ponuda","posvagda"
568,"po","po-pra","pra",4,16,"po-vjest","vjest",1,15,2,1,"popraviti","povjestviti"
590,"ran","ran-last_blank","last_blank",4,185,"stvom-last_blank","stvom",17,168,2,1,"popularan","populastvom"
155,"first_blank","first_blank-por","por",5,64,"first_blank-alexan","alexan",8,56,3,1,"pornografija","alexannografija"
934,"first_blank","first_blank-por","por",2,64,"first_blank-gri","gri",64,0,0,1,"portal","grital"
54,"po","po-sa","sa",3,20,"po-bolj","bolj",19,1,2,1,"posada","poboljda"
655,"po","po-sao","sao",2,1,"po-čin","čin",1,0,0,1,"posao","počin"
251,"ban","ban-last_blank","last_blank",3,27,"ford-last_blank","ford",27,0,1,1,"poseban","poseford"
701,"po","po-što","što",4,23,"po-iožaj","iožaj",1,22,2,1,"poštovanje","poiožajvanje"
579,"tu","tu-pak","pak",3,2,"tu-itiv","itiv",2,0,1,1,"postupak","postuitiv"
814,"jal","jal-last_blank","last_blank",4,7,"sburg-last_blank","sburg",6,1,2,1,"potencijal","potencisburg"
611,"tez","tez-last_blank","last_blank",2,5,"lid-last_blank","lid",5,0,0,1,"potez","polid"
565,"pot","pot-po","po",3,7,"oras-po","oras",6,1,1,1,"potpora","oraspora"
582,"ban","ban-last_blank","last_blank",3,27,"ford-last_blank","ford",27,0,1,1,"potreban","potreford"
137,"tres","tres-last_blank","last_blank",2,3,"mons-last_blank","mons",3,0,0,1,"potres","pomons"
584,"vr","vr-da","da",4,2,"oswal-da","oswal",1,1,3,1,"potvrda","potoswalda"
747,"ća","ća-ti","ti",4,20,"inves-ti","inves",17,3,3,1,"povećati","poveinvesti"
918,"vje","vje-re","re",4,25,"anymo-re","anymo",1,24,2,1,"povjerenje","poanymorenje"
682,"po","po-vre","vre",4,31,"po-iožaj","iožaj",1,30,2,1,"povremeno","poiožajmeno"
417,"ti","ti-van","van",4,19,"ti-krist","krist",1,18,2,1,"pozitivan","pozitikrist"
819,"ziv","ziv-last_blank","last_blank",2,8,"ani-last_blank","ani",8,0,0,1,"poziv","poani"
920,"prak","prak-sa","sa",2,1,"flek-sa","flek",1,0,0,1,"praksa","fleksa"
136,"sak","sak-last_blank","last_blank",2,25,"ven-last_blank","ven",25,0,0,1,"prasak","praven"
595,"first_blank","first_blank-prat","prat",2,6,"first_blank-abra","abra",6,0,0,1,"pratnja","abranja"
671,"ve","ve-dan","dan",3,2,"ve-zist","zist",1,1,1,1,"pravedan","pravezist"
794,"first_blank","first_blank-pra","pra",2,173,"first_blank-sje","sje",176,3,0,1,"pravi","sjevi"
638,"pra","pra-vi","vi",3,57,"glji-vi","glji",2,55,1,1,"pravilo","gljivilo"
329,"pra","pra-vo","vo",2,15,"ugo-vo","ugo",17,2,0,1,"pravo","ugovo"
649,"zan","zan-last_blank","last_blank",2,54,"ger-last_blank","ger",54,0,0,1,"prazan","prager"
150,"di","di-van","van",3,2,"di-olog","olog",2,0,1,1,"predivan","prediolog"
599,"pred","pred-lo","lo",4,15,"odvuk-lo","odvuk",1,14,1,1,"predložiti","odvukložiti"
219,"gle","gle-dan","dan",3,2,"gle-skoj","skoj",1,1,1,1,"pregledan","pregleskoj"
480,"pre","pre-ki","ki",4,46,"lewic-ki","lewic",1,45,2,1,"prekinuti","lewickinuti"
990,"pre","pre-poz","poz",4,28,"pre-osjet","osjet",2,26,2,1,"prepoznati","preosjetnati"
287,"first_blank","first_blank-pri","pri",4,1334,"first_blank-uklju","uklju",49,1285,2,1,"prikolica","ukljukolica"
328,"pri","pri-lič","lič",3,7,"pri-vred","vred",7,0,1,1,"prilično","privredno"
381,"pri","pri-li","li",3,17,"char-li","char",12,5,1,1,"prilika","charlika"
298,"first_blank","first_blank-pri","pri",5,1334,"first_blank-alexan","alexan",8,1326,3,1,"primijeniti","alexanmijeniti"
615,"first_blank","first_blank-prin","prin",3,32,"first_blank-ogra","ogra",32,0,0,1,"princeza","ograceza"
539,"pri","pri-pre","pre",3,28,"pri-klju","klju",14,14,1,1,"priprema","prikljuma"
873,"ro","ro-dan","dan",3,2,"ro-tvor","tvor",2,0,1,1,"prirodan","prirotvor"
483,"rod","rod-no","no",3,6,"vjes-no","vjes",6,0,1,1,"prirodno","privjesno"
577,"pris","pris-to","to",3,3,"osve-to","osve",3,0,0,1,"pristojan","osvetojan"
465,"nost","nost-last_blank","last_blank",3,257,"skom-last_blank","skom",171,86,0,1,"prisutnost","prisutskom"
489,"pri","pri-tuž","tuž",3,4,"pri-želj","želj",3,1,1,1,"pritužba","priželjba"
619,"vat","vat-ni","ni",3,7,"grob-ni","grob",7,0,1,1,"privatni","prigrobni"
62,"first_blank","first_blank-pri","pri",5,1334,"first_blank-alexan","alexan",8,1326,3,1,"privilegija","alexanvilegija"
621,"first_blank","first_blank-priz","priz",3,32,"first_blank-slje","slje",32,0,0,1,"priznati","sljenati"
466,"ljav","ljav-last_blank","last_blank",2,2,"lary-last_blank","lary",2,0,0,1,"prljav","prlary"
560,"pro","pro-ba","ba",3,32,"svad-ba","svad",2,30,1,1,"probati","svadbati"
311,"vač","vač-last_blank","last_blank",3,40,"ljem-last_blank","ljem",42,2,1,1,"prodavač","prodaljem"
486,"fil","fil-last_blank","last_blank",2,3,"haj-last_blank","haj",3,0,0,1,"profil","prohaj"
227,"first_blank","first_blank-pro","pro",5,1656,"first_blank-alexan","alexan",8,1648,3,1,"proizlaziti","alexanizlaziti"
108,"pro","pro-izvo","izvo",3,20,"pro-ljet","ljet",9,11,0,1,"proizvođač","proljetđač"
629,"jekt","jekt-last_blank","last_blank",2,2,"čjeg-last_blank","čjeg",2,0,0,1,"projekt","pročjeg"
254,"lje","lje-će","će",3,3,"skra-će","skra",3,0,1,1,"proljeće","proskraće"
394,"pro","pro-ljev","ljev",2,1,"tov-ljev","tov",1,0,0,1,"proljev","tovljev"
624,"tra","tra-nje","nje",4,4,"oplod-nje","oplod",1,3,2,1,"promatranje","promaoplodnje"
549,"first_blank","first_blank-pro","pro",5,1656,"first_blank-alexan","alexan",8,1648,3,1,"promijeniti","alexanmijeniti"
157,"čun","čun-last_blank","last_blank",3,4,"cock-last_blank","cock",4,0,1,1,"proračun","proracock"
99,"vjed","vjed-last_blank","last_blank",3,4,"gers-last_blank","gers",4,0,0,1,"prosvjed","prosgers"
911,"pro","pro-te","te",3,15,"ljaj-te","ljaj",13,2,1,1,"protein","ljajtein"
83,"otrov","otrov-last_blank","last_blank",3,1,"owulf-last_blank","owulf",1,0,0,1,"protuotrov","protuowulf"
455,"first_blank","first_blank-pro","pro",4,1656,"first_blank-uklju","uklju",49,1607,2,1,"provizija","ukljuvizija"
935,"pro","pro-zor","zor",2,1,"pro-žva","žva",1,0,0,1,"prozor","prožva"
510,"pr","pr-st","st",1,1,"pr-os","os",1,0,0,1,"prst","pros"
469,"sten","sten-last_blank","last_blank",2,4,"lješ-last_blank","lješ",4,0,0,1,"prsten","prlješ"
43,"pr","pr-vak","vak",2,1,"pr-sja","sja",1,0,0,1,"prvak","prsja"
575,"pr","pr-vi","vi",2,2,"blo-vi","blo",2,0,1,1,"prvi","blovi"
952,"first_blank","first_blank-pso","pso",3,5,"first_blank-iran","iran",5,0,1,1,"psovati","iranvati"
679,"pu","pu-b","b",1,1,"ab-b","ab",1,0,0,1,"pub","abb"
692,"ko","ko-ti","ti",4,20,"inves-ti","inves",17,3,3,1,"pukotina","puinvestina"
23,"kov","kov-nik","nik",3,4,"učes-nik","učes",3,1,1,1,"pukovnik","puučesnik"
617,"pu","pu-ls","ls",1,1,"pu-po","po",1,0,0,1,"puls","pupo"
85,"first_blank","first_blank-pum","pum",2,10,"first_blank-ino","ino",10,0,0,1,"pumpa","inopa"
531,"pu","pu-ška","ška",2,2,"pu-ješ","ješ",2,0,0,1,"puška","puješ"
121,"first_blank","first_blank-pus","pus",3,52,"first_blank-odje","odje",57,5,1,1,"pustinja","odjetinja"
780,"pu","pu-t","t",1,1,"ek-t","ek",1,0,0,1,"put","ekt"
930,"first_blank","first_blank-put","put",2,19,"first_blank-gan","gan",19,0,0,1,"putnik","gannik"
299,"pu","pu-ž","ž",1,1,"id-ž","id",2,1,0,1,"puž","idž"
240,"ču","ču-na","na",4,31,"lawso-na","lawso",1,30,3,1,"računati","ralawsonati"
707,"ra","ra-dar","dar",2,3,"ra-zio","zio",3,0,0,1,"radar","razio"
820,"ra","ra-dio","dio",2,8,"ra-ket","ket",8,0,0,1,"radio","raket"
168,"oni","oni-ca","ca",4,25,"strel-ca","strel",1,24,2,1,"radionica","radistrelca"
485,"ra","ra-di","di",3,102,"ra-njem","njem",15,87,2,1,"raditi","ranjemti"
521,"di","di-us","us",3,1,"di-anom","anom",1,0,2,1,"radius","radianom"
508,"ra","ra-j","j",1,2,"al-j","al",2,0,0,1,"raj","alj"
660,"ra","ra-ke","ke",3,8,"ra-zjas","zjas",8,0,2,1,"raketa","razjasta"
285,"ra","ra-me","me",2,17,"ra-zot","zot",17,0,1,1,"rame","razot"
507,"ra","ra-na","na",2,106,"lje-na","lje",109,3,1,1,"rana","ljena"
290,"sis","sis-tič","tič",4,5,"auten-tič","auten",6,1,2,1,"rasistički","raautentički"
694,"ras","ras-tu","tu",3,35,"fler-tu","fler",3,32,1,1,"rastući","flertući"
34,"ra","ra-t","t",1,6,"en-t","en",6,0,0,1,"rat","ent"
731,"first_blank","first_blank-rav","rav",4,43,"first_blank-uklju","uklju",49,6,2,1,"ravnoteža","ukljunoteža"
518,"raz","raz-bi","bi",3,43,"odje-bi","odje",3,40,1,1,"razbiti","odjebiti"
186,"vor","vor-last_blank","last_blank",3,15,"štam-last_blank","štam",15,0,1,1,"razgovor","razgoštam"
893,"raz","raz-log","log",2,1,"raz-vra","vra",1,0,0,1,"razlog","razvra"
48,"zvod","zvod-last_blank","last_blank",2,1,"tvuj-last_blank","tvuj",1,0,0,1,"razvod","ratvuj"
943,"cep","cep-ci","ci",4,14,"sfunk-ci","sfunk",4,10,2,1,"recepcija","resfunkcija"
677,"re","re-ći","ći",2,16,"re-cep","cep",15,1,1,1,"reći","recep"
806,"dov","dov-nik","nik",3,1,"vred-nik","vred",1,0,1,1,"redovnik","revrednik"
338,"onal","onal-ni","ni",4,12,"umjet-ni","umjet",12,0,1,1,"regionalni","regiumjetni"
684,"ti","ti-van","van",4,19,"ti-krist","krist",1,18,2,1,"relativan","relatikrist"
438,"re","re-por","por",3,7,"re-njem","njem",7,0,1,1,"reporter","renjemter"
504,"zig","zig-na","na",5,1,"grayso-na","grayso",1,0,3,1,"rezignacija","regraysonacija"
676,"ječ","ječ-last_blank","last_blank",2,1,"acu-last_blank","acu",1,0,0,1,"riječ","riacu"
257,"je","je-ka","ka",3,14,"je-dins","dins",15,1,2,1,"rijeka","rijedins"
190,"rim","rim-ski","ski",2,1,"zer-ski","zer",1,0,0,1,"rimski","zerski"
781,"ri","ri-tam","tam",2,2,"ri-sse","sse",2,0,0,1,"ritam","risse"
67,"al","al-last_blank","last_blank",3,29,"stvu-last_blank","stvu",28,1,2,1,"ritual","ritustvu"
481,"zi","zi-čan","čan",3,1,"zi-olog","olog",1,0,1,1,"rizičan","riziolog"
482,"zik","zik-last_blank","last_blank",2,2,"oče-last_blank","oče",2,0,0,1,"rizik","rioče"
165,"first_blank","first_blank-rječ","rječ",2,4,"first_blank-ever","ever",4,0,0,1,"rječnik","evernik"
744,"ro","ro-b","b",1,2,"kr-b","kr",1,1,0,1,"rob","krb"
355,"bot","bot-last_blank","last_blank",2,6,"via-last_blank","via",6,0,0,1,"robot","rovia"
844,"đe","đe-nje","nje",3,40,"đe-oski","oski",1,39,1,1,"rođenje","rođeoski"
273,"deo","deo-last_blank","last_blank",2,10,"bal-last_blank","bal",10,0,0,1,"rodeo","robal"
999,"ro","ro-g","g",1,2,"af-g","af",2,0,0,1,"rog","afg"
261,"meo","meo-last_blank","last_blank",2,5,"ilu-last_blank","ilu",5,0,0,1,"romeo","roilu"
331,"ru","ru-jan","jan",2,2,"ru-čiš","čiš",2,0,0,1,"rujan","ručiš"
691,"ru","ru-ka","ka",2,22,"nič-ka","nič",24,2,1,1,"ruka","nička"
294,"ru","ru-m","m",1,1,"im-m","im",1,0,0,1,"rum","imm"
514,"ru","ru-ž","ž",1,1,"id-ž","id",2,1,0,1,"ruž","idž"
464,"sa","sa-ču","ču",4,20,"uklju-ču","uklju",7,13,3,1,"sačuvati","uključuvati"
991,"sa","sa-da","da",2,10,"sa-gle","gle",7,3,1,1,"sada","sagle"
696,"ža","ža-va","va",5,144,"tonyje-va","tonyje",1,143,4,1,"sadržavati","sadrtonyjevati"
881,"sa","sa-mi","mi",2,11,"plo-mi","plo",11,0,1,1,"sami","plomi"
415,"sa","sa-mo","mo",2,81,"sa-vje","vje",24,57,1,1,"samo","savje"
849,"mo","mo-ubis","ubis",4,3,"mo-nique","nique",1,2,1,1,"samoubistvo","samoniquetvo"
798,"first_blank","first_blank-sas","sas",4,90,"first_blank-uklju","uklju",49,41,2,1,"saslušanje","ukljulušanje"
130,"vez","vez-ni","ni",3,12,"onal-ni","onal",12,0,1,1,"savezni","saonalni"
708,"vjet","vjet-last_blank","last_blank",2,6,"port-last_blank","port",6,0,0,1,"savjet","saport"
84,"ćer","ćer-last_blank","last_blank",2,3,"inu-last_blank","inu",3,0,0,1,"šećer","šeinu"
719,"se","se-f","f",1,1,"ur-f","ur",1,0,0,1,"sef","urf"
159,"alan","alan-last_blank","last_blank",3,3,"tres-last_blank","tres",3,0,0,1,"seksualan","seksutres"
614,"dar","dar-ni","ni",4,2,"pljes-ni","pljes",2,0,2,1,"sekundarni","sekunpljesni"
656,"ljak","ljak-last_blank","last_blank",2,27,"ford-last_blank","ford",27,0,0,2,"seljak","seford"
598,"nar","nar-last_blank","last_blank",3,21,"tvom-last_blank","tvom",21,0,1,1,"seminar","semitvom"
199,"dvič","dvič-last_blank","last_blank",2,1,"džan-last_blank","džan",1,0,0,1,"sendvič","sendžan"
766,"first_blank","first_blank-sen","sen",5,46,"first_blank-grayso","grayso",4,42,3,1,"senzacionalan","graysozacionalan"
454,"zor","zor-last_blank","last_blank",2,15,"oci-last_blank","oci",15,0,0,1,"senzor","senoci"
188,"rif","rif-last_blank","last_blank",2,3,"vrt-last_blank","vrt",3,0,0,1,"šerif","ševrt"
463,"vis","vis-last_blank","last_blank",2,22,"toj-last_blank","toj",22,0,0,1,"servis","sertoj"
52,"first_blank","first_blank-ses","ses",2,29,"first_blank-udo","udo",29,0,0,1,"sestra","udotra"
942,"first_blank","first_blank-sher","sher",2,8,"first_blank-aero","aero",8,0,0,1,"sherlock","aerolock"
545,"dro","dro-last_blank","last_blank",2,15,"čaš-last_blank","čaš",15,0,0,1,"sidro","sičaš"
720,"nost","nost-last_blank","last_blank",3,257,"skom-last_blank","skom",171,86,0,1,"sigurnost","sigurskom"
724,"first_blank","first_blank-simp","simp",2,5,"first_blank-skin","skin",5,0,0,1,"simptom","skintom"
505,"ng","ng-l","l",1,1,"ža-l","ža",1,0,0,1,"singl","sižal"
37,"ma","ma-šan","šan",4,2,"ma-tlock","tlock",1,1,2,1,"siromašan","siromatlock"
29,"maš","maš-tvo","tvo",4,1,"trins-tvo","trins",1,0,2,1,"siromaštvo","sirotrinstvo"
700,"ti","ti-šte","šte",4,9,"ti-krist","krist",1,8,2,1,"sirotište","sirotikrist"
332,"si","si-sa","sa",3,10,"adre-sa","adre",4,6,2,1,"sisati","adresati"
308,"tu","tu-aci","aci",4,7,"tu-otrov","otrov",1,6,2,1,"situacija","situotrovja"
810,"first_blank","first_blank-sj","sj",1,10,"first_blank-it","it",10,0,0,1,"sjaj","itaj"
389,"sje","sje-na","na",2,2,"dar-na","dar",2,0,0,1,"sjena","darna"
732,"first_blank","first_blank-sklo","sklo",3,37,"first_blank-vjen","vjen",37,0,0,1,"sklonište","vjennište"
688,"first_blank","first_blank-skre","skre",3,26,"first_blank-knji","knji",26,0,0,1,"skretanje","knjitanje"
253,"up","up-last_blank","last_blank",1,10,"ew-last_blank","ew",10,0,0,1,"skup","skew"
737,"first_blank","first_blank-skup","skup",3,29,"first_blank-priv","priv",30,1,0,1,"skupljati","privljati"
740,"first_blank","first_blank-slat","slat",2,24,"first_blank-obje","obje",24,0,0,2,"slatko","objeko"
998,"slav","slav-na","na",4,1,"oprez-na","oprez",1,0,1,1,"slavna osoba","oprezna osoba"
129,"sli","sli-čan","čan",2,1,"sli-kov","kov",1,0,0,1,"sličan","slikov"
340,"sli","sli-je","je",4,48,"okruž-je","okruž",1,47,2,1,"slijediti","okružjediti"
177,"jep","jep-last_blank","last_blank",2,4,"esa-last_blank","esa",4,0,0,1,"slijep","sliesa"
321,"sli","sli-je","je",4,48,"okruž-je","okruž",1,47,2,1,"slijetanje","okružjetanje"
163,"sli","sli-ka","ka",2,17,"tič-ka","tič",16,1,0,1,"slika","tička"
98,"slo","slo-bo","bo",3,6,"ogre-bo","ogre",4,2,1,1,"sloboda","ogreboda"
27,"bod","bod-no","no",3,1,"otuž-no","otuž",1,0,1,1,"slobodno","slootužno"
588,"oj","oj-last_blank","last_blank",1,19,"ah-last_blank","ah",19,0,0,1,"sloj","slah"
402,"čaj","čaj-no","no",3,4,"prog-no","prog",4,0,1,1,"slučajno","sluprogno"
89,"first_blank","first_blank-slu","slu",3,127,"first_blank-pris","pris",112,15,1,1,"slušati","prisšati"
746,"first_blank","first_blank-služ","služ",3,26,"first_blank-knji","knji",26,0,0,1,"službeno","knjibeno"
669,"first_blank","first_blank-sma","sma",3,57,"first_blank-elek","elek",57,0,1,1,"smatrati","elektrati"
541,"sme","sme-đi","đi",2,1,"kla-đi","kla",1,0,0,1,"smeđi","klađi"
12,"je","je-šan","šan",3,3,"je-nost","nost",3,0,1,1,"smiješan","smijenost"
426,"sm","sm-rt","rt",1,1,"sm-je","je",1,0,0,1,"smrt","smje"
152,"no","no-san","san",4,3,"no-afrič","afrič",1,2,2,1,"smrtonosan","smrtonoafrič"
721,"sna","sna-ga","ga",2,4,"din-ga","din",4,0,0,1,"snaga","dinga"
756,"sni","sni-mi","mi",3,7,"utak-mi","utak",6,1,1,1,"snimiti","utakmiti"
647,"snim","snim-ljen","ljen",2,1,"najm-ljen","najm",1,0,0,1,"snimljen","najmljen"
941,"first_blank","first_blank-sno","sno",3,14,"first_blank-učin","učin",14,0,1,1,"snositi","učinsiti"
763,"so","so-ba","ba",2,6,"so-lut","lut",6,0,1,1,"soba","solut"
653,"tver","tver-last_blank","last_blank",2,1,"alet-last_blank","alet",1,0,0,1,"softver","sofalet"
884,"spa","spa-si","si",3,25,"flek-si","flek",9,16,1,1,"spasiti","fleksiti"
717,"spa","spa-va","va",3,39,"ryje-va","ryje",2,37,1,1,"spavanje","ryjevanje"
234,"jun","jun-last_blank","last_blank",2,7,"meš-last_blank","meš",7,0,0,1,"špijun","špimeš"
695,"first_blank","first_blank-špi","špi",4,45,"first_blank-uklju","uklju",49,4,2,1,"špijunaža","ukljujunaža"
276,"me","me-nik","nik",3,3,"me-štaj","štaj",2,1,1,1,"spomenik","spomeštaj"
616,"spre","spre-man","man",2,1,"eber-man","eber",1,0,0,1,"spreman","eberman"
783,"first_blank","first_blank-spri","spri",4,28,"first_blank-pljač","pljač",22,6,1,1,"spriječiti","pljačječiti"
182,"first_blank","first_blank-sru","sru",3,21,"first_blank-obav","obav",21,0,1,1,"srušiti","obavšiti"
25,"sta","sta-di","di",3,6,"izvo-di","izvo",7,1,1,1,"stadion","izvodion"
728,"sta","sta-ja","ja",3,13,"lydi-ja","lydi",1,12,1,1,"stajati","lydijati"
36,"stak","stak-lo","lo",2,1,"prik-lo","prik",1,0,0,1,"staklo","priklo"
296,"first_blank","first_blank-stal","stal",2,12,"first_blank-smrd","smrd",12,0,0,1,"stalno","smrdno"
572,"nar","nar-last_blank","last_blank",2,21,"don-last_blank","don",21,0,0,1,"stanar","stadon"
963,"sta","sta-ni","ni",3,12,"ljed-ni","ljed",11,1,1,1,"stanice","ljednice"
408,"nov","nov-niš","niš",4,4,"oglad-niš","oglad",1,3,2,1,"stanovništvo","staogladništvo"
379,"ar","ar-last_blank","last_blank",1,39,"ia-last_blank","ia",39,0,0,1,"star","stia"
262,"sta","sta-ri","ri",3,37,"uvje-ri","uvje",7,30,1,1,"stariji","uvjeriji"
564,"tus","tus-last_blank","last_blank",2,10,"biš-last_blank","biš",10,0,0,1,"status","stabiš"
63,"sta","sta-vi","vi",3,24,"glji-vi","glji",2,22,1,1,"staviti","gljiviti"
116,"first_blank","first_blank-sti","sti",2,94,"first_blank-har","har",94,0,0,1,"stići","harći"
264,"first_blank","first_blank-sti","sti",3,94,"first_blank-pros","pros",95,1,1,1,"stijena","prosjena"
472,"it","it-last_blank","last_blank",1,20,"ud-last_blank","ud",20,0,0,1,"štit","štud"
91,"first_blank","first_blank-št","št",1,16,"first_blank-yu","yu",16,0,0,1,"što","yuo"
782,"st","st-ol","ol",1,1,"wo-ol","wo",1,0,0,1,"stol","wool"
101,"sto","sto-lje","lje",3,7,"kriv-lje","kriv",7,0,1,1,"stoljeće","krivljeće"
517,"stra","stra-ža","ža",2,9,"ugro-ža","ugro",8,1,0,1,"straža","ugroža"
100,"re","re-s","s",1,5,"di-s","di",5,0,0,1,"stres","stdis"
753,"first_blank","first_blank-stri","stri",3,40,"first_blank-uvje","uvje",39,1,0,1,"strijelac","uvjejelac"
802,"strp","strp-lje","lje",3,4,"umiš-lje","umiš",4,0,0,1,"strpljenje","umišljenje"
765,"first_blank","first_blank-struč","struč",2,18,"first_blank-znans","znans",18,0,0,3,"stručnjak","znansnjak"
635,"first_blank","first_blank-stu","stu",3,95,"first_blank-pros","pros",95,0,1,1,"studeni","prosdeni"
854,"dent","dent-last_blank","last_blank",2,5,"mers-last_blank","mers",5,0,0,1,"student","stumers"
68,"va","va-r","r",1,2,"to-r","to",2,0,0,1,"stvar","sttor"
667,"first_blank","first_blank-stva","stva",3,21,"first_blank-glaz","glaz",21,0,0,1,"stvaranje","glazranje"
151,"stvar","stvar-nost","nost",2,1,"utral-nost","utral",1,0,0,1,"stvarnost","utralnost"
631,"first_blank","first_blank-stvo","stvo",3,35,"first_blank-char","char",35,0,0,1,"stvoriti","charriti"
416,"bo","bo-ta","ta",3,11,"plan-ta","plan",11,0,2,1,"subota","suplanta"
799,"su","su-d","d",1,1,"ir-d","ir",1,0,0,1,"sud","ird"
797,"first_blank","first_blank-sud","sud",3,30,"first_blank-priv","priv",30,0,1,1,"sudbina","privbina"
197,"suk","suk-nja","nja",2,2,"ver-nja","ver",2,0,0,1,"suknja","vernja"
767,"kob","kob-last_blank","last_blank",2,3,"ast-last_blank","ast",3,0,0,1,"sukob","suast"
499,"first_blank","first_blank-sum","sum",3,57,"first_blank-odje","odje",57,0,1,1,"sumnjati","odjenjati"
900,"su","su-osje","osje",4,15,"su-igrač","igrač",1,14,1,1,"suosjećajan","suigračćajan"
803,"pro","pro-tan","tan",3,1,"slas-tan","slas",1,0,1,1,"suprotan","suslastan"
976,"prug","prug-last_blank","last_blank",2,1,"oran-last_blank","oran",1,0,0,1,"suprug","suoran"
608,"su","su-rad","rad",3,14,"su-osje","osje",15,1,1,1,"suradnik","suosjenik"
830,"first_blank","first_blank-šut","šut",2,17,"first_blank-hil","hil",17,0,0,1,"šutljiv","hilljiv"
263,"su","su-tra","tra",2,4,"su-šti","šti",4,0,0,1,"sutra","sušti"
242,"su","su-za","za",2,5,"naj-za","naj",5,0,1,1,"suza","najza"
726,"su","su-zi","zi",3,5,"inva-zi","inva",5,0,2,1,"suziti","invaziti"
167,"mir","mir-last_blank","last_blank",2,6,"das-last_blank","das",6,0,0,1,"svemir","svedas"
512,"svi","svi-la","la",2,1,"mol-la","mol",1,0,0,1,"svila","molla"
361,"svi","svi-nje","nje",4,5,"objaš-nje","objaš",5,0,2,1,"svinjetina","objašnjetina"
812,"dok","dok-last_blank","last_blank",2,4,"are-last_blank","are",4,0,0,1,"svjedok","svjeare"
808,"tilj","tilj-ka","ka",3,1,"slat-ka","slat",1,0,0,1,"svjetiljka","svjeslatka"
500,"svje","svje-že","že",2,1,"zgro-že","zgro",1,0,0,2,"svježe","zgrože"
401,"first_blank","first_blank-svr","svr",2,27,"first_blank-ima","ima",27,0,0,1,"svrha","imaha"
526,"ble","ble-ta","ta",3,2,"prin-ta","prin",2,0,1,1,"tableta","taprinta"
376,"taj","taj-na","na",2,2,"sut-na","sut",2,0,0,1,"tajna","sutna"
567,"taj","taj-ni","ni",3,10,"dnev-ni","dnev",10,0,1,1,"tajnica","dnevnica"
330,"tak","tak-si","si",2,7,"emi-si","emi",6,1,0,1,"taksi","emisi"
964,"ta","ta-lac","lac",2,2,"ta-oki","oki",2,0,0,1,"talac","taoki"
813,"ta","ta-ma","ma",2,37,"pro-ma","pro",39,2,1,1,"tama","proma"
194,"ta","ta-nak","nak",2,12,"ta-vim","vim",12,0,0,1,"tanak","tavim"
350,"ta","ta-ta","ta",2,8,"zen-ta","zen",8,0,1,1,"tata","zenta"
360,"first_blank","first_blank-teh","teh",3,39,"first_blank-okru","okru",39,0,1,1,"tehnički","okrunički"
988,"teh","teh-no","no",5,16,"izvolj-no","izvolj",1,15,3,1,"tehnologija","izvoljnologija"
535,"te","te-ks","ks",1,1,"hi-ks","hi",1,0,0,1,"tekst","hikst"
161,"te","te-ku","ku",3,21,"te-ljem","ljem",11,10,2,1,"tekući","teljemći"
530,"le","le-gram","gram",3,1,"le-noks","noks",1,0,0,1,"telegram","telenoks"
366,"skop","skop-last_blank","last_blank",3,6,"mjer-last_blank","mjer",6,0,0,1,"teleskop","telemjer"
388,"nk","nk-last_blank","last_blank",1,22,"ur-last_blank","ur",22,0,0,1,"tenk","teur"
324,"pi","pi-ja","ja",4,49,"pi-štolj","štolj",1,48,3,1,"terapija","terapištolj"
994,"nal","nal-last_blank","last_blank",3,16,"ting-last_blank","ting",16,0,1,1,"terminal","termiting"
506,"te","te-to","to",4,22,"grays-to","grays",1,21,3,1,"tetovaža","graystovaža"
249,"žak","žak-last_blank","last_blank",2,8,"lić-last_blank","lić",8,0,0,1,"težak","telić"
908,"ži","ži-na","na",3,4,"ljet-na","ljet",4,0,2,1,"težina","teljetna"
320,"je","je-lo","lo",3,24,"je-dins","dins",15,9,2,1,"tijelo","tijedins"
829,"džer","džer-ski","ski",4,1,"kowal-ski","kowal",1,0,1,1,"tinejdžerski","tinejkowalski"
278,"pi","pi-čan","čan",3,1,"pi-onir","onir",1,0,1,1,"tipičan","tipionir"
784,"su","su-ću","ću",3,2,"okre-ću","okre",2,0,2,1,"tisuću","tiokreću"
693,"tka","tka-ni","ni",3,5,"sjet-ni","sjet",5,0,1,1,"tkanina","sjetnina"
861,"first_blank","first_blank-toč","toč",2,28,"first_blank-sus","sus",28,0,0,1,"točka","suska"
955,"to","to-pi","pi",3,18,"krum-pi","krum",9,9,2,1,"topiti","krumpiti"
821,"pli","pli-na","na",3,4,"kret-na","kret",4,0,1,1,"toplina","tokretna"
204,"plo","plo-last_blank","last_blank",2,4,"gos-last_blank","gos",4,0,0,1,"toplo","togos"
979,"to","to-ranj","ranj",2,1,"to-krat","krat",1,0,0,1,"toranj","tokrat"
741,"to","to-st","st",1,1,"to-gr","gr",1,0,0,1,"tost","togr"
730,"ač","ač-last_blank","last_blank",1,4,"ei-last_blank","ei",4,0,0,1,"trač","trei"
633,"first_blank","first_blank-tra","tra",2,209,"first_blank-nas","nas",208,1,0,1,"traži","nasži"
640,"buh","buh-last_blank","last_blank",2,1,"ony-last_blank","ony",1,0,0,1,"trbuh","trony"
205,"ča","ča-nje","nje",3,12,"ča-vost","vost",1,11,1,1,"trčanje","trčavost"
71,"tre","tre-ći","ći",2,4,"nju-ći","nju",4,0,0,1,"treći","njući"
210,"ner","ner-last_blank","last_blank",2,56,"riš-last_blank","riš",56,0,0,1,"trener","treriš"
140,"nut","nut-no","no",3,1,"ovis-no","ovis",1,0,1,1,"trenutno","treovisno"
841,"vač","vač-ki","ki",4,5,"školj-ki","školj",1,4,2,1,"trgovački","trgoškoljki"
904,"first_blank","first_blank-tr","tr",1,241,"first_blank-lu","lu",241,0,0,1,"trik","luik"
358,"fej","fej-last_blank","last_blank",2,2,"ade-last_blank","ade",2,0,0,1,"trofej","troade"
659,"mor","mor-last_blank","last_blank",2,9,"tac-last_blank","tac",9,0,0,1,"tumor","tutac"
250,"tu","tu-na","na",2,4,"tu-rom","rom",4,0,1,1,"tuna","turom"
456,"nir","nir-last_blank","last_blank",2,2,"fus-last_blank","fus",2,0,0,1,"turnir","turfus"
312,"tu","tu-š","š",1,1,"je-š","je",1,0,0,1,"tuš","ješ"
839,"tu","tu-žan","žan",2,1,"tu-rio","rio",1,0,0,1,"tužan","turio"
632,"first_blank","first_blank-tvor","tvor",3,11,"first_blank-obuz","obuz",11,0,0,1,"tvornica","obuznica"
826,"first_blank","first_blank-tv","tv",1,8,"first_blank-ll","ll",8,0,0,1,"tvrd","llrd"
711,"glav","glav-last_blank","last_blank",3,2,"tilj-last_blank","tilj",2,0,0,1,"tvrdoglav","tvrdotilj"
92,"edu","edu-last_blank","last_blank",2,1,"oty-last_blank","oty",1,0,0,1,"u redu","u roty"
851,"first_blank","first_blank-ubo","ubo",3,30,"first_blank-priv","priv",30,0,1,1,"ubojica","privjica"
853,"nost","nost-last_blank","last_blank",3,257,"skom-last_blank","skom",171,86,0,1,"udaljenost","udaljeskom"
857,"first_blank","first_blank-udob","udob",2,11,"first_blank-skon","skon",11,0,0,1,"udobno","skonno"
978,"udo","udo-vi","vi",3,8,"obja-vi","obja",8,0,1,1,"udovica","objavica"
868,"ug","ug-ljen","ljen",2,1,"ug-hing","hing",1,0,0,2,"ugljen","ughing"
768,"first_blank","first_blank-ugo","ugo",2,27,"first_blank-ala","ala",27,0,0,1,"ugovor","alavor"
817,"first_blank","first_blank-uj","uj",1,13,"first_blank-kn","kn",13,0,0,1,"ujak","knak"
487,"first_blank","first_blank-ukras","ukras",2,3,"first_blank-skrip","skrip",3,0,0,1,"ukrasti","skripti"
969,"first_blank","first_blank-uku","uku",2,10,"first_blank-gov","gov",10,0,0,1,"ukupan","govpan"
373,"uk","uk-us","us",1,1,"mo-us","mo",1,0,0,1,"ukus","mous"
863,"first_blank","first_blank-uku","uku",2,10,"first_blank-tuc","tuc",10,0,0,1,"ukusan","tucsan"
652,"ulaz","ulaz-ni","ni",3,5,"sjet-ni","sjet",5,0,0,1,"ulaznica","sjetnica"
779,"umet","umet-nu","nu",3,1,"zrac-nu","zrac",1,0,0,1,"umetnuti","zracnuti"
743,"nik","nik-last_blank","last_blank",2,322,"ske-last_blank","ske",322,0,0,1,"umjetnik","umjetske"
282,"umjet","umjet-nost","nost",2,1,"ljant-nost","ljant",1,0,0,2,"umjetnost","ljantnost"
171,"first_blank","first_blank-umo","umo",2,30,"first_blank-mat","mat",30,0,0,1,"umoran","matran"
207,"une","une-si","si",2,3,"pan-si","pan",3,0,0,1,"unesi","pansi"
436,"first_blank","first_blank-unov","unov",3,5,"first_blank-oruž","oruž",5,0,0,1,"unovčiti","oružčiti"
414,"uk","uk-last_blank","last_blank",1,14,"nn-last_blank","nn",14,0,0,1,"unuk","unnn"
896,"traš","traš-nji","nji",3,3,"ocje-nji","ocje",3,0,0,1,"unutrašnji","unuocjenji"
876,"first_blank","first_blank-upla","upla",3,34,"first_blank-stre","stre",34,0,0,1,"uplašiti","strešiti"
6,"re","re-nje","nje",4,36,"re-ograf","ograf",1,35,2,1,"upozorenje","upozoreograf"
921,"first_blank","first_blank-upra","upra",2,14,"first_blank-krat","krat",14,0,0,1,"uprava","kratva"
877,"first_blank","first_blank-uprav","uprav",3,34,"first_blank-umjet","umjet",35,1,0,1,"upravljanje","umjetljanje"
882,"first_blank","first_blank-uprav","uprav",3,34,"first_blank-umjet","umjet",35,1,0,1,"upravljati","umjetljati"
836,"ura","ura-gan","gan",2,1,"ura-nja","nja",1,0,0,1,"uragan","uranja"
447,"us","us-ne","ne",2,1,"vah-ne","vah",1,0,1,1,"usne","vahne"
429,"pjeh","pjeh-last_blank","last_blank",2,2,"ener-last_blank","ener",2,0,0,1,"uspjeh","usener"
733,"pon","pon-last_blank","last_blank",2,7,"vas-last_blank","vas",7,0,0,1,"uspon","usvas"
56,"po","po-ri","ri",4,35,"po-vjest","vjest",1,34,3,1,"usporiti","uspovjestti"
291,"first_blank","first_blank-usre","usre",5,28,"first_blank-alexan","alexan",8,20,2,1,"usredotočenost","alexandotočenost"
435,"first_blank","first_blank-us","us",2,433,"first_blank-raz","raz",437,4,1,1,"usta","razta"
574,"caj","caj-last_blank","last_blank",2,30,"jen-last_blank","jen",30,0,0,1,"utjecaj","utjejen"
543,"first_blank","first_blank-uto","uto",3,28,"first_blank-spri","spri",28,0,1,1,"utopiti","spripiti"
889,"first_blank","first_blank-uvre","uvre",2,12,"first_blank-ovis","ovis",12,0,0,1,"uvreda","ovisda"
785,"first_blank","first_blank-už","už",1,6,"first_blank-of","of",6,0,0,1,"užas","ofas"
890,"first_blank","first_blank-uža","uža",2,15,"first_blank-don","don",15,0,0,1,"užasan","donsan"
956,"bud","bud-ljiv","ljiv",3,1,"bud-dyja","dyja",1,0,0,1,"uzbudljiv","uzbuddyja"
605,"first_blank","first_blank-uži","uži",2,31,"first_blank-rek","rek",31,0,0,1,"uživo","rekvo"
520,"gi","gi-na","na",3,13,"onal-na","onal",13,0,2,1,"vagina","vaonalna"
474,"va","va-n","n",1,2,"ry-n","ry",2,0,0,1,"van","ryn"
537,"va","va-tra","tra",2,2,"va-ziš","ziš",2,0,0,1,"vatra","vaziš"
259,"ve","ve-ć","ć",1,2,"ju-ć","ju",1,1,0,1,"već","juć"
123,"če","če-ra","ra",3,12,"otva-ra","otva",12,0,2,1,"večera","veotvara"
172,"ći","ći-na","na",3,9,"volj-na","volj",9,0,2,1,"većina","vevoljna"
370,"tvo","tvo-last_blank","last_blank",5,93,"freyja-last_blank","freyja",2,91,3,1,"veleposlanstvo","veleposlansfreyja"
742,"tven","tven-last_blank","last_blank",4,7,"sburg-last_blank","sburg",6,1,1,1,"veličanstven","veličanssburg"
909,"li","li-čans","čans",4,17,"li-sbeth","sbeth",1,16,1,1,"veličanstvo","velisbethtvo"
133,"li","li-či","či",4,32,"stvar-či","stvar",6,26,3,1,"veličina","vestvarčina"
470,"lik","lik-last_blank","last_blank",2,13,"cas-last_blank","cas",13,0,0,1,"velik","vecas"
15,"ve","ve-na","na",2,24,"mor-na","mor",24,0,1,1,"vena","morna"
902,"til","til-last_blank","last_blank",2,6,"bon-last_blank","bon",6,0,0,1,"ventil","venbon"
303,"za","za-ti","ti",3,66,"za-klju","klju",69,3,2,1,"vezati","vezaklju"
804,"dje","dje-ti","ti",3,23,"pros-ti","pros",17,6,1,1,"vidjeti","viprosti"
702,"vi","vi-no","no",2,8,"eko-no","eko",8,0,1,1,"vino","ekono"
214,"rus","rus-last_blank","last_blank",2,7,"oce-last_blank","oce",7,0,0,1,"virus","vioce"
929,"vi","vi-ski","ski",2,4,"vi-zor","zor",4,0,0,1,"viski","vizor"
967,"vječ","vječ-ni","ni",2,2,"smoč-ni","smoč",2,0,0,1,"vječni","smočni"
915,"vje","vje-ran","ran",2,4,"tri-ran","tri",4,0,0,1,"vjeran","triran"
550,"first_blank","first_blank-vjer","vjer",2,25,"first_blank-sret","sret",25,0,0,1,"vjernost","sretnost"
917,"nost","nost-last_blank","last_blank",4,257,"stvom-last_blank","stvom",17,240,1,1,"vjerojatnost","vjerojatstvom"
245,"vje","vje-ša","ša",3,13,"bolj-ša","bolj",15,2,1,1,"vješanje","boljšanje"
479,"tar","tar-last_blank","last_blank",2,47,"zom-last_blank","zom",47,0,0,1,"vjetar","vjezom"
661,"first_blank","first_blank-vje","vje",4,119,"first_blank-uprav","uprav",34,85,2,1,"vjeverica","upravverica"
18,"first_blank","first_blank-vl","vl",1,8,"first_blank-lm","lm",8,0,0,1,"vlak","lmak"
144,"first_blank","first_blank-vl","vl",1,8,"first_blank-uh","uh",8,0,0,1,"vlast","uhast"
666,"first_blank","first_blank-voj","voj",2,49,"first_blank-kru","kru",49,0,0,1,"vojnik","krunik"
114,"lon","lon-ter","ter",3,2,"skit-ter","skit",2,0,1,1,"volonter","voskitter"
20,"zi","zi-lo","lo",3,9,"proš-lo","proš",5,4,2,1,"vozilo","voprošlo"
931,"vo","vo-zi","zi",3,23,"vo-ljan","ljan",11,12,2,1,"voziti","voljanti"
113,"vr","vr-h","h",1,1,"yc-h","yc",1,0,0,1,"vrh","ych"
897,"je","je-dan","dan",3,7,"je-vrej","vrej",6,1,1,1,"vrijedan","vrijevrej"
75,"jed","jed-nost","nost",3,1,"jed-ljiv","ljiv",1,0,0,1,"vrijednost","vrijedljiv"
45,"wa","wa-shin","shin",4,4,"wa-inwrig","inwrig",1,3,2,1,"washington","wainwriggton"
872,"first_blank","first_blank-wc","wc",1,2,"first_blank-dh","dh",2,0,0,1,"wc","dh"
195,"first_blank","first_blank-ža","ža",2,60,"first_blank-upu","upu",60,0,1,1,"žaba","upuba"
958,"first_blank","first_blank-za","za",5,2597,"first_blank-odjelj","odjelj",3,2594,4,1,"zaboraviti","odjeljboraviti"
944,"njen","njen-last_blank","last_blank",3,51,"stvo-last_blank","stvo",54,3,0,1,"zabranjen","zabrastvo"
982,"bri","bri-nut","nut",3,3,"bri-ljan","ljan",2,1,1,1,"zabrinut","zabriljan"
53,"za","za-bri","bri",4,23,"za-ključ","ključ",6,17,2,1,"zabrinuti","zaključnuti"
375,"da","da-tak","tak",3,4,"da-njem","njem",4,0,1,1,"zadatak","zadanjem"
772,"ljan","ljan-last_blank","last_blank",4,28,"stvom-last_blank","stvom",17,11,1,1,"zadovoljan","zadovostvom"
657,"do","do-volj","volj",4,29,"do-iazim","iazim",1,28,1,1,"zadovoljstvo","zadoiazimstvo"
947,"zah","zah-ti","ti",5,14,"uniąti-ti","uniąti",1,13,3,1,"zahtijevajte","uniątitijevajte"
948,"lan","lan-last_blank","last_blank",3,71,"telj-last_blank","telj",74,3,1,1,"zahvalan","zahvatelj"
603,"za","za-klju","klju",3,69,"za-štit","štit",17,52,0,1,"zaključak","zaštitčak"
965,"klju","klju-čan","čan",3,3,"okon-čan","okon",1,2,0,1,"zaključan","zaokončan"
883,"kon","kon-last_blank","last_blank",2,11,"nel-last_blank","nel",11,0,0,1,"zakon","zanel"
993,"nca","nca-last_blank","last_blank",5,1,"essing-last_blank","essing",1,0,3,1,"zalazak sunca","zalazak suessing"
344,"ljev","ljev-last_blank","last_blank",2,10,"nley-last_blank","nley",10,0,0,1,"zaljev","zanley"
689,"gaj","gaj-last_blank","last_blank",3,6,"hing-last_blank","hing",6,0,1,1,"zalogaj","zalohing"
954,"je","je-ni","ni",5,82,"je-remyja","remyja",1,81,4,1,"zamijeniti","zamijeremyjati"
351,"zam","zam-ka","ka",2,2,"din-ka","din",2,0,0,1,"zamka","dinka"
229,"za","za-pad","pad",2,25,"za-gri","gri",25,0,0,1,"zapad","zagri"
268,"vjed","vjed-nik","nik",4,3,"uprav-nik","uprav",1,2,1,1,"zapovjednik","zapoupravnik"
795,"za","za-pra","pra",3,3,"za-ljev","ljev",3,0,1,1,"zapravo","zaljevvo"
232,"pre","pre-ka","ka",3,3,"njač-ka","njač",3,0,1,1,"zapreka","zanjačka"
594,"šten","šten-last_blank","last_blank",3,32,"ford-last_blank","ford",27,5,0,1,"zapušten","zapuford"
383,"lon","lon-last_blank","last_blank",2,22,"eld-last_blank","eld",22,0,0,1,"zaslon","zaseld"
124,"first_blank","first_blank-zas","zas",4,152,"first_blank-uklju","uklju",49,103,2,1,"zaslužiti","ukljulužiti"
722,"first_blank","first_blank-zas","zas",3,152,"first_blank-pred","pred",152,0,1,1,"zastava","predtava"
49,"šti","šti-ti","ti",4,17,"inves-ti","inves",17,0,2,1,"zaštititi","zainvestiti"
258,"first_blank","first_blank-zas","zas",5,152,"first_blank-odjelj","odjelj",3,149,3,1,"zastrašujući","odjeljtrašujući"
613,"za","za-vje","vje",3,18,"za-štit","štit",17,1,1,1,"zavjera","zaštitra"
869,"first_blank","first_blank-zbi","zbi",3,16,"first_blank-part","part",16,0,1,1,"zbivati","partvati"
816,"first_blank","first_blank-zdje","zdje",2,8,"first_blank-oduz","oduz",8,0,0,1,"zdjela","oduzla"
434,"first_blank","first_blank-zd","zd",1,1,"first_blank-cn","cn",1,0,0,1,"zdrav","cnrav"
448,"lje","lje-last_blank","last_blank",2,146,"jom-last_blank","jom",146,0,0,1,"zdravlje","zdravjom"
970,"first_blank","first_blank-zdra","zdra",2,16,"first_blank-druš","druš",16,0,0,1,"zdravo","drušvo"
406,"ze","ze-le","le",3,19,"prok-le","prok",16,3,2,1,"zeleni","prokleni"
974,"že","že-lja","lja",2,3,"že-nos","nos",3,0,0,1,"želja","ženos"
363,"lje","lje-zo","zo",3,1,"obra-zo","obra",9,8,1,1,"željezo","žeobrazo"
407,"first_blank","first_blank-zem","zem",2,39,"first_blank-ula","ula",39,0,0,1,"zemlja","ulalja"
322,"first_blank","first_blank-zem","zem",3,39,"first_blank-uvje","uvje",39,0,1,1,"zemljište","uvjeljište"
468,"zi","zi-d","d",1,1,"ye-d","ye",1,0,0,1,"zid","yed"
50,"ži","ži-ta","ta",4,4,"inven-ta","inven",2,2,3,1,"žitarica","inventarica"
392,"ži","ži-v","v",1,1,"ra-v","ra",1,0,0,1,"živ","rav"
374,"vac","vac-last_blank","last_blank",2,48,"den-last_blank","den",48,0,0,1,"živac","židen"
771,"zla","zla-tan","tan",2,1,"ran-tan","ran",1,0,0,1,"zlatan","rantan"
907,"first_blank","first_blank-žli","žli",2,11,"first_blank-usa","usa",11,0,0,1,"žlica","usaca"
477,"zl","zl-o","o",1,1,"èn-o","èn",1,0,0,1,"zlo","èno"
315,"first_blank","first_blank-zm","zm",1,1,"first_blank-sf","sf",1,0,0,1,"zmaj","sfaj"
898,"zna","zna-če","če",3,5,"prin-če","prin",4,1,1,1,"značenje","prinčenje"
894,"first_blank","first_blank-zom","zom",2,6,"first_blank-lud","lud",6,0,0,1,"zombi","ludbi"
81," vrt"," vrt-last_blank","last_blank",4,1,"uštiš-last_blank","uštiš",1,0,1,1,"zoološki vrt","zoološkiuštiš"
277,"ak","ak-last_blank","last_blank",1,37,"th-last_blank","th",37,0,0,1,"zrak","zrth"
404,"tva","tva-last_blank","last_blank",2,81,"kog-last_blank","kog",81,0,0,1,"žrtva","žrkog"
983,"jer","jer-last_blank","last_blank",2,11,"ria-last_blank","ria",11,0,0,1,"zvijer","zviria"
