"word_id","first","original_pair","second","syll","original_freq","replacement_pair","replacement_syll","replacement_freq","freq_diff","char_diff","letter_diff","original_word","replacement_word"
793,"first_blank","first_blank-adre","adre",3,16,"first_blank-gnja","gnja",16,0,0,1,"adrenalin","gnjanalin"
409,"first_blank","first_blank-adre","adre",2,16,"first_blank-ohra","ohra",16,0,0,1,"adresa","ohrasa"
109,"first_blank","first_blank-agen","agen",3,17,"first_blank-zbri","zbri",17,0,0,1,"agencija","zbricija"
871,"ak","ak-ti","ti",5,35,"uniąti-ti","uniąti",1,34,4,1,"aktivirati","uniątitivirati"
430,"nost","nost-last_blank","last_blank",3,257,"skom-last_blank","skom",171,86,0,1,"aktivnost","aktivskom"
821,"al","al-ar","ar",1,1,"so-ar","so",1,0,0,1,"alarm","soarm"
31,"al","al-fa","fa",2,1,"der-fa","der",1,0,1,1,"alfa","derfa"
818,"first_blank","first_blank-ali","ali",2,42,"first_blank-dže","dže",42,0,0,1,"alibi","džebi"
405,"first_blank","first_blank-ame","ame",3,53,"first_blank-tran","tran",57,4,1,1,"amerika","tranrika"
22,"first_blank","first_blank-ana","ana",3,49,"first_blank-iden","iden",46,3,1,1,"analiza","idenliza"
582,"first_blank","first_blank-apart","apart",2,6,"first_blank-edwar","edwar",6,0,0,2,"apartman","edwarman"
809,"surd","surd-no","no",3,1,"pluć-no","pluć",1,0,0,1,"apsurdno","applućno"
495,"tekt","tekt-last_blank","last_blank",3,1,"colm-last_blank","colm",1,0,0,1,"arhitekt","arhicolm"
843,"first_blank","first_blank-aro","aro",4,14,"first_blank-osjet","osjet",14,0,2,1,"arogancija","osjetgancija"
755,"ar","ar-te","te",4,16,"lynet-te","lynet",1,15,3,1,"arterija","lynetterija"
855,"first_blank","first_blank-atlant","atlant",2,2,"first_blank-clayto","clayto",2,0,0,2,"atlantski","claytoski"
693,"mo","mo-sfe","sfe",4,5,"mo-onlig","onlig",1,4,2,1,"atmosfera","atmoonligra"
347,"bus","bus-last_blank","last_blank",2,7,"dži-last_blank","dži",7,0,0,1,"autobus","autodži"
253,"auto","auto-ces","ces",3,5,"fran-ces","fran",4,1,0,1,"autocesta","francesta"
349,"auto","auto-mo","mo",3,12,"osra-mo","osra",11,1,0,1,"automobil","osramobil"
423,"ba","ba-ka","ka",2,5,"tor-ka","tor",5,0,1,1,"baka","torka"
511,"ba","ba-r","r",1,1,"ńo-r","ńo",1,0,0,1,"bar","ńor"
718,"ljon","ljon-last_blank","last_blank",3,3,"tlea-last_blank","tlea",3,0,0,1,"bataljon","batatlea"
854,"first_blank","first_blank-bat","bat",2,7,"first_blank-jes","jes",7,0,0,1,"batman","jesman"
279,"bol","bol-last_blank","last_blank",3,6,"mann-last_blank","mann",6,0,1,1,"bejzbol","bejzmann"
201,"nd","nd-last_blank","last_blank",1,21,"so-last_blank","so",21,0,0,1,"bend","beso"
716,"plat","plat-no","no",3,2,"umor-no","umor",2,0,0,1,"besplatno","besumorno"
868,"je","je-dan","dan",4,7,"je-tlost","tlost",1,6,2,1,"bezvrijedan","bezvrijetlost"
924,"je","je-da","da",3,28,"je-njen","njen",11,17,2,1,"bijeda","bijenjen"
690,"jes","jes-last_blank","last_blank",2,25,"sak-last_blank","sak",25,0,0,1,"bijes","bisak"
626,"first_blank","first_blank-bi","bi",4,365,"first_blank-uklju","uklju",49,316,3,1,"biologija","ukljuologija"
627,"ški","ški-last_blank","last_blank",3,49,"njen-last_blank","njen",51,2,1,1,"biološki","biolonjen"
874,"rač","rač-last_blank","last_blank",2,18,"đem-last_blank","đem",18,0,0,1,"birač","biđem"
369,"first_blank","first_blank-bit","bit",2,23,"first_blank-sam","sam",23,0,0,1,"bitka","samka"
242,"first_blank","first_blank-bje","bje",3,35,"first_blank-stvo","stvo",35,0,1,1,"bjegunac","stvogunac"
444,"bo","bo-ca","ca",2,2,"iji-ca","iji",2,0,1,1,"boca","ijica"
412,"ga","ga-ti","ti",3,46,"iden-ti","iden",45,1,2,1,"bogati","boidenti"
814,"stvo","stvo-last_blank","last_blank",3,54,"njen-last_blank","njen",51,3,0,1,"bogatstvo","bogatnjen"
975,"olje","olje-last_blank","last_blank",4,1,"ssett-last_blank","ssett",1,0,1,1,"bojno polje","bojno pssett"
286,"bo","bo-l","l",1,1,"ah-l","ah",1,0,0,1,"bol","ahl"
112,"lest","lest-last_blank","last_blank",2,2,"hell-last_blank","hell",2,0,0,1,"bolest","bohell"
810,"les","les-tan","tan",3,1,"skan-tan","skan",1,0,1,1,"bolestan","boskantan"
41,"bo","bo-rac","rac",2,2,"bo-lim","lim",2,0,0,1,"borac","bolim"
54,"first_blank","first_blank-bor","bor",2,37,"first_blank-ran","ran",37,0,0,1,"borba","ranba"
537,"first_blank","first_blank-bos","bos",2,18,"first_blank-oto","oto",18,0,0,1,"boston","ototon"
121,"tven","tven-last_blank","last_blank",3,7,"onar-last_blank","onar",7,0,0,1,"božanstven","božansonar"
544,"bra","bra-da","da",2,6,"đen-da","đen",6,0,0,1,"brada","đenda"
343,"ak","ak-last_blank","last_blank",1,37,"th-last_blank","th",37,0,0,1,"brak","brth"
440,"bra","bra-ni","ni",3,33,"sjed-ni","sjed",36,3,1,1,"braniti","sjedniti"
923,"first_blank","first_blank-braš","braš",2,3,"first_blank-prič","prič",3,0,0,1,"brašno","prično"
335,"br","br-at","at",1,1,"ri-at","ri",1,0,0,1,"brat","riat"
60,"bri","bri-nu","nu",3,27,"sjed-nu","sjed",9,18,1,1,"brinuti","sjednuti"
419,"br","br-od","od",1,4,"br-ko","ko",4,0,0,1,"brod","brko"
446,"zo","zo-last_blank","last_blank",2,21,"nat-last_blank","nat",21,0,1,1,"brzo","brnat"
285,"ča","ča-mac","mac",2,1,"ča-rim","rim",1,0,0,1,"čamac","čarim"
759,"ca","ca-r","r",1,1,"yo-r","yo",1,0,0,1,"car","yor"
160,"rob","rob-njak","njak",3,2,"rob-bins","bins",1,1,0,1,"čarobnjak","čarobbins"
945,"car","car-stvo","stvo",2,1,"sut-stvo","sut",1,0,0,1,"carstvo","sutstvo"
219,"pis","pis-last_blank","last_blank",3,18,"ljom-last_blank","ljom",18,0,1,1,"časopis","časoljom"
705,"ča","ča-st","st",1,1,"ča-či","či",1,0,0,1,"čast","čači"
281,"kić","kić-last_blank","last_blank",2,6,"ota-last_blank","ota",6,0,0,1,"čekić","čeota"
171,"cen","cen-ti","ti",4,7,"opros-ti","opros",6,1,2,1,"centimetar","oprostimetar"
120,"če","če-p","p",1,1,"tr-p","tr",1,0,0,1,"čep","trp"
763,"bral","bral-last_blank","last_blank",3,1,"hony-last_blank","hony",1,0,0,1,"cerebral","cerehony"
433,"first_blank","first_blank-ce","ce",5,150,"first_blank-grayso","grayso",4,146,4,1,"ceremonija","graysoremonija"
167,"first_blank","first_blank-čes","čes",3,26,"first_blank-skre","skre",26,0,1,1,"čestica","skretica"
276,"čes","čes-to","to",2,3,"pan-to","pan",3,0,0,1,"često","panto"
306,"če","če-tve","tve",3,1,"če-šalj","šalj",1,0,1,1,"četvero","češaljro"
294,"vr","vr-ti","ti",4,17,"atlan-ti","atlan",9,8,3,1,"četvrti","četatlanti"
679,"vr","vr-ti","ti",5,17,"uniąti-ti","uniąti",1,16,4,1,"četvrtina","četuniątitina"
275,"ga","ga-ra","ra",3,16,"uvje-ra","uvje",13,3,2,1,"cigara","ciuvjera"
296,"re","re-ta","ta",4,11,"plays-ta","plays",1,10,3,1,"cigareta","cigaplaysta"
311,"je","je-na","na",3,40,"upoz-na","upoz",25,15,2,1,"cijena","ciupozna"
2,"je","je-ni","ni",4,82,"straš-ni","straš",8,74,3,1,"cijeniti","cistrašniti"
163,"first_blank","first_blank-či","či",2,122,"first_blank-oba","oba",121,1,1,1,"čini","obani"
832,"ni","ni-čan","čan",3,3,"ni-tost","tost",3,0,1,1,"ciničan","cinitost"
119,"či","či-ni","ni",3,49,"sjed-ni","sjed",36,13,2,1,"činiti","sjedniti"
779,"ci","ci-pe","pe",3,11,"ci-onar","onar",11,0,2,1,"cipela","cionarla"
780,"first_blank","first_blank-cir","cir",2,13,"first_blank-ute","ute",13,0,0,1,"cirkus","utekus"
402,"first_blank","first_blank-ci","ci",6,279,"first_blank-marylan","marylan",2,277,5,1,"civilizacija","marylanvilizacija"
15,"first_blank","first_blank-cje","cje",3,34,"first_blank-upla","upla",34,0,1,1,"cjepivo","uplapivo"
648,"first_blank","first_blank-čo","čo",4,57,"first_blank-uklju","uklju",49,8,3,1,"čokolada","ukljukolada"
875,"first_blank","first_blank-cri","cri",3,7,"first_blank-alar","alar",7,0,1,1,"crijevo","alarjevo"
322,"cr","cr-no","no",2,4,"dla-no","dla",4,0,1,1,"crno","dlano"
206,"cr","cr-ta","ta",3,22,"plan-ta","plan",11,11,2,1,"crtati","plantati"
403,"ču","ču-dan","dan",2,1,"ču-gom","gom",1,0,0,1,"čudan","čugom"
367,"ču","ču-ti","ti",2,2,"gra-ti","gra",2,0,1,1,"čuti","grati"
645,"jet","jet-last_blank","last_blank",2,19,"šti-last_blank","šti",19,0,0,1,"cvijet","cvišti"
193,"first_blank","first_blank-da","da",1,377,"first_blank-kr","kr",185,192,0,1,"da","kr"
180,"le","le-ko","ko",3,12,"učin-ko","učin",9,3,2,1,"daleko","daučinko"
156,"da","da-ma","ma",2,33,"pro-ma","pro",39,6,1,1,"dama","proma"
667,"da","da-r","r",1,1,"ar-r","ar",1,0,0,1,"dar","arr"
192,"da","da-ti","ti",2,78,"men-ti","men",36,42,1,1,"dati","menti"
911,"fi","fi-ni","ni",5,28,"fi-rewall","rewall",1,27,4,1,"definicija","defirewallcija"
513,"mo","mo-kra","kra",5,17,"mo-neypen","neypen",1,16,3,1,"demokracija","demoneypencija"
829,"first_blank","first_blank-de","de",5,672,"first_blank-grayso","grayso",4,668,4,1,"demonstracija","graysomonstracija"
283,"de","de-pre","pre",4,14,"de-smond","smond",1,13,2,1,"depresija","desmondsija"
453,"set","set-lje","lje",4,5,"okriv-lje","okriv",5,0,2,1,"desetljeće","deokrivljeće"
3,"tiv","tiv-last_blank","last_blank",3,14,"ljač-last_blank","ljač",14,0,1,1,"detektiv","detekljač"
366,"di","di-je","je",3,86,"usvo-je","usvo",4,82,2,1,"dijete","usvojete"
944,"na","na-mit","mit",3,1,"na-sjec","sjec",1,0,1,1,"dinamit","dinasjec"
894,"di","di-ng","ng",1,1,"di-ia","ia",1,0,0,1,"ding","diia"
850,"di","di-plo","plo",5,35,"di-etrich","etrich",1,34,3,1,"diplomirati","dietrichmirati"
485,"di","di-rek","rek",4,27,"di-amond","amond",1,26,2,1,"direktno","diamondtno"
363,"tor","tor-last_blank","last_blank",3,107,"ljen-last_blank","ljen",116,9,1,1,"direktor","direkljen"
339,"čak","čak-last_blank","last_blank",2,16,"ble-last_blank","ble",16,0,0,1,"dječak","djeble"
310,"lo","lo-tvo","tvo",4,1,"lo-oking","oking",1,0,2,1,"djelotvoran","djelookingran"
562,"tinj","tinj-stvo","stvo",3,2,"ljud-stvo","ljud",1,1,0,1,"djetinjstvo","djeljudstvo"
30,"first_blank","first_blank-dje","dje",4,188,"first_blank-uprav","uprav",34,154,2,1,"djevojčice","upravvojčice"
798,"first_blank","first_blank-dn","dn",1,5,"first_blank-kh","kh",5,0,0,1,"dno","kho"
827,"bro","bro-volj","volj",4,6,"bro-adway","adway",1,5,1,1,"dobrovoljno","dobroadwayno"
948,"dat","dat-ni","ni",3,1,"klim-ni","klim",1,0,1,1,"dodatni","doklimni"
17,"đi","đi-last_blank","last_blank",2,36,"sen-last_blank","sen",36,0,1,1,"dođi","dosen"
212,"ga","ga-đaj","đaj",3,4,"ga-njem","njem",4,0,1,1,"događaj","doganjem"
799,"kaz","kaz-last_blank","last_blank",2,7,"vid-last_blank","vid",7,0,0,1,"dokaz","dovid"
474,"ku","ku-ment","ment",3,1,"ku-glom","glom",1,0,0,1,"dokument","dokuglom"
429,"lar","lar-last_blank","last_blank",2,13,"onu-last_blank","onu",13,0,0,1,"dolar","doonu"
82,"do","do-li","li",3,9,"char-li","char",12,3,2,1,"dolina","charlina"
654,"do","do-na","na",4,38,"uvjet-na","uvjet",1,37,3,1,"donacija","uvjetnacija"
588,"čak","čak-last_blank","last_blank",3,16,"ling-last_blank","ling",16,0,1,1,"doručak","doruling"
862,"first_blank","first_blank-dos","dos",3,102,"first_blank-stra","stra",103,1,1,1,"dostojan","stratojan"
558,"dos","dos-to","to",4,12,"scran-to","scran",1,11,2,1,"dostojanstvo","scrantojanstvo"
95,"ljan","ljan-last_blank","last_blank",3,28,"stvu-last_blank","stvu",28,0,0,1,"dovoljan","dovostvu"
569,"gulj","gulj-last_blank","last_blank",2,1,"graw-last_blank","graw",1,0,0,1,"dragulj","dragraw"
6,"first_blank","first_blank-dro","dro",2,56,"first_blank-kva","kva",56,0,0,1,"droga","kvaga"
269,"first_blank","first_blank-dru","dru",4,85,"first_blank-umjet","umjet",35,50,2,1,"drugačiji","umjetgačiji"
106,"first_blank","first_blank-dr","dr",3,180,"first_blank-svje","svje",93,87,2,1,"država","svježava"
394,"čak","čak-last_blank","last_blank",3,16,"ling-last_blank","ling",16,0,1,1,"dugačak","dugaling"
466,"du","du-h","h",1,1,"me-h","me",1,0,0,1,"duh","meh"
272,"ži","ži-na","na",3,4,"vjer-na","vjer",4,0,2,1,"dužina","duvjerna"
247,"first_blank","first_blank-duž","duž",2,17,"first_blank-jar","jar",17,0,0,1,"dužnost","jarnost"
518,"dvo","dvo-rac","rac",2,1,"dvo-sob","sob",1,0,0,1,"dvorac","dvosob"
826,"first_blank","first_blank-eks","eks",5,68,"first_blank-raymon","raymon",4,64,3,1,"eksplodirati","raymonplodirati"
91,"first_blank","first_blank-eks","eks",4,68,"first_blank-umjet","umjet",35,33,2,1,"eksplozija","umjetplozija"
359,"ziv","ziv-no","no",4,5,"uljud-no","uljud",2,3,2,1,"eksplozivno","eksplouljudno"
986,"first_blank","first_blank-ele","ele",3,30,"first_blank-priv","priv",30,0,1,1,"elegantan","privgantan"
76,"first_blank","first_blank-elek","elek",6,57,"first_blank-babysit","babysit",1,56,3,1,"električna energija","babysittrična energija"
161,"trič","trič-ni","ni",3,2,"lzvi-ni","lzvi",2,0,0,1,"električni","eleklzvini"
670,"first_blank","first_blank-ele","ele",2,30,"first_blank-mat","mat",30,0,0,1,"element","matment"
434,"emo","emo-ti","ti",3,1,"adap-ti","adap",1,0,1,1,"emotivan","adaptivan"
541,"first_blank","first_blank-ener","ener",3,19,"first_blank-skra","skra",19,0,0,1,"energija","skragija"
665,"first_blank","first_blank-epi","epi",4,19,"first_blank-inves","inves",18,1,2,1,"epidemija","invesdemija"
606,"first_blank","first_blank-epi","epi",3,19,"first_blank-bran","bran",19,0,1,1,"epizoda","branzoda"
852,"first_blank","first_blank-erek","erek",3,5,"first_blank-ralp","ralp",5,0,0,1,"erekcija","ralpcija"
860,"first_blank","first_blank-even","even",4,2,"first_blank-oskud","oskud",2,0,1,1,"eventualno","oskudtualno"
162,"fa","fa-ks","ks",1,1,"te-ks","te",1,0,0,1,"faks","teks"
415,"tas","tas-ti","ti",4,5,"objek-ti","objek",4,1,2,1,"fantastičan","fanobjektičan"
479,"fan","fan-ta","ta",4,6,"opros-ta","opros",1,5,2,1,"fantazija","oprostazija"
876,"ta","ta-lan","lan",3,6,"ta-njem","njem",5,1,1,1,"fatalan","fatanjem"
624,"fe","fe-de","de",5,28,"raymon-de","raymon",1,27,4,1,"federacija","raymonderacija"
37,"first_blank","first_blank-fes","fes",3,4,"first_blank-odru","odru",4,0,1,1,"festival","odrutival"
707,"lm","lm-last_blank","last_blank",1,6,"ix-last_blank","ix",6,0,0,1,"film","fiix"
25,"cij","cij-ski","ski",4,23,"europ-ski","europ",1,22,2,1,"financijski","finaneuropski"
913,"nje","nje-last_blank","last_blank",5,1480,"itland-last_blank","itland",1,1479,3,1,"financiranje","financiraitland"
266,"zič","zič-ki","ki",3,3,"šljo-ki","šljo",3,0,1,1,"fizički","fišljoki"
990,"first_blank","first_blank-flo","flo",2,23,"first_blank-bit","bit",23,0,0,1,"flota","bitta"
152,"first_blank","first_blank-flu","flu",2,1,"first_blank-eus","eus",1,0,0,1,"fluida","eusida"
21,"graf","graf-last_blank","last_blank",3,5,"onom-last_blank","onom",5,0,0,1,"fotograf","fotoonom"
590,"first_blank","first_blank-fo","fo",5,156,"first_blank-alexan","alexan",8,148,4,1,"fotografija","alexantografija"
325,"first_blank","first_blank-fran","fran",3,76,"first_blank-auto","auto",78,2,0,1,"francuski","autocuski"
981,"first_blank","first_blank-fra","fra",2,32,"first_blank-bun","bun",32,0,0,1,"fraza","bunza"
980,"first_blank","first_blank-funk","funk",4,25,"first_blank-stvar","stvar",25,0,1,1,"funkcionalan","stvarcionalan"
399,"lak","lak-si","si",4,7,"autop-si","autop",4,3,2,1,"galaksija","gaautopsija"
748,"ra","ra-ža","ža",3,15,"ra-njem","njem",15,0,2,1,"garaža","garanjem"
494,"ga","ga-y","y",1,1,"we-y","we",1,0,0,1,"gay","wey"
451,"gi","gi-ta","ta",3,9,"spar-ta","spar",9,0,2,1,"gitara","spartara"
463,"gla","gla-dan","dan",2,1,"sre-dan","sre",1,0,0,1,"gladan","sredan"
783,"sa","sa-nje","nje",3,16,"sa-obra","obra",8,8,1,1,"glasanje","glasaobra"
499,"zika","zika-last_blank","last_blank",5,1,"dowell-last_blank","dowell",1,0,2,1,"glazba, muzika","glazba, mudowell"
490,"first_blank","first_blank-glaz","glaz",3,21,"first_blank-stva","stva",21,0,0,1,"glazbenik","stvabenik"
155,"first_blank","first_blank-gle","gle",3,50,"first_blank-tran","tran",57,7,1,1,"gledati","trandati"
179,"first_blank","first_blank-glo","glo",3,34,"first_blank-utje","utje",34,0,1,1,"globalno","utjebalno"
477,"uh","uh-last_blank","last_blank",1,8,"jn-last_blank","jn",8,0,0,1,"gluh","gljn"
20,"first_blank","first_blank-glu","glu",2,83,"first_blank-uni","uni",83,0,0,1,"glumac","unimac"
177,"first_blank","first_blank-gl","gl",1,18,"first_blank-zr","zr",18,0,0,1,"glup","zrup"
743,"post","post-last_blank","last_blank",2,3,"tock-last_blank","tock",3,0,0,1,"glupost","glutock"
844,"go","go-li","li",2,12,"nja-li","nja",13,1,1,1,"goli","njali"
87,"go","go-re","re",2,10,"raz-re","raz",10,0,1,1,"gore","razre"
813,"go","go-ri","ri",3,36,"obaz-ri","obaz",3,33,2,1,"gorila","obazrila"
600,"ri","ri-vo","vo",3,3,"ovak-vo","ovak",3,0,2,1,"gorivo","goovakvo"
691,"first_blank","first_blank-gor","gor",2,34,"first_blank-svo","svo",34,0,0,1,"gornji","svonji"
435,"ri","ri-ti","ti",4,115,"inves-ti","inves",17,98,3,1,"govoriti","govoinvesti"
651,"ad","ad-last_blank","last_blank",1,35,"io-last_blank","io",36,1,0,1,"grad","grio"
563,"first_blank","first_blank-gra","gra",5,189,"first_blank-odjelj","odjelj",3,186,3,1,"gradonačelnik","odjeljdonačelnik"
757,"gr","gr-am","am",1,1,"la-am","la",1,0,0,1,"gram","laam"
538,"first_blank","first_blank-grč","grč",2,10,"first_blank-paj","paj",10,0,0,1,"grčki","pajki"
151,"first_blank","first_blank-grm","grm",4,7,"first_blank-auten","auten",7,0,2,1,"grmljavina","autenljavina"
556,"first_blank","first_blank-grob","grob",2,10,"first_blank-glad","glad",10,0,0,1,"groblje","gladlje"
756,"first_blank","first_blank-gro","gro",3,55,"first_blank-odje","odje",57,2,1,1,"grofica","odjefica"
293,"gu","gu-st","st",1,2,"gu-če","če",2,0,0,1,"gust","guče"
833,"šter","šter-last_blank","last_blank",2,1,"sses-last_blank","sses",1,0,0,1,"gušter","gusses"
90,"first_blank","first_blank-gut","gut",2,3,"first_blank-vej","vej",3,0,0,1,"gutljaj","vejljaj"
620,"lji","lji-na","na",3,11,"onal-na","onal",13,2,1,1,"haljina","haonalna"
142,"first_blank","first_blank-ha","ha",6,256,"first_blank-brownin","brownin",1,255,5,1,"halucinacija","browninlucinacija"
614,"ger","ger-last_blank","last_blank",3,54,"stvo-last_blank","stvo",54,0,1,1,"hamburger","hamburstvo"
12,"kop","kop-ter","ter",4,1,"splin-ter","splin",1,0,2,1,"helikopter","helisplinter"
351,"ro","ro-in","in",3,1,"ro-ssom","ssom",1,0,2,1,"heroin","herossom"
661,"hi","hi-tan","tan",2,1,"hi-nju","nju",1,0,0,1,"hitan","hinju"
4,"hi","hi-v","v",1,1,"ra-v","ra",1,0,0,1,"hiv","rav"
346,"hla","hla-dan","dan",2,1,"sun-dan","sun",1,0,0,1,"hladan","sundan"
539,"ho","ho-da","da",3,25,"skan-da","skan",6,19,2,1,"hodati","skandati"
186,"first_blank","first_blank-hra","hra",2,47,"first_blank-bli","bli",47,0,0,1,"hrabar","blibar"
96,"first_blank","first_blank-ić","ić",1,2,"first_blank-љt","љt",2,0,0,1,"ići","љti"
416,"first_blank","first_blank-idi","idi",2,18,"first_blank-oto","oto",18,0,0,1,"idiot","otoot"
436,"first_blank","first_blank-ig","ig",1,46,"first_blank-ad","ad",46,0,0,1,"igra","adra"
51,"first_blank","first_blank-ig","ig",1,46,"first_blank-ur","ur",46,0,0,1,"igrač","urrač"
652,"first_blank","first_blank-igrač","igrač",2,6,"first_blank-zgnje","zgnje",6,0,0,2,"igračka","zgnjeka"
183,"first_blank","first_blank-ik","ik",1,10,"first_blank-ej","ej",10,0,0,1,"ikad","ejad"
893,"first_blank","first_blank-im","im",6,88,"first_blank-marylan","marylan",2,86,5,1,"impresionirati","marylanpresionirati"
450,"in","in-fek","fek",4,5,"in-croft","croft",1,4,2,1,"infekcija","incroftcija"
687,"ma","ma-ci","ci",5,33,"ma-itland","itland",1,32,4,1,"informacija","informaitlandja"
278,"ma","ma-tor","tor",4,4,"ma-skell","skell",1,3,2,1,"informator","informaskell"
917,"first_blank","first_blank-injek","injek",3,5,"first_blank-odred","odred",5,0,0,1,"injekcija","odredcija"
710,"sekt","sekt-last_blank","last_blank",2,2,"ston-last_blank","ston",2,0,0,1,"insekt","inston"
957,"s","s-pek","pek",5,17,"s-tasyja","tasyja",1,16,3,1,"inspekcija","instasyjacija"
719,"first_blank","first_blank-in","in",6,488,"first_blank-chewbac","chewbac",1,487,5,1,"inspiracija","chewbacspiracija"
781,"tru","tru-ment","ment",3,1,"tru-iran","iran",1,0,0,1,"instrument","instruiran"
594,"tan","tan-last_blank","last_blank",5,133,"freyja-last_blank","freyja",2,131,3,1,"inteligentan","inteligenfreyja"
995,"ti","ti-man","man",3,3,"ti-njom","njom",3,0,1,1,"intiman","intinjom"
925,"tu","tu-ici","ici",4,5,"tu-otrov","otrov",1,4,2,1,"intuicija","intuotrovja"
24,"first_blank","first_blank-inves","inves",3,18,"first_blank-struč","struč",18,0,0,2,"investitor","stručtitor"
672,"first_blank","first_blank-iro","iro",3,7,"first_blank-etič","etič",7,0,1,1,"ironičan","etičničan"
807,"hod","hod-last_blank","last_blank",2,4,"mah-last_blank","mah",4,0,0,1,"ishod","ismah"
585,"van","van-last_blank","last_blank",3,121,"skim-last_blank","skim",121,0,1,1,"ispravan","ispraskim"
321,"toč","toč-no","no",3,5,"bilj-no","bilj",5,0,1,1,"istočno","isbiljno"
100,"tra","tra-ga","ga",3,23,"sbur-ga","sbur",2,21,1,1,"istraga","issburga"
951,"vač","vač-last_blank","last_blank",4,40,"ryjem-last_blank","ryjem",6,34,2,1,"istraživač","istražiryjem"
851,"zov","zov-last_blank","last_blank",3,2,"vely-last_blank","vely",2,0,1,1,"izazov","izavely"
870,"bor","bor-last_blank","last_blank",2,11,"dju-last_blank","dju",11,0,0,1,"izbor","izdju"
401,"daj","daj-nik","nik",3,3,"vjed-nik","vjed",3,0,1,1,"izdajnik","izvjednik"
114,"vor","vor-last_blank","last_blank",3,15,"štam-last_blank","štam",15,0,1,1,"izgovor","izgoštam"
64,"gra","gra-di","di",4,37,"zvjez-di","zvjez",3,34,2,1,"izgraditi","izzvjezditi"
822,"iz","iz-ja","ja",3,12,"osva-ja","osva",13,1,2,1,"izjava","osvajava"
496,"lož","lož-ba","ba",3,1,"utro-ba","utro",1,0,1,1,"izložba","izutroba"
885,"nos","nos-last_blank","last_blank",2,13,"đao-last_blank","đao",13,0,0,1,"iznos","izđao"
68,"ču","ču-na","na",5,31,"grayso-na","grayso",1,30,4,1,"izračunati","izragraysonati"
81,"zi","zi-ti","ti",4,64,"inves-ti","inves",17,47,3,1,"izraziti","izrainvesti"
290,"iz","iz-re","re",4,25,"spywa-re","spywa",1,24,3,1,"izrezati","spywarezati"
960,"van","van-re","re",4,1,"spywa-re","spywa",1,0,2,1,"izvanredan","izspywaredan"
268,"nje","nje-last_blank","last_blank",4,1480,"stvom-last_blank","stvom",17,1463,2,1,"izvođenje","izvođestvom"
127,"nje","nje-last_blank","last_blank",4,1480,"stvom-last_blank","stvom",17,1463,2,1,"izvršenje","izvršestvom"
23,"go","go-da","da",3,9,"stra-da","stra",10,1,2,1,"jagoda","jastrada"
182,"ja","ja-je","je",2,5,"ja-tan","tan",5,0,1,1,"jaje","jatan"
420,"jak","jak-na","na",2,2,"zor-na","zor",2,0,0,1,"jakna","zorna"
902,"ja","ja-ko","ko",2,6,"tič-ko","tič",6,0,1,1,"jako","tičko"
949,"first_blank","first_blank-jas","jas",2,44,"first_blank-ose","ose",44,0,0,1,"jastog","osetog"
461,"tven","tven-last_blank","last_blank",3,7,"mond-last_blank","mond",7,0,0,1,"jedinstven","jedinsmond"
637,"ta","ta-van","van",4,2,"ta-koðer","koðer",1,1,2,1,"jednostavan","jednostakoðer"
559,"first_blank","first_blank-jef","jef",3,30,"first_blank-priv","priv",30,0,1,1,"jeftino","privtino"
517,"je","je-sen","sen",2,2,"je-tle","tle",2,0,0,1,"jesen","jetle"
733,"first_blank","first_blank-jes","jes",2,7,"first_blank-eve","eve",7,0,0,1,"jesti","eveti"
712,"je","je-tra","tra",2,1,"je-šit","šit",1,0,0,1,"jetra","ješit"
472,"ze","ze-ro","ro",3,3,"stvo-ro","stvo",4,1,2,1,"jezero","jestvoro"
906,"je","je-ziv","ziv",2,1,"je-mac","mac",1,0,0,1,"jeziv","jemac"
9,"jo","jo-š","š",1,1,"ðe-š","ðe",1,0,0,1,"još","ðeš"
676,"ju","ju-čer","čer",2,1,"ju-kao","kao",1,0,0,1,"jučer","jukao"
794,"ju","ju-li","li",3,22,"smis-li","smis",13,9,2,1,"julija","smislija"
823,"ju","ju-ni","ni",3,26,"ogra-ni","ogra",25,1,2,1,"junior","ogranior"
298,"ju","ju-tro","tro",2,1,"ju-ćom","ćom",1,0,0,1,"jutro","jućom"
597,"men","men-last_blank","last_blank",2,23,"dak-last_blank","dak",23,0,0,1,"kamen","kadak"
147,"mi","mi-on","on",3,3,"mi-telj","telj",3,0,2,1,"kamion","kamitelj"
215,"first_blank","first_blank-kam","kam",4,33,"first_blank-umjet","umjet",35,2,2,1,"kampiranje","umjetpiranje"
764,"pe","pe-la","la",3,12,"griz-la","griz",3,9,2,1,"kapela","kagrizla"
344,"pe","pe-tan","tan",3,1,"pe-nješ","nješ",1,0,1,1,"kapetan","kapenješ"
992,"zam","zam-last_blank","last_blank",5,41,"freyja-last_blank","freyja",2,39,3,1,"kapitalizam","kapitalifreyja"
498,"nal","nal-last_blank","last_blank",3,16,"ling-last_blank","ling",16,0,1,1,"kardinal","kardiling"
790,"kar","kar-ta","ta",2,9,"zul-ta","zul",9,0,0,1,"karta","zulta"
674,"tel","tel-last_blank","last_blank",2,11,"dji-last_blank","dji",11,0,0,1,"kartel","kardji"
849,"uboj","uboj-last_blank","last_blank",2,1,"igon-last_blank","igon",1,0,0,1,"kauboj","kaigon"
476,"ka","ka-va","va",2,26,"pok-va","pok",27,1,1,1,"kava","pokva"
615,"li","li-šte","šte",4,23,"li-odrom","odrom",1,22,2,1,"kazalište","kazaliodrom"
580,"ki","ki-p","p",1,1,"ar-p","ar",1,0,0,1,"kip","arp"
5,"sik","sik-last_blank","last_blank",2,2,"čov-last_blank","čov",2,0,0,1,"kisik","kičov"
616,"si","si-čan","čan",3,2,"si-njor","njor",2,0,1,1,"klasičan","klasinjor"
210,"jent","jent-last_blank","last_blank",2,6,"neya-last_blank","neya",6,0,0,1,"klijent","klineya"
340,"kli","kli-ni","ni",3,5,"pješ-ni","pješ",5,0,1,1,"klinika","pješnika"
501,"first_blank","first_blank-knji","knji",2,26,"first_blank-skre","skre",26,0,0,2,"knjiga","skrega"
638,"first_blank","first_blank-knji","knji",3,26,"first_blank-uhva","uhva",26,0,0,1,"književnost","uhvaževnost"
32,"fer","fer-last_blank","last_blank",2,11,"ugh-last_blank","ugh",11,0,0,1,"kofer","kough"
762,"laps","laps-last_blank","last_blank",2,1,"vros-last_blank","vros",1,0,0,1,"kolaps","kovros"
608,"ko","ko-lje","lje",3,10,"ko-iiko","iiko",2,8,1,1,"koljeno","koiikono"
892,"mad","mad-last_blank","last_blank",2,7,"una-last_blank","una",7,0,0,1,"komad","kouna"
300,"first_blank","first_blank-kom","kom",2,154,"first_blank-zas","zas",152,2,0,1,"kombi","zasbi"
426,"ko","ko-me","me",4,24,"ko-autor","autor",1,23,3,1,"komedija","koautordija"
946,"first_blank","first_blank-ko","ko",6,1005,"first_blank-marylan","marylan",2,1003,5,1,"komunikacija","marylanmunikacija"
238,"nist","nist-last_blank","last_blank",3,5,"eger-last_blank","eger",5,0,0,1,"komunist","komueger"
516,"trat","trat-last_blank","last_blank",3,5,"ssom-last_blank","ssom",5,0,0,1,"koncentrat","koncenssom"
603,"cert","cert-last_blank","last_blank",2,1,"self-last_blank","self",1,0,0,1,"koncert","konself"
711,"ko","ko-nj","nj",1,1,"ko-bu","bu",1,0,0,1,"konj","kobu"
257,"ko","ko-njak","njak",2,1,"ko-hvat","hvat",1,0,0,1,"konjak","kohvat"
708,"ca","ca-last_blank","last_blank",5,1178,"ca-ssidyja","ssidyja",1,1177,3,3,"konobarica","konobaricassidyja"
10,"tant","tant-no","no",3,2,"ukup-no","ukup",2,0,0,1,"konstantno","konsukupno"
203,"ko","ko-pi","pi",4,37,"ko-autor","autor",1,36,3,1,"kopirati","koautorrati"
16,"ris","ris-ti","ti",4,35,"atlan-ti","atlan",9,26,2,1,"koristiti","koatlantiti"
991,"nja","nja-ča","ča",3,6,"bron-ča","bron",6,0,1,1,"kornjača","korbronča"
438,"first_blank","first_blank-kor","kor",5,54,"first_blank-alexan","alexan",8,46,3,1,"korporacija","alexanporacija"
330,"kr","kr-al","al",1,1,"kr-im","im",1,0,0,1,"kralj","krimj"
255,"s","s-tvo","tvo",4,16,"s-vjest","vjest",1,15,2,1,"kraljevstvo","kraljevsvjest"
931,"kra","kra-va","va",3,8,"plju-va","plju",4,4,1,1,"kravata","pljuvata"
971,"ativ","ativ-nost","nost",3,1,"vrat-nost","vrat",1,0,0,1,"kreativnost","krevratnost"
536,"vet","vet-last_blank","last_blank",2,5,"ula-last_blank","ula",5,0,0,1,"krevet","kreula"
292,"lac","lac-last_blank","last_blank",4,51,"stvom-last_blank","stvom",17,34,2,1,"kriminalac","kriminastvom"
336,"iv","iv-last_blank","last_blank",1,5,"tl-last_blank","tl",5,0,0,1,"kriv","krtl"
462,"kri","kri-za","za",2,1,"dve-za","dve",1,0,0,1,"kriza","dveza"
38,"nin","nin-last_blank","last_blank",4,33,"stvom-last_blank","stvom",17,16,2,1,"kršćanin","kršćastvom"
900,"har","har-last_blank","last_blank",2,4,"tun-last_blank","tun",4,0,0,1,"kuhar","kutun"
758,"pac","pac-last_blank","last_blank",2,8,"gea-last_blank","gea",8,0,0,1,"kupac","kugea"
602,"pa","pa-oni","oni",4,6,"pa-dawan","dawan",1,5,2,1,"kupaonica","kupadawanca"
936,"first_blank","first_blank-kva","kva",4,56,"first_blank-umjet","umjet",35,21,2,1,"kvaliteta","umjetliteta"
550,"la","la-ko","ko",2,10,"vje-ko","vje",9,1,1,1,"lako","vjeko"
88,"la","la-v","v",1,2,"dr-v","dr",2,0,0,1,"lav","drv"
104,"la","la-žan","žan",2,1,"la-cea","cea",1,0,0,1,"lažan","lacea"
507,"vac","vac-last_blank","last_blank",4,48,"sburg-last_blank","sburg",6,42,2,1,"lažljivac","lažljisburg"
380,"ga","ga-lan","lan",3,3,"ga-njem","njem",4,1,1,1,"legalan","leganjem"
352,"gen","gen-da","da",3,3,"blag-da","blag",3,0,1,1,"legenda","leblagda"
678,"le","le-š","š",1,1,"dr-š","dr",2,1,0,1,"leš","drš"
568,"le","le-t","t",1,3,"if-t","if",3,0,0,1,"let","ift"
149,"tje","tje-ti","ti",3,18,"pros-ti","pros",17,1,1,1,"letjeti","leprosti"
932,"lan","lan-last_blank","last_blank",4,71,"stvom-last_blank","stvom",17,54,2,1,"liberalan","liberastvom"
489,"nje","nje-last_blank","last_blank",4,1480,"stvom-last_blank","stvom",17,1463,2,1,"liječenje","liječestvom"
819,"je","je-či","či",4,28,"stvar-či","stvar",6,22,3,1,"liječiti","listvarčiti"
334,"ječ","ječ-nik","nik",3,2,"vrat-nik","vrat",2,0,1,1,"liječnik","livratnik"
184,"jep","jep-last_blank","last_blank",2,4,"eta-last_blank","eta",4,0,0,1,"lijep","lieta"
251,"je","je-vo","vo",3,14,"je-dins","dins",15,1,2,1,"lijevo","lijedins"
289,"zi","zi-na","na",4,11,"zi-egler","egler",1,10,3,1,"limuzina","limuziegler"
388,"pad","pad-last_blank","last_blank",3,12,"ških-last_blank","ških",12,0,1,1,"listopad","listoških"
907,"za","za-ti","ti",3,66,"za-klju","klju",69,3,2,1,"lizati","lizaklju"
740,"first_blank","first_blank-lje","lje",3,59,"first_blank-shva","shva",59,0,1,1,"ljepota","shvapota"
355,"bav","bav-last_blank","last_blank",2,3,"zja-last_blank","zja",3,0,0,1,"ljubav","ljuzja"
774,"bav","bav-nik","nik",3,2,"štit-nik","štit",2,0,1,1,"ljubavnik","ljuštitnik"
165,"first_blank","first_blank-ljud","ljud",2,17,"first_blank-stis","stis",17,0,0,2,"ljudski","stisski"
554,"first_blank","first_blank-lj","lj",1,4,"first_blank-ui","ui",4,0,0,1,"ljut","uiut"
963,"kal","kal-ni","ni",3,6,"ovis-ni","ovis",6,0,1,1,"lokalni","loovisni"
581,"lo","lo-še","še",2,2,"lo-nom","nom",2,0,1,1,"loše","lonom"
113,"lo","lo-vi","vi",3,68,"lo-ljet","ljet",15,53,2,1,"loviti","loljetti"
449,"ba","ba-nja","nja",3,10,"ba-škog","škog",1,9,1,1,"lubanja","lubaškog"
208,"first_blank","first_blank-lu","lu",1,241,"first_blank-tr","tr",241,0,0,1,"lud","trd"
840,"lu","lu-k","k",1,1,"en-k","en",1,0,0,1,"luk","enk"
26,"lu","lu-ka","ka",2,18,"tič-ka","tič",16,2,1,1,"luka","tička"
329,"first_blank","first_blank-mač","mač",2,10,"first_blank-kil","kil",10,0,0,1,"mačka","kilka"
50,"gla","gla-last_blank","last_blank",2,27,"jeg-last_blank","jeg",27,0,0,1,"magla","majeg"
943,"jo","jo-ne","ne",4,9,"odrek-ne","odrek",3,6,3,1,"majoneza","maodrekneza"
385,"mum","mum-last_blank","last_blank",3,2,"vard-last_blank","vard",2,0,1,1,"maksimum","maksivard"
153,"ma","ma-li","li",2,34,"ma-tra","tra",25,9,1,1,"mali","matra"
77,"ma","ma-ma","ma",2,17,"lji-ma","lji",23,6,1,1,"mama","ljima"
557,"ma","ma-mac","mac",2,1,"ma-nos","nos",1,0,0,1,"mamac","manos"
66,"first_blank","first_blank-ma","ma",6,994,"first_blank-brownin","brownin",1,993,5,1,"manipulirati","browninnipulirati"
927,"ke","ke-ting","ting",3,1,"ke-njaj","njaj",1,0,0,1,"marketing","markenjaj"
721,"sa","sa-ža","ža",3,15,"sa-vjet","vjet",12,3,2,1,"masaža","masavjet"
695,"ši","ši-na","na",3,18,"onal-na","onal",13,5,2,1,"mašina","maonalna"
138,"mas","mas-lac","lac",2,1,"ško-lac","ško",1,0,0,1,"maslac","školac"
214,"ti","ti-ka","ka",5,41,"odjelj-ka","odjelj",1,40,4,1,"matematika","matemaodjeljka"
784,"da","da-lja","lja",3,3,"da-nost","nost",3,0,1,1,"medalja","medanost"
18,"da","da-ljon","ljon",3,1,"da-ieko","ieko",1,0,0,1,"medaljon","medaieko"
788,"ha","ha-nič","nič",4,8,"ha-skell","skell",1,7,2,1,"mehanički","mehaskellki"
888,"so","so-last_blank","last_blank",2,21,"ane-last_blank","ane",21,0,1,1,"meso","meane"
35,"me","me-tak","tak",2,1,"me-ćem","ćem",1,0,0,1,"metak","mećem"
350,"tal","tal-last_blank","last_blank",2,17,"cea-last_blank","cea",17,0,0,1,"metal","mecea"
406,"tar","tar-last_blank","last_blank",2,47,"žem-last_blank","žem",47,0,0,1,"metar","mežem"
595,"fon","fon-last_blank","last_blank",3,14,"njam-last_blank","njam",14,0,1,1,"mikrofon","mikronjam"
930,"skop","skop-last_blank","last_blank",3,6,"ryju-last_blank","ryju",6,0,0,1,"mikroskop","mikroryju"
173,"li","li-jar","jar",4,10,"li-sbeth","sbeth",1,9,2,1,"milijardi","milisbethdi"
115,"lost","lost-last_blank","last_blank",2,15,"štaš-last_blank","štaš",15,0,0,2,"milost","mištaš"
11,"tar","tar-last_blank","last_blank",3,47,"njom-last_blank","njom",47,0,1,1,"ministar","minisnjom"
93,"stvo","stvo-last_blank","last_blank",4,54,"ryjem-last_blank","ryjem",6,48,1,1,"ministarstvo","ministarryjem"
220,"mi","mi-nus","nus",2,2,"mi-gra","gra",2,0,0,1,"minus","migra"
263,"mi","mi-nu","nu",3,21,"sjed-nu","sjed",9,12,2,1,"minuta","sjednuta"
443,"ris","ris-last_blank","last_blank",2,25,"ćom-last_blank","ćom",25,0,0,1,"miris","mićom"
698,"šić","šić-last_blank","last_blank",2,1,"jež-last_blank","jež",1,0,0,1,"mišić","mijež"
611,"mi","mi-si","si",3,30,"flek-si","flek",9,21,2,1,"misija","fleksija"
264,"first_blank","first_blank-mis","mis",4,56,"first_blank-uklju","uklju",49,7,2,1,"misterija","ukljuterija"
987,"first_blank","first_blank-mje","mje",6,88,"first_blank-crawfor","crawfor",1,87,4,1,"mjerač vremena","crawforrač vremena"
217,"mjes","mjes-to","to",2,1,"tren-to","tren",1,0,0,1,"mjesto","trento"
194,"first_blank","first_blank-ml","ml",1,5,"first_blank-hm","hm",5,0,0,1,"mlad","hmad"
261,"mo","mo-dri","dri",3,5,"mo-uvje","uvje",5,0,1,1,"modrica","mouvjeca"
586,"nost","nost-last_blank","last_blank",3,257,"skom-last_blank","skom",171,86,0,1,"mogućnost","mogućskom"
375,"kar","kar-last_blank","last_blank",2,18,"đem-last_blank","đem",18,0,0,1,"mokar","mođem"
262,"ni","ni-tor","tor",3,1,"ni-eman","eman",1,0,1,1,"monitor","monieman"
725,"fin","fin-last_blank","last_blank",2,7,"neu-last_blank","neu",7,0,0,1,"morfin","morneu"
622,"nar","nar-last_blank","last_blank",2,21,"let-last_blank","let",21,0,0,1,"mornar","morlet"
845,"mor","mor-na","na",4,24,"cvjet-na","cvjet",1,23,2,1,"mornarica","cvjetnarica"
341,"tel","tel-last_blank","last_blank",2,11,"ena-last_blank","ena",11,0,0,1,"motel","moena"
288,"tor","tor-last_blank","last_blank",2,107,"kao-last_blank","kao",108,1,0,1,"motor","mokao"
267,"first_blank","first_blank-mra","mra",2,15,"first_blank-gun","gun",15,0,0,1,"mračan","gunčan"
28,"mr","mr-av","av",1,1,"mr-gu","gu",1,0,0,1,"mrav","mrgu"
741,"first_blank","first_blank-mre","mre",2,11,"first_blank-dic","dic",11,0,0,1,"mreža","dicža"
589,"tav","tav-last_blank","last_blank",2,13,"bre-last_blank","bre",13,0,0,1,"mrtav","mrbre"
752,"če","če-nje","nje",3,45,"če-tvor","tvor",6,39,1,1,"mučenje","mučetvor"
935,"first_blank","first_blank-muč","muč",3,5,"first_blank-džen","džen",5,0,1,1,"mučnina","džennina"
926,"mu","mu-ta","ta",4,7,"odras-ta","odras",9,2,3,1,"mutacija","odrastacija"
150,"zej","zej-last_blank","last_blank",2,3,"bog-last_blank","bog",3,0,0,1,"muzej","mubog"
898,"gla","gla-sak","sak",3,1,"gla-ukom","ukom",1,0,1,1,"naglasak","naglaukom"
709,"na","na-gra","gra",3,15,"na-mjes","mjes",15,0,1,1,"nagrada","namjesda"
136,"first_blank","first_blank-naj","naj",2,458,"first_blank-pos","pos",418,40,0,1,"najam","posam"
770,"mje","mje-ra","ra",3,34,"stva-ra","stva",13,21,1,1,"namjera","nastvara"
938,"mjer","mjer-no","no",3,8,"praz-no","praz",8,0,0,1,"namjerno","naprazno"
534,"pad","pad-last_blank","last_blank",2,12,"gie-last_blank","gie",12,0,0,1,"napad","nagie"
800,"dač","dač-last_blank","last_blank",3,5,"onom-last_blank","onom",5,0,1,1,"napadač","napaonom"
856,"na","na-pus","pus",4,15,"na-obraz","obraz",1,14,2,1,"napustiti","naobraztiti"
125,"ran","ran-ča","ča",3,2,"odje-ča","odje",1,1,1,1,"naranča","naodječa"
224,"rod","rod-last_blank","last_blank",2,8,"car-last_blank","car",8,0,0,1,"narod","nacar"
56,"rudž","rudž-ba","ba",3,1,"mjed-ba","mjed",1,0,0,1,"narudžba","namjedba"
134,"first_blank","first_blank-nas","nas",5,208,"first_blank-odjelj","odjelj",3,205,3,1,"naslijediti","odjeljlijediti"
775,"nas","nas-ta","ta",4,40,"aumon-ta","aumon",1,39,2,1,"nastaviti","aumontaviti"
411,"uči","uči-ti","ti",3,4,"svje-ti","svje",4,0,1,1,"naučiti","nasvjeti"
273,"be","be-ski","ski",3,1,"be-agle","agle",1,0,1,1,"nebeski","nebeagle"
123,"ćak","ćak-last_blank","last_blank",2,2,"uns-last_blank","uns",2,0,0,1,"nećak","neuns"
148,"dav","dav-no","no",3,4,"prog-no","prog",4,0,1,1,"nedavno","neprogno"
259,"dje","dje-lja","lja",3,2,"glup-lja","glup",2,0,1,1,"nedjelja","negluplja"
323,"ti","ti-van","van",4,19,"ti-krist","krist",1,18,2,1,"negativan","negatikrist"
92,"first_blank","first_blank-neg","neg",2,2,"first_blank-ema","ema",2,0,0,1,"negdje","emadje"
765,"first_blank","first_blank-neo","neo",5,118,"first_blank-skywal","skywal",3,115,3,1,"neočekivano","skywalčekivano"
983,"first_blank","first_blank-neo","neo",5,118,"first_blank-skywal","skywal",3,115,3,1,"neodgovoran","skywaldgovoran"
14,"nat","nat-last_blank","last_blank",3,21,"tvom-last_blank","tvom",21,0,1,1,"nepoznat","nepoztvom"
145,"ne","ne-pra","pra",4,12,"ne-djelj","djelj",8,4,2,1,"nepravedan","nedjeljvedan"
969,"ban","ban-last_blank","last_blank",4,27,"stvom-last_blank","stvom",17,10,2,1,"nesposoban","nesposostvom"
519,"ne","ne-sre","sre",3,15,"ne-ugod","ugod",13,2,1,1,"nesreća","neugodća"
79,"nak","nak-last_blank","last_blank",3,29,"stvu-last_blank","stvu",28,1,1,1,"nestanak","nestastvu"
188,"što","što-last_blank","last_blank",2,14,"joj-last_blank","joj",14,0,0,1,"nešto","nejoj"
309,"ugo","ugo-dan","dan",3,2,"blag-dan","blag",2,0,1,1,"neugodan","neblagdan"
374,"pjeh","pjeh-last_blank","last_blank",3,2,"lest-last_blank","lest",2,0,0,1,"neuspjeh","neuslest"
619,"tan","tan-last_blank","last_blank",5,133,"freyja-last_blank","freyja",2,131,3,1,"nevjerojatan","nevjerojafreyja"
919,"vjes","vjes-ta","ta",3,1,"scot-ta","scot",1,0,0,1,"nevjesta","nescotta"
771,"žan","žan-last_blank","last_blank",2,33,"mio-last_blank","mio",33,0,0,1,"nježan","njemio"
497,"met","met-last_blank","last_blank",3,16,"ling-last_blank","ling",16,0,1,1,"nogomet","nogoling"
129,"first_blank","first_blank-nor","nor",3,59,"first_blank-shva","shva",59,0,1,1,"normalan","shvamalan"
545,"no","no-s","s",1,3,"lm-s","lm",3,0,0,1,"nos","lms"
636,"no","no-vac","vac",2,1,"no-lje","lje",1,0,0,1,"novac","nolje"
553,"first_blank","first_blank-nov","nov",3,37,"first_blank-sklo","sklo",37,0,1,1,"novčanik","skločanik"
427,"nar","nar-last_blank","last_blank",3,21,"tvom-last_blank","tvom",21,0,1,1,"novinar","novitvom"
487,"vi","vi-ne","ne",3,49,"part-ne","part",11,38,2,1,"novine","nopartne"
360,"no","no-ž","ž",1,1,"id-ž","id",2,1,0,1,"nož","idž"
895,"first_blank","first_blank-nuk","nuk",4,14,"first_blank-stran","stran",14,0,2,1,"nuklearni","stranlearni"
805,"oba","oba-la","la",2,2,"ški-la","ški",2,0,0,1,"obala","škila"
245,"jes","jes-ti","ti",5,34,"uniąti-ti","uniąti",1,33,3,1,"obavijestiti","obaviuniątititi"
609,"first_blank","first_blank-obe","obe",3,68,"first_blank-fran","fran",76,8,1,1,"obećanje","franćanje"
187,"obič","obič-no","no",2,1,"bliz-no","bliz",1,0,0,1,"obično","blizno"
706,"first_blank","first_blank-obi","obi",2,82,"first_blank-bro","bro",82,0,0,1,"obitelj","brotelj"
786,"ob","ob-ra","ra",1,2,"co-ra","co",2,0,0,1,"obraz","coraz"
128,"first_blank","first_blank-obra","obra",4,99,"first_blank-uklju","uklju",49,50,1,1,"obrazovanje","ukljuzovanje"
797,"ro","ro-k","k",1,2,"un-k","un",2,0,0,1,"obrok","obunk"
398,"first_blank","first_blank-oce","oce",2,28,"first_blank-dok","dok",28,0,0,1,"ocean","dokan"
312,"first_blank","first_blank-oče","oče",4,41,"first_blank-uprav","uprav",34,7,2,1,"očekivati","upravkivati"
48,"first_blank","first_blank-oči","oči",2,35,"first_blank-her","her",35,0,0,1,"očito","herto"
766,"first_blank","first_blank-oda","oda",3,80,"first_blank-auto","auto",78,2,1,1,"odaberi","autoberi"
628,"ljač","ljač-last_blank","last_blank",3,14,"king-last_blank","king",14,0,0,1,"odašiljač","odašiking"
384,"bor","bor-last_blank","last_blank",2,11,"hao-last_blank","hao",11,0,0,1,"odbor","odhao"
299,"va","va-ra","ra",5,126,"crowde-ra","crowde",1,125,4,1,"odgovarati","odgocrowderati"
504,"vor","vor-last_blank","last_blank",3,15,"štaš-last_blank","štaš",15,0,1,1,"odgovor","odgoštaš"
528,"zak","zak-last_blank","last_blank",3,24,"ment-last_blank","ment",24,0,1,1,"odlazak","odlament"
808,"nost","nost-last_blank","last_blank",3,257,"skom-last_blank","skom",171,86,0,1,"odlučnost","odlučskom"
46,"mor","mor-last_blank","last_blank",2,9,"kes-last_blank","kes",9,0,0,1,"odmor","odkes"
684,"bre","bre-nje","nje",3,2,"glad-nje","glad",2,0,1,1,"odobrenje","odogladnje"
825,"odo","odo-lje","lje",3,1,"krav-lje","krav",1,0,1,1,"odoljeti","kravljeti"
947,"first_blank","first_blank-odr","odr",4,45,"first_blank-uklju","uklju",49,4,2,1,"održavanje","ukljužavanje"
886,"first_blank","first_blank-odr","odr",4,45,"first_blank-uklju","uklju",49,4,2,1,"održavati","ukljužavati"
377,"sut","sut-nost","nost",3,2,"sut-stvo","stvo",1,1,0,1,"odsutnost","odsutstvo"
371,"vra","vra-tan","tan",3,1,"spon-tan","spon",1,0,1,1,"odvratan","odspontan"
576,"first_blank","first_blank-ogle","ogle",3,7,"first_blank-tres","tres",7,0,0,1,"ogledalo","tresdalo"
468,"ogra","ogra-da","da",2,1,"opol-da","opol",1,0,0,1,"ograda","opolda"
397,"first_blank","first_blank-ogr","ogr",3,11,"first_blank-krup","krup",11,0,1,1,"ogrlica","kruplica"
583,"first_blank","first_blank-ogro","ogro",2,1,"first_blank-eure","eure",1,0,0,1,"ogroman","eureman"
313,"first_blank","first_blank-ohla","ohla",3,12,"first_blank-udar","udar",12,0,0,1,"ohladiti","udarditi"
572,"lop","lop-last_blank","last_blank",2,4,"bas-last_blank","bas",4,0,0,1,"oklop","okbas"
204,"ok","ok-o","o",1,1,"is-o","is",1,0,0,1,"oko","iso"
777,"ru","ru-g","g",1,2,"af-g","af",2,0,0,1,"okrug","okafg"
668,"okru","okru-tan","tan",2,1,"skan-tan","skan",1,0,0,1,"okrutan","skantan"
99,"okrut","okrut-nost","nost",2,1,"ljant-nost","ljant",1,0,0,2,"okrutnost","ljantnost"
633,"first_blank","first_blank-olov","olov",2,8,"first_blank-tros","tros",8,0,0,1,"olovkom","troskom"
357,"first_blank","first_blank-olu","olu",2,12,"first_blank-žur","žur",12,0,0,1,"oluja","žurja"
738,"first_blank","first_blank-ome","ome",3,28,"first_blank-stav","stav",28,0,1,1,"ometati","stavtati"
252,"opa","opa-san","san",2,2,"opa-tra","tra",2,0,0,1,"opasan","opatra"
342,"opas","opas-nost","nost",2,1,"traj-nost","traj",1,0,0,1,"opasnost","trajnost"
972,"ni","ni-to","to",4,16,"thorn-to","thorn",2,14,3,1,"općenito","općethornto"
508,"op","op-ci","ci",3,5,"ljiv-ci","ljiv",5,0,2,1,"opcija","ljivcija"
198,"first_blank","first_blank-ope","ope",4,76,"first_blank-uklju","uklju",49,27,2,1,"operacija","ukljuracija"
529,"op","op-is","is",1,1,"op-so","so",1,0,0,1,"opis","opso"
280,"ljač","ljač-ka","ka",4,14,"splet-ka","splet",2,12,1,1,"opljačkati","opspletkati"
812,"first_blank","first_blank-opre","opre",3,12,"first_blank-blis","blis",12,0,0,1,"opremiti","blismiti"
59,"tuž","tuž-ba","ba",3,5,"svad-ba","svad",2,3,1,1,"optužba","opsvadba"
218,"bi","bi-ta","ta",3,6,"bi-ljež","ljež",6,0,2,1,"orbita","orbiljež"
910,"first_blank","first_blank-or","or",6,165,"first_blank-babysit","babysit",1,164,5,1,"organizirati","babysitganizirati"
928,"mar","mar-last_blank","last_blank",2,10,"ceg-last_blank","ceg",10,0,0,1,"ormar","orceg"
989,"first_blank","first_blank-oru","oru",4,23,"first_blank-pljač","pljač",22,1,2,1,"oružanica","pljačžanica"
216,"oruž","oruž-je","je",2,1,"ljež-je","ljež",1,0,0,1,"oružje","lježje"
143,"ćaj","ćaj-last_blank","last_blank",2,18,"lia-last_blank","lia",18,0,0,1,"osjećaj","osjelia"
879,"first_blank","first_blank-osjet","osjet",2,14,"first_blank-opros","opros",14,0,0,2,"osjetljiv","oprosljiv"
418,"osob","osob-nost","nost",2,1,"trož-nost","trož",1,0,0,1,"osobnost","trožnost"
629,"ta","ta-ti","ti",3,114,"iden-ti","iden",45,69,2,1,"ostati","osidenti"
86,"first_blank","first_blank-osum","osum",3,23,"first_blank-slav","slav",23,0,0,1,"osumnjičen","slavnjičen"
905,"ži","ži-ti","ti",4,57,"inves-ti","inves",17,40,3,1,"osvježiti","osvjeinvesti"
327,"ac","ac-last_blank","last_blank",1,16,"rs-last_blank","rs",16,0,0,1,"otac","otrs"
955,"ote","ote-ti","ti",2,2,"eda-ti","eda",2,0,0,1,"oteti","edati"
962,"rsta","rsta-last_blank","last_blank",4,1,"nland-last_blank","nland",1,0,1,1,"otisak prsta","otisak pnland"
958,"kaz","kaz-last_blank","last_blank",2,7,"vić-last_blank","vić",7,0,0,1,"otkaz","otvić"
271,"first_blank","first_blank-ože","ože",2,19,"first_blank-lut","lut",19,0,0,1,"oženjen","lutnjen"
567,"first_blank","first_blank-oži","oži",2,15,"first_blank-pak","pak",15,0,0,1,"ožiljak","pakljak"
560,"lje","lje-da","da",3,2,"zgra-da","zgra",2,0,1,1,"ozljeda","ozzgrada"
207,"pa","pa-kao","kao",2,1,"pa-one","one",1,0,0,1,"pakao","paone"
97,"ket","ket-last_blank","last_blank",2,20,"nov-last_blank","nov",20,0,0,1,"paket","panov"
552,"pa","pa-lac","lac",2,1,"pa-reu","reu",1,0,0,1,"palac","pareu"
34,"ba","ba-last_blank","last_blank",3,171,"skom-last_blank","skom",171,0,2,1,"paluba","paluskom"
836,"muk","muk-last_blank","last_blank",2,1,"hot-last_blank","hot",1,0,0,1,"pamuk","pahot"
959,"lan","lan-last_blank","last_blank",5,71,"freyja-last_blank","freyja",2,69,3,1,"paranormalan","paranormafreyja"
837,"fem","fem-last_blank","last_blank",2,1,"arp-last_blank","arp",1,0,0,1,"parfem","pararp"
909,"ti","ti-čan","čan",4,23,"ti-krist","krist",1,22,2,1,"patetičan","patetikrist"
890,"pat","pat-ka","ka",2,2,"bij-ka","bij",2,0,0,1,"patka","bijka"
901,"tro","tro-la","la",3,7,"sjek-la","sjek",3,4,1,1,"patrola","pasjekla"
274,"pa","pa-uza","uza",2,3,"pa-ten","ten",3,0,0,1,"pauza","paten"
877,"pe","pe-ći","ći",2,7,"pe-nja","nja",6,1,1,1,"peći","penja"
625,"nis","nis-last_blank","last_blank",2,20,"ket-last_blank","ket",20,0,0,1,"penis","peket"
853,"me","me-tar","tar",4,11,"me-adows","adows",1,10,2,1,"perimetar","perimeadows"
863,"pek","pek-ti","ti",5,7,"uniąti-ti","uniąti",1,6,3,1,"perspektiva","persuniątitiva"
699,"jan","jan-last_blank","last_blank",2,52,"žim-last_blank","žim",53,1,0,1,"pijan","pižim"
696,"je","je-sak","sak",3,1,"je-volj","volj",1,0,1,1,"pijesak","pijevolj"
675,"lot","lot-last_blank","last_blank",2,8,"pus-last_blank","pus",8,0,0,1,"pilot","pipus"
754,"lu","lu-la","la",3,3,"griz-la","griz",3,0,2,1,"pilula","pigrizla"
532,"sac","sac-last_blank","last_blank",2,11,"bru-last_blank","bru",11,0,0,1,"pisac","pibru"
239,"sa","sa-nje","nje",3,16,"sa-obra","obra",8,8,1,1,"pisanje","pisaobra"
328,"sa","sa-ti","ti",3,55,"iden-ti","iden",45,10,2,1,"pisati","piidenti"
457,"smo","smo-last_blank","last_blank",2,9,"bri-last_blank","bri",9,0,0,1,"pismo","pibri"
571,"štolj","štolj-last_blank","last_blank",2,1,"opold-last_blank","opold",1,0,0,1,"pištolj","piopold"
237,"pi","pi-ta","ta",3,59,"obus-ta","obus",7,52,2,1,"pitati","obustati"
408,"pi","pi-vo","vo",2,6,"voj-vo","voj",6,0,1,1,"pivo","vojvo"
291,"sma","sma-last_blank","last_blank",2,4,"đim-last_blank","đim",4,0,0,1,"pjesma","pjeđim"
714,"pla","pla-ća","ća",2,13,"ško-ća","ško",4,9,0,1,"plaća","škoća"
393,"men","men-last_blank","last_blank",2,23,"pit-last_blank","pit",23,0,0,1,"plamen","plapit"
424,"nin","nin-ski","ski",3,1,"polj-ski","polj",1,0,1,1,"planinski","plapoljski"
226,"pla","pla-ni","ni",4,47,"umjet-ni","umjet",12,35,2,1,"planiranje","umjetniranje"
40,"first_blank","first_blank-plas","plas",3,17,"first_blank-smrz","smrz",17,0,0,1,"plastika","smrztika"
33,"pla","pla-va","va",2,2,"ski-va","ski",2,0,0,1,"plava","skiva"
383,"pl","pl-es","es",1,1,"pl-je","je",1,0,0,1,"ples","plje"
701,"first_blank","first_blank-pli","pli",3,50,"first_blank-iden","iden",46,4,1,1,"plivati","idenvati"
574,"first_blank","first_blank-pljač","pljač",2,22,"first_blank-oprav","oprav",21,1,0,2,"pljačka","opravka"
889,"first_blank","first_blank-plo","plo",3,42,"first_blank-smje","smje",42,0,1,1,"ploviti","smjeviti"
117,"je","je-di","di",5,119,"je-remyju","remyju",1,118,4,1,"pobijediti","pobijeremyjuti"
746,"bje","bje-ći","ći",3,4,"lzvu-ći","lzvu",1,3,1,1,"pobjeći","polzvući"
157,"bjed","bjed-nik","nik",3,1,"očaj-nik","očaj",1,0,0,1,"pobjednik","poočajnik"
43,"po","po-bolj","bolj",4,19,"po-igrao","igrao",1,18,1,1,"poboljšanje","poigraošanje"
107,"nost","nost-last_blank","last_blank",3,257,"skom-last_blank","skom",171,86,0,1,"pobožnost","pobožskom"
646,"po","po-dje","dje",3,13,"po-vrat","vrat",13,0,1,1,"podjela","povratla"
737,"first_blank","first_blank-pod","pod",2,196,"first_blank-mar","mar",194,2,0,1,"podne","marne"
977,"zet","zet-nik","nik",4,1,"uprav-nik","uprav",1,0,2,1,"poduzetnik","poduupravnik"
53,"greb","greb-last_blank","last_blank",2,2,"user-last_blank","user",2,0,0,1,"pogreb","pouser"
782,"ška","ška-last_blank","last_blank",3,49,"njom-last_blank","njom",47,2,1,1,"pogreška","pogrenjom"
767,"po","po-hra","hra",4,10,"po-vjest","vjest",1,9,2,1,"pohraniti","povjestniti"
211,"di","di-nac","nac",4,2,"di-amond","amond",1,1,2,1,"pojedinac","pojediamond"
873,"po","po-ker","ker",2,1,"po-gad","gad",1,0,0,1,"poker","pogad"
644,"po","po-ko","ko",4,47,"po-vjest","vjest",1,46,3,1,"pokopati","povjestpati"
304,"šaj","šaj-last_blank","last_blank",3,21,"tvom-last_blank","tvom",21,0,1,1,"pokušaj","pokutvom"
223,"ti","ti-čar","čar",4,21,"ti-krist","krist",1,20,2,1,"političar","politikrist"
74,"li","li-tič","tič",4,10,"li-sbury","sbury",1,9,2,1,"politički","polisburyki"
966,"ti","ti-ka","ka",4,41,"pljač-ka","pljač",15,26,3,1,"politika","polipljačka"
739,"žaj","žaj-last_blank","last_blank",3,5,"djes-last_blank","djes",5,0,1,1,"položaj","polodjes"
681,"moć","moć-last_blank","last_blank",2,10,"biš-last_blank","biš",10,0,0,1,"pomoć","pobiš"
132,"po","po-mo","mo",3,29,"po-vjed","vjed",31,2,2,1,"pomoći","povjedći"
379,"moć","moć-nik","nik",3,1,"gled-nik","gled",1,0,1,1,"pomoćnik","poglednik"
729,"vak","vak-last_blank","last_blank",3,18,"tost-last_blank","tost",18,0,1,1,"popravak","popratost"
400,"raz","raz-last_blank","last_blank",2,4,"vea-last_blank","vea",4,0,0,1,"poraz","povea"
361,"po","po-ruč","ruč",3,15,"po-vjer","vjer",14,1,1,1,"poručnik","povjernik"
314,"ru","ru-ka","ka",3,22,"ljač-ka","ljač",14,8,2,1,"poruka","poljačka"
982,"po","po-sjed","sjed",3,4,"po-plav","plav",4,0,0,1,"posjednik","poplavnik"
796,"pos","pos-la","la",3,29,"griz-la","griz",3,26,1,1,"poslati","grizlati"
484,"ca","ca-last_blank","last_blank",5,1178,"ca-ssidyja","ssidyja",1,1177,3,3,"posljedica","posljedicassidyja"
110,"ljed","ljed-nji","nji",4,1,"obliž-nji","obliž",1,0,1,1,"posljednji","posobližnji"
144,"pos","pos-lo","lo",4,29,"obraz-lo","obraz",1,28,2,1,"poslovanje","obrazlovanje"
80,"estit","estit-last_blank","last_blank",4,1,"lyson-last_blank","lyson",1,0,0,1,"pošten, čestit","pošten, člyson"
159,"po","po-šte","šte",3,38,"po-prav","prav",32,6,1,1,"poštenje","popravnje"
421,"pak","pak-last_blank","last_blank",3,13,"trom-last_blank","trom",13,0,1,1,"postupak","postutrom"
941,"pis","pis-last_blank","last_blank",2,18,"ron-last_blank","ron",18,0,0,1,"potpis","potron"
640,"first_blank","first_blank-pot","pot",3,111,"first_blank-stra","stra",103,8,1,1,"potpuno","strapuno"
181,"po","po-tre","tre",3,20,"po-bolj","bolj",19,1,1,1,"potreba","poboljba"
548,"po","po-tro","tro",4,24,"po-iožaj","iožaj",1,23,2,1,"potrošiti","poiožajšiti"
386,"t","t-vr","vr",5,56,"t-honyja","honyja",1,55,4,1,"potvrditi","pothonyjaditi"
617,"re","re-nik","nik",4,4,"re-ograf","ograf",1,3,2,1,"povjerenik","povjereograf"
459,"vra","vra-tak","tak",3,1,"spek-tak","spek",1,0,1,1,"povratak","pospektak"
839,"šin","šin-ski","ski",4,1,"sport-ski","sport",1,0,2,1,"površinski","povrsportski"
62,"first_blank","first_blank-poz","poz",4,76,"first_blank-uklju","uklju",49,27,2,1,"pozdraviti","ukljudraviti"
483,"first_blank","first_blank-poz","poz",2,76,"first_blank-tro","tro",76,0,0,1,"poznat","tronat"
500,"ah","ah-last_blank","last_blank",1,19,"my-last_blank","my",19,0,0,1,"prah","prmy"
811,"first_blank","first_blank-prak","prak",3,21,"first_blank-stva","stva",21,0,0,1,"praktički","stvatički"
47,"pra","pra-nje","nje",2,1,"uci-nje","uci",1,0,0,1,"pranje","ucinje"
791,"njav","njav-last_blank","last_blank",2,1,"agan-last_blank","agan",1,0,0,1,"prašnjav","prašagan"
820,"pra","pra-ti","ti",3,33,"vjes-ti","vjes",23,10,1,1,"pratiti","vjestiti"
682,"first_blank","first_blank-prav","prav",2,31,"first_blank-plju","plju",31,0,0,1,"pravda","pljuda"
228,"da","da-tor","tor",3,1,"da-glas","glas",1,0,1,1,"predator","predaglas"
724,"pre","pre-da","da",4,43,"edwar-da","edwar",1,42,2,1,"predavanje","edwardavanje"
912,"pred","pred-lo","lo",4,15,"odvuk-lo","odvuk",1,14,1,1,"predložiti","odvukložiti"
610,"met","met-last_blank","last_blank",2,16,"non-last_blank","non",16,0,0,1,"predmet","prednon"
42,"sjed","sjed-nik","nik",3,6,"glas-nik","glas",2,4,0,1,"predsjednik","predglasnik"
929,"first_blank","first_blank-pre","pre",5,1673,"first_blank-raymon","raymon",4,1669,3,1,"pretjerivati","raymontjerivati"
61,"first_blank","first_blank-pret","pret",4,64,"first_blank-uklju","uklju",49,15,1,1,"pretpostavka","ukljupostavka"
835,"pre","pre-zi","zi",3,26,"inva-zi","inva",5,21,1,1,"prezime","invazime"
460,"vje","vje-ti","ti",4,19,"atlan-ti","atlan",9,10,2,1,"preživjeti","prežiatlanti"
566,"hod","hod-last_blank","last_blank",2,4,"mah-last_blank","mah",4,0,0,1,"prihod","primah"
686,"hva","hva-ti","ti",4,24,"smjes-ti","smjes",7,17,2,1,"prihvatiti","prismjestiti"
362,"telj","telj-last_blank","last_blank",3,74,"ljiv-last_blank","ljiv",79,5,0,1,"prijatelj","prijaljiv"
662,"telj","telj-ski","ski",4,5,"svjet-ski","svjet",1,4,1,1,"prijateljski","prijasvjetski"
592,"stvo","stvo-last_blank","last_blank",4,54,"ryjem-last_blank","ryjem",6,48,1,1,"prijateljstvo","prijateljryjem"
176,"nos","nos-last_blank","last_blank",3,13,"ljat-last_blank","ljat",13,0,1,1,"prijenos","prijeljat"
75,"jes","jes-to","to",4,11,"thorn-to","thorn",2,9,2,1,"prijestolje","prithorntolje"
703,"first_blank","first_blank-pri","pri",4,1334,"first_blank-uklju","uklju",49,1285,2,1,"prijevare","ukljujevare"
848,"ma","ma-ran","ran",3,1,"ma-ssie","ssie",1,0,1,1,"primaran","primassie"
326,"pr","pr-in","in",1,2,"he-in","he",2,0,0,1,"princ","heinc"
389,"pri","pri-pre","pre",4,28,"pri-uštim","uštim",1,27,2,1,"pripremiti","priuštimmiti"
235,"sak","sak-last_blank","last_blank",3,25,"njih-last_blank","njih",25,0,1,1,"pritisak","pritinjih"
522,"tis","tis-nu","nu",4,11,"okrut-nu","okrut",1,10,2,1,"pritisnuti","priokrutnuti"
639,"vat","vat-nost","nost",3,2,"vat-skom","skom",1,1,0,1,"privatnost","privatskom"
802,"pri","pri-vu","vu",3,13,"ovak-vu","ovak",1,12,1,1,"privući","ovakvući"
803,"first_blank","first_blank-priz","priz",3,32,"first_blank-ogra","ogra",32,0,0,1,"priznati","ogranati"
998,"ljav","ljav-last_blank","last_blank",2,2,"žman-last_blank","žman",2,0,0,1,"prljav","pržman"
680,"blem","blem-last_blank","last_blank",2,2,"lest-last_blank","lest",2,0,0,1,"problem","prolest"
191,"cje","cje-na","na",3,4,"želj-na","želj",4,0,1,1,"procjena","proželjna"
666,"pro","pro-da","da",3,68,"ugle-da","ugle",7,61,1,1,"prodaja","ugledaja"
368,"pro","pro-da","da",4,68,"zvjez-da","zvjez",11,57,2,1,"prodavati","zvjezdavati"
387,"first_blank","first_blank-pro","pro",5,1656,"first_blank-alexan","alexan",8,1648,3,1,"profesionalni","alexanfesionalni"
751,"sor","sor-last_blank","last_blank",3,4,"trim-last_blank","trim",4,0,1,1,"profesor","profetrim"
231,"gram","gram-last_blank","last_blank",2,13,"ljat-last_blank","ljat",13,0,0,1,"program","proljat"
914,"izvod","izvod-last_blank","last_blank",2,2,"itlin-last_blank","itlin",2,0,0,2,"proizvod","proitlin"
72,"izvo","izvo-di","di",4,7,"asgar-di","asgar",1,6,1,1,"proizvoditi","proasgarditi"
103,"izvod","izvod-nja","nja",3,1,"straž-nja","straž",1,0,0,2,"proizvodnja","prostražnja"
442,"pro","pro-na","na",3,62,"onal-na","onal",13,49,1,1,"pronaći","onalnaći"
865,"jed","jed-last_blank","last_blank",4,10,"sburg-last_blank","sburg",6,4,2,1,"propovijed","propovisburg"
189,"si","si-nac","nac",3,1,"si-eura","eura",1,0,1,1,"prosinac","prosieura"
506,"first_blank","first_blank-proš","proš",2,17,"first_blank-gran","gran",17,0,0,1,"prošlost","granlost"
470,"tiv","tiv-nik","nik",3,1,"zvuč-nik","zvuč",1,0,1,1,"protivnik","prozvučnik"
256,"kol","kol-last_blank","last_blank",3,3,"tery-last_blank","tery",3,0,1,1,"protokol","prototery"
683,"tip","tip-last_blank","last_blank",3,2,"cyja-last_blank","cyja",2,0,1,1,"prototip","protocyja"
685,"pr","pr-sa","sa",2,1,"pr-vos","vos",1,0,1,1,"prsa","prvos"
964,"first_blank","first_blank-pru","pru",3,39,"first_blank-uvje","uvje",39,0,1,1,"pružiti","uvježiti"
58,"vens","vens-tvo","tvo",3,1,"mnoš-tvo","mnoš",1,0,0,1,"prvenstvo","prmnoštvo"
967,"first_blank","first_blank-psi","psi",5,93,"first_blank-alexan","alexan",8,85,3,1,"psihologija","alexanhologija"
170,"lo","lo-ški","ški",4,12,"lo-uvreu","uvreu",1,11,2,1,"psihološki","psiholouvreu"
365,"first_blank","first_blank-pti","pti",2,19,"first_blank-uva","uva",19,0,0,1,"ptica","uvaca"
866,"bli","bli-ka","ka",3,4,"ušut-ka","ušut",4,0,1,1,"publika","puušutka"
391,"ca","ca-ti","ti",3,54,"iden-ti","iden",45,9,2,1,"pucati","puidenti"
332,"kov","kov-nik","nik",3,4,"vjed-nik","vjed",3,1,1,1,"pukovnik","puvjednik"
732,"pu","pu-n","n",1,1,"en-n","en",1,0,0,1,"pun","enn"
641,"pu","pu-ri","ri",3,6,"pu-štao","štao",6,0,2,1,"purica","puštaoca"
7,"first_blank","first_blank-pus","pus",3,52,"first_blank-odje","odje",57,5,1,1,"pustiti","odjetiti"
555,"tov","tov-ni","ni",4,13,"umjet-ni","umjet",12,1,2,1,"putovnica","puumjetnica"
578,"na","na-lo","lo",4,17,"ugriz-lo","ugriz",1,16,3,1,"računalo","račuugrizlo"
993,"di","di-ja","ja",5,82,"di-etrich","etrich",1,81,4,1,"radijacija","radietrichcija"
677,"ra","ra-di","di",3,102,"ra-njem","njem",15,87,2,1,"raditi","ranjemti"
105,"nik","nik-last_blank","last_blank",2,322,"ske-last_blank","ske",322,0,0,1,"radnik","radske"
549,"dost","dost-last_blank","last_blank",2,4,"hart-last_blank","hart",4,0,0,1,"radost","rahart"
750,"first_blank","first_blank-raj","raj",3,15,"first_blank-spus","spus",15,0,1,1,"rajčica","spusčica"
345,"ra","ra-k","k",1,1,"ul-k","ul",1,0,0,1,"rak","ulk"
618,"ra","ra-ke","ke",3,8,"ra-zjas","zjas",8,0,2,1,"raketa","razjasta"
841,"kun","kun-last_blank","last_blank",2,2,"pea-last_blank","pea",2,0,0,1,"rakun","rapea"
410,"ra","ra-no","no",2,66,"lje-no","lje",76,10,1,1,"rano","ljeno"
979,"ran","ran-so","so",3,1,"bert-so","bert",1,0,1,1,"ransoma","bertsoma"
713,"red","red-last_blank","last_blank",3,7,"ljac-last_blank","ljac",7,0,1,1,"raspored","raspoljac"
512,"pra","pra-va","va",3,8,"myje-va","myje",2,6,1,1,"rasprava","rasmyjeva"
448,"first_blank","first_blank-rat","rat",2,25,"first_blank-des","des",25,0,0,1,"ratnik","desnik"
73,"nje","nje-last_blank","last_blank",4,1480,"stvom-last_blank","stvom",17,1463,2,1,"razaranje","razarastvom"
702,"dob","dob-lje","lje",3,1,"dob-kins","kins",1,0,1,1,"razdoblje","razdobkins"
63,"miš","miš-lja","lja",4,38,"uprav-lja","uprav",14,24,2,1,"razmišljati","razupravljati"
596,"nje","nje-last_blank","last_blank",5,1480,"rewall-last_blank","rewall",1,1479,3,1,"razočaranje","razočararewall"
731,"zu","zu-man","man",3,2,"zu-rich","rich",1,1,1,1,"razuman","razurich"
631,"mje","mje-ti","ti",4,6,"opros-ti","opros",6,0,2,1,"razumjeti","razuoprosti"
230,"zvoj","zvoj-last_blank","last_blank",2,1,"čjom-last_blank","čjom",1,0,0,1,"razvoj","račjom"
353,"ak","ak-tor","tor",3,1,"ak-cent","cent",1,0,1,1,"reaktor","reakcent"
200,"alan","alan-last_blank","last_blank",2,3,"onal-last_blank","onal",3,0,0,1,"realan","reonal"
319,"re","re-če","če",4,13,"uklju-če","uklju",10,3,3,1,"rečenica","uključenica"
260,"re","re-ći","ći",2,16,"re-cep","cep",15,1,1,1,"reći","recep"
213,"li","li-gi","gi",4,15,"li-sbeth","sbeth",1,14,3,1,"religija","relisbethja"
234,"first_blank","first_blank-res","res",3,17,"first_blank-upro","upro",17,0,1,1,"restoran","uprotoran"
455,"ri","ri-ba","ba",2,15,"ri-ski","ski",15,0,1,1,"riba","riski"
141,"bar","bar-stvo","stvo",3,1,"bar-bary","bary",1,0,0,1,"ribarstvo","ribarbary"
973,"jet","jet-ko","ko",3,1,"stri-ko","stri",1,0,1,1,"rijetko","ristriko"
727,"ri","ri-m","m",1,1,"or-m","or",1,0,0,1,"rim","orm"
243,"đak","đak-last_blank","last_blank",2,2,"ats-last_blank","ats",2,0,0,1,"rođak","roats"
663,"dan","dan-last_blank","last_blank",3,104,"skoj-last_blank","skoj",107,3,1,1,"rođendan","rođenskoj"
880,"telj","telj-last_blank","last_blank",3,74,"ljiv-last_blank","ljiv",79,5,0,1,"roditelj","rodiljiv"
89,"man","man-ti","ti",4,12,"chris-ti","chris",9,3,2,1,"romantičan","rochrističan"
305,"ro","ro-ti","ti",4,16,"atlan-ti","atlan",9,7,3,1,"rotirati","atlantirati"
956,"ru","ru-čak","čak",2,2,"ru-per","per",2,0,0,1,"ručak","ruper"
530,"first_blank","first_blank-ruč","ruč",2,24,"first_blank-ama","ama",24,0,0,1,"ručnik","amanik"
126,"ru","ru-ka","ka",2,22,"nič-ka","nič",24,2,1,1,"ruka","nička"
70,"ru","ru-pa","pa",2,3,"zas-pa","zas",3,0,1,1,"rupa","zaspa"
49,"first_blank","first_blank-rup","rup",2,7,"first_blank-kne","kne",7,0,0,1,"rupčić","knečić"
84,"žan","žan-last_blank","last_blank",2,33,"mio-last_blank","mio",33,0,0,1,"ružan","rumio"
970,"bo","bo-ta","ta",4,11,"odras-ta","odras",9,2,3,1,"sabotaža","saodrastaža"
65,"žaj","žaj-last_blank","last_blank",3,5,"sjeo-last_blank","sjeo",5,0,1,1,"sadržaj","sadrsjeo"
69,"kri","kri-ti","ti",3,28,"mjes-ti","mjes",14,14,1,1,"sakriti","samjesti"
277,"la","la-ta","ta",3,8,"kris-ta","kris",8,0,2,1,"salata","sakrista"
521,"mos","mos-tan","tan",3,1,"spre-tan","spre",1,0,1,1,"samostan","saspretan"
246,"nost","nost-last_blank","last_blank",5,257,"freyja-last_blank","freyja",2,255,2,1,"samouvjerenost","samouvjerefreyja"
471,"njac","njac-last_blank","last_blank",3,4,"sist-last_blank","sist",4,0,0,1,"šampanjac","šampasist"
185,"mu","mu-raj","raj",3,2,"mu-njom","njom",1,1,1,1,"samuraj","samunjom"
486,"sa","sa-n","n",1,1,"er-n","er",1,0,0,1,"san","ern"
19,"first_blank","first_blank-šar","šar",3,23,"first_blank-osum","osum",23,0,1,1,"šarmantan","osummantan"
382,"nak","nak-last_blank","last_blank",3,29,"stvu-last_blank","stvu",28,1,1,1,"sastanak","sastastvu"
431,"lit","lit-last_blank","last_blank",3,39,"stva-last_blank","stva",41,2,1,1,"satelit","satestva"
806,"vje","vje-to","to",5,13,"browns-to","browns",1,12,3,1,"savjetovati","sabrownstovati"
364,"šen","šen-last_blank","last_blank",3,42,"ljaš-last_blank","ljaš",43,1,1,1,"savršen","savrljaš"
883,"iti","iti-last_blank","last_blank",5,2,"freyja-last_blank","freyja",2,0,3,1,"se dogoditi","se dogodfreyja"
284,"bi","bi-čan","čan",3,4,"bi-ljež","ljež",6,2,1,1,"sebičan","sebiljež"
164,"še","še-f","f",1,1,"af-f","af",1,0,0,1,"šef","aff"
769,"se","se-lo","lo",2,5,"se-tak","tak",5,0,1,1,"selo","setak"
209,"nat","nat-last_blank","last_blank",2,21,"ten-last_blank","ten",21,0,0,1,"senat","seten"
333,"na","na-tor","tor",3,7,"na-ljep","ljep",5,2,1,1,"senator","senaljep"
573,"šir","šir-last_blank","last_blank",2,1,"izu-last_blank","izu",1,0,0,1,"šešir","šeizu"
1000,"še","še-ta","ta",3,25,"plan-ta","plan",11,14,2,1,"šetati","plantati"
577,"first_blank","first_blank-sig","sig",2,25,"first_blank-jad","jad",25,0,0,1,"signal","jadnal"
728,"gu","gu-ran","ran",3,3,"gu-ssie","ssie",1,2,1,1,"siguran","sigussie"
547,"nost","nost-last_blank","last_blank",3,257,"skom-last_blank","skom",171,86,0,1,"sigurnost","sigurskom"
282,"si","si-la","la",2,46,"si-gur","gur",42,4,1,1,"sila","sigur"
111,"bol","bol-last_blank","last_blank",2,6,"ćat-last_blank","ćat",6,0,0,1,"simbol","simćat"
390,"si","si-n","n",1,1,"er-n","er",1,0,0,1,"sin","ern"
287,"first_blank","first_blank-sin","sin",2,50,"first_blank-upi","upi",50,0,0,1,"sindrom","upidrom"
481,"si","si-r","r",1,1,"re-r","re",1,0,0,1,"sir","rer"
664,"rok","rok-last_blank","last_blank",2,4,"žar-last_blank","žar",4,0,0,1,"širok","šižar"
101,"sjaj","sjaj-no","no",2,1,"surd-no","surd",1,0,0,1,"sjajno","surdno"
540,"sje","sje-di","di",3,25,"omla-di","omla",3,22,1,1,"sjediti","omladiti"
320,"ver","ver-no","no",3,7,"trud-no","trud",7,0,1,1,"sjeverno","sjetrudno"
704,"dal","dal-last_blank","last_blank",2,7,"bus-last_blank","bus",7,0,0,1,"skandal","skanbus"
817,"sk","sk-la","la",1,1,"ću-la","ću",1,0,0,1,"sklad","ćulad"
753,"first_blank","first_blank-sklo","sklo",3,37,"first_blank-vjen","vjen",37,0,0,1,"sklonište","vjennište"
482,"ok","ok-last_blank","last_blank",1,21,"zo-last_blank","zo",21,0,0,1,"skok","skzo"
439,"first_blank","first_blank-ško","ško",2,35,"first_blank-kas","kas",35,0,0,1,"škola","kasla"
830,"first_blank","first_blank-skro","skro",2,6,"first_blank-špri","špri",6,0,0,1,"skroman","špriman"
601,"first_blank","first_blank-sku","sku",3,65,"first_blank-pret","pret",64,1,1,1,"skupina","pretpina"
689,"first_blank","first_blank-sku","sku",3,65,"first_blank-pret","pret",64,1,1,1,"skupiti","pretpiti"
331,"sl","sl-ab","ab",1,1,"sl-en","en",1,0,0,1,"slab","slen"
591,"dak","dak-last_blank","last_blank",2,23,"siš-last_blank","siš",23,0,0,1,"sladak","slasiš"
295,"sla","sla-ni","ni",3,5,"prem-ni","prem",5,0,1,1,"slanina","premnina"
831,"sla","sla-va","va",2,1,"ter-va","ter",1,0,0,1,"slava","terva"
425,"kar","kar-last_blank","last_blank",2,18,"đem-last_blank","đem",18,0,0,1,"slikar","sliđem"
524,"slu","slu-ga","ga",2,2,"kaj-ga","kaj",2,0,0,1,"sluga","kajga"
940,"ški","ški-nja","nja",3,1,"mlaž-nja","mlaž",1,0,1,1,"sluškinja","slumlažnja"
428,"first_blank","first_blank-služ","služ",3,26,"first_blank-uhva","uhva",26,0,0,1,"službeno","uhvabeno"
565,"nji","nji-ti","ti",3,3,"tlos-ti","tlos",3,0,1,1,"smanjiti","smatlosti"
908,"sme","sme-će","će",2,1,"tiš-će","tiš",1,0,0,1,"smeće","tišće"
417,"jeh","jeh-last_blank","last_blank",2,5,"con-last_blank","con",5,0,0,1,"smijeh","smicon"
318,"je","je-šan","šan",3,3,"je-nost","nost",3,0,1,1,"smiješan","smijenost"
469,"smi","smi-ri","ri",3,10,"auto-ri","auto",9,1,1,1,"smiriti","autoriti"
700,"smje","smje-sa","sa",2,1,"ljep-sa","ljep",1,0,0,1,"smjesa","ljepsa"
742,"per","per-last_blank","last_blank",2,47,"zom-last_blank","zom",47,0,0,1,"snajper","snajzom"
792,"snaž","snaž-no","no",2,1,"braz-no","braz",1,0,0,1,"snažno","brazno"
373,"first_blank","first_blank-sni","sni",2,53,"first_blank-dis","dis",53,0,0,1,"snijeg","disjeg"
632,"first_blank","first_blank-sni","sni",3,53,"first_blank-tran","tran",57,4,1,1,"snimanje","tranmanje"
978,"so","so-da","da",2,1,"so-nog","nog",1,0,1,1,"soda","sonog"
172,"so","so-k","k",1,1,"ns-k","ns",1,0,0,1,"sok","nsk"
952,"lar","lar-ni","ni",3,14,"kret-ni","kret",16,2,1,1,"solarni","sokretni"
847,"first_blank","first_blank-son","son",2,10,"first_blank-kil","kil",10,0,0,1,"sonda","kilda"
965,"first_blank","first_blank-špa","špa",3,29,"first_blank-stro","stro",29,0,1,1,"špageti","strogeti"
135,"si","si-telj","telj",3,3,"si-njor","njor",2,1,0,1,"spasitelj","spasinjor"
584,"oba","oba-last_blank","last_blank",5,1,"gleyju-last_blank","gleyju",1,0,3,1,"spavaća soba","spavaća sgleyju"
248,"spa","spa-va","va",3,39,"ryje-va","ryje",2,37,1,1,"spavati","ryjevati"
492,"lis","lis-ta","ta",5,11,"stewar-ta","stewar",1,10,3,1,"specijalista","specijastewarta"
984,"first_blank","first_blank-spek","spek",5,11,"first_blank-raymon","raymon",4,7,2,1,"spektakularan","raymontakularan"
778,"sp","sp-or","or",1,3,"sp-ra","ra",3,0,0,1,"spor","spra"
478,"zum","zum-last_blank","last_blank",3,4,"glas-last_blank","glas",4,0,1,1,"sporazum","sporaglas"
887,"or","or-t","t",1,3,"ri-t","ri",3,0,0,1,"sport","sprit"
882,"sob","sob-nost","nost",3,2,"sob-ljen","ljen",2,0,0,1,"sposobnost","sposobljen"
776,"bro","bro-last_blank","last_blank",2,7,"poj-last_blank","poj",7,0,0,1,"srebro","srepoj"
526,"sre","sre-tan","tan",2,3,"gan-tan","gan",3,0,0,1,"sretan","gantan"
503,"panj","panj-last_blank","last_blank",2,3,"mund-last_blank","mund",3,0,0,1,"srpanj","srmund"
533,"blo","blo-last_blank","last_blank",2,3,"tuj-last_blank","tuj",3,0,0,1,"stablo","statuj"
491,"kor","kor-last_blank","last_blank",2,2,"tut-last_blank","tut",2,0,0,1,"štakor","štatut"
744,"sta","sta-ni","ni",3,12,"ljed-ni","ljed",11,1,1,1,"stanica","ljednica"
199,"st","st-av","av",1,1,"st-ic","ic",1,0,0,1,"stav","stic"
816,"vak","vak-last_blank","last_blank",2,18,"đem-last_blank","đem",18,0,0,1,"stavak","stađem"
934,"sta","sta-vi","vi",3,24,"glji-vi","glji",2,22,1,1,"staviti","gljiviti"
692,"sta","sta-za","za",2,2,"obo-za","obo",2,0,0,1,"staza","oboza"
250,"st","st-il","il",1,2,"st-re","re",2,0,0,1,"stil","stre"
413,"first_blank","first_blank-sto","sto",3,111,"first_blank-pris","pris",112,1,1,1,"stolica","prislica"
523,"op","op-last_blank","last_blank",1,14,"ld-last_blank","ld",14,0,0,1,"stop","stld"
605,"sto","sto-ti","ti",3,8,"prak-ti","prak",8,0,1,1,"stotina","praktina"
140,"st","st-ra","ra",1,6,"fe-ra","fe",6,0,0,1,"strah","ferah"
897,"first_blank","first_blank-št","št",1,16,"first_blank-om","om",16,0,0,1,"štrajk","omrajk"
307,"stra","stra-nac","nac",2,1,"klju-nac","klju",1,0,0,2,"stranac","kljunac"
715,"ra","ra-st","st",1,4,"ra-ri","ri",4,0,0,1,"strast","strari"
505,"stra","stra-te","te",4,13,"brews-te","brews",1,12,1,1,"strategija","brewstegija"
858,"first_blank","first_blank-straž","straž",2,14,"first_blank-opros","opros",14,0,0,2,"stražnji","oprosnji"
859,"first_blank","first_blank-straž","straž",3,14,"first_blank-opros","opros",14,0,0,1,"stražnjica","oprosnjica"
842,"first_blank","first_blank-struk","struk",3,6,"first_blank-igrač","igrač",6,0,0,1,"struktura","igračtura"
599,"first_blank","first_blank-stu","stu",3,95,"first_blank-pros","pros",95,0,1,1,"studija","prosdija"
302,"first_blank","first_blank-stva","stva",2,21,"first_blank-spar","spar",21,0,0,1,"stvaran","sparran"
1,"stvar","stvar-no","no",2,3,"skant-no","skant",2,1,0,2,"stvarno","skantno"
447,"first_blank","first_blank-stvo","stvo",3,35,"first_blank-char","char",35,0,0,1,"stvorenje","charrenje"
904,"first_blank","first_blank-sud","sud",3,30,"first_blank-priv","priv",30,0,1,1,"sudbina","privbina"
130,"đe","đe-nje","nje",3,40,"đe-osko","osko",1,39,1,1,"suđenje","suđeosko"
414,"su","su-di","di",3,29,"su-prot","prot",29,0,2,1,"suditi","suprotti"
694,"first_blank","first_blank-šu","šu",2,60,"first_blank-san","san",60,0,1,1,"šuma","sanma"
768,"sun","sun-ce","ce",2,1,"bec-ce","bec",1,0,0,1,"sunce","becce"
658,"su","su-osje","osje",4,15,"su-igrač","igrač",1,14,1,1,"suosjećanje","suigračćanje"
872,"prot","prot-no","no",3,2,"slič-no","slič",2,0,0,1,"suprotno","suslično"
265,"sret","sret-last_blank","last_blank",2,2,"shop-last_blank","shop",2,0,0,1,"susret","sushop"
612,"first_blank","first_blank-sus","sus",2,28,"first_blank-toč","toč",28,0,0,1,"sustav","točtav"
456,"sve","sve-će","će",3,19,"očiš-će","očiš",4,15,1,1,"svećenik","očišćenik"
356,"sve","sve-uči","uči",4,5,"sve-tlost","tlost",1,4,2,1,"sveučilište","svetlostlište"
432,"first_blank","first_blank-svi","svi",3,129,"first_blank-pred","pred",152,23,1,1,"svijeća","predjeća"
146,"jet","jet-last_blank","last_blank",2,19,"ćaš-last_blank","ćaš",19,0,0,1,"svijet","svićaš"
773,"je","je-tao","tao",3,2,"je-djen","djen",2,0,1,1,"svijetao","svijedjen"
564,"svi","svi-nja","nja",2,2,"rib-nja","rib",2,0,0,1,"svinja","ribnja"
473,"first_blank","first_blank-svje","svje",4,93,"first_blank-uprav","uprav",34,59,1,1,"svjedočanstvo","upravdočanstvo"
78,"tlo","tlo-last_blank","last_blank",2,6,"pre-last_blank","pre",6,0,0,1,"svjetlo","svjepre"
649,"nat","nat-last_blank","last_blank",3,21,"tvom-last_blank","tvom",21,0,1,1,"talenat","taletvom"
133,"ta","ta-mo","mo",2,19,"ta-len","len",15,4,1,1,"tamo","talen"
772,"njur","njur-last_blank","last_blank",2,1,"sfor-last_blank","sfor",1,0,0,1,"tanjur","tasfor"
308,"ta","ta-ta","ta",2,8,"vje-ta","vje",8,0,1,1,"tata","vjeta"
659,"first_blank","first_blank-teh","teh",3,39,"first_blank-uvje","uvje",39,0,1,1,"tehnika","uvjenika"
36,"fon","fon-last_blank","last_blank",3,14,"njam-last_blank","njam",14,0,1,1,"telefon","telenjam"
445,"te","te-le","le",5,93,"uisvil-le","uisvil",1,92,4,1,"televizija","uisvillevizija"
551,"first_blank","first_blank-tem","tem",5,29,"first_blank-grayso","grayso",4,25,3,1,"temperatura","graysoperatura"
404,"nis","nis-last_blank","last_blank",2,20,"jat-last_blank","jat",20,0,0,1,"tenis","tejat"
354,"ori","ori-ja","ja",3,3,"usva-ja","usva",3,0,1,1,"teorija","teusvaja"
635,"te","te-pih","pih",2,1,"te-dre","dre",1,0,0,1,"tepih","tedre"
869,"ret","ret-last_blank","last_blank",2,9,"bij-last_blank","bij",9,0,0,1,"teret","tebij"
634,"ško","ško-last_blank","last_blank",2,17,"ine-last_blank","ine",17,0,0,1,"teško","teine"
381,"te","te-st","st",1,1,"te-ću","ću",1,0,0,1,"test","teću"
918,"ti","ti-m","m",1,1,"im-m","im",1,0,0,1,"tim","imm"
961,"džer","džer-last_blank","last_blank",3,7,"ljih-last_blank","ljih",7,0,0,1,"tinejdžer","tinejljih"
655,"ti","ti-ši","ši",3,6,"ti-telj","telj",5,1,2,1,"tišina","titeljna"
178,"tu","tu-la","la",3,3,"griz-la","griz",3,0,2,1,"titula","tigrizla"
464,"first_blank","first_blank-tje","tje",2,55,"first_blank-bes","bes",55,0,0,1,"tjedan","besdan"
657,"first_blank","first_blank-tjed","tjed",2,8,"first_blank-tros","tros",8,0,0,1,"tjedni","trosni"
801,"first_blank","first_blank-tki","tki",2,4,"first_blank-rop","rop",4,0,0,1,"tkivo","ropvo"
722,"first_blank","first_blank-top","top",3,9,"first_blank-adri","adri",9,0,1,1,"topništvo","adriništvo"
942,"tor","tor-na","na",3,4,"želj-na","želj",4,0,1,1,"tornado","željnado"
570,"tor","tor-ta","ta",2,1,"žis-ta","žis",1,0,0,1,"torta","žista"
175,"lan","lan-last_blank","last_blank",5,71,"freyja-last_blank","freyja",2,69,3,1,"tradicionalan","tradicionafreyja"
258,"gi","gi-čan","čan",3,6,"gi-njem","njem",1,5,1,1,"tragičan","traginjem"
994,"buš","buš-ni","ni",3,1,"upor-ni","upor",1,0,1,1,"trbušni","truporni"
57,"go","go-vac","vac",3,1,"go-ogle","ogle",1,0,1,1,"trgovac","trgoogle"
195,"tr","tr-i","i",1,1,"uè-i","uè",1,0,0,1,"tri","uèi"
653,"kut","kut-last_blank","last_blank",2,2,"jav-last_blank","jav",2,0,0,1,"trokut","trojav"
29,"first_blank","first_blank-trud","trud",3,18,"first_blank-osob","osob",18,0,0,1,"trudnoća","osobnoća"
514,"tu","tu-nel","nel",2,1,"tu-riz","riz",1,0,0,1,"tunel","turiz"
441,"ži","ži-lac","lac",3,1,"ži-štem","štem",1,0,1,1,"tužilac","tužištem"
205,"first_blank","first_blank-u","u",1,1,"first_blank-hw","hw",1,0,1,1,"u","hw"
222,"ubi","ubi-ti","ti",2,1,"vas-ti","vas",1,0,0,1,"ubiti","vasti"
730,"first_blank","first_blank-ubo","ubo",3,30,"first_blank-priv","priv",30,0,1,1,"ubojica","privjica"
579,"first_blank","first_blank-ubriz","ubriz",4,15,"first_blank-atlan","atlan",15,0,0,1,"ubrizgavanje","atlangavanje"
85,"first_blank","first_blank-ubr","ubr",3,28,"first_blank-ošte","ošte",28,0,1,1,"ubrzati","oštezati"
337,"first_blank","first_blank-uči","uči",8,57,"pro-uči","pro",6,51,8,2,"učitelj, nastavnik, profesor","proučitelj, nastavnik, profesor"
884,"first_blank","first_blank-ucje","ucje",2,15,"first_blank-uobi","uobi",15,0,0,1,"ucjena","uobina"
475,"first_blank","first_blank-ug","ug",1,29,"first_blank-ji","ji",29,0,0,1,"ugled","jiled"
55,"first_blank","first_blank-ugo","ugo",2,27,"first_blank-vin","vin",27,0,0,1,"ugodan","vindan"
236,"first_blank","first_blank-uhi","uhi",3,32,"first_blank-slje","slje",32,0,1,1,"uhićenje","sljećenje"
546,"uh","uh-o","o",1,1,"is-o","is",1,0,0,1,"uho","iso"
697,"ujed","ujed-na","na",3,1,"obic-na","obic",1,0,0,1,"ujednačen","obicnačen"
221,"first_blank","first_blank-uka","uka",3,19,"first_blank-prek","prek",19,0,1,1,"ukazati","prekzati"
878,"uk","uk-lo","lo",4,26,"odras-lo","odras",1,25,3,1,"ukloniti","odrasloniti"
785,"first_blank","first_blank-ukus","ukus",2,11,"first_blank-skon","skon",11,0,0,1,"ukusno","skonno"
108,"first_blank","first_blank-ula","ula",3,39,"first_blank-okru","okru",39,0,1,1,"ulagati","okrugati"
525,"az","az-last_blank","last_blank",1,8,"rl-last_blank","rl",8,0,0,1,"ulaz","ulrl"
502,"uli","uli-ca","ca",2,2,"gun-ca","gun",2,0,0,1,"ulica","gunca"
67,"first_blank","first_blank-uli","uli",3,26,"first_blank-skre","skre",26,0,1,1,"uličica","skrečica"
52,"ul","ul-je","je",1,3,"pu-je","pu",3,0,0,1,"ulje","puje"
122,"ov","ov-last_blank","last_blank",1,13,"py-last_blank","py",13,0,0,1,"ulov","ulpy"
996,"first_blank","first_blank-ul","ul",5,35,"first_blank-lawren","lawren",4,31,4,1,"ultimativno","lawrentimativno"
71,"um","um-ak","ak",1,1,"um-ra","ra",1,0,0,1,"umak","umra"
297,"onik","onik-last_blank","last_blank",3,5,"glom-last_blank","glom",5,0,0,1,"umivaonik","umivaglom"
937,"umjet","umjet-na","na",2,1,"skant-na","skant",1,0,0,2,"umjetna","skantna"
735,"first_blank","first_blank-umri","umri",3,4,"first_blank-prać","prać",4,0,0,1,"umrijeti","praćjeti"
202,"first_blank","first_blank-uobi","uobi",3,15,"first_blank-bron","bron",15,0,0,1,"uobičajen","brončajen"
867,"first_blank","first_blank-upla","upla",3,34,"first_blank-stre","stre",34,0,0,1,"uplašiti","strešiti"
953,"uprav","uprav-ni","ni",2,7,"knjiž-ni","knjiž",8,1,0,3,"upravni","knjižni"
864,"first_blank","first_blank-ur","ur",1,46,"first_blank-zu","zu",46,0,0,1,"ured","zued"
45,"đaj","đaj-last_blank","last_blank",2,8,"cin-last_blank","cin",8,0,0,1,"uređaj","urecin"
542,"ur","ur-in","in",1,1,"ur-ce","ce",1,0,0,1,"urin","urce"
8,"usam","usam-ljen","ljen",2,1,"najm-ljen","najm",1,0,0,1,"usamljen","najmljen"
997,"pje","pje-ti","ti",3,7,"slas-ti","slas",8,1,1,1,"uspjeti","usslasti"
543,"tav","tav-last_blank","last_blank",2,13,"des-last_blank","des",13,0,0,1,"ustav","usdes"
607,"first_blank","first_blank-ušte","ušte",3,19,"first_blank-skra","skra",19,0,0,1,"uštedjeti","skradjeti"
458,"rak","rak-last_blank","last_blank",2,15,"bel-last_blank","bel",15,0,0,1,"utorak","utobel"
846,"first_blank","first_blank-utr","utr",2,21,"first_blank-cvi","cvi",21,0,0,1,"utrka","cvika"
734,"first_blank","first_blank-utros","utros",4,2,"first_blank-fowle","fowle",2,0,0,1,"utrostručiti","fowletručiti"
999,"first_blank","first_blank-uvjer","uvjer",2,8,"first_blank-snjež","snjež",8,0,0,1,"uvjerljiv","snježljiv"
824,"first_blank","first_blank-uvri","uvri",4,12,"first_blank-objas","objas",13,1,1,1,"uvrijediti","objasjediti"
370,"užas","užas-no","no",2,1,"štaj-no","štaj",1,0,0,1,"užasno","štajno"
233,"đen","đen-last_blank","last_blank",3,64,"ljao-last_blank","ljao",63,1,1,1,"uzbuđen","uzbuljao"
650,"first_blank","first_blank-už","už",1,6,"first_blank-ip","ip",6,0,0,1,"uže","ipe"
240,"rok","rok-last_blank","last_blank",2,4,"đim-last_blank","đim",4,0,0,1,"uzrok","uzđim"
535,"pir","pir-last_blank","last_blank",2,5,"reo-last_blank","reo",5,0,0,1,"vampir","vamreo"
968,"va","va-ni","ni",4,55,"umjet-ni","umjet",12,43,3,1,"vanilija","umjetnilija"
671,"first_blank","first_blank-vanj","vanj",2,13,"first_blank-snaž","snaž",13,0,0,1,"vanjski","snažski"
488,"važ","važ-no","no",2,3,"rob-no","rob",3,0,0,1,"važno","robno"
169,"first_blank","first_blank-važ","važ",2,20,"first_blank-ovo","ovo",20,0,0,1,"važnost","ovonost"
407,"čer","čer-last_blank","last_blank",2,12,"mao-last_blank","mao",12,0,0,1,"večer","vemao"
988,"šan","šan-last_blank","last_blank",5,34,"freyja-last_blank","freyja",2,32,3,1,"velikodušan","velikodufreyja"
166,"ve","ve-ne","ne",3,29,"onal-ne","onal",11,18,2,1,"venera","onalnera"
933,"ven","ven-ti","ti",5,12,"uniąti-ti","uniąti",1,11,3,1,"ventilacija","uniątitilacija"
510,"first_blank","first_blank-ve","ve",2,420,"first_blank-pos","pos",418,2,1,1,"veza","posza"
301,"vi","vi-c","c",1,1,"ju-c","ju",1,0,0,1,"vic","juc"
726,"deo","deo-last_blank","last_blank",2,10,"bal-last_blank","bal",10,0,0,1,"video","vibal"
44,"jes","jes-ti","ti",3,34,"uhva-ti","uhva",11,23,1,1,"vijesti","viuhvati"
747,"li","li-ca","ca",3,77,"osje-ca","osje",13,64,2,1,"vilica","viosjeca"
642,"si","si-na","na",3,21,"upoz-na","upoz",25,4,2,1,"visina","viupozna"
787,"sok","sok-last_blank","last_blank",2,2,"dva-last_blank","dva",2,0,0,1,"visok","vidva"
158,"so","so-ko","ko",3,11,"obli-ko","obli",11,0,2,1,"visoko","viobliko"
789,"min","min-last_blank","last_blank",3,18,"tost-last_blank","tost",18,0,1,1,"vitamin","vitatost"
249,"vi","vi-zi","zi",3,37,"ugro-zi","ugro",6,31,2,1,"vizija","ugrozija"
454,"first_blank","first_blank-vjen","vjen",3,37,"first_blank-ukra","ukra",37,0,0,1,"vjenčanje","ukračanje"
139,"first_blank","first_blank-vje","vje",2,119,"first_blank-sla","sla",120,1,0,1,"vjera","slara"
613,"vje","vje-ran","ran",2,4,"tri-ran","tri",4,0,0,1,"vjeran","triran"
168,"jat","jat-no","no",4,5,"otrov-no","otrov",1,4,2,1,"vjerojatno","vjerootrovno"
303,"first_blank","first_blank-vje","vje",4,119,"first_blank-uprav","uprav",34,85,2,1,"vjerovati","upravrovati"
561,"šti","šti-ca","ca",3,4,"shva-ca","shva",4,0,1,1,"vještica","vjeshvaca"
598,"first_blank","first_blank-vjež","vjež",2,25,"first_blank-sret","sret",25,0,0,1,"vježba","sretba"
623,"first_blank","first_blank-vla","vla",2,69,"first_blank-per","per",68,1,0,1,"vlada","perda"
232,"vlas","vlas-nik","nik",2,1,"klič-nik","klič",1,0,0,1,"vlasnik","kličnik"
717,"vl","vl-as","as",1,2,"zn-as","zn",2,0,0,1,"vlast","znast"
745,"vo","vo-će","će",2,1,"vo-iza","iza",1,0,1,1,"voće","voiza"
480,"đa","đa-last_blank","last_blank",2,56,"viš-last_blank","viš",56,0,1,1,"vođa","voviš"
891,"dik","dik-last_blank","last_blank",2,2,"beo-last_blank","beo",2,0,0,1,"vodik","vobeo"
723,"voj","voj-ni","ni",2,13,"teh-ni","teh",13,0,0,1,"vojni","tehni"
760,"first_blank","first_blank-voj","voj",2,49,"first_blank-ana","ana",49,0,0,1,"vojska","anaska"
316,"vot","vot-ka","ka",2,1,"nal-ka","nal",1,0,0,1,"votka","nalka"
669,"zač","zač-last_blank","last_blank",2,5,"nya-last_blank","nya",5,0,0,1,"vozač","vonya"
761,"vož","vož-nja","nja",2,1,"tut-nja","tut",1,0,0,1,"vožnja","tutnja"
13,"ag","ag-last_blank","last_blank",1,10,"lf-last_blank","lf",10,0,0,1,"vrag","vrlf"
604,"vr","vr-at","at",1,1,"wy-at","wy",1,0,0,1,"vrat","wyat"
225,"vra","vra-ta","ta",2,9,"zul-ta","zul",9,0,0,1,"vrata","zulta"
395,"vre","vre-ći","ći",3,7,"lzvu-ći","lzvu",1,6,1,1,"vrećica","lzvućica"
174,"sak","sak-last_blank","last_blank",3,25,"njih-last_blank","njih",25,0,1,1,"vrijesak","vrijenjih"
102,"vr","vr-lo","lo",2,1,"vr-neš","neš",1,0,1,1,"vrlo","vrneš"
838,"first_blank","first_blank-vru","vru",3,22,"first_blank-osve","osve",22,0,1,1,"vrućica","osvećica"
861,"first_blank","first_blank-vu","vu",2,51,"first_blank-gar","gar",51,0,1,1,"vuci","garci"
372,"vu","vu-k","k",1,1,"rh-k","rh",1,0,0,1,"vuk","rhk"
795,"wat","wat-son","son",2,1,"hin-son","hin",1,0,0,1,"watson","hinson"
915,"ba","ba-va","va",3,22,"skri-va","skri",13,9,2,1,"zabava","zaskriva"
921,"bra","bra-ni","ni",4,33,"umjet-ni","umjet",12,21,2,1,"zabraniti","zaumjetniti"
137,"ža","ža-ti","ti",4,16,"inves-ti","inves",17,1,3,1,"zadržati","zadrinvesti"
465,"za","za-gr","gr",4,18,"za-ključ","ključ",6,12,3,1,"zagrliti","zaključliti"
815,"tjev","tjev-last_blank","last_blank",2,1,"esel-last_blank","esel",1,0,0,1,"zahtjev","zahesel"
124,"hva","hva-li","li",4,18,"osmis-li","osmis",3,15,2,1,"zahvaliti","zaosmisliti"
749,"hval","hval-nost","nost",3,1,"bilj-nost","bilj",1,0,0,1,"zahvalnost","zabiljnost"
736,"za","za-jam","jam",2,5,"za-čep","čep",5,0,0,1,"zajam","začep"
422,"jed","jed-ni","ni",4,22,"straš-ni","straš",8,14,2,1,"zajednica","zastrašnica"
509,"first_blank","first_blank-zak","zak",3,39,"first_blank-uvje","uvje",39,0,1,1,"zakletva","uvjeletva"
467,"za","za-klju","klju",4,69,"za-igraš","igraš",1,68,1,1,"zaključati","zaigraščati"
244,"mje","mje-na","na",3,9,"volj-na","volj",9,0,1,1,"zamjena","zavoljna"
881,"za","za-mrz","mrz",4,11,"za-ključ","ključ",6,5,2,1,"zamrznuti","zaključnuti"
520,"nim","nim-ljiv","ljiv",3,1,"nim-nost","nost",1,0,0,1,"zanimljiv","zanimnost"
673,"pad","pad-ni","ni",3,15,"ljet-ni","ljet",15,0,1,1,"zapadni","zaljetni"
392,"pam","pam-ti","ti",4,12,"chris-ti","chris",9,3,2,1,"zapamtiti","zachristiti"
515,"por","por-ka","ka",3,1,"njič-ka","njič",1,0,1,1,"zaporka","zanjička"
903,"tvo","tvo-last_blank","last_blank",5,93,"freyja-last_blank","freyja",2,91,3,1,"zapovjedništvo","zapovjednišfreyja"
197,"za","za-tva","tva",4,19,"za-ključ","ključ",6,13,2,1,"zatvaranje","zaključranje"
643,"tvor","tvor-last_blank","last_blank",2,4,"trim-last_blank","trim",4,0,0,1,"zatvor","zatrim"
493,"re","re-nik","nik",4,4,"re-sford","sford",1,3,2,1,"zatvorenik","zatvoresford"
154,"za","za-tvo","tvo",4,43,"za-ključ","ključ",6,37,2,1,"zatvoreno","zaključreno"
196,"za","za-tvo","tvo",4,43,"za-ključ","ključ",6,37,2,1,"zatvoriti","zaključriti"
98,"jek","jek-last_blank","last_blank",3,10,"mont-last_blank","mont",10,0,1,1,"zauvijek","zauvimont"
94,"za","za-vr","vr",3,83,"za-klju","klju",69,14,2,1,"završi","zakljuši"
688,"ši","ši-ti","ti",4,68,"inves-ti","inves",17,51,3,1,"završiti","zavrinvesti"
131,"first_blank","first_blank-zbo","zbo",2,7,"first_blank-doš","doš",7,0,0,1,"zbogom","došgom"
452,"nje","nje-nost","nost",3,3,"nje-ring","ring",2,1,0,1,"zbunjenost","zbunjering"
621,"ze","ze-c","c",1,1,"gr-c","gr",1,0,0,1,"zec","grc"
920,"first_blank","first_blank-že","že",1,130,"first_blank-br","br",129,1,0,1,"žeđ","brđ"
83,"že","že-lja","lja",2,3,"že-nos","nos",3,0,0,1,"želja","ženos"
575,"lje","lje-zo","zo",3,1,"spon-zo","spon",9,8,1,1,"željezo","žesponzo"
317,"first_blank","first_blank-že","že",2,130,"first_blank-svi","svi",129,1,1,1,"žena","svina"
527,"first_blank","first_blank-zgra","zgra",2,18,"first_blank-osva","osva",18,0,0,1,"zgrada","osvada"
531,"first_blank","first_blank-ži","ži",2,154,"first_blank-kom","kom",154,0,1,1,"žica","komca"
358,"first_blank","first_blank-zi","zi",2,71,"first_blank-lan","lan",71,0,1,1,"zima","lanma"
804,"first_blank","first_blank-živ","živ",3,26,"first_blank-služ","služ",26,0,1,1,"živčani","služčani"
27,"ti","ti-nja","nja",4,13,"ti-krist","krist",1,12,2,1,"životinja","životikrist"
270,"čin","čin-last_blank","last_blank",2,9,"jač-last_blank","jač",9,0,0,1,"zločin","zlojač"
939,"first_blank","first_blank-zmi","zmi",2,7,"first_blank-kej","kej",7,0,0,1,"zmija","kejja"
116,"zn","zn-ak","ak",1,1,"ni-ak","ni",1,0,0,1,"znak","niak"
593,"zna","zna-nje","nje",2,1,"bot-nje","bot",1,0,0,1,"znanje","botnje"
378,"zna","zna-nost","nost",2,1,"lač-nost","lač",1,0,0,1,"znanost","lačnost"
118,"first_blank","first_blank-znans","znans",3,18,"first_blank-struč","struč",18,0,0,2,"znanstvenik","stručtvenik"
241,"first_blank","first_blank-zn","zn",1,17,"first_blank-ac","ac",17,0,0,1,"znao","acao"
190,"zna","zna-ti","ti",2,9,"den-ti","den",9,0,0,1,"znati","denti"
630,"zo","zo-na","na",2,7,"lar-na","lar",7,0,1,1,"zona","larna"
834,"first_blank","first_blank-zo","zo",2,57,"first_blank-ber","ber",57,0,1,1,"zora","berra"
720,"first_blank","first_blank-zrač","zrač",4,10,"first_blank-sport","sport",10,0,1,1,"zračna luka","sportna luka"
656,"first_blank","first_blank-zu","zu",1,46,"first_blank-ig","ig",46,0,0,1,"zub","igb"
324,"oja","oja-last_blank","last_blank",4,1,"veyem-last_blank","veyem",1,0,2,1,"žuta boja","žuta bveyem"
916,"first_blank","first_blank-žva","žva",3,19,"first_blank-kons","kons",19,0,1,1,"žvakati","konskati"
39,"first_blank","first_blank-zvi","zvi",3,23,"first_blank-stak","stak",23,0,1,1,"zvijezda","stakjezda"
828,"žda","žda-ti","ti",3,1,"uoči-ti","uoči",1,0,1,1,"zviždati","zviuočiti"
376,"zv","zv-uk","uk",1,1,"zv-je","je",1,0,0,1,"zvuk","zvje"
