"word_id","first","original_pair","second","syll","original_freq","replacement_pair","replacement_syll","replacement_freq","freq_diff","char_diff","letter_diff","original_word","replacement_word"
195,"first_blank","first_blank-1","1",1,1,"first_blank-öb","öb",1,0,1,1,"1","öb"
306,"2","2-last_blank","last_blank",1,1,"wt-last_blank","wt",1,0,1,1,"2","wt"
956,"first_blank","first_blank-abur","abur",3,1,"first_blank-scyl","scyl",1,0,0,1,"abur cubur","scyl cubur"
661,"ac","ac-il","il",1,1,"ac-ti","ti",1,0,0,1,"acil","acti"
196,"ık","ık-last_blank","last_blank",1,19,"kü-last_blank","kü",19,0,0,1,"açık","açkü"
666,"rma","rma-last_blank","last_blank",4,1,"napps-last_blank","napps",1,0,2,1,"açık arttırma","açık arttınapps"
48,"first_blank","first_blank-açık","açık",2,114,"first_blank-inan","inan",125,11,0,2,"açıkça","inança"
999,"first_blank","first_blank-açık","açık",3,114,"first_blank-inan","inan",125,11,0,1,"açıklama","inanlama"
197,"lış","lış-last_blank","last_blank",2,7,"yup-last_blank","yup",7,0,0,1,"açılış","açıyup"
909,"first_blank","first_blank-acı","acı",3,74,"first_blank-kork","kork",73,1,1,1,"acınası","korknası"
920,"aç","aç-lık","lık",2,3,"aç-göz","göz",4,1,0,1,"açlık","açgöz"
145,"first_blank","first_blank-ada","ada",4,94,"first_blank-elekt","elekt",23,71,2,1,"adaletsizlik","elektletsizlik"
165,"am","am-last_blank","last_blank",1,33,"kı-last_blank","kı",33,0,0,1,"adam","adkı"
874,"ad","ad-ay","ay",1,1,"qu-ay","qu",1,0,0,1,"aday","quay"
731,"il","il-last_blank","last_blank",1,40,"rt-last_blank","rt",40,0,0,1,"adil","adrt"
114,"fet","fet-mek","mek",3,3,"edil-mek","edil",3,0,1,1,"affetmek","afedilmek"
405,"af","af-ri","ri",3,5,"sürp-ri","sürp",6,1,2,1,"afrika","sürprika"
612,"ağ","ağ-last_blank","last_blank",1,1,"ña-last_blank","ña",1,0,0,1,"ağ","ña"
902,"ır","ır-last_blank","last_blank",1,12,"nn-last_blank","nn",12,0,0,1,"ağır","ağnn"
642,"first_blank","first_blank-ağır","ağır",2,30,"first_blank-genç","genç",30,0,0,2,"ağırlık","gençlık"
545,"ız","ız-last_blank","last_blank",1,5,"yn-last_blank","yn",5,0,0,1,"ağız","ağyn"
4,"ai","ai-ds","ds",1,1,"il-ds","il",1,0,0,1,"aids","ilds"
3,"first_blank","first_blank-aj","aj",1,5,"first_blank-tw","tw",5,0,0,1,"ajan","twan"
594,"first_blank","first_blank-akıl","akıl",2,24,"first_blank-özel","özel",25,1,0,1,"akıllı","özellı"
76,"ak","ak-ım","ım",1,1,"ak-ri","ri",1,0,0,1,"akım","akri"
243,"ak","ak-ra","ra",3,20,"prog-ra","prog",24,4,2,1,"akraba","prograba"
588,"egi","egi-last_blank","last_blank",5,1,"aworld-last_blank","aworld",1,0,3,1,"akşam yemegi","akşam yemaworld"
430,"tif","tif-last_blank","last_blank",2,22,"lat-last_blank","lat",22,0,0,1,"aktif","aklat"
630,"al","al-an","an",1,1,"al-de","de",1,0,0,1,"alan","alde"
821,"al","al-ar","ar",1,1,"al-ip","ip",1,0,0,1,"alarm","alipm"
718,"al","al-ay","ay",1,1,"al-kı","kı",1,0,0,1,"alay","alkı"
660,"büm","büm-last_blank","last_blank",2,2,"guk-last_blank","guk",2,0,0,1,"albüm","alguk"
781,"al","al-et","et",1,1,"al-ci","ci",1,0,0,1,"alet","alci"
6,"kol","kol-last_blank","last_blank",2,3,"vur-last_blank","vur",3,0,0,1,"alkol","alvur"
776,"tın","tın-last_blank","last_blank",2,165,"dur-last_blank","dur",169,4,0,1,"altın","aldur"
770,"aç","aç-last_blank","last_blank",1,9,"gı-last_blank","gı",9,0,0,1,"amaç","amgı"
387,"first_blank","first_blank-ama","ama",2,46,"first_blank-uçu","uçu",46,0,0,1,"amatör","uçutör"
12,"lans","lans-last_blank","last_blank",3,4,"dell-last_blank","dell",4,0,0,1,"ambulans","ambudell"
308,"ayı","ayı-last_blank","last_blank",4,2,"ricks-last_blank","ricks",2,0,2,1,"amca dayı","amca dricks"
467,"tar","tar-last_blank","last_blank",2,35,"ron-last_blank","ron",35,0,0,1,"anahtar","anahron"
951,"first_blank","first_blank-ana","ana",2,59,"first_blank-dün","dün",59,0,0,1,"analist","dünlist"
992,"first_blank","first_blank-anar","anar",2,3,"first_blank-plak","plak",3,0,0,1,"anarşi","plakşi"
967,"first_blank","first_blank-ana","ana",3,59,"first_blank-oluş","oluş",58,1,1,1,"anatomi","oluştomi"
580,"ıt","ıt-last_blank","last_blank",1,3,"vk-last_blank","vk",3,0,0,1,"anıt","anvk"
169,"lam","lam-last_blank","last_blank",2,17,"cik-last_blank","cik",17,0,0,1,"anlam","ancik"
327,"an","an-ne","ne",2,77,"iha-ne","iha",6,71,1,1,"anne","ihane"
14,"first_blank","first_blank-ano","ano",2,3,"first_blank-züp","züp",3,0,0,1,"anonim","züpnim"
15,"ti","ti-do","do",4,1,"ti-şecek","şecek",1,0,3,1,"antidote","antişecekte"
416,"tal","tal-last_blank","last_blank",2,29,"sim-last_blank","sim",29,0,0,1,"aptal","apsim"
973,"ıra","ıra-last_blank","last_blank",3,1,"lünç-last_blank","lünç",1,0,1,1,"ara sıra","ara slünç"
349,"aç","aç-last_blank","last_blank",1,9,"iş-last_blank","iş",9,0,0,1,"araç","ariş"
442,"first_blank","first_blank-ara","ara",2,374,"first_blank-baş","baş",369,5,0,1,"arama","başma"
36,"ara","ara-mak","mak",2,4,"ğır-mak","ğır",4,0,0,1,"aramak","ğırmak"
599,"first_blank","first_blank-araş","araş",3,88,"first_blank-unut","unut",81,7,0,1,"araştırma","unuttırma"
975,"first_blank","first_blank-are","are",2,5,"first_blank-meh","meh",5,0,0,1,"arena","mehna"
220,"tı","tı-last_blank","last_blank",2,468,"ken-last_blank","ken",468,0,1,1,"artı","arken"
565,"first_blank","first_blank-art","art",3,36,"first_blank-umur","umur",37,1,1,1,"arttırmak","umurtırmak"
83,"zu","zu-last_blank","last_blank",2,121,"ran-last_blank","ran",119,2,1,1,"arzu","arran"
87,"first_blank","first_blank-aşa","aşa",2,60,"first_blank-yat","yat",60,0,0,1,"aşağı","yatğı"
255,"il","il-last_blank","last_blank",1,40,"rt-last_blank","rt",40,0,0,1,"asil","asrt"
127,"first_blank","first_blank-ası","ası",2,17,"first_blank-çak","çak",17,0,0,1,"asılı","çaklı"
102,"tta","tta-last_blank","last_blank",5,1,"minsky-last_blank","minsky",1,0,3,1,"aşırı boyutta","aşırı boyuminsky"
448,"ker","ker-last_blank","last_blank",2,54,"yip-last_blank","yip",53,1,0,1,"asker","asyip"
183,"as","as-la","la",2,5,"num-la","num",5,0,1,1,"asla","numla"
1,"as","as-lın","lın",3,2,"as-falt","falt",1,1,1,1,"aslında","asfaltda"
725,"pi","pi-rin","rin",3,4,"pi-card","card",1,3,1,1,"aspirin","aspicard"
675,"not","not-last_blank","last_blank",3,6,"ving-last_blank","ving",6,0,1,1,"astronot","astroving"
393,"eş","eş-last_blank","last_blank",1,3,"hm-last_blank","hm",3,0,0,1,"ateş","athm"
742,"first_blank","first_blank-atı","atı",2,52,"first_blank-gar","gar",52,0,0,1,"atıcı","garcı"
391,"at","at-ış","ış",1,1,"at-re","re",1,0,0,1,"atış","atre"
748,"first_blank","first_blank-atöl","atöl",2,6,"first_blank-stad","stad",6,0,0,1,"atölye","stadye"
895,"first_blank","first_blank-ato","ato",2,5,"first_blank-mit","mit",5,0,0,1,"atomik","mitmik"
228,"av","av-last_blank","last_blank",1,4,"eg-last_blank","eg",4,0,0,1,"av","eg"
141,"lık","lık-last_blank","last_blank",3,306,"ford-last_blank","ford",32,274,1,1,"avcılık","avcıford"
441,"kat","kat-last_blank","last_blank",2,19,"nel-last_blank","nel",19,0,0,1,"avukat","avunel"
464,"ay","ay-last_blank","last_blank",1,26,"rk-last_blank","rk",28,2,0,1,"ay","rk"
952,"izi","izi-last_blank","last_blank",4,2,"burgh-last_blank","burgh",2,0,2,1,"ay yildizi","ay yildburgh"
540,"rmak","rmak-last_blank","last_blank",4,1,"untry-last_blank","untry",1,0,1,1,"ayakta durmak","ayakta duuntry"
699,"ık","ık-last_blank","last_blank",1,19,"ah-last_blank","ah",19,0,0,1,"ayık","ayah"
705,"lık","lık-last_blank","last_blank",4,306,"worth-last_blank","worth",7,299,2,1,"ayrıcalık","ayrıcaworth"
929,"first_blank","first_blank-azım","azım",3,1,"first_blank-crus","crus",1,0,0,1,"azımsamak","crussamak"
77,"ba","ba-last_blank","last_blank",2,67,"sün-last_blank","sün",65,2,1,1,"baba","basün"
115,"ğış","ğış-la","la",4,27,"inanç-la","inanç",7,20,2,1,"bağışlama","bainançlama"
931,"bağ","bağ-la","la",3,59,"dost-la","dost",25,34,1,1,"bağlamak","dostlamak"
159,"bağ","bağ-lı","lı",3,21,"açık-lı","açık",8,13,1,1,"bağlılık","açıklılık"
517,"har","har-last_blank","last_blank",2,10,"und-last_blank","und",10,0,0,1,"bahar","baund"
155,"bak","bak-mak","mak",2,6,"lun-mak","lun",6,0,0,1,"bakmak","lunmak"
138,"ba","ba-l","l",1,1,"hé-l","hé",1,0,0,1,"bal","hél"
28,"ısı","ısı-last_blank","last_blank",4,1,"aring-last_blank","aring",1,0,2,1,"bal arısı","bal araring"
24,"first_blank","first_blank-ban","ban",3,79,"first_blank-unut","unut",81,2,1,1,"bankacı","unutkacı"
25,"first_blank","first_blank-ban","ban",4,79,"first_blank-elekt","elekt",23,56,2,1,"bankacılık","elektkacılık"
444,"dak","dak-last_blank","last_blank",2,5,"kus-last_blank","kus",5,0,0,1,"bardak","barkus"
756,"ba","ba-ron","ron",2,1,"ba-car","car",1,0,0,1,"baron","bacar"
944,"rut","rut-last_blank","last_blank",2,3,"gah-last_blank","gah",3,0,0,1,"barut","bagah"
374,"şa","şa-rı","rı",3,64,"şa-olin","olin",1,63,2,1,"başarı","başaolin"
637,"sit","sit-çe","çe",3,1,"türk-çe","türk",1,0,1,1,"basitçe","batürkçe"
92,"rde","rde-last_blank","last_blank",4,1,"bucks-last_blank","bucks",1,0,2,1,"başka yerde","başka yebucks"
651,"kent","kent-last_blank","last_blank",2,1,"ekly-last_blank","ekly",1,0,0,1,"başkent","başekly"
497,"bol","bol-last_blank","last_blank",3,10,"king-last_blank","king",10,0,1,1,"basketbol","basketking"
701,"bas","bas-tır","tır",3,7,"alış-tır","alış",3,4,1,1,"bastırmak","alıştırmak"
321,"tı","tı-last_blank","last_blank",2,468,"ken-last_blank","ken",468,0,1,1,"batı","baken"
530,"bat","bat-ta","ta",4,10,"augus-ta","augus",1,9,2,1,"battaniye","augustaniye"
111,"first_blank","first_blank-bay","bay",2,33,"first_blank-mev","mev",33,0,0,1,"bayrak","mevrak"
276,"zen","zen-last_blank","last_blank",2,14,"nia-last_blank","nia",14,0,0,1,"bazen","bania"
366,"bek","bek-last_blank","last_blank",2,5,"ros-last_blank","ros",5,0,0,1,"bebek","beros"
157,"siz","siz-last_blank","last_blank",4,139,"yecek-last_blank","yecek",130,9,2,1,"beceriksiz","becerikyecek"
2,"ğen","ğen-mek","mek",3,1,"işit-mek","işit",1,0,1,1,"beğenmek","beişitmek"
271,"kar","kar-last_blank","last_blank",2,37,"şın-last_blank","şın",37,0,0,1,"bekar","beşın"
312,"first_blank","first_blank-bek","bek",2,223,"first_blank-gör","gör",220,3,0,1,"bekle","görle"
168,"bel","bel-ki","ki",2,2,"sin-ki","sin",2,0,0,1,"belki","sinki"
269,"first_blank","first_blank-ben","ben",2,123,"first_blank-öde","öde",123,0,0,1,"benzer","ödezer"
733,"first_blank","first_blank-bes","bes",3,55,"first_blank-adam","adam",57,2,1,1,"beslemek","adamlemek"
81,"be","be-tim","tim",4,1,"be-decek","decek",1,0,2,1,"betimlemek","bedeceklemek"
575,"be","be-ton","ton",2,3,"be-ğim","ğim",3,0,0,1,"beton","beğim"
322,"yaz","yaz-last_blank","last_blank",2,3,"hio-last_blank","hio",3,0,0,1,"beyaz","behio"
763,"yin","yin-last_blank","last_blank",2,106,"tık-last_blank","tık",106,0,0,1,"beyin","betık"
555,"bi","bi-let","let",2,10,"bi-miz","miz",10,0,0,1,"bilet","bimiz"
605,"bi","bi-n","n",1,1,"er-n","er",1,0,0,1,"bin","ern"
153,"raz","raz-last_blank","last_blank",2,5,"gis-last_blank","gis",5,0,0,1,"biraz","bigis"
765,"bir","bir-den","den",2,2,"rem-den","rem",2,0,0,1,"birden","remden"
646,"rim","rim-last_blank","last_blank",2,483,"mız-last_blank","mız",481,2,0,1,"birim","bimız"
645,"first_blank","first_blank-bit","bit",2,62,"first_blank-uya","uya",62,0,0,1,"bitki","uyaki"
712,"first_blank","first_blank-böb","böb",2,11,"first_blank-rah","rah",11,0,0,1,"böbrek","rahrek"
604,"ğaz","ğaz-last_blank","last_blank",2,3,"vır-last_blank","vır",3,0,0,1,"boğaz","bovır"
963,"ge","ge-sel","sel",3,4,"ge-tirt","tirt",5,1,1,1,"bölgesel","bölgetirt"
816,"lüm","lüm-last_blank","last_blank",2,12,"tip-last_blank","tip",12,0,0,1,"bölüm","bötip"
359,"first_blank","first_blank-bom","bom",2,47,"first_blank-tes","tes",47,0,0,1,"bomba","tesba"
709,"nus","nus-last_blank","last_blank",2,14,"sım-last_blank","sım",14,0,0,1,"bonus","bosım"
732,"first_blank","first_blank-bo","bo",1,446,"first_blank-me","me",448,2,0,1,"boş","meş"
548,"amak","amak-last_blank","last_blank",5,1,"gonfly-last_blank","gonfly",1,0,2,1,"boşa harcamak","boşa harcgonfly"
343,"şan","şan-mak","mak",3,1,"açıl-mak","açıl",1,0,1,1,"boşanmak","boaçılmak"
779,"bo","bo-t","t",1,2,"af-t","af",2,0,0,1,"bot","aft"
206,"ya","ya-mak","mak",3,1,"ya-inız","inız",1,0,1,1,"boyamak","boyainız"
828,"first_blank","first_blank-boy","boy",2,41,"first_blank-şir","şir",41,0,0,1,"boynuz","şirnuz"
272,"yut","yut-last_blank","last_blank",2,2,"kok-last_blank","kok",2,0,0,1,"boyut","bokok"
31,"first_blank","first_blank-bra","bra",2,12,"first_blank-col","col",12,0,0,1,"bravo","colvo"
676,"gün","gün-last_blank","last_blank",2,12,"nis-last_blank","nis",12,0,0,1,"bugün","bunis"
993,"bu","bu-laş","laş",3,38,"bu-dist","dist",2,36,1,1,"bulaşma","budistma"
50,"lut","lut-last_blank","last_blank",2,1,"fee-last_blank","fee",1,0,0,1,"bulut","bufee"
502,"var","var-last_blank","last_blank",2,13,"yüm-last_blank","yüm",13,0,0,1,"bulvar","bulyüm"
133,"bu","bu-ra","ra",3,65,"prog-ra","prog",24,41,2,1,"burada","prograda"
913,"first_blank","first_blank-büt","büt",2,11,"first_blank-rah","rah",11,0,0,1,"bütçe","rahçe"
522,"bu","bu-ton","ton",2,1,"bu-yüz","yüz",1,0,0,1,"buton","buyüz"
160,"yü","yü-last_blank","last_blank",2,28,"mis-last_blank","mis",28,0,1,1,"büyü","bümis"
583,"yük","yük-last_blank","last_blank",2,1,"rao-last_blank","rao",1,0,0,1,"büyük","bürao"
423,"aba","aba-last_blank","last_blank",4,1,"ering-last_blank","ering",1,0,2,1,"büyük baba","büyük bering"
11,"çi","çi-last_blank","last_blank",4,60,"recek-last_blank","recek",55,5,3,1,"büyükelçi","büyükelrecek"
533,"lı","lı-last_blank","last_blank",2,552,"mak-last_blank","mak",530,22,1,1,"çalı","çamak"
574,"lın","lın-ma","ma",4,3,"azalt-ma","azalt",3,0,2,1,"çalınması","çaazaltması"
864,"ası","ası-last_blank","last_blank",6,4,"nimhhhh-last_blank","nimhhhh",1,3,4,1,"çalışma masası","çalışma masnimhhhh"
280,"first_blank","first_blank-çal","çal",2,77,"first_blank-dev","dev",77,0,0,1,"çalmak","devmak"
696,"mur","mur-last_blank","last_blank",2,9,"rah-last_blank","rah",9,0,0,1,"çamur","çarah"
27,"var","var-last_blank","last_blank",3,13,"ding-last_blank","ding",12,1,1,1,"canavar","canading"
460,"first_blank","first_blank-can","can",2,69,"first_blank-şüp","şüp",69,0,0,1,"canlı","şüplı"
889,"ça","ça-pa","pa",2,2,"ça-rım","rım",2,0,1,1,"çapa","çarım"
922,"re","re-siz","siz",3,12,"re-zerv","zerv",2,10,1,1,"çaresiz","çarezerv"
401,"sus","sus-last_blank","last_blank",2,8,"dek-last_blank","dek",8,0,0,1,"casus","cadek"
970,"sus","sus-luk","luk",3,1,"blok-luk","blok",1,0,1,1,"casusluk","cablokluk"
70,"tır","tır-tı","tı",3,1,"araç-tı","araç",1,0,1,1,"çatırtı","çaaraçtı"
361,"vuş","vuş-last_blank","last_blank",2,3,"pai-last_blank","pai",3,0,0,1,"çavuş","çapai"
499,"ca","ca-z","z",1,1,"lt-z","lt",1,0,0,1,"caz","ltz"
740,"zi","zi-be","be",3,7,"zi-long","long",1,6,2,1,"cazibe","cazilong"
843,"ha","ha-let","let",3,1,"ha-ving","ving",1,0,1,1,"cehalet","cehaving"
19,"ki","ki-ci","ci",3,13,"fran-ci","fran",1,12,2,1,"çekici","çefranci"
207,"first_blank","first_blank-cen","cen",2,21,"first_blank-dağ","dağ",21,0,0,1,"cennet","dağnet"
553,"ce","ce-p","p",1,1,"ip-p","ip",1,0,0,1,"cep","ipp"
989,"ne","ne-lik","lik",4,6,"ne-umann","umann",1,5,2,1,"cephanelik","cephaneumann"
334,"rah","rah-last_blank","last_blank",2,9,"ğer-last_blank","ğer",9,0,0,1,"cerrah","cerğer"
808,"ret","ret-last_blank","last_blank",3,44,"land-last_blank","land",42,2,1,1,"cesaret","cesaland"
601,"çe","çe-te","te",2,30,"lik-te","lik",33,3,1,1,"çete","likte"
504,"vap","vap-last_blank","last_blank",2,2,"ğış-last_blank","ğış",2,0,0,1,"cevap","ceğış"
693,"first_blank","first_blank-çev","çev",2,43,"first_blank-öne","öne",43,0,0,1,"çevre","önere"
974,"za","za-last_blank","last_blank",2,293,"lık-last_blank","lık",306,13,1,1,"ceza","celık"
236,"mak","mak-last_blank","last_blank",5,530,"enerys-last_blank","enerys",1,529,3,1,"cezalandırmak","cezalandırenerys"
734,"ft","ft-last_blank","last_blank",1,8,"nç-last_blank","nç",8,0,0,1,"çift","çinç"
105,"first_blank","first_blank-çift","çift",2,43,"first_blank-dost","dost",43,0,0,1,"çiftçi","dostçi"
286,"first_blank","first_blank-çi","çi",2,139,"first_blank-mah","mah",139,0,1,1,"çile","mahle"
40,"men","men-to","to",3,9,"cris-to","cris",1,8,1,1,"çimento","çicristo"
266,"first_blank","first_blank-cin","cin",2,27,"first_blank-mak","mak",27,0,0,1,"cinsel","maksel"
656,"first_blank","first_blank-çi","çi",2,139,"first_blank-geç","geç",139,0,1,1,"çivi","geçvi"
525,"kış","kış-last_blank","last_blank",2,7,"pus-last_blank","pus",7,0,0,1,"çıkış","çıpus"
856,"çık","çık-mak","mak",2,4,"rat-mak","rat",4,0,0,1,"çıkmak","ratmak"
844,"first_blank","first_blank-çıp","çıp",2,7,"first_blank-gon","gon",7,0,0,1,"çıplak","gonlak"
783,"ğun","ğun-luk","luk",3,5,"dost-luk","dost",2,3,1,1,"çoğunluk","çodostluk"
9,"first_blank","first_blank-çok","çok",2,12,"first_blank-bra","bra",12,0,0,1,"çoktan","bratan"
82,"çö","çö-l","l",1,1,"hé-l","hé",1,0,0,1,"çöl","hél"
908,"çö","çö-p","p",1,1,"op-p","op",1,0,0,1,"çöp","opp"
277,"first_blank","first_blank-çor","çor",2,13,"first_blank-dep","dep",13,0,0,1,"çorba","depba"
61,"züm","züm-last_blank","last_blank",2,6,"tez-last_blank","tez",6,0,0,1,"çözüm","çötez"
281,"buk","buk-last_blank","last_blank",2,7,"şar-last_blank","şar",7,0,0,1,"çubuk","çuşar"
259,"mar","mar-te","te",4,3,"golds-te","golds",1,2,2,1,"cumartesi","cugoldstesi"
940,"da","da-dı","dı",2,9,"nır-dı","nır",10,1,1,1,"dadı","nırdı"
691,"üşük","üşük-last_blank","last_blank",4,1,"dilly-last_blank","dilly",1,0,1,1,"daha düşük","daha ddilly"
118,"hi","hi-last_blank","last_blank",2,107,"tık-last_blank","tık",106,1,1,1,"dahi","datık"
671,"hi","hi-li","li",3,5,"mert-li","mert",4,1,2,1,"dahili","damertli"
653,"ire","ire-last_blank","last_blank",2,15,"kun-last_blank","kun",15,0,0,1,"daire","dakun"
443,"vki","vki-last_blank","last_blank",4,1,"napps-last_blank","napps",1,0,2,1,"damak zevki","damak zenapps"
919,"mat","mat-last_blank","last_blank",2,12,"wer-last_blank","wer",12,0,0,1,"damat","dawer"
941,"first_blank","first_blank-dam","dam",2,20,"first_blank-cer","cer",20,0,0,1,"damga","cerga"
383,"first_blank","first_blank-dans","dans",2,14,"first_blank-kris","kris",14,0,0,1,"dansçı","krisçı"
664,"da","da-r","r",1,2,"ci-r","ci",1,1,0,1,"dar","cir"
372,"yan","yan-mak","mak",3,3,"kork-mak","kork",3,0,1,1,"dayanmak","dakorkmak"
704,"di","di-ko","ko",4,13,"di-recek","recek",13,0,3,1,"dedikodu","dedirecekdu"
311,"ğer","ğer-last_blank","last_blank",2,9,"dal-last_blank","dal",9,0,0,1,"değer","dedal"
488,"ğer","ğer-li","li",3,4,"komp-li","komp",4,0,1,1,"değerli","dekompli"
43,"de","de-ğiş","ğiş",4,175,"de-decek","decek",2,173,2,1,"değiştirmek","dedecektirmek"
751,"de","de-kan","kan",2,2,"de-cep","cep",2,0,0,1,"dekan","decep"
743,"li","li-lik","lik",3,28,"li-sans","sans",2,26,1,1,"delilik","delisans"
350,"mir","mir-last_blank","last_blank",2,9,"jın-last_blank","jın",9,0,0,1,"demir","dejın"
304,"ne","ne-mek","mek",3,4,"ne-wall","wall",1,3,1,1,"denemek","denewall"
381,"de","de-ney","ney",2,14,"de-rir","rir",14,0,0,1,"deney","derir"
817,"first_blank","first_blank-den","den",2,46,"first_blank-sah","sah",46,0,0,1,"denge","sahge"
398,"de","de-niz","niz",2,34,"de-cek","cek",36,2,0,1,"deniz","decek"
285,"ni","ni-zal","zal",4,9,"ni-lecek","lecek",3,6,2,1,"denizaltı","denilecektı"
91,"rem","rem-last_blank","last_blank",2,16,"mar-last_blank","mar",16,0,0,1,"deprem","depmar"
801,"de","de-ri","ri",2,79,"de-cek","cek",36,43,1,1,"deri","decek"
681,"tek","tek-last_blank","last_blank",2,8,"que-last_blank","que",8,0,0,1,"destek","desque"
987,"de","de-ton","ton",3,1,"de-edee","edee",1,0,1,1,"detonluk","deedeeluk"
802,"kat","kat-last_blank","last_blank",2,19,"nel-last_blank","nel",19,0,0,1,"dikkat","diknel"
367,"first_blank","first_blank-din","din",3,188,"first_blank-açık","açık",114,74,1,1,"dinlemek","açıklemek"
248,"len","len-mek","mek",3,24,"edil-mek","edil",3,21,1,1,"dinlenmek","dinedilmek"
850,"first_blank","first_blank-dip","dip",3,18,"first_blank-atış","atış",18,0,1,1,"diploma","atışloma"
825,"renç","renç-last_blank","last_blank",2,3,"lett-last_blank","lett",3,0,0,1,"direnç","dilett"
536,"di","di-van","van",2,1,"di-züs","züs",1,0,0,1,"divan","dizüs"
606,"zi","zi-last_blank","last_blank",2,561,"rın-last_blank","rın",567,6,1,1,"dizi","dirın"
204,"first_blank","first_blank-dı","dı",3,53,"first_blank-iler","iler",49,4,2,1,"dışarı","ilerşarı"
205,"rı","rı-da","da",4,15,"oming-da","oming",1,14,3,1,"dışarıda","dışaomingda"
962,"first_blank","first_blank-dn","dn",1,1,"first_blank-hq","hq",1,0,0,1,"dna","hqa"
937,"ğal","ğal-last_blank","last_blank",2,1,"poc-last_blank","poc",1,0,0,1,"doğal","dopoc"
972,"arak","arak-last_blank","last_blank",5,1,"gonfly-last_blank","gonfly",1,0,2,1,"doğal olarak","doğal olgonfly"
959,"do","do-ğa","ğa",4,20,"do-olitt","olitt",1,19,3,1,"doğaüstü","doolittüstü"
302,"first_blank","first_blank-doğ","doğ",2,104,"first_blank-kap","kap",104,0,0,1,"doğru","kapru"
485,"ru","ru-dan","dan",3,4,"ru-pert","pert",1,3,1,1,"doğrudan","doğrupert"
29,"ğum","ğum-last_blank","last_blank",2,50,"gan-last_blank","gan",49,1,0,1,"doğum","dogan"
888,"do","do-muz","muz",2,12,"do-nan","nan",12,0,0,1,"domuz","donan"
305,"nüş","nüş-last_blank","last_blank",2,2,"xer-last_blank","xer",2,0,0,1,"dönüş","döxer"
899,"first_blank","first_blank-dos","dos",2,75,"first_blank-vur","vur",75,0,0,1,"dostum","vurtum"
474,"first_blank","first_blank-dos","dos",2,75,"first_blank-tah","tah",75,0,0,1,"dosya","tahya"
567,"first_blank","first_blank-döv","döv",2,30,"first_blank-bro","bro",30,0,0,1,"dövme","brome"
579,"do","do-z","z",1,1,"an-z","an",1,0,0,1,"doz","anz"
426,"first_blank","first_blank-dra","dra",2,17,"first_blank-ası","ası",17,0,0,1,"drama","asıma"
89,"first_blank","first_blank-dra","dra",3,17,"first_blank-eleş","eleş",17,0,1,1,"dramatik","eleşmatik"
786,"dak","dak-last_blank","last_blank",2,5,"kus-last_blank","kus",5,0,0,1,"dudak","dukus"
767,"first_blank","first_blank-dük","dük",2,42,"first_blank-hır","hır",42,0,0,1,"dükkan","hırkan"
317,"du","du-l","l",1,1,"ul-l","ul",1,0,0,1,"dul","ull"
462,"du","du-rum","rum",2,31,"du-lar","lar",33,2,0,1,"durum","dular"
602,"first_blank","first_blank-du","du",1,456,"first_blank-me","me",448,8,0,1,"duş","meş"
470,"first_blank","first_blank-düş","düş",2,124,"first_blank-ben","ben",123,1,0,1,"düşman","benman"
762,"düş","düş-mek","mek",2,2,"ril-mek","ril",2,0,0,1,"düşmek","rilmek"
158,"şük","şük-last_blank","last_blank",2,1,"ica-last_blank","ica",1,0,0,1,"düşük","düica"
63,"şün","şün-mek","mek",3,5,"edil-mek","edil",3,2,1,1,"düşünmek","düedilmek"
90,"şür","şür-mek","mek",3,2,"rilt-mek","rilt",1,1,1,1,"düşürmek","düriltmek"
468,"var","var-last_blank","last_blank",2,13,"yem-last_blank","yem",13,0,0,1,"duvar","duyem"
729,"zelt","zelt-mek","mek",3,1,"ödeş-mek","ödeş",1,0,0,1,"düzeltmek","düödeşmek"
910,"zen","zen-le","le",4,42,"shack-le","shack",1,41,2,1,"düzenlemek","düshacklemek"
80,"first_blank","first_blank-düz","düz",2,9,"first_blank-zah","zah",9,0,0,1,"düzgün","zahgün"
726,"first_blank","first_blank-dv","dv",1,1,"first_blank-mä","mä",1,0,0,1,"dvd","mäd"
998,"first_blank","first_blank-edep","edep",2,4,"first_blank-ches","ches",4,0,0,1,"edepsiz","chessiz"
352,"first_blank","first_blank-ef","ef",3,26,"first_blank-açıl","açıl",27,1,2,1,"efsane","açılsane"
88,"der","der-ha","ha",3,9,"tris-ha","tris",1,8,1,1,"ejderha","ejtrisha"
481,"ek","ek-mek","mek",2,6,"ek-sil","sil",2,4,0,1,"ekmek","eksil"
262,"ran","ran-last_blank","last_blank",2,119,"sız-last_blank","sız",119,0,0,1,"ekran","eksız"
948,"ekst","ekst-ra","ra",2,2,"opat-ra","opat",2,0,0,1,"ekstra","opatra"
126,"el","el-last_blank","last_blank",1,57,"çe-last_blank","çe",56,1,0,1,"el","çe"
93,"lik","lik-last_blank","last_blank",3,315,"ford-last_blank","ford",32,283,1,1,"elçilik","elçiford"
878,"ele","ele-mek","mek",2,1,"met-mek","met",1,0,0,1,"elemek","metmek"
745,"first_blank","first_blank-el","el",2,182,"first_blank-bah","bah",182,0,1,1,"elma","bahma"
569,"mas","mas-last_blank","last_blank",2,9,"çim-last_blank","çim",9,0,0,1,"elmas","elçim"
714,"first_blank","first_blank-emek","emek",3,15,"first_blank-onur","onur",15,0,0,1,"emeklilik","onurlilik"
232,"lak","lak-last_blank","last_blank",2,47,"rir-last_blank","rir",47,0,0,1,"emlak","emrir"
907,"em","em-mek","mek",2,1,"em-zir","zir",1,0,0,1,"emmek","emzir"
56,"ret","ret-mek","mek",3,5,"edil-mek","edil",3,2,1,1,"emretmek","emedilmek"
804,"di","di-şe","şe",4,98,"di-amond","amond",1,97,3,1,"endişeli","endiamondli"
851,"gel","gel-last_blank","last_blank",2,8,"rış-last_blank","rış",8,0,0,1,"engel","enrış"
523,"lmak","lmak-last_blank","last_blank",4,1,"ebell-last_blank","ebell",1,0,1,1,"engel olmak","engel oebell"
881,"eri","eri-mek","mek",2,1,"eri-şil","şil",1,0,0,1,"erimek","erişil"
30,"kek","kek-last_blank","last_blank",2,3,"iti-last_blank","iti",3,0,0,1,"erkek","eriti"
123,"orun","orun-last_blank","last_blank",4,1,"bably-last_blank","bably",1,0,1,1,"erkek torun","erkek tbably"
711,"eş","eş-ek","ek",1,1,"be-ek","be",1,0,0,1,"eşek","beek"
18,"es","es-er","er",1,1,"es-qu","qu",1,0,0,1,"eser","esqu"
194,"ki","ki-miş","miş",3,1,"ki-yatr","yatr",1,0,1,1,"eskimiş","eskiyatr"
820,"kort","kort-last_blank","last_blank",2,1,"kunc-last_blank","kunc",1,0,0,1,"eskort","eskunc"
318,"first_blank","first_blank-esp","esp",3,15,"first_blank-avan","avan",15,0,1,1,"esprili","avanrili"
620,"et","et-ek","ek",1,1,"be-ek","be",1,0,0,1,"etek","beek"
484,"le","le-mek","mek",4,77,"le-aving","aving",1,76,2,1,"etkilemek","etkileaving"
619,"ci","ci-last_blank","last_blank",5,191,"enerys-last_blank","enerys",1,190,4,1,"etkileyici","etkileyienerys"
964,"first_blank","first_blank-et","et",5,490,"first_blank-blacks","blacks",1,489,4,1,"etkinleştirme","blackskinleştirme"
582,"ev","ev-last_blank","last_blank",1,6,"ıl-last_blank","ıl",6,0,0,1,"ev","ıl"
399,"ev","ev-ren","ren",2,7,"ev-liy","liy",6,1,0,1,"evren","evliy"
926,"ev","ev-rim","rim",2,3,"ev-dey","dey",4,1,0,1,"evrim","evdey"
388,"lül","lül-last_blank","last_blank",2,1,"bae-last_blank","bae",1,0,0,1,"eylül","eybae"
103,"first_blank","first_blank-fab","fab",3,19,"first_blank-atış","atış",18,1,1,1,"fabrika","atışrika"
670,"first_blank","first_blank-fak","fak",2,7,"first_blank-sel","sel",7,0,0,1,"faktör","seltör"
491,"first_blank","first_blank-fa","fa",2,207,"first_blank-gös","gös",210,3,1,1,"fare","gösre"
631,"tmek","tmek-last_blank","last_blank",3,1,"bath-last_blank","bath",1,0,0,1,"fark etmek","fark ebath"
868,"first_blank","first_blank-fay","fay",3,21,"first_blank-umut","umut",21,0,1,1,"faydasız","umutdasız"
702,"fa","fa-z","z",1,1,"lt-z","lt",1,0,0,1,"faz","ltz"
106,"ral","ral-last_blank","last_blank",3,30,"ford-last_blank","ford",32,2,1,1,"federal","fedeford"
213,"first_blank","first_blank-fel","fel",3,12,"first_blank-omuz","omuz",12,0,1,1,"felsefe","omuzsefe"
99,"na","na-lık","lık",3,1,"na-atin","atin",1,0,1,1,"fenalık","fenaatin"
212,"no","no-men","men",3,1,"no-poly","poly",1,0,1,1,"fenomen","fenopoly"
199,"kir","kir-last_blank","last_blank",2,12,"mus-last_blank","mus",12,0,0,1,"fikir","fimus"
778,"ığı","ığı-last_blank","last_blank",6,1,"nimhhhh-last_blank","nimhhhh",1,0,4,1,"fikir ayrılığı","fikir ayrılnimhhhh"
996,"nal","nal-last_blank","last_blank",2,24,"rüm-last_blank","rüm",24,0,0,1,"final","firüm"
985,"arak","arak-last_blank","last_blank",6,1,"nimhhhh-last_blank","nimhhhh",1,0,3,1,"finansal olarak","finansal olnimhhhh"
108,"nans","nans-man","man",3,1,"gold-man","gold",1,0,0,1,"finansman","figoldman"
476,"first_blank","first_blank-fin","fin",2,12,"first_blank-çay","çay",12,0,0,1,"fincan","çaycan"
109,"first_blank","first_blank-fir","fir",2,22,"first_blank-ila","ila",22,0,0,1,"firma","ilama"
214,"zik","zik-last_blank","last_blank",2,12,"kum-last_blank","kum",12,0,0,1,"fizik","fikum"
877,"fı","fı-rın","rın",2,7,"fı-zam","zam",3,4,0,1,"fırın","fızam"
116,"rm","rm-last_blank","last_blank",1,8,"ld-last_blank","ld",8,0,0,1,"form","fold"
892,"first_blank","first_blank-frag","frag",2,1,"first_blank-itac","itac",1,0,0,1,"fragman","itacman"
496,"ga","ga-le","le",3,15,"veyn-le","veyn",10,5,2,1,"galeri","veynleri"
784,"ni","ni-met","met",3,6,"ni-ikie","ikie",1,5,1,1,"ganimet","ganiikie"
609,"ran","ran-ti","ti",3,10,"eleş-ti","eleş",11,1,1,1,"garanti","gaeleşti"
708,"first_blank","first_blank-gar","gar",2,52,"first_blank-ame","ame",52,0,0,1,"garson","ameson"
600,"ga","ga-z","z",1,1,"lt-z","lt",1,0,0,1,"gaz","ltz"
966,"lik","lik-last_blank","last_blank",5,315,"aworld-last_blank","aworld",1,314,3,1,"gazetecilik","gazeteciaworld"
410,"ge","ge-ç","ç",1,1,"ün-ç","ün",2,1,0,1,"geç","ünç"
407,"ge","ge-ce","ce",2,43,"şün-ce","şün",47,4,1,1,"gece","şünce"
737,"ısı","ısı-last_blank","last_blank",5,1,"carthy-last_blank","carthy",1,0,3,1,"gece yarısı","gece yarcarthy"
506,"lecek","lecek-last_blank","last_blank",2,154,"worth-last_blank","worth",7,147,0,3,"gelecek","geworth"
961,"nç","nç-last_blank","last_blank",1,8,"bs-last_blank","bs",8,0,0,1,"genç","gebs"
562,"genç","genç-lik","lik",2,1,"best-lik","best",1,0,0,1,"gençlik","bestlik"
332,"nel","nel-last_blank","last_blank",2,19,"kat-last_blank","kat",19,0,0,1,"genel","gekat"
479,"çek","çek-lik","lik",3,4,"eşit-lik","eşit",1,3,1,1,"gerçeklik","gereşitlik"
181,"rek","rek-li","li",3,12,"çift-li","çift",13,1,1,1,"gerekli","geçiftli"
459,"ge","ge-ri","ri",2,33,"fab-ri","fab",19,14,1,1,"geri","fabri"
796,"tir","tir-mek","mek",3,31,"öpüş-mek","öpüş",2,29,1,1,"getirmek","geöpüşmek"
218,"gen","gen-last_blank","last_blank",3,21,"rick-last_blank","rick",18,3,1,1,"gezegen","gezerick"
96,"riş","riş-last_blank","last_blank",2,9,"ğer-last_blank","ğer",9,0,0,1,"giriş","giğer"
264,"first_blank","first_blank-giz","giz",2,45,"first_blank-pan","pan",45,0,0,1,"gizli","panli"
273,"first_blank","first_blank-gök","gök",3,30,"first_blank-ağır","ağır",30,0,1,1,"gökyüzü","ağıryüzü"
404,"go","go-lf","lf",1,1,"go-da","da",1,0,0,1,"golf","goda"
267,"first_blank","first_blank-göl","göl",2,27,"first_blank-tey","tey",27,0,0,1,"gölge","teyge"
420,"lek","lek-last_blank","last_blank",2,20,"vin-last_blank","vin",20,0,0,1,"gömlek","gömvin"
827,"nül","nül-lü","lü",3,12,"dört-lü","dört",2,10,1,1,"gönüllü","gödörtlü"
611,"rev","rev-last_blank","last_blank",2,3,"bum-last_blank","bum",3,0,0,1,"görev","göbum"
265,"gör","gör-mek","mek",2,7,"ren-mek","ren",6,1,0,1,"görmek","renmek"
863,"rüş","rüş-last_blank","last_blank",2,2,"nay-last_blank","nay",2,0,0,1,"görüş","gönay"
268,"ter","ter-mek","mek",3,7,"edil-mek","edil",3,4,1,1,"göstermek","gösedilmek"
678,"first_blank","first_blank-göv","göv",2,12,"first_blank-çay","çay",12,0,0,1,"gövde","çayde"
546,"gö","gö-z","z",1,1,"ma-z","ma",1,0,0,1,"göz","maz"
290,"aşı","aşı-last_blank","last_blank",3,2,"mody-last_blank","mody",2,0,1,1,"göz yaşı","göz ymody"
191,"lem","lem-last_blank","last_blank",2,24,"nal-last_blank","nal",24,0,0,1,"gözlem","göznal"
120,"lük","lük-last_blank","last_blank",2,48,"kin-last_blank","kin",48,0,0,1,"gözlük","gözkin"
541,"gü","gü-ç","ç",1,1,"ün-ç","ün",2,1,0,1,"güç","ünç"
417,"se","se-mek","mek",4,3,"se-asons","asons",1,2,2,1,"gülümsemek","gülümseasons"
834,"imi","imi-last_blank","last_blank",4,1,"refly-last_blank","refly",1,0,2,1,"gun batimi","gun batrefly"
270,"nah","nah-last_blank","last_blank",2,6,"cie-last_blank","cie",6,0,0,1,"günah","gücie"
320,"ığı","ığı-last_blank","last_blank",5,1,"minsky-last_blank","minsky",1,0,3,1,"güneş ışığı","güneş ışminsky"
673,"ney","ney-last_blank","last_blank",2,41,"run-last_blank","run",41,0,0,1,"güney","gürun"
657,"lük","lük-last_blank","last_blank",2,48,"kin-last_blank","kin",48,0,0,1,"günlük","günkin"
376,", ses",", ses-last_blank","last_blank",4,1,"untry-last_blank","untry",1,0,0,1,"gürültü, ses","gürültüuntry"
558,"rur","rur-last_blank","last_blank",2,17,"nek-last_blank","nek",17,0,0,1,"gurur","gunek"
233,"ymak","ymak-last_blank","last_blank",4,1,"ditch-last_blank","ditch",1,0,1,1,"gurur duymak","gurur duditch"
303,"ven","ven-last_blank","last_blank",2,17,"nar-last_blank","nar",17,0,0,1,"güven","günar"
728,"ven","ven-li","li",3,22,"çift-li","çift",13,9,1,1,"güvenli","güçiftli"
547,"ven","ven-lik","lik",3,9,"çift-lik","çift",7,2,1,1,"güvenlik","güçiftlik"
184,"zel","zel-last_blank","last_blank",2,12,"kım-last_blank","kım",12,0,0,1,"güzel","gükım"
692,"gah","gah-last_blank","last_blank",3,3,"eter-last_blank","eter",3,0,1,1,"güzergah","güzereter"
862,"tmek","tmek-last_blank","last_blank",3,1,"şizm-last_blank","şizm",1,0,0,1,"hak etmek","hak eşizm"
824,"ka","ka-ret","ret",3,4,"ka-zanç","zanç",4,0,1,1,"hakaret","hakazanç"
945,"ne","ne-dan","dan",3,2,"ne-elix","elix",1,1,1,1,"hanedan","haneelix"
176,"ket","ket-last_blank","last_blank",3,33,"ford-last_blank","ford",32,1,1,1,"hareket","hareford"
101,"ri","ri-ka","ka",3,64,"ayak-ka","ayak",41,23,2,1,"harika","haayakka"
210,"first_blank","first_blank-has","has",2,152,"first_blank-çık","çık",152,0,0,1,"hasta","çıkta"
340,"first_blank","first_blank-has","has",3,152,"first_blank-açık","açık",114,38,1,1,"hastane","açıktane"
782,"ta","ta-last_blank","last_blank",2,464,"miş-last_blank","miş",466,2,1,1,"hata","hamiş"
5,"va","va-last_blank","last_blank",2,56,"şim-last_blank","şim",56,0,1,1,"hava","haşim"
971,"ücü","ücü-last_blank","last_blank",4,1,"berty-last_blank","berty",1,0,2,1,"hayal gücü","hayal gberty"
654,"umu","umu-last_blank","last_blank",5,1,"rength-last_blank","rength",1,0,3,1,"hayır kurumu","hayır kurrength"
780,"esi","esi-last_blank","last_blank",6,1,"nimhhhh-last_blank","nimhhhh",1,0,4,1,"hayvanat bahçesi","hayvanat bahçnimhhhh"
814,"zi","zi-ne","ne",3,26,"part-ne","part",7,19,2,1,"hazine","hapartne"
503,"ran","ran-last_blank","last_blank",3,119,"ford-last_blank","ford",32,87,1,1,"haziran","haziford"
389,"zır","zır-last_blank","last_blank",2,4,"ori-last_blank","ori",4,0,0,1,"hazır","haori"
226,"zır","zır-lık","lık",3,11,"kral-lık","kral",6,5,1,1,"hazırlık","hakrallık"
10,"aman","aman-last_blank","last_blank",3,1,"nesy-last_blank","nesy",1,0,0,1,"her zaman","her znesy"
715,"ves","ves-last_blank","last_blank",2,7,"fil-last_blank","fil",7,0,0,1,"heves","hefil"
520,"first_blank","first_blank-he","he",6,321,"forsyt-he","forsyt",1,320,5,2,"heyecan verici","forsytheyecan verici"
188,"r şey","r şey-last_blank","last_blank",3,1,"wocky-last_blank","wocky",1,0,0,1,"hiç bir şey","hiç biwocky"
301,"first_blank","first_blank-hi","hi",2,182,"first_blank-dur","dur",182,0,1,1,"hile","durle"
947,"met","met-last_blank","last_blank",2,25,"şır-last_blank","şır",25,0,0,1,"hizmet","hizşır"
292,"first_blank","first_blank-hır","hır",2,42,"first_blank-pis","pis",42,0,0,1,"hırsız","pissız"
887,"ho","ho-bi","bi",2,5,"içe-bi","içe",5,0,1,1,"hobi","içebi"
793,"first_blank","first_blank-hor","hor",2,27,"first_blank-mak","mak",27,0,0,1,"hormon","makmon"
643,"first_blank","first_blank-hüc","hüc",2,31,"first_blank-kok","kok",31,0,0,1,"hücre","kokre"
65,"içer","içer-mek","mek",2,1,"kert-mek","kert",1,0,0,1,"içermek","kertmek"
925,"sel","sel-last_blank","last_blank",4,59,"worth-last_blank","worth",7,52,2,1,"içgüdüsel","içgüdüworth"
408,"iç","iç-mek","mek",2,3,"iç-kiy","kiy",1,2,0,1,"içmek","içkiy"
364,"first_blank","first_blank-ide","ide",2,8,"first_blank-kök","kök",8,0,0,1,"ideal","kökal"
917,"first_blank","first_blank-iğ","iğ",2,21,"first_blank-ödü","ödü",21,0,1,1,"iğne","ödüne"
848,"cil","cil-last_blank","last_blank",2,9,"rer-last_blank","rer",9,0,0,1,"ikincil","ikinrer"
777,"çe","çe-last_blank","last_blank",2,56,"şim-last_blank","şim",56,0,1,1,"ilçe","ilşim"
230,"first_blank","first_blank-iler","iler",3,49,"first_blank-prog","prog",47,2,0,1,"ilerleme","progleme"
775,"first_blank","first_blank-iler","iler",3,49,"first_blank-prog","prog",47,2,0,1,"ilerlemek","proglemek"
510,"ti","ti-şim","şim",3,2,"ti-onal","onal",2,0,1,1,"iletişim","iletional"
60,"mek","mek-last_blank","last_blank",5,439,"gonfly-last_blank","gonfly",1,438,3,1,"ilgilendirmek","ilgilendirgonfly"
719,"rmek","rmek-last_blank","last_blank",4,1,"iting-last_blank","iting",1,0,1,1,"ilham vermek","ilham veiting"
592,"first_blank","first_blank-iliş","iliş",2,48,"first_blank-prog","prog",47,1,0,2,"ilişki","progki"
110,"il","il-k","k",1,1,"ns-k","ns",1,0,0,1,"ilk","nsk"
667,"fat","fat-last_blank","last_blank",3,6,"wick-last_blank","wick",6,0,1,1,"iltifat","iltiwick"
550,"kan","kan-sız","sız",3,5,"asıl-sız","asıl",1,4,1,1,"imkansız","imasılsız"
759,"luk","luk-last_blank","last_blank",5,96,"aworld-last_blank","aworld",1,95,3,1,"imparatorluk","imparatoraworld"
21,"first_blank","first_blank-im","im",2,136,"first_blank-san","san",137,1,1,1,"imza","sanza"
284,"first_blank","first_blank-inat","inat",2,6,"first_blank-azar","azar",6,0,0,1,"inatçı","azarçı"
293,"first_blank","first_blank-in","in",2,408,"first_blank-kar","kar",414,6,1,1,"ince","karce"
100,"le","le-mek","mek",4,77,"le-opold","opold",1,76,2,1,"incelemek","inceleopold"
564,"ek","ek-last_blank","last_blank",1,33,"kı-last_blank","kı",33,0,0,1,"inek","inkı"
325,"gi","gi-liz","liz",4,4,"gi-yecek","yecek",1,3,2,1,"ingilizce","ingiyecekce"
568,"in","in-iş","iş",1,1,"in-ec","ec",1,0,0,1,"iniş","inec"
64,"şa","şa-at","at",3,3,"şa-irin","irin",1,2,2,1,"inşaat","inşairin"
741,"ter","ter-net","net",3,4,"ter-bury","bury",1,3,1,1,"internet","interbury"
338,"har","har-last_blank","last_blank",3,10,"mont-last_blank","mont",10,0,1,1,"intihar","intimont"
682,"kam","kam-last_blank","last_blank",3,13,"burg-last_blank","burg",12,1,1,1,"intikam","intiburg"
836,"ek","ek-last_blank","last_blank",1,33,"pe-last_blank","pe",33,0,0,1,"ipek","ippe"
672,"first_blank","first_blank-iro","iro",2,3,"first_blank-mık","mık",3,0,0,1,"ironi","mıkni"
362,"first_blank","first_blank-iş a","iş a",4,1,"first_blank-hersc","hersc",1,0,1,1,"iş arkadaşı","herscrkadaşı"
32,"ası","ası-last_blank","last_blank",4,4,"zecek-last_blank","zecek",4,0,2,1,"iş çantası","iş çantzecek"
935,"is","is-hal","hal",2,1,"is-ley","ley",1,0,0,1,"ishal","isley"
178,"is","is-im","im",1,1,"is-la","la",1,0,0,1,"isim","isla"
130,"işit","işit-me","me",2,1,"içer-me","içer",1,0,0,1,"işitme","içerme"
752,"ken","ken-ce","ce",3,8,"örüm-ce","örüm",3,5,1,1,"işkence","işörümce"
421,"lem","lem-last_blank","last_blank",2,24,"nal-last_blank","nal",24,0,0,1,"işlem","işnal"
198,"let","let-mek","mek",3,12,"edil-mek","edil",3,9,1,1,"işletmek","işedilmek"
958,"tme","tme-last_blank","last_blank",5,1,"gonfly-last_blank","gonfly",1,0,3,1,"istifa etme","istifa egonfly"
534,"ti","ti-la","la",3,9,"araç-la","araç",9,0,2,1,"istila","isaraçla"
803,"tmek","tmek-last_blank","last_blank",4,1,"untry-last_blank","untry",1,0,1,1,"itiraf etmek","itiraf euntry"
861,"it","it-mek","mek",2,1,"it-ton","ton",1,0,0,1,"itmek","itton"
581,"iy","iy-i","i",1,1,"ya-i","ya",1,0,0,1,"iyi","yai"
200,"first_blank","first_blank-iyim","iyim",2,3,"first_blank-üzüm","üzüm",3,0,0,1,"iyimser","üzümser"
684,"iz","iz-in","in",1,1,"va-in","va",1,0,0,1,"izin","vain"
7,"rmek","rmek-last_blank","last_blank",3,1,"mily-last_blank","mily",1,0,0,1,"izin vermek","izin vemily"
143,"le","le-nim","nim",3,2,"le-opar","opar",2,0,1,1,"izlenim","izleopar"
313,"first_blank","first_blank-ıl","ıl",1,1,"first_blank-mj","mj",1,0,0,1,"ılık","mjık"
238,"first_blank","first_blank-ırk","ırk",2,8,"first_blank-gaz","gaz",8,0,0,1,"ırkçı","gazçı"
147,"ep","ep-last_blank","last_blank",2,13,"var-last_blank","var",13,0,1,1,"jeep","jevar"
353,"tör","tör-last_blank","last_blank",4,28,"decek-last_blank","decek",17,11,2,1,"jeneratör","jeneradecek"
34,"ka","ka-bin","bin",2,3,"ka-sıl","sıl",3,0,0,1,"kabin","kasıl"
928,"bi","bi-ne","ne",3,30,"part-ne","part",7,23,2,1,"kabine","kapartne"
531,"first_blank","first_blank-kab","kab",2,16,"first_blank-onu","onu",16,0,0,1,"kablo","onulo"
486,"bus","bus-last_blank","last_blank",2,4,"xon-last_blank","xon",4,0,0,1,"kâbus","kâxon"
746,"kaç","kaç-mak","mak",2,4,"ğır-mak","ğır",4,0,0,1,"kaçmak","ğırmak"
904,"ka","ka-der","der",2,10,"ka-yım","yım",10,0,0,1,"kader","kayım"
633,"ğıt","ğıt-last_blank","last_blank",2,4,"ruş-last_blank","ruş",4,0,0,1,"kağıt","karuş"
135,"kah","kah-ra","ra",3,30,"prog-ra","prog",24,6,1,1,"kahraman","programan"
33,"first_blank","first_blank-kah","kah",4,88,"first_blank-elekt","elekt",23,65,2,1,"kahverengi","elektverengi"
866,"lık","lık-last_blank","last_blank",4,306,"worth-last_blank","worth",7,299,2,1,"kalabalık","kalabaworth"
35,"lib","lib-re","re",4,4,"spect-re","spect",1,3,2,1,"kalibreli","kaspectreli"
572,"kan","kan-last_blank","last_blank",2,51,"gim-last_blank","gim",50,1,0,1,"kalkan","kalgim"
629,"kal","kal-mak","mak",2,7,"lış-mak","lış",7,0,0,1,"kalmak","lışmak"
595,"ka","ka-me","me",3,39,"edil-me","edil",30,9,2,1,"kamera","edilmera"
769,"ka","ka-mp","mp",1,1,"ka-ve","ve",1,0,0,1,"kamp","kave"
870,"first_blank","first_blank-kam","kam",3,78,"first_blank-oyun","oyun",79,1,1,1,"kampanya","oyunpanya"
542,"ka","ka-n","n",1,1,"xo-n","xo",1,0,0,1,"kan","xon"
44,"nal","nal-last_blank","last_blank",2,24,"dük-last_blank","dük",24,0,0,1,"kanal","kadük"
799,"nıt","nıt-last_blank","last_blank",2,3,"oth-last_blank","oth",3,0,0,1,"kanıt","kaoth"
543,"ka","ka-nun","nun",2,17,"ka-maz","maz",19,2,0,1,"kanun","kamaz"
452,"ka","ka-os","os",2,2,"ka-gel","gel",2,0,1,1,"kaos","kagel"
69,"pak","pak-last_blank","last_blank",2,3,"hew-last_blank","hew",3,0,0,1,"kapak","kahew"
882,"pa","pa-si","si",4,10,"ailem-si","ailem",1,9,3,1,"kapasite","kaailemsite"
847,"sül","sül-last_blank","last_blank",2,2,"lâm-last_blank","lâm",2,0,0,1,"kapsül","kaplâm"
566,"first_blank","first_blank-kâ","kâ",1,29,"first_blank-üz","üz",29,0,0,1,"kâr","üzr"
149,"ra","ra-last_blank","last_blank",2,650,"dım-last_blank","dım",571,79,1,1,"kara","kadım"
418,"rak","rak-ter","ter",3,14,"ches-ter","ches",3,11,1,1,"karakter","kachester"
78,"ran","ran-lık","lık",3,14,"ağır-lık","ağır",6,8,1,1,"karanlık","kaağırlık"
891,"bon","bon-last_blank","last_blank",2,11,"kıp-last_blank","kıp",11,0,0,1,"karbon","karkıp"
335,"deş","deş-last_blank","last_blank",2,4,"ani-last_blank","ani",4,0,0,1,"kardeş","karani"
475,"yer","yer-last_blank","last_blank",3,21,"ning-last_blank","ning",18,3,1,1,"kariyer","karining"
685,"ka","ka-rın","rın",2,21,"ka-maz","maz",19,2,0,1,"karın","kamaz"
37,"val","val-last_blank","last_blank",3,11,"list-last_blank","list",11,0,1,1,"karnaval","karnalist"
747,"şık","şık-last_blank","last_blank",2,16,"ong-last_blank","ong",16,0,0,1,"kaşık","kaong"
189,"ka","ka-sım","sım",2,2,"ka-yey","yey",2,0,0,1,"kasım","kayey"
261,"mak","mak-last_blank","last_blank",3,530,"ford-last_blank","ford",32,498,1,1,"kaşımak","kaşıford"
942,"ka","ka-sır","sır",3,6,"ka-zanç","zanç",4,2,1,1,"kasırga","kazançga"
573,"ka","ka-sk","sk",1,1,"ka-uf","uf",1,0,0,1,"kask","kauf"
730,"til","til-last_blank","last_blank",2,7,"kış-last_blank","kış",7,0,0,1,"katil","kakış"
735,"kat","kat-lan","lan",3,14,"onur-lan","onur",7,7,1,1,"katlanmak","onurlanmak"
839,"kat","kat-man","man",2,4,"kat-let","let",4,0,0,1,"katman","katlet"
38,"to","to-lik","lik",3,4,"to-rant","rant",2,2,1,1,"katolik","katorant"
911,"ram","ram-last_blank","last_blank",2,31,"lıp-last_blank","lıp",31,0,0,1,"kavram","kavlıp"
597,"ya","ya-last_blank","last_blank",2,958,"sin-last_blank","sin",964,6,1,1,"kaya","kasin"
632,"yıt","yıt-last_blank","last_blank",2,1,"şaf-last_blank","şaf",1,0,0,1,"kayıt","kaşaf"
278,"nak","nak-last_blank","last_blank",2,19,"şun-last_blank","şun",19,0,0,1,"kaynak","kayşun"
890,"ka","ka-z","z",1,1,"lt-z","lt",1,0,0,1,"kaz","ltz"
117,"zan","zan-mak","mak",3,5,"kork-mak","kork",3,2,1,1,"kazanmak","kakorkmak"
938,"za","za-ra","ra",3,25,"prog-ra","prog",24,1,2,1,"kazara","kaprogra"
644,"first_blank","first_blank-kaz","kaz",2,11,"first_blank-ney","ney",11,0,0,1,"kazmak","neymak"
365,"bek","bek-last_blank","last_blank",3,5,"nald-last_blank","nald",5,0,1,1,"kelebek","kelenald"
319,"li","li-me","me",3,37,"üzül-me","üzül",8,29,2,1,"kelime","keüzülme"
811,"first_blank","first_blank-ke","ke",9,444,"ateş-ke","ateş",1,443,7,1,"kelimenin tam anlamıyla","ateşkelimenin tam anlamıyla"
449,"mik","mik-last_blank","last_blank",2,14,"fer-last_blank","fer",14,0,0,1,"kemik","kefer"
640,"ke","ke-sin","sin",4,23,"ke-decek","decek",4,19,2,1,"kesinlikle","kedeceklikle"
456,"şiş","şiş-last_blank","last_blank",2,2,"xer-last_blank","xer",2,0,0,1,"keşiş","kexer"
738,"first_blank","first_blank-kes","kes",2,79,"first_blank-dol","dol",79,0,0,1,"kesmek","dolmek"
1000,"first_blank","first_blank-kes","kes",3,79,"first_blank-oyun","oyun",79,0,1,1,"kestirme","oyuntirme"
943,"çap","çap-last_blank","last_blank",2,1,"şiı-last_blank","şiı",1,0,0,1,"ketçap","ketşiı"
662,"bar","bar-last_blank","last_blank",2,11,"giz-last_blank","giz",11,0,0,1,"kibar","kigiz"
955,"nap","nap-last_blank","last_blank",2,1,"ets-last_blank","ets",1,0,0,1,"kidnap","kidets"
979,"first_blank","first_blank-kid","kid",3,1,"first_blank-clas","clas",1,0,1,1,"kidnapper","clasnapper"
764,"li","li-se","se",3,41,"önem-se","önem",17,24,2,1,"kilise","kiönemse"
154,"lit","lit-li","li",3,3,"ateş-li","ateş",3,0,1,1,"kilitli","kiateşli"
757,"lo","lo-last_blank","last_blank",2,61,"ğun-last_blank","ğun",60,1,1,1,"kilo","kiğun"
406,"lo","lo-met","met",4,9,"lo-oking","oking",1,8,2,1,"kilometre","kilookingre"
626,"first_blank","first_blank-kim","kim",2,81,"first_blank-ina","ina",81,0,0,1,"kimya","inaya"
627,"first_blank","first_blank-kim","kim",3,81,"first_blank-unut","unut",81,0,1,1,"kimyasal","unutyasal"
982,"ra","ra-cı","cı",3,9,"ra-pist","pist",2,7,2,1,"kiracı","kirapist"
136,"ki","ki-ra","ra",4,49,"ki-lecek","lecek",2,47,3,1,"kiralama","kileceklama"
371,"first_blank","first_blank-kir","kir",2,21,"first_blank-ine","ine",21,0,0,1,"kirli","ineli"
211,"şi","şi-last_blank","last_blank",2,57,"yum-last_blank","yum",57,0,1,1,"kişi","kiyum"
995," özel"," özel-last_blank","last_blank",4,1,"ering-last_blank","ering",1,0,0,1,"kişiye özel","kişiyeering"
823,"dem","dem-li","li",3,3,"izin-li","izin",3,0,1,1,"kıdemli","kıizinli"
360,"lıç","lıç-last_blank","last_blank",2,1,"ğip-last_blank","ğip",1,0,0,1,"kılıç","kığip"
324,"first_blank","first_blank-kır","kır",3,64,"first_blank-edil","edil",64,0,1,1,"kırmızı","edilmızı"
394,"sa","sa-last_blank","last_blank",2,481,"mız-last_blank","mız",481,0,1,1,"kısa","kımız"
554,"kanç","kanç-last_blank","last_blank",2,1,"rack-last_blank","rack",1,0,0,1,"kıskanç","kısrack"
339,"kı","kı-z","z",1,1,"az-z","az",1,0,0,1,"kız","azz"
390,"vlat","vlat-last_blank","last_blank",3,1,"jong-last_blank","jong",1,0,0,1,"kız evlat","kız ejong"
295,"kmek","kmek-last_blank","last_blank",5,1,"terfly-last_blank","terfly",1,0,2,1,"kızarmış ekmek","kızarmış eterfly"
690,"gın","gın-lık","lık",3,8,"uzak-lık","uzak",6,2,1,1,"kızgınlık","kızuzaklık"
706,"first_blank","first_blank-kl","kl",1,9,"first_blank-ök","ök",9,0,0,1,"klan","ökan"
51,"ko","ko-ç","ç",1,1,"an-ç","an",2,1,0,1,"koç","anç"
437,"ca","ca-last_blank","last_blank",2,284,"ğın-last_blank","ğın",272,12,1,1,"koca","koğın"
515,"ko","ko-du","du",2,20,"rul-du","rul",20,0,1,1,"kodu","ruldu"
351,"ka","ka-in","in",3,6,"ka-bart","bart",1,5,2,1,"kokain","kokabart"
524,"kö","kö-le","le",2,16,"ven-le","ven",16,0,1,1,"köle","venle"
356,"lej","lej-last_blank","last_blank",2,1,"com-last_blank","com",1,0,0,1,"kolej","kocom"
624,"lo","lo-ni","ni",3,13,"lo-oked","oked",1,12,2,1,"koloni","kolooked"
700,"bi","bi-nas","nas",4,2,"bi-tecek","tecek",1,1,2,1,"kombinasyon","kombitecekyon"
384,"mis","mis-yon","yon",3,3,"ilüz-yon","ilüz",1,2,1,1,"komisyon","koilüzyon"
703,"first_blank","first_blank-komp","komp",2,16,"first_blank-asis","asis",16,0,0,2,"komplo","asislo"
52,"mür","mür-last_blank","last_blank",2,1,"lua-last_blank","lua",1,0,0,1,"kömür","kölua"
344,"mu","mu-tan","tan",3,8,"mu-kesh","kesh",1,7,1,1,"komutan","komukesh"
382,"rans","rans-last_blank","last_blank",3,4,"cock-last_blank","cock",4,0,0,1,"konferans","konfecock"
66,"rol","rol-last_blank","last_blank",2,12,"kün-last_blank","kün",12,0,0,1,"kontrol","kontkün"
167,"nu","nu-last_blank","last_blank",2,417,"ğim-last_blank","ğim",424,7,1,1,"konu","koğim"
512,"nuş","nuş-ma","ma",3,97,"kork-ma","kork",30,67,1,1,"konuşma","kokorkma"
435,"nuş","nuş-mak","mak",3,5,"kork-mak","kork",3,2,1,1,"konuşmak","kokorkmak"
329,"pek","pek-last_blank","last_blank",2,4,"unt-last_blank","unt",4,0,0,1,"köpek","köunt"
455,"ığı","ığı-last_blank","last_blank",5,1,"aworld-last_blank","aworld",1,0,3,1,"köpek balığı","köpek balaworld"
514,"first_blank","first_blank-köp","köp",2,16,"first_blank-eya","eya",16,0,0,1,"köprü","eyarü"
477,"kö","kö-r","r",1,1,"ci-r","ci",1,0,0,1,"kör","cir"
867,"kork","kork-mak","mak",2,3,"mart-mak","mart",1,2,0,1,"korkmak","martmak"
140,"first_blank","first_blank-kor","kor",2,156,"first_blank-gön","gön",157,1,0,1,"korku","gönku"
370,"kunç","kunç-last_blank","last_blank",2,1,"cury-last_blank","cury",1,0,0,1,"korkunç","korcury"
906,"first_blank","first_blank-kor","kor",4,156,"first_blank-elekt","elekt",23,133,2,1,"korkutucu","elektkutucu"
622,"first_blank","first_blank-kor","kor",2,156,"first_blank-gön","gön",157,1,0,1,"korsan","gönsan"
901,"ru","ru-ma","ma",3,54,"inan-ma","inan",49,5,2,1,"koruma","koinanma"
440,"ru","ru-mak","mak",3,6,"ru-bens","bens",1,5,1,1,"korumak","korubens"
67,"şe","şe-last_blank","last_blank",2,49,"gan-last_blank","gan",49,0,1,1,"köşe","kögan"
539,"first_blank","first_blank-koş","koş",2,31,"first_blank-mat","mat",31,0,0,1,"koşmak","matmak"
26,"ko","ko-y","y",1,1,"zl-y","zl",1,0,0,1,"koy","zly"
156,"first_blank","first_blank-kr","kr",1,21,"first_blank-iğ","iğ",21,0,0,1,"kral","iğal"
330,"first_blank","first_blank-kra","kra",3,61,"first_blank-aile","aile",63,2,1,1,"kraliçe","aileliçe"
736,"kre","kre-di","di",2,7,"nir-di","nir",7,0,0,1,"kredi","nirdi"
71,"em","em-last_blank","last_blank",1,18,"wn-last_blank","wn",18,0,0,1,"krem","krwn"
74,"first_blank","first_blank-kri","kri",2,17,"first_blank-tip","tip",17,0,0,1,"kritik","tiptik"
509,"für","für-last_blank","last_blank",2,2,"kot-last_blank","kot",2,0,0,1,"küfür","kükot"
500,"kü","kü-l","l",1,1,"hé-l","hé",1,0,0,1,"kül","hél"
527,"ku","ku-le","le",2,17,"met-le","met",17,0,1,1,"kule","metle"
310,"la","la-nış","nış",4,2,"la-urent","urent",1,1,2,1,"kullanışlı","kullaurentlı"
402,"first_blank","first_blank-kül","kül",2,35,"first_blank-pas","pas",35,0,0,1,"kültür","pastür"
511,"lüp","lüp-last_blank","last_blank",2,10,"tel-last_blank","tel",10,0,0,1,"kulüp","kutel"
873,"mar","mar-last_blank","last_blank",2,16,"ong-last_blank","ong",16,0,0,1,"kumar","kuong"
49,"maş","maş-last_blank","last_blank",2,2,"ann-last_blank","ann",2,0,0,1,"kumaş","kuann"
256,"ral","ral-last_blank","last_blank",2,30,"nie-last_blank","nie",30,0,0,1,"kural","kunie"
833,"kur","kur-ba","ba",3,22,"ayak-ba","ayak",1,21,1,1,"kurbağa","ayakbağa"
800,"ban","ban-last_blank","last_blank",2,21,"nem-last_blank","nem",21,0,0,1,"kurban","kurnem"
607,"tar","tar-mak","mak",3,6,"açıl-mak","açıl",1,5,1,1,"kurtarmak","kuraçılmak"
375,"ru","ru-last_blank","last_blank",2,90,"nün-last_blank","nün",91,1,1,1,"kuru","kunün"
501,"itap","itap-last_blank","last_blank",4,1,"celyn-last_blank","celyn",1,0,1,1,"kutsal kitap","kutsal kcelyn"
395,"tu","tu-last_blank","last_blank",2,119,"sız-last_blank","sız",119,0,1,1,"kutu","kusız"
150,"tüp","tüp-ha","ha",4,12,"milks-ha","milks",1,11,2,1,"kütüphane","kümilkshane"
282,"first_blank","first_blank-kuv","kuv",2,28,"first_blank-rad","rad",28,0,0,1,"kuvvet","radvet"
331,"first_blank","first_blank-kuv","kuv",3,28,"first_blank-ateş","ateş",28,0,1,1,"kuvvetli","ateşvetli"
432,"first_blank","first_blank-lam","lam",2,16,"first_blank-eya","eya",16,0,0,1,"lamba","eyaba"
965,"la","la-zan","zan",3,2,"la-uder","uder",1,1,1,1,"lazanya","lauderya"
760,"first_blank","first_blank-lej","lej",2,3,"first_blank-zil","zil",3,0,0,1,"lejyon","zilyon"
494,"first_blank","first_blank-lez","lez",3,12,"first_blank-acık","acık",12,0,1,1,"lezbiyen","acıkbiyen"
785,"first_blank","first_blank-lez","lez",3,12,"first_blank-uçur","uçur",12,0,1,1,"lezzetli","uçurzetli"
918,"li","li-g","g",1,1,"ig-g","ig",1,0,0,1,"lig","igg"
978,"li","li-mo","mo",4,2,"li-vings","vings",2,0,3,1,"limonata","livingsnata"
674,"first_blank","first_blank-maf","maf",2,10,"first_blank-çey","çey",10,0,0,1,"mafya","çeyya"
414,"mah","mah-ke","ke",3,17,"ateş-ke","ateş",1,16,1,1,"mahkeme","ateşkeme"
787,"ma","ma-jes","jes",4,8,"ma-rilyn","rilyn",1,7,2,1,"majesteli","marilynteli"
487,"ka","ka-le","le",3,38,"iler-le","iler",37,1,2,1,"makale","mailerle"
983,"ayan","ayan-last_blank","last_blank",5,1,"ventry-last_blank","ventry",1,0,2,1,"makul olmayan","makul olmventry"
161,"man","man-ye","ye",3,2,"aile-ye","aile",1,1,1,1,"manyetik","aileyetik"
846,"ra","ra-ton","ton",3,4,"ra-pist","pist",2,2,1,1,"maraton","marapist"
914,"first_blank","first_blank-mar","mar",2,94,"first_blank-ada","ada",94,0,0,1,"marka","adaka"
166,"rs","rs-last_blank","last_blank",1,13,"ım-last_blank","ım",13,0,0,1,"mars","maım"
559,"raf","raf-lı","lı",3,4,"hırs-lı","hırs",2,2,1,1,"masraflı","mashırslı"
336,"sum","sum-last_blank","last_blank",2,6,"cen-last_blank","cen",6,0,0,1,"masum","macen"
813,"first_blank","first_blank-may","may",2,23,"first_blank-değ","değ",23,0,0,1,"maymun","değmun"
97,"first_blank","first_blank-mek","mek",2,40,"first_blank-dan","dan",40,0,0,1,"mektup","dantup"
13,"lek","lek-last_blank","last_blank",2,20,"way-last_blank","way",20,0,0,1,"melek","meway"
526,"first_blank","first_blank-mem","mem",2,25,"first_blank-sik","sik",25,0,0,1,"memnun","siknun"
131,"first_blank","first_blank-mer","mer",3,114,"first_blank-açık","açık",114,0,1,1,"merhaba","açıkhaba"
85,"fe","fe-last_blank","last_blank",3,35,"land-last_blank","land",42,7,2,1,"mesafe","mesaland"
291,"me","me-tin","tin",2,15,"me-mem","mem",11,4,0,1,"metin","memem"
774,"res","res-last_blank","last_blank",2,13,"var-last_blank","var",13,0,0,1,"metres","metvar"
377,"di","di-yet","yet",4,5,"di-locks","locks",1,4,2,1,"mevcudiyet","mevcudilocks"
883,"lmek","lmek-last_blank","last_blank",5,1,"rength-last_blank","rength",1,0,2,1,"meydana gelmek","meydana gerength"
556,"zar","zar-last_blank","last_blank",2,15,"kun-last_blank","kun",15,0,0,1,"mezar","mekun"
936,"first_blank","first_blank-mik","mik",2,36,"first_blank-göm","göm",36,0,0,1,"miktar","gömtar"
171,"mi","mi-l","l",1,2,"ol-l","ol",2,0,0,1,"mil","oll"
173,"first_blank","first_blank-mil","mil",2,53,"first_blank-unu","unu",53,0,0,1,"milyon","unuyon"
977,"first_blank","first_blank-mil","mil",3,53,"first_blank-adam","adam",57,4,1,1,"milyoner","adamyoner"
119,"mik","mik-last_blank","last_blank",2,14,"fer-last_blank","fer",14,0,0,1,"mimik","mifer"
174,"mi","mi-ng","ng",1,1,"mi-ce","ce",1,0,0,1,"ming","mice"
385,"mum","mum-last_blank","last_blank",3,9,"nist-last_blank","nist",9,0,1,1,"minimum","mininist"
124,"first_blank","first_blank-min","min",3,27,"first_blank-kart","kart",27,0,1,1,"minnettar","kartnettar"
134,"ras","ras-last_blank","last_blank",2,9,"hit-last_blank","hit",9,0,0,1,"miras","mihit"
749,"first_blank","first_blank-mi","mi",6,267,"first_blank-pennsyl","pennsyl",1,266,5,1,"misafirperverlik","pennsylsafirperverlik"
986,"mo","mo-da","da",2,7,"num-da","num",7,0,1,1,"moda","numda"
683,"del","del-last_blank","last_blank",2,9,"par-last_blank","par",9,0,0,1,"model","mopar"
175,"dern","dern-last_blank","last_blank",2,1,"helm-last_blank","helm",1,0,0,1,"modern","mohelm"
818,"mo","mo-ti","ti",3,3,"kris-ti","kris",3,0,2,1,"motive","kristive"
54,"first_blank","first_blank-mü","mü",6,265,"first_blank-pennsyl","pennsyl",1,264,5,1,"mücâdele etmek","pennsylcâdele etmek"
617,"tiş","tiş-last_blank","last_blank",3,6,"ines-last_blank","ines",6,0,1,1,"müfettiş","müfetines"
427,"bir","bir-last_blank","last_blank",3,18,"well-last_blank","well",19,1,1,1,"muhabir","muhawell"
495,"dis","dis-last_blank","last_blank",3,6,"lard-last_blank","lard",6,0,1,1,"mühendis","mühenlard"
242,"first_blank","first_blank-mül","mül",3,19,"first_blank-uçak","uçak",19,0,1,1,"mülteci","uçakteci"
419,"te","te-bat","bat",4,3,"te-yecek","yecek",1,2,2,1,"mürettebat","müretteyecek"
830,"te","te-va","va",4,3,"te-necek","necek",1,2,3,1,"mütevazı","mütenecekzı"
415,"hiş","hiş-last_blank","last_blank",2,2,"för-last_blank","för",2,0,0,1,"müthiş","mütför"
23,"first_blank","first_blank-mu","mu",1,189,"first_blank-fi","fi",189,0,0,1,"muz","fiz"
235,"bız","bız-last_blank","last_blank",2,3,"gah-last_blank","gah",3,0,0,1,"nabız","nagah"
879,"na","na-rin","rin",2,1,"na-pol","pol",1,0,0,1,"narin","napol"
946,"vi","vi-gas","gas",4,1,"vi-lecek","lecek",1,0,2,1,"navigasyon","navilecekyon"
315,"first_blank","first_blank-ne","ne",1,269,"first_blank-öğ","öğ",334,65,0,1,"ne","öğ"
355,"first_blank","first_blank-nef","nef",2,10,"first_blank-hos","hos",10,0,0,1,"nefret","hosret"
472,"hir","hir-last_blank","last_blank",2,14,"sım-last_blank","sım",14,0,0,1,"nehir","nesım"
610,"nes","nes-ne","ne",2,9,"aye-ne","aye",9,0,0,1,"nesne","ayene"
112,"first_blank","first_blank-nez","nez",2,3,"first_blank-yah","yah",3,0,0,1,"nezle","yahle"
860,"ha","ha-yet","yet",3,1,"ha-mish","mish",1,0,1,1,"nihayet","nihamish"
185,"first_blank","first_blank-nin","nin",2,13,"first_blank-ezi","ezi",13,0,0,1,"ninja","ezija"
454,"ni","ni-şan","şan",4,35,"ni-lecek","lecek",3,32,2,1,"nişanlanmak","nileceklanmak"
896,"bel","bel-last_blank","last_blank",2,12,"mat-last_blank","mat",12,0,0,1,"nobel","nomat"
46,"el","el-last_blank","last_blank",2,57,"yum-last_blank","yum",57,0,1,1,"noel","noyum"
187,"first_blank","first_blank-nor","nor",3,27,"first_blank-açıl","açıl",27,0,1,1,"normalde","açılmalde"
224,"fus","fus-last_blank","last_blank",2,3,"taş-last_blank","taş",3,0,0,1,"nüfus","nütaş"
409,"first_blank","first_blank-nu","nu",3,70,"first_blank-kork","kork",73,3,2,1,"numara","korkmara"
104,"pmak","pmak-last_blank","last_blank",5,1,"carthy-last_blank","carthy",1,0,2,1,"numara yapmak","numara yacarthy"
584,"first_blank","first_blank-od","od",1,15,"first_blank-ür","ür",15,0,0,1,"oda","üra"
516,"first_blank","first_blank-od","od",1,15,"first_blank-öm","öm",15,0,0,1,"odak","ömak"
337,"öğ","öğ-ren","ren",3,136,"kang-ren","kang",1,135,2,1,"öğrenci","kangrenci"
411,"ren","ren-mek","mek",3,6,"edil-mek","edil",3,3,1,1,"öğrenmek","öğedilmek"
838,"rük","rük-last_blank","last_blank",3,4,"okie-last_blank","okie",4,0,1,1,"öksürük","öksüokie"
239,"first_blank","first_blank-oku","oku",2,153,"first_blank-has","has",152,1,0,1,"okuma","hasma"
328,"oku","oku-man","man",2,1,"pat-man","pat",1,0,0,1,"okuman","patman"
403,"ışı","ışı-last_blank","last_blank",4,1,"mestr-last_blank","mestr",1,0,2,1,"olağan dışı","olağan dmestr"
960,"first_blank","first_blank-ola","ola",4,254,"first_blank-gangs","gangs",6,248,2,1,"olağanüstü","gangsğanüstü"
229,"ola","ola-sı","sı",3,17,"anım-sı","anım",2,15,1,1,"olasılık","anımsılık"
519,"ol","ol-ay","ay",1,1,"qu-ay","qu",1,0,0,1,"olay","quay"
79,"üm","üm-last_blank","last_blank",1,6,"ıl-last_blank","ıl",6,0,0,1,"ölüm","ölıl"
876,"cül","cül-last_blank","last_blank",2,2,"pur-last_blank","pur",2,0,0,1,"ölümcül","ölümpur"
72,"first_blank","first_blank-oluş","oluş",3,58,"first_blank-adam","adam",57,1,0,1,"oluşturmak","adamturmak"
994,"first_blank","first_blank-omur","omur",2,6,"first_blank-esir","esir",6,0,0,1,"omurga","esirga"
608,"first_blank","first_blank-om","om",1,26,"first_blank-ef","ef",26,0,0,1,"omuz","efuz"
858,"ön","ön-last_blank","last_blank",1,1,"tm-last_blank","tm",1,0,0,1,"ön","tm"
386,"first_blank","first_blank-onay","onay",2,34,"first_blank-fran","fran",34,0,0,1,"onayla","franla"
980,"nel","nel-last_blank","last_blank",4,19,"worth-last_blank","worth",7,12,2,1,"operasyonel","operasyoworth"
465,"first_blank","first_blank-öpü","öpü",2,24,"first_blank-mey","mey",24,0,0,1,"öpücük","meycük"
852,"gazm","gazm-last_blank","last_blank",2,1,"ugar-last_blank","ugar",1,0,0,1,"orgazm","orugar"
203,"first_blank","first_blank-ori","ori",3,9,"first_blank-aley","aley",9,0,1,1,"orijinal","aleyjinal"
201,"kest","kest-ra","ra",3,6,"lond-ra","lond",4,2,0,1,"orkestra","orlondra"
694,"man","man-last_blank","last_blank",2,321,"yim-last_blank","yim",324,3,0,1,"orman","oryim"
710,"cek","cek-last_blank","last_blank",2,9,"hat-last_blank","hat",9,0,0,1,"örümcek","örümhat"
341,"ot","ot-el","el",1,1,"ot-ch","ch",1,0,0,1,"otel","otch"
22,"first_blank","first_blank-otop","otop",2,7,"first_blank-etek","etek",7,0,0,1,"otopsi","eteksi"
436,"first_blank","first_blank-oy","oy",2,215,"first_blank-gel","gel",219,4,1,1,"oyna","gelna"
652,"ebek","ebek-last_blank","last_blank",4,1,"ginty-last_blank","ginty",1,0,1,1,"oyuncak bebek","oyuncak bginty"
461,"öz","öz-el","el",1,1,"ti-el","ti",1,0,0,1,"özel","tiel"
513,"lük","lük-last_blank","last_blank",3,48,"ford-last_blank","ford",32,16,1,1,"özgürlük","özgürford"
950,"ra","ra-lı","lı",3,33,"ağır-lı","ağır",10,23,2,1,"paralı","paağırlı"
274,"first_blank","first_blank-pa","pa",6,407,"trans-pa","trans",1,406,6,2,"paramparça etmek","transparamparça etmek"
208,"no","no-yak","yak",4,4,"no-votny","votny",1,3,2,1,"paranoyak","paranovotny"
773,"lak","lak-lık","lık",3,7,"ağır-lık","ağır",6,1,1,1,"parlaklık","parağırlık"
209,"men","men-to","to",4,9,"grays-to","grays",1,8,2,1,"parlamento","parlagraysto"
552,"first_blank","first_blank-par","par",2,255,"first_blank-ola","ola",254,1,0,1,"parmak","olamak"
855,"fik","fik-last_blank","last_blank",3,12,"burg-last_blank","burg",12,0,1,1,"pasifik","pasiburg"
791,"pas","pas-lı","lı",2,1,"şır-lı","şır",1,0,0,1,"paslı","şırlı"
750,"tes","tes-last_blank","last_blank",3,20,"ning-last_blank","ning",18,2,1,1,"patates","pataning"
826,"first_blank","first_blank-pat","pat",3,131,"first_blank-oyun","oyun",79,52,1,1,"patlamak","oyunlamak"
458,"ünü","ünü-last_blank","last_blank",6,1,"nimhhhh-last_blank","nimhhhh",1,0,4,1,"pazartesi günü","pazartesi gnimhhhh"
396,"first_blank","first_blank-pen","pen",3,49,"first_blank-iliş","iliş",48,1,1,1,"pencere","ilişcere"
636,"şin","şin-last_blank","last_blank",2,29,"zım-last_blank","zım",29,0,0,1,"peşin","pezım"
215,"first_blank","first_blank-pik","pik",2,5,"first_blank-cru","cru",5,0,0,1,"piknik","crunik"
894,"pi","pi-ng","ng",1,1,"pi-et","et",1,0,0,1,"ping","piet"
842,"mit","mit-last_blank","last_blank",3,10,"ward-last_blank","ward",9,1,1,1,"piramit","piraward"
900,"şir","şir-mek","mek",3,3,"öpüş-mek","öpüş",2,1,1,1,"pişirmek","piöpüşmek"
498,"first_blank","first_blank-pis","pis",3,42,"first_blank-alış","alış",42,0,1,1,"piskopos","alışkopos"
451,"ya","ya-no","no",3,7,"ya-list","list",4,3,2,1,"piyano","piyalist"
805,"aj","aj-last_blank","last_blank",1,4,"üp-last_blank","üp",4,0,0,1,"plaj","plüp"
505,"first_blank","first_blank-pl","pl",1,12,"first_blank-au","au",12,0,0,1,"plan","auan"
744,"first_blank","first_blank-plat","plat",2,7,"first_blank-aran","aran",7,0,0,1,"platform","aranform"
219,"first_blank","first_blank-play","play",2,1,"first_blank-ales","ales",1,0,0,1,"playboy","alesboy"
223,"ka","ka-last_blank","last_blank",4,153,"lecek-last_blank","lecek",154,1,3,1,"politika","politilecek"
875,"first_blank","first_blank-pom","pom",2,15,"first_blank-key","key",15,0,0,1,"pompa","keypa"
483,"ler","ler-last_blank","last_blank",3,1666,"rick-last_blank","rick",18,1648,1,1,"popüler","popürick"
707,"first_blank","first_blank-por","por",2,25,"first_blank-mem","mem",25,0,0,1,"porno","memno"
225,"first_blank","first_blank-por","por",3,25,"first_blank-edin","edin",25,0,1,1,"portalı","edintalı"
162,"first_blank","first_blank-pos","pos",2,41,"first_blank-sap","sap",41,0,0,1,"posta","sapta"
649,"yel","yel-last_blank","last_blank",4,4,"hardt-last_blank","hardt",4,0,2,1,"potansiyel","potansihardt"
429,"und","und-last_blank","last_blank",2,10,"pan-last_blank","pan",10,0,0,1,"pound","popan"
323,"zi","zi-tif","tif",3,1,"zi-long","long",1,0,1,1,"pozitif","pozilong"
326,"ses","ses-last_blank","last_blank",2,6,"kül-last_blank","kül",6,0,0,1,"prenses","prenkül"
529,"fil","fil-last_blank","last_blank",2,7,"sur-last_blank","sur",7,0,0,1,"profil","prosur"
231,"first_blank","first_blank-pro","pro",2,130,"first_blank-suç","suç",129,1,0,1,"proje","suçje"
789,"pro","pro-te","te",3,5,"kent-te","kent",4,1,1,1,"protein","kenttein"
829,"tes","tes-to","to",3,4,"york-to","york",1,3,1,1,"protesto","proyorkto"
221,"first_blank","first_blank-pu","pu",2,58,"first_blank-red","red",58,0,1,1,"puan","redan"
234,"pu","pu-b","b",1,1,"um-b","um",1,0,0,1,"pub","umb"
790,"su","su-la","la",3,17,"uzak-la","uzak",16,1,2,1,"pusula","puuzakla"
431,"dar","dar-last_blank","last_blank",2,25,"mün-last_blank","mün",25,0,0,1,"radar","ramün"
445,"first_blank","first_blank-rad","rad",2,28,"first_blank-gru","gru",28,0,0,1,"radyo","gruyo"
55,"hat","hat-last_blank","last_blank",2,9,"bil-last_blank","bil",9,0,0,1,"rahat","rabil"
309,"hat","hat-sız","sız",3,12,"akıl-sız","akıl",2,10,1,1,"rahatsız","raakılsız"
245,"por","por-last_blank","last_blank",2,1,"xel-last_blank","xel",1,0,0,1,"rapor","raxel"
686,"det","det-mek","mek",3,2,"öpüş-mek","öpüş",2,0,1,1,"reddetmek","redöpüşmek"
576,"first_blank","first_blank-ref","ref",2,5,"first_blank-fle","fle",5,0,0,1,"refleks","fleleks"
493,"hin","hin-last_blank","last_blank",2,19,"süz-last_blank","süz",19,0,0,1,"rehin","resüz"
57,"first_blank","first_blank-rek","rek",2,23,"first_blank-mac","mac",23,0,0,1,"reklam","maclam"
927,"lâm","lâm-last_blank","last_blank",2,2,"nuk-last_blank","nuk",2,0,0,1,"reklâm","reknuk"
915,"re","re-sep","sep",4,7,"re-ality","ality",1,6,2,1,"resepsiyon","realitysiyon"
590,"sim","sim-last_blank","last_blank",2,29,"tür-last_blank","tür",29,0,0,1,"resim","retür"
428,"arak","arak-last_blank","last_blank",4,1,"hultz-last_blank","hultz",1,0,1,1,"resmi olarak","resmi olhultz"
342,"sk","sk-last_blank","last_blank",1,10,"jo-last_blank","jo",10,0,0,1,"risk","rijo"
252,"risk","risk-li","li",2,2,"vinç-li","vinç",2,0,0,1,"riskli","vinçli"
250,"ri","ri-tim","tim",2,1,"ri-dan","dan",1,0,0,1,"ritim","ridan"
433,"ri","ri-tü","tü",3,3,"öpüş-tü","öpüş",3,0,2,1,"ritüel","öpüştüel"
695,"bot","bot-last_blank","last_blank",2,6,"rıl-last_blank","rıl",6,0,0,1,"robot","rorıl"
849,"deo","deo-last_blank","last_blank",2,4,"iji-last_blank","iji",4,0,0,1,"rodeo","roiji"
618,"ro","ro-ket","ket",2,4,"ro-dan","dan",4,0,0,1,"roket","rodan"
257,"ro","ro-m","m",1,1,"az-m","az",1,0,0,1,"rom","azm"
538,"ro","ro-ma","ma",2,19,"çır-ma","çır",19,0,1,1,"roma","çırma"
794,"meo","meo-last_blank","last_blank",2,1,"çiş-last_blank","çiş",1,0,0,1,"romeo","roçiş"
697,"zet","zet-last_blank","last_blank",2,4,"rod-last_blank","rod",4,0,0,1,"rozet","rorod"
466,"ru","ru-h","h",1,1,"lc-h","lc",1,0,0,1,"ruh","lch"
837,"first_blank","first_blank-ru","ru",1,88,"first_blank-no","no",87,1,0,1,"ruj","noj"
884,"vet","vet-last_blank","last_blank",2,12,"kil-last_blank","kil",12,0,0,1,"rüşvet","rüşkil"
357,"gâr","gâr-last_blank","last_blank",2,2,"hae-last_blank","hae",2,0,0,1,"rüzgâr","rüzhae"
658,"bır","bır-last_blank","last_blank",2,1,"gei-last_blank","gei",1,0,0,1,"sabır","sagei"
544,"sa","sa-ç","ç",1,1,"an-ç","an",2,1,0,1,"saç","anç"
809,"saç","saç-ma","ma",2,41,"rış-ma","rış",41,0,0,1,"saçma","rışma"
107,"kât","kât-last_blank","last_blank",3,1,"leyn-last_blank","leyn",1,0,1,1,"sadakât","sadaleyn"
148,"sa","sa-de","de",3,7,"elin-de","elin",8,1,2,1,"sadece","elindece"
613,"sa","sa-dık","dık",2,5,"sa-maz","maz",5,0,0,1,"sadık","samaz"
251,"first_blank","first_blank-sa","sa",1,1251,"first_blank-ko","ko",1296,45,0,1,"sağ","koğ"
128,"first_blank","first_blank-sağ","sağ",2,149,"first_blank-yol","yol",150,1,0,1,"sağlık","yollık"
129,"lık","lık-lı","lı",3,16,"kral-lı","kral",13,3,1,1,"sağlıklı","sağkrallı"
532,"şa","şa-ir","ir",2,2,"şa-tan","tan",2,0,1,1,"şair","şatan"
991,"goz","goz-last_blank","last_blank",3,2,"wery-last_blank","wery",2,0,1,1,"salyangoz","salyanwery"
41,"first_blank","first_blank-şam","şam",3,30,"first_blank-genç","genç",30,0,1,1,"şampiyon","gençpiyon"
638,"nat","nat-last_blank","last_blank",2,15,"kun-last_blank","kun",15,0,0,1,"sanat","sakun"
425,"nat","nat-çı","çı",3,12,"rock-çı","rock",1,11,1,1,"sanatçı","sarockçı"
144,"na","na-yi","yi",3,3,"na-kavt","kavt",2,1,2,1,"sanayi","sanakavt"
614,"viç","viç-last_blank","last_blank",2,2,"ğup-last_blank","ğup",2,0,0,1,"sandviç","sandğup"
263,"sa","sa-ni","ni",3,31,"aile-ni","aile",4,27,2,1,"saniye","aileniye"
831,"first_blank","first_blank-şan","şan",2,32,"first_blank-üye","üye",32,0,0,1,"şanlı","üyelı"
586,"şa","şa-ns","ns",1,1,"şa-la","la",1,0,0,1,"şans","şala"
984,"nel","nel-last_blank","last_blank",4,19,"worth-last_blank","worth",7,12,2,1,"sansasyonel","sansasyoworth"
42,"söl","söl-ye","ye",3,1,"klav-ye","klav",1,0,1,1,"şansölye","şanklavye"
471,"rap","rap-last_blank","last_blank",2,9,"zie-last_blank","zie",9,0,0,1,"şarap","şazie"
518,"ray","ray-last_blank","last_blank",2,6,"tiş-last_blank","tiş",6,0,0,1,"saray","satiş"
840,"rım","rım-sak","sak",3,2,"unut-sak","unut",1,1,1,1,"sarımsak","saunutsak"
490,"first_blank","first_blank-şar","şar",3,58,"first_blank-oluş","oluş",58,0,1,1,"şarkıcı","oluşkıcı"
758,"sa","sa-tı","tı",3,57,"akın-tı","akın",7,50,2,1,"satıcı","akıntıcı"
368,"lmak","lmak-last_blank","last_blank",4,1,"oking-last_blank","oking",1,0,1,1,"satın almak","satın aoking"
369,"vaş","vaş-last_blank","last_blank",2,2,"zör-last_blank","zör",2,0,0,1,"savaş","sazör"
246,"first_blank","first_blank-say","say",2,82,"first_blank-ken","ken",82,0,0,1,"saygı","kengı"
68,"say","say-mak","mak",2,2,"vun-mak","vun",2,0,0,1,"saymak","vunmak"
240,"bep","bep-last_blank","last_blank",2,1,"düt-last_blank","düt",1,0,0,1,"sebep","sedüt"
766,"se","se-ç","ç",1,1,"ün-ç","ün",2,1,0,1,"seç","ünç"
508,"çim","çim-last_blank","last_blank",2,9,"ras-last_blank","ras",9,0,0,1,"seçim","seras"
988,"first_blank","first_blank-şef","şef",3,17,"first_blank-grup","grup",17,0,1,1,"şefkâtli","grupkâtli"
648,"ker","ker-last_blank","last_blank",2,54,"yip-last_blank","yip",53,1,0,1,"şeker","şeyip"
379,"first_blank","first_blank-sek","sek",3,44,"first_blank-çift","çift",43,1,1,1,"sekreter","çiftreter"
724,"mi","mi-ner","ner",3,3,"mi-lady","lady",1,2,1,1,"seminer","semilady"
287,"tom","tom-last_blank","last_blank",2,8,"hen-last_blank","hen",8,0,0,1,"semptom","semphen"
628,"sör","sör-last_blank","last_blank",2,6,"hon-last_blank","hon",6,0,0,1,"sensör","senhon"
716,"best","best-çe","çe",3,1,"ezik-çe","ezik",1,0,0,1,"serbestçe","serezikçe"
563,"rif","rif-last_blank","last_blank",2,8,"hım-last_blank","hım",8,0,0,1,"şerif","şehım"
898,"se","se-s","s",1,1,"rt-s","rt",1,0,0,1,"ses","rts"
655,"first_blank","first_blank-ses","ses",2,49,"first_blank-gül","gül",49,0,0,1,"sessiz","gülsiz"
469,"first_blank","first_blank-ses","ses",3,49,"first_blank-iliş","iliş",48,1,1,1,"sessizlik","ilişsizlik"
727,"zar","zar-last_blank","last_blank",2,15,"kie-last_blank","kie",15,0,0,1,"sezar","sekie"
795,"lock","lock-last_blank","last_blank",2,6,"port-last_blank","port",6,0,0,1,"sherlock","sherport"
275,"çmek","çmek-last_blank","last_blank",5,1,"rength-last_blank","rength",1,0,2,1,"sigara içmek","sigara irength"
59,"ka","ka-yet","yet",3,7,"ka-zanç","zanç",4,3,1,1,"şikayet","şikazanç"
190,"first_blank","first_blank-şim","şim",2,14,"first_blank-eko","eko",14,0,0,1,"şimdi","ekodi"
841,"cap","cap-last_blank","last_blank",2,2,"nük-last_blank","nük",2,0,0,1,"sincap","sinnük"
84,"first_blank","first_blank-sin","sin",4,37,"first_blank-elekt","elekt",23,14,2,1,"sindirici","elektdirici"
615,"ne","ne-ma","ma",3,12,"ayır-ma","ayır",13,1,2,1,"sinema","siayırma"
698,"nir","nir-last_blank","last_blank",2,46,"suz-last_blank","suz",46,0,0,1,"sinir","sisuz"
438,"first_blank","first_blank-şir","şir",2,41,"first_blank-don","don",41,0,0,1,"şirket","donket"
723,"vil","vil-last_blank","last_blank",2,3,"çar-last_blank","çar",3,0,0,1,"sivil","siçar"
346,"sı","sı-cak","cak",2,20,"sı-dır","dır",16,4,0,1,"sıcak","sıdır"
551,"cak","cak-lık","lık",3,4,"ağır-lık","ağır",6,2,1,1,"sıcaklık","sıağırlık"
753,"nak","nak-last_blank","last_blank",3,19,"well-last_blank","well",19,0,1,1,"sığınak","sığıwell"
792,"kı","kı-ca","ca",3,1,"uzun-ca","uzun",1,0,2,1,"sıkıca","sıuzunca"
577,"first_blank","first_blank-sık","sık",2,27,"first_blank-nor","nor",27,0,0,1,"sıklık","norlık"
957,"nav","nav-last_blank","last_blank",2,4,"şem-last_blank","şem",4,0,0,1,"sınav","sışem"
439,"nıf","nıf-last_blank","last_blank",2,1,"gaç-last_blank","gaç",1,0,0,1,"sınıf","sıgaç"
202,"ra","ra-dan","dan",3,19,"ra-pist","pist",2,17,1,1,"sıradan","sırapist"
152,"vı","vı-last_blank","last_blank",2,3,"kol-last_blank","kol",3,0,1,1,"sıvı","sıkol"
934,"sok","sok-mak","mak",2,2,"ran-mak","ran",2,0,0,1,"sokmak","ranmak"
939,"can","can-last_blank","last_blank",3,16,"bert-last_blank","bert",16,0,1,1,"solucan","solubert"
94,"so","so-n","n",1,1,"en-n","en",1,0,0,1,"son","enn"
98,"son","son-suz","suz",2,6,"son-lan","lan",6,0,0,1,"sonsuz","sonlan"
807,"nuç","nuç-last_blank","last_blank",2,1,"deh-last_blank","deh",1,0,0,1,"sonuç","sodeh"
237,"ru","ru-last_blank","last_blank",2,90,"nün-last_blank","nün",91,1,1,1,"soru","sonün"
247,"luk","luk-last_blank","last_blank",4,96,"worth-last_blank","worth",7,89,2,1,"sorumluluk","sorumluworth"
680,"run","run-last_blank","last_blank",2,41,"ney-last_blank","ney",41,0,0,1,"sorun","soney"
260,"le","le-mek","mek",3,77,"le-opar","opar",2,75,1,1,"söylemek","söyleopar"
186,"first_blank","first_blank-soy","soy",2,66,"first_blank-güç","güç",66,0,0,1,"soylu","güçlu"
478,"first_blank","first_blank-söz","söz",3,62,"first_blank-uyan","uyan",62,0,1,1,"sözleşme","uyanleşme"
981,"first_blank","first_blank-söz","söz",2,62,"first_blank-bin","bin",62,0,0,1,"sözlük","binlük"
279,"first_blank","first_blank-stad","stad",2,6,"first_blank-inat","inat",6,0,0,1,"stadyum","inatyum"
283,"res","res-last_blank","last_blank",2,13,"low-last_blank","low",13,0,0,1,"stres","stlow"
854,"per","per-men","men",3,1,"edil-men","edil",1,0,1,1,"süpermen","süedilmen"
86,"first_blank","first_blank-şüp","şüp",2,69,"first_blank-can","can",69,0,0,1,"şüphe","canhe"
761,"sür","sür-mek","mek",2,3,"vet-mek","vet",3,0,0,1,"sürmek","vetmek"
596,"first_blank","first_blank-sürp","sürp",2,14,"first_blank-ısır","ısır",14,0,0,1,"sürpriz","ısırriz"
172,"sü","sü-t","t",1,1,"ir-t","ir",1,0,0,1,"süt","irt"
722,"sü","sü-va","va",3,5,"brat-va","brat",1,4,2,1,"süvari","bratvari"
216,"ban","ban-ca","ca",3,13,"açık-ca","açık",2,11,1,1,"tabanca","taaçıkca"
754,"first_blank","first_blank-tab","tab",2,19,"first_blank-dök","dök",19,0,0,1,"tablet","döklet"
413,"first_blank","first_blank-tab","tab",2,19,"first_blank-şiş","şiş",19,0,0,1,"tablo","şişlo"
53,"but","but-last_blank","last_blank",2,2,"zoz-last_blank","zoz",2,0,0,1,"tabut","tazoz"
75,"ta","ta-ç","ç",1,1,"an-ç","an",2,1,0,1,"taç","anç"
923,"hıl","hıl-last_blank","last_blank",2,1,"adi-last_blank","adi",1,0,0,1,"tahıl","taadi"
113,"tmek","tmek-last_blank","last_blank",4,1,"bably-last_blank","bably",1,0,1,1,"takip etmek","takip ebably"
835," ad"," ad-last_blank","last_blank",3,1,"venk-last_blank","venk",1,0,1,1,"takma ad","takmavenk"
289,"first_blank","first_blank-tak","tak",2,121,"first_blank-gir","gir",121,0,0,1,"taksi","girsi"
713,"vim","vim-last_blank","last_blank",2,4,"bün-last_blank","bün",4,0,0,1,"takvim","takbün"
815,"tmek","tmek-last_blank","last_blank",4,1,"dolyn-last_blank","dolyn",1,0,1,1,"talep etmek","talep edolyn"
954,"lih","lih-siz","siz",3,3,"önem-siz","önem",3,0,1,1,"talihsiz","taönemsiz"
193,"mam","mam-last_blank","last_blank",2,265,"tır-last_blank","tır",267,2,0,1,"tamam","tatır"
473,"nık","nık-last_blank","last_blank",2,10,"har-last_blank","har",10,0,0,1,"tanık","tahar"
241,"mak","mak-last_blank","last_blank",3,530,"ford-last_blank","ford",32,498,1,1,"tanımak","tanıford"
300,"eosu","eosu-last_blank","last_blank",6,1,"nimhhhh-last_blank","nimhhhh",1,0,3,1,"tanıtım videosu","tanıtım vidnimhhhh"
288,"ta","ta-nk","nk",1,1,"ta-ah","ah",1,0,0,1,"tank","taah"
121,"first_blank","first_blank-tan","tan",2,65,"first_blank-oda","oda",65,0,0,1,"tanrı","odarı"
521,".. mabet",".. mabet-last_blank","last_blank",7,1,"ransky-last_blank","ransky",1,0,2,1,"tapınak şakak .. mabet","tapınak şakak ransky"
968,"çın","çın-last_blank","last_blank",2,7,"vir-last_blank","vir",7,0,0,1,"tarçın","tarvir"
772,"ta","ta-s","s",1,1,"ht-s","ht",1,0,0,1,"tas","hts"
570,"first_blank","first_blank-tat","tat",2,40,"first_blank-nok","nok",40,0,0,1,"tatlı","noklı"
806,"first_blank","first_blank-tav","tav",3,46,"first_blank-prog","prog",47,1,1,1,"tavsiye","progsiye"
641,"vuk","vuk-last_blank","last_blank",2,3,"urt-last_blank","urt",3,0,0,1,"tavuk","taurt"
905,"ta","ta-ze","ze",2,6,"ta-rın","rın",6,0,1,1,"taze","tarın"
62,"tmek","tmek-last_blank","last_blank",4,1,"ality-last_blank","ality",1,0,1,1,"tebrik etmek","tebrik eality"
812,"zat","zat-last_blank","last_blank",3,4,"lizm-last_blank","lizm",4,0,1,1,"teçhizat","teçhilizm"
593,"tmek","tmek-last_blank","last_blank",5,1,"carthy-last_blank","carthy",1,0,2,1,"tecrübe etmek","tecrübe ecarthy"
8,"ına","ına-last_blank","last_blank",4,1,"mecek-last_blank","mecek",1,0,2,1,"tek başına","tek başmecek"
192,"lif","lif-last_blank","last_blank",2,5,"hur-last_blank","hur",5,0,0,1,"teklif","tekhur"
912,"first_blank","first_blank-tek","tek",7,145,"des-tek","des",45,100,8,3,"teklif etmek, önermek","desteklif etmek, önermek"
788,"nik","nik-last_blank","last_blank",2,35,"dün-last_blank","dün",35,0,0,1,"teknik","tekdün"
378,"first_blank","first_blank-tek","tek",4,145,"first_blank-abart","abart",12,133,2,1,"teknoloji","abartnoloji"
930,"kop","kop-last_blank","last_blank",3,3,"cent-last_blank","cent",3,0,1,1,"teleskop","telescent"
457,"raf","raf-last_blank","last_blank",2,11,"ugh-last_blank","ugh",11,0,0,1,"telgraf","telgugh"
903,"mel","mel-last_blank","last_blank",2,14,"hir-last_blank","hir",14,0,0,1,"temel","tehir"
47,"miz","miz-last_blank","last_blank",2,455,"ken-last_blank","ken",468,13,0,1,"temiz","teken"
424,"pe","pe-last_blank","last_blank",2,33,"ğüm-last_blank","ğüm",34,1,1,1,"tepe","teğüm"
489,"te","te-ra","ra",3,24,"prog-ra","prog",24,0,2,1,"terapi","prograpi"
720,"mi","mi-nal","nal",3,5,"mi-ting","ting",1,4,1,1,"terminal","termiting"
871,"tik","tik-le","le",4,52,"sperm-le","sperm",3,49,2,1,"tetiklemek","tespermlemek"
621,"first_blank","first_blank-til","til",2,6,"first_blank-whe","whe",6,0,0,1,"tilki","wheki"
616,"pik","pik-last_blank","last_blank",2,5,"ena-last_blank","ena",5,0,0,1,"tipik","tiena"
170,"first_blank","first_blank-tıb","tıb",2,6,"first_blank-swe","swe",6,0,0,1,"tıbbi","swebi"
482,"man","man-mak","mak",3,1,"açıl-mak","açıl",1,0,1,1,"tırmanmak","tıraçılmak"
688,"lam","lam-last_blank","last_blank",2,17,"tük-last_blank","tük",17,0,0,1,"toplam","toptük"
689,"top","top-la","la",3,87,"adam-la","adam",32,55,1,1,"toplamak","adamlamak"
422,"lum","lum-last_blank","last_blank",2,17,"tük-last_blank","tük",17,0,0,1,"toplum","toptük"
177,"to","to-y","y",1,1,"ud-y","ud",1,0,0,1,"toy","udy"
347,"tr","tr-en","en",1,4,"re-en","re",4,0,0,1,"tren","reen"
571,"fek","fek-last_blank","last_blank",2,2,"iss-last_blank","iss",2,0,0,1,"tüfek","tüiss"
345,"mör","mör-last_blank","last_blank",2,1,"sıi-last_blank","sıi",1,0,0,1,"tümör","tüsıi"
949,"tu","tu-na","na",2,11,"alı-na","alı",11,0,1,1,"tuna","alına"
603,"tu","tu-r","r",1,1,"ar-r","ar",1,0,0,1,"tur","arr"
299,"first_blank","first_blank-tur","tur",3,37,"first_blank-odak","odak",37,0,1,1,"turnuva","odaknuva"
137,"first_blank","first_blank-tut","tut",2,114,"first_blank-mer","mer",114,0,0,1,"tutmak","mermak"
932,"tu","tu-cu","cu",3,8,"tu-rist","rist",5,3,2,1,"tutucu","tuturist"
296,"tün","tün-last_blank","last_blank",2,30,"nie-last_blank","nie",30,0,0,1,"tütün","tünie"
297,"va","va-let","let",3,10,"va-izin","izin",1,9,1,1,"tuvalet","tuvaizin"
557,"rmak","rmak-last_blank","last_blank",4,1,"hultz-last_blank","hultz",1,0,1,1,"tuzak kurmak","tuzak kuhultz"
294,"first_blank","first_blank-üçün","üçün",2,8,"first_blank-örüm","örüm",8,0,0,1,"üçüncü","örümcü"
307,"first_blank","first_blank-uf","uf",1,10,"first_blank-öv","öv",10,0,0,1,"ufo","övo"
587,"first_blank","first_blank-ül","ül",2,57,"first_blank-teh","teh",57,0,1,1,"ülke","tehke"
179,"first_blank","first_blank-ulu","ulu",2,11,"first_blank-adi","adi",11,0,0,1,"ulusal","adisal"
146,"ulus","ulus-la","la",5,5,"witchb-la","witchb",1,4,2,1,"uluslararası","witchblararası"
139,"tmek","tmek-last_blank","last_blank",3,1,"apon-last_blank","apon",1,0,0,1,"ümit etmek","ümit eapon"
39,"first_blank","first_blank-ün","ün",2,25,"first_blank-mem","mem",25,0,1,1,"ünlü","memlü"
392,"unut","unut-mak","mak",2,1,"kırt-mak","kırt",1,0,0,1,"unutmak","kırtmak"
363,"first_blank","first_blank-üre","üre",3,32,"first_blank-ayır","ayır",33,1,1,1,"üretici","ayırtici"
798,"üs","üs-t","t",1,1,"on-t","on",1,0,0,1,"üst","ont"
997,"first_blank","first_blank-üs","üs",6,68,"an-üs","an",1,67,9,3,"üstesinden gelmek","anüstesinden gelmek"
314,"first_blank","first_blank-uya","uya",2,62,"first_blank-bin","bin",62,0,0,1,"uyarı","binrı"
480,"first_blank","first_blank-üy","üy",1,1,"first_blank-bs","bs",1,0,0,1,"üye","bse"
598,"gu","gu-la","la",4,95,"inanç-la","inanç",7,88,3,1,"uygulama","uyinançlama"
16,"la","la-mak","mak",4,122,"la-urent","urent",1,121,2,1,"uygulamak","uygulaurent"
258,"gün","gün-last_blank","last_blank",2,12,"vet-last_blank","vet",12,0,0,1,"üzgün","üzvet"
492,"man","man-last_blank","last_blank",2,321,"yim-last_blank","yim",324,3,0,1,"uzman","uzyim"
249,"hiy","hiy-last_blank","last_blank",2,1,"cok-last_blank","cok",1,0,0,1,"vahiy","vacok"
668,"first_blank","first_blank-vah","vah",2,11,"first_blank-kit","kit",11,0,0,1,"vahşi","kitşi"
625,"va","va-ji","ji",3,11,"aler-ji","aler",2,9,2,1,"vajina","alerjina"
333,"va","va-li","li",2,28,"rev-li","rev",24,4,1,1,"vali","revli"
528,"rış","rış-last_blank","last_blank",2,8,"baz-last_blank","baz",8,0,0,1,"varış","vabaz"
17,"var","var-mak","mak",2,2,"kun-mak","kun",2,0,0,1,"varmak","kunmak"
665,"ve","ve-ba","ba",2,4,"ve-ler","ler",4,0,1,1,"veba","veler"
755,"ve","ve-n","n",1,1,"xo-n","xo",1,0,0,1,"ven","xon"
687,"first_blank","first_blank-ve","ve",2,337,"first_blank-bil","bil",328,9,1,1,"veri","bilri"
450,"rüs","rüs-last_blank","last_blank",2,2,"sol-last_blank","sol",2,0,0,1,"virüs","visol"
316,"first_blank","first_blank-vis","vis",2,12,"first_blank-çok","çok",12,0,0,1,"viski","çokki"
897,"vur","vur-mak","mak",2,5,"zan-mak","zan",5,0,0,1,"vurmak","zanmak"
537,"hing","hing-ton","ton",3,2,"krip-ton","krip",2,0,0,1,"washington","waskripton"
373,"mur","mur-last_blank","last_blank",2,9,"fen-last_blank","fen",9,0,0,1,"yağmur","yağfen"
122,"la","la-mak","mak",4,122,"la-urent","urent",1,121,2,1,"yakalamak","yakalaurent"
180,"kın","kın-last_blank","last_blank",2,37,"les-last_blank","les",38,1,0,1,"yakın","yales"
507,"ya","ya-lan","lan",2,26,"ya-fet","fet",27,1,0,1,"yalan","yafet"
142,"sa","sa-ma","ma",4,26,"uçurt-ma","uçurt",2,24,3,1,"yanılsama","yanıluçurtma"
585,"lış","lış-last_blank","last_blank",2,7,"hil-last_blank","hil",7,0,0,1,"yanlış","yanhil"
163,"yap","yap-mak","mak",2,8,"lış-mak","lış",7,1,0,1,"yapmak","lışmak"
560,"ra","ra-last_blank","last_blank",2,650,"mış-last_blank","mış",609,41,1,1,"yara","yamış"
73,"rat","rat-ma","ma",3,12,"ayır-ma","ayır",13,1,1,1,"yaratma","yaayırma"
132,"edin","edin-last_blank","last_blank",4,1,"banks-last_blank","banks",1,0,1,1,"yardım edin","yardım banks"
717,"first_blank","first_blank-yar","yar",2,114,"first_blank-tut","tut",114,0,0,1,"yargı","tutgı"
853,"çap","çap-last_blank","last_blank",3,1,"ilen-last_blank","ilen",1,0,1,1,"yarıçap","yarıilen"
679,"ya","ya-rım","rım",2,9,"ya-dan","dan",9,0,0,1,"yarım","yadan"
298,"ya","ya-rın","rın",2,14,"ya-let","let",12,2,0,1,"yarın","yalet"
58,"rış","rış-ma","ma",3,41,"unut-ma","unut",36,5,1,1,"yarışma","yaunutma"
380,"şı","şı-last_blank","last_blank",4,77,"recek-last_blank","recek",55,22,3,1,"yasadışı","yasadırecek"
921,"sak","sak-lı","lı",3,20,"ağır-lı","ağır",10,10,1,1,"yasaklı","yaağırlı"
446,"vaş","vaş-last_blank","last_blank",2,2,"ene-last_blank","ene",2,0,0,1,"yavaş","yaene"
647,"avaş","avaş-last_blank","last_blank",4,1,"nolly-last_blank","nolly",1,0,1,1,"yavaş yavaş","yavaş ynolly"
358,"ya","ya-z","z",1,1,"az-z","az",1,0,0,1,"yaz","azz"
20,"zar","zar-last_blank","last_blank",2,15,"lün-last_blank","lün",15,0,0,1,"yazar","yalün"
578,"lım","lım-last_blank","last_blank",3,198,"ford-last_blank","ford",32,166,1,1,"yazılım","yazıford"
217,"ye","ye-r","r",1,1,"ci-r","ci",1,0,0,1,"yer","cir"
244,"rmek","rmek-last_blank","last_blank",5,1,"gonfly-last_blank","gonfly",1,0,2,1,"yer değiştirmek","yer değiştigonfly"
125,"şil","şil-last_blank","last_blank",2,2,"çun-last_blank","çun",2,0,0,1,"yeşil","yeçun"
969,"lik","lik-last_blank","last_blank",5,315,"aworld-last_blank","aworld",1,314,3,1,"yeteneksizlik","yeteneksizaworld"
95,"ter","ter-li","li",3,8,"komp-li","komp",4,4,1,1,"yeterli","yekompli"
976,"tim","tim-ha","ha",4,8,"amant-ha","amant",1,7,2,1,"yetimhane","yeamanthane"
880,"tiş","tiş-kin","kin",3,10,"onun-kin","onun",1,9,1,1,"yetişkin","yeonunkin"
797,"yecek","yecek-last_blank","last_blank",2,130,"worth-last_blank","worth",7,123,0,3,"yiyecek","yiworth"
663,"ümü","ümü-last_blank","last_blank",4,1,"ditch-last_blank","ditch",1,0,2,1,"yıl dönümü","yıl dönditch"
151,"first_blank","first_blank-yıl","yıl",3,84,"first_blank-plan","plan",83,1,1,1,"yıldırım","plandırım"
721,"yo","yo-ga","ga",2,2,"gar-ga","gar",2,0,1,1,"yoga","garga"
412,"sul","sul-last_blank","last_blank",2,3,"gas-last_blank","gas",3,0,0,1,"yoksul","yokgas"
924,"sul","sul-luk","luk",3,2,"dost-luk","dost",2,0,1,1,"yoksulluk","yokdostluk"
253,"yo","yo-l","l",1,1,"by-l","by",1,0,0,1,"yol","byl"
669,"first_blank","first_blank-yol","yol",2,150,"first_blank-sağ","sağ",149,1,0,1,"yolcu","sağcu"
164,"ti","ti-ci","ci",4,37,"ti-mothy","mothy",1,36,3,1,"yönetici","yönetimothy"
623,"ne","ne-tim","tim",3,10,"ne-ider","ider",1,9,1,1,"yönetim","yöneider"
953,"net","net-mek","mek",3,1,"ezil-mek","ezil",1,0,1,1,"yönetmek","yöezilmek"
45,"first_blank","first_blank-yon","yon",2,6,"first_blank-ler","ler",6,0,0,1,"yonga","lerga"
659,"tem","tem-last_blank","last_blank",2,13,"rüz-last_blank","rüz",13,0,0,1,"yöntem","yönrüz"
463,"first_blank","first_blank-yor","yor",2,22,"first_blank-fik","fik",22,0,0,1,"yorgun","fikgun"
822,"rum","rum-last_blank","last_blank",2,717,"mış-last_blank","mış",609,108,0,1,"yorum","yomış"
869,"yü","yü-k","k",1,1,"ns-k","ns",1,0,0,1,"yük","nsk"
771,"şak","şak-last_blank","last_blank",3,9,"mond-last_blank","mond",9,0,1,1,"yumuşak","yumumond"
916,"first_blank","first_blank-yut","yut",2,14,"first_blank-müs","müs",14,0,0,1,"yutmak","müsmak"
182,"va","va-last_blank","last_blank",2,56,"ger-last_blank","ger",56,0,1,1,"yuva","yuger"
254,"lak","lak-last_blank","last_blank",3,47,"ford-last_blank","ford",32,15,1,1,"yuvarlak","yuvarford"
397,"zük","zük-last_blank","last_blank",2,1,"ely-last_blank","ely",1,0,0,1,"yüzük","yüely"
453,"yıl","yıl-last_blank","last_blank",2,2,"ens-last_blank","ens",2,0,0,1,"yüzyıl","yüzens"
400,"fer","fer-last_blank","last_blank",2,14,"mik-last_blank","mik",14,0,0,1,"zafer","zamik"
222,"hir","hir-last_blank","last_blank",2,14,"dem-last_blank","dem",14,0,0,1,"zehir","zedem"
635,"ze","ze-min","min",2,6,"ze-ret","ret",3,3,0,1,"zemin","zeret"
549,"vk","vk-last_blank","last_blank",1,3,"pü-last_blank","pü",3,0,0,1,"zevk","zepü"
434,"hin","hin-sel","sel",3,1,"brük-sel","brük",1,0,1,1,"zihinsel","zibrüksel"
650,"cir","cir-last_blank","last_blank",2,3,"eve-last_blank","eve",3,0,0,1,"zincir","zineve"
893,"first_blank","first_blank-zıp","zıp",3,16,"first_blank-renk","renk",16,0,1,1,"zıplamak","renklamak"
872,"zı","zı-t","t",1,1,"of-t","of",1,0,0,1,"zıt","oft"
535,"first_blank","first_blank-zom","zom",2,11,"first_blank-adi","adi",11,0,0,1,"zombi","adibi"
634,"zor","zor-lu","lu",2,13,"tuk-lu","tuk",14,1,0,1,"zorlu","tuklu"
