"word_id","first","original_pair","second","syll","original_freq","replacement_pair","replacement_syll","replacement_freq","freq_diff","char_diff","letter_diff","original_word","replacement_word"
82,"first_blank","first_blank-abart","abart",2,12,"first_blank-inanç","inanç",11,1,0,2,"abartmak","inançmak"
481,"ab","ab-i","i",1,1,"po-i","po",1,0,0,1,"abi","poi"
765,"sürt","sürt-last_blank","last_blank",2,1,"seph-last_blank","seph",1,0,0,1,"absürt","abseph"
982,"aç","aç-last_blank","last_blank",1,9,"gı-last_blank","gı",9,0,0,1,"aç","gı"
4,"urum","urum-last_blank","last_blank",3,1,"sign-last_blank","sign",1,0,0,1,"acil durum","acil dsign"
965,"iz","iz-last_blank","last_blank",1,13,"rs-last_blank","rs",13,0,0,1,"aciz","acrs"
262,"first_blank","first_blank-açık","açık",3,114,"first_blank-inan","inan",125,11,0,1,"açık sözlü","inan sözlü"
7,"first_blank","first_blank-açık","açık",2,114,"first_blank-inan","inan",125,11,0,2,"açıkça","inança"
928,"first_blank","first_blank-acı","acı",3,74,"first_blank-kork","kork",73,1,1,1,"acımasız","korkmasız"
10,"first_blank","first_blank-acı","acı",3,74,"first_blank-kork","kork",73,1,1,1,"acınası","korknası"
427,"first_blank","first_blank-ada","ada",2,94,"first_blank-mar","mar",94,0,0,1,"adalet","marlet"
396,"first_blank","first_blank-ad","ad",2,77,"first_blank-dev","dev",77,0,1,1,"adli","devli"
398,"lin","lin-last_blank","last_blank",4,118,"yecek-last_blank","yecek",130,12,2,1,"adrenalin","adrenayecek"
661,"res","res-last_blank","last_blank",2,13,"yüm-last_blank","yüm",13,0,0,1,"adres","adyüm"
425,"ağ","ağ-last_blank","last_blank",1,1,"äl-last_blank","äl",1,0,0,1,"ağ","äl"
149,"aç","aç-last_blank","last_blank",1,9,"iş-last_blank","iş",9,0,0,1,"ağaç","ağiş"
19,"first_blank","first_blank-ağır","ağır",4,30,"first_blank-elekt","elekt",23,7,1,1,"ağır şekilde","elekt şekilde"
180,"first_blank","first_blank-ağ","ağ",2,146,"first_blank-tek","tek",145,1,1,1,"ağrı","tekrı"
534,"first_blank","first_blank-ai","ai",1,32,"first_blank-un","un",32,0,0,1,"aile","unle"
317,"aj","aj-an","an",1,2,"kr-an","kr",2,0,0,1,"ajans","krans"
329,"şam","şam-last_blank","last_blank",2,5,"lif-last_blank","lif",5,0,0,1,"akşam","aklif"
804,"ak","ak-san","san",2,3,"ak-lim","lim",1,2,0,1,"aksan","aklim"
998,"ak","ak-si","si",3,12,"önem-si","önem",7,5,2,1,"aksine","önemsine"
376,"tar","tar-last_blank","last_blank",2,35,"nik-last_blank","nik",35,0,0,1,"aktar","aknik"
888,"first_blank","first_blank-ak","ak",7,224,"bre-ak","bre",2,222,8,3,"aktif hale getirmek","breaktif hale getirmek"
28,"ti","ti-vi","vi",4,9,"ti-recek","recek",16,7,3,1,"aktivite","aktirecekte"
960,"tör","tör-last_blank","last_blank",2,28,"mis-last_blank","mis",28,0,0,1,"aktör","akmis"
29,"al","al-an","an",1,1,"zh-an","zh",1,0,0,1,"alan","zhan"
30,"al","al-ar","ar",1,1,"le-ar","le",1,0,0,1,"alarm","learm"
897,"first_blank","first_blank-alay","alay",2,3,"first_blank-ndey","ndey",3,0,0,1,"alaycı","ndeycı"
334,"bay","bay-last_blank","last_blank",2,6,"pel-last_blank","pel",6,0,0,1,"albay","alpel"
68,"ev","ev-last_blank","last_blank",1,6,"ix-last_blank","ix",6,0,0,1,"alev","alix"
137,"fa","fa-last_blank","last_blank",2,31,"rik-last_blank","rik",31,0,1,1,"alfa","alrik"
636,"first_blank","first_blank-ali","ali",2,17,"first_blank-kıl","kıl",17,0,0,1,"alibi","kılbi"
788,"alı","alı-cı","cı",2,9,"şan-cı","şan",8,1,0,1,"alıcı","şancı"
167,"first_blank","first_blank-alım","alım",2,1,"first_blank-idam","idam",1,0,0,1,"alımlı","idamlı"
456,"first_blank","first_blank-alın","alın",4,41,"first_blank-oturt","oturt",4,37,1,1,"alın yazısı","oturt yazısı"
919,"ısım","ısım-last_blank","last_blank",3,1,"lert-last_blank","lert",1,0,0,1,"alt kısım","alt klert"
437,"yat","yat-last_blank","last_blank",3,11,"ring-last_blank","ring",11,0,1,1,"ameliyat","ameliring"
17,"first_blank","first_blank-ame","ame",3,52,"first_blank-iliş","iliş",48,4,1,1,"amerika","ilişrika"
689,"liz","liz-last_blank","last_blank",2,11,"bar-last_blank","bar",11,0,0,1,"analiz","anabar"
470,"first_blank","first_blank-ana","ana",3,59,"first_blank-oluş","oluş",58,1,1,1,"anayasa","oluşyasa"
303,"la","la-mak","mak",3,122,"la-uren","uren",3,119,1,1,"anlamak","anlauren"
837,"an","an-laş","laş",3,52,"an-ders","ders",2,50,1,1,"anlaşma","andersma"
312,"lık","lık-last_blank","last_blank",4,306,"worth-last_blank","worth",7,299,2,1,"anlaşmazlık","anlaşmazworth"
83,"an","an-ne","ne",2,77,"der-ne","der",6,71,1,1,"anne","derne"
296,"first_blank","first_blank-apart","apart",2,11,"first_blank-inanç","inanç",11,0,0,2,"apartman","inançman"
898,"tal","tal-last_blank","last_blank",2,29,"lie-last_blank","lie",29,0,0,1,"aptal","aplie"
211,"tal","tal-lık","lık",3,4,"ağır-lık","ağır",6,2,1,1,"aptallık","apağırlık"
51,"first_blank","first_blank-ara","ara",2,374,"first_blank-baş","baş",369,5,0,1,"araba","başba"
486,"ara","ara-lık","lık",2,5,"kâr-lık","kâr",4,1,0,1,"aralık","kârlık"
41,"first_blank","first_blank-araş","araş",4,88,"first_blank-elekt","elekt",23,65,1,1,"araştırmacı","elekttırmacı"
420,"first_blank","first_blank-araş","araş",3,88,"first_blank-unut","unut",81,7,0,1,"araştırmak","unuttırmak"
96,"first_blank","first_blank-arı","arı",2,35,"first_blank-psi","psi",35,0,0,1,"arıza","psiza"
679,"ka","ka-last_blank","last_blank",2,153,"sem-last_blank","sem",152,1,1,1,"arka","arsem"
430,"daş","daş-last_blank","last_blank",3,5,"rett-last_blank","rett",5,0,1,1,"arkadaş","arkarett"
511,"ısı","ısı-last_blank","last_blank",6,1,"nimhhhh-last_blank","nimhhhh",1,0,4,1,"arkadaş canlısı","arkadaş canlnimhhhh"
934,"ar","ar-ter","ter",2,2,"ar-dia","dia",2,0,0,1,"arter","ardia"
798,"first_blank","first_blank-asis","asis",2,16,"first_blank-amaç","amaç",16,0,0,1,"asistan","amaçtan"
48,"first_blank","first_blank-aş","aş",1,70,"first_blank-lu","lu",70,0,0,1,"aşı","luı"
650,"aş","aş-k","k",1,1,"ns-k","ns",1,0,0,1,"aşk","nsk"
817,"ke","ke-ri","ri",3,18,"düst-ri","düst",10,8,2,1,"askeri","asdüstri"
266,"lan","lan-last_blank","last_blank",2,135,"ğiz-last_blank","ğiz",138,3,0,1,"aslan","asğiz"
695,"sas","sas-sin","sin",3,1,"iner-sin","iner",1,0,1,1,"assassin","asinersin"
286,"at","at-last_blank","last_blank",1,37,"od-last_blank","od",37,0,0,1,"at","od"
667,"eş","eş-last_blank","last_blank",1,3,"mb-last_blank","mb",3,0,0,1,"ateş","atmb"
701,"lan","lan-tik","tik",3,1,"tirt-tik","tirt",1,0,1,1,"atlantik","attirttik"
908,"at","at-mak","mak",2,4,"at-her","her",4,0,0,1,"atmak","ather"
175,"fer","fer-last_blank","last_blank",3,14,"kins-last_blank","kins",12,2,1,1,"atmosfer","atmoskins"
73,"first_blank","first_blank-av","av",2,99,"first_blank-giy","giy",97,2,1,1,"avcı","giycı"
133,"first_blank","first_blank-ayak","ayak",3,88,"first_blank-unut","unut",81,7,0,1,"ayakkabı","unutkabı"
275,"aaş","aaş-last_blank","last_blank",4,1,"iders-last_blank","iders",1,0,2,1,"aylık maaş","aylık miders"
741,"first_blank","first_blank-ay","ay",2,328,"first_blank-bil","bil",328,0,1,1,"ayna","bilna"
769,"rıl","rıl-dı","dı",3,57,"uyan-dı","uyan",25,32,1,1,"ayrıldı","ayuyandı"
57,"first_blank","first_blank-azalt","azalt",2,6,"first_blank-augus","augus",6,0,0,2,"azaltmak","augusmak"
39,"ba","ba-last_blank","last_blank",2,67,"sün-last_blank","sün",65,2,1,1,"baba","basün"
409,"first_blank","first_blank-ba","ba",1,1277,"first_blank-ko","ko",1296,19,0,1,"bağ","koğ"
384,"ğış","ğış-last_blank","last_blank",2,2,"giç-last_blank","giç",2,0,0,1,"bağış","bagiç"
85,"bağ","bağ-la","la",3,59,"dost-la","dost",25,34,1,1,"bağlamak","dostlamak"
16,"ba","ba-ha","ha",3,32,"ba-sınç","sınç",3,29,2,1,"bahane","basınçne"
148,"ba","ba-kan","kan",2,20,"ba-yıl","yıl",19,1,0,1,"bakan","bayıl"
271,"kan","kan-lık","lık",3,14,"ağır-lık","ağır",6,8,1,1,"bakanlık","baağırlık"
395,"kım","kım-last_blank","last_blank",2,12,"mus-last_blank","mus",12,0,0,1,"bakım","bamus"
564,"pmak","pmak-last_blank","last_blank",4,1,"abody-last_blank","abody",1,0,1,1,"bakım yapmak","bakım yaabody"
555,"lık","lık-last_blank","last_blank",2,306,"man-last_blank","man",321,15,0,1,"balık","baman"
74,"tma","tma-last_blank","last_blank",4,1,"endly-last_blank","endly",1,0,2,1,"balık tutma","balık tuendly"
253,"first_blank","first_blank-ban","ban",2,79,"first_blank-kes","kes",79,0,0,1,"banyo","kesyo"
820,"nak","nak-last_blank","last_blank",3,19,"well-last_blank","well",19,0,1,1,"barınak","barıwell"
920,"şar","şar-mak","mak",3,1,"anıl-mak","anıl",1,0,1,1,"başarmak","baanılmak"
97,"sit","sit-last_blank","last_blank",2,14,"dor-last_blank","dor",14,0,0,1,"basit","bador"
783,"kan","kan-last_blank","last_blank",2,51,"tur-last_blank","tur",50,1,0,1,"başkan","baştur"
646,"pmak","pmak-last_blank","last_blank",4,1,"ditch-last_blank","ditch",1,0,1,1,"baskı yapmak","baskı yaditch"
433,"baş","baş-lık","lık",2,5,"baş-ken","ken",5,0,0,1,"başlık","başken"
144,"bas","bas-mak","mak",2,2,"tış-mak","tış",2,0,0,1,"basmak","tışmak"
700,"baş","baş-par","par",3,3,"baş-kent","kent",4,1,1,1,"başparmak","başkentmak"
362,"tı","tı-lı","lı",3,36,"plan-lı","plan",16,20,2,1,"batılı","baplanlı"
431,"vul","vul-last_blank","last_blank",2,2,"mio-last_blank","mio",2,0,0,1,"bavul","bamio"
569,"yan","yan-last_blank","last_blank",2,182,"ğız-last_blank","ğız",183,1,0,1,"bayan","bağız"
325,"rson","rson-last_blank","last_blank",4,1,"berty-last_blank","berty",1,0,1,1,"bayan garson","bayan gaberty"
802,"be","be-da","da",3,3,"skan-da","skan",3,0,2,1,"bedava","skandava"
110,"le","le-mek","mek",3,77,"le-opar","opar",2,75,1,1,"beklemek","bekleopar"
121,"first_blank","first_blank-bek","bek",8,223,"be-bek","be",25,198,9,2,"beklenmedik bir şekilde","bebeklenmedik bir şekilde"
803,"anı","anı-last_blank","last_blank",7,3,"anı-lar","lar",3,0,7,1,"belediye başkanı","belediye başkanılar"
243,"first_blank","first_blank-bel","bel",2,65,"first_blank-tan","tan",65,0,0,1,"belge","tange"
172,"lir","lir-le","le",4,36,"prens-le","prens",3,33,2,1,"belirleme","beprensleme"
732,"lirt","lirt-mek","mek",3,2,"öpüş-mek","öpüş",2,0,0,1,"belirtmek","beöpüşmek"
306,"first_blank","first_blank-be","be",6,670,"kay-be","kay",63,607,8,4,"belirtmek, bildirmek","kaybelirtmek, bildirmek"
418,"cil","cil-last_blank","last_blank",2,9,"çen-last_blank","çen",9,0,0,1,"bencil","bençen"
134,"be","be-re","re",4,14,"be-owulf","owulf",1,13,3,1,"berabere","berabeowulf"
560,"bat","bat-last_blank","last_blank",2,11,"liz-last_blank","liz",11,0,0,1,"berbat","berliz"
839,"bol","bol-last_blank","last_blank",2,10,"dia-last_blank","dia",10,0,0,1,"beyzbol","beyzdia"
875,"first_blank","first_blank-bil","bil",2,328,"first_blank-ara","ara",374,46,0,1,"bilgi","aragi"
739,"rmek","rmek-last_blank","last_blank",4,1,"narch-last_blank","narch",1,0,1,1,"bilgi vermek","bilgi venarch"
961,"yar","yar-last_blank","last_blank",4,15,"şecek-last_blank","şecek",16,1,2,1,"bilgisayar","bilgisaşecek"
880,"lim","lim-last_blank","last_blank",2,186,"mez-last_blank","mez",185,1,0,1,"bilim","bimez"
197,"anı","anı-last_blank","last_blank",5,3,"terfly-last_blank","terfly",1,2,3,1,"bilim insanı","bilim insterfly"
471,"first_blank","first_blank-bi","bi",10,794,"ede-bi","ede",55,739,8,1,"bilinç bulanıklığı, konfüzyon","edebilinç bulanıklığı, konfüzyon"
47,"bi","bi-lin","lin",4,28,"bi-tecek","tecek",1,27,2,1,"bilinmeyen","bitecekmeyen"
811,"mek","mek-last_blank","last_blank",2,439,"ğim-last_blank","ğim",424,15,0,1,"bilmek","bilğim"
577,"bi","bi-na","na",2,25,"kay-na","kay",26,1,1,1,"bina","kayna"
393," şey"," şey-last_blank","last_blank",2,1,"uden-last_blank","uden",1,0,0,1,"bir şey","biruden"
98,"rde","rde-last_blank","last_blank",3,1,"ğurt-last_blank","ğurt",1,0,1,1,"bir yerde","bir yeğurt"
402,"bi","bi-ra","ra",2,32,"kah-ra","kah",30,2,1,1,"bira","kahra"
523,"rey","rey-sel","sel",3,1,"işit-sel","işit",1,0,1,1,"bireysel","biişitsel"
829,"bi","bi-tiş","tiş",2,1,"bi-imi","imi",1,0,0,1,"bitiş","biimi"
518,"ji","ji-last_blank","last_blank",4,53,"recek-last_blank","recek",55,2,3,1,"biyoloji","biyolorecek"
519,"lo","lo-jik","jik",4,11,"lo-ughby","ughby",1,10,2,1,"biyolojik","biyoloughby"
526,"çak","çak-last_blank","last_blank",2,4,"jit-last_blank","jit",4,0,0,1,"bıçak","bıjit"
687,"cek","cek-last_blank","last_blank",2,9,"çin-last_blank","çin",9,0,0,1,"böcek","böçin"
230,"lüm","lüm-last_blank","last_blank",2,12,"fik-last_blank","fik",12,0,0,1,"bölüm","böfik"
122,"lün","lün-me","me",3,2,"erit-me","erit",2,0,1,1,"bölünme","böeritme"
571,"rç","rç-last_blank","last_blank",1,3,"eb-last_blank","eb",3,0,0,1,"borç","boeb"
939,"first_blank","first_blank-bos","bos",2,7,"first_blank-çıp","çıp",7,0,0,1,"boston","çıpton"
219,"bo","bo-t","t",1,2,"in-t","in",2,0,0,1,"bot","int"
125,"yun","yun-last_blank","last_blank",2,12,"nis-last_blank","nis",12,0,0,1,"boyun","bonis"
508,"boz","boz-mak","mak",2,2,"ğul-mak","ğul",2,0,0,1,"bozmak","ğulmak"
52,"bul","bul-mak","mak",2,6,"tar-mak","tar",6,0,0,1,"bulmak","tarmak"
21,"run","run-last_blank","last_blank",2,41,"ney-last_blank","ney",41,0,0,1,"burun","buney"
672,"lle","lle-last_blank","last_blank",6,1,"nimhhhh-last_blank","nimhhhh",1,0,4,1,"büyük ihtimalle","büyük ihtimanimhhhh"
575,"ca","ca-dı","dı",2,26,"sıy-dı","sıy",25,1,1,1,"cadı","sıydı"
179,"şan","şan-last_blank","last_blank",3,31,"ford-last_blank","ford",32,1,1,1,"çalışan","çalıford"
485,"tal","tal-last_blank","last_blank",2,29,"lie-last_blank","lie",29,0,0,1,"çatal","çalie"
168,"nem","nem-last_blank","last_blank",3,21,"rick-last_blank","rick",18,3,1,1,"cehennem","cehenrick"
345,"ce","ce-ket","ket",2,5,"ce-giz","giz",4,1,0,1,"ceket","cegiz"
193,"kiç","kiç-last_blank","last_blank",2,1,"eso-last_blank","eso",1,0,0,1,"çekiç","çeeso"
224,"çek","çek-mek","mek",2,5,"şün-mek","şün",5,0,0,1,"çekmek","şünmek"
115,"çe","çe-lik","lik",2,2,"çe-den","den",2,0,0,1,"çelik","çeden"
850,"na","na-ze","ze",3,18,"na-park","park",2,16,2,1,"cenaze","cenapark"
342,"ibi","ibi-last_blank","last_blank",4,1,"oters-last_blank","oters",1,0,2,1,"cennet gibi","cennet goters"
352,"set","set-last_blank","last_blank",2,11,"mım-last_blank","mım",11,0,0,1,"ceset","cemım"
836,"sur","sur-last_blank","last_blank",2,7,"lış-last_blank","lış",7,0,0,1,"cesur","celış"
174,"rmek","rmek-last_blank","last_blank",4,1,"fords-last_blank","fords",1,0,1,1,"cevap vermek","cevap vefords"
951,"first_blank","first_blank-çev","çev",2,43,"first_blank-hiç","hiç",43,0,0,1,"çevre","hiçre"
952,"first_blank","first_blank-çey","çey",2,10,"first_blank-sag","sag",10,0,0,1,"çeyrek","sagrek"
123,"çek","çek-last_blank","last_blank",2,3,"ful-last_blank","ful",3,0,0,1,"çiçek","çiful"
986,"first_blank","first_blank-çiğ","çiğ",3,25,"first_blank-ener","ener",25,0,1,1,"çiğnemek","enernemek"
980,"haz","haz-last_blank","last_blank",2,1,"uki-last_blank","uki",1,0,0,1,"cihaz","ciuki"
797,"çi","çi-ko","ko",4,10,"çi-lecek","lecek",2,8,3,1,"çikolata","çileceklata"
645,"lek","lek-last_blank","last_blank",2,20,"kim-last_blank","kim",20,0,0,1,"çilek","çikim"
426,"yet","yet-last_blank","last_blank",3,57,"land-last_blank","land",42,15,1,1,"cinayet","cinaland"
813,"first_blank","first_blank-çir","çir",2,11,"first_blank-zom","zom",11,0,0,1,"çirkin","zomkin"
259,"çi","çi-t","t",1,1,"ch-t","ch",1,0,0,1,"çit","cht"
186,"first_blank","first_blank-çıp","çıp",2,7,"first_blank-bif","bif",7,0,0,1,"çıplak","biflak"
106,"cuk","cuk-last_blank","last_blank",2,10,"sat-last_blank","sat",10,0,0,1,"çocuk","çosat"
333,"cuk","cuk-luk","luk",3,2,"dost-luk","dost",2,0,1,1,"çocukluk","çodostluk"
62,"ço","ço-k","k",1,1,"me-k","me",1,0,0,1,"çok","mek"
255,"küş","küş-last_blank","last_blank",2,2,"cap-last_blank","cap",2,0,0,1,"çöküş","çöcap"
796,"mert","mert-last_blank","last_blank",2,1,"arts-last_blank","arts",1,0,0,1,"cömert","cöarts"
190,"çö","çö-p","p",1,1,"is-p","is",1,0,0,1,"çöp","isp"
580,"buk","buk-last_blank","last_blank",2,7,"fil-last_blank","fil",7,0,0,1,"çubuk","çufil"
503,"first_blank","first_blank-cüm","cüm",2,17,"first_blank-oya","oya",17,0,0,1,"cümle","oyale"
487,"rük","rük-last_blank","last_blank",2,4,"sef-last_blank","sef",4,0,0,1,"çürük","çüsef"
169,"cüz","cüz-dan","dan",2,4,"şım-dan","şım",4,0,0,1,"cüzdan","şımdan"
885,"first_blank","first_blank-da","da",1,591,"first_blank-ye","ye",586,5,0,1,"dağ","yeğ"
779,"ki","ki-ka","ka",3,26,"ayak-ka","ayak",41,15,2,1,"dakika","daayakka"
203,"da","da-ns","ns",1,1,"da-vu","vu",1,0,0,1,"dans","davu"
310,"nış","nış-last_blank","last_blank",3,8,"hing-last_blank","hing",8,0,1,1,"davranış","davrahing"
627,"ran","ran-mak","mak",3,2,"otur-mak","otur",2,0,1,1,"davranmak","davoturmak"
23,"de","de-dek","dek",3,16,"de-part","part",13,3,1,1,"dedektif","departtif"
355,"me","me-last_blank","last_blank",5,711,"aworld-last_blank","aworld",1,710,4,1,"değerlendirme","değerlendiraworld"
304,"ğer","ğer-siz","siz",3,2,"linç-siz","linç",2,0,1,1,"değersiz","delinçsiz"
697,"li","li-last_blank","last_blank",2,693,"rum-last_blank","rum",717,24,1,1,"deli","derum"
162,"lik","lik-last_blank","last_blank",2,315,"san-last_blank","san",321,6,0,1,"delik","desan"
694,"mok","mok-ra","ra",4,5,"chand-ra","chand",1,4,2,1,"demokrasi","dechandrasi"
434,"ne","ne-me","me",3,77,"edil-me","edil",30,47,2,1,"deneme","deedilme"
562,"niz","niz-ci","ci",3,10,"fran-ci","fran",1,9,1,1,"denizci","defranci"
158,"lmak","lmak-last_blank","last_blank",5,1,"carthy-last_blank","carthy",1,0,2,1,"denize açılmak","denize açıcarthy"
840,"first_blank","first_blank-dep","dep",3,13,"first_blank-üzün","üzün",13,0,1,1,"depresyon","üzünresyon"
717,"first_blank","first_blank-der","der",2,86,"first_blank-kol","kol",85,1,0,1,"dergi","kolgi"
652,"de","de-rs","rs",1,1,"de-fe","fe",1,0,0,1,"ders","defe"
54,"first_blank","first_blank-ders","ders",4,17,"first_blank-inanç","inanç",11,6,1,1,"ders çalışma","inanç çalışma"
408,"m et","m et-last_blank","last_blank",3,1,"venk-last_blank","venk",1,0,0,1,"devam et","devavenk"
978,"first_blank","first_blank-dev","dev",2,77,"first_blank-çal","çal",77,0,0,1,"devlet","çallet"
631,"ral","ral-mak","mak",3,1,"ayır-mak","ayır",1,0,1,1,"devralmak","devayırmak"
563,"zmek","zmek-last_blank","last_blank",5,1,"aworld-last_blank","aworld",1,0,2,1,"devriye gezmek","devriye geaworld"
671,"ici","ici-last_blank","last_blank",5,1,"batsky-last_blank","batsky",1,0,3,1,"dikkat çekici","dikkat çekbatsky"
58,"lek","lek-last_blank","last_blank",2,20,"vin-last_blank","vin",20,0,0,1,"dilek","divin"
307,"di","di-n","n",1,1,"en-n","en",1,0,0,1,"din","enn"
95,"na","na-mit","mit",3,3,"na-park","park",2,1,1,1,"dinamit","dinapark"
709,"di","di-ng","ng",1,1,"di-gb","gb",1,0,0,1,"ding","digb"
238,"arak","arak-last_blank","last_blank",5,1,"gonfly-last_blank","gonfly",1,0,2,1,"direkt olarak","direkt olgonfly"
228,"ren","ren-mek","mek",3,6,"edil-mek","edil",3,3,1,1,"direnmek","diedilmek"
183,"first_blank","first_blank-di","di",1,557,"first_blank-al","al",547,10,0,1,"diş","alş"
284,"şi","şi-last_blank","last_blank",2,57,"yum-last_blank","yum",57,0,1,1,"dişi","diyum"
678,"di","di-z","z",1,2,"rt-z","rt",2,0,0,1,"diz","rtz"
945,"first_blank","first_blank-doğ","doğ",2,104,"first_blank-kız","kız",104,0,0,1,"doğru","kızru"
548,"yın","yın-last_blank","last_blank",4,158,"lecek-last_blank","lecek",154,4,2,1,"doğrulayın","doğrulalecek"
102,"ğu","ğu-last_blank","last_blank",2,119,"sız-last_blank","sız",119,0,1,1,"doğu","dosız"
970,"ünü","ünü-last_blank","last_blank",4,1,"boldt-last_blank","boldt",1,0,2,1,"doğum günü","doğum gboldt"
171,"tor","tor-last_blank","last_blank",2,26,"ris-last_blank","ris",26,0,0,1,"doktor","dokris"
221,"ku","ku-last_blank","last_blank",2,45,"let-last_blank","let",45,0,1,1,"doku","dolet"
452,"lap","lap-last_blank","last_blank",2,1,"ğüş-last_blank","ğüş",1,0,0,1,"dolap","doğüş"
725,"do","do-lar","lar",2,13,"do-min","min",3,10,0,1,"dolar","domin"
509,"laş","laş-mak","mak",3,18,"kork-mak","kork",3,15,1,1,"dolaşmak","dokorkmak"
457,"alem","alem-last_blank","last_blank",4,1,"rings-last_blank","rings",1,0,1,1,"dolma kalem","dolma krings"
703,"ma","ma-tes","tes",3,4,"ma-aşım","aşım",3,1,1,1,"domates","domaaşım"
421,"do","do-muz","muz",2,12,"do-nan","nan",12,0,0,1,"domuz","donan"
532,"ası","ası-last_blank","last_blank",6,4,"nimhhhh-last_blank","nimhhhh",1,3,4,1,"domuz pastırması","domuz pastırmnimhhhh"
217,"nan","nan-ma","ma",3,11,"açıl-ma","açıl",10,1,1,1,"donanma","doaçılma"
874,"nat","nat-mak","mak",3,1,"ayır-mak","ayır",1,0,1,1,"donatmak","doayırmak"
241,"dür","dür-mek","mek",3,10,"işit-mek","işit",1,9,1,1,"döndürmek","dönişitmek"
305,"nem","nem-last_blank","last_blank",2,21,"ban-last_blank","ban",21,0,0,1,"dönem","döban"
282,"don","don-mak","mak",2,1,"ğıl-mak","ğıl",1,0,0,1,"donmak","ğılmak"
337,"nüş","nüş-last_blank","last_blank",2,2,"yid-last_blank","yid",2,0,0,1,"dönüş","döyid"
910,"first_blank","first_blank-dör","dör",3,12,"first_blank-omuz","omuz",12,0,1,1,"dördüncü","omuzdüncü"
2,"dö","dö-rt","rt",1,1,"he-rt","he",1,0,0,1,"dört","hert"
412,"first_blank","first_blank-dost","dost",2,43,"first_blank-çift","çift",43,0,0,1,"dostluk","çiftluk"
656,"ğün","ğün-last_blank","last_blank",2,40,"rip-last_blank","rip",40,0,0,1,"düğün","dürip"
138,"dü","dü-n","n",1,1,"en-n","en",1,0,0,1,"dün","enn"
914,"first_blank","first_blank-dün","dün",2,59,"first_blank-ana","ana",59,0,0,1,"dünya","anaya"
281,"du","du-r","r",1,1,"ot-r","ot",1,0,0,1,"dur","otr"
64,"dur","dur-ma","ma",3,90,"inan-ma","inan",49,41,1,1,"durmadan","inanmadan"
86,"rüst","rüst-lük","lük",3,3,"ömür-lük","ömür",1,2,0,1,"dürüstlük","düömürlük"
257,"şün","şün-mek","mek",3,5,"edil-mek","edil",3,2,1,1,"düşünmek","düedilmek"
995,"gu","gu-sal","sal",3,7,"gu-eroa","eroa",1,6,1,1,"duygusal","duygueroa"
225,"duy","duy-mak","mak",2,4,"rat-mak","rat",4,0,0,1,"duymak","ratmak"
261,"zen","zen-le","le",4,42,"stott-le","stott",1,41,2,1,"düzenlemek","düstottlemek"
968,"veyn","veyn-last_blank","last_blank",2,1,"pect-last_blank","pect",1,0,0,1,"ebeveyn","ebepect"
775,"bi","bi-yat","yat",3,1,"bi-eber","eber",1,0,1,1,"edebiyat","edebieber"
293,"ek","ek-t","t",1,1,"çı-t","çı",1,0,0,1,"efekt","efçıt"
265,"first_blank","first_blank-ef","ef",3,26,"first_blank-kart","kart",27,1,2,1,"efsane","kartsane"
770,"first_blank","first_blank-eği","eği",2,49,"first_blank-müş","müş",49,0,0,1,"eğitim","müştim"
291,"len","len-ce","ce",4,20,"jarndy-ce","jarndy",1,19,3,1,"eğlenceli","eğjarndyceli"
923,"pmak","pmak-last_blank","last_blank",5,1,"rength-last_blank","rength",1,0,2,1,"egzersiz yapmak","egzersiz yarength"
269,"arak","arak-last_blank","last_blank",3,1,"zanç-last_blank","zanç",1,0,0,1,"ek olarak","ek olzanç"
299,"im","im-last_blank","last_blank",1,34,"mo-last_blank","mo",34,0,0,1,"ekim","ekmo"
56,"ek","ek-si","si",2,6,"rir-si","rir",6,0,1,1,"eksi","rirsi"
292,"bi","bi-se","se",3,34,"önem-se","önem",17,17,2,1,"elbise","elönemse"
25,"rik","rik-last_blank","last_blank",2,31,"han-last_blank","han",31,0,0,1,"elektrik","elekthan"
301,"first_blank","first_blank-ele","ele",2,43,"first_blank-çev","çev",43,0,0,1,"eleman","çevman"
369,"yet","yet-last_blank","last_blank",3,57,"land-last_blank","land",42,15,1,1,"emniyet","emniland"
410,"mek","mek-last_blank","last_blank",5,439,"aworld-last_blank","aworld",1,438,3,1,"endişelenmek","endişelenaworld"
357,"first_blank","first_blank-ener","ener",2,25,"first_blank-özel","özel",25,0,0,1,"enerji","özelji"
936,"en","en-fek","fek",4,6,"en-right","right",1,5,2,1,"enfeksiyon","enrightsiyon"
245,"en","en-jek","jek",4,4,"en-right","right",1,3,2,1,"enjeksiyon","enrightsiyon"
933,"first_blank","first_blank-epi","epi",3,4,"first_blank-azın","azın",4,0,1,1,"epidemi","azındemi"
683,"first_blank","first_blank-erek","erek",3,2,"first_blank-wind","wind",2,0,0,1,"ereksiyon","windsiyon"
285,"eğen","eğen-last_blank","last_blank",4,1,"mings-last_blank","mings",1,0,1,1,"erkek yeğen","erkek ymings"
328,"er","er-ken","ken",2,6,"er-rot","rot",1,5,0,1,"erken","errot"
538,"first_blank","first_blank-ero","ero",2,9,"first_blank-püs","püs",9,0,0,1,"eroin","püsin"
536,"eş","eş-last_blank","last_blank",1,3,"vk-last_blank","vk",3,0,0,1,"eş","vk"
597,"cin","cin-sel","sel",3,14,"cin-tosh","tosh",1,13,1,1,"eşcinsel","eşcintosh"
411,"es","es-in","in",1,1,"sw-in","sw",1,0,0,1,"esin","swin"
290,"tmek","tmek-last_blank","last_blank",4,1,"dolyn-last_blank","dolyn",1,0,1,1,"eşlik etmek","eşlik edolyn"
692,"siz","siz-last_blank","last_blank",2,139,"rek-last_blank","rek",141,2,0,1,"eşsiz","eşrek"
240,"et","et-last_blank","last_blank",1,30,"cü-last_blank","cü",30,0,0,1,"et","cü"
997,"le","le-mek","mek",4,77,"le-aving","aving",1,76,2,1,"etkilemek","etkileaving"
578,"ki","ki-li","li",3,77,"genç-li","genç",13,64,2,1,"etkili","etgençli"
309,"kin","kin-lik","lik",3,10,"özel-lik","özel",14,4,1,1,"etkinlik","etözellik"
988,"fın","fın-da","da",4,15,"barks-da","barks",1,14,2,1,"etrafında","etrabarksda"
859,"ev","ev-et","et",1,1,"fl-et","fl",1,0,0,1,"evet","flet"
109,"ev","ev-li","li",2,38,"bir-li","bir",23,15,1,1,"evli","birli"
132,"li","li-lik","lik",3,28,"li-sans","sans",2,26,1,1,"evlilik","evlisans"
723,"fa","fa-ks","ks",1,1,"fa-zı","zı",1,0,0,1,"faks","fazı"
335,"first_blank","first_blank-fan","fan",3,21,"first_blank-umut","umut",21,0,1,1,"fantezi","umuttezi"
302,"fa","fa-re","re",2,16,"sek-re","sek",19,3,1,1,"fare","sekre"
112,"first_blank","first_blank-fark","fark",2,23,"first_blank-isim","isim",23,0,0,2,"farklı","isimlı"
541,"de","de-ras","ras",4,5,"de-decek","decek",2,3,2,1,"federasyon","fededecekyon"
484,"val","val-last_blank","last_blank",3,11,"ring-last_blank","ring",11,0,1,1,"festival","festiring"
513,"first_blank","first_blank-fid","fid",2,2,"first_blank-bün","bün",2,0,0,1,"fidye","bünye"
721,"fi","fi-lm","lm",1,1,"fi-yi","yi",1,0,0,1,"film","fiyi"
70,"kmek","kmek-last_blank","last_blank",3,1,"erry-last_blank","erry",1,0,0,1,"film çekmek","film çeerry"
218,"lo","lo-last_blank","last_blank",2,61,"tum-last_blank","tum",62,1,1,1,"filo","fitum"
143,"nans","nans-man","man",3,1,"ulaş-man","ulaş",1,0,0,1,"finansman","fiulaşman"
641,"fi","fi-ra","ra",3,3,"sand-ra","sand",3,0,2,1,"firari","sandrari"
207,"yat","yat-last_blank","last_blank",2,11,"gın-last_blank","gın",11,0,0,1,"fiyat","figın"
182,"zik","zik-sel","sel",3,1,"kent-sel","kent",1,0,1,1,"fiziksel","fikentsel"
762,"first_blank","first_blank-fır","fır",3,86,"first_blank-araş","araş",88,2,1,1,"fırtına","araştına"
681,"first_blank","first_blank-fonk","fonk",4,6,"first_blank-augus","augus",6,0,1,1,"fonksiyonel","augussiyonel"
746,"raf","raf-last_blank","last_blank",3,11,"list-last_blank","list",11,0,1,1,"fotoğraf","fotoğlist"
417,"çı","çı-last_blank","last_blank",4,51,"necek-last_blank","necek",47,4,3,1,"fotoğrafçı","fotoğrafnecek"
422,"first_blank","first_blank-fran","fran",3,34,"first_blank-ayır","ayır",33,1,0,1,"fransızca","ayırsızca"
100,"bol","bol-last_blank","last_blank",2,10,"şik-last_blank","şik",10,0,0,1,"futbol","futşik"
754,"first_blank","first_blank-fü","fü",2,10,"first_blank-eve","eve",10,0,1,1,"füze","eveze"
71,"raj","raj-last_blank","last_blank",2,3,"atı-last_blank","atı",3,0,0,1,"garaj","gaatı"
604,"ze","ze-te","te",3,41,"eriş-te","eriş",3,38,2,1,"gazete","gaerişte"
639,"ze","ze-te","te",4,41,"gangs-te","gangs",2,39,3,1,"gazeteci","gagangsteci"
239,"be","be-lik","lik",3,1,"be-ards","ards",1,0,1,1,"gebelik","gebeards"
413,"çen","çen-last_blank","last_blank",2,9,"rah-last_blank","rah",9,0,0,1,"geçen","gerah"
767,"çen","çen-ler","ler",4,3,"chrys-ler","chrys",1,2,2,1,"geçenlerde","gechryslerde"
722,"çit","çit-last_blank","last_blank",2,1,"oja-last_blank","oja",1,0,0,1,"geçit","geoja"
331,"first_blank","first_blank-geç","geç",2,139,"first_blank-mah","mah",139,0,0,1,"geçmiş","mahmiş"
635,"le","le-nek","nek",4,13,"le-aving","aving",1,12,2,1,"geleneksel","geleavingsel"
201,"lin","lin-last_blank","last_blank",2,118,"sız-last_blank","sız",119,1,0,1,"gelin","gesız"
476,"lir","lir-last_blank","last_blank",2,400,"ten-last_blank","ten",401,1,0,1,"gelir","geten"
407,"li","li-şim","şim",3,3,"li-sans","sans",2,1,1,1,"gelişim","gelisans"
209,"liş","liş-me","me",3,15,"zelt-me","zelt",15,0,1,1,"gelişme","gezeltme"
932,"gel","gel-mek","mek",2,6,"çir-mek","çir",6,0,0,1,"gelmek","çirmek"
642,"mi","mi-last_blank","last_blank",2,801,"nız-last_blank","nız",831,30,1,1,"gemi","genız"
289,"nç","nç-last_blank","last_blank",1,8,"ld-last_blank","ld",8,0,0,1,"genç","geld"
235,"arak","arak-last_blank","last_blank",5,1,"gonfly-last_blank","gonfly",1,0,2,1,"genel olarak","genel olgonfly"
659,"ge","ge-nel","nel",3,5,"ge-tirt","tirt",5,0,1,1,"genelde","getirtde"
204,"niş","niş-last_blank","last_blank",2,7,"ung-last_blank","ung",7,0,0,1,"geniş","geung"
237,"çek","çek-last_blank","last_blank",2,3,"ese-last_blank","ese",3,0,0,1,"gerçek","gerese"
443,"first_blank","first_blank-ger","ger",3,139,"first_blank-inan","inan",125,14,1,1,"gerçekçi","inançekçi"
65,"çek","çek-ten","ten",3,4,"cars-ten","cars",1,3,1,1,"gerçekten","gercarsten"
184,"riş","riş-last_blank","last_blank",2,9,"cek-last_blank","cek",9,0,0,1,"giriş","gicek"
213,"ri","ri-şim","şim",3,7,"ri-ayet","ayet",1,6,1,1,"girişim","giriayet"
626,"ri","ri-şim","şim",4,7,"ri-lecek","lecek",10,3,2,1,"girişimci","girilecekci"
340,"gi","gi-t","t",1,1,"of-t","of",1,0,0,1,"git","oft"
713,"tar","tar-last_blank","last_blank",2,35,"nik-last_blank","nik",35,0,0,1,"gitar","ginik"
341,"zem","zem-last_blank","last_blank",2,5,"cal-last_blank","cal",5,0,0,1,"gizem","gical"
483,"ğüs","ğüs-last_blank","last_blank",2,1,"huş-last_blank","huş",1,0,0,1,"göğüs","göhuş"
971,"üsü","üsü-last_blank","last_blank",5,1,"gonfly-last_blank","gonfly",1,0,3,1,"gök gürültüsü","gök gürültgonfly"
297,"gö","gö-ka","ka",3,1,"gö-ring","ring",1,0,2,1,"gökada","göringda"
651,"gö","gö-l","l",1,1,"ul-l","ul",1,0,0,1,"göl","ull"
501,"göm","göm-mek","mek",2,1,"sün-mek","sün",1,0,0,1,"gömmek","sünmek"
338,"der","der-mek","mek",3,4,"öpüş-mek","öpüş",2,2,1,1,"göndermek","gönöpüşmek"
346,"arak","arak-last_blank","last_blank",5,1,"ventry-last_blank","ventry",1,0,2,1,"gönüllü olarak","gönüllü olventry"
833,"rev","rev-last_blank","last_blank",2,3,"ciz-last_blank","ciz",3,0,0,1,"görev","göciz"
612,"ril","ril-last_blank","last_blank",2,7,"koz-last_blank","koz",7,0,0,1,"goril","gokoz"
780,"kem","kem-last_blank","last_blank",2,4,"fie-last_blank","fie",4,0,0,1,"görkem","görfie"
927,"rüş","rüş-last_blank","last_blank",2,2,"ene-last_blank","ene",2,0,0,1,"görüş","göene"
731,"first_blank","first_blank-gös","gös",3,210,"first_blank-inan","inan",125,85,1,1,"gösteri","inanteri"
516,"first_blank","first_blank-gr","gr",1,34,"first_blank-ey","ey",34,0,0,1,"gram","eyam"
173,"up","up-last_blank","last_blank",1,8,"nç-last_blank","nç",8,0,0,1,"grup","grnç"
374,"mek","mek-last_blank","last_blank",4,439,"worth-last_blank","worth",7,432,2,1,"gücendirmek","gücendirworth"
159,"first_blank","first_blank-güç","güç",2,66,"first_blank-son","son",66,0,0,1,"güçsüz","sonsüz"
35,"ngi","ngi-last_blank","last_blank",4,1,"asons-last_blank","asons",1,0,2,1,"gümüş rengi","gümüş reasons"
76,"neş","neş-last_blank","last_blank",2,1,"inn-last_blank","inn",1,0,0,1,"güneş","güinn"
368,"ven","ven-li","li",3,22,"çift-li","çift",13,9,1,1,"güvenli","güçiftli"
451,"ver","ver-te","te",3,11,"ekip-te","ekip",2,9,1,1,"güverte","güekipte"
370,"zel","zel-last_blank","last_blank",2,12,"dam-last_blank","dam",12,0,0,1,"güzel","güdam"
165,"zel","zel-lik","lik",3,8,"çift-lik","çift",7,1,1,1,"güzellik","güçiftlik"
468,"ber","ber-ler","ler",3,9,"rist-ler","rist",5,4,1,1,"haberler","haristler"
497,"ber","ber-siz","siz",3,3,"ümit-siz","ümit",4,1,1,1,"habersiz","haümitsiz"
77,"first_blank","first_blank-haf","haf",2,32,"first_blank-sun","sun",32,0,0,1,"hafta","sunta"
363,"first_blank","first_blank-haf","haf",3,32,"first_blank-pren","pren",32,0,1,1,"haftalık","prentalık"
160,"ha","ha-in","in",2,9,"ha-ket","ket",10,1,1,1,"hain","haket"
602,"ha","ha-kim","kim",2,4,"ha-sın","sın",4,0,0,1,"hakim","hasın"
231,"hak","hak-kın","kın",3,9,"alış-kın","alış",1,8,1,1,"hakkında","alışkında"
12,"sız","sız-last_blank","last_blank",2,119,"ran-last_blank","ran",119,0,0,1,"haksız","hakran"
188,"lâ","lâ-last_blank","last_blank",2,6,"caz-last_blank","caz",6,0,1,1,"hâlâ","hâcaz"
993,"ha","ha-lı","lı",2,13,"tır-lı","tır",13,0,1,1,"halı","tırlı"
944,"yon","yon-last_blank","last_blank",5,97,"carthy-last_blank","carthy",1,96,3,1,"halüsinasyon","halüsinascarthy"
778,"first_blank","first_blank-ham","ham",3,30,"first_blank-genç","genç",30,0,1,1,"hamburger","gençburger"
848,"ha","ha-p","p",1,1,"ip-p","ip",1,0,0,1,"hap","ipp"
176,"ası","ası-last_blank","last_blank",5,4,"rength-last_blank","rength",1,3,3,1,"hapis cezası","hapis cezrength"
399,"pis","pis-ha","ha",4,16,"amant-ha","amant",1,15,2,1,"hapishane","haamanthane"
131,"ca","ca-mak","mak",3,2,"ca-ught","ught",1,1,1,1,"harcamak","harcaught"
198,"ri","ri-ci","ci",3,31,"ri-arty","arty",1,30,2,1,"harici","hariarty"
294,"ri","ri-ka","ka",3,64,"ayak-ka","ayak",41,23,2,1,"harika","haayakka"
734,"ri","ri-ta","ta",3,26,"anah-ta","anah",14,12,2,1,"harita","haanahta"
647,"sas","sas-last_blank","last_blank",2,6,"tiş-last_blank","tiş",6,0,0,1,"hassas","hastiş"
378,"first_blank","first_blank-has","has",2,152,"first_blank-çık","çık",152,0,0,1,"hasta","çıkta"
653,"ta","ta-lık","lık",3,22,"ta-okul","okul",4,18,1,1,"hastalık","hastaokul"
381,"ta","ta-last_blank","last_blank",2,464,"miş-last_blank","miş",466,2,1,1,"hata","hamiş"
917,"tır","tır-la","la",4,114,"inanç-la","inanç",7,107,2,1,"hatırlamak","hainançlamak"
473,"ma","ma-last_blank","last_blank",5,1028,"gonfly-last_blank","gonfly",1,1027,4,1,"havalandırma","havalandırgonfly"
887,"first_blank","first_blank-ha","ha",5,1322,"first_blank-kingsb","kingsb",1,1321,4,1,"havalimanı","kingsbvalimanı"
103,"hav","hav-lu","lu",2,7,"tor-lu","tor",7,0,0,1,"havlu","torlu"
844,"ığı","ığı-last_blank","last_blank",6,1,"nimhhhh-last_blank","nimhhhh",1,0,4,1,"hayal kırıklığı","hayal kırıklnimhhhh"
157,"lmak","lmak-last_blank","last_blank",5,1,"carthy-last_blank","carthy",1,0,2,1,"hayatta kalmak","hayatta kacarthy"
154,"van","van-last_blank","last_blank",2,22,"tif-last_blank","tif",22,0,0,1,"hayvan","haytif"
388,"zır","zır-la","la",4,76,"inanç-la","inanç",7,69,2,1,"hazırlamak","hainançlamak"
414,"he","he-di","di",3,29,"edil-di","edil",11,18,2,1,"hediye","edildiye"
38,"kop","kop-ter","ter",4,6,"gangs-ter","gangs",4,2,2,1,"helikopter","heligangster"
792,"he","he-sap","sap",4,35,"he-ights","ights",1,34,2,1,"hesaplamak","heightslamak"
44,"first_blank","first_blank-hey","hey",2,15,"first_blank-diz","diz",15,0,0,1,"heykel","dizkel"
480,"first_blank","first_blank-hid","hid",3,9,"first_blank-acıt","acıt",9,0,1,1,"hidrojen","acıtrojen"
446,"hi","hi-s","s",1,1,"re-s","re",1,0,0,1,"his","res"
22,"first_blank","first_blank-hi","hi",1,182,"first_blank-el","el",182,0,0,1,"hiv","elv"
195,"first_blank","first_blank-hiz","hiz",3,63,"first_blank-ayar","ayar",63,0,1,1,"hizmetçi","ayarmetçi"
493,"ti","ti-yan","yan",4,10,"ti-recek","recek",16,6,2,1,"hıristiyan","hıristirecek"
617,"hı","hı-z","z",1,1,"on-z","on",1,0,0,1,"hız","onz"
957,"hız","hız-lı","lı",2,7,"tar-lı","tar",7,0,0,1,"hızlı","tarlı"
958,"hız","hız-lı","lı",3,7,"şans-lı","şans",7,0,1,1,"hızlıca","şanslıca"
719,"first_blank","first_blank-hor","hor",2,27,"first_blank-tey","tey",27,0,0,1,"hortum","teytum"
738,"ayan","ayan-last_blank","last_blank",4,1,"ditch-last_blank","ditch",1,0,1,1,"hoş olmayan","hoş olmditch"
616,"hoş","hoş-ça","ça",3,3,"açik-ça","açik",2,1,1,1,"hoşçakal","açikçakal"
232,"first_blank","first_blank-içe","içe",2,58,"first_blank-red","red",58,0,0,1,"içeri","redri"
400,"first_blank","first_blank-içe","içe",2,58,"first_blank-şar","şar",58,0,0,1,"içerik","şarrik"
467,"rar","rar-last_blank","last_blank",2,17,"tük-last_blank","tük",17,0,0,1,"idrar","idtük"
983,"first_blank","first_blank-ifa","ifa",2,29,"first_blank-sız","sız",29,0,0,1,"ifade","sızde"
114,"tmek","tmek-last_blank","last_blank",4,1,"ading-last_blank","ading",1,0,1,1,"ifade etmek","ifade eading"
522,"renç","renç-last_blank","last_blank",2,3,"feld-last_blank","feld",3,0,0,1,"iğrenç","iğfeld"
336,"yaç","yaç-last_blank","last_blank",3,2,"nizm-last_blank","nizm",2,0,1,1,"ihtiyaç","ihtinizm"
34,"rmek","rmek-last_blank","last_blank",3,1,"zelt-last_blank","zelt",1,0,0,1,"ilaç vermek","ilaç vezelt"
864,"first_blank","first_blank-ila","ila",2,22,"first_blank-fir","fir",22,0,0,1,"ilahi","firhi"
921,"first_blank","first_blank-ile","ile",2,38,"first_blank-bey","bey",38,0,0,1,"ileti","beyti"
648,"ti","ti-şim","şim",3,2,"ti-onal","onal",2,0,1,1,"iletişim","iletional"
392,"ginç","ginç-last_blank","last_blank",2,1,"yong-last_blank","yong",1,0,0,1,"ilginç","ilyong"
416,"tor","tor-last_blank","last_blank",4,26,"decek-last_blank","decek",17,9,2,1,"imparator","imparadecek"
375,"luk","luk-last_blank","last_blank",5,96,"ventry-last_blank","ventry",1,95,3,1,"imparatorluk","imparatorventry"
202,"first_blank","first_blank-im","im",2,136,"first_blank-san","san",137,1,1,1,"imza","sanza"
915,"in","in-an","an",1,2,"in-no","no",2,0,0,1,"inanç","innoç"
367,"inan","inan-mak","mak",2,5,"inan-cıy","cıy",1,4,0,1,"inanmak","inancıy"
823,"in","in-ce","ce",4,65,"in-hardt","hardt",1,64,3,1,"inceleme","inhardtleme"
475,"first_blank","first_blank-in","in",6,408,"ero-in","ero",4,404,8,4,"incelemek, bulmak","eroincelemek, bulmak"
947,"cin","cin-me","me",3,2,"öner-me","öner",2,0,1,1,"incinme","inönerme"
13,"san","san-last_blank","last_blank",2,321,"yim-last_blank","yim",324,3,0,1,"insan","inyim"
660,"san","san-lar","lar",3,13,"açık-lar","açık",6,7,1,1,"insanlar","inaçıklar"
996,"first_blank","first_blank-ip","ip",1,25,"first_blank-nö","nö",24,1,0,1,"ip","nö"
942,"ir","ir-ak","ak",1,1,"ir-re","re",1,0,0,1,"irak","irre"
429,"first_blank","first_blank-iro","iro",2,3,"first_blank-şal","şal",3,0,0,1,"ironik","şalnik"
348,"iş","iş-last_blank","last_blank",1,9,"çu-last_blank","çu",9,0,0,1,"iş","çu"
435,"ken","ken-ce","ce",3,8,"örüm-ce","örüm",3,5,1,1,"işkence","işörümce"
777,"let","let-me","me",3,33,"edil-me","edil",30,3,1,1,"işletme","işedilme"
902,"koz","koz-last_blank","last_blank",3,7,"gins-last_blank","gins",7,0,1,1,"istakoz","istagins"
716,"tas","tas-yon","yon",3,17,"ilüz-yon","ilüz",1,16,1,1,"istasyon","isilüzyon"
857,"tek","tek-last_blank","last_blank",2,8,"hie-last_blank","hie",8,0,0,1,"istek","ishie"
438,"rma","rma-last_blank","last_blank",5,1,"minsky-last_blank","minsky",1,0,3,1,"işten çıkarma","işten çıkaminsky"
365,"bar","bar-last_blank","last_blank",2,11,"ugh-last_blank","ugh",11,0,0,1,"itibar","itiugh"
440,"tmek","tmek-last_blank","last_blank",4,1,"usand-last_blank","usand",1,0,1,1,"itiraf etmek","itiraf eusand"
377,"first_blank","first_blank-iy","iy",1,7,"first_blank-dâ","dâ",7,0,0,1,"iyi","dâi"
587,"first_blank","first_blank-iyi","iyi",3,116,"first_blank-açık","açık",114,2,1,1,"iyileşmek","açıkleşmek"
445,"rmek","rmek-last_blank","last_blank",3,1,"hach-last_blank","hach",1,0,0,1,"izin vermek","izin vehach"
268,"le","le-mek","mek",3,77,"le-opar","opar",2,75,1,1,"izlemek","izleopar"
808,"mak","mak-last_blank","last_blank",2,530,"ğım-last_blank","ğım",511,19,0,1,"ırmak","ırğım"
479,"first_blank","first_blank-ış","ış",1,4,"first_blank-dm","dm",4,0,0,1,"ışık","dmık"
588,"lak","lak-last_blank","last_blank",2,47,"rir-last_blank","rir",47,0,0,1,"ıslak","ısrir"
135,"ıs","ıs-lık","lık",2,1,"ıs-kar","kar",1,0,0,1,"ıslık","ıskar"
757,"li","li-et","et",3,2,"li-sans","sans",2,0,2,1,"juliet","julisans"
474,"li","li-yet","yet",4,15,"li-vings","vings",2,13,2,1,"kabiliyet","kabilivings"
740,"bul","bul-last_blank","last_blank",2,3,"tüs-last_blank","tüs",3,0,0,1,"kabul","katüs"
512,"mak","mak-last_blank","last_blank",3,530,"ford-last_blank","ford",32,498,1,1,"kaçamak","kaçaford"
455,"kaç","kaç-mak","mak",2,4,"ğır-mak","ğır",4,0,0,1,"kaçmak","ğırmak"
250,"ka","ka-dın","dın",2,32,"ka-lar","lar",33,1,0,1,"kadın","kalar"
505,"fa","fa-ta","ta",4,7,"augus-ta","augus",1,6,3,1,"kafatası","kaaugustası"
358,"kah","kah-ka","ka",3,4,"flic-ka","flic",1,3,1,1,"kahkaha","flickaha"
316,"first_blank","first_blank-kah","kah",2,88,"first_blank-alı","alı",89,1,0,1,"kahve","alıve"
272,"dır","dır-mak","mak",3,25,"inan-mak","inan",5,20,1,1,"kaldırmak","kalinanmak"
785,"ka","ka-le","le",2,38,"lem-le","lem",37,1,1,1,"kale","lemle"
623,"li","li-te","te",3,13,"kent-te","kent",4,9,2,1,"kalite","kakentte"
419,"lın","lın-last_blank","last_blank",2,32,"şum-last_blank","şum",32,0,0,1,"kalın","kaşum"
931,"kış","kış-last_blank","last_blank",2,7,"ars-last_blank","ars",7,0,0,1,"kalkış","kalars"
463,"kal","kal-mak","mak",2,7,"lış-mak","lış",7,0,0,1,"kalmak","lışmak"
708,"pmak","pmak-last_blank","last_blank",3,1,"herd-last_blank","herd",1,0,0,1,"kamp yapmak","kamp yaherd"
449,"first_blank","first_blank-kam","kam",2,78,"first_blank-dev","dev",77,1,0,1,"kamyon","devyon"
862,"first_blank","first_blank-kam","kam",3,78,"first_blank-oyun","oyun",79,1,1,1,"kamyonet","oyunyonet"
469,"nıt","nıt-last_blank","last_blank",2,3,"sad-last_blank","sad",3,0,0,1,"kanıt","kasad"
515,"pa","pa-lı","lı",3,9,"akıl-lı","akıl",9,0,2,1,"kapalı","kaakıllı"
9,"pan","pan-ma","ma",3,9,"atıl-ma","atıl",8,1,1,1,"kapanma","kaatılma"
5,"pat","pat-last_blank","last_blank",2,6,"sör-last_blank","sör",6,0,0,1,"kapat","kasör"
42,"lizm","lizm-last_blank","last_blank",4,4,"zecek-last_blank","zecek",4,0,1,1,"kapitalizm","kapitazecek"
706,"pı","pı-last_blank","last_blank",2,10,"gie-last_blank","gie",10,0,1,1,"kapı","kagie"
773,"first_blank","first_blank-kap","kap",4,104,"first_blank-elekt","elekt",23,81,2,1,"kaplumbağa","elektlumbağa"
356,"kap","kap-mak","mak",2,1,"ğut-mak","ğut",1,0,0,1,"kapmak","ğutmak"
546,"first_blank","first_blank-kap","kap",2,104,"first_blank-doğ","doğ",104,0,0,1,"kaptan","doğtan"
940,"ka","ka-r","r",1,1,"ar-r","ar",1,0,0,1,"kar","arr"
124,"ğer","ğer-last_blank","last_blank",4,9,"night-last_blank","night",4,5,2,1,"karaciğer","karacinight"
344,"ran","ran-lık","lık",3,14,"ağır-lık","ağır",6,8,1,1,"karanlık","kaağırlık"
975,"ra","ra-yo","yo",4,2,"ra-iders","iders",1,1,3,1,"karayolu","karaiderslu"
242,"deş","deş-last_blank","last_blank",2,4,"had-last_blank","had",4,0,0,1,"kardeş","karhad"
712,"di","di-nal","nal",3,3,"di-renç","renç",2,1,1,1,"kardinal","kardirenç"
984,"kar","kar-go","go",2,4,"von-go","von",1,3,0,1,"kargo","vongo"
677,"ka","ka-rın","rın",2,21,"ka-maz","maz",19,2,0,1,"karın","kamaz"
90,"ka","ka-rın","rın",3,21,"ka-idai","idai",1,20,1,1,"karınca","kaidaica"
542,"rı","rı-şım","şım",3,2,"rı-imak","imak",1,1,1,1,"karışım","karıimak"
601,"tel","tel-last_blank","last_blank",2,10,"kip-last_blank","kip",10,0,0,1,"kartel","karkip"
815,"ka","ka-s","s",1,1,"re-s","re",1,0,0,1,"kas","res"
488,"ka","ka-sır","sır",3,6,"ka-zanç","zanç",4,2,1,1,"kasırga","kazançga"
500,"arak","arak-last_blank","last_blank",5,1,"ventry-last_blank","ventry",1,0,2,1,"kasıtlı olarak","kasıtlı olventry"
490,"til","til-last_blank","last_blank",2,7,"pus-last_blank","pus",7,0,0,1,"katil","kapus"
637,"first_blank","first_blank-kav","kav",2,48,"first_blank-eği","eği",49,1,0,1,"kavga","eğiga"
674,"bol","bol-ma","ma",3,13,"ayır-ma","ayır",13,0,1,1,"kaybolma","kayayırma"
496,"yıt","yıt-last_blank","last_blank",2,1,"cai-last_blank","cai",1,0,0,1,"kayıt","kacai"
586,"tmek","tmek-last_blank","last_blank",4,1,"ijing-last_blank","ijing",1,0,1,1,"kayıt etmek","kayıt eijing"
673,"za","za-last_blank","last_blank",2,293,"lık-last_blank","lık",306,13,1,1,"kaza","kalık"
107,"za","za-nan","nan",3,4,"za-beth","beth",1,3,1,1,"kazanan","kazabeth"
499,"zanç","zanç-last_blank","last_blank",2,1,"bald-last_blank","bald",1,0,0,1,"kazanç","kabald"
554,"ke","ke-di","di",2,36,"ril-di","ril",42,6,1,1,"kedi","rildi"
869,"ke","ke-k","k",1,1,"ns-k","ns",1,0,0,1,"kek","nsk"
791,"emin","emin-last_blank","last_blank",5,1,"ransky-last_blank","ransky",1,0,2,1,"kendinden emin","kendinden ransky"
99,"ke","ke-nt","nt",1,1,"bu-nt","bu",1,0,0,1,"kent","bunt"
584,"first_blank","first_blank-ker","ker",4,11,"first_blank-inanç","inanç",11,0,2,1,"kertenkele","inançtenkele"
69,"nci","nci-last_blank","last_blank",5,1,"carthy-last_blank","carthy",1,0,3,1,"keskin nisanci","keskin nisacarthy"
354,"first_blank","first_blank-kes","kes",2,79,"first_blank-dol","dol",79,0,0,1,"kesmek","dolmek"
166,"bir","bir-last_blank","last_blank",2,18,"gun-last_blank","gun",18,0,0,1,"kibir","kigun"
904,"first_blank","first_blank-kib","kib",2,7,"first_blank-lüt","lüt",7,0,0,1,"kibrit","lütrit"
40,"lit","lit-last_blank","last_blank",2,5,"çuk-last_blank","çuk",5,0,0,1,"kilit","kiçuk"
520,"eren","eren-last_blank","last_blank",5,1,"gonfly-last_blank","gonfly",1,0,2,1,"kiraya veren","kiraya vgonfly"
521,"rmek","rmek-last_blank","last_blank",5,1,"ventry-last_blank","ventry",1,0,2,1,"kiraya vermek","kiraya veventry"
478,"şi","şi-lik","lik",3,6,"şi-ıyor","ıyor",1,5,1,1,"kişilik","kişiıyor"
589,"tap","tap-last_blank","last_blank",2,8,"ang-last_blank","ang",8,0,0,1,"kitap","kiang"
460,"first_blank","first_blank-kit","kit",2,11,"first_blank-üçü","üçü",11,0,0,1,"kitle","üçüle"
696,"kır","kır-mak","mak",2,3,"rul-mak","rul",3,0,0,1,"kırmak","rulmak"
959,"imi","imi-last_blank","last_blank",4,1,"acock-last_blank","acock",1,0,2,1,"kış mevsimi","kış mevsacock"
283,"kız","kız-lar","lar",2,4,"zak-lar","zak",4,0,0,1,"kızlar","zaklar"
890,"sik","sik-last_blank","last_blank",2,9,"del-last_blank","del",9,0,0,1,"klasik","kladel"
380,"first_blank","first_blank-kli","kli",2,18,"first_blank-tay","tay",18,0,0,1,"klinik","taynik"
146,"ca","ca-man","man",3,4,"ca-hill","hill",1,3,1,1,"kocaman","kocahill"
200,"ku","ku-last_blank","last_blank",2,45,"let-last_blank","let",45,0,1,1,"koku","kolet"
270,"ko","ko-l","l",1,1,"by-l","by",1,0,0,1,"kol","byl"
88,"aati","aati-last_blank","last_blank",3,1,"velt-last_blank","velt",1,0,0,1,"kol saati","kol svelt"
415,"lay","lay-last_blank","last_blank",2,9,"mir-last_blank","mir",9,0,0,1,"kolay","komir"
989,"first_blank","first_blank-kol","kol",2,85,"first_blank-der","der",86,1,0,1,"kolye","derye"
246,"ko","ko-me","me",3,5,"eğit-me","eğit",4,1,2,1,"komedi","eğitmedi"
638,"esi","esi-last_blank","last_blank",6,1,"nimhhhh-last_blank","nimhhhh",1,0,4,1,"komisyon üyesi","komisyon üynimhhhh"
448,"nist","nist-last_blank","last_blank",3,9,"ward-last_blank","ward",9,0,0,1,"komünist","komüward"
903,"ser","ser-last_blank","last_blank",2,24,"nal-last_blank","nal",24,0,0,1,"konser","konnal"
251,"ko","ko-num","num",2,4,"ko-tik","tik",4,0,0,1,"konum","kotik"
553,"nuş","nuş-mak","mak",3,5,"kork-mak","kork",3,2,1,1,"konuşmak","kokorkmak"
755,"yak","yak-last_blank","last_blank",2,14,"nus-last_blank","nus",14,0,0,1,"konyak","konnus"
684,"first_blank","first_blank-kop","kop",2,29,"first_blank-ifa","ifa",29,0,0,1,"kopya","ifaya"
559,"first_blank","first_blank-kor","kor",2,156,"first_blank-gön","gön",157,1,0,1,"korku","gönku"
558,"kut","kut-mak","mak",3,1,"sars-mak","sars",1,0,1,1,"korkutmak","korsarsmak"
442,"first_blank","first_blank-kö","kö",2,199,"first_blank-git","git",198,1,1,1,"kötü","gittü"
853,"la","la-mak","mak",4,122,"la-urent","urent",1,121,2,1,"kovalamak","kovalaurent"
753,"boy","boy-last_blank","last_blank",2,4,"kit-last_blank","kit",4,0,0,1,"kovboy","kovkit"
465,"kö","kö-y","y",1,1,"ft-y","ft",1,0,0,1,"köy","fty"
827,"first_blank","first_blank-koy","koy",2,84,"first_blank-yıl","yıl",84,0,0,1,"koymak","yılmak"
570,"kr","kr-al","al",1,1,"kr-us","us",1,0,0,1,"kral","krus"
60,"first_blank","first_blank-kral","kral",2,30,"first_blank-genç","genç",30,0,0,2,"krallık","gençlık"
252,"iz","iz-last_blank","last_blank",1,13,"rp-last_blank","rp",13,0,0,1,"kriz","krrp"
120,"çük","çük-last_blank","last_blank",2,2,"ole-last_blank","ole",2,0,0,1,"küçük","küole"
353,"lak","lak-last_blank","last_blank",2,47,"rir-last_blank","rir",47,0,0,1,"kulak","kurir"
924,"lan","lan-mak","mak",3,40,"kork-mak","kork",3,37,1,1,"kullanmak","kulkorkmak"
153,"ku","ku-m","m",1,2,"er-m","er",1,1,0,1,"kum","erm"
913,"re","re-sel","sel",3,4,"re-born","born",1,3,1,1,"küresel","küreborn"
205,"ku","ku-rt","rt",1,2,"ku-za","za",2,0,0,1,"kurt","kuza"
458,"kur","kur-ta","ta",4,77,"ajans-ta","ajans",1,76,2,1,"kurtarıcı","ajanstarıcı"
543,"rul","rul-last_blank","last_blank",2,3,"çem-last_blank","çem",3,0,0,1,"kurul","kuçem"
502,"first_blank","first_blank-ku","ku",1,601,"first_blank-te","te",598,3,0,1,"kuş","teş"
592,"first_blank","first_blank-kuv","kuv",2,28,"first_blank-gru","gru",28,0,0,1,"kuvvet","gruvet"
26,"zen","zen-last_blank","last_blank",2,14,"kâr-last_blank","kâr",14,0,0,1,"kuzen","kukâr"
361,"zey","zey-last_blank","last_blank",2,3,"bum-last_blank","bum",3,0,0,1,"kuzey","kubum"
598,"first_blank","first_blank-lez","lez",3,12,"first_blank-uçur","uçur",12,0,1,1,"lezzetli","uçurzetli"
906,"ral","ral-last_blank","last_blank",3,30,"ford-last_blank","ford",32,2,1,1,"liberal","libeford"
568,"li","li-man","man",2,8,"li-niz","niz",10,2,0,1,"liman","liniz"
855,"mu","mu-zin","zin",3,3,"mu-kesh","kesh",1,2,1,1,"limuzin","limukesh"
628,"li","li-ng","ng",1,1,"li-os","os",1,0,0,1,"ling","lios"
323,"ma","ma-dal","dal",3,10,"ma-aşım","aşım",3,7,1,1,"madalya","maaşımya"
288,"dal","dal-yon","yon",3,1,"ilüz-yon","ilüz",1,0,1,1,"madalyon","mailüzyon"
249,"ğa","ğa-za","za",3,19,"sfor-za","sfor",1,18,2,1,"mağaza","masforza"
742,"kum","kum-last_blank","last_blank",2,12,"row-last_blank","row",12,0,0,1,"mahkum","mahrow"
693,"mah","mah-re","re",4,5,"everg-re","everg",1,4,2,1,"mahremiyet","evergremiyet"
752,"ma","ma-ki","ki",3,49,"ma-aşım","aşım",3,46,2,1,"makine","maaşımne"
629,"mum","mum-last_blank","last_blank",3,9,"rist-last_blank","rist",9,0,1,1,"maksimum","maksirist"
15,"kul","kul-last_blank","last_blank",2,5,"ers-last_blank","ers",5,0,0,1,"makul","maers"
276,"ibi","ibi-last_blank","last_blank",4,1,"ratch-last_blank","ratch",1,0,2,1,"mal sahibi","mal sahratch"
865,"nas","nas-tır","tır",3,3,"alış-tır","alış",3,0,1,1,"manastır","maalıştır"
549,"first_blank","first_blank-ma","ma",6,761,"first_blank-pennsyl","pennsyl",1,760,5,1,"manipule etmek","pennsylnipule etmek"
8,"tık","tık-lı","lı",3,4,"onay-lı","onay",3,1,1,1,"mantıklı","manonaylı"
972,"saj","saj-last_blank","last_blank",2,2,"pio-last_blank","pio",2,0,0,1,"masaj","mapio"
318,"ma","ma-tik","tik",4,17,"ma-xwell","xwell",1,16,2,1,"matematik","matemaxwell"
459,"vi","vi-last_blank","last_blank",2,41,"run-last_blank","run",41,0,1,1,"mavi","marun"
510,"nez","nez-last_blank","last_blank",3,4,"dard-last_blank","dard",4,0,1,1,"mayonez","mayodard"
579,"yet","yet-last_blank","last_blank",4,57,"nally-last_blank","nally",3,54,2,1,"medeniyet","medeninally"
879,"ka","ka-nik","nik",3,2,"ka-bart","bart",1,1,1,1,"mekanik","mekabart"
882,"tup","tup-last_blank","last_blank",2,8,"cer-last_blank","cer",8,0,0,1,"mektup","mekcer"
582,"dil","dil-last_blank","last_blank",2,2,"mud-last_blank","mud",2,0,0,1,"mendil","menmud"
84,"first_blank","first_blank-mer","mer",3,114,"first_blank-açık","açık",114,0,1,1,"merhamet","açıkhamet"
883,"kez","kez-last_blank","last_blank",2,3,"dai-last_blank","dai",3,0,0,1,"merkez","merdai"
461,"first_blank","first_blank-mer","mer",2,114,"first_blank-tut","tut",114,0,0,1,"mermi","tutmi"
212,"me","me-tal","tal",2,5,"me-nim","nim",5,0,0,1,"metal","menim"
517,"first_blank","first_blank-met","met",2,36,"first_blank-aya","aya",36,0,0,1,"metre","ayare"
280,"umak","umak-last_blank","last_blank",5,1,"terfly-last_blank","terfly",1,0,2,1,"meydan okumak","meydan okterfly"
273,"first_blank","first_blank-mey","mey",2,24,"first_blank-sıç","sıç",24,0,0,1,"meyve","sıçve"
845,"uyu","uyu-last_blank","last_blank",4,1,"acock-last_blank","acock",1,0,2,1,"meyve suyu","meyve sacock"
622,"zar","zar-lık","lık",3,8,"açık-lık","açık",1,7,1,1,"mezarlık","meaçıklık"
227,"lmak","lmak-last_blank","last_blank",4,1,"oters-last_blank","oters",1,0,1,1,"mezun olmak","mezun ooters"
432,"ısı","ısı-last_blank","last_blank",6,1,"nimhhhh-last_blank","nimhhhh",1,0,4,1,"mide bulantısı","mide bulantnimhhhh"
464,"fon","fon-last_blank","last_blank",3,6,"iser-last_blank","iser",6,0,1,1,"mikrofon","mikroiser"
881,"kop","kop-last_blank","last_blank",3,3,"pard-last_blank","pard",3,0,1,1,"mikroskop","mikrospard"
894,"first_blank","first_blank-mik","mik",2,36,"first_blank-iti","iti",36,0,0,1,"miktar","ititar"
625,"first_blank","first_blank-mil","mil",2,53,"first_blank-sen","sen",53,0,0,1,"milyar","senyar"
640,"mar","mar-last_blank","last_blank",2,16,"rey-last_blank","rey",16,0,0,1,"mimar","mirey"
347,"first_blank","first_blank-mis","mis",2,16,"first_blank-lam","lam",16,0,0,1,"misyon","lamyon"
66,"first_blank","first_blank-mor","mor",2,30,"first_blank-yum","yum",30,0,0,1,"morfin","yumfin"
688,"tel","tel-last_blank","last_blank",2,10,"dia-last_blank","dia",10,0,0,1,"motel","modia"
863,"tor","tor-last_blank","last_blank",2,26,"mim-last_blank","mim",26,0,0,1,"motor","momim"
274,"her","her-last_blank","last_blank",3,44,"land-last_blank","land",42,2,1,1,"mücevher","mücevland"
918,"dür","dür-last_blank","last_blank",2,44,"ret-last_blank","ret",44,0,0,1,"müdür","müret"
111,"first_blank","first_blank-muh","muh",4,28,"first_blank-elekt","elekt",23,5,2,1,"muhtemelen","elekttemelen"
782,"şem","şem-last_blank","last_blank",3,4,"cock-last_blank","cock",4,0,1,1,"muhteşem","muhtecock"
403,"mel","mel-last_blank","last_blank",3,14,"kins-last_blank","kins",12,2,1,1,"mükemmel","mükemkins"
594,"mu","mu-m","m",1,1,"er-m","er",1,0,0,1,"mum","erm"
379,"first_blank","first_blank-müş","müş",3,49,"first_blank-iler","iler",49,0,1,1,"müşteri","ilerteri"
298,"tas","tas-yon","yon",3,17,"ilüz-yon","ilüz",1,16,1,1,"mutasyon","muilüzyon"
643,"te","te-va","va",4,3,"te-necek","necek",1,2,3,1,"mütevazı","mütenecekzı"
615,"first_blank","first_blank-mut","mut",2,56,"first_blank-şey","şey",56,0,0,1,"mutlu","şeylu"
591,"first_blank","first_blank-mü","mü",2,265,"first_blank-ver","ver",262,3,1,1,"müze","verze"
164,"zik","zik-last_blank","last_blank",2,12,"dam-last_blank","dam",12,0,0,1,"müzik","müdam"
33,"eti","eti-last_blank","last_blank",5,1,"aworld-last_blank","aworld",1,0,3,1,"müzik aleti","müzik alaworld"
787,"yen","yen-last_blank","last_blank",3,132,"ford-last_blank","ford",32,100,1,1,"müzisyen","müzisford"
50,"di","di-ren","ren",3,21,"di-alar","alar",1,20,1,1,"nadiren","nadialar"
985,"zik","zik-last_blank","last_blank",2,12,"kum-last_blank","kum",12,0,0,1,"nazik","nakum"
793,"ne","ne-den","den",2,38,"ne-lim","lim",12,26,0,1,"neden","nelim"
147,"ne","ne-ne","ne",2,14,"kan-ne","kan",15,1,1,1,"nene","kanne"
994,"şe","şe-last_blank","last_blank",2,49,"rır-last_blank","rır",49,0,1,1,"neşe","nerır"
313,"hai","hai-last_blank","last_blank",2,3,"ite-last_blank","ite",3,0,0,1,"nihai","niite"
36,"ni","ni-yet","yet",2,21,"ni-miz","miz",20,1,0,1,"niyet","nimiz"
771,"first_blank","first_blank-nor","nor",2,27,"first_blank-göl","göl",27,0,0,1,"normal","gölmal"
72,"first_blank","first_blank-nük","nük",3,3,"first_blank-mart","mart",3,0,1,1,"nükleer","martleer"
649,"first_blank","first_blank-o","o",1,1,"first_blank-tz","tz",1,0,1,1,"o","tz"
129,"ül","ül-last_blank","last_blank",1,2,"xa-last_blank","xa",2,0,0,1,"ödül","ödxa"
151,"first_blank","first_blank-of","of",1,6,"first_blank-gy","gy",6,0,0,1,"ofis","gyis"
533,"len","len-mek","mek",4,24,"öidür-mek","öidür",1,23,2,1,"öfkelenmek","öfkeöidürmek"
530,"lan","lan-last_blank","last_blank",2,135,"ğiz-last_blank","ğiz",138,3,0,1,"oğlan","oğğiz"
3,"eği","eği-last_blank","last_blank",5,1,"ransky-last_blank","ransky",1,0,3,1,"öğle yemeği","öğle yemransky"
330,"len","len-last_blank","last_blank",2,135,"sak-last_blank","sak",136,1,0,1,"öğlen","öğsak"
666,"ret","ret-mek","mek",3,5,"edil-mek","edil",3,2,1,1,"öğretmek","öğedilmek"
665,"ret","ret-men","men",3,19,"edil-men","edil",1,18,1,1,"öğretmen","öğedilmen"
531,"first_blank","first_blank-oğ","oğ",1,52,"first_blank-uz","uz",52,0,0,1,"oğul","uzul"
870,"first_blank","first_blank-öğüt","öğüt",3,1,"first_blank-idiy","idiy",1,0,0,1,"öğüt vermek","idiy vermek"
382,"jen","jen-last_blank","last_blank",3,6,"lard-last_blank","lard",6,0,1,1,"oksijen","oksilard"
824,"ok","ok-ul","ul",1,1,"tr-ul","tr",1,0,0,1,"okul","trul"
216,"nus","nus-last_blank","last_blank",3,14,"berg-last_blank","berg",14,0,1,1,"okyanus","okyaberg"
825,"ğan","ğan-last_blank","last_blank",2,12,"mus-last_blank","mus",12,0,0,1,"olağan","olamus"
781,"ola","ola-sı","sı",3,17,"anım-sı","anım",2,15,1,1,"olasılık","anımsılık"
214,"çek","çek-last_blank","last_blank",2,3,"bas-last_blank","bas",3,0,0,1,"ölçek","ölbas"
992,"dür","dür-mek","mek",3,10,"zelt-mek","zelt",1,9,1,1,"öldürmek","ölzeltmek"
621,"ol","ol-mak","mak",2,10,"ol-dur","dur",3,7,0,1,"olmak","oldur"
491,"öl","öl-mek","mek",2,5,"öl-düy","düy",1,4,0,1,"ölmek","öldüy"
156,"first_blank","first_blank-öl","öl",1,423,"first_blank-çı","çı",436,13,0,1,"ölü","çıü"
675,"cül","cül-last_blank","last_blank",2,2,"fek-last_blank","fek",2,0,0,1,"ölümcül","ölümfek"
726,"first_blank","first_blank-olum","olum",2,3,"first_blank-ucun","ucun",3,0,0,1,"olumsuz","ucunsuz"
990," yıl"," yıl-last_blank","last_blank",2,1,"cell-last_blank","cell",1,0,0,1,"on yıl","oncell"
444,"ay","ay-last_blank","last_blank",1,26,"he-last_blank","he",26,0,0,1,"onay","onhe"
680,"first_blank","first_blank-onay","onay",3,34,"first_blank-ayır","ayır",33,1,0,1,"onaylamak","ayırlamak"
405,"ce","ce-lik","lik",3,13,"ce-dars","dars",1,12,1,1,"öncelik","öncedars"
922,"der","der-last_blank","last_blank",2,75,"yıp-last_blank","yıp",74,1,0,1,"önder","önyıp"
45,"em","em-last_blank","last_blank",1,18,"lt-last_blank","lt",18,0,0,1,"önem","önlt"
208,"önem","önem-li","li",2,6,"iler-li","iler",6,0,0,1,"önemli","ilerli"
878,"first_blank","first_blank-öner","öner",2,18,"first_blank-alet","alet",18,0,0,1,"önermek","aletmek"
81,"on","on-ur","ur",1,1,"on-ba","ba",1,0,0,1,"onur","onba"
142,"first_blank","first_blank-ora","ora",2,51,"first_blank-kas","kas",51,0,0,1,"orada","kasda"
498,"dek","dek-last_blank","last_blank",2,8,"hım-last_blank","hım",8,0,0,1,"ördek","örhım"
596,"or","or-du","du",2,29,"lun-du","lun",23,6,1,1,"ordu","lundu"
686,"man","man-last_blank","last_blank",2,321,"yim-last_blank","yim",324,3,0,1,"orman","oryim"
899,"büs","büs-last_blank","last_blank",2,3,"led-last_blank","led",3,0,0,1,"otobüs","otoled"
79,"first_blank","first_blank-otur","otur",2,64,"first_blank-edil","edil",64,0,0,2,"oturmak","edilmak"
187,"oy","oy-last_blank","last_blank",1,3,"mb-last_blank","mb",3,0,0,1,"oy","mb"
690,"oy","oy-un","un",1,1,"cr-un","cr",1,0,0,1,"oyun","crun"
691,"first_blank","first_blank-oyun","oyun",2,79,"first_blank-unut","unut",81,2,0,1,"oyuncak","unutcak"
535,"first_blank","first_blank-oyun","oyun",2,79,"first_blank-unut","unut",81,2,0,1,"oyuncu","unutcu"
766,"öz","öz-ve","ve",3,2,"alis-ve","alis",1,1,2,1,"özveri","alisveri"
613,"ket","ket-last_blank","last_blank",2,33,"ham-last_blank","ham",34,1,0,1,"paket","paham"
428,"muk","muk-last_blank","last_blank",2,3,"hio-last_blank","hio",3,0,0,1,"pamuk","pahio"
707,"first_blank","first_blank-pa","pa",2,407,"first_blank-kur","kur",390,17,1,1,"para","kurra"
127,"pa","pa-rag","rag",3,2,"pa-tent","tent",2,0,1,1,"paragraf","patentraf"
236,"mal","mal-last_blank","last_blank",4,17,"decek-last_blank","decek",17,0,2,1,"paranormal","paranordecek"
92,"ra","ra-sal","sal",3,2,"ra-pist","pist",2,0,1,1,"parasal","parapist"
321,"first_blank","first_blank-par","par",2,255,"first_blank-ola","ola",254,1,0,1,"parça","olaça"
760,"füm","füm-last_blank","last_blank",2,1,"lei-last_blank","lei",1,0,0,1,"parfüm","parlei"
698,"lak","lak-last_blank","last_blank",2,47,"rir-last_blank","rir",47,0,0,1,"parlak","parrir"
233,"izi","izi-last_blank","last_blank",4,2,"ferty-last_blank","ferty",2,0,2,1,"parmak izi","parmak ferty"
745,"first_blank","first_blank-par","par",2,255,"first_blank-ola","ola",254,1,0,1,"parti","olati"
550,"par","par-ti","ti",3,44,"eleş-ti","eleş",11,33,1,1,"partika","eleştika"
118,"port","port-last_blank","last_blank",3,6,"nell-last_blank","nell",6,0,0,1,"pasaport","pasanell"
220,"first_blank","first_blank-pat","pat",3,131,"first_blank-oyun","oyun",79,52,1,1,"patlama","oyunlama"
704,"pat","pat-lat","lat",3,12,"pat-rick","rick",2,10,1,1,"patlatmak","patrickmak"
128,"pat","pat-la","la",4,78,"everg-la","everg",1,77,2,1,"patlayıcı","everglayıcı"
977,"first_blank","first_blank-pat","pat",2,131,"first_blank-sor","sor",131,0,0,1,"patron","sorron"
194,"zar","zar-last_blank","last_blank",2,15,"lün-last_blank","lün",15,0,0,1,"pazar","palün"
744,"pa","pa-zar","zar",4,19,"pa-rents","rents",1,18,2,1,"pazarlama","parentslama"
929,"nis","nis-last_blank","last_blank",2,12,"ğan-last_blank","ğan",12,0,0,1,"penis","peğan"
350,"first_blank","first_blank-pers","pers",3,1,"first_blank-mild","mild",1,0,0,1,"perspektif","mildpektif"
267,"first_blank","first_blank-pey","pey",2,17,"first_blank-kıl","kıl",17,0,0,1,"peynir","kılnir"
67,"lot","lot-last_blank","last_blank",2,5,"hur-last_blank","hur",5,0,0,1,"pilot","pihur"
264,"first_blank","first_blank-pi","pi",1,207,"first_blank-iş","iş",207,0,0,1,"pis","işs"
389,"first_blank","first_blank-plan","plan",3,83,"first_blank-unut","unut",81,2,0,1,"planlama","unutlama"
181,"first_blank","first_blank-plas","plas",2,5,"first_blank-skan","skan",5,0,0,1,"plastik","skantik"
581,"po","po-ker","ker",2,2,"po-rum","rum",2,0,0,1,"poker","porum"
573,"li","li-tik","tik",3,2,"li-sans","sans",2,0,1,1,"politik","polisans"
718,"ka","ka-cı","cı",5,17,"ka-minsky","minsky",1,16,4,1,"politikacı","politikaminsky"
964,"por","por-ta","ta",3,14,"anah-ta","anah",14,0,1,1,"portakal","anahtakal"
504,"first_blank","first_blank-pra","pra",3,11,"first_blank-risk","risk",11,0,1,1,"pratikte","risktikte"
727,"en","en-s","s",1,2,"is-s","is",2,0,0,1,"prens","priss"
210,"sör","sör-last_blank","last_blank",3,6,"nell-last_blank","nell",6,0,1,1,"profesör","profenell"
37,"nel","nel-last_blank","last_blank",4,19,"worth-last_blank","worth",7,12,2,1,"profesyonel","profesyoworth"
729,"ram","ram-last_blank","last_blank",2,31,"lıp-last_blank","lıp",31,0,0,1,"program","proglıp"
436,"se","se-dür","dür",3,4,"se-lans","lans",5,1,1,1,"prosedür","proselans"
583,"kol","kol-last_blank","last_blank",3,3,"sans-last_blank","sans",3,0,1,1,"protokol","protosans"
634,"to","to-tip","tip",3,1,"to-udou","udou",1,0,1,1,"prototip","protoudou"
43,"first_blank","first_blank-psi","psi",4,35,"first_blank-elekt","elekt",23,12,2,1,"psikoloji","elektkoloji"
891,"lo","lo-jik","jik",4,11,"lo-ughby","ughby",1,10,2,1,"psikolojik","psikoloughby"
809,"first_blank","first_blank-pu","pu",2,58,"first_blank-red","red",58,0,1,1,"puro","redro"
287,"pu","pu-t","t",1,1,"ns-t","ns",1,0,0,1,"put","nst"
139,"first_blank","first_blank-rad","rad",3,28,"first_blank-ölüm","ölüm",28,0,1,1,"radyasyon","ölümyasyon"
507,"hip","hip-last_blank","last_blank",2,3,"rok-last_blank","rok",3,0,0,1,"rahip","rarok"
254,"kip","kip-last_blank","last_blank",2,10,"har-last_blank","har",10,0,0,1,"rakip","rahar"
812,"kun","kun-last_blank","last_blank",2,15,"dip-last_blank","dip",15,0,0,1,"rakun","radip"
450,"ak","ak-tör","tör",3,9,"ak-fast","fast",1,8,1,1,"reaktör","reakfast"
747,"first_blank","first_blank-res","res",2,56,"first_blank-mut","mut",56,0,0,1,"resmi","mutmi"
776,"first_blank","first_blank-res","res",2,56,"first_blank-mut","mut",56,0,0,1,"ressam","mutsam"
733,"first_blank","first_blank-res","res",3,56,"first_blank-adam","adam",57,1,1,1,"restoran","adamtoran"
807,"ro","ro-ma","ma",2,19,"çır-ma","çır",19,0,1,1,"roma","çırma"
247,"man","man-tik","tik",3,5,"üret-tik","üret",2,3,1,1,"romantik","roürettik"
759,"ru","ru-h","h",1,1,"oc-h","oc",1,0,0,1,"ruh","och"
454,"first_blank","first_blank-rü","rü",2,45,"first_blank-giz","giz",45,0,1,1,"rüya","gizya"
953,"bah","bah-last_blank","last_blank",2,2,"dız-last_blank","dız",2,0,0,1,"sabah","sadız"
27,"ısı","ısı-last_blank","last_blank",6,1,"nimhhhh-last_blank","nimhhhh",1,0,4,1,"sabah kahvaltısı","sabah kahvaltnimhhhh"
161,"taj","taj-last_blank","last_blank",3,9,"hers-last_blank","hers",9,0,1,1,"sabotaj","sabohers"
768,"sa","sa-dık","dık",2,5,"sa-maz","maz",5,0,0,1,"sadık","samaz"
359,"fak","fak-last_blank","last_blank",2,3,"eks-last_blank","eks",3,0,0,1,"şafak","şaeks"
557,"ğır","ğır-last_blank","last_blank",2,5,"liş-last_blank","liş",5,0,0,1,"sağır","saliş"
295,"sağ","sağ-la","la",3,83,"dost-la","dost",25,58,1,1,"sağlamak","dostlamak"
714,"hil","hil-last_blank","last_blank",2,7,"sur-last_blank","sur",7,0,0,1,"sahil","sasur"
544,"first_blank","first_blank-sah","sah",3,46,"first_blank-prog","prog",47,1,1,1,"sahtekar","progtekar"
394,"ka","ka-last_blank","last_blank",2,153,"sem-last_blank","sem",152,1,1,1,"şaka","şasem"
764,"kal","kal-last_blank","last_blank",2,19,"jik-last_blank","jik",19,0,0,1,"sakal","sajik"
806,"kin","kin-lik","lik",3,10,"özel-lik","özel",14,4,1,1,"sakinlik","saözellik"
472,"first_blank","first_blank-sak","sak",3,160,"first_blank-unut","unut",81,79,1,1,"saklamak","unutlamak"
49,"lak","lak-last_blank","last_blank",2,47,"rir-last_blank","rir",47,0,0,1,"salak","sarir"
191,"sa","sa-la","la",3,40,"oğul-la","oğul",13,27,2,1,"salata","oğullata"
585,"gan","gan-last_blank","last_blank",3,49,"ford-last_blank","ford",32,17,1,1,"saldırgan","saldırford"
439,"sal","sal-dı","dı",3,67,"ayır-dı","ayır",9,58,1,1,"saldırı","ayırdırı"
705,"sa","sa-lı","lı",2,19,"ğım-lı","ğım",16,3,1,1,"salı","ğımlı"
524,"sa","sa-mi","mi",3,11,"aile-mi","aile",4,7,2,1,"samimi","ailemimi"
784,"first_blank","first_blank-şam","şam",3,30,"first_blank-genç","genç",30,0,1,1,"şampanya","gençpanya"
954,"first_blank","first_blank-şam","şam",4,30,"first_blank-elekt","elekt",23,7,2,1,"şampiyonluk","elektpiyonluk"
655,"ray","ray-last_blank","last_blank",3,6,"iser-last_blank","iser",6,0,1,1,"samuray","samuiser"
849,"first_blank","first_blank-san","san",3,137,"first_blank-açık","açık",114,23,1,1,"sandalye","açıkdalye"
761,"taj","taj-last_blank","last_blank",2,9,"his-last_blank","his",9,0,0,1,"şantaj","şanhis"
624,"san","san-ti","ti",4,8,"augus-ti","augus",1,7,2,1,"santimetre","augustimetre"
514,"pel","pel-last_blank","last_blank",2,6,"bit-last_blank","bit",6,0,0,1,"şapel","şabit"
489,"first_blank","first_blank-şap","şap",2,27,"first_blank-tey","tey",27,0,0,1,"şapka","teyka"
80,"hoş","hoş-last_blank","last_blank",2,2,"yik-last_blank","yik",2,0,0,1,"sarhoş","saryik"
527,"sa","sa-rı","rı",2,48,"ayı-rı","ayı",8,40,1,1,"sarı","ayırı"
682,"rıl","rıl-mak","mak",3,10,"inan-mak","inan",5,5,1,1,"sarılmak","sainanmak"
32,"first_blank","first_blank-şar","şar",2,58,"first_blank-içe","içe",58,0,0,1,"şarkı","içekı"
6,"tış","tış-last_blank","last_blank",2,3,"git-last_blank","git",3,0,0,1,"satış","sagit"
789,"sat","sat-mak","mak",2,3,"tıl-mak","tıl",3,0,0,1,"satmak","tılmak"
790,"vaş","vaş-last_blank","last_blank",2,2,"nif-last_blank","nif",2,0,0,1,"savaş","sanif"
55,"anı","anı-last_blank","last_blank",5,3,"terfly-last_blank","terfly",1,2,3,1,"savaş alanı","savaş alterfly"
63,"vaş","vaş-çı","çı",3,18,"rock-çı","rock",1,17,1,1,"savaşçı","sarockçı"
75,"first_blank","first_blank-sav","sav",2,22,"first_blank-evi","evi",22,0,0,1,"savcı","evicı"
565,"vun","vun-mak","mak",3,2,"ulaş-mak","ulaş",2,0,1,1,"savunmak","saulaşmak"
373,"ğer","ğer-last_blank","last_blank",4,9,"light-last_blank","light",4,5,2,1,"saygıdeğer","saygıdelight"
94,"sa","sa-yım","yım",2,8,"sa-por","por",8,0,0,1,"sayım","sapor"
795,"nek","nek-last_blank","last_blank",3,17,"ling-last_blank","ling",17,0,1,1,"seçenek","seçeling"
466,"çim","çim-last_blank","last_blank",2,9,"kır-last_blank","kır",9,0,0,1,"seçim","sekır"
794,"first_blank","first_blank-seç","seç",2,71,"first_blank-gün","gün",71,0,0,1,"seçme","günme"
14,"first_blank","first_blank-seç","seç",2,71,"first_blank-gün","gün",71,0,0,1,"seçmen","günmen"
711,"şe","şe-f","f",1,1,"ar-f","ar",1,0,0,1,"şef","arf"
974,"fa","fa-let","let",3,4,"fa-iziy","iziy",1,3,1,1,"sefalet","sefaiziy"
873,"se","se-lam","lam",4,12,"se-decek","decek",2,10,2,1,"selamlamak","sedeceklamak"
104,"first_blank","first_blank-sem","sem",2,17,"first_blank-tip","tip",17,0,0,1,"sembol","tipbol"
406,"mt","mt-last_blank","last_blank",1,2,"ae-last_blank","ae",2,0,0,1,"semt","seae"
699,"na","na-to","to",3,9,"na-park","park",2,7,2,1,"senato","senapark"
930,"na","na-tör","tör",3,5,"na-kavt","kavt",2,3,1,1,"senatör","senakavt"
800,"rom","rom-last_blank","last_blank",2,2,"vut-last_blank","vut",2,0,0,1,"sendrom","sendvut"
117,"se","se-reb","reb",3,1,"se-ball","ball",1,0,1,1,"serebral","seballral"
322,"first_blank","first_blank-ser","ser",2,105,"first_blank-yan","yan",105,0,0,1,"sergi","yangi"
447,"se","se-rin","rin",2,13,"se-nar","nar",14,1,0,1,"serin","senar"
1000,"se","se-rt","rt",1,1,"ea-rt","ea",1,0,0,1,"sert","eart"
364,"se","se-s","s",1,1,"lm-s","lm",1,0,0,1,"ses","lms"
805,"first_blank","first_blank-ses","ses",3,49,"first_blank-iliş","iliş",48,1,1,1,"sessizlik","ilişsizlik"
619,"first_blank","first_blank-sev","sev",3,187,"first_blank-inan","inan",125,62,1,1,"sevgili","inangili"
371,"vim","vim-li","li",3,5,"mert-li","mert",4,1,1,1,"sevimli","semertli"
614,"first_blank","first_blank-şey","şey",2,56,"first_blank-mut","mut",56,0,0,1,"şeytan","muttan"
401,"first_blank","first_blank-sez","sez",2,7,"first_blank-bos","bos",7,0,0,1,"sezgi","bosgi"
821,"first_blank","first_blank-şid","şid",3,14,"first_blank-test","test",14,0,1,1,"şiddetle","testdetle"
537,"first_blank","first_blank-şif","şif",2,18,"first_blank-tay","tay",18,0,0,1,"şifre","tayre"
907,"si","si-ga","ga",3,16,"omur-ga","omur",6,10,2,1,"sigara","omurgara"
145,"baz","baz-last_blank","last_blank",3,8,"rell-last_blank","rell",8,0,1,1,"sihirbaz","sihirrell"
618,"ir","ir-last_blank","last_blank",2,30,"tün-last_blank","tün",30,0,1,1,"şiir","şitün"
900,"lah","lah-last_blank","last_blank",2,16,"şir-last_blank","şir",16,0,0,1,"silah","sişir"
847,"lâh","lâh-last_blank","last_blank",2,1,"max-last_blank","max",1,0,0,1,"silâh","simax"
279,"nir","nir-li","li",3,5,"komp-li","komp",4,1,1,1,"sinirli","sikompli"
822,"first_blank","first_blank-sin","sin",2,37,"first_blank-tur","tur",37,0,0,1,"sinyal","turyal"
278,"riş","riş-last_blank","last_blank",3,9,"mond-last_blank","mond",9,0,1,1,"sipariş","sipamond"
868,"şi","şi-rin","rin",2,7,"şi-ler","ler",11,4,0,1,"şirin","şiler"
385,"si","si-rk","rk",1,1,"si-by","by",1,0,0,1,"sirk","siby"
816,"first_blank","first_blank-şir","şir",2,41,"first_blank-pos","pos",41,0,0,1,"şirket","posket"
140,"si","si-s","s",1,2,"rn-s","rn",2,0,0,1,"sis","rns"
93,"şe","şe-last_blank","last_blank",2,49,"tun-last_blank","tun",49,0,1,1,"şişe","şitun"
18,"tem","tem-last_blank","last_blank",2,13,"non-last_blank","non",13,0,0,1,"sistem","sisnon"
116,"yah","yah-last_blank","last_blank",2,3,"nıt-last_blank","nıt",3,0,0,1,"siyah","sinıt"
327,"set","set-last_blank","last_blank",3,11,"ring-last_blank","ring",11,0,1,1,"siyaset","siyaring"
819,"cak","cak-lık","lık",3,4,"ağır-lık","ağır",6,2,1,1,"sıcaklık","sıağırlık"
633,"first_blank","first_blank-şı","şı",1,9,"first_blank-oz","oz",9,0,0,1,"şık","ozk"
105,"first_blank","first_blank-sık","sık",3,27,"first_blank-kart","kart",27,0,1,1,"sıklıkla","kartlıkla"
404,"rın","rın-ga","ga",3,2,"mort-ga","mort",1,1,1,1,"şırınga","şımortga"
590,"first_blank","first_blank-sırt","sırt",4,6,"first_blank-augus","augus",6,0,1,1,"sırt çantası","augus çantası"
826,"vı","vı-last_blank","last_blank",2,3,"fuz-last_blank","fuz",3,0,1,1,"sıvı","sıfuz"
545," yağ"," yağ-last_blank","last_blank",3,1,"rinç-last_blank","rinç",1,0,0,1,"sıvı yağ","sıvırinç"
206,"dal","dal-last_blank","last_blank",2,9,"rer-last_blank","rer",9,0,0,1,"skandal","skanrer"
319,"so","so-ba","ba",2,4,"şam-ba","şam",4,0,1,1,"soba","şamba"
600,"so","so-da","da",2,2,"niz-da","niz",2,0,1,1,"soda","nizda"
786,"ğan","ğan-last_blank","last_blank",2,12,"red-last_blank","red",12,0,0,1,"soğan","sored"
818,"ğuk","ğuk-last_blank","last_blank",2,2,"tav-last_blank","tav",2,0,0,1,"soğuk","sotav"
141,"kak","kak-last_blank","last_blank",2,4,"deş-last_blank","deş",4,0,0,1,"sokak","sodeş"
87,"har","har-last_blank","last_blank",3,10,"king-last_blank","king",10,0,1,1,"sonbahar","sonbaking"
830,"adar","adar-last_blank","last_blank",5,1,"minsky-last_blank","minsky",1,0,2,1,"sonsuza kadar","sonsuza kminsky"
831,"nuç","nuç-last_blank","last_blank",2,1,"ute-last_blank","ute",1,0,0,1,"sonuç","soute"
654,"nuç","nuç-ta","ta",3,1,"boks-ta","boks",1,0,1,1,"sonuçta","soboksta"
832,"so","so-r","r",1,1,"ar-r","ar",1,0,0,1,"sor","arr"
605,"suz","suz-last_blank","last_blank",3,46,"land-last_blank","land",42,4,1,1,"sorumsuz","sorumland"
834,"run","run-last_blank","last_blank",2,41,"ney-last_blank","ney",41,0,0,1,"sorun","soney"
572,"so","so-s","s",1,1,"re-s","re",1,0,0,1,"sos","res"
854,"ya","ya-dı","dı",3,8,"alın-dı","alın",8,0,2,1,"soyadı","soalındı"
150,"gun","gun-last_blank","last_blank",2,18,"lia-last_blank","lia",18,0,0,1,"soygun","soylia"
835,"le","le-mek","mek",3,77,"le-opar","opar",2,75,1,1,"söylemek","söyleopar"
152,"soy","soy-mak","mak",2,2,"vaş-mak","vaş",2,0,0,1,"soymak","vaşmak"
324,"rmek","rmek-last_blank","last_blank",3,1,"vinç-last_blank","vinç",1,0,0,1,"söz vermek","söz vevinç"
595,"first_blank","first_blank-spa","spa",3,5,"first_blank-eşit","eşit",5,0,1,1,"spagetti","eşitgetti"
397,"or","or-last_blank","last_blank",1,24,"nt-last_blank","nt",24,0,0,1,"spor","spnt"
750,"first_blank","first_blank-st","st",1,105,"first_blank-ze","ze",105,0,0,1,"stil","zeil"
715,"ji","ji-last_blank","last_blank",4,53,"recek-last_blank","recek",55,2,3,1,"strateji","straterecek"
360,"su","su-ç","ç",1,1,"an-ç","an",2,1,0,1,"suç","anç"
810,"first_blank","first_blank-suç","suç",3,129,"first_blank-inan","inan",125,4,1,1,"suçlama","inanlama"
611,"first_blank","first_blank-suç","suç",2,129,"first_blank-bas","bas",129,0,0,1,"suçlu","baslu"
632,"first_blank","first_blank-şük","şük",2,12,"first_blank-laf","laf",12,0,0,1,"şükran","lafran"
842,"first_blank","first_blank-şüp","şüp",3,69,"first_blank-ulaş","ulaş",65,4,1,1,"şüpheli","ulaşheli"
390,"rek","rek-li","li",3,12,"çift-li","çift",13,1,1,1,"sürekli","süçiftli"
843,"sür","sür-mek","mek",2,3,"fet-mek","fet",3,0,0,1,"sürmek","fetmek"
976,"cü","cü-last_blank","last_blank",3,30,"ford-last_blank","ford",32,2,2,1,"sürücü","sürüford"
11,"su","su-suz","suz",3,4,"su-ikas","ikas",4,0,1,1,"susuzluk","suikasluk"
867,"bak","bak-last_blank","last_blank",2,3,"geç-last_blank","geç",3,0,0,1,"tabak","tageç"
31,"bur","bur-last_blank","last_blank",2,8,"gel-last_blank","gel",8,0,0,1,"tabur","tagel"
851,"ta","ta-ht","ht",1,1,"ta-wa","wa",1,0,0,1,"taht","tawa"
108,"tmek","tmek-last_blank","last_blank",4,1,"isand-last_blank","isand",1,0,1,1,"takdir etmek","takdir eisand"
599,"kım","kım-last_blank","last_blank",2,12,"yun-last_blank","yun",12,0,0,1,"takım","tayun"
856,"vim","vim-last_blank","last_blank",2,4,"zır-last_blank","zır",4,0,0,1,"takvim","takzır"
858,"ta","ta-lih","lih",4,5,"ta-urant","urant",2,3,2,1,"talihsizlik","taurantsizlik"
130,"olu","olu-last_blank","last_blank",3,1,"send-last_blank","send",1,0,1,1,"tam dolu","tam dsend"
506,"ma","ma-men","men",3,1,"ma-aşıy","aşıy",1,0,1,1,"tamamen","tamaaşıy"
893,"mam","mam-la","la",4,34,"everg-la","everg",1,33,2,1,"tamamlamak","taeverglamak"
260,"mi","mi-rat","rat",3,1,"mi-ting","ting",1,0,1,1,"tamirat","tamiting"
860,"nık","nık-lık","lık",3,4,"kanç-lık","kanç",3,1,1,1,"tanıklık","takançlık"
494,"nım","nım-last_blank","last_blank",2,74,"müş-last_blank","müş",73,1,0,1,"tanım","tamüş"
861,"mak","mak-last_blank","last_blank",3,530,"ford-last_blank","ford",32,498,1,1,"tanımak","tanıford"
349,"nış","nış-mak","mak",3,3,"kork-mak","kork",3,0,1,1,"tanışmak","takorkmak"
552,"first_blank","first_blank-tar","tar",3,114,"first_blank-açık","açık",114,0,1,1,"tartışma","açıktışma"
495,"first_blank","first_blank-ta","ta",1,1457,"first_blank-ge","ge",1328,129,0,1,"taş","geş"
658,"til","til-last_blank","last_blank",2,7,"ung-last_blank","ung",7,0,0,1,"tatil","taung"
889,"şan","şan-last_blank","last_blank",2,31,"rik-last_blank","rik",31,0,0,1,"tavşan","tavrik"
886,"vi","vi-last_blank","last_blank",3,41,"land-last_blank","land",42,1,2,1,"tedavi","tedaland"
163,"first_blank","first_blank-teğ","teğ",2,5,"first_blank-aca","aca",5,0,0,1,"teğmen","acamen"
748,"first_blank","first_blank-teh","teh",3,57,"first_blank-adam","adam",57,0,1,1,"tehlike","adamlike"
749,"first_blank","first_blank-teh","teh",4,57,"first_blank-abart","abart",12,45,2,1,"tehlikeli","abartlikeli"
981,"nik","nik-last_blank","last_blank",2,35,"dün-last_blank","dün",35,0,0,1,"teknik","tekdün"
453,"te","te-l","l",1,1,"by-l","by",1,0,0,1,"tel","byl"
53,"fon","fon-last_blank","last_blank",3,6,"iser-last_blank","iser",6,0,1,1,"telefon","teleiser"
736,"le","le-viz","viz",4,16,"le-necek","necek",25,9,2,1,"televizyon","telenecekyon"
387,"muz","muz-last_blank","last_blank",2,91,"nün-last_blank","nün",91,0,0,1,"temmuz","temnün"
343,"nis","nis-last_blank","last_blank",2,12,"mat-last_blank","mat",12,0,0,1,"tenis","temat"
311,"ori","ori-last_blank","last_blank",2,4,"kem-last_blank","kem",4,0,0,1,"teori","tekem"
89,"re","re-ya","ya",4,3,"re-necek","necek",2,1,3,1,"tereyağı","terenecekğı"
185,"tmek","tmek-last_blank","last_blank",3,1,"sett-last_blank","sett",1,0,0,1,"terk etmek","terk esett"
630,"tmek","tmek-last_blank","last_blank",5,1,"ventry-last_blank","ventry",1,0,2,1,"teşekkür etmek","teşekkür eventry"
814,"yat","yat-ro","ro",3,10,"senk-ro","senk",2,8,1,1,"tiyatro","tisenkro"
846,"top","top-çu","çu",2,3,"kuk-çu","kuk",1,2,0,1,"topçu","kukçu"
895,"top","top-la","la",3,87,"adam-la","adam",32,55,1,1,"toplamak","adamlamak"
547,"top","top-lan","lan",3,55,"odak-lan","odak",21,34,1,1,"toplantı","odaklantı"
896,"lum","lum-last_blank","last_blank",2,17,"rar-last_blank","rar",17,0,0,1,"toplum","toprar"
751,"ren","ren-last_blank","last_blank",2,89,"muz-last_blank","muz",91,2,0,1,"tören","tömuz"
576,"to","to-z","z",1,1,"ma-z","ma",1,0,0,1,"toz","maz"
702,"toz","toz-lu","lu",2,1,"yut-lu","yut",1,0,0,1,"tozlu","yutlu"
925,"tra","tra-jik","jik",2,1,"tra-vol","vol",1,0,0,1,"trajik","travol"
743,"first_blank","first_blank-tüc","tüc",2,6,"first_blank-beş","beş",6,0,0,1,"tüccar","beşcar"
556,"nel","nel-last_blank","last_blank",2,19,"jik-last_blank","jik",19,0,0,1,"tünel","tüjik"
871,"tür","tür-ki","ki",3,1,"lovs-ki","lovs",1,0,1,1,"türkiye","lovskiye"
905,"tu","tu-t","t",1,1,"ur-t","ur",1,0,0,1,"tut","urt"
391,"first_blank","first_blank-tut","tut",2,114,"first_blank-mer","mer",114,0,0,1,"tutku","merku"
177,"tuk","tuk-la","la",4,52,"inanç-la","inanç",7,45,2,1,"tutuklamak","tuinançlamak"
1,"üç","üç-last_blank","last_blank",1,2,"uu-last_blank","uu",2,0,0,1,"üç","uu"
199,"gen","gen-last_blank","last_blank",2,21,"ana-last_blank","ana",21,0,0,1,"üçgen","üçana"
178,"first_blank","first_blank-üç","üç",2,23,"first_blank-mac","mac",23,0,1,1,"üçlü","maclü"
477,"mak","mak-last_blank","last_blank",2,530,"ğım-last_blank","ğım",511,19,0,1,"uçmak","uçğım"
423,"uç","uç-uş","uş",1,1,"uç-mu","mu",1,0,0,1,"uçuş","uçmu"
610,"first_blank","first_blank-uc","uc",1,8,"first_blank-ig","ig",8,0,0,1,"ucuz","iguz"
912,"ul","ul-us","us",1,1,"bi-us","bi",1,0,0,1,"ulus","bius"
852,"first_blank","first_blank-un","un",1,32,"first_blank-öy","öy",33,1,0,1,"un","öy"
758,"first_blank","first_blank-üni","üni",3,45,"first_blank-utan","utan",45,0,1,1,"üniforma","utanforma"
540,"üni","üni-ver","ver",4,18,"macgy-ver","macgy",1,17,2,1,"üniversite","macgyversite"
720,"first_blank","first_blank-ün","ün",2,25,"first_blank-ste","ste",25,0,1,1,"ünlü","stelü"
300,"üre","üre-tim","tim",2,1,"zet-tim","zet",1,0,0,1,"üretim","zettim"
676,"üret","üret-mek","mek",2,1,"selt-mek","selt",1,0,0,1,"üretmek","seltmek"
561,"per","per-ti","ti",4,3,"augus-ti","augus",1,2,2,1,"ürpertici","üraugustici"
608,"ün","ün-last_blank","last_blank",1,9,"we-last_blank","we",9,0,0,1,"ürün","ürwe"
196,"üs","üs-t","t",1,1,"it-t","it",1,0,0,1,"üst","itt"
366,"first_blank","first_blank-uya","uya",3,62,"first_blank-aile","aile",63,1,1,1,"uyarılmış","ailerılmış"
735,"first_blank","first_blank-uy","uy",2,189,"first_blank-din","din",188,1,1,1,"uydu","dindu"
61,"la","la-mak","mak",4,122,"la-urent","urent",1,121,2,1,"uygulamak","uygulaurent"
215,"first_blank","first_blank-uy","uy",1,189,"first_blank-fi","fi",189,0,0,1,"uyum","fium"
226,"first_blank","first_blank-uyu","uyu",2,116,"first_blank-yük","yük",116,0,0,1,"uyumak","yükmak"
926,"man","man-last_blank","last_blank",2,321,"yim-last_blank","yim",324,3,0,1,"uzman","uzyim"
528,"uz","uz-un","un",1,1,"ry-un","ry",1,0,0,1,"uzun","ryun"
136,"first_blank","first_blank-uzun","uzun",2,12,"first_blank-omuz","omuz",12,0,0,1,"uzunluk","omuzluk"
551,"az","az-last_blank","last_blank",2,9,"cek-last_blank","cek",9,0,1,1,"vaaz","vacek"
189,"va","va-di","di",2,13,"va-lar","lar",12,1,1,1,"vadi","valar"
999,"pir","pir-last_blank","last_blank",2,2,"amı-last_blank","amı",2,0,0,1,"vampir","vamamı"
866,"nil","nil-ya","ya",3,2,"trak-ya","trak",2,0,1,1,"vanilya","vatrakya"
386,"first_blank","first_blank-var","var",2,137,"first_blank-geç","geç",139,2,0,1,"varlık","geçlık"
192,"sa","sa-yım","yım",3,8,"sa-atin","atin",3,5,1,1,"varsayım","varsaatin"
609,"ve","ve-nüs","nüs",2,1,"ve-ter","ter",1,0,0,1,"venüs","veter"
801,"ri","ri-ci","ci",3,31,"ri-arty","arty",1,30,2,1,"verici","veriarty"
351,"rim","rim-last_blank","last_blank",2,483,"mız-last_blank","mız",481,2,0,1,"verim","vemız"
877,"ver","ver-mek","mek",2,9,"rül-mek","rül",6,3,0,1,"vermek","rülmek"
263,"deo","deo-last_blank","last_blank",2,4,"loz-last_blank","loz",4,0,0,1,"video","viloz"
730,"ta","ta-min","min",3,6,"ta-okul","okul",4,2,1,1,"vitamin","vitaokul"
937,"first_blank","first_blank-vot","vot",2,2,"first_blank-sın","sın",2,0,0,1,"votka","sınka"
938,"ruş","ruş-last_blank","last_blank",2,4,"bor-last_blank","bor",4,0,0,1,"vuruş","vubor"
670,"ban","ban-cı","cı",3,16,"akıl-cı","akıl",1,15,1,1,"yabancı","yaakılcı"
941,"la","la-mak","mak",4,122,"la-urent","urent",1,121,2,1,"yakalamak","yakalaurent"
326,"kıt","kıt-last_blank","last_blank",2,1,"ama-last_blank","ama",1,0,0,1,"yakıt","yaama"
277,"la","la-mak","mak",3,122,"la-uren","uren",3,119,1,1,"yalamak","yalauren"
943,"lan","lan-cı","cı",3,9,"akıl-cı","akıl",1,8,1,1,"yalancı","yaakılcı"
876,"first_blank","first_blank-yal","yal",2,53,"first_blank-unu","unu",53,0,0,1,"yalnız","ununız"
248,"nak","nak-last_blank","last_blank",2,19,"şun-last_blank","şun",19,0,0,1,"yanak","yaşun"
662,"liş","liş-last_blank","last_blank",2,5,"nür-last_blank","nür",5,0,0,1,"yanliş","yannür"
234,"ya","ya-pay","pay",2,1,"ya-hım","hım",1,0,0,1,"yapay","yahım"
424,"pı","pı-last_blank","last_blank",2,10,"kip-last_blank","kip",10,0,1,1,"yapı","yakip"
946,"yap","yap-mak","mak",2,8,"lış-mak","lış",7,1,0,1,"yapmak","lışmak"
244," izi"," izi-last_blank","last_blank",3,1,"esar-last_blank","esar",1,0,0,1,"yara izi","yaraesar"
841," adam"," adam-last_blank","last_blank",4,1,"terly-last_blank","terly",1,0,0,1,"yarasa adam","yarasaterly"
383,"lık","lık-last_blank","last_blank",5,306,"gonfly-last_blank","gonfly",1,305,3,1,"yaratıcılık","yaratıcıgonfly"
155,"ra","ra-tık","tık",3,12,"ra-pist","pist",2,10,1,1,"yaratık","yarapist"
222,"first_blank","first_blank-yar","yar",2,114,"first_blank-tut","tut",114,0,0,1,"yardım","tutdım"
607,"rış","rış-last_blank","last_blank",2,8,"con-last_blank","con",8,0,0,1,"yarış","yacon"
956,"sak","sak-la","la",4,118,"everg-la","everg",1,117,2,1,"yasaklamak","yaeverglamak"
955,"sal","sal-last_blank","last_blank",2,49,"rır-last_blank","rır",49,0,0,1,"yasal","yarır"
229,"tak","tak-last_blank","last_blank",2,7,"nüp-last_blank","nüp",7,0,0,1,"yatak","yanüp"
663,"ası","ası-last_blank","last_blank",5,4,"terfly-last_blank","terfly",1,3,3,1,"yatak odası","yatak odterfly"
315,"tı","tı-rım","rım",3,24,"tı-imak","imak",1,23,1,1,"yatırım","yatıimak"
91,"cı","cı-last_blank","last_blank",4,208,"worth-last_blank","worth",7,201,3,1,"yatırımcı","yatırımworth"
772,"zar","zar-last_blank","last_blank",2,15,"kun-last_blank","kun",15,0,0,1,"yazar","yakun"
668,"ya","ya-zı","zı",2,56,"ya-maz","maz",57,1,1,1,"yazı","yamaz"
669,"zmak","zmak-last_blank","last_blank",4,1,"rissy-last_blank","rissy",1,0,1,1,"yazı yazmak","yazı yarissy"
909,"ye","ye-m","m",1,1,"iz-m","iz",1,0,0,1,"yem","izm"
113,"ye","ye-mek","mek",2,30,"ye-tin","tin",28,2,0,1,"yemek","yetin"
574,"ye","ye-min","min",2,8,"ye-ral","ral",7,1,0,1,"yemin","yeral"
901,"rcu","rcu-last_blank","last_blank",4,1,"ality-last_blank","ality",1,0,2,1,"yengeç burcu","yengeç buality"
872,"le","le-mek","mek",4,77,"le-opold","opold",1,76,2,1,"yenilemek","yenileopold"
991,"first_blank","first_blank-yen","yen",2,36,"first_blank-hız","hız",36,0,0,1,"yenmek","hızmek"
962,"ye","ye-r","r",1,1,"ot-r","ot",1,0,0,1,"yer","otr"
126,"rel","rel-last_blank","last_blank",2,8,"con-last_blank","con",8,0,0,1,"yerel","yecon"
963,"çmek","çmek-last_blank","last_blank",5,1,"terfly-last_blank","terfly",1,0,2,1,"yerine geçmek","yerine geterfly"
724,"nek","nek-last_blank","last_blank",3,17,"ling-last_blank","ling",17,0,1,1,"yetenek","yeteling"
966,"ter","ter-li","li",3,8,"komp-li","komp",4,4,1,1,"yeterli","yekompli"
950,"first_blank","first_blank-yet","yet",2,53,"first_blank-mil","mil",53,0,0,1,"yetki","milki"
884,"ka","ka-ma","ma",3,39,"unut-ma","unut",36,3,2,1,"yıkama","yıunutma"
948,"kım","kım-last_blank","last_blank",2,12,"rol-last_blank","rol",12,0,0,1,"yıkım","yırol"
828,"lan","lan-last_blank","last_blank",2,135,"ğiz-last_blank","ğiz",138,3,0,1,"yılan","yığiz"
916,"dız","dız-last_blank","last_blank",2,2,"zör-last_blank","zör",2,0,0,1,"yıldız","yılzör"
664,"laş","laş-mak","mak",4,18,"oturt-mak","oturt",1,17,2,1,"yoğunlaşmak","yoğunoturtmak"
620,"first_blank","first_blank-yok","yok",2,40,"first_blank-bal","bal",40,0,0,1,"yokluk","balluk"
372,"yo","yo-l","l",1,1,"ul-l","ul",1,0,0,1,"yol","ull"
979,"ne","ne-tim","tim",3,10,"ne-ider","ider",1,9,1,1,"yönetim","yöneider"
339,"rün","rün-ge","ge",3,14,"esir-ge","esir",3,11,1,1,"yörünge","yöesirge"
258,"dum","dum-la","la",4,1,"everg-la","everg",1,0,2,1,"yudumlamak","yueverglamak"
59,"yu","yu-ka","ka",3,19,"yu-murt","murt",2,17,2,1,"yukarı","yumurtrı"
256,"first_blank","first_blank-yük","yük",2,116,"first_blank-uyu","uyu",116,0,0,1,"yüksek","uyusek"
20,"sek","sek-lik","lik",3,3,"kral-lik","kral",1,2,1,1,"yükseklik","yükkrallik"
987,"mur","mur-ta","ta",3,21,"anah-ta","anah",14,7,1,1,"yumurta","yuanahta"
756,"nan","nan-last_blank","last_blank",2,93,"muz-last_blank","muz",91,2,0,1,"yunan","yumuz"
567,"mek","mek-last_blank","last_blank",3,439,"land-last_blank","land",42,397,1,1,"yürümek","yürüland"
119,"yü","yü-z","z",1,1,"on-z","on",1,0,0,1,"yüz","onz"
492,"zey","zey-last_blank","last_blank",2,3,"dog-last_blank","dog",3,0,0,1,"yüzey","yüdog"
101,"yüz","yüz-mek","mek",2,2,"viş-mek","viş",2,0,0,1,"yüzmek","vişmek"
223,"man","man-la","la",5,98,"witchb-la","witchb",1,97,3,1,"zamanlayıcı","zawitchblayıcı"
593,"yıf","yıf-last_blank","last_blank",2,1,"hou-last_blank","hou",1,0,0,1,"zayıf","zahou"
24,"ze","ze-ki","ki",2,9,"psi-ki","psi",10,1,1,1,"zeki","psiki"
973,"gin","gin-last_blank","last_blank",2,38,"lır-last_blank","lır",38,0,0,1,"zengin","zenlır"
892,"zıp","zıp-la","la",3,10,"omuz-la","omuz",10,0,1,1,"zıplamak","omuzlamak"
170,"rh","rh-last_blank","last_blank",1,2,"ua-last_blank","ua",2,0,0,1,"zırh","zıua"
308,"lüm","lüm-last_blank","last_blank",2,12,"vet-last_blank","vet",12,0,0,1,"zulüm","zuvet"
