"word_id","first","original_pair","second","syll","original_freq","replacement_pair","replacement_syll","replacement_freq","freq_diff","char_diff","letter_diff","original_word","replacement_word"
754,"nal","nal-last_blank","last_blank",4,61,"brott-last_blank","brott",41,20,2,1,"abdominal","abdomibrott"
512,"surd","surd-last_blank","last_blank",2,1,"nold-last_blank","nold",1,0,0,1,"absurd","abnold"
747,"cent","cent-last_blank","last_blank",2,13,"dels-last_blank","dels",13,0,0,1,"accent","acdels"
963,"ra","ra-last_blank","last_blank",4,1363,"ra-venscroft","venscroft",1,1362,1,6,"acceptera","accepteravenscroft"
829,"first_blank","first_blank-äck","äck",2,14,"first_blank-kod","kod",14,0,0,1,"äcklig","kodlig"
251,"nist","nist-ra","ra",5,9,"skvall-ra","skvall",2,7,2,1,"administrativ","admiskvallrativ"
327,"na","na-lin","lin",4,1,"na-vårds","vårds",1,0,2,1,"adrenalin","adrenavårds"
788,"re","re-ss","ss",1,4,"re-ar","ar",4,0,0,1,"adress","adrear"
199,"first_blank","first_blank-äga","äga",2,5,"first_blank-hån","hån",5,0,0,1,"ägare","hånre"
99,"first_blank","first_blank-äg","äg",1,24,"first_blank-öm","öm",24,0,0,1,"ägg","ömg"
4,"first_blank","first_blank-åkla","åkla",3,9,"first_blank-disk","disk",9,0,0,1,"åklagare","diskgare"
8,"skap","skap-last_blank","last_blank",3,86,"digt-last_blank","digt",81,5,0,1,"äktenskap","äktendigt"
924,"ra","ra-last_blank","last_blank",4,1363,"ra-venscroft","venscroft",1,1362,1,6,"aktivera","aktiveravenscroft"
9,"vi","vi-tet","tet",4,18,"vi-sions","sions",3,15,2,1,"aktivitet","aktivisions"
106,"fa","fa-last_blank","last_blank",2,46,"por-last_blank","por",45,1,1,1,"alfa","alpor"
569,"first_blank","first_blank-ali","ali",2,19,"first_blank-rac","rac",19,0,0,1,"alibi","racbi"
338,"first_blank","first_blank-äls","äls",3,22,"first_blank-hård","hård",22,0,1,1,"älskare","hårdkare"
965,"na","na-tiv","tiv",4,1,"na-shawn","shawn",1,0,2,1,"alternativ","alternashawn"
6,"first_blank","first_blank-ame","ame",3,30,"first_blank-kung","kung",31,1,1,1,"amerika","kungrika"
608,"first_blank","first_blank-äm","äm",2,18,"first_blank-pet","pet",18,0,1,1,"ämne","petne"
606,"first_blank","first_blank-ana","ana",2,47,"first_blank-liv","liv",47,0,0,1,"analys","livlys"
791,"an","an-da","da",2,4,"an-län","län",4,0,1,1,"anda","anlän"
705,"an","an-ge","ge",1,15,"ti-ge","ti",14,1,0,1,"ange","tige"
612,"an","an-gri","gri",4,11,"an-sikts","sikts",13,2,2,1,"angripare","ansiktspare"
270,"an","an-ka","ka",2,6,"an-nul","nul",6,0,1,1,"anka","annul"
416,"an","an-kla","kla",4,14,"an-tipsy","tipsy",3,11,2,1,"anklagelse","antipsygelse"
180,"nings","nings-värd","värd",4,2,"nings-grupp","grupp",2,0,1,1,"anmärkningsvärd","anmärkningsgrupp"
505,"an","an-norlun","norlun",3,1,"an-tikrun","tikrun",1,0,0,1,"annorlunda","antikrunda"
820,"de","de-last_blank","last_blank",4,3908,"de-ståndskrav","ståndskrav",1,3907,0,6,"antagande","antagandeståndskrav"
903,"ig av","ig av-last_blank","last_blank",5,1,"skript-last_blank","skript",1,0,1,1,"använda sig av","använda sskript"
309,"är","är-a","a",1,1,"ix-a","ix",1,0,0,1,"ära","ixa"
373,"first_blank","first_blank-ar","ar",3,483,"falklandsö-ar","falklandsö",1,482,1,6,"arbete","falklandsöarbete"
375,"first_blank","first_blank-ar","ar",5,483,"falklandsö-ar","falklandsö",1,482,1,4,"arbetstagare","falklandsöarbetstagare"
880,"ar","ar-g","g",1,1,"ly-g","ly",1,0,0,1,"arg","lyg"
355,"tekt","tekt-last_blank","last_blank",3,3,"hugg-last_blank","hugg",3,0,0,1,"arkitekt","arkihugg"
32,"first_blank","first_blank-är","är",3,89,"first_blank-blod","blod",89,0,2,1,"ärliga","blodliga"
511,"är","är-lig","lig",3,4,"är-fort","fort",1,3,1,1,"ärlighet","ärforthet"
304,"first_blank","first_blank-är","är",1,89,"first_blank-rö","rö",88,1,0,1,"ärm","röm"
495,"mé","mé-last_blank","last_blank",2,6,"nya-last_blank","nya",6,0,1,1,"armé","arnya"
892,"är","är-r","r",1,4,"by-r","by",3,1,0,1,"ärr","byr"
619,"gans","gans-last_blank","last_blank",3,16,"rett-last_blank","rett",16,0,0,1,"arrogans","arrorett"
40,"nal","nal-last_blank","last_blank",3,61,"sion-last_blank","sion",61,0,1,1,"arsenal","arsesion"
981,"ar","ar-tär","tär",2,2,"ar-kan","kan",2,0,0,1,"artär","arkan"
589,"first_blank","first_blank-ar","ar",5,483,"falklandsö-ar","falklandsö",1,482,1,4,"artificiell","falklandsöartificiell"
401,"first_blank","first_blank-ar","ar",4,483,"falklandsö-ar","falklandsö",1,482,1,5,"artilleri","falklandsöartilleri"
38,"tion","tion-de","de",3,3,"skör-de","skör",3,0,0,1,"årtionde","årskörde"
44,"är","är-va","va",2,1,"mal-va","mal",1,0,1,1,"ärva","malva"
97,"first_blank","first_blank-ås","ås",2,20,"first_blank-put","put",20,0,1,1,"åska","putka"
770,"stent","stent-last_blank","last_blank",3,11,"konst-last_blank","konst",11,0,0,1,"assistent","assikonst"
956,"first_blank","first_blank-ät","ät",1,21,"first_blank-gå","gå",21,0,0,1,"äta","gåa"
860,"lan","lan-tisk","tisk",3,1,"lan-chef","chef",1,0,0,1,"atlantisk","atlanchef"
551,"sfär","sfär-last_blank","last_blank",3,1,"lost-last_blank","lost",1,0,0,1,"atmosfär","atmolost"
45,"tyd","tyd-last_blank","last_blank",3,2,"bänk-last_blank","bänk",2,0,1,1,"attityd","attibänk"
379,"first_blank","first_blank-auk","auk",4,21,"first_blank-bergs","bergs",21,0,2,1,"auktoritet","bergstoritet"
305,"av","av-rätt","rätt",3,5,"av-skri","skri",5,0,0,1,"avrättning","avskrining"
28,"av","av-re","re",3,6,"av-hand","hand",5,1,2,1,"avresa","avhandsa"
22,"sikt","sikt-last_blank","last_blank",2,9,"kött-last_blank","kött",9,0,0,1,"avsikt","avkött"
54,"av","av-sikt","sikt",3,5,"av-veck","veck",5,0,0,1,"avsiktligt","avveckligt"
818,"av","av-slu","slu",3,10,"av-lägs","lägs",10,0,1,1,"avsluta","avlägsta"
447,"av","av-tal","tal",2,8,"av-los","los",8,0,0,1,"avtal","avlos"
748,"ba","ba-co","co",1,1,"ba-rf","rf",1,0,0,1,"bacon","barfn"
155,"first_blank","first_blank-bad","bad",2,38,"first_blank-fun","fun",38,0,0,1,"badrum","funrum"
255,"ba","ba-k","k",1,2,"ms-k","ms",2,0,0,1,"bak","msk"
671,"ba","ba-na","na",2,29,"ror-na","ror",30,1,1,1,"bana","rorna"
640,"ba","ba-nd","nd",1,3,"ba-ha","ha",3,0,0,1,"band","baha"
421,"ba","ba-r","r",1,1,"ld-r","ld",1,0,0,1,"bar","ldr"
241,"first_blank","first_blank-barm","barm",4,8,"first_blank-olyck","olyck",8,0,1,1,"barmhärtighet","olyckhärtighet"
71,"rn","rn-last_blank","last_blank",1,40,"ot-last_blank","ot",40,0,0,1,"barn","baot"
949,"dom","dom-last_blank","last_blank",2,50,"pas-last_blank","pas",50,0,0,1,"barndom","barnpas"
851,"boll","boll-last_blank","last_blank",3,21,"gift-last_blank","gift",21,0,0,1,"baseboll","basegift"
942,"bå","bå-t","t",1,1,"âr-t","âr",1,0,0,1,"båt","ârt"
723,"jon","jon-last_blank","last_blank",3,12,"kniv-last_blank","kniv",12,0,1,1,"bataljon","batalkniv"
145,"be","be-dö","dö",3,12,"be-kräf","kräf",12,0,2,1,"bedöma","bekräfma"
441,"be","be-drä","drä",4,8,"be-sluts","sluts",4,4,2,1,"bedrägeri","beslutsgeri"
159,"ran","ran-last_blank","last_blank",3,109,"ters-last_blank","ters",94,15,1,1,"begäran","begäters"
289,"be","be-gra","gra",3,5,"be-last","last",5,0,1,1,"begrava","belastva"
414,"grav","grav-ning","ning",3,7,"sälj-ning","sälj",7,0,0,1,"begravning","besäljning"
899,"be","be-hand","hand",3,30,"be-grav","grav",22,8,0,1,"behandling","begravling"
598,"ver","ver-last_blank","last_blank",3,144,"tisk-last_blank","tisk",147,3,1,1,"behöver","behötisk"
75,"be","be-käm","käm",3,9,"be-folk","folk",10,1,1,1,"bekämpa","befolkpa"
174,"be","be-kän","kän",3,10,"be-folk","folk",10,0,1,1,"bekänna","befolkna"
76,"kräf","kräf-ta","ta",3,5,"utro-ta","utro",5,0,0,1,"bekräfta","beutrota"
78,"lopp","lopp-last_blank","last_blank",2,13,"korv-last_blank","korv",13,0,0,1,"belopp","bekorv"
713,"be","be-räk","räk",3,12,"be-skyd","skyd",13,1,1,1,"beräkna","beskydna"
694,"skriv","skriv-ning","ning",3,18,"forsk-ning","forsk",15,3,0,1,"beskrivning","beforskning"
432,"be","be-stäl","stäl",3,3,"be-klag","klag",3,0,0,1,"beställa","beklagla"
558,"stäm","stäm-ning","ning",3,8,"verk-ning","verk",9,1,0,1,"bestämning","beverkning"
648,"be","be-svi","svi",4,4,"be-härsk","härsk",3,1,2,1,"besvikelse","behärskkelse"
190,"be","be-te","te",2,42,"be-rät","rät",31,11,1,1,"bete","berät"
545,"ty","ty-del","del",4,9,"ty-piskt","piskt",1,8,2,1,"betydelse","betypisktse"
85,"vis","vis-last_blank","last_blank",2,78,"jer-last_blank","jer",78,0,0,1,"bevis","bejer"
233,"bi","bi-l","l",1,1,"ru-l","ru",1,0,0,1,"bil","rul"
158,"bil","bil-lig","lig",2,1,"bil-kon","kon",1,0,0,1,"billig","bilkon"
405,"gi","gi-last_blank","last_blank",4,77,"fullt-last_blank","fullt",43,34,3,1,"biologi","biolofullt"
406,"gisk","gisk-last_blank","last_blank",4,26,"troll-last_blank","troll",24,2,1,1,"biologisk","biolotroll"
862,"bi","bi-stånd","stånd",2,1,"bi-anskt","anskt",1,0,0,3,"bistånd","bianskt"
253,"bi","bi-t","t",1,1,"må-t","må",1,0,0,1,"bit","måt"
112,"bl","bl-å","å",1,1,"ny-å","ny",1,0,0,1,"blå","nyå"
729,"first_blank","first_blank-blå","blå",3,35,"first_blank-rätt","rätt",35,0,1,1,"blåmärke","rättmärke"
431,"first_blank","first_blank-bland","bland",2,5,"first_blank-fling","fling",5,0,0,1,"blandning","flingning"
980,"blom","blom-ma","ma",2,5,"fram-ma","fram",5,0,0,1,"blomma","framma"
611,"first_blank","first_blank-blyg","blyg",2,5,"first_blank-skäg","skäg",5,0,0,1,"blygsam","skägsam"
88,"bo","bo-k","k",1,1,"yr-k","yr",1,0,0,1,"bok","yrk"
789,"mull","mull-last_blank","last_blank",2,1,"pols-last_blank","pols",1,0,0,1,"bomull","bopols"
785,"first_blank","first_blank-borg","borg",4,11,"first_blank-skils","skils",11,0,1,1,"borgmästare","skilsmästare"
914,"first_blank","first_blank-bot","bot",2,14,"first_blank-vac","vac",14,0,0,1,"botten","vacten"
995,"first_blank","first_blank-bot","bot",2,14,"first_blank-jan","jan",14,0,0,1,"botton","janton"
179,"br","br-a","a",1,1,"cí-a","cí",1,0,0,1,"bra","cía"
269,"first_blank","first_blank-bräns","bräns",2,16,"first_blank-klass","klass",16,0,0,2,"bränsle","klassle"
822,"br","br-ed","ed",1,2,"st-ed","st",2,0,0,1,"bred","sted"
896,"ev","ev-last_blank","last_blank",1,19,"zi-last_blank","zi",19,0,0,1,"brev","brzi"
166,"lop","lop-last_blank","last_blank",2,9,"bak-last_blank","bak",9,0,0,1,"bröllop","brölbak"
410,"br","br-or","or",1,5,"ri-or","ri",5,0,0,1,"bror","rior"
65,"first_blank","first_blank-bror","bror",2,9,"first_blank-grup","grup",9,0,0,1,"brorson","grupson"
520,"br","br-ös","ös",1,1,"ru-ös","ru",1,0,0,1,"bröst","ruöst"
883,"first_blank","first_blank-brotts","brotts",3,35,"first_blank-stjärn","stjärn",36,1,0,3,"brottslighet","stjärnlighet"
111,"ud","ud-last_blank","last_blank",1,13,"eg-last_blank","eg",13,0,0,1,"brud","breg"
888,"bu","bu-ss","ss",1,2,"sa-ss","sa",2,0,0,1,"buss","sass"
476,"first_blank","first_blank-by","by",1,81,"first_blank-sö","sö",60,21,0,1,"by","sö"
444,"first_blank","first_blank-byg","byg",2,13,"first_blank-lon","lon",13,0,0,1,"bygga","longa"
915,"first_blank","first_blank-bygg","bygg",2,45,"first_blank-spar","spar",45,0,0,2,"byggnad","sparnad"
197,"rå","rå-last_blank","last_blank",2,18,"day-last_blank","day",18,0,1,1,"byrå","byday"
663,"first_blank","first_blank-cam","cam",2,27,"first_blank-rus","rus",27,0,0,1,"camping","rusping"
930,"cer","cer-last_blank","last_blank",2,38,"kig-last_blank","kig",38,0,0,1,"cancer","cankig"
550,"first_blank","first_blank-cen","cen",4,42,"first_blank-hjärt","hjärt",42,0,2,1,"centimeter","hjärttimeter"
321,"bral","bral-last_blank","last_blank",3,1,"stog-last_blank","stog",1,0,0,1,"cerebral","cerestog"
738,"re","re-mo","mo",4,11,"re-ställ","ställ",10,1,3,1,"ceremoni","cereställni"
987,"pagne","pagne-last_blank","last_blank",2,1,"babwe-last_blank","babwe",1,0,0,1,"champagne","chambabwe"
51,"mig","mig-last_blank","last_blank",2,14,"lev-last_blank","lev",14,0,0,1,"charmig","charlev"
123,"ef","ef-last_blank","last_blank",1,10,"lu-last_blank","lu",10,0,0,1,"chef","chlu"
831,"klad","klad-last_blank","last_blank",2,3,"lärd-last_blank","lärd",3,0,0,1,"choklad","cholärd"
910,"rett","rett-last_blank","last_blank",3,16,"till-last_blank","till",16,0,0,1,"cigarett","cigatill"
743,"garr","garr-last_blank","last_blank",2,1,"gean-last_blank","gean",1,0,0,1,"cigarr","cigean"
1000,"kus","kus-last_blank","last_blank",2,15,"mot-last_blank","mot",15,0,0,1,"cirkus","cirmot"
462,"sa","sa-tion","tion",5,12,"sa-perste","perste",2,10,2,1,"civilisation","civilisaperste"
744,"first_blank","first_blank-cog","cog",2,3,"first_blank-hyt","hyt",3,0,0,1,"cognac","hytnac"
742,"first_blank","first_blank-cow","cow",2,10,"first_blank-sax","sax",10,0,0,1,"cowboy","saxboy"
580,"nisk","nisk-last_blank","last_blank",2,31,"stol-last_blank","stol",31,0,0,2,"cynisk","cystol"
872,"first_blank","first_blank-dä","dä",1,11,"first_blank-yp","yp",11,0,0,1,"däck","ypck"
618,"da","da-l","l",1,1,"ui-l","ui",1,0,0,1,"dal","uil"
103,"lig","lig-last_blank","last_blank",2,423,"het-last_blank","het",421,2,0,1,"dålig","dåhet"
46,"mm","mm-last_blank","last_blank",1,11,"jd-last_blank","jd",11,0,0,1,"damm","dajd"
749,"mig","mig-last_blank","last_blank",2,14,"gal-last_blank","gal",14,0,0,1,"dammig","damgal"
129,"first_blank","first_blank-dan","dan",2,52,"first_blank-chi","chi",52,0,0,1,"dansa","chisa"
308,"dä","dä-r","r",1,1,"ée-r","ée",1,0,0,1,"där","éer"
257,"tid","tid-last_blank","last_blank",2,75,"rum-last_blank","rum",75,0,0,1,"dåtid","dårum"
695,"da","da-tor","tor",2,18,"da-des","des",26,8,0,1,"dator","dades"
601,"de","de-cem","cem",3,1,"de-kaan","kaan",1,0,1,1,"december","dekaanber"
74,"ni","ni-tion","tion",4,2,"ni-notch","notch",1,1,1,1,"definition","defininotch"
259,"kra","kra-ti","ti",4,3,"stink-ti","stink",1,2,2,1,"demokrati","demostinkti"
698,"mon","mon-stra","stra",4,6,"mon-juice","juice",1,5,1,1,"demonstration","demonjuicetion"
959," där"," där-last_blank","last_blank",2,1,"dour-last_blank","dour",1,0,0,1,"den där","dendour"
16,"te","te-ment","ment",4,3,"te-borgs","borgs",1,2,1,1,"departement","departeborgs"
650,"sion","sion-last_blank","last_blank",3,61,"full-last_blank","full",58,3,0,1,"depression","depresfull"
622,"tiv","tiv-last_blank","last_blank",3,65,"sons-last_blank","sons",65,0,1,1,"detektiv","deteksons"
901,"di","di-kt","kt",1,2,"rs-kt","rs",2,0,0,1,"dikt","rskt"
562,"first_blank","first_blank-dim","dim",2,10,"first_blank-hos","hos",10,0,0,1,"dimma","hosma"
664,"di","di-ng","ng",1,3,"di-gs","gs",3,0,0,1,"ding","digs"
138,"rekt","rekt-last_blank","last_blank",2,4,"vell-last_blank","vell",4,0,0,1,"direkt","divell"
693,"tör","tör-last_blank","last_blank",3,52,"sens-last_blank","sens",53,1,1,1,"direktör","direksens"
449,"kus","kus-sion","sion",3,1,"kus-djur","djur",1,0,0,1,"diskussion","diskusdjur"
290,"strikt","strikt-last_blank","last_blank",2,4,"stängd-last_blank","stängd",4,0,0,2,"distrikt","distängd"
168,"sion","sion-last_blank","last_blank",3,61,"fall-last_blank","fall",64,3,0,1,"division","divifall"
185,"ur","ur-last_blank","last_blank",1,26,"gt-last_blank","gt",26,0,0,1,"djur","djgt"
284,"do","do-last_blank","last_blank",1,142,"rn-last_blank","rn",40,102,0,1,"do","rn"
502,"dö","dö-last_blank","last_blank",1,1,"äa-last_blank","äa",1,0,0,1,"dö","äa"
500,"dö","dö-d","d",1,1,"yg-d","yg",1,0,0,1,"död","ygd"
237,"first_blank","first_blank-dö","dö",2,64,"first_blank-gar","gar",64,0,1,1,"döda","garda"
144,"first_blank","first_blank-död","död",2,27,"first_blank-ore","ore",27,0,0,1,"dödlig","orelig"
207,"ra","ra-last_blank","last_blank",5,1363,"ra-venscroft","venscroft",1,1362,1,5,"dokumentera","dokumenteravenscroft"
625,"lj","lj-last_blank","last_blank",1,7,"fs-last_blank","fs",7,0,0,1,"dölj","döfs"
704,"first_blank","first_blank-dol","dol",2,21,"first_blank-kör","kör",21,0,0,1,"dollar","körlar"
966,"na","na-tion","tion",3,20,"na-dens","dens",5,15,0,1,"donation","donadens"
226,"rr","rr-last_blank","last_blank",1,30,"ie-last_blank","ie",30,0,0,1,"dörr","döie"
96,"first_blank","first_blank-dö","dö",1,64,"first_blank-fu","fu",64,0,0,1,"döv","fuv"
526,"first_blank","first_blank-dr","dr",1,85,"first_blank-sy","sy",85,0,0,1,"dra","sya"
534,"öm","öm-last_blank","last_blank",1,4,"dâ-last_blank","dâ",4,0,0,1,"dröm","drdâ"
264,"dum","dum-het","het",2,1,"dum-mas","mas",1,0,0,1,"dumhet","dummas"
460,"mit","mit-last_blank","last_blank",3,24,"från-last_blank","från",24,0,1,1,"dynamit","dynafrån"
878,"first_blank","first_blank-ed","ed",1,55,"first_blank-bö","bö",53,2,0,1,"ed","bö"
354,"fekt","fekt-last_blank","last_blank",2,10,"tant-last_blank","tant",10,0,0,1,"effekt","eftant"
34,"tiv","tiv-last_blank","last_blank",3,65,"sons-last_blank","sons",65,0,1,1,"effektiv","effeksons"
826,"ter","ter-namn","namn",3,1,"ter-colt","colt",1,0,0,1,"efternamn","eftercolt"
201,"first_blank","first_blank-elän","elän",2,6,"first_blank-dräg","dräg",6,0,0,1,"elände","drägde"
560,"first_blank","first_blank-ele","ele",2,34,"first_blank-hit","hit",34,0,0,1,"elegant","hitgant"
603,"first_blank","first_blank-elekt","elekt",4,18,"first_blank-hjälp","hjälp",18,0,0,1,"elektricitet","hjälpricitet"
522,"risk","risk-last_blank","last_blank",2,49,"ting-last_blank","ting",49,0,0,1,"elektrisk","elektting"
188,"first_blank","first_blank-ele","ele",2,34,"first_blank-out","out",34,0,0,1,"element","outment"
546,"nell","nell-last_blank","last_blank",3,39,"jobb-last_blank","jobb",38,1,0,1,"emotionell","emotiojobb"
454,"first_blank","first_blank-ener","ener",2,34,"first_blank-dröm","dröm",34,0,0,2,"energi","drömgi"
124,"en","en-het","het",2,5,"en-for","for",4,1,0,1,"enhet","enfor"
107,"het","het-lig","lig",3,1,"stru-lig","stru",1,0,1,1,"enhetlig","enstrulig"
312,"kel","kel-last_blank","last_blank",2,73,"sas-last_blank","sas",74,1,0,1,"enkel","ensas"
866,"en","en-or","or",1,2,"en-ya","ya",2,0,0,1,"enorm","enyam"
169,"sam","sam-last_blank","last_blank",2,69,"hus-last_blank","hus",70,1,0,1,"ensam","enhus"
660,"skild","skild-last_blank","last_blank",2,5,"skatt-last_blank","skatt",5,0,0,1,"enskild","enskatt"
553,"nör","nör-last_blank","last_blank",4,5,"fläck-last_blank","fläck",5,0,2,1,"entreprenör","entreprefläck"
668,"first_blank","first_blank-epi","epi",3,19,"first_blank-flot","flot",19,0,1,1,"epidemi","flotdemi"
781,"sod","sod-last_blank","last_blank",2,1,"cup-last_blank","cup",1,0,0,1,"episod","epicup"
636,"first_blank","first_blank-erek","erek",2,4,"first_blank-säck","säck",4,0,0,1,"erektion","säcktion"
117,"er","er-sätt","sätt",3,7,"er-ling","ling",3,4,0,1,"ersättning","erlingning"
177,"ig","ig-t","t",1,6,"on-t","on",6,0,0,1,"evigt","evont"
108,"ra","ra-last_blank","last_blank",4,1363,"ra-venscroft","venscroft",1,1362,1,6,"explodera","exploderavenscroft"
374,"sion","sion-last_blank","last_blank",3,61,"fall-last_blank","fall",64,3,0,1,"explosion","explofall"
101,"plo","plo-siv","siv",3,2,"gres-siv","gres",2,0,1,1,"explosiv","exgressiv"
358,"ex","ex-tern","tern",2,1,"ex-trak","trak",1,0,0,1,"extern","extrak"
213,"gel","gel-last_blank","last_blank",2,41,"vor-last_blank","vor",41,0,0,1,"fågel","fåvor"
191,"fa","fa-ls","ls",1,3,"fa-ci","ci",3,0,0,1,"falsk","facik"
417,"milj","milj-last_blank","last_blank",2,5,"gels-last_blank","gels",5,0,0,1,"familj","fagels"
334,"få","få-ng","ng",1,5,"si-ng","si",5,0,0,1,"fånga","singa"
276,"få","få-ng","ng",1,5,"ty-ng","ty",5,0,0,1,"fånge","tynge"
119,"first_blank","first_blank-fäng","fäng",3,34,"first_blank-dröm","dröm",34,0,0,1,"fängelse","drömelse"
983,"first_blank","first_blank-fan","fan",3,54,"first_blank-guld","guld",52,2,1,1,"fantasi","guldtasi"
350,"tisk","tisk-last_blank","last_blank",3,147,"land-last_blank","land",108,39,0,1,"fantastisk","fantasland"
565,"fa","fa-r","r",1,1,"tã-r","tã",1,0,0,1,"far","tãr"
736,"fa","fa-ra","ra",2,24,"ste-ra","ste",24,0,1,1,"fara","stera"
737,"far","far-lig","lig",2,5,"lit-lig","lit",5,0,0,1,"farlig","litlig"
80,"tyg","tyg-last_blank","last_blank",2,27,"gie-last_blank","gie",27,0,0,1,"fartyg","fargie"
685,"fa","fa-x","x",1,1,"yz-x","yz",1,0,0,1,"fax","yzx"
331,"ber","ber-last_blank","last_blank",2,74,"sas-last_blank","sas",74,0,0,1,"feber","fesas"
430,"ra","ra-tion","tion",4,34,"ra-ments","ments",2,32,1,1,"federation","federaments"
254,"fe","fe-l","l",1,1,"ua-l","ua",1,0,0,1,"fel","ual"
718,"fe","fe-st","st",1,2,"nd-st","nd",2,0,0,1,"fest","ndst"
398,"val","val-last_blank","last_blank",3,28,"mens-last_blank","mens",28,0,1,1,"festival","festimens"
681,"lm","lm-last_blank","last_blank",1,8,"ör-last_blank","ör",8,0,0,1,"film","fiör"
62,"ell","ell-last_blank","last_blank",4,38,"stånd-last_blank","stånd",40,2,2,1,"finansiell","finansistånd"
114,"ring","ring-last_blank","last_blank",4,328,"fullt-last_blank","fullt",43,285,1,1,"finansiering","finansiefullt"
141,"gerav","gerav-tryck","tryck",3,1,"grupp-tryck","grupp",1,0,0,1,"fingeravtryck","fingrupptryck"
296,"fi","fi-sk","sk",1,2,"fi-an","an",2,0,0,1,"fisk","fian"
369,"first_blank","first_blank-fis","fis",2,35,"first_blank-and","and",35,0,0,1,"fiske","andke"
461,"fj","fj-äl","äl",1,1,"dv-äl","dv",1,0,0,1,"fjäll","dväll"
922,"first_blank","first_blank-fjär","fjär",2,15,"first_blank-norr","norr",15,0,0,1,"fjärde","norrde"
302,"first_blank","first_blank-fjär","fjär",3,15,"first_blank-skin","skin",15,0,0,1,"fjärdedel","skindedel"
105,"first_blank","first_blank-flam","flam",2,11,"first_blank-släk","släk",11,0,0,1,"flamma","släkma"
278,"first_blank","first_blank-flas","flas",2,13,"first_blank-buss","buss",13,0,0,1,"flaska","busska"
678,"vän","vän-last_blank","last_blank",2,10,"nio-last_blank","nio",10,0,0,1,"flickvän","flicknio"
793,"flot","flot-ta","ta",2,2,"bort-ta","bort",2,0,0,1,"flotta","bortta"
218,"fl","fl-y","y",1,2,"ns-y","ns",2,0,0,1,"fly","nsy"
482,"fl","fl-yg","yg",1,2,"pr-yg","pr",2,0,0,1,"flyg","pryg"
481,"first_blank","first_blank-fly","fly",2,33,"first_blank-ama","ama",33,0,0,1,"flyga","amaga"
900,"flyg","flyg-plats","plats",2,1,"ping-plats","ping",1,0,0,1,"flygplats","pingplats"
219,"first_blank","first_blank-flyk","flyk",2,11,"first_blank-klip","klip",11,0,0,1,"flykting","klipting"
39,"se","se-dag","dag",4,3,"se-kvens","kvens",3,0,2,1,"födelsedag","födelsekvens"
175,"first_blank","first_blank-föl","föl",2,10,"first_blank-loo","loo",10,0,0,1,"följa","looja"
994,"der","der-last_blank","last_blank",3,564,"ligt-last_blank","ligt",372,192,1,1,"förälder","förälligt"
657,"first_blank","first_blank-fö","fö",3,249,"first_blank-åter","åter",254,5,2,1,"förare","återrare"
229,"för","för-bätt","bätt",3,12,"för-vand","vand",11,1,0,1,"förbättring","förvandring"
720,"för","för-be","be",4,21,"själv-be","själv",10,11,2,1,"förbereda","självbereda"
445,"för","för-bin","bin",4,6,"för-flytt","flytt",4,2,2,1,"förbindelse","förflyttdelse"
232,"för","för-bju","bju",3,10,"för-verk","verk",10,0,1,1,"förbjuda","förverkda"
854,"bli","bli-last_blank","last_blank",2,2,"sec-last_blank","sec",2,0,0,1,"förbli","försec"
773,"ning","ning-last_blank","last_blank",4,1109,"fullt-last_blank","fullt",43,1066,1,1,"föreläsning","föreläsfullt"
234,"slå","slå-last_blank","last_blank",3,6,"dard-last_blank","dard",6,0,1,1,"föreslå","föredard"
235,"tag","tag-last_blank","last_blank",3,40,"gens-last_blank","gens",40,0,1,1,"företag","föregens"
677,"för","för-fat","fat",4,19,"för-stärk","stärk",8,11,2,1,"författare","förstärktare"
395,"för","för-må","må",3,24,"smek-må","smek",3,21,1,1,"förmåga","smekmåga"
392,"mod","mod-li","li",4,1,"ohygg-li","ohygg",1,0,2,1,"förmodligen","förohyggligen"
244,"läm","läm-pa","pa",4,4,"nings-pa","nings",4,0,2,1,"förolämpa","föroningspa"
847,"first_blank","first_blank-för","för",4,1865,"first_blank-själv","själv",106,1759,2,1,"förrädare","självrädare"
52,"sälj","sälj-ning","ning",3,7,"röst-ning","röst",7,0,0,1,"försäljning","förröstning"
283,"för","för-se","se",2,16,"lan-se","lan",17,1,0,1,"förse","lanse"
19,"first_blank","first_blank-fors","fors",3,20,"first_blank-makt","makt",20,0,0,1,"forskare","maktkare"
699,"sök","sök-last_blank","last_blank",2,28,"lys-last_blank","lys",28,0,0,1,"försök","förlys"
359,"stå","stå-last_blank","last_blank",2,15,"mot-last_blank","mot",15,0,0,1,"förstå","förmot"
799,"för","för-stö","stö",4,20,"för-vräng","vräng",5,15,2,1,"förstörelse","förvrängrelse"
812,"för","för-sva","sva",3,23,"för-hand","hand",30,7,1,1,"försvara","förhandra"
143,"de","de-last_blank","last_blank",4,3908,"de-ståndskrav","ståndskrav",1,3907,0,6,"försvinnande","försvinnandeståndskrav"
719,"de","de-last_blank","last_blank",4,3908,"de-ståndskrav","ståndskrav",1,3907,0,6,"fortfarande","fortfarandeståndskrav"
731,"de","de-last_blank","last_blank",4,3908,"de-ståndskrav","ståndskrav",1,3907,0,6,"förtroende","förtroendeståndskrav"
250,"first_blank","first_blank-fort","fort",3,31,"first_blank-kung","kung",31,0,0,1,"fortsätta","kungsätta"
969,"vän","vän-ta","ta",3,9,"plat-ta","plat",9,0,1,1,"förvänta","förplatta"
394,"vir","vir-ring","ring",3,3,"vir-veln","veln",1,2,0,1,"förvirring","förvirveln"
69,"first_blank","first_blank-fot","fot",2,60,"first_blank-gal","gal",60,0,0,1,"fotboll","galboll"
90,"to","to-last_blank","last_blank",2,184,"nan-last_blank","nan",182,2,1,1,"foto","fonan"
53,"graf","graf-last_blank","last_blank",3,10,"lern-last_blank","lern",10,0,0,1,"fotograf","fotolern"
252,"first_blank","first_blank-frå","frå",2,19,"first_blank-rum","rum",19,0,0,1,"fråga","rumga"
471,"fr","fr-ak","ak",1,1,"sp-ak","sp",1,0,0,1,"frakt","spakt"
167,"frans","frans-ka","ka",2,1,"frukt-ka","frukt",1,0,0,1,"franska","fruktka"
586,"first_blank","first_blank-från","från",3,25,"first_blank-häst","häst",25,0,0,1,"frånvaro","hästvaro"
501,"fr","fr-as","as",1,1,"pt-as","pt",1,0,0,1,"fras","ptas"
260,"fr","fr-i","i",1,1,"ms-i","ms",1,0,0,1,"fri","msi"
993,"vil","vil-ligt","ligt",3,7,"vil-jong","jong",2,5,0,1,"frivilligt","friviljong"
525,"fr","fr-u","u",1,1,"ik-u","ik",1,0,0,1,"fru","iku"
548,"kost","kost-last_blank","last_blank",2,8,"kräm-last_blank","kräm",8,0,0,1,"frukost","frukräm"
36,"first_blank","first_blank-fr","fr",1,116,"first_blank-bl","bl",116,0,0,1,"frukt","blukt"
261,"värd","värd-last_blank","last_blank",3,16,"kans-last_blank","kans",16,0,0,1,"fruktansvärd","fruktanskans"
823,"first_blank","first_blank-fry","fry",2,6,"first_blank-kud","kud",6,0,0,1,"frysa","kudsa"
136,"fu","fu-l","l",1,1,"ry-l","ry",1,0,0,1,"ful","ryl"
605,"ll","ll-last_blank","last_blank",1,99,"by-last_blank","by",99,0,0,1,"full","fuby"
1,"full","full-stän","stän",3,3,"full-prop","prop",3,0,0,1,"fullständigt","fullpropdigt"
629,"first_blank","first_blank-funk","funk",3,17,"first_blank-stol","stol",17,0,0,1,"funktionell","stoltionell"
937,"first_blank","first_blank-fy","fy",2,42,"first_blank-kre","kre",42,0,1,1,"fyra","krera"
784,"sisk","sisk-last_blank","last_blank",2,20,"bild-last_blank","bild",20,0,0,1,"fysisk","fybild"
859,"gå","gå-last_blank","last_blank",1,22,"lk-last_blank","lk",22,0,0,1,"gå","lk"
802,"first_blank","first_blank-gaf","gaf",2,4,"first_blank-hös","hös",4,0,0,1,"gaffel","hösfel"
950,"lax","lax-last_blank","last_blank",2,3,"dul-last_blank","dul",3,0,0,1,"galax","gadul"
655,"ga","ga-len","len",2,13,"ga-tio","tio",10,3,0,1,"galen","gatio"
984,"ga","ga-rage","rage",2,2,"ga-byte","byte",2,0,0,1,"garage","gabyte"
797,"rob","rob-last_blank","last_blank",3,1,"stör-last_blank","stör",1,0,1,1,"garderob","gardestör"
56,"ga","ga-ta","ta",2,6,"ga-bri","bri",6,0,1,1,"gata","gabri"
436,"first_blank","first_blank-gå","gå",2,21,"first_blank-hat","hat",21,0,1,1,"gåva","hatva"
498,"ga","ga-y","y",1,1,"ms-y","ms",1,0,0,1,"gay","msy"
172,"ge","ge-last_blank","last_blank",1,233,"rn-last_blank","rn",40,193,0,1,"ge","rn"
707," råd"," råd-last_blank","last_blank",2,1,"blån-last_blank","blån",1,0,0,1,"ge råd","geblån"
367,"g på","g på-last_blank","last_blank",3,1,"ikru-last_blank","ikru",1,0,0,1,"ge sig på","ge siikru"
760,"men","men-skap","skap",3,1,"men-löst","löst",1,0,0,1,"gemenskap","gemenlöst"
590," sett"," sett-last_blank","last_blank",4,1,"spädd-last_blank","spädd",1,0,0,1,"generellt sett","generelltspädd"
542,"rös","rös-last_blank","last_blank",3,4,"vitt-last_blank","vitt",4,0,1,1,"generös","genevitt"
165,"gi","gi-ft","ft",1,3,"gi-as","as",3,0,0,1,"gift","gias"
662,"tarr","tarr-last_blank","last_blank",2,5,"natt-last_blank","natt",5,0,0,1,"gitarr","ginatt"
600,"first_blank","first_blank-gläd","gläd",2,12,"first_blank-flag","flag",12,0,0,1,"glädje","flagje"
587,"glo","glo-bal","bal",2,1,"hår-bal","hår",1,0,0,1,"global","hårbal"
514,"de","de-last_blank","last_blank",4,3908,"de-ståndskrav","ståndskrav",1,3907,0,6,"godkännande","godkännandeståndskrav"
35,"ril","ril-la","la",3,6,"syss-la","syss",5,1,1,1,"gorilla","gosyssla"
411,"gr","gr-am","am",1,4,"sh-am","sh",4,0,0,1,"gram","sham"
329,"än","än-d","d",1,8,"ee-d","ee",8,0,0,1,"gränd","greed"
222,"di","di-tet","tet",4,2,"di-scjoc","scjoc",2,0,2,1,"graviditet","gravidiscjoc"
746,"kisk","kisk-last_blank","last_blank",2,6,"lits-last_blank","lits",6,0,0,1,"grekisk","grelits"
67,"vin","vin-na","na",3,11,"slag-na","slag",11,0,1,1,"grevinna","greslagna"
869,"first_blank","first_blank-gri","gri",2,46,"first_blank-lek","lek",46,0,0,1,"gripa","lekpa"
423,"is","is-last_blank","last_blank",1,72,"kt-last_blank","kt",73,1,0,1,"gris","grkt"
267,"up","up-p","p",1,6,"oo-p","oo",6,0,0,1,"grupp","groop"
113,"ym","ym-last_blank","last_blank",1,2,"lb-last_blank","lb",2,0,0,1,"grym","grlb"
626,"first_blank","first_blank-grym","grym",2,13,"first_blank-pres","pres",13,0,0,1,"grymhet","preshet"
836,"first_blank","first_blank-gry","gry",2,9,"first_blank-båt","båt",9,0,0,1,"gryning","båtning"
293,"dom","dom-lig","lig",3,6,"skap-lig","skap",7,1,1,1,"gudomlig","guskaplig"
741,"first_blank","first_blank-gu","gu",1,135,"first_blank-ch","ch",135,0,0,1,"gul","chl"
297,"va","va-r","r",1,1,"mĺ-r","mĺ",1,0,0,1,"ha kvar","ha kmĺr"
825,"nder","nder-last_blank","last_blank",2,1,"baek-last_blank","baek",1,0,0,1,"ha sönder","ha söbaek"
974,"first_blank","first_blank-häf","häf",2,12,"first_blank-vek","vek",12,0,0,1,"häftigt","vektigt"
848,"hå","hå-l","l",1,1,"tö-l","tö",1,0,0,1,"hål","töl"
348,"na","na-tion","tion",5,20,"na-kensce","kensce",1,19,2,1,"hallucination","hallucinakensce"
287,"häl","häl-sa","sa",2,2,"lap-sa","lap",2,0,0,1,"hälsa","lapsa"
735,"band","band-last_blank","last_blank",2,49,"ting-last_blank","ting",49,0,0,1,"halsband","halsting"
828,"first_blank","first_blank-ham","ham",4,48,"first_blank-konst","konst",45,3,2,1,"hamburgare","konstburgare"
665,"ham","ham-ma","ma",3,2,"stig-ma","stig",2,0,1,1,"hammare","stigmare"
115,"mn","mn-last_blank","last_blank",1,10,"gd-last_blank","gd",10,0,0,1,"hamn","hagd"
365,"first_blank","first_blank-hän","hän",2,55,"first_blank-por","por",55,0,0,1,"hända","porda"
209,"duk","duk-last_blank","last_blank",2,10,"lee-last_blank","lee",10,0,0,1,"handduk","handlee"
204,"first_blank","first_blank-hän","hän",3,55,"first_blank-film","film",54,1,1,1,"händelse","filmdelse"
909,"hand","hand-fat","fat",2,1,"hand-sig","sig",1,0,0,1,"handfat","handsig"
954,"first_blank","first_blank-hand","hand",3,111,"first_blank-stor","stor",107,4,0,1,"handla om","storla om"
434,"first_blank","first_blank-hand","hand",3,111,"first_blank-stor","stor",107,4,0,1,"handlare","storlare"
926,"hän","hän-gi","gi",4,5,"drags-gi","drags",4,1,2,1,"hängivenhet","dragsgivenhet"
929,"hå","hå-rd","rd",1,1,"tö-rd","tö",1,0,0,1,"hård","törd"
923,"first_blank","first_blank-här","här",2,60,"first_blank-fot","fot",60,0,0,1,"härlig","fotlig"
60,"har","har-mo","mo",3,8,"topp-mo","topp",3,5,1,1,"harmoni","toppmoni"
47,"hä","hä-st","st",1,2,"hä-ro","ro",2,0,0,1,"häst","häro"
139,"first_blank","first_blank-has","has",3,24,"first_blank-topp","topp",24,0,1,1,"hastighet","topptighet"
317,"ha","ha-tt","tt",1,1,"ha-vi","vi",1,0,0,1,"hatt","havi"
311,"ha","ha-v","v",1,1,"co-v","co",1,0,0,1,"hav","cov"
230,"hä","hä-xa","xa",1,1,"hä-ts","ts",1,0,0,1,"häxa","häts"
298,"first_blank","first_blank-hej","hej",2,9,"first_blank-bly","bly",9,0,0,1,"hejdå","blydå"
18,"kop","kop-ter","ter",4,7,"tjäns-ter","tjäns",7,0,2,1,"helikopter","helitjänster"
654,"first_blank","first_blank-hel","hel",3,109,"first_blank-stor","stor",107,2,1,1,"helvete","storvete"
584,"de","de-last_blank","last_blank",4,3908,"de-ståndskrav","ståndskrav",1,3907,0,6,"hembiträde","hembiträdeståndskrav"
425,"in","in-last_blank","last_blank",3,133,"in-brottslarm","brottslarm",1,132,0,4,"heroin","heroinbrottslarm"
315,"melskt","melskt-last_blank","last_blank",2,1,"triskt-last_blank","triskt",1,0,0,1,"himmelskt","himtriskt"
834,"first_blank","first_blank-hit","hit",2,34,"first_blank-bud","bud",34,0,0,1,"hitta","budta"
7,"hi","hi-v","v",1,1,"po-v","po",1,0,0,1,"hiv","pov"
318,"first_blank","first_blank-hjäl","hjäl",2,23,"first_blank-svär","svär",23,0,0,1,"hjälpa","svärpa"
473,"first_blank","first_blank-hö","hö",1,77,"first_blank-ac","ac",77,0,0,1,"hög","acg"
523,"hög","hög-het","het",2,2,"hög-kva","kva",2,0,0,1,"höghet","högkva"
986,"jd","jd-last_blank","last_blank",1,11,"tu-last_blank","tu",11,0,0,1,"höjd","hötu"
420,"first_blank","first_blank-hop","hop",2,26,"first_blank-kel","kel",26,0,0,1,"hoppa","kelpa"
518,"hö","hö-ra","ra",2,5,"gre-ra","gre",5,0,1,1,"höra","grera"
970,"hö","hö-st","st",1,1,"hö-ba","ba",1,0,0,1,"höst","höba"
913,"first_blank","first_blank-hum","hum",2,19,"first_blank-tax","tax",19,0,0,1,"hummer","taxmer"
936,"first_blank","first_blank-hund","hund",2,56,"first_blank-film","film",54,2,0,2,"hundra","filmra"
927,"first_blank","first_blank-hung","hung",2,17,"first_blank-tänd","tänd",17,0,0,1,"hungrig","tändrig"
68,"vud","vud-kon","kon",4,2,"gräns-kon","gräns",2,0,2,1,"huvudkontor","hugränskontor"
340,"hy","hy-ra","ra",2,2,"pat-ra","pat",2,0,1,1,"hyra","patra"
341,"resvärd","resvärd-last_blank","last_blank",2,1,"tesvårt-last_blank","tesvårt",1,0,0,1,"hyresvärd","hytesvårt"
342,"first_blank","first_blank-i ","i ",1,1,"first_blank-rv","rv",1,0,0,1,"i går","rvgår"
517,"first_blank","first_blank-idi","idi",2,16,"first_blank-mol","mol",16,0,0,1,"idiot","molot"
135,"de","de-last_blank","last_blank",4,3908,"de-ståndskrav","ståndskrav",1,3907,0,6,"illamående","illamåendeståndskrav"
157,"um","um-last_blank","last_blank",4,112,"tiskt-last_blank","tiskt",103,9,3,1,"imperium","imperitiskt"
827,"ra på","ra på-last_blank","last_blank",4,1,"knull-last_blank","knull",1,0,0,1,"imponera på","imponeknull"
990,"tion","tion-last_blank","last_blank",3,359,"land-last_blank","land",108,251,0,1,"infektion","infekland"
383,"mant","mant-last_blank","last_blank",3,6,"sked-last_blank","sked",6,0,0,1,"informant","inforsked"
130,"ma","ma-tion","tion",4,21,"ma-racas","racas",1,20,1,1,"information","informaracas"
957,"in","in-gång","gång",2,8,"in-kräk","kräk",8,0,0,2,"ingång","inkräk"
146,"tion","tion-last_blank","last_blank",3,359,"land-last_blank","land",108,251,0,1,"injektion","injekland"
989,"komst","komst-last_blank","last_blank",2,13,"match-last_blank","match",13,0,0,3,"inkomst","inmatch"
357,"håll","håll-last_blank","last_blank",3,17,"gent-last_blank","gent",17,0,0,1,"innehåll","innegent"
845,"sekt","sekt-last_blank","last_blank",2,2,"veau-last_blank","veau",2,0,0,1,"insekt","inveau"
948,"spek","spek-tion","tion",3,1,"erup-tion","erup",1,0,0,1,"inspektion","ineruption"
843,"spel","spel-ning","ning",3,20,"fatt-ning","fatt",19,1,0,1,"inspelning","infattning"
361,"ra","ra-tion","tion",4,34,"ra-ments","ments",2,32,1,1,"inspiration","inspiraments"
985,"ment","ment-last_blank","last_blank",3,57,"full-last_blank","full",58,1,0,1,"instrument","instrufull"
690,"in","in-tegri","tegri",3,2,"in-träng","träng",2,0,0,1,"integritet","inträngtet"
824,"li","li-gent","gent",4,1,"li-troll","troll",1,0,1,1,"intelligent","intellitroll"
661,"in","in-tim","tim",2,1,"in-flö","flö",1,0,0,1,"intim","inflö"
840,"sant","sant-last_blank","last_blank",3,8,"vitj-last_blank","vitj",8,0,0,1,"intressant","intresvitj"
362,"tion","tion-last_blank","last_blank",3,359,"land-last_blank","land",108,251,0,1,"intuition","intuiland"
955,"in","in-u","u",3,1,"mass-u","mass",1,0,2,1,"inuti","massuti"
210,"ra","ra-last_blank","last_blank",4,1363,"ra-venscroft","venscroft",1,1362,1,6,"investera","investeravenscroft"
63,"re","re-last_blank","last_blank",5,1859,"re-klamsnub","klamsnub",1,1858,2,3,"investerare","investerareklamsnub"
368,"first_blank","first_blank-iro","iro",2,5,"first_blank-lyk","lyk",5,0,0,1,"ironisk","lyknisk"
617,"first_blank","first_blank-ja","ja",1,213,"first_blank-sö","sö",60,153,0,1,"ja","sö"
803,"first_blank","first_blank-jac","jac",2,14,"first_blank-fes","fes",14,0,0,1,"jacka","feska"
224,"ja","ja-ga","ga",2,7,"ter-ga","ter",6,1,1,1,"jaga","terga"
24,"kel","kel-last_blank","last_blank",2,73,"sas-last_blank","sas",74,1,0,1,"jäkel","jäsas"
61,"first_blank","first_blank-jord","jord",3,64,"first_blank-luft","luft",64,0,0,1,"jordgubbe","luftgubbe"
730,"first_blank","first_blank-jour","jour",3,18,"first_blank-slak","slak",18,0,0,1,"journalist","slaknalist"
556,"ju","ju-ic","ic",1,2,"kn-ic","kn",2,0,0,1,"juice","knice"
378,"ju","ju-li","li",2,15,"tel-li","tel",15,0,1,1,"juli","telli"
745,"ju","ju-li","li",3,15,"verk-li","verk",15,0,2,1,"juliet","verkliet"
774,"ni","ni-or","or",3,7,"ni-tivt","tivt",3,4,2,1,"junior","junitivt"
134,"vel","vel-last_blank","last_blank",2,42,"nie-last_blank","nie",42,0,0,1,"juvel","junie"
451,"first_blank","first_blank-kaf","kaf",2,28,"first_blank-red","red",28,0,0,1,"kaffe","redfe"
160,"ka","ka-ka","ka",2,9,"ka-lyp","lyp",8,1,1,1,"kaka","kalyp"
467,"kon","kon-last_blank","last_blank",2,20,"nel-last_blank","nel",20,0,0,1,"kalkon","kalnel"
973,"ka","ka-ll","ll",1,2,"ka-mu","mu",2,0,0,1,"kall","kamu"
538,"first_blank","first_blank-käm","käm",2,14,"first_blank-brå","brå",14,0,0,1,"kämpe","bråpe"
680,"kä","kä-nd","nd",1,1,"kä-mö","mö",1,0,0,1,"känd","kämö"
137,"first_blank","first_blank-kan","kan",3,45,"first_blank-bygg","bygg",45,0,1,1,"kandidat","byggdidat"
717,"nin","nin-last_blank","last_blank",2,26,"fat-last_blank","fat",26,0,0,1,"kanin","kafat"
602," till"," till-last_blank","last_blank",3,1,"miljs-last_blank","miljs",1,0,0,1,"känna till","kännamiljs"
366,"first_blank","first_blank-käns","käns",2,29,"first_blank-prin","prin",29,0,0,2,"känsla","prinla"
132,"first_blank","first_blank-käns","käns",2,29,"first_blank-tack","tack",29,0,0,2,"känslig","tacklig"
468,"pell","pell-last_blank","last_blank",2,4,"park-last_blank","park",4,0,0,1,"kapell","kapark"
20,"ta","ta-lism","lism",4,1,"ta-touil","touil",1,0,1,1,"kapitalism","kapitatouil"
72,"first_blank","first_blank-kap","kap",2,24,"first_blank-nyc","nyc",24,0,0,1,"kapten","nycten"
94,"di","di-nal","nal",3,2,"di-cins","cins",2,0,1,1,"kardinal","kardicins"
310,"lek","lek-last_blank","last_blank",2,25,"ski-last_blank","ski",25,0,0,1,"kärlek","kärski"
50,"rn","rn-last_blank","last_blank",1,40,"gg-last_blank","gg",40,0,0,1,"kärn","kägg"
435,"kar","kar-ta","ta",2,3,"fäl-ta","fäl",3,0,0,1,"karta","fälta"
519,"kar","kar-tell","tell",2,1,"kar-trum","trum",1,0,0,1,"kartell","kartrum"
335,"ka","ka-tt","tt",1,4,"ka-bi","bi",4,0,0,1,"katt","kabi"
404,"first_blank","first_blank-kej","kej",3,16,"first_blank-brot","brot",16,0,1,1,"kejsare","brotsare"
279,"ke","ke-ps","ps",1,1,"ke-hr","hr",1,0,0,1,"keps","kehr"
485,"ki","ki-nd","nd",1,1,"to-nd","to",1,0,0,1,"kind","tond"
262,"rur","rur-gi","gi",3,5,"till-gi","till",3,2,1,1,"kirurgi","kitillgi"
415,"first_blank","first_blank-klän","klän",2,4,"first_blank-tvär","tvär",4,0,0,1,"klänning","tvärning"
939,"first_blank","first_blank-klas","klas",2,27,"first_blank-skan","skan",27,0,0,1,"klassisk","skansisk"
658,"ent","ent-last_blank","last_blank",2,8,"cos-last_blank","cos",8,0,0,1,"klient","klicos"
795,"first_blank","first_blank-kli","kli",2,44,"first_blank-skå","skå",44,0,0,1,"klinik","skånik"
66,"first_blank","first_blank-klos","klos",2,5,"first_blank-kväl","kväl",5,0,0,1,"kloster","kvälter"
59,"first_blank","first_blank-kn","kn",1,59,"first_blank-em","em",59,0,0,1,"knä","emä"
879,"kn","kn-iv","iv",1,2,"kn-äp","äp",2,0,0,1,"kniv","knäp"
474,"ko","ko-ck","ck",1,1,"ko-ry","ry",1,0,0,1,"kock","kory"
767,"la på","la på-last_blank","last_blank",2,1,"lagts-last_blank","lagts",1,0,0,1,"kolla på","kollagts"
189,"laps","laps-last_blank","last_blank",2,2,"vigs-last_blank","vigs",2,0,0,1,"kollaps","kolvigs"
280,"ihåg","ihåg-last_blank","last_blank",3,1,"fice-last_blank","fice",1,0,0,1,"kom ihåg","kom fice"
149,"di","di-last_blank","last_blank",3,77,"torn-last_blank","torn",79,2,2,1,"komedi","kometorn"
29,"kom","kom-ma","ma",2,12,"plo-ma","plo",9,3,0,1,"komma","ploma"
360,"sa","sa-rie","rie",4,6,"sa-botör","botör",1,5,2,1,"kommissarie","kommissabotör"
592,"ka","ka-tion","tion",5,13,"ka-laspuf","laspuf",1,12,2,1,"kommunikation","kommunikalaspuf"
715,"nist","nist-last_blank","last_blank",3,21,"mark-last_blank","mark",21,0,0,1,"kommunist","kommumark"
917,"plett","plett-last_blank","last_blank",2,2,"mellt-last_blank","mellt",2,0,0,1,"komplett","kommellt"
223,"ra","ra-last_blank","last_blank",4,1363,"ra-venscroft","venscroft",1,1362,1,6,"koncentrera","koncentreravenscroft"
934,"sert","sert-last_blank","last_blank",2,6,"läst-last_blank","läst",6,0,0,1,"konsert","konläst"
646,"first_blank","first_blank-kons","kons",2,11,"first_blank-sken","sken",11,0,0,1,"konstig","skentig"
472,"tu","tu-tion","tion",4,4,"tu-rellt","rellt",2,2,1,1,"konstitution","konstiturellt"
809,"kon","kon-tor","tor",2,10,"kon-fis","fis",9,1,0,1,"kontor","konfis"
428,"trol","trol-le","le",4,15,"nings-le","nings",3,12,1,1,"kontrollera","konningslera"
759,"first_blank","first_blank-kö","kö",3,55,"first_blank-film","film",54,1,2,1,"köpare","filmpare"
637,"ra","ra-last_blank","last_blank",4,1363,"ra-venscroft","venscroft",1,1362,1,6,"kopiera","kopieravenscroft"
579,"kor","kor-kad","kad",2,1,"sta-kad","sta",1,0,0,1,"korkad","stakad"
202,"rekt","rekt-last_blank","last_blank",2,4,"rand-last_blank","rand",4,0,0,1,"korrekt","korrand"
215,"first_blank","first_blank-kö","kö",1,55,"first_blank-ed","ed",55,0,0,1,"kött","edtt"
931,"kraf","kraf-tigt","tigt",2,1,"dris-tigt","dris",1,0,0,1,"kraftigt","dristigt"
469,"kr","kr-am","am",1,4,"sh-am","sh",4,0,0,1,"kram","sham"
192,"kre","kre-a","a",5,12,"pacqui-a","pacqui",1,11,3,1,"kreativitet","pacquiativitet"
835,"kri","kri-ga","ga",3,7,"star-ga","star",5,2,1,1,"krigare","stargare"
908,"mi","mi-nell","nell",3,1,"mi-klos","klos",1,0,0,1,"kriminell","krimiklos"
790,"is","is-last_blank","last_blank",1,72,"kt-last_blank","kt",73,1,0,1,"kris","krkt"
400,"first_blank","first_blank-kris","kris",2,21,"first_blank-smit","smit",21,0,0,1,"kristen","smitten"
382,"first_blank","first_blank-ku","ku",2,142,"first_blank-hem","hem",143,1,1,1,"kula","hemla"
151,"ku","ku-ng","ng",1,2,"mä-ng","mä",2,0,0,1,"kung","mäng"
173,"first_blank","first_blank-kun","kun",2,27,"first_blank-seg","seg",27,0,0,1,"kunskap","segskap"
815,"ku","ku-sin","sin",2,2,"ku-lös","lös",2,0,0,1,"kusin","kulös"
807,"first_blank","first_blank-kus","kus",2,12,"first_blank-hai","hai",12,0,0,1,"kuslig","hailig"
870,"ku","ku-st","st",1,1,"ku-ös","ös",1,0,0,1,"kust","kuös"
465,"first_blank","first_blank-kva","kva",3,25,"first_blank-häst","häst",25,0,1,1,"kvalitet","hästlitet"
588,"kv","kv-äl","äl",1,2,"in-äl","in",2,0,0,1,"kväll","inäll"
26,"first_blank","first_blank-kvin","kvin",2,27,"first_blank-klas","klas",27,0,0,1,"kvinna","klasna"
288,"ko","ko-gård","gård",3,1,"ko-bish","bish",1,0,0,1,"kyrkogård","kyrkobish"
852,"der","der-lap","lap",4,1,"der-birds","birds",1,0,2,1,"läderlappen","läderbirdspen"
314,"la","la-dy","dy",2,3,"la-min","min",3,0,1,1,"lady","lamin"
337,"gen","gen-het","het",3,13,"gen-gång","gång",5,8,1,1,"lägenhet","lägengång"
5,"lag","lag-ra","ra",2,3,"vär-ra","vär",3,0,0,1,"lagra","värra"
885,"lä","lä-ka","ka",2,26,"sis-ka","sis",24,2,1,1,"läka","siska"
413,"first_blank","first_blank-lä","lä",3,158,"first_blank-fram","fram",158,0,2,1,"läkare","framkare"
12,"del","del-last_blank","last_blank",4,122,"tiskt-last_blank","tiskt",103,19,2,1,"läkemedel","läkemetiskt"
905,"na","na- til"," til",5,1,"na-tashas","tashas",1,0,2,1,"lämna tillbaka","lämnatashaslbaka"
455,"first_blank","first_blank-lå","lå",1,59,"first_blank-my","my",59,0,0,1,"lån","myn"
453,"lå","lå-ng","ng",1,5,"ty-ng","ty",5,0,0,1,"lång","tyng"
554,"first_blank","first_blank-lå","lå",1,59,"first_blank-my","my",59,0,0,1,"långa","mynga"
867,"ng","ng-d","d",1,5,"ad-d","ad",5,0,0,1,"längd","läadd"
585,"first_blank","first_blank-lå","lå",1,59,"first_blank-kn","kn",59,0,0,1,"långt","knngt"
487,"first_blank","first_blank-lä","lä",2,158,"first_blank-pre","pre",154,4,1,1,"lära","prera"
871,"first_blank","first_blank-lä","lä",3,158,"first_blank-fram","fram",158,0,2,1,"lärare","framrare"
976,"la","la-rm","rm",1,2,"la-nt","nt",2,0,0,1,"larm","lant"
604,"lå","lå-sa","sa",2,1,"hob-sa","hob",1,0,1,1,"låsa","hobsa"
372,"first_blank","first_blank-last","last",2,24,"first_blank-kött","kött",24,0,0,1,"lastbil","köttbil"
10,"lå","lå-t","t",1,1,"yk-t","yk",1,0,0,1,"låt","ykt"
904,"lå","lå-ta","ta",2,4,"rek-ta","rek",4,0,1,1,"låta","rekta"
623,"lä","lä-tt","tt",1,2,"lä-er","er",2,0,0,1,"lätt","läer"
543,"le","le-da","da",3,78,"le-ring","ring",22,56,2,1,"ledare","leringre"
576,"gend","gend-last_blank","last_blank",2,3,"sard-last_blank","sard",3,0,0,1,"legend","lesard"
148,"jon","jon-last_blank","last_blank",2,12,"hår-last_blank","hår",12,0,0,1,"lejon","lehår"
142,"sak","sak-last_blank","last_blank",2,24,"mit-last_blank","mit",24,0,0,1,"leksak","lekmit"
596,"ver","ver-last_blank","last_blank",2,144,"nat-last_blank","nat",143,1,0,1,"lever","lenat"
440,"be","be-ral","ral",3,1,"be-tism","tism",1,0,1,1,"liberal","libetism"
459,"li","li-k","k",1,1,"al-k","al",1,0,0,1,"lik","alk"
893,"mousi","mousi-ne","ne",3,1,"krist-ne","krist",1,0,0,1,"limousine","likristne"
442,"first_blank","first_blank-lit","lit",4,8,"first_blank-trass","trass",8,0,2,1,"litteratur","trassteratur"
507,"ud","ud-last_blank","last_blank",1,13,"ön-last_blank","ön",13,0,0,1,"ljud","ljön"
277,"first_blank","first_blank-lj","lj",1,15,"first_blank-sâ","sâ",15,0,0,1,"ljus","sâus"
953,"l sig","l sig-last_blank","last_blank",4,1,"rolls-last_blank","rolls",1,0,0,1,"locka till sig","locka tilrolls"
268,"löf","löf-te","te",2,8,"kap-te","kap",8,0,0,1,"löfte","kapte"
509,"first_blank","first_blank-lögna","lögna",2,2,"first_blank-längs","längs",2,0,0,1,"lögnare","längsre"
780,"first_blank","first_blank-löjt","löjt",2,4,"first_blank-lopp","lopp",4,0,0,1,"löjtnant","loppnant"
992,"lö","lö-k","k",1,2,"ur-k","ur",2,0,0,1,"lök","urk"
724,"kal","kal-last_blank","last_blank",2,17,"båt-last_blank","båt",17,0,0,1,"lokal","lobåt"
659,"lö","lö-n","n",1,1,"sé-n","sé",1,0,0,1,"lön","sén"
533,"lo","lo-pp","pp",1,1,"lo-tu","tu",1,0,0,1,"lopp","lotu"
409,"lö","lö-sen","sen",2,4,"lö-par","par",2,2,0,1,"lösen","löpar"
424,"senord","senord-last_blank","last_blank",2,1,"snärjd-last_blank","snärjd",1,0,0,1,"lösenord","lösnärjd"
941,"first_blank","first_blank-lug","lug",2,11,"first_blank-går","går",11,0,0,1,"lugna","gårna"
821,"lu","lu-kt","kt",1,1,"ys-kt","ys",1,0,0,1,"lukt","yskt"
544,"lu","lu-nc","nc",1,2,"lu-ce","ce",2,0,0,1,"lunch","luceh"
306,"first_blank","first_blank-lyc","lyc",2,29,"first_blank-hen","hen",29,0,0,1,"lyckas","henkas"
599,"first_blank","first_blank-lyck","lyck",2,17,"first_blank-funk","funk",17,0,0,1,"lycklig","funklig"
407,"näs","näs-last_blank","last_blank",3,2,"tall-last_blank","tall",2,0,1,1,"majonnäs","majontall"
319,"first_blank","first_blank-makt","makt",2,20,"first_blank-köks","köks",20,0,0,1,"maktlös","kökslös"
443,"må","må-la","la",3,9,"dubb-la","dubb",9,0,2,1,"målare","dubblare"
539,"first_blank","first_blank-mål","mål",2,40,"first_blank-nöd","nöd",40,0,0,1,"måltid","nödtid"
652,"first_blank","first_blank-mam","mam",2,26,"first_blank-lju","lju",26,0,0,1,"mamma","ljuma"
448,"ra","ra-last_blank","last_blank",5,1363,"ra-venscroft","venscroft",1,1362,1,5,"manipulera","manipuleravenscroft"
73,"skor","skor-last_blank","last_blank",3,17,"fisk-last_blank","fisk",17,0,0,1,"människor","männifisk"
527,"first_blank","first_blank-mänsk","mänsk",2,7,"first_blank-vinst","vinst",7,0,0,1,"mänsklig","vinstlig"
535,"rin","rin-last_blank","last_blank",2,57,"lag-last_blank","lag",57,0,0,1,"marin","malag"
726,"first_blank","first_blank-mark","mark",4,37,"first_blank-troll","troll",37,0,1,1,"marknadsföring","trollnadsföring"
740,"skin","skin-last_blank","last_blank",2,30,"ding-last_blank","ding",30,0,0,1,"maskin","mading"
997,"sage","sage-last_blank","last_blank",2,7,"sern-last_blank","sern",7,0,0,1,"massage","massern"
439,"ter","ter-skap","skap",3,4,"ter-vjun","vjun",3,1,0,1,"mästerskap","mästervjun"
935,"ma","ma-tc","tc",1,1,"ma-pp","pp",1,0,0,1,"match","mapph"
263,"tik","tik-last_blank","last_blank",4,40,"plats-last_blank","plats",40,0,2,1,"matematik","matemaplats"
282,"mat","mat-ta","ta",2,7,"sin-ta","sin",7,0,0,1,"matta","sinta"
555,"mal","mal-last_blank","last_blank",3,23,"gård-last_blank","gård",23,0,1,1,"maximal","maxigård"
925,"dalj","dalj-last_blank","last_blank",2,5,"gels-last_blank","gels",5,0,0,1,"medalj","megels"
41,"jong","jong-last_blank","last_blank",3,3,"seus-last_blank","seus",3,0,0,1,"medaljong","medalseus"
977,"de","de-last_blank","last_blank",4,3908,"de-ståndskrav","ståndskrav",1,3907,0,6,"meddelande","meddelandeståndskrav"
890,"med","med-käns","käns",3,2,"med-skyl","skyl",2,0,0,1,"medkänsla","medskylla"
894,"ka","ka-nisk","nisk",3,2,"ka-pell","pell",2,0,0,1,"mekanisk","mekapell"
634,"me","me-ning","ning",2,7,"me-dags","dags",4,3,0,2,"mening","medags"
370,"tall","tall-last_blank","last_blank",2,2,"rano-last_blank","rano",2,0,0,1,"metall","merano"
412,"me","me-ter","ter",2,25,"me-rad","rad",19,6,0,1,"meter","merad"
547,"tod","tod-last_blank","last_blank",2,1,"rät-last_blank","rät",1,0,0,1,"metod","merät"
549,"first_blank","first_blank-mid","mid",2,39,"first_blank-häl","häl",39,0,0,1,"middag","häldag"
384,"first_blank","first_blank-mik","mik",3,19,"first_blank-lang","lang",19,0,1,1,"mikrofon","langrofon"
897,"skop","skop-last_blank","last_blank",3,6,"lekt-last_blank","lekt",6,0,0,1,"mikroskop","mikrolekt"
557,"mi","mi-ld","ld",1,3,"mi-tz","tz",3,0,0,1,"mild","mitz"
127,"tär","tär-last_blank","last_blank",3,16,"kans-last_blank","kans",16,0,1,1,"militär","milikans"
552,"mil","mil-jard","jard",2,2,"mil-jean","jean",2,0,0,1,"miljard","miljean"
17,"nis","nis-ter","ter",3,27,"punk-ter","punk",12,15,1,1,"minister","mipunkter"
616,"first_blank","first_blank-mins","mins",2,8,"first_blank-tyng","tyng",8,0,0,1,"minska","tyngka"
676,"nus","nus-last_blank","last_blank",2,36,"sky-last_blank","sky",36,0,0,1,"minus","misky"
23,"mi","mi-nut","nut",2,3,"mi-rak","rak",3,0,0,1,"minut","mirak"
712,"sil","sil-last_blank","last_blank",2,7,"fot-last_blank","fot",7,0,0,1,"missil","misfot"
203,"tag","tag-last_blank","last_blank",2,40,"bok-last_blank","bok",40,0,0,1,"misstag","missbok"
938,"miss","miss-tän","tän",3,3,"fram-tän","fram",2,1,0,1,"misstänka","framtänka"
841,"öl","öl-last_blank","last_blank",1,8,"lm-last_blank","lm",8,0,0,1,"mjöl","mjlm"
2,"dig","dig-last_blank","last_blank",2,117,"lad-last_blank","lad",116,1,0,1,"modig","molad"
121,"first_blank","first_blank-möj","möj",3,14,"first_blank-tran","tran",14,0,1,1,"möjlighet","tranlighet"
792,"first_blank","first_blank-mör","mör",2,39,"first_blank-uni","uni",39,0,0,1,"mörda","unida"
496,"first_blank","first_blank-mör","mör",3,39,"first_blank-ljus","ljus",39,0,1,1,"mördare","ljusdare"
48,"mor","mor-fin","fin",2,1,"mor-bro","bro",1,0,0,1,"morfin","morbro"
343,"gon","gon-last_blank","last_blank",2,47,"lie-last_blank","lie",46,1,0,1,"morgon","morlie"
810,"mö","mö-rk","rk",1,3,"ha-rk","ha",3,0,0,1,"mörk","hark"
194,"mor","mor-mor","mor",2,2,"bav-mor","bav",2,0,0,1,"mormor","bavmor"
437,"first_blank","first_blank-mö","mö",2,53,"first_blank-bur","bur",53,0,1,1,"möte","burte"
332,"tell","tell-last_blank","last_blank",2,11,"folk-last_blank","folk",11,0,0,1,"motell","mofolk"
891,"tor","tor-last_blank","last_blank",2,207,"lan-last_blank","lan",191,16,0,1,"motor","molan"
960,"väg","väg-last_blank","last_blank",3,24,"chen-last_blank","chen",24,0,1,1,"motorväg","motorchen"
570,"mot","mot-sats","sats",2,1,"pas-sats","pas",1,0,0,1,"motsats","passats"
206,"stån","stån-da","da",4,10,"lovor-da","lovor",2,8,1,1,"motståndare","motlovordare"
89,"se","se-um","um",3,6,"se-ball","ball",6,0,2,1,"museum","museball"
371,"sik","sik-last_blank","last_blank",2,22,"gör-last_blank","gör",22,0,0,1,"musik","mugör"
762,"si","si-ker","ker",3,11,"si-tion","tion",13,2,1,1,"musiker","musition"
594,"first_blank","first_blank-mus","mus",2,45,"first_blank-kan","kan",45,0,0,1,"muskel","kankel"
178,"ta","ta-tion","tion",3,28,"ta-lang","lang",13,15,0,1,"mutation","mutalang"
998,"first_blank","first_blank-myc","myc",2,5,"first_blank-kvo","kvo",5,0,0,1,"mycket","kvoket"
87,"first_blank","first_blank-my","my",2,59,"first_blank-fin","fin",59,0,1,1,"myra","finra"
313,"first_blank","first_blank-myste","myste",3,8,"first_blank-smitt","smitt",8,0,0,1,"mysterium","smittrium"
299,"first_blank","first_blank-nac","nac",2,4,"first_blank-prå","prå",4,0,0,1,"nacke","pråke"
11,"gon","gon-sin","sin",3,4,"lätt-sin","lätt",4,0,1,1,"någonsin","nålättsin"
578,"stans","stans-last_blank","last_blank",3,18,"skott-last_blank","skott",18,0,0,1,"någonstans","någonskott"
356,"nå","nå-got","got",2,2,"nå-dad","dad",2,0,0,1,"något","nådad"
581,"na","na-ken","ken",2,7,"na-tor","tor",8,1,0,1,"naken","nator"
572,"nä","nä-sa","sa",2,1,"vat-sa","vat",1,0,1,1,"näsa","vatsa"
921,"duk","duk-last_blank","last_blank",2,10,"paj-last_blank","paj",10,0,0,1,"näsduk","näspaj"
480,"na","na-tion","tion",2,20,"na-list","list",9,11,0,1,"nation","nalist"
769,"lag","lag-last_blank","last_blank",3,57,"ment-last_blank","ment",57,0,1,1,"nederlag","nederment"
684,"ga","ga-tiv","tiv",3,1,"ga-reth","reth",1,0,1,1,"negativ","negareth"
642,"vös","vös-last_blank","last_blank",2,3,"nil-last_blank","nil",3,0,0,1,"nervös","nernil"
104,"first_blank","first_blank-nödsi","nödsi",4,4,"first_blank-strat","strat",4,0,0,1,"nödsituation","strattuation"
832,"rr","rr-last_blank","last_blank",1,30,"ey-last_blank","ey",30,0,0,1,"norr","noey"
386,"ter","ter-last_blank","last_blank",3,1235,"ning-last_blank","ning",1109,126,1,1,"nyheter","nyhening"
64,"li","li-gen","gen",3,69,"li-tisk","tisk",2,67,1,1,"nyligen","nylitisk"
638,"first_blank","first_blank-oan","oan",3,24,"first_blank-kött","kött",24,0,1,1,"oansvarig","köttsvarig"
607,"hag","hag-lig","lig",3,2,"dent-lig","dent",2,0,1,1,"obehaglig","obedentlig"
610,"first_blank","first_blank-öd","öd",1,18,"first_blank-gn","gn",18,0,0,1,"öde","gne"
291,"first_blank","first_blank-öd","öd",2,18,"first_blank-myn","myn",18,0,1,1,"ödla","mynla"
613,"ell","ell-last_blank","last_blank",4,38,"stånd-last_blank","stånd",40,2,2,1,"officiell","officistånd"
614,"mögen","mögen-last_blank","last_blank",2,3,"queen-last_blank","queen",3,0,0,1,"oförmögen","oförqueen"
346,"of","of-ta","ta",2,3,"ryt-ta","ryt",3,0,1,1,"ofta","rytta"
31,"first_blank","first_blank-ok","ok",1,29,"first_blank-yu","yu",29,0,0,1,"okänd","yuänd"
778,"to","to-ber","ber",3,3,"to-graf","graf",3,0,1,1,"oktober","oktograf"
153,"öl","öl-last_blank","last_blank",1,8,"nz-last_blank","nz",8,0,0,1,"öl","nz"
426,"first_blank","first_blank-ol","ol",2,91,"first_blank-bak","bak",91,0,1,1,"olja","bakja"
351,"first_blank","first_blank-olyc","olyc",2,5,"first_blank-fluf","fluf",5,0,0,1,"olycka","flufka"
710,"krets","krets-last_blank","last_blank",2,6,"derns-last_blank","derns",6,0,0,1,"omkrets","omderns"
627,"first_blank","first_blank-öns","öns",2,14,"first_blank-ala","ala",14,0,0,1,"önskar","alakar"
615,"ör","ör-a","a",1,1,"ai-a","ai",1,0,0,1,"öra","aia"
292,"first_blank","first_blank-oran","oran",2,7,"first_blank-spen","spen",7,0,0,1,"orange","spenge"
633,"first_blank","first_blank-orätt","orätt",2,9,"first_blank-träng","träng",9,0,0,1,"orättvis","trängvis"
635,"ra","ra-last_blank","last_blank",5,1363,"ra-venscroft","venscroft",1,1362,1,5,"organisera","organiseravenscroft"
537,"or","or-m","m",1,8,"ea-m","ea",5,3,0,1,"orm","eam"
641,"oa","oa-last_blank","last_blank",1,3,"uo-last_blank","uo",3,0,0,1,"oroa","oruo"
30,"sak","sak-last_blank","last_blank",2,24,"rit-last_blank","rit",24,0,0,1,"orsak","orrit"
110,"first_blank","first_blank-os","os",1,67,"first_blank-th","th",67,0,0,1,"ost","tht"
979,"first_blank","first_blank-ös","ös",1,28,"first_blank-ek","ek",28,0,0,1,"öst","ekt"
675,"first_blank","first_blank-ovän","ovän",2,7,"first_blank-jean","jean",7,0,0,1,"oväntat","jeantat"
946,"över","över-dri","dri",3,5,"slav-dri","slav",1,4,0,1,"överdriva","slavdriva"
221,"över","över-fö","fö",3,7,"nads-fö","nads",4,3,0,1,"överföra","nadsföra"
478,"över","över-ge","ge",2,1,"ders-ge","ders",1,0,0,1,"överge","dersge"
499,"över","över-le","le",3,7,"hand-le","hand",6,1,0,1,"överleva","handleva"
13,"first_blank","first_blank-övers","övers",2,5,"first_blank-adels","adels",5,0,0,1,"överste","adelste"
800,"över","över-va","va",3,11,"kärn-va","kärn",10,1,0,1,"övervaka","kärnvaka"
645,"öv","öv-ning","ning",2,6,"öv-rats","rats",1,5,0,2,"övning","övrats"
477,"first_blank","first_blank-öv","öv",2,19,"first_blank-fak","fak",19,0,1,1,"övre","fakre"
464,"pa","pa-ket","ket",2,7,"pa-tro","tro",6,1,0,1,"paket","patro"
193,"first_blank","first_blank-pap","pap",2,45,"first_blank-ung","ung",45,0,0,1,"pappa","ungpa"
771,"ra","ra-graf","graf",3,1,"ra-löst","löst",1,0,0,1,"paragraf","paralöst"
647,"mal","mal-last_blank","last_blank",4,23,"giskt-last_blank","giskt",23,0,2,1,"paranormal","paranorgiskt"
486,"fym","fym-last_blank","last_blank",2,1,"esn-last_blank","esn",1,0,0,1,"parfym","paresn"
540,"first_blank","first_blank-par","par",3,134,"first_blank-miss","miss",133,1,1,1,"partikel","misstikel"
91,"pa","pa-ss","ss",1,1,"lå-ss","lå",1,0,0,1,"pass","låss"
170,"pas","pas-sion","sion",2,1,"men-sion","men",1,0,0,1,"passion","mension"
433,"de","de-last_blank","last_blank",4,3908,"de-ståndskrav","ståndskrav",1,3907,0,6,"påstående","påståendeståndskrav"
163,"te","te-tisk","tisk",3,3,"te-bjud","bjud",3,0,0,1,"patetisk","patebjud"
964,"ra","ra-last_blank","last_blank",4,1363,"ra-venscroft","venscroft",1,1362,1,6,"patrullera","patrulleravenscroft"
446,"first_blank","first_blank-peng","peng",2,12,"first_blank-sper","sper",12,0,0,1,"pengar","sperar"
962,"pe","pe-nis","nis",2,1,"pe-lev","lev",1,0,0,1,"penis","pelev"
653,"pen","pen-na","na",2,9,"mor-na","mor",9,0,0,1,"penna","morna"
347,"fekt","fekt-last_blank","last_blank",2,10,"förd-last_blank","förd",10,0,0,1,"perfekt","perförd"
196,"od","od-last_blank","last_blank",3,30,"ding-last_blank","ding",30,0,2,1,"period","periding"
397,"son","son-lig","lig",4,14,"ohygg-lig","ohygg",3,11,2,1,"personlighet","perohygglighet"
768,"per","per-spek","spek",3,2,"per-rong","rong",2,0,0,1,"perspektiv","perrongtiv"
491,"first_blank","first_blank-pil","pil",2,28,"first_blank-red","red",28,0,0,1,"piller","redler"
49,"lot","lot-last_blank","last_blank",2,17,"ing-last_blank","ing",17,0,0,1,"pilot","piing"
275,"stol","stol-last_blank","last_blank",2,31,"ellt-last_blank","ellt",31,0,0,2,"pistol","piellt"
857,"first_blank","first_blank-pla","pla",3,71,"first_blank-livs","livs",71,0,1,1,"placera","livscera"
205,"first_blank","first_blank-plån","plån",2,4,"first_blank-elas","elas",4,0,0,1,"plånbok","elasbok"
231,"first_blank","first_blank-pla","pla",3,71,"first_blank-livs","livs",71,0,1,1,"planera","livsnera"
120,"pl","pl-as","as",1,5,"hi-as","hi",5,0,0,1,"plast","hiast"
672,"first_blank","first_blank-pl","pl",1,52,"first_blank-vå","vå",52,0,0,1,"plats","våats"
33,"first_blank","first_blank-pl","pl",1,52,"first_blank-vå","vå",52,0,0,1,"plikt","våikt"
216,"first_blank","first_blank-poj","poj",2,8,"first_blank-äre","äre",8,0,0,1,"pojke","äreke"
844,"po","po-ker","ker",2,11,"po-ste","ste",7,4,0,1,"poker","poste"
376,"tik","tik-last_blank","last_blank",3,40,"kort-last_blank","kort",40,0,1,1,"politik","polikort"
679,"ti","ti-ker","ker",4,40,"ti-tions","tions",2,38,2,1,"politiker","polititions"
457,"li","li-tisk","tisk",3,2,"li-gens","gens",2,0,0,1,"politisk","poligens"
682,"po","po-rt","rt",1,3,"po-in","in",3,0,0,1,"port","poin"
100,"aget","aget-last_blank","last_blank",4,1,"terus-last_blank","terus",1,0,1,1,"praktiskt taget","praktiskt tterus"
573,"äs","äs-t","t",1,1,"no-t","no",1,0,0,1,"präst","prnot"
889,"di","di-kan","kan",3,7,"di-osta","osta",3,4,1,1,"predikan","prediosta"
393,"dent","dent-last_blank","last_blank",3,22,"prov-last_blank","prov",22,0,0,1,"president","presiprov"
787,"stan","stan-da","da",3,1,"kväv-da","kväv",1,0,0,1,"prestanda","prekvävda"
814,"first_blank","first_blank-prick","prick",2,7,"first_blank-brook","brook",7,0,0,1,"prickskytt","brookskytt"
772,"mär","mär-last_blank","last_blank",2,2,"ruk-last_blank","ruk",2,0,0,1,"primär","priruk"
689,"pr","pr-in","in",1,2,"nk-in","nk",2,0,0,1,"prins","nkins"
102,"pr","pr-is","is",1,3,"no-is","no",3,0,0,1,"pris","nois"
692,"blem","blem-last_blank","last_blank",2,42,"tivt-last_blank","tivt",42,0,0,2,"problem","protivt"
70,"dur","dur-last_blank","last_blank",3,8,"röst-last_blank","röst",8,0,1,1,"procedur","proceröst"
798,"ra","ra-last_blank","last_blank",4,1363,"ra-venscroft","venscroft",1,1362,1,6,"producera","produceravenscroft"
978,"dukt","dukt-last_blank","last_blank",2,2,"deau-last_blank","deau",2,0,0,1,"produkt","prodeau"
186,"tion","tion-last_blank","last_blank",3,359,"land-last_blank","land",108,251,0,1,"produktion","produkland"
15,"nell","nell-last_blank","last_blank",4,39,"stånd-last_blank","stånd",40,1,1,1,"professionell","professiostånd"
131,"fes","fes-sor","sor",3,1,"fes-tens","tens",1,0,1,1,"professor","profestens"
696,"gram","gram-last_blank","last_blank",2,38,"djur-last_blank","djur",38,0,0,2,"program","prodjur"
849,"me","me-nad","nad",3,7,"me-ters","ters",7,0,1,1,"promenad","prometers"
722,"koll","koll-last_blank","last_blank",3,7,"rikt-last_blank","rikt",7,0,0,1,"protokoll","protorikt"
559,"typ","typ-last_blank","last_blank",3,6,"mart-last_blank","mart",6,0,1,1,"prototyp","protomart"
21,"first_blank","first_blank-psy","psy",4,62,"first_blank-hjärn","hjärn",59,3,2,1,"psykologi","hjärnkologi"
541,"gisk","gisk-last_blank","last_blank",4,26,"kraft-last_blank","kraft",28,2,1,1,"psykologisk","psykolokraft"
225,"ik","ik-last_blank","last_blank",1,20,"jo-last_blank","jo",20,0,0,1,"publik","publjo"
320,"first_blank","first_blank-räd","räd",3,13,"first_blank-fack","fack",13,0,1,1,"räddare","fackdare"
805,"first_blank","first_blank-räds","räds",2,5,"first_blank-klis","klis",5,0,0,1,"rädsla","klisla"
863,"rå","rå-n","n",1,4,"or-n","or",4,0,0,1,"rån","orn"
861,"first_blank","first_blank-rå","rå",2,57,"first_blank-vän","vän",57,0,1,1,"råna","vänna"
349,"ra","ra-sa","sa",2,4,"ra-dis","dis",4,0,1,1,"rasa","radis"
574,"råt","råt-ta","ta",2,4,"väx-ta","väx",4,0,0,1,"råtta","växta"
330,"gång","gång-last_blank","last_blank",3,43,"tivt-last_blank","tivt",42,1,0,1,"rättegång","rättetivt"
620,"rätts","rätts-lig","lig",2,1,"trött-lig","trött",1,0,0,1,"rättslig","tröttlig"
303,"first_blank","first_blank-rätt","rätt",3,35,"first_blank-nord","nord",35,0,0,1,"rättvisa","nordvisa"
272,"ak","ak-tor","tor",3,3,"ak-fast","fast",1,2,1,1,"reaktor","reakfast"
632,"lis","lis-tiskt","tiskt",4,6,"lis-skydd","skydd",1,5,0,1,"realistiskt","realisskydd"
3,"ge","ge-ring","ring",3,20,"ge-värs","värs",3,17,0,1,"regering","regevärs"
208,"gi","gi-on","on",4,4,"gi-nellt","nellt",2,2,3,1,"religion","religinellt"
402,"re","re-p","p",1,2,"om-p","om",2,0,0,1,"rep","omp"
212,"ra","ra-last_blank","last_blank",4,1363,"ra-venscroft","venscroft",1,1362,1,6,"reparera","repareravenscroft"
701,"rang","rang-last_blank","last_blank",3,10,"jett-last_blank","jett",10,0,0,1,"restaurang","restaujett"
733,"re","re-sul","sul",3,18,"re-klam","klam",17,1,1,1,"resultat","reklamtat"
683,"first_blank","first_blank-res","res",3,25,"first_blank-slag","slag",25,0,1,1,"resväska","slagväska"
452,"ri","ri-da","da",2,3,"ri-nen","nen",3,0,1,1,"rida","rinen"
200,"ri","ri-k","k",1,2,"ms-k","ms",2,0,0,1,"rik","msk"
463,"ke","ke-last_blank","last_blank",2,308,"son-last_blank","son",302,6,1,1,"rike","rison"
801,"dom","dom-last_blank","last_blank",3,50,"dom-stolstrots","stolstrots",1,49,0,7,"rikedom","rikedomstolstrots"
239,"first_blank","first_blank-rim","rim",2,16,"first_blank-idi","idi",16,0,0,1,"rimlig","idilig"
466,"ro","ro-lig","lig",2,4,"ro-set","set",4,0,0,1,"rolig","roset"
403,"ro","ro-m","m",1,7,"ea-m","ea",5,2,0,1,"rom","eam"
150,"man","man-tisk","tisk",3,1,"man-lagt","lagt",1,0,0,1,"romantisk","romanlagt"
524,"first_blank","first_blank-rös","rös",2,12,"first_blank-vad","vad",12,0,0,1,"rösta","vadta"
876,"ra","ra-last_blank","last_blank",3,1363,"ra-venscroft","venscroft",1,1362,1,7,"rotera","roteravenscroft"
408,"bort","bort-last_blank","last_blank",4,1,"triks-last_blank","triks",1,0,1,1,"röva bort","röva triks"
118,"first_blank","first_blank-rov","rov",2,6,"first_blank-lea","lea",6,0,0,1,"rovdjur","leadjur"
752,"t om","t om-last_blank","last_blank",2,1,"tikt-last_blank","tikt",1,0,0,1,"runt om","runtikt"
813,"first_blank","first_blank-rust","rust",2,4,"first_blank-bart","bart",4,0,0,1,"rustning","bartning"
399,"first_blank","first_blank-ryk","ryk",2,9,"first_blank-bli","bli",9,0,0,1,"rykte","blite"
902,"first_blank","first_blank-så sm","så sm",3,1,"first_blank-brust","brust",1,0,0,1,"så småningom","bruståningom"
846,"tage","tage-last_blank","last_blank",3,10,"hopp-last_blank","hopp",10,0,0,1,"sabotage","sabohopp"
756,"sä","sä-ga","ga",2,12,"mar-ga","mar",10,2,1,1,"säga","marga"
758,"ker","ker-het","het",3,6,"synt-het","synt",4,2,1,1,"säkerhet","säsynthet"
757,"first_blank","first_blank-säk","säk",2,15,"first_blank-vål","vål",15,0,0,1,"säkra","vålra"
450,"first_blank","first_blank-säl","säl",2,14,"first_blank-hug","hug",14,0,0,1,"sälja","hugja"
838,"first_blank","first_blank-sal","sal",2,43,"first_blank-bri","bri",43,0,0,1,"sallad","brilad"
345,"first_blank","first_blank-säl","säl",2,14,"first_blank-ani","ani",14,0,0,1,"sällan","anilan"
761,"sam","sam-la","la",2,10,"för-la","för",10,0,0,1,"samla","förla"
595,"raj","raj-last_blank","last_blank",3,4,"quez-last_blank","quez",4,0,1,1,"samuraj","samuquez"
497,"sa","sa-nd","nd",1,5,"sa-tö","tö",5,0,0,1,"sand","satö"
776,"first_blank","first_blank-sän","sän",3,15,"first_blank-brit","brit",15,0,1,1,"sändare","britdare"
833,"sä","sä-ng","ng",1,2,"sä-re","re",2,0,0,1,"säng","säre"
286,"så","så-s","s",1,1,"ef-s","ef",1,0,0,1,"sås","efs"
708,"lit","lit-last_blank","last_blank",3,29,"kern-last_blank","kern",29,0,1,1,"satellit","satelkern"
228,"first_blank","first_blank-sät","sät",2,7,"first_blank-gyn","gyn",7,0,0,1,"sätta","gynta"
381,"first_blank","first_blank-sche","sche",2,8,"first_blank-svan","svan",8,0,0,1,"schema","svanma"
27,"first_blank","first_blank-seg","seg",2,27,"first_blank-ast","ast",27,0,0,1,"segla","astla"
377,"se","se-mes","mes",3,3,"se-full","full",3,0,1,1,"semester","sefullter"
656,"se","se-nat","nat",2,2,"se-rik","rik",2,0,0,1,"senat","serik"
294,"na","na-tor","tor",3,8,"na-list","list",9,1,1,1,"senator","senalist"
783,"vi","vi-tris","tris",3,1,"vi-bert","bert",1,0,0,1,"servitris","servibert"
258,"first_blank","first_blank-sig","sig",2,54,"first_blank-fan","fan",54,0,0,1,"signal","fannal"
853,"tur","tur-last_blank","last_blank",3,61,"sion-last_blank","sion",61,0,1,1,"signatur","signasion"
295,"first_blank","first_blank-sil","sil",2,52,"first_blank-ran","ran",52,0,0,1,"silver","ranver"
152,"sim","sim-ma","ma",2,4,"her-ma","her",4,0,0,1,"simma","herma"
247,"st","st-a","a",1,6,"tj-a","tj",6,0,0,1,"sista","sitja"
850,"first_blank","first_blank-sit","sit",2,10,"first_blank-bau","bau",10,0,0,1,"sitta","bauta"
171,"first_blank","first_blank-själ","själ",2,15,"first_blank-främ","främ",15,0,0,1,"självisk","främvisk"
418,"själv","själv-klart","klart",2,1,"stall-klart","stall",1,0,0,1,"självklart","stallklart"
217,"sj","sj-ö","ö",1,1,"ku-ö","ku",1,0,0,1,"sjö","kuö"
666,"first_blank","first_blank-sjö","sjö",2,64,"first_blank-gar","gar",64,0,0,1,"sjöman","garman"
794,"uk","uk-last_blank","last_blank",1,13,"lf-last_blank","lf",13,0,0,1,"sjuk","sjlf"
353,"dom","dom-last_blank","last_blank",2,50,"pas-last_blank","pas",50,0,0,1,"sjukdom","sjukpas"
765,"first_blank","first_blank-ska","ska",2,90,"first_blank-vat","vat",90,0,0,1,"skada","vatda"
236,"re","re-last_blank","last_blank",5,1859,"re-klamsnub","klamsnub",1,1858,2,3,"skådespelare","skådespelareklamsnub"
307,"sk","sk-äg","äg",1,2,"sk-ip","ip",2,0,0,1,"skägg","skipg"
79,"first_blank","first_blank-skal","skal",2,36,"first_blank-bröl","bröl",36,0,0,1,"skalle","brölle"
516,"äm","äm-t","t",1,3,"ae-t","ae",3,0,0,1,"skämt","skaet"
811,"first_blank","first_blank-skan","skan",2,27,"first_blank-kvin","kvin",27,0,0,1,"skandal","kvindal"
919,"first_blank","first_blank-skåp","skåp",2,5,"first_blank-show","show",5,0,0,1,"skåpbil","showbil"
739,"first_blank","first_blank-skä","skä",2,10,"first_blank-grö","grö",10,0,0,1,"skära","gröra"
227,"first_blank","first_blank-skic","skic",2,9,"first_blank-smar","smar",9,0,0,1,"skicka","smarka"
804,"first_blank","first_blank-skju","skju",2,13,"first_blank-slav","slav",13,0,0,1,"skjuta","slavta"
390,"sk","sk-o","o",1,1,"an-o","an",1,0,0,1,"sko","ano"
140,"og","og-last_blank","last_blank",1,15,"rl-last_blank","rl",15,0,0,1,"skog","skrl"
419,"first_blank","first_blank-sko","sko",2,71,"first_blank-pla","pla",71,0,0,1,"skola","plala"
830,"first_blank","first_blank-sköld","sköld",3,8,"first_blank-släng","släng",8,0,0,1,"sköldpadda","slängpadda"
839,"ön","ön-last_blank","last_blank",1,13,"js-last_blank","js",13,0,0,1,"skön","skjs"
122,"skön","skön-het","het",2,1,"sint-het","sint",1,0,0,1,"skönhet","sinthet"
806,"first_blank","first_blank-skräm","skräm",2,10,"first_blank-strip","strip",10,0,0,1,"skrämma","stripma"
494,"sk","sk-ra","ra",1,8,"ab-ra","ab",8,0,0,1,"skratt","abratt"
488,"first_blank","first_blank-skri","skri",2,36,"first_blank-kryp","kryp",36,0,0,1,"skriva","krypva"
490,"first_blank","first_blank-skriv","skriv",2,21,"first_blank-start","start",21,0,0,2,"skrivning","startning"
906,"sk","sk-yd","yd",1,2,"ha-yd","ha",2,0,0,1,"skydd","haydd"
643,"first_blank","first_blank-skyl","skyl",2,15,"first_blank-stöt","stöt",15,0,0,1,"skyldig","stötdig"
37,"fält","fält-last_blank","last_blank",2,19,"veln-last_blank","veln",19,0,0,1,"slagfält","slagveln"
703,"sl","sl-an","an",1,3,"ki-an","ki",3,0,0,1,"slang","kiang"
456,"ås","ås-s","s",1,1,"ab-s","ab",1,0,0,1,"slåss","slabs"
874,"first_blank","first_blank-slic","slic",2,8,"first_blank-gril","gril",8,0,0,1,"slicka","grilka"
92,"ip","ip-s","s",1,8,"bb-s","bb",8,0,0,1,"slips","slbbs"
651,"sl","sl-ot","ot",1,3,"sl-um","um",3,0,0,1,"slott","slumt"
238,"first_blank","first_blank-slu","slu",2,22,"first_blank-täv","täv",22,0,0,1,"sluta","tävta"
819,"slut","slut-lig","lig",2,1,"slut-sce","sce",1,0,0,1,"slutlig","slutsce"
506,"sm","sm-å","å",1,1,"år-å","år",1,0,0,1,"små","årå"
503,"first_blank","first_blank-smär","smär",2,8,"first_blank-snab","snab",8,0,0,1,"smärta","snabta"
325,"ör","ör-last_blank","last_blank",1,8,"oe-last_blank","oe",8,0,0,1,"smör","smoe"
816,"smut","smut-ta","ta",2,1,"prät-ta","prät",1,0,0,1,"smutta","prätta"
483,"sn","sn-ab","ab",1,2,"ri-ab","ri",2,0,0,1,"snabb","riabb"
484,"bt","bt-last_blank","last_blank",1,2,"oh-last_blank","oh",2,0,0,1,"snabbt","snaboh"
725,"sn","sn-ö","ö",1,1,"pi-ö","pi",1,0,0,1,"snö","piö"
644,"first_blank","first_blank-snus","snus",2,9,"first_blank-förs","förs",9,0,0,1,"snuskig","förskig"
126,"so","so-da","da",2,4,"lör-da","lör",4,0,1,1,"soda","lörda"
528,"so","so-l","l",1,1,"nd-l","nd",1,0,0,1,"sol","ndl"
732,"mn","mn-last_blank","last_blank",1,10,"eu-last_blank","eu",10,0,0,1,"sömn","söeu"
147,"so","so-n","n",1,3,"ea-n","ea",3,0,0,1,"son","ean"
396,"so","so-nd","nd",1,1,"za-nd","za",1,0,0,1,"sond","zand"
513,"first_blank","first_blank-sön","sön",2,36,"first_blank-tal","tal",36,0,0,1,"söndag","taldag"
808,"por","por-last_blank","last_blank",2,45,"han-last_blank","han",45,0,0,1,"sopor","sohan"
508,"sö","sö-t","t",1,1,"äs-t","äs",1,0,0,1,"söt","äst"
751,"rum","rum-last_blank","last_blank",2,75,"tid-last_blank","tid",75,0,0,1,"sovrum","sovtid"
489,"first_blank","first_blank-spaghet","spaghet",2,2,"first_blank-apacher","apacher",2,0,0,1,"spaghetti","apacherti"
709,"first_blank","first_blank-spa","spa",2,55,"first_blank-hän","hän",55,0,0,1,"spara","hänra"
182,"list","list-last_blank","last_blank",4,29,"skepp-last_blank","skepp",29,0,1,1,"specialist","speciaskepp"
721,"gel","gel-last_blank","last_blank",2,41,"vor-last_blank","vor",41,0,0,1,"spegel","spevor"
775,"first_blank","first_blank-spek","spek",4,5,"first_blank-bråds","bråds",5,0,1,1,"spektakulär","brådstakulär"
842,"first_blank","first_blank-sp","sp",1,152,"first_blank-lu","lu",152,0,0,1,"spel","luel"
274,"ater","ater-last_blank","last_blank",5,1,"slängd-last_blank","slängd",1,0,2,1,"spela teater","spela teslängd"
920,"first_blank","first_blank-spe","spe",3,141,"first_blank-miss","miss",133,8,1,1,"spelare","misslare"
57,"first_blank","first_blank-spen","spen",3,7,"first_blank-nyck","nyck",7,0,0,1,"spendera","nyckdera"
944,"sp","sp-is","is",1,1,"me-is","me",1,0,0,1,"spis","meis"
322,"sp","sp-or","or",1,3,"sp-ag","ag",3,0,0,1,"sport","spagt"
582,"first_blank","first_blank-spru","spru",2,11,"first_blank-stel","stel",11,0,0,1,"spruta","stelta"
571,"emot","emot-last_blank","last_blank",3,1,"flyr-last_blank","flyr",1,0,0,1,"stå emot","stå flyr"
339,"st","st-ad","ad",1,7,"st-rä","rä",7,0,0,1,"stad","strä"
961,"first_blank","first_blank-sta","sta",2,134,"first_blank-par","par",134,0,0,1,"staket","parket"
82,"st","st-ål","ål",1,2,"st-ac","ac",2,0,0,1,"stål","stac"
14,"first_blank","first_blank-stän","stän",2,8,"first_blank-spri","spri",8,0,0,1,"ständigt","spridigt"
750,"st","st-ån","ån",1,2,"st-ee","ee",2,0,0,1,"stånga","steega"
630,"st","st-än","än",1,9,"st-ru","ru",9,0,0,1,"stänga","struga"
492,"st","st-än","än",1,9,"st-ru","ru",9,0,0,1,"stängd","strugd"
631,"first_blank","first_blank-stäng","stäng",2,10,"first_blank-straf","straf",10,0,0,1,"stängning","strafning"
198,"ar","ar-kt","kt",1,1,"ar-lo","lo",1,0,0,1,"starkt","starlo"
856,"st","st-at","at",1,11,"st-ri","ri",12,1,0,1,"stat","stri"
673,"first_blank","first_blank-sta","sta",2,134,"first_blank-par","par",134,0,0,1,"station","partion"
564,"first_blank","first_blank-sta","sta",2,134,"first_blank-mot","mot",136,2,0,1,"staty","motty"
858,"st","st-en","en",1,11,"st-ri","ri",12,1,0,1,"sten","stri"
755,"il","il-last_blank","last_blank",1,30,"ey-last_blank","ey",30,0,0,1,"stil","stey"
388,"first_blank","first_blank-stjär","stjär",2,13,"first_blank-smärt","smärt",13,0,0,1,"stjärna","smärtna"
886,"st","st-ol","ol",1,2,"st-ac","ac",2,0,0,1,"stol","stac"
55,"first_blank","first_blank-stö","stö",2,31,"first_blank-kän","kän",31,0,0,1,"störa","känra"
988,"st","st-or","or",1,10,"st-an","an",10,0,0,1,"storm","stanm"
245,"first_blank","first_blank-strål","strål",2,17,"first_blank-grupp","grupp",17,0,0,3,"strålning","gruppning"
670,"first_blank","first_blank-stra","stra",3,20,"first_blank-brev","brev",20,0,0,1,"strategi","brevtegi"
918,"re","re-jk","jk",1,1,"re-sä","sä",1,0,0,1,"strejk","stresä"
706,"first_blank","first_blank-struk","struk",4,11,"first_blank-fjärr","fjärr",11,0,0,1,"strukturera","fjärrturera"
246,"die","die-last_blank","last_blank",2,39,"ans-last_blank","ans",39,0,0,1,"studie","stuans"
855,"sv","sv-ag","ag",1,3,"sv-et","et",3,0,0,1,"svag","svet"
877,"sv","sv-ar","ar",1,6,"ut-ar","ut",6,0,0,1,"svar","utar"
991,"sv","sv-ar","ar",1,6,"ut-ar","ut",6,0,0,1,"svart","utart"
214,"bol","bol-last_blank","last_blank",2,4,"sea-last_blank","sea",4,0,0,1,"symbol","symsea"
951,"first_blank","first_blank-sy","sy",1,85,"first_blank-ap","ap",85,0,0,1,"syn","apn"
882,"sy","sy-nd","nd",1,2,"ou-nd","ou",2,0,0,1,"syndrom","oundrom"
515,"sy","sy-re","re",2,9,"bor-re","bor",8,1,1,1,"syre","borre"
591,"ste","ste-met","met",3,42,"ste-ring","ring",13,29,1,1,"systemet","systering"
164,"bort","bort-last_blank","last_blank",3,1,"frän-last_blank","frän",1,0,0,1,"ta bort","ta frän"
887,"first_blank","first_blank-tac","tac",2,11,"first_blank-ked","ked",11,0,0,1,"tacka","kedka"
271,"first_blank","first_blank-tack","tack",3,29,"first_blank-käns","käns",29,0,0,1,"tacksamhet","känssamhet"
688,"ta","ta-la","la",2,52,"ta-des","des",51,1,1,1,"tala","tades"
687,"lang","lang-last_blank","last_blank",2,2,"alth-last_blank","alth",2,0,0,1,"talang","taalth"
796,"first_blank","first_blank-tall","tall",2,9,"first_blank-trip","trip",9,0,0,1,"tallrik","triprik"
577,"ta","ta-nd","nd",1,1,"we-nd","we",1,0,0,1,"tand","wend"
504,"te","te-am","am",1,3,"te-la","la",3,0,0,1,"team","tela"
93,"a","a-ter","ter",3,21,"a-gnos","gnos",10,11,1,1,"teater","teagnos"
243,"first_blank","first_blank-tec","tec",2,3,"first_blank-mup","mup",3,0,0,1,"tecken","mupken"
734,"fon","fon-last_blank","last_blank",3,24,"pers-last_blank","pers",24,0,1,1,"telefon","telepers"
975,"first_blank","first_blank-tem","tem",4,35,"first_blank-kraft","kraft",33,2,2,1,"temperatur","kraftperatur"
281,"first_blank","first_blank-ten","ten",2,37,"first_blank-und","und",37,0,0,1,"tennis","undnis"
25,"o","o-ri","ri",3,28,"o-nens","nens",6,22,2,1,"teori","teonens"
181,"first_blank","first_blank-tes","tes",2,27,"first_blank-cam","cam",27,0,0,1,"testa","camta"
777,"ti","ti-digt","digt",2,4,"ti-gast","gast",4,0,0,1,"tidigt","tigast"
43,"first_blank","first_blank-tid","tid",2,42,"first_blank-ute","ute",42,0,0,1,"tidning","utening"
674,"first_blank","first_blank-tid","tid",2,42,"first_blank-kre","kre",42,0,0,1,"tidskrift","kreskrift"
907,"räck","räck-lig","lig",3,3,"osyn-lig","osyn",3,0,0,1,"tillräcklig","tillosynlig"
133,"ti","ti-mer","mer",2,4,"ti-vis","vis",4,0,0,1,"timer","tivis"
530,"first_blank","first_blank-tis","tis",2,8,"first_blank-rab","rab",8,0,0,1,"tisdag","rabdag"
583,"ti","ti-tel","tel",2,3,"ti-san","san",3,0,0,1,"titel","tisan"
817,"first_blank","first_blank-tjä","tjä",3,16,"first_blank-iakt","iakt",16,0,1,1,"tjänare","iaktnare"
932,"tj","tj-oc","oc",1,2,"tj-uv","uv",2,0,0,1,"tjock","tjuvk"
686,"mat","mat-last_blank","last_blank",2,88,"rig-last_blank","rig",86,2,0,1,"tomat","torig"
912,"ring","ring-last_blank","last_blank",3,328,"ters-last_blank","ters",94,234,0,1,"tonåring","tonåters"
639,"first_blank","first_blank-tor","tor",3,81,"first_blank-sjuk","sjuk",81,0,1,1,"tornado","sjuknado"
336,"first_blank","first_blank-tö","tö",1,19,"first_blank-vr","vr",19,0,0,1,"törst","vrrst"
669,"tyr","tyr-last_blank","last_blank",2,9,"sås-last_blank","sås",9,0,0,1,"tortyr","torsås"
380,"åd","åd-last_blank","last_blank",1,5,"lå-last_blank","lå",5,0,0,1,"tråd","trlå"
116,"äd","äd-last_blank","last_blank",1,6,"hh-last_blank","hh",6,0,0,1,"träd","trhh"
561,"nell","nell-last_blank","last_blank",4,39,"plats-last_blank","plats",40,1,1,1,"traditionell","traditioplats"
779,"first_blank","first_blank-träf","träf",2,11,"first_blank-stro","stro",11,0,0,1,"träffa","strofa"
493,"tra","tra-gisk","gisk",2,1,"tra-pris","pris",1,0,0,1,"tragisk","trapris"
176,"tr","tr-e","e",1,1,"ew-e","ew",1,0,0,1,"tre","ewe"
77,"first_blank","first_blank-trev","trev",2,7,"first_blank-glen","glen",7,0,0,1,"trevlig","glenlig"
125,"ang","ang-el","el",3,4,"strö-el","strö",2,2,1,1,"triangel","triströel"
154,"first_blank","first_blank-trip","trip",2,9,"first_blank-kapp","kapp",9,0,0,1,"trippel","kapppel"
249,"first_blank","first_blank-tr","tr",1,149,"first_blank-ru","ru",149,0,0,1,"tro","ruo"
510,"tro","tro-gen","gen",2,5,"rur-gen","rur",5,0,0,1,"trogen","rurgen"
764,"tro","tro-ligt","ligt",2,3,"lit-ligt","lit",3,0,0,1,"troligt","litligt"
521,"karl","karl-last_blank","last_blank",2,9,"sell-last_blank","sell",9,0,0,1,"trollkarl","trollsell"
458,"tr","tr-on","on",1,7,"ht-on","ht",7,0,0,1,"tron","hton"
649,"tr","tr-or","or",1,2,"tr-el","el",2,0,0,1,"tror","trel"
422,"tr","tr-yc","yc",1,4,"tr-ip","ip",4,0,0,1,"tryck","tripk"
875,"first_blank","first_blank-tug","tug",2,8,"first_blank-poj","poj",8,0,0,1,"tugga","pojga"
211,"first_blank","first_blank-tum","tum",2,16,"first_blank-låg","låg",16,0,0,1,"tumme","lågme"
109,"first_blank","first_blank-tun","tun",2,25,"first_blank-sak","sak",25,0,0,1,"tunnel","saknel"
711,"tv","tv-last_blank","last_blank",1,2,"kå-last_blank","kå",2,0,0,1,"tv","kå"
728,"first_blank","first_blank-tvät","tvät",2,16,"first_blank-fält","fält",16,0,0,1,"tvätta","fältta"
162,"björn","björn-last_blank","last_blank",2,10,"mjölk-last_blank","mjölk",10,0,0,1,"tvättbjörn","tvättmjölk"
873,"in","in-ga","ga",1,11,"gi-ga","gi",11,0,0,1,"tvinga","tvgiga"
438,"tv","tv-is","is",1,1,"tv-ar","ar",1,0,0,1,"tvist","tvart"
940,"first_blank","first_blank-tyst","tyst",2,17,"first_blank-tänd","tänd",17,0,0,1,"tystnad","tändnad"
782,"håll","håll-last_blank","last_blank",3,17,"sett-last_blank","sett",17,0,0,1,"underhåll","undersett"
714,"ta","ta-last_blank","last_blank",4,1147,"ta-langscout","langscout",1,1146,1,4,"underrätta","underrättalangscout"
947,"ka","ka-last_blank","last_blank",4,1276,"ka-zakstans","zakstans",1,1275,2,2,"undersöka","undersökazakstans"
266,"first_blank","first_blank-un","un",1,365,"first_blank-ko","ko",363,2,0,1,"ung","kog"
766,"un","un-ik","ik",1,2,"bl-ik","bl",2,0,0,1,"unik","blik"
324,"first_blank","first_blank-uni","uni",4,39,"first_blank-stats","stats",40,1,2,1,"universitet","statsversitet"
593,"first_blank","first_blank-up","up",1,45,"first_blank-nå","nå",45,0,0,1,"upp","nåp"
952,"drag","drag-last_blank","last_blank",2,36,"rigt-last_blank","rigt",36,0,0,1,"uppdrag","upprigt"
195,"fris","fris-ka","ka",3,2,"smyc-ka","smyc",2,0,0,1,"uppfriska","uppsmycka"
864,"het","het-sad","sad",3,1,"het-ligt","ligt",1,0,1,1,"upphetsad","upphetligt"
84,"rätt","rätt-hål","hål",4,6,"gångs-hål","gångs",2,4,1,1,"upprätthålla","uppgångshålla"
58,"säg","säg-ning","ning",3,4,"säg-bart","bart",2,2,0,1,"uppsägning","uppsägbart"
83,"skat","skat-ta","ta",3,8,"hjär-ta","hjär",8,0,0,1,"uppskatta","upphjärta"
98,"ur","ur-in","in",1,1,"ur-qu","qu",1,0,0,1,"urin","urqu"
240,"säkt","säkt-last_blank","last_blank",2,1,"sugn-last_blank","sugn",1,0,0,1,"ursäkt","ursugn"
300,"bild","bild-ning","ning",3,18,"fatt-ning","fatt",19,1,0,1,"utbildning","utfattning"
316,"ma","ma-ning","ning",3,7,"ma-kers","kers",3,4,0,1,"utmaning","utmakers"
943,"omjording","omjording-last_blank","last_blank",2,1,"mordspakt-last_blank","mordspakt",1,0,0,5,"utomjording","utmordspakt"
575,"press","press-ning","ning",3,2,"chans-ning","chans",2,0,0,1,"utpressning","utchansning"
958,"rus","rus-ta","ta",3,5,"slag-ta","slag",5,0,1,1,"utrusta","utslagta"
700,"ut","ut-skott","skott",2,1,"ut-svult","svult",1,0,0,1,"utskott","utsvult"
285,"sökt","sökt-last_blank","last_blank",2,11,"pigt-last_blank","pigt",11,0,0,1,"utsökt","utpigt"
265,"ut","ut-ställ","ställ",3,7,"ut-gångs","gångs",7,0,0,2,"utställning","utgångsning"
81,"tryc","tryc-ka","ka",3,9,"flas-ka","flas",9,0,0,1,"uttrycka","utflaska"
609,"de","de-ring","ring",4,24,"de-struk","struk",8,16,1,1,"utvärdering","utvärdestruk"
256,"veck","veck-ling","ling",3,5,"främ-ling","främ",5,0,0,1,"utveckling","utfrämling"
568,"first_blank","first_blank-vac","vac",2,14,"first_blank-säl","säl",14,0,0,1,"vaccin","sälcin"
753,"vä","vä-g","g",1,1,"id-g","id",1,0,0,1,"väg","idg"
385,"va","va-l","l",1,2,"ai-l","ai",2,0,0,1,"val","ail"
967,"lj","lj-last_blank","last_blank",1,7,"yt-last_blank","yt",7,0,0,1,"välj","väyt"
387,"väl","väl-ja","ja",3,2,"stöd-ja","stöd",2,0,1,1,"väljare","stödjare"
999,"pyr","pyr-last_blank","last_blank",2,1,"bik-last_blank","bik",1,0,0,1,"vampyr","vambik"
429,"vä","vä-n","n",1,1,"sé-n","sé",1,0,0,1,"vän","sén"
389,"nilj","nilj-last_blank","last_blank",2,1,"valt-last_blank","valt",1,0,0,1,"vanilj","vavalt"
42,"first_blank","first_blank-vän","vän",2,57,"first_blank-kra","kra",57,0,0,1,"vänlig","kralig"
968,"first_blank","first_blank-van","van",3,88,"first_blank-blod","blod",89,1,1,1,"vanliga","blodliga"
301,"van","van-ligt","ligt",2,4,"dom-ligt","dom",4,0,0,1,"vanligt","domligt"
344,"van","van-ligt","ligt",3,4,"van-tänd","tänd",1,3,0,1,"vanligtvis","vantändvis"
727,"first_blank","first_blank-vän","vän",2,57,"first_blank-trä","trä",57,0,0,1,"vänskap","träskap"
323,"first_blank","first_blank-väns","väns",2,23,"first_blank-svär","svär",23,0,0,1,"vänster","svärter"
667,"pen","pen-last_blank","last_blank",2,266,"sar-last_blank","sar",234,32,0,1,"vapen","vasar"
628,"de","de-lös","lös",3,1,"de-acon","acon",1,0,1,1,"värdelös","värdeacon"
248,"first_blank","first_blank-vär","vär",2,101,"first_blank-kri","kri",101,0,0,1,"värdig","kridig"
865,"first_blank","first_blank-vär","vär",3,101,"first_blank-döds","döds",105,4,1,1,"värdighet","dödsdighet"
563,"va","va-rel","rel",3,18,"va-tion","tion",6,12,1,1,"varelse","vationse"
95,"rg","rg-last_blank","last_blank",1,15,"jt-last_blank","jt",15,0,0,1,"varg","vajt"
128,"cka","cka-last_blank","last_blank",4,1,"ronds-last_blank","ronds",1,0,2,1,"varje vecka","varje veronds"
363,"rl","rl-d","d",1,3,"te-d","te",3,0,0,1,"värld","väted"
470,"first_blank","first_blank-väs","väs",2,30,"first_blank-ame","ame",30,0,0,1,"väska","ameka"
881,"first_blank","first_blank-väst","väst",2,16,"first_blank-brot","brot",16,0,0,1,"västra","brotra"
916,"vå","vå-t","t",1,1,"rg-t","rg",1,0,0,1,"våt","rgt"
427,"vä","vä-te","te",2,6,"fri-te","fri",6,0,1,1,"väte","frite"
220,"first_blank","first_blank-väts","väts",2,5,"first_blank-oänd","oänd",5,0,0,1,"vätska","oändka"
333,"first_blank","first_blank-väv","väv",2,10,"first_blank-tel","tel",10,0,0,1,"vävnad","telnad"
529,"vec","vec-ka","ka",2,2,"tur-ka","tur",2,0,0,1,"vecka","turka"
982,"la","la-tion","tion",4,17,"la-ments","ments",3,14,1,1,"ventilation","ventilaments"
536,"ve","ve-nus","nus",2,1,"ve-gen","gen",1,0,0,1,"venus","vegen"
763,"verk","verk-lig","lig",2,11,"fent-lig","fent",11,0,0,1,"verklig","fentlig"
187,"first_blank","first_blank-verk","verk",3,49,"first_blank-spel","spel",49,0,0,1,"verkligen","spelligen"
895,"skap","skap-last_blank","last_blank",3,86,"digt-last_blank","digt",81,5,0,1,"vetenskap","vetendigt"
156,"deo","deo-last_blank","last_blank",2,10,"sör-last_blank","sör",10,0,0,1,"video","visör"
972,"first_blank","first_blank-vik","vik",2,20,"first_blank-bol","bol",20,0,0,1,"viktig","boltig"
184,"vin","vin-na","na",2,11,"gra-na","gra",11,0,0,1,"vinna","grana"
242,"vin","vin-na","na",3,11,"slag-na","slag",11,0,1,1,"vinnare","slagnare"
837,"first_blank","first_blank-vin","vin",2,81,"first_blank-tor","tor",81,0,0,1,"vinter","torter"
328,"first_blank","first_blank-viss","viss",2,14,"first_blank-tors","tors",14,0,0,1,"vissla","torsla"
391,"first_blank","first_blank-viss","viss",2,14,"first_blank-west","west",14,0,0,1,"visste","westte"
697,"ta","ta-min","min",3,7,"ta-belt","belt",7,0,1,1,"vitamin","vitabelt"
86,"börd","börd-last_blank","last_blank",3,4,"vitt-last_blank","vitt",4,0,0,1,"vittnesbörd","vittnesvitt"
996,"first_blank","first_blank-vod","vod",2,2,"first_blank-fän","fän",2,0,0,1,"vodka","fänka"
786,"first_blank","first_blank-wat","wat",2,5,"first_blank-koc","koc",5,0,0,1,"watson","kocson"
364,"bb","bb-last_blank","last_blank",1,14,"cs-last_blank","cs",14,0,0,1,"webb","wecs"
475,"yt","yt-a","a",1,1,"ai-a","ai",1,0,0,1,"yta","aia"
183,"re","re-last_blank","last_blank",5,1859,"re-klamsnub","klamsnub",1,1858,2,3,"ytterligare","ytterligareklamsnub"
624,"zo","zo-n","n",1,1,"ké-n","ké",1,0,0,1,"zon","kén"
