"word_id","first","original_pair","second","syll","original_freq","replacement_pair","replacement_syll","replacement_freq","freq_diff","char_diff","letter_diff","original_word","replacement_word"
992,"first_blank","first_blank-\ ","\ ",1,1,"first_blank-rz","rz",1,0,0,1,"\ t","\ t"
778,"nal","nal-no","no",5,18,"ppucci-no","ppucci",1,17,3,1,"abdominalno","abdomippuccino"
873,"duct","duct-last_blank","last_blank",2,1,"cvet-last_blank","cvet",1,0,0,1,"abduct","abcvet"
766,"sur","sur-dno","dno",3,1,"ugle-dno","ugle",1,0,1,1,"absurdno","abugledno"
204,"first_blank","first_blank-adre","adre",3,5,"first_blank-opor","opor",5,0,0,1,"adrenalin","opornalin"
551,"first_blank","first_blank-agen","agen",3,18,"first_blank-trav","trav",18,0,0,1,"agencija","travcija"
784,"raj","raj-te","te",5,30,"marquet-te","marquet",1,29,4,1,"aktivirajte","aktivimarquette"
500,"al","al-ar","ar",1,1,"al-om","om",1,0,0,1,"alarm","alomm"
388,"ali","ali-bi","bi",2,4,"rod-bi","rod",4,0,0,1,"alibi","rodbi"
872,"first_blank","first_blank-ali","ali",2,33,"first_blank-vne","vne",33,0,0,1,"alien","vneen"
302,"ley","ley-last_blank","last_blank",2,44,"šim-last_blank","šim",44,0,0,1,"alley","alšim"
61,"pha","pha-last_blank","last_blank",2,5,"ann-last_blank","ann",5,0,0,1,"alpha","alann"
2,"first_blank","first_blank-ame","ame",3,44,"first_blank-ogro","ogro",44,0,1,1,"amerika","ogrorika"
27,"first_blank","first_blank-ana","ana",3,54,"first_blank-stro","stro",53,1,1,1,"analiza","stroliza"
200,"first_blank","first_blank-apart","apart",2,6,"first_blank-oprav","oprav",6,0,0,1,"apartma","opravma"
266,"first_blank","first_blank-are","are",4,34,"first_blank-oblju","oblju",36,2,2,1,"aretirati","obljutirati"
226,"tekt","tekt-last_blank","last_blank",3,1,"pids-last_blank","pids",1,0,0,1,"arhitekt","arhipids"
21,"mory","mory-last_blank","last_blank",2,1,"soft-last_blank","soft",1,0,0,1,"armory","arsoft"
438,"gan","gan-ce","ce",3,2,"dnji-ce","dnji",2,0,1,1,"arogance","arodnjice"
907,"ar","ar-te","te",4,13,"vzcve-te","vzcve",1,12,3,1,"arterija","vzcveterija"
295,"first_blank","first_blank-ar","ar",5,197,"blackbri-ar","blackbri",1,196,3,5,"artilerija","blackbriartilerija"
516,"tic","tic-last_blank","last_blank",2,8,"sco-last_blank","sco",8,0,0,1,"atlantic","atlansco"
491,"first_blank","first_blank-at","at",4,34,"first_blank-oblju","oblju",36,2,3,1,"atmosfera","obljumosfera"
928,"first_blank","first_blank-av","av",2,171,"first_blank-ple","ple",160,11,1,1,"avto","pleto"
922,"to","to-bus","bus",3,1,"to-žnic","žnic",1,0,1,1,"avtobus","avtožnic"
75,"ce","ce-sta","sta",4,3,"ce-pljen","pljen",2,1,2,1,"avtocesta","avtocepljen"
99,"bi","bi-ca","ca",3,13,"bi-stve","stve",6,7,2,1,"babica","babistve"
507,"ba","ba-nd","nd",1,1,"ba-če","če",1,0,0,1,"band","bače"
88,"ba","ba-r","r",1,2,"lo-r","lo",2,0,0,1,"bar","lor"
786,"ball","ball-last_blank","last_blank",3,6,"šnim-last_blank","šnim",6,0,0,1,"baseball","basešnim"
694,"ljon","ljon-last_blank","last_blank",3,4,"chie-last_blank","chie",4,0,0,1,"bataljon","batachie"
807,"first_blank","first_blank-bat","bat",2,8,"first_blank-evo","evo",8,0,0,1,"batman","evoman"
20,"eld","eld-last_blank","last_blank",4,27,"stvom-last_blank","stvom",27,0,2,1,"battlefield","battlefistvom"
450,"ber","ber-ka","ka",2,1,"gon-ka","gon",1,0,0,1,"berka","gonka"
15,"be","be-s","s",1,1,"wl-s","wl",1,0,0,1,"bes","wls"
267,"gi","gi-ja","ja",5,30,"ustvar-ja","ustvar",15,15,4,1,"biologija","bioloustvarja"
268,"lo","lo-ški","ški",4,11,"lo-mljen","mljen",2,9,2,1,"biološki","biolomljen"
596,"tje","tje-last_blank","last_blank",2,63,"dal-last_blank","dal",63,0,0,1,"bitje","bidal"
927,"first_blank","first_blank-bit","bit",2,7,"first_blank-zbr","zbr",7,0,0,1,"bitka","zbrka"
852,"ga","ga-stvo","stvo",3,1,"ga-njan","njan",1,0,0,1,"bogastvo","boganjan"
50,"bo","bo-j","j",1,1,"al-j","al",1,0,0,1,"boj","alj"
51,"lan","lan-last_blank","last_blank",2,30,"ney-last_blank","ney",30,0,0,1,"bolan","boney"
863,"či","či-na","na",4,23,"obrav-na","obrav",17,6,3,1,"bolečina","boleobravna"
165,"le","le-zen","zen",3,3,"le-njav","njav",3,0,1,1,"bolezen","bolenjav"
744,"baž","baž-last_blank","last_blank",2,1,"aua-last_blank","aua",1,0,0,1,"bombaž","bomaua"
44,"bo","bo-ok","ok",2,2,"bo-dne","dne",2,0,1,1,"book","bodne"
669,"rec","rec-last_blank","last_blank",2,23,"čar-last_blank","čar",23,0,0,1,"borec","bočar"
942,"ston","ston-last_blank","last_blank",2,18,"tost-last_blank","tost",18,0,0,1,"boston","botost"
49,"žan","žan-ska","ska",3,1,"skop-ska","skop",1,0,1,1,"božanska","boskopska"
791,"br","br-a","a",1,1,"ey-a","ey",1,0,0,1,"bra","eya"
322,"first_blank","first_blank-bra","bra",2,130,"first_blank-upo","upo",129,1,0,1,"brada","upoda"
960,"bra","bra-ni","ni",3,15,"velj-ni","velj",15,0,1,1,"braniti","veljniti"
738,"br","br-at","at",1,1,"hy-at","hy",1,0,0,1,"brat","hyat"
697,"bra","bra-tra","tra",3,1,"elek-tra","elek",1,0,1,1,"bratranec","elektranec"
541,"bra","bra-ve","ve",2,1,"sil-ve","sil",1,0,0,1,"brave","silve"
821,"first_blank","first_blank-braz","braz",4,9,"first_blank-vpliv","vpliv",9,0,1,1,"brazgotina","vplivgotina"
437,"osti","osti-last_blank","last_blank",5,1,"chmond-last_blank","chmond",1,0,2,1,"brez vrednosti","brez vrednchmond"
742,"ght","ght-last_blank","last_blank",2,24,"dor-last_blank","dor",24,0,0,1,"bright","bridor"
472,"bri","bri-sa","sa",3,34,"uspo-sa","uspo",5,29,1,1,"brisačo","usposačo"
214,"zga","zga-last_blank","last_blank",2,4,"hle-last_blank","hle",4,0,0,1,"brizga","brihle"
726,"first_blank","first_blank-bru","bru",3,60,"first_blank-ogla","ogla",50,10,1,1,"bruise","oglaise"
65,"first_blank","first_blank-bul","bul",2,14,"first_blank-ogo","ogo",14,0,0,1,"bullet","ogolet"
24,"bu","bu-tt","tt",1,1,"bu-na","na",1,0,0,1,"butt","buna"
973,"by","by-e","e",1,1,"tu-e","tu",1,0,0,1,"bye","tue"
756,"ca","ca-ke","ke",2,1,"ca-irn","irn",1,0,1,1,"cake","cairn"
468,"ca","ca-p","p",1,1,"ar-p","ar",1,0,0,1,"cap","arp"
46,"di","di-nal","nal",3,3,"di-plom","plom",3,0,1,1,"cardinal","cardiplom"
631,"ča","ča-rov","rov",4,34,"ča-stnim","stnim",2,32,2,1,"čarovnica","častnimnica"
347,"rov","rov-nik","nik",3,3,"velj-nik","velj",2,1,1,1,"čarovnik","čaveljnik"
395,"car","car-pet","pet",2,1,"car-mil","mil",1,0,0,1,"carpet","carmil"
86,"pis","pis-last_blank","last_blank",3,19,"ment-last_blank","ment",19,0,1,1,"časopis","časoment"
106,"sov","sov-nik","nik",3,1,"jajč-nik","jajč",1,0,1,1,"časovnik","čajajčnik"
656,"ča","ča-st","st",1,1,"ri-st","ri",1,0,0,1,"čast","rist"
171,"če","če-bu","bu",3,4,"če-velj","velj",4,0,2,1,"čebula","čeveljla"
932,"ce","ce-na","na",2,8,"tor-na","tor",8,0,1,1,"cena","torna"
458,"ce","ce-nim","nim",2,2,"ce-sco","sco",1,1,0,1,"cenim","cesco"
367,"first_blank","first_blank-cen","cen",4,39,"first_blank-oblju","oblju",36,3,2,1,"centimeter","obljutimeter"
18,"ce","ce-pi","pi",3,11,"stru-pi","stru",11,0,2,1,"cepivo","strupivo"
390,"bral","bral-last_blank","last_blank",3,6,"rett-last_blank","rett",6,0,0,1,"cerebral","cererett"
218,"sar","sar-last_blank","last_blank",2,14,"nij-last_blank","nij",14,0,0,1,"cesar","cenij"
854,"tr","tr-tič","tič",3,1,"tr-dnem","dnem",1,0,1,1,"četrtič","četrdnem"
578,"tr","tr-ti","ti",4,8,"objek-ti","objek",2,6,3,1,"četrtina","čeobjektina"
56,"velj","velj-last_blank","last_blank",2,4,"traj-last_blank","traj",4,0,0,1,"čevelj","četraj"
95,"ce","ce-vi","vi",2,1,"str-vi","str",1,0,1,1,"cevi","strvi"
919,"first_blank","first_blank-cham","cham",3,6,"first_blank-osmi","osmi",6,0,0,1,"champagne","osmipagne"
890,"first_blank","first_blank-che","che",2,37,"first_blank-dir","dir",37,0,0,1,"cheek","direk"
316,"first_blank","first_blank-che","che",3,37,"first_blank-ugra","ugra",37,0,1,1,"cheese","ugraese"
263,"first_blank","first_blank-chri","chri",3,26,"first_blank-učin","učin",26,0,0,1,"christian","učinstian"
110,"ci","ci-gar","gar",2,1,"ci-stu","stu",1,0,0,1,"cigar","cistu"
842,"re","re-ta","ta",4,12,"re-ynold","ynold",3,9,3,1,"cigareta","cigareynold"
400,"ni","ni-čen","čen",3,5,"ni-šnič","šnič",5,0,1,1,"ciničen","cinišnič"
988,"kus","kus-last_blank","last_blank",2,10,"lic-last_blank","lic",10,0,0,1,"cirkus","cirlic"
319,"ja","ja-last_blank","last_blank",6,1564,"ja-cquart","cquart",1,1563,4,3,"civilizacija","civilizacijacquart"
838,"sic","sic-last_blank","last_blank",2,5,"šce-last_blank","šce",5,0,0,1,"classic","clasšce"
87,"vek","vek-last_blank","last_blank",2,21,"taš-last_blank","taš",21,0,0,1,"človek","člotaš"
716,"gnac","gnac-last_blank","last_blank",2,1,"gurd-last_blank","gurd",1,0,0,1,"cognac","cogurd"
757,"first_blank","first_blank-čo","čo",4,29,"first_blank-igral","igral",30,1,3,1,"čokolada","igralkolada"
554,"ln","ln-last_blank","last_blank",1,5,"rp-last_blank","rp",5,0,0,1,"čoln","čorp"
465,"co","co-na","na",2,3,"co-ske","ske",3,0,1,1,"cona","coske"
552,"first_blank","first_blank-cor","cor",5,43,"first_blank-grayso","grayso",7,36,3,1,"corporation","graysoporation"
48,"first_blank","first_blank-corp","corp",2,1,"first_blank-tyri","tyri",1,0,0,1,"corpse","tyrise"
523,"first_blank","first_blank-cr","cr",1,55,"first_blank-sp","sp",55,0,0,1,"crazy","spazy"
826,"čr","čr-ka","ka",2,2,"zli-ka","zli",2,0,1,1,"črka","zlika"
39,"čr","čr-na","na",2,1,"pač-na","pač",1,0,1,1,"črna","pačna"
431,"dno","dno-last_blank","last_blank",2,122,"sta-last_blank","sta",122,0,0,1,"čudno","čusta"
146,"stve","stve-no","no",3,8,"všči-no","všči",8,0,0,1,"čustveno","čuvščino"
856,"cu","cu-t","t",1,1,"ih-t","ih",1,0,0,1,"cut","iht"
680,"first_blank","first_blank-cv","cv",1,8,"first_blank-ls","ls",8,0,0,1,"cvet","lset"
587,"first_blank","first_blank-da","da",1,329,"first_blank-čr","čr",104,225,0,1,"da","čr"
897,"first_blank","first_blank-dalj","dalj",2,18,"first_blank-vzle","vzle",18,0,0,1,"daljno","vzleno"
185,"da","da-ma","ma",2,12,"da-lju","lju",11,1,1,1,"dama","dalju"
288,"ri","ri-lo","lo",3,27,"ri-stič","stič",23,4,2,1,"darilo","daristič"
820,"be","be-la","la",3,14,"šlja-la","šlja",4,10,2,1,"debela","dešljala"
73,"de","de-ca","ca",3,1,"prin-ca","prin",1,0,2,1,"decade","princade"
453,"ber","ber-last_blank","last_blank",3,37,"stne-last_blank","stne",37,0,1,1,"december","decemstne"
5,"nost","nost-last_blank","last_blank",3,217,"skih-last_blank","skih",171,46,0,1,"dejavnost","dejavskih"
155,"kle","kle-ta","ta",3,4,"zrih-ta","zrih",4,0,1,1,"dekleta","dezrihta"
156,"la","la-vec","vec",3,4,"la-stno","stno",4,0,1,1,"delavec","delastno"
358,"del","del-ce","ce",2,1,"pli-ce","pli",1,0,0,1,"delce","plice"
239,"de","de-lo","lo",2,66,"de-tek","tek",23,43,1,1,"delo","detek"
496,"lu","lu-joč","joč",3,1,"lu-škan","škan",1,0,1,1,"delujoč","deluškan"
812,"first_blank","first_blank-de","de",5,909,"first_blank-ustvar","ustvar",33,876,4,1,"demokracijo","ustvarmokracijo"
667,"ci","ci-ja","ja",5,172,"ustvar-ja","ustvar",15,157,4,1,"demonstracija","demonstraustvarja"
68,"nar","nar-last_blank","last_blank",2,32,"sil-last_blank","sil",32,0,0,1,"denar","desil"
981,"nar","nar-ni","ni",4,14,"ključ-ni","ključ",7,7,2,1,"denarnica","deključnica"
800,"de","de-pre","pre",4,15,"de-smond","smond",1,14,2,1,"depresija","desmondsija"
887,"sti","sti-ny","ny",3,1,"ypen-ny","ypen",1,0,1,1,"destiny","deypenny"
3,"tiv","tiv-last_blank","last_blank",3,8,"mann-last_blank","mann",8,0,1,1,"detektiv","detekmann"
862,"di","di-e","e",1,22,"iz-e","iz",10,12,0,1,"die","ize"
533,"di","di-ng","ng",1,1,"di-ge","ge",1,0,0,1,"ding","dige"
111,"mant","mant-last_blank","last_blank",3,4,"cock-last_blank","cock",4,0,0,1,"diplomant","diplocock"
662,"first_blank","first_blank-di","di",5,426,"first_blank-ustvar","ustvar",33,393,4,1,"direktorica","ustvarrektorica"
563,"si","si-ja","ja",5,30,"luther-ja","luther",1,29,4,1,"diskusija","diskulutherja"
92,"trict","trict-last_blank","last_blank",3,1,"fling-last_blank","fling",1,0,0,1,"district","disfling"
152,"si","si-on","on",4,6,"racco-on","racco",1,5,3,1,"division","diviraccoon"
351,"do","do-last_blank","last_blank",1,210,"ff-last_blank","ff",30,180,0,1,"do","ff"
120,"da","da-tno","tno",3,2,"da-njim","njim",2,0,1,1,"dodatno","dodanjim"
567,"do","do-ga","ga",3,15,"do-stoj","stoj",13,2,2,1,"dogaja","dostojja"
566,"go","go-dek","dek",3,1,"go-stom","stom",1,0,1,1,"dogodek","dogostom"
117,"dek","dek-last_blank","last_blank",3,33,"vost-last_blank","vost",33,0,1,1,"dohodek","dohovost"
121,"do","do-kaz","kaz",2,1,"do-nov","nov",1,0,0,1,"dokaz","donov"
353,"ku","ku-ment","ment",3,1,"ku-stos","stos",1,0,0,1,"dokument","dokustos"
169,"lar","lar-last_blank","last_blank",2,13,"des-last_blank","des",13,0,0,1,"dolar","dodes"
306,"dol","dol-ga","ga",2,2,"chi-ga","chi",2,0,0,1,"dolga","chiga"
671,"do","do-li","li",3,8,"do-jenč","jenč",9,1,2,1,"dolina","dojenčna"
911,"first_blank","first_blank-dol","dol",3,106,"first_blank-brez","brez",105,1,1,1,"dolžina","brezžina"
474,"žnost","žnost-last_blank","last_blank",2,21,"stnih-last_blank","stnih",21,0,0,3,"dolžnost","dolstnih"
119,"do","do-na","na",4,26,"obrav-na","obrav",17,9,3,1,"donacija","obravnacija"
585,"stvo","stvo-last_blank","last_blank",4,100,"vljen-last_blank","vljen",44,56,1,1,"dostojanstvo","dostojanvljen"
129,"volj","volj-last_blank","last_blank",2,1,"kall-last_blank","kall",1,0,0,1,"dovolj","dokall"
108,"gulj","gulj-last_blank","last_blank",2,2,"škaj-last_blank","škaj",2,0,0,1,"dragulj","draškaj"
519,"aw","aw-last_blank","last_blank",1,3,"fy-last_blank","fy",3,0,0,1,"draw","drfy"
449,"first_blank","first_blank-dre","dre",2,62,"first_blank-ugo","ugo",62,0,0,1,"dream","ugoam"
63,"dre","dre-vo","vo",2,1,"plo-vo","plo",1,0,0,1,"drevo","plovo"
555,"ga","ga-čen","čen",3,1,"ga-stva","stva",1,0,1,1,"drugačen","drugastva"
277,"dru","dru-ži","ži",3,35,"osve-ži","osve",9,26,1,1,"družina","osvežina"
158,"ža","ža-va","va",3,12,"dlji-va","dlji",12,0,2,1,"država","drdljiva"
184,"du","du-ck","ck",1,2,"du-nu","nu",2,0,0,1,"duck","dunu"
382,"hov","hov-nik","nik",3,1,"zrač-nik","zrač",1,0,1,1,"duhovnik","duzračnik"
718,"du","du-sty","sty",2,1,"du-jec","jec",1,0,0,1,"dusty","dujec"
672,"first_blank","first_blank-dyna","dyna",3,1,"first_blank-crat","crat",1,0,0,1,"dynamite","cratmite"
951,"first_blank","first_blank-ea","ea",1,20,"first_blank-af","af",20,0,0,1,"east","afst"
429,"first_blank","first_blank-ea","ea",2,20,"first_blank-piz","piz",20,0,1,1,"easy","pizsy"
597,"first_blank","first_blank-edin","edin",2,16,"first_blank-zdro","zdro",16,0,0,1,"edinstven","zdrostven"
333,"first_blank","first_blank-eki","eki",2,11,"first_blank-pin","pin",11,0,0,1,"ekipa","pinpa"
232,"di","di-ra","ra",4,56,"di-vščin","vščin",1,55,3,1,"eksplodira","eksplodivščin"
609,"splo","splo-zi","zi",4,13,"abruz-zi","abruz",1,12,1,1,"eksplozije","ekabruzzije"
54,"ziv","ziv-no","no",4,6,"astro-no","astro",5,1,2,1,"eksplozivno","eksploastrono"
381,"gan","gan-ten","ten",3,2,"spre-ten","spre",2,0,1,1,"eleganten","elespreten"
348,"tric","tric-last_blank","last_blank",3,1,"soft-last_blank","soft",1,0,0,1,"elektric","eleksoft"
844,"tri","tri-ka","ka",4,3,"zmanj-ka","zmanj",3,0,2,1,"elektrika","elekzmanjka"
154,"first_blank","first_blank-ele","ele",2,75,"first_blank-sti","sti",75,0,0,1,"element","stiment"
150,"pi","pi-re","re",3,4,"pi-ščal","ščal",4,0,2,1,"empire","empiščal"
613,"first_blank","first_blank-ener","ener",3,25,"first_blank-zgle","zgle",25,0,0,1,"energija","zglegija"
638,"sta","sta-vo","vo",3,9,"člji-vo","člji",9,0,1,1,"enostavo","enočljivo"
369,"ne","ne-ur","ur",5,4,"ne-džment","džment",1,3,4,1,"entrepreneur","entreprenedžment"
318,"first_blank","first_blank-epi","epi",4,22,"first_blank-astro","astro",22,0,2,1,"epidemija","astrodemija"
736,"first_blank","first_blank-epi","epi",4,22,"first_blank-astro","astro",22,0,2,1,"epizoda","astrozoda"
505,"first_blank","first_blank-erek","erek",3,3,"first_blank-omar","omar",3,0,0,1,"erekcijo","omarcijo"
498,"pr","pr-es","es",1,5,"pr-še","še",5,0,0,1,"express","expršes"
349,"ks","ks-last_blank","last_blank",1,21,"ij-last_blank","ij",21,0,0,1,"faks","faij"
328,"first_blank","first_blank-fal","fal",2,10,"first_blank-deč","deč",10,0,0,1,"false","dečse"
102,"nt","nt-last_blank","last_blank",1,25,"ek-last_blank","ek",25,0,0,1,"fant","faek"
97,"ta","ta-stič","stič",4,6,"ta-knjen","knjen",4,2,1,1,"fantastično","fantaknjenno"
690,"first_blank","first_blank-fan","fan",3,68,"first_blank-skri","skri",63,5,1,1,"fantasy","skritasy"
284,"first_blank","first_blank-fe","fe",5,102,"first_blank-ustvar","ustvar",33,69,4,1,"federacija","ustvarderacija"
261,"sti","sti-val","val",3,1,"obar-val","obar",1,0,1,1,"festival","feobarval"
592,"lm","lm-last_blank","last_blank",1,3,"fy-last_blank","fy",3,0,0,1,"film","fify"
34,"al","al-last_blank","last_blank",4,49,"al-buquerque","buquerque",3,46,1,6,"financial","financialbuquerque"
163,"nje","nje-last_blank","last_blank",5,1087,"stwood-last_blank","stwood",3,1084,3,1,"financiranje","financirastwood"
292,"ni","ni-sh","sh",3,1,"ni-ffer","ffer",1,0,2,1,"finish","finiffer"
779,"zič","zič-no","no",3,3,"ljav-no","ljav",3,0,1,1,"fizično","filjavno"
422,"flo","flo-ta","ta",2,1,"šte-ta","šte",1,0,0,1,"flota","šteta"
825,"first_blank","first_blank-flu","flu",2,2,"first_blank-kdo","kdo",2,0,0,1,"fluid","kdoid"
979,"first_blank","first_blank-fl","fl",1,25,"first_blank-up","up",25,0,0,1,"fly","upy"
762,"first_blank","first_blank-fo","fo",2,146,"first_blank-bri","bri",140,6,1,1,"foto","brito"
29,"graf","graf-last_blank","last_blank",3,5,"cent-last_blank","cent",5,0,0,1,"fotograf","fotocent"
16,"first_blank","first_blank-fran","fran",3,85,"first_blank-usta","usta",81,4,0,1,"francozi","ustacozi"
818,"first_blank","first_blank-fre","fre",3,45,"first_blank-obli","obli",45,0,1,1,"freeze","oblieze"
879,"ksi","ksi-ja","ja",4,2,"ricky-ja","ricky",1,1,2,1,"galaksija","galarickyja"
103,"ra","ra-ža","ža",3,13,"ra-stli","stli",12,1,2,1,"garaža","garastli"
332,"ga","ga-y","y",1,1,"wd-y","wd",1,0,0,1,"gay","wdy"
280,"slo","slo-last_blank","last_blank",2,25,"šne-last_blank","šne",25,0,0,1,"geslo","gešne"
237,"glas","glas-ba","ba",2,1,"agra-ba","agra",1,0,0,1,"glasba","agraba"
747,"first_blank","first_blank-glas","glas",3,22,"first_blank-stru","stru",22,0,0,1,"glasbenik","strubenik"
905,"suj","suj-last_blank","last_blank",2,3,"vru-last_blank","vru",3,0,0,1,"glasuj","glavru"
275,"first_blank","first_blank-gle","gle",4,55,"first_blank-zmanj","zmanj",34,21,2,1,"gledališče","zmanjdališče"
420,"bal","bal-last_blank","last_blank",2,20,"ksa-last_blank","ksa",20,0,0,1,"global","gloksa"
761,"uh","uh-last_blank","last_blank",1,7,"ob-last_blank","ob",7,0,0,1,"gluh","glob"
959,"lju","lju-fi","fi",4,8,"astro-fi","astro",3,5,2,1,"goljufije","goastrofije"
122,"go","go-r","r",1,1,"ei-r","ei",1,0,0,1,"gor","eir"
497,"go","go-ri","ri",3,22,"stva-ri","stva",8,14,2,1,"gorila","stvarila"
172,"ri","ri-vo","vo",3,1,"ri-ščaj","ščaj",1,0,2,1,"gorivo","goriščaj"
562,"ri","ri-ti","ti",4,77,"atlan-ti","atlan",10,67,3,1,"govoriti","govoatlanti"
243,"zd","zd-last_blank","last_blank",1,3,"kl-last_blank","kl",3,0,0,1,"gozd","gokl"
521,"gr","gr-ad","ad",1,1,"ne-ad","ne",1,0,0,1,"grad","nead"
189,"gra","gra-di","di",3,27,"splo-di","splo",8,19,1,1,"graditi","sploditi"
273,"gr","gr-am","am",1,2,"gr-in","in",2,0,0,1,"gram","grin"
113,"gr","gr-da","da",2,1,"sel-da","sel",1,0,1,1,"grda","selda"
713,"gr","gr-k","k",1,1,"et-k","et",1,0,0,1,"grk","etk"
334,"me","me-nje","nje",3,31,"me-stni","stni",12,19,1,1,"grmenje","grmestni"
36,"fic","fic-last_blank","last_blank",2,1,"brn-last_blank","brn",1,0,0,1,"grofic","grobrn"
796,"zlji","zlji-vo","vo",3,3,"spre-vo","spre",3,0,0,1,"grozljivo","grosprevo"
193,"gro","gro-zno","zno",2,1,"pul-zno","pul",1,0,0,1,"grozno","pulzno"
278,"i","i-tar","tar",3,1,"i-gric","gric",1,0,1,1,"guitar","guigric"
216,"ja","ja-last_blank","last_blank",6,1564,"ja-cquart","cquart",1,1563,4,3,"halucinacija","halucinacijacquart"
725,"first_blank","first_blank-ham","ham",3,18,"first_blank-agen","agen",18,0,1,1,"hamburger","agenburger"
794,"first_blank","first_blank-ham","ham",2,18,"first_blank-bun","bun",18,0,0,1,"hammer","bunmer"
681,"har","har-mo","mo",4,11,"oglej-mo","oglej",1,10,2,1,"harmonija","oglejmonija"
466,"al","al-last_blank","last_blank",2,49,"rov-last_blank","rov",49,0,1,1,"heal","herov"
10,"kop","kop-ter","ter",4,9,"splin-ter","splin",1,8,2,1,"helikopter","helisplinter"
676,"he","he-ll","ll",1,1,"he-yd","yd",1,0,0,1,"hell","heyd"
281,"ro","ro-in","in",3,2,"ro-stjo","stjo",2,0,2,1,"heroin","herostjo"
446,"gh","gh-last_blank","last_blank",2,26,"way-last_blank","way",26,0,1,1,"high","hiway"
546,"tro","tro-last_blank","last_blank",2,16,"reš-last_blank","reš",16,0,0,1,"hitro","hireš"
683,"trost","trost-last_blank","last_blank",2,1,"tlett-last_blank","tlett",1,0,0,1,"hitrost","hitlett"
4,"hi","hi-v","v",1,1,"ra-v","ra",1,0,0,1,"hiv","rav"
934,"first_blank","first_blank-hla","hla",2,48,"first_blank-ber","ber",48,0,0,1,"hladno","berdno"
717,"ho","ho-je","je",2,2,"zne-je","zne",2,0,1,1,"hoje","zneje"
202,"first_blank","first_blank-hra","hra",3,42,"first_blank-klju","klju",42,0,1,1,"hraniti","kljuniti"
14,"dič","dič-last_blank","last_blank",2,5,"pje-last_blank","pje",5,0,0,1,"hudič","hupje"
210,"first_blank","first_blank-hva","hva",2,26,"first_blank-pti","pti",26,0,0,1,"hvala","ptila"
187,"le","le-žnost","žnost",3,1,"le-stown","stown",1,0,0,1,"hvaležnost","hvalestown"
215,"first_blank","first_blank-ig","ig",1,30,"first_blank-zu","zu",30,0,0,1,"igra","zura"
345,"igra","igra-če","če",2,1,"plja-če","plja",1,0,0,1,"igrače","pljače"
30,"first_blank","first_blank-igra","igra",2,24,"first_blank-spla","spla",24,0,0,1,"igralec","splalec"
323,"press","press-last_blank","last_blank",2,1,"ggers-last_blank","ggers",1,0,0,1,"impress","imggers"
593,"form","form-last_blank","last_blank",2,3,"drov-last_blank","drov",3,0,0,1,"inform","indrov"
549,"in","in-for","for",5,19,"in-stinkt","stinkt",1,18,3,1,"informacije","instinktmacije"
920,"ma","ma-tor","tor",4,4,"ma-knjen","knjen",2,2,2,1,"informator","informaknjen"
476,"first_blank","first_blank-injec","injec",3,1,"first_blank-othel","othel",1,0,0,1,"injection","otheltion"
628,"špek","špek-ci","ci",4,3,"dljiv-ci","dljiv",2,1,1,1,"inšpekcija","indljivcija"
508,"ment","ment-last_blank","last_blank",3,19,"šnjo-last_blank","šnjo",19,0,0,1,"instrument","instrušnjo"
764,"tno","tno-last_blank","last_blank",5,174,"dricks-last_blank","dricks",2,172,3,1,"inteligentno","inteligendricks"
510,"ti","ti-ma","ma",4,8,"apart-ma","apart",6,2,3,1,"intimate","inapartmate"
397,"in","in-tu","tu",5,8,"becket-tu","becket",1,7,4,1,"intuition","beckettuition"
162,"ve","ve-sti","sti",5,47,"ve-rovzho","rovzho",5,42,3,1,"investirajte","inverovzhorajte"
35,"sti","sti-tor","tor",4,6,"sti-snjen","snjen",1,5,2,1,"investitor","investisnjen"
228,"first_blank","first_blank-iro","iro",3,6,"first_blank-maxi","maxi",6,0,1,1,"ironična","maxinična"
230,"be","be-ri","ri",4,20,"ustva-ri","ustva",11,9,3,1,"izberite","izustvarite"
782,"iz","iz-bolj","bolj",4,27,"iz-strel","strel",6,21,1,1,"izboljšava","izstrelšava"
785,"ja","ja-lec","lec",4,18,"ja-znost","znost",1,17,2,1,"izdajalec","izdajaznost"
59,"de","de-lek","lek",3,4,"de-skar","skar",4,0,1,1,"izdelek","izdeskar"
768,"tje","tje-last_blank","last_blank",4,63,"dnost-last_blank","dnost",24,39,2,1,"izginotje","izginodnost"
701,"iz","iz-id","id",2,1,"blo-id","blo",1,0,1,1,"izid","bloid"
286,"iz","iz-ja","ja",3,16,"tvar-ja","tvar",13,3,2,1,"izjava","tvarjava"
234,"je","je-mno","mno",3,5,"je-vski","vski",5,0,1,1,"izjemno","izjevski"
971,"nje","nje-last_blank","last_blank",6,1087,"trazvok-last_blank","trazvok",1,1086,4,1,"izobraževanje","izobraževatrazvok"
91,"naj","naj-te","te",5,12,"prezri-te","prezri",1,11,3,1,"izračunajte","izračuprezrite"
553,"si","si-lje","lje",5,29,"si-xsmith","xsmith",1,28,3,1,"izsiljevanje","izsixsmithvanje"
460,"ved","ved-ba","ba",3,1,"okuž-ba","okuž",1,0,1,1,"izvedba","izokužba"
512,"ziv","ziv-last_blank","last_blank",2,6,"vra-last_blank","vra",6,0,0,1,"izziv","izvra"
898,"first_blank","first_blank-ja","ja",1,419,"first_blank-čr","čr",104,315,0,1,"ja","čr"
33,"ja","ja-go","go",3,12,"spre-go","spre",12,0,2,1,"jagoda","spregoda"
182,"first_blank","first_blank-jaj","jaj",2,12,"first_blank-sno","sno",12,0,0,1,"jajce","snoce"
350,"kna","kna-last_blank","last_blank",2,3,"cai-last_blank","cai",3,0,0,1,"jakna","jacai"
866,"stog","stog-last_blank","last_blank",2,1,"vžig-last_blank","vžig",1,0,0,1,"jastog","javžig"
26,"dry","dry-last_blank","last_blank",2,1,"huo-last_blank","huo",1,0,0,1,"jedry","jehuo"
43,"klo","klo-last_blank","last_blank",2,25,"sha-last_blank","sha",25,0,0,1,"jeklo","jesha"
581,"sen","sen-last_blank","last_blank",2,63,"dal-last_blank","dal",63,0,0,1,"jesen","jedal"
159,"je","je-sti","sti",2,3,"je-dav","dav",3,0,0,1,"jesti","jedav"
271,"je","je-tra","tra",2,1,"je-vit","vit",1,0,0,1,"jetra","jevit"
338,"je","je-zen","zen",2,1,"je-vit","vit",1,0,0,1,"jezen","jevit"
696,"ze","ze-ro","ro",3,2,"ze-mlju","mlju",2,0,2,1,"jezero","jezemlju"
714,"et","et-last_blank","last_blank",3,32,"snih-last_blank","snih",32,0,2,1,"juliet","julisnih"
244,"lij","lij-last_blank","last_blank",2,20,"kle-last_blank","kle",20,0,0,1,"julij","jukle"
941,"ju","ju-mp","mp",1,1,"ju-il","il",1,0,0,1,"jump","juil"
283,"ko","ko-vost","vost",3,1,"ko-stim","stim",1,0,0,1,"kakovost","kakostim"
708,"ka","ka-men","men",2,2,"ka-njo","njo",2,0,0,1,"kamen","kanjo"
532,"first_blank","first_blank-kam","kam",4,26,"first_blank-strel","strel",22,4,2,1,"kampiranje","strelpiranje"
74,"ka","ka-pe","pe",3,15,"stru-pe","stru",9,6,2,1,"kapela","strupela"
12,"zem","zem-last_blank","last_blank",5,38,"stnost-last_blank","stnost",4,34,3,1,"kapitalizem","kapitalistnost"
611,"tan","tan-last_blank","last_blank",3,22,"ljev-last_blank","ljev",22,0,1,1,"kapitan","kapiljev"
346,"kar","kar-tel","tel",2,1,"dle-tel","dle",1,0,0,1,"kartel","dletel"
568,"ka","ka-va","va",2,35,"nje-va","nje",33,2,1,1,"kava","njeva"
710,"boj","boj-last_blank","last_blank",2,11,"zla-last_blank","zla",11,0,0,1,"kavboj","kavzla"
443,"first_blank","first_blank-kd","kd",1,5,"first_blank-ef","ef",5,0,0,1,"kdaj","efaj"
780,"ki","ki-p","p",1,1,"ol-p","ol",1,0,0,1,"kip","olp"
996,"sik","sik-last_blank","last_blank",2,2,"art-last_blank","art",2,0,0,1,"kisik","kiart"
53,"kli","kli-ni","ni",3,7,"spal-ni","spal",7,0,1,1,"klinika","spalnika"
70,"buk","buk-last_blank","last_blank",2,2,"znu-last_blank","znu",2,0,0,1,"klobuk","kloznu"
677,"le","le-na","na",3,21,"stič-na","stič",20,1,2,1,"kolena","kostična"
849,"kom","kom-bi","bi",2,15,"sta-bi","sta",15,0,0,1,"kombi","stabi"
134,"ko","ko-me","me",4,13,"sprej-me","sprej",6,7,3,1,"komedija","sprejmedija"
221,"sar","sar-last_blank","last_blank",3,14,"žnem-last_blank","žnem",14,0,1,1,"komisar","komižnem"
668,"mi","mi-te","te",3,34,"mi-šlja","šlja",34,0,2,1,"komite","komišlja"
424,"ja","ja-last_blank","last_blank",6,1564,"ja-cquart","cquart",1,1563,4,3,"komunikacija","komunikacijacquart"
679,"nist","nist-last_blank","last_blank",3,10,"stan-last_blank","stan",10,0,0,1,"komunist","komustan"
847,"cert","cert-last_blank","last_blank",2,1,"yard-last_blank","yard",1,0,0,1,"koncert","konyard"
124,"ko","ko-nj","nj",1,1,"ko-dr","dr",1,0,0,1,"konj","kodr"
868,"pal","pal-ni","ni",4,8,"stroj-ni","stroj",7,1,2,1,"kopalnica","kostrojnica"
506,"ko","ko-pi","pi",4,41,"ko-strel","strel",4,37,3,1,"kopirati","kostrelrati"
140,"ko","ko-s","s",1,1,"ya-s","ya",1,0,0,1,"kos","yas"
643,"ko","ko-si","si",3,21,"ko-plje","plje",19,2,2,1,"kosilo","kopljelo"
6,"kov","kov-ček","ček",2,1,"rir-ček","rir",1,0,0,1,"kovček","rirček"
227,"vi","vi-na","na",3,34,"blje-na","blje",29,5,2,1,"kovina","kobljena"
673,"first_blank","first_blank-kr","kr",1,194,"first_blank-lu","lu",194,0,0,1,"kralj","lualj"
715,"lje","lje-stvo","stvo",3,1,"lje-nost","nost",1,0,0,1,"kraljestvo","kraljenost"
917,"kra","kra-va","va",3,9,"mlji-va","mlji",9,0,1,1,"kravata","mljivata"
835,"na","na-lec","lec",4,2,"na-shvil","shvil",2,0,2,1,"kriminalec","kriminashvil"
427,"iv","iv-last_blank","last_blank",1,9,"az-last_blank","az",9,0,0,1,"kriv","kraz"
749,"kri","kri-za","za",2,1,"che-za","che",1,0,0,1,"kriza","cheza"
62,"first_blank","first_blank-kr","kr",1,194,"first_blank-lu","lu",194,0,0,1,"krut","luut"
993,"first_blank","first_blank-kru","kru",2,25,"first_blank-oto","oto",25,0,0,1,"krutost","ototost"
90,"har","har-last_blank","last_blank",2,5,"cje-last_blank","cje",5,0,0,1,"kuhar","kucje"
846,"ku","ku-l","l",1,1,"ah-l","ah",1,0,0,1,"kul","ahl"
659,"ku","ku-pec","pec",2,1,"ku-sna","sna",1,0,0,1,"kupec","kusna"
895,"la","la-čen","čen",2,1,"la-fle","fle",1,0,0,1,"lačen","lafle"
595,"first_blank","first_blank-lad","lad",2,16,"first_blank-što","što",16,0,0,1,"ladje","štoje"
324,"stnik","stnik-last_blank","last_blank",2,13,"dljiv-last_blank","dljiv",13,0,0,2,"lastnik","ladljiv"
326,"vec","vec-last_blank","last_blank",3,72,"stva-last_blank","stva",72,0,1,1,"lažnivec","lažnistva"
85,"a","a-der","der",3,3,"a-tral","tral",2,1,1,1,"leader","leatral"
373,"gen","gen-da","da",3,2,"char-da","char",2,0,1,1,"legenda","lecharda"
330,"po","po-last_blank","last_blank",2,46,"ben-last_blank","ben",46,0,1,1,"lepo","leben"
66,"po","po-ta","ta",3,32,"po-memb","memb",43,11,2,1,"lepota","lepomemb"
653,"le","le-t","t",1,4,"in-t","in",4,0,0,1,"let","int"
831,"li","li-šče","šče",4,23,"li-dnost","dnost",1,22,2,1,"letališče","letalidnost"
620,"le","le-vo","vo",2,1,"le-piš","piš",1,0,1,1,"levo","lepiš"
298,"ra","ra-len","len",4,3,"ra-dford","dford",1,2,2,1,"liberalen","liberadford"
828,"ght","ght-last_blank","last_blank",2,24,"šči-last_blank","šči",24,0,0,1,"light","lišči"
816,"li","li-mu","mu",4,6,"li-kšnem","kšnem",2,4,3,1,"limuzina","likšnemzina"
370,"li","li-ng","ng",1,1,"li-šu","šu",1,0,0,1,"ling","lišu"
133,"li","li-on","on",2,3,"li-tik","tik",3,0,1,1,"lion","litik"
878,"ra","ra-tu","tu",5,15,"becket-tu","becket",1,14,4,1,"literatura","litebeckettura"
805,"za","za-nje","nje",3,10,"za-hval","hval",9,1,1,1,"lizanje","lizahval"
948,"zard","zard-last_blank","last_blank",2,3,"feld-last_blank","feld",3,0,0,1,"lizard","lifeld"
776,"zen","zen-last_blank","last_blank",3,43,"stim-last_blank","stim",43,0,1,1,"ljubezen","ljubestim"
337,"telj","telj-last_blank","last_blank",3,40,"škem-last_blank","škem",40,0,0,1,"ljubitelj","ljubiškem"
625,"dje","dje-last_blank","last_blank",2,4,"lay-last_blank","lay",4,0,0,1,"ljudje","ljulay"
301,"ba","ba-nja","nja",3,5,"ba-višč","višč",3,2,1,1,"lobanja","lobavišč"
304,"lo","lo-ka","ka",4,19,"igrač-ka","igrač",5,14,3,1,"lokacija","igračkacija"
695,"kal","kal-no","no",3,5,"ljub-no","ljub",5,0,1,1,"lokalno","loljubno"
760,"lo","lo-v","v",1,2,"ta-v","ta",1,1,0,1,"lov","tav"
331,"ve","ve-ly","ly",3,2,"ve-ščaj","ščaj",2,0,2,1,"lovely","loveščaj"
93,"knja","knja-last_blank","last_blank",2,2,"zenj-last_blank","zenj",2,0,0,1,"luknja","luzenj"
529,"first_blank","first_blank-mač","mač",2,13,"first_blank-ski","ski",13,0,0,1,"mačka","skika"
539,"zi","zi-ne","ne",4,7,"ključ-ne","ključ",6,1,3,1,"magazine","magaključne"
352,"first_blank","first_blank-majh","majh",2,10,"first_blank-znaj","znaj",10,0,0,1,"majhna","znajna"
269,"jo","jo-ne","ne",4,14,"skraj-ne","skraj",4,10,3,1,"majoneza","maskrajneza"
471,"ma","ma-ma","ma",2,3,"ma-sle","sle",3,0,1,1,"mama","masle"
396,"lat","lat-last_blank","last_blank",4,4,"vščin-last_blank","vščin",4,0,2,1,"manipulat","manipuvščin"
488,"ting","ting-last_blank","last_blank",3,10,"skom-last_blank","skom",10,0,0,1,"marketing","markeskom"
203,"ma","ma-slo","slo",2,1,"ma-dir","dir",1,0,0,1,"maslo","madir"
164,"first_blank","first_blank-ma","ma",5,1006,"stockhol-ma","stockhol",1,1005,3,4,"matematika","stockholmatematika"
861,"ljo","ljo-last_blank","last_blank",3,26,"tnim-last_blank","tnim",26,0,1,1,"medaljo","medatnim"
22,"ljon","ljon-last_blank","last_blank",3,4,"cott-last_blank","cott",4,0,0,1,"medaljon","medacott"
462,"me","me-glo","glo",2,1,"me-rad","rad",1,0,0,1,"meglo","merad"
822,"han","han-sko","sko",3,1,"azij-sko","azij",1,0,1,1,"mehansko","meazijsko"
857,"chant","chant-last_blank","last_blank",2,1,"fgang-last_blank","fgang",1,0,0,1,"merchant","merfgang"
274,"ril","ril-nik","nik",3,2,"stve-nik","stve",2,0,1,1,"merilnik","mestvenik"
811,"me","me-so","so",2,8,"me-tni","tni",8,0,1,1,"meso","metni"
180,"me","me-sto","sto",2,3,"me-lin","lin",3,0,0,1,"mesto","melin"
827,"mi","mi-cro","cro",4,1,"mi-fflin","fflin",1,0,2,1,"microcope","mifflincope"
252,"fon","fon-last_blank","last_blank",3,10,"rick-last_blank","rick",10,0,1,1,"microfon","microrick"
368,"li","li-jar","jar",4,10,"li-kšnem","kšnem",2,8,2,1,"milijarde","milikšnemde"
482,"lost","lost-last_blank","last_blank",2,9,"stit-last_blank","stit",9,0,0,1,"milost","mistit"
908,"ni","ni-ster","ster",3,9,"ni-ških","ških",11,2,0,1,"minister","miniških"
909,"str","str-stvo","stvo",4,2,"str-pnost","pnost",2,0,1,1,"ministrstvo","ministrpnost"
544,"nus","nus-last_blank","last_blank",2,10,"ple-last_blank","ple",10,0,0,1,"minus","miple"
141,"nu","nu-to","to",3,1,"kvan-to","kvan",1,0,2,1,"minuto","mikvanto"
836,"mir","mir-no","no",2,2,"gač-no","gač",2,0,0,1,"mirno","gačno"
686,"ror","ror-last_blank","last_blank",3,3,"dišč-last_blank","dišč",3,0,1,1,"mirror","mirdišč"
700,"sery","sery-last_blank","last_blank",2,1,"gest-last_blank","gest",1,0,0,1,"misery","migest"
989,"ši","ši-ce","ce",3,7,"drob-ce","drob",5,2,2,1,"mišice","midrobce"
406,"mi","mi-si","si",3,32,"mi-šlja","šlja",34,2,2,1,"misija","mišljaja"
789,"first_blank","first_blank-mlaj","mlaj",2,9,"first_blank-ugan","ugan",9,0,0,1,"mlajši","uganši"
834,"first_blank","first_blank-moč","moč",2,18,"first_blank-vdi","vdi",18,0,0,1,"močno","vdino"
706,"dra","dra-last_blank","last_blank",2,29,"češ-last_blank","češ",29,0,0,1,"modra","močeš"
986,"mo","mo-ka","ka",2,2,"tar-ka","tar",2,0,1,1,"moka","tarka"
806,"kra","kra-last_blank","last_blank",2,5,"tos-last_blank","tos",5,0,0,1,"mokra","motos"
964,"ni","ni-tor","tor",3,7,"ni-škem","škem",9,2,1,1,"monitor","moniškem"
23,"fij","fij-last_blank","last_blank",2,3,"tou-last_blank","tou",3,0,0,1,"morfij","mortou"
364,"ri","ri-lec","lec",3,7,"ri-char","char",6,1,1,1,"morilec","morichar"
355,"mor","mor-na","na",4,11,"ključ-na","ključ",3,8,2,1,"mornarica","ključnarica"
206,"mo","mo-tel","tel",2,3,"mo-čiš","čiš",3,0,0,1,"motel","močiš"
630,"ti","ti-ti","ti",3,35,"vlja-ti","vlja",35,0,2,1,"motiti","movljati"
819,"tor","tor-last_blank","last_blank",2,92,"vil-last_blank","vil",92,0,0,1,"motor","movil"
199,"ta","ta-in","in",4,4,"ta-vljal","vljal",3,1,3,1,"mountain","mountavljal"
231,"mo","mo-žnost","žnost",2,2,"mo-žganč","žganč",2,0,0,2,"možnost","možganč"
69,"first_blank","first_blank-mra","mra",2,17,"first_blank-cam","cam",17,0,0,1,"mravlja","camvlja"
987,"mr","mr-tev","tev",2,1,"mr-zne","zne",3,2,0,1,"mrtev","mrzne"
391,"če","če-nje","nje",3,35,"če-velj","velj",4,31,1,1,"mučenje","mučevelj"
272,"der","der-last_blank","last_blank",2,78,"čim-last_blank","čim",78,0,0,1,"murder","murčim"
153,"mu","mu-ta","ta",4,7,"mu-zljiv","zljiv",1,6,3,1,"mutacijo","muzljivcijo"
279,"zej","zej-last_blank","last_blank",2,3,"urt-last_blank","urt",3,0,0,1,"muzej","muurt"
412,"ošno","ošno-last_blank","last_blank",3,1,"laxy-last_blank","laxy",1,0,0,1,"na splošno","na spllaxy"
650,"nje","nje-last_blank","last_blank",5,1087,"stwood-last_blank","stwood",3,1084,3,1,"načrtovanje","načrtovastwood"
393,"ljuj","ljuj-te","te",4,2,"atlan-te","atlan",1,1,1,1,"nadaljujte","nadaatlante"
958,"stek","stek-last_blank","last_blank",4,6,"šljiv-last_blank","šljiv",6,0,1,1,"nadomestek","nadomešljiv"
178,"glas","glas-last_blank","last_blank",2,3,"wers-last_blank","wers",3,0,0,1,"naglas","nawers"
55,"gra","gra-da","da",3,8,"zvez-da","zvez",3,5,1,1,"nagrada","nazvezda"
402,"na","na-jem","jem",2,1,"na-zar","zar",1,0,0,1,"najem","nazar"
401,"lec","lec-last_blank","last_blank",6,197,"trazvok-last_blank","trazvok",1,196,4,1,"najemodajalec","najemodajatrazvok"
404,"naj","naj-stnik","stnik",2,1,"naj-strož","strož",1,0,0,1,"najstnik","najstrož"
229,"naj","naj-ti","ti",2,1,"vor-ti","vor",1,0,0,1,"najti","vorti"
371,"čje","čje-last_blank","last_blank",3,29,"knil-last_blank","knil",28,1,1,1,"največje","najveknil"
455,"ked","ked-last_blank","last_blank",2,1,"čle-last_blank","čle",1,0,0,1,"naked","načle"
407,"me","me-ra","ra",3,21,"stri-ra","stri",14,7,2,1,"namera","nastrira"
405,"mer","mer-no","no",3,12,"snič-no","snič",11,1,1,1,"namerno","nasnično"
225,"na","na-pad","pad",2,2,"na-šit","šit",2,0,0,1,"napad","našit"
997,"da","da-lec","lec",4,7,"da-gwood","gwood",1,6,2,1,"napadalec","napadagwood"
409,"pa","pa-ka","ka",3,3,"šmin-ka","šmin",3,0,2,1,"napaka","našminka"
80,"pra","pra-va","va",3,9,"mlji-va","mlji",9,0,1,1,"naprava","namljiva"
875,"či","či-lo","lo",4,48,"astro-lo","astro",2,46,3,1,"naročilo","naroastrolo"
52,"na","na-roč","roč",3,7,"na-stra","stra",7,0,1,1,"naročnik","nastranik"
217,"slov","slov-last_blank","last_blank",2,4,"klet-last_blank","klet",4,0,0,1,"naslov","naklet"
777,"spro","spro-tnik","tnik",3,1,"spro-ščam","ščam",1,0,0,1,"nasprotnik","nasproščam"
416,"spro","spro-tno","tno",3,1,"kvan-tno","kvan",1,0,0,1,"nasprotno","nakvantno"
419,"ta","ta-ka","ka",5,20,"ognjen-ka","ognjen",1,19,4,1,"natakarica","naognjenkarica"
144,"on","on-last_blank","last_blank",3,105,"skem-last_blank","skem",108,3,2,1,"nation","natiskem"
222,"dih","dih-last_blank","last_blank",2,41,"kaš-last_blank","kaš",41,0,0,1,"navdih","navkaš"
586,"du","du-šen","šen",3,7,"du-stri","stri",6,1,1,1,"navdušen","navdustri"
754,"be","be-ško","ško",3,1,"be-glih","glih",1,0,1,1,"nebeško","nebeglih"
925,"čak","čak-last_blank","last_blank",2,3,"zic-last_blank","zic",3,0,0,1,"nečak","nezic"
723,"dav","dav-no","no",3,3,"znje-no","znje",3,0,1,1,"nedavno","neznjeno"
771,"de","de-lja","lja",3,1,"de-wald","wald",1,0,1,1,"nedelja","nedewald"
616,"ga","ga-tiv","tiv",4,13,"ga-grant","grant",1,12,2,1,"negativno","negagrantno"
442,"ne","ne-kaj","kaj",2,3,"ne-sna","sna",3,0,0,1,"nekaj","nesna"
142,"ne","ne-kje","kje",2,1,"ne-ved","ved",1,0,0,1,"nekje","neved"
428,"mo","mo-čen","čen",3,5,"mo-ljub","ljub",4,1,1,1,"nemočen","nemoljub"
432,"neh","neh-no","no",3,1,"konc-no","konc",1,0,1,1,"nenehno","nekoncno"
433,"vor","vor-no","no",5,9,"grayso-no","grayso",4,5,3,1,"neodgovorno","neodgograysono"
112,"po","po-sre","sre",4,45,"po-ljubč","ljubč",4,41,2,1,"neposredno","nepoljubčdno"
426,"vi","vi-čen","čen",4,6,"vi-dnost","dnost",3,3,2,1,"nepravičen","nepravidnost"
430,"first_blank","first_blank-ne","ne",6,1675,"hawthor-ne","hawthor",1,1674,4,4,"nepričakovano","hawthornepričakovano"
436,"je","je-tno","tno",4,9,"je-mljiv","mljiv",3,6,2,1,"neprijetno","neprijemljiv"
962,"first_blank","first_blank-ner","ner",3,17,"first_blank-spol","spol",17,0,1,1,"nervozno","spolvozno"
440,"ne","ne-sre","sre",3,17,"ne-delj","delj",14,3,1,1,"nesreča","nedeljča"
399,"mno","mno-last_blank","last_blank",3,31,"njih-last_blank","njih",31,0,1,1,"neumno","neunjih"
451,"mnost","mnost-last_blank","last_blank",3,9,"snjen-last_blank","snjen",9,0,0,1,"neumnost","neusnjen"
870,"var","var-no","no",3,32,"blje-no","blje",25,7,1,1,"nevarno","nebljeno"
869,"var","var-nost","nost",3,3,"var-stve","stve",2,1,0,1,"nevarnost","nevarstve"
219,"je","je-tno","tno",4,9,"je-mljiv","mljiv",3,6,2,1,"neverjetno","neverjemljiv"
980,"ve","ve-sta","sta",3,4,"ve-denj","denj",5,1,1,1,"nevesta","nevedenj"
945,"vih","vih-ta","ta",3,2,"dran-ta","dran",2,0,1,1,"nevihta","nedranta"
363,"ne","ne-žen","žen",2,1,"ne-rys","rys",1,0,0,1,"nežen","nerys"
17,"zna","zna-no","no",3,8,"všči-no","všči",8,0,1,1,"neznano","nevščino"
441,"oče","oče-last_blank","last_blank",4,1,"vljar-last_blank","vljar",1,0,2,1,"ni mogoče","ni mogvljar"
300,"met","met-last_blank","last_blank",3,20,"šnje-last_blank","šnje",20,0,1,1,"nogomet","nogošnje"
972,"mal","mal-no","no",3,13,"snič-no","snič",11,2,1,1,"normalno","norsnično"
889,"no","no-s","s",1,1,"rt-s","rt",1,0,0,1,"nos","rts"
711,"nost","nost-last_blank","last_blank",3,217,"skih-last_blank","skih",171,46,0,1,"nosečnost","nosečskih"
998,"njost","njost-last_blank","last_blank",3,3,"fford-last_blank","fford",3,0,0,1,"notranjost","notrafford"
255,"vi","vi-ce","ce",3,33,"vi-dlji","dlji",11,22,2,1,"novice","novidlji"
698,"nar","nar-last_blank","last_blank",3,32,"ljem-last_blank","ljem",32,0,1,1,"novinar","noviljem"
360,"no","no-ž","ž",1,1,"li-ž","li",1,0,0,1,"nož","liž"
632,"first_blank","first_blank-oa","oa",2,15,"first_blank-mir","mir",15,0,1,1,"oath","mirth"
540,"oba","oba-la","la",2,1,"zne-la","zne",1,0,0,1,"obala","znela"
81,"stvo","stvo-last_blank","last_blank",3,100,"tnih-last_blank","tnih",65,35,0,1,"občinstvo","občintnih"
939,"ču","ču-tek","tek",3,1,"ču-dnih","dnih",1,0,1,1,"občutek","občudnih"
459,"ob","ob-ču","ču",4,46,"vklju-ču","vklju",5,41,3,1,"občutljivi","vključutljivi"
157,"do","do-bje","bje",3,1,"do-ping","ping",1,0,1,1,"obdobje","obdoping"
461,"čaj","čaj-no","no",3,6,"dnev-no","dnev",6,0,1,1,"običajno","obidnevno"
575,"ob","ob-jem","jem",2,3,"ob-dar","dar",3,0,0,1,"objem","obdar"
310,"oble","oble-ka","ka",2,2,"klen-ka","klen",2,0,0,1,"obleka","klenka"
236,"first_blank","first_blank-oblju","oblju",2,36,"first_blank-zmanj","zmanj",34,2,0,3,"obljuba","zmanjba"
207,"ob","ob-ro","ro",1,9,"hi-ro","hi",9,0,0,1,"obrok","hirok"
576,"seg","seg-last_blank","last_blank",2,4,"him-last_blank","him",4,0,0,1,"obseg","obhim"
655,"tož","tož-be","be",3,4,"oskr-be","oskr",4,0,1,1,"obtožbe","oboskrbe"
657,"first_blank","first_blank-očar","očar",3,10,"first_blank-palč","palč",10,0,0,1,"očarljivo","palčljivo"
359,"oč","oč-e","e",1,1,"yp-e","yp",1,0,0,1,"oče","ype"
384,"first_blank","first_blank-oce","oce",2,51,"first_blank-bli","bli",51,0,0,1,"ocean","blian"
470,"oči","oči-tno","tno",2,1,"tak-tno","tak",1,0,0,1,"očitno","taktno"
733,"daj","daj-nik","nik",3,1,"skrb-nik","skrb",1,0,1,1,"oddajnik","odskrbnik"
473,"od","od-go","go",4,53,"od-strel","strel",1,52,3,1,"odgovori","odstrelvori"
644,"hod","hod-last_blank","last_blank",2,13,"mah-last_blank","mah",13,0,0,1,"odhod","odmah"
564,"nost","nost-last_blank","last_blank",3,217,"skih-last_blank","skih",171,46,0,1,"odločnost","odločskih"
376,"od","od-nos","nos",2,1,"od-man","man",1,0,0,1,"odnos","odman"
130,"first_blank","first_blank-odo","odo",3,30,"first_blank-ukre","ukre",30,0,1,1,"odobritev","ukrebritev"
888,"ved","ved-last_blank","last_blank",3,12,"kost-last_blank","kost",12,0,1,1,"odpoved","odpokost"
242,"še","še-nik","nik",4,1,"še-mljen","mljen",1,0,2,1,"odrešenik","odrešemljen"
652,"so","so-tnost","tnost",3,2,"so-bljen","bljen",2,0,0,2,"odsotnost","odsobljen"
557,"vek","vek-last_blank","last_blank",3,21,"njaš-last_blank","njaš",21,0,1,1,"odstavek","odstanjaš"
485,"stra","stra-ni","ni",3,25,"vlje-ni","vlje",22,3,0,1,"odstrani","odvljeni"
484,"ni","ni-tev","tev",4,19,"ni-žnost","žnost",1,18,2,1,"odvrnitev","odvrnižnost"
105,"first_blank","first_blank-offi","offi",2,2,"first_blank-apri","apri",2,0,0,1,"office","aprice"
876,"ogab","ogab-no","no",2,1,"opol-no","opol",1,0,0,1,"ogabno","opolno"
984,"ogra","ogra-ja","ja",2,1,"čmar-ja","čmar",1,0,0,1,"ograja","čmarja"
703,"first_blank","first_blank-ogr","ogr",3,5,"first_blank-klet","klet",5,0,1,1,"ogrlica","kletlica"
45,"men","men-last_blank","last_blank",2,45,"žna-last_blank","žna",45,0,0,1,"ogromen","ogrožna"
489,"ohra","ohra-ni","ni",3,14,"dnev-ni","dnev",14,0,0,1,"ohranite","dnevnite"
634,"oi","oi-l","l",1,1,"ej-l","ej",1,0,0,1,"oil","ejl"
741,"ok","ok-le","le",1,1,"ok-ol","ol",1,0,0,1,"oklep","okolp"
313,"first_blank","first_blank-oko","oko",2,52,"first_blank-gri","gri",52,0,0,1,"okoli","grili"
734,"to","to-ber","ber",3,1,"to-gram","gram",1,0,1,1,"oktober","oktogram"
921,"first_blank","first_blank-okuž","okuž",2,4,"first_blank-obil","obil",4,0,0,1,"okužbe","obilbe"
309,"first_blank","first_blank-oma","oma",2,38,"first_blank-sim","sim",38,0,0,1,"omaka","simka"
250,"first_blank","first_blank-oma","oma",2,38,"first_blank-ubo","ubo",38,0,0,1,"omara","ubora"
104,"first_blank","first_blank-ope","ope",4,82,"first_blank-zmanj","zmanj",34,48,2,1,"operacija","zmanjracija"
660,"first_blank","first_blank-op","op",1,53,"first_blank-nu","nu",53,0,0,1,"opis","nuis"
289,"first_blank","first_blank-opre","opre",4,29,"first_blank-vklju","vklju",27,2,1,1,"opredelitev","vkljudelitev"
502,"opre","opre-mi","mi",3,6,"stni-mi","stni",6,0,0,1,"opremiti","stnimiti"
503,"first_blank","first_blank-opro","opro",3,23,"first_blank-plju","plju",23,0,0,1,"oprostite","pljustite"
975,"first_blank","first_blank-oran","oran",2,12,"first_blank-krom","krom",12,0,0,1,"orange","kromge"
537,"bit","bit-last_blank","last_blank",2,18,"vor-last_blank","vor",18,0,0,1,"orbit","orvor"
654,"gan","gan-last_blank","last_blank",2,50,"lim-last_blank","lim",50,0,0,1,"organ","orlim"
885,"raj","raj-te","te",6,30,"bénédic-te","bénédic",1,29,4,1,"organizirajte","organizibénédicte"
536,"first_blank","first_blank-orož","orož",2,5,"first_blank-okvi","okvi",5,0,0,1,"orožje","okvije"
721,"first_blank","first_blank-osa","osa",2,22,"first_blank-dok","dok",22,0,0,1,"osamljen","dokmljen"
994,"first_blank","first_blank-oseb","oseb",2,25,"first_blank-ener","ener",25,0,0,1,"osebnost","enernost"
166,"osre","osre-do","do",5,24,"riccar-do","riccar",1,23,2,1,"osredotočiti","riccardotočiti"
511,"osta","osta-ni","ni",3,5,"jajč-ni","jajč",5,0,0,1,"ostanite","jajčnite"
149,"mljen","mljen-ca","ca",3,1,"stvar-ca","stvar",1,0,0,2,"osumljenca","osustvarca"
810,"first_blank","first_blank-osve","osve",2,32,"first_blank-zgra","zgra",32,0,0,2,"osveži","zgraži"
31,"ot","ot-ro","ro",1,1,"ak-ro","ak",1,0,0,1,"otrok","akrok"
374,"otro","otro-štvo","štvo",2,1,"stni-štvo","stni",1,0,0,1,"otroštvo","stništvo"
843,"first_blank","first_blank-ozna","ozna",3,38,"first_blank-char","char",38,0,0,1,"označuje","charčuje"
513,"ket","ket-last_blank","last_blank",2,15,"baj-last_blank","baj",15,0,0,1,"paket","pabaj"
719,"pa","pa-lec","lec",2,2,"pa-jal","jal",2,0,0,1,"palec","pajal"
249,"lu","lu-ba","ba",3,1,"škro-ba","škro",1,0,2,1,"paluba","paškroba"
314,"žnik","žnik-last_blank","last_blank",4,15,"pljen-last_blank","pljen",15,0,1,1,"paradižnik","paradipljen"
394,"mal","mal-last_blank","last_blank",4,21,"stnih-last_blank","stnih",21,0,2,1,"paranormal","paranorstnih"
767,"fum","fum-last_blank","last_blank",2,1,"vsu-last_blank","vsu",1,0,0,1,"parfum","parvsu"
797,"trol","trol-last_blank","last_blank",2,3,"prek-last_blank","prek",3,0,0,1,"patrol","paprek"
899,"pe","pe-nis","nis",2,1,"pe-ški","ški",1,0,0,1,"penis","peški"
211,"per","per-fect","fect",2,1,"per-mint","mint",1,0,0,1,"perfect","permint"
522,"pe","pe-ro","ro",2,5,"bur-ro","bur",5,0,1,1,"pero","burro"
558,"spek","spek-ti","ti",4,3,"atlan-ti","atlan",10,7,1,1,"perspektiva","peratlantiva"
7,"pe","pe-sem","sem",2,1,"pe-čih","čih",1,0,0,1,"pesem","pečih"
855,"jan","jan-last_blank","last_blank",2,18,"tes-last_blank","tes",18,0,0,1,"pijan","pites"
25,"lot","lot-last_blank","last_blank",2,8,"mek-last_blank","mek",8,0,0,1,"pilot","pimek"
60,"sa","sa-nje","nje",3,11,"sa-blan","blan",4,7,1,1,"pisanje","pisablan"
530,"sa","sa-telj","telj",3,1,"sa-chsa","chsa",1,0,0,1,"pisatelj","pisachsa"
702,"što","što-lo","lo",3,1,"zmle-lo","zmle",1,0,1,1,"pištolo","pizmlelo"
531,"pi","pi-vo","vo",2,6,"ogo-vo","ogo",6,0,1,1,"pivo","ogovo"
527,"first_blank","first_blank-pla","pla",2,293,"first_blank-kon","kon",292,1,0,1,"plače","konče"
487,"pla","pla-men","men",2,1,"pla-tov","tov",1,0,0,1,"plamen","platov"
72,"stic","stic-last_blank","last_blank",2,2,"tnis-last_blank","tnis",2,0,0,1,"plastic","platnis"
57,"pla","pla-te","te",2,2,"kon-te","kon",2,0,0,1,"plate","konte"
894,"pla","pla-va","va",3,28,"stvo-va","stvo",6,22,1,1,"plavati","stvovati"
542,"ni","ni-lec","lec",3,7,"ni-štva","štva",7,0,1,1,"plenilec","pleništva"
543,"pl","pl-es","es",1,1,"li-es","li",1,0,0,1,"ples","lies"
572,"beg","beg-last_blank","last_blank",2,2,"tlu-last_blank","tlu",2,0,0,1,"pobeg","potlu"
131,"po","po-ce","ce",3,7,"po-stop","stop",7,0,2,1,"poceni","postopni"
58,"tni","tni-ce","ce",4,20,"mljen-ce","mljen",1,19,2,1,"počitnice","počimljence"
100,"de","de-do","do",5,5,"riccar-do","riccar",1,4,4,1,"podedovano","poriccardovano"
372,"pod","pod-ga","ga",3,13,"vske-ga","vske",13,0,1,1,"podgana","vskegana"
985,"pis","pis-last_blank","last_blank",2,19,"jec-last_blank","jec",19,0,0,1,"podpis","podjec"
902,"sto","sto-last_blank","last_blank",3,69,"tnih-last_blank","tnih",65,4,1,1,"pogosto","pogotnih"
315,"greb","greb-last_blank","last_blank",2,2,"nroe-last_blank","nroe",2,0,0,1,"pogreb","ponroe"
943,"int","int-last_blank","last_blank",2,5,"čun-last_blank","čun",5,0,0,1,"point","počun"
924,"first_blank","first_blank-poj","poj",2,17,"first_blank-uri","uri",17,0,0,1,"pojdi","uridi"
213,"po","po-ker","ker",2,1,"po-nja","nja",1,0,0,1,"poker","ponja"
191,"šče","šče-last_blank","last_blank",5,85,"stnost-last_blank","stnost",4,81,3,1,"pokopališče","pokopalistnost"
577,"dne","dne-va","va",3,4,"zlji-va","zlji",4,0,1,1,"poldneva","polzljiva"
311,"li","li-tič","tič",4,9,"li-kšnem","kšnem",2,7,2,1,"politično","polikšnemno"
574,"li","li-tik","tik",3,3,"li-kšne","kšne",3,0,1,1,"politik","polikšne"
454,"ti","ti-ka","ka",4,52,"igrač-ka","igrač",5,47,3,1,"politika","poliigračka"
174,"first_blank","first_blank-pol","pol",3,104,"first_blank-brez","brez",105,1,1,1,"polkovnik","brezkovnik"
623,"po","po-ln","ln",1,1,"po-ji","ji",1,0,0,1,"poln","poji"
788,"lo","lo-žaj","žaj",3,1,"lo-tnim","tnim",1,0,1,1,"položaj","polotnim"
132,"memb","memb-no","no",3,4,"trič-no","trič",4,0,0,1,"pomembno","potrično"
580,"memb","memb-nost","nost",3,1,"spol-nost","spol",1,0,0,1,"pomembnost","pospolnost"
434,"eden","eden-last_blank","last_blank",7,1,"buquerque-last_blank","buquerque",1,0,5,1,"pomilovanja vreden","pomilovanja vrbuquerque"
556,"moč","moč-last_blank","last_blank",2,5,"lee-last_blank","lee",5,0,0,1,"pomoč","polee"
729,"moč","moč-nik","nik",3,1,"trav-nik","trav",1,0,1,1,"pomočnik","potravnik"
753,"poln","poln-last_blank","last_blank",2,3,"mlin-last_blank","mlin",3,0,0,1,"popoln","pomlin"
588,"pol","pol-no","no",4,16,"skriv-no","skriv",18,2,2,1,"popolnoma","poskrivnoma"
589,"po","po-pra","pra",4,49,"po-stelj","stelj",8,41,2,1,"popravilo","posteljvilo"
478,"ra","ra-bi","bi",4,41,"oblju-bi","oblju",10,31,3,1,"porabite","poobljubite"
918,"raz","raz-last_blank","last_blank",2,3,"pii-last_blank","pii",3,0,0,1,"poraz","popii"
722,"čen","čen-last_blank","last_blank",3,177,"skih-last_blank","skih",171,6,1,1,"poročen","poroskih"
413,"po","po-roč","roč",3,25,"po-spra","spra",27,2,1,1,"poročnik","pospranik"
340,"ro","ro-ka","ka",3,25,"manj-ka","manj",16,9,2,1,"poroka","pomanjka"
509,"zni","zni-ka","ka",5,5,"strešč-ka","strešč",1,4,3,1,"posameznika","posamestreščka"
678,"škod","škod-be","be",3,1,"svat-be","svat",1,0,0,1,"poškodbe","posvatbe"
599,"po","po-skus","skus",2,1,"po-sled","sled",1,0,0,1,"poskus","posled"
649,"šlji","šlji-last_blank","last_blank",2,2,"plin-last_blank","plin",2,0,0,1,"pošlji","poplin"
220,"slo","slo-va","va",4,14,"tryab-va","tryab",1,13,2,1,"poslovanje","potryabvanje"
600,"slu","slu-šaj","šaj",4,5,"zmanj-šaj","zmanj",2,3,2,1,"poslušajte","pozmanjšajte"
308,"ji","ji-lo","lo",4,5,"astro-lo","astro",2,3,3,1,"posojilo","posoastrolo"
538,"sta","sta-ja","ja",3,62,"zmer-ja","zmer",7,55,1,1,"postaja","pozmerja"
264,"ste","ste-lja","lja",3,2,"ste-phen","phen",2,0,1,1,"postelja","postephen"
126,"šten","šten-last_blank","last_blank",2,3,"klin-last_blank","klin",3,0,0,1,"pošten","poklin"
1000,"šte","šte-nost","nost",3,1,"šte-tjem","tjem",1,0,0,1,"poštenost","poštetjem"
602,"pek","pek-last_blank","last_blank",3,10,"ding-last_blank","ding",10,0,1,1,"postopek","postoding"
603,"po","po-t","t",1,2,"re-t","re",2,0,0,1,"pot","ret"
605,"teg","teg-last_blank","last_blank",2,3,"uld-last_blank","uld",3,0,0,1,"poteg","pould"
929," list"," list-last_blank","last_blank",3,1,"drilj-last_blank","drilj",1,0,0,1,"potni list","potnidrilj"
607,"tr","tr-di","di",4,37,"uskla-di","uskla",8,29,3,1,"potrdite","pouskladite"
608,"tre","tre-ba","ba",3,5,"osvo-ba","osvo",3,2,1,1,"potreba","poosvoba"
692,"vej","vej-last_blank","last_blank",2,7,"dru-last_blank","dru",7,0,0,1,"povej","podru"
296,"za","za-va","va",4,65,"za-ključ","ključ",13,52,3,1,"povezava","povezaključ"
325,"ši","ši-na","na",4,7,"ključ-na","ključ",3,4,3,1,"površina","povrključna"
76,"first_blank","first_blank-poz","poz",3,34,"first_blank-iden","iden",34,0,1,1,"pozdravi","idendravi"
528,"pr","pr-ah","ah",1,1,"pr-yc","yc",1,0,0,1,"prah","pryc"
116,"first_blank","first_blank-prak","prak",3,10,"first_blank-shel","shel",10,0,0,1,"praktično","sheltično"
83,"pra","pra-nje","nje",2,1,"ste-nje","ste",1,0,0,1,"pranje","stenje"
307,"šič","šič-last_blank","last_blank",2,1,"leg-last_blank","leg",1,0,0,1,"prašič","praleg"
439,"av","av-last_blank","last_blank",1,10,"rm-last_blank","rm",10,0,0,1,"prav","prrm"
414,"vil","vil-no","no",3,8,"stve-no","stve",8,0,1,1,"pravilno","prastveno"
357,"sod","sod-je","je",4,1,"zkriž-je","zkriž",1,0,2,1,"pravosodje","pravozkrižje"
160,"da","da-nost","nost",3,3,"da-vlje","vlje",3,0,0,1,"predanost","predavlje"
731,"pre","pre-da","da",4,53,"chmon-da","chmon",1,52,2,1,"predavanje","chmondavanje"
626,"gam","gam-last_blank","last_blank",3,32,"snih-last_blank","snih",32,0,1,1,"predlagam","predlasnih"
627,"met","met-last_blank","last_blank",2,20,"lij-last_blank","lij",20,0,0,1,"predmet","predlij"
953,"stav","stav-ka","ka",4,7,"vzkli-ka","vzkli",3,4,1,1,"predpostavka","predpovzklika"
256,"se","se-dnik","dnik",3,3,"se-stav","stav",3,0,0,1,"predsednik","predsestav"
629,"ska","ska-va","va",4,4,"štlji-va","štlji",2,2,2,1,"preiskava","preištljiva"
11,"lec","lec-last_blank","last_blank",5,197,"stnost-last_blank","stnost",4,193,3,1,"preiskovalec","preiskovastnost"
765,"mor","mor-last_blank","last_blank",2,12,"dri-last_blank","dri",12,0,0,1,"premor","predri"
633,"nos","nos-last_blank","last_blank",2,9,"vii-last_blank","vii",9,0,0,1,"prenos","previi"
635,"first_blank","first_blank-pre","pre",5,2871,"first_blank-ustvar","ustvar",33,2838,3,1,"prepovedati","ustvarpovedati"
94,"stol","stol-last_blank","last_blank",2,3,"spar-last_blank","spar",3,0,0,1,"prestol","prespar"
640,"pre","pre-stra","stra",4,22,"pre-rokbo","rokbo",1,21,1,1,"prestrašiti","prerokbošiti"
646,"klost","klost-last_blank","last_blank",3,1,"forth-last_blank","forth",1,0,0,1,"preteklost","preteforth"
550,"pre","pre-ti","ti",4,37,"atlan-ti","atlan",10,27,2,1,"pretirano","atlantirano"
641,"pre","pre-ve","ve",3,46,"dlji-ve","dlji",9,37,1,1,"preveri","dljiveri"
990,"first_blank","first_blank-pre","pre",4,2871,"first_blank-oblju","oblju",36,2835,2,1,"preživeli","obljuživeli"
913,"nje","nje-last_blank","last_blank",5,1087,"sworth-last_blank","sworth",3,1084,3,1,"prezračevanje","prezračevasworth"
912,"bli","bli-žno","žno",3,1,"oran-žno","oran",1,0,1,1,"približno","prioranžno"
545,"first_blank","first_blank-pri","pri",5,1999,"first_blank-ustvar","ustvar",33,1966,3,1,"pričakovati","ustvarčakovati"
642,"ča","ča-nje","nje",3,26,"ča-stni","stni",16,10,1,1,"pričanje","pričastni"
645,"pri","pri-di","di",2,31,"štu-di","štu",20,11,0,1,"pridi","študi"
940,"mek","mek-last_blank","last_blank",3,8,"rist-last_blank","rist",8,0,1,1,"priimek","priirist"
773,"telj","telj-last_blank","last_blank",3,40,"škem-last_blank","škem",40,0,0,1,"prijatelj","prijaškem"
477,"telj","telj-stvo","stvo",4,2,"igral-stvo","igral",1,1,1,1,"prijateljstvo","prijaigralstvo"
923,"ja","ja-zno","zno",3,4,"ja-ških","ških",4,0,1,1,"prijazno","prijaških"
871,"je","je-tno","tno",3,9,"je-njem","njem",6,3,1,1,"prijetno","prijenjem"
730,"mar","mar-no","no",3,5,"gnje-no","gnje",5,0,1,1,"primarno","prignjeno"
648,"pr","pr-in","in",1,1,"pr-ej","ej",1,0,0,1,"princ","prejc"
651," se"," se-last_blank","last_blank",5,1,"chcock-last_blank","chcock",1,0,3,1,"pripravite se","pripravitechcock"
956,"ni","ni-šče","šče",4,4,"ni-čljiv","čljiv",1,3,2,1,"pristanišče","pristaničljiv"
670,"tisk","tisk-last_blank","last_blank",2,2,"tral-last_blank","tral",2,0,0,1,"pritisk","pritral"
194,"sni","sni-te","te",4,8,"vljaj-te","vljaj",7,1,2,1,"pritisnite","pritivljajte"
617,"vla","vla-či","či",4,16,"ustre-či","ustre",1,15,2,1,"privlačijo","priustrečijo"
658,"zna","zna-va","va",3,31,"skri-va","skri",20,11,1,1,"priznava","priskriva"
832,"blem","blem-last_blank","last_blank",2,2,"smeh-last_blank","smeh",2,0,0,1,"problem","prosmeh"
320,"daj","daj-last_blank","last_blank",2,35,"mni-last_blank","mni",35,0,0,1,"prodaj","promni"
136,"pro","pro-da","da",3,84,"ogle-da","ogle",12,72,1,1,"prodaja","ogledaja"
101,"sor","sor-last_blank","last_blank",3,4,"žnic-last_blank","žnic",4,0,1,1,"profesor","profežnic"
663,"gram","gram-last_blank","last_blank",2,19,"škim-last_blank","škim",19,0,0,1,"program","proškim"
891,"zva","zva-ja","ja",5,6,"führer-ja","führer",1,5,3,1,"proizvajajo","proiführerjajo"
848,"dnja","dnja-last_blank","last_blank",4,17,"vskih-last_blank","vskih",12,5,1,1,"proizvodnja","proizvovskih"
612,"šnja","šnja-last_blank","last_blank",2,20,"žnih-last_blank","žnih",20,0,0,1,"prošnja","prožnih"
665,"os","os-t","t",1,4,"in-t","in",4,0,0,1,"prost","print"
666,"volj","volj-no","no",4,6,"astro-no","astro",5,1,1,1,"prostovoljno","prostoastrono"
621,"kol","kol-last_blank","last_blank",3,7,"stja-last_blank","stja",7,0,1,1,"protokol","protostja"
379,"tip","tip-last_blank","last_blank",3,3,"zard-last_blank","zard",3,0,1,1,"prototip","protozard"
978," koš"," koš-last_blank","last_blank",3,1,"shad-last_blank","shad",1,0,0,1,"prsni koš","prsnishad"
114,"dtis","dtis-last_blank","last_blank",4,1,"klyna-last_blank","klyna",1,0,1,1,"prstni odtis","prstni oklyna"
824,"ven","ven-stvo","stvo",3,1,"ven-port","port",1,0,0,1,"prvenstvo","prvenport"
13,"first_blank","first_blank-psi","psi",5,88,"first_blank-obramb","obramb",9,79,3,1,"psihologija","obrambhologija"
361,"lo","lo-ški","ški",4,11,"lo-mljen","mljen",2,9,2,1,"psihološki","psiholomljen"
64,"pti","pti-ca","ca",2,2,"dil-ca","dil",2,0,0,1,"ptica","dilca"
79,"pu","pu-ran","ran",2,1,"pu-hom","hom",1,0,0,1,"puran","puhom"
128,"sti","sti-ti","ti",3,36,"vlja-ti","vlja",35,1,1,1,"pustiti","puvljati"
938,"pu","pu-t","t",1,1,"ih-t","ih",1,0,0,1,"put","iht"
354,"ra","ra-ce","ce",2,4,"sti-ce","sti",4,0,1,1,"race","stice"
661,"nal","nal-nik","nik",4,2,"oskrb-nik","oskrb",1,1,2,1,"računalnik","račuoskrbnik"
865,"ra","ra-k","k",1,1,"ho-k","ho",1,0,0,1,"rak","hok"
709,"ke","ke-ta","ta",3,14,"vlja-ta","vlja",9,5,2,1,"raketa","ravljata"
916,"kun","kun-last_blank","last_blank",2,2,"ird-last_blank","ird",2,0,0,1,"rakun","raird"
874,"ran","ran-som","som",2,1,"ran-tal","tal",1,0,0,1,"ransom","rantal"
639,"nje","nje-last_blank","last_blank",5,1087,"stwood-last_blank","stwood",3,1084,3,1,"razočaranje","razočarastwood"
170,"sta","sta-va","va",3,13,"dlji-va","dlji",12,1,1,1,"razstava","razdljiva"
727,"me","me-ti","ti",4,20,"atlan-ti","atlan",10,10,3,1,"razumeti","razuatlanti"
601,"mno","mno-last_blank","last_blank",3,31,"njih-last_blank","njih",31,0,1,1,"razumno","razunjih"
410,"zvoj","zvoj-last_blank","last_blank",2,1,"dsor-last_blank","dsor",1,0,0,1,"razvoj","radsor"
175,"tor","tor-last_blank","last_blank",3,92,"skem-last_blank","skem",108,16,1,1,"reaktor","reakskem"
619,"al","al-last_blank","last_blank",2,49,"zno-last_blank","zno",49,0,1,1,"real","rezno"
504,"čen","čen-last_blank","last_blank",5,177,"stljiv-last_blank","stljiv",4,173,3,1,"realističen","realististljiv"
457,"first_blank","first_blank-red","red",2,27,"first_blank-zbu","zbu",27,0,0,1,"redko","zbuko"
161,"li","li-gi","gi",4,10,"li-kšnem","kšnem",2,8,3,1,"religija","relikšnemja"
622,"re","re-s","s",1,2,"wn-s","wn",2,0,0,1,"res","wns"
186,"re","re-sta","sta",5,9,"re-beccin","beccin",1,8,3,1,"restavracija","rebeccinvracija"
385,"ri","ri-be","be",2,2,"ri-lih","lih",2,0,1,1,"ribe","rilih"
342,"bo","bo-lov","lov",3,3,"bo-treb","treb",2,1,1,1,"ribolov","ribotreb"
755,"ch","ch-last_blank","last_blank",1,32,"at-last_blank","at",32,0,0,1,"rich","riat"
139,"ri","ri-de","de",2,7,"sko-de","sko",7,0,1,1,"ride","skode"
77,"ri","ri-m","m",1,1,"ol-m","ol",1,0,0,1,"rim","olm"
840,"first_blank","first_blank-rob","rob",2,3,"first_blank-pil","pil",3,0,0,1,"robček","pilček"
463," dan"," dan-last_blank","last_blank",3,1,"trič-last_blank","trič",1,0,0,1,"rojstni dan","rojstnitrič"
712,"ro","ro-ka","ka",2,25,"dni-ka","dni",24,1,1,1,"roka","dnika"
135,"tic","tic-last_blank","last_blank",3,8,"dley-last_blank","dley",8,0,1,1,"romantic","romandley"
305,"ro","ro-p","p",1,2,"im-p","im",1,1,0,1,"rop","imp"
689,"me","me-na","na",3,19,"stič-na","stič",20,1,2,1,"rumena","rustična"
947,"ta","ta-ža","ža",4,4,"ta-knjen","knjen",4,0,3,1,"sabotaža","sabotaknjen"
19,"first_blank","first_blank-sad","sad",2,7,"first_blank-vpa","vpa",7,0,0,1,"sadje","vpaje"
743,"il","il-last_blank","last_blank",2,48,"gom-last_blank","gom",48,0,1,1,"sail","sagom"
535,"first_blank","first_blank-sai","sai",2,1,"first_blank-jit","jit",1,0,0,1,"sailor","jitlor"
859,"first_blank","first_blank-ša","ša",2,70,"first_blank-obe","obe",68,2,1,1,"šala","obela"
748,"mo","mo-stan","stan",3,1,"mo-škim","škim",1,0,0,1,"samostan","samoškim"
444,"rai","rai-last_blank","last_blank",3,2,"pjem-last_blank","pjem",2,0,1,1,"samurai","samupjem"
47,"nd","nd-last_blank","last_blank",1,23,"ay-last_blank","ay",23,0,0,1,"sand","saay"
674,"sa","sa-tel","tel",4,1,"sa-ffron","ffron",1,0,2,1,"satellite","saffronlite"
501,"first_blank","first_blank-scan","scan",2,1,"first_blank-clas","clas",1,0,0,1,"scandal","clasdal"
290,"first_blank","first_blank-sča","sča",3,1,"first_blank-faul","faul",1,0,1,1,"sčasoma","faulsoma"
974,"edno","edno-last_blank","last_blank",3,1,"kall-last_blank","kall",1,0,0,1,"še vedno","še vkall"
860,"bič","bič-no","no",3,6,"urav-no","urav",6,0,1,1,"sebično","seuravno"
728,"se","se-cu","cu",3,2,"znan-cu","znan",2,0,2,1,"secure","znancure"
37,"dež","dež-last_blank","last_blank",2,6,"ant-last_blank","ant",6,0,0,1,"sedež","seant"
882,"še","še-f","f",1,1,"di-f","di",1,0,0,1,"šef","dif"
524,"nat","nat-last_blank","last_blank",2,9,"bek-last_blank","bek",9,0,0,1,"senat","sebek"
195,"na","na-tor","tor",3,29,"na-vlja","vlja",25,4,1,1,"senator","senavlja"
188,"mon","mon-last_blank","last_blank",2,22,"dar-last_blank","dar",22,0,0,1,"sermon","serdar"
293,"nek","nek-last_blank","last_blank",3,27,"štva-last_blank","štva",25,2,1,1,"sestanek","sestaštva"
297,"va","va-nje","nje",3,255,"va-rant","rant",4,251,1,1,"sevanje","sevarant"
247,"ver","ver-last_blank","last_blank",2,41,"kaš-last_blank","kaš",41,0,0,1,"sever","sekaš"
798,"first_blank","first_blank-sho","sho",2,19,"first_blank-ara","ara",19,0,0,1,"shoot","araot"
699,"first_blank","first_blank-shra","shra",2,20,"first_blank-osla","osla",20,0,0,1,"shrani","oslani"
378,"šib","šib-ka","ka",2,2,"gan-ka","gan",2,0,0,1,"šibka","ganka"
167,"gnal","gnal-last_blank","last_blank",2,9,"skaš-last_blank","skaš",9,0,0,1,"signal","siskaš"
377,"first_blank","first_blank-si","si",2,367,"first_blank-naj","naj",354,13,1,1,"sila","najla"
991,"first_blank","first_blank-sil","sil",2,15,"first_blank-čre","čre",15,0,0,1,"silver","črever"
515,"bol","bol-last_blank","last_blank",2,7,"dak-last_blank","dak",7,0,0,1,"simbol","simdak"
196,"si","si-n","n",1,1,"en-n","en",1,0,0,1,"sin","enn"
745,"drom","drom-last_blank","last_blank",2,6,"klon-last_blank","klon",6,0,0,1,"sindrom","sinklon"
517,"si","si-p","p",1,1,"im-p","im",1,0,0,1,"sip","imp"
514,"rok","rok-last_blank","last_blank",2,4,"žah-last_blank","žah",4,0,0,1,"širok","šižah"
435,"first_blank","first_blank-sis","sis",2,18,"first_blank-vdi","vdi",18,0,0,1,"sistem","vditem"
787,"si","si-t","t",1,1,"it-t","it",1,0,0,1,"sit","itt"
751,"first_blank","first_blank-skr","skr",2,28,"first_blank-ura","ura",28,0,0,1,"skrbi","urabi"
571,"sk","sk-ri","ri",1,3,"ch-ri","ch",3,0,0,1,"skrij","chrij"
752,"skriv","skriv-nost","nost",2,2,"skonč-nost","skonč",1,1,0,1,"skrivnost","skončnost"
584,"mna","mna-last_blank","last_blank",2,27,"eld-last_blank","eld",27,0,0,1,"skromna","skroeld"
845,"sku","sku-pi","pi",3,13,"pred-pi","pred",18,5,1,1,"skupina","predpina"
143,"sku","sku-pnost","pnost",2,1,"hle-pnost","hle",1,0,0,1,"skupnost","hlepnost"
118,"first_blank","first_blank-sl","sl",1,31,"first_blank-th","th",31,0,0,1,"slab","thab"
138,"bost","bost-last_blank","last_blank",2,2,"tret-last_blank","tret",2,0,0,1,"slabost","slatret"
841,"sla","sla-ni","ni",3,15,"dnev-ni","dnev",14,1,1,1,"slanina","dnevnina"
493,"sten","sten-last_blank","last_blank",2,40,"škem-last_blank","škem",40,0,0,1,"slasten","slaškem"
759,"sla","sla-va","va",2,2,"haj-va","haj",2,0,0,1,"slava","hajva"
590,"first_blank","first_blank-slav","slav",2,21,"first_blank-klin","klin",21,0,0,1,"slavni","klinni"
877,"kar","kar-last_blank","last_blank",2,29,"lie-last_blank","lie",29,0,0,1,"slikar","slilie"
705,"ve","ve-snost","snost",3,1,"ve-nwood","nwood",1,0,0,1,"slovesnost","slovenwood"
808,"žab","žab-nik","nik",3,2,"sreč-nik","sreč",2,0,1,1,"služabnik","slusrečnik"
901,"first_blank","first_blank-služ","služ",3,24,"first_blank-igra","igra",24,0,0,1,"služkinja","igrakinja"
415,"first_blank","first_blank-sm","sm",1,25,"first_blank-yo","yo",25,0,0,1,"smeh","yoeh"
456,"er","er-last_blank","last_blank",1,86,"ru-last_blank","ru",86,0,0,1,"smer","smru"
946,"first_blank","first_blank-sme","sme",2,94,"first_blank-mor","mor",94,0,0,1,"smešno","moršno"
850,"sme","sme-ti","ti",2,4,"opa-ti","opa",4,0,0,1,"smeti","opati"
96,"first_blank","first_blank-sna","sna",2,13,"first_blank-raj","raj",13,0,0,1,"snake","rajke"
107,"sn","sn-eg","eg",1,1,"sn-yd","yd",1,0,0,1,"sneg","snyd"
693,"ma","ma-nje","nje",3,12,"ma-stur","stur",11,1,1,1,"snemanje","snemastur"
799,"first_blank","first_blank-sni","sni",2,8,"first_blank-eve","eve",8,0,0,1,"sniper","eveper"
610,"ču","ču-tje","tje",3,2,"ču-dnih","dnih",1,1,1,1,"sočutje","sočudnih"
335,"so","so-da","da",2,5,"paj-da","paj",5,0,1,1,"soda","pajda"
774,"so","so-dnik","dnik",2,2,"so-vski","vski",1,1,0,1,"sodnik","sovski"
375,"so","so-k","k",1,1,"et-k","et",1,0,0,1,"sok","etk"
688,"first_blank","first_blank-šo","šo",2,82,"first_blank-ope","ope",82,0,1,1,"šola","opela"
344,"lar","lar-last_blank","last_blank",2,13,"des-last_blank","des",13,0,0,1,"solar","sodes"
241,"la","la-ta","ta",3,4,"zrih-ta","zrih",4,0,2,1,"solata","sozrihta"
343,"son","son-ce","ce",2,1,"ški-ce","ški",1,0,0,1,"sonce","škice"
259,"son","son-da","da",2,1,"lar-da","lar",1,0,0,1,"sonda","larda"
208,"so","so-und","und",2,1,"so-jil","jil",1,0,0,1,"sound","sojil"
327,"first_blank","first_blank-špa","špa",3,11,"first_blank-osem","osem",11,0,1,1,"špageti","osemgeti"
770,"first_blank","first_blank-spal","spal",3,13,"first_blank-utri","utri",13,0,0,1,"spalnica","utrinica"
518,"first_blank","first_blank-spa","spa",2,60,"first_blank-kur","kur",60,0,0,1,"spanje","kurnje"
802,"list","list-last_blank","last_blank",4,10,"snjen-last_blank","snjen",9,1,1,1,"specialist","speciasnjen"
732,"first_blank","first_blank-spek","spek",5,11,"first_blank-obramb","obramb",9,2,2,1,"spektakularno","obrambtakularno"
145,"first_blank","first_blank-spi","spi",2,55,"first_blank-gle","gle",55,0,0,1,"spirit","glerit"
933,"daj","daj-last_blank","last_blank",2,35,"liš-last_blank","liš",35,0,0,1,"spodaj","spoliš"
294,"first_blank","first_blank-sp","sp",1,55,"first_blank-cr","cr",55,0,0,1,"spor","cror"
560,"zum","zum-last_blank","last_blank",3,4,"scev-last_blank","scev",4,0,1,1,"sporazum","sporascev"
240,"first_blank","first_blank-spo","spo",4,420,"first_blank-oblju","oblju",36,384,2,1,"sporočilo","obljuročilo"
198,"first_blank","first_blank-šp","šp",1,6,"first_blank-ox","ox",6,0,0,1,"šport","oxort"
258,"nost","nost-last_blank","last_blank",3,217,"skih-last_blank","skih",171,46,0,1,"sposobnost","sposobskih"
137,"hod","hod-last_blank","last_blank",2,13,"mel-last_blank","mel",13,0,0,1,"sprehod","spremel"
968,"first_blank","first_blank-sprej","sprej",2,12,"first_blank-objek","objek",12,0,0,2,"sprejmi","objekmi"
783,"mlja","mlja-ti","ti",3,4,"prak-ti","prak",4,0,0,1,"spremljati","spreprakti"
813,"kan","kan-last_blank","last_blank",2,33,"gov-last_blank","gov",33,0,0,1,"srčkan","srčgov"
181,"sre","sre-ča","ča",3,19,"egip-ča","egip",5,14,1,1,"srečati","egipčati"
949,"sreč","sreč-na","na",2,3,"adre-na","adre",3,0,0,1,"srečna","adrena"
483,"ar","ar-š","š",1,1,"vo-š","vo",1,0,0,1,"starš","stvoš"
795,"stav","stav-ba","ba",2,2,"braz-ba","braz",2,0,0,1,"stavba","brazba"
41,"vek","vek-last_blank","last_blank",2,21,"rah-last_blank","rah",21,0,0,1,"stavek","starah"
201,"first_blank","first_blank-stav","stav",2,21,"first_blank-skli","skli",21,0,0,1,"stavke","sklike"
526,"dil","dil-nik","nik",3,4,"stav-nik","stav",3,1,1,1,"štedilnik","štestavnik"
179,"kle","kle-ni","ni",4,29,"zdrav-ni","zdrav",22,7,2,1,"steklenica","stezdravnica"
147,"first_blank","first_blank-šti","šti",2,30,"first_blank-son","son",30,0,0,1,"štiri","sonri"
839,"st","st-o","o",1,2,"nč-o","nč",2,0,0,1,"sto","nčo"
192,"st","st-ra","ra",1,7,"ke-ra","ke",7,0,0,1,"strah","kerah"
423,"ra","ra-st","st",1,3,"ra-cu","cu",3,0,0,1,"strast","stracu"
392,"stra","stra-te","te",4,12,"oglej-te","oglej",1,11,1,1,"strategija","oglejtegija"
28,"first_blank","first_blank-stre","stre",2,108,"first_blank-brez","brez",105,3,0,1,"street","brezet"
707,"first_blank","first_blank-st","st",1,104,"first_blank-čr","čr",104,0,0,1,"stroj","črroj"
9,"njak","njak-last_blank","last_blank",3,17,"snil-last_blank","snil",17,0,0,1,"strokovnjak","strokovsnil"
534,"first_blank","first_blank-struk","struk",3,7,"first_blank-ostan","ostan",7,0,0,1,"struktura","ostantura"
684,"first_blank","first_blank-štu","štu",3,45,"first_blank-obli","obli",45,0,1,1,"študija","oblidija"
704,"first_blank","first_blank-sty","sty",2,2,"first_blank-cud","cud",2,0,0,1,"style","cudle"
475,"per","per-last_blank","last_blank",2,27,"kat-last_blank","kat",27,0,0,1,"super","sukat"
809,"sve","sve-ča","ča",2,15,"upo-ča","upo",16,1,0,1,"sveča","upoča"
418,"sve","sve-to","to",4,42,"atlan-to","atlan",1,41,2,1,"svetovanje","atlantovanje"
815,"blet","blet-ke","ke",3,1,"zajč-ke","zajč",1,0,0,1,"tabletke","tazajčke"
604,"lent","lent-last_blank","last_blank",2,4,"cist-last_blank","cist",4,0,0,1,"talent","tacist"
864,"ta","ta-m","m",1,1,"om-m","om",1,0,0,1,"tam","omm"
365,"te","te-den","den",2,7,"te-lov","lov",6,1,0,1,"teden","telov"
115,"te","te-den","den",3,7,"te-gnil","gnil",7,0,1,1,"tedensko","tegnilsko"
366,"teh","teh-ni","ni",3,8,"drav-ni","drav",8,0,1,1,"tehnika","dravnika"
570,"fon","fon-last_blank","last_blank",3,10,"plja-last_blank","plja",10,0,1,1,"telefon","teleplja"
675,"zi","zi-ja","ja",5,39,"ustvar-ja","ustvar",15,24,4,1,"televizija","televiustvarja"
739,"te","te-mno","mno",2,13,"te-lju","lju",13,0,0,1,"temno","telju"
197,"first_blank","first_blank-tem","tem",5,35,"first_blank-grayso","grayso",7,28,3,1,"temperatura","graysoperatura"
183,"te","te-nis","nis",2,1,"te-ram","ram",1,0,0,1,"tenis","teram"
212,"o","o-ri","ri",4,15,"o-znost","znost",2,13,3,1,"teorija","teoznostja"
598,"te","te-st","st",1,1,"te-uf","uf",1,0,0,1,"test","teuf"
833,"first_blank","first_blank-tež","tež",2,15,"first_blank-cre","cre",15,0,0,1,"težko","creko"
881,"th","th-in","in",1,2,"gu-in","gu",2,0,0,1,"think","guink"
837,"ti","ti-ši","ši",3,5,"ti-snje","snje",5,0,2,1,"tišina","tisnjena"
303,"first_blank","first_blank-tki","tki",2,4,"first_blank-ast","ast",4,0,0,1,"tkivo","astvo"
251,"to","to-last_blank","last_blank",1,363,"dy-last_blank","dy",89,274,0,1,"to","dy"
750,"tor","tor-ba","ba",2,2,"mem-ba","mem",2,0,0,1,"torba","memba"
583,"to","to-rek","rek",2,1,"to-nio","nio",1,0,0,1,"torek","tonio"
209,"tor","tor-na","na",3,8,"všči-na","všči",8,0,1,1,"tornado","vščinado"
339,"vor","vor-last_blank","last_blank",2,18,"bit-last_blank","bit",18,0,0,1,"tovor","tobit"
486,"ži","ži-lec","lec",3,5,"ži-tnih","tnih",1,4,1,1,"tožilec","tožitnih"
380,"o","o-nal","nal",6,55,"o-verthis","verthis",1,54,4,1,"tradicionalno","tradicioverthisno"
720,"gič","gič-na","na",3,5,"bren-na","bren",5,0,1,1,"tragična","trabrenna"
858,"vi","vi-na","na",4,34,"obrav-na","obrav",17,17,3,1,"trgovina","trgoobravna"
151,"tr","tr-i","i",1,2,"ui-i","ui",2,0,0,1,"tri","uii"
963,"tri","tri-al","al",2,1,"ste-al","ste",1,0,0,1,"trial","steal"
312,"gle","gle-last_blank","last_blank",3,23,"stov-last_blank","stov",23,0,1,1,"triangle","trianstov"
127,"ple","ple-last_blank","last_blank",2,10,"chi-last_blank","chi",10,0,0,1,"triple","trichi"
238,"uc","uc-k","k",1,2,"le-k","le",2,0,0,1,"truck","trlek"
387,"nel","nel-last_blank","last_blank",2,11,"miš-last_blank","miš",11,0,0,1,"tunel","tumiš"
579,"tle","tle-last_blank","last_blank",2,20,"hov-last_blank","hov",20,0,0,1,"turtle","turhov"
38,"first_blank","first_blank-ube","ube",2,16,"first_blank-jer","jer",16,0,0,1,"ubežnik","jeržnik"
803,"ubi","ubi-ti","ti",2,1,"sep-ti","sep",1,0,0,1,"ubiti","septi"
930,"nek","nek-last_blank","last_blank",2,27,"eld-last_blank","eld",27,0,0,1,"učinek","učield"
299,"first_blank","first_blank-učin","učin",4,26,"first_blank-vklju","vklju",27,1,1,1,"učinkovito","vkljukovito"
421,"first_blank","first_blank-uči","uči",2,25,"first_blank-tar","tar",25,0,0,1,"učite","tarte"
804,"first_blank","first_blank-uči","uči",2,25,"first_blank-kru","kru",25,0,0,1,"učitelj","krutelj"
260,"first_blank","first_blank-ug","ug",1,5,"first_blank-ef","ef",5,0,0,1,"ugled","efled"
469,"uh","uh-o","o",1,1,"lz-o","lz",1,0,0,1,"uho","lzo"
867,"first_blank","first_blank-uje","uje",3,46,"first_blank-osvo","osvo",46,0,1,1,"ujemanje","osvomanje"
982,"ul","ul-ov","ov",1,1,"si-ov","si",1,0,0,1,"ulov","siov"
291,"first_blank","first_blank-ul","ul",4,28,"first_blank-skriv","skriv",28,0,3,1,"ultimate","skrivtimate"
417,"first_blank","first_blank-uma","uma",3,48,"first_blank-skle","skle",48,0,1,1,"umazano","sklezano"
411,"first_blank","first_blank-ume","ume",2,42,"first_blank-hra","hra",42,0,0,1,"umetna","hratna"
724,"um","um-or","or",1,1,"šv-or","šv",1,0,0,1,"umor","švor"
892,"first_blank","first_blank-uni","uni",3,111,"first_blank-stre","stre",108,3,1,1,"uničenje","strečenje"
32,"first_blank","first_blank-uni","uni",3,111,"first_blank-stre","stre",108,3,1,1,"uniforma","streforma"
89,"ver","ver-za","za",3,3,"fran-za","fran",1,2,1,1,"univerza","unifranza"
480," se"," se-last_blank","last_blank",4,1,"strij-last_blank","strij",1,0,2,1,"upirajte se","upirajtestrij"
408,"first_blank","first_blank-upo","upo",3,129,"first_blank-stra","stra",149,20,1,1,"uporaba","straraba"
883,"first_blank","first_blank-up","up",1,25,"first_blank-sm","sm",25,0,0,1,"upram","smram"
886,"first_blank","first_blank-ura","ura",2,28,"first_blank-tve","tve",28,0,0,1,"uradnik","tvednik"
317,"uri","uri-ne","ne",2,1,"gaj-ne","gaj",1,0,0,1,"urine","gajne"
282,"ur","ur-nik","nik",2,1,"ur-jem","jem",1,0,0,1,"urnik","urjem"
769,"dna","dna-last_blank","last_blank",2,99,"ram-last_blank","ram",99,0,0,1,"usodna","usoram"
884,"pe","pe-h","h",1,1,"oh-h","oh",1,0,0,1,"uspeh","usohh"
954,"usta","usta-va","va",2,1,"tlja-va","tlja",1,0,0,1,"ustava","tljava"
637,"first_blank","first_blank-usta","usta",2,81,"first_blank-fran","fran",85,4,0,2,"ustavi","franvi"
123,"jal","jal-nost","nost",3,2,"jal-skih","skih",1,1,0,1,"ustvarjalnost","ustvarjalskih"
525,"va","va-ba","ba",2,2,"va-jev","jev",2,0,1,1,"vaba","vajev"
618,"va","va-ja","ja",2,58,"va-lec","lec",58,0,1,1,"vaja","valec"
995,"first_blank","first_blank-vam","vam",3,20,"first_blank-ohla","ohla",20,0,1,1,"vampire","ohlapire"
82,"li","li-ja","ja",4,40,"ukvar-ja","ukvar",10,30,3,1,"vanilija","vaniukvarja"
900,"var","var-nost","nost",2,3,"tič-nost","tič",3,0,0,1,"varnost","tičnost"
253,"va","va-s","s",1,1,"jl-s","jl",1,0,0,1,"vas","jls"
98,"first_blank","first_blank-vče","vče",2,9,"first_blank-imu","imu",9,0,0,1,"včeraj","imuraj"
448,"čer","čer-last_blank","last_blank",2,4,"žgi-last_blank","žgi",4,0,0,1,"večer","vežgi"
636,"del","del-last_blank","last_blank",2,85,"jaš-last_blank","jaš",84,1,0,1,"vedel","vejaš"
970,"de","de-ti","ti",3,21,"usmr-ti","usmr",11,10,2,1,"vedeti","veusmrti"
772,"šno","šno-last_blank","last_blank",5,32,"stljiv-last_blank","stljiv",4,28,3,1,"velikodušno","velikodustljiv"
356,"nus","nus-last_blank","last_blank",2,10,"fer-last_blank","fer",10,0,0,1,"venus","vefer"
880,"ve","ve-ra","ra",2,9,"apa-ra","apa",8,1,1,1,"vera","apara"
967,"first_blank","first_blank-ver","ver",3,89,"first_blank-fran","fran",85,4,1,1,"verjeti","franjeti"
383,"je","je-tno","tno",3,9,"je-mlje","mlje",8,1,1,1,"verjetno","verjemlje"
896,"se","se-lje","lje",3,8,"se-stan","stan",7,1,1,1,"veselje","vesestan"
233,"first_blank","first_blank-vh","vh",1,3,"first_blank-uo","uo",3,0,0,1,"vhod","uood"
148,"deo","deo-last_blank","last_blank",2,3,"lai-last_blank","lai",3,0,0,1,"video","vilai"
893,"vi","vi-ši","ši",3,8,"zgre-ši","zgre",8,0,2,1,"višina","zgrešina"
910,"so","so-kost","kost",3,1,"so-mers","mers",1,0,0,1,"visokost","visomers"
40,"min","min-last_blank","last_blank",3,18,"tost-last_blank","tost",18,0,1,1,"vitamin","vitatost"
687,"vi","vi-zi","zi",3,34,"splo-zi","splo",13,21,2,1,"vizija","splozija"
1,"first_blank","first_blank-vla","vla",2,114,"first_blank-gre","gre",113,1,0,1,"vlada","greda"
67,"dik","dik-last_blank","last_blank",2,2,"lya-last_blank","lya",2,0,0,1,"vodik","volya"
944,"vod","vod-ka","ka",2,1,"gun-ka","gun",1,0,0,1,"vodka","gunka"
84,"ja","ja-ški","ški",3,6,"ja-gnje","gnje",5,1,1,1,"vojaški","vojagnje"
329,"voj","voj-ska","ska",2,1,"nad-ska","nad",1,0,0,1,"vojska","nadska"
254,"li","li-tev","tev",3,20,"li-cist","cist",5,15,1,1,"volitev","volicist"
257,"liv","liv-ca","ca",3,1,"star-ca","star",1,0,1,1,"volivca","vostarca"
492,"nj","nj-last_blank","last_blank",1,12,"ac-last_blank","ac",12,0,0,1,"vonj","voac"
606,"nik","nik-last_blank","last_blank",3,228,"skem-last_blank","skem",108,120,1,1,"voznik","vozskem"
931,"šaj","šaj-last_blank","last_blank",2,37,"cih-last_blank","cih",37,0,0,1,"vprašaj","vpracih"
190,"vr","vr-at","at",1,1,"vr-ve","ve",1,0,0,1,"vrat","vrve"
490,"vra","vra-ta","ta",2,2,"zme-ta","zme",2,0,0,1,"vrata","zmeta"
965,"first_blank","first_blank-vre","vre",2,74,"first_blank-obo","obo",74,0,0,1,"vreden","oboden"
495,"dno","dno-te","te",4,2,"bljaj-te","bljaj",2,0,2,1,"vrednotenje","vrebljajtenje"
425," se"," se-last_blank","last_blank",4,1,"harth-last_blank","harth",1,0,2,1,"vrnite se","vrniteharth"
262,"first_blank","first_blank-vro","vro",3,29,"first_blank-skla","skla",29,0,1,1,"vročina","sklačina"
914,"vr","vr-v","v",1,1,"la-v","la",1,0,0,1,"vrv","lav"
936,"vse","vse-bi","bi",3,4,"grad-bi","grad",4,0,1,1,"vsebina","gradbina"
737,"first_blank","first_blank-vzdr","vzdr",4,38,"first_blank-oblju","oblju",36,2,1,1,"vzdrževanje","obljuževanje"
685,"first_blank","first_blank-vz","vz",1,21,"first_blank-es","es",21,0,0,1,"vzrok","esrok"
926,"first_blank","first_blank-war","war",3,23,"first_blank-uspa","uspa",23,0,1,1,"warrior","usparior"
559,"wa","wa-tc","tc",1,1,"re-tc","re",1,0,0,1,"watch","retch"
740,"first_blank","first_blank-wat","wat",2,8,"first_blank-vpo","vpo",8,0,0,1,"watson","vposon"
224,"we","we-b","b",1,1,"av-b","av",1,0,0,1,"web","avb"
246,"stern","stern-last_blank","last_blank",2,5,"thers-last_blank","thers",5,0,0,1,"western","wethers"
205,"stle","stle-last_blank","last_blank",2,4,"velj-last_blank","velj",4,0,0,1,"whistle","whivelj"
362,"wo","wo-lf","lf",1,1,"wo-me","me",1,0,0,1,"wolf","wome"
223,"rl","rl-d","d",1,1,"ži-d","ži",1,0,0,1,"world","wožid"
624,"first_blank","first_blank-wri","wri",2,3,"first_blank-bas","bas",3,0,0,1,"write","baste"
906,"edno","edno-last_blank","last_blank",3,1,"šlje-last_blank","šlje",1,0,0,1,"za vedno","za všlje"
691,"ba","ba-va","va",3,33,"skri-va","skri",20,13,2,1,"zabava","zaskriva"
168,"za","za-daj","daj",2,2,"za-šci","šci",2,0,0,1,"zadaj","zašci"
403,"dnja","dnja-last_blank","last_blank",2,17,"snil-last_blank","snil",17,0,0,1,"zadnja","zasnil"
494,"go","go-to","to",5,42,"becket-to","becket",3,39,4,1,"zagotoviti","zabeckettoviti"
336,"za","za-jec","jec",2,1,"za-nam","nam",1,0,0,1,"zajec","zanam"
904,"trk","trk-last_blank","last_blank",2,1,"eya-last_blank","eya",1,0,0,1,"zajtrk","zajeya"
270,"pa","pa-nje","nje",4,21,"pa-trick","trick",3,18,2,1,"zaklepanje","zaklepatrick"
479,"klju","klju-ček","ček",3,3,"ubož-ček","ubož",1,2,0,1,"zaključek","zaubožček"
177,"za","za-kon","kon",2,13,"za-seb","seb",13,0,0,1,"zakon","zaseb"
109,"kop","kop-last_blank","last_blank",2,3,"bul-last_blank","bul",3,0,0,1,"zakop","zabul"
682,"mi","mi-vo","vo",4,3,"mi-šljam","šljam",4,1,3,1,"zanimivo","zanimišljam"
614," si"," si-last_blank","last_blank",4,1,"thory-last_blank","thory",1,0,2,1,"zapomni si","zapomnithory"
71,"por","por-last_blank","last_blank",2,5,"dič-last_blank","dič",5,0,0,1,"zapor","zadič"
265,"po","po-ra","ra",3,79,"po-memb","memb",43,36,2,1,"zapora","zapomemb"
817,"za","za-por","por",4,26,"za-ključ","ključ",13,13,2,1,"zapornika","zaključnika"
481,"pri","pri-last_blank","last_blank",2,5,"faš-last_blank","faš",5,0,0,1,"zapri","zafaš"
952,"pr","pr-to","to",3,3,"stan-to","stan",3,0,2,1,"zaprto","zastanto"
125,"sti","sti-ti","ti",4,36,"objek-ti","objek",2,34,2,1,"zapustiti","zapuobjekti"
955,"žar","žar-ni","ni",3,6,"vdih-ni","vdih",6,0,1,1,"žarnica","vdihnica"
961,"nost","nost-last_blank","last_blank",3,217,"skih-last_blank","skih",171,46,0,1,"zasebnost","zasebskih"
781,"pa","pa-nje","nje",4,21,"pa-trick","trick",3,18,2,1,"zaupanje","zaupatrick"
966,"ti","ti-šče","šče",4,4,"ti-mnost","mnost",2,2,2,1,"zavetišče","zavetimnost"
467,"vr","vr-ti","ti",3,21,"iden-ti","iden",30,9,2,1,"zavrti","zaidenti"
969,"first_blank","first_blank-zbra","zbra",2,14,"first_blank-vzga","vzga",14,0,0,1,"zbrati","vzgati"
8,"first_blank","first_blank-zdra","zdra",3,63,"first_blank-oble","oble",51,12,0,1,"zdravilo","oblevilo"
830,"vlje","vlje-nje","nje",3,12,"stra-nje","stra",12,0,0,1,"zdravljenje","zdrastranje"
276,"zdrav","zdrav-nik","nik",2,1,"vljal-nik","vljal",1,0,0,2,"zdravnik","vljalnik"
321,"že","že-ja","ja",2,1,"vir-ja","vir",1,0,1,1,"žeja","virja"
976,"lja","lja-last_blank","last_blank",2,69,"sto-last_blank","sto",69,0,0,1,"želja","žesto"
977,"ze","ze-lo","lo",2,2,"ava-lo","ava",2,0,1,1,"zelo","avalo"
287,"ze","ze-mlje","mlje",3,14,"ze-lišč","lišč",4,10,0,1,"zemljevid","zeliščvid"
389,"first_blank","first_blank-že","že",2,190,"first_blank-mar","mar",205,15,1,1,"žena","marna"
386,"first_blank","first_blank-žen","žen",2,23,"first_blank-smu","smu",23,0,0,1,"ženska","smuska"
615,"first_blank","first_blank-zgo","zgo",2,56,"first_blank-obu","obu",56,0,0,1,"zgonu","obunu"
445,"first_blank","first_blank-zgor","zgor",2,7,"first_blank-klov","klov",7,0,0,1,"zgornji","klovnji"
248,"ži","ži-ca","ca",2,12,"ži-tev","tev",11,1,1,1,"žica","žitev"
573,"zi","zi-ma","ma",2,1,"lje-ma","lje",1,0,1,1,"zima","ljema"
999,"ži","ži-val","val",2,14,"ži-tev","tev",11,3,0,1,"žival","žitev"
245,"first_blank","first_blank-zju","zju",2,1,"first_blank-pir","pir",1,0,0,1,"zjutraj","pirtraj"
746,"zlo","zlo-či","či",3,9,"osre-či","osre",5,4,1,1,"zločina","osrečina"
173,"zma","zma-ga","ga",2,12,"pne-ga","pne",12,0,0,1,"zmaga","pnega"
983,"first_blank","first_blank-zma","zma",4,87,"first_blank-ustre","ustre",52,35,2,1,"zmagovalec","ustregovalec"
591,"šaj","šaj-last_blank","last_blank",2,37,"ber-last_blank","ber",37,0,0,1,"zmanjšaj","zmanjber"
78,"first_blank","first_blank-zme","zme",2,79,"first_blank-car","car",80,1,0,1,"zmede","carde"
285,"first_blank","first_blank-zm","zm",1,5,"first_blank-kd","kd",5,0,0,1,"zmes","kdes"
464,"zn","zn-ak","ak",1,1,"zn-ji","ji",1,0,0,1,"znak","znji"
235,"zna","zna-nje","nje",2,6,"zna-čil","čil",6,0,0,1,"znanje","značil"
823,"zna","zna-nost","nost",2,1,"čaj-nost","čaj",1,0,0,1,"znanost","čajnost"
176,"stve","stve-nik","nik",3,2,"prav-nik","prav",2,0,0,1,"znanstvenik","znanpravnik"
937,"first_blank","first_blank-zne","zne",2,26,"first_blank-whi","whi",26,0,0,1,"znesek","whisek"
398,"first_blank","first_blank-zo","zo",1,99,"first_blank-ši","ši",99,0,0,1,"zob","šib"
775,"zo","zo-ra","ra",2,3,"zo-dej","dej",3,0,1,1,"zora","zodej"
452,"na","na-nji","nji",3,2,"na-lašč","lašč",2,0,1,1,"zunanji","zunalašč"
735,"pan","pan-last_blank","last_blank",2,16,"šel-last_blank","šel",16,0,0,1,"župan","žušel"
520,"žel","žel-ka","ka",3,2,"ozna-ka","ozna",2,0,1,1,"žuželka","žuoznaka"
561,"first_blank","first_blank-žve","žve",3,25,"first_blank-igra","igra",24,1,1,1,"žvečiti","igračiti"
341,"zv","zv-es","es",1,1,"ck-es","ck",1,0,0,1,"zvest","ckest"
758,"first_blank","first_blank-zvez","zvez",2,39,"first_blank-knji","knji",39,0,0,2,"zvezda","knjida"
