"word_id","first","original_pair","second","syll","original_freq","replacement_pair","replacement_syll","replacement_freq","freq_diff","char_diff","letter_diff","original_word","replacement_word"
640,"lút","lút-ne","ne",4,2,"smieš-ne","smieš",2,0,2,1,"absolútne","absosmiešne"
809,"surd","surd-né","né",3,1,"lent-né","lent",1,0,0,1,"absurdné","ablentné"
405,"first_blank","first_blank-af","af",3,28,"first_blank-opus","opus",28,0,2,1,"afrika","opusrika"
131,"ah","ah-oj","oj",1,1,"ah-ms","ms",1,0,0,1,"ahoj","ahms"
430,"ak","ak-tív","tív",3,12,"ak-ciám","ciám",1,11,1,1,"aktívny","akciámny"
32,"tov","tov-ka","ka",3,3,"hláš-ka","hláš",3,0,1,1,"aktovka","akhláška"
660,"bum","bum-last_blank","last_blank",2,2,"dža-last_blank","dža",2,0,0,1,"album","aldža"
6,"ko","ko-hol","hol",3,1,"ko-vich","vich",1,0,1,1,"alkohol","alkovich"
387,"tér","tér-sky","sky",3,1,"irán-sky","irán",1,0,1,1,"amatérsky","amairánsky"
951,"tik","tik-last_blank","last_blank",3,23,"chov-last_blank","chov",23,0,1,1,"analytik","analychov"
992,"chia","chia-last_blank","last_blank",2,3,"znie-last_blank","znie",3,0,0,1,"anarchia","anarznie"
967,"ana","ana-tó","tó",3,4,"symp-tó","symp",4,0,1,1,"anatómia","symptómia"
325,"glič","glič-ti","ti",4,5,"šľach-ti","šľach",4,1,1,1,"angličtina","anšľachtina"
13,"jel","jel-last_blank","last_blank",2,2,"kio-last_blank","kio",2,0,0,1,"anjel","ankio"
14,"nym","nym-ný","ný",3,1,"užas-ný","užas",1,0,1,1,"anonymný","anoužasný"
15,"do","do-tum","tum",4,1,"do-viezť","viezť",1,0,2,1,"antidotum","antidoviezť"
975,"aré","aré-na","na",2,1,"jál-na","jál",1,0,0,1,"aréna","jálna"
18,"fakt","fakt-last_blank","last_blank",3,1,"zlec-last_blank","zlec",1,0,0,1,"artefakt","artezlec"
989,"nál","nál-last_blank","last_blank",3,9,"hľad-last_blank","hľad",9,0,1,1,"arzenál","arzehľad"
725,"rín","rín-last_blank","last_blank",3,10,"berg-last_blank","berg",10,0,1,1,"aspirín","aspiberg"
675,"naut","naut-last_blank","last_blank",2,2,"dikt-last_blank","dikt",2,0,0,1,"astronaut","astrodikt"
895,"first_blank","first_blank-ató","ató",3,12,"first_blank-pies","pies",12,0,1,1,"atómový","piesmový"
19,"tív","tív-ny","ny",4,27,"prázd-ny","prázd",3,24,2,1,"atraktívny","atrakprázdny"
666,"first_blank","first_blank-auk","auk",2,5,"first_blank-ote","ote",5,0,0,1,"aukcia","otecia"
21,"gram","gram-last_blank","last_blank",3,12,"dách-last_blank","dách",12,0,0,1,"autogram","autodách"
20,"tor","tor-last_blank","last_blank",2,107,"vaš-last_blank","vaš",106,1,0,1,"autor","auvaš"
652,"bi","bi-ka","ka",3,3,"kvap-ka","kvap",3,0,2,1,"bábika","bákvapka"
366,"ba","ba-by","by",2,6,"ba-ter","ter",5,1,1,1,"baby","bater"
696,"first_blank","first_blank-bah","bah",2,5,"first_blank-jin","jin",5,0,0,1,"bahno","jinno"
23,"nán","nán-last_blank","last_blank",2,1,"ute-last_blank","ute",1,0,0,1,"banán","baute"
24,"ban","ban-der","der",2,1,"chu-der","chu",1,0,0,1,"bander","chuder"
25,"first_blank","first_blank-ban","ban",3,65,"first_blank-elek","elek",64,1,1,1,"bankový","elekkový"
756,"rón","rón-last_blank","last_blank",2,6,"eho-last_blank","eho",6,0,0,1,"barón","baeho"
497,"first_blank","first_blank-bas","bas",3,27,"first_blank-dvoj","dvoj",27,0,1,1,"basketbal","dvojketbal"
532,"first_blank","first_blank-bás","bás",2,13,"first_blank-nej","nej",13,0,0,1,"básnik","nejnik"
575,"tón","tón-last_blank","last_blank",2,7,"hie-last_blank","hie",7,0,0,1,"betón","behie"
922,"moc","moc-ný","ný",3,8,"stup-ný","stup",7,1,1,1,"bezmocný","bezstupný"
728,"peč","peč-ný","ný",3,3,"vhod-ný","vhod",3,0,1,1,"bezpečný","bezvhodný"
501,"first_blank","first_blank-bib","bib",2,10,"first_blank-čís","čís",10,0,0,1,"biblia","číslia"
322,"first_blank","first_blank-bie","bie",2,28,"first_blank-plo","plo",28,0,0,1,"biely","ploly"
498,"kup","kup-last_blank","last_blank",2,4,"not-last_blank","not",4,0,0,1,"biskup","bisnot"
416,"zon","zon-last_blank","last_blank",2,4,"plo-last_blank","plo",4,0,0,1,"blázon","bláplo"
151,"bl","bl-es","es",1,2,"ch-es","ch",2,0,0,1,"blesk","chesk"
221,"bo","bo-d","d",1,1,"ed-d","ed",1,0,0,1,"bod","edd"
121,"ha","ha-last_blank","last_blank",2,139,"ter-last_blank","ter",140,1,1,1,"boha","boter"
54,"jo","jo-vať","vať",3,9,"jo-onov","onov",1,8,1,1,"bojovať","bojoonov"
359,"first_blank","first_blank-bom","bom",2,32,"first_blank-hen","hen",32,0,0,1,"bomba","henba"
709,"bo","bo-nus","nus",2,1,"bo-žín","žín",1,0,0,1,"bonus","božín"
395,"bo","bo-x","x",1,1,"ra-x","ra",1,0,0,1,"box","rax"
465,"zk","zk-last_blank","last_blank",1,1,"tă-last_blank","tă",1,0,0,1,"bozk","botă"
888,"first_blank","first_blank-brav","brav",5,7,"first_blank-pneuma","pneuma",8,1,2,1,"bravčové mäso","pneumačové mäso"
31,"first_blank","first_blank-bra","bra",2,64,"first_blank-for","for",64,0,0,1,"bravo","forvo"
668,"first_blank","first_blank-bru","bru",3,35,"first_blank-zmie","zmie",35,0,1,1,"brutálny","zmietálny"
506,"nosť","nosť-last_blank","last_blank",3,174,"skej-last_blank","skej",138,36,0,1,"budúcnosť","budúcskej"
643,"bun","bun-ka","ka",2,2,"leč-ka","leč",2,0,0,1,"bunka","lečka"
312,"ča","ča-kať","kať",2,2,"ča-cia","cia",2,0,0,1,"čakať","čacia"
740,"ro","ro-last_blank","last_blank",2,110,"sky-last_blank","sky",110,0,1,1,"čaro","časky"
708,"first_blank","first_blank-čaš","čaš",2,11,"first_blank-krv","krv",11,0,0,1,"čašník","krvník"
39,"leb","leb-ri","ri",4,6,"chiat-ri","chiat",1,5,2,1,"celebrity","cechiatrity"
688,"cel","cel-kom","kom",2,1,"väz-kom","väz",1,0,0,1,"celkom","väzkom"
40,"ce","ce-ment","ment",2,1,"ce-zien","zien",1,0,0,1,"cement","cezien"
488,"cen","cen-ný","ný",2,5,"sob-ný","sob",5,0,0,1,"cenný","sobný"
905,"tv","tv-ý","ý",1,1,"sk-ý","sk",1,0,0,1,"čerstvý","čersský"
939,"rv","rv-last_blank","last_blank",1,5,"uh-last_blank","uh",5,0,0,1,"červ","čeuh"
324,"first_blank","first_blank-čer","čer",3,72,"first_blank-fran","fran",75,3,1,1,"červený","franvený"
840,"nak","nak-last_blank","last_blank",2,3,"roš-last_blank","roš",3,0,0,1,"cesnak","cesroš"
253,"ces","ces-ta","ta",2,2,"tan-ta","tan",2,0,0,1,"cesta","tanta"
669,"first_blank","first_blank-ces","ces",4,56,"first_blank-strie","strie",53,3,2,1,"cestujúci","strietujúci"
452,"first_blank","first_blank-cha","cha",2,99,"first_blank-nad","nad",99,0,0,1,"chaos","nados"
626,"first_blank","first_blank-ché","ché",2,4,"first_blank-pis","pis",4,0,0,1,"chémia","pismia"
627,"first_blank","first_blank-che","che",3,60,"first_blank-zdra","zdra",56,4,1,1,"chemický","zdramický"
334,"rurg","rurg-last_blank","last_blank",2,2,"card-last_blank","card",2,0,0,1,"chirurg","chicard"
30,"first_blank","first_blank-chlap","chlap",2,26,"first_blank-chris","chris",26,0,0,1,"chlapci","chrisci"
481,"ch","ch-li","li",1,2,"mk-li","mk",2,0,0,1,"chlieb","mklieb"
810,"cho","cho-rý","rý",2,2,"pok-rý","pok",1,1,0,1,"chorý","pokrý"
521,"ch","ch-rá","rá",1,2,"ta-rá","ta",2,0,0,1,"chrám","tarám"
440,"niť","niť-last_blank","last_blank",2,132,"kej-last_blank","kej",131,1,0,1,"chrániť","chrákej"
112,"first_blank","first_blank-chríp","chríp",2,5,"first_blank-chlas","chlas",5,0,0,1,"chrípka","chlaska"
924,"chu","chu-do","do",3,5,"liar-do","liar",3,2,1,1,"chudoba","liardoba"
412,"dob","dob-ný","ný",3,9,"stup-ný","stup",7,2,1,1,"chudobný","chustupný"
443,"uť","uť-last_blank","last_blank",1,3,"ús-last_blank","ús",3,0,0,1,"chuť","chús"
785,"first_blank","first_blank-chut","chut",2,12,"first_blank-rozt","rozt",12,0,0,1,"chutný","roztný"
782,"first_blank","first_blank-chy","chy",2,52,"first_blank-rov","rov",52,0,0,1,"chyba","rovba"
45,"first_blank","first_blank-či","či",1,48,"first_blank-th","th",48,0,0,1,"čip","thp"
759,"sár","sár-sky","sky",3,2,"sár-ňach","ňach",1,1,1,1,"cisársky","cisárňach"
409,"first_blank","first_blank-čís","čís",2,10,"first_blank-pru","pru",10,0,0,1,"číslo","prulo"
47,"čis","čis-tý","tý",2,3,"uži-tý","uži",3,0,0,1,"čistý","užitý"
239,"ta","ta-nie","nie",3,36,"ta-stro","stro",9,27,1,1,"čítanie","čítastro"
328,"tať","tať-last_blank","last_blank",2,80,"dov-last_blank","dov",80,0,0,1,"čítať","čídov"
487,"first_blank","first_blank-člá","člá",2,1,"first_blank-váľ","váľ",1,0,0,1,"článok","váľnok"
480,"čl","čl-en","en",1,1,"ag-en","ag",1,0,0,1,"člen","agen"
315,"first_blank","first_blank-čo","čo",1,40,"first_blank-lí","lí",41,1,0,1,"čo","lí"
648,"kor","kor-last_blank","last_blank",2,2,"dán-last_blank","dán",2,0,0,1,"cukor","cudán"
930,"ko","ko-hľad","hľad",4,1,"ko-streľ","streľ",1,0,1,1,"ďalekohľad","ďalekostreľ"
687,"dá","dá-ta","ta",2,3,"kis-ta","kis",3,0,1,1,"dáta","kista"
866,"da","da-v","v",1,1,"lú-v","lú",1,0,0,1,"dav","lúv"
579,"first_blank","first_blank-dáv","dáv",2,19,"first_blank-oko","oko",19,0,0,1,"dávka","okoka"
373,"žď","žď-last_blank","last_blank",1,1,"fú-last_blank","fú",1,0,0,1,"dážď","dáfú"
390,"first_blank","first_blank-dcé","dcé",2,11,"first_blank-piš","piš",11,0,0,1,"dcéra","pišra"
134,"dič","dič-stvo","stvo",3,1,"dič-ných","ných",1,0,0,1,"dedičstvo","dedičných"
423,"ded","ded-ko","ko",2,2,"bun-ko","bun",2,0,0,1,"dedko","bunko"
530,"de","de-ka","ka",2,5,"mič-ka","mič",5,0,1,1,"deka","mička"
751,"kan","kan-last_blank","last_blank",2,6,"gor-last_blank","gor",6,0,0,1,"dekan","degor"
879,"kát","kát-ny","ny",4,2,"smieš-ny","smieš",2,0,2,1,"delikátny","delismiešny"
657,"den","den-ník","ník",2,2,"kaz-ník","kaz",2,0,0,1,"denník","kazník"
906,"si","si-vý","vý",3,2,"popr-vý","popr",2,0,2,1,"desivý","depoprvý"
987,"ná","ná-tor","tor",4,11,"ná-plasť","plasť",1,10,2,1,"detonátor","detonáplasť"
570,"zert","zert-last_blank","last_blank",2,1,"gorn-last_blank","gorn",1,0,0,1,"dezert","degorn"
569,"mant","mant-last_blank","last_blank",2,1,"mial-last_blank","mial",1,0,0,1,"diamant","diamial"
748,"first_blank","first_blank-diel","diel",2,5,"first_blank-wins","wins",5,0,0,1,"dielňa","winsňa"
339,"first_blank","first_blank-diev","diev",2,44,"first_blank-tech","tech",44,0,0,2,"dievča","techča"
850,"first_blank","first_blank-dip","dip",2,18,"first_blank-pub","pub",18,0,0,1,"diplom","publom"
962,"first_blank","first_blank-dn","dn",1,10,"first_blank-vs","vs",10,0,0,1,"dna","vsa"
676,"first_blank","first_blank-dne","dne",2,1,"first_blank-máv","máv",1,0,0,1,"dnešok","mávšok"
654,"nosť","nosť-last_blank","last_blank",4,174,"ských-last_blank","ských",62,112,1,1,"dobročinnosť","dobročinských"
827,"voľ","voľ-ník","ník",4,2,"stred-ník","stred",1,1,2,1,"dobrovoľník","dobrostredník"
581,"first_blank","first_blank-dob","dob",2,79,"first_blank-kra","kra",79,0,0,1,"dobrý","krarý"
714,"cho","cho-dok","dok",3,1,"cho-vých","vých",1,0,1,1,"dôchodok","dôchových"
143,"do","do-jem","jem",2,4,"do-mil","mil",4,0,0,1,"dojem","domil"
799,"kaz","kaz-last_blank","last_blank",2,9,"luj-last_blank","luj",9,0,0,1,"dôkaz","dôluj"
87,"do","do-le","le",2,13,"do-pus","pus",12,1,1,1,"dole","dopus"
582,"do","do-m","m",1,1,"or-m","or",1,0,0,1,"dom","orm"
815,"pyt","pyt-last_blank","last_blank",2,1,"ute-last_blank","ute",1,0,0,1,"dopyt","doute"
811,"do","do-slo","slo",3,2,"do-bách","bách",2,0,1,1,"doslova","dobáchva"
880,"spe","spe-lý","lý",3,3,"trva-lý","trva",2,1,1,1,"dospelý","dotrvalý"
961,"ci","ci-last_blank","last_blank",5,590,"sworth-last_blank","sworth",3,587,4,1,"dospievajúci","dospievajúsworth"
95,"do","do-sť","sť",2,1,"do-her","her",1,0,1,1,"dosť","doher"
734,"ub","ub-le","le",3,2,"brad-le","brad",2,0,2,1,"double","dobradle"
303,"ro","ro-vať","vať",4,59,"ro-idoch","idoch",1,58,2,1,"dôverovať","dôveroidoch"
240,"vod","vod-last_blank","last_blank",2,15,"net-last_blank","net",15,0,0,1,"dôvod","dônet"
559,"dra","dra-hý","hý",2,2,"roz-hý","roz",3,1,0,1,"drahý","rozhý"
88,"dr","dr-ak","ak",1,1,"dr-že","že",1,0,0,1,"drak","drže"
426,"first_blank","first_blank-drá","drá",2,14,"first_blank-lop","lop",14,0,0,1,"dráma","lopma"
89,"dra","dra-ma","ma",4,14,"check-ma","check",1,13,2,1,"dramatický","checkmatický"
263,"first_blank","first_blank-dru","dru",2,42,"first_blank-tvo","tvo",42,0,0,1,"druhý","tvohý"
137,"žať","žať-last_blank","last_blank",2,22,"don-last_blank","don",22,0,0,1,"držať","drdon"
466,"ša","ša-last_blank","last_blank",2,71,"kým-last_blank","kým",71,0,1,1,"duša","dukým"
434,"šev","šev-ný","ný",3,1,"bliž-ný","bliž",1,0,1,1,"duševný","dubližný"
306,"first_blank","first_blank-dv","dv",1,9,"first_blank-sw","sw",9,0,0,1,"dva","swa"
726,"first_blank","first_blank-dv","dv",1,9,"first_blank-tó","tó",9,0,0,1,"dvd","tód"
275,"dy","dy-m","m",1,1,"hé-m","hé",1,0,0,1,"dym","hém"
945,"nas","nas-tie","tie",3,1,"scot-tie","scot",1,0,1,1,"dynastie","dyscottie"
499,"first_blank","first_blank-dž","dž",1,9,"first_blank-gy","gy",9,0,0,1,"džez","gyez"
147,"íp","íp-last_blank","last_blank",1,2,"jn-last_blank","jn",2,0,0,1,"džíp","džjn"
694,"gľa","gľa-last_blank","last_blank",2,2,"wny-last_blank","wny",2,0,0,1,"džungľa","džunwny"
878,"first_blank","first_blank-eli","eli",4,30,"first_blank-ospra","ospra",30,0,2,1,"eliminácia","ospraminácia"
820,"es","es-ko","ko",1,2,"ľe-ko","ľe",2,0,0,1,"eskort","ľekort"
926,"first_blank","first_blank-evo","evo",3,9,"first_blank-zlik","zlik",9,0,1,1,"evolúcia","zliklúcia"
381,"first_blank","first_blank-expe","expe",5,25,"first_blank-ochran","ochran",27,2,2,1,"experimentovať","ochranrimentovať"
948,"tra","tra-last_blank","last_blank",2,24,"len-last_blank","len",24,0,0,1,"extra","exlen"
102,"trém","trém-ne","ne",3,2,"stup-ne","stup",2,0,0,1,"extrémne","exstupne"
670,"first_blank","first_blank-fak","fak",2,18,"first_blank-väč","väč",18,0,0,1,"faktor","väčtor"
104,"loš","loš-ný","ný",3,2,"znač-ný","znač",2,0,1,1,"falošný","faznačný"
702,"first_blank","first_blank-fá","fá",2,12,"first_blank-hoj","hoj",12,0,1,1,"fáza","hojza"
106,"rál","rál-ny","ny",4,8,"miest-ny","miest",2,6,2,1,"federálny","fedemiestny"
212,"mén","mén-last_blank","last_blank",3,1,"žiam-last_blank","žiam",1,0,1,1,"fenomén","fenožiam"
731,"fé","fé-r","r",1,1,"ar-r","ar",1,0,0,1,"fér","arr"
213,"zo","zo-fia","fia",4,1,"zo-strel","strel",1,0,2,1,"filozofia","filozostrel"
996,"ečný","ečný-last_blank","last_blank",6,1,"čerstviť-last_blank","čerstviť",1,0,4,1,"finálny, konečný","finálny, končerstviť"
985,"nanč","nanč-ne","ne",3,1,"gwai-ne","gwai",1,0,0,1,"finančne","figwaine"
108,"nan","nan-co","co",4,12,"štvor-co","štvor",4,8,2,1,"financovať","fištvorcovať"
109,"first_blank","first_blank-fir","fir",2,9,"first_blank-hli","hli",9,0,0,1,"firma","hlima"
595,"rát","rát-last_blank","last_blank",4,11,"field-last_blank","field",12,1,2,1,"fotoaparát","fotoapafield"
621,"fo","fo-x","x",1,1,"ra-x","ra",1,0,0,1,"fox","rax"
892,"first_blank","first_blank-frag","frag",2,2,"first_blank-udaj","udaj",2,0,0,1,"fragment","udajment"
899,"jer","jer-last_blank","last_blank",2,1,"kíz-last_blank","kíz",1,0,0,1,"frajer","frakíz"
577,"first_blank","first_blank-frek","frek",3,7,"first_blank-klin","klin",7,0,0,1,"frekvencia","klinvencia"
214,"zi","zi-ka","ka",3,3,"kvap-ka","kvap",3,0,2,1,"fyzika","fykvapka"
496,"ria","ria-last_blank","last_blank",3,100,"kých-last_blank","kých",100,0,1,1,"galéria","galékých"
601,"ga","ga-ng","ng",1,1,"ga-jú","jú",1,0,0,1,"gang","gajú"
353,"tor","tor-last_blank","last_blank",4,107,"ských-last_blank","ských",62,45,2,1,"generátor","generáských"
118,"nius","nius-last_blank","last_blank",2,5,"liam-last_blank","liam",5,0,0,1,"génius","géliam"
119,"first_blank","first_blank-ges","ges",2,6,"first_blank-jaš","jaš",6,0,0,1,"gesto","jašto"
404,"lf","lf-last_blank","last_blank",1,10,"bý-last_blank","bý",10,0,0,1,"golf","gobý"
704,"sip","sip-last_blank","last_blank",2,1,"iem-last_blank","iem",1,0,0,1,"gossip","gosiem"
333,"nér","nér-last_blank","last_blank",3,3,"mieť-last_blank","mieť",3,0,1,1,"guvernér","guvermieť"
49,"drič","drič-ko","ko",3,1,"stac-ko","stac",1,0,0,1,"handričko","hanstacko"
873,"ha","ha-zard","zard",4,5,"ha-wkins","wkins",1,4,1,1,"hazardné hry","hawkinsné hry"
573,"first_blank","first_blank-hel","hel",2,14,"first_blank-kap","kap",14,0,0,1,"helma","kapma"
897,"first_blank","first_blank-hi","hi",1,46,"first_blank-čí","čí",46,0,0,1,"hit","čít"
920,"first_blank","first_blank-hl","hl",1,34,"first_blank-ľu","ľu",34,0,0,1,"hlad","ľuad"
898,"first_blank","first_blank-hl","hl",1,34,"first_blank-mí","mí",34,0,0,1,"hlas","mías"
376,"uk","uk-last_blank","last_blank",1,12,"ps-last_blank","ps",12,0,0,1,"hluk","hlps"
642,"first_blank","first_blank-hmot","hmot",2,4,"first_blank-žmur","žmur",4,0,0,1,"hmotnosť","žmurnosť"
935,"first_blank","first_blank-hnač","hnač",2,3,"first_blank-emoč","emoč",3,0,0,1,"hnačka","emočka"
33,"first_blank","first_blank-hne","hne",2,22,"first_blank-cir","cir",22,0,0,1,"hnedý","cirdý"
690,"first_blank","first_blank-hn","hn",1,14,"first_blank-ac","ac",14,0,0,1,"hnev","acev"
182,"first_blank","first_blank-hniez","hniez",2,9,"first_blank-orien","orien",9,0,0,1,"hniezdo","oriendo"
887,"first_blank","first_blank-hob","hob",2,4,"first_blank-ski","ski",4,0,0,1,"hobby","skiby"
311,"first_blank","first_blank-hod","hod",3,53,"first_blank-upra","upra",54,1,1,1,"hodnota","upranota"
84,"first_blank","first_blank-hoj","hoj",2,12,"first_blank-váš","váš",12,0,0,1,"hojnosť","vášnosť"
793,"món","món-last_blank","last_blank",2,3,"ors-last_blank","ors",3,0,0,1,"hormón","horors"
140,"ror","ror-last_blank","last_blank",2,6,"lio-last_blank","lio",6,0,0,1,"horor","holio"
346,"rú","rú-ci","ci",3,1,"star-ci","star",1,0,2,1,"horúci","hostarci"
341,"ho","ho-tel","tel",2,1,"ho-aby","aby",1,0,0,1,"hotel","hoaby"
636,"to","to-vosť","vosť",3,2,"to-riek","riek",2,0,0,1,"hotovosť","hotoriek"
665,"first_blank","first_blank-hra","hra",3,68,"first_blank-skon","skon",68,0,1,1,"hranica","skonnica"
436,"hr","hr-ať","ať",1,1,"mi-ať","mi",1,0,0,1,"hrať","miať"
135,"di","di-na","na",3,21,"mest-na","mest",16,5,2,1,"hrdina","hrmestna"
604,"first_blank","first_blank-hrd","hrd",2,10,"first_blank-pál","pál",10,0,0,1,"hrdlo","pállo"
233,"hr","hr-dý","dý",2,1,"hr-nul","nul",1,0,1,1,"hrdý","hrnul"
791,"dza","dza-vý","vý",3,1,"ľsti-vý","ľsti",1,0,1,1,"hrdzavý","hrľstivý"
270,"hr","hr-ie","ie",1,1,"hr-íb","íb",1,0,0,1,"hriech","hríbch"
556,"ob","ob-last_blank","last_blank",1,7,"ľe-last_blank","ľe",7,0,0,1,"hrob","hrľe"
370,"first_blank","first_blank-hroz","hroz",2,27,"first_blank-uvoľ","uvoľ",27,0,0,1,"hrozný","uvoľný"
942,"kán","kán-last_blank","last_blank",3,5,"riam-last_blank","riam",5,0,1,1,"hurikán","huririam"
890,"hu","hu-siť","siť",2,1,"hu-ana","ana",1,0,0,1,"husiť","huana"
364,"first_blank","first_blank-ide","ide",3,20,"first_blank-krát","krát",20,0,1,1,"ideálny","krátálny"
917,"first_blank","first_blank-ih","ih",2,19,"first_blank-mac","mac",19,0,1,1,"ihla","macla"
142,"first_blank","first_blank-ilú","ilú",2,6,"first_blank-vrh","vrh",6,0,0,1,"ilúzia","vrhzia"
619,"po","po-zant","zant",4,3,"po-chmúr","chmúr",3,0,1,1,"impozantný","impochmúrný"
519,"dent","dent-last_blank","last_blank",3,8,"boch-last_blank","boch",8,0,0,1,"incident","inciboch"
92,"in","in-de","de",2,2,"pra-de","pra",2,0,1,1,"inde","prade"
617,"in","in-špek","špek",3,11,"in-dián","dián",11,0,0,1,"inšpektor","indiántor"
719,"špi","špi-ro","ro",4,9,"synch-ro","synch",5,4,2,1,"inšpirovať","insynchrovať"
925,"štinkt","štinkt-last_blank","last_blank",2,1,"wright-last_blank","wright",1,0,0,2,"inštinkt","inwright"
594,"gent","gent-ný","ný",5,2,"ochran-ný","ochran",2,0,2,1,"inteligentný","inteliochranný"
741,"net","net-last_blank","last_blank",3,15,"hoch-last_blank","hoch",15,0,1,1,"internet","interhoch"
534,"vá","vá-zia","zia",3,1,"vá-hach","hach",1,0,1,1,"invázia","inváhach"
495,"nier","nier-last_blank","last_blank",3,6,"stúp-last_blank","stúp",6,0,0,1,"inžinier","inžistúp"
672,"first_blank","first_blank-iró","iró",2,4,"first_blank-odô","odô",4,0,0,1,"irónia","odônia"
745,"bl","bl-ko","ko",3,3,"strý-ko","strý",3,0,2,1,"jablko","jastrýko"
517,"ja","ja-r","r",1,1,"ló-r","ló",1,0,0,1,"jar","lór"
48,"jas","jas-ne","ne",2,3,"dze-ne","dze",3,0,0,1,"jasne","dzene"
195,"den","den-last_blank","last_blank",2,35,"lať-last_blank","lať",35,0,0,1,"jeden","jelať"
271,"neč","neč-ný","ný",4,7,"stran-ný","stran",5,2,2,1,"jedinečný","jedistranný"
797,"jed","jed-lo","lo",2,2,"sla-lo","sla",2,0,0,1,"jedlo","slalo"
637,"cho","cho-last_blank","last_blank",4,23,"field-last_blank","field",12,11,2,1,"jednoducho","jednodufield"
646,"not","not-ka","ka",3,3,"krýv-ka","krýv",3,0,1,1,"jednotka","jedkrývka"
721,"jó","jó-ga","ga",2,1,"rur-ga","rur",1,0,1,1,"jóga","rurga"
717,"cia","cia-last_blank","last_blank",4,265,"ských-last_blank","ských",62,203,2,1,"jurisdikcia","jurisdikských"
673,"first_blank","first_blank-juž","juž",2,13,"first_blank-sop","sop",13,0,0,1,"južný","sopný"
531,"bel","bel-last_blank","last_blank",2,11,"fie-last_blank","fie",11,0,0,1,"kábel","káfie"
34,"bí","bí-na","na",3,4,"onál-na","onál",4,0,2,1,"kabína","kaonálna"
928,"net","net-last_blank","last_blank",3,15,"chod-last_blank","chod",15,0,1,1,"kabinet","kabichod"
713,"dár","dár-last_blank","last_blank",3,5,"liam-last_blank","liam",5,0,1,1,"kalendár","kalenliam"
35,"ber","ber-last_blank","last_blank",3,36,"nách-last_blank","nách",36,0,1,1,"kaliber","kalinách"
870,"paň","paň-last_blank","last_blank",2,1,"omi-last_blank","omi",1,0,0,1,"kampaň","kamomi"
44,"nál","nál-last_blank","last_blank",2,9,"ted-last_blank","ted",9,0,0,1,"kanál","kated"
42,"lár","lár-last_blank","last_blank",3,7,"mych-last_blank","mych",7,0,1,1,"kancelár","kancemych"
874,"dát","dát-last_blank","last_blank",3,2,"hens-last_blank","hens",2,0,1,1,"kandidát","kandihens"
882,"ci","ci-ta","ta",4,5,"ci-ových","ových",1,4,3,1,"kapacita","kapaciových"
651,"tál","tál-last_blank","last_blank",3,7,"ňach-last_blank","ňach",7,0,1,1,"kapitál","kapiňach"
847,"first_blank","first_blank-kap","kap",3,14,"first_blank-vzác","vzác",14,0,1,1,"kapsula","vzácsula"
475,"ka","ka-ri","ri",4,15,"ka-zachs","zachs",3,12,3,1,"kariéra","kazachséra"
37,"kar","kar-ne","ne",3,3,"trál-ne","trál",3,0,1,1,"karneval","trálneval"
838,"šeľ","šeľ-last_blank","last_blank",2,1,"omi-last_blank","omi",1,0,0,1,"kašeľ","kaomi"
38,"lík","lík-last_blank","last_blank",3,24,"chať-last_blank","chať",24,0,1,1,"katolík","katochať"
722,"ria","ria-last_blank","last_blank",4,100,"ských-last_blank","ských",62,38,2,1,"kavaléria","kavaléských"
727,"zár","zár-last_blank","last_blank",2,1,"gye-last_blank","gye",1,0,0,1,"kazár","kagye"
943,"čup","čup-last_blank","last_blank",2,1,"hir-last_blank","hir",1,0,0,1,"kečup","kehir"
757,"first_blank","first_blank-ki","ki",2,83,"first_blank-veľ","veľ",84,1,1,1,"kilo","veľlo"
406,"me","me-ter","ter",4,8,"me-diant","diant",1,7,2,1,"kilometer","kilomediant"
615,"ki","ki-no","no",2,3,"pso-no","pso",3,0,1,1,"kino","psono"
706,"kl","kl-an","an",1,1,"kl-im","im",1,0,0,1,"klan","klim"
451,"vír","vír-last_blank","last_blank",2,2,"táč-last_blank","táč",2,0,0,1,"klavír","klatáč"
561,"first_blank","first_blank-kliat","kliat",2,5,"first_blank-skrat","skrat",5,0,0,1,"kliatba","skratba"
656,"first_blank","first_blank-kli","kli",2,47,"first_blank-upo","upo",47,0,0,1,"klinec","uponec"
511,"kl","kl-ub","ub",1,1,"kl-ie","ie",1,0,0,1,"klub","klie"
467,"first_blank","first_blank-kľú","kľú",2,19,"first_blank-dot","dot",19,0,0,1,"kľúče","dotče"
150,"first_blank","first_blank-kniž","kniž",3,14,"first_blank-zmys","zmys",14,0,0,1,"knižnica","zmysnica"
515,"kó","kó-d","d",1,1,"rl-d","rl",1,0,0,1,"kód","rld"
351,"ín","ín-last_blank","last_blank",3,7,"ster-last_blank","ster",7,0,2,1,"kokaín","kokaster"
362,"le","le-ga","ga",3,4,"le-čieš","čieš",4,0,2,1,"kolega","kolečieš"
624,"nia","nia-last_blank","last_blank",3,608,"skej-last_blank","skej",138,470,1,1,"kolónia","kolóskej"
700,"ná","ná-cia","cia",4,12,"ná-vrhár","vrhár",3,9,2,1,"kombinácia","kombinávrhár"
822,"tár","tár-last_blank","last_blank",3,11,"cích-last_blank","cích",11,0,1,1,"komentár","komencích"
384,"mi","mi-sia","sia",3,2,"mi-lých","lých",2,0,1,1,"komisia","komilých"
790,"pas","pas-last_blank","last_blank",2,7,"rár-last_blank","rár",7,0,0,1,"kompas","komrár"
667,"ment","ment-last_blank","last_blank",3,29,"lých-last_blank","lých",29,0,0,1,"kompliment","komplilých"
911,"kon","kon-cep","cep",3,9,"kon-fron","fron",8,1,1,1,"koncepcia","konfroncia"
382,"ren","ren-cia","cia",4,3,"ren-tnosť","tnosť",1,2,2,1,"konferencia","konferentnosť"
778,"flikt","flikt-last_blank","last_blank",2,1,"umiet-last_blank","umiet",1,0,0,1,"konflikt","konumiet"
94,"niec","niec-last_blank","last_blank",2,5,"lium-last_blank","lium",5,0,0,1,"koniec","kolium"
703,"kon","kon-špi","špi",4,5,"kon-trast","trast",1,4,2,1,"konšpirácia","kontrastrácia"
510,"takt","takt-last_blank","last_blank",2,1,"tell-last_blank","tell",1,0,0,1,"kontakt","kontell"
993,"kon","kon-ta","ta",5,10,"vychvs-ta","vychvs",1,9,3,1,"kontaminácia","vychvstaminácia"
66,"tro","tro-la","la",3,3,"svet-la","svet",3,0,1,1,"kontrola","konsvetla"
512,"kon","kon-ver","ver",4,12,"kon-štant","štant",1,11,2,1,"konverzácia","konštantzácia"
932,"tív","tív-ny","ny",5,27,"zvlášt-ny","zvlášt",2,25,3,1,"konzervatívny","konzervazvláštny"
644,"pať","pať-last_blank","last_blank",2,42,"ňou-last_blank","ňou",42,0,0,1,"kopať","koňou"
424,"pec","pec-last_blank","last_blank",2,7,"dio-last_blank","dio",7,0,0,1,"kopec","kodio"
228,"risť","risť-last_blank","last_blank",2,1,"krie-last_blank","krie",1,0,0,1,"korisť","kokrie"
75,"ru","ru-na","na",3,1,"mier-na","mier",1,0,2,1,"koruna","komierna"
420,"še","še-ľa","ľa",3,1,"še-dých","dých",1,0,2,1,"košeľa","košedých"
449,"ko","ko-sť","sť",1,1,"ko-zá","zá",1,0,0,1,"kosť","kozá"
764,"first_blank","first_blank-kos","kos",2,41,"first_blank-sna","sna",41,0,0,1,"kostol","snatol"
889,"first_blank","first_blank-kot","kot",2,10,"first_blank-sia","sia",10,0,0,1,"kotva","siava"
801,"ko","ko-ža","ža",2,1,"ko-jíš","jíš",1,0,1,1,"koža","kojíš"
574,"dež","dež-last_blank","last_blank",2,3,"igh-last_blank","igh",3,0,0,1,"krádež","kráigh"
280,"krad","krad-núť","núť",2,3,"hryz-núť","hryz",3,0,0,1,"kradnúť","hryznúť"
587,"kra","kra-ji","ji",3,10,"osvo-ji","osvo",1,9,1,1,"krajina","osvojina"
330,"ľov","ľov-ná","ná",3,1,"žiad-ná","žiad",1,0,1,1,"kráľovná","krážiadná"
255,"ľov","ľov-ský","ský",3,2,"brit-ský","brit",2,0,1,1,"kráľovský","krábritský"
394,"krát","krát-ky","ky",2,3,"lien-ky","lien",3,0,0,2,"krátky","lienky"
564,"first_blank","first_blank-kra","kra",2,79,"first_blank-dob","dob",79,0,0,1,"krava","dobva"
71,"kr","kr-ém","ém",1,1,"kr-my","my",1,0,0,1,"krém","krmy"
533,"ík","ík-last_blank","last_blank",1,3,"uj-last_blank","uj",3,0,0,1,"krík","kruj"
74,"kri","kri-tic","tic",3,10,"elas-tic","elas",1,9,1,1,"kritický","elastický"
733,"mi","mi-vo","vo",3,1,"mi-riam","riam",1,0,2,1,"krmivo","krmiriam"
653,"uh","uh-last_blank","last_blank",1,5,"aa-last_blank","aa",5,0,0,1,"kruh","kraa"
397,"first_blank","first_blank-krú","krú",2,11,"first_blank-fos","fos",11,0,0,1,"krúžok","fosžok"
542,"kr","kr-v","v",1,1,"lú-v","lú",1,0,0,1,"krv","lúv"
402,"first_blank","first_blank-kul","kul",3,23,"first_blank-vraž","vraž",23,0,1,1,"kultúra","vražtúra"
368,"piť","piť-last_blank","last_blank",2,50,"lím-last_blank","lím",50,0,0,1,"kúpiť","kúlím"
641,"ku","ku-ra","ra",2,18,"pop-ra","pop",19,1,1,1,"kura","popra"
432,"lam","lam-pa","pa",2,2,"ska-pa","ska",2,0,0,1,"lampa","skapa"
965,"sag","sag-na","na",3,1,"kost-na","kost",1,0,1,1,"lasagna","lakostna"
760,"le","le-gie","gie",2,1,"le-ňom","ňom",1,0,0,1,"legie","leňom"
170,"kár","kár-sky","sky",3,3,"arab-sky","arab",1,2,1,1,"lekársky","learabsky"
148,"le","le-n","n",1,2,"or-n","or",2,0,0,1,"len","orn"
494,"first_blank","first_blank-les","les",3,34,"first_blank-oslo","oslo",34,0,1,1,"lesbička","oslobička"
358,"le","le-to","to",2,17,"le-gál","gál",16,1,1,1,"leto","legál"
507,"žať","žať-last_blank","last_blank",2,22,"káš-last_blank","káš",22,0,0,1,"ležať","lekáš"
893,"cho","cho-tiť","tiť",3,1,"utra-tiť","utra",1,0,1,1,"lichotiť","liutratiť"
918,"li","li-go","go",3,1,"li-šiak","šiak",1,0,2,1,"ligový","lišiakvý"
978,"mo","mo-ná","ná",4,4,"ochut-ná","ochut",4,0,3,1,"limonáda","liochutnáda"
555,"first_blank","first_blank-lís","lís",2,13,"first_blank-bor","bor",13,0,0,1,"lístok","bortok"
159,"lo","lo-ja","ja",4,5,"lo-prázd","prázd",1,4,3,1,"lojalita","loprázdlita"
613,"jál","jál-ny","ny",3,1,"kras-ny","kras",1,0,1,1,"lojálny","lokrasny"
141,"vec","vec-ký","ký",3,2,"slad-ký","slad",2,0,1,1,"lovecký","losladký"
952,"nár","nár-ny","ny",3,2,"diel-ny","diel",2,0,1,1,"lunárny","ludielny"
747,"ži","ži-ca","ca",3,1,"štet-ca","štet",1,0,2,1,"lyžica","lyštetca"
674,"ma","ma-fia","fia",2,1,"ma-vos","vos",1,0,0,1,"mafia","mavos"
160,"gia","gia-last_blank","last_blank",2,25,"ľal-last_blank","ľal",25,0,0,1,"mágia","máľal"
161,"first_blank","first_blank-mag","mag",4,32,"first_blank-ospra","ospra",30,2,2,1,"magnetický","ospranetický"
787,"nosť","nosť-last_blank","last_blank",4,174,"ských-last_blank","ských",62,112,1,1,"majestátnosť","majestátských"
41,"first_blank","first_blank-maj","maj",2,23,"first_blank-cie","cie",23,0,0,1,"majster","ciester"
771,"first_blank","first_blank-mäk","mäk",2,14,"first_blank-pán","pán",14,0,0,1,"mäkký","pánký"
206,"vať","vať-last_blank","last_blank",3,948,"ných-last_blank","ných",510,438,1,1,"maľovať","maľoných"
153,"ma","ma-lý","lý",2,4,"vis-lý","vis",4,0,1,1,"malý","vislý"
164,"žér","žér-last_blank","last_blank",3,2,"ních-last_blank","ních",2,0,1,1,"manažér","mananích"
437,"žel","žel-ka","ka",3,3,"zlie-ka","zlie",3,0,1,1,"manželka","manzlieka"
846,"ra","ra-tón","tón",3,1,"ra-doch","doch",1,0,1,1,"maratón","maradoch"
166,"rs","rs-last_blank","last_blank",1,7,"uč-last_blank","uč",7,0,0,1,"mars","mauč"
327,"mat","mat-ka","ka",2,2,"tom-ka","tom",2,0,0,1,"matka","tomka"
360,"me","me-č","č",1,1,"rš-č","rš",1,0,0,1,"meč","ršč"
138,"me","me-d","d",1,1,"áv-d","áv",1,0,0,1,"med","ávd"
372,"first_blank","first_blank-med","med",2,20,"first_blank-kop","kop",20,0,0,1,"medveď","kopveď"
146,"rod","rod-ný","ný",5,8,"úchvat-ný","úchvat",1,7,3,1,"medzinárodný","medzináúchvatný"
768,"sač","sač-ne","ne",3,1,"švih-ne","švih",1,0,1,1,"mesačne","mešvihne"
464,"siac","siac-last_blank","last_blank",2,3,"dzač-last_blank","dzač",3,0,0,1,"mesiac","medzač"
659,"tó","tó-da","da",3,2,"glen-da","glen",2,0,2,1,"metóda","meglenda"
584,"miest","miest-nosť","nosť",2,1,"stred-nosť","stred",1,0,0,3,"miestnosť","strednosť"
217,"mies","mies-to","to",2,4,"bais-to","bais",4,0,0,1,"miesto","baisto"
171,"first_blank","first_blank-mí","mí",1,34,"first_blank-ľu","ľu",34,0,0,1,"míľ","ľuľ"
173,"ón","ón-last_blank","last_blank",3,17,"dieť-last_blank","dieť",17,0,2,1,"milión","milidieť"
977,"onár","onár-last_blank","last_blank",3,6,"burn-last_blank","burn",6,0,0,1,"milionár","miliburn"
385,"ni","ni-mál","mál",4,7,"ni-ciach","ciach",9,2,2,1,"minimálny","miniciachny"
772,"mi","mi-sa","sa",2,5,"mi-che","che",5,0,1,1,"misa","miche"
562,"dež","dež-last_blank","last_blank",2,3,"vak-last_blank","vak",3,0,0,1,"mládež","mlávak"
172,"first_blank","first_blank-mlie","mlie",2,5,"first_blank-úsme","úsme",5,0,0,1,"mlieko","úsmeko"
456,"first_blank","first_blank-mn","mn",1,8,"first_blank-zp","zp",8,0,0,1,"mních","zpích"
936,"first_blank","first_blank-množ","množ",2,8,"first_blank-unik","unik",8,0,0,1,"množstvo","unikstvo"
541,"mo","mo-c","c",1,1,"or-c","or",1,0,0,1,"moc","orc"
174,"mó","mó-da","da",2,1,"mó-ciu","ciu",1,0,1,1,"móda","móciu"
683,"mo","mo-del","del",2,9,"mo-čia","čia",9,0,0,1,"model","močia"
175,"der","der-ný","ný",3,2,"kant-ný","kant",2,0,1,1,"moderný","mokantný"
986,"first_blank","first_blank-mód","mód",2,10,"first_blank-pás","pás",10,0,0,1,"módny","pásny"
447,"štrum","štrum-last_blank","last_blank",2,1,"stráž-last_blank","stráž",1,0,0,1,"monštrum","monstráž"
398,"re","re-last_blank","last_blank",2,341,"kov-last_blank","kov",339,2,1,1,"more","mokov"
845,"mor","mor-ský","ský",2,3,"čen-ský","čen",3,0,0,1,"morský","čenský"
514,"mo","mo-st","st",1,1,"mo-pe","pe",1,0,0,1,"most","mope"
818,"tív","tív-last_blank","last_blank",2,13,"kaš-last_blank","kaš",13,0,0,1,"motív","mokaš"
365,"týľ","týľ-last_blank","last_blank",2,1,"kyv-last_blank","kyv",1,0,0,1,"motýľ","mokyv"
168,"first_blank","first_blank-mož","mož",2,27,"first_blank-rie","rie",27,0,0,1,"možno","rieno"
763,"zog","zog-last_blank","last_blank",2,1,"haľ-last_blank","haľ",1,0,0,1,"mozog","mohaľ"
50,"mr","mr-ak","ak",1,1,"mr-zá","zá",1,0,0,1,"mrak","mrzá"
548,"hať","hať-last_blank","last_blank",2,43,"šom-last_blank","šom",43,0,0,1,"mrhať","mršom"
165,"mu","mu-ž","ž",1,2,"id-ž","id",2,0,0,1,"muž","idž"
491,"my","my-š","š",1,1,"to-š","to",1,0,0,1,"myš","toš"
352,"tus","tus-last_blank","last_blank",2,14,"ket-last_blank","ket",14,0,0,1,"mýtus","mýket"
320," juh"," juh-last_blank","last_blank",2,1,"fium-last_blank","fium",1,0,0,1,"na juh","nafium"
139,"dej","dej-last_blank","last_blank",2,16,"gov-last_blank","gov",16,0,0,1,"nádej","nágov"
415,"her","her-ný","ný",3,3,"nost-ný","nost",3,0,1,1,"nádherný","nádnostný"
345,"dor","dor-last_blank","last_blank",2,16,"ves-last_blank","ves",16,0,0,1,"nádor","náves"
959,"dze","dze-ný","ný",5,9,"ochran-ný","ochran",2,7,3,1,"nadprirodzený","nadpriroochranný"
288,"drž","drž-last_blank","last_blank",2,8,"rio-last_blank","rio",8,0,0,1,"nádrž","nário"
715,"nad","nad-še","še",3,9,"vzne-še","vzne",11,2,1,1,"nadšenie","vznešenie"
765,"first_blank","first_blank-náh","náh",2,29,"first_blank-gar","gar",29,0,0,1,"náhle","garle"
938,"hod","hod-ne","ne",3,21,"tiah-ne","tiah",18,3,1,1,"náhodne","nátiahne"
244,"hra","hra-diť","diť",3,2,"vzbu-diť","vzbu",2,0,1,1,"nahradiť","navzbudiť"
844,"hý","hý-last_blank","last_blank",2,9,"lii-last_blank","lii",9,0,1,1,"nahý","nalii"
177,"iv","iv-ný","ný",3,1,"lent-ný","lent",1,0,2,1,"naivný","nalentný"
982,"jom","jom-ník","ník",3,3,"úrad-ník","úrad",2,1,1,1,"nájomník","náúradník"
110,"rv","rv-last_blank","last_blank",1,5,"ic-last_blank","ic",5,0,0,1,"najprv","najpic"
860,"niec","niec-last_blank","last_blank",3,5,"dach-last_blank","dach",5,0,0,1,"nakoniec","nakodach"
767,"po","po-vať","vať",4,22,"po-slúch","slúch",8,14,2,1,"nakupovať","nakuposlúch"
661,"lie","lie-ha","ha",4,22,"ostri-ha","ostri",4,18,2,1,"naliehavý","naostrihavý"
869,"žiť","žiť-last_blank","last_blank",3,70,"ších-last_blank","ších",69,1,1,1,"naložiť","naloších"
990,"mor","mor-ný","ný",3,1,"renz-ný","renz",1,0,1,1,"námorný","nárenzný"
354,"pad","pad-last_blank","last_blank",2,13,"ťák-last_blank","ťák",13,0,0,1,"nápad","náťák"
762,"pad","pad-núť","núť",3,8,"hryz-núť","hryz",3,5,1,1,"napadnúť","nahryznúť"
781,"ra","ra-die","die",3,2,"ra-cích","cích",2,0,1,1,"náradie","náracích"
29,"de","de-nie","nie",4,69,"de-štruk","štruk",6,63,2,1,"narodenie","narodeštruk"
179,"rod","rod-ný","ný",3,8,"stup-ný","stup",7,1,1,1,"národný","nástupný"
883,"stať","stať-last_blank","last_blank",2,6,"rial-last_blank","rial",6,0,0,1,"nastať","narial"
946,"cia","cia-last_blank","last_blank",4,265,"ských-last_blank","ských",62,203,2,1,"navigácia","navigáských"
912,"vr","vr-hnúť","hnúť",3,3,"vr-chom","chom",2,1,0,1,"navrhnúť","navrchom"
589,"na","na-ži","ži",3,3,"na-sved","sved",3,0,2,1,"nažive","nasvedve"
178,"zov","zov-last_blank","last_blank",2,26,"ľať-last_blank","ľať",26,0,0,1,"názov","náľať"
232,"teľ","teľ-nosť","nosť",4,8,"teľ-stvom","stvom",3,5,1,1,"nehnuteľnosť","nehnuteľstvom"
340,"moc","moc-ni","ni",4,8,"priaz-ni","priaz",6,2,2,1,"nemocnica","nepriaznica"
550,"mož","mož-ný","ný",3,4,"chyb-ný","chyb",4,0,1,1,"nemožný","nechybný"
355,"visť","visť-last_blank","last_blank",3,2,"zveš-last_blank","zveš",2,0,0,1,"nenávisť","nenázveš"
403,"vyk","vyk-lý","lý",4,2,"skles-lý","skles",1,1,2,1,"neobvyklý","neobskleslý"
309,"hodl","hodl-ný","ný",4,2,"zvest-ný","zvest",2,0,1,1,"nepohodlný","nepozvestný"
470,"ne","ne-pria","pria",4,33,"ne-šťast","šťast",15,18,1,1,"nepriateľský","nešťastteľský"
983,"zum","zum-ný","ný",4,1,"vplyv-ný","vplyv",1,0,2,1,"nerozumný","nerovplyvný"
698,"ne","ne-rv","rv",1,1,"ne-kr","kr",1,0,0,1,"nerv","nekr"
969,"ne","ne-schop","schop",3,9,"ne-stret","stret",9,0,0,1,"neschopnosť","nestretnosť"
410,"ne","ne-sko","sko",3,17,"ne-chaj","chaj",15,2,1,1,"neskoro","nechajro"
145,"ne","ne-spra","spra",5,18,"ne-măĺžem","măĺžem",1,17,2,1,"nespravodlivosť","nemăĺžemvodlivosť"
909,"šťast","šťast-ný","ný",3,4,"strel-ný","strel",3,1,0,2,"nešťastný","nestrelný"
843,"do","do-mosť","mosť",4,2,"do-chvíľ","chvíľ",2,0,1,1,"nevedomosť","nevedochvíľ"
336,"vin","vin-ný","ný",3,5,"chod-ný","chod",6,1,1,1,"nevinný","nechodný"
181,"hnut","hnut-ný","ný",4,1,"vplyv-ný","vplyv",1,0,1,1,"nevyhnutný","nevyvplyvný"
380,"kon","kon-ný","ný",4,3,"strel-ný","strel",3,0,2,1,"nezákonný","nezástrelný"
188,"ni","ni-č","č",1,1,"la-č","la",1,0,0,1,"nič","lač"
276,"nie","nie-ke","ke",3,1,"zván-ke","zván",1,0,1,1,"niekedy","zvánkedy"
183,"kdy","kdy-last_blank","last_blank",2,3,"ors-last_blank","ors",3,0,0,1,"nikdy","niors"
185,"first_blank","first_blank-nin","nin",2,5,"first_blank-áno","áno",5,0,0,1,"ninja","ánoja"
158,"first_blank","first_blank-níz","níz",2,13,"first_blank-une","une",13,0,0,1,"nízky","uneky"
691,"first_blank","first_blank-niž","niž",2,9,"first_blank-zde","zde",9,0,0,1,"nižší","zdeší"
896,"bel","bel-last_blank","last_blank",2,11,"vák-last_blank","vák",11,0,0,1,"nobel","novák"
486,"first_blank","first_blank-noč","noč",4,13,"first_blank-strip","strip",13,0,2,1,"nočná mora","stripná mora"
187,"first_blank","first_blank-nor","nor",3,47,"first_blank-kres","kres",47,0,1,1,"normálne","kresmálne"
189,"ber","ber-last_blank","last_blank",3,36,"nách-last_blank","nách",36,0,1,1,"november","novemnách"
97,"obál","obál-ka","ka",2,1,"trol-ka","trol",1,0,0,1,"obálka","trolka"
60,"oba","oba-va","va",2,2,"vši-va","vši",2,0,0,1,"obava","všiva"
57,"chod","chod-ný","ný",3,6,"plat-ný","plat",5,1,0,1,"obchodný","obplatný"
723,"čian","čian-sky","sky",3,1,"švéd-sky","švéd",1,0,0,1,"občiansky","obšvédsky"
2,"vo","vo-vať","vať",4,40,"vo-tried","tried",6,34,2,1,"obdivovať","obdivotried"
800,"ob","ob-eť","eť",1,1,"pi-eť","pi",1,0,0,1,"obeť","pieť"
610,"jekt","jekt-last_blank","last_blank",2,4,"vost-last_blank","vost",4,0,0,1,"objekt","obvost"
630,"lasť","lasť-last_blank","last_blank",2,1,"ťach-last_blank","ťach",1,0,0,1,"oblasť","obťach"
712,"ob","ob-lič","lič",3,7,"ob-chyt","chyt",2,5,1,1,"oblička","obchytka"
273,"lo","lo-ha","ha",3,4,"lo-niál","niál",4,0,2,1,"obloha","obloniál"
819,"nie","nie-last_blank","last_blank",4,1330,"ských-last_blank","ských",62,1268,2,1,"obnovenie","obnoveských"
590,"raz","raz-last_blank","last_blank",2,24,"šok-last_blank","šok",24,0,0,1,"obraz","obšok"
65,"ho","ho-vať","vať",4,22,"ho-tried","tried",1,21,2,1,"obsahovať","obsahotried"
202,"first_blank","first_blank-oby","oby",3,27,"first_blank-dvoj","dvoj",27,0,1,1,"obyčajný","dvojčajný"
492,"bor","bor-ník","ník",3,2,"sluš-ník","sluš",2,0,1,1,"odborník","odslušník"
686,"miet","miet-nuť","nuť",3,2,"lúch-nuť","lúch",2,0,0,1,"odmietnuť","odlúchnuť"
825,"por","por-last_blank","last_blank",2,6,"hej-last_blank","hej",6,0,0,1,"odpor","odhej"
504,"po","po-veď","veď",3,3,"po-kľak","kľak",3,0,1,1,"odpoveď","odpokľak"
115,"pus","pus-te","te",4,27,"osvie-te","osvie",6,21,2,1,"odpustenie","odosvietenie"
114,"od","od-pus","pus",3,26,"od-miet","miet",24,2,1,1,"odpustiť","odmiettiť"
576,"raz","raz-last_blank","last_blank",2,24,"len-last_blank","len",24,0,0,1,"odraz","odlen"
808,"va","va-ha","ha",3,2,"obie-ha","obie",2,0,2,1,"odvaha","odobieha"
697,"znak","znak-last_blank","last_blank",2,3,"cvik-last_blank","cvik",3,0,0,1,"odznak","odcvik"
393,"eň","eň-last_blank","last_blank",1,9,"pú-last_blank","pú",9,0,0,1,"oheň","ohpú"
551,"first_blank","first_blank-ohrie","ohrie",2,4,"first_blank-chrab","chrab",4,0,0,1,"ohrievač","chrabvač"
396,"ok","ok-no","no",2,1,"pev-no","pev",1,0,1,1,"okno","pevno"
254,"first_blank","first_blank-okrúh","okrúh",2,5,"first_blank-skrat","skrat",5,0,0,1,"okrúhly","skratly"
546,"first_blank","first_blank-ok","ok",1,48,"first_blank-th","th",48,0,0,1,"oku","thu"
120,"first_blank","first_blank-oku","oku",3,10,"first_blank-stáv","stáv",10,0,1,1,"okuliare","stávliare"
940,"opat","opat-ro","ro",5,12,"strieb-ro","strieb",1,11,2,1,"opatrovateľka","striebrovateľka"
813,"opi","opi-ca","ca",2,2,"uke-ca","uke",2,0,0,1,"opica","ukeca"
81,"first_blank","first_blank-opí","opí",2,10,"first_blank-uťa","uťa",10,0,0,1,"opísať","uťasať"
729,"first_blank","first_blank-opra","opra",2,37,"first_blank-chla","chla",37,0,0,1,"opraviť","chlaviť"
872,"first_blank","first_blank-opro","opro",2,1,"first_blank-gard","gard",1,0,0,1,"oproti","gardti"
200,"first_blank","first_blank-opti","opti",4,14,"first_blank-zbláz","zbláz",14,0,1,1,"optimistický","zblázmistický"
856,"first_blank","first_blank-opus","opus",2,28,"first_blank-ozna","ozna",28,0,0,1,"opustiť","oznatiť"
201,"or","or-ches","ches",3,3,"or-stva","stva",1,2,0,1,"orchester","orstvater"
852,"gaz","gaz-mus","mus",3,1,"opti-mus","opti",1,0,1,1,"orgazmus","oroptimus"
203,"nál","nál-last_blank","last_blank",3,9,"čiem-last_blank","čiem",9,0,1,1,"originál","origičiem"
211,"first_blank","first_blank-oso","oso",2,16,"first_blank-vir","vir",16,0,0,1,"osoba","virba"
995,"osob","osob-ný","ný",2,2,"krom-ný","krom",2,0,0,1,"osobný","kromný"
711,"os","os-ol","ol",1,1,"os-wa","wa",1,0,0,1,"osol","oswa"
904,"ud","ud-last_blank","last_blank",1,12,"nn-last_blank","nn",12,0,0,1,"osud","osnn"
305," sa"," sa-last_blank","last_blank",3,1,"môct-last_blank","môct",1,0,1,1,"otáčať sa","otáčaťmôct"
237,"otáz","otáz-ka","ka",2,2,"hráž-ka","hráž",2,0,0,1,"otázka","hrážka"
77,"ec","ec-last_blank","last_blank",1,9,"ur-last_blank","ur",9,0,0,1,"otec","otur"
222,"first_blank","first_blank-otra","otra",2,22,"first_blank-očis","očis",22,0,0,1,"otrava","očisva"
524,"rok","rok-last_blank","last_blank",2,21,"lan-last_blank","lan",21,0,0,1,"otrok","otlan"
196,"re","re-né","né",4,32,"vlast-né","vlast",6,26,3,1,"otvorené","otvovlastné"
197,"re","re-nie","nie",4,38,"re-cords","cords",1,37,2,1,"otvorenie","otvorecords"
198,"dať","dať-last_blank","last_blank",2,82,"čia-last_blank","čia",82,0,0,1,"ovládať","ovláčia"
210,"cient","cient-last_blank","last_blank",2,1,"niels-last_blank","niels",1,0,0,1,"pacient","paniels"
855,"fic","fic-ký","ký",4,5,"yorks-ký","yorks",1,4,2,1,"pacifický","paciyorkský"
518,"lác","lác-last_blank","last_blank",2,1,"icu-last_blank","icu",1,0,0,1,"palác","paicu"
281,"li","li-ca","ca",3,11,"strá-ca","strá",10,1,2,1,"palica","pastráca"
580,"miat","miat-ka","ka",3,1,"hlás-ka","hlás",1,0,0,1,"pamiatka","pahláska"
156,"pá","pá-n","n",1,1,"en-n","en",1,0,0,1,"pán","enn"
774,"pa","pa-ni","ni",2,16,"ter-ni","ter",9,7,1,1,"pani","terni"
633,"pie","pie-ro","ro",4,12,"synch-ro","synch",5,7,2,1,"papierový","pasynchrový"
208,"id","id-ný","ný",5,1,"štrukč-ný","štrukč",1,0,4,1,"paranoidný","paranoštrukčný"
209,"la","la-ment","ment",3,1,"la-biek","biek",1,0,0,1,"parlament","parlabiek"
557,"first_blank","first_blank-pas","pas",2,35,"first_blank-dvo","dvo",35,0,0,1,"pasca","dvoca"
710,"vúk","vúk-last_blank","last_blank",2,1,"och-last_blank","och",1,0,0,1,"pavúk","paoch"
941,"čiat","čiat-ka","ka",3,2,"stov-ka","stov",2,0,0,1,"pečiatka","pestovka"
184,"first_blank","first_blank-pek","pek",2,22,"first_blank-vče","vče",22,0,0,1,"pekný","včený"
786,"pe","pe-ra","ra",2,13,"mok-ra","mok",13,0,1,1,"pera","mokra"
329,"pe","pe-s","s",1,1,"ul-s","ul",1,0,0,1,"pes","uls"
792,"first_blank","first_blank-pev","pev",2,21,"first_blank-uží","uží",21,0,0,1,"pevne","užíne"
215,"first_blank","first_blank-pik","pik",2,4,"first_blank-sac","sac",4,0,0,1,"piknik","sacnik"
894,"pi","pi-ng","ng",1,1,"pi-ju","ju",1,0,0,1,"ping","piju"
622,"rát","rát-last_blank","last_blank",2,11,"dze-last_blank","dze",11,0,0,1,"pirát","pidze"
216,"toľ","toľ-last_blank","last_blank",2,1,"žen-last_blank","žen",1,0,0,1,"pištoľ","pišžen"
408,"pi","pi-ť","ť",1,1,"iš-ť","iš",1,0,0,1,"piť","išť"
22,"first_blank","first_blank-pit","pit",2,12,"first_blank-idi","idi",12,0,0,1,"pitva","idiva"
505,"án","án-last_blank","last_blank",1,9,"oj-last_blank","oj",9,0,0,1,"plán","ploj"
218,"pla","pla-né","né",3,8,"stup-né","stup",8,0,1,1,"planéta","stupnéta"
16,"tiť","tiť-last_blank","last_blank",2,131,"kej-last_blank","kej",131,0,0,1,"platiť","plakej"
219,"boy","boy-last_blank","last_blank",3,4,"wers-last_blank","wers",4,0,1,1,"playboy","playwers"
805,"áž","áž-last_blank","last_blank",1,5,"ue-last_blank","ue",5,0,0,1,"pláž","plue"
744,"first_blank","first_blank-plo","plo",3,28,"first_blank-ozna","ozna",28,0,1,1,"plošina","oznašina"
718,"pl","pl-uk","uk",1,1,"pl-áš","áš",1,0,0,1,"pluk","pláš"
220,"pl","pl-us","us",1,1,"te-us","te",1,0,0,1,"plus","teus"
600,"yn","yn-last_blank","last_blank",1,4,"lz-last_blank","lz",4,0,0,1,"plyn","pllz"
629,"byt","byt-last_blank","last_blank",2,3,"vid-last_blank","vid",3,0,0,1,"pobyt","povid"
86,"chyb","chyb-nosť","nosť",3,1,"vzác-nosť","vzác",1,0,0,1,"pochybnosť","povzácnosť"
68,"tať","tať-last_blank","last_blank",3,80,"koch-last_blank","koch",73,7,1,1,"počítať","počíkoch"
367,"čú","čú-vať","vať",3,5,"čú-cich","cich",1,4,1,1,"počúvať","počúcich"
149,"pô","pô-da","da",2,1,"her-da","her",1,0,1,1,"pôda","herda"
623,"da","da-nie","nie",3,39,"da-pešť","pešť",1,38,1,1,"podanie","podapešť"
929,"ce","ce-niť","niť",3,2,"ce-lých","lých",2,0,1,1,"podceniť","podcelých"
635,"pod","pod-la","la",3,10,"nies-la","nies",10,0,1,1,"podlaha","nieslaha"
269,"dob","dob-ný","ný",3,9,"stup-ný","stup",7,2,1,1,"podobný","postupný"
681,"pod","pod-po","po",3,43,"shar-po","shar",2,41,1,1,"podpora","sharpora"
476,"hár","hár-last_blank","last_blank",2,2,"ídu-last_blank","ídu",2,0,0,1,"pohár","poídu"
55,"hodl","hodl-ný","ný",3,2,"slov-ný","slov",2,0,0,1,"pohodlný","poslovný"
761,"hon","hon-last_blank","last_blank",2,5,"bár-last_blank","bár",5,0,0,1,"pohon","pobár"
749,"nosť","nosť-last_blank","last_blank",4,174,"ských-last_blank","ských",62,112,1,1,"pohostinnosť","pohostinských"
536,"po","po-hov","hov",3,5,"po-slan","slan",5,0,1,1,"pohovka","poslanka"
176," sa"," sa-last_blank","last_blank",5,1,"óriách-last_blank","óriách",1,0,3,1,"pohybovať sa","pohybovaťóriách"
814,"po","po-klad","klad",2,16,"po-skyt","skyt",16,0,0,2,"poklad","poskyt"
90,"po","po-kles","kles",2,3,"po-vied","vied",3,0,0,1,"pokles","povied"
830,"kor","kor-ný","ný",3,1,"hluč-ný","hluč",1,0,1,1,"pokorný","pohlučný"
775,"po","po-kra","kra",4,25,"po-slúch","slúch",8,17,2,1,"pokračovať","poslúchčovať"
230,"krok","krok-last_blank","last_blank",2,2,"arch-last_blank","arch",2,0,0,1,"pokrok","poarch"
277,"liev","liev-ka","ka",3,1,"naut-ka","naut",1,0,0,1,"polievka","ponautka"
223,"li","li-ti","ti",4,8,"šľach-ti","šľach",4,4,3,1,"politika","pošľachtika"
737,"noč","noč-ný","ný",3,6,"klad-ný","klad",6,0,1,1,"polnočný","polkladný"
105,"dár","dár-last_blank","last_blank",5,5,"vliecť-last_blank","vliecť",4,1,3,1,"poľnohospodár","poľnohospovliecť"
853,"lo","lo-mer","mer",3,1,"lo-kaus","kaus",1,0,1,1,"polomer","polokaus"
679,"vi","vi-ca","ca",4,19,"stráž-ca","stráž",2,17,3,1,"polovica","polostrážca"
647,"ma","ma-ly","ly",3,3,"scul-ly","scul",3,0,2,1,"pomaly","poscully"
4,"moc","moc-last_blank","last_blank",2,4,"bát-last_blank","bát",4,0,0,1,"pomoc","pobát"
682,"msta","msta-last_blank","last_blank",2,1,"sian-last_blank","sian",1,0,0,1,"pomsta","posian"
458,"lok","lok-last_blank","last_blank",3,13,"siel-last_blank","siel",13,0,1,1,"pondelok","pondesiel"
285,"nor","nor-ka","ka",3,1,"skun-ka","skun",1,0,1,1,"ponorka","poskunka"
192,"núk","núk-nuť","nuť",3,1,"viaz-nuť","viaz",1,0,1,1,"ponúknuť","poviaznuť"
500,"pol","pol-last_blank","last_blank",2,26,"ová-last_blank","ová",26,0,0,1,"popol","poová"
224,"cia","cia-last_blank","last_blank",4,265,"ských-last_blank","ských",62,203,2,1,"populácia","populáských"
483,"lár","lár-ny","ny",4,4,"tried-ny","tried",3,1,2,1,"populárny","poputriedny"
806,"stvo","stvo-last_blank","last_blank",4,90,"tiach-last_blank","tiach",35,55,1,1,"poradenstvo","poradentiach"
157,"ze","ze-ný","ný",4,18,"stran-ný","stran",5,13,3,1,"porazený","porastranný"
707,"first_blank","first_blank-por","por",2,40,"first_blank-ana","ana",40,0,0,1,"porno","anano"
225,"first_blank","first_blank-por","por",2,40,"first_blank-bla","bla",40,0,0,1,"portál","blatál"
419,"sád","sád-ka","ka",3,1,"tľap-ka","tľap",1,0,1,1,"posádka","potľapka"
739,"po","po-sta","sta",4,70,"po-chôdz","chôdz",5,65,2,1,"postavenie","pochôdzvenie"
162,"first_blank","first_blank-poš","poš",3,9,"first_blank-smit","smit",9,0,1,1,"poštový","smittový"
649,"ciál","ciál-last_blank","last_blank",3,2,"zdre-last_blank","zdre",2,0,0,1,"potenciál","potenzdre"
549,"nie","nie-last_blank","last_blank",4,1330,"ských-last_blank","ských",62,1268,2,1,"potešenie","potešeských"
386,"tvr","tvr-de","de",4,14,"mliaž-de","mliaž",3,11,2,1,"potvrdenie","pomliaždenie"
260,"ve","ve-dať","dať",3,14,"ve-ných","ných",11,3,1,1,"povedať","povených"
684,"le","le-nie","nie",4,56,"le-opard","opard",1,55,2,1,"povolenie","povoleopard"
7,"liť","liť-last_blank","last_blank",3,100,"kých-last_blank","kých",100,0,1,1,"povoliť","povokých"
323,"tív","tív-ny","ny",4,27,"prázd-ny","prázd",3,24,2,1,"pozitívny","poziprázdny"
314,"zor","zor-last_blank","last_blank",2,14,"nus-last_blank","nus",14,0,0,1,"pozor","ponus"
802,"zor","zor-nosť","nosť",3,1,"zor-cium","cium",1,0,0,1,"pozornosť","pozorcium"
191,"nie","nie-last_blank","last_blank",5,1330,"stvách-last_blank","stvách",7,1323,3,1,"pozorovanie","pozorovastvách"
265,"po","po-zrieť","zrieť",3,1,"po-spiat","spiat",1,0,0,1,"pozrieť sa","pospiat sa"
70,"first_blank","first_blank-prask","prask",2,15,"first_blank-straš","straš",15,0,0,2,"prasknúť","strašnúť"
302,"prav","prav-da","da",2,2,"liar-da","liar",2,0,0,1,"pravda","liarda"
229,"first_blank","first_blank-prav","prav",5,25,"first_blank-umiest","umiest",18,7,2,1,"pravdepodobnosť","umiestdepodobnosť"
256,"vid","vid-lo","lo",3,2,"skyt-lo","skyt",2,0,1,1,"pravidlo","praskytlo"
441,"nik","nik-last_blank","last_blank",2,46,"hom-last_blank","hom",46,0,0,1,"právnik","právhom"
543,"first_blank","first_blank-prá","prá",2,42,"first_blank-spô","spô",42,0,0,1,"právo","spôvo"
598,"ax","ax-last_blank","last_blank",1,5,"ms-last_blank","ms",5,0,0,1,"prax","prms"
732,"first_blank","first_blank-prázd","prázd",2,11,"first_blank-frank","frank",11,0,0,2,"prázdny","frankny"
758,"first_blank","first_blank-pre","pre",5,1938,"first_blank-zvlášt","zvlášt",16,1922,3,1,"predávajúci","zvláštdávajúci"
858,"pred","pred-ný","ný",2,2,"trač-ný","trač",2,0,0,1,"predný","tračný"
971,"vi","vi-vosť","vosť",4,1,"vi-ciach","ciach",2,1,1,1,"predstavivosť","predstaviciach"
603,"hliad","hliad-ka","ka",3,5,"chrum-ka","chrum",3,2,0,2,"prehliadka","prechrumka"
916,"hĺtať","hĺtať-last_blank","last_blank",2,1,"hŕdaš-last_blank","hŕdaš",1,0,0,1,"prehĺtať","prehŕdaš"
851,"káž","káž-ka","ka",3,3,"sled-ka","sled",3,0,1,1,"prekážka","presledka"
596,"first_blank","first_blank-prek","prek",4,32,"first_blank-chlap","chlap",26,6,1,1,"prekvapenie","chlapvapenie"
136,"pre","pre-ná","ná",3,11,"chut-ná","chut",11,0,1,1,"prenájom","chutnájom"
738,"šiť","šiť-last_blank","last_blank",3,54,"toch-last_blank","toch",52,2,1,1,"prerušiť","prerutoch"
100,"mať","mať-last_blank","last_blank",3,20,"lách-last_blank","lách",20,0,1,1,"preskúmať","preskúlách"
980,"pre","pre-vádz","vádz",4,12,"pre-hliad","hliad",12,0,1,1,"prevádzkový","prehliadkový"
835,"zýv","zýv-ka","ka",3,1,"dwic-ka","dwic",1,0,1,1,"prezývka","predwicka"
485,"first_blank","first_blank-pria","pria",2,83,"first_blank-fran","fran",75,8,0,1,"priamy","franmy"
528,"chod","chod-last_blank","last_blank",2,15,"hoch-last_blank","hoch",15,0,0,1,"príchod","príhoch"
144,"prie","prie-my","my",3,9,"sché-my","sché",1,8,0,1,"priemysel","schémysel"
56,"prí","prí-kaz","kaz",2,2,"prí-zvu","zvu",2,0,0,1,"príkaz","prízvu"
973,"tost","tost-ne","ne",5,1,"vzdych-ne","vzdych",1,0,2,1,"príležitostne","príleživzdychne"
326,"first_blank","first_blank-prin","prin",3,30,"first_blank-ovlá","ovlá",30,0,0,1,"princezná","ovlácezná"
796,"pri","pri-niesť","niesť",2,1,"pri-pliet","pliet",1,0,0,2,"priniesť","pripliet"
226,"first_blank","first_blank-príp","príp",3,15,"first_blank-chrb","chrb",15,0,0,1,"príprava","chrbrava"
389,"pra","pra-ve","ve",4,21,"úscho-ve","úscho",1,20,2,1,"pripravený","priúschovený"
803,"pri","pri-pus","pus",3,9,"pri-tiah","tiah",6,3,1,1,"pripustiť","pritiahtiť"
972,"dze","dze-ne","ne",4,3,"ukrad-ne","ukrad",3,0,2,1,"prirodzene","priroukradne"
937,"dze","dze-ný","ný",4,9,"stran-ný","stran",5,4,2,1,"prirodzený","prirostranný"
17,"first_blank","first_blank-prí","prí",2,330,"first_blank-kon","kon",341,11,0,1,"prísť","konsť"
509,"stáť","stáť-last_blank","last_blank",2,3,"skoč-last_blank","skoč",3,0,0,1,"pristáť","priskoč"
568,"stá","stá-tie","tie",3,2,"ukry-tie","ukry",1,1,1,1,"pristátie","priukrytie"
377,"tom","tom-nosť","nosť",3,2,"tom-stvo","stvo",1,1,0,1,"prítomnosť","prítomstvo"
300,"ves","ves-last_blank","last_blank",2,16,"ňov-last_blank","ňov",16,0,0,1,"príves","príňov"
705,"gium","gium-last_blank","last_blank",4,1,"mstil-last_blank","mstil",1,0,1,1,"privilégium","privilémstil"
287,"znak","znak-last_blank","last_blank",2,3,"dock-last_blank","dock",3,0,0,1,"príznak","prídock"
680,"lém","lém-last_blank","last_blank",2,1,"mál-last_blank","mál",1,0,0,1,"problém","probmál"
421,"ces","ces-last_blank","last_blank",2,10,"sat-last_blank","sat",10,0,0,1,"proces","prosat"
529,"pro","pro-fil","fil",2,1,"pro-bab","bab",1,0,0,1,"profil","probab"
231,"jekt","jekt-last_blank","last_blank",2,4,"wers-last_blank","wers",4,0,0,1,"projekt","prowers"
693,"stre","stre-die","die",3,1,"hvez-die","hvez",1,0,0,1,"prostredie","prohvezdie"
789,"pro","pro-te","te",3,7,"ches-te","ches",7,0,1,1,"proteín","chesteín"
829,"test","test-last_blank","last_blank",2,1,"tols-last_blank","tols",1,0,0,1,"protest","protols"
552,"pr","pr-st","st",1,1,"a -st","a ",1,0,0,1,"prst","a st"
76,"úd","úd-last_blank","last_blank",1,3,"uj-last_blank","uj",3,0,0,1,"prúd","pruj"
234,"pu","pu-b","b",1,1,"ie-b","ie",1,0,0,1,"pub","ieb"
235,"lz","lz-last_blank","last_blank",1,4,"þi-last_blank","þi",4,0,0,1,"pulz","puþi"
875,"first_blank","first_blank-pum","pum",3,8,"first_blank-vkro","vkro",8,0,1,1,"pumpovať","vkropovať"
571,"first_blank","first_blank-puš","puš",2,9,"first_blank-ore","ore",9,0,0,1,"puška","oreka"
82,"šť","šť-last_blank","last_blank",1,4,"pé-last_blank","pé",4,0,0,1,"púšť","púpé"
558,"cha","cha-last_blank","last_blank",2,73,"teľ-last_blank","teľ",72,1,0,1,"pýcha","pýteľ"
842,"mí","mí-da","da",4,1,"edwar-da","edwar",1,0,3,1,"pyramída","pyraedwarda"
431,"dar","dar-last_blank","last_blank",2,7,"šli-last_blank","šli",7,0,0,1,"radar","rašli"
445,"rá","rá-dio","dio",2,1,"rá-nov","nov",1,0,0,1,"rádio","ránov"
207,"ra","ra-j","j",1,2,"dš-j","dš",1,1,0,1,"raj","dšj"
618,"ke","ke-ta","ta",3,7,"upra-ta","upra",5,2,2,1,"raketa","rauprata"
53,"first_blank","first_blank-rak","rak",2,7,"first_blank-yos","yos",7,0,0,1,"rakva","yosva"
608,"ra","ra-me","me",3,24,"ozná-me","ozná",6,18,2,1,"rameno","oznámeno"
560,"ra","ra-na","na",2,10,"žeh-na","žeh",10,0,1,1,"rana","žehna"
238,"sis","sis-ta","ta",3,1,"inet-ta","inet",1,0,1,1,"rasista","rainetta"
479,"li","li-ta","ta",4,20,"zachs-ta","zachs",2,18,3,1,"realita","reazachsta"
631,"vať","vať-last_blank","last_blank",5,948,"sworth-last_blank","sworth",3,945,3,1,"realizovať","realizosworth"
865,"re","re-č","č",1,1,"tí-č","tí",1,0,0,1,"reč","tíč"
915,"cep","cep-cia","cia",3,3,"truk-cia","truk",1,2,1,1,"recepcia","retrukcia"
963,"gi","gi-onál","onál",4,4,"gi-strom","strom",1,3,1,1,"regionálny","registromny"
927,"re","re-kla","kla",3,7,"re-zerv","zerv",4,3,1,1,"reklama","rezervma"
243,"la","la-tív","tív",4,6,"la-wless","wless",1,5,2,1,"relatívny","relawlessny"
427,"tér","tér-last_blank","last_blank",3,13,"rant-last_blank","rant",13,0,1,1,"reportér","reporrant"
650,"ťaz","ťaz-last_blank","last_blank",2,2,"ňák-last_blank","ňák",2,0,0,1,"reťaz","reňák"
958,"zig","zig-ná","ná",4,3,"stran-ná","stran",3,0,2,1,"rezignácia","restrannácia"
472,"rie","rie-ka","ka",2,6,"boz-ka","boz",6,0,0,1,"rieka","bozka"
538,"first_blank","first_blank-rím","rím",2,13,"first_blank-bás","bás",13,0,0,1,"rímsky","bássky"
252,"kant","kant-ný","ný",3,2,"dneš-ný","dneš",2,0,0,1,"riskantný","risdnešný"
433,"ál","ál-last_blank","last_blank",3,16,"stvá-last_blank","stvá",16,0,2,1,"rituál","ritustvá"
342,"zi","zi-ko","ko",3,3,"zi-šiel","šiel",3,0,2,1,"riziko","rizišiel"
695,"bot","bot-last_blank","last_blank",2,5,"kán-last_blank","kán",5,0,0,1,"robot","rokán"
597,"ro","ro-ck","ck",1,2,"ro-či","či",2,0,0,1,"rock","roči"
849,"deo","deo-last_blank","last_blank",2,3,"isť-last_blank","isť",3,0,0,1,"rodeo","roisť"
67,"ro","ro-h","h",1,1,"sc-h","sc",1,0,0,1,"roh","sch"
794,"meo","meo-last_blank","last_blank",2,6,"rón-last_blank","rón",6,0,0,1,"romeo","rorón"
274,"roz","roz-biť","biť",2,1,"roz-kve","kve",1,0,0,1,"rozbiť","rozkve"
241,"zo","zo-znať","znať",3,1,"zo-skup","skup",1,0,0,1,"rozoznať","rozoskup"
913,"čet","čet-last_blank","last_blank",3,7,"hnal-last_blank","hnal",7,0,1,1,"rozpočet","rozpohnal"
435," sa"," sa-last_blank","last_blank",4,1,"dĺžil-last_blank","dĺžil",1,0,2,1,"rozprávať sa","rozprávaťdĺžil"
881," sa"," sa-last_blank","last_blank",4,1,"cient-last_blank","cient",1,0,2,1,"roztaviť sa","roztaviťcient"
290,"tr","tr-hnúť","hnúť",3,6,"tr-piet","piet",1,5,0,1,"roztrhnúť","roztrpiet"
343,"vod","vod-last_blank","last_blank",2,15,"pel-last_blank","pel",15,0,0,1,"rozvod","rozpel"
126,"ru","ru-ka","ka",2,13,"ská-ka","ská",13,0,1,1,"ruka","skáka"
493,"jem","jem-ník","ník",4,2,"vlast-ník","vlast",2,0,2,1,"rukojemník","rukovlastník"
257,"ru","ru-m","m",1,1,"kŕ-m","kŕ",1,0,0,1,"rum","kŕm"
877,"rú","rú-ra","ra",2,1,"čmá-ra","čmá",1,0,1,1,"rúra","čmára"
837,"first_blank","first_blank-rú","rú",1,23,"first_blank-ai","ai",23,0,0,1,"rúž","aiž"
250,"first_blank","first_blank-ryt","ryt",2,5,"first_blank-ded","ded",5,0,0,1,"rytmus","dedmus"
8,"first_blank","first_blank-sá","sá",1,16,"first_blank-mé","mé",16,0,0,1,"sám","mém"
338,"raž","raž-da","da",4,2,"hniez-da","hniez",1,1,2,1,"samovražda","samovhniezda"
586,"first_blank","first_blank-šan","šan",2,9,"first_blank-evo","evo",9,0,0,1,"šanca","evoca"
12,"nit","nit-ka","ka",3,1,"oveč-ka","oveč",1,0,1,1,"sanitka","saovečka"
907,"sa","sa-ť","ť",1,1,"úš-ť","úš",1,0,0,1,"sať","úšť"
848,"dár","dár-ny","ny",4,2,"miest-ny","miest",2,0,2,1,"sekundárny","sekunmiestny"
27,"first_blank","first_blank-šel","šel",2,3,"first_blank-agó","agó",3,0,0,1,"šelma","agóma"
724,"nár","nár-last_blank","last_blank",3,11,"rium-last_blank","rium",11,0,1,1,"seminár","semirium"
614,"vič","vič-last_blank","last_blank",2,8,"jou-last_blank","jou",8,0,0,1,"sendvič","sendjou"
823,"se","se-ni","ni",3,8,"dých-ni","dých",8,0,2,1,"senior","dýchnior"
984,"zač","zač-ný","ný",3,2,"plod-ný","plod",2,0,1,1,"senzačný","senplodný"
388,"first_blank","first_blank-sep","sep",3,6,"first_blank-zdrh","zdrh",6,0,1,1,"september","zdrhtember"
606,"ria","ria-last_blank","last_blank",2,100,"hol-last_blank","hol",99,1,0,1,"séria","séhol"
563,"rif","rif-last_blank","last_blank",2,5,"wne-last_blank","wne",5,0,0,1,"šerif","šewne"
361,"žant","žant-last_blank","last_blank",2,2,"kout-last_blank","kout",2,0,0,1,"seržant","serkout"
335,"tra","tra-last_blank","last_blank",2,24,"čal-last_blank","čal",24,0,0,1,"sestra","sesčal"
266,"ál","ál-ny","ny",4,13,"tried-ny","tried",3,10,3,1,"sexuálny","sexutriedny"
743,"len","len-stvo","stvo",3,1,"len-nium","nium",1,0,0,1,"šialenstvo","šialennium"
612,"eť","eť-last_blank","last_blank",1,13,"jo-last_blank","jo",13,0,0,1,"sieť","sijo"
836,"lk","lk-last_blank","last_blank",1,12,"ip-last_blank","ip",12,0,0,1,"silk","siip"
331,"sil","sil-ný","ný",2,3,"kov-ný","kov",3,0,0,1,"silný","kovný"
282,"si","si-lo","lo",3,13,"pred-lo","pred",11,2,2,1,"silový","predlový"
976,"ti","ti-nec","nec",4,3,"ti-krist","krist",1,2,2,1,"sirotinec","sirotikrist"
462,"ácia","ácia-last_blank","last_blank",3,3,"znak-last_blank","znak",3,0,0,1,"situácia","situznak"
998,"first_blank","first_blank-ška","ška",3,24,"first_blank-spoz","spoz",24,0,1,1,"škaredý","spozredý"
444,"sk","sk-lo","lo",2,2,"had-lo","had",2,0,1,1,"sklo","hadlo"
857,"skon","skon-tro","tro",4,19,"klaus-tro","klaus",2,17,1,1,"skontrolovať","klaustrolovať"
968,"first_blank","first_blank-ško","ško",3,35,"first_blank-zmie","zmie",35,0,1,1,"škorica","zmierica"
261,"first_blank","first_blank-škra","škra",3,8,"first_blank-uzam","uzam",8,0,0,1,"škrabanec","uzambanec"
262,"first_blank","first_blank-skrin","skrin",2,6,"first_blank-stroj","stroj",6,0,0,1,"skrinka","strojka"
593,"se","se-nosť","nosť",3,1,"se-riál","riál",1,0,0,1,"skúsenosť","skúseriál"
591,"first_blank","first_blank-slad","slad",2,21,"first_blank-zlep","zlep",21,0,0,1,"sladký","zlepký"
831,"first_blank","first_blank-sláv","sláv",2,25,"first_blank-prav","prav",25,0,0,1,"slávny","pravny"
113,"first_blank","first_blank-sle","sle",3,74,"first_blank-fran","fran",75,1,1,1,"sledovať","frandovať"
477,"first_blank","first_blank-sle","sle",2,74,"first_blank-gra","gra",73,1,0,1,"slepý","grapý"
991,"mák","mák-last_blank","last_blank",2,3,"roš-last_blank","roš",3,0,0,1,"slimák","sliroš"
513,"first_blank","first_blank-slo","slo",3,63,"first_blank-zdra","zdra",56,7,1,1,"sloboda","zdraboda"
981,"first_blank","first_blank-slov","slov",2,10,"first_blank-bron","bron",10,0,0,1,"slovník","bronník"
80,"first_blank","first_blank-sluš","sluš",2,14,"first_blank-stav","stav",14,0,0,1,"slušný","stavný"
947,"first_blank","first_blank-služ","služ",2,9,"first_blank-bles","bles",9,0,0,1,"služba","blesba"
908,"sme","sme-ti","ti",2,1,"his-ti","his",1,0,0,1,"smeti","histi"
79,"rť","rť-last_blank","last_blank",1,1,"mv-last_blank","mv",1,0,0,1,"smrť","smmv"
876,"first_blank","first_blank-smr","smr",3,51,"first_blank-rozp","rozp",53,2,1,1,"smrteľný","rozpteľný"
258,"smut","smut-ný","ný",2,1,"omyl-ný","omyl",1,0,0,1,"smutný","omylný"
956," sa"," sa-last_blank","last_blank",3,1,"kcií-last_blank","kcií",1,0,1,1,"snažiť sa","snažiťkcií"
628,"first_blank","first_blank-sní","sní",2,19,"first_blank-ham","ham",19,0,0,1,"snímač","hammač"
259,"bo","bo-ta","ta",3,8,"bo-lest","lest",7,1,2,1,"sobota","sobolest"
578,"vér","vér-last_blank","last_blank",2,2,"zvú-last_blank","zvú",2,0,0,1,"softvér","softzvú"
268,"first_blank","first_blank-šo","šo",1,46,"first_blank-hi","hi",46,0,0,1,"šou","hiu"
459,"äť","äť-last_blank","last_blank",1,3,"ís-last_blank","ís",3,0,0,1,"späť","spís"
461,"ciál","ciál-ny","ny",3,7,"john-ny","john",3,4,0,1,"špeciálny","špejohnny"
490,"vák","vák-last_blank","last_blank",2,11,"ing-last_blank","ing",11,0,0,1,"spevák","speing"
994,"first_blank","first_blank-spi","spi",3,35,"first_blank-chrá","chrá",35,0,1,1,"spinálny","chránálny"
371,"first_blank","first_blank-špi","špi",3,52,"first_blank-star","star",51,1,1,1,"špinavý","starnavý"
401,"first_blank","first_blank-špi","špi",2,52,"first_blank-kre","kre",52,0,0,1,"špión","kreón"
970,"onáž","onáž-last_blank","last_blank",2,1,"cond-last_blank","cond",1,0,0,1,"špionáž","špicond"
248,"čí","čí-vať","vať",3,1,"čí-chom","chom",1,0,1,1,"spočívať","spočíchom"
526,"koj","koj-ný","ný",3,4,"chyb-ný","chyb",4,0,1,1,"spokojný","spochybný"
422,"nosť","nosť-last_blank","last_blank",3,174,"skej-last_blank","skej",138,36,0,1,"spoločnosť","spoločskej"
446,"liť","liť-last_blank","last_blank",3,100,"kých-last_blank","kých",100,0,1,1,"spomaliť","spomakých"
245,"first_blank","first_blank-sprá","sprá",2,23,"first_blank-vraž","vraž",23,0,0,2,"správa","vražva"
251,"first_blank","first_blank-správ","správ",2,23,"first_blank-strel","strel",22,1,0,1,"správny","strelny"
997,"spra","spra-vo","vo",3,13,"uzat-vo","uzat",9,4,0,1,"spravovať","uzatvovať"
602,"first_blank","first_blank-spr","spr",2,15,"first_blank-clo","clo",15,0,0,1,"sprcha","clocha"
871,"úš","úš-ť","ť",1,1,"va-ť","va",1,0,0,1,"spúšť","spvať"
539,"tiť","tiť-last_blank","last_blank",2,131,"kej-last_blank","kej",131,0,0,1,"spustiť","spuskej"
279,"first_blank","first_blank-šta","šta",3,12,"first_blank-rozt","rozt",12,0,1,1,"štadión","roztdión"
199,"no","no-vis","vis",4,5,"no-stran","stran",4,1,2,1,"stanovisko","stanostranko"
194,"sta","sta-rý","rý",2,3,"pok-rý","pok",1,2,0,1,"starý","pokrý"
540,"áť","áť-last_blank","last_blank",1,2,"oc-last_blank","oc",2,0,0,1,"stáť","stoc"
59,"first_blank","first_blank-sťaž","sťaž",2,4,"first_blank-blaz","blaz",4,0,0,1,"sťažnosť","blaznosť"
468,"ste","ste-na","na",2,2,"zaz-na","zaz",2,0,0,1,"stena","zazna"
572,"ít","ít-last_blank","last_blank",1,1,"pä-last_blank","pä",1,0,0,1,"štít","štpä"
413,"ôl","ôl-last_blank","last_blank",1,2,"tv-last_blank","tv",2,0,0,1,"stôl","sttv"
453,"ro","ro-čia","čia",3,7,"ro-vých","vých",8,1,1,1,"storočia","storových"
919,"žiar","žiar-last_blank","last_blank",2,4,"graf-last_blank","graf",4,0,0,1,"stožiar","stograf"
901,"st","st-rá","rá",1,5,"ko-rá","ko",5,0,0,1,"stráž","koráž"
795,"first_blank","first_blank-štr","štr",3,10,"first_blank-týžd","týžd",10,0,1,1,"štrbina","týždbina"
391,"stre","stre-la","la",2,2,"štva-la","štva",2,0,0,1,"strela","štvala"
742,"lec","lec-last_blank","last_blank",2,13,"pad-last_blank","pad",13,0,0,1,"strelec","strepad"
283,"re","re-s","s",1,1,"tr-s","tr",1,0,0,1,"stres","sttrs"
308,"strý","strý-ko","ko",2,3,"vtip-ko","vtip",3,0,0,1,"strýko","vtipko"
337,"dent","dent-last_blank","last_blank",2,8,"ming-last_blank","ming",8,0,0,1,"študent","štuming"
73,"first_blank","first_blank-stvo","stvo",3,19,"first_blank-adop","adop",19,0,0,1,"stvorenie","adoprenie"
474,"bo","bo-ru","ru",3,8,"bo-lest","lest",7,1,2,1,"súboru","súbolest"
375,"chý","chý-last_blank","last_blank",2,6,"huj-last_blank","huj",6,0,0,1,"suchý","suhuj"
988,"cit","cit-ný","ný",3,2,"drob-ný","drob",2,0,1,1,"súcitný","súdrobný"
414," dvor"," dvor-last_blank","last_blank",3,1,"idoch-last_blank","idoch",1,0,0,1,"súdny dvor","súdnyidoch"
620,"first_blank","first_blank-suk","suk",2,6,"first_blank-alf","alf",6,0,0,1,"sukňa","alfňa"
639,"krom","krom-né","né",3,3,"hľad-né","hľad",3,0,0,1,"súkromné","súhľadné"
885,"su","su-ma","ma",2,1,"su-šie","šie",1,0,1,1,"suma","sušie"
854,"per","per-man","man",3,1,"sand-man","sand",1,0,1,1,"superman","susandman"
58,"ťaž","ťaž-last_blank","last_blank",2,3,"bik-last_blank","bik",3,0,0,1,"súťaž","súbik"
473,"first_blank","first_blank-sved","sved",2,16,"first_blank-vhod","vhod",16,0,0,1,"svedkom","vhodkom"
319,"first_blank","first_blank-svor","svor",2,6,"first_blank-sľub","sľub",6,0,0,1,"svorka","sľubka"
296,"ta","ta-bak","bak",2,1,"ta-ráš","ráš",1,0,0,1,"tabak","taráš"
754,"first_blank","first_blank-tab","tab",3,12,"first_blank-rozt","rozt",12,0,1,1,"tableta","roztleta"
769,"tá","tá-bor","bor",2,1,"tá-lia","lia",1,0,0,1,"tábor","tália"
264,"first_blank","first_blank-taj","taj",2,21,"first_blank-nád","nád",21,0,0,1,"tajný","nádný"
379,"jom","jom-ník","ník",3,3,"sluš-ník","sluš",2,1,1,1,"tajomník","taslušník"
383,"neč","neč-ník","ník",3,3,"chod-ník","chod",3,0,1,1,"tanečník","tachodník"
289,"xík","xík-last_blank","last_blank",2,1,"gáj-last_blank","gáj",1,0,0,1,"taxík","tagáj"
902,"first_blank","first_blank-ťaž","ťaž",2,32,"first_blank-blo","blo",32,0,0,1,"ťažký","bloký"
788,"first_blank","first_blank-tech","tech",3,44,"first_blank-diev","diev",44,0,0,1,"technický","dievnický"
378,"first_blank","first_blank-tech","tech",4,44,"first_blank-vlast","vlast",50,6,1,1,"technológia","vlastnológia"
152,"ku","ku-tý","tý",3,1,"štva-tý","štva",1,0,2,1,"tekutý","teštvatý"
457,"le","le-gram","gram",3,1,"le-nost","nost",1,0,0,1,"telegram","telenost"
678,"te","te-lo","lo",2,25,"te-nia","nia",24,1,1,1,"telo","tenia"
293,"first_blank","first_blank-ten","ten",2,24,"first_blank-bod","bod",24,0,0,1,"tenký","bodký"
313,"tep","tep-lý","lý",2,2,"vyk-lý","vyk",2,0,0,1,"teplý","vyklý"
489,"ra","ra-pia","pia",3,2,"ra-dosť","dosť",2,0,1,1,"terapia","teradosť"
190,"te","te-raz","raz",2,4,"te-oro","oro",4,0,0,1,"teraz","teoro"
720,"nál","nál-last_blank","last_blank",3,9,"tier-last_blank","tier",9,0,1,1,"terminál","termitier"
567,"nie","nie-last_blank","last_blank",4,1330,"ských-last_blank","ských",62,1268,2,1,"tetovanie","tetovaských"
291,"xt","xt-last_blank","last_blank",1,2,"oi-last_blank","oi",2,0,0,1,"text","teoi"
469,"chý","chý-last_blank","last_blank",2,6,"por-last_blank","por",6,0,0,1,"tichý","tipor"
267,"ti","ti-eň","eň",1,1,"ti-ča","ča",1,0,0,1,"tieň","tiča"
605,"síc","síc-last_blank","last_blank",2,7,"žam-last_blank","žam",7,0,0,1,"tisíc","tižam"
522,"čid","čid-lo","lo",3,2,"chel-lo","chel",2,0,1,1,"tlačidlo","tlachello"
861,"first_blank","first_blank-tla","tla",2,50,"first_blank-sve","sve",50,0,0,1,"tlačiť","svečiť"
78,"first_blank","first_blank-tma","tma",2,11,"first_blank-kim","kim",11,0,0,1,"tmavosť","kimvosť"
297,", wc",", wc-last_blank","last_blank",4,1,"štvem-last_blank","štvem",1,0,1,1,"toaleta, wc","toaletaštvem"
103,"reň","reň-last_blank","last_blank",3,15,"chod-last_blank","chod",15,0,1,1,"továreň","továchod"
752,"trá","trá-pe","pe",3,5,"ubez-pe","ubez",5,0,1,1,"trápenie","ubezpenie"
692,"tra","tra-sa","sa",2,1,"lin-sa","lin",1,0,0,1,"trasa","linsa"
51,"first_blank","first_blank-tré","tré",2,41,"first_blank-stá","stá",41,0,0,1,"tréner","stáner"
974,"es","es-t","t",1,10,"gh-t","gh",10,0,0,1,"trest","trght"
236,"first_blank","first_blank-tres","tres",2,31,"first_blank-svet","svet",31,0,0,1,"trestať","svettať"
294,"first_blank","first_blank-tre","tre",2,60,"first_blank-zba","zba",60,0,0,1,"tretí","zbatí"
439,"first_blank","first_blank-trie","trie",2,9,"first_blank-mier","mier",9,0,0,1,"trieda","mierda"
699,"first_blank","first_blank-triez","triez",2,6,"first_blank-streľ","streľ",6,0,0,1,"triezvy","streľvy"
301,"ik","ik-last_blank","last_blank",1,11,"hé-last_blank","hé",11,0,0,1,"trik","trhé"
784,"fej","fej-last_blank","last_blank",2,1,"cíp-last_blank","cíp",1,0,0,1,"trofej","trocíp"
658,"vosť","vosť-last_blank","last_blank",4,44,"tiach-last_blank","tiach",35,9,1,1,"trpezlivosť","trpezlitiach"
735,"pieť","pieť-last_blank","last_blank",2,8,"ming-last_blank","ming",8,0,0,1,"trpieť","trming"
133,"tu","tu-last_blank","last_blank",1,415,"vé-last_blank","vé",412,3,0,1,"tu","vé"
949,"niak","niak-last_blank","last_blank",2,7,"gham-last_blank","gham",7,0,0,1,"tuniak","tugham"
299,"first_blank","first_blank-tur","tur",2,33,"first_blank-vin","vin",33,0,0,1,"turnaj","vinnaj"
83,"first_blank","first_blank-túž","túž",2,8,"first_blank-hre","hre",8,0,0,1,"túžba","hreba"
116,"first_blank","first_blank-tv","tv",1,8,"first_blank-mă","mă",8,0,0,1,"tvar","măar"
284,"first_blank","first_blank-tvrdo","tvrdo",3,8,"first_blank-okrad","okrad",8,0,0,1,"tvrdohlavý","okradhlavý"
634,"first_blank","first_blank-tvr","tvr",2,37,"first_blank-fil","fil",37,0,0,1,"tvrdý","fildý"
616,"pic","pic-ký","ký",3,2,"všet-ký","všet",2,0,1,1,"typický","tyvšetký"
770,"úč","úč-el","el",1,1,"re-el","re",1,0,0,1,"účel","reel"
122,"first_blank","first_blank-uchmat","uchmat",2,3,"first_blank-strikt","strikt",3,0,0,3,"uchmatnúť","striktnúť"
411," sa"," sa-last_blank","last_blank",2,1,"ruk-last_blank","ruk",1,0,0,1,"učiť sa","učiťruk"
246,"first_blank","first_blank-úc","úc",2,10,"first_blank-kot","kot",10,0,1,1,"úcta","kotta"
307,"uf","uf-o","o",1,1,"my-o","my",1,0,0,1,"ufo","myo"
52,"li","li-e","e",1,2,"mn-e","mn",2,0,0,1,"uhlie","uhmne"
891,"lí","lí-k","k",1,2,"vl-k","vl",2,0,0,1,"uhlík","uhvlk"
611,"first_blank","first_blank-úlo","úlo",2,11,"first_blank-mel","mel",11,0,0,1,"úloha","melha"
425,"lec","lec-last_blank","last_blank",2,13,"van-last_blank","van",13,0,0,1,"umelec","umevan"
638,"ume","ume-nie","nie",2,1,"čka-nie","čka",1,0,0,1,"umenie","čkanie"
463,"first_blank","first_blank-una","una",3,19,"first_blank-spre","spre",19,0,1,1,"unavený","sprevený"
955,"first_blank","first_blank-ún","ún",1,6,"first_blank-sý","sý",6,0,0,1,"únos","sýos"
979,"first_blank","first_blank-únos","únos",2,7,"first_blank-plod","plod",7,0,0,1,"únosca","plodca"
884,"first_blank","first_blank-úpla","úpla",2,1,"first_blank-ulia","ulia",1,0,0,1,"úplatok","uliatok"
821,"zor","zor-niť","niť",3,1,"sklo-niť","sklo",1,0,1,1,"upozorniť","uposkloniť"
428,"first_blank","first_blank-úrad","úrad",2,15,"first_blank-trva","trva",15,0,0,1,"úradne","trvane"
824,"uráž","uráž-ka","ka",2,1,"člán-ka","člán",1,0,0,1,"urážka","článka"
163,"uro","uro-biť","biť",2,2,"uro-chi","chi",2,0,0,1,"urobiť","urochi"
816,"ús","ús-ek","ek",1,1,"ef-ek","ef",1,0,0,1,"úsek","efek"
186,"ľach","ľach-ti","ti",4,4,"chris-ti","chris",5,1,1,1,"ušľachtilý","ušchristilý"
417,"ús","ús-me","me",1,1,"sá-me","sá",1,0,0,1,"úsmev","sámev"
374,"ch","ch-last_blank","last_blank",1,71,"ša-last_blank","ša",71,0,0,1,"úspech","úspeša"
910,"first_blank","first_blank-uspo","uspo",3,34,"first_blank-iden","iden",33,1,0,1,"usporiadať","idenriadať"
545,"first_blank","first_blank-ús","ús",2,17,"first_blank-ude","ude",17,0,1,1,"ústa","udeta"
804,"first_blank","first_blank-usta","usta",4,9,"first_blank-orien","orien",9,0,1,1,"ustarostený","orienrostený"
242,"first_blank","first_blank-ute","ute",3,49,"first_blank-skla","skla",50,1,1,1,"utečenec","sklačenec"
295,"cť","cť-last_blank","last_blank",1,8,"og-last_blank","og",8,0,0,1,"utiecť","utieog"
753,"čis","čis-ko","ko",3,5,"znač-ko","znač",5,0,1,1,"útočisko","útoznačko"
701,"first_blank","first_blank-uto","uto",2,19,"first_blank-roč","roč",19,0,0,1,"utopiť","ročpiť"
286,"first_blank","first_blank-utr","utr",3,13,"first_blank-vzbu","vzbu",13,0,1,1,"utrpenie","vzbupenie"
736,"first_blank","first_blank-úv","úv",1,2,"first_blank-xx","xx",2,0,0,1,"úver","xxer"
9,"už","už-last_blank","last_blank",1,1,"žd-last_blank","žd",1,0,0,1,"už","žd"
154,"first_blank","first_blank-uzam","uzam",3,8,"first_blank-stih","stih",8,0,0,1,"uzamknutý","stihknutý"
310,"first_blank","first_blank-uži","uži",3,27,"first_blank-hroz","hroz",27,0,1,1,"užitočný","hroztočný"
664,"úz","úz-ky","ky",2,1,"til-ky","til",1,0,1,1,"úzky","tilky"
180,"sti","sti-last_blank","last_blank",4,2,"right-last_blank","right",2,0,2,1,"v blízkosti","v blízkoright"
503,"first_blank","first_blank-v j","v j",2,1,"first_blank-lúč","lúč",1,0,0,1,"v júni","lúčúni"
407,"oci","oci-last_blank","last_blank",2,1,"ála-last_blank","ála",1,0,0,1,"v noci","v nála"
193,"first_blank","first_blank-v p","v p",3,1,"first_blank-caff","caff",1,0,1,1,"v poriadku","cafforiadku"
783,"first_blank","first_blank-väč","väč",3,18,"first_blank-hlav","hlav",18,0,1,1,"väčšina","hlavšina"
625,"va","va-gi","gi",3,1,"va-lent","lent",1,0,2,1,"vagina","valentna"
900,"va","va-riť","riť",2,2,"va-nos","nos",2,0,0,1,"variť","vanos"
28,"first_blank","first_blank-vče","vče",2,22,"first_blank-lás","lás",22,0,0,1,"včela","lásla"
124,"first_blank","first_blank-vďač","vďač",2,8,"first_blank-zvra","zvra",8,0,0,1,"vďačný","zvraný"
317,"first_blank","first_blank-vdo","vdo",2,6,"first_blank-sak","sak",6,0,0,1,"vdova","sakva"
588,"če","če-ra","ra",3,8,"príp-ra","príp",8,0,2,1,"večera","veprípra"
98,"first_blank","first_blank-več","več",2,15,"first_blank-kys","kys",15,0,0,1,"večný","kysný"
344,"teľ","teľ-last_blank","last_blank",3,72,"koch-last_blank","koch",73,1,1,1,"veliteľ","velikoch"
272,"veľ","veľ-kosť","kosť",2,1,"lič-kosť","lič",1,0,0,1,"veľkosť","ličkosť"
583,"veľ","veľ-ký","ký",2,3,"xic-ký","xic",2,1,0,1,"veľký","xický"
11,"vys","vys-la","la",4,4,"pliet-la","pliet",4,0,2,1,"veľvyslanec","veľplietlanec"
93,"vys","vys-la","la",5,4,"splách-la","splách",1,3,3,1,"veľvyslanectvo","veľspláchlanectvo"
933,"first_blank","first_blank-ven","ven",2,17,"first_blank-múd","múd",17,0,0,1,"ventil","múdtil"
107,"first_blank","first_blank-ver","ver",2,48,"first_blank-zvo","zvo",48,0,0,1,"vernosť","zvonosť"
399,"mír","mír-last_blank","last_blank",2,3,"nóm-last_blank","nóm",3,0,0,1,"vesmír","vesnóm"
357,"first_blank","first_blank-vet","vet",3,22,"first_blank-otra","otra",22,0,1,1,"vetrovať","otrarovať"
841,"rič","rič-ka","ka",4,4,"chádz-ka","chádz",3,1,2,1,"veverička","vevechádzka"
527,"ža","ža-last_blank","last_blank",2,40,"lej-last_blank","lej",40,0,1,1,"veža","velej"
585,"first_blank","first_blank-vhod","vhod",2,16,"first_blank-sved","sved",16,0,0,1,"vhodný","svedný"
46,"first_blank","first_blank-via","via",3,33,"first_blank-iden","iden",33,0,1,1,"vianoce","idennoce"
931," sa"," sa-last_blank","last_blank",3,1,"ints-last_blank","ints",1,0,1,1,"viazať sa","viazaťints"
471,"ví","ví-no","no",2,1,"ví-riť","riť",1,0,1,1,"víno","víriť"
450,"rus","rus-last_blank","last_blank",2,22,"sou-last_blank","sou",22,0,0,1,"vírus","vísou"
127,"sia","sia-ci","ci",3,4,"nech-ci","nech",2,2,1,1,"visiaci","vinechci"
400,"ťazs","ťazs-tvo","tvo",3,1,"liac-tvo","liac",1,0,0,1,"víťazstvo","víliactvo"
111,"first_blank","first_blank-vlaj","vlaj",2,9,"first_blank-vzťa","vzťa",9,0,0,1,"vlajka","vzťaka"
347,"vl","vl-ak","ak",1,1,"vl-či","či",1,0,0,1,"vlak","vlči"
1,"vlast","vlast-ne","ne",2,4,"hliad-ne","hliad",4,0,0,2,"vlastne","hliadne"
544,"first_blank","first_blank-vla","vla",2,31,"first_blank-naz","naz",31,0,0,1,"vlasy","nazsy"
934,"first_blank","first_blank-vlo","vlo",2,16,"first_blank-sed","sed",16,0,0,1,"vložiť","sedžiť"
123,"first_blank","first_blank-vn","vn",1,2,"first_blank-ál","ál",2,0,0,1,"vnuk","áluk"
671,"tor","tor-ný","ný",3,3,"hlav-ný","hlav",3,0,1,1,"vnútorný","vnúhlavný"
448,"jak","jak-last_blank","last_blank",2,8,"ons-last_blank","ons",8,0,0,1,"vojak","voons"
369,"first_blank","first_blank-voj","voj",2,43,"first_blank-kto","kto",43,0,0,1,"vojna","ktona"
508,"first_blank","first_blank-voľ","voľ",2,26,"first_blank-pal","pal",26,0,0,1,"voľba","palba"
716,"first_blank","first_blank-voľ","voľ",2,26,"first_blank-ľud","ľud",26,0,0,1,"voľne","ľudne"
204,"vo","vo-n","n",1,1,"er-n","er",1,0,0,1,"von","ern"
205,"first_blank","first_blank-von","von",2,17,"first_blank-múd","múd",17,0,0,1,"vonku","múdku"
349,"zid","zid-lo","lo",3,1,"xwel-lo","xwel",1,0,1,1,"vozidlo","voxwello"
484,"ly","ly-v","v",1,1,"pí-v","pí",1,0,0,1,"vplyv","vppív"
798,"chol","chol-last_blank","last_blank",2,28,"šiel-last_blank","šiel",27,1,0,1,"vrchol","vršiel"
553,"first_blank","first_blank-vrec","vrec",2,16,"first_blank-sved","sved",16,0,0,1,"vrecko","svedko"
839,"st","st-va","va",1,1,"ša-va","ša",1,0,0,1,"vrstva","vršava"
332,"obec","obec-ný","ný",3,1,"hmle-ný","hmle",1,0,0,1,"všeobecný","všehmlený"
318,"vtip","vtip-ný","ný",2,1,"vost-ný","vost",1,0,0,1,"vtipný","vostný"
812,"nie","nie-last_blank","last_blank",4,1330,"ských-last_blank","ských",62,1268,2,1,"vybavenie","vybaveských"
766,"vy","vy-brať","brať",3,1,"vy-uzit","uzit",1,0,0,1,"vybrať si","vyuzit si"
826,"buch","buch-last_blank","last_blank",2,1,"bril-last_blank","bril",1,0,0,1,"výbuch","výbril"
525,"chod","chod-last_blank","last_blank",2,15,"hoch-last_blank","hoch",15,0,0,1,"východ","výhoch"
867,"de","de-siť","siť",3,2,"de-ment","ment",2,0,1,1,"vydesiť","vydement"
442,"vy","vy-hľa","hľa",5,24,"vy-vliecť","vliecť",1,23,3,1,"vyhľadávanie","vyvliecťdávanie"
863,"vy","vy-hliad","hliad",3,2,"vy-škria","škria",2,0,0,1,"vyhliadka","vyškriaka"
482,"liezť","liezť-last_blank","last_blank",2,3,"niest-last_blank","niest",3,0,0,1,"vyliezť","vyniest"
101,"vy","vy-ni","ni",5,12,"umiest-ni","umiest",5,7,4,1,"vynikajúci","umiestnikajúci"
960,"moč","moč-ný","ný",4,2,"zvest-ný","zvest",2,0,2,1,"výnimočný","výnizvestný"
130,"ču","ču-tie","tie",4,1,"ču-chách","chách",1,0,2,1,"vypočutie","vypočuchách"
363,"rob","rob-ca","ca",3,2,"zvra-ca","zvra",2,0,1,1,"výrobca","výzvraca"
663,"ro","ro-čie","čie",3,4,"ro-bert","bert",4,0,1,1,"výročie","výrobert"
957,"šet","šet-re","re",4,8,"humph-re","humph",3,5,2,1,"vyšetrenie","vyhumphrenie"
599,"skum","skum-last_blank","last_blank",2,1,"sell-last_blank","sell",1,0,0,1,"výskum","výsell"
304,"šať","šať-last_blank","last_blank",3,24,"loch-last_blank","loch",24,0,1,1,"vyskúšať","vyskúloch"
807,"vý","vý-sle","sle",3,1,"vý-tvar","tvar",1,0,1,1,"výsledok","výtvardok"
356,"ola","ola-last_blank","last_blank",5,4,"tments-last_blank","tments",1,3,3,1,"vysoká škola","vysoká šktments"
64,"stav","stav-ba","ba",3,3,"škra-ba","škra",3,0,0,1,"výstavba","výškraba"
944,"strel","strel-last_blank","last_blank",2,9,"liach-last_blank","liach",9,0,0,3,"výstrel","výliach"
999,"svet","svet-le","le",4,7,"urých-le","urých",4,3,1,1,"vysvetlenie","vyurýchlenie"
72,"rať","rať-last_blank","last_blank",3,90,"stvo-last_blank","stvo",90,0,1,1,"vytvárať","vytvástvo"
817,"že","že-nie","nie",4,45,"že-chráň","chráň",1,44,2,1,"vyváženie","vyvážechráň"
169,"znam","znam-last_blank","last_blank",2,5,"staň-last_blank","staň",5,0,0,1,"význam","výstaň"
85,"le","le-nosť","nosť",3,2,"le-tých","tých",2,0,0,1,"vzdialenosť","vzdialetých"
5,"vz","vz-du","du",1,1,"ľa-du","ľa",1,0,0,1,"vzduch","ľaduch"
10,"first_blank","first_blank-vž","vž",1,4,"first_blank-bô","bô",4,0,0,1,"vždy","bôdy"
155,"ad","ad-last_blank","last_blank",1,37,"il-last_blank","il",37,0,0,1,"vzhľad","vzhľil"
520,"first_blank","first_blank-vzru","vzru",4,27,"first_blank-pries","pries",27,0,1,1,"vzrušujúci","priesšujúci"
592,"first_blank","first_blank-vzťa","vzťa",2,9,"first_blank-vnút","vnút",9,0,0,1,"vzťahu","vnúthu"
537,"hing","hing-ton","ton",3,4,"brix-ton","brix",1,3,0,1,"washington","wasbrixton"
316,"first_blank","first_blank-whis","whis",2,3,"first_blank-kvit","kvit",3,0,0,1,"whisky","kvitky"
833,"ža","ža-ba","ba",2,1,"ža-niu","niu",1,0,1,1,"žaba","žaniu"
547,"za","za-bez","bez",5,29,"za-triasť","triasť",1,28,3,1,"zabezpečenie","zatriasťpečenie"
730,"bi","bi-jak","jak",3,2,"bi-nách","nách",2,0,1,1,"zabijak","zabinách"
62,"lať","lať-last_blank","last_blank",5,35,"stvách-last_blank","stvách",7,28,3,1,"zablahoželať","zablahožestvách"
523,"brá","brá-niť","niť",3,2,"škvr-niť","škvr",1,1,1,1,"zabrániť","zaškvrniť"
392,"bud","bud-núť","núť",3,4,"všim-núť","všim",2,2,1,1,"zabudnúť","zavšimnúť"
886,"za","za-cho","cho",3,24,"za-vraž","vraž",17,7,1,1,"zachovať","zavražvať"
607,"chra","chra-nu","nu",3,1,"vzác-nu","vzác",1,0,0,1,"záchranu","závzácnu"
96,"za","za-dať","dať",2,1,"za-rus","rus",1,0,0,1,"zadať","zarus"
859,"za","za-dok","dok",2,1,"za-rmu","rmu",1,0,0,1,"zadok","zarmu"
298,"tra","tra-last_blank","last_blank",2,24,"šok-last_blank","šok",24,0,0,1,"zajtra","zajšok"
921,"za","za-ká","ká",4,13,"za-tlies","tlies",4,9,3,1,"zakázaný","zatlieszaný"
903,"klad","klad-ňa","ňa",3,2,"odom-ňa","odom",1,1,0,1,"základňa","záodomňa"
69,"kryť","kryť-last_blank","last_blank",2,5,"pusť-last_blank","pusť",5,0,0,1,"zakryť","zapusť"
167,"tosť","tosť-last_blank","last_blank",4,20,"niach-last_blank","niach",25,5,1,1,"záležitosť","záležiniach"
26,"liv","liv-last_blank","last_blank",2,3,"zač-last_blank","zač",3,0,0,1,"záliv","zázač"
429,"žiť","žiť-last_blank","last_blank",3,70,"ších-last_blank","ších",69,1,1,1,"založiť","zaloších"
685,"dok","dok-last_blank","last_blank",3,30,"land-last_blank","land",30,0,1,1,"žalúdok","žalúland"
677,"mest","mest-na","na",4,16,"správ-na","správ",2,14,1,1,"zamestnanie","zasprávnanie"
516,"tre","tre-nie","nie",4,1,"vzpla-nie","vzpla",1,0,2,1,"zaostrenie","zaosvzplanie"
321,"pad","pad-last_blank","last_blank",2,13,"tér-last_blank","tér",13,0,0,1,"západ","zátér"
834,"nka","nka-last_blank","last_blank",4,1,"dĺžiť-last_blank","dĺžiť",1,0,2,1,"západ slnka","západ sldĺžiť"
454,"nie","nie-last_blank","last_blank",4,1330,"ských-last_blank","ských",62,1268,2,1,"zapojenie","zapojeských"
609,"zá","zá-ru","ru",3,5,"zá-chva","chva",5,0,2,1,"záruka","záchvaka"
862," si"," si-last_blank","last_blank",4,1,"plach-last_blank","plach",1,0,2,1,"zaslúžiť si","zaslúžiťplach"
3,"zá","zá-stup","stup",3,11,"zá-chra","chra",11,0,0,1,"zástupca","záchraca"
779,"nie","nie-last_blank","last_blank",4,1330,"ských-last_blank","ských",62,1268,2,1,"zavádzanie","zavádzaských"
61,"zá","zá-ver","ver",2,1,"zá-nov","nov",1,0,0,1,"záver","zánov"
645,"vod","vod-last_blank","last_blank",2,15,"ľaš-last_blank","ľaš",15,0,0,1,"závod","záľaš"
36,"lať","lať-last_blank","last_blank",3,35,"krát-last_blank","krát",35,0,1,1,"zavolať","zavokrát"
632,"znam","znam-last_blank","last_blank",2,5,"slal-last_blank","slal",5,0,0,1,"záznam","záslal"
689,"first_blank","first_blank-zbie","zbie",2,17,"first_blank-skve","skve",17,0,0,1,"zbierať","skverať"
868,"first_blank","first_blank-zby","zby",3,16,"first_blank-sran","sran",16,0,1,1,"zbytočný","srantočný"
128,"vie","vie-last_blank","last_blank",2,34,"ram-last_blank","ram",34,0,0,1,"zdravie","zdraram"
129,"zdra","zdra-vý","vý",2,3,"dist-vý","dist",1,2,0,2,"zdravý","distvý"
1000,"zdriem","zdriem-nu","nu",3,1,"zhliad-nu","zhliad",1,0,0,1,"zdriemnutie","zhliadnutie"
278,"first_blank","first_blank-zd","zd",1,12,"first_blank-kô","kô",12,0,0,1,"zdroj","kôroj"
662,"first_blank","first_blank-zdvo","zdvo",3,9,"first_blank-mier","mier",9,0,0,1,"zdvorilý","mierrilý"
125,"first_blank","first_blank-ze","ze",3,97,"first_blank-pria","pria",83,14,2,1,"zelená","prialená"
350,"zo","zo-last_blank","last_blank",3,17,"klad-last_blank","klad",17,0,2,1,"železo","želeklad"
91,"nie","nie-last_blank","last_blank",5,1330,"stvách-last_blank","stvách",7,1323,3,1,"zemetrasenie","zemetrasestvách"
750,"miak","miak-last_blank","last_blank",2,1,"sier-last_blank","sier",1,0,0,1,"zemiak","zesier"
773,"žia","žia-riť","riť",2,2,"žia-com","com",1,1,0,1,"žiariť","žiacom"
554,"first_blank","first_blank-žiar","žiar",3,16,"first_blank-zdie","zdie",16,0,0,1,"žiarlivý","zdielivý"
755,"žil","žil-ka","ka",2,1,"šov-ka","šov",1,0,0,1,"žilka","šovka"
117,"zi","zi-sk","sk",1,1,"ne-sk","ne",1,0,0,1,"zisk","nesk"
460,"ži","ži-ť","ť",1,1,"rá-ť","rá",1,0,0,1,"žiť","ráť"
249,"first_blank","first_blank-zja","zja",3,14,"first_blank-chví","chví",14,0,1,1,"zjavenie","chvívenie"
776,"first_blank","first_blank-zla","zla",2,28,"first_blank-cit","cit",28,0,0,1,"zlatý","cittý"
292,"dej","dej-last_blank","last_blank",2,16,"vit-last_blank","vit",16,0,0,1,"zlodej","zlovit"
43,"first_blank","first_blank-zme","zme",2,33,"first_blank-via","via",33,0,0,1,"zmena","viana"
478,"first_blank","first_blank-zmlu","zmlu",2,7,"first_blank-zdví","zdví",7,0,0,1,"zmluva","zdvíva"
99,"first_blank","first_blank-zmy","zmy",3,8,"first_blank-cris","cris",8,0,1,1,"zmyselný","crisselný"
914,"first_blank","first_blank-znač","znač",2,17,"first_blank-bran","bran",17,0,0,1,"značka","branka"
418,"ak","ak-last_blank","last_blank",1,42,"zí-last_blank","zí",42,0,0,1,"znak","znzí"
247,"nosť","nosť-last_blank","last_blank",4,174,"ských-last_blank","ských",62,112,1,1,"zodpovednosť","zodpovedských"
950,"first_blank","first_blank-žold","žold",2,5,"first_blank-upad","upad",5,0,0,1,"žoldnier","upadnier"
535,"bie","bie-last_blank","last_blank",2,20,"rák-last_blank","rák",20,0,0,1,"zombie","zomrák"
780,"ada","ada-last_blank","last_blank",7,1,"čerstviť-last_blank","čerstviť",1,0,5,1,"zoologická záhrada","zoologická záhrčerstviť"
455,"lok","lok-last_blank","last_blank",2,13,"men-last_blank","men",13,0,0,1,"žralok","žramen"
923,"zr","zr-no","no",1,1,"ye-no","ye",1,0,0,1,"zrno","yeno"
966,"first_blank","first_blank-žur","žur",5,5,"first_blank-úchvat","úchvat",4,1,3,1,"žurnalistika","úchvatnalistika"
63,"first_blank","first_blank-zvá","zvá",2,18,"first_blank-fut","fut",18,0,0,1,"zvážiť","futžiť"
953,"first_blank","first_blank-zvlá","zvlá",3,12,"first_blank-flir","flir",12,0,0,1,"zvládanie","flirdanie"
565,"first_blank","first_blank-zvý","zvý",2,25,"first_blank-mer","mer",25,0,0,1,"zvýšiť","meršiť"
