"word_id","first","original_pair","second","syll","original_freq","replacement_pair","replacement_syll","replacement_freq","freq_diff","char_diff","letter_diff","original_word","replacement_word"
112,"vent","vent-last_blank","last_blank",3,2,"jach-last_blank","jach",2,0,0,1,"absolvent","absoljach"
2,"surd","surd-ný","ný",3,1,"opor-ný","opor",1,0,0,1,"absurdný","aboporný"
999,"ad","ad-mi","mi",6,15,"čerstvý-mi","čerstvý",1,14,5,1,"administratívny","čerstvýministratívny"
192,"na","na-lín","lín",4,1,"na-pchám","pchám",1,0,2,1,"adrenalín","adrenapchám"
86,"re","re-sa","sa",3,4,"re-zerv","zerv",4,0,2,1,"adresa","adrezerv"
162,"first_blank","first_blank-agen","agen",3,18,"first_blank-zvyk","zvyk",18,0,0,1,"agentúra","zvyktúra"
735,"vo","vo-vať","vať",4,40,"vo-tried","tried",6,34,2,1,"aktivovať","aktivotried"
831,"al","al-ar","ar",1,1,"al-re","re",1,0,0,1,"alarm","alrem"
52,"fa","fa-last_blank","last_blank",2,34,"víš-last_blank","víš",34,0,1,1,"alfa","alvíš"
365,"ali","ali-bi","bi",2,1,"pre-bi","pre",1,0,0,1,"alibi","prebi"
3,"first_blank","first_blank-ame","ame",3,45,"first_blank-tech","tech",44,1,1,1,"america","techrica"
507,"first_blank","first_blank-ana","ana",3,40,"first_blank-scho","scho",41,1,1,1,"analýza","scholýza"
220,"tekt","tekt-last_blank","last_blank",3,1,"long-last_blank","long",1,0,0,1,"architekt","archilong"
310,"má","má-da","da",3,2,"škan-da","škan",2,0,2,1,"armáda","arškanda"
419,"first_blank","first_blank-aro","aro",3,12,"first_blank-zvlá","zvlá",12,0,1,1,"arogancia","zvlágancia"
19,"first_blank","first_blank-aró","aró",2,2,"first_blank-wid","wid",2,0,0,1,"aróry","widry"
979,"rie","rie-last_blank","last_blank",3,96,"kých-last_blank","kých",100,4,1,1,"artérie","artékých"
771,"tent","tent-last_blank","last_blank",2,3,"vedz-last_blank","vedz",3,0,0,1,"asistent","asisvedz"
485,"tic","tic-ký","ký",4,71,"yorks-ký","yorks",1,70,2,1,"atlantický","atlanyorkský"
616,"sfé","sfé-ra","ra",4,2,"zvnut-ra","zvnut",1,1,2,1,"atmosféra","atmozvnutra"
896,"to","to-last_blank","last_blank",2,243,"šie-last_blank","šie",245,2,1,1,"auto","aušie"
884,"bus","bus-last_blank","last_blank",3,7,"mont-last_blank","mont",7,0,1,1,"autobus","automont"
101,"bič","bič-ka","ka",3,8,"zmeš-ka","zmeš",7,1,1,1,"babička","bazmeška"
844,"con","con-last_blank","last_blank",2,10,"mar-last_blank","mar",10,0,0,1,"bacon","bamar"
433,"le","le-nie","nie",3,56,"le-vant","vant",5,51,1,1,"balenie","balevant"
259,"ba","ba-r","r",1,1,"ló-r","ló",1,0,0,1,"bar","lór"
737,"ball","ball-last_blank","last_blank",3,8,"siek-last_blank","siek",8,0,0,1,"baseball","basesiek"
786,"seň","seň-last_blank","last_blank",2,5,"ňaš-last_blank","ňaš",5,0,0,1,"báseň","báňaš"
689,"vl","vl-na","na",3,3,"priz-na","priz",3,0,2,1,"bavlna","baprizna"
967,"cen","cen-ný","ný",3,5,"sluš-ný","sluš",4,1,1,1,"bezcenný","bezslušný"
37,"moc","moc-ný","ný",3,8,"stup-ný","stup",7,1,1,1,"bezmocný","bezstupný"
936,"nosť","nosť-last_blank","last_blank",3,174,"skej-last_blank","skej",138,36,0,1,"bezpečnosť","bezpečskej"
70,"first_blank","first_blank-bio","bio",3,28,"first_blank-opus","opus",28,0,1,1,"biológia","opuslógia"
71,"first_blank","first_blank-bio","bio",4,28,"first_blank-stráž","stráž",29,1,2,1,"biologický","strážlogický"
891,"first_blank","first_blank-bit","bit",2,16,"first_blank-uby","uby",16,0,0,1,"bitka","ubyka"
492,"zon","zon-last_blank","last_blank",2,4,"plo-last_blank","plo",4,0,0,1,"blázon","bláplo"
533,"hat","hat-stvo","stvo",3,1,"hat-ších","ších",1,0,0,1,"bohatstvo","bohatších"
80,"ha","ha-tý","tý",3,2,"ha-wkin","wkin",2,0,2,1,"bohatý","bohawkin"
46,"bo","bo-j","j",1,1,"re-j","re",1,0,0,1,"boj","rej"
17,"jis","jis-ko","ko",3,1,"kváp-ko","kváp",1,0,1,1,"bojisko","bokvápko"
329,"jov","jov-ník","ník",3,2,"úrad-ník","úrad",2,0,1,1,"bojovník","boúradník"
847,"lesť","lesť-last_blank","last_blank",2,2,"wler-last_blank","wler",2,0,0,1,"bolesť","bowler"
933,"first_blank","first_blank-bos","bos",2,16,"first_blank-hun","hun",16,0,0,1,"boston","hunton"
45,"first_blank","first_blank-bož","bož",2,12,"first_blank-val","val",12,0,0,1,"božský","valský"
886,"first_blank","first_blank-bra","bra",2,64,"first_blank-cen","cen",64,0,0,1,"brada","cenda"
557,"brá","brá-na","na",2,3,"gál-na","gál",3,0,0,1,"brána","gálna"
685,"at","at-last_blank","last_blank",1,32,"dú-last_blank","dú",32,0,0,1,"brat","brdú"
642,"brat","brat-ra","ra",3,1,"uthe-ra","uthe",1,0,0,1,"bratranec","utheranec"
743,"br","br-ne","ne",3,4,"zmiz-ne","zmiz",4,0,2,1,"brnení","zmiznení"
166,"first_blank","first_blank-br","br",1,71,"first_blank-dá","dá",71,0,0,1,"bro","dáo"
722,"bruš","bruš-ný","ný",2,1,"surd-ný","surd",1,0,0,1,"brušný","surdný"
875,"nie","nie-last_blank","last_blank",4,1330,"ských-last_blank","ských",62,1268,2,1,"budovanie","budovaských"
285,"first_blank","first_blank-bun","bun",2,26,"first_blank-hlu","hlu",26,0,0,1,"bunda","hluda"
763,"búr","búr-ka","ka",2,2,"rad-ka","rad",2,0,0,1,"búrka","radka"
122,"by","by-t","t",1,1,"it-t","it",1,0,0,1,"byt","itt"
257,"dej","dej-ni","ni",5,8,"ovplyv-ni","ovplyv",3,5,3,1,"čarodejnica","čaroovplyvnica"
326,"dej","dej-ník","ník",4,2,"vlast-ník","vlast",2,0,2,1,"čarodejník","čarovlastník"
58,"first_blank","first_blank-čaš","čaš",3,11,"first_blank-vkla","vkla",11,0,1,1,"čašníčka","vklaníčka"
107,"so","so-vač","vač",3,1,"so-ames","ames",1,0,1,1,"časovač","časoames"
949,"first_blank","first_blank-čas","čas",3,16,"first_blank-vrec","vrec",16,0,1,1,"častica","vrectica"
424,"čas","čas-to","to",2,2,"pla-to","pla",2,0,0,1,"často","plato"
190,"ce","ce-na","na",2,2,"nár-na","nár",2,0,1,1,"cena","nárna"
347,"cen","cen-ti","ti",4,6,"šľach-ti","šľach",4,2,2,1,"centimeter","šľachtimeter"
610,"sť","sť-last_blank","last_blank",1,40,"ža-last_blank","ža",40,0,0,1,"česť","čeža"
797,"ces","ces-ta","ta",2,2,"ali-ta","ali",2,0,0,1,"cesta","alita"
319," pas"," pas-last_blank","last_blank",4,1,"ánoch-last_blank","ánoch",1,0,1,1,"cestovný pas","cestovnýánoch"
812,"ci","ci-eť","eť",1,1,"ci-nk","nk",1,0,0,1,"chcieť","chcink"
499,"ch","ch-ek","ek",1,1,"ch-re","re",1,0,0,1,"chek","chre"
483,"first_blank","first_blank-chi","chi",3,54,"first_blank-upra","upra",54,0,1,1,"chirurgia","uprarurgia"
194,"first_blank","first_blank-chlad","chlad",2,26,"first_blank-ukrad","ukrad",26,0,0,1,"chladný","ukradný"
111,"pec","pec-last_blank","last_blank",2,7,"ise-last_blank","ise",7,0,0,1,"chlapec","chlaise"
75,"cho","cho-rý","rý",2,2,"pok-rý","pok",1,1,0,1,"chorý","pokrý"
83,"first_blank","first_blank-chy","chy",2,52,"first_blank-rov","rov",52,0,0,1,"chyba","rovba"
66,"bu","bu-ľa","ľa",3,2,"chyt-ľa","chyt",2,0,2,1,"cibuľa","cichytľa"
40,"first_blank","first_blank-čier","čier",2,16,"first_blank-sved","sved",16,0,0,1,"čierna","svedna"
141,"ci","ci-gar","gar",2,1,"ci-buľ","buľ",1,0,0,1,"cigar","cibuľ"
767,"re","re-ta","ta",4,4,"plach-ta","plach",2,2,3,1,"cigareta","cigaplachta"
5,"first_blank","first_blank-čin","čin",2,7,"first_blank-nór","nór",7,0,0,1,"činnosť","nórnosť"
204,"rín","rín-last_blank","last_blank",3,10,"hnať-last_blank","hnať",10,0,1,1,"cintorín","cintohnať"
994,"kus","kus-last_blank","last_blank",2,3,"tén-last_blank","tén",3,0,0,1,"cirkus","cirtén"
85,"sár","sár-last_blank","last_blank",2,6,"zes-last_blank","zes",6,0,0,1,"cisár","cizes"
104,"first_blank","first_blank-cit","cit",3,28,"first_blank-ozna","ozna",28,0,1,1,"citlivý","oznalivý"
305,"cia","cia-last_blank","last_blank",5,265,"stvách-last_blank","stvách",7,258,3,1,"civilizácia","civilizástvách"
549,"first_blank","first_blank-čl","čl",1,9,"first_blank-gy","gy",9,0,0,1,"čln","gyn"
93,"lá","lá-da","da",4,1,"lá-riách","riách",1,0,3,1,"čokoláda","čokoláriách"
415,"čo","čo-sko","sko",3,1,"čo-chví","chví",1,0,1,1,"čoskoro","čochvíro"
579,"first_blank","first_blank-cvi","cvi",3,25,"first_blank-sláv","sláv",25,0,1,1,"cvičenie","slávčenie"
387,"cy","cy-nic","nic",3,4,"cy-borg","borg",1,3,1,1,"cynický","cyborgký"
536,"lej","lej-last_blank","last_blank",2,40,"nať-last_blank","nať",40,0,0,1,"ďalej","ďanať"
853,"le","le-ko","ko",3,10,"krát-ko","krát",10,0,2,1,"ďaleko","ďakrátko"
270,"first_blank","first_blank-dar","dar",2,52,"first_blank-špi","špi",52,0,0,1,"darček","špiček"
115,"nie","nie-last_blank","last_blank",4,1330,"ských-last_blank","ských",62,1268,2,1,"darovanie","darovaských"
550,"da","da-ť","ť",1,2,"os-ť","os",2,0,0,1,"dať","osť"
432,"ber","ber-last_blank","last_blank",3,36,"nách-last_blank","nách",36,0,1,1,"december","decemnách"
271,"cia","cia-last_blank","last_blank",4,265,"ských-last_blank","ských",62,203,2,1,"definícia","definíských"
249,"lec","lec-ký","ký",5,3,"wraiths-ký","wraiths",1,2,4,2,"delostrelecký","delostrewraithský"
706,"ra","ra-cia","cia",4,9,"ra-mount","mount",1,8,2,1,"demokracia","demokramount"
618,"štrá","štrá-cia","cia",4,1,"alian-cia","alian",1,0,1,1,"demonštrácia","demonaliancia"
752,"first_blank","first_blank-dep","dep",3,16,"first_blank-uzat","uzat",16,0,1,1,"depresia","uzatresia"
746,"ro","ro-čie","čie",4,4,"ro-idoch","idoch",1,3,2,1,"desaťročie","desaťroidoch"
960,"tív","tív-last_blank","last_blank",3,13,"siel-last_blank","siel",13,0,1,1,"detektív","deteksiel"
352,"det","det-stvo","stvo",2,1,"jom-stvo","jom",1,0,0,1,"detstvo","jomstvo"
14,"bol","bol-last_blank","last_blank",2,11,"gue-last_blank","gue",11,0,0,1,"diabol","diague"
67,"first_blank","first_blank-diaľ","diaľ",3,18,"first_blank-chro","chro",18,0,0,1,"diaľnica","chronica"
573,"die","die-ra","ra",2,13,"mok-ra","mok",13,0,0,1,"diera","mokra"
28,"die","die-ťa","ťa",3,8,"opúš-ťa","opúš",9,1,1,1,"dieťaťa","opúšťaťa"
73,"first_blank","first_blank-diev","diev",2,44,"first_blank-tech","tech",44,0,0,2,"dievča","techča"
503,"di","di-ng","ng",1,1,"di-go","go",1,0,0,1,"ding","digo"
279,"ku","ku-sia","sia",3,1,"ku-moch","moch",1,0,1,1,"diskusia","diskumoch"
254,"vad","vad-lo","lo",3,4,"rých-lo","rých",4,0,1,1,"divadlo","dirýchlo"
229,"zia","zia-last_blank","last_blank",3,50,"tých-last_blank","tých",49,1,1,1,"divízia","divítých"
296,"hý","hý-last_blank","last_blank",2,9,"lii-last_blank","lii",9,0,1,1,"dlhý","dllii"
866,"first_blank","first_blank-dĺž","dĺž",2,5,"first_blank-grá","grá",5,0,0,1,"dĺžka","gráka"
679,"first_blank","first_blank-dni","dni",2,1,"first_blank-aba","aba",1,0,0,1,"dnior","abaor"
898,"first_blank","first_blank-dn","dn",1,10,"first_blank-ea","ea",10,0,0,1,"dno","eao"
116,"voľ","voľ-ne","ne",4,5,"stiah-ne","stiah",4,1,2,1,"dobrovoľne","dobrostiahne"
150,"da","da-toč","toč",4,4,"da-niach","niach",1,3,2,1,"dodatočný","dodaniachný"
987,"do","do-ho","ho",3,22,"do-siah","siah",19,3,2,1,"dohoda","dosiahda"
120,"kaz","kaz-last_blank","last_blank",2,9,"lit-last_blank","lit",9,0,0,1,"dôkaz","dôlit"
208,"na","na-lý","lý",4,3,"na-štval","štval",2,1,3,1,"dokonalý","dokonaštval"
756,"ku","ku-ment","ment",3,2,"ku-soch","soch",2,0,0,1,"dokument","dokusoch"
951,"lár","lár-last_blank","last_blank",2,7,"bus-last_blank","bus",7,0,0,1,"dolár","dobus"
62,"ži","ži-tý","tý",4,9,"spros-tý","spros",2,7,3,1,"dôležitý","dôlesprostý"
501,"raz","raz-ne","ne",3,3,"čier-ne","čier",3,0,1,1,"dôrazne","dôčierne"
351,"do","do-ska","ska",2,2,"do-miu","miu",2,0,0,1,"doska","domiu"
127,"toč","toč-ný","ný",4,18,"šťast-ný","šťast",4,14,2,1,"dostatočný","dostašťastný"
626,"nosť","nosť-last_blank","last_blank",3,174,"skej-last_blank","skej",138,36,0,1,"dôstojnosť","dôstojskej"
820,"first_blank","first_blank-dô","dô",3,118,"first_blank-stra","stra",120,2,2,1,"dôvera","stravera"
877,"len","len-ka","ka",4,6,"chádz-ka","chádz",3,3,2,1,"dovolenka","dovochádzka"
794,"dr","dr-ez","ez",1,1,"dr-if","if",1,0,0,1,"drez","drif"
8,"first_blank","first_blank-dro","dro",2,36,"first_blank-kur","kur",36,0,0,1,"droga","kurga"
233,"ôt","ôt-last_blank","last_blank",1,2,"ďo-last_blank","ďo",2,0,0,1,"drôt","drďo"
137,"du","du-ch","ch",1,2,"du-ľa","ľa",2,0,0,1,"duch","duľa"
534,"šok","šok-last_blank","last_blank",2,24,"raz-last_blank","raz",24,0,0,1,"dúšok","dúraz"
458,"first_blank","first_blank-dve","dve",2,9,"first_blank-lak","lak",9,0,0,1,"dverí","lakrí"
922,"na","na-mit","mit",3,1,"na-than","than",1,0,1,1,"dynamit","dynathan"
360,"gant","gant-ný","ný",3,3,"vďač-ný","vďač",3,0,0,1,"elegantný","elevďačný"
327,"tric","tric-ký","ký",3,4,"slad-ký","slad",2,2,0,1,"elektrický","eleksladký"
620,"first_blank","first_blank-elek","elek",3,64,"first_blank-skon","skon",68,4,0,1,"elektrina","skontrina"
138,"onál","onál-ny","ny",4,9,"tried-ny","tried",3,6,1,1,"emocionálny","emocitriedny"
356,"gia","gia-last_blank","last_blank",2,25,"lám-last_blank","lám",25,0,0,1,"energia","enerlám"
197,"first_blank","first_blank-epi","epi",3,22,"first_blank-zjed","zjed",22,0,1,1,"epidémia","zjeddémia"
682,"first_blank","first_blank-epi","epi",3,22,"first_blank-stro","stro",22,0,1,1,"epizóda","strozóda"
470,"first_blank","first_blank-erek","erek",2,4,"first_blank-troš","troš",4,0,0,1,"erekcia","trošcia"
905,"plo","plo-do","do",4,6,"oswal-do","oswal",2,4,2,1,"explodovať","exoswaldovať"
975,"zia","zia-last_blank","last_blank",3,50,"tých-last_blank","tých",49,1,1,1,"explózia","explótých"
464,"pres","pres-né","né",3,3,"stav-né","stav",3,0,0,1,"expresné","exstavné"
889,"ter","ter-ný","ný",3,5,"plat-ný","plat",5,0,1,1,"externý","explatný"
153,"loš","loš-ný","ný",3,2,"gent-ný","gent",2,0,1,1,"falošný","fagentný"
377,"first_blank","first_blank-fan","fan",4,40,"first_blank-ospra","ospra",30,10,2,1,"fantastický","ospratastický"
636,"fan","fan-ta","ta",3,5,"upra-ta","upra",5,0,1,1,"fantasy","upratasy"
560,"vať","vať-last_blank","last_blank",3,948,"ných-last_blank","ných",510,438,1,1,"faxovať","faxoných"
265,"cia","cia-last_blank","last_blank",4,265,"ských-last_blank","ských",62,203,2,1,"federácia","federáských"
246,"first_blank","first_blank-fes","fes",3,4,"first_blank-vraz","vraz",4,0,1,1,"festival","vraztival"
556,"lm","lm-last_blank","last_blank",1,10,"mp-last_blank","mp",10,0,0,1,"film","fimp"
32,"nanč","nanč-ný","ný",3,2,"slov-ný","slov",2,0,0,1,"finančný","fislovný"
160,"nie","nie-last_blank","last_blank",5,1330,"stvách-last_blank","stvách",7,1323,3,1,"financovanie","financovastvách"
695,"first_blank","first_blank-fľa","fľa",2,9,"first_blank-kun","kun",9,0,0,1,"fľaša","kunša"
394,"first_blank","first_blank-flo","flo",3,29,"first_blank-rých","rých",29,0,1,1,"flotila","rýchtila"
25,"graf","graf-last_blank","last_blank",3,4,"jich-last_blank","jich",4,0,0,1,"fotograf","fotojich"
444,"fia","fia-last_blank","last_blank",4,10,"strel-last_blank","strel",9,1,2,1,"fotografia","fotograstrel"
13,"first_blank","first_blank-fran","fran",3,75,"first_blank-elek","elek",64,11,0,1,"francúzsky","elekcúzsky"
707,"first_blank","first_blank-frá","frá",2,6,"first_blank-sup","sup",6,0,0,1,"fráza","supza"
842,"tív","tív-ny","ny",4,27,"prázd-ny","prázd",3,24,2,1,"fugitívny","fugiprázdny"
591,"first_blank","first_blank-funkč","funkč",2,7,"first_blank-mlieč","mlieč",7,0,0,2,"funkčný","mliečný"
34,"bal","bal-last_blank","last_blank",2,43,"tej-last_blank","tej",43,0,0,1,"futbal","futtej"
686,"zic","zic-ký","ký",3,2,"všet-ký","všet",2,0,1,1,"fyzický","fyvšetký"
872,"xia","xia-last_blank","last_blank",3,1,"dĺži-last_blank","dĺži",1,0,1,1,"galaxia","galadĺži"
110,"ráž","ráž-last_blank","last_blank",2,3,"zin-last_blank","zin",3,0,0,1,"garáž","gazin"
256,"ta","ta-ra","ra",3,7,"prez-ra","prez",7,0,2,1,"gitara","giprezra"
399,"bál","bál-ny","ny",3,1,"cier-ny","cier",1,0,1,1,"globálny","glocierny"
463,"ril","ril-la","la",3,2,"štva-la","štva",2,0,1,1,"gorilla","goštvala"
647,"gréc","gréc-ky","ky",2,1,"práv-ky","práv",1,0,0,1,"grécky","právky"
252,"óf","óf-last_blank","last_blank",1,1,"rť-last_blank","rť",1,0,0,1,"gróf","grrť"
33,"first_blank","first_blank-gróf","gróf",2,4,"first_blank-dras","dras",4,0,0,1,"grófka","draska"
237,"guľ","guľ-ka","ka",2,2,"leč-ka","leč",2,0,0,1,"guľka","lečka"
64,"ha","ha-d","d",1,1,"oz-d","oz",1,0,0,1,"had","ozd"
623,"di","di-ca","ca",3,3,"chod-ca","chod",3,0,2,1,"hadica","hachodca"
210,"ná","ná-cia","cia",5,12,"ná-vrhoch","vrhoch",1,11,3,1,"halucinácia","halucinávrhoch"
678,"first_blank","first_blank-ham","ham",3,19,"first_blank-adop","adop",19,0,1,1,"hamburger","adopburger"
925,"first_blank","first_blank-har","har",3,87,"first_blank-prie","prie",84,3,1,1,"harmónia","priemónia"
26,"her","her-ca","ca",2,3,"din-ca","din",3,0,0,1,"herca","dinca"
263,"ín","ín-last_blank","last_blank",3,7,"kiaľ-last_blank","kiaľ",7,0,2,1,"heroín","herokiaľ"
262,"first_blank","first_blank-hes","hes",2,6,"first_blank-sca","sca",6,0,0,1,"heslo","scalo"
545,"hi","hi-v","v",1,1,"ly-v","ly",1,0,0,1,"hiv","lyv"
827,"first_blank","first_blank-hlad","hlad",2,17,"first_blank-stan","stan",17,0,0,1,"hladký","stanký"
857,"so","so-vať","vať",3,15,"so-ciál","ciál",17,2,1,1,"hlasovať","hlasociál"
748,"first_blank","first_blank-hliad","hliad",2,12,"first_blank-stiah","stiah",12,0,0,1,"hliadka","stiahka"
687,"posť","posť-last_blank","last_blank",2,2,"roth-last_blank","roth",2,0,0,1,"hlúposť","hlúroth"
386,"first_blank","first_blank-hlú","hlú",2,25,"first_blank-bre","bre",25,0,0,1,"hlúpy","brepy"
369,"first_blank","first_blank-hm","hm",1,11,"first_blank-gl","gl",11,0,0,1,"hmla","glla"
495,"yz","yz-last_blank","last_blank",1,3,"ém-last_blank","ém",3,0,0,1,"hmyz","hmém"
978,"first_blank","first_blank-hne","hne",2,22,"first_blank-pau","pau",22,0,0,1,"hnevá","pauvá"
923,"no","no-ver","ver",4,2,"no-ciach","ciach",2,0,2,1,"hodnoverný","hodnociachný"
959,"first_blank","first_blank-hod","hod",2,53,"first_blank-san","san",53,0,0,1,"hodný","sanný"
810,"már","már-last_blank","last_blank",2,8,"rid-last_blank","rid",8,0,0,1,"homár","horid"
313,"mo","mo-se","se",5,15,"vzkrie-se","vzkrie",4,11,4,1,"homosexuál","hovzkriesexuál"
428,"hor","hor-ný","ný",2,1,"bat-ný","bat",1,0,0,1,"horný","batný"
247,"rúč","rúč-ka","ka",3,3,"zlie-ka","zlie",3,0,1,1,"horúčka","hozlieka"
388,"first_blank","first_blank-hos","hos",3,53,"first_blank-upra","upra",54,1,1,1,"hostinský","upratinský"
660,"vo","vo-riť","riť",3,11,"vo-plat","plat",7,4,1,1,"hovoriť","hovoplat"
198,"first_blank","first_blank-hr","hr",1,93,"first_blank-bi","bi",93,0,0,1,"hra","bia"
27,"first_blank","first_blank-hrač","hrač",2,11,"first_blank-urov","urov",11,0,0,1,"hračka","urovka"
486,"ad","ad-last_blank","last_blank",1,37,"il-last_blank","il",37,0,0,1,"hrad","hril"
218,"first_blank","first_blank-hra","hra",3,68,"first_blank-skon","skon",68,0,1,1,"hranica","skonnica"
43,"hr","hr-om","om",1,1,"hr-ie","ie",1,0,0,1,"hrom","hrie"
205,"hroz","hroz-ný","ný",2,2,"vrat-ný","vrat",2,0,0,1,"hrozný","vratný"
952,"first_blank","first_blank-hrud","hrud",2,7,"first_blank-plod","plod",7,0,0,1,"hrudník","plodník"
143,"first_blank","first_blank-hud","hud",2,11,"first_blank-tma","tma",11,0,0,1,"hudba","tmaba"
721,"dob","dob-ník","ník",3,2,"sluš-ník","sluš",2,0,1,1,"hudobník","huslušník"
780,"first_blank","first_blank-hus","hus",2,19,"first_blank-dáv","dáv",19,0,0,1,"hustý","dávtý"
59,"first_blank","first_blank-hviez","hviez",2,16,"first_blank-úspeš","úspeš",16,0,0,2,"hviezda","úspešda"
42,"first_blank","first_blank-idi","idi",2,12,"first_blank-kaz","kaz",12,0,0,1,"idiot","kazot"
880,"fek","fek-cia","cia",3,2,"štrá-cia","štrá",1,1,1,1,"infekcia","inštrácia"
95,"in","in-for","for",4,46,"in-štink","štink",6,40,2,1,"informácie","inštinkmácie"
971,"in","in-for","for",4,46,"in-štink","štink",6,40,2,1,"informátor","inštinkmátor"
731,"for","for-mo","mo",4,17,"trans-mo","trans",1,16,2,1,"informovať","intransmovať"
97,"jek","jek-cia","cia",3,3,"jek-tant","tant",1,2,1,1,"injekcia","injektant"
916,"špek","špek-cia","cia",3,1,"stan-cia","stan",1,0,0,1,"inšpekcia","instancia"
215,"špi","špi-rá","rá",4,12,"dekla-rá","dekla",3,9,2,1,"inšpirácia","indeklarácia"
217,"gent","gent-ný","ný",5,2,"ochran-ný","ochran",2,0,2,1,"inteligentný","inteliochranný"
473,"tím","tím-ny","ny",3,2,"čier-ny","čier",2,0,1,1,"intímny","inčierny"
216,"ícia","ícia-last_blank","last_blank",3,1,"xley-last_blank","xley",1,0,0,1,"intuícia","intuxley"
31,"ves","ves-tor","tor",3,2,"trak-tor","trak",2,0,1,1,"investor","intraktor"
161,"ves","ves-to","to",4,14,"štruk-to","štruk",3,11,2,1,"investovať","inštruktovať"
221,"first_blank","first_blank-iro","iro",3,4,"first_blank-euge","euge",4,0,1,1,"ironický","eugenický"
943,"first_blank","first_blank-ís","ís",1,3,"first_blank-gt","gt",3,0,0,1,"ísť","gtť"
22,"first_blank","first_blank-jad","jad",3,17,"first_blank-asis","asis",17,0,1,1,"jadrový","asisrový"
30,"hod","hod-last_blank","last_blank",2,6,"deň-last_blank","deň",6,0,0,1,"jahod","jadeň"
977,"jas","jas-ný","ný",2,3,"peč-ný","peč",3,0,0,1,"jasný","pečný"
935,"first_blank","first_blank-jaš","jaš",4,6,"first_blank-egypt","egypt",6,0,2,1,"jašterica","egyptterica"
646,"ze","ze-ro","ro",3,4,"vnút-ro","vnút",4,0,2,1,"jazero","javnútro"
785,"first_blank","first_blank-jaz","jaz",2,41,"first_blank-kos","kos",41,0,0,1,"jazva","kosva"
720,"neč","neč-ný","ný",4,7,"stran-ný","stran",5,2,2,1,"jedinečný","jedistranný"
227,"jed","jed-lo","lo",2,2,"nie-lo","nie",2,0,0,1,"jedlo","nielo"
228,"chý","chý-last_blank","last_blank",4,6,"zrieť-last_blank","zrieť",6,0,2,1,"jednoduchý","jednoduzrieť"
472,"not","not-li","li",4,5,"frank-li","frank",5,0,2,1,"jednotlivec","jedfranklivec"
330,"first_blank","first_blank-jem","jem",2,18,"first_blank-šte","šte",18,0,0,1,"jemný","štený"
856,"jo","jo-last_blank","last_blank",1,13,"eť-last_blank","eť",13,0,0,1,"jo","eť"
207,"ka","ka-či","či",3,3,"ka-zoch","zoch",3,0,2,1,"kačica","kazochca"
652,"ka","ka-meň","meň",2,2,"ka-plá","plá",2,0,0,1,"kameň","kaplá"
144,"mi","mi-ón","ón",3,1,"mi-siek","siek",1,0,2,1,"kamión","kamisiek"
745,"first_blank","first_blank-kan","kan",4,57,"first_blank-strie","strie",53,4,2,1,"kancelária","striecelária"
469,"ka","ka-pe","pe",3,5,"ka-viar","viar",5,0,2,1,"kapely","kaviarly"
11,"mus","mus-last_blank","last_blank",5,46,"stvách-last_blank","stvách",7,39,3,1,"kapitalizmus","kapitalizstvách"
287,"ka","ka-pl","pl",4,4,"ka-zachs","zachs",3,1,3,1,"kaplnka","kazachsnka"
41,"nál","nál-last_blank","last_blank",3,9,"čiem-last_blank","čiem",9,0,1,1,"kardinál","kardičiem"
325,"first_blank","first_blank-kar","kar",2,56,"first_blank-ces","ces",56,0,0,1,"kartel","cestel"
527,"first_blank","first_blank-ká","ká",2,57,"first_blank-tes","tes",57,0,1,1,"káva","tesva"
502,"first_blank","first_blank-kem","kem",4,7,"first_blank-vznik","vznik",7,0,2,1,"kempovanie","vznikpovanie"
487,"kla","kla-di","di",3,5,"prej-di","prej",3,2,1,1,"kladivo","prejdivo"
315,"már","már-last_blank","last_blank",2,8,"čul-last_blank","čul",8,0,0,1,"klamár","klačul"
816,"sic","sic-ký","ký",3,1,"prud-ký","prud",1,0,1,1,"klasický","klaprudký"
76,"first_blank","first_blank-kláš","kláš",2,4,"first_blank-utlá","utlá",4,0,0,1,"kláštor","utlátor"
109,"not","not-last_blank","last_blank",2,4,"buď-last_blank","buď",4,0,0,1,"klenot","klebuď"
179,"búk","búk-last_blank","last_blank",2,1,"líą-last_blank","líą",1,0,0,1,"klobúk","klolíą"
354,"first_blank","first_blank-kň","kň",1,1,"first_blank-iť","iť",1,0,0,1,"kňaz","iťaz"
598,"first_blank","first_blank-knie","knie",2,7,"first_blank-štip","štip",7,0,0,1,"knieža","štipža"
39,"first_blank","first_blank-kni","kni",2,14,"first_blank-myš","myš",14,0,0,1,"kniha","myšha"
524,"rec","rec-last_blank","last_blank",3,9,"hľad-last_blank","hľad",9,0,1,1,"koberec","kobehľad"
396,"laps","laps-last_blank","last_blank",2,1,"loun-last_blank","loun",1,0,0,1,"kolaps","koloun"
633,"le","le-no","no",3,12,"le-tieť","tieť",7,5,2,1,"koleno","koletieť"
133,"dia","dia-last_blank","last_blank",3,120,"vých-last_blank","vých",119,1,1,1,"komédia","komévých"
214,"sár","sár-last_blank","last_blank",3,6,"álov-last_blank","álov",6,0,1,1,"komisár","komiálov"
401,"cia","cia-last_blank","last_blank",5,265,"stvách-last_blank","stvách",7,258,3,1,"komunikácia","komunikástvách"
635,"nis","nis-ta","ta",4,11,"plach-ta","plach",2,9,2,1,"komunista","komuplachta"
474,"first_blank","first_blank-kô","kô",1,12,"first_blank-fá","fá",12,0,0,1,"kôň","fáň"
666,"ňak","ňak-last_blank","last_blank",2,1,"výš-last_blank","výš",1,0,0,1,"koňak","kovýš"
173,"ko","ko-nať","nať",2,3,"ko-lib","lib",3,0,0,1,"konať","kolib"
954," sa"," sa-last_blank","last_blank",5,1,"áciách-last_blank","áciách",1,0,3,1,"koncentrovať sa","koncentrovaťáciách"
584,"cert","cert-last_blank","last_blank",2,1,"pens-last_blank","pens",1,0,0,1,"koncert","konpens"
159,"neč","neč-ný","ný",3,7,"stup-ný","stup",7,0,1,1,"konečný","kostupný"
627,"štruk","štruk-cia","cia",3,4,"alian-cia","alian",1,3,0,2,"konštrukcia","konaliancia"
471,"pia","pia-last_blank","last_blank",2,26,"ľať-last_blank","ľať",26,0,0,1,"kópia","kóľať"
728,"first_blank","first_blank-kor","kor",4,27,"first_blank-pries","pries",27,0,2,1,"korporácia","priesporácia"
705,"nač","nač-ka","ka",4,2,"plien-ka","plien",2,0,2,1,"korytnačka","korytplienka"
653,"boj","boj-last_blank","last_blank",2,7,"dzi-last_blank","dzi",7,0,0,1,"kovboj","kovdzi"
974,"vo","vo-vý","vý",3,6,"vo-trel","trel",6,0,2,1,"kovový","kovotrel"
294,"áľ","áľ-last_blank","last_blank",1,2,"ôj-last_blank","ôj",2,0,0,1,"kráľ","krôj"
164,"lik","lik-last_blank","last_blank",2,8,"bat-last_blank","bat",8,0,0,1,"králik","krábat"
295,"stvo","stvo-last_blank","last_blank",3,90,"kých-last_blank","kých",100,10,0,1,"kráľovstvo","kráľovkých"
57,"krá","krá-sa","sa",2,5,"opí-sa","opí",5,0,0,1,"krása","opísa"
497,"first_blank","first_blank-krás","krás",2,20,"first_blank-umie","umie",20,0,0,2,"krásny","umieny"
878,"kra","kra-va","va",3,7,"scho-va","scho",8,1,1,1,"kravata","schovata"
583,"first_blank","first_blank-kre","kre",5,52,"first_blank-ovplyv","ovplyv",17,35,3,1,"kreativita","ovplyvativita"
331,"liť","liť-last_blank","last_blank",2,100,"hol-last_blank","hol",99,1,0,1,"kresliť","kreshol"
248,"first_blank","first_blank-kres","kres",3,47,"first_blank-skla","skla",50,3,0,1,"kresťanský","sklaťanský"
693,"krí","krí-za","za",2,1,"chó-za","chó",1,0,0,1,"kríza","chóza"
200,"kr","kr-k","k",1,1,"rh-k","rh",1,0,0,1,"krk","rhk"
988,"first_blank","first_blank-kru","kru",2,28,"first_blank-bie","bie",28,0,0,1,"krutosť","bietosť"
53,"kru","kru-tý","tý",2,1,"tam-tý","tam",1,0,0,1,"krutý","tamtý"
6,"for","for-last_blank","last_blank",2,5,"lay-last_blank","lay",5,0,0,1,"kufor","kulay"
734,"peľ","peľ-ňa","ňa",3,1,"roch-ňa","roch",1,0,1,1,"kúpeľňa","kúrochňa"
581,"pu","pu-jú","jú",4,24,"pu-čiach","čiach",1,23,3,1,"kupujúci","kupučiachci"
165,"sok","sok-last_blank","last_blank",2,16,"nii-last_blank","nii",16,0,0,1,"kúsok","kúnii"
355,"first_blank","first_blank-kva","kva",3,34,"first_blank-oslo","oslo",34,0,1,1,"kvalita","oslolita"
963,"first_blank","first_blank-kve","kve",3,28,"first_blank-opus","opus",28,0,1,1,"kvetina","opustina"
928,"first_blank","first_blank-kys","kys",2,15,"first_blank-čín","čín",15,0,0,1,"kyslík","čínlík"
131,"lac","lac-ný","ný",2,2,"seľ-ný","seľ",2,0,0,1,"lacný","seľný"
407,"first_blank","first_blank-ľah","ľah",2,32,"first_blank-hen","hen",32,0,0,1,"ľahký","henký"
644,"la","la-no","no",2,8,"čer-no","čer",8,0,1,1,"lano","černo"
408,"first_blank","first_blank-lás","lás",2,22,"first_blank-epi","epi",22,0,0,1,"láska","epika"
286,"leb","leb-ka","ka",2,1,"šin-ka","šin",1,0,0,1,"lebka","šinka"
374,"gen","gen-da","da",3,2,"vkla-da","vkla",2,0,1,1,"legenda","levklada"
72,"le","le-ká","ká",3,7,"le-tieť","tieť",7,0,2,1,"lekára","letieťra"
145,"le","le-s","s",1,1,"hn-s","hn",1,0,0,1,"les","hns"
607,"le","le-t","t",1,2,"as-t","as",2,0,0,1,"let","ast"
521,"tieť","tieť-last_blank","last_blank",2,10,"ters-last_blank","ters",10,0,0,1,"letieť","leters"
784,"tis","tis-ko","ko",3,4,"clar-ko","clar",4,0,1,1,"letisko","leclarko"
132,"le","le-v","v",1,1,"ni-v","ni",1,0,0,1,"lev","niv"
280,"be","be-rál","rál",4,4,"be-siach","siach",1,3,2,1,"liberálny","libesiachny"
782,"first_blank","first_blank-lieč","lieč",2,5,"first_blank-šper","šper",5,0,0,1,"liečba","šperba"
773,"zí","zí-na","na",4,1,"krish-na","krish",1,0,3,1,"limuzína","limukrishna"
357,"li","li-ng","ng",1,1,"li-ev","ev",1,0,0,1,"ling","liev"
826,"li","li-te","te",5,52,"ochráň-te","ochráň",1,51,4,1,"literatúra","ochráňteratúra"
674,"lí","lí-zať","zať",2,3,"lí-žia","žia",3,0,0,1,"lízať","lížia"
558,"first_blank","first_blank-lo","lo",1,233,"first_blank-be","be",229,4,0,1,"loď","beď"
552,"ľu","ľu-dia","dia",2,2,"ľu-bou","bou",1,1,0,1,"ľudia","ľubou"
371,"first_blank","first_blank-ľud","ľud",2,26,"first_blank-stí","stí",26,0,0,1,"ľudský","stíský"
290,"pež","pež-last_blank","last_blank",2,2,"kas-last_blank","kas",2,0,0,1,"lúpež","lúkas"
500,"first_blank","first_blank-mač","mač",2,8,"first_blank-sky","sky",8,0,0,1,"mačka","skyka"
511,"zín","zín-last_blank","last_blank",3,3,"vedz-last_blank","vedz",3,0,1,1,"magazín","magavedz"
405,"teľ","teľ-last_blank","last_blank",3,72,"koch-last_blank","koch",73,1,1,1,"majiteľ","majikoch"
251,"jo","jo-né","né",4,4,"stran-né","stran",4,0,3,1,"majonéza","mastrannéza"
825,"liar","liar-last_blank","last_blank",2,2,"ąiel-last_blank","ąiel",2,0,0,1,"maliar","maąiel"
332,"ma","ma-lý","lý",2,4,"ma-rqu","rqu",4,0,1,1,"malý","marqu"
478,"ma","ma-ma","ma",2,2,"ma-lic","lic",2,0,1,1,"mama","malic"
278,"vať","vať-last_blank","last_blank",5,948,"sworth-last_blank","sworth",3,945,3,1,"manipulovať","manipulosworth"
334,"žel","žel-ka","ka",3,3,"hráv-ka","hráv",3,0,1,1,"manželka","manhrávka"
663,"žels","žels-tvo","tvo",3,1,"liac-tvo","liac",1,0,0,1,"manželstvo","manliactvo"
269,"po","po-vať","vať",3,22,"po-zdra","zdra",23,1,1,1,"mapovať","mapozdra"
641,"ting","ting-last_blank","last_blank",3,15,"brať-last_blank","brať",15,0,0,1,"marketing","markebrať"
230,"sáž","sáž-last_blank","last_blank",2,3,"reš-last_blank","reš",3,0,0,1,"masáž","mareš"
339,"mas","mas-lo","lo",2,3,"prí-lo","prí",3,0,0,1,"maslo","prílo"
51,"mä","mä-so","so",2,7,"wil-so","wil",7,0,1,1,"mäso","wilso"
168,"te","te-ma","ma",5,18,"te-óriách","óriách",1,17,4,1,"matematika","mateóriáchtika"
350,"mál","mál-ny","ny",4,11,"tried-ny","tried",3,8,2,1,"maximálny","maxitriedny"
775,"nic","nic-ký","ký",4,17,"yorks-ký","yorks",1,16,2,1,"mechanický","mechayorkský"
18,"lón","lón-last_blank","last_blank",3,10,"viek-last_blank","viek",10,0,1,1,"medailón","medaiviek"
806,"dai","dai-lu","lu",3,1,"chva-lu","chva",1,0,1,1,"medailu","mechvalu"
874,"first_blank","first_blank-med","med",6,20,"first_blank-wraiths","wraiths",7,13,4,1,"medvedík čistotný","wraithsvedík čistotný"
253,"rač","rač-last_blank","last_blank",2,7,"lus-last_blank","lus",7,0,0,1,"merač","melus"
243,"first_blank","first_blank-mes","mes",2,17,"first_blank-zní","zní",17,0,0,1,"mesto","zníto"
640,"miest","miest-ny","ny",2,2,"smier-ny","smier",1,1,0,1,"miestny","smierny"
346,"mies","mies-to","to",2,4,"aris-to","aris",4,0,0,1,"miesto","aristo"
163,"ro","ro-fón","fón",3,1,"ro-dosť","dosť",1,0,1,1,"mikrofón","mikrodosť"
94,"skop","skop-last_blank","last_blank",3,6,"hých-last_blank","hých",6,0,0,1,"mikroskop","mikrohých"
348,"liar","liar-da","da",3,2,"glen-da","glen",2,0,0,1,"miliarda","miglenda"
451,"stvo","stvo-last_blank","last_blank",5,90,"vliecť-last_blank","vliecť",4,86,2,1,"milosrdenstvo","milosrdenvliecť"
490,"lov","lov-ník","ník",3,1,"lov-stva","stva",1,0,1,1,"milovník","milovstva"
868,"nis","nis-ter","ter",3,13,"shel-ter","shel",1,12,1,1,"minister","mishelter"
869,"ter","ter-stvo","stvo",4,3,"ter-field","field",1,2,1,1,"ministerstvo","ministerfield"
54,"losť","losť-last_blank","last_blank",3,23,"chal-last_blank","chal",23,0,0,1,"minulosť","minuchal"
515,"nus","nus-last_blank","last_blank",2,14,"bov-last_blank","bov",14,0,0,1,"mínus","míbov"
135,"nú","nú-tu","tu",3,1,"špor-tu","špor",1,0,2,1,"minútu","mišportu"
739,"first_blank","first_blank-mla","mla",2,37,"first_blank-fil","fil",37,0,0,1,"mladý","fildý"
304,"mo","mo-č","č",1,1,"la-č","la",1,0,0,1,"moč","lač"
698,"lit","lit-ba","ba",3,2,"oškl-ba","oškl",2,0,1,1,"modlitba","modošklba"
186,"first_blank","first_blank-mod","mod",2,48,"first_blank-her","her",48,0,0,1,"modrá","herrá"
757,"first_blank","first_blank-mok","mok",2,10,"first_blank-bib","bib",10,0,0,1,"mokrý","bibrý"
699,"vať","vať-last_blank","last_blank",5,948,"sworth-last_blank","sworth",3,945,3,1,"monitorovať","monitorosworth"
20,"fín","fín-last_blank","last_blank",2,2,"hyb-last_blank","hyb",2,0,0,1,"morfín","morhyb"
195,"tel","tel-last_blank","last_blank",2,30,"gan-last_blank","gan",30,0,0,1,"motel","mogan"
380,"mo","mo-to","to",3,29,"štar-to","štar",22,7,2,1,"motora","štartora"
368,"first_blank","first_blank-moz","moz",3,22,"first_blank-plas","plas",22,0,1,1,"mozgový","plasgový"
672,"first_blank","first_blank-mož","mož",2,27,"first_blank-rie","rie",27,0,0,1,"možnosť","rienosť"
860,"first_blank","first_blank-mrav","mrav",2,9,"first_blank-kvap","kvap",9,0,0,1,"mravca","kvapca"
779,"first_blank","first_blank-mŕt","mŕt",3,27,"first_blank-uzav","uzav",27,0,1,1,"mŕtvola","uzavvola"
403,"first_blank","first_blank-mŕt","mŕt",2,27,"first_blank-kor","kor",27,0,0,1,"mŕtvy","korvy"
796,"če","če-nie","nie",3,50,"če-koch","koch",1,49,1,1,"mučenie","mučekoch"
996,"first_blank","first_blank-mú","mú",2,26,"first_blank-špa","špa",26,0,1,1,"múka","špaka"
148,"tá","tá-cia","cia",3,20,"tá-pačs","pačs",3,17,1,1,"mutácia","mutápačs"
261,"first_blank","first_blank-mú","mú",3,26,"first_blank-plat","plat",26,0,2,1,"múzeum","platzeum"
998," si"," si-last_blank","last_blank",3,1,"cieť-last_blank","cieť",1,0,1,1,"myslieť si","myslieťcieť"
118,"first_blank","first_blank-mz","mz",1,3,"first_blank-ťo","ťo",3,0,0,1,"mzda","ťoda"
223,"eseň","eseň-last_blank","last_blank",3,1,"ilou-last_blank","ilou",1,0,0,1,"na jeseň","na jilou"
158,"stvo","stvo-last_blank","last_blank",4,90,"tiach-last_blank","tiach",35,55,1,1,"náboženstvo","nábožentiach"
703,"ňač","ňač-ka","ka",4,1,"chríp-ka","chríp",1,0,2,1,"naháňačka","naháchrípka"
384,"rad","rad-ník","ník",3,2,"štev-ník","štev",2,0,1,1,"náhradník","náhštevník"
303,"del","del-ník","ník",4,1,"šťast-ník","šťast",1,0,2,1,"náhrdelník","náhršťastník"
385,"na","na-hý","hý",2,1,"na-tel","tel",1,0,1,1,"nahý","natel"
908,"ná","ná-js","js",1,3,"ná-pi","pi",3,0,0,1,"nájsť","nápiť"
393,"klad","klad-last_blank","last_blank",2,17,"ling-last_blank","ling",17,0,0,2,"náklad","náling"
390,"niec","niec-last_blank","last_blank",3,5,"tvor-last_blank","tvor",5,0,0,1,"nakoniec","nakotvor"
504,"mor","mor-ník","ník",3,3,"mor-skej","skej",2,1,1,1,"námorník","námorskej"
363,"mor","mor-ný","ný",3,1,"cepč-ný","cepč",1,0,1,1,"námorný","nácepčný"
885,"ozaj","ozaj-last_blank","last_blank",2,1,"omer-last_blank","omer",1,0,0,1,"naozaj","naomer"
89,"sať","sať-last_blank","last_blank",3,29,"lých-last_blank","lých",29,0,1,1,"napísať","napílých"
292,"rod","rod-last_blank","last_blank",2,5,"fil-last_blank","fil",5,0,0,1,"národ","náfil"
915,"de","de-ni","ni",5,20,"ovplyv-ni","ovplyv",3,17,4,1,"narodeniny","naroovplyvniny"
589,"šiť","šiť-last_blank","last_blank",3,54,"toch-last_blank","toch",52,2,1,1,"narušiť","narutoch"
494,"first_blank","first_blank-náv","náv",3,22,"first_blank-otra","otra",22,0,1,1,"návnada","otranada"
402,"vr","vr-hnúť","hnúť",3,3,"vr-chom","chom",2,1,0,1,"navrhnúť","navrchom"
864,"first_blank","first_blank-navž","navž",2,1,"first_blank-znak","znak",1,0,0,1,"navždy","znakdy"
442,"ne","ne-bes","bes",3,11,"ne-spoz","spoz",11,0,1,1,"nebeský","nespozký"
650,"stvo","stvo-last_blank","last_blank",5,90,"vliecť-last_blank","vliecť",4,86,2,1,"nebezpečenstvo","nebezpečenvliecť"
648,"peč","peč-ný","ný",4,3,"straš-ný","straš",3,0,2,1,"nebezpečný","nebezstrašný"
382,"ka","ka-ne","ne",4,7,"opráv-ne","opráv",7,0,3,1,"nečakane","nečaoprávne"
567,"ne","ne-chať","chať",2,6,"ne-šťas","šťas",6,0,0,1,"nechať","nešťas"
723,"chut","chut-ný","ný",3,3,"hlav-ný","hlav",3,0,0,1,"nechutný","nehlavný"
312,"dáv","dáv-no","no",3,3,"usta-no","usta",3,0,1,1,"nedávno","neustano"
716,"de","de-ľa","ľa",3,1,"de-witt","witt",1,0,2,1,"nedeľa","nedewitt"
568,"tív","tív-ny","ny",4,27,"prázd-ny","prázd",3,24,2,1,"negatívny","negaprázdny"
212,"ho","ho-da","da",3,13,"skla-da","skla",9,4,2,1,"nehoda","nesklada"
704,"po","po-ču","ču",5,47,"po-mstych","mstych",2,45,4,1,"nepočujúci","nepomstychjúci"
410,"jem","jem-ný","ný",4,5,"stran-ný","stran",5,0,2,1,"nepríjemný","neprístranný"
608,"nosť","nosť-last_blank","last_blank",4,174,"ských-last_blank","ských",62,112,1,1,"neprítomnosť","neprítomských"
841,"vóz","vóz-ny","ny",3,1,"anál-ny","anál",1,0,1,1,"nervózny","neranálny"
414,"ne","ne-schop","schop",3,9,"ne-stret","stret",9,0,0,1,"neschopný","nestretný"
416,"ne","ne-spra","spra",5,18,"ne-măĺžem","măĺžem",1,17,2,1,"nespravodlivý","nemăĺžemvodlivý"
418,"ne","ne-šťas","šťas",3,6,"ne-zvyk","zvyk",6,0,0,1,"nešťastie","nezvyktie"
929,"tá","tá-le","le",4,2,"skres-le","skres",2,0,3,1,"neustále","neusskresle"
747,"ves","ves-ta","ta",3,2,"schy-ta","schy",2,0,1,1,"nevesta","neschyta"
185,"voľ","voľ-nosť","nosť",3,2,"voľ-bách","bách",1,1,0,1,"nevoľnosť","nevoľbách"
15,"ne","ne-zná","zná",3,24,"ne-pres","pres",24,0,1,1,"neznámy","nepresmy"
412,"ved","ved-ný","ný",5,2,"ochran-ný","ochran",2,0,3,1,"nezodpovedný","nezodpoochranný"
423,"first_blank","first_blank-nie","nie",2,83,"first_blank-kla","kla",82,1,0,1,"niečo","klačo"
213,"kde","kde-last_blank","last_blank",2,3,"pán-last_blank","pán",3,0,0,1,"niekde","niepán"
969,"first_blank","first_blank-nor","nor",3,47,"first_blank-kres","kres",47,0,1,1,"normálny","kresmálny"
840,"no","no-s","s",1,1,"ep-s","ep",1,0,0,1,"nos","eps"
643,"nár","nár-last_blank","last_blank",3,11,"stup-last_blank","stup",11,0,1,1,"novinár","novistup"
239,"vin","vin-ka","ka",3,2,"chôt-ka","chôt",2,0,1,1,"novinka","nochôtka"
90,"vi","vi-ny","ny",3,19,"onál-ny","onál",9,10,2,1,"noviny","noonálny"
338,"first_blank","first_blank-nô","nô",1,4,"first_blank-vč","vč",4,0,0,1,"nôž","včž"
392," stav"," stav-last_blank","last_blank",4,1,"priek-last_blank","priek",1,0,0,1,"núdzový stav","núdzovýpriek"
894,"first_blank","first_blank-o","o",1,1,"first_blank-ăn","ăn",1,0,1,1,"o","ăn"
435,"chod","chod-ník","ník",3,3,"sluš-ník","sluš",2,1,0,1,"obchodník","obslušník"
154,"bie","bie-last_blank","last_blank",3,20,"tosť-last_blank","tosť",20,0,1,1,"obdobie","obdotosť"
769,"ob","ob-ec","ec",1,1,"ĺp-ec","ĺp",1,0,0,1,"obec","ĺpec"
714,"ob","ob-ed","ed",1,1,"zj-ed","zj",1,0,0,1,"obed","zjed"
509,"first_blank","first_blank-obež","obež",4,3,"first_blank-chlop","chlop",3,0,1,1,"obežná dráha","chlopná dráha"
77,"vať","vať-last_blank","last_blank",4,948,"ských-last_blank","ských",62,886,2,1,"obhajovať","obhajoských"
50,"jať","jať-last_blank","last_blank",2,28,"ríš-last_blank","ríš",28,0,0,1,"objať","obríš"
596,"nať","nať-last_blank","last_blank",3,40,"stve-last_blank","stve",41,1,1,1,"objednať","objedstve"
63,"no","no-viť","viť",3,3,"no-rant","rant",3,0,1,1,"obnoviť","obnorant"
649,"rad","rad-last_blank","last_blank",2,10,"pou-last_blank","pou",10,0,0,1,"obrad","obpou"
867,"rov","rov-ský","ský",3,2,"rov-nosť","nosť",2,0,1,1,"obrovský","obrovnosť"
445,"sah","sah-last_blank","last_blank",2,5,"gií-last_blank","gií",5,0,0,1,"obsah","obgií"
961,"uv","uv-last_blank","last_blank",1,2,"úž-last_blank","úž",2,0,0,1,"obuv","obúž"
741,"ne","ne-nie","nie",4,65,"ne-šťast","šťast",15,50,2,1,"obvinenie","obvinešťast"
542,"ob","ob-vod","vod",2,1,"ob-mäk","mäk",1,0,0,1,"obvod","obmäk"
446,"vyk","vyk-lý","lý",3,2,"trva-lý","trva",2,0,1,1,"obvyklý","obtrvalý"
56,"first_blank","first_blank-oča","oča",3,39,"first_blank-scho","scho",41,2,1,1,"očakávať","schokávať"
23,"oča","oča-ru","ru",4,6,"najvz-ru","najvz",3,3,2,1,"očarujúci","najvzrujúci"
362,"first_blank","first_blank-oce","oce",2,44,"first_blank-spa","spa",44,0,0,1,"oceán","spaán"
36,"eľ","eľ-last_blank","last_blank",1,3,"dt-last_blank","dt",3,0,0,1,"oceľ","ocdt"
437,"oce","oce-niť","niť",2,1,"pol-niť","pol",1,0,0,1,"oceniť","polniť"
78,"first_blank","first_blank-ocho","ocho",3,16,"first_blank-zdie","zdie",16,0,0,1,"ochorenie","zdierenie"
753,"oc","oc-ko","ko",2,9,"tla-ko","tla",9,0,1,1,"ocko","tlako"
594,"od","od-chod","chod",2,1,"od-stoc","stoc",1,0,0,1,"odchod","odstoc"
871,"da","da-nosť","nosť",3,1,"da-mian","mian",1,0,0,1,"oddanosť","oddamian"
529,"liť","liť-last_blank","last_blank",3,100,"kých-last_blank","kých",100,0,1,1,"odhaliť","odhakých"
48,"od","od-me","me",3,17,"od-strá","strá",17,0,2,1,"odmena","odstrána"
449,"odo","odo-lať","lať",2,1,"odo-pre","pre",1,0,0,1,"odolať","odopre"
710,"pa","pa-du","du",3,9,"pa-cien","cien",8,1,2,1,"odpadu","odpacien"
450,"ve","ve-dať","dať",4,14,"ve-ricks","ricks",1,13,2,1,"odpovedať","odpovericks"
835,"vec","vec-last_blank","last_blank",3,28,"chol-last_blank","chol",28,0,1,1,"odstavec","odstachol"
146,"strá","strá-niť","niť",3,1,"čast-niť","čast",1,0,0,1,"odstrániť","odčastniť"
113,"sta","sta-last_blank","last_blank",5,4,"vliecť-last_blank","vliecť",4,0,3,1,"odtlačok prsta","odtlačok prvliecť"
836,"od","od-váž","váž",3,12,"od-dých","dých",12,0,1,1,"odvážny","oddýchny"
291,"mať","mať-last_blank","last_blank",2,20,"bie-last_blank","bie",20,0,0,1,"oklamať","oklabie"
459,"first_blank","first_blank-oko","oko",2,19,"first_blank-sin","sin",19,0,0,1,"okolo","sinlo"
293,"res","res-last_blank","last_blank",2,14,"tne-last_blank","tne",14,0,0,1,"okres","oktne"
681,"tó","tó-ber","ber",3,1,"tó-nius","nius",1,0,1,1,"október","októnius"
822,"ol","ol-ej","ej",1,1,"tv-ej","tv",1,0,0,1,"olej","tvej"
298,"omáč","omáč-ka","ka",2,1,"nieč-ka","nieč",1,0,0,1,"omáčka","niečka"
466,"opač","opač-ný","ný",2,1,"cepč-ný","cepč",1,0,0,1,"opačný","cepčný"
804,"first_blank","first_blank-opi","opi",2,47,"first_blank-gre","gre",47,0,0,1,"opitý","gretý"
411,"nent","nent-last_blank","last_blank",2,4,"nard-last_blank","nard",4,0,0,1,"oponent","oponard"
465,"first_blank","first_blank-opra","opra",2,37,"first_blank-chla","chla",37,0,0,1,"oprava","chlava"
468,"first_blank","first_blank-opus","opus",2,28,"first_blank-ozna","ozna",28,0,0,1,"opustiť","oznatiť"
477," sa"," sa-last_blank","last_blank",3,1,"hnút-last_blank","hnút",1,0,1,1,"opýtať sa","opýtaťhnút"
973,"first_blank","first_blank-oran","oran",3,9,"first_blank-mier","mier",9,0,0,1,"oranžový","mieržový"
670,"first_blank","first_blank-osa","osa",3,30,"first_blank-práv","práv",30,0,1,1,"osamelý","právmelý"
990,"osob","osob-nosť","nosť",2,1,"slov-nosť","slov",1,0,0,1,"osobnosť","slovnosť"
452,"first_blank","first_blank-ospra","ospra",4,30,"first_blank-pries","pries",27,3,0,1,"ospravedlnenie","priesvedlnenie"
475,"ud","ud-last_blank","last_blank",1,12,"nn-last_blank","nn",12,0,0,1,"osud","osnn"
337,"ot","ot-ec","ec",1,1,"ĺp-ec","ĺp",1,0,0,1,"otec","ĺpec"
696,"first_blank","first_blank-ove","ove",2,23,"first_blank-spl","spl",23,0,0,1,"overiť","splriť"
222,"first_blank","first_blank-ovo","ovo",2,6,"first_blank-til","til",6,0,0,1,"ovocie","tilcie"
619,"lec","lec-last_blank","last_blank",2,13,"vor-last_blank","vor",13,0,0,1,"palec","pavor"
516,"li","li-vo","vo",3,20,"pred-vo","pred",14,6,2,1,"palivo","papredvo"
234,"lu","lu-ba","ba",3,2,"chod-ba","chod",2,0,2,1,"paluba","pachodba"
489,"pa","pa-ni","ni",2,16,"ter-ni","ter",9,7,1,1,"pani","terni"
976,"daj","daj-ka","ka",4,2,"svieč-ka","svieč",2,0,2,1,"paradajka","parasviečka"
379,"mál","mál-ny","ny",5,11,"hviezd-ny","hviezd",1,10,3,1,"paranormálny","paranorhviezdny"
668,"fum","fum-last_blank","last_blank",2,1,"ráč-last_blank","ráč",1,0,0,1,"parfum","parráč"
417,"tic","tic-ký","ký",4,71,"yorks-ký","yorks",1,70,2,1,"patetický","pateyorkský"
441,"čeň","čeň-last_blank","last_blank",2,1,"són-last_blank","són",1,0,0,1,"pečeň","pesón"
630,"first_blank","first_blank-pek","pek",2,22,"first_blank-lás","lás",22,0,0,1,"pekla","lásla"
899,"žen","žen-ka","ka",4,2,"strie-ka","strie",3,1,2,1,"peňaženka","peňastrieka"
196,"nia","nia-ze","ze",3,1,"zhro-ze","zhro",2,1,1,1,"peniaze","pezhroze"
858,"pe","pe-nis","nis",2,1,"pe-žou","žou",1,0,0,1,"penis","pežou"
491,"ro","ro-last_blank","last_blank",2,110,"sky-last_blank","sky",110,0,1,1,"pero","pesky"
909,"spek","spek-tí","tí",4,3,"plach-tí","plach",1,2,1,1,"perspektíva","perplachtíva"
7,"seň","seň-last_blank","last_blank",2,5,"rij-last_blank","rij",5,0,0,1,"pieseň","pierij"
29,"first_blank","first_blank-pie","pie",2,12,"first_blank-idi","idi",12,0,0,1,"piesok","idisok"
21,"lot","lot-last_blank","last_blank",2,8,"kel-last_blank","kel",8,0,0,1,"pilot","pikel"
768,"lul","lul-ka","ka",3,1,"nant-ka","nant",1,0,1,1,"pilulka","pinantka"
88,"sa","sa-nie","nie",3,7,"sa-mant","mant",5,2,1,1,"písanie","písamant"
778,"first_blank","first_blank-pís","pís",3,19,"first_blank-vtip","vtip",19,0,1,1,"písmeno","vtipmeno"
654,"first_blank","first_blank-píš","píš",3,5,"first_blank-lock","lock",5,0,1,1,"píšťalka","lockťalka"
624,"toľ","toľ-last_blank","last_blank",2,1,"sna-last_blank","sna",1,0,0,1,"pištoľ","pišsna"
506,"pi","pi-vo","vo",2,5,"voj-vo","voj",5,0,1,1,"pivo","vojvo"
288,"plach","plach-tiť","tiť",3,1,"osvie-tiť","osvie",1,0,0,2,"plachtiť sa","osvietiť sa"
456,"meň","meň-last_blank","last_blank",2,11,"šaš-last_blank","šaš",11,0,0,1,"plameň","plašaš"
600,"first_blank","first_blank-plá","plá",4,68,"first_blank-strie","strie",53,15,2,1,"plánovanie","strienovanie"
61,"first_blank","first_blank-plas","plas",3,22,"first_blank-zjed","zjed",22,0,0,1,"plastový","zjedtový"
580,"pl","pl-ný","ný",2,6,"tač-ný","tač",6,0,1,1,"plný","tačný"
742,"pl","pl-ot","ot",1,1,"vu-ot","vu",1,0,0,1,"plot","vuot"
901,"first_blank","first_blank-plu","plu",3,12,"first_blank-ukrý","ukrý",12,0,1,1,"plukovník","ukrýkovník"
512,"žie","žie-last_blank","last_blank",3,8,"dosť-last_blank","dosť",8,0,1,1,"pobrežie","pobredosť"
281,"cho","cho-vať","vať",3,11,"vzdá-vať","vzdá",3,8,1,1,"pochovať","povzdávať"
119,"po","po-cit","cit",2,3,"po-hrá","hrá",3,0,0,1,"pocit","pohrá"
717,"tač","tač-last_blank","last_blank",3,4,"mien-last_blank","mien",4,0,1,1,"počítač","počímien"
861,"ko","ko-vať","vať",4,71,"ko-strel","strel",2,69,2,1,"poďakovať","poďakostrel"
409,"div","div-ný","ný",3,3,"takt-ný","takt",3,0,1,1,"podivný","potaktný"
595,"nik","nik-last_blank","last_blank",2,46,"čom-last_blank","čom",46,0,0,1,"podnik","podčom"
349,"ka","ka-teľ","teľ",4,3,"ka-zachs","zachs",3,0,2,1,"podnikateľ","podnikazachs"
518,"doz","doz-ri","ri",4,15,"chiat-ri","chiat",1,14,2,1,"podozrivý","pochiatrivý"
496,"pis","pis-last_blank","last_blank",2,18,"rat-last_blank","rat",18,0,0,1,"podpis","podrat"
275,"vod","vod-last_blank","last_blank",2,15,"skí-last_blank","skí",15,0,0,1,"podvod","podskí"
632,"reb","reb-last_blank","last_blank",2,1,"čty-last_blank","čty",1,0,0,1,"pohreb","pohčty"
178,"po","po-ker","ker",2,1,"po-jit","jit",1,0,0,1,"poker","pojit"
787,"koj","koj-ný","ný",3,4,"stat-ný","stat",3,1,1,1,"pokojný","postatný"
913,"kus","kus-last_blank","last_blank",2,3,"xer-last_blank","xer",3,0,0,1,"pokus","poxer"
406,"po","po-lik","lik",5,1,"po-strach","strach",1,0,3,1,"poliklinika","postrachlinika"
300,"tic","tic-ký","ký",4,71,"yorks-ký","yorks",1,70,2,1,"politický","poliyorkský"
539,"tik","tik-last_blank","last_blank",3,23,"chov-last_blank","chov",23,0,1,1,"politik","polichov"
997,"li","li-ti","ti",4,8,"šľach-ti","šľach",4,4,3,1,"politika","pošľachtika"
540,"po","po-lud","lud",3,16,"po-tres","tres",16,0,1,1,"poludnie","potresnie"
546,"hať","hať-last_blank","last_blank",3,43,"čiek-last_blank","čiek",45,2,1,1,"pomáhať","pomáčiek"
526,"moc","moc-last_blank","last_blank",2,4,"cem-last_blank","cem",4,0,0,1,"pomoc","pocem"
614,"po","po-pis","pis",2,1,"po-ríš","ríš",1,0,0,1,"popis","poríš"
554,"ra","ra-diť","diť",3,9,"ra-ment","ment",8,1,1,1,"poradiť","porament"
882,"po","po-ráž","ráž",3,5,"po-vieš","vieš",5,0,1,1,"porážka","povieška"
684,"čík","čík-last_blank","last_blank",3,11,"chaj-last_blank","chaj",11,0,1,1,"poručík","poruchaj"
634,"ško","ško-de","de",4,14,"mliaž-de","mliaž",3,11,2,1,"poškodenie","pomliaždenie"
566,"po","po-skyt","skyt",3,16,"po-klad","klad",16,0,0,1,"poskytnúť","pokladnúť"
824,"po","po-sla","sla",3,14,"po-hodl","hodl",13,1,1,1,"poslanie","pohodlnie"
599,"slať","slať-last_blank","last_blank",2,5,"mosť-last_blank","mosť",5,0,0,1,"poslať","pomosť"
389,"po","po-sled","sled",3,21,"po-zdra","zdra",23,2,0,1,"posledný","pozdraný"
531,"steľ","steľ-last_blank","last_blank",2,1,"biem-last_blank","biem",1,0,0,1,"posteľ","pobiem"
738,"stoj","stoj-last_blank","last_blank",2,2,"kvou-last_blank","kvou",2,0,0,1,"postoj","pokvou"
613,"stup","stup-last_blank","last_blank",2,11,"skym-last_blank","skym",11,0,0,1,"postup","poskym"
373,"tkan","tkan-last_blank","last_blank",2,1,"niaš-last_blank","niaš",1,0,0,1,"potkan","poniaš"
421,"tre","tre-ba","ba",3,5,"bejz-ba","bejz",6,1,1,1,"potreba","pobejzba"
563,"tvr","tvr-diť","diť",3,3,"chla-diť","chla",1,2,1,1,"potvrdiť","pochladiť"
510,"tie","tie-last_blank","last_blank",4,197,"ských-last_blank","ských",62,135,2,1,"použitie","použiských"
245,"vesť","vesť-last_blank","last_blank",2,1,"kert-last_blank","kert",1,0,0,1,"povesť","pokert"
564,"vie","vie-last_blank","last_blank",2,34,"ram-last_blank","ram",34,0,0,1,"povie","poram"
991,"vin","vin-nosť","nosť",3,2,"vin-cent","cent",1,1,0,1,"povinnosť","povincent"
900,"vrch","vrch-last_blank","last_blank",2,2,"mrie-last_blank","mrie",2,0,0,1,"povrch","pomrie"
938,"zdra","zdra-viť","viť",3,2,"oslá-viť","oslá",1,1,0,1,"pozdraviť","poosláviť"
123,"dav","dav-ka","ka",4,5,"strán-ka","strán",3,2,2,1,"požiadavka","požiastránka"
559,"zí","zí-cia","cia",3,5,"zí-koch","koch",1,4,1,1,"pozícia","pozíkoch"
912,"hod","hod-ný","ný",5,19,"strikt-ný","strikt",1,18,3,1,"pozoruhodný","pozorustriktný"
953,"first_blank","first_blank-prá","prá",2,42,"first_blank-tvo","tvo",42,0,0,1,"práca","tvoca"
551,"first_blank","first_blank-pr","pr",1,154,"first_blank-fa","fa",154,0,0,1,"prach","faach"
541,"cov","cov-ník","ník",3,4,"cov-stvo","stvo",3,1,1,1,"pracovník","pracovstvo"
124,"first_blank","first_blank-prak","prak",3,17,"first_blank-zväč","zväč",17,0,0,1,"prakticky","zväčticky"
514,"por","por-last_blank","last_blank",2,6,"baš-last_blank","baš",6,0,0,1,"prápor","prábaš"
297,"pra","pra-sa","sa",2,16,"opí-sa","opí",5,11,0,1,"prasa","opísa"
202,"first_blank","first_blank-praš","praš",2,2,"first_blank-orij","orij",2,0,0,1,"prašný","orijný"
367,"first_blank","first_blank-prav","prav",5,25,"first_blank-umiest","umiest",18,7,2,1,"pravdepodobne","umiestdepodobne"
575,"first_blank","first_blank-prav","prav",5,25,"first_blank-umiest","umiest",18,7,2,1,"pravdepodobný","umiestdepodobný"
422,"práv","práv-ny","ny",2,2,"krét-ny","krét",2,0,0,1,"právny","krétny"
736,"chádz","chádz-ka","ka",3,3,"strie-ka","strie",3,0,0,2,"prechádzka","prestrieka"
306,"pre","pre-dať","dať",2,2,"pre-ska","ska",2,0,0,1,"predať","preska"
283,"tor","tor-last_blank","last_blank",3,107,"nych-last_blank","nych",106,1,1,1,"predátor","predánych"
439,"met","met-last_blank","last_blank",2,9,"vim-last_blank","vim",9,0,0,1,"predmet","predvim"
677,"pred","pred-náš","náš",3,5,"spoz-náš","spoz",2,3,0,1,"prednáška","spoznáška"
962,"klad","klad-last_blank","last_blank",3,17,"ling-last_blank","ling",17,0,0,1,"predpoklad","predpoling"
523,"ňať","ňať-last_blank","last_blank",3,19,"stvu-last_blank","stvu",19,0,1,1,"preháňať","prehástvu"
798,"vač","vač-last_blank","last_blank",3,47,"tých-last_blank","tých",49,2,1,1,"prehrávač","prehrátých"
588,"pre","pre-ná","ná",3,11,"chut-ná","chut",11,0,1,1,"prenájom","chutnájom"
645,"pre","pre-pus","pus",4,23,"pre-hliad","hliad",12,11,2,1,"prepustenie","prehliadtenie"
657,"pre","pre-stáv","stáv",3,6,"pre-dĺže","dĺže",6,0,0,1,"prestávka","predĺžeka"
532,"vod","vod-last_blank","last_blank",2,15,"reň-last_blank","reň",15,0,0,1,"prevod","prereň"
240,"dent","dent-last_blank","last_blank",3,8,"lock-last_blank","lock",8,0,0,1,"prezident","prezilock"
982,"pre","pre-žiť","žiť",2,1,"pre-ská","ská",1,0,0,1,"prežiť","preská"
593,"pria","pria-mo","mo",2,5,"chro-mo","chro",3,2,0,2,"priamo","chromo"
264,"teľ","teľ-last_blank","last_blank",2,72,"cha-last_blank","cha",73,1,0,1,"priateľ","priacha"
972,"first_blank","first_blank-pria","pria",3,83,"first_blank-skon","skon",68,15,0,1,"priateľský","skonteľský"
932,"teľ","teľ-stvo","stvo",3,6,"teľ-ných","ných",6,0,0,1,"priateľstvo","priateľných"
130,"prí","prí-či","či",3,14,"sved-či","sved",15,1,1,1,"príčina","svedčina"
592,"first_blank","first_blank-priez","priez",3,6,"first_blank-osvet","osvet",6,0,0,1,"priezvisko","osvetvisko"
528,"jem","jem-ný","ný",3,5,"plat-ný","plat",5,0,1,1,"príjemný","príplatný"
981,"first_blank","first_blank-príj","príj",2,18,"first_blank-agen","agen",18,0,0,2,"príjmy","agenmy"
570,"pri","pri-lá","lá",3,6,"vzde-lá","vzde",6,0,1,1,"prilákať","vzdelákať"
675,"már","már-ny","ny",3,2,"krét-ny","krét",2,0,1,1,"primárny","prikrétny"
276,"pri","pri-po","po",4,54,"black-po","black",1,53,2,1,"pripojenie","blackpojenie"
601," sa"," sa-last_blank","last_blank",4,1,"accff-last_blank","accff",1,0,2,1,"pripraviť sa","pripraviťaccff"
606,"prí","prí-sa","sa",3,10,"nold-sa","nold",1,9,1,1,"prísaha","noldsaha"
605,"first_blank","first_blank-prí","prí",2,330,"first_blank-kon","kon",341,11,0,1,"prísť","konsť"
950,"stav","stav-last_blank","last_blank",2,9,"bral-last_blank","bral",9,0,0,1,"prístav","príbral"
845,"stre","stre-šok","šok",3,1,"vňaj-šok","vňaj",1,0,0,1,"prístrešok","prívňajšok"
397,"stroj","stroj-last_blank","last_blank",2,4,"stiev-last_blank","stiev",4,0,0,1,"prístroj","prístiev"
602,"znať","znať-last_blank","last_blank",2,4,"rosť-last_blank","rosť",4,0,0,1,"priznať","prirosť"
182,"zvuk","zvuk-last_blank","last_blank",2,2,"znaj-last_blank","znaj",2,0,0,1,"prízvuk","príznaj"
612,"lém","lém-last_blank","last_blank",2,1,"meľ-last_blank","meľ",1,0,0,1,"problém","probmeľ"
9,"onál","onál-ny","ny",5,9,"hviezd-ny","hviezd",1,8,2,1,"profesionálny","profesihviezdny"
103,"sor","sor-last_blank","last_blank",3,5,"znam-last_blank","znam",5,0,1,1,"profesor","profeznam"
615,"ram","ram-last_blank","last_blank",2,34,"vie-last_blank","vie",34,0,0,1,"program","progvie"
577,"pro","pro-ku","ku",4,12,"chádz-ku","chádz",4,8,2,1,"prokurátor","chádzkurátor"
576,"to","to-kol","kol",3,1,"to-ring","ring",1,0,1,1,"protokol","protoring"
358,"typ","typ-last_blank","last_blank",3,1,"chum-last_blank","chum",1,0,1,1,"prototyp","protochum"
152,"vok","vok-last_blank","last_blank",2,23,"lým-last_blank","lým",23,0,0,1,"prvok","prlým"
12,"gia","gia-last_blank","last_blank",4,25,"stvom-last_blank","stvom",24,1,2,1,"psychológia","psycholóstvom"
311,"cho","cho-lo","lo",5,13,"otrias-lo","otrias",1,12,3,1,"psychologický","psyotriaslogický"
96,"first_blank","first_blank-pub","pub",3,18,"first_blank-diaľ","diaľ",18,0,1,1,"publikum","diaľlikum"
562,"dosť","dosť-last_blank","last_blank",2,8,"dium-last_blank","dium",8,0,0,1,"radosť","radium"
187,"ra","ra-ge","ge",2,5,"bur-ge","bur",5,0,1,1,"rage","burge"
631,"ke","ke-ta","ta",3,7,"pras-ta","pras",5,2,2,1,"raketa","raprasta"
378,"ra","ra-ko","ko",4,7,"chvíľ-ko","chvíľ",3,4,3,1,"rakovina","chvíľkovina"
664,"ra","ra-me","me",3,24,"ozná-me","ozná",6,18,2,1,"rameno","oznámeno"
863,"ňaj","ňaj-ky","ky",3,1,"stán-ky","stán",1,0,1,1,"raňajky","rastánky"
945,"ran","ran-ný","ný",2,2,"väz-ný","väz",2,0,0,1,"ranný","väzný"
829,"first_blank","first_blank-ran","ran",2,54,"first_blank-chi","chi",54,0,0,1,"ransom","chisom"
171,"ak","ak-tor","tor",3,1,"ak-fast","fast",1,0,1,1,"reaktor","reakfast"
467,"tic","tic-ký","ký",5,71,"wraiths-ký","wraiths",1,70,4,1,"realistický","realiswraithský"
574,"re","re-ál","ál",3,13,"re-štau","štau",7,6,2,1,"reálny","reštauny"
621,"štau","štau-rá","rá",4,7,"dekla-rá","dekla",3,4,1,1,"reštaurácia","redeklarácia"
914,"teľ","teľ-last_blank","last_blank",3,72,"koch-last_blank","koch",73,1,1,1,"riaditeľ","riadikoch"
250,"first_blank","first_blank-rí","rí",1,12,"first_blank-ny","ny",12,0,0,1,"rím","nym"
142,"first_blank","first_blank-rí","rí",2,12,"first_blank-meš","meš",12,0,1,1,"ríše","mešše"
834,"biť","biť-last_blank","last_blank",2,49,"vek-last_blank","vek",49,0,0,1,"robiť","rovek"
125,"dič","dič-last_blank","last_blank",2,6,"lek-last_blank","lek",6,0,0,1,"rodič","rolek"
255,"di","di-na","na",3,21,"mest-na","mest",16,5,2,1,"rodina","romestna"
134,"ro","ro-man","man",4,24,"ro-zvest","zvest",4,20,2,1,"romantický","rozvesttický"
454,"hod","hod-nosť","nosť",3,4,"hod-gins","gins",1,3,0,1,"rozhodnosť","rozhodgins"
525,"rôz","rôz-ny","ny",2,2,"dzi-ny","dzi",2,0,0,1,"rôzny","dziny"
701,"roz","roz-to","to",4,23,"umber-to","umber",1,22,2,1,"roztomilý","umbertomilý"
637,"umieť","umieť-last_blank","last_blank",2,1,"chiet-last_blank","chiet",1,0,0,1,"rozumieť","rozchiet"
157,"first_blank","first_blank-roz","roz",3,831,"first_blank-stra","stra",120,711,1,1,"rozumný","straumný"
236,"vrh","vrh-last_blank","last_blank",2,4,"peľ-last_blank","peľ",4,0,0,1,"rozvrh","rozpeľ"
322,"bár","bár-če","če",4,1,"osved-če","osved",2,1,2,1,"rybárčenie","ryosvedčenie"
995,"ry","ry-by","by",2,2,"ry-lan","lan",2,0,1,1,"ryby","rylan"
544,"first_blank","first_blank-rých","rých",2,29,"first_blank-štvr","štvr",29,0,0,2,"rýchlo","štvrlo"
927,"losť","losť-last_blank","last_blank",2,23,"chal-last_blank","chal",23,0,0,2,"rýchlosť","rýchchal"
730,"rých","rých-ly","ly",2,1,"rail-ly","rail",1,0,0,1,"rýchly","railly"
725,"táž","táž-last_blank","last_blank",3,5,"šiak-last_blank","šiak",5,0,1,1,"sabotáž","sabošiak"
538,"lá","lá-to","to",4,5,"orien-to","orien",5,0,3,1,"šalátový","šaorientový"
224,"rej","rej-me","me",4,2,"chváľ-me","chváľ",1,1,2,1,"samozrejme","samozchváľme"
879,"first_blank","first_blank-šam","šam",3,19,"first_blank-stvo","stvo",19,0,1,1,"šampanské","stvopanské"
764,"onát","onát-last_blank","last_blank",3,1,"rand-last_blank","rand",1,0,0,1,"šampionát","šampirand"
426,"raj","raj-last_blank","last_blank",3,36,"nách-last_blank","nách",36,0,1,1,"samuraj","samunách"
628,"lit","lit-last_blank","last_blank",3,9,"bral-last_blank","bral",9,0,1,1,"satelit","satebral"
760,"ša","ša-ty","ty",2,1,"ša-haj","haj",1,0,1,1,"šaty","šahaj"
242,"first_blank","first_blank-schop","schop",2,19,"first_blank-spros","spros",20,1,0,1,"schopnosť","sprosnosť"
565,"first_blank","first_blank-schvá","schvá",3,12,"first_blank-sprie","sprie",12,0,0,1,"schválenie","sprielenie"
814,"bec","bec-ký","ký",3,2,"slad-ký","slad",2,0,1,1,"sebecký","sesladký"
740,"dieť","dieť-last_blank","last_blank",2,17,"ling-last_blank","ling",17,0,0,1,"sedieť","seling"
333,"šé","šé-f","f",1,1,"ar-f","ar",1,0,0,1,"šéf","arf"
859,"chár","chár-last_blank","last_blank",3,4,"lant-last_blank","lant",4,0,0,1,"šéfkuchár","šéfkulant"
792,"se","se-m","m",1,1,"im-m","im",1,0,0,1,"sem","imm"
430,"se","se-n","n",1,1,"rú-n","rú",1,0,0,1,"sen","rún"
493,"nát","nát-last_blank","last_blank",2,9,"diš-last_blank","diš",9,0,0,1,"senát","sediš"
176,"ná","ná-tor","tor",3,11,"ná-klad","klad",11,0,1,1,"senátor","senáklad"
375,"ver","ver-ný","ný",3,4,"sluš-ný","sluš",4,0,1,1,"severný","seslušný"
167,"first_blank","first_blank-sig","sig",2,20,"first_blank-med","med",20,0,0,1,"signál","mednál"
691,"si","si-lo","lo",3,13,"pred-lo","pred",11,2,2,1,"silový","predlový"
852,"ro","ro-ký","ký",3,2,"všet-ký","všet",2,0,2,1,"široký","šivšetký"
175,"dál","dál-last_blank","last_blank",2,3,"ťaž-last_blank","ťaž",3,0,0,1,"škandál","škanťaž"
191,"first_blank","first_blank-ška","ška",3,24,"first_blank-prob","prob",24,0,1,1,"škaredý","probredý"
587,"skla","skla-ma","ma",3,11,"trau-ma","trau",9,2,0,1,"sklamanie","traumanie"
910,"first_blank","first_blank-sko","sko",2,58,"first_blank-tan","tan",58,0,0,1,"skočiť","tančiť"
803,"first_blank","first_blank-ško","ško",2,35,"first_blank-zís","zís",35,0,0,1,"škola","zísla"
274,"čiť","čiť-last_blank","last_blank",2,117,"ton-last_blank","ton",121,4,0,1,"skončiť","skonton"
235,"first_blank","first_blank-skri","skri",2,7,"first_blank-aero","aero",7,0,0,1,"skriňa","aeroňa"
535,"skrom","skrom-ný","ný",2,1,"straž-ný","straž",1,0,0,1,"skromný","stražný"
948,"ry","ry-ť","ť",1,3,"ís-ť","ís",3,0,0,1,"skryť","skísť"
170,"first_blank","first_blank-sku","sku",3,60,"first_blank-zdra","zdra",56,4,1,1,"skupina","zdrapina"
149,"first_blank","first_blank-skúš","skúš",2,8,"first_blank-spät","spät",8,0,0,1,"skúška","spätka"
911,"first_blank","first_blank-skve","skve",2,17,"first_blank-stan","stan",17,0,0,1,"skvelý","stanlý"
690,"first_blank","first_blank-sla","sla",2,64,"first_blank-cen","cen",64,0,0,1,"slabý","cenbý"
702,"first_blank","first_blank-slá","slá",2,9,"first_blank-deb","deb",9,0,0,1,"sláva","debva"
553,"first_blank","first_blank-sláv","sláv",2,25,"first_blank-prav","prav",25,0,0,1,"slávny","pravny"
930,"first_blank","first_blank-sle","sle",3,74,"first_blank-fran","fran",75,1,1,1,"sledovať","frandovať"
342,"first_blank","first_blank-sln","sln",2,5,"first_blank-prv","prv",5,0,0,1,"slnko","prvko"
958,"first_blank","first_blank-sľ","sľ",1,2,"first_blank-ks","ks",2,0,0,1,"sľub","ksub"
480,"first_blank","first_blank-slu","slu",2,43,"first_blank-voj","voj",43,0,0,1,"sluha","vojha"
462,"slúž","slúž-ka","ka",2,1,"klop-ka","klop",1,0,0,1,"slúžka","klopka"
837,"ie","ie-ch","ch",1,2,"ie-st","st",2,0,0,1,"smiech","smiest"
712,"first_blank","first_blank-smr","smr",3,51,"first_blank-rozp","rozp",53,2,1,1,"smrteľný","rozpteľný"
98,"eh","eh-last_blank","last_blank",1,7,"pá-last_blank","pá",7,0,0,1,"sneh","snpá"
751,"first_blank","first_blank-sni","sni",2,4,"first_blank-pád","pád",4,0,0,1,"sniper","pádper"
488,"so","so-cha","cha",2,1,"so-kej","kej",1,0,0,1,"socha","sokej"
318,"só","só-da","da",2,1,"hoj-da","hoj",1,0,1,1,"sóda","hojda"
323,"lár","lár-ny","ny",3,4,"riad-ny","riad",4,0,1,1,"solárny","soriadny"
244,"son","son-da","da",2,1,"kar-da","kar",1,0,0,1,"sonda","karda"
309,"špa","špa-ge","ge",3,2,"drid-ge","drid",2,0,1,1,"špagety","dridgety"
345,"first_blank","first_blank-spál","spál",2,8,"first_blank-srač","srač",8,0,0,1,"spálňa","sračňa"
726,"nok","nok-last_blank","last_blank",2,38,"kam-last_blank","kam",38,0,0,1,"spánok","spákam"
447,"lis","lis-ta","ta",4,14,"šľach-ta","šľach",1,13,2,1,"špecialista","špeciašľachta"
694,"first_blank","first_blank-špi","špi",3,52,"first_blank-strá","strá",51,1,1,1,"špinavý","stránavý"
35,"first_blank","first_blank-spi","spi",4,35,"first_blank-trans","trans",35,0,2,1,"spisovateľ","transsovateľ"
719,"first_blank","first_blank-splat","splat",2,1,"first_blank-saltz","saltz",1,0,0,1,"splatnosť","saltznosť"
572,"first_blank","first_blank-spl","spl",2,23,"first_blank-ove","ove",23,0,0,1,"splniť","oveniť"
729,"stvo","stvo-last_blank","last_blank",4,90,"tiach-last_blank","tiach",35,55,1,1,"spoločenstvo","spoločentiach"
273,"or","or-last_blank","last_blank",1,31,"ss-last_blank","ss",31,0,0,1,"spor","spss"
667,"rák","rák-last_blank","last_blank",2,20,"bím-last_blank","bím",20,0,0,1,"sporák","spobím"
189,"first_blank","first_blank-špor","špor",3,25,"first_blank-nech","nech",25,0,0,1,"športovať","nechtovať"
569,"first_blank","first_blank-sprá","sprá",2,23,"first_blank-vraž","vraž",23,0,0,2,"správa","vražva"
876,"first_blank","first_blank-správ","správ",2,23,"first_blank-strel","strel",22,1,0,1,"správny","strelny"
547,"vosť","vosť-last_blank","last_blank",4,44,"tiach-last_blank","tiach",35,9,1,1,"spravodlivosť","spravodlitiach"
147,"first_blank","first_blank-spre","spre",3,19,"first_blank-vtip","vtip",19,0,0,1,"sprevádzať","vtipvádzať"
849,"first_blank","first_blank-stá","stá",2,41,"first_blank-kos","kos",41,0,0,1,"stále","kosle"
513,"sta","sta-ni","ni",3,9,"dvih-ni","dvih",10,1,1,1,"stanica","dvihnica"
683,"ros","ros-to","to",3,4,"hing-to","hing",4,0,1,1,"starosto","stahingto"
727,"šťas","šťas-ný","ný",2,1,"diač-ný","diač",1,0,0,1,"šťasný","diačný"
155,"first_blank","first_blank-št","št",1,17,"first_blank-ús","ús",17,0,0,1,"štát","úsát"
400," sa"," sa-last_blank","last_blank",2,1,"čav-last_blank","čav",1,0,0,1,"stať sa","staťčav"
353,"first_blank","first_blank-šťa","šťa",2,6,"first_blank-kil","kil",6,0,0,1,"šťava","kilva"
301,"first_blank","first_blank-stí","stí",2,26,"first_blank-ner","ner",26,0,0,1,"stíhať","nerhať"
791,"first_blank","first_blank-stla","stla",2,14,"first_blank-sluš","sluš",14,0,0,1,"stlačiť","sluščiť"
790,"st","st-o","o",1,1,"by-o","by",1,0,0,1,"sto","byo"
744,"sto","sto-lič","lič",3,7,"sto-krát","krát",2,5,1,1,"stolička","stokrátka"
193,"first_blank","first_blank-st","st",1,119,"first_blank-ke","ke",119,0,0,1,"strach","kerach"
639,"stra","stra-na","na",2,2,"sval-na","sval",2,0,0,1,"strana","svalna"
106,"first_blank","first_blank-stra","stra",4,120,"first_blank-vlast","vlast",50,70,1,1,"strašidelné","vlastšidelné"
508,"stra","stra-té","té",3,6,"mknu-té","mknu",3,3,0,1,"stratégia","mknutégia"
272,"first_blank","first_blank-stret","stret",3,25,"first_blank-chris","chris",26,1,0,1,"stretnutie","chrisnutie"
984,"first_blank","first_blank-strie","strie",3,53,"first_blank-vlast","vlast",50,3,0,2,"strieborný","vlastborný"
209,"first_blank","first_blank-strie","strie",3,53,"first_blank-vlast","vlast",50,3,0,2,"striekačka","vlastkačka"
662,"first_blank","first_blank-stri","stri",2,13,"first_blank-trau","trau",13,0,0,1,"strihať","trauhať"
651,"st","st-ro","ro",1,4,"lo-ro","lo",4,0,0,1,"stroj","loroj"
299,"ro","ro-m","m",1,2,"ta-m","ta",2,0,0,1,"strom","sttam"
917,"first_blank","first_blank-štu","štu",3,45,"first_blank-diev","diev",44,1,1,1,"študovať","dievdovať"
361,"first_blank","first_blank-stvo","stvo",3,19,"first_blank-chod","chod",19,0,0,1,"stvorenie","chodrenie"
543,"rok","rok-last_blank","last_blank",2,21,"mil-last_blank","mil",21,0,0,1,"štvrťrok","štvrťmil"
801,"štvr","štvr-tý","tý",2,2,"mknu-tý","mknu",2,0,0,2,"štvrtý","mknutý"
669,"ýl","ýl-last_blank","last_blank",1,1,"uš-last_blank","uš",1,0,0,1,"štýl","štuš"
139,"šty","šty-ri","ri",2,3,"gar-ri","gar",3,0,0,1,"štyri","garri"
807,"sú","sú-cit","cit",2,4,"sú-kro","kro",4,0,0,1,"súcit","súkro"
759,"first_blank","first_blank-sud","sud",2,14,"first_blank-len","len",14,0,0,1,"sudca","lenca"
448,"hla","hla-siť","siť",3,3,"hla-vách","vách",1,2,1,1,"súhlasiť","súhlavách"
761,"kro","kro-mie","mie",3,1,"kro-koch","koch",1,0,1,1,"súkromie","súkrokoch"
762,"su","su-ma","ma",2,1,"su-ici","ici",1,0,1,1,"suma","suici"
957,"first_blank","first_blank-svad","svad",2,6,"first_blank-skut","skut",6,0,0,1,"svadba","skutba"
413,"first_blank","first_blank-sv","sv",1,16,"first_blank-pú","pú",16,0,0,1,"sval","púal"
765,"dec","dec-tvo","tvo",3,3,"tazs-tvo","tazs",2,1,1,1,"svedectvo","svetazstvo"
341,"first_blank","first_blank-sv","sv",1,16,"first_blank-ut","ut",16,0,0,1,"svet","utet"
793,"first_blank","first_blank-svet","svet",2,31,"first_blank-tres","tres",31,0,0,1,"svetlo","treslo"
308,"first_blank","first_blank-svieč","svieč",2,7,"first_blank-vstup","vstup",7,0,0,2,"sviečka","vstupka"
956,"first_blank","first_blank-svi","svi",3,19,"first_blank-krad","krad",19,0,1,1,"svitanie","kradtanie"
638,"svor","svor-ka","ka",2,1,"siel-ka","siel",1,0,0,1,"svorka","sielka"
883,"first_blank","first_blank-sym","sym",2,24,"first_blank-vnú","vnú",24,0,0,1,"symbol","vnúbol"
99,"first_blank","first_blank-sy","sy",1,58,"first_blank-há","há",58,0,0,1,"syn","hán"
611,"dróm","dróm-last_blank","last_blank",2,2,"vrch-last_blank","vrch",2,0,0,1,"syndróm","synvrch"
888,"vec","vec-last_blank","last_blank",3,28,"chol-last_blank","chol",28,0,1,1,"synovec","synochol"
74,"first_blank","first_blank-sy","sy",1,58,"first_blank-ša","ša",58,0,0,1,"syr","šar"
688,"tém","tém-last_blank","last_blank",2,2,"von-last_blank","von",2,0,0,1,"systém","sysvon"
770,"stvo","stvo-last_blank","last_blank",3,90,"kých-last_blank","kých",100,10,0,1,"tajomstvo","tajomkých"
561,"ta","ta-lent","lent",2,1,"ta-pult","pult",1,0,0,1,"talent","tapult"
809,"ta","ta-m","m",1,2,"iu-m","iu",1,1,0,1,"tam","ium"
772,"nec","nec-last_blank","last_blank",2,70,"žiť-last_blank","žiť",70,0,0,1,"tanec","tažiť"
774,"first_blank","first_blank-ťaž","ťaž",2,32,"first_blank-bom","bom",32,0,0,1,"ťažko","bomko"
344,"first_blank","first_blank-tech","tech",3,44,"first_blank-diev","diev",44,0,0,1,"technika","dievnika"
126,"na","na-ger","ger",4,4,"na-štval","štval",2,2,2,1,"teenager","teenaštval"
398,"stvo","stvo-last_blank","last_blank",4,90,"tiach-last_blank","tiach",35,55,1,1,"tehotenstvo","tehotentiach"
777,"ku","ku-ti","ti",4,6,"chris-ti","chris",5,1,3,1,"tekutina","techristina"
964,"fón","fón-last_blank","last_blank",3,7,"pnúť-last_blank","pnúť",7,0,1,1,"telefón","telepnúť"
629,"zor","zor-last_blank","last_blank",4,14,"field-last_blank","field",12,2,2,1,"televízor","televífield"
174,"nis","nis-last_blank","last_blank",2,10,"mok-last_blank","mok",10,0,0,1,"tenis","temok"
395,"ória","ória-last_blank","last_blank",2,1,"okin-last_blank","okin",1,0,0,1,"teória","teokin"
457,"first_blank","first_blank-tep","tep",3,40,"first_blank-scho","scho",41,1,1,1,"teplota","scholota"
181,"th","th-ir","ir",1,1,"we-ir","we",1,0,0,1,"thirst","weirst"
788,"ti","ti-cho","cho",2,1,"ti-jed","jed",1,0,0,1,"ticho","tijed"
317,"tí","tí-m","m",1,1,"iu-m","iu",1,0,0,1,"tím","ium"
404,"tul","tul-last_blank","last_blank",2,1,"ots-last_blank","ots",1,0,0,1,"titul","tiots"
289,"first_blank","first_blank-tka","tka",3,10,"first_blank-hajz","hajz",10,0,1,1,"tkanivo","hajznivo"
622,"first_blank","first_blank-tl","tl",1,16,"first_blank-ut","ut",16,0,0,1,"tlak","utak"
789,"first_blank","first_blank-tma","tma",2,11,"first_blank-kim","kim",11,0,0,1,"tmavý","kimvý"
92,"to","to-last_blank","last_blank",1,243,"ší-last_blank","ší",246,3,0,1,"to","ší"
476," sa"," sa-last_blank","last_blank",3,1,"okom-last_blank","okom",1,0,1,1,"točiť sa","točiťokom"
206,"first_blank","first_blank-tor","tor",3,22,"first_blank-plas","plas",22,0,1,1,"tornádo","plasnádo"
108,"tor","tor-tu","tu",2,1,"rin-tu","rin",1,0,0,1,"tortu","rintu"
359,"dič","dič-ný","ný",3,2,"lest-ný","lest",2,0,1,1,"tradičný","tralestný"
713,"tra","tra-gic","gic",3,10,"tra-band","band",1,9,1,1,"tragický","trabandký"
985," čin"," čin-last_blank","last_blank",3,1,"džús-last_blank","džús",1,0,0,1,"trestný čin","trestnýdžús"
225,"tr","tr-i","i",1,1,"ăl-i","ăl",1,0,0,1,"tri","ăli"
128,"first_blank","first_blank-troj","troj",4,17,"first_blank-hviez","hviez",16,1,1,1,"trojnásobný","hvieznásobný"
302,"first_blank","first_blank-tro","tro",5,51,"first_blank-umiest","umiest",18,33,3,1,"trojuholník","umiestjuholník"
284,"ón","ón-last_blank","last_blank",1,17,"th-last_blank","th",17,0,0,1,"trón","trth"
364,"nel","nel-last_blank","last_blank",2,10,"čok-last_blank","čok",10,0,0,1,"tunel","tučok"
307,"rec","rec-ko","ko",3,1,"čiat-ko","čiat",1,0,1,1,"turecko","tučiatko"
815,"first_blank","first_blank-tvr","tvr",2,37,"first_blank-fil","fil",37,0,0,1,"tvrdý","fildý"
343,"deň","deň-last_blank","last_blank",2,6,"zuj-last_blank","zuj",6,0,0,1,"týždeň","týžzuj"
105,"first_blank","first_blank-týž","týž",3,13,"first_blank-bren","bren",13,0,1,1,"týždenný","brendenný"
460,"uc","uc-ho","ho",1,3,"se-ho","se",3,0,0,1,"ucho","seho"
136,"first_blank","first_blank-ucho","ucho",3,16,"first_blank-vrec","vrec",16,0,0,1,"uchovávať","vrecvávať"
851,"účin","účin-ný","ný",2,1,"bliž-ný","bliž",1,0,0,1,"účinný","bližný"
897,"first_blank","first_blank-úči","úči",2,1,"first_blank-ciu","ciu",1,0,0,1,"účinok","ciunok"
819,"iť","iť-last_blank","last_blank",1,11,"ai-last_blank","ai",11,0,0,1,"učiť","učai"
754,"first_blank","first_blank-uči","uči",2,25,"first_blank-hal","hal",25,0,0,1,"učiteľ","halteľ"
156,"first_blank","first_blank-uda","uda",2,13,"first_blank-níz","níz",13,0,0,1,"udalosť","nízlosť"
180,"úd","úd-er","er",1,1,"st-er","st",1,0,0,1,"úder","ster"
625,"first_blank","first_blank-údo","údo",2,4,"first_blank-ché","ché",4,0,0,1,"údolie","chélie"
709,"first_blank","first_blank-údrž","údrž",2,8,"first_blank-množ","množ",8,0,0,1,"údržba","množba"
802,"first_blank","first_blank-uli","uli",2,9,"first_blank-zde","zde",9,0,0,1,"ulica","zdeca"
655,"first_blank","first_blank-ulič","ulič",2,8,"first_blank-trid","trid",8,0,0,1,"ulička","tridka"
818,"first_blank","first_blank-úlo","úlo",2,11,"first_blank-piš","piš",11,0,0,1,"úlovok","pišvok"
391,"first_blank","first_blank-ulo","ulo",2,24,"first_blank-tuč","tuč",24,0,0,1,"uložiť","tučžiť"
604,"ume","ume-lý","lý",2,2,"vyk-lý","vyk",2,0,0,1,"umelý","vyklý"
383,"first_blank","first_blank-úmy","úmy",3,5,"first_blank-drav","drav",5,0,1,1,"úmyselne","dravselne"
87,"yť","yť-last_blank","last_blank",1,4,"rč-last_blank","rč",4,0,0,1,"umyť","umrč"
828,"un","un-ie","ie",1,2,"br-ie","br",2,0,0,1,"uniesť","briesť"
455,"first_blank","first_blank-uni","uni",3,47,"first_blank-kres","kres",47,0,1,1,"uniforma","kresforma"
843,"first_blank","first_blank-unik","unik",2,8,"first_blank-uzam","uzam",8,0,0,1,"uniknúť","uzamnúť"
920,"first_blank","first_blank-uni","uni",4,47,"first_blank-vlast","vlast",50,3,2,1,"univerzita","vlastverzita"
993,"ír","ír-last_blank","last_blank",1,2,"ih-last_blank","ih",2,0,0,1,"upír","upih"
1,"first_blank","first_blank-úpl","úpl",2,18,"first_blank-pub","pub",18,0,0,1,"úplne","pubne"
60,"first_blank","first_blank-úpl","úpl",2,18,"first_blank-koz","koz",18,0,0,1,"úplný","kozný"
320,"nosť","nosť-last_blank","last_blank",3,174,"skej-last_blank","skej",138,36,0,1,"úprimnosť","úprimskej"
708,"rim","rim-ný","ný",3,2,"osob-ný","osob",2,0,1,1,"úprimný","úposobný"
231,"first_blank","first_blank-úr","úr",1,3,"first_blank-sg","sg",3,0,0,1,"úrad","sgad"
832,"first_blank","first_blank-úrad","úrad",2,15,"first_blank-cham","cham",15,0,0,1,"úradník","chamník"
833,"first_blank","first_blank-ura","ura",2,13,"first_blank-mam","mam",13,0,0,1,"uraziť","mamziť"
733,"first_blank","first_blank-úspeš","úspeš",2,16,"first_blank-hviez","hviez",16,0,0,2,"úspešný","hviezný"
578,"first_blank","first_blank-ústa","ústa",2,6,"first_blank-stin","stin",6,0,0,1,"ústava","stinva"
199,"first_blank","first_blank-uš","uš",4,29,"first_blank-stráž","stráž",29,0,3,1,"uštipľavý","strážtipľavý"
947,"die","die-last_blank","last_blank",2,58,"rou-last_blank","rou",58,0,0,1,"ústredie","ústrerou"
102,"rák","rák-last_blank","last_blank",2,20,"laj-last_blank","laj",20,0,0,1,"uterák","utelaj"
438,"first_blank","first_blank-útoč","útoč",2,15,"first_blank-špič","špič",15,0,0,1,"útočník","špičník"
219,"first_blank","first_blank-út","út",1,14,"first_blank-oo","oo",14,0,0,1,"útok","oook"
548,"rok","rok-last_blank","last_blank",2,21,"cať-last_blank","cať",21,0,0,1,"utorok","utocať"
370,"first_blank","first_blank-utra","utra",2,6,"first_blank-tros","tros",6,0,0,1,"utratiť","trostiť"
79,"first_blank","first_blank-utr","utr",3,13,"first_blank-spad","spad",13,0,1,1,"utrpenie","spadpenie"
799,"first_blank","first_blank-uväz","uväz",3,17,"first_blank-blon","blon",17,0,0,1,"uväznenie","blonnenie"
848,"first_blank","first_blank-úv","úv",1,2,"first_blank-µu","µu",2,0,0,1,"úver","µuer"
44,"first_blank","first_blank-uv","uv",1,6,"first_blank-ib","ib",6,0,0,1,"uviesť","ibiesť"
211,"first_blank","first_blank-úžas","úžas",2,16,"first_blank-žiar","žiar",16,0,0,1,"úžasný","žiarný"
461,"first_blank","first_blank-uzá","uzá",2,6,"first_blank-blú","blú",6,0,0,1,"uzáver","blúver"
443,"first_blank","first_blank-uzdra","uzdra",2,16,"first_blank-ukľud","ukľud",16,0,0,2,"uzdraviť","ukľudviť"
854,"first_blank","first_blank-v j","v j",2,1,"first_blank-maž","maž",1,0,0,1,"v júli","mažúli"
188,"first_blank","first_blank-vaj","vaj",2,10,"first_blank-lut","lut",10,0,0,1,"vajcia","lutcia"
16,"first_blank","first_blank-vak","vak",3,6,"first_blank-slie","slie",6,0,1,1,"vakcína","sliecína"
609,"va","va-n","n",1,1,"xo-n","xo",1,0,0,1,"van","xon"
697,"nil","nil-ka","ka",3,2,"vzor-ka","vzor",2,0,1,1,"vanilka","vavzorka"
381,"šeň","šeň-last_blank","last_blank",2,2,"zán-last_blank","zán",2,0,0,1,"vášeň","vázán"
55,"ze","ze-nie","nie",3,13,"ze-tách","tách",1,12,1,1,"väzenie","väzetách"
665,"first_blank","first_blank-väz","väz",2,26,"first_blank-pen","pen",26,0,0,1,"väzňa","penňa"
114,"first_blank","first_blank-vče","vče",2,22,"first_blank-tor","tor",22,0,0,1,"včera","torra"
906,"first_blank","first_blank-vc","vc",1,2,"first_blank-pd","pd",2,0,0,1,"vchod","pdhod"
530,"first_blank","first_blank-vďač","vďač",2,8,"first_blank-šťas","šťas",8,0,0,1,"vďačnosť","šťasnosť"
855,"čer","čer-last_blank","last_blank",2,6,"kan-last_blank","kan",6,0,0,1,"večer","vekan"
776,"first_blank","first_blank-ve","ve",2,417,"first_blank-pod","pod",410,7,1,1,"veda","podda"
172,"dec","dec-last_blank","last_blank",2,8,"ňuj-last_blank","ňuj",8,0,0,1,"vedec","veňuj"
658,"ve","ve-del","del",2,4,"ve-nou","nou",4,0,0,1,"vedel","venou"
865,"teľ","teľ-last_blank","last_blank",3,72,"koch-last_blank","koch",73,1,1,1,"veliteľ","velikoch"
680,"veľ","veľ-ko","ko",4,30,"stros-ko","stros",9,21,2,1,"veľkolepý","stroskolepý"
758,"veľ","veľ-ko","ko",4,30,"stros-ko","stros",9,21,2,1,"veľkorysý","stroskorysý"
151,"veľ","veľ-mi","mi",2,5,"tor-mi","tor",5,0,0,1,"veľmi","tormi"
870,"first_blank","first_blank-ven","ven",4,17,"first_blank-uzdra","uzdra",16,1,2,1,"ventilácia","uzdratilácia"
336,"ve","ve-nus","nus",2,1,"ve-dač","dač",1,0,0,1,"venus","vedač"
321,"ria","ria-ci","ci",3,6,"skon-ci","skon",6,0,1,1,"veriaci","veskonci"
129,"ve","ve-riť","riť",2,5,"ve-ným","ným",5,0,0,1,"veriť","veným"
766,"ve","ve-ta","ta",2,4,"pos-ta","pos",4,0,1,1,"veta","posta"
983,"de","de-nie","nie",3,69,"de-cent","cent",2,67,1,1,"videnie","videcent"
140,"deo","deo-last_blank","last_blank",2,3,"jav-last_blank","jav",3,0,0,1,"video","vijav"
324,"first_blank","first_blank-vid","vid",3,9,"first_blank-štet","štet",9,0,1,1,"vidlička","štetlička"
376,"first_blank","first_blank-vie","vie",2,28,"first_blank-brá","brá",28,0,0,1,"viera","brára"
420,"first_blank","first_blank-vin","vin",2,33,"first_blank-pol","pol",33,0,0,1,"vinný","polný"
617,"mín","mín-last_blank","last_blank",3,9,"dých-last_blank","dých",9,0,1,1,"vitamín","vitadých"
555,"ťaz","ťaz-last_blank","last_blank",2,2,"hla-last_blank","hla",2,0,0,1,"víťaz","víhla"
522,"first_blank","first_blank-vlá","vlá",2,40,"first_blank-con","con",40,0,0,1,"vláda","conda"
732,"first_blank","first_blank-vľa","vľa",2,1,"first_blank-úby","úby",1,0,0,1,"vľavo","úbyvo"
340,"vl","vl-k","k",1,2,"lí-k","lí",2,0,0,1,"vlk","lík"
895,"first_blank","first_blank-vnút","vnút",2,9,"first_blank-vlaj","vlaj",9,0,0,1,"vnútri","vlajri"
425,"bec","bec-last_blank","last_blank",2,10,"sat-last_blank","sat",10,0,0,1,"vôbec","vôsat"
91,"first_blank","first_blank-vod","vod",2,26,"first_blank-hlu","hlu",26,0,0,1,"vodca","hluca"
68,"dič","dič-last_blank","last_blank",2,6,"tar-last_blank","tar",6,0,0,1,"vodič","votar"
823,"dík","dík-last_blank","last_blank",2,8,"lot-last_blank","lot",8,0,0,1,"vodík","volot"
934,"first_blank","first_blank-vod","vod",2,26,"first_blank-pen","pen",26,0,0,1,"vodka","penka"
436,"jen","jen-ský","ský",3,2,"brit-ský","brit",2,0,1,1,"vojenský","vobritský"
238,"first_blank","first_blank-voľ","voľ",2,26,"first_blank-hlu","hlu",26,0,0,1,"voľba","hluba"
241,"lič","lič-last_blank","last_blank",2,4,"har-last_blank","har",4,0,0,1,"volič","vohar"
81,"first_blank","first_blank-vô","vô",2,18,"first_blank-ala","ala",18,0,1,1,"vôňa","alaňa"
821,"tre","tre-lec","lec",3,1,"tre-bars","bars",1,0,1,1,"votrelec","votrebars"
937,"ah","ah-last_blank","last_blank",1,19,"ej-last_blank","ej",19,0,0,1,"vrah","vrej"
671,"vraž","vraž-da","da",2,2,"škan-da","škan",2,0,0,1,"vražda","škanda"
282,"ch","ch-last_blank","last_blank",1,71,"ša-last_blank","ša",71,0,0,1,"vrch","vrša"
49,"first_blank","first_blank-vrec","vrec",2,16,"first_blank-čier","čier",16,0,0,1,"vrecko","čierko"
177,"first_blank","first_blank-vrec","vrec",3,16,"first_blank-spod","spod",16,0,0,1,"vreckovka","spodkovka"
673,"tuľ","tuľ-ník","ník",3,1,"úvod-ník","úvod",1,0,1,1,"vrtuľník","vrúvodník"
603,"obec","obec-ne","ne",3,2,"hľad-ne","hľad",2,0,0,1,"všeobecne","všehľadne"
366,"first_blank","first_blank-vt","vt",1,5,"first_blank-ef","ef",5,0,0,1,"vták","efák"
805,"first_blank","first_blank-vt","vt",1,5,"first_blank-žr","žr",5,0,0,1,"vtip","žrip"
902,"first_blank","first_blank-vtip","vtip",2,19,"first_blank-adop","adop",19,0,0,1,"vtipný","adopný"
903,"viť","viť-last_blank","last_blank",3,66,"stva-last_blank","stva",67,1,1,1,"vybaviť","vybastva"
268,"bor","bor-last_blank","last_blank",2,12,"dat-last_blank","dat",12,0,0,1,"výbor","výdat"
904,"vy","vy-brať","brať",2,1,"vy-hlad","hlad",1,0,0,1,"vybrať","vyhlad"
921,"do","do-vať","vať",4,47,"do-strel","strel",2,45,2,1,"vybudovať","vybudostrel"
47,"buš","buš-ný","ný",3,1,"škod-ný","škod",1,0,1,1,"výbušný","výškodný"
955,"chod","chod-ný","ný",3,6,"sluš-ný","sluš",4,2,0,1,"východný","výslušný"
830,"vy","vy-die","die",4,15,"vy-chádz","chádz",3,12,2,1,"vydieranie","vychádzranie"
267,"vy","vy-hlá","hlá",4,16,"vy-strie","strie",3,13,2,1,"vyhlásenie","vystriesenie"
571,"vy","vy-hod","hod",5,3,"vy-triasť","triasť",1,2,3,1,"vyhodnotenie","vytriasťnotenie"
429,"vať","vať-last_blank","last_blank",4,948,"ských-last_blank","ských",62,886,2,1,"výhonovať","výhonoských"
980,"hrať","hrať-last_blank","last_blank",2,10,"tieť-last_blank","tieť",10,0,0,1,"vyhrať","vytieť"
718,"kon","kon-last_blank","last_blank",2,9,"ňam-last_blank","ňam",9,0,0,1,"výkon","výňam"
881,"na","na-nie","nie",4,24,"na-štval","štval",2,22,2,1,"vykonanie","vykonaštval"
82,"vy","vy-ni","ni",5,12,"umiest-ni","umiest",5,7,4,1,"vynikajúci","umiestnikajúci"
519,"tať","tať-last_blank","last_blank",4,80,"ských-last_blank","ských",62,18,2,1,"vypočítať","vypočíských"
520,"čuť","čuť-last_blank","last_blank",3,5,"niec-last_blank","niec",5,0,1,1,"vypočuť","vyponiec"
924,"bať","bať-last_blank","last_blank",3,36,"riem-last_blank","riem",36,0,1,1,"vyrábať","vyráriem"
795,"vý","vý-ro","ro",3,11,"ošet-ro","ošet",11,0,2,1,"výroba","ošetroba"
989,"bok","bok-last_blank","last_blank",3,14,"ciam-last_blank","ciam",14,0,1,1,"výrobok","výrociam"
590,"šet","šet-ro","ro",4,27,"synch-ro","synch",5,22,2,1,"vyšetrovať","vysynchrovať"
10,"vy","vy-šet","šet",5,46,"vy-triasť","triasť",1,45,3,1,"vyšetrovateľ","vytriasťrovateľ"
715,"lač","lač-last_blank","last_blank",3,2,"dzím-last_blank","dzím",2,0,1,1,"vysielač","vysiedzím"
184,"výš","výš-ka","ka",2,1,"klo-ka","klo",1,0,0,1,"výška","kloka"
919,"dok","dok-last_blank","last_blank",3,30,"land-last_blank","land",30,0,1,1,"výsledok","výsleland"
427,"so","so-ký","ký",3,2,"chic-ký","chic",2,0,2,1,"vysoký","vychický"
328,"sosť","sosť-last_blank","last_blank",2,2,"strč-last_blank","strč",2,0,0,1,"výsosť","výstrč"
169,"vý","vý-sta","sta",3,4,"vý-krát","krát",2,2,1,1,"výstava","výkrátva"
907,"stra","stra-šiť","šiť",3,5,"zväč-šiť","zväč",1,4,0,1,"vystrašiť","vyzväčšiť"
121,"vy","vy-stú","stú",3,15,"vy-chut","chut",15,0,1,1,"vystúpiť","vychutpiť"
537,"ja","ja-last_blank","last_blank",3,119,"vých-last_blank","vých",119,0,2,1,"vývoja","vývových"
656,"živ","živ-ný","ný",3,1,"pruž-ný","pruž",1,0,1,1,"výživný","výpružný"
926,"znam","znam-last_blank","last_blank",2,5,"viaž-last_blank","viaž",5,0,0,1,"význam","výviaž"
586,"zva","zva-last_blank","last_blank",2,1,"dix-last_blank","dix",1,0,0,1,"výzva","výdix"
582,"first_blank","first_blank-vza","vza",2,10,"first_blank-opí","opí",10,0,0,1,"vzadu","opídu"
968,"first_blank","first_blank-vzde","vzde",3,14,"first_blank-štar","štar",14,0,0,1,"vzdelanie","štarlanie"
201,"first_blank","first_blank-vzru","vzru",3,27,"first_blank-uvoľ","uvoľ",27,0,0,1,"vzrušený","uvoľšený"
749,"first_blank","first_blank-wat","wat",2,9,"first_blank-kov","kov",9,0,0,1,"watson","kovson"
38,"za","za-bez","bez",4,29,"za-chráň","chráň",3,26,2,1,"zabezpečiť","zachráňpečiť"
479,"za","za-biť","biť",2,2,"za-hre","hre",2,0,0,1,"zabiť","zahre"
941,"za","za-cho","cho",3,24,"za-vraž","vraž",17,7,1,1,"zachovať","zavražvať"
893,"za","za-dar","dar",3,1,"za-krát","krát",1,0,1,1,"zadarmo","zakrátmo"
944,"dok","dok-last_blank","last_blank",2,30,"tel-last_blank","tel",30,0,0,1,"zadok","zatel"
946,"zať","zať-last_blank","last_blank",3,41,"stve-last_blank","stve",41,0,1,1,"zakázať","zakástve"
484,"kaz","kaz-ník","ník",3,2,"sluš-ník","sluš",2,0,1,1,"zákazník","záslušník"
817,"mer","mer-last_blank","last_blank",2,31,"bom-last_blank","bom",31,0,0,1,"zámer","zábom"
260,"mok","mok-last_blank","last_blank",2,10,"fer-last_blank","fer",10,0,0,1,"zámok","záfer"
232,"pad","pad-ný","ný",3,5,"sluš-ný","sluš",4,1,1,1,"západný","záslušný"
940," si"," si-last_blank","last_blank",5,1,"tchett-last_blank","tchett",1,0,3,1,"zapamätať si","zapamätaťtchett"
811,"pas","pas-last_blank","last_blank",2,7,"bák-last_blank","bák",7,0,0,1,"zápas","zábák"
316,"biť","biť-last_blank","last_blank",4,49,"ských-last_blank","ských",62,13,2,1,"zapôsobiť","zapôsoských"
84,"za","za-ria","ria",4,22,"za-tkneš","tkneš",1,21,2,1,"zariadenie","zatknešdenie"
939,"stáv","stáv-ka","ka",3,6,"lien-ka","lien",6,0,0,1,"zastávka","zalienka"
750,"stre","stre-liť","liť",3,7,"chvá-liť","chvá",2,5,0,1,"zastreliť","zachváliť"
850,"za","za-tvo","tvo",4,18,"za-chráň","chráň",3,15,2,1,"zatvorené","zachráňrené"
800,"tý","tý-kať","kať",3,4,"tý-dňov","dňov",1,3,1,1,"zatýkať","zatýdňov"
931,"first_blank","first_blank-zau","zau",4,53,"first_blank-strie","strie",53,0,2,1,"zaujímavý","striejímavý"
846,"dzať","dzať-last_blank","last_blank",3,37,"riem-last_blank","riem",36,1,0,1,"zavádzať","zaváriem"
335,"vod","vod-last_blank","last_blank",2,15,"ľaš-last_blank","ľaš",15,0,0,1,"závod","záľaš"
481,"vrieť","vrieť-last_blank","last_blank",2,3,"išiel-last_blank","išiel",3,0,0,1,"zavrieť","zaišiel"
965,"znam","znam-last_blank","last_blank",2,5,"staň-last_blank","staň",5,0,0,1,"záznam","zástaň"
966,"first_blank","first_blank-zbie","zbie",2,17,"first_blank-znač","znač",17,0,0,1,"zbierať","značrať"
4,"first_blank","first_blank-zbo","zbo",2,16,"first_blank-hun","hun",16,0,0,1,"zbohom","hunhom"
505,"ra","ra-ň","ň",1,1,"kô-ň","kô",1,0,0,1,"zbraň","zbkôň"
100,"first_blank","first_blank-zde","zde",2,9,"first_blank-sul","sul",9,0,0,1,"zdediť","suldiť"
372,"že","že-na","na",2,7,"rál-na","rál",6,1,1,1,"žena","rálna"
226,"na","na-tý","tý",3,8,"na-prog","prog",8,0,2,1,"ženatý","ženaprog"
277,"žia","žia-re","re",3,6,"ušet-re","ušet",4,2,1,1,"žiarenie","ušetrenie"
314,"first_blank","first_blank-zi","zi",2,47,"first_blank-gre","gre",47,0,1,1,"zima","grema"
676,"číš","číš-ny","ny",4,1,"schop-ny","schop",1,0,2,1,"živočíšny","živoschopny"
24,"first_blank","first_blank-zľa","zľa",2,6,"first_blank-krs","krs",6,0,0,1,"zľava","krsva"
986,"first_blank","first_blank-zlep","zlep",3,21,"first_blank-exis","exis",21,0,0,1,"zlepšenie","exisšenie"
203,"čin","čin-last_blank","last_blank",2,5,"ďou-last_blank","ďou",5,0,0,1,"zločin","zloďou"
65,"first_blank","first_blank-žl","žl",2,18,"first_blank-sľu","sľu",18,0,1,1,"žltá","sľutá"
117,"first_blank","first_blank-zl","zl",1,21,"first_blank-žu","žu",21,0,0,1,"zlý","žuý"
838,"first_blank","first_blank-zly","zly",3,20,"first_blank-žiad","žiad",20,0,1,1,"zlyhanie","žiadhanie"
69,"zmä","zmä-tok","tok",2,1,"cia-tok","cia",1,0,0,1,"zmätok","ciatok"
266,"zm","zm-es","es",1,1,"zm-ia","ia",1,0,0,1,"zmes","zmia"
711,"first_blank","first_blank-zmiz","zmiz",3,21,"first_blank-osob","osob",21,0,0,1,"zmiznutie","osobnutie"
661,"first_blank","first_blank-zmra","zmra",2,11,"first_blank-zneš","zneš",11,0,0,1,"zmraziť","znešziť"
700,"zna","zna-losť","losť",2,2,"zna-moch","moch",2,0,0,1,"znalosť","znamoch"
813,"first_blank","first_blank-zna","zna",3,41,"first_blank-scho","scho",41,0,1,1,"znamenie","schomenie"
755,"first_blank","first_blank-zni","zni",3,38,"first_blank-opra","opra",37,1,1,1,"zničenie","opračenie"
1000,"first_blank","first_blank-zní","zní",2,17,"first_blank-von","von",17,0,0,1,"znížiť","vonžiť"
808,"mrieť","mrieť-last_blank","last_blank",2,1,"chiel-last_blank","chiel",1,0,0,1,"zomrieť","zochiel"
440,"first_blank","first_blank-zó","zó",2,7,"first_blank-lah","lah",7,0,1,1,"zóna","lahna"
839,"first_blank","first_blank-zor","zor",5,13,"first_blank-hviezd","hviezd",10,3,3,1,"zorganizovať","hviezdganizovať"
517,"stať","stať-last_blank","last_blank",2,6,"rial-last_blank","rial",6,0,0,1,"zostať","zorial"
724,"first_blank","first_blank-zrad","zrad",2,11,"first_blank-gréc","gréc",11,0,0,1,"zradca","grécca"
597,"first_blank","first_blank-zried","zried",2,9,"first_blank-hniez","hniez",9,0,0,1,"zriedka","hniezka"
453,"first_blank","first_blank-zrkad","zrkad",2,8,"first_blank-zrých","zrých",8,0,0,1,"zrkadlo","zrýchlo"
258,"first_blank","first_blank-zu","zu",1,24,"first_blank-cr","cr",24,0,0,1,"zub","crb"
585,"first_blank","first_blank-žu","žu",1,21,"first_blank-kŕ","kŕ",21,0,0,1,"žuť","kŕť"
183,"zv","zv-uk","uk",1,1,"yu-uk","yu",1,0,0,1,"zvuk","yuuk"
431,"čaj","čaj-ne","ne",3,4,"chyb-ne","chyb",4,0,1,1,"zvyčajne","zvychybne"
