"word_id","first","original_pair","second","syll","original_freq","replacement_pair","replacement_syll","replacement_freq","freq_diff","char_diff","letter_diff","original_word","replacement_word"
276,"first_blank","first_blank-a mi","a mi",2,1,"first_blank-asan","asan",1,0,0,1,"a miúdo","asanúdo"
407,"ite","ite-last_blank","last_blank",2,1,"vro-last_blank","vro",1,0,0,1,"á noite","á novro"
856,"first_blank","first_blank-aban","aban",3,60,"first_blank-ofre","ofre",61,1,0,1,"abandonar","ofredonar"
994,"mi","mi-nal","nal",4,6,"mi-sións","sións",5,1,2,1,"abdominal","abdomisións"
204,"ab","ab-ou","ou",1,1,"ab-dó","dó",1,0,0,1,"about","abdót"
377,"sen","sen-ce","ce",3,1,"raña-ce","raña",1,0,1,1,"absence","abrañace"
809,"sur","sur-do","do",3,1,"paña-do","paña",1,0,1,1,"absurdo","abpañado"
94,"first_blank","first_blank-aca","aca",3,128,"first_blank-cons","cons",129,1,1,1,"acabado","consbado"
519,"ci","ci-den","den",4,21,"ci-piños","piños",1,20,2,1,"accidente","accipiñoste"
59,"cu","cu-sa","sa",5,4,"kinsha-sa","kinsha",1,3,4,1,"accusation","ackinshasation"
575,"first_blank","first_blank-acei","acei",2,6,"first_blank-apal","apal",6,0,0,1,"aceiro","apalro"
898,"acen","acen-to","to",2,1,"cién-to","cién",1,0,0,1,"acento","ciénto"
686,"acep","acep-tar","tar",2,1,"trei-tar","trei",1,0,0,1,"aceptar","treitar"
820,"pañar","pañar-last_blank","last_blank",2,1,"dahas-last_blank","dahas",1,0,0,1,"acompañar","acomdahas"
478,"first_blank","first_blank-acor","acor",2,36,"first_blank-afec","afec",36,0,0,1,"acordo","afecdo"
199,"tu","tu-de","de",4,29,"apren-de","apren",21,8,3,1,"actitude","actiaprende"
871,"ti","ti-var","var",3,7,"ti-tuín","tuín",6,1,1,1,"activar","actituín"
430,"vi","vi-da","da",5,80,"desher-da","desher",3,77,4,1,"actividade","actidesherdade"
119,"ac","ac-to","to",2,4,"tes-to","tes",4,0,1,1,"acto","testo"
20,"ac","ac-tor","tor",2,2,"ac-ció","ció",1,1,0,1,"actor","acció"
131,"eu","eu-s","s",1,1,"wá-s","wá",1,0,0,1,"adeus","adwás"
948,"adi","adi-ci","ci",4,2,"strac-ci","strac",1,1,2,1,"adicional","straccional"
953,"tra","tra-ti","ti",6,8,"lingüís-ti","lingüís",2,6,4,1,"administrativo","adminislingüístivo"
961,"ado","ado-les","les",4,3,"queil-les","queil",3,0,2,1,"adolescente","queillescente"
793,"first_blank","first_blank-adre","adre",4,2,"first_blank-deuts","deuts",2,0,1,1,"adrenalina","deutsnalina"
806,"ad","ad-vi","vi",3,1,"ad-boum","boum",1,0,2,1,"advise","adboumse"
720,"ro","ro-por","por",4,2,"ro-trans","trans",2,0,2,1,"aeroporto","aerotransto"
55,"agra","agra-da","da",3,9,"inun-da","inun",9,0,0,1,"agradable","inundable"
821,"first_blank","first_blank-alar","alar",2,13,"first_blank-abon","abon",13,0,0,1,"alarma","abonma"
563,"cal","cal-de","de",3,4,"ofen-de","ofen",4,0,1,1,"alcalde","alofende"
769,"al","al-dea","dea",2,1,"al-que","que",1,0,0,1,"aldea","alque"
549,"gría","gría-last_blank","last_blank",2,3,"pras-last_blank","pras",3,0,0,1,"alegría","alepras"
635,"al","al-fom","fom",3,4,"al-gers","gers",1,3,1,1,"alfombra","algersbra"
188,"al","al-go","go",2,5,"mon-go","mon",5,0,1,1,"algo","mongo"
836,"go","go-dón","dón",3,1,"go-mery","mery",1,0,1,1,"algodón","algomery"
133,"first_blank","first_blank-al","al",1,412,"first_blank-em","em",414,2,0,1,"alí","emí"
818,"first_blank","first_blank-ali","ali",2,103,"first_blank-bar","bar",103,0,0,1,"alibi","barbi"
307,"first_blank","first_blank-ali","ali",2,103,"first_blank-bar","bar",103,0,0,1,"alien","baren"
67,"al","al-ley","ley",2,1,"al-gar","gar",1,0,0,1,"alley","algar"
588,"mor","mor-zo","zo",3,1,"puña-zo","puña",1,0,1,1,"almorzo","alpuñazo"
31,"al","al-ph","ph",1,1,"al-qu","qu",1,0,0,1,"alpha","alqua"
787,"te","te-za","za",3,10,"avan-za","avan",12,2,2,1,"alteza","alavanza"
642,"al","al-tu","tu",3,2,"al-cohó","cohó",2,0,2,1,"altura","alcohóra"
142,"na","na-ción","ción",4,47,"na-beshi","beshi",1,46,1,1,"alucinación","alucinabeshi"
771,"ama","ama-ble","ble",2,2,"ama-nei","nei",2,0,0,1,"amable","amanei"
774,"aman","aman-te","te",2,1,"acép-te","acép",1,0,0,1,"amante","acépte"
324,"ama","ama-re","re",3,7,"ocór-re","ocór",5,2,1,1,"amarelo","ocórrelo"
619,"zing","zing-last_blank","last_blank",2,1,"lenc-last_blank","lenc",1,0,0,1,"amazing","amalenc"
405,"first_blank","first_blank-amé","amé",3,2,"first_blank-plei","plei",2,0,1,1,"américa","pleirica"
592,"first_blank","first_blank-ami","ami",3,29,"first_blank-ocor","ocor",29,0,1,1,"amizade","ocorzade"
355,"am","am-or","or",1,2,"ne-or","ne",2,0,0,1,"amor","neor"
22,"first_blank","first_blank-aná","aná",3,2,"first_blank-fric","fric",2,0,1,1,"análise","friclise"
664,"an","an-cho","cho",2,1,"an-tra","tra",1,0,0,1,"ancho","antra"
27,"ani","ani-mal","mal",2,1,"tér-mal","tér",1,0,0,1,"animal","térmal"
663,"sa","sa-rio","rio",4,10,"sa-feway","feway",1,9,2,1,"aniversario","aniversafeway"
28,"an","an-t","t",1,4,"gh-t","gh",2,2,0,1,"ant","ght"
872,"ario","ario-last_blank","last_blank",4,1,"lunya-last_blank","lunya",1,0,1,1,"ao contrario","ao contrlunya"
582,"first_blank","first_blank-apar","apar",4,42,"first_blank-prohi","prohi",36,6,1,1,"apartamento","prohitamento"
835,"ape","ape-li","li",3,4,"igua-li","igua",3,1,1,1,"apelido","igualido"
2,"apre","apre-ci","ci",3,16,"coin-ci","coin",12,4,0,1,"apreciar","coinciar"
684,"ba","ba-ción","ción",3,7,"ba-mosl","mosl",2,5,0,1,"aprobación","aprobamosl"
533,"first_blank","first_blank-ár","ár",3,11,"first_blank-apes","apes",11,0,2,1,"árbore","apesbore"
216,"ar","ar-ma","ma",2,22,"ar-qui","qui",22,0,1,1,"arma","arqui"
572,"ma","ma-du","du",4,23,"ma-cións","cións",12,11,3,1,"armadura","armaciónsra"
989,"mory","mory-last_blank","last_blank",2,1,"dart-last_blank","dart",1,0,0,1,"armory","ardart"
495,"tec","tec-to","to",4,7,"afron-to","afron",1,6,2,1,"arquitecto","arquiafronto"
254,"re","re-dor","dor",3,7,"re-flic","flic",7,0,1,1,"arredor","arreflic"
236,"res","res-to","to",3,4,"amon-to","amon",5,1,1,1,"arresto","aramonto"
843,"ro","ro-gan","gan",4,9,"ro-berts","berts",2,7,2,1,"arrogancia","arrobertscia"
755,"te","te-ria","ria",3,10,"te-ches","ches",2,8,1,1,"arteria","arteches"
937,"al","al-last_blank","last_blank",5,147,"al-legheny","legheny",1,146,3,3,"artificial","artificiallegheny"
722,"til","til-le","le",4,1,"rakho-le","rakho",1,0,2,1,"artillería","arrakholería"
338,"first_blank","first_blank-asa","asa",4,39,"first_blank-prohi","prohi",36,3,2,1,"asasinato","prohisinato"
950,"first_blank","first_blank-asa","asa",3,39,"first_blank-subs","subs",40,1,1,1,"asasino","subssino"
681,"first_blank","first_blank-asis","asis",3,23,"first_blank-prac","prac",23,0,0,1,"asistencia","practencia"
379,"first_blank","first_blank-asis","asis",3,23,"first_blank-prac","prac",23,0,0,1,"asistente","practente"
61,"first_blank","first_blank-asun","asun",2,3,"first_blank-pain","pain",3,0,0,1,"asunción","painción"
867,"first_blank","first_blank-asus","asus",3,44,"first_blank-elec","elec",45,1,0,1,"asustado","electado"
800,"ata","ata-can","can",3,4,"fres-can","fres",3,1,1,1,"atacante","frescante"
534,"ata","ata-que","que",2,2,"cal-que","cal",2,0,0,1,"ataque","calque"
855,"first_blank","first_blank-atlán","atlán",3,2,"first_blank-achai","achai",2,0,0,1,"atlántico","achaitico"
693,"mos","mos-fe","fe",4,2,"triun-fe","triun",1,1,2,1,"atmosfera","attriunfera"
802,"atra","atra-er","er",2,1,"nhau-er","nhau",1,0,0,2,"atraer","nhauer"
858,"rá","rá-s","s",1,1,"ki-s","ki",1,0,0,1,"atrás","atkis"
866,"en","en-cia","cia",4,24,"en-xeñei","xeñei",5,19,2,1,"audiencia","audienxeñei"
717,"ri","ri-da","da",5,57,"desher-da","desher",3,54,4,1,"autoridade","autodesherdade"
191,"ción","ción-last_blank","last_blank",4,808,"bourg-last_blank","bourg",6,802,1,1,"avaliación","avaliabourg"
423,"oa","oa-last_blank","last_blank",1,13,"at-last_blank","at",13,0,0,1,"avoa","avat"
109,"first_blank","first_blank-axen","axen",2,6,"first_blank-bron","bron",6,0,0,1,"axencia","broncia"
132,"first_blank","first_blank-axu","axu",2,115,"first_blank-ten","ten",115,0,0,1,"axudar","tendar"
33,"first_blank","first_blank-az","az",1,9,"first_blank-dú","dú",9,0,0,1,"azul","dúul"
295,"con","con-last_blank","last_blank",2,6,"mea-last_blank","mea",6,0,0,1,"bacon","bamea"
581,"ba","ba-d","d",1,1,"au-d","au",1,0,0,1,"bad","aud"
395,"ba","ba-g","g",1,1,"ig-g","ig",1,0,0,1,"bag","igg"
557,"it","it-last_blank","last_blank",1,7,"rl-last_blank","rl",7,0,0,1,"bait","barl"
201,"ba","ba-nd","nd",1,1,"ba-tá","tá",1,0,0,1,"band","batá"
602,"ño","ño-last_blank","last_blank",1,18,"st-last_blank","st",18,0,0,1,"baño","bast"
511,"ba","ba-r","r",1,1,"ui-r","ui",1,0,0,1,"bar","uir"
559,"ra","ra-to","to",3,24,"ra-ches","ches",35,11,2,1,"barato","baraches"
544,"first_blank","first_blank-bar","bar",2,103,"first_blank-ali","ali",103,0,0,1,"barba","aliba"
285,"bar","bar-co","co",2,3,"vos-co","vos",3,0,0,1,"barco","vosco"
279,"ball","ball-last_blank","last_blank",3,3,"nets-last_blank","nets",3,0,0,1,"baseball","basenets"
718,"ba","ba-tal","tal",3,7,"ba-ción","ción",7,0,1,1,"batallón","baciónlón"
854,"first_blank","first_blank-bat","bat",2,4,"first_blank-kur","kur",4,0,0,1,"batman","kurman"
369,"first_blank","first_blank-bat","bat",2,4,"first_blank-dun","dun",4,0,0,1,"battle","duntle"
975,"first_blank","first_blank-bat","bat",4,4,"first_blank-desho","desho",4,0,2,1,"battlefield","deshotlefield"
408,"be","be-er","er",2,1,"be-tas","tas",1,0,1,1,"beer","betas"
740,"le","le-za","za",3,11,"avan-za","avan",12,1,2,1,"beleza","beavanza"
173,"bil","bil-li","li",3,1,"acrí-li","acrí",1,0,1,1,"billions","acrílions"
626,"xía","xía-last_blank","last_blank",4,53,"sións-last_blank","sións",64,11,2,1,"bioloxía","biolosións"
627,"bi","bi-o","o",5,28,"holywo-o","holywo",1,27,4,1,"biolóxico","holywoolóxico"
365,"bi","bi-rd","rd",1,1,"he-rd","he",1,0,0,1,"bird","herd"
322,"first_blank","first_blank-bl","bl",1,23,"first_blank-we","we",23,0,0,1,"black","weack"
227,"ni","ni-to","to",3,14,"ni-ción","ción",9,5,2,1,"bonito","bonición"
501,"ok","ok-last_blank","last_blank",2,10,"mín-last_blank","mín",10,0,1,1,"book","bomín"
699,"ra","ra-cho","cho",3,5,"ra-zóns","zóns",4,1,1,1,"borracho","borrazóns"
537,"first_blank","first_blank-bos","bos",2,17,"first_blank-saú","saú",17,0,0,1,"boston","saúton"
467,"ollo","ollo-last_blank","last_blank",7,1,"ferstätt-last_blank","ferstätt",1,0,4,1,"botarlle o ferrollo","botarlle o ferrferstätt"
444,"tel","tel-la","la",3,15,"char-la","char",6,9,1,1,"botella","bocharla"
798,"first_blank","first_blank-bot","bot",2,2,"first_blank-hun","hun",2,0,0,1,"bottom","huntom"
339,"bo","bo-y","y",1,1,"em-y","em",1,0,0,1,"boy","emy"
126,"first_blank","first_blank-bra","bra",2,36,"first_blank-evi","evi",36,0,0,1,"brazo","evizo"
274,"first_blank","first_blank-bre","bre",2,14,"first_blank-sch","sch",14,0,0,1,"break","schak"
261,"first_blank","first_blank-bre","bre",2,14,"first_blank-acá","acá",14,0,0,1,"bretaña","acátaña"
773,"first_blank","first_blank-br","br",1,37,"first_blank-ya","ya",37,0,0,1,"bright","yaight"
899,"first_blank","first_blank-br","br",1,37,"first_blank-je","je",37,0,0,1,"bro","jeo"
335,"first_blank","first_blank-br","br",1,37,"first_blank-wa","wa",37,0,0,1,"brother","waother"
35,"let","let-last_blank","last_blank",2,14,"pre-last_blank","pre",14,0,0,1,"bullet","bulpre"
419,"bu","bu-que","que",2,2,"bu-cou","cou",2,0,0,1,"buque","bucou"
644,"bu","bu-ry","ry",1,1,"bu-ko","ko",1,0,0,1,"bury","buko"
347,"bu","bu-s","s",1,1,"ny-s","ny",1,0,0,1,"bus","nys"
859,"tt","tt-last_blank","last_blank",1,2,"zy-last_blank","zy",2,0,0,1,"butt","buzy"
711,"ba","ba-lo","lo",3,14,"reil-lo","reil",15,1,2,1,"cabalo","careillo"
413,"ca","ca-dei","dei",3,7,"ca-rían","rían",8,1,1,1,"cadeira","caríanra"
476,"ca","ca-fé","fé",2,2,"ca-dia","dia",2,0,1,1,"café","cadia"
570,"ke","ke-last_blank","last_blank",2,59,"xas-last_blank","xas",59,0,1,1,"cake","caxas"
68,"first_blank","first_blank-cal","cal",3,91,"first_blank-agra","agra",92,1,1,1,"calcular","agracular"
936,"ca","ca-li","li",4,60,"ca-bréas","bréas",1,59,3,1,"calidade","cabréasdade"
469,"cal","cal-ma","ma",2,11,"fór-ma","fór",12,1,0,1,"calma","fórma"
536,"ca","ca-ma","ma",2,26,"per-ma","per",27,1,1,1,"cama","perma"
708,"ma","ma-rei","rei",4,24,"ma-cións","cións",12,12,2,1,"camareira","camaciónsra"
692,"ca","ca-miño","miño",2,1,"ca-cíon","cíon",1,0,0,2,"camiño","cacíon"
147,"mión","mión-last_blank","last_blank",2,2,"dern-last_blank","dern",2,0,0,1,"camión","cadern"
215,"ping","ping-last_blank","last_blank",2,9,"máns-last_blank","máns",9,0,0,1,"camping","cammáns"
58,"first_blank","first_blank-cam","cam",5,119,"first_blank-deshon","deshon",10,109,3,1,"campionato","deshonpionato"
660,"can","can-ción","ción",2,1,"pec-ción","pec",1,0,0,1,"canción","pección"
345,"cro","cro-last_blank","last_blank",2,7,"rel-last_blank","rel",7,0,0,1,"cancro","canrel"
432,"dle","dle-last_blank","last_blank",2,1,"muk-last_blank","muk",1,0,0,1,"candle","canmuk"
885,"first_blank","first_blank-can","can",4,165,"first_blank-prohi","prohi",36,129,2,1,"cantidade","prohitidade"
120,"ca","ca-p","p",1,1,"ep-p","ep",1,0,0,1,"cap","epp"
764,"ca","ca-pe","pe",3,6,"ca-riño","riño",5,1,2,1,"capela","cariñola"
992,"mo","mo-last_blank","last_blank",5,594,"mo-nastyrsky","nastyrsky",1,593,1,2,"capitalismo","capitalismonastyrsky"
344,"tán","tán-last_blank","last_blank",3,16,"brar-last_blank","brar",16,0,1,1,"capitán","capibrar"
349,"ca","ca-r","r",1,1,"yo-r","yo",1,0,0,1,"car","yor"
498,"car","car-de","de",3,5,"ofen-de","ofen",4,1,1,1,"cardeal","ofendeal"
869,"car","car-go","go",2,3,"fri-go","fri",3,0,0,1,"cargo","frigo"
846,"car","car-rei","rei",3,6,"trui-rei","trui",6,0,1,1,"carreira","truireira"
457,"car","car-ta","ta",2,8,"pro-ta","pro",8,0,0,1,"carta","prota"
553,"car","car-tei","tei",3,7,"asus-tei","asus",5,2,1,1,"carteira","asusteira"
674,"tel","tel-last_blank","last_blank",2,12,"pio-last_blank","pio",12,0,0,1,"cartel","carpio"
271,"ca","ca-sa","sa",3,54,"ca-ción","ción",62,8,2,1,"casado","cacióndo"
454,"sa","sa-men","men",4,67,"sa-quiño","quiño",1,66,2,1,"casamento","casaquiñoto"
518,"cas","cas-tle","tle",2,1,"cas-moi","moi",1,0,0,1,"castle","casmoi"
329,"ca","ca-t","t",1,1,"il-t","il",1,0,0,1,"cat","ilt"
122,"first_blank","first_blank-cat","cat",2,2,"first_blank-frá","frá",2,0,0,1,"catch","frách"
306,"tro","tro-last_blank","last_blank",2,70,"cen-last_blank","cen",70,0,0,1,"catro","cacen"
240,"first_blank","first_blank-cau","cau",2,50,"first_blank-uti","uti",49,1,0,1,"causa","utisa"
840,"ce","ce-bo","bo",3,4,"ce-rían","rían",4,0,2,1,"cebola","ceríanla"
410,"ce","ce-do","do",2,18,"gán-do","gán",18,0,1,1,"cedo","gándo"
556,"te","te-rio","rio",4,9,"te-poñen","poñen",1,8,2,1,"cemiterio","cemitepoñen"
605,"ce","ce-n","n",1,1,"eí-n","eí",1,0,0,1,"cen","eín"
171,"tro","tro-last_blank","last_blank",4,70,"sións-last_blank","sións",64,6,2,1,"centímetro","centímesións"
763,"bral","bral-last_blank","last_blank",3,4,"puña-last_blank","puña",4,0,0,1,"cerebral","cerepuña"
433,"mo","mo-nia","nia",4,3,"mo-orhen","orhen",1,2,2,1,"cerimonia","cerimoorhen"
685,"cé","cé-s","s",1,1,"he-s","he",1,0,0,1,"cés","hes"
471,"first_blank","first_blank-cham","cham",3,18,"first_blank-rein","rein",18,0,0,1,"champagne","reinpagne"
884,"chan","chan-ta","ta",3,12,"afec-ta","afec",12,0,0,1,"chantaxe","afectaxe"
420,"cha","cha-que","que",3,2,"ines-que","ines",2,0,1,1,"chaqueta","inesqueta"
113,"cha","cha-se","se",2,9,"diu-se","diu",9,0,0,1,"chase","diuse"
443,"first_blank","first_blank-chei","chei",2,25,"first_blank-ofen","ofen",25,0,0,1,"cheirar","ofenrar"
648,"cho","cho-co","co",4,2,"atran-co","atran",1,1,2,1,"chocolate","atrancolate"
38,"ris","ris-ti","ti",4,4,"atlán-ti","atlán",2,2,2,1,"christian","chatlántian"
651,"first_blank","first_blank-ci","ci",3,169,"first_blank-atra","atra",117,52,2,1,"cidade","atradade"
378,"en","en-cia","cia",3,24,"en-fron","fron",35,11,1,1,"ciencia","cienfron"
118,"en","en-tí","tí",5,4,"en-gruñan","gruñan",1,3,4,1,"científica","ciengruñanfica"
275,"ci","ci-gar","gar",3,2,"ci-clón","clón",2,0,1,1,"cigarro","ciclónro"
832,"cí","cí-ni","ni",3,3,"cí-mosl","mosl",3,0,2,1,"cínico","címoslco"
780,"cir","cir-co","co",2,2,"nía-co","nía",2,0,0,1,"circo","níaco"
198,"ci","ci-rur","rur",3,6,"ci-sión","sión",6,0,1,1,"cirurxía","cisiónxía"
402,"ción","ción-last_blank","last_blank",5,808,"trañar-last_blank","trañar",3,805,2,1,"civilización","civilizatrañar"
616,"first_blank","first_blank-clá","clá",3,5,"first_blank-aman","aman",5,0,1,1,"clásico","amansico"
210,"first_blank","first_blank-cli","cli",3,18,"first_blank-atro","atro",18,0,1,1,"clienta","atroenta"
340,"first_blank","first_blank-clí","clí",3,5,"first_blank-unir","unir",5,0,1,1,"clínica","unirnica"
928,"set","set-last_blank","last_blank",2,5,"ché-last_blank","ché",5,0,0,1,"closet","cloché"
257,"nac","nac-last_blank","last_blank",2,1,"jia-last_blank","jia",1,0,0,1,"cognac","cogjia"
360,"coi","coi-te","te",3,11,"plan-te","plan",11,0,1,1,"coitelo","plantelo"
762,"lap","lap-so","so",3,3,"opre-so","opre",2,1,1,1,"colapso","coopreso"
397,"la","la-res","res",3,36,"la-ción","ción",48,12,1,1,"colares","colación"
346,"co","co-ld","ld",1,1,"co-ch","ch",1,0,0,1,"cold","coch"
600,"com","com-bus","bus",4,5,"com-pañei","pañei",5,0,2,1,"combustible","compañeitible"
426,"me","me-dia","dia",3,4,"me-terl","terl",4,0,1,1,"comedia","cometerl"
733,"mer","mer-last_blank","last_blank",2,28,"van-last_blank","van",28,0,0,1,"comer","covan"
57,"co","co-mer","mer",5,17,"alzhei-mer","alzhei",1,16,4,1,"comerciante","alzheimerciante"
797,"mi","mi-da","da",3,44,"agar-da","agar",32,12,2,1,"comida","coagarda"
617,"sa","sa-rio","rio",4,10,"sa-xewar","xewar",1,9,2,1,"comisario","comisaxewar"
384,"té","té-last_blank","last_blank",3,13,"chen-last_blank","chen",13,0,2,1,"comité","comichen"
658,"xón","xón-last_blank","last_blank",3,7,"seis-last_blank","seis",7,0,1,1,"compaixón","compaiseis"
688,"ple","ple-ta","ta",3,11,"adap-ta","adap",11,0,1,1,"completa","comadapta"
640,"ple","ple-ta","ta",5,11,"exhaus-ta","exhaus",1,10,3,1,"completamente","comexhaustamente"
758,"pra","pra-dor","dor",3,1,"théo-dor","théo",1,0,1,1,"comprador","comthéodor"
946,"ción","ción-last_blank","last_blank",5,808,"trañas-last_blank","trañas",3,805,2,1,"comunicación","comunicatrañas"
422,"ni","ni-da","da",5,42,"desher-da","desher",3,39,4,1,"comunidade","comudesherdade"
238,"nis","nis-ta","ta",4,40,"aguan-ta","aguan",9,31,2,1,"comunista","comuaguanta"
516,"cen","cen-tra","tra",4,26,"cen-sións","sións",1,25,2,1,"concentrado","concensiónsdo"
603,"cert","cert-last_blank","last_blank",2,1,"deño-last_blank","deño",1,0,0,1,"concert","condeño"
756,"de","de-sas","sas",3,7,"de-téña","téña",3,4,1,1,"condesas","condetéña"
669,"first_blank","first_blank-con","con",4,1778,"first_blank-amaña","amaña",21,1757,2,1,"condutora","amañadutora"
593,"first_blank","first_blank-coñe","coñe",4,93,"first_blank-trans","trans",123,30,1,1,"coñecemento","transcemento"
510,"ne","ne-xión","xión",3,1,"ne-gués","gués",1,0,0,1,"conexión","conegués"
724,"cia","cia-last_blank","last_blank",4,278,"poñen-last_blank","poñen",8,270,2,1,"conferencia","conferenpoñen"
803,"sar","sar-last_blank","last_blank",3,61,"chos-last_blank","chos",60,1,1,1,"confesar","confechos"
246,"con","con-fi","fi",4,59,"smith-fi","smith",1,58,2,1,"confianza","smithfianza"
386,"fir","fir-mar","mar",3,5,"quei-mar","quei",6,1,1,1,"confirmar","conqueimar"
452,"fu","fu-sión","sión",3,5,"fu-ruya","ruya",1,4,0,1,"confusión","confuruya"
10,"first_blank","first_blank-cons","cons",5,129,"first_blank-amañar","amañar",6,123,2,1,"constantemente","amañartantemente"
543,"tu","tu-ción","ción",4,4,"tu-nheim","nheim",1,3,1,1,"constitución","constitunheim"
527,"first_blank","first_blank-cons","cons",3,129,"first_blank-atra","atra",117,12,0,1,"construción","atratrución"
64,"truír","truír-last_blank","last_blank",2,5,"tróns-last_blank","tróns",5,0,0,1,"construír","constróns"
260,"con","con-tar","tar",2,10,"con-gre","gre",10,0,0,1,"contar","congre"
65,"con","con-ti","ti",3,51,"subs-ti","subs",31,20,1,1,"contido","substido"
775,"ti","ti-núa","núa",3,1,"ti-lity","lity",1,0,1,1,"continúa","contility"
515,"si","si-nal","nal",4,2,"si-señor","señor",1,1,2,1,"contrasinal","contrasiseñor"
976,"ven","ven-to","to",3,4,"amis-to","amis",4,0,1,1,"convento","conamisto"
313,"ol","ol-last_blank","last_blank",2,14,"gón-last_blank","gón",14,0,1,1,"cool","cogón"
203,"pi","pi-ar","ar",3,12,"pi-ches","ches",3,9,2,1,"copiar","copiches"
650,"cor","cor-da","da",2,21,"tra-da","tra",19,2,0,1,"corda","trada"
332,"nel","nel-last_blank","last_blank",3,13,"chou-last_blank","chou",13,0,1,1,"coronel","corochou"
438,"first_blank","first_blank-cor","cor",5,300,"first_blank-prehis","prehis",4,296,3,1,"corporation","prehisporation"
678,"first_blank","first_blank-corp","corp",2,1,"first_blank-cóan","cóan",1,0,0,1,"corpse","cóanse"
585,"rec","rec-to","to",3,9,"amon-to","amon",5,4,1,1,"correcto","coramonto"
290,"cor","cor-te","te",2,13,"sis-te","sis",13,0,0,1,"corte","siste"
805,"cos","cos-ta","ta",2,6,"pan-ta","pan",6,0,0,1,"costa","panta"
849,"first_blank","first_blank-cow","cow",2,1,"first_blank-ans","ans",1,0,0,1,"cowboy","ansboy"
208,"cr","cr-az","az",1,1,"pi-az","pi",1,0,0,1,"crazy","piazy"
971,"first_blank","first_blank-cre","cre",6,161,"first_blank-hollywo","hollywo",4,157,4,1,"creatividade","hollywoatividade"
906,"epy","epy-last_blank","last_blank",2,1,"oud-last_blank","oud",1,0,0,1,"creepy","creoud"
303,"first_blank","first_blank-cr","cr",1,51,"first_blank-ig","ig",51,0,0,1,"crer","iger"
447,"first_blank","first_blank-cri","cri",4,89,"first_blank-amaña","amaña",21,68,2,1,"criatura","amañaatura"
270,"cri","cri-me","me",2,2,"pan-me","pan",2,0,0,1,"crime","panme"
292,"mi","mi-nal","nal",3,6,"mi-cros","cros",4,2,1,1,"criminal","crimicros"
462,"cri","cri-se","se",2,1,"buí-se","buí",1,0,0,1,"crise","buíse"
668,"first_blank","first_blank-cru","cru",2,72,"first_blank-adi","adi",72,0,0,1,"cruel","adiel"
99,"elty","elty-last_blank","last_blank",2,1,"froy-last_blank","froy",1,0,0,1,"cruelty","crufroy"
336,"pa","pa-ble","ble",3,2,"pa-peis","peis",2,0,1,1,"culpable","culpapeis"
819,"cu","cu-ra","ra",2,34,"tei-ra","tei",31,3,1,1,"cura","teira"
591,"cu","cu-te","te",2,4,"bac-te","bac",4,0,1,1,"cute","bacte"
342,"first_blank","first_blank-dan","dan",2,20,"first_blank-esa","esa",20,0,0,1,"danger","esager"
383,"first_blank","first_blank-dan","dan",2,20,"first_blank-glo","glo",20,0,0,1,"danza","gloza"
192,"da","da-r","r",1,1,"yo-r","yo",1,0,0,1,"dar","yor"
267,"da","da-rk","rk",1,1,"da-nu","nu",1,0,0,1,"dark","danu"
834,"da","da-wn","wn",1,1,"da-co","co",1,0,0,1,"dawn","daco"
589,"de","de-ad","ad",2,1,"de-síg","síg",1,0,1,1,"dead","desíg"
247,"de","de-ber","ber",2,2,"de-tri","tri",2,0,0,1,"deber","detri"
331,"bil","bil-last_blank","last_blank",2,8,"rov-last_blank","rov",8,0,0,1,"débil","dérov"
453,"ca","ca-da","da",3,106,"ca-ción","ción",62,44,2,1,"decada","decación"
189,"de","de-cem","cem",3,1,"de-bros","bros",1,0,1,1,"decembro","debrosbro"
596,"ción","ción-last_blank","last_blank",3,808,"rías-last_blank","rías",143,665,0,1,"decepción","deceprías"
34,"de","de-ck","ck",1,1,"de-es","es",1,0,0,1,"deck","dees"
822,"ra","ra-ción","ción",4,68,"ra-buñar","buñar",1,67,1,1,"declaración","declarabuñar"
440,"fen","fen-der","der",3,6,"fen-glin","glin",1,5,1,1,"defender","defenglin"
911,"ción","ción-last_blank","last_blank",4,808,"rough-last_blank","rough",6,802,1,1,"definición","definirough"
785,"so","so-last_blank","last_blank",5,389,"so-briñiña","briñiña",1,388,3,4,"delicioso","deliciosobriñiña"
513,"cra","cra-cia","cia",4,9,"cra-wleys","wleys",1,8,2,1,"democracia","democrawleys"
829,"ción","ción-last_blank","last_blank",4,808,"bourg-last_blank","bourg",6,802,1,1,"demostración","demostrabourg"
656,"first_blank","first_blank-den","den",2,26,"first_blank-var","var",26,0,0,1,"dente","varte"
205,"tro","tro-last_blank","last_blank",2,70,"gan-last_blank","gan",70,0,0,1,"dentro","dengan"
887,"de","de-por","por",3,19,"de-seña","seña",14,5,1,1,"deporte","deseñate"
228,"pre","pre-da","da",4,4,"inqué-da","inqué",3,1,2,1,"depredador","deinquédador"
283,"pre","pre-sión","sión",3,11,"pre-gunt","gunt",1,10,0,1,"depresión","depregunt"
400,"first_blank","first_blank-der","der",3,132,"first_blank-cons","cons",129,3,1,1,"derrota","consrota"
851,"fío","fío-last_blank","last_blank",3,5,"ness-last_blank","ness",5,0,1,1,"desafío","desaness"
309,"da","da-ble","ble",5,9,"da-rezhan","rezhan",1,8,3,1,"desagradable","desagradarezhan"
79,"ri","ri-ción","ción",5,3,"ri-queños","queños",1,2,2,1,"desaparición","desapariqueños"
14,"des","des-coñe","coñe",4,14,"des-truír","truír",4,10,1,1,"descoñecido","destruírcido"
529,"cri","cri-ción","ción",3,8,"cri-bles","bles",2,6,0,1,"descrición","describles"
114,"cul","cul-pe","pe",3,3,"exas-pe","exas",2,1,1,1,"desculpe","desexaspe"
230,"to","to-last_blank","last_blank",6,1038,"bayashi-last_blank","bayashi",2,1036,5,1,"desenvolvemento","desenvolvemenbayashi"
954,"gra","gra-za","za",3,7,"ameá-za","ameá",2,5,1,1,"desgraza","desameáza"
960,"ca","ca-ble","ble",4,12,"ca-miñan","miñan",5,7,2,1,"destacable","destacamiñan"
904,"des","des-ti","ti",3,23,"prac-ti","prac",24,1,1,1,"destino","practino"
73,"ción","ción-last_blank","last_blank",3,808,"rías-last_blank","rías",143,665,0,1,"destrución","destrurías"
3,"tec","tec-ti","ti",4,3,"raquí-ti","raquí",3,0,2,1,"detective","deraquítive"
808,"ción","ción-last_blank","last_blank",5,808,"trañas-last_blank","trañas",3,805,2,1,"determinación","determinatrañas"
13,"vil","vil-last_blank","last_blank",2,4,"tri-last_blank","tri",4,0,0,1,"devil","detri"
107,"vo","vo-ción","ción",3,1,"vo-nets","nets",1,0,0,1,"devoción","devonets"
269,"ren","ren-te","te",4,28,"gañar-te","gañar",1,27,2,1,"diferente","difegañarte"
862,"first_blank","first_blank-dig","dig",2,15,"first_blank-ran","ran",15,0,0,1,"digna","ranna"
558,"first_blank","first_blank-dig","dig",4,15,"first_blank-prohí","prohí",15,0,2,1,"dignidade","prohínidade"
958,"mi","mi-sión","sión",3,12,"mi-cros","cros",4,8,0,1,"dimisión","dimicros"
894,"di","di-ng","ng",1,2,"di-pu","pu",2,0,0,1,"ding","dipu"
485,"rec","rec-ta","ta",5,9,"exhaus-ta","exhaus",1,8,3,1,"directamente","diexhaustamente"
363,"tor","tor-last_blank","last_blank",3,92,"bles-last_blank","bles",94,2,1,1,"director","direcbles"
512,"cu","cu-sión","sión",3,2,"cu-bríu","bríu",2,0,0,1,"discusión","discubríu"
45,"first_blank","first_blank-dis","dis",5,372,"first_blank-amañar","amañar",6,366,3,1,"dispositivo","amañarpositivo"
778,"first_blank","first_blank-dis","dis",3,372,"first_blank-atra","atra",117,255,1,1,"disputa","atraputa"
777,"tri","tri-to","to",3,2,"apos-to","apos",2,0,1,1,"distrito","disaposto"
121,"vi","vi-no","no",3,4,"téña-no","téña",3,1,2,1,"divino","ditéñano"
646,"vi","vi-sión","sión",3,9,"vi-ches","ches",10,1,0,1,"división","diviches"
163,"first_blank","first_blank-do","do",1,258,"first_blank-pi","pi",246,12,0,1,"do","pi"
334,"first_blank","first_blank-doc","doc",2,4,"first_blank-pat","pat",4,0,0,1,"doctor","pattor"
474,"cu","cu-men","men",4,14,"cu-brías","brías",1,13,2,1,"documento","docubríasto"
429,"dó","dó-lar","lar",2,1,"dó-men","men",1,0,0,1,"dólar","dómen"
259,"min","min-go","go",3,3,"abri-go","abri",2,1,1,1,"domingo","doabrigo"
654,"na","na-ción","ción",3,47,"na-reil","reil",4,43,0,1,"donación","donareil"
286,"do","do-r","r",1,1,"br-r","br",1,0,0,1,"dor","brr"
584,"first_blank","first_blank-dor","dor",4,23,"first_blank-amaña","amaña",21,2,2,1,"dormitorio","amañamitorio"
206,"aw","aw-last_blank","last_blank",1,3,"fu-last_blank","fu",3,0,0,1,"draw","drfu"
486,"first_blank","first_blank-dre","dre",2,10,"first_blank-pur","pur",10,0,0,1,"dream","puram"
6,"first_blank","first_blank-dro","dro",2,22,"first_blank-ave","ave",22,0,0,1,"droga","avega"
890,"ck","ck-last_blank","last_blank",1,21,"fe-last_blank","fe",21,0,0,1,"duck","dufe"
500,"du","du-st","st",1,1,"ur-st","ur",1,0,0,1,"dust","urst"
791,"du","du-st","st",1,1,"na-st","na",1,0,0,1,"dusty","nasty"
944,"dy","dy-na","na",4,1,"mclen-na","mclen",1,0,3,1,"dynamite","mclennamite"
488,"first_blank","first_blank-é i","é i",4,1,"first_blank-rañan","rañan",1,0,2,1,"é importante","rañanmportante"
546,"first_blank","first_blank-ea","ea",1,12,"first_blank-án","án",12,0,0,1,"ear","ánr"
321,"st","st-last_blank","last_blank",1,18,"ji-last_blank","ji",18,0,0,1,"east","eaji"
212,"first_blank","first_blank-ecep","ecep",2,1,"first_blank-sáel","sáel",1,0,0,1,"ecepto","sáelto"
128,"ca","ca-ción","ción",3,62,"ca-bles","bles",6,56,0,1,"educación","educables"
484,"efec","efec-to","to",2,1,"guen-to","guen",1,0,0,1,"efecto","guento"
310,"caz","caz-last_blank","last_blank",2,2,"vet-last_blank","vet",2,0,0,1,"eficaz","efivet"
182,"first_blank","first_blank-eg","eg",1,8,"first_blank-óu","óu",8,0,0,1,"egg","óug"
284,"first_blank","first_blank-egoís","egoís",2,3,"first_blank-trots","trots",3,0,0,1,"egoísta","trotsta"
870,"elec","elec-ción","ción",2,1,"soña-ción","soña",1,0,0,2,"elección","soñación"
76,"first_blank","first_blank-elec","elec",5,45,"first_blank-amañar","amañar",6,39,2,1,"electricidade","amañartricidade"
161,"first_blank","first_blank-eléc","eléc",3,4,"first_blank-vail","vail",4,0,0,1,"eléctrico","vailtrico"
986,"first_blank","first_blank-ele","ele",3,44,"first_blank-asus","asus",44,0,1,1,"elegante","asusgante"
670,"first_blank","first_blank-ele","ele",3,44,"first_blank-asus","asus",44,0,1,1,"elemento","asusmento"
29,"ra","ra-zo","zo",4,18,"ra-cións","cións",22,4,3,1,"embarazo","embaracións"
661,"first_blank","first_blank-emer","emer",3,13,"first_blank-asig","asig",13,0,0,1,"emerxencia","asigxencia"
233,"first_blank","first_blank-emo","emo",5,30,"first_blank-sandwi","sandwi",3,27,3,1,"emocionado","sandwicionado"
434,"first_blank","first_blank-emo","emo",4,30,"first_blank-triun","triun",21,9,2,1,"emocional","triuncional"
759,"dor","dor-last_blank","last_blank",4,318,"cións-last_blank","cións",313,5,2,1,"emperador","emperacións"
977,"sa","sa-rio","rio",4,10,"sa-xewar","xewar",1,9,2,1,"empresario","empresaxewar"
294,"lugar","lugar-last_blank","last_blank",6,1,"chersky-last_blank","chersky",1,0,2,1,"en cuarto lugar","en cuarto chersky"
19,"can","can-to","to",3,9,"elec-to","elec",5,4,1,1,"encanto","enelecto"
974,"to","to-last_blank","last_blank",6,1038,"bayashi-last_blank","bayashi",2,1036,5,1,"encarceramento","encarceramenbayashi"
409,"re","re-zo","zo",4,10,"re-trans","trans",2,8,3,1,"enderezo","enderetrans"
541,"first_blank","first_blank-ener","ener",2,11,"first_blank-apor","apor",11,0,0,1,"enerxía","aporxía"
112,"en","en-fer","fer",5,31,"en-trañas","trañas",1,30,3,1,"enfermidade","entrañasmidade"
810,"fer","fer-mo","mo",3,7,"truí-mo","truí",5,2,1,1,"enfermo","entruímo"
554,"first_blank","first_blank-eno","eno",3,1,"first_blank-fler","fler",1,0,1,1,"enojado","flerjado"
277,"en","en-sa","sa",4,3,"en-troul","troul",2,1,3,1,"ensalada","entroullada"
411,"si","si-no","no",3,6,"si-gual","gual",4,2,2,1,"ensino","ensigual"
631,"ten","ten-der","der",3,10,"ten-ción","ción",7,3,1,1,"entender","entención"
525,"tra","tra-da","da",3,19,"guin-da","guin",14,5,1,1,"entrada","enguinda"
665,"de","de-mia","mia",3,2,"de-seño","seño",2,0,1,1,"epidemia","epideseño"
606,"first_blank","first_blank-epi","epi",3,17,"first_blank-acou","acou",17,0,1,1,"episodio","acousodio"
812,"equi","equi-par","par",2,1,"equi-noc","noc",1,0,0,1,"equipar","equinoc"
782,"first_blank","first_blank-equi","equi",4,75,"first_blank-apren","apren",73,2,1,1,"equivocado","aprenvocado"
852,"first_blank","first_blank-erec","erec",2,1,"first_blank-step","step",1,0,0,1,"erección","stepción"
929,"xe","xe-rar","rar",3,2,"xe-ción","ción",2,0,1,1,"esaxerar","esaxeción"
704,"es","es-cán","cán",4,2,"es-trañe","trañe",2,0,2,1,"escándalo","estrañedalo"
746,"pe","pe-last_blank","last_blank",3,63,"pe-rohollywo","rohollywo",1,62,1,6,"escape","escaperohollywo"
367,"coi","coi-tar","tar",3,6,"quen-tar","quen",6,0,1,1,"escoitar","esquentar"
439,"co","co-la","la",3,36,"tras-la","tras",25,11,2,1,"escola","estrasla"
532,"cri","cri-tor","tor",3,1,"elec-tor","elec",1,0,1,1,"escritor","eselector"
492,"ta","ta-last_blank","last_blank",6,1019,"ta-tuíñas","tuíñas",1,1018,4,2,"especialista","especialistatuíñas"
984,"es","es-pec","pec",5,13,"es-trañar","trañar",2,11,3,1,"espectacular","estrañartacular"
576,"es","es-pel","pel",3,4,"es-tric","tric",4,0,1,1,"espello","estriclo"
312,"pe","pe-rar","rar",3,17,"pe-chou","chou",4,13,1,1,"esperar","espechou"
293,"pe","pe-so","so",3,3,"pe-ters","ters",3,0,2,1,"espeso","espeters"
437,"es","es-po","po",3,7,"es-quer","quer",6,1,2,1,"esposa","esquersa"
251,"quer","quer-da","da",3,1,"foun-da","foun",1,0,0,1,"esquerda","esfounda"
744,"ta","ta-ción","ción",3,74,"ta-reil","reil",13,61,0,1,"estación","estareil"
106,"es","es-ta","ta",3,185,"fron-ta","fron",22,163,2,1,"estado","frontado"
580,"tua","tua-last_blank","last_blank",3,4,"gard-last_blank","gard",4,0,1,1,"estatua","estagard"
250,"ti","ti-lo","lo",3,14,"ti-ches","ches",11,3,2,1,"estilo","estiches"
826,"tou","tou-par","par",3,1,"tou-ciño","ciño",1,0,1,1,"estoupar","estouciño"
403,"traño","traño-last_blank","last_blank",2,2,"tañas-last_blank","tañas",2,0,0,1,"estraño","estañas"
505,"te","te-xia","xia",4,1,"te-muñou","muñou",1,0,2,1,"estratexia","estratemuñou"
842,"es","es-tru","tru",4,15,"es-piñas","piñas",1,14,2,1,"estrutura","espiñastura"
599,"tu","tu-do","do",3,3,"miña-do","miña",3,0,2,1,"estudo","esmiñado"
743,"pi","pi-dez","dez",4,2,"pi-langs","langs",1,1,2,1,"estupidez","estupilangs"
177,"tú","tú-pi","pi",4,4,"inhós-pi","inhós",2,2,3,1,"estúpido","esinhóspido"
127,"cu","cu-ción","ción",3,3,"cu-bras","bras",2,1,0,1,"execución","execubras"
598,"first_blank","first_blank-exer","exer",3,26,"first_blank-anun","anun",26,0,0,1,"exercicio","anuncicio"
760,"first_blank","first_blank-exér","exér",3,2,"first_blank-trum","trum",2,0,0,1,"exército","trumcito"
91,"plo","plo-sión","sión",3,2,"plo-rarl","rarl",1,1,0,1,"explosión","explorarl"
359,"plo","plo-si","si",4,5,"north-si","north",1,4,2,1,"explosivo","exnorthsivo"
496,"si","si-ción","ción",4,21,"si-señor","señor",1,20,1,1,"exposición","exposiseñor"
81,"press","press-last_blank","last_blank",2,1,"fröst-last_blank","fröst",1,0,0,1,"express","exfröst"
671,"ex","ex-ter","ter",3,10,"ex-cluí","cluí",7,3,1,1,"externo","excluíno"
550,"cil","cil-last_blank","last_blank",2,11,"fos-last_blank","fos",11,0,0,1,"fácil","fáfos"
104,"fal","fal-so","so",2,1,"ono-so","ono",1,0,0,1,"falso","onoso"
463,"fa","fa-me","me",2,8,"zou-me","zou",8,0,1,1,"fame","zoume"
706,"mi","mi-lia","lia",3,1,"mi-doun","doun",1,0,1,1,"familia","famidoun"
483,"fa","fa-mo","mo",3,4,"quis-mo","quis",4,0,2,1,"famoso","quismoso"
479,"sía","sía-last_blank","last_blank",3,14,"mont-last_blank","mont",14,0,1,1,"fantasía","fantamont"
415,"tás","tás-ti","ti",4,3,"raquí-ti","raquí",3,0,2,1,"fantástico","fanraquítico"
180,"fa","fa-r","r",1,1,"pr-r","pr",1,0,0,1,"far","prr"
923,"fa","fa-riña","riña",2,1,"fa-ríal","ríal",1,0,0,1,"fariña","faríal"
446,"fa","fa-st","st",1,1,"fa-nc","nc",1,0,0,1,"fast","fanc"
876,"fa","fa-tal","tal",2,2,"fa-qui","qui",2,0,0,1,"fatal","faqui"
162,"fa","fa-x","x",1,1,"ro-x","ro",1,0,0,1,"fax","rox"
139,"fe","fe-last_blank","last_blank",1,21,"ck-last_blank","ck",21,0,0,1,"fe","ck"
838,"bre","bre-last_blank","last_blank",2,37,"deu-last_blank","deu",37,0,0,1,"febre","fedeu"
624,"ra","ra-ción","ción",4,68,"ra-tocys","tocys",1,67,1,1,"federación","federatocys"
786,"ek","ek-last_blank","last_blank",2,3,"cis-last_blank","cis",3,0,1,1,"feek","fecis"
526,"liz","liz-last_blank","last_blank",2,5,"col-last_blank","col",5,0,0,1,"feliz","fecol"
348,"mia","mia-last_blank","last_blank",2,23,"reo-last_blank","reo",23,0,0,1,"femia","fereo"
468,"first_blank","first_blank-fen","fen",2,11,"first_blank-tér","tér",11,0,0,1,"fence","térce"
37,"ti","ti-val","val",3,2,"ti-ques","ques",2,0,1,1,"festival","festiques"
915,"st","st-y","y",1,2,"rk-y","rk",2,0,0,1,"festy","ferky"
613,"fi","fi-el","el",2,4,"fi-xés","xés",4,0,1,1,"fiel","fixés"
712,"first_blank","first_blank-fí","fí",3,53,"first_blank-pren","pren",53,0,2,1,"fígado","prengado"
54,"gh","gh-t","t",1,2,"un-t","un",2,0,0,1,"fight","fiunt"
390,"fil","fil-lo","lo",2,4,"gue-lo","gue",4,0,0,1,"fillo","guelo"
860,"fi","fi-nal","nal",4,2,"fi-trión","trión",1,1,2,1,"finalmente","fitriónmente"
25,"fi","fi-nan","nan",4,25,"fi-rewall","rewall",1,24,3,1,"financial","firewallcial"
913,"first_blank","first_blank-fi","fi",6,353,"first_blank-hollywo","hollywo",4,349,5,1,"financiamento","hollywonanciamento"
442,"nd","nd-last_blank","last_blank",1,14,"dy-last_blank","dy",14,0,0,1,"find","fidy"
441,"first_blank","first_blank-fis","fis",2,6,"first_blank-cel","cel",6,0,0,1,"fiscal","celcal"
266,"first_blank","first_blank-fí","fí",3,53,"first_blank-pren","pren",53,0,2,1,"física","prensica"
393,"fla","fla-me","me",2,1,"reu-me","reu",1,0,0,1,"flame","reume"
990,"fle","fle-ta","ta",2,1,"tás-ta","tás",1,0,0,1,"fleta","tásta"
568,"ht","ht-last_blank","last_blank",1,6,"ón-last_blank","ón",6,0,0,1,"flight","fligón"
645,"fl","fl-ow","ow",1,1,"fl-ac","ac",1,0,0,1,"flower","flacer"
152,"first_blank","first_blank-fluí","fluí",2,4,"first_blank-gaul","gaul",4,0,0,1,"fluída","gaulda"
149,"first_blank","first_blank-fl","fl",1,25,"first_blank-wo","wo",25,0,0,1,"fly","woy"
50,"fo","fo-g","g",1,1,"we-g","we",1,0,0,1,"fog","weg"
694,"rest","rest-last_blank","last_blank",2,4,"rand-last_blank","rand",4,0,0,1,"forest","forand"
747,"fo","fo-rk","rk",1,1,"fo-cá","cá",1,0,0,1,"fork","focá"
792,"for","for-te","te",4,3,"téñen-te","téñen",2,1,2,1,"fortemente","téñentemente"
282,"first_blank","first_blank-for","for",2,178,"first_blank-sen","sen",182,4,0,1,"forza","senza"
590,"first_blank","first_blank-fo","fo",2,213,"first_blank-mar","mar",206,7,1,1,"foto","marto"
21,"fo","fo-tó","tó",4,3,"fo-ciños","ciños",1,2,3,1,"fotógrafo","fociñosgrafo"
374,"first_blank","first_blank-fra","fra",3,54,"first_blank-acon","acon",56,2,1,1,"fracaso","aconcaso"
325,"cés","cés-last_blank","last_blank",2,3,"moo-last_blank","moo",3,0,0,1,"francés","franmoo"
981,"fra","fra-se","se",2,3,"len-se","len",3,0,0,1,"frase","lense"
703,"frau","frau-de","de",2,2,"atar-de","atar",2,0,0,1,"fraude","atarde"
716,"ee","ee-last_blank","last_blank",1,13,"ii-last_blank","ii",13,0,0,1,"free","frii"
362,"end","end-last_blank","last_blank",2,1,"mún-last_blank","mún",1,0,0,1,"friend","frimún"
662,"en","en-dly","dly",3,1,"en-chín","chín",1,0,1,1,"friendly","frienchín"
745,"first_blank","first_blank-froi","froi",2,9,"first_blank-prén","prén",9,0,0,1,"froito","prénto"
242,"gi","gi-ti","ti",4,1,"mááán-ti","mááán",1,0,3,1,"fugitive","fumááántive"
732,"fu","fu-ll","ll",1,1,"ui-ll","ui",1,0,0,1,"full","uill"
980,"nal","nal-last_blank","last_blank",4,89,"sións-last_blank","sións",64,25,2,1,"funcional","funciosións"
53,"ne","ne-ral","ral",3,5,"ne-niño","niño",1,4,1,1,"funeral","funeniño"
318,"fu","fu-nn","nn",1,1,"co-nn","co",1,0,0,1,"funny","conny"
497,"first_blank","first_blank-fút","fút",2,1,"first_blank-pja","pja",1,0,0,1,"fútbol","pjabol"
399,"laxy","laxy-last_blank","last_blank",2,1,"bray-last_blank","bray",1,0,0,1,"galaxy","gabray"
157,"na","na-dor","dor",3,16,"na-ches","ches",16,0,1,1,"ganador","ganaches"
117,"ga","ga-ña","ña",1,4,"ga-ló","ló",4,0,0,1,"gañar","galór"
748,"ra","ra-xe","xe",3,9,"ra-rían","rían",8,1,2,1,"garaxe","gararían"
908,"gar","gar-ba","ba",3,1,"plum-ba","plum",1,0,1,1,"garbage","plumbage"
548,"gas","gas-to","to",2,2,"vér-to","vér",2,0,0,1,"gasto","vérto"
225,"ga","ga-te","te",2,19,"ron-te","ron",21,2,1,1,"gate","ronte"
494,"ga","ga-y","y",1,1,"nl-y","nl",1,0,0,1,"gay","nly"
667,"ft","ft-last_blank","last_blank",1,3,"ek-last_blank","ek",3,0,0,1,"gift","giek"
179,"first_blank","first_blank-glo","glo",2,20,"first_blank-sil","sil",20,0,0,1,"global","silbal"
831,"first_blank","first_blank-glo","glo",2,20,"first_blank-cei","cei",20,0,0,1,"gloria","ceiria"
623,"ber","ber-no","no",3,1,"usou-no","usou",1,0,1,1,"goberno","gousouno"
813,"ri","ri-la","la",3,2,"aque-la","aque",2,0,2,1,"gorila","goaquela"
850,"first_blank","first_blank-gra","gra",4,142,"first_blank-esqué","esqué",17,125,2,1,"graduado","esquéduado"
757,"gr","gr-am","am",1,1,"gr-ot","ot",1,0,0,1,"gram","grot"
583,"first_blank","first_blank-gr","gr",1,31,"first_blank-oi","oi",31,0,0,1,"grand","oiand"
749,"gra","gra-ti","ti",4,7,"atlán-ti","atlán",2,5,2,1,"gratitude","atlántitude"
632,"va","va-ción","ción",3,18,"va-reil","reil",4,14,0,1,"gravación","gravareil"
124,"gra","gra-zas","zas",2,3,"gra-xen","xen",3,0,0,1,"grazas","graxen"
101,"first_blank","first_blank-gre","gre",2,20,"first_blank-cai","cai",20,0,0,1,"great","caiat"
538,"first_blank","first_blank-gre","gre",2,20,"first_blank-pai","pai",20,0,0,1,"grego","paigo"
601,"first_blank","first_blank-gru","gru",2,6,"first_blank-roc","roc",6,0,0,1,"grupo","rocpo"
451,"first_blank","first_blank-gui","gui",3,47,"first_blank-abor","abor",47,0,1,1,"guitarra","abortarra"
571,"first_blank","first_blank-gu","gu",1,38,"first_blank-il","il",38,0,0,1,"gun","iln"
882,"bi","bi-li","li",5,108,"sukhom-li","sukhom",1,107,4,1,"habilidade","hasukhomlidade"
202,"bi","bi-tu","tu",4,9,"bi-cións","cións",4,5,3,1,"habitual","habiciónsal"
614,"first_blank","first_blank-ham","ham",4,21,"first_blank-triun","triun",21,0,2,1,"hamburguesa","triunburguesa"
281,"ham","ham-mer","mer",2,1,"sub-mer","sub",1,0,0,1,"hammer","submer"
634,"rd","rd-last_blank","last_blank",1,18,"ea-last_blank","ea",18,0,0,1,"hard","haea"
817,"har","har-mo","mo",3,3,"clis-mo","clis",3,0,1,1,"harmonía","clismonía"
573,"ha","ha-t","t",1,1,"ui-t","ui",1,0,0,1,"hat","uit"
273,"venly","venly-last_blank","last_blank",3,1,"tewan-last_blank","tewan",1,0,0,1,"heavenly","heatewan"
12,"cóp","cóp-te","te",5,2,"trañei-te","trañei",1,1,3,1,"helicóptero","helitrañeitero"
134,"her","her-dar","dar",2,1,"gou-dar","gou",1,0,0,1,"herdar","goudar"
351,"roí","roí-na","na",3,1,"tchu-na","tchu",1,0,1,1,"heroína","hetchuna"
69,"hi","hi-de","de",2,1,"ber-de","ber",1,0,1,1,"hide","berde"
891,"hi","hi-dró","dró",4,3,"hi-roshi","roshi",2,1,2,1,"hidróxeno","hiroshixeno"
158,"hi","hi-gh","gh",1,1,"hi-so","so",1,0,0,1,"high","hiso"
253,"gh","gh-wa","wa",1,1,"to-wa","to",1,0,0,1,"highway","hitoway"
70,"ho","ho-le","le",2,1,"azu-le","azu",1,0,1,1,"hole","azule"
46,"day","day-last_blank","last_blank",3,7,"chón-last_blank","chón",7,0,1,1,"holiday","holichón"
159,"nes","nes-ti","ti",5,1,"spaghet-ti","spaghet",1,0,4,1,"honestidade","hospaghettidade"
80,"nes","nes-to","to",3,5,"amon-to","amon",5,0,1,1,"honesto","hoamonto"
705,"nor","nor-last_blank","last_blank",2,7,"pra-last_blank","pra",7,0,0,1,"honor","hopra"
370,"first_blank","first_blank-hor","hor",3,37,"first_blank-plan","plan",37,0,1,1,"horrible","planrible"
465,"hu","hu-g","g",1,1,"ur-g","ur",1,0,0,1,"hug","urg"
165,"ma","ma-no","no",3,25,"ma-ción","ción",27,2,2,1,"humano","humación"
416,"first_blank","first_blank-idi","idi",3,8,"first_blank-clau","clau",8,0,1,1,"idiota","clauota"
945,"pe","pe-rio","rio",3,1,"pe-chen","chen",1,0,1,1,"imperio","impechen"
169,"por","por-tan","tan",4,15,"aguan-tan","aguan",2,13,2,1,"importancia","imaguantancia"
922,"po","po-ten","ten",4,18,"po-briño","briño",1,17,2,1,"impotente","impobriñote"
893,"press","press-last_blank","last_blank",2,1,"groms-last_blank","groms",1,0,0,1,"impress","imgroms"
221,"di","di-car","car",3,14,"di-reil","reil",7,7,1,1,"indicar","indireil"
211,"al","al-last_blank","last_blank",5,147,"al-legheny","legheny",1,146,3,3,"individual","individuallegheny"
765,"first_blank","first_blank-ines","ines",6,14,"first_blank-hollywo","hollywo",4,10,3,1,"inesperadamente","hollywoperadamente"
562,"fan","fan-cia","cia",3,1,"exip-cia","exip",1,0,1,1,"infancia","inexipcia"
450,"ción","ción-last_blank","last_blank",3,808,"rías-last_blank","rías",143,665,0,1,"infección","infecrías"
207,"fer","fer-no","no",3,1,"alum-no","alum",1,0,1,1,"inferno","inalumno"
687,"ma","ma-ción","ción",4,27,"ma-dahas","dahas",1,26,1,1,"información","informadahas"
278,"for","for-man","man",4,9,"snell-man","snell",1,8,2,1,"informante","insnellmante"
245,"for","for-mar","mar",3,18,"quei-mar","quei",6,12,1,1,"informar","inqueimar"
566,"gre","gre-sos","sos",3,3,"doño-sos","doño",1,2,1,1,"ingresos","indoñosos"
710,"sec","sec-to","to",3,2,"prés-to","prés",2,0,1,1,"insecto","inprésto"
957,"pec","pec-ción","ción",3,1,"pec-tral","tral",1,0,0,1,"inspección","inspectral"
719,"ra","ra-ción","ción",4,68,"ra-flops","flops",1,67,1,1,"inspiración","inspiraflops"
781,"tru","tru-men","men",4,4,"tru-quiño","quiño",1,3,2,1,"instrumento","instruquiñoto"
594,"xen","xen-te","te",5,20,"amañar-te","amañar",1,19,3,1,"intelixente","inteliamañarte"
770,"ten","ten-ción","ción",3,7,"ten-dría","dría",1,6,0,1,"intención","intendría"
938,"te","te-last_blank","last_blank",7,2927,"te-muñas","muñas",1,2926,5,2,"intencionalmente","intencionalmentemuñas"
304,"ten","ten-to","to",3,9,"cris-to","cris",5,4,1,1,"intento","incristo"
520,"re","re-san","san",5,4,"re-muíños","muíños",1,3,3,1,"interesante","interemuíñoste"
995,"mo","mo-last_blank","last_blank",3,594,"mo-nastyrsky","nastyrsky",1,593,1,4,"íntimo","íntimonastyrsky"
925,"ción","ción-last_blank","last_blank",3,808,"rías-last_blank","rías",143,665,0,1,"intuición","intuirías"
358,"ver","ver-no","no",3,1,"rían-no","rían",1,0,1,1,"inverno","inríanno"
24,"ti","ti-dor","dor",4,4,"ti-cións","cións",3,1,2,1,"investidor","investicións"
951,"ga","ga-dor","dor",5,13,"ga-linsky","linsky",1,12,3,1,"investigador","investigalinsky"
100,"ti","ti-gar","gar",4,8,"ti-cións","cións",3,5,2,1,"investigar","investicións"
108,"tir","tir-last_blank","last_blank",3,48,"ríao-last_blank","ríao",50,2,1,1,"investir","invesríao"
145,"xus","xus-to","to",3,2,"tren-to","tren",2,0,1,1,"inxusto","intrento"
579,"first_blank","first_blank-inyec","inyec",2,1,"first_blank-eclec","eclec",1,0,0,1,"inyección","eclección"
672,"first_blank","first_blank-iró","iró",3,3,"first_blank-usar","usar",3,0,1,1,"irónico","usarnico"
983,"sa","sa-ble","ble",5,10,"sa-gorsky","gorsky",1,9,3,1,"irresponsable","irresponsagorsky"
301,"ke","ke-last_blank","last_blank",2,59,"xas-last_blank","xas",59,0,1,1,"joke","joxas"
794,"et","et-last_blank","last_blank",3,14,"cías-last_blank","cías",14,0,2,1,"juliet","julicías"
823,"ni","ni-or","or",3,1,"ni-guén","guén",1,0,2,1,"junior","juniguén"
222,"ki","ki-ll","ll",1,1,"tu-ll","tu",1,0,0,1,"kill","tull"
330,"ki","ki-ng","ng",1,1,"ki-ko","ko",1,0,0,1,"king","kiko"
190,"first_blank","first_blank-kn","kn",1,9,"first_blank-zh","zh",9,0,0,1,"know","zhow"
156,"la","la-dy","dy",1,1,"se-dy","se",1,0,0,1,"lady","sedy"
833,"gar","gar-to","to",3,1,"pres-to","pres",1,0,1,1,"lagarto","lapresto"
472,"la","la-go","go",2,4,"la-ras","ras",4,0,1,1,"lago","laras"
949,"la","la-gos","gos",3,3,"la-reil","reil",3,0,1,1,"lagosta","lareilta"
907,"first_blank","first_blank-lam","lam",2,28,"first_blank-fol","fol",28,0,0,1,"lamber","folber"
47,"la","la-var","var",2,7,"la-sen","sen",7,0,0,1,"lavar","lasen"
380,"gal","gal-last_blank","last_blank",2,11,"teu-last_blank","teu",11,0,0,1,"legal","leteu"
352,"gend","gend-last_blank","last_blank",2,1,"kets-last_blank","kets",1,0,0,1,"legend","lekets"
392,"bre","bre-last_blank","last_blank",2,37,"deu-last_blank","deu",37,0,0,1,"lembre","lemdeu"
560,"le","le-sións","sións",2,1,"le-trans","trans",1,0,0,1,"lesións","letrans"
7,"le","le-t","t",1,1,"il-t","il",1,0,0,1,"let","ilt"
932,"be","be-ral","ral",3,2,"be-ches","ches",2,0,1,1,"liberal","libeches"
480,"lí","lí-der","der",2,1,"lí-tan","tan",1,0,0,1,"líder","lítan"
289,"li","li-mu","mu",4,1,"trans-mu","trans",1,0,3,1,"limusine","transmusine"
174,"li","li-ng","ng",1,2,"li-or","or",2,0,0,1,"ling","lior"
88,"li","li-on","on",2,3,"li-ver","ver",3,0,1,1,"lion","liver"
638,"li","li-te","te",5,13,"apáñas-te","apáñas",1,12,4,1,"literatura","apáñasteratura"
963,"lo","lo-cal","cal",2,1,"lo-nos","nos",1,0,0,1,"local","lonos"
217,"ción","ción-last_blank","last_blank",5,808,"trañas-last_blank","trañas",3,805,2,1,"localización","localizatrañas"
41,"first_blank","first_blank-loi","loi",3,43,"first_blank-chan","chan",43,0,1,1,"loitador","chantador"
8,"nely","nely-last_blank","last_blank",2,1,"dolf-last_blank","dolf",1,0,0,1,"lonely","lodolf"
394,"lo","lo-ng","ng",1,2,"lo-pe","pe",2,0,0,1,"long","lope"
272,"first_blank","first_blank-lon","lon",4,27,"first_blank-amaña","amaña",21,6,2,1,"lonxitude","amañaxitude"
184,"vely","vely-last_blank","last_blank",2,1,"fert-last_blank","fert",1,0,0,1,"lovely","lofert"
78,"lu","lu-z","z",1,1,"ro-z","ro",1,0,0,1,"luz","roz"
695,"ma","ma-chi","chi",3,2,"ma-dras","dras",2,0,1,1,"machine","madrasne"
219,"zi","zi-ne","ne",4,4,"johan-ne","johan",2,2,3,1,"magazine","magajohanne"
940,"ma","ma-id","id",1,1,"ma-ar","ar",1,0,0,1,"maid","maar"
943,"first_blank","first_blank-mai","mai",4,25,"first_blank-esqué","esqué",17,8,2,1,"maionesa","esquéonesa"
32,"ma","ma-le","le",3,12,"ma-quil","quil",10,2,2,1,"maleta","maquilta"
298,"ñá","ñá-last_blank","last_blank",1,4,"ús-last_blank","ús",4,0,0,1,"mañá","maús"
875,"man","man-guei","guei",3,4,"man-teña","teña",4,0,0,1,"mangueira","manteñara"
66,"pu","pu-lar","lar",4,6,"pu-chiña","chiña",1,5,2,1,"manipular","manipuchiña"
138,"man","man-tei","tei",3,3,"viña-tei","viña",3,0,1,1,"manteiga","viñateiga"
947,"te","te-men","men",4,49,"te-drais","drais",1,48,2,1,"mantemento","mantedraisto"
137,"man","man-ter","ter",2,7,"fra-ter","fra",7,0,0,1,"manter","frater"
790,"ma","ma-pa","pa",2,4,"ocú-pa","ocú",4,0,1,1,"mapa","ocúpa"
845,"ma","ma-riña","riña",2,3,"ma-reil","reil",3,0,0,1,"mariña","mareil"
622,"riñei","riñei-ro","ro",3,1,"rakha-ro","rakha",1,0,0,1,"mariñeiro","marakharo"
927,"ting","ting-last_blank","last_blank",3,6,"gres-last_blank","gres",6,0,0,1,"márketing","márkegres"
458,"mar","mar-tes","tes",2,1,"son-tes","son",1,0,0,1,"martes","sontes"
721,"sa","sa-xe","xe",3,8,"sa-ción","ción",8,0,2,1,"masaxe","masación"
916,"mas","mas-ti","ti",3,6,"efec-ti","efec",6,0,1,1,"mastigar","efectigar"
299,"first_blank","first_blank-mat","mat",2,10,"first_blank-she","she",10,0,0,1,"match","shech"
214,"cas","cas-last_blank","last_blank",5,273,"lowicz-last_blank","lowicz",2,271,3,1,"matemáticas","matemátilowicz"
343,"mo","mo-nio","nio",4,3,"mo-crats","crats",1,2,2,1,"matrimonio","matrimocrats"
385,"mo","mo-last_blank","last_blank",3,594,"mo-nastyrsky","nastyrsky",1,593,1,4,"máximo","máximonastyrsky"
888,"at","at-last_blank","last_blank",2,13,"gra-last_blank","gra",13,0,1,1,"meat","megra"
788,"me","me-cá","cá",4,4,"me-niños","niños",2,2,3,1,"mecánica","meniñosnica"
784,"me","me-dal","dal",2,2,"me-res","res",2,0,0,1,"medal","meres"
18,"me","me-dal","dal",3,2,"me-chón","chón",2,0,1,1,"medallón","mechónlón"
737,"o","o-día","día",4,1,"o-nuill","nuill",1,0,2,1,"mediodía","medionuill"
140,"me","me-do","do",2,5,"dra-do","dra",5,0,1,1,"medo","drado"
43,"first_blank","first_blank-mel","mel",3,36,"first_blank-acor","acor",36,0,1,1,"mellora","acorlora"
220,"me","me-nos","nos",2,14,"me-tin","tin",9,5,0,1,"menos","metin"
314,"first_blank","first_blank-men","men",3,110,"first_blank-agar","agar",106,4,1,1,"mensaxe","agarsaxe"
507,"men","men-ti","ti",4,29,"atrac-ti","atrac",4,25,2,1,"mentireiro","atractireiro"
115,"rc","rc-y","y",1,2,"st-y","st",2,0,0,1,"mercy","mesty"
700,"first_blank","first_blank-mes","mes",3,63,"first_blank-apre","apre",62,1,1,1,"mestura","apretura"
350,"me","me-tal","tal",2,2,"me-lei","lei",2,0,0,1,"metal","melei"
406,"ter","ter-last_blank","last_blank",2,126,"que-last_blank","que",127,1,0,1,"meter","meque"
595,"mi","mi-cró","cró",4,3,"mi-edzyr","edzyr",1,2,2,1,"micrófono","miedzyrfono"
930,"mi","mi-cros","cros",4,4,"mi-guiña","guiña",1,3,1,1,"microscopio","miguiñacopio"
723,"li","li-tar","tar",3,6,"li-ches","ches",5,1,1,1,"militar","miliches"
11,"nis","nis-te","te",4,3,"fayet-te","fayet",2,1,2,1,"ministerio","mifayetterio"
263,"nu","nu-to","to",3,4,"amis-to","amis",4,0,2,1,"minuto","miamisto"
924,"se","se-ria","ria",3,3,"se-ault","ault",2,1,1,1,"miseria","miseault"
618,"si","si-les","les",3,4,"si-gual","gual",4,0,1,1,"misiles","misigual"
611,"mis","mis-si","si",3,2,"opre-si","opre",2,0,1,1,"mission","opresion"
264,"first_blank","first_blank-mis","mis",3,30,"first_blank-char","char",31,1,1,1,"misterio","charterio"
830,"dest","dest-last_blank","last_blank",2,1,"leëv-last_blank","leëv",1,0,0,1,"modest","moleëv"
102,"mo","mo-i","i",1,1,"li-i","li",1,0,0,1,"moi","lii"
902,"first_blank","first_blank-moi","moi",2,14,"first_blank-sól","sól",14,0,0,1,"moito","sólto"
738,"les","les-tar","tar",3,9,"fron-tar","fron",6,3,1,1,"molestar","mofrontar"
636,"mo","mo-ney","ney",2,1,"mo-vér","vér",1,0,0,1,"money","movér"
262,"ri","ri-zar","zar",5,13,"ri-queños","queños",1,12,3,1,"monitorizar","monitoriqueños"
725,"first_blank","first_blank-morphi","morphi",2,1,"first_blank-tomshi","tomshi",1,0,0,1,"morphine","tomshine"
735,"rer","rer-last_blank","last_blank",2,27,"xan-last_blank","xan",27,0,0,1,"morrer","morxan"
521,"mos","mos-tei","tei",3,2,"mos-chos","chos",2,0,1,1,"mosteiro","moschosro"
341,"mo","mo-tel","tel",2,1,"mo-nán","nán",1,0,0,1,"motel","monán"
288,"mo","mo-tor","tor",2,4,"mo-rei","rei",4,0,0,1,"motor","morei"
424,"tain","tain-last_blank","last_blank",2,4,"trol-last_blank","trol",4,0,0,1,"mountain","mountrol"
194,"mo","mo-zo","zo",2,2,"bei-zo","bei",2,0,1,1,"mozo","beizo"
317,"first_blank","first_blank-mul","mul",2,42,"first_blank-gri","gri",42,0,0,1,"muller","griler"
77,"mu","mu-m","m",1,1,"ly-m","ly",1,0,0,1,"mum","lym"
730,"mur","mur-de","de",3,1,"gañá-de","gañá",1,0,1,1,"murderer","gañáderer"
698,"cle","cle-last_blank","last_blank",2,9,"seo-last_blank","seo",9,0,0,1,"muscle","musseo"
150,"seo","seo-last_blank","last_blank",2,9,"xoa-last_blank","xoa",9,0,0,1,"museo","muxoa"
499,"first_blank","first_blank-mú","mú",3,14,"first_blank-coin","coin",14,0,2,1,"música","coinsica"
490,"first_blank","first_blank-mú","mú",3,14,"first_blank-inha","inha",14,0,2,1,"músico","inhasico"
926,"ta","ta-ción","ción",3,74,"ta-ríal","ríal",13,61,0,1,"mutación","mutaríal"
587,"na","na-ción","ción",2,47,"na-ches","ches",16,31,0,1,"nación","naches"
701,"na","na-dar","dar",2,1,"na-cha","cha",1,0,0,1,"nadar","nacha"
844,"ked","ked-last_blank","last_blank",2,1,"cok-last_blank","cok",1,0,0,1,"naked","nacok"
92,"ugar","ugar-last_blank","last_blank",4,1,"kills-last_blank","kills",1,0,1,1,"nalgún lugar","nalgún lkills"
545,"na","na-riz","riz",2,1,"na-tor","tor",1,0,0,1,"nariz","nator"
935,"first_blank","first_blank-náu","náu",3,3,"first_blank-cría","cría",3,0,1,1,"náuseas","críaseas"
181,"si","si-da","da",5,28,"si-lensky","lensky",1,27,4,1,"necesidade","necesilenskyde"
604,"ne","ne-co","co",2,3,"ne-gli","gli",3,0,1,1,"neco","negli"
323,"ga","ga-ti","ti",4,10,"atlán-ti","atlán",2,8,3,1,"negativo","neatlántivo"
144,"go","go-ci","ci",4,20,"go-dards","dards",1,19,3,1,"negocios","negodardsos"
123,"ne","ne-he","he",1,1,"éc-he","éc",1,0,0,1,"nehew","échew"
30,"ne","ne-nas","nas",2,1,"ne-mer","mer",1,0,0,1,"nenas","nemer"
804,"first_blank","first_blank-ner","ner",4,12,"first_blank-apuña","apuña",11,1,2,1,"nervioso","apuñavioso"
44,"ne","ne-ws","ws",1,1,"ne-xí","xí",1,0,0,1,"news","nexí"
366,"ni","ni-ño","ño",1,2,"ni-on","on",2,0,0,1,"niño","nion"
919,"first_blank","first_blank-noi","noi",2,15,"first_blank-ste","ste",15,0,0,1,"noiva","steva"
969,"capaz","capaz-last_blank","last_blank",4,1,"viñei-last_blank","viñei",1,0,0,1,"non é capaz","non é viñei"
129,"first_blank","first_blank-nor","nor",2,30,"first_blank-fri","fri",30,0,0,1,"normal","frimal"
187,"mal","mal-men","men",4,3,"treñi-men","treñi",1,2,2,1,"normalmente","nortreñimente"
320,"first_blank","first_blank-nor","nor",2,30,"first_blank-mis","mis",30,0,0,1,"norte","miste"
895,"cle","cle-ar","ar",3,3,"aboi-ar","aboi",1,2,1,1,"nuclear","nuaboiar"
110,"imo","imo-last_blank","last_blank",3,1,"lowe-last_blank","lowe",1,0,1,1,"o último","o últlowe"
48,"men","men-te","te",5,651,"alíñas-te","alíñas",1,650,3,1,"obviamente","obviaalíñaste"
398,"first_blank","first_blank-océa","océa",2,2,"first_blank-acrí","acrí",2,0,0,1,"océano","acríno"
883,"rer","rer-last_blank","last_blank",2,27,"xan-last_blank","xan",27,0,0,1,"ocorrer","ocorxan"
824,"first_blank","first_blank-ofen","ofen",2,25,"first_blank-chei","chei",25,0,0,1,"ofender","cheider"
428,"first_blank","first_blank-ofi","ofi",3,12,"first_blank-abrí","abrí",12,0,1,1,"oficial","abrícial"
864,"first_blank","first_blank-ofi","ofi",3,12,"first_blank-fron","fron",12,0,1,1,"oficina","froncina"
52,"first_blank","first_blank-oi","oi",1,31,"first_blank-pú","pú",31,0,0,1,"oil","púl"
676,"on","on-te","te",2,2,"fru-te","fru",2,0,1,1,"onte","frute"
508,"ción","ción-last_blank","last_blank",2,808,"ches-last_blank","ches",471,337,0,1,"opción","opches"
470,"first_blank","first_blank-opo","opo",3,7,"first_blank-evan","evan",7,0,1,1,"opositor","evansitor"
125,"first_blank","first_blank-oran","oran",2,1,"first_blank-friu","friu",1,0,0,1,"orange","friuge"
218,"first_blank","first_blank-ór","ór",3,4,"first_blank-inin","inin",4,0,2,1,"órbita","ininbita"
56,"first_blank","first_blank-or","or",2,222,"first_blank-cha","cha",235,13,1,1,"orde","chade"
578,"na","na-dor","dor",4,16,"na-cións","cións",13,3,2,1,"ordenador","ordenacións"
910,"ni","ni-zar","zar",4,11,"ni-cións","cións",5,6,2,1,"organizar","organicións"
5,"first_blank","first_blank-osí","osí",3,1,"first_blank-stam","stam",1,0,1,1,"osíxeno","stamxeno"
517,"ou","ou-to","to",3,3,"aris-to","aris",3,0,2,1,"outono","aristono"
388,"tu","tu-bro","bro",3,1,"tu-siás","siás",1,0,1,1,"outubro","outusiás"
308,"pa","pa-i","i",1,1,"ni-i","ni",1,0,0,1,"pai","nii"
715,"first_blank","first_blank-pai","pai",2,20,"first_blank-ino","ino",20,0,0,1,"paixón","inoxón"
49,"pa","pa-no","no",2,17,"pa-rán","rán",16,1,1,1,"pano","parán"
97,"que","que-te","te",3,10,"plan-te","plan",11,1,1,1,"paquete","paplante"
98,"mpre","mpre-last_blank","last_blank",4,1,"queña-last_blank","queña",1,0,1,1,"para sempre","para sequeña"
816,"rá","rá-gra","gra",4,1,"taquí-gra","taquí",1,0,3,1,"parágrafo","pataquígrafo"
959,"mal","mal-last_blank","last_blank",4,15,"quiño-last_blank","quiño",15,0,2,1,"paranormal","paranorquiño"
880,"rent","rent-last_blank","last_blank",2,2,"cran-last_blank","cran",2,0,0,1,"parent","pacran"
167,"first_blank","first_blank-par","par",4,155,"first_blank-triun","triun",21,134,2,1,"partícula","triuntícula"
506,"sa","sa-do","do",3,64,"sa-ción","ción",8,56,2,1,"pasado","pasación"
555,"sa","sa-por","por",4,2,"sa-queil","queil",2,0,2,1,"pasaporte","pasaqueilte"
1000,"seo","seo-last_blank","last_blank",2,9,"ciu-last_blank","ciu",9,0,0,1,"paseo","paciu"
909,"pa","pa-té","té",4,5,"pa-cións","cións",4,1,3,1,"patético","paciónstico"
982,"pa","pa-trón","trón",2,1,"pa-seán","seán",1,0,0,1,"patrón","paseán"
901,"pa","pa-trul","trul",3,9,"pa-ches","ches",9,0,0,1,"patrulla","pachesla"
154,"cha","cha-do","do",3,24,"trán-do","trán",7,17,1,1,"pechado","petrándo"
197,"pe","pe-che","che",2,3,"pe-zan","zan",3,0,0,1,"peche","pezan"
597,"pe","pe-dra","dra",2,4,"pe-ren","ren",4,0,0,1,"pedra","peren"
962,"ital","ital-last_blank","last_blank",6,1,"keworth-last_blank","keworth",1,0,3,1,"pegada dixital","pegada dixkeworth"
455,"pei","pei-xe","xe",2,2,"bru-xe","bru",2,0,0,1,"peixe","bruxe"
707,"pe","pe-lí","lí",4,2,"pe-charl","charl",2,0,3,1,"película","pecharlcula"
633,"pe","pe-n","n",1,1,"jn-n","jn",1,0,0,1,"pen","jnn"
625,"pe","pe-nis","nis",2,1,"pe-gán","gán",1,0,0,1,"penis","pegán"
63,"first_blank","first_blank-pen","pen",2,115,"first_blank-axu","axu",115,0,0,1,"pensas","axusas"
153,"que","que-no","no",3,7,"téña-no","téña",3,4,1,1,"pequeno","petéñano"
364,"fec","fec-to","to",3,4,"amis-to","amis",4,0,1,1,"perfecto","peramisto"
268,"per","per-for","for",4,1,"per-rault","rault",1,0,2,1,"performance","perraultmance"
837,"per","per-fu","fu",3,6,"hats-fu","hats",1,5,1,1,"perfume","hatsfume"
252,"go","go-so","so",4,7,"nións-so","nións",1,6,3,1,"perigoso","periniónsso"
853,"tro","tro-last_blank","last_blank",4,70,"sións-last_blank","sións",64,6,2,1,"perímetro","perímesións"
702,"pe","pe-río","río",3,2,"pe-siña","siña",2,0,1,1,"período","pesiñado"
629,"ne","ne-cer","cer",4,4,"ne-gróns","gróns",1,3,2,1,"permanecer","permanegróns"
224,"per","per-so","so",3,26,"trom-so","trom",1,25,1,1,"persoas","tromsoas"
418,"first_blank","first_blank-per","per",6,575,"first_blank-hollywo","hollywo",4,571,4,1,"personalidade","hollywosonalidade"
863,"first_blank","first_blank-pers","pers",4,4,"first_blank-bañar","bañar",4,0,1,1,"perspectiva","bañarpectiva"
141,"first_blank","first_blank-pes","pes",2,43,"first_blank-loi","loi",43,0,0,1,"pesca","loica"
892,"za","za-last_blank","last_blank",2,295,"rán-last_blank","rán",286,9,1,1,"peza","perán"
754,"pi","pi-ll","ll",1,1,"pi-gg","gg",1,0,0,1,"pill","pigg"
675,"lo","lo-to","to",3,3,"asús-to","asús",3,0,2,1,"piloto","piasústo"
425,"pin","pin-tor","tor",2,1,"pin-gan","gan",1,0,0,1,"pintor","pingan"
772,"pla","pla-ca","ca",2,6,"des-ca","des",6,0,0,1,"placa","desca"
226,"ción","ción-last_blank","last_blank",5,808,"trañar-last_blank","trañar",3,805,2,1,"planificación","planificatrañar"
40,"first_blank","first_blank-plás","plás",3,5,"first_blank-unir","unir",5,0,0,1,"plástico","unirtico"
999,"first_blank","first_blank-plau","plau",3,1,"first_blank-gods","gods",1,0,0,1,"plausible","godssible"
51,"first_blank","first_blank-pl","pl",1,14,"first_blank-ev","ev",14,0,0,1,"player","evayer"
291,"po","po-e","e",3,8,"atra-e","atra",9,1,2,1,"poema","atraema"
873,"po","po-ker","ker",2,1,"po-che","che",1,0,0,1,"poker","poche"
552,"pol","pol-gar","gar",2,1,"res-gar","res",1,0,0,1,"polgar","resgar"
74,"lí","lí-ti","ti",4,13,"atrac-ti","atrac",4,9,3,1,"política","poatractica"
223,"po","po-lí","lí",4,10,"po-drick","drick",1,9,3,1,"político","podricktico"
564,"por","por-co","co",2,1,"sín-co","sín",1,0,0,1,"porco","sínco"
396,"first_blank","first_blank-por","por",2,118,"first_blank-cam","cam",119,1,0,1,"porta","camta"
26,"por","por-to","to",2,7,"xec-to","xec",7,0,0,1,"porto","xecto"
586,"de","de-last_blank","last_blank",6,896,"de-lahaye","lahaye",1,895,4,1,"posibilidade","posibilidadelahaye"
739,"si","si-ción","ción",3,21,"si-narl","narl",5,16,0,1,"posición","posinarl"
811,"first_blank","first_blank-prac","prac",5,23,"first_blank-deshon","deshon",10,13,2,1,"practicamente","deshonticamente"
896,"pre","pre-mio","mio",2,1,"pre-gos","gos",1,0,0,1,"premio","pregos"
522,"pren","pren-sa","sa",2,2,"riño-sa","riño",2,0,0,2,"prensa","riñosa"
60,"pa","pa-ción","ción",5,10,"pa-vlovsk","vlovsk",1,9,2,1,"preocupación","preocupavlovsk"
389,"pre","pre-pa","pa",3,63,"equi-pa","equi",13,50,1,1,"prepare","equipare"
42,"si","si-den","den",4,19,"si-mourh","mourh",1,18,2,1,"presidente","presimourhte"
235,"pre","pre-sión","sión",2,11,"clu-sión","clu",3,8,0,1,"presión","clusión"
736,"first_blank","first_blank-prés","prés",3,12,"first_blank-alon","alon",12,0,0,1,"préstamo","alontamo"
196,"pre","pre-to","to",2,4,"sul-to","sul",4,0,0,1,"preto","sulto"
311,"pre","pre-zo","zo",2,2,"bei-zo","bei",2,0,0,1,"prezo","beizo"
848,"ma","ma-ria","ria",3,3,"ma-chos","chos",2,1,1,1,"primaria","primachos"
243,"pri","pri-mo","mo",2,4,"tiá-mo","tiá",4,0,0,1,"primo","tiámo"
326,"first_blank","first_blank-prín","prín",3,3,"first_blank-beis","beis",3,0,0,1,"príncipe","beiscipe"
493,"first_blank","first_blank-pri","pri",5,89,"first_blank-deshon","deshon",10,79,3,1,"prisioneiro","deshonsioneiro"
643,"pri","pri-son","son",2,1,"gid-son","gid",1,0,0,1,"prison","gidson"
639,"first_blank","first_blank-pri","pri",5,89,"first_blank-deshon","deshon",10,79,3,1,"privacidade","deshonvacidade"
799,"ob","ob-last_blank","last_blank",1,2,"rp-last_blank","rp",2,0,0,1,"prob","prrp"
229,"ba","ba-ble","ble",3,3,"ba-mosl","mosl",2,1,1,1,"probable","probamosl"
168,"men","men-te","te",5,651,"trañar-te","trañar",1,650,3,1,"probablemente","probabletrañarte"
680,"ble","ble-ma","ma",3,2,"acál-ma","acál",2,0,1,1,"problema","proacálma"
421,"de","de-men","men",5,12,"de-lahaye","lahaye",1,11,3,1,"procedemento","procedelahayeto"
103,"du","du-ción","ción",3,11,"du-rant","rant",2,9,0,1,"produción","produrant"
72,"cir","cir-last_blank","last_blank",3,21,"lóns-last_blank","lóns",21,0,1,1,"producir","produlóns"
914,"pro","pro-du","du",3,65,"glán-du","glán",2,63,1,1,"produto","glánduto"
387,"pro","pro-fe","fe",5,21,"luftwa-fe","luftwa",1,20,3,1,"profesional","luftwafesional"
337,"fe","fe-sor","sor",3,1,"fe-dían","dían",1,0,1,1,"profesor","profedían"
231,"gra","gra-ma","ma",3,14,"afir-ma","afir",9,5,1,1,"programa","proafirma"
921,"prohi","prohi-bi","bi",3,14,"desha-bi","desha",5,9,0,1,"prohibido","deshabido"
609,"pro","pro-me","me",3,81,"ches-me","ches",86,5,1,1,"promesa","chesmesa"
232,"ta","ta-rio","rio",5,38,"ta-tuíñas","tuíñas",1,37,3,1,"propietario","propietatuíñas"
964,"nar","nar-last_blank","last_blank",5,114,"quiños-last_blank","quiños",8,106,3,1,"proporcionar","proporcioquiños"
256,"pro","pro-to","to",4,6,"gañen-to","gañen",1,5,2,1,"protocolo","gañentocolo"
683,"pro","pro-to","to",4,6,"riñen-to","riñen",1,5,2,1,"prototipo","riñentotipo"
967,"first_blank","first_blank-psi","psi",4,30,"first_blank-amaña","amaña",21,9,2,1,"psicoloxía","amañacoloxía"
170,"first_blank","first_blank-psi","psi",5,30,"first_blank-amañar","amañar",6,24,3,1,"psicolóxico","amañarcolóxico"
934,"pu","pu-t","t",1,1,"ot-t","ot",1,0,0,1,"put","ott"
315,"qu","qu-e","e",1,1,"uw-e","uw",1,0,0,1,"que","uwe"
481,"quei","quei-xo","xo",2,2,"abái-xo","abái",1,1,0,1,"queixo","abáixo"
878,"first_blank","first_blank-qui","qui",2,160,"first_blank-ven","ven",160,0,0,1,"quitar","ventar"
621,"bit","bit-last_blank","last_blank",2,1,"oyi-last_blank","oyi",1,0,0,1,"rabbit","raboyi"
841,"first_blank","first_blank-rac","rac",3,1,"first_blank-kjel","kjel",1,0,1,1,"raccoon","kjelcoon"
993,"ción","ción-last_blank","last_blank",4,808,"poñer-last_blank","poñer",6,802,1,1,"radiación","radiapoñer"
690,"ra","ra-ge","ge",2,1,"ber-ge","ber",1,0,1,1,"rage","berge"
979,"som","som-last_blank","last_blank",2,1,"giz-last_blank","giz",1,0,0,1,"ransom","rangiz"
647,"men","men-te","te",5,651,"alíñas-te","alíñas",1,650,3,1,"rapidamente","rapidaalíñaste"
973,"rely","rely-last_blank","last_blank",2,1,"cett-last_blank","cett",1,0,0,1,"rarely","racett"
491,"ra","ra-t","t",1,1,"ui-t","ui",1,0,0,1,"rat","uit"
731,"a","a-ble","ble",4,18,"a-cións","cións",16,2,2,1,"razoable","razoacións"
353,"ac","ac-tor","tor",3,2,"ac-clón","clón",1,1,1,1,"reactor","reacclón"
302,"re","re-al","al",2,7,"re-gri","gri",7,0,1,1,"real","regri"
200,"a","a-lis","lis",4,37,"a-oyang","oyang",1,36,2,1,"realista","reaoyangta"
1,"al","al-men","men",4,35,"al-cohol","cohol",1,34,2,1,"realmente","realcoholte"
148,"re","re-cen","cen",5,28,"re-muiñar","muiñar",1,27,3,1,"recentemente","remuiñartemente"
709,"re","re-com","com",4,20,"re-trans","trans",2,18,2,1,"recompensa","retranspensa"
565,"cir","cir-last_blank","last_blank",3,21,"lóns-last_blank","lóns",21,0,1,1,"reducir","redulóns"
905,"fres","fres-car","car",3,3,"afor-car","afor",3,0,0,1,"refrescar","reaforcar"
753,"xio","xio-last_blank","last_blank",3,14,"mont-last_blank","mont",14,0,1,1,"refuxio","refumont"
255,"first_blank","first_blank-rei","rei",2,45,"first_blank-pos","pos",45,0,0,1,"reino","posno"
213,"xión","xión-last_blank","last_blank",3,10,"fort-last_blank","fort",10,0,0,1,"relixión","relifort"
136,"re","re-nt","nt",1,1,"re-cá","cá",1,0,0,1,"rent","recá"
729,"ra","ra-ción","ción",4,68,"ra-buñar","buñar",1,67,1,1,"reparación","reparabuñar"
371,"re","re-pug","pug",4,4,"re-trans","trans",2,2,2,1,"repugnante","retransnante"
475,"ta","ta-ción","ción",4,74,"ta-ríasl","ríasl",1,73,1,1,"reputación","reputaríasl"
825,"tir","tir-last_blank","last_blank",3,48,"ríao-last_blank","ríao",50,2,1,1,"resistir","resisríao"
504,"pon","pon-der","der",3,5,"pon-chos","chos",1,4,1,1,"responder","responchos"
234,"ran","ran-te","te",4,50,"poñer-te","poñer",2,48,2,1,"restaurante","restaupoñerte"
807,"sul","sul-ta","ta",4,25,"afron-ta","afron",8,17,2,1,"resultado","reafrontado"
459,"turn","turn-last_blank","last_blank",2,1,"vron-last_blank","vron",1,0,0,1,"return","revron"
689,"first_blank","first_blank-reú","reú",3,10,"first_blank-inau","inau",10,0,1,1,"reúnense","inaunense"
382,"nión","nión-last_blank","last_blank",2,3,"rity-last_blank","rity",3,0,0,1,"reunión","reurity"
265,"nir","nir-se","se",3,2,"trúe-se","trúe",2,0,1,1,"reunirse","reutrúese"
412,"ri","ri-ch","ch",2,10,"ri-das","das",10,0,1,1,"rich","ridas"
761,"ri","ri-de","de",2,2,"ri-lou","lou",2,0,1,1,"ride","rilou"
814,"que","que-za","za",3,6,"apra-za","apra",3,3,1,1,"riqueza","riapraza"
417,"ri","ri-r","r",1,2,"we-r","we",2,0,0,1,"rir","wer"
280,"ro","ro-b","b",1,1,"um-b","um",1,0,0,1,"rob","umb"
727,"ro","ro-ma","ma",2,12,"fór-ma","fór",12,0,1,1,"roma","fórma"
89,"mán","mán-ti","ti",4,5,"atrac-ti","atrac",4,1,2,1,"romántico","roatractico"
574,"rou","rou-bo","bo",2,1,"pér-bo","pér",1,0,0,1,"roubo","pérbo"
502,"first_blank","first_blank-rú","rú",1,2,"first_blank-bq","bq",2,0,0,1,"rúa","bqa"
241,"bía","bía-last_blank","last_blank",2,14,"let-last_blank","let",14,0,0,1,"sabía","salet"
970,"xe","xe-last_blank","last_blank",4,139,"xe-rarquías","rarquías",1,138,2,4,"sabotaxe","sabotaxerarquías"
456,"cer","cer-do","do",4,4,"poñén-do","poñén",4,0,2,1,"sacerdote","sapoñéndote"
528,"first_blank","first_blank-saí","saí",2,23,"first_blank-cro","cro",23,0,0,1,"saída","croda"
889,"sa","sa-il","il",1,1,"sa-mk","mk",1,0,0,1,"sail","samk"
714,"la","la-rio","rio",3,7,"la-chas","chas",2,5,1,1,"salario","salachas"
71,"sal","sal-sa","sa",2,1,"cho-sa","cho",1,0,0,1,"salsa","chosa"
482,"sal","sal-tar","tar",2,5,"xei-tar","xei",5,0,0,1,"saltar","xeitar"
135,"va","va-dor","dor",3,8,"va-reil","reil",4,4,1,1,"salvador","salvareil"
185,"rai","rai-last_blank","last_blank",3,6,"quel-last_blank","quel",6,0,1,1,"samurai","samuquel"
696,"sa","sa-nd","nd",1,4,"sa-mu","mu",4,0,0,1,"sand","samu"
431,"sa","sa-té","té",4,2,"sa-queil","queil",2,0,3,1,"satélite","saqueillite"
62,"first_blank","first_blank-saú","saú",2,17,"first_blank-epi","epi",17,0,0,1,"saúdo","epido"
607,"sa","sa-ve","ve",2,2,"pre-ve","pre",2,0,1,1,"save","preve"
567,"sc","sc-ar","ar",1,1,"ow-ar","ow",1,0,0,1,"scar","owar"
955,"tro","tro-last_blank","last_blank",4,70,"sións-last_blank","sións",64,6,2,1,"secuestro","secuessións"
728,"cu","cu-re","re",3,13,"abor-re","abor",17,4,2,1,"secure","seaborre"
903,"se","se-de","de",2,3,"fun-de","fun",3,0,1,1,"sede","funde"
547,"gu","gu-ri","ri",5,9,"abashi-ri","abashi",1,8,4,1,"seguridade","seabashiridade"
766,"lect","lect-last_blank","last_blank",2,1,"dast-last_blank","dast",1,0,0,1,"select","sedast"
464,"se","se-ma","ma",3,9,"afir-ma","afir",9,0,2,1,"semana","afirmana"
657,"ma","ma-nal","nal",5,2,"ma-lesher","lesher",1,1,3,1,"semanalmente","semaleshermente"
183,"first_blank","first_blank-sem","sem",2,6,"first_blank-gru","gru",6,0,0,1,"sempre","grupre"
868,"alor","alor-last_blank","last_blank",3,1,"beño-last_blank","beño",1,0,0,1,"sen valor","sen vbeño"
209,"se","se-na","na",3,6,"se-sión","sión",5,1,2,1,"senado","sesióndo"
333,"na","na-dor","dor",3,16,"na-ches","ches",16,0,1,1,"senador","senaches"
796,"nd","nd-last_blank","last_blank",1,14,"rt-last_blank","rt",14,0,0,1,"send","sert"
879,"bel","bel-last_blank","last_blank",3,197,"rían-last_blank","rían",160,37,1,1,"sensíbel","sensírían"
319,"ten","ten-za","za",3,3,"apra-za","apra",3,0,1,1,"sentenza","senapraza"
143,"ti","ti-men","men",4,24,"ti-guiña","guiña",1,23,2,1,"sentimento","sentiguiñato"
865,"món","món-last_blank","last_blank",2,11,"nés-last_blank","nés",11,0,0,1,"sermón","sernés"
524,"first_blank","first_blank-ser","ser",2,131,"first_blank-ato","ato",132,1,0,1,"servo","atovo"
779,"oe","oe-last_blank","last_blank",1,2,"gy-last_blank","gy",2,0,0,1,"shoe","shgy"
391,"first_blank","first_blank-sho","sho",2,11,"first_blank-tum","tum",11,0,0,1,"shoot","tumot"
193,"si","si-last_blank","last_blank",1,32,"ry-last_blank","ry",34,2,0,1,"si","ry"
116,"gn","gn-last_blank","last_blank",1,1,"kx-last_blank","kx",1,0,0,1,"sign","sikx"
655,"len","len-ce","ce",3,1,"raña-ce","raña",1,0,1,1,"silence","sirañace"
776,"first_blank","first_blank-sil","sil",2,20,"first_blank-cei","cei",20,0,0,1,"silver","ceiver"
111,"first_blank","first_blank-sím","sím",3,2,"first_blank-buñu","buñu",2,0,1,1,"símbolo","buñubolo"
637,"first_blank","first_blank-sim","sim",2,37,"first_blank-cos","cos",37,0,0,1,"simple","cosple"
577,"si","si-nal","nal",2,2,"si-qui","qui",2,0,0,1,"sinal","siqui"
941,"na","na-tu","tu",4,16,"na-cións","cións",13,3,3,1,"sinatura","sinaciónsra"
287,"first_blank","first_blank-sín","sín",3,23,"first_blank-acer","acer",23,0,1,1,"síndrome","acerdrome"
297,"si","si-nk","nk",1,1,"si-se","se",1,0,0,1,"sink","sise"
90,"si","si-p","p",1,1,"ep-p","ep",1,0,0,1,"sip","epp"
612,"first_blank","first_blank-sis","sis",3,9,"first_blank-trom","trom",9,0,1,1,"sistema","tromtema"
540,"si","si-t","t",1,1,"ur-t","ur",1,0,0,1,"sit","urt"
449,"first_blank","first_blank-sk","sk",1,4,"first_blank-gl","gl",4,0,0,1,"skull","glull"
939,"first_blank","first_blank-sna","sna",2,1,"first_blank-eeu","eeu",1,0,0,1,"snake","eeuke"
742,"first_blank","first_blank-sni","sni",2,2,"first_blank-ído","ído",2,0,0,1,"sniper","ídoper"
373,"first_blank","first_blank-sn","sn",1,6,"first_blank-aq","aq",6,0,0,1,"snow","aqow"
460,"vir","vir-last_blank","last_blank",4,10,"poñen-last_blank","poñen",8,2,2,1,"sobrevivir","sobrevipoñen"
978,"so","so-da","da",2,1,"so-pór","pór",1,0,1,1,"soda","sopór"
952,"so","so-lar","lar",2,5,"so-vié","vié",4,1,0,1,"solar","sovié"
237,"ci","ci-tar","tar",4,16,"ci-diños","diños",1,15,2,1,"solicitar","solicidiños"
815,"first_blank","first_blank-so","so",5,535,"first_blank-amañar","amañar",6,529,4,1,"solicitude","amañarlicitude"
376,"so","so-n","n",1,1,"ry-n","ry",1,0,0,1,"son","ryn"
847,"first_blank","first_blank-son","son",2,14,"first_blank-are","are",14,0,0,1,"sonda","areda"
248,"so","so-no","no",2,7,"que-no","que",7,0,1,1,"sono","queno"
477,"sor","sor-da","da",2,1,"cri-da","cri",1,0,0,1,"sorda","crida"
86,"first_blank","first_blank-sos","sos",3,56,"first_blank-tran","tran",57,1,1,1,"sospeito","tranpeito"
965,"first_blank","first_blank-spaghet","spaghet",2,1,"first_blank-svashen","svashen",1,0,0,1,"spaghetti","svashenti"
435,"first_blank","first_blank-spe","spe",2,5,"first_blank-más","más",5,0,0,1,"speak","másak"
85,"first_blank","first_blank-spe","spe",2,5,"first_blank-cuá","cuá",5,0,0,1,"speed","cuáed"
466,"rit","rit-last_blank","last_blank",2,1,"etc-last_blank","etc",1,0,0,1,"spirit","spietc"
39,"st","st-ar","ar",1,5,"go-ar","go",5,0,0,1,"star","goar"
9,"st","st-il","il",1,1,"ha-il","ha",1,0,0,1,"still","haill"
523,"op","op-last_blank","last_blank",1,5,"sí-last_blank","sí",5,0,0,1,"stop","stsí"
357,"or","or-m","m",1,1,"cu-m","cu",1,0,0,1,"storm","stcum"
877,"first_blank","first_blank-sto","sto",2,8,"first_blank-idi","idi",8,0,0,1,"stove","idive"
23,"first_blank","first_blank-straw","straw",3,1,"first_blank-shahe","shahe",1,0,0,1,"strawberry","shaheberry"
897,"first_blank","first_blank-stri","stri",2,3,"first_blank-shaf","shaf",3,0,0,1,"strike","shafke"
244,"tuín","tuín-do","do",4,3,"aplau-do","aplau",1,2,1,1,"substituíndo","substiaplaudo"
998,"su","su-cio","cio",2,1,"su-bar","bar",1,0,0,1,"sucio","subar"
95,"su","su-fi","fi",5,9,"su-rensky","rensky",1,8,4,1,"suficiente","surenskyciente"
768,"su","su-n","n",1,1,"ya-n","ya",1,0,0,1,"sun","yan"
839,"per","per-fi","fi",4,5,"trans-fi","trans",4,1,2,1,"superficie","sutransficie"
691,"ri","ri-or","or",4,11,"ri-quiño","quiño",1,10,3,1,"superior","superiquiño"
912,"xe","xe-rir","rir",3,2,"xe-mosl","mosl",2,0,1,1,"suxerir","suxemosl"
649,"ta","ta-len","len",3,7,"ta-ríao","ríao",4,3,1,1,"talento","taríaoto"
918,"te","te-am","am",2,1,"te-nha","nha",1,0,1,1,"team","tenha"
615,"a","a-tro","tro",3,3,"a-ríal","ríal",3,0,1,1,"teatro","tearíal"
801,"te","te-ci","ci",3,10,"prin-ci","prin",9,1,2,1,"tecido","princido"
659,"first_blank","first_blank-téc","téc",3,4,"first_blank-dinl","dinl",4,0,1,1,"técnica","dinlnica"
36,"lé","lé-fo","fo",4,2,"lé-mings","mings",1,1,3,1,"teléfono","telémingsno"
445,"vi","vi-sión","sión",4,9,"vi-tebsk","tebsk",1,8,1,1,"televisión","televitebsk"
610,"te","te-ma","ma",2,11,"te-ron","ron",10,1,1,1,"tema","teron"
551,"first_blank","first_blank-tem","tem",5,38,"first_blank-amañar","amañar",6,32,3,1,"temperatura","amañarperatura"
767,"ten","ten-da","da",2,7,"cói-da","cói",7,0,0,1,"tenda","cóida"
361,"te","te-nen","nen",3,7,"te-grar","grar",6,1,1,1,"tenente","tegrarte"
404,"nis","nis-last_blank","last_blank",2,14,"sía-last_blank","sía",14,0,0,1,"tenis","tesía"
354,"o","o-ría","ría",3,2,"o-pold","pold",2,0,1,1,"teoría","teopold"
997,"ito","ito-last_blank","last_blank",4,1,"flans-last_blank","flans",1,0,2,1,"ter éxito","ter éxflans"
381,"te","te-st","st",1,2,"te-ve","ve",2,0,0,1,"test","teve"
473,"muño","muño-last_blank","last_blank",3,1,"tong-last_blank","tong",1,0,0,1,"testemuño","testetong"
931,"ti","ti-e","e",1,11,"re-e","re",11,0,0,1,"tie","ree"
987,"ti","ti-mer","mer",2,1,"ti-ous","ous",1,0,0,1,"timer","tious"
861,"ti","ti-rar","rar",2,13,"ti-nen","nen",12,1,0,1,"tirar","tinen"
178,"first_blank","first_blank-tí","tí",3,56,"first_blank-acon","acon",56,0,2,1,"título","acontulo"
530,"al","al-la","la",3,2,"al-cohó","cohó",2,0,2,1,"toalla","toalcohó"
750,"ma","ma-te","te",3,37,"ma-ción","ción",27,10,2,1,"tomate","tomación"
942,"first_blank","first_blank-tor","tor",3,119,"first_blank-quei","quei",114,5,1,1,"tornado","queinado"
752,"first_blank","first_blank-tor","tor",3,119,"first_blank-quei","quei",114,5,1,1,"tortura","queitura"
105,"dor","dor-last_blank","last_blank",4,318,"cións-last_blank","cións",313,5,2,1,"traballador","traballacións"
677,"bal","bal-lo","lo",3,9,"truí-lo","truí",4,5,1,1,"traballo","tratruílo"
175,"nal","nal-last_blank","last_blank",5,89,"quiños-last_blank","quiños",8,81,3,1,"tradicional","tradicioquiños"
401,"trai","trai-dor","dor",2,2,"trai-zóa","zóa",2,0,0,1,"traidor","traizóa"
176,"first_blank","first_blank-trans","trans",4,123,"first_blank-aplau","aplau",17,106,0,1,"transferencia","aplauferencia"
628,"trans","trans-mi","mi",3,21,"alquí-mi","alquí",1,20,0,2,"transmisor","alquímisor"
489,"tra","tra-ta","ta",4,69,"exhor-ta","exhor",2,67,2,1,"tratamento","exhortamento"
258,"first_blank","first_blank-trá","trá",3,28,"first_blank-amar","amar",28,0,1,1,"tráxico","amarxico"
195,"first_blank","first_blank-tr","tr",1,45,"first_blank-pí","pí",45,0,0,1,"tres","píes"
653,"first_blank","first_blank-trián","trián",3,2,"first_blank-strat","strat",2,0,0,1,"triángulo","stratgulo"
679,"tri","tri-mes","mes",3,1,"tri-ciña","ciña",1,0,1,1,"trimestre","triciñatre"
734,"tri","tri-ple","ple",2,1,"tri-cis","cis",1,0,0,1,"triple","tricis"
75,"tro","tro-no","no",2,3,"biu-no","biu",3,0,0,1,"trono","biuno"
514,"nel","nel-last_blank","last_blank",2,13,"toa-last_blank","toa",13,0,0,1,"túnel","tútoa"
641,"uí","uí-a","a",1,2,"iy-a","iy",2,0,0,1,"turquía","turqiya"
991,"first_blank","first_blank-tur","tur",2,34,"first_blank-exe","exe",34,0,0,1,"turtle","exetle"
84,"first_blank","first_blank-ug","ug",1,1,"first_blank-qn","qn",1,0,0,1,"ugly","qnly"
996,"first_blank","first_blank-ul","ul",4,37,"first_blank-prohi","prohi",36,1,3,1,"ultimate","prohitimate"
461,"first_blank","first_blank-úni","úni",2,5,"first_blank-tis","tis",5,0,0,1,"único","tisco"
697,"form","form-last_blank","last_blank",2,1,"vron-last_blank","vron",1,0,0,1,"uniform","univron"
356,"ver","ver-si","si",5,22,"pouquí-si","pouquí",1,21,3,1,"universidade","unipouquísidade"
87,"up","up-last_blank","last_blank",1,1,"êu-last_blank","êu",1,0,0,1,"up","êu"
542,"first_blank","first_blank-uri","uri",2,3,"first_blank-oíu","oíu",3,0,0,1,"urine","oíune"
16,"us","us-o","o",1,1,"oñ-o","oñ",1,0,0,1,"uso","oño"
15,"va","va-ci","ci",3,20,"anun-ci","anun",23,3,2,1,"vacina","anuncina"
96,"va","va-ia","ia",1,1,"he-ia","he",1,0,0,1,"vaia","heia"
186,"len","len-te","te",3,14,"tris-te","tris",8,6,1,1,"valente","vatriste"
82,"first_blank","first_blank-val","val",2,20,"first_blank-gua","gua",20,0,0,1,"valley","gualey"
535,"first_blank","first_blank-vam","vam",3,5,"first_blank-anor","anor",5,0,1,1,"vampire","anorpire"
300,"va","va-n","n",1,1,"rí-n","rí",1,0,0,1,"van","rín"
968,"nil","nil-la","la",3,6,"char-la","char",6,0,1,1,"vanilla","vacharla"
17,"vé","vé-n","n",1,1,"rá-n","rá",1,0,0,1,"vén","rán"
666,"first_blank","first_blank-ven","ven",2,160,"first_blank-qui","qui",160,0,0,1,"venda","quida"
368,"first_blank","first_blank-ven","ven",2,160,"first_blank-qui","qui",160,0,0,1,"vender","quider"
933,"la","la-ción","ción",4,48,"la-daíña","daíña",1,47,1,1,"ventilación","ventiladaíña"
166,"nus","nus-last_blank","last_blank",2,8,"low-last_blank","low",8,0,0,1,"venus","velow"
857,"fi","fi-car","car",4,43,"fi-trión","trión",1,42,2,1,"verificar","verifitrión"
620,"first_blank","first_blank-ves","ves",3,47,"first_blank-abor","abor",47,0,1,1,"vestido","abortido"
726,"vi","vi-deo","deo",2,1,"vi-nov","nov",1,0,0,1,"video","vinov"
4,"vi","vi-h","h",1,1,"ra-h","ra",1,0,0,1,"vih","rah"
249,"si","si-on","on",3,7,"si-narl","narl",5,2,2,1,"vision","visinarl"
789,"ta","ta-mi","mi",4,19,"ta-ríanl","ríanl",2,17,3,1,"vitamina","vitaríanlna"
316,"first_blank","first_blank-vod","vod",2,1,"first_blank-isó","isó",1,0,0,1,"vodka","isóka"
827,"first_blank","first_blank-vo","vo",7,163,"inequí-vo","inequí",1,162,5,3,"voluntariamente","inequívoluntariamente"
874,"vo","vo-ter","ter",2,1,"vo-arl","arl",1,0,0,1,"voter","voarl"
783,"vo","vo-to","to",2,2,"vo-las","las",2,0,1,1,"voto","volas"
539,"lk","lk-last_blank","last_blank",1,4,"iz-last_blank","iz",4,0,0,1,"walk","waiz"
448,"first_blank","first_blank-war","war",3,6,"first_blank-aboi","aboi",6,0,1,1,"warrior","aboirior"
155,"first_blank","first_blank-wat","wat",2,2,"first_blank-súb","súb",2,0,0,1,"watch","súbch"
795,"wat","wat-son","son",2,1,"fer-son","fer",1,0,0,1,"watson","ferson"
741,"we","we-b","b",1,1,"ai-b","ai",1,0,0,1,"web","aib"
673,"first_blank","first_blank-wes","wes",2,6,"first_blank-opu","opu",6,0,0,1,"western","oputern"
375,"first_blank","first_blank-we","we",1,23,"first_blank-bl","bl",23,0,0,1,"wet","blt"
828,"first_blank","first_blank-whis","whis",2,4,"first_blank-criá","criá",4,0,0,1,"whistle","criátle"
531,"first_blank","first_blank-wi","wi",2,26,"first_blank-den","den",26,0,1,1,"wire","denre"
83,"sh","sh-last_blank","last_blank",1,8,"lá-last_blank","lá",8,0,0,1,"wish","wilá"
561,"first_blank","first_blank-wit","wit",2,1,"first_blank-rer","rer",1,0,0,1,"witch","rerch"
160,"zard","zard-last_blank","last_blank",2,2,"raña-last_blank","raña",2,0,0,1,"wizard","wiraña"
372,"first_blank","first_blank-wo","wo",1,25,"first_blank-ai","ai",25,0,0,1,"wolf","ailf"
146,"first_blank","first_blank-wo","wo",1,25,"first_blank-fl","fl",25,0,0,1,"world","flrld"
328,"first_blank","first_blank-wri","wri",2,1,"first_blank-got","got",1,0,0,1,"write","gotte"
239,"first_blank","first_blank-wri","wri",2,1,"first_blank-gós","gós",1,0,0,1,"writing","gósting"
956,"xan","xan-tar","tar",2,1,"pis-tar","pis",1,0,0,1,"xantar","pistar"
881,"xe","xe-ar","ar",2,5,"xe-ses","ses",5,0,1,1,"xear","xeses"
164,"fe","fe-last_blank","last_blank",2,21,"ris-last_blank","ris",21,0,1,1,"xefe","xeris"
988,"ne","ne-ro","ro",4,12,"rakha-ro","rakha",1,11,3,1,"xeneroso","xerakharoso"
608,"xe","xe-onl","onl",3,2,"xe-ción","ción",2,0,1,1,"xeonllo","xeciónlo"
972,"men","men-te","te",4,651,"truír-te","truír",1,650,2,1,"xeralmente","xeraltruírte"
305,"xi","xi-rar","rar",2,4,"xi-nei","nei",5,1,0,1,"xirar","xinei"
917,"rin","rin-ga","ga",3,3,"obli-ga","obli",3,0,1,1,"xiringa","xiobliga"
436,"xo","xo-go","go",2,1,"dan-go","dan",1,0,1,1,"xogo","dango"
652,"gue","gue-te","te",3,9,"rían-te","rían",9,0,1,1,"xoguete","xoríante"
569,"ia","ia-last_blank","last_blank",1,20,"tu-last_blank","tu",20,0,0,1,"xoia","xotu"
487,"nal","nal-last_blank","last_blank",2,89,"cer-last_blank","cer",89,0,0,1,"xornal","xorcer"
427,"first_blank","first_blank-xor","xor",4,25,"first_blank-amaña","amaña",21,4,2,1,"xornalista","amañanalista"
414,"íz","íz-last_blank","last_blank",1,2,"kr-last_blank","kr",2,0,0,1,"xuíz","xukr"
130,"first_blank","first_blank-xuí","xuí",2,3,"first_blank-loc","loc",3,0,0,1,"xuízo","loczo"
503,"first_blank","first_blank-xul","xul",2,36,"first_blank-gas","gas",36,0,0,1,"xullo","gaslo"
509,"ra","ra-men","men",4,41,"ra-buñar","buñar",1,40,2,1,"xuramento","xurabuñarto"
682,"first_blank","first_blank-xus","xus",3,31,"first_blank-char","char",31,0,1,1,"xustiza","chartiza"
630,"first_blank","first_blank-zo","zo",2,26,"first_blank-den","den",26,0,1,1,"zona","denna"
172,"first_blank","first_blank-zu","zu",2,18,"first_blank-cór","cór",18,0,1,1,"zume","córme"
