"word_id","first","original_pair","second","syll","original_freq","replacement_pair","replacement_syll","replacement_freq","freq_diff","char_diff","letter_diff","original_word","replacement_word"
939,"first_blank","first_blank-abai","abai",2,8,"first_blank-aris","aris",8,0,0,1,"abaixo","arisxo"
210,"tely","tely-last_blank","last_blank",4,1,"fríos-last_blank","fríos",1,0,1,1,"absolutely","absolufríos"
521,"first_blank","first_blank-ac","ac",6,137,"first_blank-hollywo","hollywo",4,133,5,1,"accidentalmente","hollywocidentalmente"
742,"first_blank","first_blank-ache","ache",3,58,"first_blank-tran","tran",57,1,0,1,"achegada","trangada"
763,"ti","ti-var","var",3,7,"ti-tuín","tuín",6,1,1,1,"activar","actituín"
18,"ac","ac-ti","ti",3,32,"subs-ti","subs",31,1,2,1,"active","substive"
719,"first_blank","first_blank-ades","ades",3,27,"first_blank-bran","bran",27,0,0,1,"adestrador","brantrador"
464,"ción","ción-last_blank","last_blank",5,808,"trañar-last_blank","trañar",3,805,2,1,"administración","administratrañar"
60,"mi","mi-re","re",3,5,"ocór-re","ocór",5,0,2,1,"admire","adocórre"
222,"mit","mit-last_blank","last_blank",2,1,"dré-last_blank","dré",1,0,0,1,"admit","addré"
693,"ad","ad-n","n",1,1,"eí-n","eí",1,0,0,1,"adn","eín"
682,"adul","adul-to","to",2,1,"avói-to","avói",1,0,0,1,"adulto","avóito"
635,"first_blank","first_blank-afo","afo",2,28,"first_blank-sig","sig",28,0,0,1,"afogar","siggar"
49,"first_blank","first_blank-áfri","áfri",2,1,"first_blank-noir","noir",1,0,0,1,"áfrica","noirca"
165,"agar","agar-rar","rar",2,4,"agar-dán","dán",6,2,0,1,"agarrar","agardán"
540,"ago","ago-ra","ra",2,1,"tai-ra","tai",1,0,0,1,"agora","taira"
564,"agra","agra-da","da",3,9,"inun-da","inun",9,0,0,1,"agradable","inundable"
471,"agra","agra-de","de",4,50,"orquí-de","orquí",1,49,1,1,"agradecido","orquídecido"
988,"first_blank","first_blank-agul","agul",2,2,"first_blank-igre","igre",2,0,0,1,"agulla","igrela"
671,"first_blank","first_blank-ai","ai",1,25,"first_blank-fl","fl",25,0,0,1,"air","flr"
146,"bum","bum-last_blank","last_blank",2,1,"táo-last_blank","táo",1,0,0,1,"álbum","áltáo"
320,"cohol","cohol-last_blank","last_blank",2,1,"combs-last_blank","combs",1,0,0,1,"alcohol","alcombs"
29,"first_blank","first_blank-aler","aler",2,8,"first_blank-clau","clau",8,0,0,1,"alerta","clauta"
205,"ta","ta-ción","ción",4,74,"ta-maños","maños",1,73,1,1,"alimentación","alimentamaños"
168,"al","al-lo","lo",2,1,"pra-lo","pra",1,0,1,1,"allo","pralo"
878,"al","al-ma","ma",2,18,"fór-ma","fór",12,6,1,1,"alma","fórma"
792,"guer","guer-last_blank","last_blank",2,4,"ders-last_blank","ders",4,0,0,1,"aluguer","aluders"
755,"teur","teur-last_blank","last_blank",2,4,"trea-last_blank","trea",4,0,0,1,"amateur","amatrea"
82,"am","am-bi","bi",4,24,"prohi-bi","prohi",14,10,3,1,"ambiente","prohibiente"
485,"lan","lan-cia","cia",4,2,"lan-gráns","gráns",1,1,2,1,"ambulancia","ambulangráns"
528,"ana","ana-lis","lis",3,1,"ana-toly","toly",1,0,1,1,"analista","anatolyta"
152,"an","an-ar","ar",1,1,"an-ky","ky",1,0,0,1,"anarquía","ankyquía"
766,"ana","ana-to","to",3,2,"prés-to","prés",2,0,1,1,"anatomía","préstomía"
817,"chor","chor-last_blank","last_blank",2,1,"nair-last_blank","nair",1,0,0,1,"anchor","annair"
199,"an","an-el","el",1,1,"an-ko","ko",1,0,0,1,"anel","anko"
295,"gel","gel-last_blank","last_blank",2,10,"lor-last_blank","lor",10,0,0,1,"angel","anlor"
55,"sa","sa-rio","rio",4,10,"sa-feway","feway",1,9,2,1,"aniversario","aniversafeway"
285,"anó","anó-ni","ni",3,4,"ucra-ni","ucra",4,0,1,1,"anónimo","ucranimo"
942,"do","do-to","to",4,4,"riñen-to","riñen",1,3,3,1,"antidoto","antiriñento"
523,"first_blank","first_blank-apai","apai",4,17,"first_blank-esqué","esqué",17,0,1,1,"apaixonante","esquéxonante"
691,"aper","aper-tu","tu",3,2,"fluc-tu","fluc",1,1,0,1,"apertura","fluctura"
941,"car","car-last_blank","last_blank",2,139,"ten-last_blank","ten",139,0,0,1,"aplicar","apliten"
75,"first_blank","first_blank-apoi","apoi",2,39,"first_blank-aver","aver",38,1,0,1,"apoiar","averar"
354,"der","der-last_blank","last_blank",2,99,"gos-last_blank","gos",95,4,0,1,"aprender","aprengos"
36,"uí","uí-last_blank","last_blank",1,3,"ír-last_blank","ír",3,0,0,1,"aquí","aqír"
999,"first_blank","first_blank-ár","ár",1,11,"first_blank-ró","ró",11,0,0,1,"área","róea"
106,"are","are-na","na",2,1,"sou-na","sou",1,0,0,1,"arena","souna"
670,"ran","ran-xar","xar",3,5,"quei-xar","quei",7,2,1,1,"arranxar","arqueixar"
703,"ris","ris-ca","ca",4,17,"ris-tophe","tophe",1,16,3,1,"arriscado","arristophedo"
65,"se","se-nal","nal",3,1,"se-mión","mión",1,0,1,1,"arsenal","arsemión"
557,"ar","ar-t","t",1,3,"en-t","en",3,0,0,1,"art","ent"
592,"te","te-fac","fac",4,2,"te-muños","muños",1,1,2,1,"artefacto","artemuñosto"
992,"ar","ar-ti","ti",3,9,"exis-ti","exis",10,1,2,1,"artigo","existigo"
714,"tis","tis-ta","ta",3,18,"apun-ta","apun",20,2,1,1,"artista","arapunta"
1,"eces","eces-last_blank","last_blank",3,1,"pião-last_blank","pião",1,0,0,1,"ás veces","ás vpião"
628,"first_blank","first_blank-asa","asa",3,39,"first_blank-subs","subs",40,1,1,1,"asasina","subssina"
322,"as","as-h","h",1,5,"it-h","it",4,1,0,1,"ash","ith"
619,"pi","pi-ri","ri",4,10,"kathe-ri","kathe",1,9,3,1,"aspirina","askatherina"
132,"as","as-s","s",1,4,"en-s","en",4,0,0,1,"ass","ens"
713,"nau","nau-ta","ta",4,1,"trein-ta","trein",1,0,2,1,"astronauta","astrotreinta"
247,"first_blank","first_blank-asus","asus",3,44,"first_blank-obri","obri",45,1,0,1,"asustado","obritado"
450,"at","at-aú","aú",1,1,"at-ua","ua",1,0,0,1,"ataúd","atuad"
83,"first_blank","first_blank-aten","aten",2,36,"first_blank-acor","acor",36,0,0,1,"atención","acorción"
428,"first_blank","first_blank-ater","ater",3,38,"first_blank-trou","trou",37,1,0,1,"aterraxe","trouraxe"
654,"first_blank","first_blank-ató","ató",3,22,"first_blank-coñé","coñé",22,0,1,1,"atómica","coñémica"
346,"first_blank","first_blank-atrac","atrac",3,6,"first_blank-apaña","apaña",6,0,0,1,"atractivo","apañativo"
544,"ún","ún-last_blank","last_blank",1,2,"hu-last_blank","hu",2,0,0,1,"atún","athu"
995,"di","di-ción","ción",3,17,"di-reil","reil",7,10,0,1,"audición","audireil"
787,"men","men-tar","tar",3,22,"afas-tar","afas",5,17,1,1,"aumentar","auafastar"
438,"au","au-tó","tó",4,8,"au-champ","champ",1,7,3,1,"autógrafo","auchampgrafo"
52,"au","au-top","top",3,1,"au-metz","metz",1,0,1,1,"autopsia","aumetzsia"
20,"tor","tor-last_blank","last_blank",2,92,"dan-last_blank","dan",93,1,0,1,"autor","audan"
232,"first_blank","first_blank-avan","avan",2,25,"first_blank-ofen","ofen",25,0,0,1,"avanzar","ofenzar"
812,"first_blank","first_blank-ave","ave",2,22,"first_blank-cól","cól",22,0,0,1,"avenue","cólnue"
597,"avi","avi-so","so",2,2,"bro-so","bro",2,0,0,1,"aviso","broso"
88,"first_blank","first_blank-av","av",1,24,"first_blank-cá","cá",24,0,0,1,"avó","cáó"
424,"first_blank","first_blank-avo","avo",3,11,"first_blank-chur","chur",11,0,1,1,"avogado","churgado"
293,"first_blank","first_blank-axen","axen",2,6,"first_blank-clan","clan",6,0,0,1,"axente","clante"
90,"first_blank","first_blank-axu","axu",2,115,"first_blank-por","por",118,3,0,1,"axuda","porda"
181,"cre","cre-last_blank","last_blank",2,6,"seu-last_blank","seu",6,0,0,1,"azucre","azuseu"
648,"by","by-last_blank","last_blank",1,10,"ok-last_blank","ok",10,0,0,1,"baby","baok"
937,"first_blank","first_blank-bad","bad",2,2,"first_blank-ams","ams",2,0,0,1,"badge","amsge"
242,"goa","goa-last_blank","last_blank",2,8,"bin-last_blank","bin",8,0,0,1,"bágoa","bábin"
490,"first_blank","first_blank-bai","bai",2,93,"first_blank-apa","apa",93,0,0,1,"baixo","apaxo"
448,"ba","ba-lei","lei",3,22,"ba-ción","ción",7,15,1,1,"baleiro","baciónro"
452,"ba","ba-lon","lon",4,3,"ba-athis","athis",1,2,2,1,"baloncesto","baathiscesto"
884,"na","na-na","na",3,8,"asig-na","asig",9,1,2,1,"banana","baasigna"
420,"first_blank","first_blank-ban","ban",2,56,"first_blank-sos","sos",56,0,0,1,"banca","sosca"
852,"first_blank","first_blank-ban","ban",3,56,"first_blank-afor","afor",57,1,1,1,"bandeira","afordeira"
527,"ban","ban-quei","quei",3,2,"ban-king","king",1,1,0,1,"banqueiro","bankingro"
217,"rón","rón-last_blank","last_blank",2,25,"cei-last_blank","cei",25,0,0,1,"barón","bacei"
830,"first_blank","first_blank-ba","ba",2,359,"first_blank-dis","dis",372,13,1,1,"base","disse"
728,"ba","ba-y","y",1,1,"ot-y","ot",1,0,0,1,"bay","oty"
976,"ar","ar-last_blank","last_blank",2,278,"cia-last_blank","cia",278,0,1,1,"bear","becia"
54,"ast","ast-last_blank","last_blank",2,1,"xid-last_blank","xid",1,0,0,1,"beast","bexid"
107,"ber","ber-last_blank","last_blank",2,28,"van-last_blank","van",28,0,0,1,"beber","bevan"
56,"be","be-e","e",1,4,"to-e","to",4,0,0,1,"bee","toe"
115,"blia","blia-last_blank","last_blank",2,1,"lois-last_blank","lois",1,0,0,1,"biblia","bilois"
630,"bli","bli-o","o",5,2,"hollywo-o","hollywo",3,1,4,1,"biblioteca","bihollywooteca"
498,"bi","bi-co","co",2,3,"bi-nar","nar",3,0,1,1,"bico","binar"
468,"bi","bi-g","g",1,1,"ur-g","ur",1,0,0,1,"big","urg"
909,"nd","nd-last_blank","last_blank",1,14,"rt-last_blank","rt",14,0,0,1,"bind","birt"
155,"bi","bi-sh","sh",1,1,"bi-ti","ti",1,0,0,1,"bishop","bitiop"
913,"ket","ket-last_blank","last_blank",2,8,"rís-last_blank","rís",8,0,0,1,"blanket","blanrís"
690,"first_blank","first_blank-blo","blo",4,26,"first_blank-triun","triun",21,5,2,1,"bloqueado","triunqueado"
93,"bo","bo-last_blank","last_blank",1,76,"ke-last_blank","ke",59,17,0,1,"bo","ke"
638,"bo","bo-ca","ca",2,14,"rin-ca","rin",13,1,1,1,"boca","rinca"
112,"first_blank","first_blank-bol","bol",4,17,"first_blank-esqué","esqué",17,0,2,1,"bolboreta","esquéboreta"
390,"mb","mb-last_blank","last_blank",1,1,"cí-last_blank","cí",1,0,0,1,"bomb","bocí"
114,"ni","ni-to","to",3,14,"ni-ción","ción",9,5,2,1,"bonito","bonición"
786,"nus","nus-last_blank","last_blank",2,8,"bil-last_blank","bil",8,0,0,1,"bonus","bobil"
846,"bo","bo-ot","ot",2,1,"bo-les","les",1,0,1,1,"boot","boles"
733,"tón","tón-last_blank","last_blank",2,38,"sou-last_blank","sou",38,0,0,1,"botón","bosou"
715,"bo","bo-wl","wl",2,1,"bo-xes","xes",1,0,1,1,"bowl","boxes"
173,"first_blank","first_blank-br","br",1,37,"first_blank-wa","wa",37,0,0,1,"brain","waain"
113,"bran","bran-co","co",2,1,"tros-co","tros",1,0,0,1,"branco","trosco"
41,"first_blank","first_blank-bra","bra",2,36,"first_blank-mag","mag",36,0,0,1,"bravo","magvo"
177,"first_blank","first_blank-bri","bri",2,23,"first_blank-ide","ide",23,0,0,1,"bribe","idebe"
125,"bril","bril-lo","lo",2,1,"stal-lo","stal",1,0,0,1,"brillo","stallo"
92,"dis","dis-last_blank","last_blank",2,7,"zer-last_blank","zer",7,0,0,1,"brindis","brinzer"
91,"first_blank","first_blank-br","br",1,37,"first_blank-je","je",37,0,0,1,"brown","jeown"
253,"first_blank","first_blank-bru","bru",2,33,"first_blank-ope","ope",33,0,0,1,"brutal","opetal"
379,"rs","rs-t","t",1,2,"ya-t","ya",2,0,0,1,"burst","buyat"
423,"first_blank","first_blank-bus","bus",2,83,"first_blank-eli","eli",83,0,0,1,"busca","elica"
62,"sh","sh-last_blank","last_blank",1,8,"nk-last_blank","nk",8,0,0,1,"bush","bunk"
72,"le","le-ría","ría",4,18,"le-sións","sións",1,17,2,1,"cabalería","cabalesións"
269,"ca","ca-bi","bi",3,8,"ca-rían","rían",8,0,2,1,"cabina","caríanna"
972,"ca","ca-ble","ble",2,12,"ca-ran","ran",12,0,0,1,"cable","caran"
198,"first_blank","first_blank-caí","caí",2,8,"first_blank-fel","fel",8,0,0,1,"caída","felda"
94,"first_blank","first_blank-cai","cai",2,20,"first_blank-gár","gár",20,0,0,1,"caixa","gárxa"
759,"len","len-da","da",4,4,"inqué-da","inqué",3,1,2,1,"calendario","cainquédario"
128,"ber","ber-last_blank","last_blank",3,28,"rais-last_blank","rais",28,0,1,1,"caliber","calirais"
235,"lor","lor-last_blank","last_blank",2,10,"sey-last_blank","sey",10,0,0,1,"calor","casey"
603,"first_blank","first_blank-cá","cá",3,24,"first_blank-brin","brin",24,0,2,1,"cámara","brinmara"
141,"ma","ma-rei","rei",4,24,"ma-cións","cións",12,12,2,1,"camareiro","camaciónsro"
595,"bio","bio-last_blank","last_blank",2,18,"rín-last_blank","rín",18,0,0,1,"cambio","camrín"
178,"ca","ca-mi","mi",3,19,"ca-ches","ches",23,4,2,1,"camisa","cachessa"
31,"ca","ca-mp","mp",1,1,"ca-as","as",1,0,0,1,"camp","caas"
334,"paña","paña-last_blank","last_blank",2,6,"póns-last_blank","póns",6,0,0,1,"campaña","campóns"
560,"pión","pión-last_blank","last_blank",2,3,"nics-last_blank","nics",3,0,0,1,"campión","camnics"
736,"cil","cil-ler","ler",3,1,"trái-ler","trái",1,0,1,1,"canciller","cantráiler"
962,"first_blank","first_blank-can","can",4,165,"first_blank-prohi","prohi",36,129,2,1,"candidato","prohididato"
647,"can","can-le","le",2,1,"ris-le","ris",1,0,0,1,"canle","risle"
396,"can","can-sa","sa",3,27,"abra-sa","abra",3,24,1,1,"cansado","abrasado"
632,"can","can-tan","tan",3,6,"subs-tan","subs",8,2,1,1,"cantante","substante"
138,"first_blank","first_blank-can","can",4,165,"first_blank-prohi","prohi",36,129,2,1,"cantidade","prohitidade"
477,"pa","pa-ci","ci",5,38,"pa-vlovsk","vlovsk",1,37,4,1,"capacidade","capavlovskdade"
183,"pi","pi-tal","tal",3,4,"pi-ches","ches",3,1,1,1,"capital","capiches"
871,"cap","cap-su","su",3,1,"ling-su","ling",1,0,1,1,"capsule","lingsule"
933,"col","col-last_blank","last_blank",3,5,"lían-last_blank","lían",5,0,1,1,"caracol","caralían"
708,"ca","ca-rác","rác",3,2,"ca-cahu","cahu",2,0,1,1,"carácter","cacahuter"
489,"bón","bón-last_blank","last_blank",2,8,"sil-last_blank","sil",8,0,0,1,"carbón","carsil"
156,"first_blank","first_blank-car","car",2,225,"first_blank-dei","dei",241,16,0,1,"carga","deiga"
315,"ca","ca-ri","ri",4,27,"ca-telyn","telyn",1,26,3,1,"caridade","catelyndade"
413,"ni","ni-val","val",3,1,"ni-tiño","tiño",1,0,1,1,"carnival","carnitiño"
99,"ca","ca-ro","ro",2,9,"amo-ro","amo",9,0,1,1,"caro","amoro"
795,"car","car-rei","rei",3,6,"trui-rei","trui",6,0,1,1,"carreira","truireira"
483,"cas","cas-co","co",2,1,"nói-co","nói",1,0,0,1,"casco","nóico"
617,"ca","ca-sh","sh",1,1,"ca-ho","ho",1,0,0,1,"cash","caho"
182,"ca","ca-tó","tó",4,4,"ca-miñan","miñan",5,1,3,1,"católica","camiñanlica"
710,"ca","ca-zar","zar",2,2,"ca-tei","tei",2,0,0,1,"cazar","catei"
40,"first_blank","first_blank-ce","ce",1,205,"first_blank-pu","pu",205,0,0,1,"cea","pua"
873,"ce","ce-go","go",2,3,"ce-les","les",3,0,1,1,"cego","celes"
879,"brity","brity-last_blank","last_blank",3,1,"chatz-last_blank","chatz",1,0,0,1,"celebrity","celechatz"
745,"ce","ce-ll","ll",1,1,"ce-gá","gá",1,0,0,1,"cell","cegá"
352,"ce","ce-lo","lo",3,28,"mosl-lo","mosl",20,8,2,1,"celoso","moslloso"
717,"ce","ce-men","men",3,40,"ce-rías","rías",5,35,1,1,"cemento","ceríasto"
401,"first_blank","first_blank-cer","cer",2,55,"first_blank-flo","flo",54,1,0,1,"cerca","floca"
809,"sar","sar-last_blank","last_blank",2,61,"lou-last_blank","lou",61,0,0,1,"césar","célou"
237,"ai","ai-n","n",1,3,"en-n","en",3,0,0,1,"chain","chenn"
898,"mar","mar-last_blank","last_blank",2,80,"son-last_blank","son",81,1,0,1,"chamar","chason"
33,"ch","ch-an","an",1,3,"ch-ke","ke",3,0,0,1,"chan","chke"
225,"cha","cha-os","os",2,1,"bro-os","bro",1,0,0,1,"chaos","broos"
118,"cha","cha-ve","ve",2,1,"tán-ve","tán",1,0,0,1,"chave","tánve"
954,"ch","ch-ec","ec",1,1,"ch-ot","ot",1,0,0,1,"check","chotk"
816,"first_blank","first_blank-che","che",3,101,"first_blank-apro","apro",99,2,1,1,"chegada","aprogada"
949,"che","che-gar","gar",2,6,"che-nos","nos",6,0,0,1,"chegar","chenos"
111,"mi","mi-cal","cal",3,1,"mi-lián","lián",1,0,1,1,"chemical","chemilián"
932,"first_blank","first_blank-chic","chic",2,4,"first_blank-asiá","asiá",4,0,0,1,"chicken","asiáken"
305,"ip","ip-last_blank","last_blank",1,7,"mé-last_blank","mé",7,0,0,1,"chip","chmé"
895,"ci","ci-ne","ne",2,29,"ci-ais","ais",30,1,1,1,"cine","ciais"
948,"cin","cin-na","na",3,2,"eter-na","eter",2,0,1,1,"cinnamon","eternamon"
926,"cir","cir-cle","cle",2,2,"cir-vos","vos",2,0,0,1,"circle","cirvos"
311,"ja","ja-no","no",4,1,"ja-guars","guars",1,0,3,1,"cirujano","cirujaguars"
605,"vil","vil-last_blank","last_blank",2,4,"tri-last_blank","tri",4,0,0,1,"civil","citri"
397,"first_blank","first_blank-cl","cl",1,29,"first_blank-mc","mc",29,0,0,1,"clan","mcan"
656,"first_blank","first_blank-cla","cla",4,65,"first_blank-apren","apren",73,8,2,1,"claramente","aprenramente"
366,"cla","cla-se","se",2,2,"lir-se","lir",2,0,0,1,"clase","lirse"
432,"cl","cl-ou","ou",1,1,"te-ou","te",1,0,0,1,"cloud","teoud"
98,"ub","ub-last_blank","last_blank",1,2,"nú-last_blank","nú",2,0,0,1,"club","clnú"
487,"cai","cai-ne","ne",3,1,"verg-ne","verg",1,0,1,1,"cocaine","covergne"
233,"có","có-di","di",3,2,"inau-di","inau",2,0,2,1,"código","inaudigo"
444,"co","co-le","le",3,17,"ranl-le","ranl",17,0,2,1,"colega","ranllega"
386,"col","col-ga","ga",3,21,"obrí-ga","obrí",4,17,1,1,"colgado","obrígado"
938,"first_blank","first_blank-col","col",3,180,"first_blank-atra","atra",117,63,1,1,"college","atralege"
408,"lony","lony-last_blank","last_blank",2,1,"xoia-last_blank","xoia",1,0,0,1,"colony","coxoia"
153,"co","co-man","man",4,13,"co-ciñei","ciñei",5,8,2,1,"comandante","cociñeidante"
668,"co","co-man","man",3,13,"co-ciña","ciña",12,1,1,1,"comando","cociñado"
417,"com","com-ba","ba",3,31,"apro-ba","apro",19,12,1,1,"combate","aprobate"
600,"na","na-ción","ción",4,47,"na-tasha","tasha",1,46,1,1,"combinación","combinatasha"
270,"ta","ta-rio","rio",4,38,"ta-molly","molly",1,37,2,1,"comentario","comentamolly"
204,"mer","mer-ci","ci",4,11,"gañan-ci","gañan",1,10,2,1,"comercial","cogañancial"
207,"mi","mi-sión","sión",3,12,"mi-cros","cros",4,8,0,1,"comisión","comicros"
28,"mo","mo-do","do",3,7,"tran-do","tran",7,0,2,1,"cómodo","cótrando"
239,"pany","pany-last_blank","last_blank",2,1,"mody-last_blank","mody",1,0,0,1,"company","commody"
578,"com","com-pás","pás",2,1,"ato-pás","ato",1,0,0,1,"compás","atopás"
984,"com","com-pa","pa",4,65,"trans-pa","trans",3,62,2,1,"compasivo","transpasivo"
145,"ti","ti-ción","ción",4,5,"ti-quets","quets",1,4,1,1,"competición","competiquets"
461,"ple","ple-men","men",4,16,"triña-men","triña",1,15,2,1,"complemento","comtriñamento"
951,"pra","pra-last_blank","last_blank",2,7,"zio-last_blank","zio",7,0,0,1,"compra","comzio"
162,"pro","pro-mi","mi",4,6,"alquí-mi","alquí",1,5,2,1,"compromiso","comalquímiso"
272,"cep","cep-to","to",3,5,"amon-to","amon",5,0,1,1,"concepto","conamonto"
77,"clu","clu-sión","sión",3,3,"clu-bepf","bepf",1,2,0,1,"conclusión","conclubepf"
11,"cre","cre-te","te",3,2,"tías-te","tías",2,0,1,1,"concrete","contíaste"
307,"con","con-da","da",3,3,"traí-da","traí",3,0,1,1,"condado","traídado"
137,"con","con-de","de",2,46,"obe-de","obe",29,17,0,1,"conde","obede"
805,"cir","cir-last_blank","last_blank",3,21,"lóns-last_blank","lóns",21,0,1,1,"conducir","condulóns"
802,"cia","cia-last_blank","last_blank",4,278,"poñen-last_blank","poñen",8,270,2,1,"conferencia","conferenpoñen"
224,"ma","ma-ción","ción",4,27,"ma-layer","layer",1,26,1,1,"confirmación","confirmalayer"
306,"con","con-fli","fli",3,4,"con-trou","trou",4,0,1,1,"conflito","controuto"
26,"sel","sel-lo","lo",3,4,"truí-lo","truí",4,0,1,1,"consello","contruílo"
552,"va","va-dor","dor",4,8,"va-cións","cións",6,2,2,1,"conservador","conservacións"
698,"de","de-rar","rar",4,12,"de-señei","señei",2,10,2,1,"considerar","consideseñei"
442,"first_blank","first_blank-cons","cons",4,129,"first_blank-apren","apren",73,56,1,1,"conspiración","aprenpiración"
229,"first_blank","first_blank-cons","cons",3,129,"first_blank-atra","atra",117,12,0,1,"construción","atratrución"
220,"tac","tac-tar","tar",3,2,"axus-tar","axus",2,0,1,1,"contactar","conaxustar"
774,"ción","ción-last_blank","last_blank",5,808,"trañas-last_blank","trañas",3,805,2,1,"contaminación","contaminatrañas"
231,"teñen","teñen-last_blank","last_blank",2,6,"poñer-last_blank","poñer",6,0,0,1,"conteñen","conpoñer"
15,"tra","tra-to","to",3,8,"amon-to","amon",5,3,1,1,"contrato","conamonto"
573,"trol","trol-last_blank","last_blank",2,4,"drar-last_blank","drar",4,0,0,1,"control","condrar"
304,"ver","ver-sa","sa",3,27,"riño-sa","riño",2,25,1,1,"conversa","conriñosa"
983,"ok","ok-last_blank","last_blank",2,10,"vel-last_blank","vel",10,0,1,1,"cook","covel"
135,"pa","pa-last_blank","last_blank",2,82,"rou-last_blank","rou",82,0,1,1,"copa","corou"
294,"ra","ra-xe","xe",3,9,"ra-rían","rían",8,1,2,1,"coraxe","corarían"
39,"cor","cor-ner","ner",2,1,"cor-val","val",1,0,0,1,"corner","corval"
240,"cor","cor-po","po",2,24,"des-po","des",23,1,0,1,"corpo","despo"
793,"ción","ción-last_blank","last_blank",3,808,"rías-last_blank","rías",143,665,0,1,"corrección","correcrías"
726,"co","co-w","w",1,1,"he-w","he",1,0,0,1,"cow","hew"
492,"cr","cr-ac","ac",1,2,"cr-íe","íe",2,0,0,1,"crack","críek"
292,"a","a-ción","ción",3,44,"a-bles","bles",6,38,0,1,"creación","creables"
753,"first_blank","first_blank-cre","cre",2,161,"first_blank-ven","ven",160,1,0,1,"crear","venar"
738,"first_blank","first_blank-cré","cré",3,9,"first_blank-aven","aven",9,0,1,1,"crédito","avendito"
819,"cre","cre-ma","ma",2,4,"gou-ma","gou",3,1,0,1,"crema","gouma"
723,"first_blank","first_blank-crí","crí",3,6,"first_blank-aboi","aboi",6,0,1,1,"crítico","aboitico"
930,"first_blank","first_blank-cr","cr",1,51,"first_blank-ig","ig",51,0,0,1,"crown","igown"
434,"ler","ler-last_blank","last_blank",2,45,"tao-last_blank","tao",45,0,0,1,"culler","cultao"
191,"first_blank","first_blank-cul","cul",3,72,"first_blank-tras","tras",71,1,1,1,"cultura","trastura"
335,"rent","rent-last_blank","last_blank",2,2,"raux-last_blank","raux",2,0,0,1,"current","curraux"
974,"cur","cur-se","se",2,1,"túe-se","túe",1,0,0,1,"curse","túese"
562,"cur","cur-to","to",2,4,"tes-to","tes",4,0,0,1,"curto","testo"
627,"da","da-dd","dd",1,1,"da-mé","mé",1,0,0,1,"daddy","daméy"
835,"da","da-il","il",1,1,"da-fe","fe",1,0,0,1,"daily","dafey"
259,"first_blank","first_blank-dan","dan",2,20,"first_blank-cei","cei",20,0,0,1,"dancer","ceicer"
565,"first_blank","first_blank-dark","dark",2,1,"first_blank-arus","arus",1,0,0,1,"darkness","arusness"
511,"da","da-ta","ta",2,8,"rei-ta","rei",8,0,1,1,"data","reita"
778,"en vez","en vez-last_blank","last_blank",5,1,"truían-last_blank","truían",1,0,0,1,"de cando en vez","de cando truían"
337,"oda","oda-last_blank","last_blank",3,1,"leck-last_blank","leck",1,0,1,1,"de moda","de mleck"
507,"eto","eto-last_blank","last_blank",4,1,"rións-last_blank","rións",1,0,2,1,"de súpeto","de súprións"
800,"lta","lta-last_blank","last_blank",3,1,"fazl-last_blank","fazl",1,0,1,1,"de volta","de vofazl"
757,"ca","ca-no","no",3,32,"ca-ches","ches",23,9,2,1,"decano","decaches"
495,"de","de-cen","cen",3,19,"de-rías","rías",14,5,1,1,"decente","deríaste"
722,"de","de-do","do",2,9,"tín-do","tín",9,0,1,1,"dedo","tíndo"
3,"xar","xar-last_blank","last_blank",2,52,"cía-last_blank","cía",51,1,0,1,"deixar","deicía"
372,"first_blank","first_blank-del","del",3,15,"first_blank-viñe","viñe",15,0,1,1,"delgado","viñegado"
841,"ca","ca-te","te",4,31,"ca-cións","cións",23,8,3,1,"delicate","delicacións"
869,"de","de-man","man",3,15,"de-ches","ches",8,7,1,1,"demanda","dechesda"
374,"rei","rei-to","to",3,3,"após-to","após",3,0,1,1,"dereito","deapósto"
289,"sa","sa-for","for",6,4,"sa-rigüeia","rigüeia",1,3,4,1,"desafortunado","desarigüeiatunado"
887,"da","da-ble","ble",5,9,"da-rezhan","rezhan",1,8,3,1,"desagradable","desagradarezhan"
872,"can","can-so","so",3,2,"opre-so","opre",2,0,1,1,"descanso","desopreso"
392,"bir","bir-last_blank","last_blank",3,12,"días-last_blank","días",12,0,1,1,"describir","descridías"
945,"ser","ser-to","to",3,3,"após-to","após",3,0,1,1,"deserto","deapósto"
973,"si","si-re","re",3,4,"ocór-re","ocór",5,1,2,1,"desire","deocórre"
661,"sk","sk-last_blank","last_blank",1,2,"oc-last_blank","oc",2,0,0,1,"desk","deoc"
910,"na","na-dor","dor",4,16,"na-cións","cións",13,3,2,1,"detonador","detonacións"
308,"de","de-us","us",1,1,"de-rb","rb",1,0,0,1,"deus","derb"
991,"a","a-mond","mond",3,1,"a-dáev","dáev",1,0,0,1,"diamond","diadáev"
84,"di","di-an","an",3,20,"di-ches","ches",19,1,2,1,"diante","dicheste"
639,"ar","ar-rea","rea",3,2,"ar-taud","taud",1,1,1,1,"diarrea","diartaud"
441,"rio","rio-last_blank","last_blank",5,230,"dlands-last_blank","dlands",1,229,3,1,"dicionario","dicionadlands"
230,"cir","cir-last_blank","last_blank",2,21,"dez-last_blank","dez",21,0,0,1,"dicir","didez"
130,"di","di-g","g",1,1,"ur-g","ur",1,0,0,1,"dig","urg"
934,"ting","ting-last_blank","last_blank",3,6,"bran-last_blank","bran",6,0,0,1,"digusting","digusbran"
501,"nas","nas-tía","tía",3,1,"flec-tía","flec",1,0,1,1,"dinastía","diflectía"
466,"plo","plo-ma","ma",3,6,"ches-ma","ches",6,0,1,1,"diploma","dichesma"
302,"rect","rect-last_blank","last_blank",2,1,"dred-last_blank","dred",1,0,0,1,"direct","didred"
794,"di","di-rt","rt",1,1,"no-rt","no",1,0,0,1,"dirty","norty"
844,"dis","dis-cur","cur",3,3,"dis-poñi","poñi",3,0,1,1,"discurso","dispoñiso"
877,"dis","dis-tan","tan",3,10,"asal-tan","asal",4,6,1,1,"distancia","asaltancia"
587,"vor","vor-cio","cio",3,1,"exip-cio","exip",1,0,1,1,"divorcio","diexipcio"
928,"bre","bre-last_blank","last_blank",2,37,"deu-last_blank","deu",37,0,0,1,"dobre","dodeu"
257,"do","do-ce","ce",2,7,"sin-ce","sin",7,0,1,1,"doce","since"
164,"do","do-g","g",1,1,"ur-g","ur",1,0,0,1,"dog","urg"
990,"do","do-ll","ll",1,1,"do-ci","ci",1,0,0,1,"doll","doci"
133,"key","key-last_blank","last_blank",2,11,"ril-last_blank","ril",11,0,0,1,"donkey","donril"
532,"first_blank","first_blank-do","do",2,258,"first_blank-res","res",282,24,1,1,"dose","resse"
851,"first_blank","first_blank-dou","dou",3,33,"first_blank-acen","acen",33,0,1,1,"dourado","acenrado"
556,"first_blank","first_blank-dra","dra",2,27,"first_blank-lon","lon",27,0,0,1,"dragón","longón"
202,"first_blank","first_blank-dra","dra",2,27,"first_blank-pul","pul",27,0,0,1,"drama","pulma"
810,"first_blank","first_blank-dra","dra",4,27,"first_blank-esqué","esqué",17,10,2,1,"dramática","esquémática"
858,"op","op-last_blank","last_blank",1,5,"eh-last_blank","eh",5,0,0,1,"drop","dreh"
166,"first_blank","first_blank-dú","dú",1,9,"first_blank-it","it",9,0,0,1,"dúas","itas"
874,"first_blank","first_blank-dú","dú",3,9,"first_blank-prén","prén",9,0,2,1,"dúbida","prénbida"
97,"du","du-cha","cha",2,3,"du-tos","tos",4,1,0,1,"ducha","dutos"
126,"du","du-de","de",2,1,"cai-de","cai",1,0,1,1,"dude","caide"
956,"dv","dv-d","d",1,1,"ur-d","ur",1,0,0,1,"dvd","urd"
664,"elec","elec-ción","ción",2,1,"elec-troi","troi",1,0,0,2,"elección","electroi"
771,"nar","nar-last_blank","last_blank",3,114,"sión-last_blank","sión",118,4,1,1,"eliminar","elimisión"
607,"em","em-bai","bai",4,6,"em-preña","preña",2,4,2,1,"embaixada","empreñaxada"
606,"xa","xa-dor","dor",4,5,"xa-ríanl","ríanl",2,3,2,1,"embaixador","embaixaríanl"
89,"pre","pre-sa","sa",3,31,"riño-sa","riño",2,29,1,1,"empresa","emriñosa"
911,"rón","rón-last_blank","last_blank",3,25,"guei-last_blank","guei",25,0,1,1,"empurrón","empurguei"
784,"ade","ade-last_blank","last_blank",6,1,"tiquíns-last_blank","tiquíns",1,0,4,1,"en realidade","en realidtiquíns"
108,"can","can-to","to",3,9,"elec-to","elec",5,4,1,1,"encanto","enelecto"
440,"glish","glish-last_blank","last_blank",2,1,"drush-last_blank","drush",1,0,0,1,"english","endrush"
943,"ter","ter-last_blank","last_blank",2,126,"que-last_blank","que",127,1,0,1,"enter","enque"
676,"mo","mo-last_blank","last_blank",5,594,"mo-nastyrsky","nastyrsky",1,593,1,2,"entusiasmo","entusiasmonastyrsky"
66,"xeñei","xeñei-ro","ro",3,1,"perhe-ro","perhe",1,0,0,1,"enxeñeiro","enperhero"
359,"first_blank","first_blank-equi","equi",4,75,"first_blank-apren","apren",73,2,1,1,"equipamento","aprenpamento"
360,"first_blank","first_blank-er","er",2,128,"first_blank-aca","aca",128,0,1,1,"erro","acaro"
365,"coi","coi-tar","tar",3,6,"quen-tar","quen",6,0,1,1,"escoitar","esquentar"
833,"col","col-la","la",3,5,"inha-la","inha",5,0,1,1,"escolla","esinhala"
14,"col","col-ta","ta",3,9,"aper-ta","aper",9,0,1,1,"escolta","esaperta"
64,"cu","cu-do","do",3,2,"cu-sión","sión",2,0,2,1,"escudo","escusión"
197,"pa","pa-da","da",3,29,"guin-da","guin",14,15,2,1,"espada","esguinda"
936,"pe","pe-ci","ci",4,29,"pe-gañen","gañen",3,26,3,1,"especial","espegañenal"
368,"ta","ta-last_blank","last_blank",6,1019,"ta-tuíñas","tuíñas",1,1018,4,2,"especialista","especialistatuíñas"
371,"pe","pe-ra","ra",3,124,"afor-ra","afor",19,105,2,1,"espera","esaforra"
406,"ran","ran-za","za",4,11,"esqué-za","esqué",2,9,2,1,"esperanza","espeesquéza"
4,"pi","pi-nal","nal",3,1,"pi-lins","lins",1,0,1,1,"espinal","espilins"
814,"je","je-last_blank","last_blank",5,6,"quiñas-last_blank","quiñas",4,2,4,1,"espionaje","espionaquiñas"
549,"que","que-ce","ce",3,37,"coñé-ce","coñé",17,20,1,1,"esquece","escoñéce"
102,"ta","ta-dio","dio",3,1,"ta-gawa","gawa",1,0,1,1,"estadio","estagawa"
730,"es","es-ta","ta",3,185,"fron-ta","fron",22,163,2,1,"estado","frontado"
175,"es","es-tó","tó",4,3,"es-naquí","naquí",2,1,3,1,"estómago","esnaquímago"
491,"tra","tra-da","da",3,19,"guin-da","guin",14,5,1,1,"estrada","esguinda"
53,"trei","trei-to","to",3,2,"apos-to","apos",2,0,0,1,"estreito","esaposto"
280,"trés","trés-last_blank","last_blank",2,2,"vens-last_blank","vens",2,0,0,1,"estrés","esvens"
756,"tu","tu-dan","dan",4,6,"tu-nheim","nheim",1,5,2,1,"estudante","estunheimte"
679,"first_blank","first_blank-eter","eter",2,9,"first_blank-aven","aven",9,0,0,1,"eterno","avenno"
747,"first_blank","first_blank-evi","evi",3,36,"first_blank-afec","afec",36,0,1,1,"evidencia","afecdencia"
254,"il","il-last_blank","last_blank",1,15,"oo-last_blank","oo",15,0,0,1,"evil","evoo"
633,"first_blank","first_blank-evo","evo",4,24,"first_blank-triun","triun",21,3,2,1,"evolution","triunlution"
516,"first_blank","first_blank-exa","exa",2,32,"first_blank-lin","lin",32,0,0,1,"exame","linme"
529,"first_blank","first_blank-exa","exa",3,32,"first_blank-afun","afun",32,0,1,1,"examinar","afunminar"
472,"ce","ce-len","len",4,7,"ce-siñas","siñas",1,6,2,1,"excelente","excesiñaste"
290,"ex","ex-cep","cep",5,7,"ex-trañas","trañas",1,6,3,1,"excepcional","extrañascional"
439,"first_blank","first_blank-éxi","éxi",2,3,"first_blank-hún","hún",3,0,0,1,"éxito","húnto"
219,"cia","cia-last_blank","last_blank",5,278,"ladhor-last_blank","ladhor",2,276,3,1,"experiencia","experienladhor"
907,"ri","ri-men","men",5,29,"ri-quiñas","quiñas",2,27,3,1,"experimento","experiquiñasto"
718,"ca","ca-ción","ción",4,62,"ca-bréas","bréas",1,61,1,1,"explicación","explicabréas"
22,"tra","tra-last_blank","last_blank",2,64,"can-last_blank","can",66,2,0,1,"extra","excan"
326,"ey","ey-e","e",1,1,"hw-e","hw",1,0,0,1,"eye","hwe"
752,"bri","bri-ca","ca",3,19,"apar-ca","apar",12,7,1,1,"fábrica","fáaparca"
310,"cer","cer-last_blank","last_blank",2,89,"nal-last_blank","nal",89,0,0,1,"facer","fanal"
338,"first_blank","first_blank-fac","fac",2,15,"first_blank-tou","tou",15,0,0,1,"factor","toutor"
780,"fa","fa-ir","ir",1,1,"fa-nu","nu",1,0,0,1,"fair","fanu"
395,"ke","ke-last_blank","last_blank",2,59,"xas-last_blank","xas",59,0,1,1,"fake","faxas"
876,"fa","fa-lar","lar",2,7,"fa-men","men",6,1,0,1,"falar","famen"
831,"fa","fa-me","me",2,8,"tro-me","tro",8,0,1,1,"fame","trome"
917,"far","far-mer","mer",2,1,"far-tan","tan",1,0,0,1,"farmer","fartan"
705,"fa","fa-se","se",2,3,"amó-se","amó",3,0,1,1,"fase","amóse"
291,"fa","fa-te","te",2,1,"déi-te","déi",1,0,1,1,"fate","déite"
376,"de","de-ral","ral",3,5,"de-téña","téña",3,2,1,1,"federal","fedetéña"
203,"fe","fe-ed","ed",2,1,"fe-téa","téa",1,0,1,1,"feed","fetéa"
825,"ci","ci-tar","tar",4,16,"ci-sións","sións",1,15,2,1,"felicitar","felicisións"
328,"nó","nó-me","me",4,3,"poñer-me","poñer",3,0,3,1,"fenómeno","fepoñermeno"
550,"ri","ri-da","da",3,57,"agar-da","agar",32,25,2,1,"ferida","feagarda"
312,"fi","fi-chei","chei",3,2,"fi-nais","nais",2,0,0,1,"ficheiro","finaisro"
296,"lity","lity-last_blank","last_blank",3,2,"pran-last_blank","pran",2,0,0,1,"fidelity","fidepran"
418,"fil","fil-la","la",2,1,"api-la","api",1,0,0,1,"filla","apila"
791,"so","so-fía","fía",4,2,"so-brehu","brehu",1,1,2,1,"filosofía","filosobrehu"
8,"fi","fi-n","n",1,1,"qe-n","qe",1,0,0,1,"fin","qen"
935,"nal","nal-last_blank","last_blank",2,89,"cer-last_blank","cer",89,0,0,1,"final","ficer"
419,"fi","fi-nal","nal",4,2,"fi-trión","trión",1,1,2,1,"finalmente","fitriónmente"
530,"nan","nan-ce","ce",3,1,"abra-ce","abra",1,0,1,1,"finance","fiabrace"
422,"cei","cei-ra","ra",4,13,"danth-ra","danth",1,12,2,1,"financeira","finandanthra"
435,"first_blank","first_blank-fir","fir",4,20,"first_blank-aguan","aguan",20,0,2,1,"firmemente","aguanmemente"
586,"first_blank","first_blank-fí","fí",3,53,"first_blank-pren","pren",53,0,2,1,"física","prensica"
504,"first_blank","first_blank-flat","flat",2,1,"first_blank-blon","blon",1,0,0,1,"flatter","blonter"
350,"first_blank","first_blank-flu","flu",2,8,"first_blank-róm","róm",8,0,0,1,"fluza","rómza"
215,"fo","fo-co","co",2,2,"rín-co","rín",2,0,1,1,"foco","rínco"
179,"first_blank","first_blank-fol","fol",2,28,"first_blank-apu","apu",28,0,0,1,"follow","apulow"
512,"fon","fon-te","te",2,1,"pás-te","pás",1,0,0,1,"fonte","páste"
500,"ol","ol-last_blank","last_blank",2,14,"sía-last_blank","sía",14,0,1,1,"fool","fosía"
277,"fó","fó-ra","ra",2,2,"gra-ra","gra",2,0,1,1,"fóra","grara"
849,"la","la-rio","rio",4,7,"la-fayet","fayet",1,6,2,1,"formulario","formulafayet"
265,"for","for-te","te",2,3,"xei-te","xei",3,0,0,1,"forte","xeite"
436,"first_blank","first_blank-for","for",2,178,"first_blank-sen","sen",182,4,0,1,"forza","senza"
772,"fo","fo-x","x",1,1,"on-x","on",1,0,0,1,"fox","onx"
711,"first_blank","first_blank-frag","frag",3,6,"first_blank-ocór","ocór",6,0,0,1,"fragmento","ocórmento"
854,"fre","fre-cu","cu",4,18,"maiús-cu","maiús",2,16,2,1,"frecuencia","maiúscuencia"
274,"dom","dom-last_blank","last_blank",3,2,"kley-last_blank","kley",2,0,1,1,"freedom","freekley"
788,"fr","fr-es","es",1,1,"wi-es","wi",1,0,0,1,"fresh","wiesh"
542,"og","og-last_blank","last_blank",1,4,"pp-last_blank","pp",4,0,0,1,"frog","frpp"
915,"ra","ra-cán","cán",3,1,"ra-noia","noia",1,0,1,1,"furacán","furanoia"
684,"tu","tu-ro","ro",3,5,"chei-ro","chei",5,0,2,1,"futuro","fucheiro"
364,"fu","fu-xir","xir",2,1,"fu-gos","gos",1,0,0,1,"fuxir","fugos"
195,"bi","bi-ne","ne",4,9,"johan-ne","johan",2,7,3,1,"gabinete","gajohannete"
455,"ga","ga-in","in",1,1,"ga-ko","ko",1,0,0,1,"gain","gako"
391,"le","le-ría","ría",3,18,"le-ches","ches",4,14,1,1,"galería","galeches"
721,"first_blank","first_blank-gam","gam",2,8,"first_blank-lec","lec",8,0,0,1,"gambling","lecbling"
474,"ga","ga-ng","ng",1,1,"su-ng","su",1,0,0,1,"gang","sung"
321,"gan","gan-so","so",2,1,"ris-so","ris",1,0,0,1,"ganso","risso"
761,"ran","ran-tía","tía",3,1,"ran-dall","dall",1,0,1,1,"garantía","garandall"
689,"first_blank","first_blank-gar","gar",2,104,"first_blank-ali","ali",103,1,0,1,"garda","alida"
201,"ga","ga-s","s",1,1,"wá-s","wá",1,0,0,1,"gas","wás"
185,"nius","nius-last_blank","last_blank",2,1,"çóis-last_blank","çóis",1,0,0,1,"genius","geçóis"
19,"first_blank","first_blank-ges","ges",3,1,"first_blank-prai","prai",1,0,1,1,"gesture","praiture"
119,"first_blank","first_blank-gl","gl",1,4,"first_blank-cd","cd",4,0,0,1,"glass","cdass"
463,"first_blank","first_blank-glo","glo",4,20,"first_blank-amaña","amaña",21,1,2,1,"glorioso","amañarioso"
839,"na","na-dor","dor",4,16,"na-cións","cións",13,3,2,1,"gobernador","gobernacións"
904,"go","go-lf","lf",1,1,"go-en","en",1,0,0,1,"golf","goen"
641,"gor","gor-xa","xa",2,1,"béi-xa","béi",1,0,0,1,"gorxa","béixa"
402,"gr","gr-an","an",1,5,"nu-an","nu",5,0,0,1,"gran","nuan"
170,"gra","gra-ve","ve",2,5,"sér-ve","sér",5,0,0,1,"grave","sérve"
649,"first_blank","first_blank-gro","gro",2,26,"first_blank-var","var",26,0,0,1,"groom","varom"
180,"gus","gus-to","to",2,6,"tru-to","tru",6,0,0,1,"gusto","truto"
927,"lf","lf-last_blank","last_blank",1,6,"ez-last_blank","ez",6,0,0,1,"half","haez"
821,"roe","roe-last_blank","last_blank",2,5,"fia-last_blank","fia",5,0,0,1,"heroe","hefia"
885,"hi","hi-t","t",1,1,"ur-t","ur",1,0,0,1,"hit","urt"
278,"bb","bb-y","y",1,3,"il-y","il",3,0,0,1,"hobby","hoily"
576,"ld","ld-last_blank","last_blank",1,4,"ye-last_blank","ye",4,0,0,1,"hold","hoye"
25,"first_blank","first_blank-hor","hor",3,37,"first_blank-iden","iden",37,0,1,1,"hormona","idenmona"
971,"rn","rn-last_blank","last_blank",1,5,"gi-last_blank","gi",5,0,0,1,"horn","hogi"
594,"ror","ror-last_blank","last_blank",2,4,"ant-last_blank","ant",4,0,0,1,"horror","horant"
194,"first_blank","first_blank-hos","hos",3,38,"first_blank-ater","ater",38,0,1,1,"hospital","aterpital"
469,"first_blank","first_blank-hos","hos",6,38,"first_blank-amañarl","amañarl",1,37,4,1,"hospitalidade","amañarlpitalidade"
200,"ho","ho-t","t",1,2,"un-t","un",2,0,0,1,"hot","unt"
622,"tel","tel-last_blank","last_blank",2,12,"sin-last_blank","sin",12,0,0,1,"hotel","hosin"
58,"first_blank","first_blank-hou","hou",2,13,"first_blank-lai","lai",13,0,0,1,"house","laise"
663,"ho","ho-xe","xe",2,1,"aló-xe","aló",1,0,1,1,"hoxe","alóxe"
613,"mil","mil-de","de",3,2,"frau-de","frau",2,0,1,1,"humilde","hufraude"
905,"ea","ea-last_blank","last_blank",1,18,"ci-last_blank","ci",18,0,0,1,"idea","idci"
700,"first_blank","first_blank-ide","ide",2,23,"first_blank-gús","gús",23,0,0,1,"ideal","gúsal"
69,"no","no-ran","ran",4,6,"no-koshi","koshi",1,5,2,1,"ignorancia","ignokoshicia"
151,"first_blank","first_blank-igre","igre",2,2,"first_blank-creu","creu",2,0,0,1,"igrexa","creuxa"
547,"gal","gal-last_blank","last_blank",2,11,"veu-last_blank","veu",11,0,0,1,"ilegal","ileveu"
351,"il","il-l","l",1,3,"ai-l","ai",3,0,0,1,"ill","ail"
44,"first_blank","first_blank-il","il",4,38,"first_blank-prohi","prohi",36,2,3,1,"illusion","prohilusion"
437,"first_blank","first_blank-ima","ima",2,80,"first_blank-coi","coi",80,0,0,1,"imaxe","coixe"
246,"na","na-ción","ción",4,47,"na-kushi","kushi",1,46,1,1,"imaxinación","imaxinakushi"
343,"ri","ri-al","al",4,21,"ri-quiño","quiño",1,20,3,1,"imperial","imperiquiño"
683,"im","im-por","por",3,52,"im-bran","bran",1,51,1,1,"importa","imbranta"
394,"si","si-ble","ble",4,25,"si-señor","señor",1,24,2,1,"imposible","imposiseñor"
503,"po","po-ten","ten",4,18,"po-licìa","licìa",1,17,2,1,"impotente","impolicìate"
843,"pre","pre-sión","sión",3,11,"pre-vert","vert",1,10,0,1,"impresión","imprevert"
48,"si","si-o","o",6,125,"hollywo-o","hollywo",3,122,5,1,"impresionante","imprehollywoonante"
650,"de","de-last_blank","last_blank",6,896,"de-lahaye","lahaye",1,895,4,1,"incapacidade","incapacidadelahaye"
9,"ci","ci-den","den",4,21,"ci-piños","piños",1,20,2,1,"incidente","incipiñoste"
283,"in","in-có","có",4,5,"in-flúen","flúen",2,3,3,1,"incómodo","inflúenmodo"
643,"tria","tria-last_blank","last_blank",3,4,"guer-last_blank","guer",4,0,0,1,"industria","indusguer"
330,"in","in-flu","flu",4,10,"in-charl","charl",1,9,2,1,"influencia","incharlencia"
513,"for","for-me","me",3,7,"guei-me","guei",7,0,1,1,"informe","ingueime"
665,"first_blank","first_blank-ini","ini",3,36,"first_blank-aten","aten",36,0,1,1,"inimigo","atenmigo"
255,"ino","ino-cen","cen",3,4,"coñe-cen","coñe",4,0,1,1,"inocente","coñecente"
768,"se","se-rir","rir",3,1,"se-ball","ball",1,0,1,1,"inserir","inseball"
206,"tor","tor-last_blank","last_blank",3,92,"bles-last_blank","bles",94,2,1,1,"inspector","inspecbles"
517,"ins","ins-pi","pi",3,19,"apro-pi","apro",12,7,1,1,"inspire","apropire"
525,"tin","tin-to","to",3,6,"elec-to","elec",5,1,1,1,"instinto","inselecto"
659,"sul","sul-to","to",3,4,"amis-to","amis",4,0,1,1,"insulto","inamisto"
977,"ter","ter-na","na",6,31,"pollyan-na","pollyan",1,30,4,1,"international","inpollyannational"
968,"net","net-last_blank","last_blank",3,14,"cías-last_blank","cías",14,0,1,1,"internet","intercías"
393,"ter","ter-no","no",3,6,"guiu-no","guiu",3,3,1,1,"interno","inguiuno"
616,"per","per-last_blank","last_blank",4,23,"quiño-last_blank","quiño",15,8,2,1,"interromper","interromquiño"
837,"first_blank","first_blank-inú","inú",2,2,"first_blank-jou","jou",2,0,0,1,"inútil","joutil"
80,"va","va-si","si",4,4,"north-si","north",1,3,3,1,"invasion","innorthsion"
451,"so","so-last_blank","last_blank",5,389,"so-briñiña","briñiña",1,388,3,4,"inxenioso","inxeniosobriñiña"
188,"nuo","nuo-last_blank","last_blank",3,3,"lián-last_blank","lián",3,0,1,1,"inxenuo","inxelián"
531,"in","in-xus","xus",4,12,"in-clúen","clúen",2,10,2,1,"inxustiza","inclúentiza"
583,"first_blank","first_blank-io","io",2,12,"first_blank-agó","agó",12,0,1,1,"ioga","agóga"
775,"ir","ir-a","a",1,1,"ly-a","ly",1,0,0,1,"ira","lya"
601,"ir","ir-on","on",1,1,"ny-on","ny",1,0,0,1,"iron","nyon"
533,"first_blank","first_blank-iro","iro",2,4,"first_blank-áma","áma",4,0,0,1,"ironía","ámanía"
631,"zz","zz-last_blank","last_blank",1,3,"pó-last_blank","pó",3,0,0,1,"jazz","japó"
143,"ep","ep-last_blank","last_blank",2,5,"col-last_blank","col",5,0,1,1,"jeep","jecol"
918,"jo","jo-b","b",1,1,"ai-b","ai",1,0,0,1,"job","aib"
433,"first_blank","first_blank-jun","jun",2,1,"first_blank-eeu","eeu",1,0,0,1,"jungle","eeugle"
785,"ju","ju-st","st",1,1,"ju-di","di",1,0,0,1,"just","judi"
569,"first_blank","first_blank-ket","ket",2,2,"first_blank-raí","raí",2,0,0,1,"ketchup","raíchup"
828,"first_blank","first_blank-kid","kid",2,1,"first_blank-ite","ite",1,0,0,1,"kidnap","itenap"
776,"first_blank","first_blank-kid","kid",3,1,"first_blank-hers","hers",1,0,1,1,"kidnapper","hersnapper"
467,"ki","ki-lo","lo",2,3,"xeó-lo","xeó",3,0,1,1,"kilo","xeólo"
251,"droa","droa-last_blank","last_blank",2,1,"voia-last_blank","voia",1,0,0,1,"ladroa","lavoia"
148,"first_blank","first_blank-lám","lám",3,2,"first_blank-siño","siño",2,0,1,1,"lámpada","siñopada"
431,"nd","nd-last_blank","last_blank",1,14,"aa-last_blank","aa",14,0,0,1,"land","laaa"
875,"sa","sa-nha","nha",3,1,"sa-mund","mund",1,0,1,1,"lasanha","lasamund"
227,"la","la-w","w",1,1,"he-w","he",1,0,0,1,"law","hew"
890,"la","la-ye","ye",1,1,"re-ye","re",1,0,0,1,"layer","reyer"
415,"le","le-al","al",2,8,"le-xis","xis",8,0,1,1,"leal","lexis"
494,"al","al-da","da",4,5,"inqué-da","inqué",3,2,3,1,"lealdade","leinquédade"
979,"first_blank","first_blank-lec","lec",3,8,"first_blank-afri","afri",8,0,1,1,"lectura","afritura"
388,"gión","gión-last_blank","last_blank",2,1,"glom-last_blank","glom",1,0,0,1,"legión","leglom"
1000,"first_blank","first_blank-lei","lei",2,23,"first_blank-cro","cro",23,0,0,1,"leite","crote"
777,"first_blank","first_blank-len","len",4,20,"first_blank-amaña","amaña",21,1,2,1,"lentamente","amañatamente"
403,"first_blank","first_blank-len","len",2,20,"first_blank-pai","pai",20,0,0,1,"lento","paito"
978,"le","le-r","r",1,2,"ar-r","ar",2,0,0,1,"ler","arr"
460,"first_blank","first_blank-les","les",4,10,"first_blank-apuña","apuña",11,1,2,1,"lesbiana","apuñabiana"
313,"bra","bra-last_blank","last_blank",2,34,"sei-last_blank","sei",34,0,0,1,"libra","lisei"
443,"bre","bre-men","men",4,4,"aliña-men","aliña",1,3,2,1,"libremente","lialiñamente"
894,"li","li-ga","ga",2,13,"li-cos","cos",11,2,1,1,"liga","licos"
929,"first_blank","first_blank-light","light",2,1,"first_blank-knigh","knigh",1,0,0,1,"lightning","knighning"
866,"li","li-mo","mo",4,4,"téñen-mo","téñen",1,3,3,1,"limonada","téñenmonada"
546,"par","par-last_blank","last_blank",2,46,"dou-last_blank","dou",46,0,0,1,"limpar","limdou"
409,"li","li-p","p",1,1,"ep-p","ep",1,0,0,1,"lip","epp"
702,"tick","tick-last_blank","last_blank",2,1,"bork-last_blank","bork",1,0,0,1,"lipstick","lipsbork"
430,"quid","quid-last_blank","last_blank",2,1,"çois-last_blank","çois",1,0,0,1,"liquid","liçois"
731,"men","men-te","te",5,651,"alíñas-te","alíñas",1,650,3,1,"literalmente","literalalíñaste"
699,"first_blank","first_blank-lit","lit",2,3,"first_blank-buf","buf",3,0,0,1,"little","buftle"
865,"li","li-ve","ve",2,1,"nou-ve","nou",1,0,1,1,"live","nouve"
889,"first_blank","first_blank-lú","lú",1,8,"first_blank-py","py",8,0,0,1,"lúa","pya"
559,"lu","lu-gar","gar",2,5,"lu-xem","xem",3,2,0,1,"lugar","luxem"
426,"lu","lu-me","me",2,5,"xei-me","xei",5,0,1,1,"lume","xeime"
867,"lu","lu-nar","nar",2,1,"lu-mum","mum",1,0,0,1,"lunar","lumum"
582,"ns","ns-last_blank","last_blank",1,47,"ko-last_blank","ko",47,0,0,1,"luns","luko"
160,"fia","fia-last_blank","last_blank",2,5,"díu-last_blank","díu",5,0,0,1,"mafia","madíu"
336,"first_blank","first_blank-mag","mag",4,36,"first_blank-prohi","prohi",36,0,2,1,"magnética","prohinética"
405,"il","il-last_blank","last_blank",1,15,"oo-last_blank","oo",15,0,0,1,"mail","maoo"
963,"first_blank","first_blank-mai","mai",3,25,"first_blank-acol","acol",25,0,1,1,"maioría","acoloría"
596,"má","má-is","is",1,1,"má-ni","ni",1,0,0,1,"máis","máni"
891,"first_blank","first_blank-máis","máis",3,1,"first_blank-únan","únan",1,0,0,1,"máis baixo","únan baixo"
42,"jesty","jesty-last_blank","last_blank",2,1,"keshi-last_blank","keshi",1,0,0,1,"majesty","makeshi"
241,"ma","ma-l","l",1,1,"ue-l","ue",1,0,0,1,"mal","uel"
411,"ma","ma-le","le",2,12,"ma-ban","ban",11,1,1,1,"male","maban"
570,"le","le-tín","tín",3,3,"le-voul","voul",3,0,1,1,"maletín","malevoul"
122,"ma","ma-n","n",1,1,"on-n","on",1,0,0,1,"man","onn"
571,"ma","ma-ñá","ñá",1,3,"ma-cé","cé",3,0,0,1,"mañá","macé"
400,"so","so-last_blank","last_blank",5,389,"so-briñiña","briñiña",1,388,3,4,"marabilloso","marabillosobriñiña"
157,"ra","ra-tón","tón",3,1,"ra-cois","cois",1,0,1,1,"maratón","maracois"
754,"mar","mar-ca","ca",2,21,"res-ca","res",22,1,0,1,"marca","resca"
373,"ri","ri-do","do",3,27,"chan-do","chan",10,17,2,1,"marido","machando"
579,"ri","ri-ne","ne",3,10,"bour-ne","bour",5,5,2,1,"marine","mabourne"
953,"mar","mar-te","te",2,17,"nen-te","nen",15,2,0,1,"marte","nente"
975,"ma","ma-xia","xia",2,1,"ma-cro","cro",1,0,0,1,"maxia","macro"
446,"ma","ma-zá","zá",2,1,"ma-rao","rao",1,0,1,1,"mazá","marao"
574,"me","me-l","l",1,1,"yo-l","yo",1,0,0,1,"mel","yol"
981,"lt","lt-last_blank","last_blank",1,5,"az-last_blank","az",5,0,0,1,"melt","meaz"
553,"first_blank","first_blank-mem","mem",2,3,"first_blank-loc","loc",3,0,0,1,"membro","locbro"
342,"tal","tal-last_blank","last_blank",2,64,"nou-last_blank","nou",62,2,0,1,"mental","mennou"
598,"men","men-ti","ti",3,29,"subs-ti","subs",31,2,1,1,"mentira","substira"
74,"first_blank","first_blank-mer","mer",5,145,"first_blank-sándwi","sándwi",3,142,3,1,"mercenarios","sándwicenarios"
298,"me","me-re","re",3,30,"ocor-re","ocor",9,21,2,1,"merece","ocorrece"
834,"me","me-s","s",1,1,"ou-s","ou",1,0,0,1,"mes","ous"
897,"first_blank","first_blank-mé","mé",3,49,"first_blank-trai","trai",49,0,2,1,"método","traitodo"
767,"mi","mi-crár","crár",4,1,"mi-quiño","quiño",1,0,1,1,"micrárricas","miquiñoricas"
593,"first_blank","first_blank-mid","mid",2,3,"first_blank-áci","áci",3,0,0,1,"midnight","ácinight"
172,"mi","mi-le","le",2,7,"mi-tan","tan",7,0,1,1,"mile","mitan"
109,"first_blank","first_blank-mil","mil",3,31,"first_blank-atre","atre",31,0,1,1,"million","atrelion"
344,"first_blank","first_blank-mil","mil",4,31,"first_blank-prohi","prohi",36,5,2,1,"millonario","prohilonario"
555,"mi","mi-ng","ng",1,2,"mi-sí","sí",2,0,0,1,"ming","misí"
588,"mo","mo-last_blank","last_blank",3,594,"mo-nastyrsky","nastyrsky",1,593,1,4,"mínimo","mínimonastyrsky"
966,"mi","mi-rar","rar",2,9,"mi-che","che",8,1,0,1,"mirar","miche"
687,"ra","ra-ble","ble",4,30,"ra-cións","cións",22,8,2,1,"miserable","miseracións"
46,"tress","tress-last_blank","last_blank",2,1,"bergs-last_blank","bergs",1,0,0,1,"mistress","misbergs"
548,"mi","mi-to","to",2,13,"mi-nen","nen",11,2,1,1,"mito","minen"
765,"mo","mo-de","de",3,20,"prén-de","prén",9,11,2,1,"modelo","préndelo"
919,"der","der-no","no",3,2,"tráe-no","tráe",2,0,1,1,"moderno","motráeno"
614,"mo","mo-i","i",1,1,"gi-i","gi",1,0,0,1,"moi","gii"
465,"key","key-last_blank","last_blank",2,11,"dre-last_blank","dre",11,0,0,1,"monkey","mondre"
249,"tro","tro-last_blank","last_blank",2,70,"cen-last_blank","cen",70,0,0,1,"monstro","monscen"
377,"nu","nu-men","men",4,5,"nu-tiños","tiños",1,4,2,1,"monumento","monutiñosto"
815,"first_blank","first_blank-mon","mon",2,104,"first_blank-gar","gar",104,0,0,1,"monxe","garxe"
404,"first_blank","first_blank-mor","mor",2,131,"first_blank-ato","ato",132,1,0,1,"mortal","atotal"
284,"mor","mor-te","te",2,4,"zas-te","zas",4,0,0,1,"morte","zaste"
37,"mo","mo-ti","ti",3,13,"exis-ti","exis",10,3,2,1,"motivo","existivo"
921,"mo","mo-ver","ver",2,9,"mo-cra","cra",9,0,0,1,"mover","mocra"
823,"mu","mu-d","d",1,1,"al-d","al",1,0,0,1,"mud","ald"
85,"first_blank","first_blank-mul","mul",4,42,"first_blank-prohi","prohi",36,6,2,1,"multitude","prohititude"
339,"ce","ce-men","men",4,40,"ce-siñas","siñas",1,39,2,1,"nacemento","nacesiñasto"
34,"first_blank","first_blank-na","na",2,287,"first_blank-res","res",282,5,1,1,"nada","resda"
493,"dal","dal-last_blank","last_blank",2,11,"gen-last_blank","gen",11,0,0,1,"nadal","nagen"
675,"na","na-i","i",1,1,"ri-i","ri",1,0,0,1,"nai","rii"
276,"na","na-il","il",1,1,"na-dy","dy",1,0,0,1,"nail","nady"
385,"first_blank","first_blank-naï","naï",2,1,"first_blank-kel","kel",1,0,0,1,"naïve","kelve"
568,"na","na-nn","nn",1,1,"na-dj","dj",1,0,0,1,"nanny","nadjy"
462,"nal","nal-last_blank","last_blank",4,89,"sións-last_blank","sións",64,25,2,1,"national","natiosións"
71,"tu","tu-ral","ral",3,9,"tu-ción","ción",4,5,1,1,"natural","natución"
986,"men","men-te","te",5,651,"alíñas-te","alíñas",1,650,3,1,"naturalmente","naturalalíñaste"
427,"na","na-val","val",2,4,"na-des","des",4,0,0,1,"naval","nades"
212,"ción","ción-last_blank","last_blank",4,808,"rough-last_blank","rough",6,802,1,1,"navegación","navegarough"
640,"sa","sa-rio","rio",4,10,"sa-feway","feway",1,9,2,1,"necesario","necesafeway"
645,"ne","ne-nos","nos",2,1,"ne-rar","rar",1,0,0,1,"nenos","nerar"
629,"first_blank","first_blank-ner","ner",2,12,"first_blank-agó","agó",12,0,0,1,"nervio","agóvio"
644,"ne","ne-to","to",2,3,"ne-gri","gri",3,0,1,1,"neto","negri"
859,"tw","tw-or","or",1,1,"op-or","op",1,0,0,1,"network","neopork"
59,"first_blank","first_blank-nick","nick",3,1,"first_blank-dous","dous",1,0,0,1,"nickname","dousname"
2,"ni","ni-gh","gh",1,1,"ni-am","am",1,0,0,1,"night","niamt"
319,"first_blank","first_blank-night","night",3,1,"first_blank-igres","igres",1,0,0,1,"nightmare","igresmare"
822,"first_blank","first_blank-nin","nin",2,15,"first_blank-tou","tou",15,0,0,1,"ninja","touja"
332,"ño","ño-last_blank","last_blank",1,18,"ea-last_blank","ea",18,0,0,1,"niño","niea"
732,"no","no-bel","bel",2,1,"no-cos","cos",1,0,0,1,"nobel","nocos"
944,"bre","bre-last_blank","last_blank",2,37,"deu-last_blank","deu",37,0,0,1,"nobre","nodeu"
912,"first_blank","first_blank-no","no",2,225,"first_blank-car","car",225,0,1,1,"nome","carme"
637,"ugar","ugar-last_blank","last_blank",4,1,"seños-last_blank","seños",1,0,1,1,"noutro lugar","noutro lseños"
267,"no","no-vem","vem",3,1,"no-brar","brar",1,0,1,1,"novembro","nobrarbro"
636,"first_blank","first_blank-nu","nu",2,65,"first_blank-tri","tri",65,0,1,1,"nude","tride"
348,"nú","nú-me","me",3,3,"cían-me","cían",3,0,2,1,"número","cíanmero"
836,"nun","nun-ca","ca",2,1,"abo-ca","abo",1,0,0,1,"nunca","aboca"
87,"ción","ción-last_blank","last_blank",4,808,"poñer-last_blank","poñer",6,802,1,1,"observación","observapoñer"
282,"obs","obs-tá","tá",4,3,"aguan-tá","aguan",1,2,2,1,"obstáculo","aguantáculo"
900,"xec","xec-to","to",3,7,"amon-to","amon",5,2,1,1,"obxecto","obamonto"
658,"rer","rer-last_blank","last_blank",2,27,"nie-last_blank","nie",27,0,0,1,"ocorrer","ocornie"
51,"first_blank","first_blank-odi","odi",2,34,"first_blank-cin","cin",34,0,0,1,"odiar","cinar"
260,"first_blank","first_blank-ofer","ofer",2,3,"first_blank-atér","atér",3,0,0,1,"oferta","atérta"
660,"first_blank","first_blank-ofi","ofi",5,12,"first_blank-deshon","deshon",10,2,3,1,"oficialmente","deshoncialmente"
848,"first_blank","first_blank-ok","ok",1,2,"first_blank-bm","bm",2,0,0,1,"ok","bm"
21,"first_blank","first_blank-ol","ol",1,69,"first_blank-pá","pá",69,0,0,1,"ola","páa"
625,"ol","ol-d","d",1,2,"ha-d","ha",2,0,0,1,"old","had"
985,"brei","brei-ro","ro",3,6,"agar-ro","agar",2,4,0,1,"ombreiro","omagarro"
739,"op","op-en","en",1,1,"op-hi","hi",1,0,0,1,"open","ophi"
190,"first_blank","first_blank-ope","ope",2,33,"first_blank-dou","dou",33,0,0,1,"operar","dourar"
449,"first_blank","first_blank-ope","ope",4,33,"first_blank-triun","triun",21,12,2,1,"operativo","triunrativo"
16,"nión","nión-last_blank","last_blank",2,3,"riff-last_blank","riff",3,0,0,1,"opinión","opiriff"
729,"first_blank","first_blank-opor","opor",5,12,"first_blank-prehis","prehis",4,8,2,1,"oportunidade","prehistunidade"
57,"first_blank","first_blank-opos","opos",2,4,"first_blank-aplí","aplí",4,0,0,1,"oposto","aplíto"
783,"mis","mis-ta","ta",4,11,"aguan-ta","aguan",9,2,2,1,"optimista","optiaguanta"
478,"na","na-rio","rio",4,35,"na-beshi","beshi",1,34,2,1,"ordinario","ordinabeshi"
234,"or","or-fa","fa",4,3,"or-ciños","ciños",1,2,3,1,"orfanato","orciñosnato"
361,"gas","gas-mo","mo",3,2,"quéi-mo","quéi",2,0,1,1,"orgasmo","orquéimo"
341,"or","or-gul","gul",4,8,"or-leáns","leáns",1,7,2,1,"orgulloso","orleánsloso"
236,"ori","ori-gi","gi",3,1,"ener-gi","ener",1,0,1,1,"original","energinal"
96,"or","or-ques","ques",3,6,"or-deña","deña",1,5,0,1,"orquestra","ordeñatra"
421,"za","za-men","men",4,18,"za-chary","chary",1,17,2,1,"orzamento","orzacharyto"
861,"ós","ós-o","o",1,1,"aq-o","aq",1,0,0,1,"óso","aqo"
5,"ou","ou-t","t",1,3,"en-t","en",3,0,0,1,"out","ent"
624,"ou","ou-tei","tei",3,3,"ou-riño","riño",1,2,1,1,"outeiro","ouriñoro"
883,"ov","ov-en","en",1,1,"go-en","go",1,0,0,1,"oven","goen"
208,"en","en-cia","cia",4,24,"en-xeñei","xeñei",5,19,2,1,"paciencia","pacienxeñei"
193,"pa","pa-ci","ci",4,38,"pa-tróns","tróns",1,37,3,1,"paciente","patrónsente"
81,"pa","pa-cí","cí",4,4,"pa-paiño","paiño",1,3,3,1,"pacífico","papaiñofico"
318,"pa","pa-in","in",1,1,"pa-ng","ng",1,0,0,1,"paint","pangt"
634,"pa","pa-ís","ís",1,1,"pa-tó","tó",1,0,0,1,"país","pató"
163,"la","la-cio","cio",3,2,"la-brar","brar",2,0,1,1,"palacio","palabrar"
770,"pa","pa-n","n",1,1,"eó-n","eó",1,0,0,1,"pan","eón"
677,"pa","pa-no","no",2,17,"pa-rán","rán",16,1,1,1,"pano","parán"
618,"first_blank","first_blank-pan","pan",3,39,"first_blank-abri","abri",39,0,1,1,"pantalla","abritalla"
696,"pel","pel-last_blank","last_blank",2,4,"diz-last_blank","diz",4,0,0,1,"papel","padiz"
510,"di","di-se","se",4,12,"di-cións","cións",11,1,3,1,"paradise","paradicións"
245,"noid","noid-last_blank","last_blank",3,1,"cleo-last_blank","cleo",1,0,0,1,"paranoid","paracleo"
838,"par","par-la","la",4,5,"imosl-la","imosl",1,4,2,1,"parlamento","imosllamento"
218,"sa","sa-xei","xei",4,8,"sa-cións","cións",5,3,2,1,"pasaxeiro","pasaciónsro"
914,"pa","pa-ta","ta",3,19,"quis-ta","quis",21,2,2,1,"pataca","quistaca"
486,"mo","mo-nio","nio",4,3,"mo-orhen","orhen",1,2,2,1,"patrimonio","patrimoorhen"
100,"pe","pe-lo","lo",2,12,"pe-chá","chá",10,2,1,1,"pelo","pechá"
347,"nalty","nalty-last_blank","last_blank",2,1,"nhall-last_blank","nhall",1,0,0,1,"penalty","penhall"
818,"pen","pen-sións","sións",2,2,"clu-sións","clu",2,0,0,1,"pensións","clusións"
454,"de","de-dor","dor",3,7,"de-frau","frau",8,1,1,1,"perdedor","perdefrau"
287,"per","per-do","do",3,35,"chan-do","chan",10,25,1,1,"perdoar","chandoar"
599,"dón","dón-last_blank","last_blank",2,11,"lao-last_blank","lao",11,0,0,1,"perdón","perlao"
286,"fil","fil-last_blank","last_blank",2,2,"nhe-last_blank","nhe",2,0,0,1,"perfil","pernhe"
61,"per","per-mi","mi",3,69,"oquí-mi","oquí",1,68,1,1,"permiso","oquímiso"
551,"tir","tir-last_blank","last_blank",3,48,"ríao-last_blank","ríao",50,2,1,1,"permitir","permiríao"
506,"soa","soa-last_blank","last_blank",2,5,"med-last_blank","med",5,0,0,1,"persoa","permed"
524,"per","per-so","so",3,26,"trom-so","trom",1,25,1,1,"persoal","tromsoal"
615,"pe","pe-sa","sa",3,22,"pe-dirl","dirl",5,17,2,1,"pesado","pedirldo"
43,"pe","pe-so","so",2,3,"pe-ris","ris",3,0,1,1,"peso","peris"
357,"pes","pes-te","te",2,2,"tri-te","tri",2,0,0,1,"peste","trite"
159,"pe","pe-to","to",2,6,"pe-din","din",6,0,1,1,"peto","pedin"
475,"a","a-no","no",3,41,"a-ción","ción",44,3,2,1,"piano","piación"
144,"first_blank","first_blank-pic","pic",2,10,"first_blank-gla","gla",10,0,0,1,"picnic","glanic"
301,"pi","pi-ng","ng",1,2,"pi-te","te",2,0,0,1,"ping","pite"
580,"ra","ra-te","te",3,53,"ches-te","ches",66,13,2,1,"pirate","picheste"
63,"tol","tol-last_blank","last_blank",2,2,"mut-last_blank","mut",2,0,0,1,"pistol","pismut"
381,"first_blank","first_blank-pl","pl",1,14,"first_blank-vá","vá",14,0,0,1,"plan","váan"
667,"first_blank","first_blank-pla","pla",3,72,"first_blank-equi","equi",75,3,1,1,"planeta","equineta"
429,"first_blank","first_blank-plan","plan",2,37,"first_blank-iden","iden",37,0,0,1,"planta","identa"
375,"ta","ta-for","for",4,2,"ta-ríanl","ríanl",2,0,2,1,"plataforma","plataríanlma"
567,"first_blank","first_blank-play","play",2,4,"first_blank-pers","pers",4,0,0,1,"playboy","persboy"
707,"ción","ción-last_blank","last_blank",4,808,"rough-last_blank","rough",6,802,1,1,"poboación","poboarough"
804,"bre","bre-last_blank","last_blank",2,37,"ven-last_blank","ven",37,0,0,1,"pobre","poven"
609,"bre","bre-za","za",3,3,"chan-za","chan",2,1,1,1,"pobreza","pochanza"
749,"de","de- ser"," ser",3,1,"de-neil","neil",1,0,0,1,"pode ser","podeneil"
349,"po","po-der","der",2,7,"po-sui","sui",8,1,0,1,"poder","posui"
367,"po","po-e","e",3,8,"atra-e","atra",9,1,2,1,"poeta","atraeta"
538,"first_blank","first_blank-poi","poi",2,12,"first_blank-ile","ile",12,0,0,1,"poison","ileson"
725,"po","po-lí","lí",4,10,"po-briño","briño",1,9,3,1,"política","pobriñotica"
445,"li","li-to","to",3,6,"trac-to","trac",6,0,2,1,"polito","potracto"
324,"first_blank","first_blank-pól","pól",3,1,"first_blank-mohn","mohn",1,0,1,1,"pólvora","mohnvora"
931,"first_blank","first_blank-pon","pon",2,25,"first_blank-xer","xer",25,0,0,1,"ponte","xerte"
398,"pu","pu-lar","lar",3,6,"pu-chos","chos",2,4,1,1,"popular","popuchos"
589,"por","por-co","co",2,1,"cil-co","cil",1,0,0,1,"porco","cilco"
695,"po","po-rn","rn",1,1,"po-lé","lé",1,0,0,1,"porn","polé"
488,"first_blank","first_blank-por","por",3,118,"first_blank-quei","quei",114,4,1,1,"portada","queitada"
459,"por","por-tal","tal",2,2,"nen-tal","nen",2,0,0,1,"portal","nental"
642,"si","si-ti","ti",4,14,"atrac-ti","atrac",4,10,3,1,"positivo","poatractivo"
136,"tre","tre-last_blank","last_blank",2,43,"bao-last_blank","bao",43,0,0,1,"postre","posbao"
893,"po","po-ten","ten",4,18,"po-liñas","liñas",1,17,2,1,"potencial","poliñascial"
950,"po","po-xa","xa",2,7,"po-sui","sui",8,1,1,1,"poxa","posui"
32,"first_blank","first_blank-pra","pra",2,37,"first_blank-tes","tes",37,0,0,1,"pracer","tescer"
387,"first_blank","first_blank-prác","prác",3,5,"first_blank-alum","alum",5,0,0,1,"práctica","alumtica"
243,"ai","ai-a","a",1,4,"ke-a","ke",4,0,0,1,"praia","prkea"
868,"gun","gun-ta","ta",3,38,"pres-ta","pres",30,8,1,1,"pregunta","prepresta"
734,"pa","pa-ción","ción",5,10,"pa-radzha","radzha",1,9,2,1,"preocupación","preocuparadzha"
646,"pre","pre-o","o",5,70,"holywo-o","holywo",1,69,3,1,"preocupado","holywoocupado"
716,"ra","ra-ción","ción",4,68,"ra-flops","flops",1,67,1,1,"preparación","preparaflops"
6,"sen","sen-za","za",3,2,"braz-za","braz",2,0,1,1,"presenza","prebrazza"
577,"var","var-last_blank","last_blank",3,36,"quei-last_blank","quei",40,4,1,1,"preservar","preserquei"
881,"ven","ven-ción","ción",3,6,"ven-derl","derl",5,1,0,1,"prevención","prevenderl"
279,"first_blank","first_blank-pr","pr",1,24,"first_blank-av","av",24,0,0,1,"prey","avey"
299,"pri","pri-de","de",2,1,"var-de","var",1,0,0,1,"pride","varde"
655,"mei","mei-ra","ra",3,8,"acla-ra","acla",11,3,1,1,"primeira","priaclara"
743,"first_blank","first_blank-prin","prin",3,16,"first_blank-asal","asal",16,0,0,1,"princesa","asalcesa"
746,"first_blank","first_blank-pri","pri",3,89,"first_blank-coñe","coñe",93,4,1,1,"private","coñevate"
496,"le","le-xio","xio",4,3,"le-trans","trans",1,2,2,1,"privilexio","priviletrans"
748,"first_blank","first_blank-pro","pro",6,786,"first_blank-lingüís","lingüís",2,784,4,1,"probabilidade","lingüísbabilidade"
751,"pro","pro-ce","ce",3,31,"coñé-ce","coñé",17,14,1,1,"proceso","coñéceso"
303,"tor","tor-last_blank","last_blank",3,92,"bles-last_blank","bles",94,2,1,1,"produtor","produbles"
514,"fit","fit-last_blank","last_blank",2,1,"blé-last_blank","blé",1,0,0,1,"profit","problé"
288,"gre","gre-so","so",3,5,"thur-so","thur",1,4,1,1,"progreso","prothurso"
760,"prohi","prohi-bi","bi",3,14,"desha-bi","desha",5,9,0,1,"prohibido","deshabido"
762,"first_blank","first_blank-pro","pro",5,786,"first_blank-amañar","amañar",6,780,3,1,"propiedade","amañarpiedade"
892,"poñer","poñer-last_blank","last_blank",2,6,"teñen-last_blank","teñen",6,0,0,1,"propoñer","proteñen"
520,"first_blank","first_blank-pro","pro",4,786,"first_blank-amaña","amaña",21,765,2,1,"propósito","amañapósito"
959,"teí","teí-na","na",3,1,"xoha-na","xoha",1,0,1,1,"proteína","proxohana"
275,"tes","tes-ta","ta",3,24,"fron-ta","fron",22,2,1,1,"protesta","profronta"
271,"xer","xer-last_blank","last_blank",3,13,"ríaa-last_blank","ríaa",13,0,1,1,"protexer","proteríaa"
758,"xec","xec-to","to",3,7,"amon-to","amon",5,2,1,1,"proxecto","proamonto"
798,"pu","pu-b","b",1,1,"ai-b","ai",1,0,0,1,"pub","aib"
581,"ci","ci-da","da",5,110,"desher-da","desher",3,107,4,1,"publicidade","publidesherdade"
737,"first_blank","first_blank-pul","pul",2,27,"first_blank-vén","vén",27,0,0,1,"pulso","vénso"
572,"mp","mp-last_blank","last_blank",1,4,"úl-last_blank","úl",4,0,0,1,"pump","puúl"
68,"nish","nish-last_blank","last_blank",2,2,"lity-last_blank","lity",2,0,0,1,"punish","pulity"
505,"pun","pun-to","to",2,2,"fru-to","fru",2,0,0,1,"punto","fruto"
382,"mid","mid-last_blank","last_blank",3,3,"kaya-last_blank","kaya",3,0,1,1,"pyramid","pyrakaya"
769,"qu","qu-e","e",1,1,"hw-e","hw",1,0,0,1,"que","hwe"
539,"que","que-en","en",2,2,"gru-en","gru",2,0,0,1,"queen","gruen"
10,"first_blank","first_blank-quei","quei",2,114,"first_blank-atra","atra",117,3,0,2,"queixa","atraxa"
602,"tro","tro-last_blank","last_blank",4,70,"sións-last_blank","sións",64,6,2,1,"quilómetro","quilómesións"
110,"first_blank","first_blank-quí","quí",3,36,"first_blank-aten","aten",36,0,1,1,"química","atenmica"
214,"cis","cis-ta","ta",3,10,"quen-ta","quen",10,0,1,1,"racista","raquenta"
824,"ra","ra-dar","dar",2,1,"ra-fin","fin",1,0,0,1,"radar","rafin"
704,"ra","ra-dio","dio",2,2,"ra-bíl","bíl",2,0,0,1,"radio","rabíl"
864,"ra","ra-in","in",1,1,"ra-bó","bó",1,0,0,1,"rain","rabó"
121,"pa","pa-za","za",3,3,"pa-guei","guei",3,0,2,1,"rapaza","rapaguei"
380,"ra","ra-ra","ra",2,45,"ra-des","des",44,1,1,1,"rara","rades"
779,"ra","ra-to","to",2,24,"ra-ran","ran",27,3,1,1,"rato","raran"
534,"a","a-ble","ble",4,18,"a-cións","cións",16,2,2,1,"razoable","razoacións"
167,"zón","zón-last_blank","last_blank",2,19,"ceo-last_blank","ceo",19,0,0,1,"razón","raceo"
735,"ady","ady-last_blank","last_blank",2,2,"gaz-last_blank","gaz",2,0,0,1,"ready","regaz"
399,"first_blank","first_blank-re","re",5,2742,"flintshi-re","flintshi",1,2741,3,4,"realidade","flintshirealidade"
414,"ción","ción-last_blank","last_blank",3,808,"rías-last_blank","rías",143,665,0,1,"recepción","receprías"
801,"ler","ler-last_blank","last_blank",3,45,"tros-last_blank","tros",43,2,1,1,"recoller","recoltros"
813,"coñe","coñe-cer","cer",3,13,"exer-cer","exer",2,11,0,1,"recoñecer","reexercer"
256,"ción","ción-last_blank","last_blank",5,808,"trañar-last_blank","trañar",3,805,2,1,"recuperación","recuperatrañar"
744,"féns","féns-last_blank","last_blank",2,1,"búes-last_blank","búes",1,0,0,1,"reféns","rebúes"
370,"xión","xión-last_blank","last_blank",3,10,"fort-last_blank","fort",10,0,0,1,"reflexión","reflefort"
447,"first_blank","first_blank-re","re",5,2742,"flintshi-re","flintshi",1,2741,3,4,"refuxiado","flintshirefuxiado"
789,"xio","xio-last_blank","last_blank",3,14,"róns-last_blank","róns",14,0,1,1,"refuxio","refuróns"
103,"first_blank","first_blank-re","re",5,2742,"flintshi-re","flintshi",1,2741,3,4,"regimiento","flintshiregimiento"
764,"re","re-gra","gra",2,1,"re-ady","ady",1,0,0,1,"regra","ready"
50,"la","la-ción","ción",3,48,"la-reil","reil",3,45,0,1,"relación","relareil"
416,"ney","ney-last_blank","last_blank",2,21,"cir-last_blank","cir",21,0,0,1,"renney","rencir"
300,"nun","nun-cia","cia",3,4,"apre-cia","apre",1,3,1,1,"renuncia","reaprecia"
993,"por","por-ter","ter",3,1,"hams-ter","hams",1,0,1,1,"reporter","rehamster"
826,"res","res-ca","ca",3,22,"apli-ca","apli",14,8,1,1,"rescate","aplicate"
383,"ar","ar-ch","ch",4,3,"deuts-ch","deuts",2,1,3,1,"research","resedeutsch"
458,"si","si-du","du",4,2,"si-mohin","mohin",1,1,3,1,"residuos","resimohinos"
796,"re","re-sis","sis",4,30,"re-teñan","teñan",1,29,2,1,"resistencia","reteñantencia"
223,"pec","pec-to","to",3,5,"amon-to","amon",5,0,1,1,"respecto","resamonto"
264,"de","de-last_blank","last_blank",7,896,"de-mutsky","mutsky",1,895,4,2,"responsabilidade","responsabilidademutsky"
797,"pos","pos-ta","ta",3,19,"chan-ta","chan",12,7,1,1,"resposta","reschanta"
799,"sul","sul-ta","ta",4,25,"afron-ta","afron",8,17,2,1,"resultado","reafrontado"
958,"la","la-ción","ción",4,48,"la-fríos","fríos",1,47,1,1,"revelación","revelafríos"
998,"ven","ven-ge","ge",3,1,"trid-ge","trid",1,0,1,1,"revenge","retridge"
13,"xei","xei-tar","tar",3,5,"adap-tar","adap",5,0,1,1,"rexeitar","readaptar"
558,"nal","nal-last_blank","last_blank",4,89,"sións-last_blank","sións",64,25,2,1,"rexional","rexiosións"
470,"xis","xis-tro","tro",3,1,"aden-tro","aden",1,0,1,1,"rexistro","readentro"
363,"xou","xou-ba","ba",3,1,"tiña-ba","tiña",1,0,1,1,"rexouba","retiñaba"
7,"dí","dí-cu","cu",4,4,"maiús-cu","maiús",2,2,3,1,"ridículo","rimaiúsculo"
476,"fle","fle-last_blank","last_blank",2,1,"súo-last_blank","súo",1,0,0,1,"rifle","risúo"
543,"rí","rí-o","o",1,1,"ah-o","ah",1,0,0,1,"río","aho"
258,"first_blank","first_blank-ris","ris",2,6,"first_blank-pín","pín",6,0,0,1,"risco","pínco"
378,"first_blank","first_blank-rit","rit",2,4,"first_blank-bás","bás",4,0,0,1,"ritmo","básmo"
174,"ri","ri-tu","tu",3,13,"opor-tu","opor",8,5,2,1,"ritual","oportual"
566,"ro","ro-bot","bot",2,1,"ro-cra","cra",1,0,0,1,"robot","rocra"
692,"ck","ck-last_blank","last_blank",1,21,"zi-last_blank","zi",21,0,0,1,"rock","rozi"
610,"ket","ket-last_blank","last_blank",2,8,"bón-last_blank","bón",8,0,0,1,"rocket","rocbón"
244,"ro","ro-deo","deo",2,2,"ro-cos","cos",2,0,0,1,"rodeo","rocos"
67,"first_blank","first_blank-rol","rol",2,9,"first_blank-cré","cré",9,0,0,1,"rolda","créda"
473,"ro","ro-man","man",2,6,"ro-che","che",5,1,0,1,"roman","roche"
536,"meo","meo-last_blank","last_blank",2,8,"dán-last_blank","dán",8,0,0,1,"romeo","rodán"
808,"first_blank","first_blank-rou","rou",2,74,"first_blank-sin","sin",74,0,0,1,"roubar","sinbar"
811,"rou","rou-bo","bo",2,1,"crí-bo","crí",1,0,0,1,"roubo","críbo"
790,"ro","ro-ya","ya",1,1,"un-ya","un",1,0,0,1,"royal","unyal"
870,"ruí","ruí-do","do",2,2,"fún-do","fún",2,0,0,1,"ruído","fúndo"
196,"ru","ru-m","m",1,1,"ai-m","ai",1,0,0,1,"rum","aim"
964,"ru","ru-n","n",1,1,"úe-n","úe",1,0,0,1,"run","úen"
323,"ru","ru-st","st",1,1,"ru-in","in",1,0,0,1,"rusty","ruiny"
142,"ru","ru-ta","ta",2,2,"uni-ta","uni",2,0,1,1,"ruta","unita"
273,"bo","bo-ro","ro",4,14,"pañei-ro","pañei",1,13,3,1,"saboroso","sapañeiroso"
924,"sa","sa-d","d",1,1,"rn-d","rn",1,0,0,1,"sad","rnd"
829,"sa","sa-fe","fe",2,1,"sa-xia","xia",1,0,1,1,"safe","saxia"
356,"saí","saí-da","da",2,1,"tán-da","tán",1,0,0,1,"saída","tánda"
317,"sa","sa-la","la",2,28,"sa-mos","mos",28,0,1,1,"sala","samos"
482,"sal","sal-do","do",2,1,"bén-do","bén",1,0,0,1,"saldo","béndo"
479,"first_blank","first_blank-sandwi","sandwi",2,3,"first_blank-opoñer","opoñer",3,0,0,4,"sandwich","opoñerch"
940,"san","san-gue","gue",2,3,"tre-gue","tre",3,0,0,1,"sangue","tregue"
410,"fei","fei-to","to",4,8,"golds-to","golds",1,7,2,1,"satisfeito","satisgoldsto"
314,"sa","sa-tur","tur",3,3,"sa-liña","liña",3,0,1,1,"saturda","saliñada"
651,"sau","sau-da","da",3,15,"guin-da","guin",14,1,1,1,"saudable","guindable"
329,"saú","saú-de","de",2,1,"bur-de","bur",1,0,0,1,"saúde","burde"
124,"first_blank","first_blank-scrat","scrat",2,1,"first_blank-schei","schei",1,0,0,1,"scratch","scheich"
657,"se","se-a","a",1,31,"nu-a","nu",27,4,0,1,"sea","nua"
970,"se","se-car","car",2,2,"se-sió","sió",2,0,0,1,"secar","sesió"
680,"first_blank","first_blank-sec","sec",2,9,"first_blank-rol","rol",9,0,0,1,"sección","rolción"
76,"cre","cre-ta","ta",4,18,"aguan-ta","aguan",9,9,2,1,"secretario","seaguantario"
612,"se","se-cre","cre",3,14,"se-guir","guir",13,1,1,1,"secreto","seguirto"
266,"first_blank","first_blank-sé","sé",3,33,"first_blank-gaña","gaña",33,0,2,1,"século","gañaculo"
741,"da","da-ria","ria",4,4,"da-chíns","chíns",1,3,2,1,"secundaria","secundachíns"
608,"gun","gun-do","do",3,3,"seña-do","seña",3,0,1,1,"segundo","seseñado"
832,"gu","gu-ri","ri",5,9,"abashi-ri","abashi",1,8,4,1,"seguridade","seabashiridade"
221,"na","na-rio","rio",4,35,"na-tasha","tasha",1,34,2,1,"seminario","seminatasha"
226,"first_blank","first_blank-sem","sem",2,6,"first_blank-jus","jus",6,0,0,1,"sempre","juspre"
537,"or","or-last_blank","last_blank",3,29,"quen-last_blank","quen",29,0,2,1,"senior","seniquen"
541,"se","se-ño","ño",1,1,"se-ce","ce",1,0,0,1,"señor","secer"
369,"first_blank","first_blank-sen","sen",5,182,"schaffhau-sen","schaffhau",1,181,2,5,"sensacional","schaffhausensacional"
922,"sen","sen-sor","sor",2,1,"sen-cal","cal",1,0,0,1,"sensor","sencal"
673,"sep","sep-ti","ti",4,1,"ecléc-ti","ecléc",1,0,2,1,"septiembre","ecléctiembre"
903,"ser","ser-gen","gen",3,1,"ser-vías","vías",1,0,1,1,"sergento","servíasto"
358,"rie","rie-last_blank","last_blank",2,19,"por-last_blank","por",19,0,0,1,"serie","sepor"
575,"first_blank","first_blank-ser","ser",3,131,"first_blank-cons","cons",129,2,1,1,"servizo","consvizo"
425,"xu","xu-al","al",3,4,"avri-al","avri",1,3,2,1,"sexual","seavrial"
694,"sh","sh-ar","ar",1,2,"ro-ar","ro",2,0,0,1,"shark","roark"
30,"first_blank","first_blank-she","she",2,10,"first_blank-mat","mat",10,0,0,1,"sheriff","matriff"
967,"first_blank","first_blank-sher","sher",2,4,"first_blank-usur","usur",4,0,0,1,"sherlock","usurlock"
863,"o","o-ter","ter",3,1,"o-ling","ling",1,0,1,1,"shooter","shooling"
701,"ow","ow-last_blank","last_blank",1,6,"lf-last_blank","lf",6,0,0,1,"show","shlf"
957,"si","si-da","da",2,28,"si-ble","ble",25,3,1,1,"sida","sible"
502,"first_blank","first_blank-sig","sig",5,28,"first_blank-amañar","amañar",6,22,3,1,"significado","amañarnificado"
850,"si","si-len","len",5,18,"si-mourgh","mourgh",1,17,3,1,"silencioso","simourghcioso"
35,"lk","lk-last_blank","last_blank",1,4,"bú-last_blank","bú",4,0,0,1,"silk","sibú"
297,"mi","mi-lar","lar",3,2,"mi-chel","chel",2,0,1,1,"similar","simichel"
250,"si","si-n","n",1,1,"aw-n","aw",1,0,0,1,"sin","awn"
161,"gle","gle-last_blank","last_blank",2,1,"nob-last_blank","nob",1,0,0,1,"single","sinnob"
856,"first_blank","first_blank-sín","sín",3,23,"first_blank-prac","prac",23,0,1,1,"síntoma","practoma"
853,"la","la-men","men",5,59,"la-tishov","tishov",1,58,3,1,"sinxelamente","sinxelatishovte"
127,"sis","sis-ter","ter",2,1,"ría-ter","ría",1,0,0,1,"sister","ríater"
252,"ción","ción-last_blank","last_blank",4,808,"bourg-last_blank","bourg",6,802,1,1,"situación","situabourg"
896,"first_blank","first_blank-sk","sk",1,4,"first_blank-vd","vd",4,0,0,1,"skin","vdin"
955,"first_blank","first_blank-sk","sk",1,4,"first_blank-cd","cd",4,0,0,1,"skirt","cdirt"
484,"first_blank","first_blank-sk","sk",1,4,"first_blank-vd","vd",4,0,0,1,"sky","vdy"
845,"first_blank","first_blank-sla","sla",2,1,"first_blank-fól","fól",1,0,0,1,"slave","fólve"
519,"sm","sm-ar","ar",1,1,"bh-ar","bh",1,0,0,1,"smart","bhart"
123,"sm","sm-as","as",1,1,"sm-og","og",1,0,0,1,"smash","smogh"
186,"first_blank","first_blank-smo","smo",2,3,"first_blank-cot","cot",3,0,0,1,"smoke","cotke"
980,"first_blank","first_blank-sn","sn",1,6,"first_blank-ls","ls",6,0,0,1,"snacks","lsacks"
561,"só","só-last_blank","last_blank",1,1,"rb-last_blank","rb",1,0,0,1,"só","rb"
116,"so","so-ber","ber",2,2,"so-che","che",2,0,0,1,"sober","soche"
678,"bre","bre-last_blank","last_blank",2,37,"deu-last_blank","deu",37,0,0,1,"sobre","sodeu"
213,"first_blank","first_blank-so","so",5,535,"first_blank-amañar","amañar",6,529,4,1,"sociedade","amañarciedade"
140,"fá","fá-last_blank","last_blank",2,1,"oyi-last_blank","oyi",1,0,1,1,"sofá","sooyi"
45,"ft","ft-last_blank","last_blank",1,3,"pó-last_blank","pó",3,0,0,1,"soft","sopó"
669,"first_blank","first_blank-softwa","softwa",2,1,"first_blank-goldwa","goldwa",1,0,0,1,"software","goldware"
965,"sol","sol-di","di",3,1,"apén-di","apén",1,0,1,1,"soldier","apéndier"
261,"bra","bra-last_blank","last_blank",2,34,"mou-last_blank","mou",34,0,0,1,"sombra","sommou"
353,"so","so-pa","pa",2,3,"so-rio","rio",3,0,1,1,"sopa","sorio"
268,"sor","sor-pre","pre",3,3,"reim-pre","reim",1,2,1,1,"sorpresa","reimpresa"
807,"sor","sor-ri","ri",3,7,"gaña-ri","gaña",2,5,1,1,"sorriso","gañariso"
653,"ut","ut-h","h",1,1,"vi-h","vi",1,0,0,1,"south","sovih"
969,"rn","rn-last_blank","last_blank",1,5,"nu-last_blank","nu",5,0,0,1,"southern","southenu"
515,"first_blank","first_blank-spi","spi",2,9,"first_blank-aví","aví",9,0,0,1,"spider","avíder"
672,"first_blank","first_blank-sp","sp",1,18,"first_blank-ye","ye",18,0,0,1,"spring","yering"
920,"sp","sp-y","y",1,1,"ok-y","ok",1,0,0,1,"spy","oky"
773,"rel","rel-last_blank","last_blank",2,7,"cro-last_blank","cro",7,0,0,1,"squirrel","squircro"
855,"st","st-am","am",1,1,"st-ya","ya",1,0,0,1,"stamp","styap"
860,"st","st-an","an",1,3,"gi-an","gi",3,0,0,1,"stand","giand"
706,"ay","ay-last_blank","last_blank",1,8,"nk-last_blank","nk",8,0,0,1,"stay","stnk"
480,"st","st-ic","ic",1,1,"st-wo","wo",1,0,0,1,"stick","stwok"
362,"ti","ti-mar","mar",4,3,"ti-cións","cións",3,0,2,1,"subestimar","subesticións"
820,"bir","bir-last_blank","last_blank",2,12,"tus-last_blank","tus",12,0,0,1,"subir","sutus"
101,"sub","sub-ma","ma",4,6,"tíñan-ma","tíñan",1,5,2,1,"submarino","tíñanmarino"
886,"tuír","tuír-last_blank","last_blank",3,4,"nard-last_blank","nard",4,0,0,1,"substituír","substinard"
545,"su","su-ck","ck",1,1,"an-ck","an",1,0,0,1,"suck","anck"
888,"su","su-fi","fi",5,9,"su-rensky","rensky",1,8,4,1,"suficiente","surenskyciente"
316,"fri","fri-men","men",4,2,"igual-men","igual",1,1,2,1,"sufrimento","suigualmento"
620,"frir","frir-last_blank","last_blank",2,2,"caia-last_blank","caia",2,0,0,1,"sufrir","sucaia"
73,"first_blank","first_blank-sui","sui",3,26,"first_blank-exer","exer",26,0,1,1,"suicidio","exercidio"
149,"su","su-m","m",1,1,"ai-m","ai",1,0,0,1,"sum","aim"
262,"set","set-last_blank","last_blank",2,5,"pro-last_blank","pro",5,0,0,1,"sunset","sunpro"
104,"per","per-man","man",3,1,"per-siña","siña",1,0,1,1,"superman","supersiña"
681,"per","per-na","na",5,2,"trukhi-na","trukhi",1,1,3,1,"supernatural","sutrukhinatural"
78,"sus","sus-car","car",2,1,"tan-car","tan",1,0,0,1,"suscar","tancar"
584,"first_blank","first_blank-swal","swal",2,1,"first_blank-caly","caly",1,0,0,1,"swallow","calylow"
187,"ba","ba-co","co",3,4,"cros-co","cros",2,2,2,1,"tabaco","tacrosco"
712,"blet","blet-last_blank","last_blank",2,1,"trot-last_blank","trot",1,0,0,1,"tablet","tatrot"
134,"boa","boa-last_blank","last_blank",2,6,"ard-last_blank","ard",6,0,0,1,"táboa","táard"
456,"first_blank","first_blank-tal","tal",3,23,"first_blank-asis","asis",23,0,1,1,"talleres","asisleres"
563,"maño","maño-last_blank","last_blank",2,1,"mois-last_blank","mois",1,0,0,1,"tamaño","tamois"
623,"ta","ta-nk","nk",1,1,"ta-gh","gh",1,0,0,1,"tank","tagh"
169,"tar","tar-de","de",2,4,"bun-de","bun",4,0,0,1,"tarde","bunde"
611,"ta","ta-sk","sk",1,1,"ta-es","es",1,0,0,1,"task","taes"
827,"tat","tat-too","too",2,1,"frú-too","frú",1,0,0,1,"tattoo","frútoo"
554,"ta","ta-xi","xi",2,11,"ori-xi","ori",11,0,1,1,"taxi","orixi"
590,"first_blank","first_blank-téc","téc",3,4,"first_blank-aser","aser",4,0,1,1,"técnico","asernico"
184,"first_blank","first_blank-tec","tec",4,16,"first_blank-afron","afron",15,1,2,1,"tecnoloxía","afronnoloxía"
24,"na","na-ge","ge",4,2,"na-kushi","kushi",1,1,3,1,"teenage","teenakushi"
158,"gram","gram-last_blank","last_blank",3,2,"plex-last_blank","plex",2,0,0,1,"telegram","teleplex"
604,"les","les-co","co",4,3,"atran-co","atran",1,2,2,1,"telescopio","teatrancopio"
621,"first_blank","first_blank-tem","tem",2,38,"first_blank-asu","asu",38,0,0,1,"temple","asuple"
355,"onta","onta-last_blank","last_blank",4,1,"chaft-last_blank","chaft",1,0,1,1,"teña en conta","teña en cchaft"
688,"nant","nant-last_blank","last_blank",2,1,"ners-last_blank","ners",1,0,0,1,"tenant","teners"
902,"ten","ten-da","da",2,7,"cói-da","cói",7,0,0,1,"tenda","cóida"
522,"first_blank","first_blank-ten","ten",2,115,"first_blank-axu","axu",115,0,0,1,"tentar","axutar"
923,"pia","pia-last_blank","last_blank",3,19,"burg-last_blank","burg",18,1,1,1,"terapia","teraburg"
345,"first_blank","first_blank-ter","ter",3,133,"first_blank-cons","cons",129,4,1,1,"terceiro","consceiro"
27,"first_blank","first_blank-ter","ter",3,133,"first_blank-cons","cons",129,4,1,1,"termina","consmina"
389,"ter","ter-re","re",4,12,"amaña-re","amaña",1,11,2,1,"terremoto","amañaremoto"
497,"ri","ri-ble","ble",3,6,"ri-ción","ción",3,3,1,1,"terrible","terrición"
806,"sou","sou-ro","ro",3,1,"rail-ro","rail",1,0,1,1,"tesouro","terailro"
908,"muña","muña-last_blank","last_blank",3,1,"nhem-last_blank","nhem",1,0,0,1,"testemuña","testenhem"
720,"first_blank","first_blank-tex","tex",2,7,"first_blank-mit","mit",7,0,0,1,"texto","mitto"
171,"sand","sand-last_blank","last_blank",2,1,"vóns-last_blank","vóns",1,0,0,1,"thousand","thouvóns"
685,"first_blank","first_blank-tic","tic",2,1,"first_blank-ums","ums",1,0,0,1,"ticket","umsket"
674,"tí","tí-o","o",1,1,"aq-o","aq",1,0,0,1,"tío","aqo"
192,"first_blank","first_blank-tí","tí",3,56,"first_blank-acon","acon",56,0,2,1,"típico","aconpico"
847,"ti","ti-ro","ro",2,9,"amo-ro","amo",9,0,1,1,"tiro","amoro"
384,"le","le-mia","mia",3,2,"le-trei","trei",2,0,1,1,"tolemia","toletrei"
518,"to","to-ol","ol",2,1,"to-nes","nes",1,0,1,1,"tool","tones"
120,"first_blank","first_blank-to","to",1,353,"first_blank-fi","fi",353,0,0,1,"top","fip"
916,"tor","tor-men","men",3,6,"tor-liua","liua",1,5,1,1,"tormento","torliuato"
585,"neo","neo-last_blank","last_blank",2,27,"xan-last_blank","xan",27,0,0,1,"torneo","torxan"
228,"first_blank","first_blank-tor","tor",2,119,"first_blank-cam","cam",119,0,0,1,"torre","camre"
407,"to","to-se","se",2,3,"reu-se","reu",3,0,1,1,"tose","reuse"
209,"to","to-tal","tal",2,3,"to-pis","pis",3,0,0,1,"total","topis"
216,"to","to-ur","ur",1,2,"to-be","be",2,0,0,1,"tour","tobe"
840,"tra","tra-er","er",2,13,"lau-er","lau",3,10,0,1,"traer","lauer"
947,"ler","ler-last_blank","last_blank",2,45,"tao-last_blank","tao",45,0,0,1,"tráiler","tráitao"
95,"tram","tram-pa","pa",2,3,"chou-pa","chou",3,0,0,2,"trampa","choupa"
139,"first_blank","first_blank-tran","tran",3,57,"first_blank-afor","afor",57,0,0,1,"tranquilo","aforquilo"
457,"first_blank","first_blank-tr","tr",1,45,"first_blank-is","is",45,0,0,1,"trash","isash"
131,"tr","tr-en","en",1,3,"bo-en","bo",3,0,0,1,"tren","boen"
994,"bu","bu-nal","nal",3,1,"bu-cles","cles",1,0,1,1,"tribunal","tribucles"
17,"first_blank","first_blank-trig","trig",2,1,"first_blank-bruz","bruz",1,0,0,1,"trigger","bruzger"
129,"la","la-ción","ción",4,48,"la-zarhe","zarhe",1,47,1,1,"tripulación","tripulazarhe"
591,"hy","hy-last_blank","last_blank",1,2,"oc-last_blank","oc",2,0,0,1,"trophy","tropoc"
750,"trou","trou-ble","ble",2,1,"trou-sos","sos",1,0,0,1,"trouble","trousos"
535,"first_blank","first_blank-tru","tru",2,10,"first_blank-ocú","ocú",10,0,0,1,"truco","ocúco"
782,"tr","tr-ue","ue",1,1,"tr-yi","yi",1,0,0,1,"true","tryi"
248,"us","us-t","t",1,1,"pu-t","pu",1,0,0,1,"trust","trput"
333,"first_blank","first_blank-tú","tú",3,14,"first_blank-coin","coin",14,0,2,1,"túbulo","coinbulo"
147,"tu","tu-mor","mor",2,1,"tu-rás","rás",1,0,0,1,"tumor","turás"
987,"tur","tur-no","no",2,4,"con-no","con",4,0,0,1,"turno","conno"
38,"first_blank","first_blank-uf","uf",1,2,"first_blank-ím","ím",2,0,0,1,"ufo","ímo"
925,"un","un-last_blank","last_blank",1,7,"mé-last_blank","mé",7,0,0,1,"un","mé"
309,"uni","uni-da","da",3,3,"cluí-da","cluí",3,0,1,1,"unidade","cluídade"
453,"first_blank","first_blank-uni","uni",3,65,"first_blank-pres","pres",65,0,1,1,"universo","presverso"
340,"ur","ur-xen","xen",3,5,"ur-tius","tius",1,4,1,1,"urxente","urtiuste"
331,"first_blank","first_blank-út","út",1,1,"first_blank-js","js",1,0,0,1,"útil","jsil"
697,"gi","gi-na","na",3,3,"ador-na","ador",3,0,2,1,"vagina","vaadorna"
325,"va","va-li","li",4,24,"grizz-li","grizz",1,23,3,1,"valioso","grizzlioso"
740,"va","va-lor","lor",2,1,"va-nes","nes",1,0,0,1,"valor","vanes"
952,"first_blank","first_blank-val","val",2,20,"first_blank-gua","gua",20,0,0,1,"valve","guave"
150,"va","va-sos","sos",2,4,"va-riá","riá",3,1,0,1,"vasos","variá"
154,"first_blank","first_blank-vehí","vehí",3,2,"first_blank-scre","scre",2,0,0,1,"vehículo","screculo"
70,"ve","ve-in","in",1,1,"ve-zo","zo",1,0,0,1,"vein","vezo"
211,"ven","ven-de","de",4,35,"plour-de","plour",1,34,2,1,"vendedora","plourdedora"
882,"ven","ven-to","to",2,4,"ple-to","ple",4,0,0,1,"vento","pleto"
803,"ve","ve-r","r",1,1,"uí-r","uí",1,0,0,1,"ver","uír"
526,"ve","ve-rán","rán",2,10,"ve-ses","ses",8,2,0,1,"verán","veses"
666,"ver","ver-de","de",2,4,"pón-de","pón",4,0,0,1,"verde","pónde"
47,"ver","ver-mel","mel",3,6,"ver-goña","goña",5,1,1,1,"vermello","vergoñalo"
281,"first_blank","first_blank-vic","vic",2,10,"first_blank-sei","sei",10,0,0,1,"victory","seitory"
176,"vi","vi-ño","ño",1,2,"vi-dí","dí",2,0,0,1,"viño","vidí"
509,"rus","rus-last_blank","last_blank",2,2,"bai-last_blank","bai",2,0,0,1,"virus","vibai"
709,"first_blank","first_blank-vis","vis",2,19,"first_blank-hai","hai",19,0,0,1,"vista","haita"
79,"ví","ví-ti","ti",3,3,"acús-ti","acús",3,0,2,1,"vítima","acústima"
626,"viu","viu-da","da",2,1,"ton-da","ton",1,0,0,1,"viuda","tonda"
263,"vi","vi-vo","vo",2,1,"vi-gai","gai",1,0,1,1,"vivo","vigai"
961,"do","do-last_blank","last_blank",6,3147,"do-rothée","rothée",1,3146,4,3,"voluntariado","voluntariadorothée"
12,"vo","vo-z","z",1,1,"lt-z","lt",1,0,0,1,"voz","ltz"
857,"wa","wa-il","il",1,1,"wa-tt","tt",1,0,0,1,"wail","watt"
412,"first_blank","first_blank-wa","wa",1,37,"first_blank-br","br",37,0,0,1,"wall","brll"
105,"first_blank","first_blank-wa","wa",1,37,"first_blank-je","je",37,0,0,1,"war","jer"
117,"ton","ton-last_blank","last_blank",2,107,"vas-last_blank","vas",107,0,0,1,"washington","washingvas"
327,"st","st-last_blank","last_blank",1,18,"ci-last_blank","ci",18,0,0,1,"west","weci"
960,"ky","ky-last_blank","last_blank",1,9,"né-last_blank","né",9,0,0,1,"whisky","whisné"
727,"dow","dow-last_blank","last_blank",2,3,"tud-last_blank","tud",3,0,0,1,"window","wintud"
842,"rd","rd-last_blank","last_blank",1,18,"ci-last_blank","ci",18,0,0,1,"word","woci"
862,"rm","rm-last_blank","last_blank",1,2,"ds-last_blank","ds",2,0,0,1,"worm","wods"
880,"first_blank","first_blank-xa","xa",1,63,"first_blank-lé","lé",60,3,0,1,"xa","lé"
781,"ra","ra-dor","dor",3,30,"ra-ches","ches",35,5,1,1,"xerador","xeraches"
238,"xe","xe-ral","ral",2,2,"xe-lou","lou",2,0,0,1,"xeral","xelou"
652,"men","men-te","te",4,651,"koshi-te","koshi",1,650,2,1,"xeralmente","xeralkoshite"
982,"xe","xe-ren","ren",3,8,"xe-mosl","mosl",2,6,1,1,"xerente","xemoslte"
23,"first_blank","first_blank-xes","xes",2,15,"first_blank-bon","bon",15,0,0,1,"xestión","bontión"
906,"first_blank","first_blank-xes","xes",4,15,"first_blank-prohí","prohí",15,0,2,1,"xestionar","prohítionar"
989,"xo","xo-gar","gar",2,3,"xo-cho","cho",3,0,0,1,"xogar","xocho"
724,"mo","mo-last_blank","last_blank",4,594,"mo-nastyrsky","nastyrsky",1,593,1,3,"xornalismo","xornalismonastyrsky"
996,"xu","xu-ño","ño",1,1,"se-ño","se",1,0,0,1,"xuño","seño"
997,"xu","xu-rar","rar",2,2,"xu-gos","gos",2,0,0,1,"xurar","xugos"
86,"ción","ción-last_blank","last_blank",4,808,"bourg-last_blank","bourg",6,802,1,1,"xurisdicción","xurisdicbourg"
508,"ven","ven-tu","tu",4,6,"ven-cións","cións",2,4,3,1,"xuventude","xuvenciónsde"
946,"first_blank","first_blank-zom","zom",2,3,"first_blank-uli","uli",3,0,0,1,"zombie","ulibie"
189,"first_blank","first_blank-zo","zo",1,26,"first_blank-fr","fr",26,0,0,1,"zoo","fro"
