"word_id","first","original_pair","second","syll","original_freq","replacement_pair","replacement_syll","replacement_freq","freq_diff","char_diff","letter_diff","original_word","replacement_word"
893,"first_blank","first_blank-□ g","□ g",2,1,"first_blank-ífi","ífi",1,0,0,1,"□ gentil","ífientil"
834,"first_blank","first_blank-aban","aban",3,40,"first_blank-ques","ques",40,0,0,1,"abandono","quesdono"
353,"mi","mi-nal","nal",4,7,"mi-lhões","lhões",1,6,2,1,"abdominal","abdomilhões"
865,"duct.","duct.-last_blank","last_blank",2,1,"tucky-last_blank","tucky",1,0,0,1,"abduct.","abtucky"
112,"abra","abra-ço","ço",2,1,"lhan-ço","lhan",1,0,0,2,"abraço","lhanço"
793,"first_blank","first_blank-abri","abri",2,35,"first_blank-acom","acom",35,0,0,1,"abrigo","acomgo"
813,"sur","sur-do","do",3,2,"plen-do","plen",2,0,1,1,"absurdo","abplendo"
704,"first_blank","first_blank-acam","acam",4,17,"first_blank-triun","triun",15,2,1,1,"acampamento","triunpamento"
788,"acei","acei-tar","tar",2,3,"quis-tar","quis",3,0,0,2,"aceitar","quistar"
479,"first_blank","first_blank-aci","aci",3,22,"first_blank-exer","exer",22,0,1,1,"acidente","exerdente"
94,"first_blank","first_blank-aci","aci",2,22,"first_blank-min","min",22,0,0,1,"acima","minma"
233,"first_blank","first_blank-aç","aç",1,3,"first_blank-uu","uu",3,0,0,1,"aço","uuo"
343,"pa","pa-nhar","nhar",3,1,"pa-rish","rish",1,0,0,1,"acompanhar","acomparish"
639,"first_blank","first_blank-acon","acon",3,58,"first_blank-guar","guar",55,3,0,1,"acontecer","guartecer"
251,"acor","acor-do","do",2,1,"agri-do","agri",1,0,0,1,"acordo","agrido"
235,"first_blank","first_blank-acre","acre",3,42,"first_blank-ques","ques",40,2,0,1,"acreditam","quesditam"
785,"acu","acu-sa","sa",3,18,"gres-sa","gres",18,0,1,1,"acusação","gressação"
379,"adi","adi-ci","ci",4,24,"fluên-ci","fluên",1,23,2,1,"adicional","fluêncional"
442,"nis","nis-tra","tra",6,21,"nis-chewitz","chewitz",1,20,4,1,"administrativo","adminischewitztivo"
13,"cen","cen-te","te",4,43,"truis-te","truis",2,41,2,1,"adolescente","adolestruiste"
459,"first_blank","first_blank-adre","adre",4,4,"first_blank-oriun","oriun",4,0,1,1,"adrenalina","oriunnalina"
925,"to","to-last_blank","last_blank",4,1410,"to-mashevsky","mashevsky",1,1409,1,4,"aeroporto","aeroportomashevsky"
100,"first_blank","first_blank-afun","afun",2,29,"first_blank-ador","ador",29,0,0,1,"afundar","adordar"
325,"first_blank","first_blank-agên","agên",2,2,"first_blank-avig","avig",2,0,0,1,"agência","avigcia"
143,"agen","agen-dar","dar",2,1,"stan-dar","stan",1,0,0,1,"agendar","standar"
450,"first_blank","first_blank-agra","agra",3,80,"first_blank-quei","quei",80,0,0,1,"agradecer","queidecer"
507,"first_blank","first_blank-ain","ain",2,2,"first_blank-ote","ote",2,0,0,1,"ainda","oteda"
25,"first_blank","first_blank-aju","aju",2,53,"first_blank-ope","ope",53,0,0,1,"ajudar","opedar"
28,"first_blank","first_blank-alar","alar",2,25,"first_blank-trai","trai",25,0,0,1,"alarme","traime"
733,"gria","gria-last_blank","last_blank",2,3,"tair-last_blank","tair",3,0,0,1,"alegria","aletair"
129,"fa","fa-last_blank","last_blank",2,56,"zer-last_blank","zer",56,0,1,1,"alfa","alzer"
609,"al","al-go","go",2,5,"al-tís","tís",4,1,1,1,"algo","altís"
848,"go","go-dão","dão",3,1,"go-ligh","ligh",1,0,1,1,"algodão","algoligh"
600,"first_blank","first_blank-áli","áli",2,2,"first_blank-say","say",2,0,0,1,"álibi","saybi"
522,"mo","mo-ço","ço",3,3,"mo-zart","zart",3,0,2,1,"almoço","almozart"
561,"te","te-za","za",3,10,"te-lefô","lefô",4,6,2,1,"alteza","altelefô"
95,"al","al-to","to",2,4,"tri-to","tri",4,0,1,1,"alto","trito"
697,"al","al-tu","tu",3,2,"al-bert","bert",2,0,2,1,"altura","albertra"
470,"first_blank","first_blank-alu","alu",4,51,"first_blank-stres","stres",10,41,2,1,"alucinação","strescinação"
723,"re","re-cer","cer",4,25,"re-trans","trans",4,21,2,1,"alvorecer","alvoretrans"
35,"first_blank","first_blank-aman","aman",2,9,"first_blank-blas","blas",9,0,0,1,"amante","blaste"
640,"am","am-ar","ar",1,1,"am-pi","pi",1,0,0,1,"amar","ampi"
979,"ama","ama-re","re",3,11,"ocor-re","ocor",7,4,1,1,"amarelo","ocorrelo"
905,"dron","dron-tar","tar",3,1,"alis-tar","alis",1,0,0,1,"amedrontar","amealistar"
18,"first_blank","first_blank-amé","amé",3,4,"first_blank-ecle","ecle",4,0,1,1,"américa","eclerica"
317,"veis","veis-last_blank","last_blank",3,225,"ford-last_blank","ford",61,164,0,1,"amigáveis","amigáford"
211,"ami","ami-go","go",2,1,"ter-go","ter",1,0,0,1,"amigo","tergo"
799,"ami","ami-za","za",3,2,"sfor-za","sfor",1,1,1,1,"amizade","sforzade"
361,"pla","pla-last_blank","last_blank",2,7,"max-last_blank","max",7,0,0,1,"ampla","ammax"
87,"first_blank","first_blank-aná","aná",3,5,"first_blank-chip","chip",5,0,1,1,"análise","chiplise"
257,"an","an-dar","dar",2,2,"an-tiá","tiá",2,0,0,1,"andar","antiá"
657,"ani","ani-ma","ma",3,17,"trau-ma","trau",12,5,1,1,"animado","traumado"
391,"first_blank","first_blank-ani","ani",2,66,"first_blank-qua","qua",66,0,0,1,"animal","quamal"
43,"first_blank","first_blank-ani","ani",4,66,"first_blank-stres","stres",10,56,2,1,"aniversário","stresversário"
19,"apa","apa-nhar","nhar",2,2,"dri-nhar","dri",2,0,0,1,"apanhar","drinhar"
174,"first_blank","first_blank-apar","apar",4,8,"first_blank-south","south",8,0,1,1,"apartamento","southtamento"
11,"first_blank","first_blank-apre","apre",3,97,"first_blank-tran","tran",90,7,0,1,"apreciar","tranciar"
692,"apro","apro-va","va",3,18,"ener-va","ener",6,12,0,1,"aprovação","enervação"
761,"aque","aque-le","le",2,1,"quil-le","quil",1,0,0,1,"aquele","quille"
137,"first_blank","first_blank-ara","ara",2,23,"first_blank-mat","mat",23,0,0,1,"arame","matme"
136,"first_blank","first_blank-áre","áre",5,1,"first_blank-mangwa","mangwa",1,0,3,1,"área coberta","mangwaa coberta"
521,"ar","ar-ei","ei",1,1,"ar-on","on",1,0,0,1,"areia","arona"
707,"ma","ma-last_blank","last_blank",2,435,"nho-last_blank","nho",425,10,1,1,"arma","arnho"
814,"fogo","fogo-last_blank","last_blank",5,1,"rensky-last_blank","rensky",1,0,2,1,"arma de fogo","arma de rensky"
346,"du","du-ras","ras",4,23,"du-nholm","nholm",1,22,2,1,"armaduras","armadunholm"
429,"oupa","oupa-last_blank","last_blank",7,1,"blishing-last_blank","blishing",1,0,4,1,"armário de roupa","armário de rblishing"
386,"nar","nar-last_blank","last_blank",4,188,"lhões-last_blank","lhões",22,166,2,1,"armazenar","armazelhões"
328,"to","to-last_blank","last_blank",4,1410,"to-mashevsky","mashevsky",1,1409,1,4,"arquiteto","arquitetomashevsky"
467,"ro","ro-gân","gân",4,1,"ro-drick","drick",1,0,2,1,"arrogância","arrodrickcia"
66,"se","se-nal","nal",3,1,"se-bres","bres",1,0,1,1,"arsenal","arsebres"
967,"ria","ria-last_blank","last_blank",3,918,"ções-last_blank","ções",442,476,1,1,"artéria","artéções"
611,"al","al-last_blank","last_blank",5,209,"al-legheny","legheny",1,208,3,3,"artificial","artificiallegheny"
177,"lha","lha-ria","ria",4,12,"histò-ria","histò",1,11,2,1,"artilharia","artihistòria"
59,"first_blank","first_blank-ár","ár",3,13,"first_blank-inex","inex",13,0,2,1,"árvore","inexvore"
899,"to","to-last_blank","last_blank",5,1410,"to-mashevsky","mashevsky",1,1409,1,3,"assassinato","assassinatomashevsky"
74,"sas","sas-si","si",4,28,"north-si","north",1,27,2,1,"assassino","asnorthsino"
168,"si","si-na","na",5,86,"mangwa-na","mangwa",1,85,4,1,"assinatura","asmangwanatura"
52,"as","as-sis","sis",4,36,"as-tronô","tronô",1,35,2,1,"assistência","astronôtência"
845,"as","as-sis","sis",4,36,"as-tronô","tronô",1,35,2,1,"assistente","astronôtente"
969,"tir","tir-last_blank","last_blank",3,49,"guem-last_blank","guem",49,0,1,1,"assistir","assisguem"
193,"bi","bi-ar","ar",4,2,"bi-liões","liões",1,1,3,1,"assobiar","assobiliões"
986,"ata","ata-can","can",3,3,"fres-can","fres",2,1,1,1,"atacante","frescante"
502,"ata","ata-que","que",2,2,"bar-que","bar",2,0,0,1,"ataque","barque"
77,"lite","lite-last_blank","last_blank",7,1,"chenwald-last_blank","chenwald",1,0,4,1,"atirador de elite","atirador de echenwald"
934,"ati","ati-rar","rar",2,2,"cla-rar","cla",2,0,0,1,"atirar","clarar"
651,"ati","ati-tu","tu",3,2,"sump-tu","sump",2,0,1,1,"atitude","sumptude"
8,"ati","ati-var","var",2,1,"ati-rás","rás",1,0,0,1,"ativar","atirás"
78,"ati","ati-vi","vi",4,2,"crest-vi","crest",1,1,2,1,"atividade","crestvidade"
666,"first_blank","first_blank-atlân","atlân",3,3,"first_blank-cathe","cathe",3,0,0,1,"atlântico","cathetico"
573,"mos","mos-fe","fe",4,2,"triun-fe","triun",1,1,2,1,"atmosfera","attriunfera"
443,"at","at-o","o",1,1,"gw-o","gw",1,0,0,1,"ato","gwo"
88,"first_blank","first_blank-at","at",1,91,"first_blank-gr","gr",91,0,0,1,"ator","gror"
76,"ra","ra-i","i",1,2,"ni-i","ni",2,0,0,1,"atrai","atnii"
378,"first_blank","first_blank-atu","atu",3,40,"first_blank-ques","ques",40,0,1,1,"atuação","quesação"
424,"first_blank","first_blank-atu","atu",4,40,"first_blank-kings","kings",7,33,2,1,"atualizar","kingsalizar"
738,"au","au-sên","sên",3,2,"au-voir","voir",1,1,1,1,"ausência","auvoircia"
516,"de","de-last_blank","last_blank",5,783,"de-linqüen","linqüen",2,781,3,3,"autoridade","autoridadelinqüen"
636,"ava","ava-li","li",4,21,"grizz-li","grizz",1,20,2,1,"avaliação","grizzliação"
991,"first_blank","first_blank-av","av",1,37,"first_blank-só","só",36,1,0,1,"avó","sóó"
175,"az","az-ul","ul",1,1,"az-za","za",1,0,0,1,"azul","azza"
131,"ba","ba-con","con",2,1,"ba-nus","nus",1,0,0,1,"bacon","banus"
144,"ba","ba-la","la",2,19,"qui-la","qui",14,5,1,1,"bala","quila"
659,"ban","ban-da","da",2,8,"ver-da","ver",9,1,0,1,"banda","verda"
196,"ba","ba-nhei","nhei",3,4,"ba-kers","kers",2,2,0,1,"banheiro","bakersro"
171,"to","to-last_blank","last_blank",3,1410,"to-mashevsky","mashevsky",1,1409,1,5,"barato","baratomashevsky"
135,"first_blank","first_blank-bar","bar",2,182,"first_blank-apa","apa",176,6,0,1,"barba","apaba"
335,"bar","bar-co","co",2,2,"lus-co","lus",2,0,0,1,"barco","lusco"
206,"bar","bar-ra","ra",2,17,"rei-ra","rei",19,2,0,1,"barra","reira"
357,"ball.","ball.-last_blank","last_blank",3,1,"napps-last_blank","napps",1,0,0,1,"baseball.","basenapps"
453,"ta","ta-lha","lha",3,23,"ta-gens","gens",11,12,1,1,"batalha","batagens"
794,"lhão","lhão-last_blank","last_blank",3,34,"bert-last_blank","bert",34,0,0,1,"batalhão","batabert"
154,"bau","bau-ni","ni",3,1,"romô-ni","romô",1,0,1,1,"baunilha","romônilha"
879,"first_blank","first_blank-bê","bê",3,9,"first_blank-plas","plas",9,0,2,1,"bêbado","plasbado"
156,"be","be-co","co",2,1,"be-lun","lun",1,0,1,1,"beco","belun"
189,"le","le-za","za",3,9,"le-ques","ques",3,6,2,1,"beleza","beleques"
586,"bi","bi-lhão","lhão",2,2,"bi-quei","quei",2,0,0,2,"bilhão","biquei"
767,"gia","gia-last_blank","last_blank",4,112,"lhões-last_blank","lhões",22,90,2,1,"biologia","biololhões"
768,"co","co-last_blank","last_blank",5,880,"co-naughey","naughey",1,879,3,4,"biológico","biológiconaughey"
519,"che","che-cha","cha",3,1,"gris-cha","gris",1,0,1,1,"bochecha","bogrischa"
877,"bo","bo-lo","lo",2,14,"des-lo","des",22,8,1,1,"bolo","deslo"
253,"bo","bo-né","né",2,1,"bo-kov","kov",1,0,1,1,"boné","bokov"
306,"ti","ti-nho","nho",4,57,"ti-tuíam","tuíam",1,56,2,1,"bonitinho","bonitituíam"
995,"first_blank","first_blank-bos","bos",2,12,"first_blank-fru","fru",12,0,0,1,"boston","fruton"
563,"first_blank","first_blank-bra","bra",2,60,"first_blank-sol","sol",60,0,0,1,"braço","solço"
130,"lhan","lhan-te","te",3,6,"amor-te","amor",5,1,0,1,"brilhante","briamorte"
122,"first_blank","first_blank-brin","brin",3,53,"first_blank-subs","subs",52,1,0,1,"brinquedo","subsquedo"
998,"bru","bru-xa","xa",2,3,"ple-xa","ple",3,0,0,1,"bruxa","plexa"
556,"first_blank","first_blank-bru","bru",2,46,"first_blank-pis","pis",46,0,0,1,"bruxo","pisxo"
133,"first_blank","first_blank-bun","bun",2,18,"first_blank-mit","mit",18,0,0,1,"bunda","mitda"
256,"ver","ver-last_blank","last_blank",3,114,"nais-last_blank","nais",79,35,1,1,"cadáver","cadánais"
907,"ca","ca-dei","dei",3,11,"ca-lhar","lhar",4,7,1,1,"cadeira","calharra"
997,"fé","fé-last_blank","last_blank",2,6,"ors-last_blank","ors",6,0,1,1,"café","caors"
509,"manhã","manhã-last_blank","last_blank",5,1,"rovsky-last_blank","rovsky",1,0,1,1,"café da manhã","café da rovsky"
246,"first_blank","first_blank-cal","cal",3,126,"first_blank-pres","pres",129,3,1,1,"calcular","prescular"
764,"cal","cal-ma","ma",2,3,"ini-ma","ini",3,0,0,1,"calma","inima"
881,"ca","ca-ma","ma",2,30,"per-ma","per",37,7,1,1,"cama","perma"
512,"nhão","nhão-last_blank","last_blank",3,7,"quez-last_blank","quez",7,0,0,1,"caminhão","camiquez"
825,"nho","nho-last_blank","last_blank",3,425,"ções-last_blank","ções",442,17,1,1,"caminho","camições"
232,"to","to-last_blank","last_blank",5,1410,"to-mashevsky","mashevsky",1,1409,1,3,"campeonato","campeonatomashevsky"
61,"talha","talha-last_blank","last_blank",6,1,"olworth-last_blank","olworth",1,0,2,1,"campo de batalha","campo de baolworth"
952,"cân","cân-cer","cer",2,1,"gre-cer","gre",1,0,0,1,"câncer","grecer"
674,"ne","ne-ta","ta",3,23,"plan-ta","plan",26,3,2,1,"caneta","caplanta"
468,"ca","ca-pe","pe",3,11,"pros-pe","pros",13,2,2,1,"capela","prospela"
38,"ta","ta-lis","lis",5,18,"ta-kehaya","kehaya",1,17,3,1,"capitalismo","capitakehayamo"
217,"pi","pi-tão","tão",3,2,"pi-nhal","nhal",2,0,1,1,"capitão","capinhal"
116,"car","car-de","de",3,3,"droi-de","droi",2,1,1,1,"cardeal","droideal"
166,"car","car-ga","ga",2,4,"mun-ga","mun",4,0,0,1,"carga","munga"
968,"car","car-ro","ro",2,13,"dou-ro","dou",12,1,0,1,"carro","douro"
920,"car","car-ta","ta",2,16,"jec-ta","jec",16,0,0,1,"carta","jecta"
119,"car","car-tei","tei",3,8,"prei-tei","prei",5,3,1,1,"carteira","preiteira"
555,"tel","tel-last_blank","last_blank",2,27,"nor-last_blank","nor",27,0,0,1,"cartel","carnor"
303,"ca","ca-sa","sa",3,40,"ca-ções","ções",30,10,2,1,"casado","caçõesdo"
623,"to","to-last_blank","last_blank",4,1410,"to-mashevsky","mashevsky",1,1409,1,4,"casamento","casamentomashevsky"
668,"first_blank","first_blank-cas","cas",3,123,"first_blank-apro","apro",122,1,1,1,"castelo","aprotelo"
780,"first_blank","first_blank-cau","cau",2,64,"first_blank-exi","exi",64,0,0,1,"causa","exisa"
72,"va","va-lo","lo",3,36,"va-ções","ções",12,24,2,1,"cavalo","cavações"
29,"bo","bo-la","la",3,10,"char-la","char",4,6,2,1,"cebola","cecharla"
81,"ce","ce-do","do",2,17,"din-do","din",17,0,1,1,"cedo","dindo"
184,"les","les-ti","ti",4,11,"atrac-ti","atrac",4,7,2,1,"celestial","ceatractial"
259,"rio","rio-last_blank","last_blank",4,336,"lhões-last_blank","lhões",22,314,2,1,"cemitério","cemitélhões"
584,"te","te-nas","nas",3,4,"te-lefô","lefô",4,0,1,1,"centenas","centelefô"
585,"me","me-tro","tro",4,33,"me-backs","backs",1,32,2,1,"centímetro","centímebacks"
606,"cer","cer-ca","ca",2,12,"bri-ca","bri",12,0,0,1,"cerca","brica"
412," de"," de-last_blank","last_blank",3,1,"xeis-last_blank","xeis",1,0,1,1,"cerca de","cercaxeis"
181,"bral","bral-last_blank","last_blank",3,4,"dish-last_blank","dish",4,0,0,1,"cerebral","ceredish"
819,"rimô","rimô-nia","nia",3,1,"ucra-nia","ucra",1,0,0,1,"cerimônia","ceucrania"
111,"first_blank","first_blank-cer","cer",3,98,"first_blank-tran","tran",90,8,1,1,"cerveja","tranveja"
478,"cha","cha-ma","ma",2,33,"per-ma","per",37,4,0,1,"chama","perma"
982,"first_blank","first_blank-cham","cham",3,15,"first_blank-agre","agre",15,0,0,1,"champanhe","agrepanhe"
896,"chan","chan-ta","ta",3,16,"acer-ta","acer",16,0,0,1,"chantagem","acertagem"
160,"péu","péu-last_blank","last_blank",2,1,"guá-last_blank","guá",1,0,0,1,"chapéu","chaguá"
426,"cha","cha-ru","ru",3,3,"quer-ru","quer",2,1,1,1,"charuto","querruto"
440,"che","che-fe","fe",2,2,"lif-fe","lif",2,0,0,1,"chefe","liffe"
260,"zinha","zinha-last_blank","last_blank",6,1,"selstyn-last_blank","selstyn",1,0,2,1,"chefe de cozinha","chefe de coselstyn"
966,"ch","ch-ei","ei",1,2,"to-ei","to",2,0,0,1,"cheio","toeio"
446,"first_blank","first_blank-chei","chei",2,34,"first_blank-apai","apai",34,0,0,1,"cheiro","apairo"
9,"cho","cho-co","co",4,5,"trans-co","trans",1,4,2,1,"chocolate","transcolate"
913,"ca","ca-triz","triz",3,1,"ca-miäo","miäo",1,0,0,1,"cicatriz","cicamiäo"
162,"first_blank","first_blank-ci","ci",3,216,"first_blank-pres","pres",129,87,2,1,"cidade","presdade"
917,"cia","cia-last_blank","last_blank",3,425,"ções-last_blank","ções",442,17,1,1,"ciência","ciênções"
438,"en","en-tis","tis",4,4,"en-gland","gland",1,3,2,1,"cientista","cienglandta"
906,"gar","gar-ro","ro",3,2,"trei-ro","trei",2,0,1,1,"cigarro","citreiro"
485,"first_blank","first_blank-cí","cí",3,18,"first_blank-star","star",18,0,2,1,"cínico","starnico"
510,"cir","cir-co","co",2,1,"pul-co","pul",1,0,0,1,"circo","pulco"
650,"rur","rur-gia","gia",3,4,"atin-gia","atin",1,3,1,1,"cirurgia","ciatingia"
266,"ção","ção-last_blank","last_blank",5,1057,"nhardt-last_blank","nhardt",3,1054,3,1,"civilização","civilizanhardt"
933,"first_blank","first_blank-clás","clás",3,4,"first_blank-mill","mill",4,0,0,1,"clássico","millsico"
665,"cli","cli-en","en",3,3,"lowe-en","lowe",2,1,1,1,"cliente","loweente"
461,"first_blank","first_blank-clí","clí",3,6,"first_blank-aver","aver",6,0,1,1,"clínica","avernica"
978,"bra","bra-last_blank","last_blank",2,46,"sei-last_blank","sei",46,0,0,1,"cobra","cosei"
778,"e","e-lho","lho",3,4,"e-pers","pers",3,1,1,1,"coelho","coepers"
140,"lap","lap-so","so",3,3,"emis-so","emis",3,0,1,1,"colapso","coemisso"
41,"co","co-lar","lar",2,6,"co-tes","tes",6,0,0,1,"colar","cotes"
155,"ome","ome-last_blank","last_blank",3,1,"bany-last_blank","bany",1,0,1,1,"com fome","com fbany"
689,"nça","nça-last_blank","last_blank",4,1,"clops-last_blank","clops",1,0,2,1,"com licença","com liceclops"
437,"com","com-bus","bus",4,4,"com-monwe","monwe",1,3,2,1,"combustível","commonwetível"
312,"dia","dia-last_blank","last_blank",3,122,"sões-last_blank","sões",78,44,1,1,"comédia","comésões"
30,"mer","mer-last_blank","last_blank",2,68,"via-last_blank","via",68,0,0,1,"comer","covia"
223,"co","co-mer","mer",5,13,"co-naughey","naughey",1,12,4,1,"comerciante","conaugheyciante"
492,"co","co-mis","mis",4,13,"co-nahan","nahan",1,12,2,1,"comissário","conahansário"
225,"tê.","tê.-last_blank","last_blank",3,1,"gahl-last_blank","gahl",1,0,1,1,"comitê.","comigahl"
664,"xão","xão-last_blank","last_blank",3,12,"cões-last_blank","cões",12,0,1,1,"compaixão","compaicões"
5,"ple","ple-ta","ta",5,13,"kenyat-ta","kenyat",1,12,3,1,"completamente","comkenyattamente"
940,"ple","ple-to","to",3,3,"krip-to","krip",2,1,1,1,"completo","comkripto"
972,"pra","pra-dor","dor",3,3,"gwil-dor","gwil",1,2,1,1,"comprador","comgwildor"
330,"first_blank","first_blank-com","com",4,570,"first_blank-trans","trans",212,358,2,1,"compreendo","transpreendo"
909,"to","to-last_blank","last_blank",4,1410,"to-mashevsky","mashevsky",1,1409,1,4,"comprimento","comprimentomashevsky"
908,"com","com-pri","pri",4,16,"com-monwe","monwe",1,15,2,1,"comprimido","commonwemido"
748,"ta","ta-dor","dor",4,66,"ta-ríeis","ríeis",2,64,2,1,"computador","computaríeis"
614,"ca","ca-ção","ção",5,87,"ca-talyst","talyst",1,86,3,1,"comunicação","comunicatalyst"
880,"de","de-last_blank","last_blank",5,783,"de-linqüen","linqüen",2,781,3,3,"comunidade","comunidadelinqüen"
771,"nis","nis-ta","ta",4,45,"aguen-ta","aguen",18,27,2,1,"comunista","comuaguenta"
407,"con","con-cen","cen",4,33,"con-traia","traia",2,31,2,1,"concentrado","contraiatrado"
103,"con","con-des","des",3,12,"con-traí","traí",13,1,1,1,"condessa","contraísa"
679,"du","du-tor","tor",3,9,"du-ções","ções",7,2,1,1,"condutor","conduções"
247,"xão","xão-last_blank","last_blank",3,12,"rius-last_blank","rius",12,0,1,1,"conexão","conerius"
12,"fes","fes-sar","sar",3,3,"atra-sar","atra",2,1,1,1,"confessar","conatrasar"
808,"con","con-fi","fi",4,94,"kadha-fi","kadha",1,93,2,1,"confiança","kadhafiança"
274,"con","con-fi","fi",5,94,"nether-fi","nether",1,93,3,1,"confidencial","netherfidencial"
236,"fir","fir-me","me",3,4,"aglo-me","aglo",5,1,1,1,"confirme","conaglome"
159,"fu","fu-são","são",3,8,"fu-rões","rões",1,7,1,1,"confusão","confurões"
275,"ge","ge-lar","lar",3,6,"ge-nhei","nhei",3,3,1,1,"congelar","congenhei"
829,"nha","nha-que","que",3,2,"quer-que","quer",2,0,1,1,"conhaque","coquerque"
970,"nhe","nhe-ça","ça",3,6,"tran-ça","tran",3,3,1,1,"conheça","cotrança"
21,"nhe","nhe-cer","cer",3,7,"pran-cer","pran",1,6,1,1,"conhecer","coprancer"
373,"to","to-last_blank","last_blank",5,1410,"to-mashevsky","mashevsky",1,1409,1,3,"conhecimento","conhecimentomashevsky"
239,"se","se-lho","lho",3,3,"se-guía","guía",3,0,1,1,"conselho","conseguía"
859,"first_blank","first_blank-cons","cons",5,158,"first_blank-stepha","stepha",2,156,2,1,"constantemente","stephatantemente"
529,"cons","cons-ti","ti",4,31,"baquá-ti","baquá",4,27,1,1,"constituição","baquátituição"
938,"first_blank","first_blank-cons","cons",3,158,"first_blank-apro","apro",122,36,0,1,"construção","aprotrução"
244,"truir","truir-last_blank","last_blank",2,9,"ríeis-last_blank","ríeis",10,1,0,2,"construir","consríeis"
304,"con","con-tar","tar",2,5,"con-vic","vic",5,0,0,1,"contar","convic"
248,"con","con-ten","ten",3,24,"con-cluí","cluí",8,16,1,1,"contente","concluíte"
652,"con","con-trá","trá",3,10,"con-cluí","cluí",8,2,1,1,"contrário","concluírio"
654,"ven","ven-to","to",3,11,"crip-to","crip",9,2,1,1,"convento","concripto"
658," de"," de-last_blank","last_blank",4,1,"ratha-last_blank","ratha",1,0,2,1,"cópia de","cópiaratha"
621,"jo","jo-so","so",4,6,"agres-so","agres",2,4,3,1,"corajoso","coraagresso"
139,"cor","cor-da","da",2,42,"lha-da","lha",41,1,0,1,"corda","lhada"
321,"ro","ro-nel","nel",3,1,"ro-lhas","lhas",1,0,1,1,"coronel","corolhas"
226,"cor","cor-po","po",4,23,"trans-po","trans",2,21,2,1,"corporação","transporação"
336,"cor","cor-re","re",3,75,"trui-re","trui",3,72,1,1,"correto","truireto"
565,"cor","cor-ri","ri",3,55,"trui-ri","trui",3,52,1,1,"corrida","truirida"
779,"cor","cor-tar","tar",2,3,"gun-tar","gun",3,0,0,1,"cortar","guntar"
731,"first_blank","first_blank-cos","cos",2,76,"first_blank-neu","neu",76,0,0,1,"costa","neuta"
660,"first_blank","first_blank-crâ","crâ",2,3,"first_blank-rub","rub",3,0,0,1,"crânio","rubnio"
110,"cri","cri-an","an",3,11,"isha-an","isha",1,10,1,1,"criança","ishaança"
471,"de","de-last_blank","last_blank",6,783,"de-linqüen","linqüen",2,781,3,2,"criatividade","criatividadelinqüen"
596,"first_blank","first_blank-cri","cri",4,124,"first_blank-aguen","aguen",37,87,2,1,"criatura","aguenatura"
682,"cri","cri-me","me",2,4,"mar-me","mar",4,0,0,1,"crime","marme"
520,"cri","cri-mi","mi",4,52,"roquí-mi","roquí",1,51,2,1,"criminoso","roquíminoso"
876,"cri","cri-se","se",2,1,"rês-se","rês",1,0,0,1,"crise","rêsse"
176,"tão","tão-last_blank","last_blank",2,85,"ney-last_blank","ney",84,1,0,1,"cristão","crisney"
285,"first_blank","first_blank-cronô","cronô",3,1,"first_blank-calyp","calyp",1,0,0,1,"cronômetro","calypmetro"
132,"first_blank","first_blank-cru","cru",2,72,"first_blank-bor","bor",72,0,0,1,"cruel","borel"
562,"cru","cru-el","el",4,5,"rapha-el","rapha",1,4,2,1,"crueldade","raphaeldade"
489,"cul","cul-pa","pa",3,23,"atra-pa","atra",21,2,1,1,"culpado","atrapado"
787,"cu","cu-rar","rar",2,5,"cu-lou","lou",5,0,0,1,"curar","culou"
269,"first_blank","first_blank-dan","dan",2,73,"first_blank-fra","fra",73,0,0,1,"dança","fraça"
642,"da","da-r","r",1,1,"ño-r","ño",1,0,0,1,"dar","ñor"
846,"first_blank","first_blank-dé","dé",3,23,"first_blank-afir","afir",23,0,2,1,"década","afircada"
222,"cla","cla-ra","ra",4,20,"saphi-ra","saphi",1,19,2,1,"declaração","desaphiração"
273,"de","de-dão","dão",2,1,"de-cal","cal",1,0,0,1,"dedão","decal"
755,"fen","fen-der","der",3,4,"stri-der","stri",1,3,1,1,"defender","destrider"
230,"ni","ni-ção","ção",4,9,"ni-chiwa","chiwa",1,8,2,1,"definição","definichiwa"
693,"xar","xar-last_blank","last_blank",2,20,"mão-last_blank","mão",20,0,0,1,"deixar","deimão"
182,"xou","xou-last_blank","last_blank",2,13,"rai-last_blank","rai",13,0,0,1,"deixou","deirai"
831,"so","so-last_blank","last_blank",5,475,"so-mething","mething",1,474,3,3,"delicioso","deliciosomething"
803,"de","de-mis","mis",3,2,"de-nhar","nhar",2,0,1,1,"demissão","denharsão"
535,"cra","cra-cia","cia",4,4,"fluên-cia","fluên",3,1,2,1,"democracia","demofluência"
757,"de","de-mons","mons",4,29,"de-reham","reham",1,28,1,1,"demonstração","derehamtração"
955,"first_blank","first_blank-den","den",2,54,"first_blank-ori","ori",54,0,0,1,"dente","orite"
362,"de","de-pres","pres",3,10,"de-rick","rick",4,6,0,1,"depressão","dericksão"
987,"first_blank","first_blank-der","der",3,127,"schwartzwal-der","schwartzwal",1,126,0,8,"derrota","schwartzwalderrota"
637,"fio","fio-last_blank","last_blank",3,7,"quez-last_blank","quez",7,0,1,1,"desafio","desaquez"
279,"vel","vel-last_blank","last_blank",5,386,"wright-last_blank","wright",3,383,3,1,"desagradável","desagradáwright"
599,"to","to-last_blank","last_blank",7,1410,"to-mashevsky","mashevsky",1,1409,1,1,"desaparecimento","desaparecimentomashevsky"
904,"to","to-last_blank","last_blank",6,1410,"to-mashevsky","mashevsky",1,1409,1,2,"desapontamento","desapontamentomashevsky"
45,"nhe","nhe-ci","ci",5,27,"sequên-ci","sequên",2,25,3,1,"desconhecido","descosequêncido"
690,"cri","cri-ção","ção",3,8,"inac-ção","inac",1,7,1,1,"descrição","desinacção"
281,"jar","jar-last_blank","last_blank",3,51,"quem-last_blank","quem",51,0,1,1,"desejar","desequem"
703,"se","se-nhar","nhar",3,2,"se-quei","quei",2,0,0,1,"desenhar","desequei"
749,"to","to-last_blank","last_blank",6,1410,"to-mashevsky","mashevsky",1,1409,1,2,"desenvolvimento","desenvolvimentomashevsky"
284,"des","des-ti","ti",3,35,"quan-ti","quan",6,29,1,1,"destino","quantino"
263,"trui","trui-ção","ção",3,2,"adop-ção","adop",1,1,0,1,"destruição","desadopção"
254,"de","de-ter","ter",5,32,"de-vonshi","vonshi",1,31,3,1,"determinação","devonshiminação"
20,"te","te-ti","ti",4,15,"exaus-ti","exaus",5,10,3,1,"detetive","deexaustive"
810,"de","de-ver","ver",2,2,"de-çam","çam",2,0,0,1,"dever","deçam"
396,"vo","vo-ção","ção",3,1,"vo-gler","gler",1,0,1,1,"devoção","devogler"
628,"de","de-zem","zem",3,1,"de-mand","mand",1,0,1,1,"dezembro","demandbro"
44,"a","a-bo","bo",3,3,"a-ring","ring",3,0,2,1,"diabo","diaring"
857,"ren","ren-te","te",4,29,"cluís-te","cluís",3,26,2,1,"diferente","difecluíste"
656,"first_blank","first_blank-dig","dig",4,20,"first_blank-aplau","aplau",19,1,2,1,"dignidade","aplaunidade"
719,"na","na-mi","mi",4,11,"na-talya","talya",1,10,3,1,"dinamite","dinatalyate"
702,"di","di-ng","ng",1,2,"ga-ng","ga",2,0,0,1,"ding.","gang."
297,"nhei","nhei-ro","ro",3,11,"amar-ro","amar",5,6,0,1,"dinheiro","diamarro"
299,"men","men-te","te",5,800,"atraís-te","atraís",1,799,3,1,"diretamente","diretaatraíste"
747,"re","re-tor","tor",3,32,"re-gres","gres",42,10,1,1,"diretor","diregres"
252,"dis","dis-cus","cus",3,4,"dis-trai","trai",4,0,1,1,"discussão","distraisão"
524,"first_blank","first_blank-dis","dis",5,479,"first_blank-alphon","alphon",2,477,3,1,"dispositivo","alphonpositivo"
237,"first_blank","first_blank-dis","dis",3,479,"first_blank-apro","apro",122,357,1,1,"disputa","aproputa"
55,"dis","dis-tan","tan",3,10,"plan-tan","plan",2,8,1,1,"distante","plantante"
605,"tri","tri-to","to",3,4,"quan-to","quan",4,0,1,1,"distrito","disquanto"
286,"vi","vi-no","no",3,7,"vi-lhar","lhar",4,3,2,1,"divino","divilhar"
956,"vi","vi-são","são",3,9,"vi-nhas","nhas",6,3,1,1,"divisão","divinhas"
167,"a","a-ção","ção",3,60,"a-lhei","lhei",6,54,1,1,"doação","doalhei"
63,"to","to-last_blank","last_blank",4,1410,"to-mashevsky","mashevsky",1,1409,1,4,"documento","documentomashevsky"
451,"en","en-ça","ça",3,1,"en-trei","trei",1,0,2,1,"doença","doentrei"
307,"do","do-en","en",3,11,"apre-en","apre",18,7,2,1,"doente","apreente"
536,"dó","dó-lar","lar",2,1,"dó-men","men",1,0,0,1,"dólar","dómen"
830,"do","do-min","min",3,3,"do-brar","brar",3,0,1,1,"domingo","dobrargo"
883,"do","do-r","r",1,1,"ei-r","ei",1,0,0,1,"dor","eir"
278,"first_blank","first_blank-dor","dor",2,66,"first_blank-qua","qua",66,0,0,1,"dormir","quamir"
201,"dou","dou-tor","tor",2,1,"sis-tor","sis",1,0,0,1,"doutor","sistor"
740,"du","du-rar","rar",2,5,"du-zes","zes",4,1,0,1,"durar","duzes"
293,"du","du-ro","ro",2,10,"cei-ro","cei",11,1,1,1,"duro","ceiro"
842,"first_blank","first_blank-edu","edu",3,30,"first_blank-apon","apon",30,0,1,1,"educação","aponcação"
483,"first_blank","first_blank-efei","efei",2,2,"first_blank-chen","chen",2,0,0,1,"efeito","chento"
960,"caz","caz-last_blank","last_blank",2,3,"soe-last_blank","soe",3,0,0,1,"eficaz","efisoe"
918,"egoís","egoís-ta","ta",2,1,"truís-ta","truís",1,0,0,1,"egoísta","truísta"
318,"ele","ele-gan","gan",3,3,"drug-gan","drug",1,2,1,1,"elegante","druggante"
150,"first_blank","first_blank-elei","elei",2,12,"first_blank-ines","ines",12,0,0,1,"eleição","inesção"
153,"first_blank","first_blank-elei","elei",2,12,"first_blank-exal","exal",12,0,0,1,"eleitor","exaltor"
384,"ele","ele-men","men",3,6,"abdô-men","abdô",1,5,1,1,"elemento","abdômento"
82,"tri","tri-ci","ci",5,10,"sequên-ci","sequên",2,8,3,1,"eletricidade","elesequêncidade"
557,"first_blank","first_blank-elé","elé",3,6,"first_blank-trip","trip",6,0,1,1,"elétrico","triptrico"
322,"lugar","lugar-last_blank","last_blank",4,1,"telly-last_blank","telly",1,0,0,1,"em algum lugar","em algum telly"
268,"ação","ação-last_blank","last_blank",4,1,"drais-last_blank","drais",1,0,1,1,"em formação","em formdrais"
958,"first_blank","first_blank-emer","emer",3,18,"first_blank-trau","trau",18,0,0,1,"emergência","traugência"
577,"first_blank","first_blank-emo","emo",4,26,"first_blank-apres","apres",26,0,2,1,"emocional","aprescional"
587,"de","de-dor","dor",5,9,"de-athwat","athwat",1,8,3,1,"empreendedor","empreendeathwat"
92,"pre","pre-ga","ga",4,29,"black-ga","black",1,28,2,1,"empregada","emblackgada"
261,"prés","prés-ti","ti",4,4,"baquá-ti","baquá",4,0,1,1,"empréstimo","embaquátimo"
80,"en","en-can","can",4,24,"en-glish","glish",1,23,2,1,"encantador","englishtador"
746,"con","con-trar","trar",3,7,"con-cluí","cluí",8,1,0,1,"encontrar","enconcluí"
234,"tro","tro-last_blank","last_blank",3,102,"nais-last_blank","nais",79,23,1,1,"encontro","enconnais"
727,"first_blank","first_blank-ener","ener",2,27,"first_blank-ator","ator",27,0,0,1,"energia","atorgia"
496,"en","en-gra","gra",4,34,"en-dless","dless",1,33,2,1,"engraçado","endlessçado"
54,"si","si-nar","nar",3,5,"si-veis","veis",5,0,1,1,"ensinar","ensiveis"
339,"ter","ter-rar","rar",3,3,"ter-sect","sect",1,2,1,1,"enterrar","entersect"
833,"tra","tra-da","da",3,27,"acor-da","acor",18,9,1,1,"entrada","enacorda"
730,"first_blank","first_blank-epi","epi",3,24,"first_blank-adop","adop",24,0,1,1,"epidemia","adopdemia"
866,"epi","epi-só","só",3,2,"aces-só","aces",2,0,1,1,"episódio","acessódio"
334,"equi","equi-par","par",2,1,"mont-par","mont",1,0,0,2,"equipar","montpar"
537,"equi","equi-pe","pe",2,1,"exas-pe","exas",1,0,0,1,"equipe","exaspe"
655,"first_blank","first_blank-ere","ere",2,8,"first_blank-giu","giu",8,0,0,1,"ereção","giução"
337,"first_blank","first_blank-er","er",2,126,"first_blank-cal","cal",126,0,1,1,"erro","calro"
408,"cân","cân-da","da",4,2,"tigüi-da","tigüi",1,1,2,1,"escândalo","estigüidalo"
425,"par","par-last_blank","last_blank",3,48,"guem-last_blank","guem",49,1,1,1,"escapar","escaguem"
205,"co","co-la","la",3,72,"co-bris","bris",9,63,2,1,"escola","escobris"
533,"ven","ven-do","do",4,22,"bushi-do","bushi",1,21,2,1,"escrevendo","escrebushido"
532,"cre","cre-ver","ver",3,9,"pulô-ver","pulô",1,8,1,1,"escrever","espulôver"
717,"cri","cri-tor","tor",3,1,"alas-tor","alas",1,0,1,1,"escritor","esalastor"
345,"es","es-cri","cri",4,22,"es-taçäo","taçäo",1,21,2,1,"escritório","estaçäotório"
523,"pa","pa-gue","gue",4,3,"pa-trick","trick",4,1,2,1,"espaguete","espatrickte"
349,"ta","ta-last_blank","last_blank",6,1378,"ta-kahashi","kahashi",1,1377,3,3,"especialista","especialistakahashi"
791,"pe","pe-lho","lho",3,1,"pe-gues","gues",1,0,1,1,"espelho","espegues"
23,"pe","pe-rar","rar",3,11,"pe-nhei","nhei",4,7,1,1,"esperar","espenhei"
862,"lar","lar-last_blank","last_blank",5,217,"wright-last_blank","wright",3,214,3,1,"espetacular","espetacuwright"
31,"to","to-last_blank","last_blank",4,1410,"to-mashevsky","mashevsky",1,1409,1,4,"espírito","espíritomashevsky"
680,"por","por-te","te",3,13,"lhas-te","lhas",12,1,1,1,"esporte","eslhaste"
568,"po","po-sa","sa",3,7,"amas-sa","amas",5,2,2,1,"esposa","esamassa"
711,"ta","ta-ção","ção",3,119,"ta-gens","gens",11,108,1,1,"estação","estagens"
387,"es","es-ta","ta",3,199,"es-prei","prei",18,181,2,1,"estado","espreido"
597,"tua","tua-last_blank","last_blank",3,20,"ball-last_blank","ball",20,0,1,1,"estátua","estáball"
818,"ti","ti-lo","lo",3,12,"ti-tuir","tuir",8,4,2,1,"estilo","estituir"
953,"es","es-tran","tran",4,24,"es-pañol","pañol",1,23,1,1,"estrangeiro","españolgeiro"
480,"tra","tra-nho","nho",3,2,"olhi-nho","olhi",1,1,1,1,"estranho","esolhinho"
709,"es","es-tra","tra",4,71,"es-pañol","pañol",1,70,2,1,"estratégia","españoltégia"
179,"tre","tre-la","la",3,18,"char-la","char",4,14,1,1,"estrela","escharla"
705,"es","es-tru","tru",4,14,"es-piões","piões",1,13,2,1,"estrutura","espiõestura"
698,"tu","tu-de","de",3,16,"pren-de","pren",15,1,2,1,"estude","esprende"
545,"dez","dez-last_blank","last_blank",4,34,"trais-last_blank","trais",13,21,2,1,"estupidez","estupitrais"
484,"es","es-tú","tú",4,7,"es-piões","piões",1,6,3,1,"estúpido","espiõespido"
170," no"," no-last_blank","last_blank",2,1,"piã-last_blank","piã",1,0,0,1,"eu no","eupiã"
390,"even","even-to","to",2,1,"prei-to","prei",1,0,0,1,"evento","preito"
401,"first_blank","first_blank-even","even",5,7,"first_blank-sandwi","sandwi",3,4,2,1,"eventualmente","sandwitualmente"
894,"first_blank","first_blank-exa","exa",3,69,"first_blank-aper","aper",68,1,1,1,"exagerar","apergerar"
369,"ce","ce-len","len",4,4,"ce-track","track",1,3,2,1,"excelente","excetrackte"
348,"ex","ex-clu","clu",4,10,"ex-trair","trair",2,8,2,1,"exclusivo","extrairsivo"
685,"cu","cu-ção","ção",3,1,"cu-pais","pais",1,0,1,1,"execução","execupais"
732,"first_blank","first_blank-exer","exer",3,22,"first_blank-alis","alis",21,1,0,1,"exercício","aliscício"
528,"first_blank","first_blank-exér","exér",3,2,"first_blank-brac","brac",2,0,0,1,"exército","braccito"
430,"bi","bi-ção","ção",3,4,"bi-oquí","oquí",4,0,1,1,"exibição","exibioquí"
377,"plo","plo-dir","dir",3,3,"bran-dir","bran",1,2,1,1,"explodir","exbrandir"
945,"plo","plo-são","são",3,2,"omis-são","omis",1,1,1,1,"explosão","exomissão"
120,"plo","plo-si","si",4,4,"agres-si","agres",6,2,2,1,"explosivo","exagressivo"
280,"pres","pres-sar","sar",3,2,"atra-sar","atra",2,0,0,1,"expressar","exatrasar"
500,"ter","ter-no","no",3,11,"aqui-no","aqui",1,10,1,1,"externo","exaquino"
347,"fa","fa-ca","ca",2,4,"fa-min","min",4,0,1,1,"faca","famin"
474,"fá","fá-cil","cil",2,2,"fá-bri","bri",2,0,0,1,"fácil","fábri"
670,"fa","fa-lar","lar",2,3,"fa-res","res",3,0,0,1,"falar","fares"
898,"lha","lha-last_blank","last_blank",2,129,"nes-last_blank","nes",128,1,0,1,"falha","fanes"
383,"first_blank","first_blank-fal","fal",2,75,"first_blank-pra","pra",75,0,0,1,"falso","praso"
203,"lia","lia-last_blank","last_blank",3,105,"sões-last_blank","sões",78,27,1,1,"família","famísões"
722,"mo","mo-so","so",3,11,"pres-so","pres",10,1,2,1,"famoso","fapresso"
782,"sia","sia-last_blank","last_blank",3,74,"ques-last_blank","ques",74,0,1,1,"fantasia","fantaques"
566,"tás","tás-ti","ti",4,6,"baquá-ti","baquá",4,2,2,1,"fantástico","fanbaquático"
449,"rigo","rigo-last_blank","last_blank",6,1,"jasthan-last_blank","jasthan",1,0,3,1,"farinha de trigo","farinha de tjasthan"
598,"fa","fa-tal","tal",2,2,"fa-mos","mos",2,0,0,1,"fatal","famos"
258,"fa","fa-x","x",1,1,"oi-x","oi",1,0,0,1,"fax","oix"
385,"fa","fa-z","z",1,1,"ol-z","ol",1,0,0,1,"faz","olz"
351,"fé","fé-last_blank","last_blank",1,6,"êm-last_blank","êm",6,0,0,1,"fé","êm"
939,"bre","bre-last_blank","last_blank",2,34,"mon-last_blank","mon",34,0,0,1,"febre","femon"
943,"cha","cha-do","do",3,16,"ator-do","ator",8,8,1,1,"fechado","featordo"
4,"char","char-last_blank","last_blank",2,28,"tria-last_blank","tria",28,0,0,2,"fechar","fetria"
3,"cho","cho-last_blank","last_blank",2,54,"eld-last_blank","eld",54,0,0,1,"fecho","feeld"
215,"ra","ra-ção","ção",4,90,"ra-nhões","nhões",2,88,2,1,"federação","federanhões"
295,"io","io-last_blank","last_blank",1,35,"rd-last_blank","rd",35,0,0,1,"feio","ferd"
840,"liz","liz-last_blank","last_blank",2,2,"sac-last_blank","sac",2,0,0,1,"feliz","fesac"
553,"mea","mea-last_blank","last_blank",2,7,"lak-last_blank","lak",7,0,0,1,"fêmea","fêlak"
610,"first_blank","first_blank-fe","fe",4,248,"first_blank-trans","trans",212,36,3,1,"feriado","transriado"
392,"ri","ri-da","da",3,78,"guar-da","guar",26,52,2,1,"ferida","feguarda"
784,"first_blank","first_blank-fes","fes",2,39,"first_blank-hon","hon",39,0,0,1,"festa","honta"
169,"first_blank","first_blank-fes","fes",3,39,"first_blank-abra","abra",39,0,1,1,"festival","abratival"
525,"el","el-last_blank","last_blank",2,84,"el-lingsworth","lingsworth",1,83,0,7,"fiel","fiellingsworth"
815,"first_blank","first_blank-fí","fí",3,9,"first_blank-pron","pron",9,0,2,1,"fígado","prongado"
397,"fi","fi-lho","lho",2,5,"fi-ram","ram",5,0,0,1,"filho","firam"
724,"first_blank","first_blank-fil","fil",2,47,"first_blank-jan","jan",47,0,0,1,"filme","janme"
400,"fi","fi-nal","nal",2,3,"fi-res","res",3,0,0,1,"final","fires"
399,"li","li-zar","zar",4,76,"li-vings","vings",2,74,2,1,"finalizar","finalivings"
98,"cei","cei-ro","ro",4,11,"panth-ro","panth",1,10,2,1,"financeiro","finanpanthro"
403,"to","to-last_blank","last_blank",6,1410,"to-mashevsky","mashevsky",1,1409,1,2,"financiamento","financiamentomashevsky"
870,"first_blank","first_blank-fí","fí",3,9,"first_blank-plas","plas",9,0,2,1,"físico","plassico"
710,"or","or-last_blank","last_blank",1,53,"bi-last_blank","bi",53,0,0,1,"flor","flbi"
855,"first_blank","first_blank-flo","flo",3,57,"first_blank-aten","aten",56,1,1,1,"floresta","atenresta"
541,"first_blank","first_blank-flui","flui",2,5,"first_blank-fren","fren",5,0,0,1,"fluido","frendo"
416,"fo","fo-gão","gão",2,1,"fo-lam","lam",1,0,0,1,"fogão","folam"
414,"first_blank","first_blank-for","for",2,232,"first_blank-man","man",246,14,0,1,"força","mança"
2,"for","for-mi","mi",3,16,"oquí-mi","oquí",4,12,1,1,"formiga","oquímiga"
405,"for","for-te","te",4,3,"cluís-te","cluís",3,0,2,1,"fortemente","cluístemente"
928,"for","for-tu","tu",3,9,"even-tu","even",5,4,1,1,"fortuna","eventuna"
418,"first_blank","first_blank-fo","fo",2,283,"first_blank-mar","mar",283,0,1,1,"foto","marto"
86,"fo","fo-tó","tó",4,5,"fo-liões","liões",1,4,3,1,"fotógrafo","foliõesgrafo"
417,"fra","fra-co","co",2,3,"bli-co","bli",3,0,0,1,"fraco","blico"
486,"cês","cês-last_blank","last_blank",2,3,"jid-last_blank","jid",3,0,0,1,"francês","franjid"
292,"first_blank","first_blank-fra","fra",2,73,"first_blank-dan","dan",73,0,0,1,"frase","danse"
243,"first_blank","first_blank-frau","frau",2,9,"first_blank-brid","brid",9,0,0,1,"fraude","bridde"
146,"fr","fr-io","io",1,1,"fr-es","es",1,0,0,1,"frio","fres"
613,"fro","fro-ta","ta",2,1,"han-ta","han",1,0,0,1,"frota","hanta"
551,"first_blank","first_blank-fru","fru",2,12,"first_blank-rin","rin",12,0,0,1,"fruta","rinta"
792,"gi","gi-ti","ti",4,11,"exaus-ti","exaus",5,6,3,1,"fugitivo","fuexaustivo"
649,"fun","fun-ci","ci",4,33,"acres-ci","acres",2,31,2,1,"funcional","acrescional"
783,"fur","fur-gão","gão",2,1,"zin-gão","zin",1,0,0,1,"furgão","zingão"
776,"ria","ria-last_blank","last_blank",2,918,"tes-last_blank","tes",854,64,0,1,"fúria","fútes"
105,"bol","bol-last_blank","last_blank",3,11,"bol-lingsworth","lingsworth",1,10,0,6,"futebol","futebollingsworth"
957,"xia","xia-last_blank","last_blank",3,15,"lers-last_blank","lers",15,0,1,1,"galáxia","galálers"
432,"ga","ga-nhar","nhar",2,3,"ga-lhei","lhei",3,0,0,1,"ganhar","galhei"
644,"gem","gem-last_blank","last_blank",3,177,"nhos-last_blank","nhos",185,8,1,1,"garagem","garanhos"
435,"first_blank","first_blank-gar","gar",4,70,"first_blank-triun","triun",15,55,2,1,"garçonete","triunçonete"
213,"first_blank","first_blank-gar","gar",2,70,"first_blank-vol","vol",70,0,0,1,"garfo","volfo"
777,"ro","ro-tas","tas",3,6,"ro-quei","quei",3,3,1,1,"garotas","garoquei"
576,"to","to-last_blank","last_blank",3,1410,"to-mashevsky","mashevsky",1,1409,1,5,"garoto","garotomashevsky"
980,"gar","gar-ra","ra",3,15,"chei-ra","chei",16,1,1,1,"garrafa","cheirafa"
283,"gas","gas-tar","tar",2,3,"sul-tar","sul",3,0,0,1,"gastar","sultar"
158,"ga","ga-to","to",2,11,"ga-nis","nis",10,1,1,1,"gato","ganis"
534,"y.","y.-last_blank","last_blank",1,1,"ib-last_blank","ib",1,0,0,1,"gay.","gaib"
227,"ne","ne-ro","ro",4,15,"chihi-ro","chihi",1,14,3,1,"generoso","gechihiroso"
612,"ge","ge-ral","ral",4,4,"ge-nheim","nheim",1,3,2,1,"geralmente","genheimmente"
983,"gi","gi-rar","rar",2,2,"gi-dei","dei",2,0,0,1,"girar","gidei"
608,"first_blank","first_blank-glo","glo",2,25,"first_blank-the","the",25,0,0,1,"global","thebal"
444,"first_blank","first_blank-gló","gló",2,3,"first_blank-cay","cay",3,0,0,1,"glória","cayria"
552,"ri","ri-la","la",3,4,"char-la","char",4,0,2,1,"gorila","gocharla"
10,"ver","ver-no","no",3,4,"john-no","john",1,3,1,1,"governo","gojohnno"
298,"gra","gra-du","du",4,11,"cheng-du","cheng",1,10,2,1,"graduado","chengduado"
765,"first_blank","first_blank-gra","gra",2,171,"first_blank-tor","tor",173,2,0,1,"grama","torma"
267,"first_blank","first_blank-gran","gran",2,30,"first_blank-atin","atin",30,0,0,1,"grandes","atindes"
462,"dão","dão-last_blank","last_blank",3,53,"gues-last_blank","gues",53,0,1,1,"gratidão","gratigues"
543,"tui","tui-ta","ta",5,3,"kenyat-ta","kenyat",1,2,3,1,"gratuitamente","grakenyattamente"
796,"first_blank","first_blank-gra","gra",3,171,"first_blank-cons","cons",158,13,1,1,"gravação","consvação"
538,"first_blank","first_blank-gra","gra",3,171,"first_blank-cons","cons",158,13,1,1,"gravata","consvata"
42,"dez","dez-last_blank","last_blank",3,34,"lhão-last_blank","lhão",34,0,1,1,"gravidez","gravilhão"
823,"first_blank","first_blank-gre","gre",2,70,"first_blank-vol","vol",70,0,0,1,"grego","volgo"
108,"gre","gre-ve","ve",2,1,"cor-ve","cor",1,0,0,1,"greve","corve"
16,"gros","gros-so","so",2,1,"apes-so","apes",1,0,0,1,"grosso","apesso"
431,"gru","gru-po","po",2,1,"cap-po","cap",1,0,0,1,"grupo","cappo"
350,"first_blank","first_blank-guar","guar",2,55,"first_blank-equi","equi",54,1,0,2,"guarda","equida"
356,"nim","nim-last_blank","last_blank",3,3,"gart-last_blank","gart",3,0,1,1,"guaxinim","guaxigart"
884,"first_blank","first_blank-guer","guer",3,15,"first_blank-abai","abai",15,0,0,1,"guerreiro","abaireiro"
701,"gui","gui-tar","tar",3,5,"plan-tar","plan",5,0,1,1,"guitarra","plantarra"
161,"de","de-last_blank","last_blank",5,783,"de-linqüen","linqüen",2,781,3,3,"habilidade","habilidadelinqüen"
837,"first_blank","first_blank-ham","ham",3,27,"first_blank-ator","ator",27,0,1,1,"hamburger","atorburger"
836,"mo","mo-nia","nia",3,4,"mo-zart","zart",3,1,1,1,"harmonia","harmozart"
36,"cóp","cóp-te","te",5,2,"seqüen-te","seqüen",1,1,3,1,"helicóptero","heliseqüentero"
209,"he","he-ma","ma",4,7,"he-ather","ather",2,5,3,1,"hematoma","heathertoma"
455,"her","her-dar","dar",2,1,"qui-dar","qui",1,0,0,1,"herdar","quidar"
208,"roí","roí-na","na",3,1,"shaw-na","shaw",1,0,1,1,"heroína","heshawna"
165,"nio","nio-last_blank","last_blank",4,94,"lhões-last_blank","lhões",22,72,2,1,"hidrogênio","hidrogêlhões"
89,"first_blank","first_blank-hi","hi",1,225,"first_blank-mu","mu",227,2,0,1,"hiv","muv"
903,"ego","ego-last_blank","last_blank",5,1,"chwald-last_blank","chwald",1,0,3,1,"homem morcego","homem morcchwald"
526,"ho","ho-nes","nes",5,6,"ho-rowitz","rowitz",1,5,3,1,"honestidade","horowitztidade"
272,"nes","nes-to","to",3,3,"tric-to","tric",2,1,1,1,"honesto","hotricto"
743,"first_blank","first_blank-hon","hon",2,39,"first_blank-fes","fes",39,0,0,1,"honra","fesra"
927,"first_blank","first_blank-hor","hor",3,55,"first_blank-aten","aten",56,1,1,1,"horrível","atenrível"
458,"first_blank","first_blank-hu","hu",3,134,"first_blank-pres","pres",129,5,2,1,"humano","presmano"
327,"first_blank","first_blank-idi","idi",3,10,"first_blank-spar","spar",10,0,1,1,"idiota","sparota"
448,"first_blank","first_blank-imen","imen",2,7,"first_blank-ever","ever",7,0,0,1,"imenso","everso"
472,"ra","ra-dor","dor",4,43,"ra-nhões","nhões",2,41,2,1,"imperador","imperanhões"
296,"rio","rio-last_blank","last_blank",3,336,"ções-last_blank","ções",442,106,1,1,"império","impéções"
872,"cia","cia-last_blank","last_blank",4,425,"lhões-last_blank","lhões",22,403,2,1,"importância","importânlhões"
963,"por","por-tan","tan",4,12,"aguen-tan","aguen",1,11,2,1,"importante","imaguentante"
477,"vel","vel-last_blank","last_blank",4,386,"trais-last_blank","trais",13,373,2,1,"impossível","impossítrais"
277,"po","po-ten","ten",4,19,"po-drick","drick",1,18,2,1,"impotente","impodrickte"
305,"ital","ital-last_blank","last_blank",6,1,"glehorn-last_blank","glehorn",1,0,3,1,"impressão digital","impressão digglehorn"
96,"o","o-nar","nar",5,51,"o-dleigh","dleigh",1,50,3,1,"impressionar","impressiodleigh"
625,"first_blank","first_blank-imun","imun",2,6,"first_blank-stin","stin",6,0,0,1,"imundo","stindo"
476,"in","in-crí","crí",3,3,"in-subs","subs",3,0,1,1,"incrível","insubsvel"
53,"di","di-car","car",3,10,"di-ções","ções",11,1,1,1,"indicar","indições"
699,"al","al-last_blank","last_blank",5,209,"al-legheny","legheny",1,208,3,3,"individual","individuallegheny"
270,"first_blank","first_blank-ines","ines",6,12,"first_blank-chfffff","chfffff",13,1,3,1,"inesperadamente","chfffffperadamente"
517,"in","in-fân","fân",3,2,"in-vest","vest",2,0,1,1,"infância","investcia"
984,"fec","fec-ção","ção",3,3,"trui-ção","trui",2,1,1,1,"infecção","intruição"
935,"ri","ri-or","or",4,12,"ri-gueia","gueia",1,11,3,1,"inferior","inferigueia"
675,"fer","fer-no","no",3,2,"john-no","john",1,1,1,1,"inferno","injohnno"
411,"for","for-man","man",4,10,"klein-man","klein",1,9,2,1,"informante","inkleinmante"
802,"for","for-mar","mar",3,12,"acal-mar","acal",3,9,1,1,"informar","inacalmar"
482,"in","in-for","for",4,59,"in-cluís","cluís",2,57,2,1,"infortúnio","incluístúnio"
309,"je","je-ção","ção",3,3,"je-remy","remy",1,2,1,1,"injeção","injeremy"
488,"jus","jus-to","to",3,2,"trep-to","trep",2,0,1,1,"injusto","intrepto"
58,"to","to-last_blank","last_blank",3,1410,"to-mashevsky","mashevsky",1,1409,1,5,"inseto","insetomashevsky"
367,"pe","pe-ção","ção",3,4,"pe-nhei","nhei",4,0,1,1,"inspeção","inspenhei"
493,"ra","ra-ção","ção",4,90,"ra-nhões","nhões",2,88,2,1,"inspiração","inspiranhões"
393,"to","to-last_blank","last_blank",4,1410,"to-mashevsky","mashevsky",1,1409,1,4,"instrumento","instrumentomashevsky"
497,"gen","gen-te","te",5,25,"atraís-te","atraís",1,24,3,1,"inteligente","inteliatraíste"
634,"ten","ten-ção","ção",3,9,"ten-berg","berg",3,6,1,1,"intenção","intenberg"
7,"te","te-last_blank","last_blank",7,3074,"te-xiphan","xiphan",1,3073,4,1,"intencionalmente","intencionalmentexiphan"
371,"san","san-te","te",5,18,"plewhi-te","plewhi",1,17,3,1,"interessante","interesplewhite"
700,"first_blank","first_blank-ín","ín",3,22,"first_blank-exer","exer",22,0,2,1,"íntimo","exertimo"
494,"in","in-tui","tui",3,8,"in-cons","cons",7,1,1,1,"intuição","inconsção"
856,"first_blank","first_blank-inú","inú",2,4,"first_blank-raf","raf",4,0,0,1,"inútil","raftil"
974,"ver","ver-no","no",3,4,"john-no","john",1,3,1,1,"inverno","injohnno"
101,"ti","ti-dor","dor",4,3,"ti-tuíam","tuíam",1,2,2,1,"investidor","investituíam"
37,"in","in-ves","ves",5,70,"in-cluíam","cluíam",1,69,3,1,"investigador","incluíamtigador"
368,"ti","ti-gar","gar",4,7,"ti-mesha","mesha",1,6,2,1,"investigar","investimesha"
402,"tir","tir-last_blank","last_blank",3,49,"guem-last_blank","guem",49,0,1,1,"investir","invesguem"
331,"ir","ir-last_blank","last_blank",1,33,"nk-last_blank","nk",33,0,0,1,"ir","nk"
504,"mão","mão-last_blank","last_blank",2,20,"tua-last_blank","tua",20,0,0,1,"irmão","irtua"
505,"first_blank","first_blank-irô","irô",3,2,"first_blank-elíp","elíp",2,0,1,1,"irônico","elípnico"
506,"vel","vel-last_blank","last_blank",5,386,"dricks-last_blank","dricks",3,383,3,1,"irresponsável","irresponsádricks"
62,"is","is-ca","ca",2,3,"pri-ca","pri",3,0,1,1,"isca","prica"
149,"que","que-ta","ta",3,11,"fron-ta","fron",11,0,1,1,"jaqueta","jafronta"
648,"e","e-lho","lho",3,4,"e-pers","pers",3,1,1,1,"joelho","joepers"
915,"ga","ga-dor","dor",3,23,"ga-ções","ções",10,13,1,1,"jogador","jogações"
805,"jo","jo-gos","gos",2,2,"jo-set","set",1,1,0,1,"jogos","joset"
289,"first_blank","first_blank-jó","jó",1,6,"first_blank-dv","dv",6,0,0,1,"jóia","dvia"
69,"jor","jor-nal","nal",2,2,"gri-nal","gri",2,0,0,1,"jornal","grinal"
804,"first_blank","first_blank-jor","jor",4,33,"first_blank-aguen","aguen",37,4,2,1,"jornalista","aguennalista"
947,"iz","iz-last_blank","last_blank",1,11,"pé-last_blank","pé",11,0,0,1,"juiz","jupé"
515,"ju","ju-lho","lho",2,1,"ju-ran","ran",1,0,0,1,"julho","juran"
824,"et.","et.-last_blank","last_blank",3,1,"raim-last_blank","raim",1,0,1,1,"juliet.","juliraim"
861,"jú","jú-ni","ni",3,1,"demô-ni","demô",1,0,2,1,"júnior","demônior"
999,"to","to-last_blank","last_blank",4,1410,"to-mashevsky","mashevsky",1,1409,1,4,"juramento","juramentomashevsky"
469,"rí","rí-di","di",4,10,"aplau-di","aplau",8,2,3,1,"jurídico","juaplaudico"
981,"first_blank","first_blank-jus","jus",3,41,"first_blank-amar","amar",41,0,1,1,"justiça","amartiça"
56,"first_blank","first_blank-lá","lá",1,11,"first_blank-zh","zh",11,0,0,1,"lá","zh"
413,"entro","entro-last_blank","last_blank",5,1,"saphat-last_blank","saphat",1,0,1,1,"lado de dentro","lado de dsaphat"
769,"gar","gar-to","to",3,1,"cons-to","cons",1,0,1,1,"lagarto","laconsto"
816,"la","la-go","go",2,3,"la-rin","rin",3,0,1,1,"lago","larin"
83,"gos","gos-ta","ta",3,25,"plan-ta","plan",26,1,1,1,"lagosta","laplanta"
194,"first_blank","first_blank-lam","lam",2,40,"first_blank-atu","atu",40,0,0,1,"lamber","atuber"
976,"la","la-ran","ran",3,6,"la-tour","tour",2,4,1,1,"laranja","latourja"
540,"va","va-gem","gem",3,4,"va-lhas","lhas",2,2,1,1,"lavagem","lavalhas"
311,"le","le-ão","ão",1,1,"le-bi","bi",1,0,0,1,"leão","lebi"
355,"first_blank","first_blank-lem","lem",2,54,"first_blank-jun","jun",54,0,0,1,"lembrar","junbrar"
671,"len","len-ço","ço",2,1,"far-ço","far",1,0,0,1,"lenço","farço"
591,"len","len-da","da",2,1,"toy-da","toy",1,0,0,1,"lenda","toyda"
641,"first_blank","first_blank-les","les",2,21,"first_blank-war","war",21,0,0,1,"leste","warte"
241,"be","be-ral","ral",3,1,"be-noit","noit",1,0,1,1,"liberal","libenoit"
575,"lí","lí-der","der",2,1,"lí-cía","cía",1,0,0,1,"líder","lícía"
914,"li","li-mu","mu",4,4,"li-vings","vings",2,2,3,1,"limusine","livingssine"
123,"first_blank","first_blank-lin","lin",2,58,"first_blank-gos","gos",58,0,0,1,"lindo","gosdo"
588,"li","li-ng","ng",1,1,"li-sz","sz",1,0,0,1,"ling.","lisz."
67,"ra","ra-tu","tu",5,4,"ra-wlings","wlings",1,3,4,1,"literatura","literawlingsra"
113,"vro","vro-last_blank","last_blank",2,1,"ovy-last_blank","ovy",1,0,0,1,"livro","liovy"
544,"li","li-xo","xo",2,1,"li-kum","kum",1,0,1,1,"lixo","likum"
959,"lo","lo-bo","bo",2,3,"lo-nia","nia",3,0,1,1,"lobo","lonia"
795,"cal","cal-last_blank","last_blank",2,31,"rus-last_blank","rus",31,0,0,1,"local","lorus"
548,"ção","ção-last_blank","last_blank",5,1057,"wright-last_blank","wright",3,1054,3,1,"localização","localizawright"
676,"lou","lou-co","co",2,1,"rói-co","rói",1,0,0,1,"louco","róico"
151,"ta","ta-dor","dor",3,66,"ta-ções","ções",48,18,1,1,"lutador","lutações"
219,"lu","lu-tar","tar",2,3,"lu-cre","cre",3,0,0,1,"lutar","lucre"
946,"lu","lu-z","z",1,1,"iz-z","iz",1,0,0,1,"luz","izz"
518,"first_blank","first_blank-mai","mai",4,30,"first_blank-apres","apres",26,4,2,1,"maionese","apresonese"
681,"iagem","iagem-last_blank","last_blank",6,1,"reshold-last_blank","reshold",1,0,2,1,"mala de viagem","mala de vreshold"
673,"mãe","mãe-last_blank","last_blank",2,1,"zao-last_blank","zao",1,0,0,1,"mamãe","mazao"
944,"man","man-dar","dar",2,4,"cor-dar","cor",5,1,0,1,"mandar","cordar"
121,"man","man-guei","guei",3,3,"man-chas","chas",2,1,0,1,"mangueira","manchasra"
34,"nhã","nhã-last_blank","last_blank",2,4,"fiz-last_blank","fiz",4,0,0,1,"manhã","mafiz"
48,"lar","lar-last_blank","last_blank",4,217,"ríeis-last_blank","ríeis",10,207,2,1,"manipular","manipuríeis"
677,"ma","ma-no","no",2,27,"ma-qui","qui",25,2,1,1,"mano","maqui"
574,"man","man-tei","tei",3,1,"man-gold","gold",1,0,1,1,"manteiga","mangoldga"
739,"man","man-ter","ter",2,3,"man-dra","dra",3,0,0,1,"manter","mandra"
867,"nu","nu-ten","ten",4,1,"nu-nally","nally",1,0,2,1,"manutenção","manunallyção"
134,"ma","ma-pa","pa",2,2,"ma-tur","tur",2,0,1,1,"mapa","matur"
820,"qui","qui-na","na",3,10,"ador-na","ador",3,7,1,1,"máquina","máadorna"
569,"nha","nha-last_blank","last_blank",3,435,"ções-last_blank","ções",442,7,1,1,"marinha","marições"
706,"ri","ri-nhei","nhei",4,3,"ri-zaçäo","zaçäo",1,2,1,1,"marinheiro","marizaçäoro"
47,"ting","ting-last_blank","last_blank",3,28,"char-last_blank","char",28,0,0,1,"marketing","markechar"
106,"mar","mar-te","te",3,10,"adul-te","adul",8,2,1,1,"martelo","adultelo"
503,"gem","gem-last_blank","last_blank",3,177,"nhos-last_blank","nhos",185,8,1,1,"massagem","massanhos"
329,"ti","ti-gar","gar",3,7,"ti-ções","ções",5,2,1,1,"mastigar","mastições"
715,"ma","ma-te","te",2,27,"ma-mos","mos",27,0,1,1,"mate","mamos"
406,"te","te-má","má",5,10,"te-xiphan","xiphan",1,9,4,1,"matemática","matexiphantica"
117,"ma","ma-u","u",1,1,"gy-u","gy",1,0,0,1,"mau","gyu"
589,"first_blank","first_blank-má","má",3,24,"first_blank-adop","adop",24,0,2,1,"máximo","adopximo"
916,"me","me-câ","câ",4,6,"me-trius","trius",1,5,3,1,"mecânico","metriusnico"
949,"da","da-lha","lha",3,3,"da-gens","gens",3,0,1,1,"medalha","medagens"
68,"lhão","lhão-last_blank","last_blank",3,34,"bert-last_blank","bert",34,0,0,1,"medalhão","medabert"
27,"to","to-last_blank","last_blank",5,1410,"to-mashevsky","mashevsky",1,1409,1,3,"medicamento","medicamentomashevsky"
460,"me","me-do","do",2,9,"zin-do","zin",9,0,1,1,"medo","zindo"
572,"mei","mei-o","o",3,1,"scro-o","scro",1,0,1,1,"meio-dia","scroodia"
603,"lho","lho-ria","ria",3,1,"trai-ria","trai",1,0,1,1,"melhoria","metrairia"
559,"me","me-nos","nos",2,12,"me-lan","lan",10,2,0,1,"menos","melan"
91,"first_blank","first_blank-men","men",3,115,"first_blank-atra","atra",111,4,1,1,"mensagem","atrasagem"
578,"men","men-ti","ti",4,29,"exaus-ti","exaus",5,24,2,1,"mentiroso","exaustiroso"
394,"tal","tal-last_blank","last_blank",2,84,"per-last_blank","per",84,0,0,1,"metal","meper"
766,"tro","tro-last_blank","last_blank",2,102,"ler-last_blank","ler",101,1,0,1,"metro","meler"
148,"cro","cro-fo","fo",4,2,"black-fo","black",1,1,2,1,"microfone","miblackfone"
921,"mi","mi-cros","cros",4,7,"mi-dland","dland",1,6,1,1,"microscópio","midlandcópio"
202,"ta","ta-res","res",4,106,"ta-chyon","chyon",1,105,2,1,"militares","militachyon"
323,"mi","mi-nis","nis",4,45,"mi-chell","chell",1,44,2,1,"ministério","michelltério"
324,"nis","nis-tro","tro",3,3,"eléc-tro","eléc",2,1,1,1,"ministro","mieléctro"
852,"to","to-last_blank","last_blank",3,1410,"to-mashevsky","mashevsky",1,1409,1,5,"minuto","minutomashevsky"
714,"ria","ria-last_blank","last_blank",3,918,"ções-last_blank","ções",442,476,1,1,"miséria","miséções"
688,"dia","dia-last_blank","last_blank",5,122,"ground-last_blank","ground",3,119,3,1,"misericórdia","misericórground"
912,"first_blank","first_blank-mis","mis",2,82,"first_blank-ber","ber",82,0,0,1,"missão","bersão"
409,"sil","sil-last_blank","last_blank",2,7,"beu-last_blank","beu",7,0,0,1,"míssil","mísbeu"
849,"first_blank","first_blank-mis","mis",3,82,"first_blank-quei","quei",80,2,1,1,"mistério","queitério"
220,"first_blank","first_blank-mis","mis",3,82,"first_blank-quei","quei",80,2,1,1,"mistura","queitura"
464,"des","des-to","to",3,1,"sciu-to","sciu",1,0,1,1,"modesto","mosciuto"
844,"mo","mo-lha","lha",3,11,"mo-zart","zart",3,8,1,1,"molhado","mozartdo"
262,"mo","mo-lho","lho",2,1,"mo-ret","ret",1,0,0,1,"molho","moret"
919,"ni","ni-tor","tor",3,3,"ni-cles","cles",2,1,1,1,"monitor","monicles"
214,"first_blank","first_blank-mon","mon",3,122,"first_blank-apro","apro",122,0,1,1,"montanha","aprotanha"
886,"first_blank","first_blank-mon","mon",3,122,"first_blank-apro","apro",122,0,1,1,"montante","aprotante"
630,"mo","mo-ra","ra",3,88,"quei-ra","quei",17,71,2,1,"morada","queirada"
97,"ran","ran-go","go",3,5,"obri-go","obri",1,4,1,1,"morango","moobrigo"
73,"mor","mor-fi","fi",3,1,"wild-fi","wild",1,0,1,1,"morfina","wildfina"
882,"rer","rer-last_blank","last_blank",2,33,"pio-last_blank","pio",33,0,0,1,"morrer","morpio"
990,"mor","mor-ta","ta",2,5,"cei-ta","cei",5,0,0,1,"morta","ceita"
926,"mos","mos-ca","ca",2,2,"van-ca","van",2,0,0,1,"mosca","vanca"
922,"first_blank","first_blank-mos","mos",3,80,"first_blank-quei","quei",80,0,1,1,"mosteiro","queiteiro"
463,"tel","tel-last_blank","last_blank",2,27,"zia-last_blank","zia",27,0,0,1,"motel","mozia"
911,"mo","mo-tor","tor",2,3,"mo-grá","grá",3,0,0,1,"motor","mográ"
71,"ezes","ezes-last_blank","last_blank",4,1,"bléia-last_blank","bléia",1,0,1,1,"muitas vezes","muitas vbléia"
380,"first_blank","first_blank-mui","mui",2,11,"first_blank-nic","nic",11,0,0,1,"muito","nicto"
988,"lher","lher-last_blank","last_blank",2,8,"põem-last_blank","põem",8,0,0,1,"mulher","mupõem"
498,"first_blank","first_blank-mun","mun",2,28,"first_blank-ano","ano",28,0,0,1,"mundo","anodo"
616,"first_blank","first_blank-mús","mús",3,2,"first_blank-bird","bird",2,0,1,1,"músculo","birdculo"
114,"mu","mu-seu","seu",2,1,"mu-nhe","nhe",1,0,0,1,"museu","munhe"
26,"first_blank","first_blank-mú","mú",3,11,"first_blank-clau","clau",11,0,2,1,"música","clausica"
157,"first_blank","first_blank-mú","mú",3,11,"first_blank-whit","whit",11,0,2,1,"músico","whitsico"
366,"ta","ta-ção","ção",3,119,"ta-gens","gens",11,108,1,1,"mutação","mutagens"
667,"na","na-ção","ção",2,61,"na-men","men",59,2,0,1,"nação","namen"
17,"na","na-dar","dar",2,2,"na-lha","lha",2,0,0,1,"nadar","nalha"
118,"riz","riz-last_blank","last_blank",2,5,"aky-last_blank","aky",5,0,0,1,"nariz","naaky"
291,"sea","sea-last_blank","last_blank",2,5,"riz-last_blank","riz",5,0,0,1,"náusea","náuriz"
726,"first_blank","first_blank-ne","ne",4,352,"blackthor-ne","blackthor",1,351,2,7,"negativo","blackthornegativo"
216,"first_blank","first_blank-ner","ner",3,12,"first_blank-thun","thun",12,0,1,1,"nervoso","thunvoso"
195,"ne","ne-ve","ve",2,2,"ne-ram","ram",2,0,1,1,"neve","neram"
632,"voa","voa-last_blank","last_blank",2,2,"jie-last_blank","jie",2,0,0,1,"névoa","néjie"
624,"noi","noi-va","va",2,3,"gal-va","gal",3,0,0,1,"noiva","galva"
841,"mal","mal-last_blank","last_blank",2,20,"con-last_blank","con",20,0,0,1,"normal","norcon"
901,"first_blank","first_blank-nor","nor",2,41,"first_blank-jus","jus",41,0,0,1,"norte","juste"
370,"tá","tá-vel","vel",3,56,"tá-quio","quio",1,55,1,1,"notável","notáquio"
152,"no","no-tí","tí",4,2,"no-robôs","robôs",1,1,3,1,"notícias","norobôscias"
971,"no","no-vo","vo",2,5,"no-mia","mia",5,0,1,1,"novo","nomia"
629,"nu","nu-last_blank","last_blank",1,17,"sk-last_blank","sk",16,1,0,1,"nu","sk"
79,"nu","nu-cle","cle",3,5,"nu-tria","tria",1,4,1,1,"nuclear","nutriaar"
481,"ócio","ócio-last_blank","last_blank",3,1,"bith-last_blank","bith",1,0,0,1,"o negócio","o negbith"
204,"men","men-te","te",5,800,"atraís-te","atraís",1,799,3,1,"obviamente","obviaatraíste"
564,"first_blank","first_blank-oce","oce",3,10,"first_blank-snow","snow",10,0,1,1,"oceano","snowano"
902,"first_blank","first_blank-oci","oci",3,9,"first_blank-anes","anes",9,0,1,1,"ocidental","anesdental"
910,"ocul","ocul-tar","tar",2,1,"bral-tar","bral",1,0,0,1,"ocultar","braltar"
495,"first_blank","first_blank-ofen","ofen",2,31,"first_blank-anun","anun",31,0,0,1,"ofender","anunder"
530,"first_blank","first_blank-ofer","ofer",2,2,"first_blank-quel","quel",2,0,0,1,"oferta","quelta"
643,"ofi","ofi-ci","ci",3,11,"exer-ci","exer",11,0,1,1,"oficial","exercial"
173,"first_blank","first_blank-ól","ól",1,2,"first_blank-dâ","dâ",2,0,0,1,"óleo","dâeo"
221,"first_blank","first_blank-ôni","ôni",2,1,"first_blank-béa","béa",1,0,0,1,"ônibus","béabus"
457,"tem","tem-last_blank","last_blank",2,188,"nar-last_blank","nar",188,0,0,1,"ontem","onnar"
341,"op","op-ção","ção",2,1,"op-sie","sie",1,0,0,1,"opção","opsie"
487,"first_blank","first_blank-opo","opo",3,17,"first_blank-kris","kris",17,0,1,1,"oponente","krisnente"
708,"first_blank","first_blank-ór","ór",3,9,"first_blank-aqui","aqui",9,0,2,1,"órbita","aquibita"
647,"first_blank","first_blank-ore","ore",2,9,"first_blank-zar","zar",9,0,0,1,"orelha","zarlha"
64,"ni","ni-zar","zar",4,22,"ni-chiwa","chiwa",1,21,2,1,"organizar","organichiwa"
770,"first_blank","first_blank-ori","ori",3,54,"first_blank-guar","guar",55,1,1,1,"orifício","guarfício"
594,"ou","ou-to","to",3,3,"clep-to","clep",3,0,2,1,"outono","cleptono"
869,"tu","tu-bro","bro",3,1,"tu-gues","gues",1,0,1,1,"outubro","outugues"
662,"vir","vir-last_blank","last_blank",2,7,"rad-last_blank","rad",7,0,0,1,"ouvir","ourad"
618,"ov","ov-o","o",1,1,"ói-o","ói",1,0,0,1,"ovo","óio"
57,"first_blank","first_blank-oxi","oxi",3,18,"first_blank-star","star",18,0,1,1,"oxigênio","stargênio"
333,"co","co-te","te",3,17,"abas-te","abas",16,1,2,1,"pacote","paabaste"
595,"dre","dre-last_blank","last_blank",2,19,"xes-last_blank","xes",19,0,0,1,"padre","paxes"
14,"pa","pa-i","i",1,1,"ki-i","ki",1,0,0,1,"pai","kii"
332,"xão","xão-last_blank","last_blank",2,12,"jes-last_blank","jes",12,0,0,1,"paixão","paijes"
858,"les","les-tra","tra",3,3,"les-sing","sing",1,2,1,1,"palestra","palessing"
932,"pai","pai-last_blank","last_blank",2,5,"ody-last_blank","ody",5,0,0,1,"papai","paody"
363,"empre","empre-last_blank","last_blank",6,1,"carthur-last_blank","carthur",1,0,2,1,"para todo sempre","para todo scarthur"
843,"gra","gra-fo","fo",4,25,"gra-mercy","mercy",1,24,3,1,"parágrafo","parágramercy"
878,"ra","ra-nor","nor",4,2,"ra-wling","wling",1,1,2,1,"paranormal","parawlingmal"
365,"re","re-last_blank","last_blank",2,399,"cos-last_blank","cos",421,22,1,1,"pare","pacos"
473,"first_blank","first_blank-par","par",4,226,"first_blank-aguen","aguen",37,189,2,1,"partícula","aguentícula"
191,"first_blank","first_blank-par","par",3,226,"first_blank-cons","cons",158,68,1,1,"partida","constida"
428,"pas","pas-sa","sa",3,70,"imen-sa","imen",2,68,1,1,"passado","imensado"
115,"sa","sa-por","por",4,2,"sa-queia","queia",1,1,2,1,"passaporte","passaqueiate"
125,"first_blank","first_blank-pás","pás",3,4,"first_blank-seño","seño",4,0,1,1,"pássaro","señosaro"
300,"seio","seio-last_blank","last_blank",2,5,"çais-last_blank","çais",5,0,0,1,"passeio","pasçais"
590,"pa","pa-té","té",4,5,"pa-dawan","dawan",1,4,3,1,"patético","padawantico"
433,"pa","pa-to","to",2,17,"cri-to","cri",17,0,1,1,"pato","crito"
452,"tru","tru-lha","lha",3,5,"tru-ções","ções",5,0,1,1,"patrulha","patruções"
762,"first_blank","first_blank-pau","pau",2,23,"first_blank-ara","ara",23,0,0,1,"pausa","arasa"
420,"pe","pe-ça","ça",2,15,"can-ça","can",16,1,1,1,"peça","cança"
218,"di","di-do","do",3,78,"aban-do","aban",39,39,2,1,"pedido","peabando"
821,"pe","pe-dra","dra",2,5,"pe-ten","ten",5,0,0,1,"pedra","peten"
359,"first_blank","first_blank-pei","pei",2,30,"first_blank-val","val",30,0,0,1,"peito","valto"
951,"pei","pei-xe","xe",2,1,"que-xe","que",1,0,0,1,"peixe","quexe"
962,"nis","nis-last_blank","last_blank",2,46,"chi-last_blank","chi",46,0,0,1,"pênis","pêchi"
242,"pen","pen-sar","sar",2,6,"pen-des","des",6,0,0,1,"pensar","pendes"
687,"que","que-no","no",3,4,"john-no","john",1,3,1,1,"pequeno","pejohnno"
465,"fei","fei-to","to",3,16,"trac-to","trac",7,9,1,1,"perfeito","pertracto"
109,"first_blank","first_blank-per","per",3,576,"first_blank-cons","cons",158,418,1,1,"perfume","consfume"
691,"gun","gun-tar","tar",3,3,"pres-tar","pres",3,0,1,1,"perguntar","perprestar"
817,"ri","ri-go","go",3,17,"ri-nhas","nhas",14,3,2,1,"perigo","perinhas"
65,"go","go-so","so",4,4,"go-blins","blins",1,3,3,1,"perigoso","perigoblins"
775,"me","me-tro","tro",4,33,"me-nahem","nahem",1,32,2,1,"perímetro","perímenahem"
358,"río","río-do","do",3,1,"ofen-do","ofen",1,0,1,1,"período","peofendo"
404,"ne","ne-cer","cer",4,5,"ne-mouth","mouth",1,4,2,1,"permanecer","permanemouth"
850,"guir","guir-last_blank","last_blank",3,6,"rant-last_blank","rant",6,0,0,1,"perseguir","perserant"
694,"de","de-last_blank","last_blank",6,783,"de-linqüen","linqüen",2,781,3,2,"personalidade","personalidadelinqüen"
985,"first_blank","first_blank-pers","pers",4,8,"first_blank-south","south",8,0,1,1,"perspectiva","southpectiva"
501,"tur","tur-bar","bar",3,2,"tur-ling","ling",1,1,1,1,"perturbar","perturling"
421,"pe","pe-ru","ru",2,7,"pe-tes","tes",7,0,1,1,"peru","petes"
138,"ca","ca-ria","ria",3,31,"ca-ções","ções",30,1,1,1,"pescaria","pescações"
436,"pes","pes-co","co",3,5,"char-co","char",2,3,1,1,"pescoço","charcoço"
721,"first_blank","first_blank-pes","pes",3,94,"first_blank-tran","tran",90,4,1,1,"pessoas","transoas"
950,"pi","pi-a","a",3,38,"scre-a","scre",2,36,2,1,"piada","screada"
75,"to","to-last_blank","last_blank",3,1410,"to-mashevsky","mashevsky",1,1409,1,5,"piloto","pilotomashevsky"
70,"pin","pin-tor","tor",2,1,"ber-tor","ber",1,0,0,1,"pintor","bertor"
931,"first_blank","first_blank-pla","pla",2,105,"first_blank-ser","ser",105,0,0,1,"placa","serca"
736,"to","to-last_blank","last_blank",5,1410,"to-mashevsky","mashevsky",1,1409,1,3,"planejamento","planejamentomashevsky"
197,"first_blank","first_blank-plás","plás",3,4,"first_blank-egíp","egíp",4,0,0,1,"plástico","egíptico"
376,"first_blank","first_blank-plau","plau",3,2,"first_blank-kars","kars",2,0,0,1,"plausível","karssível"
199,"pó","pó-last_blank","last_blank",1,2,"úl-last_blank","úl",2,0,0,1,"pó","úl"
663,"to","to-last_blank","last_blank",4,1410,"to-mashevsky","mashevsky",1,1409,1,4,"poeirento","poeirentomashevsky"
930,"e","e-ma","ma",3,4,"e-ling","ling",4,0,2,1,"poema","poeling"
513,"ker.","ker.-last_blank","last_blank",2,1,"kopf-last_blank","kopf",1,0,0,1,"poker.","pokopf"
514,"lí","lí-ti","ti",4,15,"exaus-ti","exaus",5,10,3,1,"política","poexaustica"
265,"lí","lí-ti","ti",4,15,"exaus-ti","exaus",5,10,3,1,"político","poexaustico"
491,"po","po-r","r",1,1,"ey-r","ey",1,0,0,1,"por","eyr"
992,"r aí","r aí-last_blank","last_blank",2,1,"cria-last_blank","cria",1,0,0,1,"por aí","pocria"
961,"por","por-co","co",2,2,"dre-co","dre",2,0,0,1,"porco","dreco"
508,"first_blank","first_blank-por","por",2,125,"first_blank-cri","cri",124,1,0,1,"porta","crita"
725,"por","por-tão","tão",2,1,"por-ven","ven",1,0,0,1,"portão","porven"
93,"por","por-to","to",2,13,"ren-to","ren",13,0,0,1,"porto","rento"
892,"si","si-ção","ção",3,21,"si-veis","veis",5,16,1,1,"posição","posiveis"
186,"de","de-last_blank","last_blank",6,783,"de-linqüen","linqüen",2,781,3,2,"possibilidade","possibilidadelinqüen"
310,"first_blank","first_blank-pra","pra",2,75,"first_blank-ace","ace",75,0,0,1,"prata","aceta"
542,"pra","pra-ti","ti",5,33,"bighet-ti","bighet",1,32,3,1,"praticamente","bighetticamente"
238,"pra","pra-ze","ze",4,3,"yangt-ze","yangt",1,2,2,1,"prazeroso","yangtzeroso"
615,"ci","ci-sar","sar",3,3,"ci-pres","pres",2,1,1,1,"precisar","precipres"
964,"pre","pre-ço","ço",2,1,"man-ço","man",1,0,0,1,"preço","manço"
737,"pre","pre-da","da",3,10,"inun-da","inun",9,1,1,1,"predador","inundador"
996,"pre","pre-fei","fei",3,4,"pre-cogs","cogs",1,3,1,1,"prefeito","precogsto"
620,"first_blank","first_blank-prê","prê",2,2,"first_blank-liz","liz",2,0,0,1,"prêmio","lizmio"
759,"isão","isão-last_blank","last_blank",4,1,"chadh-last_blank","chadh",1,0,1,1,"prender prisão","prender prchadh"
734,"pa","pa-ção","ção",5,11,"pa-toshik","toshik",1,10,3,1,"preocupação","preocupatoshik"
752,"pa","pa-rar","rar",3,18,"pa-nhei","nhei",6,12,1,1,"preparar","prepanhei"
320,"sen","sen-te","te",3,18,"abas-te","abas",16,2,1,1,"presente","preabaste"
187,"si","si-den","den",4,14,"si-guais","guais",1,13,2,1,"presidente","presiguaiste"
758,"são","são-last_blank","last_blank",2,158,"los-last_blank","los",158,0,0,1,"pressão","preslos"
127,"pres","pres-si","si",4,66,"sunny-si","sunny",1,65,1,1,"pressione","sunnysione"
128,"pre","pre-to","to",2,5,"jes-to","jes",5,0,0,1,"preto","jesto"
847,"pri","pri-má","má",3,4,"acal-má","acal",1,3,1,1,"primário","acalmário"
801,"pri","pri-mo","mo",2,8,"har-mo","har",7,1,0,1,"primo","harmo"
741,"first_blank","first_blank-prin","prin",3,26,"first_blank-acos","acos",26,0,0,1,"principe","acoscipe"
180,"pri","pri-são","são",2,1,"pri-rem","rem",1,0,0,1,"prisão","prirem"
790,"nei","nei-ro","ro",5,17,"prothe-ro","prothe",1,16,3,1,"prisioneiro","prisioprothero"
742,"first_blank","first_blank-pri","pri",5,107,"first_blank-seqües","seqües",9,98,3,1,"privacidade","seqüesvacidade"
294,"ble","ble-ma","ma",3,4,"phar-ma","phar",4,0,1,1,"problema","propharma"
745,"to","to-last_blank","last_blank",5,1410,"to-mashevsky","mashevsky",1,1409,1,3,"procedimento","procedimentomashevsky"
381,"du","du-ção","ção",3,10,"du-rant","rant",2,8,1,1,"produção","produrant"
567,"du","du-tos","tos",3,7,"du-rant","rant",2,5,1,1,"produtos","produrant"
264,"zir","zir-last_blank","last_blank",3,16,"mond-last_blank","mond",16,0,1,1,"produzir","produmond"
798,"sor","sor-last_blank","last_blank",3,51,"quem-last_blank","quem",51,0,1,1,"professor","profesquem"
32,"fes","fes-so","so",4,6,"calyp-so","calyp",1,5,2,1,"professora","procalypsora"
33,"pro","pro-fis","fis",5,7,"pro-tecçäo","tecçäo",1,6,3,1,"profissional","protecçäosional"
751,"gra","gra-ma","ma",3,43,"quei-ma","quei",23,20,1,1,"programa","proqueima"
750,"bir","bir-last_blank","last_blank",2,9,"ast-last_blank","ast",9,0,0,1,"proibir","proiast"
434,"mes","mes-sa","sa",3,10,"tran-sa","tran",11,1,1,1,"promessa","protransa"
15,"mo","mo-tor","tor",3,3,"mo-cles","cles",2,1,1,1,"promotor","promocles"
754,"pro","pro-pri","pri",5,16,"pro-tecçäo","tecçäo",1,15,3,1,"proprietário","protecçäoetário"
249,"guir","guir-last_blank","last_blank",3,6,"zard-last_blank","zard",6,0,0,1,"prosseguir","prossezard"
797,"pro","pro-to","to",4,7,"glads-to","glads",1,6,2,1,"protocolo","gladstocolo"
592,"first_blank","first_blank-pro","pro",4,819,"first_blank-aguen","aguen",37,782,2,1,"protótipo","aguentótipo"
364,"pro","pro-va","va",2,38,"nha-va","nha",16,22,0,1,"prova","nhava"
744,"vá","vá-vel","vel",3,7,"vá-quia","quia",3,4,1,1,"provável","prováquia"
716,"men","men-te","te",5,800,"atraís-te","atraís",1,799,3,1,"provavelmente","provavelatraíste"
454,"first_blank","first_blank-pro","pro",5,819,"first_blank-seqües","seqües",9,810,3,1,"providenciar","seqüesvidenciar"
39,"first_blank","first_blank-psi","psi",4,50,"first_blank-aguen","aguen",37,13,2,1,"psicologia","aguencologia"
571,"first_blank","first_blank-psi","psi",5,50,"first_blank-seqües","seqües",9,41,3,1,"psicológico","seqüescológico"
604,"bli","bli-co","co",3,3,"fres-co","fres",2,1,1,1,"público","púfresco"
338,"pu","pu-lar","lar",2,8,"pu-des","des",6,2,0,1,"pular","pudes"
326,"xar","xar-last_blank","last_blank",2,20,"con-last_blank","con",20,0,0,1,"puxar","pucon"
760,"qua","qua-li","li",4,20,"grizz-li","grizz",1,19,2,1,"qualidade","grizzlidade"
104,"eral","eral-last_blank","last_blank",5,1,"nofsky-last_blank","nofsky",1,0,2,1,"quartel general","quartel gennofsky"
835,"first_blank","first_blank-quar","quar",2,20,"first_blank-abas","abas",20,0,0,1,"quarto","abasto"
308,"tro.","tro.-last_blank","last_blank",2,1,"vrax-last_blank","vrax",1,0,0,1,"quatro.","quavrax"
672,"quei","quei-jo","jo",2,1,"amêi-jo","amêi",1,0,0,1,"queijo","amêijo"
245,"a","a-ção","ção",4,60,"a-crest","crest",1,59,2,1,"radiação","radiacrest"
288,"men","men-te","te",5,800,"atraís-te","atraís",1,799,3,1,"rapidamente","rapidaatraíste"
301,"dez","dez-last_blank","last_blank",3,34,"chas-last_blank","chas",34,0,1,1,"rapidez","rapichas"
638,"men","men-te","te",4,800,"cluís-te","cluís",3,797,2,1,"raramente","raracluíste"
601,"ta","ta-za","za",4,3,"ta-lhões","lhões",2,1,3,1,"ratazana","ratalhõesna"
388,"ra","ra-zoá","zoá",3,3,"ra-lhei","lhei",3,0,1,1,"razoável","ralheivel"
975,"re","re-al","al",2,12,"re-lem","lem",12,0,1,1,"real","relem"
661,"first_blank","first_blank-re","re",4,2976,"warwickshi-re","warwickshi",1,2975,1,6,"realista","warwickshirealista"
607,"first_blank","first_blank-re","re",4,2976,"warwickshi-re","warwickshi",1,2975,1,6,"realmente","warwickshirealmente"
439,"tor.","tor.-last_blank","last_blank",3,1,"fitt-last_blank","fitt",1,0,0,1,"reator.","reafitt"
888,"first_blank","first_blank-re","re",5,2976,"warwickshi-re","warwickshi",1,2975,1,5,"recentemente","warwickshirecentemente"
124,"first_blank","first_blank-re","re",4,2976,"warwickshi-re","warwickshi",1,2975,1,6,"recompensa","warwickshirecompensa"
499,"re","re-de","de",2,11,"ban-de","ban",12,1,1,1,"rede","bande"
85,"zir","zir-last_blank","last_blank",3,16,"mond-last_blank","mond",16,0,1,1,"reduzir","redumond"
224,"fei","fei-ção","ção",3,4,"fei-jões","jões",1,3,1,1,"refeição","refeijões"
539,"first_blank","first_blank-re","re",5,2976,"warwickshi-re","warwickshi",1,2975,1,5,"refrigerante","warwickshirefrigerante"
774,"re","re-i","i",1,1,"ui-i","ui",1,0,0,1,"rei","uii"
781,"rei","rei-no","no",2,1,"vor-no","vor",1,0,0,1,"reino","vorno"
398,"li","li-gião","gião",3,1,"li-ches","ches",1,0,0,1,"religião","reliches"
319,"mo","mo-ver","ver",3,9,"mo-rais","rais",2,7,1,1,"remover","remorais"
250,"first_blank","first_blank-ren","ren",2,57,"first_blank-ina","ina",57,0,0,1,"renda","inada"
240,"pa","pa-rar","rar",3,18,"pa-nhei","nhei",6,12,1,1,"reparar","repanhei"
49,"first_blank","first_blank-re","re",4,2976,"warwickshi-re","warwickshi",1,2975,1,6,"repugnante","warwickshirepugnante"
172,"first_blank","first_blank-re","re",4,2976,"warwickshi-re","warwickshi",1,2975,1,6,"reputação","warwickshireputação"
763,"res","res-fri","fri",4,4,"res-tless","tless",1,3,2,1,"resfriado","restlessado"
864,"res","res-ga","ga",3,21,"obri-ga","obri",26,5,1,1,"resgate","obrigate"
807,"tir","tir-last_blank","last_blank",3,49,"guem-last_blank","guem",49,0,1,1,"resistir","resisguem"
809,"pon","pon-der","der",3,4,"pon-chos","chos",1,3,1,1,"responder","responchos"
102,"ran","ran-te","te",4,39,"cluís-te","cluís",3,36,2,1,"restaurante","restaucluíste"
811,"first_blank","first_blank-re","re",4,2976,"warwickshi-re","warwickshi",1,2975,1,6,"resultado","warwickshiresultado"
271,"re","re-tor","tor",3,32,"re-gres","gres",42,10,1,1,"retorna","regresna"
212,"nir","nir-last_blank","last_blank",2,14,"reu-last_blank","reu",14,0,0,1,"reunir","reureu"
712,"vis","vis-ta","ta",3,26,"plan-ta","plan",26,0,1,1,"revista","replanta"
713,"ri","ri-co","co",2,40,"ri-men","men",36,4,1,1,"rico","rimen"
890,"ri","ri-sa","sa",3,9,"ri-nhos","nhos",9,0,2,1,"risada","rinhosda"
360,"do","do-via","via",3,1,"do-roff","roff",1,0,1,1,"rodovia","rodoroff"
183,"ro","ro-ma","ma",2,10,"fla-ma","fla",10,0,1,1,"roma","flama"
313,"mân","mân-ti","ti",4,6,"exaus-ti","exaus",5,1,2,1,"romântico","roexaustico"
826,"bar","bar-last_blank","last_blank",2,41,"vou-last_blank","vou",41,0,0,1,"roubar","rouvou"
827,"rou","rou-bo","bo",2,1,"fle-bo","fle",1,0,0,1,"roubo","flebo"
90,"ru","ru-a","a",1,9,"ge-a","ge",10,1,0,1,"rua","gea"
786,"sa","sa-bia","bia",2,1,"sa-jar","jar",1,0,0,1,"sabia","sajar"
354,"bo","bo-tar","tar",3,2,"bo-xing","xing",2,0,1,1,"sabotar","saboxing"
141,"sa","sa-co","co",3,9,"sa-ções","ções",7,2,2,1,"sacola","saçõesla"
889,"sa","sa-la","la",3,36,"sa-ções","ções",7,29,2,1,"salada","saçõesda"
686,"rio","rio-last_blank","last_blank",3,336,"ções-last_blank","ções",442,106,1,1,"salário","saláções"
456,"first_blank","first_blank-sal","sal",3,158,"first_blank-cons","cons",158,0,1,1,"salvador","consvador"
806,"sal","sal-var","var",2,2,"qui-var","qui",2,0,0,1,"salvar","quivar"
619,"rai","rai-last_blank","last_blank",3,13,"lões-last_blank","lões",13,0,1,1,"samurai","samulões"
126,"to","to-last_blank","last_blank",3,1410,"to-mashevsky","mashevsky",1,1409,1,5,"sapato","sapatomashevsky"
772,"sa","sa-té","té",4,2,"tungs-té","tungs",1,1,3,1,"satélite","tungstélite"
389,"sau","sau-dar","dar",2,1,"lin-dar","lin",1,0,0,1,"saudar","lindar"
410,"se","se-de","de",2,3,"lói-de","lói",3,0,1,1,"sede","lóide"
853,"gu","gu-ran","ran",4,11,"gu-lhões","lhões",1,10,2,1,"segurança","segulhõesça"
854,"gu","gu-ro","ro",3,3,"gu-lhar","lhar",3,0,2,1,"seguro","segulhar"
342,"ne.","ne.-last_blank","last_blank",5,1,"toshik-last_blank","toshik",1,0,3,1,"selecione.","seleciotoshik"
581,"se","se-ma","ma",3,10,"acal-ma","acal",9,1,2,1,"semana","acalmana"
290,"ma","ma-nal","nal",5,2,"ma-zursky","zursky",1,1,3,1,"semanalmente","semazurskymente"
631,"pre","pre-last_blank","last_blank",2,8,"tao-last_blank","tao",8,0,0,1,"sempre","semtao"
678,"se","se-na","na",3,10,"se-guir","guir",9,1,2,1,"senado","seguirdo"
447,"na","na-dor","dor",3,34,"na-ções","ções",20,14,1,1,"senador","senações"
210,"se","se-nha","nha",2,14,"se-pul","pul",14,0,0,1,"senha","sepul"
860,"se","se-nho","nho",3,15,"se-guis","guis",15,0,1,1,"senhora","seguisra"
490,"nho","nho-rio","rio",3,1,"aviá-rio","aviá",1,0,1,1,"senhorio","seaviário"
395,"sen","sen-tar","tar",2,11,"cul-tar","cul",3,8,0,1,"sentar","cultar"
475,"sen","sen-tin","tin",4,2,"sen-saçäo","saçäo",1,1,2,1,"sentindo-me","sensaçäodome"
24,"rin","rin-ga","ga",3,2,"amar-ga","amar",2,0,1,1,"seringa","seamarga"
382,"ser","ser-mão","mão",2,1,"ser-tem","tem",1,0,0,1,"sermão","sertem"
344,"ser","ser-vo","vo",2,4,"ene-vo","ene",4,0,0,1,"servo","enevo"
941,"ow","ow-last_blank","last_blank",1,17,"pá-last_blank","pá",17,0,0,1,"show","shpá"
873,"lên","lên-cio","cio",3,1,"egip-cio","egip",1,0,1,1,"silêncio","siegipcio"
645,"si","si-m","m",1,1,"my-m","my",1,0,0,1,"sim","mym"
99,"first_blank","first_blank-sím","sím",3,2,"first_blank-frin","frin",2,0,1,1,"símbolo","frinbolo"
874,"ples","ples-last_blank","last_blank",2,6,"pard-last_blank","pard",6,0,0,1,"simples","simpard"
415,"si","si-nal","nal",2,1,"si-diu","diu",1,0,0,1,"sinal","sidiu"
875,"first_blank","first_blank-sín","sín",3,6,"first_blank-afro","afro",6,0,1,1,"síndrome","afrodrome"
789,"first_blank","first_blank-sis","sis",3,24,"first_blank-adop","adop",24,0,1,1,"sistema","adoptema"
50,"so","so-bre","bre",4,101,"so-luçäo","luçäo",1,100,2,1,"sobrenome","soluçäonome"
989,"vi","vi-ver","ver",4,6,"vi-athan","athan",1,5,2,1,"sobreviver","sobreviathan"
617,"bri","bri-nho","nho",3,1,"bri-ault","ault",1,0,1,1,"sobrinho","sobriault"
546,"so","so-l","l",1,1,"yl-l","yl",1,0,0,1,"sol","yll"
550,"so","so-lar","lar",2,3,"so-ciá","ciá",3,0,0,1,"solar","sociá"
372,"ta","ta-ção","ção",5,119,"ta-kehaya","kehaya",1,118,3,1,"solicitação","solicitakehaya"
828,"so","so-m","m",1,1,"õe-m","õe",1,0,0,1,"som","õem"
887,"first_blank","first_blank-som","som",2,17,"first_blank-hun","hun",17,0,0,1,"sombrio","hunbrio"
163,"first_blank","first_blank-son","son",2,22,"first_blank-whi","whi",22,0,0,1,"sonda","whida"
695,"so","so-nhe","nhe",2,1,"so-bia","bia",1,0,0,1,"sonhe","sobia"
994,"ta","ta-que","que",3,4,"ta-lhan","lhan",4,0,1,1,"sotaque","sotalhan"
891,"nho","nho-last_blank","last_blank",3,425,"ções-last_blank","ções",442,17,1,1,"sozinho","sozições"
897,"first_blank","first_blank-subs","subs",4,52,"first_blank-apren","apren",44,8,1,1,"substituto","aprentituto"
633,"su","su-fi","fi",5,10,"nether-fi","nether",1,9,4,1,"suficiente","netherficiente"
753,"rir","rir-last_blank","last_blank",3,26,"mann-last_blank","mann",26,0,1,1,"sugerir","sugemann"
635,"jei","jei-to","to",3,7,"trac-to","trac",7,0,1,1,"sujeito","sutracto"
531,"su","su-mo","mo",2,9,"su-cum","cum",8,1,1,1,"sumo","sucum"
147,"cie","cie-last_blank","last_blank",4,34,"tland-last_blank","tland",10,24,2,1,"superfície","superfítland"
560,"ri","ri-or","or",4,12,"ri-chtho","chtho",1,11,3,1,"superior","superichtho"
231,"si","si-ção","ção",4,21,"si-deswi","deswi",1,20,2,1,"suposição","suposideswi"
178,"sur","sur-do","do",2,2,"plo-do","plo",2,0,0,1,"surdo","plodo"
315,"first_blank","first_blank-sus","sus",3,119,"first_blank-apro","apro",122,3,1,1,"suspeito","apropeito"
728,"ta","ta-len","len",3,6,"ta-nhis","nhis",3,3,1,1,"talento","tanhisto"
188,"pe","pe-te","te",3,10,"quar-te","quar",10,0,2,1,"tapete","taquarte"
622,"first_blank","first_blank-tar","tar",2,43,"first_blank-cin","cin",43,0,0,1,"tarde","cinde"
164,"tar","tar-ta","ta",4,4,"agüen-ta","agüen",3,1,2,1,"tartaruga","agüentaruga"
646,"first_blank","first_blank-tc","tc",1,6,"first_blank-cb","cb",6,0,0,1,"tchau","cbhau"
198,"a","a-tro","tro",3,3,"a-gens","gens",3,0,1,1,"teatro","teagens"
683,"te","te-ci","ci",3,37,"anun-ci","anun",25,12,2,1,"tecido","anuncido"
583,"first_blank","first_blank-téc","téc",3,5,"first_blank-olím","olím",5,0,1,1,"técnica","olímnica"
185,"first_blank","first_blank-te","te",4,446,"braithwai-te","braithwai",1,445,2,5,"telefone","braithwaitelefone"
773,"vi","vi-são","são",4,9,"vi-kings","kings",1,8,2,1,"televisão","televikings"
145,"first_blank","first_blank-tem","tem",5,54,"first_blank-sandwi","sandwi",3,51,3,1,"temperatura","sandwiperatura"
973,"pes","pes-ta","ta",4,14,"afron-ta","afron",2,12,2,1,"tempestade","temafrontade"
839,"nen","nen-te","te",3,16,"abas-te","abas",16,0,1,1,"tenente","teabaste"
445,"tê","tê-nis","nis",2,1,"tê-vão","vão",1,0,0,1,"tênis","têvão"
374,"ten","ten-tar","tar",2,6,"ten-cia","cia",6,0,0,1,"tentar","tencia"
84,"ten","ten-ta","ta",4,50,"abrup-ta","abrup",2,48,2,1,"tentativas","abruptativas"
466,"o","o-ria","ria",3,3,"o-dles","dles",4,1,1,1,"teoria","teodles"
441,"sso","sso-last_blank","last_blank",4,1,"kraut-last_blank","kraut",1,0,2,1,"ter sucesso","ter sucekraut"
851,"ter","ter-ça","ça",2,1,"jan-ça","jan",1,0,0,1,"terça","jança"
375,"first_blank","first_blank-tes","tes",2,74,"first_blank-ace","ace",75,1,0,1,"teste","acete"
929,"tes","tes-te","te",4,42,"schut-te","schut",1,41,2,1,"testemunho","schuttemunho"
626,"first_blank","first_blank-tí","tí",3,21,"first_blank-clas","clas",21,0,2,1,"título","clastulo"
207,"a","a-lha","lha",3,7,"a-ming","ming",4,3,1,1,"toalha","toaming"
107,"ma","ma-te","te",3,27,"acon-te","acon",26,1,2,1,"tomate","toaconte"
427,"tor","tor-na","na",3,45,"shan-na","shan",2,43,1,1,"tornado","shannado"
936,"tor","tor-tu","tu",3,30,"efec-tu","efec",8,22,1,1,"tortura","efectura"
22,"ba","ba-lha","lha",4,26,"ba-rosky","rosky",1,25,2,1,"trabalhador","trabaroskydor"
942,"ba","ba-lhar","lhar",3,2,"ba-kers","kers",2,0,0,1,"trabalhar","trabakers"
593,"o","o-nal","nal",5,78,"o-dleigh","dleigh",1,77,3,1,"tradicional","tradiciodleigh"
948,"trá","trá-gi","gi",3,4,"emer-gi","emer",4,0,1,1,"trágico","emergico"
276,"tra","tra-go","go",2,2,"ren-go","ren",2,0,0,1,"trago","rengo"
352,"first_blank","first_blank-trai","trai",2,25,"first_blank-alar","alar",25,0,0,1,"traidor","alardor"
190,"tran","tran-car","car",2,3,"tran-sís","sís",2,1,0,1,"trancar","transís"
602,"first_blank","first_blank-trans","trans",3,212,"first_blank-apren","apren",44,168,0,1,"transferir","aprenferir"
863,"first_blank","first_blank-trans","trans",3,212,"first_blank-apren","apren",44,168,0,1,"transmissor","aprenmissor"
422,"tra","tra-sei","sei",3,4,"tra-nhas","nhas",3,1,1,1,"traseira","tranhasra"
923,"to","to-last_blank","last_blank",4,1410,"to-mashevsky","mashevsky",1,1409,1,4,"tratamento","tratamentomashevsky"
1,"tr","tr-ês","ês",1,1,"tr-ut","ut",1,0,0,1,"três","trut"
200,"first_blank","first_blank-tri","tri",4,142,"first_blank-aguen","aguen",37,105,2,1,"triângulo","aguenângulo"
582,"tri","tri-mes","mes",3,4,"tri-buin","buin",4,0,1,1,"trimestre","tribuintre"
314,"tri","tri-plo","plo",2,1,"tri-fec","fec",1,0,0,1,"triplo","trifec"
255,"tro","tro-no","no",2,5,"ver-no","ver",4,1,0,1,"trono","verno"
800,"vão","vão-last_blank","last_blank",2,11,"ars-last_blank","ars",11,0,0,1,"trovão","troars"
720,"nel","nel-last_blank","last_blank",2,27,"tai-last_blank","tai",27,0,0,1,"túnel","tútai"
302,"first_blank","first_blank-uni","uni",3,68,"first_blank-aper","aper",68,0,1,1,"uniforme","aperforme"
340,"ver","ver-si","si",5,24,"riquís-si","riquís",1,23,3,1,"universidade","uniriquíssidade"
838,"uri","uri-na","na",2,3,"cho-na","cho",3,0,0,1,"urina","chona"
51,"us","us-ar","ar",1,1,"qw-ar","qw",1,0,0,1,"usar","qwar"
229,"first_blank","first_blank-usu","usu",2,6,"first_blank-iri","iri",6,0,0,1,"usual","irial"
627,"first_blank","first_blank-usu","usu",4,6,"first_blank-opres","opres",6,0,2,1,"usualmente","opresalmente"
46,"va","va-ci","ci",3,19,"coin-ci","coin",16,3,2,1,"vacina","coincina"
282,"va","va-le","le",2,29,"va-das","das",30,1,1,1,"vale","vadas"
580,"li","li-o","o",4,24,"subwo-o","subwo",1,23,3,1,"valioso","vasubwooso"
1000,"first_blank","first_blank-vam","vam",3,9,"first_blank-anes","anes",9,0,1,1,"vampiro","anespiro"
822,"va","va-quei","quei",3,5,"va-gens","gens",3,2,0,1,"vaqueiro","vagensro"
549,"ve","ve-la","la",2,39,"tro-la","tro",30,9,1,1,"vela","trola"
40,"le","le-jar","jar",3,1,"le-tics","tics",1,0,1,1,"velejar","veletics"
142,"rio","rio-last_blank","last_blank",3,336,"ções-last_blank","ções",442,106,1,1,"velório","velóções"
287,"lo","lo-zes","zes",3,1,"lo-ving","ving",1,0,1,1,"velozes","veloving"
419,"first_blank","first_blank-ven","ven",4,138,"first_blank-aguar","aguar",24,114,2,1,"vencedora","aguarcedora"
228,"ven","ven-der","der",2,4,"ven-tri","tri",4,0,0,1,"vender","ventri"
192,"ve","ve-nha","nha",2,5,"ve-men","men",4,1,0,1,"venha","vemen"
965,"ven","ven-ti","ti",4,16,"exaus-ti","exaus",5,11,2,1,"ventilação","exaustilação"
570,"nus","nus-last_blank","last_blank",2,31,"gie-last_blank","gie",31,0,0,1,"vênus","vêgie"
977,"fi","fi-car","car",4,53,"fi-queis","queis",1,52,2,1,"verificar","verifiqueis"
832,"tir","tir-last_blank","last_blank",2,49,"dei-last_blank","dei",49,0,0,1,"vestir","vesdei"
316,"deo","deo-last_blank","last_blank",2,10,"lov-last_blank","lov",10,0,0,1,"vídeo","vílov"
6,"vi","vi-la","la",2,6,"rel-la","rel",6,0,1,1,"vila","rella"
812,"são","são-last_blank","last_blank",2,158,"los-last_blank","los",158,0,0,1,"visão","vilos"
756,"vi","vi-ta","ta",4,22,"aguen-ta","aguen",18,4,3,1,"vitamina","aguentamina"
954,"first_blank","first_blank-vod","vod",2,3,"first_blank-jit","jit",3,0,0,1,"vodka","jitka"
993,"te","te-last_blank","last_blank",7,3074,"te-xiphan","xiphan",1,3073,4,1,"voluntariamente","voluntariamentexiphan"
729,"vo","vo-o","o",1,2,"ny-o","ny",2,0,0,1,"voo","nyo"
558,"vo","vo-to","to",2,2,"sun-to","sun",2,0,1,1,"voto","sunto"
871,"son.","son.-last_blank","last_blank",2,1,"roid-last_blank","roid",1,0,0,1,"watson.","watroid"
60,"first_blank","first_blank-zo","zo",2,52,"first_blank-pan","pan",52,0,1,1,"zona","panna"
