"word_id","first","original_pair","second","syll","original_freq","replacement_pair","replacement_syll","replacement_freq","freq_diff","char_diff","letter_diff","original_word","replacement_word"
195,"first_blank","first_blank-1","1",1,1,"first_blank-mè","mè",1,0,1,1,"1","mè"
28,"first_blank","first_blank-abe","abe",2,15,"first_blank-may","may",15,0,0,1,"abelha","maylha"
197,"first_blank","first_blank-aber","aber",3,15,"first_blank-crip","crip",15,0,0,1,"abertura","criptura"
196,"ri","ri-r","r",1,2,"eu-r","eu",2,0,0,1,"abrir","abeur"
640,"ta","ta-men","men",6,100,"ta-kahashi","kahashi",1,99,4,1,"absolutamente","absolutakahashite"
769,"first_blank","first_blank-acam","acam",4,17,"first_blank-triun","triun",15,2,1,1,"acampamento","triunpamento"
938,"first_blank","first_blank-aci","aci",5,22,"first_blank-seqües","seqües",9,13,3,1,"acidentalmente","seqüesdentalmente"
871,"first_blank","first_blank-aci","aci",3,22,"first_blank-exer","exer",22,0,1,1,"acionar","exeronar"
648,"first_blank","first_blank-açú","açú",2,2,"first_blank-xai","xai",2,0,0,1,"açúcar","xaicar"
623,"ção","ção-last_blank","last_blank",5,1057,"wright-last_blank","wright",3,1054,3,1,"administração","administrawright"
2,"mi","mi-rar","rar",3,2,"mi-lhei","lhei",2,0,1,1,"admirar","admilhei"
803,"mi","mi-tem","tem",3,6,"mi-nais","nais",5,1,1,1,"admitem","adminais"
961,"first_blank","first_blank-ado","ado",4,94,"first_blank-triun","triun",15,79,2,1,"adolescência","triunlescência"
880,"adul","adul-to","to",2,1,"caus-to","caus",1,0,0,1,"adulto","causto"
441,"ad","ad-vo","vo",4,7,"ad-mills","mills",1,6,3,1,"advogado","admillsgado"
293,"first_blank","first_blank-afi","afi",2,36,"first_blank-sta","sta",36,0,0,1,"afinar","stanar"
701,"afo","afo-gar","gar",2,2,"oli-gar","oli",2,0,0,1,"afogar","oligar"
405,"first_blank","first_blank-áfri","áfri",2,1,"first_blank-scro","scro",1,0,0,1,"áfrica","scroca"
122,"first_blank","first_blank-agar","agar",2,32,"first_blank-atro","atro",32,0,0,1,"agarrar","atrorar"
3,"first_blank","first_blank-agen","agen",2,16,"first_blank-coin","coin",16,0,0,1,"agente","cointe"
190,"first_blank","first_blank-ago","ago",2,15,"first_blank-vil","vil",15,0,0,1,"agora","vilra"
105,"first_blank","first_blank-agri","agri",3,11,"first_blank-whit","whit",11,0,0,1,"agricultor","whitcultor"
312,"aguar","aguar-de","de",2,2,"almôn-de","almôn",2,0,0,2,"aguarde","almônde"
917,"first_blank","first_blank-agu","agu",2,13,"first_blank-cis","cis",13,0,0,1,"agulha","cislha"
132,"first_blank","first_blank-aju","aju",2,53,"first_blank-bro","bro",53,0,0,1,"ajuda","broda"
660,"bum","bum-last_blank","last_blank",2,5,"vak-last_blank","vak",5,0,0,1,"álbum","álvak"
6,"first_blank","first_blank-ál","ál",3,7,"first_blank-guin","guin",7,0,2,1,"álcool","guincool"
821,"first_blank","first_blank-aler","aler",2,22,"first_blank-ocor","ocor",22,0,0,1,"alerta","ocorta"
840,"ho","ho-last_blank","last_blank",1,13,"bá-last_blank","bá",13,0,0,1,"alho","albá"
733,"ta","ta-ção","ção",4,119,"ta-ríeis","ríeis",2,117,2,1,"alimentação","alimentaríeis"
466,"al","al-ma","ma",2,2,"que-ma","que",2,0,1,1,"alma","quema"
337,"alu","alu-na","na",2,2,"bre-na","bre",2,0,0,1,"aluna","brena"
387,"first_blank","first_blank-ama","ama",2,104,"first_blank-mer","mer",104,0,0,1,"amador","merdor"
298,"nhã","nhã-last_blank","last_blank",2,4,"dog-last_blank","dog",4,0,0,1,"amanhã","amadog"
774,"first_blank","first_blank-aman","aman",2,9,"first_blank-emis","emis",9,0,0,1,"amante","emiste"
12,"cia","cia-last_blank","last_blank",4,425,"lhões-last_blank","lhões",22,403,2,1,"ambulância","ambulânlhões"
951,"ana","ana-lis","lis",3,2,"ana-tomy","tomy",1,1,1,1,"analista","anatomyta"
992,"first_blank","first_blank-anar","anar",2,4,"first_blank-glas","glas",4,0,0,1,"anarquia","glasquia"
967,"ana","ana-to","to",3,4,"flec-to","flec",4,0,1,1,"anatomia","flectomia"
889,"ân","ân-co","co",3,2,"fres-co","fres",2,0,2,1,"âncora","frescora"
397,"an","an-el","el",1,1,"an-sa","sa",1,0,0,1,"anel","ansa"
29,"first_blank","first_blank-ani","ani",4,66,"first_blank-stres","stres",10,56,2,1,"aniversário","stresversário"
13,"an","an-jo","jo",2,1,"an-sat","sat",1,0,1,1,"anjo","ansat"
14,"first_blank","first_blank-anô","anô",3,4,"first_blank-clai","clai",4,0,1,1,"anônimo","clainimo"
15,"to","to-last_blank","last_blank",4,1410,"to-mashevsky","mashevsky",1,1409,1,4,"antídoto","antídotomashevsky"
927,"first_blank","first_blank-anún","anún",2,2,"first_blank-unís","unís",2,0,0,1,"anúncio","uníscio"
66,"ole","ole-last_blank","last_blank",4,1,"grais-last_blank","grais",1,0,2,1,"ao controle","ao contrgrais"
906,"vo","vo-ran","ran",4,2,"vo-luçäo","luçäo",1,1,2,1,"apavorante","apavoluçäote"
835,"ape","ape-li","li",3,10,"equi-li","equi",10,0,1,1,"apelido","equilido"
16,"apli","apli-que","que",2,1,"apli-can","can",1,0,0,1,"aplique","aplican"
681,"orte","orte-last_blank","last_blank",5,1,"kelway-last_blank","kelway",1,0,2,1,"apoio, suporte","apoio, supkelway"
221,"apon","apon-tar","tar",2,2,"fren-tar","fren",2,0,0,1,"apontar","frentar"
411,"apren","apren-der","der",2,2,"dewin-der","dewin",1,1,0,2,"aprender","dewinder"
180,"first_blank","first_blank-apro","apro",3,122,"first_blank-tran","tran",90,32,0,1,"aproximar","tranximar"
133,"ui","ui-last_blank","last_blank",1,9,"gy-last_blank","gy",9,0,0,1,"aqui","aqgy"
5,"ar","ar-last_blank","last_blank",1,367,"ço-last_blank","ço",159,208,0,1,"ar","ço"
710,"ara","ara-nha","nha",2,1,"ara-mai","mai",1,0,0,1,"aranha","aramai"
533,"bus","bus-to","to",3,3,"clep-to","clep",3,0,1,1,"arbusto","arclepto"
630,"first_blank","first_blank-ár","ár",1,13,"first_blank-cú","cú",13,0,0,1,"área","cúea"
975,"first_blank","first_blank-are","are",2,12,"first_blank-sos","sos",12,0,0,1,"arena","sosna"
557,"di","di-lha","lha",4,7,"di-ríeis","ríeis",1,6,2,1,"armadilha","armadiríeis"
474,"qui","qui-vo","vo",3,3,"atre-vo","atre",1,2,1,1,"arquivo","aratrevo"
910,"ran","ran-jo","jo",3,2,"amei-jo","amei",1,1,1,1,"arranjo","arameijo"
252,"ar","ar-ris","ris",4,37,"ar-tland","tland",1,36,2,1,"arriscado","artlandcado"
989,"nal.","nal.-last_blank","last_blank",3,1,"resh-last_blank","resh",1,0,0,1,"arsenal.","arseresh"
638,"ar","ar-te","te",2,19,"cha-te","cha",19,0,1,1,"arte","chate"
18,"to","to-last_blank","last_blank",4,1410,"to-mashevsky","mashevsky",1,1409,1,4,"artefato","artefatomashevsky"
487,"ti","ti-go","go",3,8,"ti-tuir","tuir",8,0,2,1,"artigo","artituir"
425,"tis","tis-ta","ta",3,27,"plan-ta","plan",26,1,1,1,"artista","arplanta"
276,"ezes","ezes-last_blank","last_blank",3,1,"leil-last_blank","leil",1,0,0,1,"às vezes","às vleil"
711,"as","as-no","no",2,1,"as-mas","mas",1,0,1,1,"asno","asmas"
725,"as","as-pi","pi",4,21,"as-tronô","tronô",1,20,3,1,"aspirina","astronôrina"
730,"sas","sas-si","si",4,28,"north-si","north",1,27,2,1,"assassino","asnorthsino"
675,"nau","nau-ta","ta",4,2,"afron-ta","afron",2,0,2,1,"astronauta","astroafronta"
802,"aten","aten-ção","ção",2,1,"plei-ção","plei",1,0,0,1,"atenção","pleição"
742,"first_blank","first_blank-ati","ati",3,84,"first_blank-tran","tran",90,6,1,1,"atirador","tranrador"
430,"first_blank","first_blank-ati","ati",2,84,"first_blank-cul","cul",84,0,0,1,"ativo","culvo"
895,"first_blank","first_blank-atô","atô",3,4,"first_blank-chic","chic",4,0,1,1,"atômico","chicmico"
19,"atra","atra-en","en",3,2,"lowe-en","lowe",2,0,0,1,"atraente","loweente"
410,"atra","atra-sa","sa",3,15,"gres-sa","gres",18,3,0,1,"atrasado","gressado"
76,"first_blank","first_blank-atu","atu",2,40,"first_blank-bre","bre",40,0,0,1,"atual","breal"
949,"at","at-um","um",1,1,"at-wu","wu",1,0,0,1,"atum","atwu"
130,"di","di-ção","ção",3,17,"di-nhas","nhas",17,0,1,1,"audição","audinhas"
565,"tar","tar-last_blank","last_blank",3,446,"ções-last_blank","ções",442,4,1,1,"aumentar","aumenções"
21,"au","au-tó","tó",4,10,"au-champ","champ",1,9,3,1,"autógrafo","auchampgrafo"
22,"tóp","tóp-sia","sia",3,1,"prús-sia","prús",1,0,1,1,"autópsia","auprússia"
20,"au","au-tor","tor",2,1,"au-bri","bri",1,0,0,1,"autor","aubri"
4,"xi","xi-lia","lia",3,1,"xi-nhos","nhos",2,1,1,1,"auxilia","auxinhos"
502,"first_blank","first_blank-ave","ave",3,22,"first_blank-ocor","ocor",22,0,1,1,"avenida","ocornida"
314,"avi","avi-so","so",2,1,"mer-so","mer",1,0,0,1,"aviso","merso"
940,"bá","bá-last_blank","last_blank",2,13,"meu-last_blank","meu",13,0,1,1,"babá","bameu"
26,"ía","ía-last_blank","last_blank",1,10,"xá-last_blank","xá",10,0,0,1,"baía","baxá"
87,"first_blank","first_blank-bai","bai",2,64,"first_blank-cla","cla",64,0,0,1,"baixa","claxa"
158,"first_blank","first_blank-bai","bai",2,64,"first_blank-cla","cla",64,0,0,1,"baixo","claxo"
893,"ju","ju-lar","lar",3,1,"ju-nius","nius",1,0,1,1,"bajular","bajunius"
23,"na","na-na","na",3,4,"ador-na","ador",3,1,2,1,"banana","baadorna"
25,"ban","ban-cá","cá",3,4,"apli-cá","apli",4,0,1,1,"bancário","aplicário"
111,"first_blank","first_blank-ban","ban",3,79,"first_blank-quei","quei",80,1,1,1,"bandeira","queideira"
297,"ba","ba-nhei","nhei",3,4,"ba-gens","gens",2,2,0,1,"banheiro","bagensro"
24,"ban","ban-quei","quei",3,3,"ban-nock","nock",1,2,0,1,"banqueiro","bannockro"
234,"ba","ba-r","r",1,1,"aí-r","aí",1,0,0,1,"bar","aír"
756,"ba","ba-rão","rão",2,5,"ba-nas","nas",5,0,0,1,"barão","banas"
903,"ba","ba-se","se",2,16,"tás-se","tás",15,1,1,1,"base","tásse"
497,"bol","bol-last_blank","last_blank",4,11,"bol-lingsworth","lingsworth",1,10,0,5,"basquetebol","basquetebollingsworth"
281,"bas","bas-tão","tão",2,1,"bas-qui","qui",1,0,0,1,"bastão","basqui"
750,"ta","ta-ta","ta",3,14,"aper-ta","aper",14,0,2,1,"batata","baaperta"
897,"ba","ba-ter","ter",2,7,"ba-ria","ria",6,1,0,1,"bater","baria"
837,"tom","tom-last_blank","last_blank",2,7,"vet-last_blank","vet",7,0,0,1,"batom","bavet"
366,"be","be-bê","bê",2,1,"be-dan","dan",1,0,1,1,"bebê","bedan"
408,"be","be-ber","ber",2,4,"be-nig","nig",4,0,0,1,"beber","benig"
465,"first_blank","first_blank-bei","bei",2,56,"first_blank-sar","sar",56,0,0,1,"beijo","sarjo"
501,"blia","blia-last_blank","last_blank",2,2,"veio-last_blank","veio",2,0,0,1,"bíblia","bíveio"
150,"o","o-te","te",5,19,"o-dlands","dlands",1,18,4,1,"biblioteca","bibliodlandsca"
555,"lhe","lhe-te","te",3,4,"inal-te","inal",4,0,1,1,"bilhete","biinalte"
498,"bis","bis-po","po",2,2,"têm-po","têm",2,0,0,1,"bispo","têmpo"
581,"bo","bo-a","a",1,12,"ce-a","ce",12,0,0,1,"boa","cea"
545,"bo","bo-ca","ca",2,16,"ran-ca","ran",19,3,1,1,"boca","ranca"
553,"first_blank","first_blank-bol","bol",2,18,"first_blank-ces","ces",18,0,0,1,"bolso","cesso"
359,"first_blank","first_blank-bom","bom",3,55,"first_blank-guar","guar",55,0,1,1,"bombear","guarbear"
652,"ne","ne-ca","ca",3,7,"atra-ca","atra",8,1,2,1,"boneca","boatraca"
227,"to","to-last_blank","last_blank",3,1410,"to-mashevsky","mashevsky",1,1409,1,5,"bonito","bonitomashevsky"
709,"nus","nus-last_blank","last_blank",2,31,"zei-last_blank","zei",31,0,0,1,"bônus","bôzei"
365,"bor","bor-bo","bo",4,2,"hills-bo","hills",1,1,2,1,"borboleta","hillsboleta"
779,"bo","bo-ta","ta",2,15,"tac-ta","tac",15,0,1,1,"bota","tacta"
522,"bo","bo-tão","tão",2,2,"bo-ran","ran",2,0,0,1,"botão","boran"
322,"bran","bran-co","co",2,1,"glau-co","glau",1,0,0,1,"branco","glauco"
31,"first_blank","first_blank-bra","bra",2,60,"first_blank-sol","sol",60,0,0,1,"bravo","solvo"
773,"bri","bri-lhar","lhar",2,1,"bri-nhos","nhos",1,0,0,1,"brilhar","brinhos"
295,"brin","brin-de","de",2,2,"ever-de","ever",2,0,0,2,"brinde","everde"
668,"tal","tal-last_blank","last_blank",2,84,"ney-last_blank","ney",84,0,0,1,"brutal","bruney"
859,"first_blank","first_blank-bun","bun",2,18,"first_blank-ray","ray",18,0,0,1,"bunda","rayda"
790,"first_blank","first_blank-bús","bús",3,3,"first_blank-ilía","ilía",3,0,1,1,"bússola","ilíasola"
544,"be","be-lo","lo",3,3,"be-reis","reis",2,1,2,1,"cabelo","cabereis"
34,"ca","ca-bi","bi",3,10,"proi-bi","proi",9,1,2,1,"cabine","proibine"
531,"ca","ca-bo","bo",2,2,"sím-bo","sím",2,0,1,1,"cabo","símbo"
141,"ca","ca-çan","çan",3,1,"ca-reis","reis",1,0,1,1,"caçando","careisdo"
650,"deia","deia-last_blank","last_blank",2,11,"kett-last_blank","kett",11,0,0,1,"cadeia","cakett"
762,"ca","ca-ir","ir",1,3,"ca-vá","vá",3,0,0,1,"cair","cavá"
395,"first_blank","first_blank-cai","cai",2,45,"first_blank-lim","lim",45,0,0,1,"caixa","limxa"
53,"xão","xão-last_blank","last_blank",2,12,"com-last_blank","com",12,0,0,1,"caixão","caicom"
713,"ca","ca-len","len",4,3,"ca-traia","traia",1,2,2,1,"calendário","catraiadário"
35,"li","li-bre","bre",3,2,"li-cais","cais",2,0,1,1,"calibre","calicais"
551,"lor","lor-last_blank","last_blank",2,19,"teu-last_blank","teu",19,0,0,1,"calor","cateu"
313,"lo","lo-ro","ro",4,14,"mashi-ro","mashi",1,13,3,1,"caloroso","camashiroso"
839,"ca","ca-ma","ma",3,30,"ca-ções","ções",30,0,2,1,"camada","caçõesda"
595,"câ","câ-me","me",3,2,"fenô-me","fenô",2,0,2,1,"câmera","fenômera"
420,"mi","mi-sa","sa",3,7,"mi-cros","cros",7,0,2,1,"camisa","camicros"
870,"first_blank","first_blank-cam","cam",3,67,"first_blank-aper","aper",68,1,1,1,"campanha","aperpanha"
41,"peão","peão-last_blank","last_blank",2,3,"nery-last_blank","nery",3,0,0,1,"campeão","camnery"
44,"ca","ca-nal","nal",2,3,"ca-rás","rás",3,0,0,1,"canal","carás"
874,"to","to-last_blank","last_blank",4,1410,"to-mashevsky","mashevsky",1,1409,1,4,"candidato","candidatomashevsky"
968,"ca","ca-ne","ne",3,16,"bour-ne","bour",9,7,2,1,"canela","bournela"
463,"can","can-sa","sa",3,32,"gres-sa","gres",18,14,1,1,"cansado","gressado"
67,"can","can-to","to",2,12,"his-to","his",14,2,0,1,"canto","histo"
490,"can","can-tor","tor",2,1,"can-dei","dei",1,0,0,1,"cantor","candei"
329,"first_blank","first_blank-cã","cã",1,4,"first_blank-sg","sg",4,0,0,1,"cão","sgo"
452,"ca","ca-os","os",2,1,"ca-rai","rai",1,0,1,1,"caos","carai"
573,"ce","ce-te","te",4,7,"truis-te","truis",2,5,3,1,"capacete","capatruiste"
882,"de","de-last_blank","last_blank",5,783,"de-linqüen","linqüen",2,781,3,3,"capacidade","capacidadelinqüen"
651,"pi","pi-tal","tal",3,3,"pi-nhei","nhei",3,0,1,1,"capital","capinhei"
847,"first_blank","first_blank-cáp","cáp",3,2,"first_blank-gins","gins",2,0,1,1,"cápsula","ginssula"
991,"col","col-last_blank","last_blank",3,4,"guês-last_blank","guês",4,0,1,1,"caracol","caraguês"
891,"car","car-bo","bo",3,14,"trom-bo","trom",5,9,1,1,"carbono","trombono"
869,"car","car-ga","ga",2,4,"ben-ga","ben",4,0,0,1,"carga","benga"
654,"ca","ca-ri","ri",4,54,"ca-lhaus","lhaus",2,52,3,1,"caridade","calhausdade"
941,"rim","rim-bo","bo",3,1,"stra-bo","stra",1,0,1,1,"carimbo","castrabo"
37,"val","val-last_blank","last_blank",3,22,"nhou-last_blank","nhou",22,0,1,1,"carnaval","carnanhou"
888,"orco","orco-last_blank","last_blank",5,1,"nitsyn-last_blank","nitsyn",1,0,2,1,"carne de porco","carne de pnitsyn"
559,"ca","ca-ro","ro",2,14,"dou-ro","dou",12,2,1,1,"caro","douro"
475,"car","car-rei","rei",3,4,"trui-rei","trui",2,2,1,1,"carreira","truireira"
52,"car","car-vão","vão",2,1,"car-tes","tes",1,0,0,1,"carvão","cartes"
582,"ca","ca-sa","sa",2,40,"ca-dor","dor",40,0,1,1,"casa","cador"
33,"cas","cas-ta","ta",3,9,"prei-ta","prei",8,1,1,1,"castanho","preitanho"
38,"ca","ca-tó","tó",4,7,"ca-lhaus","lhaus",2,5,3,1,"católico","calhauslico"
722,"la","la-ria","ria",4,17,"la-kesho","kesho",1,16,2,1,"cavalaria","cavalakesho"
477,"ce","ce-go","go",2,4,"ce-len","len",4,0,1,1,"cego","celen"
39,"le","le-bri","bri",5,2,"le-mansky","mansky",1,1,3,1,"celebridade","celemanskydade"
643,"first_blank","first_blank-cé","cé",3,24,"first_blank-adop","adop",24,0,2,1,"célula","adoplula"
763,"re","re-bro","bro",3,2,"re-nais","nais",2,0,1,1,"cérebro","cérenais"
251,"cer","cer-to","to",2,5,"sul-to","sul",5,0,0,1,"certo","sulto"
727,"cé","cé-sar","sar",2,1,"cé-mia","mia",1,0,0,1,"césar","cémia"
273,"first_blank","first_blank-cé","cé",1,24,"first_blank-má","má",24,0,0,1,"céu","máu"
36,"cha","cha-mar","mar",2,2,"cha-res","res",2,0,0,1,"chamar","chares"
586,"first_blank","first_blank-chan","chan",2,47,"first_blank-acei","acei",48,1,0,2,"chance","aceice"
42,"first_blank","first_blank-chan","chan",3,47,"first_blank-elec","elec",46,1,0,1,"chanceler","elecceler"
635,"ch","ch-ão","ão",1,2,"ch-al","al",2,0,0,1,"chão","chal"
740,"char","char-me","me",2,1,"cash-me","cash",1,0,0,1,"charme","cashme"
467,"cha","cha-ve","ve",2,2,"per-ve","per",2,0,0,1,"chave","perve"
528,"first_blank","first_blank-che","che",3,133,"first_blank-apro","apro",122,11,1,1,"chegada","aprogada"
17,"che","che-gar","gar",2,3,"che-che","che",3,0,0,1,"chegar","cheche"
828,"fre","fre-last_blank","last_blank",2,9,"nil-last_blank","nil",9,0,0,1,"chifre","chinil"
907,"chu","chu-par","par",2,1,"tir-par","tir",1,0,0,1,"chupar","tirpar"
373,"first_blank","first_blank-chu","chu",2,85,"first_blank-fun","fun",85,0,0,1,"chuva","funva"
602,"vei","vei-ro","ro",3,5,"amar-ro","amar",5,0,1,1,"chuveiro","chuamarro"
40,"ci","ci-men","men",3,56,"ci-nhos","nhos",7,49,1,1,"cimento","cinhosto"
615,"ne","ne-ma","ma",3,10,"acal-ma","acal",9,1,2,1,"cinema","ciacalma"
500,"first_blank","first_blank-cin","cin",2,43,"first_blank-evi","evi",43,0,0,1,"cinzas","evizas"
653,"first_blank","first_blank-cír","cír",3,2,"first_blank-tras","tras",2,0,1,1,"círculo","trasculo"
334,"gião","gião-last_blank","last_blank",3,6,"téis-last_blank","téis",6,0,0,1,"cirurgião","cirurtéis"
723,"ci","ci-vil","vil",2,1,"ci-ços","ços",1,0,0,1,"civil","ciços"
706,"first_blank","first_blank-cl","cl",1,62,"first_blank-ze","ze",62,0,0,1,"clã","zeã"
48,"cla","cla-ra","ra",4,20,"saphi-ra","saphi",1,19,2,1,"claramente","saphiramente"
439,"clas","clas-se","se",2,1,"tuís-se","tuís",1,0,0,1,"classe","tuísse"
511,"first_blank","first_blank-clu","clu",2,4,"first_blank-kun","kun",4,0,0,1,"clube","kunbe"
530,"ber","ber-tor","tor",3,1,"ber-fest","fest",1,0,1,1,"cobertor","coberfest"
351,"co","co-caí","caí",3,1,"co-brei","brei",1,0,1,1,"cocaína","cobreina"
261,"ranhão","ranhão-last_blank","last_blank",5,1,"newick-last_blank","newick",1,0,0,1,"coçar, arranhão","coçar, arnewick"
515,"first_blank","first_blank-có","có",3,23,"first_blank-afir","afir",23,0,2,1,"código","afirdigo"
362,"le","le-ga","ga",3,22,"obri-ga","obri",26,4,2,1,"colega","coobriga"
689,"tar.","tar.-last_blank","last_blank",3,1,"ahua-last_blank","ahua",1,0,0,1,"coletar.","coleahua"
747,"lher","lher-last_blank","last_blank",2,8,"long-last_blank","long",8,0,0,1,"colher","colong"
424,"co","co-li","li",3,26,"equi-li","equi",10,16,2,1,"colina","equilina"
624,"first_blank","first_blank-colô","colô",2,2,"first_blank-croc","croc",2,0,0,1,"colônia","crocnia"
554,"umes","umes-last_blank","last_blank",3,1,"alya-last_blank","alya",1,0,0,1,"com ciumes","com cialya"
344,"man","man-dan","dan",4,7,"man-check","check",1,6,2,1,"comandante","comancheckte"
56,"co","co-man","man",3,29,"co-lhes","lhes",11,18,1,1,"comando","colhesdo"
54,"com","com-ba","ba",3,29,"blut-ba","blut",1,28,1,1,"combate","blutbate"
700,"na","na-ção","ção",4,61,"na-forth","forth",1,60,2,1,"combinação","combinaforth"
347,"boio","boio-last_blank","last_blank",2,1,"queo-last_blank","queo",1,0,0,1,"comboio","comqueo"
822,"co","co-men","men",3,69,"co-brir","brir",6,63,1,1,"comente","cobrirte"
57,"co","co-mer","mer",4,13,"co-pland","pland",1,12,2,1,"comercial","coplandcial"
797,"co","co-mi","mi",3,28,"co-lhes","lhes",11,17,2,1,"comida","colhesda"
384,"co","co-mis","mis",3,13,"co-lher","lher",6,7,1,1,"comissão","colhersão"
438,"nhia","nhia-last_blank","last_blank",3,1,"açäo-last_blank","açäo",1,0,0,1,"companhia","compaaçäo"
988,"com","com-pas","pas",4,5,"com-monwe","monwe",1,4,2,1,"compassivo","commonwesivo"
368,"prar","prar-last_blank","last_blank",2,4,"vros-last_blank","vros",4,0,0,1,"comprar","comvros"
202,"mum","mum-last_blank","last_blank",2,3,"nak-last_blank","nak",3,0,0,1,"comum","conak"
911,"cei","cei-to","to",3,4,"quan-to","quan",4,0,1,1,"conceito","conquanto"
61,"clu","clu-são","são",3,4,"gres-são","gres",4,0,1,1,"conclusão","congressão"
58,"cor","cor-rên","rên",4,2,"cor-piões","piões",1,1,2,1,"concorrência","concorpiõescia"
575,"cre","cre-to","to",3,6,"amon-to","amon",6,0,1,1,"concreto","conamonto"
382,"fe","fe-rên","rên",4,15,"fe-ather","ather",2,13,2,1,"conferência","confeathercia"
303,"r em","r em-last_blank","last_blank",4,1,"gowan-last_blank","gowan",1,0,1,1,"confiar em","confiagowan"
386,"fir","fir-ma","ma",4,20,"mahat-ma","mahat",1,19,2,1,"confirmação","conmahatmação"
778,"fli","fli-to","to",3,1,"caus-to","caus",1,0,1,1,"conflito","concausto"
55,"for","for-tá","tá",4,8,"aguen-tá","aguen",3,5,2,1,"confortável","conaguentável"
806,"se","se-lho","lho",3,3,"se-guía","guía",3,0,1,1,"conselho","conseguía"
729,"ser","ser-tar","tar",3,3,"adap-tar","adap",3,0,1,1,"consertar","conadaptar"
932,"va","va-dor","dor",4,19,"va-naugh","naugh",2,17,2,1,"conservador","conservanaugh"
63,"de","de-rar","rar",4,8,"de-víeis","víeis",1,7,2,1,"considerar","considevíeis"
703,"first_blank","first_blank-cons","cons",4,158,"first_blank-apren","apren",44,114,1,1,"conspiração","aprenpiração"
64,"first_blank","first_blank-cons","cons",3,158,"first_blank-apro","apro",122,36,0,1,"construção","aprotrução"
993,"ção","ção-last_blank","last_blank",5,1057,"kovsky-last_blank","kovsky",3,1054,3,1,"contaminação","contaminakovsky"
68,"con","con-tar","tar",2,5,"con-vic","vic",5,0,0,1,"contar","convic"
510,"con","con-ta","ta",3,82,"pres-ta","pres",33,49,1,1,"contato","prestato"
65,"con","con-ter","ter",2,3,"con-vin","vin",3,0,0,1,"conter","convin"
775,"con","con-ti","ti",4,72,"exaus-ti","exaus",5,67,2,1,"continuar","exaustinuar"
136,"tra","tra-tar","tar",3,7,"acei-tar","acei",3,4,1,1,"contratar","conaceitar"
478,"tra","tra-to","to",3,10,"elei-to","elei",6,4,1,1,"contrato","coneleito"
512,"sa","sa-ção","ção",4,10,"sa-toshi","toshi",1,9,2,1,"conversação","conversatoshi"
120,"pos","pos-last_blank","last_blank",2,41,"dir-last_blank","dir",41,0,0,1,"copos","codir"
808,"gem","gem-last_blank","last_blank",3,177,"nhos-last_blank","nhos",185,8,1,1,"coragem","coranhos"
75,"roa","roa-last_blank","last_blank",2,3,"sad-last_blank","sad",3,0,0,1,"coroa","cosad"
678,"cor","cor-po","po",2,23,"des-po","des",15,8,0,1,"corpo","despo"
539,"first_blank","first_blank-cor","cor",2,363,"first_blank-tra","tra",360,3,0,1,"corre","trare"
162,"first_blank","first_blank-cor","cor",5,363,"first_blank-seqües","seqües",9,354,3,1,"correspondência","seqüesrespondência"
556,"co","co-va","va",2,6,"co-lom","lom",6,0,1,1,"cova","colom"
900,"nhei","nhei-ro","ro",4,11,"panth-ro","panth",1,10,1,1,"cozinheiro","cozipanthro"
736,"first_blank","first_blank-cré","cré",3,6,"first_blank-baby","baby",6,0,1,1,"crédito","babydito"
71,"cre","cre-me","me",2,1,"sar-me","sar",1,0,0,1,"creme","sarme"
73,"cri","cri-a","a",3,45,"alhe-a","alhe",1,44,1,1,"criação","alheação"
72,"cr","cr-io","io",1,1,"cr-on","on",1,0,0,1,"crio","cron"
74,"first_blank","first_blank-crí","crí",3,6,"first_blank-shel","shel",6,0,1,1,"crítico","sheltico"
402,"first_blank","first_blank-cul","cul",3,84,"first_blank-agra","agra",80,4,1,1,"cultura","agratura"
394,"first_blank","first_blank-cur","cur",2,76,"first_blank-neu","neu",76,0,0,1,"curto","neuto"
687,"da","da-dos","dos",2,49,"da-ram","ram",38,11,0,1,"dados","daram"
383,"first_blank","first_blank-dan","dan",4,73,"first_blank-apres","apres",26,47,2,1,"dançarino","apresçarino"
765,"nte","nte-last_blank","last_blank",4,1,"gadha-last_blank","gadha",1,0,2,1,"de repente","de repegadha"
459,"lta","lta-last_blank","last_blank",3,1,"perd-last_blank","perd",1,0,1,1,"de volta","de voperd"
80,"de","de-cen","cen",3,11,"de-rick","rick",4,7,1,1,"decente","derickte"
552,"de","de-do","do",2,13,"de-sas","sas",13,0,1,1,"dedo","desas"
879,"li","li-ca","ca",4,44,"li-vings","vings",2,42,3,1,"delicado","delivingsdo"
881,"first_blank","first_blank-der","der",3,127,"schwartzwal-der","schwartzwal",1,126,0,8,"derreter","schwartzwalderreter"
90,"first_blank","first_blank-der","der",3,127,"schwartzwal-der","schwartzwal",1,126,0,8,"derrubar","schwartzwalderrubar"
922,"de","de-sam","sam",5,6,"de-nethor","nethor",1,5,3,1,"desamparado","denethorparado"
248,"can","can-so","so",3,2,"aquo-so","aquo",1,1,1,1,"descanso","desaquoso"
309,"con","con-for","for",5,40,"con-sequên","sequên",2,38,3,1,"desconfortável","desconsequêntável"
81,"cre","cre-ver","ver",3,9,"hanô-ver","hanô",1,8,1,1,"descrever","deshanôver"
83,"se","se-jo","jo",3,5,"se-guem","guem",5,0,2,1,"desejo","deseguem"
82,"ser","ser-to","to",3,4,"amis-to","amis",4,0,1,1,"deserto","deamisto"
548,"des","des-per","per",4,60,"des-truís","truís",4,56,2,1,"desperdício","destruísdício"
904,"des","des-ti","ti",3,35,"quan-ti","quan",6,29,1,1,"destino","quantino"
987,"na","na-dor","dor",4,34,"na-talya","talya",1,33,2,1,"detonador","detonatalya"
121,"de","de-us","us",1,1,"de-ki","ki",1,0,0,1,"deus","deki"
446,"va","va-gar","gar",3,3,"va-lium","lium",1,2,1,1,"devagar","devalium"
569,"a","a-man","man",4,4,"a-crest","crest",1,3,2,1,"diamante","diacrestte"
657,"first_blank","first_blank-diá","diá",2,10,"first_blank-loi","loi",10,0,0,1,"diário","loirio"
935,"réia","réia-last_blank","last_blank",3,3,"zers-last_blank","zers",3,0,0,1,"diarréia","diarzers"
981,"rio","rio-last_blank","last_blank",5,336,"dlands-last_blank","dlands",3,333,3,1,"dicionário","dicionádlands"
634,"cil","cil-last_blank","last_blank",3,15,"lers-last_blank","lers",15,0,1,1,"difícil","difílers"
680,"cul","cul-da","da",5,4,"bethes-da","bethes",1,3,3,1,"dificuldade","difibethesdade"
84,"ting.","ting.-last_blank","last_blank",3,1,"rifty-last_blank","rifty",1,0,0,1,"digusting.","digusrifty"
945,"di","di-nas","nas",3,3,"di-lhei","lhei",3,0,1,1,"dinastia","dilheitia"
636,"di","di-nhei","nhei",3,8,"di-cais","cais",2,6,0,1,"dinheiro","dicaisro"
850,"plo","plo-ma","ma",3,8,"acal-ma","acal",9,1,1,1,"diploma","diacalma"
485,"to","to-last_blank","last_blank",3,1410,"to-mashevsky","mashevsky",1,1409,1,5,"direto","diretomashevsky"
761,"gir","gir-last_blank","last_blank",3,30,"town-last_blank","town",30,0,1,1,"dirigir","diritown"
85,"dis","dis-tân","tân",3,2,"dis-play","play",1,1,1,1,"distância","displaycia"
697,"tin","tin-ti","ti",4,7,"exaus-ti","exaus",5,2,2,1,"distintivo","disexaustivo"
343,"di","di-vór","vór",3,2,"di-gres","gres",2,0,1,1,"divórcio","digrescio"
260,"di","di-zer","zer",2,10,"di-cos","cos",11,1,0,1,"dizer","dicos"
962,"a.","a.-last_blank","last_blank",1,1,"õs-last_blank","õs",1,0,0,1,"dna.","dnõs"
591,"do","do-ce","ce",2,3,"do-min","min",3,0,1,1,"doce","domin"
810,"do","do-en","en",3,11,"do-nald","nald",4,7,2,1,"doente","donaldte"
306,"do","do-is","is",1,1,"ew-is","ew",1,0,0,1,"dois","ewis"
579,"do","do-se","se",2,9,"res-se","res",9,0,1,1,"dose","resse"
776,"dou","dou-ra","ra",3,9,"nhei-ra","nhei",9,0,1,1,"dourado","nheirado"
88,"gão","gão-last_blank","last_blank",2,28,"pou-last_blank","pou",28,0,0,1,"dragão","drapou"
426,"first_blank","first_blank-dra","dra",2,46,"first_blank-pis","pis",46,0,0,1,"drama","pisma"
89,"first_blank","first_blank-dra","dra",4,46,"first_blank-aguen","aguen",37,9,2,1,"dramático","aguenmático"
734,"plo","plo-last_blank","last_blank",2,8,"bet-last_blank","bet",8,0,0,1,"duplo","dubet"
86,"first_blank","first_blank-dú","dú",3,9,"first_blank-frag","frag",9,0,2,1,"dúvida","fragvida"
726,"first_blank","first_blank-dv","dv",1,6,"first_blank-bj","bj",6,0,0,1,"dvd","bjd"
662,"first_blank","first_blank-edu","edu",3,30,"first_blank-atin","atin",30,0,1,1,"educado","atincado"
986,"ele","ele-gan","gan",3,3,"drug-gan","drug",1,2,1,1,"elegante","druggante"
878,"first_blank","first_blank-eli","eli",3,55,"first_blank-acor","acor",55,0,1,1,"eliminar","acorminar"
667,"first_blank","first_blank-elo","elo",2,24,"first_blank-tin","tin",24,0,0,1,"elogio","tingio"
332,"eral","eral-last_blank","last_blank",3,1,"dowd-last_blank","dowd",1,0,0,1,"em geral","em gdowd"
92,"lugar","lugar-last_blank","last_blank",4,1,"cords-last_blank","cords",1,0,0,1,"em outro lugar","em outro cords"
93,"em","em-bai","bai",4,7,"em-press","press",1,6,2,1,"embaixada","empressxada"
11,"em","em-bai","bai",4,7,"em-press","press",1,6,2,1,"embaixador","empressxador"
109,"pre","pre-sa","sa",3,8,"amas-sa","amas",5,3,1,1,"empresa","emamassa"
861,"pur","pur-re","re",3,1,"chil-re","chil",1,0,1,1,"empurre","emchilre"
416,"ga","ga-nar","nar",3,3,"ga-lhos","lhos",3,0,1,1,"enganar","engalhos"
495,"ge","ge-nhei","nhei",4,3,"ge-lings","lings",1,2,1,1,"engenheiro","engelingsro"
916,"go","go-lir","lir",3,1,"go-ethe","ethe",1,0,1,1,"engolir","engoethe"
631,"der","der-last_blank","last_blank",3,192,"nhas-last_blank","nhas",196,4,1,1,"entender","entennhas"
96,"en","en-trar","trar",2,3,"en-clau","clau",3,0,0,1,"entrar","enclau"
715,"tu","tu-si","si",5,25,"tu-tankha","tankha",1,24,4,1,"entusiasmo","entutankhaasmo"
97,"lo","lo-pe","pe",4,9,"échar-pe","échar",1,8,3,1,"envelope","enveécharpe"
812,"equi","equi-pa","pa",4,10,"trans-pa","trans",5,5,1,1,"equipamento","transpamento"
419,"first_blank","first_blank-equi","equi",5,54,"first_blank-atraís","atraís",2,52,2,1,"equipe técnica","atraíspe técnica"
585,"er","er-ra","ra",3,19,"er-guer","guer",3,16,2,1,"errado","erguerdo"
782,"er","er-ro","ro",2,3,"son-ro","son",3,0,1,1,"erro","sonro"
482,"ca","ca-lar","lar",3,4,"ca-brão","brão",3,1,1,1,"escalar","escabrão"
644,"va","va-ção","ção",4,26,"va-naugh","naugh",2,24,2,1,"escavação","escavanaugh"
356,"ior","ior-last_blank","last_blank",7,1,"chenwald-last_blank","chenwald",1,0,5,1,"escola superior","escola superchenwald"
508,"co","co-lha","lha",3,5,"co-brir","brir",6,1,1,1,"escolha","escobrir"
766,"lher","lher-last_blank","last_blank",3,8,"baum-last_blank","baum",8,0,0,1,"escolher","escobaum"
820,"col","col-ta","ta",3,7,"alis-ta","alis",7,0,1,1,"escolta","esalista"
524,"cra","cra-vo","vo",3,2,"equí-vo","equí",2,0,1,1,"escravo","esequívo"
864,"nha","nha-last_blank","last_blank",5,435,"kovsky-last_blank","kovsky",3,432,3,1,"escrivaninha","escrivanikovsky"
572,"cu","cu-do","do",3,4,"brin-do","brin",4,0,2,1,"escudo","esbrindo"
360,"pa","pa-da","da",3,42,"acor-da","acor",18,24,2,1,"espada","esacorda"
461,"pe","pe-ci","ci",4,45,"pe-queño","queño",1,44,3,1,"especial","espequeñoal"
492,"ta","ta-last_blank","last_blank",6,1378,"ta-kahashi","kahashi",1,1377,3,3,"especialista","especialistakahashi"
137,"pe","pe-ra","ra",3,122,"agar-ra","agar",15,107,2,1,"espera","esagarra"
139,"pe","pe-ran","ran",4,28,"pe-queño","queño",1,27,2,1,"esperança","espequeñoça"
401,"pião","pião-last_blank","last_blank",2,5,"ging-last_blank","ging",5,0,0,1,"espião","esging"
994,"pi","pi-nal","nal",3,2,"pi-lhou","lhou",2,0,1,1,"espinal","espilhou"
970,"gem","gem-last_blank","last_blank",5,177,"dricks-last_blank","dricks",3,174,3,1,"espionagem","espionadricks"
392,"que","que-ço","ço",3,2,"abra-ço","abra",1,1,1,1,"esqueço","esabraço"
841,"qui","qui-lo","lo",3,11,"down-lo","down",2,9,1,1,"esquilo","esdownlo"
279,"dio","dio-last_blank","last_blank",3,64,"gens-last_blank","gens",62,2,1,1,"estádio","estágens"
702,"gio","gio-last_blank","last_blank",3,46,"nhar-last_blank","nhar",46,0,1,1,"estágio","estánhar"
685,"first_blank","first_blank-estô","estô",3,2,"first_blank-trem","trem",2,0,0,1,"estômago","tremmago"
253,"tra","tra-da","da",3,27,"acor-da","acor",18,9,1,1,"estrada","esacorda"
664,"trei","trei-to","to",3,1,"quin-to","quin",1,0,0,1,"estreito","esquinto"
283,"tres","tres-se","se",3,1,"eloi-se","eloi",1,0,0,1,"estresse","eseloise"
98,"first_blank","first_blank-eter","eter",2,9,"first_blank-tres","tres",9,0,0,1,"eterno","tresno"
799,"first_blank","first_blank-evi","evi",3,43,"first_blank-cres","cres",43,0,1,1,"evidência","cresdência"
523,"evi","evi-tar","tar",2,2,"cep-tar","cep",2,0,0,1,"evitar","ceptar"
926,"first_blank","first_blank-evo","evo",3,30,"first_blank-gran","gran",30,0,1,1,"evolução","granlução"
957,"exa","exa-me","me",2,1,"sar-me","sar",1,0,0,1,"exame","sarme"
100,"first_blank","first_blank-exa","exa",3,69,"first_blank-aper","aper",68,1,1,1,"examinar","aperminar"
101,"ce","ce-len","len",4,4,"ce-track","track",1,3,2,1,"excelente","excetrackte"
960,"o","o-nal","nal",5,78,"o-dleigh","dleigh",1,77,3,1,"excepcional","excepciodleigh"
520,"ci","ci-tan","tan",4,10,"ci-frões","frões",1,9,2,1,"excitante","excifrõeste"
815,"first_blank","first_blank-exi","exi",2,64,"first_blank-ben","ben",64,0,0,1,"exigem","bengem"
593,"cia","cia-last_blank","last_blank",5,425,"flower-last_blank","flower",3,422,3,1,"experiência","experiênflower"
304,"ri","ri-men","men",5,36,"ri-chards","chards",1,35,3,1,"experimentar","experichardstar"
999,"pli","pli-ca","ca",4,74,"fishs-ca","fishs",1,73,2,1,"explicação","exfishscação"
826,"plo","plo-di","di",4,14,"recôn-di","recôn",2,12,2,1,"explodido","exrecôndido"
268,"si","si-ção","ção",4,21,"si-dewin","dewin",1,20,2,1,"exposição","exposidewin"
948,"ex","ex-tra","tra",2,42,"ex-pli","pli",42,0,0,1,"extra","expli"
102,"tre","tre-ma","ma",5,3,"shawar-ma","shawar",1,2,3,1,"extremamente","exshawarmamente"
103,"bri","bri-ca","ca",3,12,"char-ca","char",5,7,1,1,"fábrica","fácharca"
865,"fa","fa-la","la",2,31,"tro-la","tro",30,1,1,1,"fala","trola"
104,"fal","fal-so","so",2,2,"bús-so","bús",2,0,0,1,"falso","bússo"
670,"fa","fa-tor","tor",2,1,"fa-ret","ret",1,0,0,1,"fator","faret"
163,"zer","zer-last_blank","last_blank",2,56,"gam-last_blank","gam",57,1,0,1,"fazer","fagam"
767,"mpras","mpras-last_blank","last_blank",4,1,"rothy-last_blank","rothy",1,0,0,1,"fazer compras","fazer corothy"
106,"de","de-ral","ral",3,2,"de-flec","flec",2,0,1,1,"federal","fedeflec"
731,"fei","fei-ra","ra",2,4,"lhe-ra","lhe",4,0,0,1,"feira","lhera"
62,"ci","ci-tar","tar",4,12,"ci-frões","frões",1,11,2,1,"felicitar","felicifrões"
212,"first_blank","first_blank-fenô","fenô",3,2,"first_blank-huff","huff",2,0,0,1,"fenômeno","huffmeno"
27,"fe","fe-ra","ra",2,16,"cur-ra","cur",15,1,1,1,"fera","curra"
560,"ri","ri-da","da",3,78,"guar-da","guar",26,52,2,1,"ferida","feguarda"
781,"fer","fer-ra","ra",4,16,"shaye-ra","shaye",1,15,2,1,"ferramenta","shayeramenta"
350,"first_blank","first_blank-fer","fer",2,118,"first_blank-sus","sus",119,1,0,1,"ferro","susro"
540,"e pé","e pé-last_blank","last_blank",4,1,"dress-last_blank","dress",1,0,1,1,"ficar de pé","ficar ddress"
107,"de","de-last_blank","last_blank",5,783,"de-linqüen","linqüen",2,781,3,3,"fidelidade","fidelidadelinqüen"
390,"fi","fi-lha","lha",2,1,"fi-cíl","cíl",1,0,0,1,"filha","ficíl"
213,"so","so-fia","fia",4,2,"so-mewhe","mewhe",1,1,2,1,"filosofia","filosomewhe"
94,"fi","fi-m","m",1,1,"õe-m","õe",1,0,0,1,"fim","õem"
996,"fi","fi-nal","nal",2,3,"fi-zés","zés",3,0,0,1,"final","fizés"
860,"fi","fi-nal","nal",4,3,"fi-queis","queis",1,2,2,1,"finalmente","fiqueismente"
108,"nan","nan-ça","ça",3,3,"aque-ça","aque",1,2,1,1,"finança","fiaqueça"
985,"cei","cei-ra","ra",6,13,"mahabha-ra","mahabha",1,12,4,1,"financeiramente","finanmahabharamente"
629,"fi","fi-que","que",2,19,"fi-cos","cos",21,2,0,1,"fique","ficos"
792,"first_blank","first_blank-fir","fir",4,13,"first_blank-exaus","exaus",11,2,2,1,"firmemente","exausmemente"
214,"first_blank","first_blank-fí","fí",3,9,"first_blank-anes","anes",9,0,2,1,"física","anessica"
516,"fo","fo-co","co",2,2,"fo-men","men",2,0,1,1,"foco","fomen"
704,"fo","fo-fo","fo",3,6,"fo-quei","quei",4,2,2,1,"fofoca","foqueica"
618,"gue","gue-te","te",3,5,"amor-te","amor",5,0,1,1,"foguete","foamorte"
920,"first_blank","first_blank-fo","fo",2,283,"first_blank-mar","mar",283,0,1,1,"fome","marme"
278,"first_blank","first_blank-fon","fon",2,11,"first_blank-ble","ble",11,0,0,1,"fonte","blete"
204,"fo","fo-ra","ra",2,8,"mei-ra","mei",7,1,1,1,"fora","meira"
282,"first_blank","first_blank-for","for",2,232,"first_blank-man","man",246,14,0,1,"força","mança"
116,"for","for-ma","ma",3,106,"quei-ma","quei",23,83,1,1,"formato","queimato"
877,"for","for-no","no",2,1,"bag-no","bag",1,0,0,1,"forno","bagno"
331,"for","for-te","te",2,3,"abs-te","abs",3,0,0,1,"forte","abste"
590,"first_blank","first_blank-fo","fo",2,283,"first_blank-mar","mar",283,0,1,1,"foto","marto"
157,"first_blank","first_blank-fra","fra",4,73,"first_blank-aguen","aguen",37,36,2,1,"fracassado","aguencassado"
892,"first_blank","first_blank-frag","frag",3,9,"first_blank-aqui","aqui",9,0,0,1,"fragmento","aquimento"
641,"fran","fran-go","go",2,2,"ines-go","ines",1,1,0,2,"frango","inesgo"
858,"first_blank","first_blank-fren","fren",2,5,"first_blank-oceâ","oceâ",5,0,0,1,"frente","oceâte"
577,"cia","cia-last_blank","last_blank",2,425,"nho-last_blank","nho",425,0,0,1,"frequência","frequênnho"
905,"first_blank","first_blank-fres","fres",2,14,"first_blank-amas","amas",14,0,0,1,"fresco","amasco"
746,"gir","gir-last_blank","last_blank",2,30,"net-last_blank","net",30,0,0,1,"fugir","funet"
275,"ça","ça-last_blank","last_blank",3,234,"veis-last_blank","veis",225,9,2,1,"fumaça","fumaveis"
942,"cão","cão-last_blank","last_blank",3,34,"bert-last_blank","bert",34,0,1,1,"furacão","furabert"
506,"fu","fu-tu","tu",3,9,"opor-tu","opor",8,1,2,1,"futuro","oporturo"
928,"ga","ga-bi","bi",4,3,"ga-nesha","nesha",1,2,3,1,"gabinete","ganeshanete"
496,"le","le-ria","ria",3,4,"le-ques","ques",3,1,1,1,"galeria","galeques"
601,"first_blank","first_blank-gan","gan",2,26,"first_blank-sui","sui",26,0,0,1,"gangue","suigue"
117,"ga","ga-nho","nho",2,1,"ga-zer","zer",1,0,0,1,"ganho","gazer"
890,"first_blank","first_blank-gan","gan",2,26,"first_blank-bus","bus",26,0,0,1,"ganso","busso"
609,"ran","ran-tia","tia",3,1,"ran-quei","quei",1,0,1,1,"garantia","garanquei"
708,"çom","çom-last_blank","last_blank",2,2,"ems-last_blank","ems",2,0,0,1,"garçom","garems"
604,"gan","gan-ta","ta",3,1,"ares-ta","ares",1,0,1,1,"garganta","gararesta"
600,"gá","gá-s","s",1,1,"cë-s","cë",1,0,0,1,"gás","cës"
118,"nio","nio-last_blank","last_blank",2,94,"dem-last_blank","dem",93,1,0,1,"gênio","gêdem"
353,"ra","ra-dor","dor",3,43,"ra-gens","gens",7,36,1,1,"gerador","geragens"
164,"ge","ge-ren","ren",3,6,"ge-tais","tais",1,5,1,1,"gerente","getaiste"
997,"rir","rir-last_blank","last_blank",2,26,"ven-last_blank","ven",26,0,0,1,"gerir","geven"
953,"first_blank","first_blank-ges","ges",2,12,"first_blank-are","are",12,0,0,1,"gestão","aretão"
119,"ges","ges-to","to",2,3,"tui-to","tui",3,0,0,1,"gesto","tuito"
831,"first_blank","first_blank-glo","glo",4,25,"first_blank-apres","apres",26,1,2,1,"glorioso","apresrioso"
404,"gol","gol-fe","fe",2,2,"sin-fe","sin",2,0,0,1,"golfe","sinfe"
443,"first_blank","first_blank-gos","gos",2,58,"first_blank-apo","apo",58,0,0,1,"gosto","apoto"
333,"ver","ver-na","na",4,28,"krish-na","krish",2,26,2,1,"governador","gokrishnador"
583,"first_blank","first_blank-gran","gran",2,30,"first_blank-atin","atin",30,0,0,1,"grande","atinde"
923,"gr","gr-ão","ão",1,2,"gr-et","et",2,0,0,1,"grão","gret"
124,"gra","gra-to","to",2,2,"fle-to","fle",2,0,0,1,"grato","fleto"
112,"gri","gri-pe","pe",2,1,"alo-pe","alo",1,0,0,1,"gripe","alope"
901,"first_blank","first_blank-guar","guar",2,55,"first_blank-equi","equi",54,1,0,2,"guarda","equida"
369,"first_blank","first_blank-guer","guer",2,15,"first_blank-igua","igua",15,0,0,1,"guerra","iguara"
964,"li","li-tar","tar",4,11,"li-vings","vings",2,9,2,1,"habilitar","habilivings"
134,"he","he-ran","ran",3,2,"he-dley","dley",1,1,1,1,"herança","hedleyça"
135,"rói","rói-last_blank","last_blank",2,3,"bab-last_blank","bab",3,0,0,1,"herói","hebab"
676,"je","je-last_blank","last_blank",2,34,"cão-last_blank","cão",34,0,1,1,"hoje","hocão"
165,"mem","mem-last_blank","last_blank",2,43,"lie-last_blank","lie",43,0,0,1,"homem","holie"
793,"first_blank","first_blank-hormô","hormô",2,2,"first_blank-holtz","holtz",2,0,0,1,"hormônio","holtznio"
140,"ror","ror-last_blank","last_blank",2,4,"jay-last_blank","jay",4,0,0,1,"horror","horjay"
340,"first_blank","first_blank-hos","hos",3,45,"first_blank-pren","pren",45,0,1,1,"hospital","prenpital"
749,"de","de-last_blank","last_blank",6,783,"de-linqüen","linqüen",2,781,3,2,"hospitalidade","hospitalidadelinqüen"
341,"tel","tel-last_blank","last_blank",2,27,"xas-last_blank","xas",27,0,0,1,"hotel","hoxas"
830,"mil","mil-de","de",3,2,"guar-de","guar",2,0,1,1,"humilde","huguarde"
364,"first_blank","first_blank-ide","ide",2,16,"first_blank-kra","kra",16,0,0,1,"ideal","kraal"
354,"ei","ei-a","a",1,9,"ru-a","ru",9,0,0,1,"ideia","idrua"
843,"cia","cia-last_blank","last_blank",4,425,"lhões-last_blank","lhões",22,403,2,1,"ignorância","ignorânlhões"
764,"first_blank","first_blank-igre","igre",2,2,"first_blank-idei","idei",2,0,0,1,"igreja","ideija"
380,"gal","gal-last_blank","last_blank",2,27,"zia-last_blank","zia",27,0,0,1,"ilegal","ilezia"
142,"ilu","ilu-são","são",2,1,"ves-são","ves",1,0,0,1,"ilusão","vessão"
971,"first_blank","first_blank-ima","ima",4,65,"first_blank-apren","apren",44,21,2,1,"imaginação","aprenginação"
759,"ri","ri-al","al",4,19,"ri-gueia","gueia",1,18,3,1,"imperial","imperigueia"
167,"tam","tam-last_blank","last_blank",3,225,"veis-last_blank","veis",225,0,1,1,"importam","imporveis"
550,"vel","vel-last_blank","last_blank",4,386,"trais-last_blank","trais",13,373,2,1,"impossível","impossítrais"
143,"pres","pres-são","são",3,9,"emul-são","emul",1,8,0,1,"impressão","imemulsão"
619,"nan","nan-te","te",6,27,"lilywhi-te","lilywhi",1,26,4,1,"impressionante","impressiolilywhite"
969,"de","de-last_blank","last_blank",6,783,"de-linqüen","linqüen",2,781,3,2,"incapacidade","incapacidadelinqüen"
393,"in","in-cên","cên",3,3,"in-subs","subs",3,0,1,1,"incêndio","insubsdio"
519,"den","den-te","te",4,50,"cluís-te","cluís",3,47,2,1,"incidente","incicluíste"
403,"mum","mum-last_blank","last_blank",3,3,"dric-last_blank","dric",3,0,1,1,"incomum","incodric"
144,"tria","tria-last_blank","last_blank",3,28,"char-last_blank","char",28,0,0,1,"indústria","indúschar"
954,"liz","liz-last_blank","last_blank",3,2,"nels-last_blank","nels",2,0,1,1,"infeliz","infenels"
484,"in","in-fluên","fluên",3,2,"in-glewo","glewo",1,1,0,1,"influência","inglewocia"
177,"nuo","nuo-last_blank","last_blank",3,5,"gett-last_blank","gett",5,0,1,1,"ingênuo","ingêgett"
325,"glês","glês-last_blank","last_blank",2,2,"gree-last_blank","gree",2,0,0,1,"inglês","ingree"
470,"first_blank","first_blank-ini","ini",3,68,"first_blank-aper","aper",68,0,1,1,"inimigo","apermigo"
145,"in","in-jus","jus",4,13,"in-sight","sight",1,12,2,1,"injustiça","insighttiça"
336,"first_blank","first_blank-ino","ino",3,32,"first_blank-adap","adap",32,0,1,1,"inocente","adapcente"
982,"in","in-qui","qui",4,23,"in-grams","grams",1,22,2,1,"inquilino","ingramslino"
934,"rir","rir-last_blank","last_blank",3,26,"mann-last_blank","mann",26,0,1,1,"inserir","insemann"
617,"pe","pe-tor","tor",3,1,"pe-land","land",1,0,1,1,"inspetor","inspeland"
719,"pi","pi-rar","rar",3,11,"pi-nhos","nhos",4,7,1,1,"inspirar","inspinhos"
925,"tin","tin-to","to",3,6,"elei-to","elei",6,0,1,1,"instinto","inseleito"
824,"sul","sul-to","to",3,5,"kryp-to","kryp",5,0,1,1,"insulto","inkrypto"
318,"gen","gen-te","te",5,25,"atraís-te","atraís",1,24,3,1,"inteligente","inteliatraíste"
146,"ter","ter-na","na",6,41,"shoshan-na","shoshan",1,40,4,1,"internacional","inshoshannacional"
741,"ter","ter-net","net",3,2,"ter-bury","bury",2,0,1,1,"internet","interbury"
671,"ter","ter-no","no",3,11,"aqui-no","aqui",1,10,1,1,"interno","inaquino"
738,"ter","ter-rom","rom",4,24,"ter-geist","geist",1,23,2,1,"interromper","intergeistper"
534,"va","va-são","são",3,1,"va-girl","girl",1,0,1,1,"invasão","invagirl"
721,"io","io-ga","ga",2,1,"ren-ga","ren",1,0,1,1,"ioga","renga"
335,"mã","mã-last_blank","last_blank",2,9,"cao-last_blank","cao",9,0,1,1,"irmã","ircao"
672,"first_blank","first_blank-iro","iro",2,5,"first_blank-puc","puc",5,0,0,1,"ironia","pucnia"
983,"o","o-nal","nal",5,78,"o-dleigh","dleigh",1,77,3,1,"irracional","irraciodleigh"
9,"first_blank","first_blank-já","já",1,2,"first_blank-sz","sz",2,0,0,1,"já","sz"
396,"ja","ja-ne","ne",3,7,"bour-ne","bour",9,2,2,1,"janela","bournela"
588,"first_blank","first_blank-jan","jan",2,47,"first_blank-mes","mes",47,0,0,1,"jantar","mestar"
780,"ico","ico-last_blank","last_blank",7,1,"terhamwe-last_blank","terhamwe",1,0,5,1,"jardim zoológico","jardim zoológterhamwe"
499,"ja","ja-zz","zz",1,2,"ja-ro","ro",2,0,0,1,"jazz","jaro"
147,"first_blank","first_blank-ji","ji",2,50,"first_blank-col","col",50,0,1,1,"jipe","colpe"
873,"first_blank","first_blank-jo","jo",4,206,"first_blank-trans","trans",212,6,3,1,"jogatina","transgatina"
966,"first_blank","first_blank-jor","jor",4,33,"first_blank-aguen","aguen",37,4,2,1,"jornalismo","aguennalismo"
503,"ju","ju-nho","nho",2,1,"ju-ges","ges",1,0,0,1,"junho","juges"
717,"ris","ris-di","di",4,3,"aplau-di","aplau",8,5,2,1,"jurisdição","juaplaudição"
562,"ju","ju-ven","ven",4,1,"verha-ven","verha",1,0,3,1,"juventude","verhaventude"
943,"chup","chup-last_blank","last_blank",2,2,"blum-last_blank","blum",2,0,0,1,"ketchup","ketblum"
786,"lá","lá-bio","bio",2,2,"lá-gri","gri",2,0,0,1,"lábio","lágri"
292,"drao","drao-last_blank","last_blank",2,3,"glas-last_blank","glas",3,0,0,1,"ladrao","laglas"
696,"la","la-ma","ma",2,14,"la-gem","gem",15,1,1,1,"lama","lagem"
956,"lan","lan-che","che",2,2,"lan-ter","ter",2,0,0,1,"lanche","lanter"
965,"nha.","nha.-last_blank","last_blank",3,1,"téia-last_blank","téia",1,0,0,1,"lasanha.","lasatéia"
45,"first_blank","first_blank-las","las",2,30,"first_blank-apu","apu",30,0,0,1,"lasca","apuca"
613,"le","le-al","al",2,6,"le-gra","gra",7,1,1,1,"leal","legra"
159,"al","al-da","da",4,5,"al-truís","truís",3,2,3,1,"lealdade","lealtruísde"
184,"le","le-gais","gais",2,1,"le-vens","vens",1,0,0,1,"legais","levens"
760,"gião","gião-last_blank","last_blank",2,6,"guiu-last_blank","guiu",6,0,0,1,"legião","leguiu"
543,"le","le-i","i",1,1,"ui-i","ui",1,0,0,1,"lei","uii"
666,"lei","lei-lão","lão",2,1,"lei-man","man",1,0,0,1,"leilão","leiman"
172,"first_blank","first_blank-lei","lei",2,44,"first_blank-ocu","ocu",44,0,0,1,"leite","ocute"
239,"lei","lei-tu","tu",3,2,"sump-tu","sump",2,0,1,1,"leitura","sumptura"
494,"first_blank","first_blank-lés","lés",3,4,"first_blank-quân","quân",4,0,1,1,"lésbica","quânbica"
513,"ber","ber-da","da",4,3,"aplau-da","aplau",1,2,2,1,"liberdade","liaplaudade"
429,"bra","bra-last_blank","last_blank",2,46,"chi-last_blank","chi",46,0,0,1,"libra","lichi"
918,"li","li-ga","ga",2,54,"li-ber","ber",54,0,1,1,"liga","liber"
931,"li","li-gar","gar",2,6,"li-nos","nos",6,0,0,1,"ligar","linos"
978,"li","li-mo","mo",4,8,"li-vings","vings",2,6,3,1,"limonada","livingsnada"
47,"first_blank","first_blank-lim","lim",2,45,"first_blank-cai","cai",45,0,0,1,"limpar","caipar"
152,"qui","qui-do","do",3,4,"pseu-do","pseu",4,0,1,1,"líquido","lípseudo"
811,"men","men-te","te",5,800,"atraís-te","atraís",1,799,3,1,"literalmente","literalatraíste"
716,"vre","vre-men","men",4,1,"lgual-men","lgual",1,0,2,1,"livremente","lilgualmente"
908,"li","li-xo","xo",2,1,"gra-xo","gra",1,0,1,1,"lixo","graxo"
743,"lou","lou-cu","cu",3,2,"gres-cu","gres",1,1,1,1,"loucura","grescura"
768,"lu","lu-a","a",1,2,"dy-a","dy",2,0,0,1,"lua","dya"
566,"lu","lu-cro","cro",2,2,"lu-dos","dos",2,0,0,1,"lucro","ludos"
217,"locar","locar-last_blank","last_blank",5,1,"zursky-last_blank","zursky",1,0,1,1,"lugar, colocar","lugar, cozursky"
432,"ria","ria-last_blank","last_blank",4,918,"lhões-last_blank","lhões",22,896,2,1,"luminária","luminálhões"
952,"lu","lu-nar","nar",2,1,"lu-tás","tás",1,0,0,1,"lunar","lutás"
745,"çã","çã-last_blank","last_blank",2,1,"naf-last_blank","naf",1,0,1,1,"maçã","manaf"
813,"ca","ca-co","co",3,3,"ca-lhau","lhau",2,1,2,1,"macaco","macalhau"
348,"cho","cho-last_blank","last_blank",2,54,"don-last_blank","don",54,0,0,1,"macho","madon"
327,"mã","mã-e","e",1,1,"oi-e","oi",1,0,0,1,"mãe","oie"
674,"fia","fia-last_blank","last_blank",2,51,"jar-last_blank","jar",51,0,0,1,"máfia","májar"
160,"ma","ma-gia","gia",2,1,"ma-çal","çal",1,0,0,1,"magia","maçal"
161,"first_blank","first_blank-mag","mag",4,52,"first_blank-apren","apren",44,8,2,1,"magnético","aprennético"
783,"first_blank","first_blank-mai","mai",3,30,"first_blank-apon","apon",30,0,1,1,"maioria","aponoria"
220,"ma","ma-is","is",1,3,"ma-ye","ye",3,0,0,1,"mais","maye"
691,"first_blank","first_blank-mais","mais",3,1,"first_blank-smel","smel",1,0,0,1,"mais baixo","smel baixo"
787,"jes","jes-ta","ta",4,2,"afron-ta","afron",2,0,2,1,"majestade","maafrontade"
99,"ma","ma-l","l",1,1,"oh-l","oh",1,0,0,1,"mal","ohl"
126,"first_blank","first_blank-mã","mã",1,6,"first_blank-jó","jó",6,0,0,1,"mão","jóo"
398,"ma","ma-r","r",1,1,"ey-r","ey",1,0,0,1,"mar","eyr"
846,"ra","ra-to","to",4,18,"ra-nhões","nhões",2,16,3,1,"maratona","maranhõesna"
415,"vi","vi-lho","lho",5,7,"vi-neyard","neyard",1,6,3,1,"maravilhoso","maravineyardso"
914,"mar","mar-ca","ca",2,28,"bli-ca","bli",27,1,0,1,"marca","blica"
437,"ri","ri-do","do",3,48,"aban-do","aban",39,9,2,1,"marido","maabando"
845,"nho","nho-last_blank","last_blank",3,425,"ções-last_blank","ções",442,17,1,1,"marinho","marições"
166,"mar","mar-te","te",2,10,"let-te","let",10,0,0,1,"marte","lette"
170,"first_blank","first_blank-mé","mé",3,25,"first_blank-quin","quin",25,0,2,1,"médico","quindico"
737,"a","a-noi","noi",4,1,"a-crest","crest",1,0,2,1,"meia-noite","meiacrestte"
693,"nte","nte-last_blank","last_blank",6,1,"gerwald-last_blank","gerwald",1,0,4,1,"meio ambiente","meio ambiegerwald"
138,"me","me-l","l",1,1,"ou-l","ou",1,0,0,1,"mel","oul"
480,"first_blank","first_blank-mem","mem",2,11,"first_blank-slo","slo",11,0,0,1,"membro","slobro"
339,"me","me-ni","ni",3,10,"me-lhan","lhan",4,6,2,1,"menina","melhanna"
434,"tal","tal-last_blank","last_blank",2,84,"per-last_blank","per",84,0,0,1,"mental","menper"
507,"first_blank","first_blank-men","men",3,115,"first_blank-atra","atra",111,4,1,1,"mentira","atratira"
950,"first_blank","first_blank-mer","mer",4,104,"first_blank-aplau","aplau",19,85,2,1,"mercenário","aplaucenário"
862,"re","re-cer","cer",3,25,"re-quin","quin",6,19,1,1,"merecer","merequin"
464,"first_blank","first_blank-mê","mê",1,4,"first_blank-rd","rd",4,0,0,1,"mês","rds"
679,"ta","ta-de","de",3,10,"acen-de","acen",8,2,2,1,"metade","meacende"
659,"mé","mé-to","to",3,2,"pres-to","pres",2,0,2,1,"método","prestodo"
605,"first_blank","first_blank-mi","mi",1,527,"first_blank-an","an",527,0,0,1,"mil","anl"
171,"mi","mi-lha","lha",2,13,"mi-tis","tis",13,0,0,1,"milha","mitis"
173,"mi","mi-lhão","lhão",2,1,"mi-nhes","nhes",1,0,0,1,"milhão","minhes"
977,"rio","rio-last_blank","last_blank",5,336,"dlands-last_blank","dlands",3,333,3,1,"milionário","milionádlands"
174,"mi","mi-ng","ng",1,1,"bo-ng","bo",1,0,0,1,"ming.","bong."
385,"first_blank","first_blank-mí","mí",3,24,"first_blank-adop","adop",24,0,2,1,"mínimo","adopnimo"
909,"vel","vel-last_blank","last_blank",4,386,"trais-last_blank","trais",13,373,2,1,"miserável","miserátrais"
352,"mi","mi-to","to",2,17,"mi-cas","cas",19,2,1,1,"mito","micas"
683,"de","de-lo","lo",3,6,"de-rick","rick",4,2,2,1,"modelo","moderick"
175,"der","der-no","no",3,2,"aqui-no","aqui",1,1,1,1,"moderno","moaquino"
517,"mo","mo-la","la",2,3,"uni-la","uni",3,0,1,1,"mola","unila"
456,"mon","mon-ge","ge",2,1,"tra-ge","tra",1,0,0,1,"monge","trage"
447,"mons","mons-tro","tro",2,2,"após-tro","após",2,0,0,1,"monstro","apóstro"
580,"to","to-last_blank","last_blank",4,1410,"to-mashevsky","mashevsky",1,1409,1,4,"monumento","monumentomashevsky"
876,"mor","mor-tal","tal",2,2,"res-tal","res",2,0,0,1,"mortal","restal"
79,"mor","mor-te","te",2,1,"deu-te","deu",1,0,0,1,"morte","deute"
818,"mo","mo-ti","ti",3,25,"iden-ti","iden",36,11,2,1,"motivo","identivo"
491,"first_blank","first_blank-mou","mou",2,11,"first_blank-gus","gus",11,0,0,1,"mouse","gusse"
176,"mo","mo-ver","ver",2,9,"mo-ris","ris",8,1,0,1,"mover","moris"
43,"mu","mu-dan","dan",3,5,"mu-lher","lher",4,1,1,1,"mudança","mulherça"
866,"dão","dão-last_blank","last_blank",3,53,"gues-last_blank","gues",53,0,1,1,"multidão","multigues"
777,"pio","pio-last_blank","last_blank",4,33,"lhões-last_blank","lhões",22,11,2,1,"município","municílhões"
468,"mu","mu-ro","ro",2,4,"mu-çul","çul",4,0,1,1,"muro","muçul"
1,"ade","ade-last_blank","last_blank",6,1,"versham-last_blank","versham",1,0,4,1,"na realidade","na realidversham"
179,"o","o-nal","nal",4,78,"o-clips","clips",1,77,2,1,"nacional","nacioclips"
188,"first_blank","first_blank-na","na",2,402,"first_blank-res","res",348,54,1,1,"nada","resda"
46,"na","na-tal","tal",2,2,"na-nos","nos",2,0,0,1,"natal","nanos"
937,"ral","ral-last_blank","last_blank",3,66,"gens-last_blank","gens",62,4,1,1,"natural","natugens"
972,"men","men-te","te",5,800,"atraís-te","atraís",1,799,3,1,"naturalmente","naturalatraíste"
990,"val","val-last_blank","last_blank",2,22,"xos-last_blank","xos",22,0,0,1,"naval","naxos"
946,"ga","ga-ção","ção",4,33,"ga-lahad","lahad",1,32,2,1,"navegação","navegalahad"
181,"ne","ne-ces","ces",4,51,"ne-mouth","mouth",1,50,2,1,"necessário","nemouthsário"
698,"first_blank","first_blank-ner","ner",2,12,"first_blank-saí","saí",12,0,0,1,"nervo","saívo"
123,"ne","ne-to","to",2,8,"dou-to","dou",8,0,1,1,"neto","douto"
182,"nho","nho-last_blank","last_blank",2,425,"cia-last_blank","cia",425,0,0,1,"ninho","nicia"
185,"ja.","ja.-last_blank","last_blank",2,1,"nif-last_blank","nif",1,0,0,1,"ninja.","ninnif"
896,"bel.","bel.-last_blank","last_blank",2,1,"tlev-last_blank","tlev",1,0,0,1,"nobel.","notlev"
186,"no","no-bre","bre",2,3,"no-len","len",3,0,0,1,"nobre","nolen"
407,"first_blank","first_blank-noi","noi",2,16,"first_blank-kra","kra",16,0,0,1,"noite","krate"
454,"first_blank","first_blank-noi","noi",3,16,"first_blank-agen","agen",16,0,1,1,"noivado","agenvado"
919,"noi","noi-vo","vo",2,1,"tal-vo","tal",1,0,0,1,"noivo","talvo"
998,"jen","jen-to","to",3,1,"proc-to","proc",1,0,1,1,"nojento","noprocto"
178,"me","me-last_blank","last_blank",2,211,"car-last_blank","car",207,4,1,1,"nome","nocar"
187,"first_blank","first_blank-nor","nor",4,41,"first_blank-aguen","aguen",37,4,2,1,"normalmente","aguenmalmente"
189,"bro","bro-last_blank","last_blank",3,29,"tões-last_blank","tões",29,0,1,1,"novembro","novemtões"
844,"nu","nu-last_blank","last_blank",1,17,"sk-last_blank","sk",16,1,0,1,"nu","sk"
409,"first_blank","first_blank-nú","nú",3,11,"first_blank-play","play",11,0,2,1,"número","playmero"
183,"first_blank","first_blank-nun","nun",2,5,"first_blank-avo","avo",5,0,0,1,"nunca","avoca"
50,"vem","vem-last_blank","last_blank",2,51,"kin-last_blank","kin",51,0,0,1,"nuvem","nukin"
95,"nte","nte-last_blank","last_blank",5,1,"gewing-last_blank","gewing",1,0,3,1,"o suficiente","o suficiegewing"
770,"je","je-ti","ti",4,9,"exaus-ti","exaus",5,4,3,1,"objetivo","obexaustivo"
610,"to","to-last_blank","last_blank",3,1410,"to-mashevsky","mashevsky",1,1409,1,5,"objeto","objetomashevsky"
191,"va","va-ção","ção",4,26,"va-naugh","naugh",2,24,2,1,"observação","observanaugh"
851,"obs","obs-tá","tá",4,2,"aguen-tá","aguen",3,1,2,1,"obstáculo","aguentáculo"
973,"first_blank","first_blank-oca","oca",6,8,"first_blank-freqüen","freqüen",4,4,4,1,"ocasionalmente","freqüensionalmente"
883,"first_blank","first_blank-ocor","ocor",2,22,"first_blank-exer","exer",22,0,0,1,"ocorrer","exerrer"
355,"first_blank","first_blank-odi","odi",2,30,"first_blank-las","las",30,0,0,1,"odiar","lasar"
321,"first_blank","first_blank-oes","oes",2,1,"first_blank-ant","ant",1,0,0,1,"oeste","antte"
192,"first_blank","first_blank-ofer","ofer",2,2,"first_blank-fred","fred",2,0,0,1,"oferta","fredta"
428,"first_blank","first_blank-ofi","ofi",5,12,"first_blank-seqües","seqües",9,3,3,1,"oficialmente","seqüescialmente"
748,"ofi","ofi-ci","ci",3,11,"exer-ci","exer",11,0,1,1,"oficina","exercina"
193,"ok","ok-last_blank","last_blank",1,42,"gá-last_blank","gá",41,1,0,1,"ok","gá"
131,"first_blank","first_blank-ol","ol",1,56,"first_blank-dr","dr",56,0,0,1,"olá","drá"
546,"ho","ho-last_blank","last_blank",1,13,"py-last_blank","py",13,0,0,1,"olho","olpy"
608,"bro","bro-last_blank","last_blank",2,29,"jos-last_blank","jos",29,0,0,1,"ombro","omjos"
980,"first_blank","first_blank-ope","ope",5,53,"first_blank-sandwi","sandwi",3,50,3,1,"operacional","sandwiracional"
198,"ope","ope-rar","rar",2,2,"lho-rar","lho",2,0,0,1,"operar","lhorar"
199,"first_blank","first_blank-opi","opi",2,6,"first_blank-crí","crí",6,0,0,1,"opinião","crínião"
872,"first_blank","first_blank-opos","opos",2,5,"first_blank-olím","olím",5,0,0,1,"oposto","olímto"
913,"to","to-last_blank","last_blank",4,1410,"to-mashevsky","mashevsky",1,1409,1,4,"orçamento","orçamentomashevsky"
976,"to","to-last_blank","last_blank",4,1410,"to-mashevsky","mashevsky",1,1409,1,4,"orfanato","orfanatomashevsky"
852,"gas","gas-mo","mo",3,1,"acha-mo","acha",1,0,1,1,"orgasmo","orachamo"
558,"gu","gu-lho","lho",3,9,"gu-rões","rões",1,8,1,1,"orgulho","orgurões"
233,"lho","lho-so","so",4,4,"agres-so","agres",2,2,2,1,"orgulhoso","orguagresso"
203,"first_blank","first_blank-ori","ori",3,54,"first_blank-guar","guar",55,1,1,1,"original","guarginal"
201,"or","or-ques","ques",3,7,"or-lock","lock",1,6,0,1,"orquestra","orlocktra"
449,"os","os-so","so",2,1,"os-val","val",1,0,1,1,"osso","osval"
200,"first_blank","first_blank-oti","oti",3,6,"first_blank-erec","erec",6,0,1,1,"otimista","erecmista"
367,"vir","vir-last_blank","last_blank",2,7,"run-last_blank","run",7,0,0,1,"ouvir","ourun"
791,"oxi","oxi-da","da",3,3,"cluí-da","cluí",3,0,1,1,"oxidado","cluídado"
658,"cia","cia-last_blank","last_blank",4,425,"lhões-last_blank","lhões",22,403,2,1,"paciência","paciênlhões"
210,"pa","pa-ci","ci",4,47,"acres-ci","acres",2,45,3,1,"paciente","acresciente"
855,"cí","cí-fi","fi",4,10,"trans-fi","trans",7,3,3,1,"pacífico","patransfico"
587,"pa","pa-ís","ís",1,1,"pa-pu","pu",1,0,0,1,"país","papu"
518,"cio","cio-last_blank","last_blank",3,118,"sões-last_blank","sões",78,40,1,1,"palácio","palásões"
319,"vra","vra-last_blank","last_blank",3,3,"dogs-last_blank","dogs",3,0,1,1,"palavra","paladogs"
435,"les","les-tra","tra",3,3,"les-sing","sing",1,2,1,1,"palestra","palessing"
49,"pa","pa-no","no",2,9,"pa-tia","tia",9,0,1,1,"pano","patia"
481,"first_blank","first_blank-pã","pã",1,3,"first_blank-jm","jm",3,0,0,1,"pão","jmo"
77,"pai","pai-last_blank","last_blank",2,5,"zos-last_blank","zos",5,0,0,1,"papai","pazos"
633,"pel","pel-last_blank","last_blank",2,9,"ast-last_blank","ast",9,0,0,1,"papel","paast"
207,"pa","pa-raí","raí",3,3,"pa-lhem","lhem",2,1,1,1,"paraíso","palhemso"
208,"co.","co.-last_blank","last_blank",4,1,"gland-last_blank","gland",1,0,2,1,"paranoico.","paranoigland"
899,"par","par-cei","cei",3,4,"par-tout","tout",1,3,1,1,"parceiro","partoutro"
209,"to","to-last_blank","last_blank",4,1410,"to-mashevsky","mashevsky",1,1409,1,4,"parlamento","parlamentomashevsky"
669,"gei","gei-ro","ro",4,5,"panth-ro","panth",1,4,2,1,"passageiro","passapanthro"
887,"sa","sa-tem","tem",4,3,"sa-rawak","rawak",1,2,2,1,"passatempo","passarawakpo"
32,"pas","pas-ta","ta",2,3,"tui-ta","tui",3,0,0,1,"pasta","tuita"
270,"pe","pe-ca","ca",3,16,"afri-ca","afri",5,11,2,1,"pecado","africado"
801,"pe","pe-le","le",2,10,"pe-rar","rar",11,1,1,1,"pele","perar"
974,"pe","pe-na","na",2,14,"car-na","car",14,0,1,1,"pena","carna"
127,"first_blank","first_blank-pen","pen",4,154,"first_blank-aguar","aguar",24,130,2,1,"pendurado","aguardurado"
714,"são","são-last_blank","last_blank",2,158,"los-last_blank","los",158,0,0,1,"pensão","penlos"
153,"que","que-no","no",3,4,"john-no","john",1,3,1,1,"pequeno","pejohnno"
115,"per","per-dão","dão",2,1,"per-pen","pen",1,0,0,1,"perdão","perpen"
114,"per","per-do","do",3,33,"aban-do","aban",39,6,1,1,"perdoar","abandoar"
529,"fil","fil-last_blank","last_blank",2,1,"loé-last_blank","loé",1,0,0,1,"perfil","perloé"
237,"gun","gun-ta","ta",3,18,"afas-ta","afas",17,1,1,1,"pergunta","perafasta"
684,"per","per-mis","mis",3,5,"inad-mis","inad",2,3,1,1,"permissão","inadmissão"
7,"tir","tir-last_blank","last_blank",3,49,"guem-last_blank","guem",49,0,1,1,"permitir","permiguem"
418,"na","na-gem","gem",4,14,"na-talya","talya",1,13,2,1,"personagem","personatalya"
486,"sa","sa-de","de",4,6,"almôn-de","almôn",2,4,3,1,"pesadelo","pealmôndelo"
902,"pe","pe-sa","sa",3,17,"pe-drei","drei",4,13,2,1,"pesado","pedreido"
642,"pe","pe-so","so",2,3,"pe-der","der",3,0,1,1,"peso","peder"
599,"qui","qui-sa","sa",3,9,"pres-sa","pres",11,2,1,1,"pesquisa","pespressa"
211,"soa","soa-last_blank","last_blank",2,3,"tín-last_blank","tín",3,0,0,1,"pessoa","pestín"
995,"first_blank","first_blank-pes","pes",3,94,"first_blank-tran","tran",90,4,1,1,"pessoal","transoal"
451,"pi","pi-a","a",3,38,"scre-a","scre",2,36,2,1,"piano","screano"
894,"pi","pi-ng","ng",1,3,"pi-te","te",3,0,0,1,"ping.","pite."
206,"first_blank","first_blank-pin","pin",2,84,"first_blank-ati","ati",84,0,0,1,"pintar","atitar"
215,"ni","ni-que","que",4,11,"ni-chiwa","chiwa",1,10,2,1,"piquenique","piquenichiwa"
842,"pi","pi-râ","râ",4,2,"pi-nhões","nhões",1,1,3,1,"pirâmide","pinhõesmide"
622,"ra","ra-ta","ta",3,16,"acer-ta","acer",16,0,2,1,"pirata","piacerta"
216,"first_blank","first_blank-pis","pis",3,46,"first_blank-elec","elec",46,0,1,1,"pistola","electola"
218,"first_blank","first_blank-pla","pla",3,105,"first_blank-quei","quei",80,25,1,1,"planeta","queineta"
505,"pla","pla-no","no",2,2,"bre-no","bre",2,0,0,1,"plano","breno"
645,"first_blank","first_blank-plan","plan",2,32,"first_blank-agar","agar",32,0,0,1,"plantar","agartar"
744,"ta","ta-for","for",4,2,"ta-lhões","lhões",2,0,2,1,"plataforma","platalhõesma"
219,"boy.","boy.-last_blank","last_blank",2,1,"poly-last_blank","poly",1,0,0,1,"playboy.","playpoly"
412,"bre","bre-last_blank","last_blank",2,34,"dez-last_blank","dez",34,0,0,1,"pobre","podez"
924,"bre","bre-za","za",3,2,"ajui-za","ajui",2,0,1,1,"pobreza","poajuiza"
222,"po","po-ção","ção",2,1,"po-lig","lig",1,0,0,1,"poção","polig"
168," ser"," ser-last_blank","last_blank",3,1,"peãs-last_blank","peãs",1,0,0,1,"pode ser","podepeãs"
532,"po","po-e","e",3,10,"sque-e","sque",1,9,2,1,"poeta","squeeta"
223,"lí","lí-ti","ti",4,15,"exaus-ti","exaus",5,10,3,1,"política","poexaustica"
944,"first_blank","first_blank-pól","pól",3,1,"first_blank-saya","saya",1,0,1,1,"pólvora","sayavora"
514,"pon","pon-te","te",2,3,"aus-te","aus",3,0,0,1,"ponte","auste"
224,"la","la-ção","ção",4,65,"la-drões","drões",1,64,2,1,"população","populadrões"
483,"pu","pu-lar","lar",3,8,"pu-xões","xões",1,7,1,1,"popular","popuxões"
834,"o sol","o sol-last_blank","last_blank",3,1,"obhan-last_blank","obhan",1,0,0,1,"pôr do sol","pôr dobhan"
707,"po","po-rn","rn",1,3,"po-ma","ma",3,0,0,1,"pornô","pomaô"
225,"por","por-tal","tal",2,2,"res-tal","res",2,0,0,1,"portal","restal"
323,"si","si-ti","ti",4,24,"exaus-ti","exaus",5,19,3,1,"positivo","poexaustivo"
541,"po","po-tên","tên",3,8,"po-nham","nham",7,1,1,1,"potência","ponhamcia"
649,"po","po-ten","ten",4,19,"po-siçäo","siçäo",1,18,2,1,"potencial","posiçäocial"
568,"pou","pou-sar","sar",2,3,"fes-sar","fes",3,0,0,1,"pousar","fessar"
665,"first_blank","first_blank-pra","pra",2,75,"first_blank-fal","fal",75,0,0,1,"praga","falga"
805,"ai","ai-a","a",1,6,"lo-a","lo",6,0,0,1,"praia","prloa"
598,"first_blank","first_blank-prá","prá",3,5,"first_blank-stei","stei",5,0,1,1,"prática","steitica"
549,"first_blank","first_blank-pra","pra",2,75,"first_blank-ace","ace",75,0,0,1,"prazer","acezer"
60,"pa","pa-ção","ção",5,11,"pa-toshik","toshik",1,10,3,1,"preocupação","preocupatoshik"
804,"first_blank","first_blank-pre","pre",5,647,"first_blank-sandwi","sandwi",3,644,3,1,"preocupado","sandwiocupado"
226,"ra","ra-ção","ção",4,90,"ra-nhões","nhões",2,88,2,1,"preparação","preparanhões"
228,"pre","pre-sa","sa",2,8,"con-sa","con",8,0,0,1,"presa","consa"
377,"sen","sen-ça","ça",3,1,"aque-ça","aque",1,0,1,1,"presença","preaqueça"
886,"var","var-last_blank","last_blank",3,65,"gens-last_blank","gens",62,3,1,1,"preservar","presergens"
110,"mei","mei-ro","ro",3,6,"abal-ro","abal",4,2,1,1,"primeiro","priabalro"
326,"first_blank","first_blank-prin","prin",3,26,"first_blank-acos","acos",26,0,0,1,"princesa","acoscesa"
639,"pri","pri-va","va",3,15,"acha-va","acha",2,13,1,1,"privado","achavado"
705,"pri","pri-vi","vi",4,8,"madha-vi","madha",1,7,2,1,"privilégio","madhavilégio"
229,"de","de-last_blank","last_blank",6,783,"de-linqüen","linqüen",2,781,3,2,"probabilidade","probabilidadelinqüen"
421,"ces","ces-sar","sar",3,3,"atra-sar","atra",2,1,1,1,"processar","proatrasar"
442,"cu","cu-rar","rar",3,5,"cu-peis","peis",1,4,1,1,"procurar","procupeis"
363,"du","du-tor","tor",3,9,"du-rant","rant",2,7,1,1,"produtor","produrant"
578,"gra","gra-mas","mas",3,13,"quei-mas","quei",4,9,1,1,"programas","proqueimas"
230,"gres","gres-so","so",3,5,"aquo-so","aquo",1,4,0,1,"progresso","proaquoso"
921,"first_blank","first_blank-proi","proi",3,17,"first_blank-apal","apal",17,0,0,1,"proibido","apalbido"
231,"pro","pro-je","je",3,18,"alei-je","alei",1,17,1,1,"projeto","aleijeto"
389,"first_blank","first_blank-pron","pron",2,9,"first_blank-brid","brid",9,0,0,1,"pronto","bridto"
912,"por","por-last_blank","last_blank",2,22,"sel-last_blank","sel",22,0,0,1,"propor","prosel"
232,"pro","pro-pri","pri",5,16,"pro-tecçäo","tecçäo",1,15,3,1,"propriedade","protecçäoedade"
440,"te","te-ger","ger",3,3,"te-nant","nant",3,0,1,1,"proteger","protenant"
789,"teí","teí-na","na",3,1,"boiú-na","boiú",1,0,1,1,"proteína","proboiúna"
829,"tes","tes-to","to",3,5,"kryp-to","kryp",5,0,1,1,"protesto","prokrypto"
235,"first_blank","first_blank-pul","pul",2,32,"first_blank-ger","ger",32,0,0,1,"pulso","gerso"
236,"nir","nir-last_blank","last_blank",2,14,"reu-last_blank","reu",14,0,0,1,"punir","pureu"
936,"first_blank","first_blank-quan","quan",4,20,"first_blank-acres","acres",23,3,1,1,"quantidade","acrestidade"
315,"qu","qu-e","e",1,1,"rw-e","rw",1,0,0,1,"que","rwe"
274,"bra","bra-last_blank","last_blank",2,46,"gio-last_blank","gio",46,0,0,1,"quebra","quegio"
346,"first_blank","first_blank-quen","quen",2,7,"first_blank-clan","clan",7,0,0,1,"quente","clante"
469,"first_blank","first_blank-qui","qui",3,91,"first_blank-tran","tran",90,1,1,1,"quieto","traneto"
757,"first_blank","first_blank-qui","qui",2,91,"first_blank-mal","mal",91,0,0,1,"quilo","mallo"
406,"first_blank","first_blank-quilô","quilô",3,2,"first_blank-krish","krish",2,0,0,1,"quilômetro","krishmetro"
626,"first_blank","first_blank-quí","quí",3,6,"first_blank-eléc","eléc",6,0,1,1,"química","elécmica"
627,"first_blank","first_blank-quí","quí",3,6,"first_blank-trip","trip",6,0,1,1,"químico","tripmico"
833,"first_blank","first_blank-rã","rã",1,3,"first_blank-gö","gö",3,0,0,1,"rã","gö"
70,"ra","ra-cha","cha",4,15,"ra-venwo","venwo",1,14,2,1,"rachadura","ravenwodura"
238,"ra","ra-cis","cis",3,3,"ra-lhei","lhei",3,0,1,1,"racista","ralheita"
431,"ra","ra-dar","dar",2,1,"ra-pri","pri",1,0,0,1,"radar","rapri"
445,"dio","dio-last_blank","last_blank",2,64,"gou-last_blank","gou",64,0,0,1,"rádio","rágou"
330,"rai","rai-nha","nha",2,1,"bre-nha","bre",1,0,0,1,"rainha","brenha"
853,"ra","ra-io","io",1,2,"ra-ga","ga",2,0,0,1,"raio","raga"
690,"first_blank","first_blank-rai","rai",2,36,"first_blank-sta","sta",36,0,0,1,"raiva","stava"
30,"pa","pa-zes","zes",3,4,"pa-lhar","lhar",4,0,1,1,"rapazes","rapalhar"
621,"po","po-sa","sa",3,7,"amas-sa","amas",5,2,2,1,"raposa","raamassa"
290,"ras","ras-gar","gar",2,1,"ras-qui","qui",1,0,0,1,"rasgar","rasqui"
240,"ra","ra-zão","zão",2,1,"ra-çõe","çõe",1,0,0,1,"razão","raçõe"
255,"re","re-al","al",2,12,"re-lem","lem",12,0,1,1,"real","relem"
479,"first_blank","first_blank-re","re",5,2976,"warwickshi-re","warwickshi",1,2975,1,5,"realidade","warwickshirealidade"
300,"bo","bo-que","que",3,2,"bo-xing","xing",2,0,1,1,"reboque","reboxing"
915,"cep","cep-ção","ção",3,7,"trui-ção","trui",2,5,1,1,"recepção","retruição"
59,"first_blank","first_blank-re","re",4,2976,"warwickshi-re","warwickshi",1,2975,1,6,"reclamação","warwickshireclamação"
241,"first_blank","first_blank-re","re",4,2976,"warwickshi-re","warwickshi",1,2975,1,6,"reconhecer","warwickshireconhecer"
819,"first_blank","first_blank-re","re",4,2976,"warwickshi-re","warwickshi",1,2975,1,6,"recuperar","warwickshirecuperar"
686,"cu","cu-sar","sar",3,3,"cu-pões","pões",1,2,1,1,"recusar","recupões"
612,"re","re-de","de",2,11,"apo-de","apo",12,1,1,1,"rede","apode"
493,"fém","fém-last_blank","last_blank",2,1,"tuá-last_blank","tuá",1,0,0,1,"refém","retuá"
576,"xão","xão-last_blank","last_blank",3,12,"triz-last_blank","triz",12,0,1,1,"reflexão","refletriz"
242,"first_blank","first_blank-re","re",5,2976,"warwickshi-re","warwickshi",1,2975,1,5,"refugiado","warwickshirefugiado"
753,"gio","gio-last_blank","last_blank",3,46,"nhar-last_blank","nhar",46,0,1,1,"refúgio","refúnhar"
718,"to","to-last_blank","last_blank",4,1410,"to-mashevsky","mashevsky",1,1409,1,4,"regimento","regimentomashevsky"
963,"first_blank","first_blank-re","re",4,2976,"warwickshi-re","warwickshi",1,2975,1,6,"regional","warwickshiregional"
632,"gis","gis-tro","tro",3,1,"aden-tro","aden",1,0,1,1,"registro","readentro"
256,"gra","gra-last_blank","last_blank",2,18,"neo-last_blank","neo",18,0,0,1,"regra","reneo"
751,"rei","rei-tor","tor",2,1,"sis-tor","sis",1,0,0,1,"reitor","sistor"
592,"la","la-ção","ção",3,65,"la-gens","gens",5,60,1,1,"relação","relagens"
151,"first_blank","first_blank-re","re",4,2976,"warwickshi-re","warwickshi",1,2975,1,6,"relâmpago","warwickshirelâmpago"
243,"first_blank","first_blank-re","re",4,2976,"warwickshi-re","warwickshi",1,2975,1,6,"relativo","warwickshirelativo"
245,"first_blank","first_blank-re","re",4,2976,"warwickshi-re","warwickshi",1,2975,1,6,"relatório","warwickshirelatório"
958,"re","re-nún","nún",3,1,"re-criá","criá",1,0,1,1,"renúncia","recriácia"
427,"pór","pór-ter","ter",3,1,"háms-ter","háms",1,0,1,1,"repórter","rehámster"
436,"first_blank","first_blank-re","re",4,2976,"warwickshi-re","warwickshi",1,2975,1,6,"reproduzir","warwickshireproduzir"
607,"res","res-ga","ga",3,21,"obri-ga","obri",26,5,1,1,"resgate","obrigate"
825,"first_blank","first_blank-re","re",4,2976,"warwickshi-re","warwickshi",1,2975,1,6,"resistência","warwickshiresistência"
246,"pei","pei-to","to",3,17,"trac-to","trac",7,10,1,1,"respeito","restracto"
504,"pon","pon-da","da",3,2,"trui-da","trui",2,0,1,1,"responda","restruida"
247,"de","de-last_blank","last_blank",7,783,"de-linqüen","linqüen",2,781,3,1,"responsabilidade","responsabilidadelinqüen"
807,"first_blank","first_blank-re","re",4,2976,"warwickshi-re","warwickshi",1,2975,1,6,"resultado","warwickshiresultado"
249,"first_blank","first_blank-re","re",4,2976,"warwickshi-re","warwickshi",1,2975,1,6,"revelação","warwickshirevelação"
809,"dí","dí-cu","cu",4,4,"maiús-cu","maiús",3,1,3,1,"ridículo","rimaiúsculo"
571,"fle","fle-last_blank","last_blank",2,3,"nau-last_blank","nau",3,0,0,1,"rifle","rinau"
712,"ri","ri-m","m",1,1,"mb-m","mb",1,0,0,1,"rim","mbm"
472,"first_blank","first_blank-ri","ri",1,262,"first_blank-fe","fe",248,14,0,1,"rio","feo"
342,"first_blank","first_blank-ris","ris",2,22,"first_blank-aci","aci",22,0,0,1,"risco","acico"
250,"first_blank","first_blank-rit","rit",2,6,"first_blank-eró","eró",6,0,0,1,"ritmo","erómo"
433,"ri","ri-tu","tu",3,14,"ri-nhas","nhas",14,0,2,1,"ritual","rinhasal"
695,"bô","bô-last_blank","last_blank",1,1,"tр-last_blank","tр",1,0,0,1,"robô","rotр"
597,"ro","ro-cha","cha",2,2,"ro-sel","sel",2,0,0,1,"rocha","rosel"
849,"deio","deio-last_blank","last_blank",2,3,"flin-last_blank","flin",3,0,0,1,"rodeio","roflin"
538,"ro","ro-ma","ma",3,10,"acal-ma","acal",9,1,2,1,"romano","acalmano"
794,"meo.","meo.-last_blank","last_blank",2,1,"teur-last_blank","teur",1,0,0,1,"romeo.","roteur"
692,"ro","ro-ta","ta",2,34,"pei-ta","pei",37,3,1,1,"rota","peita"
280,"first_blank","first_blank-rou","rou",2,70,"first_blank-her","her",70,0,0,1,"roubar","herbar"
574,"rou","rou-bo","bo",2,1,"bam-bo","bam",1,0,0,1,"roubo","bambo"
376,"first_blank","first_blank-ruí","ruí",2,5,"first_blank-ene","ene",5,0,0,1,"ruído","enedo"
257,"ru","ru-m","m",1,2,"ué-m","ué",2,0,0,1,"rum","uém"
259,"first_blank","first_blank-sá","sá",3,15,"first_blank-efec","efec",15,0,2,1,"sábado","efecbado"
785,"bo","bo-ro","ro",4,14,"panth-ro","panth",1,13,3,1,"saboroso","sapanthroso"
620,"sa","sa-ia","ia",1,1,"sa-ló","ló",1,0,0,1,"saia","saló"
525,"first_blank","first_blank-saí","saí",2,12,"first_blank-kim","kim",12,0,0,1,"saída","kimda"
856,"sa","sa-ir","ir",1,1,"sa-wa","wa",1,0,0,1,"sair","sawa"
584,"sa","sa-la","la",2,36,"sa-dos","dos",36,0,1,1,"sala","sados"
817,"sal","sal-do","do",2,1,"fru-do","fru",1,0,0,1,"saldo","frudo"
614,"duí","duí-che","che",3,1,"pran-che","pran",1,0,1,1,"sanduíche","sanpranche"
542,"san","san-gue","gue",2,2,"san-dar","dar",2,0,0,1,"sangue","sandar"
361,"gen","gen-to","to",3,5,"cris-to","cris",5,0,1,1,"sargento","sarcristo"
526,"to","to-last_blank","last_blank",4,1410,"to-mashevsky","mashevsky",1,1409,1,4,"satisfeito","satisfeitomashevsky"
129,"first_blank","first_blank-sau","sau",3,36,"first_blank-cris","cris",36,0,1,1,"saudável","crisdável"
128,"first_blank","first_blank-saú","saú",2,5,"first_blank-kri","kri",5,0,0,1,"saúde","kride"
816,"se","se-ção","ção",2,2,"se-ten","ten",2,0,0,1,"seção","seten"
375,"se","se-co","co",2,3,"bli-co","bli",3,0,1,1,"seco","blico"
379,"se","se-cre","cre",4,22,"se-venth","venth",1,21,2,1,"secretário","seventhtário"
453,"first_blank","first_blank-sé","sé",3,22,"first_blank-exer","exer",22,0,2,1,"século","exerculo"
848,"se","se-cun","cun",4,7,"se-arsha","arsha",1,6,2,1,"secundário","searshadário"
836,"se","se-da","da",2,9,"gui-da","gui",10,1,1,1,"seda","guida"
264,"gre","gre-do","do",3,1,"cain-do","cain",1,0,1,1,"segredo","secaindo"
113,"se","se-gue","gue",2,5,"se-bas","bas",5,0,0,1,"segue","sebas"
458,"gun","gun-da","da",5,1,"bethes-da","bethes",1,0,3,1,"segunda-feira","sebethesdafeira"
263,"gun","gun-do","do",3,3,"over-do","over",2,1,1,1,"segundo","seoverdo"
547,"gu","gu-ran","ran",4,11,"gu-lhões","lhões",1,10,2,1,"segurança","segulhõesça"
728,"gu","gu-ro","ro",3,3,"gu-lhar","lhar",3,0,2,1,"seguro","segulhar"
694,"first_blank","first_blank-sel","sel",2,24,"first_blank-tin","tin",24,0,0,1,"selva","tinva"
868,"first_blank","first_blank-se","se",6,725,"stackhou-se","stackhou",1,724,3,3,"sem utilidade","stackhousem utilidade"
269,"me","me-lhan","lhan",4,4,"me-backs","backs",1,3,1,1,"semelhante","semebackste"
724,"rio","rio-last_blank","last_blank",4,336,"lhões-last_blank","lhões",22,314,2,1,"seminário","seminálhões"
10,"pre","pre-last_blank","last_blank",2,8,"säo-last_blank","säo",8,0,0,1,"sempre","semsäo"
156,"nhor","nhor-last_blank","last_blank",2,4,"chal-last_blank","chal",4,0,0,1,"senhor","sechal"
823,"se","se-ni","ni",3,3,"se-guía","guía",3,0,2,1,"senior","seguíaor"
984,"o","o-nal","nal",5,78,"o-dleigh","dleigh",1,77,3,1,"sensacional","sensaciodleigh"
628,"sen","sen-sor","sor",2,1,"sen-teá","teá",1,0,0,1,"sensor","senteá"
979,"first_blank","first_blank-seqües","seqües",3,9,"first_blank-sandwi","sandwi",3,6,0,2,"seqüestrador","sandwitrador"
955,"trar","trar-last_blank","last_blank",2,30,"town-last_blank","town",30,0,0,1,"seqüestrar","seqüestown"
606,"se","se-ri","ri",3,28,"se-ques","ques",18,10,2,1,"series","sequeses"
947,"first_blank","first_blank-ser","ser",3,105,"first_blank-tran","tran",90,15,1,1,"serviço","tranviço"
1000,"first_blank","first_blank-ses","ses",2,10,"first_blank-tho","tho",10,0,0,1,"sesta","thota"
388,"bro","bro-last_blank","last_blank",3,29,"lham-last_blank","lham",29,0,1,1,"setembro","setemlham"
266,"xu","xu-al","al",3,11,"atri-al","atri",1,10,2,1,"sexual","seatrial"
795,"lock.","lock.-last_blank","last_blank",2,1,"dacks-last_blank","dacks",1,0,0,1,"sherlock.","sherdacks"
169,"sig","sig-ni","ni",5,32,"barysh-ni","barysh",1,31,3,1,"significado","baryshnificado"
655,"so","so-last_blank","last_blank",5,475,"so-mething","mething",1,474,3,3,"silencioso","silenciosomething"
637,"ples","ples-men","men",4,1,"igual-men","igual",1,0,1,1,"simplesmente","simigualmente"
287,"first_blank","first_blank-sin","sin",3,87,"first_blank-agra","agra",80,7,1,1,"sintoma","agratoma"
462,"a","a-ção","ção",4,60,"a-trais","trais",1,59,2,1,"situação","situatrais"
570,"bre","bre-me","me",4,2,"quilô-me","quilô",2,0,2,1,"sobremesa","soquilômesa"
959,"bre","bre-na","na",5,2,"mangwa-na","mangwa",1,1,3,1,"sobrenatural","somangwanatural"
699,"brio","brio-last_blank","last_blank",2,7,"tuir-last_blank","tuir",7,0,0,1,"sóbrio","sótuir"
422,"de","de-last_blank","last_blank",5,783,"de-linqüen","linqüen",2,781,3,3,"sociedade","sociedadelinqüen"
536,"fá","fá-last_blank","last_blank",2,8,"leo-last_blank","leo",8,0,1,1,"sofá","soleo"
735,"fra","fra-last_blank","last_blank",2,7,"von-last_blank","von",7,0,0,1,"sofra","sovon"
286,"to","to-last_blank","last_blank",4,1410,"to-mashevsky","mashevsky",1,1409,1,4,"sofrimento","sofrimentomashevsky"
448,"first_blank","first_blank-sol","sol",3,60,"first_blank-ater","ater",58,2,1,1,"soldado","aterdado"
271,"first_blank","first_blank-sol","sol",3,60,"first_blank-ater","ater",58,2,1,1,"solteiro","aterteiro"
885,"so","so-ma","ma",2,8,"cre-ma","cre",8,0,1,1,"soma","crema"
267,"bra","bra-last_blank","last_blank",2,46,"gio-last_blank","gio",46,0,0,1,"sombra","somgio"
148,"so","so-men","men",3,1,"so-brou","brou",1,0,1,1,"somente","sobroute"
277,"pa","pa-last_blank","last_blank",2,123,"ker-last_blank","ker",124,1,1,1,"sopa","soker"
417,"first_blank","first_blank-sor","sor",2,55,"first_blank-eli","eli",55,0,0,1,"sorrir","elirir"
8,"nho","nho-last_blank","last_blank",3,425,"ções-last_blank","ções",442,17,1,1,"sozinho","sozições"
739,"tus","tus-last_blank","last_blank",2,31,"rin-last_blank","rin",31,0,0,1,"status","starin"
771,"a","a-ve","ve",3,6,"a-ming","ming",4,2,2,1,"suave","suaming"
929,"ti","ti-mar","mar",4,7,"ti-lhões","lhões",1,6,2,1,"subestimar","subestilhões"
285,"sub","sub-ma","ma",4,5,"night-ma","night",1,4,2,1,"submarino","nightmarino"
884,"bor","bor-no","no",3,1,"fres-no","fres",1,0,1,1,"suborno","sufresno"
244,"tuir","tuir-last_blank","last_blank",3,7,"pert-last_blank","pert",7,0,0,1,"substituir","substipert"
374,"su","su-ces","ces",3,11,"su-plan","plan",2,9,1,1,"sucesso","suplanso"
338,"first_blank","first_blank-sui","sui",3,26,"first_blank-acos","acos",26,0,1,1,"suicídio","acoscídio"
371,"jo","jo-last_blank","last_blank",2,90,"dam-last_blank","dam",90,0,1,1,"sujo","sudam"
320,"su","su-l","l",1,1,"by-l","by",1,0,0,1,"sul","byl"
673,"su","su-lis","lis",3,2,"su-põem","põem",1,1,1,1,"sulista","supõemta"
854,"omen","omen-last_blank","last_blank",3,1,"luth-last_blank","luth",1,0,0,1,"super homen","super hluth"
596,"first_blank","first_blank-sur","sur",3,89,"first_blank-tran","tran",90,1,1,1,"surpresa","tranpresa"
867,"sus","sus-to","to",2,2,"dra-to","dra",2,0,0,1,"susto","drato"
296,"ba","ba-co","co",3,3,"ba-lhei","lhei",3,0,2,1,"tabaco","tabalhei"
413,"be","be-la","la",3,7,"char-la","char",4,3,2,1,"tabela","tacharla"
754,"bua","bua-last_blank","last_blank",2,5,"cet-last_blank","cet",5,0,0,1,"tábua","tácet"
272,"ma","ma-nho","nho",3,5,"ma-dras","dras",4,1,1,1,"tamanho","tamadras"
69,"first_blank","first_blank-tam","tam",2,27,"first_blank-sto","sto",27,0,0,1,"tampa","stopa"
288,"tan","tan-que","que",2,6,"pli-que","pli",6,0,0,1,"tanque","plique"
611,"fa","fa-last_blank","last_blank",3,56,"lhos-last_blank","lhos",59,3,2,1,"tarefa","tarelhos"
567,"a","a-gem","gem",4,12,"a-monds","monds",1,11,2,1,"tatuagem","tatuamonds"
289,"xi","xi-last_blank","last_blank",2,12,"nhá-last_blank","nhá",12,0,1,1,"táxi","tánhá"
51,"first_blank","first_blank-téc","téc",3,5,"first_blank-gram","gram",5,0,1,1,"técnico","gramnico"
378,"first_blank","first_blank-tec","tec",4,20,"first_blank-aplau","aplau",19,1,2,1,"tecnologia","aplaunologia"
284,"first_blank","first_blank-tei","tei",3,11,"first_blank-shan","shan",11,0,1,1,"teimoso","shanmoso"
262,"te","te-la","la",2,35,"qui-la","qui",14,21,1,1,"tela","quila"
457,"le","le-gra","gra",4,7,"le-ather","ather",2,5,2,1,"telegrama","teleatherma"
930,"te","te-les","les",4,9,"te-travô","travô",1,8,2,1,"telescópio","tetravôcópio"
521,"first_blank","first_blank-têm","têm",3,3,"first_blank-clep","clep",3,0,1,1,"têmpora","cleppora"
489,"ra","ra-pia","pia",3,8,"ra-gens","gens",7,1,1,1,"terapia","teragens"
294,"ter","ter-cei","cei",3,4,"ter-bury","bury",2,2,1,1,"terceiro","terburyro"
720,"mi","mi-nal","nal",3,7,"mi-cros","cros",7,0,1,1,"terminal","termicros"
149,"first_blank","first_blank-ter","ter",2,134,"first_blank-che","che",133,1,0,1,"terra","chera"
370,"first_blank","first_blank-ter","ter",3,134,"first_blank-cons","cons",158,24,1,1,"terrível","consrível"
814,"sou","sou-ro","ro",3,2,"trei-ro","trei",2,0,1,1,"tesouro","tetreiro"
473,"tes","tes-te","te",4,42,"apron-te","apron",1,41,2,1,"testemunha","aprontemunha"
291,"first_blank","first_blank-tex","tex",2,5,"first_blank-jum","jum",5,0,0,1,"texto","jumto"
772,"ti","ti-ge","ge",3,4,"chan-ge","chan",4,0,2,1,"tigela","changela"
308,"first_blank","first_blank-ti","ti",1,280,"first_blank-pu","pu",283,3,0,1,"tio","puo"
616,"first_blank","first_blank-tí","tí",3,21,"first_blank-olha","olha",21,0,2,1,"típica","olhapica"
391,"to","to-ma","ma",3,56,"afir-ma","afir",13,43,2,1,"tomada","afirmada"
798,"po","po-last_blank","last_blank",2,105,"lia-last_blank","lia",105,0,1,1,"topo","tolia"
752,"tor","tor-men","men",3,4,"tor-quay","quay",1,3,1,1,"tormento","torquayto"
299,"neio","neio-last_blank","last_blank",2,5,"dent-last_blank","dent",5,0,0,1,"torneio","tordent"
527,"tor","tor-re","re",2,1,"pri-re","pri",1,0,0,1,"torre","prire"
838,"first_blank","first_blank-tos","tos",2,29,"first_blank-spi","spi",29,0,0,1,"tosse","spise"
688,"tal","tal-last_blank","last_blank",2,84,"ney-last_blank","ney",84,0,0,1,"total","toney"
603,"to","to-ur","ur",1,2,"ye-ur","ye",2,0,0,1,"tour","yeur"
677,"ba","ba-lho","lho",3,6,"ba-kers","kers",2,4,1,1,"trabalho","trabakers"
154,"first_blank","first_blank-tran","tran",3,90,"first_blank-apre","apre",97,7,0,1,"trancado","aprecado"
796,"tra","tra-zer","zer",2,2,"tra-con","con",2,0,0,1,"trazer","tracon"
91,"erra","erra-last_blank","last_blank",5,1,"odwill-last_blank","odwill",1,0,2,1,"tremor de terra","tremor de todwill"
78,"first_blank","first_blank-tre","tre",2,98,"first_blank-dei","dei",98,0,0,1,"trevas","deivas"
414,"bu","bu-nal","nal",3,1,"bu-kows","kows",1,0,1,1,"tribunal","tribukows"
258,"first_blank","first_blank-tris","tris",2,14,"first_blank-frac","frac",14,0,0,1,"triste","fracte"
784,"féu","féu-last_blank","last_blank",2,1,"mós-last_blank","mós",1,0,0,1,"troféu","tromós"
301,"first_blank","first_blank-tru","tru",2,20,"first_blank-dig","dig",20,0,0,1,"truque","digque"
455,"ba","ba-rão","rão",3,5,"ba-lhas","lhas",5,0,1,1,"tubarão","tubalhas"
345,"mor","mor-last_blank","last_blank",2,11,"nut-last_blank","nut",11,0,0,1,"tumor","tunut"
307,"o.","o.-last_blank","last_blank",1,1,"ló-last_blank","ló",1,0,0,1,"ufo.","ufló"
316,"first_blank","first_blank-uís","uís",2,2,"first_blank-cãi","cãi",2,0,0,1,"uísque","cãique"
656,"un","un-ha","ha",1,2,"un-gi","gi",2,0,0,1,"unha","ungi"
646,"uni","uni-da","da",3,3,"cluí-da","cluí",3,0,1,1,"unidade","cluídade"
399,"first_blank","first_blank-uni","uni",3,68,"first_blank-aper","aper",68,0,1,1,"universo","aperverso"
661,"gen","gen-te","te",3,25,"abas-te","abas",16,9,1,1,"urgente","urabaste"
372,"ur","ur-so","so",2,1,"los-so","los",1,0,1,1,"urso","losso"
310,"il","il-last_blank","last_blank",1,32,"by-last_blank","by",32,0,0,1,"útil","útby"
564,"va","va-ca","ca",2,2,"roi-ca","roi",2,0,1,1,"vaca","roica"
625,"va","va-gi","gi",3,5,"frin-gi","frin",4,1,2,1,"vagina","fringina"
488,"li","li-o","o",4,24,"subwo-o","subwo",1,23,3,1,"valioso","vasubwooso"
311,"va","va-lor","lor",2,1,"va-nes","nes",1,0,0,1,"valor","vanes"
933,"first_blank","first_blank-vál","vál",3,2,"first_blank-scat","scat",2,0,1,1,"válvula","scatvula"
732,"va","va-zio","zio",2,2,"va-dei","dei",2,0,0,1,"vazio","vadei"
755,"ve","ve-ia","ia",1,1,"ve-ti","ti",1,0,0,1,"veia","veti"
349,"first_blank","first_blank-veí","veí",3,2,"first_blank-stah","stah",2,0,1,1,"veículo","stahculo"
155,"ve","ve-ja","ja",2,18,"ve-lhe","lhe",20,2,1,1,"veja","velhe"
265,"jo","jo-last_blank","last_blank",2,90,"dam-last_blank","dam",90,0,1,1,"vejo","vedam"
194,"ve","ve-lho","lho",2,6,"ve-ría","ría",7,1,0,1,"velho","vería"
758,"de","de-dor","dor",3,9,"de-pres","pres",10,1,1,1,"vendedor","vendepres"
357,"ven","ven-to","to",2,11,"car-to","car",11,0,0,1,"vento","carto"
358,"ve","ve-rão","rão",2,9,"ve-lhi","lhi",5,4,0,1,"verão","velhi"
302,"da","da-dei","dei",4,7,"da-liyah","liyah",1,6,2,1,"verdadeiro","verdaliyahro"
125,"ver","ver-de","de",2,6,"tói-de","tói",6,0,0,1,"verde","tóide"
857,"ri","ri-fi","fi",4,57,"ri-chard","chard",2,55,3,1,"verifica","verichardca"
939,"first_blank","first_blank-ver","ver",2,132,"first_blank-che","che",133,1,0,1,"verme","cheme"
324,"ver","ver-me","me",3,12,"aglo-me","aglo",5,7,1,1,"vermelho","aglomelho"
444,"vi","vi-dro","dro",2,1,"vi-ças","ças",1,0,0,1,"vidro","viças"
682,"gan","gan-ça","ça",3,1,"cres-ça","cres",1,0,1,1,"vingança","vincresça"
471,"vi","vi-nho","nho",2,8,"vi-dar","dar",7,1,0,1,"vinho","vidar"
305,"vi","vi-rar","rar",2,3,"vi-dem","dem",3,0,0,1,"virar","videm"
450,"rus","rus-last_blank","last_blank",2,31,"gie-last_blank","gie",31,0,0,1,"vírus","vígie"
863,"zar","zar-last_blank","last_blank",5,159,"kovsky-last_blank","kovsky",3,156,3,1,"visualizar","visualikovsky"
800,"ví","ví-ti","ti",3,3,"tlân-ti","tlân",3,0,2,1,"vítima","tlântima"
400,"ria","ria-last_blank","last_blank",3,918,"ções-last_blank","ções",442,476,1,1,"vitória","vitóções"
317,"first_blank","first_blank-viú","viú",2,4,"first_blank-sép","sép",4,0,0,1,"viúva","sépva"
460,"ver","ver-last_blank","last_blank",2,114,"ais-last_blank","ais",113,1,0,1,"viver","viais"
589,"vi","vi-vo","vo",2,5,"vi-dei","dei",5,0,1,1,"vivo","videi"
423,"vô","vô-last_blank","last_blank",1,3,"wk-last_blank","wk",3,0,0,1,"vô","wk"
254,"first_blank","first_blank-vol","vol",2,70,"first_blank-bur","bur",70,0,0,1,"volta","burta"
827,"rio","rio-last_blank","last_blank",4,336,"lhões-last_blank","lhões",22,314,2,1,"voluntário","voluntálhões"
898,"vo","vo-z","z",1,1,"zz-z","zz",1,0,0,1,"voz","zzz"
537,"ton.","ton.-last_blank","last_blank",2,1,"boud-last_blank","boud",1,0,0,1,"washington.","washingboud"
563,"first_blank","first_blank-xe","xe",3,14,"first_blank-amas","amas",14,0,2,1,"xerife","amasrife"
476,"first_blank","first_blank-xí","xí",3,2,"first_blank-pleu","pleu",2,0,2,1,"xícara","pleucara"
561,"to","to-last_blank","last_blank",4,1410,"to-mashevsky","mashevsky",1,1409,1,4,"xingamento","xingamentomashevsky"
509,"first_blank","first_blank-xin","xin",2,4,"first_blank-dex","dex",4,0,0,1,"xingar","dexgar"
535,"first_blank","first_blank-zum","zum",2,8,"first_blank-ere","ere",8,0,0,1,"zumbi","erebi"
