"word_id","first","original_pair","second","syll","original_freq","replacement_pair","replacement_syll","replacement_freq","freq_diff","char_diff","letter_diff","original_word","replacement_word"
159,"went","went-last_blank","last_blank",3,2,"nian-last_blank","nian",2,0,0,1,"absolwent","absolnian"
445,"dal","dal-ny","ny",4,2,"kwent-ny","kwent",2,0,2,1,"absurdalny","absurkwentny"
280,"cyj","cyj-ny","ny",6,34,"wdzięcz-ny","wdzięcz",2,32,4,1,"administracyjny","administrawdzięczny"
224,"na","na-last_blank","last_blank",5,2050,"na-tkniesz","tkniesz",1,2049,3,4,"adrenalina","adrenalinatkniesz"
471,"res","res-last_blank","last_blank",2,11,"zuj-last_blank","zuj",11,0,0,1,"adres","adzuj"
758,"first_blank","first_blank-agen","agen",2,17,"first_blank-spon","spon",17,0,0,1,"agencja","sponcja"
204,"cent","cent-last_blank","last_blank",2,6,"sing-last_blank","sing",6,0,0,1,"akcent","aksing"
33,"tor","tor-last_blank","last_blank",2,104,"czę-last_blank","czę",104,0,0,1,"aktor","akczę"
262,"ści","ści-last_blank","last_blank",5,390,"sworth-last_blank","sworth",5,385,3,1,"aktualności","aktualnosworth"
770,"wuj","wuj-last_blank","last_blank",3,5,"tley-last_blank","tley",5,0,1,1,"aktywuj","aktytley"
8,"ar","ar-m","m",1,2,"re-m","re",2,0,0,1,"alarm","alrem"
275,"first_blank","first_blank-ale","ale",2,22,"first_blank-col","col",22,0,0,1,"aleja","colja"
67,"fa","fa-last_blank","last_blank",2,37,"pię-last_blank","pię",37,0,1,1,"alfa","alpię"
413,"ali","ali-bi","bi",2,1,"zmo-bi","zmo",1,0,0,1,"alibi","zmobi"
3,"first_blank","first_blank-ame","ame",3,47,"first_blank-zdra","zdra",47,0,1,1,"ameryka","zdraryka"
720,"first_blank","first_blank-ana","ana",3,43,"first_blank-stwo","stwo",43,0,1,1,"analiza","stwoliza"
135,"first_blank","first_blank-apar","apar",3,7,"first_blank-zrzę","zrzę",7,0,0,1,"apartament","zrzętament"
609,"first_blank","first_blank-apro","apro",3,7,"first_blank-zgod","zgod",7,0,0,1,"aprobata","zgodbata"
240,"tekt","tekt-last_blank","last_blank",3,1,"msty-last_blank","msty",1,0,0,1,"architekt","archimsty"
269,"first_blank","first_blank-aresz","aresz",3,34,"first_blank-otrzy","otrzy",34,0,0,2,"aresztować","otrzytować"
351,"ar","ar-mia","mia",2,1,"ar-ter","ter",1,0,0,1,"armia","arter"
230,"first_blank","first_blank-aro","aro",3,14,"first_blank-szep","szep",14,0,1,1,"arogancja","szepgancja"
277,"le","le-ria","ria",4,4,"le-głych","głych",5,1,2,1,"artyleria","artyległych"
722,"first_blank","first_blank-asy","asy",2,18,"first_blank-lon","lon",18,0,0,1,"asystent","lonstent"
239,"at","at-ak","ak",1,1,"wi-ak","wi",1,0,0,1,"atak","wiak"
518,"first_blank","first_blank-atlan","atlan",3,13,"first_blank-zgwał","zgwał",13,0,0,1,"atlantycki","zgwałtycki"
772,"first_blank","first_blank-at","at",4,30,"first_blank-wspól","wspól",28,2,3,1,"atmosfera","wspólmosfera"
558,"bus","bus-last_blank","last_blank",3,6,"ciąg-last_blank","ciąg",6,0,1,1,"autobus","autociąg"
252,"tet","tet-last_blank","last_blank",4,7,"znasz-last_blank","znasz",7,0,2,1,"autorytet","autoryznasz"
149,"to","to-stra","stra",4,6,"to-riach","riach",2,4,1,1,"autostrada","autoriachda"
994,"first_blank","first_blank-awan","awan",3,20,"first_blank-stro","stro",20,0,0,1,"awangarda","strogarda"
161,"first_blank","first_blank-bab","bab",2,19,"first_blank-moż","moż",19,0,0,1,"babcia","możcia"
16,"dacz","dacz-last_blank","last_blank",2,4,"dlić-last_blank","dlić",4,0,0,1,"badacz","badlić"
34,"da","da-nie","nie",3,41,"da-jesz","jesz",10,31,1,1,"badanie","badajesz"
291,"ba","ba-r","r",1,1,"zi-r","zi",1,0,0,1,"bar","zir"
461,"dzo","dzo-last_blank","last_blank",2,5,"bet-last_blank","bet",5,0,0,1,"bardzo","barbet"
774,"se","se-ball","ball",3,1,"se-cond","cond",1,0,0,1,"baseball","basecond"
660,"lion","lion-last_blank","last_blank",3,7,"stal-last_blank","stal",7,0,0,1,"batalion","batastal"
246,"weł","weł-na","na",3,2,"zmia-na","zmia",2,0,1,1,"bawełna","bazmiana"
46,"czeń","czeń-stwo","stwo",4,4,"strzo-stwo","strzo",1,3,1,1,"bezpieczeństwo","bezpiestrzostwo"
47,"piecz","piecz-ne","ne",3,4,"słusz-ne","słusz",4,0,0,1,"bezpieczne","bezsłuszne"
48,"śred","śred-nio","nio",4,3,"wzmoc-nio","wzmoc",3,0,1,1,"bezpośrednio","bezpowzmocnio"
49,"sil","sil-ny","ny",3,3,"zycz-ny","zycz",3,0,1,1,"bezsilny","bezzyczny"
452,"war","war-to","to",5,23,"krzysz-to","krzysz",1,22,3,1,"bezwartościowy","bezkrzysztościowy"
865,"first_blank","first_blank-bić","bić",2,1,"first_blank-cwe","cwe",1,0,0,1,"bić się","cwe się"
82,"gia","gia-last_blank","last_blank",3,24,"wach-last_blank","wach",24,0,1,1,"biologia","biolowach"
83,"gicz","gicz-ny","ny",4,16,"spraw-ny","spraw",3,13,1,1,"biologiczny","biolosprawny"
897,"twa","twa-last_blank","last_blank",2,48,"łów-last_blank","łów",48,0,0,1,"bitwa","biłów"
635,"nes","nes-last_blank","last_blank",2,20,"ran-last_blank","ran",20,0,0,1,"biznes","bizran"
59,"ąd","ąd-last_blank","last_blank",1,9,"fi-last_blank","fi",9,0,0,1,"błąd","błfi"
515,"first_blank","first_blank-bli","bli",2,22,"first_blank-col","col",22,0,0,1,"blisko","colsko"
815,"zna","zna-last_blank","last_blank",2,30,"bem-last_blank","bem",30,0,0,1,"blizna","blibem"
828,"bo","bo-czek","czek",2,1,"bo-ogey","ogey",1,0,0,1,"boczek","boogey"
733,"gac","gac-two","two",3,1,"bren-two","bren",1,0,1,1,"bogactwo","bobrentwo"
740,"ga","ga-ty","ty",3,5,"spek-ty","spek",5,0,2,1,"bogaty","bospekty"
98,"first_blank","first_blank-bó","bó",1,16,"first_blank-ev","ev",16,0,0,1,"ból","evl"
63,"bo","bo-ska","ska",2,1,"bo-tom","tom",1,0,0,1,"boska","botom"
871,"bo","bo-ston","ston",2,1,"bo-ista","ista",1,0,0,1,"boston","boista"
299,"bra","bra-cie","cie",2,1,"zen-cie","zen",1,0,0,1,"bracie","zencie"
473,"br","br-ak","ak",1,1,"wi-ak","wi",1,0,0,1,"brak","wiak"
594,"bra","bra-ma","ma",2,2,"zio-ma","zio",2,0,0,1,"brama","zioma"
732,"first_blank","first_blank-br","br",1,68,"first_blank-ło","ło",68,0,0,1,"brat","łoat"
894,"first_blank","first_blank-bro","bro",2,71,"first_blank-zła","zła",71,0,0,1,"broda","złada"
541,"first_blank","first_blank-br","br",1,68,"first_blank-ło","ło",68,0,0,1,"broń","łooń"
89,"first_blank","first_blank-bro","bro",2,71,"first_blank-zła","zła",71,0,0,1,"bronić","złanić"
528,"brud","brud-ny","ny",2,2,"rząd-ny","rząd",2,0,0,1,"brudny","rządny"
676,"brzusz","brzusz-ny","ny",2,1,"wzrocz-ny","wzrocz",1,0,0,2,"brzuszny","wzroczny"
130,"first_blank","first_blank-brzyd","brzyd",2,12,"first_blank-zbrod","zbrod",12,0,0,1,"brzydki","zbrodki"
887,"nek","nek-last_blank","last_blank",3,97,"dził-last_blank","dził",98,1,1,1,"budynek","budydził"
40,"dże","dże-to","to",4,2,"rynsz-to","rynsz",2,0,2,1,"budżetowy","burynsztowy"
802,"first_blank","first_blank-bur","bur",2,42,"first_blank-gre","gre",42,0,0,1,"burmistrz","gremistrz"
880,"bu","bu-rza","rza",2,2,"bu-len","len",2,0,0,1,"burza","bulen"
854,"bu","bu-t","t",1,1,"gh-t","gh",1,0,0,1,"but","ght"
803,"tel","tel-ka","ka",3,3,"nost-ka","nost",3,0,1,1,"butelka","bunostka"
1,"first_blank","first_blank-cał","cał",4,9,"first_blank-wszel","wszel",9,0,2,1,"całkowicie","wszelkowicie"
117,"ce","ce-bu","bu",3,6,"spró-bu","spró",6,0,2,1,"cebula","spróbula"
650,"lo","lo-wo","wo",3,4,"spra-wo","spra",4,0,2,1,"celowo","cesprawo"
869,"na £","na £-last_blank","last_blank",2,1,"lanż-last_blank","lanż",1,0,0,1,"cena £","celanż"
392,"metr","metr-last_blank","last_blank",3,6,"sing-last_blank","sing",6,0,0,1,"centymetr","centysing"
708,"mo","mo-nia","nia",4,6,"mo-czysz","czysz",1,5,2,1,"ceremonia","ceremoczysz"
79,"sarz","sarz-last_blank","last_blank",2,6,"ball-last_blank","ball",6,0,0,1,"cesarz","ceball"
480,"gia","gia-last_blank","last_blank",3,24,"łych-last_blank","łych",24,0,1,1,"chirurgia","chirurłych"
166,"piec","piec-last_blank","last_blank",2,11,"chac-last_blank","chac",11,0,0,1,"chłopiec","chłochac"
646,"od","od-ź","ź",1,1,"ni-ź","ni",1,0,0,1,"chodź","chniź"
214,"cho","cho-ro","ro",3,29,"prze-ro","prze",18,11,1,1,"choroba","przeroba"
88,"cho","cho-ry","ry",2,3,"rie-ry","rie",2,1,0,1,"chory","riery"
276,"first_blank","first_blank-chrze","chrze",4,19,"first_blank-uwiel","uwiel",19,0,0,1,"chrześcijanin","uwielścijanin"
550,"tecz","tecz-ka","ka",4,5,"dziad-ka","dziad",3,2,1,1,"chusteczka","chusdziadka"
906,"first_blank","first_blank-chwa","chwa",2,19,"first_blank-zjed","zjed",19,0,0,2,"chwała","zjedła"
365,"ci","ci-ąć","ąć",1,1,"ci-ly","ly",1,0,0,1,"ciąć","cily"
421,"first_blank","first_blank-cią","cią",2,46,"first_blank-tru","tru",46,0,0,1,"ciągnąć","trugnąć"
126,"sto","sto-last_blank","last_blank",2,20,"nes-last_blank","nes",20,0,0,1,"ciasto","cianes"
434,"first_blank","first_blank-cią","cią",2,46,"first_blank-rów","rów",46,0,0,1,"ciąża","rówża"
171,"first_blank","first_blank-cie","cie",3,108,"first_blank-stra","stra",108,0,1,1,"ciekawe","strakawe"
94,"ciem","ciem-ny","ny",2,2,"nial-ny","nial",2,0,0,1,"ciemny","nialny"
100,"first_blank","first_blank-cięż","cięż",2,15,"first_blank-czyn","czyn",15,0,0,1,"ciężko","czynko"
661,"śnie","śnie-nie","nie",3,6,"myśl-nie","myśl",6,0,0,1,"ciśnienie","cimyślnie"
92,"ci","ci-sza","sza",2,1,"ci-cem","cem",1,0,0,1,"cisza","cicem"
212,"first_blank","first_blank-cmen","cmen",2,8,"first_blank-umoż","umoż",8,0,0,1,"cmentarz","umożtarz"
443,"co","co-ś","ś",1,1,"ru-ś","ru",1,0,0,1,"coś","ruś"
105,"first_blank","first_blank-ćwi","ćwi",3,23,"first_blank-głup","głup",23,0,1,1,"ćwiczenie","głupczenie"
522,"ga","ga-ro","ro",3,6,"aste-ro","aste",6,0,2,1,"cygaro","cyastero"
427,"cy","cy-nicz","nicz",3,4,"cy-dzie","dzie",3,1,0,1,"cyniczny","cydzieny"
494,"rk","rk-last_blank","last_blank",1,18,"xa-last_blank","xa",18,0,0,1,"cyrk","cyxa"
340,"za","za-cja","cja",5,16,"za-zdrosz","zdrosz",2,14,3,1,"cywilizacja","cywilizazdrosz"
499,"first_blank","first_blank-czap","czap",2,6,"first_blank-brac","brac",6,0,0,1,"czapka","bracka"
51,"czar","czar-ny","ny",2,2,"twor-ny","twor",2,0,0,1,"czarny","tworny"
368,"dziej","dziej-last_blank","last_blank",3,8,"szesz-last_blank","szesz",8,0,0,1,"czarodziej","czaroszesz"
632,"row","row-ni","ni",4,24,"dzien-ni","dzien",22,2,2,1,"czarownica","czadziennica"
352,"smo","smo-last_blank","last_blank",4,4,"twiać-last_blank","twiać",4,0,2,1,"czasopismo","czasopitwiać"
378,"cząst","cząst-ka","ka",2,2,"wiast-ka","wiast",2,0,0,1,"cząstka","wiastka"
318,"czasz","czasz-ka","ka",2,1,"siacz-ka","siacz",1,0,0,1,"czaszka","siaczka"
104,"cze","cze-ko","ko",4,22,"dźwię-ko","dźwię",6,16,2,1,"czekolada","dźwiękolada"
109,"sto","sto-last_blank","last_blank",2,20,"gię-last_blank","gię",20,0,0,1,"często","częgię"
116,"first_blank","first_blank-czło","czło",2,13,"first_blank-szer","szer",13,0,0,1,"człowiek","szerwiek"
157,"first_blank","first_blank-czte","czte",2,10,"first_blank-wcie","wcie",10,0,0,1,"cztery","wciery"
834,"first_blank","first_blank-czwar","czwar",2,8,"first_blank-czysz","czysz",8,0,0,1,"czwarty","czyszty"
7,"first_blank","first_blank-czyn","czyn",2,15,"first_blank-uczu","uczu",15,0,0,1,"czynność","uczuność"
60,"le","le-ko","ko",3,5,"jabł-ko","jabł",5,0,2,1,"daleko","dajabłko"
361,"da","da-ma","ma",2,4,"tho-ma","tho",4,0,1,1,"dama","thoma"
132,"wi","wi-zna","zna",4,1,"wi-niesz","niesz",1,0,2,1,"darowizna","darowiniesz"
488,"da","da-wać","wać",2,9,"da-rza","rza",7,2,0,1,"dawać","darza"
568,"ni","ni-cja","cja",4,2,"ni-skiej","skiej",1,1,2,1,"definicja","definiskiej"
789,"ka","ka-da","da",3,5,"ka-wicz","wicz",5,0,2,1,"dekada","dekawicz"
389,"kat","kat-ny","ny",4,2,"ulicz-ny","ulicz",2,0,2,1,"delikatny","deliuliczny"
898,"kra","kra-cja","cja",4,3,"kra-dziez","dziez",1,2,2,1,"demokracja","demokradziez"
625,"stra","stra-cja","cja",4,4,"stra-szysz","szysz",3,1,2,1,"demonstracja","demonstraszysz"
785,"sja","sja-last_blank","last_blank",3,26,"łach-last_blank","łach",26,0,1,1,"depresja","deprełach"
4,"tyw","tyw-last_blank","last_blank",3,11,"sley-last_blank","sley",11,0,1,1,"detektyw","deteksley"
486,"na","na-cja","cja",5,16,"na-wrzesz","wrzesz",1,15,3,1,"determinacja","determinawrzesz"
81,"orien","orien-ta","ta",4,6,"warsz-ta","warsz",6,0,0,1,"dezorientacja","dezwarsztacja"
19,"beł","beł-last_blank","last_blank",2,2,"nol-last_blank","nol",2,0,0,1,"diabeł","dianol"
797,"first_blank","first_blank-di","di",1,91,"first_blank-mó","mó",91,0,0,1,"ding.","móng."
333,"dłu","dłu-gi","gi",2,2,"ści-gi","ści",2,0,0,1,"długi","ścigi"
524,"pis","pis-last_blank","last_blank",3,11,"rzam-last_blank","rzam",11,0,1,1,"długopis","długorzam"
699,"first_blank","first_blank-dłu","dłu",2,31,"first_blank-sil","sil",31,0,0,1,"długość","silgość"
899,"wol","wol-nie","nie",4,6,"stycz-nie","stycz",7,1,2,1,"dobrowolnie","dobrostycznie"
563,"ce","ce-niać","niać",3,1,"ce-land","land",1,0,0,1,"doceniać","doceland"
999,"chód","chód-last_blank","last_blank",2,6,"cisk-last_blank","cisk",6,0,0,1,"dochód","docisk"
134,"do","do-dat","dat",4,16,"do-strze","strze",19,3,2,1,"dodatkowy","dostrzekowy"
548,"ku","ku-ment","ment",3,1,"ku-rier","rier",1,0,0,1,"dokument","dokurier"
192,"do","do-lar","lar",2,1,"do-był","był",1,0,0,1,"dolar","dobył"
664,"do","do-li","li",3,16,"wraż-li","wraż",16,0,2,1,"dolina","wrażlina"
431,"dol","dol-ny","ny",2,1,"raj-ny","raj",1,0,0,1,"dolny","rajny"
143,"wód","wód-last_blank","last_blank",2,7,"twę-last_blank","twę",7,0,0,1,"dowód","dotwę"
489,"pież","pież-nik","nik",3,1,"traw-nik","traw",1,0,0,1,"drapieżnik","dratrawnik"
255,"dr","dr-ut","ut",1,1,"dr-wa","wa",1,0,0,1,"drut","drwa"
336,"first_blank","first_blank-drze","drze",2,9,"first_blank-wred","wred",9,0,0,1,"drzewo","wredwo"
495,"zw","zw-i","i",1,1,"iy-i","iy",1,0,0,1,"drzwi","driyi"
155,"du","du-ch","ch",1,1,"du-rs","rs",1,0,0,1,"duch","durs"
620,"mit","mit-last_blank","last_blank",3,6,"złam-last_blank","złam",6,0,1,1,"dynamit","dynazłam"
621,"tor","tor-last_blank","last_blank",3,104,"ścią-last_blank","ścią",110,6,1,1,"dyrektor","dyrekścią"
701,"sja","sja-last_blank","last_blank",3,26,"łach-last_blank","łach",26,0,1,1,"dyskusja","dyskułach"
535,"dy","dy-wan","wan",2,2,"dy-ków","ków",2,0,0,1,"dywan","dyków"
201,"łać","łać-last_blank","last_blank",2,19,"sey-last_blank","sey",19,0,0,1,"działać","dziasey"
401,"stwo","stwo-last_blank","last_blank",3,103,"dził-last_blank","dził",98,5,0,1,"dzieciństwo","dziecińdził"
162,"first_blank","first_blank-dziec","dziec",2,5,"first_blank-ściem","ściem",5,0,0,1,"dziecko","ściemko"
163,"dzi","dzi-czyć","czyć",3,1,"dzi-wisz","wisz",1,0,0,1,"dziedziczyć","dziedziwisz"
875,"first_blank","first_blank-dzię","dzię",3,13,"first_blank-odłą","odłą",13,0,0,1,"dziękować","odłąkować"
226,"dziel","dziel-ni","ni",3,8,"wspól-ni","wspól",8,0,0,1,"dzielnica","wspólnica"
686,"ni","ni-karz","karz",3,1,"ni-skim","skim",1,0,0,1,"dziennikarz","dzienniskim"
86,"first_blank","first_blank-dziew","dziew",3,39,"first_blank-utrzy","utrzy",39,0,0,2,"dziewczyny","utrzyczyny"
462,"dziw","dziw-ne","ne",2,3,"śnio-ne","śnio",3,0,0,1,"dziwne","śnione"
782,"dziw","dziw-ny","ny",2,3,"rzęd-ny","rzęd",3,0,0,1,"dziwny","rzędny"
221,"wi","wi-ęk","ęk",1,3,"wi-sz","sz",3,0,0,1,"dźwięk","dźwisz"
968,"first_blank","first_blank-edu","edu",3,7,"first_blank-głęb","głęb",7,0,1,1,"edukacja","głębkacja"
900,"first_blank","first_blank-ef","ef",1,5,"first_blank-uw","uw",5,0,0,1,"efekt","uwekt"
862,"first_blank","first_blank-efek","efek",3,17,"first_blank-rocz","rocz",17,0,0,1,"efektywny","rocztywny"
530,"plo","plo-do","do",4,5,"gwiaz-do","gwiaz",4,1,2,1,"eksplodować","eksgwiazdować"
835,"plo","plo-zja","zja",3,1,"amne-zja","amne",1,0,1,1,"eksplozja","eksamnezja"
407,"ganc","ganc-ki","ki",3,3,"skot-ki","skot",3,0,0,1,"elegancki","eleskotki"
474,"first_blank","first_blank-elek","elek",3,53,"first_blank-zmar","zmar",53,0,0,1,"elektryczność","zmartryczność"
369,"first_blank","first_blank-elek","elek",3,53,"first_blank-zmar","zmar",53,0,0,1,"elektryczny","zmartryczny"
119,"first_blank","first_blank-ele","ele",2,29,"first_blank-peł","peł",29,0,0,1,"element","pełment"
656,"first_blank","first_blank-emo","emo",4,20,"first_blank-twier","twier",20,0,2,1,"emocjonalny","twiercjonalny"
403,"first_blank","first_blank-ener","ener",2,20,"first_blank-upew","upew",20,0,0,1,"energia","upewgia"
542,"first_blank","first_blank-epi","epi",3,18,"first_blank-skle","skle",18,0,1,1,"epidemia","skledemia"
726,"zod","zod-last_blank","last_blank",2,1,"kąp-last_blank","kąp",1,0,0,1,"epizod","epikąp"
506,"first_blank","first_blank-erek","erek",2,5,"first_blank-skre","skre",5,0,0,1,"erekcja","skrecja"
96,"faj","faj-ny","ny",2,2,"tul-ny","tul",2,0,0,1,"fajny","tulny"
559,"ks","ks-last_blank","last_blank",1,19,"et-last_blank","et",19,0,0,1,"faks","faet"
561,"first_blank","first_blank-fał","fał",3,25,"first_blank-pięk","pięk",25,0,1,1,"fałszywe","piększywe"
905,"ta","ta-stycz","stycz",4,10,"ta-klizm","klizm",1,9,0,1,"fantastyczny","fantaklizmny"
711,"first_blank","first_blank-fan","fan",3,42,"first_blank-świę","świę",42,0,1,1,"fantazja","świętazja"
753,"tal","tal-ny","ny",3,13,"nicz-ny","nicz",15,2,1,1,"fatalny","faniczny"
300,"ra","ra-cja","cja",4,20,"ra-dziec","dziec",7,13,2,1,"federacja","federadziec"
272,"wal","wal-last_blank","last_blank",3,20,"stej-last_blank","stej",20,0,1,1,"festiwal","festistej"
593,"lm","lm-last_blank","last_blank",1,6,"og-last_blank","og",6,0,0,1,"film","fiog"
73,"nan","nan-so","so",5,21,"espres-so","espres",1,20,3,1,"finansowanie","fiespressowanie"
723,"zycz","zycz-ny","ny",3,3,"dzin-ny","dzin",3,0,0,1,"fizyczny","fidzinny"
408,"flo","flo-ta","ta",2,1,"hek-ta","hek",1,0,0,1,"flota","hekta"
32,"graf","graf-last_blank","last_blank",3,7,"nosc-last_blank","nosc",7,0,0,1,"fotograf","fotonosc"
250,"first_blank","first_blank-fran","fran",3,64,"first_blank-ucie","ucie",65,1,0,1,"francuski","uciecuski"
500,"first_blank","first_blank-funk","funk",4,24,"first_blank-wspie","wspie",23,1,1,1,"funkcjonalny","wspiecjonalny"
58,"bi","bi-net","net",3,1,"bi-shop","shop",1,0,1,1,"gabinet","gabishop"
912,"lak","lak-ty","ty",4,6,"mknię-ty","mknię",2,4,2,1,"galaktyka","gamkniętyka"
868,"raż","raż-last_blank","last_blank",2,2,"zly-last_blank","zly",2,0,0,1,"garaż","gazly"
25,"ze","ze-ta","ta",3,3,"ze-chce","chce",3,0,2,1,"gazeta","gazechce"
197,"eś","eś-last_blank","last_blank",1,6,"af-last_blank","af",6,0,0,1,"gdzieś","gdziaf"
190,"gi","gi-ta","ta",3,10,"szan-ta","szan",10,0,2,1,"gitara","szantara"
985,"first_blank","first_blank-głod","głod",2,7,"first_blank-ogłu","ogłu",7,0,0,1,"głodny","ogłuny"
883,"first_blank","first_blank-gło","gło",3,87,"first_blank-pier","pier",88,1,1,1,"głosować","piersować"
743,"głu","głu-chy","chy",2,1,"cie-chy","cie",1,0,0,1,"głuchy","ciechy"
428,"first_blank","first_blank-głu","głu",2,38,"first_blank-pół","pół",38,0,0,1,"głupi","półpi"
800,"first_blank","first_blank-głu","głu",3,38,"first_blank-tech","tech",38,0,1,1,"głupota","techpota"
153,"first_blank","first_blank-god","god",2,16,"first_blank-del","del",16,0,0,1,"godność","delność"
953,"first_blank","first_blank-god","god",2,16,"first_blank-fry","fry",16,0,0,1,"godny","fryny"
930,"first_blank","first_blank-gó","gó",2,12,"first_blank-sys","sys",12,0,1,1,"góra","sysra"
274,"rącz","rącz-ka","ka",3,4,"spłu-ka","spłu",4,0,0,1,"gorączka","gospłuka"
466,"gór","gór-ny","ny",2,1,"sem-ny","sem",1,0,0,1,"górny","semny"
372,"ryl","ryl-last_blank","last_blank",2,7,"bii-last_blank","bii",7,0,0,1,"goryl","gobii"
429,"darz","darz-last_blank","last_blank",3,3,"vens-last_blank","vens",3,0,0,1,"gospodarz","gospovens"
42,"gr","gr-a","a",1,1,"xh-a","xh",1,0,0,1,"gra","xha"
830,"first_blank","first_blank-gr","gr",1,66,"first_blank-am","am",66,0,0,1,"gracz","amacz"
283,"gr","gr-am","am",1,1,"gr-if","if",1,0,0,1,"gram","grif"
713,"grec","grec-ki","ki",2,1,"prze-ki","prze",1,0,0,1,"grecki","przeki"
90,"gru","gru-by","by",2,2,"mał-by","mał",2,0,0,1,"gruby","małby"
358,"gru","gru-dzień","dzień",2,1,"cho-dzień","cho",1,0,0,1,"grudzień","chodzień"
38,"first_blank","first_blank-gru","gru",2,56,"first_blank-rze","rze",56,0,0,1,"grupa","rzepa"
62,"zm","zm-ot","ot",1,1,"bo-ot","bo",1,0,0,1,"grzmot","grboot"
741,"first_blank","first_blank-gwiaz","gwiaz",2,14,"first_blank-wiecz","wiecz",14,0,0,1,"gwiazda","wieczda"
286,"first_blank","first_blank-gwiz","gwiz",2,3,"first_blank-clin","clin",3,0,0,1,"gwizdać","clindać"
232,"na","na-cja","cja",5,16,"na-zwiesz","zwiesz",1,15,3,1,"halucynacja","halucynazwiesz"
263,"first_blank","first_blank-ham","ham",3,21,"first_blank-osza","osza",21,0,1,1,"hamburger","oszaburger"
36,"first_blank","first_blank-har","har",3,66,"first_blank-trzy","trzy",65,1,1,1,"harmonia","trzymonia"
258,"no","no-gram","gram",4,1,"no-thing","thing",1,0,1,1,"harmonogram","harmonothing"
296,"sło","sło-last_blank","last_blank",2,20,"nin-last_blank","nin",20,0,0,1,"hasło","hanin"
297,"ro","ro-ina","ina",3,1,"ro-sach","sach",1,0,1,1,"heroina","herosach"
5,"first_blank","first_blank-hi","hi",1,127,"first_blank-ak","ak",127,0,0,1,"hiv","akv"
909,"first_blank","first_blank-hoj","hoj",2,9,"first_blank-fik","fik",9,0,0,1,"hojny","fikny"
837,"mar","mar-last_blank","last_blank",2,10,"ing-last_blank","ing",10,0,0,1,"homar","hoing"
653,"nor","nor-last_blank","last_blank",2,9,"dre-last_blank","dre",9,0,0,1,"honor","hodre"
41,"first_blank","first_blank-hra","hra",3,10,"first_blank-john","john",10,0,1,1,"hrabina","johnbina"
228,"first_blank","first_blank-ide","ide",3,24,"first_blank-funk","funk",24,0,1,1,"idealny","funkalny"
513,"first_blank","first_blank-idio","idio",2,19,"first_blank-chwa","chwa",19,0,0,2,"idiota","chwata"
793,"first_blank","first_blank-il","il",1,11,"first_blank-ub","ub",11,0,0,1,"ilość","ubość"
158,"pe","pe-rium","rium",3,1,"pe-tach","tach",1,0,0,1,"imperium","impetach"
556,"no","no-wać","wać",4,46,"no-księż","księż",4,42,2,1,"imponować","imponoksięż"
647,"pre","pre-za","za",3,2,"zwia-za","zwia",2,0,1,1,"impreza","imzwiaza"
342,"dyk","dyk-last_blank","last_blank",2,2,"sos-last_blank","sos",2,0,0,1,"indyk","insos"
510,"al","al-ny","ny",6,16,"wdzięcz-ny","wdzięcz",2,14,5,1,"indywidualny","indywiduwdzięczny"
890,"fek","fek-cja","cja",3,2,"stan-cja","stan",2,0,1,1,"infekcja","instancja"
123,"ma","ma-cja","cja",4,8,"ma-thers","thers",1,7,2,1,"informacja","informathers"
992,"ma","ma-tor","tor",4,3,"ma-czysz","czysz",2,1,2,1,"informator","informaczysz"
560,"óżny","óżny-last_blank","last_blank",4,1,"śniam-last_blank","śniam",1,0,1,1,"inny; różny","inny; rśniam"
236,"spi","spi-ra","ra",4,15,"przed-ra","przed",3,12,2,1,"inspiracja","inprzedracja"
435,"stru","stru-ment","ment",3,1,"frag-ment","frag",1,0,0,1,"instrument","infragment"
366,"gent","gent-ny","ny",5,2,"strasz-ny","strasz",2,0,2,1,"inteligentny","intelistraszny"
237,"icja","icja-last_blank","last_blank",3,1,"sard-last_blank","sard",1,0,0,1,"intuicja","intusard"
511,"tym","tym-ny","ny",3,1,"anal-ny","anal",1,0,1,1,"intymny","inanalny"
39,"stor","stor-last_blank","last_blank",3,4,"myśl-last_blank","myśl",4,0,0,1,"inwestor","inwemyśl"
186,"sto","sto-wać","wać",4,16,"ogrze-wać","ogrze",1,15,2,1,"inwestować","inweogrzewać"
241,"nicz","nicz-ny","ny",3,15,"czal-ny","czal",9,6,0,1,"ironiczny","iroczalny"
873,"first_blank","first_blank-iś","iś",1,3,"first_blank-cm","cm",3,0,0,1,"iść","cmć"
29,"dro","dro-wy","wy",3,1,"chli-wy","chli",1,0,1,1,"jądrowy","jąchliwy"
205,"first_blank","first_blank-jaj","jaj",2,10,"first_blank-gon","gon",10,0,0,1,"jajko","gonko"
231,"kość","kość-last_blank","last_blank",2,10,"kłem-last_blank","kłem",10,0,0,1,"jakość","jakłem"
581,"ja","ja-sny","sny",2,3,"ja-wił","wił",3,0,0,1,"jasny","jawił"
931,"first_blank","first_blank-jasz","jasz",3,6,"first_blank-okla","okla",6,0,0,1,"jaszczurka","oklaczurka"
626,"first_blank","first_blank-jaz","jaz",2,9,"first_blank-cwa","cwa",9,0,0,1,"jazda","cwada"
577,"na","na- czwa"," czwa",4,1,"na-zwisk","zwisk",1,0,0,1,"jedna czwarta","jednazwiskrta"
271,"ść","ść-last_blank","last_blank",1,33,"be-last_blank","be",33,0,0,1,"jeść","jebe"
889,"sień","sień-last_blank","last_blank",2,6,"tnie-last_blank","tnie",6,0,0,1,"jesień","jetnie"
712,"je","je-zio","zio",3,5,"je-chac","chac",5,0,1,1,"jezioro","jechacro"
697,"lia","lia-last_blank","last_blank",2,34,"gan-last_blank","gan",34,0,0,1,"julia","jugan"
725,"nior","nior-last_blank","last_blank",2,2,"dish-last_blank","dish",2,0,0,1,"junior","judish"
200,"kacz","kacz-ka","ka",2,1,"nant-ka","nant",1,0,0,1,"kaczka","nantka"
202,"mień","mień-last_blank","last_blank",2,8,"kłeś-last_blank","kłeś",8,0,0,1,"kamień","kakłeś"
273,"lusz","lusz-last_blank","last_blank",3,1,"ufać-last_blank","ufać",1,0,0,1,"kapelusz","kapeufać"
17,"ta","ta-lizm","lizm",4,1,"ta-śmach","śmach",1,0,1,1,"kapitalizm","kapitaśmach"
144,"pi","pi-tan","tan",3,1,"pi-ciem","ciem",1,0,1,1,"kapitan","kapiciem"
402,"płan","płan-last_blank","last_blank",2,1,"dang-last_blank","dang",1,0,0,1,"kapłan","kadang"
319,"ka","ka-pli","pli",3,3,"ka-zach","zach",3,0,1,1,"kaplica","kazachca"
57,"nał","nał-last_blank","last_blank",3,21,"czyc-last_blank","czyc",21,0,1,1,"kardynał","kardyczyc"
367,"kar","kar-tel","tel",2,1,"kar-nię","nię",1,0,0,1,"kartel","karnię"
183,"ka","ka-wa","wa",2,32,"sto-wa","sto",33,1,1,1,"kawa","stowa"
634,"za","za-nie","nie",3,50,"za-trzy","trzy",51,1,1,1,"kazanie","kazatrzy"
521,"first_blank","first_blank-kc","kc",1,2,"first_blank-sg","sg",2,0,0,1,"kciuk","sgiuk"
279,"first_blank","first_blank-kel","kel",3,23,"first_blank-chwy","chwy",23,0,1,1,"kelnerka","chwynerka"
536,"first_blank","first_blank-kem","kem",2,6,"first_blank-złą","złą",6,0,0,1,"kemping","złąping"
527,"row","row-ca","ca",3,4,"stęp-ca","stęp",4,0,1,1,"kierowca","kiestępca"
287,"first_blank","first_blank-kłam","kłam",2,23,"first_blank-skom","skom",23,0,0,1,"kłamca","skomca"
842,"sycz","sycz-ny","ny",3,2,"twor-ny","twor",2,0,0,1,"klasyczny","klatworny"
729,"first_blank","first_blank-klasz","klasz",2,4,"first_blank-prosz","prosz",4,0,0,1,"klasztor","prosztor"
129,"not","not-last_blank","last_blank",2,4,"rez-last_blank","rez",4,0,0,1,"klejnot","klejrez"
517,"kl","kl-ie","ie",1,1,"kl-nę","nę",1,0,0,1,"klient","klnęnt"
808,"first_blank","first_blank-kli","kli",3,37,"first_blank-opła","opła",37,0,1,1,"klinika","opłanika"
874,"bie","bie-ta","ta",3,3,"gran-ta","gran",3,0,1,1,"kobieta","kogranta"
295,"cha","cha-nek","nek",3,1,"dzio-nek","dzio",1,0,1,1,"kochanek","kodzionek"
671,"la","la-no","no",3,11,"przy-no","przy",14,3,2,1,"kolano","koprzyno"
145,"dia","dia-last_blank","last_blank",3,27,"żysz-last_blank","żysz",27,0,1,1,"komedia","komeżysz"
235,"sarz","sarz-last_blank","last_blank",3,6,"cisk-last_blank","cisk",6,0,0,1,"komisarz","komicisk"
944,"sja","sja-last_blank","last_blank",3,26,"łach-last_blank","łach",26,0,1,1,"komisja","komiłach"
74,"plet","plet-ny","ny",3,2,"zgod-ny","zgod",2,0,0,1,"kompletny","komzgodny"
504,"pu","pu-ter","ter",3,3,"pu-scic","scic",3,0,1,1,"komputer","kompuscic"
439,"cja","cja-last_blank","last_blank",5,258,"dziesz-last_blank","dziesz",38,220,3,1,"komunikacja","komunikadziesz"
674,"stycz","stycz-ny","ny",5,21,"świetl-ny","świetl",2,19,1,1,"komunistyczny","komuniświetlny"
509,"ko","ko-ń","ń",1,1,"za-ń","za",1,0,0,1,"koń","zań"
78," się"," się-last_blank","last_blank",5,1,"szczyt-last_blank","szczyt",1,0,2,1,"koncentrować się","koncentrowaćszczyt"
918,"cert","cert-last_blank","last_blank",2,1,"drei-last_blank","drei",1,0,0,1,"koncert","kondrei"
705,"niak","niak-last_blank","last_blank",2,22,"rzać-last_blank","rzać",22,0,0,1,"koniak","korzać"
308,"ko","ko-niec","niec",2,1,"ko-szet","szet",1,0,0,1,"koniec","koszet"
855,"wa","wa-cja","cja",4,5,"wa-szyng","szyng",5,0,2,1,"konserwacja","konserwaszyng"
616,"tu","tu-cja","cja",4,3,"tu-arium","arium",1,2,2,1,"konstytucja","konstytuarium"
35,"tro","tro-la","la",3,1,"śmie-la","śmie",1,0,1,1,"kontrola","konśmiela"
314,"ty","ty-nuj","nuj",4,1,"ty-sięcz","sięcz",1,0,2,1,"kontyntynuj","kontyntysięcz"
508,"piuj","piuj-last_blank","last_blank",2,1,"kies-last_blank","kies",1,0,0,1,"kopiuj","kokies"
764,"first_blank","first_blank-kor","kor",4,32,"first_blank-dzien","dzien",32,0,2,1,"korporacja","dzienporacja"
534,"ko","ko-t","t",1,2,"un-t","un",2,0,0,1,"kot","unt"
695,"boj","boj-last_blank","last_blank",2,1,"tay-last_blank","tay",1,0,0,1,"kowboj","kowtay"
602,"atu","atu-ra","ra",3,1,"ichi-ra","ichi",1,0,1,1,"kreatura","kreichira"
927,"atyw","atyw-ność","ność",3,1,"pięk-ność","pięk",1,0,0,1,"kreatywność","krepiękność"
332,"ól","ól-last_blank","last_blank",1,3,"śi-last_blank","śi",3,0,0,1,"król","krśi"
331,"le","le-stwo","stwo",3,1,"le-wych","wych",1,0,0,1,"królestwo","królewych"
357,"lik","lik-last_blank","last_blank",2,10,"kły-last_blank","kły",10,0,0,1,"królik","krókły"
181,"krop","krop-ka","ka",2,1,"dzon-ka","dzon",1,0,0,1,"kropka","dzonka"
840,"pon","pon-last_blank","last_blank",2,3,"oko-last_blank","oko",3,0,0,1,"krupon","kruoko"
982,"kry","kry-mi","mi",5,30,"ucznia-mi","ucznia",1,29,3,1,"kryminalista","uczniaminalista"
799,"zys","zys-last_blank","last_blank",2,1,"itą-last_blank","itą",1,0,0,1,"kryzys","kryitą"
779,"sło","sło-last_blank","last_blank",2,20,"gię-last_blank","gię",20,0,0,1,"krzesło","krzegię"
337,"first_blank","first_blank-ksią","ksią",2,10,"first_blank-klam","klam",10,0,0,1,"książę","klamżę"
52,"książ","książ-ka","ka",2,2,"dziej-ka","dziej",2,0,0,2,"książka","dziejka"
531,"chen","chen-ka","ka",3,1,"szyj-ka","szyj",1,0,0,1,"kuchenka","kuszyjka"
683,"piec","piec-last_blank","last_blank",2,11,"ther-last_blank","ther",11,0,0,1,"kupiec","kuther"
768,"ku","ku-pu","pu",4,13,"szcze-pu","szcze",2,11,3,1,"kupujący","szczepujący"
321,"first_blank","first_blank-kurt","kurt",2,6,"first_blank-brat","brat",6,0,0,1,"kurtka","bratka"
929,"zyn","zyn-last_blank","last_blank",2,3,"imi-last_blank","imi",3,0,0,1,"kuzyn","kuimi"
43,"wna","wna-last_blank","last_blank",5,1,"chciej-last_blank","chciej",1,0,3,1,"kwatera główna","kwatera głóchciej"
940,"ia","ia-t","t",1,4,"es-t","es",4,0,0,1,"kwiat","kwest"
942,"du","du-nek","nek",3,4,"du-chow","chow",5,1,1,1,"ładunek","ładuchow"
168,"la","la-s","s",1,2,"au-s","au",2,0,0,1,"las","aus"
628,"ła","ła-ska","ska",2,9,"ła-nie","nie",9,0,0,1,"łaska","łanie"
213,"la","la-tać","tać",2,2,"la-ren","ren",2,0,0,1,"latać","laren"
449,"two","two-last_blank","last_blank",2,40,"smy-last_blank","smy",40,0,0,1,"łatwo","łasmy"
257,"zien","zien-ka","ka",3,1,"afry-ka","afry",1,0,0,1,"łazienka","łaafryka"
823,"le","le-cze","cze",3,10,"le-jesz","jesz",6,4,1,1,"leczenie","lejesznie"
399,"gen","gen-da","da",3,2,"char-da","char",2,0,1,1,"legenda","lecharda"
11,"le","le-k","k",1,1,"ow-k","ow",1,0,0,1,"lek","owk"
84,"karz","karz-last_blank","last_blank",2,15,"jach-last_blank","jach",15,0,0,1,"lekarz","lejach"
93,"lek","lek-ki","ki",2,1,"pia-ki","pia",1,0,0,1,"lekki","piaki"
754,"le","le-w","w",1,2,"ta-w","ta",2,0,0,1,"lew","taw"
614,"le","le-wy","wy",2,2,"le-cił","cił",2,0,1,1,"lewy","lecił"
310,"be","be-rał","rał",3,1,"be-usze","usze",1,0,1,1,"liberał","libeusze"
115,"li","li-der","der",2,3,"li-cji","cji",3,0,0,1,"lider","licji"
817,"li","li-mu","mu",4,6,"otrzy-mu","otrzy",6,0,3,1,"limuzyna","otrzymuzyna"
348,"li","li-na","na",2,22,"li-smy","smy",22,0,1,1,"lina","lismy"
111,"piec","piec-last_blank","last_blank",2,11,"zisz-last_blank","zisz",11,0,0,1,"lipiec","lizisz"
821,"li","li-st","st",1,1,"li-mę","mę",1,0,0,1,"list","limę"
810,"li","li-te","te",5,26,"li-ściach","ściach",1,25,4,1,"literatura","liściachratura"
773,"li","li-zać","zać",2,4,"li-wej","wej",4,0,0,1,"lizać","liwej"
359,"dź","dź-last_blank","last_blank",1,24,"ił-last_blank","ił",24,0,0,1,"łódź","łóił"
388,"za","za-cja","cja",5,16,"za-zdrosz","zdrosz",2,14,3,1,"lokalizacja","lokalizazdrosz"
678,"kal","kal-ny","ny",3,8,"tecz-ny","tecz",8,0,1,1,"lokalny","loteczny"
345,"lo","lo-t","t",1,2,"un-t","un",2,0,0,1,"lot","unt"
825,"first_blank","first_blank-lot","lot",3,30,"first_blank-wcią","wcią",30,0,1,1,"lotnisko","wciąnisko"
757,"first_blank","first_blank-łóż","łóż",2,8,"first_blank-fru","fru",8,0,0,1,"łóżko","fruko"
590,"lu","lu-dzie","dzie",2,3,"lu-bież","bież",3,0,0,1,"ludzie","lubież"
481,"stro","stro-last_blank","last_blank",2,5,"chło-last_blank","chło",5,0,0,1,"lustro","luchło"
853,"first_blank","first_blank-ły","ły",1,24,"first_blank-zn","zn",24,0,0,1,"łyk","znk"
278,"nez","nez-last_blank","last_blank",3,4,"dżaj-last_blank","dżaj",4,0,1,1,"majonez","majodżaj"
975,"mą","mą-ka","ka",2,1,"kac-ka","kac",1,0,1,1,"mąka","kacka"
396,"first_blank","first_blank-mak","mak",4,12,"first_blank-strip","strip",12,0,2,1,"maksymalny","stripsymalny"
26,"larz","larz-last_blank","last_blank",2,3,"stru-last_blank","stru",3,0,0,1,"malarz","mastru"
371,"ma","ma-ły","ły",2,9,"ma-ceu","ceu",9,0,1,1,"mały","maceu"
704,"stwo","stwo-last_blank","last_blank",3,103,"dził-last_blank","dził",98,5,0,1,"małżeństwo","małżeńdził"
313,"lo","lo-wać","wać",5,33,"lo-uisvil","uisvil",1,32,3,1,"manipulować","manipulouisvil"
304,"ma","ma-pa","pa",2,2,"ma-kie","kie",2,0,1,1,"mapa","makie"
682,"ting","ting-last_blank","last_blank",3,6,"skaj-last_blank","skaj",6,0,0,1,"marketing","markeskaj"
1000,"twy","twy-last_blank","last_blank",2,9,"bał-last_blank","bał",9,0,0,1,"martwy","marbał"
409,"nna","nna-last_blank","last_blank",7,1,"chlebstw-last_blank","chlebstw",1,0,5,1,"marynarka wojenna","marynarka wojechlebstw"
540,"narz","narz-last_blank","last_blank",3,4,"tlić-last_blank","tlić",4,0,0,1,"marynarz","marytlić"
251,"saż","saż-last_blank","last_blank",2,1,"hul-last_blank","hul",1,0,0,1,"masaż","mahul"
294,"sło","sło-last_blank","last_blank",2,20,"nin-last_blank","nin",20,0,0,1,"masło","manin"
693,"szy","szy-na","na",3,3,"rocz-na","rocz",3,0,1,1,"maszyna","maroczna"
187,"te","te-ma","ma",5,27,"te-atrzyk","atrzyk",1,26,4,1,"matematyka","mateatrzyktyka"
65,"owy","owy-last_blank","last_blank",7,1,"chlebstw-last_blank","chlebstw",1,0,5,1,"materiał wybuchowy","materiał wybuchchlebstw"
55,"first_blank","first_blank-mdło","mdło",2,1,"first_blank-cioł","cioł",1,0,0,1,"mdłości","ciołści"
818,"nicz","nicz-ny","ny",4,15,"spraw-ny","spraw",3,12,1,1,"mechaniczny","mechasprawny"
838,"me","me-cz","cz",1,1,"me-do","do",1,0,0,1,"mecz","medo"
831,"me","me-dal","dal",2,1,"me-nii","nii",1,0,0,1,"medal","menii"
24,"lion","lion-last_blank","last_blank",3,7,"nosc-last_blank","nosc",7,0,0,1,"medalion","medanosc"
972,"tal","tal-last_blank","last_blank",2,16,"set-last_blank","set",16,0,0,1,"metal","meset"
284,"tr","tr-last_blank","last_blank",1,5,"zz-last_blank","zz",5,0,0,1,"metr","mezz"
87,"first_blank","first_blank-mg","mg",1,7,"first_blank-eb","eb",7,0,0,1,"mgła","ebła"
780,"sto","sto-last_blank","last_blank",2,20,"nam-last_blank","nam",20,0,0,1,"miasto","mianam"
441,"sień","sień-last_blank","last_blank",2,6,"dium-last_blank","dium",6,0,0,1,"mięsień","międium"
391,"mię","mię-so","so",2,2,"pul-so","pul",2,0,0,1,"mięso","pulso"
575,"sza","sza-ni","ni",4,5,"ochot-ni","ochot",5,0,2,1,"mieszanina","mieochotnina"
260,"fon","fon-last_blank","last_blank",3,8,"nieś-last_blank","nieś",8,0,1,1,"mikrofon","mikronieś"
822,"skop","skop-last_blank","last_blank",3,6,"biam-last_blank","biam",6,0,0,1,"mikroskop","mikrobiam"
816,"mil","mil-czą","czą",3,3,"star-czą","star",3,0,1,1,"milczący","starczący"
393,"liard","liard-last_blank","last_blank",2,3,"miast-last_blank","miast",3,0,0,1,"miliard","mimiast"
451,"łość","łość-last_blank","last_blank",2,17,"skać-last_blank","skać",17,0,0,1,"miłość","miskać"
14,"ster","ster-last_blank","last_blank",3,50,"kich-last_blank","kich",50,0,0,1,"minister","minikich"
13,"ster","ster-stwo","stwo",4,1,"chwal-stwo","chwal",1,0,1,1,"ministerstwo","minichwalstwo"
551,"nus","nus-last_blank","last_blank",2,8,"rat-last_blank","rat",8,0,0,1,"minus","mirat"
151,"nu","nu-ta","ta",3,3,"fron-ta","fron",3,0,2,1,"minuta","mifronta"
936,"sja","sja-last_blank","last_blank",2,26,"żać-last_blank","żać",26,0,0,1,"misja","miżać"
309,"strzo","strzo-stwo","stwo",3,1,"chwal-stwo","chwal",1,0,0,2,"mistrzostwo","michwalstwo"
776,"mło","mło-dy","dy",2,2,"tar-dy","tar",2,0,0,1,"młody","tardy"
282,"first_blank","first_blank-mł","mł",1,2,"first_blank-fd","fd",2,0,0,1,"młot","fdot"
330,"cz","cz-last_blank","last_blank",1,29,"ak-last_blank","ak",29,0,0,1,"mocz","moak"
791,"kry","kry-last_blank","last_blank",2,6,"wiu-last_blank","wiu",6,0,0,1,"mokry","mowiu"
395,"first_blank","first_blank-mol","mol",2,5,"first_blank-psu","psu",5,0,0,1,"molwa","psuwa"
170,"ni","ni-tor","tor",3,1,"ni-fest","fest",1,0,1,1,"monitor","monifest"
430,"der","der-ca","ca",3,2,"świe-ca","świe",2,0,1,1,"morderca","morświeca"
716,"der","der-stwo","stwo",3,1,"der-bird","bird",1,0,0,1,"morderstwo","morderbird"
27,"first_blank","first_blank-mor","mor",3,101,"first_blank-usta","usta",98,3,1,1,"morfina","ustafina"
225,"tel","tel-last_blank","last_blank",2,11,"sco-last_blank","sco",11,0,0,1,"motel","mosco"
700,"wić","wić-last_blank","last_blank",2,94,"man-last_blank","man",95,1,0,1,"mówić","móman"
416,"zgo","zgo-wy","wy",3,2,"trój-wy","trój",2,0,1,1,"mózgowy","mótrójwy"
801,"li","li-wość","wość",3,7,"li-stów","stów",7,0,0,1,"możliwość","możlistów"
657,"first_blank","first_blank-mrów","mrów",2,5,"first_blank-grif","grif",5,0,0,1,"mrówka","grifka"
487,"dur","dur-last_blank","last_blank",2,2,"noi-last_blank","noi",2,0,0,1,"mundur","munnoi"
177,"cja","cja-last_blank","last_blank",3,258,"dzie-last_blank","dzie",255,3,1,1,"mutacja","mutadzie"
53,"zeum","zeum-last_blank","last_blank",2,1,"peye-last_blank","peye",1,0,0,1,"muzeum","mupeye"
538,"zyk","zyk-last_blank","last_blank",2,4,"kój-last_blank","kój",4,0,0,1,"muzyk","mukój"
243,"zy","zy-ka","ka",3,7,"łecz-ka","łecz",7,0,2,1,"muzyka","mułeczka"
120,"first_blank","first_blank-myć","myć",2,1,"first_blank-dża","dża",1,0,0,1,"myć się","dża się"
703,"śleć","śleć-last_blank","last_blank",2,5,"gląd-last_blank","gląd",5,0,0,1,"myśleć","mygląd"
498,"oło","oło-last_blank","last_blank",3,1,"dlać-last_blank","dlać",1,0,1,1,"na około","na okdlać"
882,"wsze","wsze-last_blank","last_blank",3,1,"uważ-last_blank","uważ",1,0,0,1,"na zawsze","na zauważ"
643,"skać","skać-last_blank","last_blank",3,17,"gnął-last_blank","gnął",17,0,0,1,"naciskać","nacignął"
118,"daj","daj-nik","nik",3,1,"osob-nik","osob",1,0,1,1,"nadajnik","naosobnik"
254,"da","da-l","l",1,2,"ar-l","ar",2,0,0,1,"nadal","naarl"
424,"na","na-gi","gi",2,6,"na-łaś","łaś",6,0,1,1,"nagi","nałaś"
537,"adek","adek-last_blank","last_blank",5,1,"ostrza-last_blank","ostrza",1,0,2,1,"nagły wypadek","nagły wypostrza"
426,"gra","gra-nie","nie",3,6,"wied-nie","wied",6,0,1,1,"nagranie","nawiednie"
467,"gro","gro-da","da",3,4,"wsia-da","wsia",4,0,1,1,"nagroda","nawsiada"
185,"wyż","wyż-szy","szy",3,2,"śliw-szy","śliw",2,0,1,1,"najwyższy","najśliwszy"
490,"past","past-nik","nik",3,1,"czow-nik","czow",1,0,0,1,"napastnik","naczownik"
432,"pra","pra-wa","wa",3,11,"scho-wa","scho",14,3,1,1,"naprawa","naschowa"
179,"na","na-praw","praw",3,7,"na-stej","stej",7,0,0,1,"naprawdę","nastejdę"
325,"ród","ród-last_blank","last_blank",2,2,"ami-last_blank","ami",2,0,0,1,"naród","naami"
436,"sto","sto-la","la",4,3,"trans-la","trans",2,1,2,1,"nastolatek","natranslatek"
532,"szyj","szyj-nik","nik",3,1,"lusz-nik","lusz",1,0,0,1,"naszyjnik","nalusznik"
848,"uczać","uczać-last_blank","last_blank",2,2,"wrzeć-last_blank","wrzeć",2,0,0,1,"nauczać","nawrzeć"
788,"ciel","ciel-last_blank","last_blank",3,23,"gnąć-last_blank","gnąć",23,0,0,1,"nauczyciel","nauczygnąć"
819,"isłe","isłe-last_blank","last_blank",4,1,"wrzyj-last_blank","wrzyj",1,0,1,1,"nauki ścisłe","nauki ścwrzyj"
199,"wiec","wiec-last_blank","last_blank",3,36,"szać-last_blank","szać",35,1,0,1,"naukowiec","naukoszać"
641,"na","na-zwi","zwi",3,6,"na-past","past",6,0,1,1,"nazwisko","napastsko"
610,"tyw","tyw-ny","ny",4,12,"dzial-ny","dzial",6,6,2,1,"negatywny","negadzialny"
984,"first_blank","first_blank-ner","ner",3,26,"first_blank-zwią","zwią",26,0,1,1,"nerwowy","zwiąwowy"
710,"piecz","piecz-ny","ny",4,3,"spraw-ny","spraw",3,0,0,1,"niebezpieczny","niebezsprawny"
444,"nie","nie-biań","biań",3,9,"nie-zbęd","zbęd",8,1,0,1,"niebiański","niezbędski"
68,"bie","bie-ski","ski",3,2,"bie-gach","gach",2,0,1,1,"niebieski","niebiegach"
756,"nie","nie-dzie","dzie",3,4,"nie-zrów","zrów",4,0,0,1,"niedziela","niezrówla"
453,"dzial","dzial-ny","ny",6,6,"ochrzczo-ny","ochrzczo",1,5,3,1,"nieodpowiedzialny","nieodpowieochrzczony"
472," się"," się-last_blank","last_blank",5,1,"uthern-last_blank","uthern",1,0,2,1,"niepokoić się","niepokoićuthern"
792,"wo","wo-dze","dze",5,12,"wo-ściach","ściach",4,8,3,1,"niepowodzenie","niepowościachnie"
459,"nie","nie-przy","przy",4,33,"nie-śmier","śmier",12,21,1,1,"nieprzyjemny","nieśmierjemny"
691,"nie","nie-sa","sa",5,11,"wstrzą-sa","wstrzą",3,8,3,1,"niesamowity","wstrząsamowity"
425,"nie","nie-spo","spo",5,28,"nie-grzecz","grzecz",9,19,3,1,"niespodziewanie","niegrzeczdziewanie"
455,"nie","nie-spra","spra",5,7,"nie-grzecz","grzecz",9,2,2,1,"niesprawiedliwy","niegrzeczwiedliwy"
447,"szczę","szczę-ście","ście",3,2,"wznie-ście","wznie",1,1,0,1,"nieszczęście","niewznieście"
450,"zdol","zdol-ny","ny",3,2,"rząd-ny","rząd",2,0,0,1,"niezdolny","nierządny"
20,"zna","zna-ny","ny",3,7,"micz-ny","micz",6,1,1,1,"nieznany","niemiczny"
922,"kły","kły-last_blank","last_blank",3,10,"piał-last_blank","piał",10,0,1,1,"niezwykły","niezwypiał"
970,"mal","mal-na","na",3,6,"tecz-na","tecz",6,0,1,1,"normalna","norteczna"
857,"no","no-s","s",1,1,"rm-s","rm",1,0,0,1,"nos","rms"
218,"twór","twór-last_blank","last_blank",3,4,"nieć-last_blank","nieć",4,0,0,1,"nowotwór","nowonieć"
386,"first_blank","first_blank-nó","nó",1,5,"first_blank-wt","wt",5,0,0,1,"nóż","wtż"
419,"first_blank","first_blank-o","o",1,1,"first_blank-dé","dé",1,0,1,1,"o","dé"
850,"ob","ob-cy","cy",2,2,"bój-cy","bój",2,0,1,1,"obcy","bójcy"
631,"ia","ia-d","d",1,5,"ró-d","ró",5,0,0,1,"obiad","obród"
219,"first_blank","first_blank-obiet","obiet",3,8,"first_blank-wszyt","wszyt",8,0,0,1,"obietnica","wszytnica"
355,"licz","licz-last_blank","last_blank",2,3,"rion-last_blank","rion",3,0,0,1,"oblicz","obrion"
484,"zek","zek-last_blank","last_blank",3,12,"biać-last_blank","biać",12,0,1,1,"obowiązek","obowiąbiać"
737,"bo","bo-wać","wać",4,11,"bo-skiej","skiej",1,10,2,1,"obrabować","obraboskiej"
738," się"," się-last_blank","last_blank",4,1,"wiert-last_blank","wiert",1,0,1,1,"obracać się","obracaćwiert"
672,"nia","nia-last_blank","last_blank",4,1375,"szych-last_blank","szych",68,1307,2,1,"obrażenia","obrażeszych"
987,"zić","zić-last_blank","last_blank",3,27,"żysz-last_blank","żysz",27,0,1,1,"obrazić","obrażysz"
69,"first_blank","first_blank-obrzy","obrzy",3,17,"first_blank-atrak","atrak",17,0,0,1,"obrzydliwe","atrakdliwe"
588,"wo","wo-wać","wać",4,12,"wo-dzisz","dzisz",3,9,2,1,"obserwować","obserwodzisz"
624,"ob","ob-wód","wód",2,1,"ob-sze","sze",1,0,0,1,"obwód","obsze"
410,"first_blank","first_blank-oce","oce",2,41,"first_blank-fil","fil",41,0,0,1,"ocean","filan"
479,"oce","oce-na","na",2,3,"sto-na","sto",3,0,0,1,"ocena","stona"
110,"first_blank","first_blank-ocze","ocze",3,33,"first_blank-speł","speł",33,0,0,1,"oczekiwać","spełkiwać"
928,"first_blank","first_blank-oczy","oczy",3,28,"first_blank-stan","stan",28,0,0,1,"oczywiście","stanwiście"
131,"lca","lca-last_blank","last_blank",5,1,"strzyk-last_blank","strzyk",1,0,3,1,"odcisk palca","odcisk pastrzyk"
952,"kces","kces-last_blank","last_blank",5,1,"gniarz-last_blank","gniarz",1,0,2,1,"odnieść sukces","odnieść sugniarz"
483,"wia","wia-dać","dać",4,7,"sprze-dać","sprze",2,5,2,1,"odpowiadać","odposprzedać"
796,"świe","świe-żać","żać",3,1,"obra-żać","obra",1,0,0,1,"odświeżać","odobrażać"
805,"od","od-waż","waż",3,11,"od-dzie","dzie",11,0,1,1,"odważny","oddzieny"
437,"first_blank","first_blank-ogól","ogól",2,13,"first_blank-ugry","ugry",13,0,0,1,"ogólnie","ugrynie"
718,"first_blank","first_blank-ogro","ogro",3,16,"first_blank-chwi","chwi",16,0,0,1,"ogrodzenie","chwidzenie"
373,"ciec","ciec-last_blank","last_blank",2,3,"pher-last_blank","pher",3,0,0,1,"ojciec","ojpher"
981,"first_blank","first_blank-okru","okru",3,5,"first_blank-pion","pion",5,0,0,1,"okrucieństwo","pioncieństwo"
70,"okrut","okrut-ny","ny",2,1,"chluj-ny","chluj",1,0,0,2,"okrutny","chlujny"
596,"ok","ok-up","up",1,1,"ok-rz","rz",1,0,0,1,"okup","okrz"
156,"brzy","brzy-mi","mi",3,1,"ludz-mi","ludz",1,0,0,1,"olbrzymi","olludzmi"
876,"ol","ol-ej","ej",1,1,"zn-ej","zn",1,0,0,1,"olej","znej"
916,"cj","cj-a","a",1,1,"fo-a","fo",1,0,0,1,"opcja","opfoa"
622,"is","is-last_blank","last_blank",1,36,"pu-last_blank","pu",36,0,0,1,"opis","oppu"
503," się"," się-last_blank","last_blank",2,1,"chio-last_blank","chio",1,0,0,1,"oprzeć się","oprzećchio"
917,"first_blank","first_blank-opu","opu",2,40,"first_blank-sma","sma",40,0,0,1,"opuścić","smaścić"
544,"or","or-bi","bi",3,4,"usta-bi","usta",4,0,2,1,"orbita","ustabita"
422,"nans","nans-last_blank","last_blank",3,1,"kryc-last_blank","kryc",1,0,0,1,"ordynans","ordykryc"
734,"first_blank","first_blank-oskar","oskar",3,48,"first_blank-śmier","śmier",47,1,0,1,"oskarżenie","śmierżenie"
597,"bo","bo-wość","wość",3,1,"bo-sley","sley",1,0,0,1,"osobowość","osobosley"
902,"first_blank","first_blank-osta","osta",3,17,"first_blank-spon","spon",17,0,0,1,"ostatecznie","spontecznie"
841,"nio","nio-last_blank","last_blank",2,19,"sna-last_blank","sna",19,0,0,1,"ostatnio","ostatsna"
302,"first_blank","first_blank-oświad","oświad",3,19,"first_blank-wstrzą","wstrzą",18,1,0,3,"oświadczenie","wstrzączenie"
760,"oszu","oszu-stwo","stwo",2,1,"szer-stwo","szer",1,0,0,1,"oszustwo","szerstwo"
529,"ot","ot-wó","wó",1,2,"ot-rz","rz",2,0,0,1,"otwór","otrzr"
519,"first_blank","first_blank-ow","ow",1,28,"first_blank-łą","łą",28,0,0,1,"owad","łąad"
242,"ow","ow-oc","oc",1,1,"ow-sz","sz",1,0,0,1,"owoc","owsz"
113,"pa","pa-last_blank","last_blank",1,83,"rą-last_blank","rą",75,8,0,1,"pa","rą"
316,"pa","pa-kiet","kiet",2,1,"pa-czem","czem",1,0,0,1,"pakiet","paczem"
196,"li","li-wo","wo",3,14,"czer-wo","czer",12,2,2,1,"paliwo","paczerwo"
523,"oda","oda-last_blank","last_blank",4,4,"ściom-last_blank","ściom",4,0,2,1,"panna młoda","panna młściom"
844,"ros","ros-last_blank","last_blank",3,3,"chii-last_blank","chii",3,0,1,1,"papieros","papiechii"
423,"mal","mal-ne","ne",5,13,"strzen-ne","strzen",5,8,3,1,"paranormalne","paranorstrzenne"
175,"sja","sja-last_blank","last_blank",2,26,"pią-last_blank","pią",26,0,0,1,"pasja","papią"
56,"first_blank","first_blank-pasz","pasz",2,11,"first_blank-spar","spar",11,0,0,1,"paszport","sparport"
784,"pa","pa-trol","trol",2,1,"pa-tien","tien",1,0,0,1,"patrol","patien"
904,"dzier","dzier-nik","nik",3,1,"piecz-nik","piecz",1,0,0,1,"październik","paźpiecznik"
663,"peł","peł-ny","ny",2,4,"bil-ny","bil",4,0,0,1,"pełny","bilny"
557,"nis","nis-last_blank","last_blank",2,9,"ida-last_blank","ida",9,0,0,1,"penis","peida"
174,"pen","pen-sja","sja",2,1,"pen-dle","dle",1,0,0,1,"pensja","pendle"
582,"first_blank","first_blank-per","per",3,74,"first_blank-trzy","trzy",65,9,1,1,"perfumy","trzyfumy"
565,"ty","ty-wicz","wicz",5,1,"ty-chryst","chryst",1,0,2,1,"perspektywiczny","perspektychrystny"
61,"first_blank","first_blank-pia","pia",2,30,"first_blank-któ","któ",30,0,0,1,"piasek","któsek"
669,"kło","kło-last_blank","last_blank",2,9,"nis-last_blank","nis",9,0,0,1,"piekło","pienis"
108,"first_blank","first_blank-pięk","pięk",2,25,"first_blank-gwał","gwał",25,0,0,2,"piękno","gwałno"
344,"pięk","pięk-ny","ny",2,3,"rzęd-ny","rzęd",3,0,0,1,"piękny","rzędny"
210,"nią","nią-dze","dze",3,1,"prze-dze","prze",1,0,1,1,"pieniądze","pieprzedze"
812,"guł","guł-ka","ka",3,2,"pącz-ka","pącz",2,0,1,1,"pigułka","pipączka"
836,"ja","ja-ny","ny",3,2,"gnio-ny","gnio",2,0,2,1,"pijany","pigniony"
322,"żna","żna-last_blank","last_blank",4,1,"diusz-last_blank","diusz",1,0,2,1,"piłka nożna","piłka nodiusz"
28,"lot","lot-last_blank","last_blank",2,11,"gło-last_blank","gło",11,0,0,1,"pilot","pigło"
9,"sen","sen-ka","ka",3,5,"apli-ka","apli",5,0,1,1,"piosenka","pioaplika"
121,"sać","sać-last_blank","last_blank",2,23,"zja-last_blank","zja",23,0,0,1,"pisać","pizja"
564,"sarz","sarz-last_blank","last_blank",2,6,"sing-last_blank","sing",6,0,0,1,"pisarz","pising"
122,"pi","pi-smo","smo",2,2,"pi-rzy","rzy",2,0,0,1,"pismo","pirzy"
268,"let","let-last_blank","last_blank",3,19,"stać-last_blank","stać",19,0,1,1,"pistolet","pistostać"
148,"pi","pi-wo","wo",2,1,"pi-rza","rza",1,0,1,1,"piwo","pirza"
644,"pla","pla-no","no",4,41,"astro-no","astro",4,37,2,1,"planowanie","astronowanie"
76,"sti","sti-ko","ko",4,8,"człon-ko","człon",4,4,2,1,"plastikowy","placzłonkowy"
384,"first_blank","first_blank-płeć","płeć",3,1,"first_blank-afra","afra",1,0,0,1,"płeć żeńska","afra żeńska"
492,"mień","mień-last_blank","last_blank",2,8,"mych-last_blank","mych",8,0,0,1,"płomień","płomych"
552,"yn","yn-last_blank","last_blank",1,8,"ią-last_blank","ią",8,0,0,1,"płyn","płią"
858,"first_blank","first_blank-pły","pły",2,66,"first_blank-stu","stu",66,0,0,1,"pływać","stuwać"
861,"gać","gać-last_blank","last_blank",3,45,"nisz-last_blank","nisz",45,0,1,1,"pociągać","pociąnisz"
259,"cisk","cisk-last_blank","last_blank",2,6,"icie-last_blank","icie",6,0,0,1,"pocisk","poicie"
872,"rza","rza-ny","ny",4,3,"piecz-ny","piecz",3,0,2,1,"podejrzany","podejpieczny"
154,"first_blank","first_blank-pod","pod",6,679,"first_blank-uśmiech","uśmiech",12,667,4,1,"podekscytowany","uśmiechekscytowany"
986,"pis","pis-last_blank","last_blank",2,11,"row-last_blank","row",11,0,0,1,"podpis","podrow"
189,"sać","sać-last_blank","last_blank",3,23,"ciel-last_blank","ciel",23,0,1,1,"podpisać","podpiciel"
913,"sta","sta-wo","wo",4,9,"trzeź-wo","trzeź",2,7,2,1,"podstawowa","podtrzeźwowa"
245,"dział","dział-last_blank","last_blank",2,24,"dzasz-last_blank","dzasz",24,0,0,1,"podział","podzasz"
833,"grzeb","grzeb-last_blank","last_blank",2,1,"przód-last_blank","przód",1,0,0,1,"pogrzeb","poprzód"
315,"po","po-grze","grze",3,31,"po-mnia","mnia",32,1,0,1,"pogrzebać","pomniabać"
673,"for","for-mo","mo",5,25,"wszech-mo","wszech",4,21,3,1,"poinformować","poinwszechmować"
222,"po","po-ker","ker",2,1,"po-mno","mno",1,0,0,1,"poker","pomno"
442,"jów","jów-ka","ka",4,3,"niacz-ka","niacz",3,0,2,1,"pokojówka","pokoniaczka"
996,"nać","nać-last_blank","last_blank",3,31,"chem-last_blank","chem",31,0,1,1,"pokonać","pokochem"
311,"cze","cze-nie","nie",4,106,"ostat-nie","ostat",3,103,2,1,"połączenie","połąostatnie"
22,"lki","lki-last_blank","last_blank",4,1,"tłych-last_blank","tłych",1,0,2,1,"pole walki","pole watłych"
866,"li","li-czek","czek",3,2,"li-trów","trów",2,0,0,1,"policzek","politrów"
335,"li","li-tycz","tycz",4,11,"li-cjant","cjant",6,5,1,1,"polityczny","policjantny"
576,"tyk","tyk-last_blank","last_blank",3,20,"ning-last_blank","ning",20,0,1,1,"polityk","polining"
165,"ty","ty-ka","ka",4,66,"miesz-ka","miesz",50,16,3,1,"polityka","polimieszka"
579,"noc","noc-last_blank","last_blank",2,6,"tla-last_blank","tla",6,0,0,1,"północ","półtla"
771,"dnie","dnie-last_blank","last_blank",3,3,"miąc-last_blank","miąc",3,0,0,1,"południe","połumiąc"
976,"rań","rań-czo","czo",5,9,"umiesz-czo","umiesz",5,4,3,1,"pomarańczowy","pomaumieszczowy"
977,"dor","dor-last_blank","last_blank",3,15,"snął-last_blank","snął",15,0,1,1,"pomidor","pomisnął"
687,"po","po-pra","pra",3,39,"po-świę","świę",39,0,1,1,"poprawa","poświęwa"
312,"mie","mie-nie","nie",5,19,"względ-nie","względ",2,17,3,1,"porozumienie","porozuwzględnie"
955,"po","po-rt","rt",1,1,"po-od","od",1,0,0,1,"port","pood"
281,"fel","fel-last_blank","last_blank",2,3,"zam-last_blank","zam",3,0,0,1,"portfel","portzam"
730,"rucz","rucz-nik","nik",3,2,"czyn-nik","czyn",2,0,0,1,"porucznik","poczynnik"
742,"ścig","ścig-last_blank","last_blank",2,2,"acon-last_blank","acon",2,0,0,1,"pościg","poacon"
247,"łek","łek-last_blank","last_blank",3,41,"czam-last_blank","czam",41,0,1,1,"posiłek","posiczam"
501,"sta","sta-wa","wa",3,33,"śpie-wa","śpie",34,1,1,1,"postawa","pośpiewa"
884,"po","po-świę","świę",4,39,"po-strze","strze",39,0,1,1,"poświęcenie","postrzecenie"
562,"po","po-tro","tro",3,1,"po-słał","słał",1,0,1,1,"potroić","posłałić"
460,"po","po-trze","trze",4,46,"po-słusz","słusz",9,37,1,1,"potrzebować","posłuszbować"
601,"twier","twier-dzać","dzać",3,1,"spraw-dzać","spraw",1,0,0,2,"potwierdzać","posprawdzać"
414,"dzieć","dzieć-last_blank","last_blank",3,21,"cjach-last_blank","cjach",21,0,0,2,"powiedzieć","powiecjach"
867,"wierzch","wierzch-nia","nia",3,1,"uwzględ-nia","uwzględ",2,1,0,4,"powierzchnia","pouwzględnia"
566,"wi","wi-tać","tać",3,3,"wi-śnio","śnio",3,0,1,1,"powitać","powiśnio"
547,"po","po-wrót","wrót",2,1,"po-krew","krew",1,0,0,1,"powrót","pokrew"
988,"znać","znać-last_blank","last_blank",2,10,"złeś-last_blank","złeś",10,0,0,1,"poznać","pozłeś"
991,"stać","stać-last_blank","last_blank",3,19,"cząc-last_blank","cząc",19,0,0,1,"pozostać","pozocząc"
136,"zwo","zwo-lić","lić",3,3,"schy-lić","schy",1,2,1,1,"pozwolić","poschylić"
777,"zy","zy-cja","cja",3,6,"zy-denc","denc",8,2,1,1,"pozycja","pozydenc"
328,"życz","życz-ka","ka",3,3,"nost-ka","nost",3,0,0,1,"pożyczka","ponostka"
775,"pra","pra-ca","ca",2,3,"dun-ca","dun",3,0,0,1,"praca","dunca"
696,"cow","cow-nik","nik",3,3,"ręcz-nik","ręcz",2,1,1,1,"pracownik","praręcznik"
203,"gnie","gnie-nie","nie",3,1,"udol-nie","udol",1,0,0,1,"pragnienie","praudolnie"
140,"first_blank","first_blank-prak","prak",3,28,"first_blank-czer","czer",28,0,0,1,"praktycznie","czertycznie"
613,"praw","praw-do","do",5,20,"ćwierć-do","ćwierć",2,18,2,1,"prawdopodobne","ćwierćdopodobne"
415,"praw","praw-do","do",5,20,"ćwierć-do","ćwierć",2,18,2,1,"prawdopodobnie","ćwierćdopodobnie"
612,"praw","praw-dzi","dzi",3,17,"szko-dzi","szko",12,5,0,1,"prawdziwy","szkodziwy"
980,"dło","dło-wy","wy",4,4,"uczci-wy","uczci",3,1,2,1,"prawidłowy","prawiuczciwy"
448,"praw","praw-ny","ny",2,4,"mien-ny","mien",4,0,0,2,"prawny","mienny"
160,"kość","kość-last_blank","last_blank",2,10,"kłem-last_blank","kłem",10,0,0,1,"prędkość","prędkłem"
305,"zent","zent-last_blank","last_blank",2,2,"eney-last_blank","eney",2,0,0,1,"prezent","preeney"
264,"dent","dent-last_blank","last_blank",3,8,"snie-last_blank","snie",8,0,0,1,"prezydent","prezysnie"
618,"first_blank","first_blank-pró","pró",2,51,"first_blank-wpa","wpa",51,0,0,1,"próba","wpaba"
290,"blem","blem-last_blank","last_blank",2,2,"oter-last_blank","oter",2,0,0,1,"problem","prooter"
619,"pro","pro-ce","ce",4,22,"oświe-ce","oświe",2,20,2,1,"procedura","oświecedura"
178,"duk","duk-cja","cja",3,4,"kwen-cja","kwen",4,0,1,1,"produkcja","prokwencja"
790,"pro","pro-du","du",4,28,"wzglę-du","wzglę",1,27,2,1,"produkować","względukować"
375,"dukt","dukt-last_blank","last_blank",2,2,"went-last_blank","went",2,0,0,1,"produkt","prowent"
12,"nal","nal-ny","ny",5,15,"strzen-ny","strzen",3,12,3,1,"profesjonalny","profesjostrzenny"
164,"sor","sor-last_blank","last_blank",3,8,"paść-last_blank","paść",8,0,1,1,"profesor","profepaść"
623,"gram","gram-last_blank","last_blank",2,20,"gnij-last_blank","gnij",20,0,0,1,"program","prognij"
615,"ra","ra-tor","tor",4,9,"ra-dziec","dziec",7,2,2,1,"prokurator","prokuradziec"
946,"pro","pro-mie","mie",5,19,"pro-boszcz","boszcz",1,18,3,1,"promieniowanie","proboszczniowanie"
592,"first_blank","first_blank-proś","proś",2,5,"first_blank-wrze","wrze",5,0,0,1,"prośba","wrzeba"
554,"sty","sty-last_blank","last_blank",2,78,"ter-last_blank","ter",78,0,0,1,"prosty","proter"
679,"kół","kół-last_blank","last_blank",3,3,"piaj-last_blank","piaj",3,0,1,1,"protokół","protopiaj"
406,"typ","typ-last_blank","last_blank",3,2,"kres-last_blank","kres",2,0,1,1,"prototyp","protokres"
962,"ztwo","ztwo-last_blank","last_blank",5,1,"khardt-last_blank","khardt",1,0,2,1,"prowadzić śledztwo","prowadzić śledkhardt"
627,"wat","wat-ność","ność",3,1,"wat-ters","ters",1,0,0,1,"prywatność","prywatters"
152,"chadz","chadz-ka","ka",3,1,"związ-ka","związ",1,0,0,1,"przechadzka","przezwiązka"
433,"first_blank","first_blank-prze","prze",3,2235,"first_blank-stra","stra",108,2127,0,1,"przeciwnie","straciwnie"
903,"first_blank","first_blank-prze","prze",3,2235,"first_blank-stra","stra",108,2127,0,1,"przeciwnik","straciwnik"
475,"miot","miot-last_blank","last_blank",2,4,"hill-last_blank","hill",4,0,0,1,"przedmiot","przedhill"
394,"first_blank","first_blank-przed","przed",4,115,"first_blank-współ","współ",83,32,0,1,"przedsiębiorca","współsiębiorca"
706,"prze","prze-no","no",3,26,"zjed-no","zjed",18,8,0,1,"przenosić","zjednosić"
215,"czość","czość-last_blank","last_blank",3,4,"chard-last_blank","chard",4,0,0,1,"przestępczość","przestępchard"
639,"szyć","szyć-last_blank","last_blank",3,53,"wasz-last_blank","wasz",55,2,0,1,"przestraszyć","przestrawasz"
637,"szka","szka-dzać","dzać",3,1,"wsty-dzać","wsty",1,0,0,1,"przeszkadzać","przewstydzać"
652,"szłość","szłość-last_blank","last_blank",2,2,"spiesz-last_blank","spiesz",2,0,0,3,"przeszłość","przespiesz"
208,"first_blank","first_blank-prze","prze",4,2235,"first_blank-współ","współ",83,2152,1,1,"przeziębienie","współziębienie"
362,"first_blank","first_blank-prze","prze",4,2235,"first_blank-współ","współ",83,2152,1,1,"przeznaczenie","współznaczenie"
685,"prze","prze-żyć","żyć",2,1,"prze-zem","zem",1,0,0,1,"przeżyć","przezem"
605,"przy","przy-czy","czy",3,14,"nisz-czy","nisz",14,0,0,1,"przyczyna","niszczyna"
211,"first_blank","first_blank-przy","przy",5,1456,"first_blank-stwier","stwier",24,1432,2,1,"przygotowywać","stwiergotowywać"
910,"ciel","ciel-last_blank","last_blank",3,23,"gnąć-last_blank","gnąć",23,0,0,1,"przyjaciel","przyjagnąć"
684,"jaźń","jaźń-last_blank","last_blank",2,1,"vacs-last_blank","vacs",1,0,0,1,"przyjaźń","przyvacs"
216,"przy","przy-ja","ja",3,54,"dzie-ja","dzie",8,46,0,1,"przyjazny","dziejazny"
920,"przy","przy-jem","jem",3,28,"dzie-jem","dzie",2,26,0,1,"przyjemny","dziejemny"
659,"przy","przy-nę","nę",3,4,"unik-nę","unik",4,0,0,1,"przynęta","uniknęta"
651,"przy","przy-się","się",3,33,"dzie-się","dzie",12,21,0,1,"przysięga","dziesięga"
18,"gia","gia-last_blank","last_blank",4,24,"rzysz-last_blank","rzysz",25,1,2,1,"psychologia","psycholorzysz"
381,"gicz","gicz-ny","ny",5,16,"ostroż-ny","ostroż",2,14,2,1,"psychologiczny","psycholoostrożny"
412,"ak","ak-last_blank","last_blank",1,29,"bu-last_blank","bu",29,0,0,1,"ptak","ptbu"
826,"blicz","blicz-ność","ność",3,1,"dzien-ność","dzien",1,0,0,1,"publiczność","pudzienność"
493,"first_blank","first_blank-puł","puł",3,6,"first_blank-kłót","kłót",6,0,1,1,"pułkownik","kłótkownik"
589,"first_blank","first_blank-py","py",1,60,"first_blank-wę","wę",60,0,0,1,"pył","węł"
749,"pysz","pysz-ny","ny",2,2,"docz-ny","docz",2,0,0,1,"pyszny","doczny"
648,"dość","dość-last_blank","last_blank",2,3,"srać-last_blank","srać",3,0,0,1,"radość","rasrać"
666,"ra","ra-dzić","dzić",2,5,"ra-biam","biam",5,0,0,2,"radzić","rabiam"
680,"ra","ra-mię","mię",2,2,"ra-cho","cho",2,0,0,1,"ramię","racho"
253,"ra","ra-no","no",2,18,"ra-cyj","cyj",17,1,1,1,"rano","racyj"
198,"tor","tor-last_blank","last_blank",3,104,"ścią-last_blank","ścią",110,6,1,1,"reaktor","reakścią"
505,"stycz","stycz-ny","ny",4,21,"dzial-ny","dzial",6,15,0,1,"realistyczny","realidzialny"
293,"first_blank","first_blank-ręcz","ręcz",2,16,"first_blank-rand","rand",16,0,0,1,"ręcznik","randnik"
995,"ko","ko-wać","wać",4,78,"ko-niecz","niecz",12,66,2,1,"redukować","redukoniecz"
128,"owy","owy-last_blank","last_blank",7,1,"chlebstw-last_blank","chlebstw",1,0,5,1,"regulator czasowy","regulator czaschlebstw"
184,"gia","gia-last_blank","last_blank",3,24,"wach-last_blank","wach",24,0,1,1,"religia","reliwach"
180,"re","re-mis","mis",2,1,"re-tek","tek",1,0,0,1,"remis","retek"
270,"ta","ta-cja","cja",4,26,"ta-stycz","stycz",10,16,2,1,"reputacja","reputastycz"
658,"stau","stau-ra","ra",4,6,"przed-ra","przed",3,3,1,1,"restauracja","reprzedracja"
692,"ro","ro-bić","bić",2,11,"ro-śli","śli",11,0,0,1,"robić","rośli"
137,"ro","ro-dzic","dzic",2,1,"ro-czyć","czyć",1,0,0,1,"rodzic","roczyć"
288,"dzi","dzi-na","na",3,8,"pięt-na","pięt",6,2,1,1,"rodzina","ropiętna"
146,"tyk","tyk-last_blank","last_blank",3,20,"gram-last_blank","gram",20,0,1,1,"romantyk","romangram"
324,"bój","bój-last_blank","last_blank",2,6,"nas-last_blank","nas",6,0,0,1,"rozbój","roznas"
454,"roz","roz-cza","cza",5,21,"roz-gnieść","gnieść",1,20,3,1,"rozczarowanie","rozgnieśćrowanie"
767,"sąd","sąd-ny","ny",3,3,"dziw-ny","dziw",3,0,1,1,"rozsądny","rozdziwny"
677,"miesz","miesz-last_blank","last_blank",3,20,"ciach-last_blank","ciach",21,1,0,1,"rozumiesz","rozuciach"
598,"wój","wój-last_blank","last_blank",2,3,"zin-last_blank","zin",3,0,0,1,"rozwój","rozzin"
681,"first_blank","first_blank-ry","ry",2,177,"first_blank-pie","pie",177,0,1,1,"ryba","pieba"
2,"ąd","ąd-last_blank","last_blank",1,9,"ye-last_blank","ye",9,0,0,1,"rząd","rzye"
765,"first_blank","first_blank-rzad","rzad",2,13,"first_blank-szer","szer",13,0,0,1,"rzadko","szerko"
80,"ym","ym-last_blank","last_blank",1,15,"nn-last_blank","nn",15,0,0,1,"rzym","rznn"
807,"taż","taż-last_blank","last_blank",3,5,"gins-last_blank","gins",5,0,1,1,"sabotaż","sabogins"
993,"łat","łat-ka","ka",3,1,"niem-ka","niem",1,0,1,1,"sałatka","saniemka"
567,"chód","chód-last_blank","last_blank",3,6,"tnij-last_blank","tnij",6,0,0,1,"samochód","samotnij"
248,"owy","owy-last_blank","last_blank",7,1,"chlebstw-last_blank","chlebstw",1,0,5,1,"samochód ciężarowy","samochód ciężarchlebstw"
852,"lub","lub-ny","ny",4,1,"upior-ny","upior",1,0,2,1,"samolubny","samoupiorny"
715,"mot","mot-ny","ny",3,2,"grza-ny","grza",2,0,1,1,"samotny","sagrzany"
464,"raj","raj-last_blank","last_blank",3,20,"dząc-last_blank","dząc",20,0,1,1,"samuraj","samudząc"
667,"li","li-ta","ta",4,11,"krysz-ta","krysz",11,0,3,1,"satelita","satekryszta"
717,"hr","hr-on","on",1,1,"ra-on","ra",1,0,0,1,"schron","scraon"
829,"ścież","ścież-ka","ka",2,2,"dziej-ka","dziej",2,0,0,1,"ścieżka","dziejka"
714,"dzia","dzia-last_blank","last_blank",2,14,"ding-last_blank","ding",14,0,0,1,"sędzia","sęding"
526,"nat","nat-last_blank","last_blank",2,7,"bii-last_blank","bii",7,0,0,1,"senat","sebii"
217,"na","na-tor","tor",3,8,"na-mięt","mięt",8,0,1,1,"senator","senamięt"
85,"se","se-r","r",1,2,"zi-r","zi",1,1,0,1,"ser","zir"
238,"eć","eć-last_blank","last_blank",1,16,"jo-last_blank","jo",16,0,0,1,"sieć","sijo"
778,"dzieć","dzieć-last_blank","last_blank",2,21,"cjach-last_blank","cjach",21,0,0,3,"siedzieć","siecjach"
404,"sil","sil-nie","nie",2,1,"udi-nie","udi",1,0,0,1,"silnie","udinie"
964,"sil","sil-nik","nik",2,1,"tat-nik","tat",1,0,0,1,"silnik","tatnik"
938,"si","si-niak","niak",2,1,"si-tion","tion",1,0,0,1,"siniak","sition"
896,"strze","strze-niec","niec",3,1,"strze-lasz","lasz",1,0,0,1,"siostrzeniec","siostrzelasz"
549,"first_blank","first_blank-skan","skan",2,9,"first_blank-kwar","kwar",9,0,0,1,"skandal","kwardal"
735,"sk","sk-le","le",1,1,"sk-an","an",1,0,0,1,"sklep","skanp"
908,"first_blank","first_blank-sk","sk",1,56,"first_blank-dr","dr",56,0,0,1,"skok","drok"
573,"skrom","skrom-ny","ny",2,1,"dzior-ny","dzior",1,0,0,2,"skromny","dziorny"
71,"skrzy","skrzy-nia","nia",2,1,"skocz-nia","skocz",1,0,0,1,"skrzynia","skocznia"
405,"sła","sła-by","by",2,2,"bro-by","bro",2,0,0,1,"słaby","broby"
343,"ślicz","ślicz-ny","ny",2,2,"sięcz-ny","sięcz",2,0,0,1,"śliczny","sięczny"
745,"first_blank","first_blank-słod","słod",2,15,"first_blank-drob","drob",15,0,0,1,"słodki","drobki"
338,"first_blank","first_blank-słoń","słoń",2,4,"first_blank-klow","klow",4,0,0,1,"słońce","klowce"
339,"necz","necz-ny","ny",3,2,"trzo-ny","trzo",2,0,0,1,"słoneczny","słotrzony"
951,"first_blank","first_blank-śl","śl",1,7,"first_blank-łó","łó",7,0,0,1,"ślub","łóub"
458,"słu","słu-ga","ga",2,5,"bur-ga","bur",5,0,0,1,"sługa","burga"
591,"słyn","słyn-ny","ny",2,1,"chen-ny","chen",1,0,0,1,"słynny","chenny"
748,"szeć","szeć-last_blank","last_blank",2,2,"sizm-last_blank","sizm",2,0,0,1,"słyszeć","słysizm"
856,"ie","ie-ch","ch",1,2,"os-ch","os",2,0,0,1,"śmiech","śmosch"
751,"śmie","śmie-ci","ci",2,1,"trio-ci","trio",1,0,0,1,"śmieci","trioci"
142,"śmiesz","śmiesz-ne","ne",2,2,"wszech-ne","wszech",2,0,0,3,"śmieszne","wszechne"
15,"gło","gło-wiec","wiec",3,1,"gło-śnym","śnym",1,0,0,1,"śmigłowiec","śmigłośnym"
787,"per","per-last_blank","last_blank",2,34,"mię-last_blank","mię",34,0,0,1,"snajper","snajmię"
298,"śnia","śnia-da","da",3,7,"skan-da","skan",7,0,0,1,"śniadanie","skandanie"
320,"first_blank","first_blank-śn","śn",1,10,"first_blank-ug","ug",10,0,0,1,"śnić","ugić"
127,"first_blank","first_blank-śn","śn",1,10,"first_blank-gw","gw",10,0,0,1,"śnieg","gwieg"
353,"so","so-da","da",2,1,"so-nel","nel",1,0,1,1,"soda","sonel"
400,"so","so-k","k",1,1,"ie-k","ie",1,0,0,1,"sok","iek"
266,"first_blank","first_blank-son","son",2,13,"first_blank-ryb","ryb",13,0,0,1,"sonda","rybda"
329,"so","so-s","s",1,1,"rm-s","rm",1,0,0,1,"sos","rms"
482,"ać","ać-last_blank","last_blank",1,29,"cz-last_blank","cz",29,0,0,1,"spać","spcz"
54,"spa","spa-ce","ce",4,21,"wgnie-ce","wgnie",2,19,2,1,"spacerować","wgniecerować"
350,"spa","spa-ghet","ghet",3,1,"spa-prać","prać",1,0,0,1,"spaghetti","spapraćti"
172,"first_blank","first_blank-spe","spe",4,67,"first_blank-trans","trans",63,4,2,1,"specjalista","transcjalista"
688,"first_blank","first_blank-spek","spek",5,9,"first_blank-gwiazd","gwiazd",9,0,2,1,"spektakularny","gwiazdtakularny"
307," się"," się-last_blank","last_blank",3,1,"błów-last_blank","błów",1,0,0,1,"spierać się","spieraćbłów"
762,"koj","koj-na","na",3,2,"ręcz-na","ręcz",2,0,1,1,"spokojna","sporęczna"
763,"łecz","łecz-ność","ność",3,1,"chet-ność","chet",1,0,0,1,"społeczność","spochetność"
223,"sp","sp-or","or",1,2,"sp-is","is",2,0,0,1,"sport","spist"
306,"tka","tka-nie","nie",3,1,"chow-nie","chow",1,0,1,1,"spotkanie","spochownie"
973,"dli","dli-wość","wość",4,3,"dli-skiem","skiem",1,2,1,1,"sprawiedliwość","sprawiedliskiem"
341,"dać","dać-last_blank","last_blank",2,84,"bie-last_blank","bie",84,0,0,1,"sprzedać","sprzebie"
983,"bro","bro-last_blank","last_blank",2,4,"das-last_blank","das",4,0,0,1,"srebro","sredas"
545,"sta","sta-cja","cja",2,4,"sta-men","men",4,0,0,1,"stacja","stamen"
45,"al","al-last_blank","last_blank",1,36,"pu-last_blank","pu",36,0,0,1,"stal","stpu"
960,"sta","sta-le","le",2,3,"ubo-le","ubo",3,0,0,1,"stale","ubole"
182,"an","an-last_blank","last_blank",1,63,"lą-last_blank","lą",63,0,0,1,"stan","stlą"
943,"sta","sta-tek","tek",2,3,"pro-tek","pro",3,0,0,1,"statek","protek"
583,"tua","tua-last_blank","last_blank",2,1,"żsi-last_blank","żsi",1,0,0,1,"statua","stażsi"
843,"st","st-o","o",1,1,"kł-o","kł",1,0,0,1,"sto","kło"
954,"first_blank","first_blank-sto","sto",4,143,"first_blank-przed","przed",115,28,2,1,"stosowanie","przedsowanie"
636,"ra","ra-ch","ch",1,2,"ra-ze","ze",2,0,0,1,"strach","straze"
849,"ra","ra-jk","jk",1,1,"ra-ph","ph",1,0,0,1,"strajk","straph"
783,"strasz","strasz-ny","ny",2,2,"strzen-ny","strzen",3,1,0,1,"straszny","strzenny"
543,"first_blank","first_blank-stra","stra",3,108,"first_blank-zmie","zmie",107,1,0,1,"strategia","zmietegia"
603,"first_blank","first_blank-stre","stre",2,24,"first_blank-trud","trud",24,0,0,1,"strefa","trudfa"
539,"first_blank","first_blank-struk","struk",3,6,"first_blank-ogrod","ogrod",6,0,0,1,"struktura","ogrodtura"
786,"lać","lać-last_blank","last_blank",2,44,"ria-last_blank","ria",44,0,0,1,"strzelać","strzeria"
229,"first_blank","first_blank-strzy","strzy",3,9,"first_blank-zdraj","zdraj",9,0,0,1,"strzykawka","zdrajkawka"
707,"yl","yl-last_blank","last_blank",1,3,"sp-last_blank","sp",3,0,0,1,"styl","stsp"
949,"ro","ro-wać","wać",4,71,"ro-dziej","dziej",10,61,2,1,"sugerować","sugerodziej"
761,"kien","kien-ka","ka",3,1,"bric-ka","bric",1,0,0,1,"sukienka","subricka"
794,"first_blank","first_blank-świa","świa",3,51,"first_blank-szko","szko",51,0,0,1,"świadectwo","szkodectwo"
387,"first_blank","first_blank-św","św",1,12,"first_blank-zj","zj",12,0,0,1,"świat","zjiat"
326,"first_blank","first_blank-świa","świa",3,51,"first_blank-szko","szko",51,0,0,1,"światowy","szkotowy"
347,"świe","świe-ca","ca",2,2,"słań-ca","słań",2,0,0,2,"świeca","słańca"
139,"świet","świet-nie","nie",2,1,"zmien-nie","zmien",1,0,0,1,"świetnie","zmiennie"
334,"first_blank","first_blank-świ","świ",2,34,"first_blank-zba","zba",34,0,0,1,"świnia","zbania"
935,"św","św-it","it",1,1,"cu-it","cu",1,0,0,1,"świt","cuit"
114,"gnał","gnał-last_blank","last_blank",2,3,"rzaj-last_blank","rzaj",3,0,0,1,"sygnał","syrzaj"
188,"bol","bol-last_blank","last_blank",2,4,"cii-last_blank","cii",4,0,0,1,"symbol","symcii"
103,"sy","sy-n","n",1,1,"xo-n","xo",1,0,0,1,"syn","xon"
572,"pial","pial-nia","nia",3,2,"ście-nia","ście",2,0,0,1,"sypialnia","syścienia"
728,"first_blank","first_blank-sys","sys",2,12,"first_blank-mak","mak",12,0,0,1,"system","maktem"
888,"pan","pan-last_blank","last_blank",2,6,"dow-last_blank","dow",6,0,0,1,"szampan","szamdow"
633,"taż","taż-last_blank","last_blank",2,5,"ary-last_blank","ary",5,0,0,1,"szantaż","szanary"
21,"pion","pion-ka","ka",3,3,"bram-ka","bram",3,0,0,1,"szczepionka","szczebramka"
937,"first_blank","first_blank-szczę","szczę",3,41,"first_blank-znisz","znisz",40,1,0,2,"szczęśliwy","zniszśliwy"
417,"first_blank","first_blank-sz","sz",1,83,"first_blank-ri","ri",83,0,0,1,"szczur","riczur"
382,"sz","sz-ef","ef",1,1,"tr-ef","tr",1,0,0,1,"szef","tref"
851,"first_blank","first_blank-szef","szef",3,1,"first_blank-chit","chit",1,0,0,1,"szef kuchni","chit kuchni"
870,"first_blank","first_blank-sze","sze",3,62,"first_blank-fran","fran",64,2,1,1,"szeroki","franroki"
289,"szko","szko-ła","ła",2,2,"trzy-ła","trzy",2,0,0,2,"szkoła","trzyła"
886,"first_blank","first_blank-szop","szop",2,3,"first_blank-zsyn","zsyn",3,0,0,1,"szop pracz","zsyn pracz"
438,"first_blank","first_blank-sztucz","sztucz",2,17,"first_blank-wszech","wszech",17,0,0,2,"sztuczny","wszechny"
191,"first_blank","first_blank-sztu","sztu",2,8,"first_blank-trau","trau",8,0,0,1,"sztuka","trauka"
607,"szyb","szyb-ki","ki",2,1,"sców-ki","sców",1,0,0,1,"szybki","scówki"
606,"szyb","szyb-ko","ko",2,3,"skut-ko","skut",3,0,0,1,"szybko","skutko"
195,"szy","szy-ja","ja",2,1,"kle-ja","kle",1,0,0,1,"szyja","kleja"
721,"jem","jem-ni","ni",4,33,"strze-ni","strze",15,18,2,1,"tajemnica","tastrzenica"
863,"ta","ta-k","k",1,1,"on-k","on",1,0,0,1,"tak","onk"
600,"ta","ta-lent","lent",2,1,"ta-ijut","ijut",1,0,0,1,"talent","taijut"
397,"lerz","lerz-last_blank","last_blank",2,2,"zasz-last_blank","zasz",2,0,0,1,"talerz","tazasz"
256," kart"," kart-last_blank","last_blank",3,1,"fgang-last_blank","fgang",1,0,0,1,"talia kart","taliafgang"
839,"ta","ta-m","m",1,1,"łe-m","łe",1,0,0,1,"tam","łem"
150,"ta","ta-ni","ni",2,18,"ta-łem","łem",18,0,1,1,"tani","tałem"
813,"ta","ta-niec","niec",2,1,"ta-fium","fium",1,0,0,1,"taniec","tafium"
914,"ta","ta-ta","ta",2,3,"ta-sie","sie",3,0,1,1,"tata","tasie"
285,"atr","atr-last_blank","last_blank",2,1,"deń-last_blank","deń",1,0,0,1,"teatr","tedeń"
383,"first_blank","first_blank-tech","tech",3,38,"first_blank-chro","chro",38,0,0,1,"technika","chronika"
169,"fon","fon-last_blank","last_blank",3,8,"znał-last_blank","znał",8,0,1,1,"telefon","teleznał"
668,"zja","zja-last_blank","last_blank",4,23,"field-last_blank","field",22,1,2,1,"telewizja","telewifield"
95,"first_blank","first_blank-tem","tem",5,21,"first_blank-oczysz","oczysz",20,1,3,1,"temperatura","oczyszperatura"
207,"ni","ni-s zie","s zie",4,1,"ni-zmach","zmach",1,0,0,1,"tenis ziemny","tenizmachmny"
586,"first_blank","first_blank-teo","teo",2,14,"first_blank-znu","znu",14,0,0,1,"teoria","znuria"
173,"te","te-st","st",1,1,"mi-st","mi",1,0,0,1,"test","mist"
998,"first_blank","first_blank-tęt","tęt",3,11,"first_blank-pasz","pasz",11,0,1,1,"tętnica","pasznica"
736,"tkan","tkan-ka","ka",2,1,"sków-ka","sków",1,0,0,1,"tkanka","skówka"
604,"first_blank","first_blank-tl","tl",1,4,"first_blank-gm","gm",4,0,0,1,"tlen","gmen"
827,"to","to-nąć","nąć",2,2,"to-wal","wal",2,0,0,1,"tonąć","towal"
739,"first_blank","first_blank-tor","tor",2,51,"first_blank-zmy","zmy",51,0,0,1,"torba","zmyba"
227,"first_blank","first_blank-tor","tor",3,51,"first_blank-świa","świa",51,0,1,1,"tornado","świanado"
147,"first_blank","first_blank-tor","tor",4,51,"first_blank-przyj","przyj",54,3,2,1,"torturować","przyjturować"
176,"szyć","szyć-last_blank","last_blank",4,53,"niesz-last_blank","niesz",53,0,1,1,"towarzyszyć","towarzyniesz"
470,"dy","dy-cyj","cyj",4,9,"dy-stans","stans",1,8,2,1,"tradycyjny","tradystansny"
755,"gicz","gicz-ny","ny",3,16,"czal-ny","czal",9,7,0,1,"tragiczny","traczalny"
497,"kąt","kąt-last_blank","last_blank",2,1,"leh-last_blank","leh",1,0,0,1,"trójkąt","trójleh"
317,"tr","tr-on","on",1,1,"ph-on","ph",1,0,0,1,"tron","phon"
37,"skaw","skaw-ka","ka",3,2,"czyn-ka","czyn",2,0,0,1,"truskawka","truczynka"
533,"wa","wa-ć","ć",1,2,"ró-ć","ró",2,0,0,1,"trwać","trróć"
244,"tr","tr-zy","zy",1,3,"en-zy","en",3,0,0,1,"trzy","enzy"
859,"mać","mać-last_blank","last_blank",2,27,"rię-last_blank","rię",27,0,0,1,"trzymać","trzyrię"
411,"nel","nel-last_blank","last_blank",2,11,"low-last_blank","low",11,0,0,1,"tunel","tulow"
390,"dzień","dzień-last_blank","last_blank",2,5,"ściej-last_blank","ściej",5,0,0,1,"tydzień","tyściej"
102,"dnio","dnio-wo","wo",4,2,"uczci-wo","uczci",2,0,1,1,"tygodniowo","tygouczciwo"
642,"first_blank","first_blank-ty","ty",1,162,"first_blank-be","be",162,0,0,1,"tył","beł"
233,"tuł","tuł-last_blank","last_blank",2,1,"naś-last_blank","naś",1,0,0,1,"tytuł","tynaś"
496,"ho","ho-last_blank","last_blank",1,9,"ai-last_blank","ai",9,0,0,1,"ucho","ucai"
847,"first_blank","first_blank-uciecz","uciecz",2,5,"first_blank-uczęsz","uczęsz",5,0,0,1,"ucieczka","uczęszka"
360,"first_blank","first_blank-uczci","uczci",2,15,"first_blank-szczu","szczu",15,0,0,2,"uczciwość","szczuwość"
655,"first_blank","first_blank-uczci","uczci",2,15,"first_blank-szczu","szczu",15,0,0,2,"uczciwy","szczuwy"
901,"uczu","uczu-cie","cie",2,1,"macz-cie","macz",1,0,0,1,"uczucie","maczcie"
574,"ry","ry-ć","ć",1,3,"oś-ć","oś",3,0,0,1,"ukryć","ukość"
10,"first_blank","first_blank-uli","uli",2,8,"first_blank-amu","amu",8,0,0,1,"ulica","amuca"
570,"first_blank","first_blank-umie","umie",3,61,"first_blank-skon","skon",61,0,0,1,"umiejętność","skonjętność"
97,"first_blank","first_blank-umie","umie",2,61,"first_blank-dzia","dzia",61,0,0,1,"umierać","dziarać"
759,"kal","kal-ny","ny",3,8,"tecz-ny","tecz",8,0,1,1,"unikalny","uniteczny"
804,"tet","tet-last_blank","last_blank",4,7,"skasz-last_blank","skasz",7,0,2,1,"uniwersytet","uniwersyskasz"
595,"first_blank","first_blank-upro","upro",3,11,"first_blank-ście","ście",11,0,0,1,"uprowadzać","ściewadzać"
30,"uro","uro-czy","czy",2,10,"męż-czy","męż",10,0,0,1,"uroczy","mężczy"
694,"first_blank","first_blank-uro","uro",3,87,"first_blank-pier","pier",88,1,1,1,"urodziny","pierdziny"
974,"first_blank","first_blank-urzą","urzą",3,31,"first_blank-nisz","nisz",31,0,0,1,"urządzenie","niszdzenie"
491,"first_blank","first_blank-urzęd","urzęd",2,6,"first_blank-uzgod","uzgod",6,0,0,1,"urzędnik","uzgodnik"
555,"uś","uś-ci","ci",1,1,"al-ci","al",1,0,0,1,"uścisk","alcisk"
719,"us","us-tę","tę",1,2,"us-zł","zł",2,0,0,1,"ustęp","uszłp"
919,"usu","usu-nąć","nąć",2,1,"gad-nąć","gad",1,0,0,1,"usunąć","gadnąć"
860,"first_blank","first_blank-utrzy","utrzy",3,39,"first_blank-dziew","dziew",39,0,0,2,"utrzymywać","dziewmywać"
957,"żać","żać-last_blank","last_blank",2,26,"nim-last_blank","nim",26,0,0,1,"uważać","uwanim"
267,"first_blank","first_blank-uwię","uwię",3,17,"first_blank-wspi","wspi",17,0,0,1,"uwięzienie","wspizienie"
969,"first_blank","first_blank-uzdro","uzdro",2,9,"first_blank-zdraj","zdraj",9,0,0,1,"uzdrowić","zdrajwić"
418,"órę","órę-last_blank","last_blank",2,1,"poń-last_blank","poń",1,0,0,1,"w górę","w gpoń"
420,"dku","dku-last_blank","last_blank",2,1,"owe-last_blank","owe",1,0,0,1,"w środku","w śroowe"
66,"ka","ka-cje","cje",3,10,"ka-wiar","wiar",5,5,1,1,"wakacje","wakawiar"
6,"liz","liz-ka","ka",3,2,"środ-ka","środ",2,0,1,1,"walizka","waśrodka"
945,"pir","pir-last_blank","last_blank",2,1,"nod-last_blank","nod",1,0,0,1,"wampir","wamnod"
106,"lia","lia-last_blank","last_blank",3,34,"czej-last_blank","czej",34,0,1,1,"wanilia","waniczej"
440,"tro","tro-ba","ba",3,1,"szaj-ba","szaj",1,0,1,1,"wątroba","wąszajba"
727,"son.","son.-last_blank","last_blank",2,1,"pork-last_blank","pork",1,0,0,1,"watson.","watpork"
690,"first_blank","first_blank-wą","wą",1,41,"first_blank-pę","pę",41,0,0,1,"wąż","pęż"
585,"first_blank","first_blank-wąż","wąż",4,1,"first_blank-szczą","szczą",1,0,2,1,"wąż gumowy","szczą gumowy"
77,"first_blank","first_blank-waż","waż",2,30,"first_blank-któ","któ",30,0,0,1,"ważny","któny"
608,"first_blank","first_blank-wcze","wcze",2,23,"first_blank-skom","skom",23,0,0,2,"wcześnie","skomśnie"
167,"raj","raj-last_blank","last_blank",2,20,"nes-last_blank","nes",20,0,0,1,"wczoraj","wczones"
209,"first_blank","first_blank-wdzięcz","wdzięcz",2,9,"first_blank-wstrzyk","wstrzyk",8,1,0,4,"wdzięczność","wstrzykność"
578,"kar","kar-stwo","stwo",3,2,"kar-misz","misz",2,0,0,1,"wędkarstwo","wędkarmisz"
923,"first_blank","first_blank-wej","wej",2,22,"first_blank-kol","kol",22,0,0,1,"wejście","kolście"
959,"first_blank","first_blank-wen","wen",4,16,"first_blank-błysz","błysz",16,0,2,1,"wentylacja","błysztylacja"
377,"nus","nus-last_blank","last_blank",2,8,"fon-last_blank","fon",8,0,0,1,"wenus","wefon"
354,"so","so-ły","ły",3,1,"so-kosc","kosc",1,0,2,1,"wesoły","wesokosc"
512,"do","do-mość","mość",3,5,"do-stań","stań",5,0,0,1,"wiadomość","wiadostań"
385,"wia","wia-ra","ra",2,1,"fle-ra","fle",1,0,0,1,"wiara","flera"
921,"ry","ry-god","god",4,22,"ry-stycz","stycz",24,2,2,1,"wiarygodny","wiarystyczny"
881,"first_blank","first_blank-wią","wią",3,17,"first_blank-utwo","utwo",17,0,1,1,"wiązanie","utwozanie"
364,"de","de-lec","lec",3,1,"de-rwał","rwał",1,0,1,1,"widelec","widerwał"
553,"deo","deo-last_blank","last_blank",2,4,"fry-last_blank","fry",4,0,0,1,"wideo","wifry"
468,"czór","czór-last_blank","last_blank",2,1,"szly-last_blank","szly",1,0,0,1,"wieczór","wieszly"
141,"dza","dza-last_blank","last_blank",2,76,"żyć-last_blank","żyć",77,1,0,1,"wiedza","wieżyć"
702,"dział","dział-last_blank","last_blank",2,24,"dzasz-last_blank","dzasz",24,0,0,1,"wiedział","wiedzasz"
824,"dzieć","dzieć-last_blank","last_blank",2,21,"ciach-last_blank","ciach",21,0,0,3,"wiedzieć","wieciach"
885,"wier","wier-ny","ny",2,4,"licz-ny","licz",4,0,0,1,"wierny","liczny"
820,"wi","wi-er","er",1,4,"wi-za","za",4,0,0,1,"wiersz","wizasz"
941,"zień","zień-last_blank","last_blank",2,2,"gher-last_blank","gher",2,0,0,1,"więzień","więgher"
303,"first_blank","first_blank-wię","wię",3,26,"first_blank-zdzi","zdzi",26,0,1,1,"więzienie","zdzizienie"
446,"lk","lk-last_blank","last_blank",1,10,"uć-last_blank","uć",10,0,0,1,"wilk","wiuć"
457,"first_blank","first_blank-win","win",2,50,"first_blank-ści","ści",50,0,0,1,"winny","ściny"
478,"first_blank","first_blank-wio","wio",2,39,"first_blank-sen","sen",39,0,0,1,"wioska","senska"
50,"wi","wi-ta","ta",4,36,"sprzą-ta","sprzą",28,8,3,1,"witamina","sprzątamina"
477,"zja","zja-last_blank","last_blank",2,23,"lin-last_blank","lin",23,0,0,1,"wizja","wilin"
911,"first_blank","first_blank-wkła","wkła",2,17,"first_blank-wsty","wsty",17,0,0,1,"wkładać","wstydać"
893,"ciel","ciel-last_blank","last_blank",3,23,"gnąć-last_blank","gnąć",23,0,0,1,"właściciel","właścignąć"
879,"first_blank","first_blank-wód","wód",2,5,"first_blank-dor","dor",5,0,0,1,"wódka","dorka"
877,"dór","dór-last_blank","last_blank",2,1,"etu-last_blank","etu",1,0,0,1,"wodór","woetu"
398,"jow","jow-nik","nik",3,2,"ręcz-nik","ręcz",2,0,1,1,"wojownik","woręcznik"
107,"first_blank","first_blank-woj","woj",3,24,"first_blank-bran","bran",24,0,1,1,"wojskowy","branskowy"
798,"first_blank","first_blank-wol","wol",2,33,"first_blank-shi","shi",33,0,0,1,"wolny","shiny"
125,"first_blank","first_blank-wraż","wraż",3,12,"first_blank-skry","skry",12,0,0,1,"wrażliwy","skryliwy"
934,"ch","ch-ód","ód",1,2,"ch-es","es",2,0,0,1,"wschód","wsches"
206,"kłość","kłość-last_blank","last_blank",2,1,"kreśl-last_blank","kreśl",1,0,0,1,"wściekłość","wściekreśl"
662,"first_blank","first_blank-wska","wska",2,49,"first_blank-wiel","wiel",49,0,0,1,"wskazać","wielzać"
584,"first_blank","first_blank-wspar","wspar",2,4,"first_blank-edwar","edwar",4,0,0,1,"wsparcie","edwarcie"
907,"rać","rać-last_blank","last_blank",2,48,"łów-last_blank","łów",48,0,0,1,"wspierać","wspiełów"
99,"first_blank","first_blank-współ","współ",3,83,"first_blank-spraw","spraw",76,7,0,1,"współczucie","sprawczucie"
587,"wto","wto-rek","rek",2,1,"ade-rek","ade",1,0,0,1,"wtorek","aderek"
915,"bierz","bierz-last_blank","last_blank",2,7,"rzasz-last_blank","rzasz",7,0,0,2,"wybierz","wyrzasz"
261,"bór","bór-last_blank","last_blank",2,5,"mad-last_blank","mad",5,0,0,1,"wybór","wymad"
265,"bor","bor-ca","ca",3,1,"krzy-ca","krzy",1,0,1,1,"wyborca","wykrzyca"
546,"brze","brze-że","że",3,2,"zwią-że","zwią",2,0,0,1,"wybrzeże","wyzwiąże"
376,"wy","wy-dać","dać",2,1,"wy-spu","spu",1,0,0,1,"wydać","wyspu"
978,"da","da-rze","rze",4,11,"da-niach","niach",2,9,2,1,"wydarzenie","wydaniachnie"
370,"wa","wa-nie","nie",5,286,"wa-chlarz","chlarz",1,285,3,1,"wygórowanie","wygórowachlarz"
967,"grać","grać-last_blank","last_blank",2,7,"tron-last_blank","tron",7,0,0,1,"wygrać","wytron"
645,"wy","wy-jazd","jazd",2,1,"wy-krze","krze",1,0,0,1,"wyjazd","wykrze"
724,"wy","wy-kład","kład",2,2,"wy-bran","bran",2,0,0,1,"wykład","wybran"
891,"na","na-nie","nie",4,14,"na-stycz","stycz",4,10,2,1,"wykonanie","wykonastycz"
629,"mów","mów-ka","ka",3,2,"denc-ka","denc",2,0,1,1,"wymówka","wydencka"
925,"jem","jem-last_blank","last_blank",3,35,"dzać-last_blank","dzać",35,0,1,1,"wynajem","wynadzać"
926,"wy","wy-nik","nik",2,3,"wy-mor","mor",3,0,0,1,"wynik","wymor"
963,"miać","miać-last_blank","last_blank",4,3,"chych-last_blank","chych",3,0,1,1,"wyolbrzymiać","wyolbrzychych"
234,"pa","pa-dek","dek",3,2,"pa-mięć","mięć",2,0,1,1,"wypadek","wypamięć"
769,"sa","sa-żyć","żyć",4,1,"sa-niach","niach",1,0,2,1,"wyposażyć","wyposaniach"
31,"wy","wy-prze","prze",3,15,"wy-szko","szko",12,3,0,1,"wyprzedaż","wyszkodaż"
746,"że","że-nie","nie",4,51,"że-glarz","glarz",1,50,2,1,"wyrażenie","wyrażeglarz"
502,"zić","zić-last_blank","last_blank",3,27,"gasz-last_blank","gasz",27,0,1,1,"wyrazić","wyragasz"
747,"rok","rok-last_blank","last_blank",2,3,"num-last_blank","num",3,0,0,1,"wyrok","wynum"
374,"ści","ści-gi","gi",3,2,"usłu-gi","usłu",2,0,1,1,"wyścigi","wyusługi"
649,"słać","słać-last_blank","last_blank",2,9,"szeń-last_blank","szeń",9,0,0,1,"wysłać","wyszeń"
465,"wy","wy-so","so",3,19,"wy-czer","czer",19,0,2,1,"wysoka","wyczerka"
864,"kość","kość-last_blank","last_blank",3,10,"berg-last_blank","berg",10,0,0,1,"wysokość","wysoberg"
138,"star","star-cza","cza",5,27,"oczysz-cza","oczysz",7,20,2,1,"wystarczający","wyoczyszczający"
194,"sta","sta-wa","wa",3,33,"wpro-wa","wpro",36,3,1,1,"wystawa","wywprowa"
571,"stęp","stęp-last_blank","last_blank",2,6,"siąt-last_blank","siąt",6,0,0,1,"występ","wysiąt"
654,"znać","znać-last_blank","last_blank",2,10,"złeś-last_blank","złeś",10,0,0,1,"wyznać","wyzłeś"
640,"zwa","zwa-nie","nie",3,3,"osob-nie","osob",3,0,1,1,"wyzwanie","wyosobnie"
485,"cep","cep-to","to",5,20,"kształ-to","kształ",1,19,3,1,"zaakceptować","zaakkształtować"
220,"first_blank","first_blank-zą","zą",1,2,"first_blank-nc","nc",2,0,0,1,"ząb","ncb"
346,"baw","baw-ka","ka",3,2,"zwle-ka","zwle",2,0,1,1,"zabawka","zazwleka"
956,"za","za-bić","bić",2,1,"za-dat","dat",1,0,0,1,"zabić","zadat"
580,"za","za-chod","chod",3,9,"za-dzia","dzia",9,0,0,1,"zachodni","zadziani"
323,"giel","giel-last_blank","last_blank",2,5,"niów-last_blank","niów",5,0,0,1,"żagiel","żaniów"
709,"gro","gro-że","że",4,8,"oskar-że","oskar",8,0,2,1,"zagrożenie","zaoskarżenie"
939,"zać","zać-last_blank","last_blank",3,29,"chów-last_blank","chów",29,0,1,1,"zakazać","zakachów"
950,"rzo","rzo-ny","ny",4,23,"stycz-ny","stycz",21,2,2,1,"zakurzony","zakustyczny"
456,"sne","sne-last_blank","last_blank",3,22,"rzać-last_blank","rzać",22,0,1,1,"żałosne","żałorzać"
895,"że","że-nie","nie",4,51,"że-brach","brach",1,50,2,1,"założenie","założebrach"
292,"mek","mek-last_blank","last_blank",2,14,"gaj-last_blank","gaj",14,0,0,1,"zamek","zagaj"
75,"miar","miar-last_blank","last_blank",2,7,"tarz-last_blank","tarz",7,0,0,1,"zamiar","zatarz"
514,"mknię","mknię-cie","cie",3,1,"szczę-cie","szczę",1,0,0,1,"zamknięcie","zaszczęcie"
932,"mknię","mknię-te","te",3,2,"otwar-te","otwar",2,0,0,2,"zamknięte","zaotwarte"
301,"mó","mó-wie","wie",4,17,"mó-zgach","zgach",1,16,2,1,"zamówienie","zamózgachnie"
781,"za","za-mra","mra",3,6,"za-płod","płod",6,0,1,1,"zamrażać","zapłodżać"
752,"za","za-nik","nik",2,2,"za-głę","głę",2,0,0,1,"zanik","zagłę"
750,"za","za-pach","pach",2,1,"za-pier","pier",1,0,0,1,"zapach","zapier"
948,"taj","taj-last_blank","last_blank",4,20,"miesz-last_blank","miesz",20,0,2,1,"zapamiętaj","zapamięmiesz"
892,"niać","niać-last_blank","last_blank",3,47,"stów-last_blank","stów",48,1,0,1,"zapewniać","zapewstów"
675,"sać","sać-last_blank","last_blank",3,23,"ścia-last_blank","ścia",23,0,1,1,"zapisać","zapiścia"
665," się"," się-last_blank","last_blank",4,1,"przód-last_blank","przód",1,0,1,1,"zapytać się","zapytaćprzód"
809,"ża","ża-rt","rt",1,1,"bi-rt","bi",1,0,0,1,"żart","birt"
924,"pić","pić-last_blank","last_blank",3,45,"stów-last_blank","stów",48,3,1,1,"zastąpić","zastąstów"
124,"strzyk","strzyk-last_blank","last_blank",2,1,"strial-last_blank","strial",1,0,0,1,"zastrzyk","zastrial"
947,"trzy","trzy-mać","mać",3,8,"skła-mać","skła",1,7,0,1,"zatrzymać","zaskłamać"
599,"ufa","ufa-nie","nie",3,1,"krew-nie","krew",1,0,1,1,"zaufanie","zakrewnie"
249," się"," się-last_blank","last_blank",4,1,"biesz-last_blank","biesz",1,0,1,1,"zawalić się","zawalićbiesz"
958,"tość","tość-last_blank","last_blank",3,9,"kins-last_blank","kins",9,0,0,1,"zawartość","zawarkins"
463,"wsze","wsze-last_blank","last_blank",2,1,"scue-last_blank","scue",1,0,0,1,"zawsze","zascue"
64,"ciel","ciel-last_blank","last_blank",3,23,"gnąć-last_blank","gnąć",23,0,0,1,"zbawiciel","zbawignąć"
846,"first_blank","first_blank-zb","zb",1,18,"first_blank-wr","wr",18,0,0,1,"zbieg","wrieg"
814,"first_blank","first_blank-zbro","zbro",2,10,"first_blank-zmia","zmia",10,0,0,1,"zbroja","zmiaja"
23,"first_blank","first_blank-zbro","zbro",3,10,"first_blank-szyj","szyj",10,0,0,1,"zbrojownia","szyjjownia"
72,"first_blank","first_blank-zbu","zbu",3,41,"first_blank-skar","skar",41,0,1,1,"zbudować","skardować"
965,"first_blank","first_blank-zda","zda",2,66,"first_blank-pły","pły",66,0,0,1,"zdarzyć","płyrzyć"
966,"zdję","zdję-cie","cie",2,1,"znok-cie","znok",1,0,0,1,"zdjęcie","znokcie"
806,"first_blank","first_blank-zdraj","zdraj",2,9,"first_blank-uzdro","uzdro",9,0,0,1,"zdrajca","uzdroca"
101,"że","że-last_blank","last_blank",1,111,"rę-last_blank","rę",108,3,0,1,"że","rę"
971,"brać","brać-last_blank","last_blank",2,12,"bert-last_blank","bert",12,0,0,1,"zebrać","zebert"
698,"psuć","psuć-last_blank","last_blank",2,2,"płem-last_blank","płem",2,0,0,1,"zepsuć","zepłem"
356,"spół","spół-last_blank","last_blank",2,1,"scig-last_blank","scig",1,0,0,1,"zespół","zescig"
507,"ze","ze-spół","spół",5,1,"ze-chcieć","chcieć",1,0,2,1,"zespół muzyczny","zechcieć muzyczny"
878,"wnętrz","wnętrz-ny","ny",3,3,"strzen-ny","strzen",3,0,0,2,"zewnętrzny","zestrzenny"
349,"zi","zi-ma","ma",2,1,"ter-ma","ter",1,0,1,1,"zima","terma"
979,"pać","pać-last_blank","last_blank",2,39,"kuj-last_blank","kuj",39,0,0,1,"złapać","złakuj"
133,"first_blank","first_blank-zł","zł",1,18,"first_blank-ut","ut",18,0,0,1,"zły","uty"
731,"zmu","zmu-szać","szać",2,1,"cie-szać","cie",1,0,0,1,"zmuszać","cieszać"
516,"zna","zna-cze","cze",3,13,"przy-cze","przy",12,1,1,1,"znaczenie","przyczenie"
811,"first_blank","first_blank-znaj","znaj",3,35,"first_blank-okre","okre",35,0,0,1,"znajdować","okredować"
327,"znisz","znisz-cze","cze",3,10,"współ-cze","współ",10,0,0,2,"zniszczenie","współczenie"
112,"first_blank","first_blank-żół","żół",2,29,"first_blank-pen","pen",29,0,0,1,"żółty","penty"
744,"łw","łw-last_blank","last_blank",1,1,"źo-last_blank","źo",1,0,0,1,"żółw","żóźo"
380,"first_blank","first_blank-żo","żo",2,25,"first_blank-sty","sty",25,0,1,1,"żona","styna"
569,"first_blank","first_blank-żo","żo",3,25,"first_blank-ozna","ozna",25,0,2,1,"żonaty","oznanaty"
990,"first_blank","first_blank-zor","zor",5,29,"first_blank-umiesz","umiesz",19,10,3,1,"zorganizować","umieszganizować"
363,"first_blank","first_blank-żu","żu",1,15,"first_blank-ea","ea",15,0,0,1,"żuć","eać"
525,"first_blank","first_blank-zwa","zwa",4,61,"first_blank-miesz","miesz",58,3,2,1,"zwariowany","mieszriowany"
766,"first_blank","first_blank-zwe","zwe",5,1,"first_blank-briarc","briarc",1,0,3,1,"zweryfikować","briarcryfikować"
44,"rzę","rzę-last_blank","last_blank",2,33,"ler-last_blank","ler",32,1,0,1,"zwierzę","zwieler"
91,"zwło","zwło-ki","ki",2,1,"twor-ki","twor",1,0,0,1,"zwłoki","tworki"
689,"zwol","zwol-nie","nie",3,5,"rycz-nie","rycz",5,0,0,1,"zwolnienie","rycznienie"
630,"cięz","cięz-ca","ca",3,2,"step-ca","step",2,0,0,1,"zwycięzca","zwystepca"
469,"kle","kle-last_blank","last_blank",2,13,"żeń-last_blank","żeń",13,0,0,1,"zwykle","zwyżeń"
997,"kły","kły-last_blank","last_blank",2,10,"mar-last_blank","mar",10,0,0,1,"zwykły","zwymar"
611,"ży","ży-cze","cze",3,8,"ży-wasz","wasz",4,4,1,1,"życzenie","żywasznie"
