"word_id","first","original_pair","second","syll","original_freq","replacement_pair","replacement_syll","replacement_freq","freq_diff","char_diff","letter_diff","original_word","replacement_word"
640,"lut","lut-nie","nie",4,1,"ochro-nie","ochro",1,0,2,1,"absolutnie","absoochronie"
623,"cja","cja-last_blank","last_blank",5,258,"dziesz-last_blank","dziesz",38,220,3,1,"administracja","administradziesz"
405,"first_blank","first_blank-afry","afry",2,13,"first_blank-zgro","zgro",13,0,0,1,"afryka","zgroka"
3,"first_blank","first_blank-ag","ag",1,10,"first_blank-nę","nę",10,0,0,1,"agent","nęent"
4,"ds","ds-last_blank","last_blank",1,8,"hu-last_blank","hu",8,0,0,1,"aids","aihu"
32,"tów","tów-ka","ka",3,4,"śnia-ka","śnia",4,0,1,1,"aktówka","akśniaka"
430,"tyw","tyw-ny","ny",3,12,"czal-ny","czal",9,3,1,1,"aktywny","akczalny"
821,"ar","ar-m","m",1,2,"na-m","na",2,0,0,1,"alarm","alnam"
660,"bum","bum-last_blank","last_blank",2,1,"ńor-last_blank","ńor",1,0,0,1,"album","alńor"
502,"first_blank","first_blank-ale","ale",2,22,"first_blank-fra","fra",22,0,0,1,"aleja","fraja"
6,"hol","hol-last_blank","last_blank",3,2,"nież-last_blank","nież",2,0,1,1,"alkohol","alkonież"
387,"first_blank","first_blank-ama","ama",2,24,"first_blank-bal","bal",24,0,0,1,"amator","baltor"
93,"first_blank","first_blank-am","am",4,66,"first_blank-strze","strze",65,1,3,1,"ambasada","strzebasada"
11,"dor","dor-last_blank","last_blank",4,15,"chach-last_blank","chach",15,0,2,1,"ambasador","ambasachach"
12,"lans","lans-last_blank","last_blank",3,3,"czom-last_blank","czom",3,0,0,1,"ambulans","ambuczom"
951,"tyk","tyk-last_blank","last_blank",3,20,"gram-last_blank","gram",20,0,1,1,"analityk","analigram"
992,"chia","chia-last_blank","last_blank",2,3,"ashi-last_blank","ashi",3,0,0,1,"anarchia","anarashi"
967,"first_blank","first_blank-ana","ana",3,43,"first_blank-stwo","stwo",43,0,1,1,"anatomia","stwotomia"
13,"an","an-io","io",1,2,"an-ny","ny",2,0,0,1,"anioł","annył"
14,"first_blank","first_blank-ano","ano",4,18,"first_blank-uśmie","uśmie",18,0,2,1,"anonimowy","uśmienimowy"
15,"tum","tum-last_blank","last_blank",4,8,"biasz-last_blank","biasz",8,0,2,1,"antidotum","antidobiasz"
975,"first_blank","first_blank-are","are",2,6,"first_blank-mno","mno",6,0,0,1,"arena","mnona"
989,"nał","nał-last_blank","last_blank",3,21,"czyc-last_blank","czyc",21,0,1,1,"arsenał","arseczyc"
18,"fakt","fakt-last_blank","last_blank",3,1,"boya-last_blank","boya",1,0,0,1,"artefakt","arteboya"
487,"kuł","kuł-last_blank","last_blank",3,5,"siów-last_blank","siów",5,0,1,1,"artykuł","artysiów"
425,"sta","sta-last_blank","last_blank",3,110,"ścią-last_blank","ścią",110,0,1,1,"artysta","artyścią"
725,"first_blank","first_blank-aspi","aspi",3,4,"first_blank-king","king",4,0,0,1,"aspiryna","kingryna"
675,"first_blank","first_blank-astro","astro",3,14,"first_blank-sprzy","sprzy",14,0,0,1,"astronauta","sprzynauta"
895,"first_blank","first_blank-ato","ato",3,13,"first_blank-ogól","ogól",13,0,1,1,"atomowy","ogólmowy"
19,"first_blank","first_blank-atrak","atrak",3,17,"first_blank-obrzy","obrzy",17,0,0,1,"atrakcyjny","obrzycyjny"
666,"kcja","kcja-last_blank","last_blank",2,1,"ichś-last_blank","ichś",1,0,0,1,"aukcja","auichś"
21,"graf","graf-last_blank","last_blank",3,7,"lizm-last_blank","lizm",7,0,0,1,"autograf","autolizm"
20,"tor","tor-last_blank","last_blank",2,104,"czę-last_blank","czę",104,0,0,1,"autor","auczę"
599,"da","da-nia","nia",3,33,"da-jesz","jesz",10,23,1,1,"badania","badajesz"
957,"da","da-nie","nie",3,41,"da-jesz","jesz",10,31,1,1,"badanie","badajesz"
817,"lan","lan-so","so",4,1,"thomp-so","thomp",2,1,2,1,"balansować","bathompsować"
23,"ba","ba-nan","nan",2,1,"ba-sem","sem",1,0,0,1,"banan","basem"
601,"ban","ban-da","da",2,5,"gro-da","gro",4,1,0,1,"banda","groda"
24,"kier","kier-last_blank","last_blank",2,7,"rzej-last_blank","rzej",7,0,0,1,"bankier","banrzej"
25,"ko","ko-wość","wość",3,2,"ko-dusz","dusz",2,0,0,1,"bankowość","bankodusz"
756,"ba","ba-ron","ron",2,1,"ba-sem","sem",1,0,0,1,"baron","basem"
436," się"," się-last_blank","last_blank",3,1,"mium-last_blank","mium",1,0,0,1,"bawić się","bawićmium"
903,"ba","ba-za","za",2,2,"gno-za","gno",2,0,1,1,"baza","gnoza"
27,"stia","stia-last_blank","last_blank",2,6,"skaj-last_blank","skaj",6,0,0,1,"bestia","beskaj"
575,"be","be-ton","ton",2,1,"be-lię","lię",1,0,0,1,"beton","belię"
547,"czeń","czeń-stwo","stwo",4,4,"strzo-stwo","strzo",1,3,1,1,"bezpieczeństwo","bezpiestrzostwo"
728,"piecz","piecz-ny","ny",3,3,"słusz-ny","słusz",3,0,0,1,"bezpieczny","bezsłuszny"
485,"śred","śred-ni","ni",4,8,"wspól-ni","wspól",8,0,1,1,"bezpośredni","bezpowspólni"
922,"rad","rad-ny","ny",3,3,"dziw-ny","dziw",3,0,1,1,"bezradny","bezdziwny"
789,"biał","biał-ko","ko",2,1,"stat-ko","stat",1,0,0,1,"białko","statko"
322,"bia","bia-ły","ły",2,2,"gnę-ły","gnę",2,0,0,1,"biały","gnęły"
501,"blia","blia-last_blank","last_blank",2,1,"liot-last_blank","liot",1,0,0,1,"biblia","biliot"
150,"blio","blio-te","te",4,10,"czwar-te","czwar",2,8,1,1,"biblioteka","biczwarteka"
539,"gać","gać-last_blank","last_blank",2,45,"sji-last_blank","sji",45,0,0,1,"biegać","biesji"
935,"gun","gun-ka","ka",3,1,"czew-ka","czew",1,0,1,1,"biegunka","bieczewka"
555,"let","let-last_blank","last_blank",2,19,"sje-last_blank","sje",19,0,0,1,"bilet","bisje"
498,"skup","skup-last_blank","last_blank",2,2,"sizm-last_blank","sizm",2,0,0,1,"biskup","bisizm"
864,"first_blank","first_blank-biur","biur",2,4,"first_blank-thor","thor",4,0,0,1,"biurko","thorko"
782,"ąd","ąd-last_blank","last_blank",1,9,"ea-last_blank","ea",9,0,0,1,"błąd","błea"
180,"first_blank","first_blank-bli","bli",2,22,"first_blank-col","col",22,0,0,1,"blisko","colsko"
696,"bło","bło-to","to",2,1,"min-to","min",1,0,0,1,"błoto","minto"
151,"first_blank","first_blank-bły","bły",4,24,"first_blank-uszko","uszko",25,1,2,1,"błyskawica","uszkoskawica"
121,"bó","bó-g","g",1,1,"oł-g","oł",1,0,0,1,"bóg","ołg"
135,"ter","ter-last_blank","last_blank",3,78,"skim-last_blank","skim",76,2,1,1,"bohater","bohaskim"
359,"first_blank","first_blank-bom","bom",2,27,"first_blank-pań","pań",27,0,0,1,"bomba","pańba"
46,"enie","enie-last_blank","last_blank",6,2,"ostrzyć-last_blank","ostrzyć",2,0,3,1,"boże narodzenie","boże narodzostrzyć"
31,"bra","bra-wo","wo",2,1,"sco-wo","sco",1,0,0,1,"brawo","scowo"
33,"first_blank","first_blank-brą","brą",3,11,"first_blank-pasz","pasz",11,0,1,1,"brązowy","paszzowy"
371,"first_blank","first_blank-brud","brud",2,11,"first_blank-wzru","wzru",11,0,0,1,"brudny","wzruny"
668,"first_blank","first_blank-bru","bru",3,48,"first_blank-wska","wska",49,1,1,1,"brutalny","wskatalny"
685,"first_blank","first_blank-br","br",1,68,"first_blank-ło","ło",68,0,0,1,"brzuch","łozuch"
64,"bu","bu-do","do",3,42,"pier-do","pier",36,6,2,1,"budowa","pierdowa"
913,"dżet","dżet-last_blank","last_blank",2,2,"śleń-last_blank","śleń",2,0,0,1,"budżet","buśleń"
688,"first_blank","first_blank-cał","cał",4,9,"first_blank-śmiet","śmiet",9,0,2,1,"całkowity","śmietkowity"
770,"powód","powód-last_blank","last_blank",3,1,"usand-last_blank","usand",1,0,0,1,"cel, powód","cel, usand"
40,"ce","ce-ment","ment",2,1,"ce-land","land",1,0,0,1,"cement","celand"
488,"cen","cen-ny","ny",2,4,"ryj-ny","ryj",4,0,0,1,"cenny","ryjny"
516,"trum","trum-last_blank","last_blank",2,3,"tarł-last_blank","tarł",3,0,0,1,"centrum","centarł"
759,"sar","sar-ski","ski",3,1,"rzym-ski","rzym",1,0,1,1,"cesarski","cerzymski"
727,"zar","zar-last_blank","last_blank",2,7,"mił-last_blank","mił",7,0,0,1,"cezar","cemił"
452,"first_blank","first_blank-cha","cha",2,82,"first_blank-dzi","dzi",81,1,0,1,"chaos","dzios"
626,"first_blank","first_blank-che","che",2,59,"first_blank-por","por",59,0,0,1,"chemia","pormia"
627,"micz","micz-ny","ny",3,6,"stęp-ny","stęp",6,0,0,1,"chemiczny","chestępny"
334,"rurg","rurg-last_blank","last_blank",2,2,"kong-last_blank","kong",2,0,0,1,"chirurg","chikong"
481,"ch","ch-le","le",1,2,"mu-le","mu",2,0,0,1,"chleb","muleb"
30,"cy.","cy.-last_blank","last_blank",2,1,"eby-last_blank","eby",1,0,0,1,"chłopcy.","chłopeby"
50,"first_blank","first_blank-chmu","chmu",2,7,"first_blank-pseu","pseu",7,0,0,1,"chmura","pseura"
810,"cho","cho-ry","ry",2,3,"rie-ry","rie",2,1,0,1,"chory","riery"
440,"chro","chro-nić","nić",2,1,"wist-nić","wist",1,0,0,2,"chronić","wistnić"
293,"chu","chu-dy","dy",2,1,"sar-dy","sar",1,0,0,1,"chudy","sardy"
678,"first_blank","first_blank-cia","cia",2,37,"first_blank-two","two",37,0,0,1,"ciało","twoło"
655,"ci","ci-chy","chy",2,1,"ci-wił","wił",1,0,0,1,"cichy","ciwił"
78,"first_blank","first_blank-ciem","ciem",2,21,"first_blank-unie","unie",21,0,0,1,"ciemność","unieność"
267,"ci","ci-eń","eń",1,1,"ci-pu","pu",1,0,0,1,"cień","cipu"
551,"pło","pło-last_blank","last_blank",2,1,"fru-last_blank","fru",1,0,0,1,"ciepło","ciefru"
313,"pły","pły-last_blank","last_blank",2,2,"kre-last_blank","kre",2,0,0,1,"ciepły","ciekre"
735,"pieć","pieć-last_blank","last_blank",2,5,"pert-last_blank","pert",5,0,0,1,"cierpieć","cierpert"
286,"first_blank","first_blank-cier","cier",3,43,"first_blank-wsta","wsta",43,0,0,1,"cierpienie","wstapienie"
658,"first_blank","first_blank-cier","cier",3,43,"first_blank-stwo","stwo",43,0,0,1,"cierpliwość","stwopliwość"
902,"cięż","cięż-ki","ki",2,2,"niów-ki","niów",2,0,0,1,"ciężki","niówki"
315,"co","co-last_blank","last_blank",1,103,"dą-last_blank","dą",102,1,0,1,"co","dą"
657,"dzien","dzien-nie","nie",3,3,"ostat-nie","ostat",3,0,0,2,"codziennie","coostatnie"
390,"first_blank","first_blank-cór","cór",2,10,"first_blank-kaj","kaj",10,0,0,1,"córka","kajka"
648,"kier","kier-last_blank","last_blank",2,7,"dlem-last_blank","dlem",7,0,0,1,"cukier","cudlem"
598,"first_blank","first_blank-ćwi","ćwi",2,23,"first_blank-uto","uto",23,0,0,1,"ćwiczyć","utoczyć"
968,"mon","mon-last_blank","last_blank",3,14,"dzia-last_blank","dzia",14,0,1,1,"cynamon","cynadzia"
723,"wil","wil-ny","ny",3,1,"ubra-ny","ubra",1,0,1,1,"cywilny","cyubrany"
740,"ar","ar-last_blank","last_blank",1,29,"cz-last_blank","cz",29,0,0,1,"czar","czcz"
276,"cza","cza-sem","sem",2,2,"cza-ili","ili",2,0,0,1,"czasem","czaili"
312,"kać","kać-last_blank","last_blank",2,67,"les-last_blank","les",67,0,0,1,"czekać","czeles"
503,"first_blank","first_blank-czer","czer",2,28,"first_blank-oczy","oczy",28,0,0,1,"czerwiec","oczywiec"
324,"first_blank","first_blank-czer","czer",3,28,"first_blank-wpły","wpły",28,0,0,1,"czerwony","wpływony"
131,"eś","eś-ć","ć",1,10,"ra-ć","ra",10,0,0,1,"cześć","czrać"
577,"wość","wość-last_blank","last_blank",4,43,"stwem-last_blank","stwem",34,9,1,1,"częstotliwość","częstotlistwem"
480,"czło","czło-nek","nek",2,1,"ścio-nek","ścio",1,0,0,1,"członek","ścionek"
165,"first_blank","first_blank-czło","czło",2,13,"first_blank-szer","szer",13,0,0,1,"człowiek","szerwiek"
840,"snek","snek-last_blank","last_blank",2,1,"kieœ-last_blank","kieœ",1,0,0,1,"czosnek","czokieœ"
628,"first_blank","first_blank-czuj","czuj",2,14,"first_blank-chan","chan",14,0,0,1,"czujnik","channik"
670,"first_blank","first_blank-czyn","czyn",2,15,"first_blank-uczu","uczu",15,0,0,1,"czynnik","uczunik"
47,"sty","sty-last_blank","last_blank",2,78,"ter-last_blank","ter",78,0,0,1,"czysty","czyter"
328,"tać","tać-last_blank","last_blank",2,47,"gów-last_blank","gów",47,0,0,1,"czytać","czygów"
239,"first_blank","first_blank-czy","czy",3,106,"first_blank-zmie","zmie",107,1,1,1,"czytanie","zmietanie"
687,"da","da-ne","ne",2,21,"tyw-ne","tyw",20,1,1,1,"dane","tywne"
579,"daw","daw-ka","ka",2,1,"por-ka","por",1,0,0,1,"dawka","porka"
879,"kat","kat-ny","ny",4,2,"zręcz-ny","zręcz",2,0,2,1,"delikatny","delizręczny"
570,"de","de-ser","ser",2,1,"de-mol","mol",1,0,0,1,"deser","demol"
373,"de","de-sz","sz",1,1,"ej-sz","ej",1,0,0,1,"deszcz","ejszcz"
987,"na","na-tor","tor",4,8,"na-dziej","dziej",11,3,2,1,"detonator","detonadziej"
569,"dia","dia-ment","ment",2,1,"lop-ment","lop",1,0,0,1,"diament","lopment"
84,"sto","sto-wa","wa",5,33,"olśnie-wa","olśnie",4,29,3,1,"digustowanie","diguolśniewanie"
962,"a.","a.-last_blank","last_blank",1,1,"db-last_blank","db",1,0,0,1,"dna.","dndb"
654,"czyn","czyn-ność","ność",4,3,"zręcz-ność","zręcz",2,1,1,1,"dobroczynność","dobrozręczność"
581,"bry","bry-last_blank","last_blank",2,11,"nac-last_blank","nac",11,0,0,1,"dobry","donac"
948,"do","do-dat","dat",4,16,"do-strze","strze",19,3,2,1,"dodatkowy","dostrzekowy"
582,"do","do-m","m",1,2,"zy-m","zy",1,1,0,1,"dom","zym"
7,"czać","czać-last_blank","last_blank",3,47,"kiej-last_blank","kiej",48,1,0,1,"dopuszczać","dopuszkiej"
880,"sły","sły-last_blank","last_blank",3,22,"rium-last_blank","rium",22,0,1,1,"dorosły","dororium"
95,"ść","ść-last_blank","last_blank",1,33,"pę-last_blank","pę",33,0,0,1,"dość","dopę"
101,"do","do-sko","sko",4,19,"do-rzecz","rzecz",8,11,2,1,"doskonały","dorzecznały"
811,"słow","słow-nie","nie",3,2,"mier-nie","mier",2,0,0,1,"dosłownie","domiernie"
593,"świad","świad-cze","cze",4,12,"współ-cze","współ",10,2,0,1,"doświadczenie","dowspółczenie"
318,"cip","cip-ny","ny",3,1,"wacz-ny","wacz",1,0,1,1,"dowcipny","dowwaczny"
799,"wód","wód-last_blank","last_blank",2,7,"mił-last_blank","mił",7,0,0,1,"dowód","domił"
344,"do","do-wód","wód",3,8,"do-tknę","tknę",8,0,1,1,"dowódca","dotknęca"
426,"mat","mat-last_blank","last_blank",2,12,"kin-last_blank","kin",12,0,0,1,"dramat","drakin"
89,"tycz","tycz-ny","ny",4,42,"dzial-ny","dzial",6,36,1,1,"dramatyczny","dramadzialny"
752,"first_blank","first_blank-drę","drę",2,9,"first_blank-uno","uno",9,0,0,1,"dręczyć","unoczyć"
408,"first_blank","first_blank-dr","dr",1,56,"first_blank-sk","sk",56,0,0,1,"drink","skink"
253,"dro","dro-ga","ga",2,2,"ber-ga","ber",2,0,0,1,"droga","berga"
559,"dro","dro-gi","gi",2,2,"kin-gi","kin",2,0,0,1,"drogi","kingi"
263,"dru","dru-ga","ga",2,1,"ter-ga","ter",1,0,0,1,"druga","terga"
1000,"first_blank","first_blank-drzem","drzem",2,4,"first_blank-dresz","dresz",4,0,0,1,"drzemka","dreszka"
558,"du","du-ma","ma",2,1,"du-łów","łów",1,0,1,1,"duma","dułów"
233,"dum","dum-ny","ny",2,2,"syj-ny","syj",2,0,0,1,"dumny","syjny"
466,"du","du-sza","sza",2,3,"du-ble","ble",2,1,0,1,"dusza","duble"
583,"du","du-ża","ża",2,1,"du-pel","pel",1,0,1,1,"duża","dupel"
306,"first_blank","first_blank-dw","dw",1,9,"first_blank-wh","wh",9,0,0,1,"dwa","wha"
945,"stia","stia-last_blank","last_blank",3,6,"ball-last_blank","ball",6,0,0,1,"dynastia","dynaball"
850,"plom","plom-last_blank","last_blank",2,2,"cioł-last_blank","cioł",2,0,0,1,"dyplom","dycioł"
85,"stans","stans-last_blank","last_blank",2,1,"plant-last_blank","plant",1,0,0,1,"dystans","dyplant"
423,"dzia","dzia-dek","dek",2,3,"dzia-las","las",3,0,0,1,"dziadek","dzialas"
366,"first_blank","first_blank-dziec","dziec",2,5,"first_blank-ścier","ścier",5,0,0,1,"dziecko","ścierko"
134,"dzic","dzic-two","two",3,1,"radz-two","radz",1,0,0,1,"dziedzictwo","dzieradztwo"
751,"dzie","dzie-kan","kan",2,1,"dzie-wia","wia",1,0,0,1,"dziekan","dziewia"
966,"first_blank","first_blank-dzien","dzien",4,32,"first_blank-aresz","aresz",34,2,0,1,"dziennikarstwo","aresznikarstwo"
339,"first_blank","first_blank-dziew","dziew",3,39,"first_blank-utrzy","utrzy",39,0,0,2,"dziewczyna","utrzyczyna"
676,"iś","iś-last_blank","last_blank",1,2,"cê-last_blank","cê",2,0,0,1,"dziś","dzcê"
694,"gla","gla-last_blank","last_blank",2,7,"tow-last_blank","tow",7,0,0,1,"dżungla","dżuntow"
36,"first_blank","first_blank-dzwo","dzwo",2,41,"first_blank-skar","skar",41,0,0,2,"dzwonić","skarnić"
262,"first_blank","first_blank-ek","ek",1,6,"first_blank-wn","wn",6,0,0,1,"ekran","wnran"
520,"eks","eks-cy","cy",5,24,"strzel-cy","strzel",1,23,3,1,"ekscytujący","strzelcytujący"
492,"pert","pert-last_blank","last_blank",2,5,"nard-last_blank","nard",5,0,0,1,"ekspert","eksnard"
381,"ry","ry-ment","ment",4,1,"ry-szard","szard",1,0,1,1,"eksperyment","eksperyszard"
714,"first_blank","first_blank-eme","eme",4,22,"first_blank-otwar","otwar",21,1,2,1,"emerytura","otwarrytura"
715,"zjazm","zjazm-last_blank","last_blank",3,1,"płacz-last_blank","płacz",1,0,0,1,"entuzjazm","entupłacz"
820,"first_blank","first_blank-eskor","eskor",2,7,"first_blank-zbior","zbior",7,0,0,1,"eskorta","zbiorta"
926,"first_blank","first_blank-ewo","ewo",3,9,"first_blank-niem","niem",9,0,1,1,"ewolucja","niemlucja"
103,"bry","bry-ka","ka",3,2,"ader-ka","ader",2,0,1,1,"fabryka","faaderka"
1,"tycz","tycz-nie","nie",3,23,"prze-nie","prze",18,5,0,1,"faktycznie","fakprzenie"
206,"first_blank","first_blank-far","far",2,53,"first_blank-koń","koń",53,0,0,1,"farba","końba"
702,"fa","fa-za","za",2,1,"fa-łeś","łeś",1,0,1,1,"faza","fałeś"
106,"ral","ral-ny","ny",4,11,"dzien-ny","dzien",4,7,2,1,"federalny","fededzienny"
476,"żan","żan-ka","ka",4,3,"dziec-ka","dziec",3,0,2,1,"filiżanka","filidziecka"
213,"fia","fia-last_blank","last_blank",4,17,"szysz-last_blank","szysz",19,2,2,1,"filozofia","filozoszysz"
996,"fi","fi-nał","nał",2,1,"fi-lów","lów",1,0,0,1,"finał","filów"
108,"nan","nan-se","se",3,1,"excu-se","excu",1,0,1,1,"finanse","fiexcuse"
214,"zy","zy-ka","ka",3,7,"plot-ka","plot",7,0,2,1,"fizyka","fiplotka"
111,"fla","fla-ga","ga",2,2,"lin-ga","lin",2,0,0,1,"flaga","linga"
116,"mu","mu-larz","larz",3,1,"mu-sial","sial",1,0,0,1,"formularz","formusial"
451,"pian","pian-last_blank","last_blank",3,1,"surd-last_blank","surd",1,0,0,1,"fortepian","fortesurd"
892,"first_blank","first_blank-frag","frag",2,7,"first_blank-clau","clau",7,0,0,1,"fragment","claument"
429,"fu","fu-nt","nt",1,1,"fu-sa","sa",1,0,0,1,"funt","fusa"
928,"net","net-last_blank","last_blank",3,14,"bisz-last_blank","bisz",14,0,1,1,"gabinet","gabibisz"
496,"le","le-ria","ria",3,4,"le-gasz","gasz",4,0,1,1,"galeria","galegasz"
604,"first_blank","first_blank-gar","gar",2,61,"first_blank-zwa","zwa",61,0,0,1,"gardło","zwadło"
600,"ga","ga-z","z",1,1,"et-z","et",1,0,0,1,"gaz","etz"
92,"first_blank","first_blank-gdzie","gdzie",3,1,"first_blank-œwiet","œwiet",1,0,0,1,"gdzie indziej","œwiet indziej"
353,"ra","ra-tor","tor",4,9,"ra-dziec","dziec",7,2,2,1,"generator","generadziec"
118,"niusz","niusz-last_blank","last_blank",2,2,"siądz-last_blank","siądz",2,0,0,1,"geniusz","gesiądz"
890,"first_blank","first_blank-gę","gę",1,21,"first_blank-yo","yo",21,0,0,1,"gęś","yoś"
119,"st","st-last_blank","last_blank",1,37,"mą-last_blank","mą",37,0,0,1,"gest","gemą"
597,"gł","gł-az","az",1,1,"gł-up","up",1,0,0,1,"głaz","głup"
920,"first_blank","first_blank-gł","gł",1,7,"first_blank-ic","ic",7,0,0,1,"głód","icód"
898,"os","os-last_blank","last_blank",1,19,"et-last_blank","et",19,0,0,1,"głos","głet"
182,"first_blank","first_blank-gniaz","gniaz",2,3,"first_blank-grusz","grusz",3,0,0,1,"gniazdo","gruszdo"
690,"first_blank","first_blank-gn","gn",1,11,"first_blank-uz","uz",11,0,0,1,"gniew","uziew"
404,"lf","lf-last_blank","last_blank",1,9,"ął-last_blank","ął",9,0,0,1,"golf","goął"
346,"rą","rą-co","co",3,1,"star-co","star",1,0,2,1,"gorąco","gostarco"
749,"ścin","ścin-ność","ność",3,1,"wrot-ność","wrot",1,0,0,1,"gościnność","gowrotność"
636,"tów","tów-ka","ka",3,4,"dzie-ka","dzie",4,0,1,1,"gotówka","godzieka"
389,"to","to-wy","wy",3,42,"to-ścio","ścio",14,28,2,1,"gotowy","gotościo"
556,"ób","ób-last_blank","last_blank",1,5,"oo-last_blank","oo",5,0,0,1,"grób","groo"
149,"gr","gr-un","un",1,1,"gr-oź","oź",1,0,0,1,"grunt","groźt"
112,"first_blank","first_blank-gry","gry",2,24,"first_blank-woj","woj",24,0,0,1,"grypa","wojpa"
270,"gr","gr-ze","ze",1,3,"ru-ze","ru",3,0,0,1,"grzech","ruzech"
662,"grzecz","grzecz-ny","ny",2,2,"wzrocz-ny","wzrocz",1,1,0,1,"grzeczny","wzroczny"
333,"na","na-tor","tor",4,8,"na-dziej","dziej",11,3,2,1,"gubernator","gubernadziej"
345,"gu","gu-z","z",1,1,"ks-z","ks",1,0,0,1,"guz","ksz"
609,"first_blank","first_blank-gwa","gwa",3,14,"first_blank-czuj","czuj",14,0,1,1,"gwarancja","czujrancja"
656,"first_blank","first_blank-gw","gw",1,10,"first_blank-kł","kł",10,0,0,1,"gwóźdź","kłóźdź"
376,"łas","łas-last_blank","last_blank",2,5,"nil-last_blank","nil",5,0,0,1,"hałas","hanil"
873,"zard","zard-last_blank","last_blank",2,2,"rzak-last_blank","rzak",2,0,0,1,"hazard","harzak"
887,"first_blank","first_blank-hob","hob",2,8,"first_blank-rey","rey",8,0,0,1,"hobby","reyby"
793,"first_blank","first_blank-hor","hor",2,22,"first_blank-osą","osą",22,0,0,1,"hormon","osąmon"
341,"tel","tel-last_blank","last_blank",2,11,"sco-last_blank","sco",11,0,0,1,"hotel","hosco"
777,"first_blank","first_blank-hrab","hrab",2,4,"first_blank-prin","prin",4,0,0,1,"hrabstwo","prinstwo"
942,"ra","ra-gan","gan",3,1,"ra-diem","diem",1,0,1,1,"huragan","huradiem"
364,"first_blank","first_blank-ide","ide",2,24,"first_blank-bło","bło",24,0,0,1,"ideał","błoał"
917,"first_blank","first_blank-ig","ig",1,17,"first_blank-pc","pc",17,0,0,1,"igła","pcła"
843,"first_blank","first_blank-igno","igno",3,26,"first_blank-chri","chri",26,0,0,1,"ignorancja","chrirancja"
936,"first_blank","first_blank-il","il",1,11,"first_blank-kn","kn",11,0,0,1,"ilość","kność"
142,"first_blank","first_blank-ilu","ilu",2,8,"first_blank-umo","umo",8,0,0,1,"iluzja","umozja"
178,"ię","ię-last_blank","last_blank",1,13,"us-last_blank","us",13,0,0,1,"imię","imus"
519,"dent","dent-last_blank","last_blank",3,8,"wacz-last_blank","wacz",8,0,0,1,"incydent","incywacz"
617,"spek","spek-tor","tor",3,2,"proc-tor","proc",1,1,0,1,"inspektor","inproctor"
719,"in","in-spi","spi",4,18,"in-diach","diach",1,17,2,1,"inspirować","indiachrować"
925,"stynkt","stynkt-last_blank","last_blank",2,1,"strict-last_blank","strict",1,0,0,1,"instynkt","instrict"
741,"net","net-last_blank","last_blank",3,14,"dzia-last_blank","dzia",14,0,1,1,"internet","interdzia"
534,"zja","zja-last_blank","last_blank",3,23,"ciel-last_blank","ciel",23,0,1,1,"inwazja","inwaciel"
495,"ży","ży-nier","nier",3,1,"ży-łość","łość",1,0,0,1,"inżynier","inżyłość"
672,"first_blank","first_blank-iro","iro",2,7,"first_blank-hie","hie",7,0,0,1,"ironia","hienia"
745,"first_blank","first_blank-jabł","jabł",2,9,"first_blank-czoł","czoł",9,0,0,1,"jabłko","czołko"
499,"ja","ja-zz","zz",1,1,"ja-cu","cu",1,0,0,1,"jazz","jacu"
195,"den","den-last_blank","last_blank",2,30,"łym-last_blank","łym",30,0,0,1,"jeden","jełym"
646,"nost","nost-ka","ka",3,3,"tacz-ka","tacz",3,0,0,1,"jednostka","jedtaczka"
836,"dwab","dwab-last_blank","last_blank",2,1,"gnan-last_blank","gnan",1,0,0,1,"jedwab","jegnan"
797,"je","je-dze","dze",3,4,"je-chal","chal",4,0,1,1,"jedzenie","jechalnie"
147,"je","je-ep","ep",2,1,"je-dia","dia",1,0,1,1,"jeep","jedia"
762,"sień","sień-last_blank","last_blank",2,6,"skaj-last_blank","skaj",6,0,0,1,"jesień","jeskaj"
325,"lski","lski-last_blank","last_blank",5,1,"trwasz-last_blank","trwasz",1,0,2,1,"język angielski","język angietrwasz"
721,"jo","jo-ga","ga",2,1,"bun-ga","bun",1,0,1,1,"joga","bunga"
717,"cja","cja-last_blank","last_blank",4,258,"skiej-last_blank","skiej",97,161,2,1,"jurysdykcja","jurysdykskiej"
298,"tro","tro-last_blank","last_blank",2,11,"śne-last_blank","śne",11,0,0,1,"jutro","juśne"
9,"ju","ju-ż","ż",1,1,"zy-ż","zy",1,0,0,1,"już","zyż"
531,"bel","bel-last_blank","last_blank",2,18,"don-last_blank","don",18,0,0,1,"kabel","kadon"
34,"ka","ka-bi","bi",3,5,"ka-płan","płan",4,1,2,1,"kabina","kapłanna"
602,"first_blank","first_blank-ka","ka",7,746,"opryszcz-ka","opryszcz",1,745,3,3,"kabina prysznicowa","opryszczkabina prysznicowa"
713,"darz","darz-last_blank","last_blank",3,3,"miać-last_blank","miać",3,0,0,1,"kalendarz","kalenmiać"
35,"ber","ber-last_blank","last_blank",3,25,"scie-last_blank","scie",25,0,1,1,"kaliber","kaliscie"
595,"me","me-ra","ra",3,16,"me-dycz","dycz",10,6,2,1,"kamera","kamedycz"
870,"first_blank","first_blank-kam","kam",3,17,"first_blank-opra","opra",17,0,1,1,"kampania","oprapania"
44,"ka","ka-nał","nał",2,1,"ka-ela","ela",1,0,0,1,"kanał","kaela"
614,"nap","nap-ka","ka",3,2,"środ-ka","środ",2,0,1,1,"kanapka","kaśrodka"
42,"lerz","lerz-last_blank","last_blank",2,2,"basz-last_blank","basz",2,0,0,1,"kanclerz","kancbasz"
874,"dat","dat-last_blank","last_blank",3,2,"oper-last_blank","oper",2,0,1,1,"kandydat","kandyoper"
847,"first_blank","first_blank-kap","kap",3,25,"first_blank-spró","spró",25,0,1,1,"kapsuła","sprósuła"
974,"ka","ka-ra","ra",2,36,"ka-nie","nie",35,1,1,1,"kara","kanie"
571,"bin","bin-last_blank","last_blank",3,10,"znać-last_blank","znać",10,0,1,1,"karabin","karaznać"
236,"ka","ka-rać","rać",2,1,"ka-czy","czy",1,0,0,1,"karać","kaczy"
475,"rie","rie-ra","ra",3,3,"czwo-ra","czwo",2,1,1,1,"kariera","kaczwora"
733,"mić","mić-last_blank","last_blank",2,17,"chi-last_blank","chi",17,0,0,1,"karmić","karchi"
37,"na","na-wał","wał",3,3,"na-nych","nych",3,0,1,1,"karnawał","karnanych"
573,"ka","ka-sk","sk",1,1,"ka-łą","łą",1,0,0,1,"kask","kałą"
838,"szel","szel-last_blank","last_blank",2,1,"lien-last_blank","lien",1,0,0,1,"kaszel","kalien"
67,"ką","ką-t","t",1,1,"on-t","on",1,0,0,1,"kąt","ont"
38,"lic","lic-ki","ki",4,1,"cząst-ki","cząst",1,0,2,1,"katolicki","katocząstki"
722,"le","le-ria","ria",4,4,"le-głych","głych",5,1,2,1,"kawaleria","kawaległych"
943,"czup","czup-last_blank","last_blank",2,1,"druk-last_blank","druk",1,0,0,1,"keczup","kedruk"
708,"first_blank","first_blank-kel","kel",2,23,"first_blank-ofi","ofi",23,0,0,1,"kelner","ofiner"
953,"two","two-last_blank","last_blank",4,40,"wiasz-last_blank","wiasz",36,4,2,1,"kierownictwo","kierownicwiasz"
553,"szeń","szeń-last_blank","last_blank",2,9,"kiet-last_blank","kiet",9,0,0,1,"kieszeń","kiekiet"
281,"ki","ki-j","j",1,1,"re-j","re",1,0,0,1,"kij","rej"
757,"gram","gram-last_blank","last_blank",3,20,"stej-last_blank","stej",20,0,0,1,"kilogram","kilostej"
406,"metr","metr-last_blank","last_blank",3,6,"złam-last_blank","złam",6,0,0,1,"kilometr","kilozłam"
615,"ki","ki-no","no",2,2,"tym-no","tym",2,0,1,1,"kino","tymno"
828,"first_blank","first_blank-klak","klak",2,2,"first_blank-slon","slon",2,0,0,1,"klakson","slonson"
507,"mać","mać-last_blank","last_blank",2,27,"tra-last_blank","tra",27,0,0,1,"kłamać","kłatra"
706,"kl","kl-an","an",1,2,"ne-an","ne",2,0,0,1,"klan","nean"
439,"kla","kla-sa","sa",2,1,"pan-sa","pan",1,0,0,1,"klasa","pansa"
680,"first_blank","first_blank-kło","kło",3,21,"first_blank-trwa","trwa",21,0,1,1,"kłopoty","trwapoty"
511,"ub","ub-last_blank","last_blank",1,8,"vy-last_blank","vy",8,0,0,1,"klub","klvy"
467,"uc","uc-z","z",1,2,"lt-z","lt",2,0,0,1,"klucz","klltz"
530,"ko","ko-c","c",1,1,"wa-c","wa",1,0,0,1,"koc","wac"
138,"cha","cha-nie","nie",3,13,"przy-nie","przy",13,0,1,1,"kochanie","koprzynie"
774,"chan","chan-ka","ka",3,2,"niut-ka","niut",2,0,0,1,"kochanka","koniutka"
515,"ko","ko-d","d",1,1,"iz-d","iz",1,0,0,1,"kod","izd"
351,"ina","ina-last_blank","last_blank",3,22,"lach-last_blank","lach",22,0,1,1,"kokaina","kokalach"
588,"cja","cja-last_blank","last_blank",3,258,"dzie-last_blank","dzie",255,3,1,1,"kolacja","koladzie"
899,"leś","leś-last_blank","last_blank",2,2,"ese-last_blank","ese",2,0,0,1,"koleś","koese"
624,"lo","lo-nia","nia",3,1,"lo-dach","dach",1,0,1,1,"kolonia","kolodach"
56,"men","men-da","da",3,7,"stra-da","stra",7,0,1,1,"komenda","kostrada"
822,"tarz","tarz-last_blank","last_blank",3,7,"ować-last_blank","ować",7,0,0,1,"komentarz","komenować"
643,"mór","mór-ka","ka",3,2,"pacz-ka","pacz",2,0,1,1,"komórka","kopaczka"
790,"pas","pas-last_blank","last_blank",2,8,"fon-last_blank","fon",8,0,0,1,"kompas","komfon"
667,"ment","ment-last_blank","last_blank",3,33,"dłeś-last_blank","dłeś",33,0,0,1,"komplement","kompledłeś"
382,"ren","ren-cja","cja",4,4,"ren-field","field",1,3,2,1,"konferencja","konferenfield"
778,"flikt","flikt-last_blank","last_blank",2,1,"fiant-last_blank","fiant",1,0,0,1,"konflikt","konfiant"
94,"ko","ko-niec","niec",2,1,"ko-vich","vich",1,0,0,1,"koniec","kovich"
58,"ren","ren-cja","cja",4,4,"ren-field","field",1,3,2,1,"konkurencja","konkurenfield"
932,"wa","wa-tyw","tyw",5,5,"wa-chlarz","chlarz",1,4,3,1,"konserwatywny","konserwachlarzny"
510,"takt","takt-last_blank","last_blank",2,1,"latw-last_blank","latw",1,0,0,1,"kontakt","konlatw"
478,"trakt","trakt-last_blank","last_blank",2,2,"tkasz-last_blank","tkasz",2,0,0,1,"kontrakt","kontkasz"
66,"tro","tro-la","la",3,1,"xwel-la","xwel",1,0,1,1,"kontrola","konxwella"
775,"ować","ować-last_blank","last_blank",4,7,"strze-last_blank","strze",7,0,1,1,"kontynuować","kontynustrze"
644,"ko","ko-pać","pać",2,9,"ko-sme","sme",9,0,0,1,"kopać","kosme"
97,"ko","ko-per","per",3,5,"ko-chaj","chaj",5,0,1,1,"koperta","kochajta"
75,"ko","ko-ro","ro",3,17,"prze-ro","prze",18,1,2,1,"korona","przerona"
449,"ko","ko-ść","ść",1,2,"ej-ść","ej",2,0,0,1,"kość","ejść"
764,"ściół","ściół-last_blank","last_blank",2,1,"mścij-last_blank","mścij",1,0,0,1,"kościół","komścij"
486,"mar","mar-last_blank","last_blank",2,10,"dię-last_blank","dię",10,0,0,1,"koszmar","koszdię"
420,"szu","szu-la","la",3,2,"chwi-la","chwi",2,0,1,1,"koszula","kochwila"
497,"ków","ków-ka","ka",4,2,"człon-ka","człon",2,0,2,1,"koszykówka","koszyczłonka"
889,"twi","twi-ca","ca",3,1,"dłow-ca","dłow",1,0,1,1,"kotwica","kodłowca"
574,"dzież","dzież-last_blank","last_blank",2,2,"cznie-last_blank","cznie",2,0,0,1,"kradzież","kracznie"
587,"aj","aj-last_blank","last_blank",1,11,"tt-last_blank","tt",11,0,0,1,"kraj","krtt"
179,"first_blank","first_blank-kra","kra",3,105,"first_blank-zmie","zmie",107,2,1,1,"krajowy","zmiejowy"
73,"acja","acja-last_blank","last_blank",2,4,"bacz-last_blank","bacz",4,0,0,1,"kreacja","krebacz"
736,"dyt","dyt-last_blank","last_blank",2,2,"kos-last_blank","kos",2,0,0,1,"kredyt","krekos"
71,"em","em-last_blank","last_blank",1,41,"ze-last_blank","ze",41,0,0,1,"krem","krze"
542,"ew","ew-last_blank","last_blank",1,10,"ts-last_blank","ts",10,0,0,1,"krew","krts"
255,"lew","lew-ski","ski",3,2,"chiń-ski","chiń",2,0,1,1,"królewski","króchiński"
330,"kró","kró-lo","lo",3,8,"usta-lo","usta",9,1,1,1,"królowa","ustalowa"
394,"first_blank","first_blank-krót","krót",2,23,"first_blank-kłam","kłam",23,0,0,1,"krótki","kłamki"
564,"first_blank","first_blank-kro","kro",2,67,"first_blank-war","war",67,0,0,1,"krowa","warwa"
74,"kry","kry-tycz","tycz",3,9,"kry-ciem","ciem",2,7,0,1,"krytyczny","kryciemny"
533,"za","za-k","k",1,3,"ro-k","ro",3,0,0,1,"krzak","krrok"
326,"first_blank","first_blank-księż","księż",3,11,"first_blank-skrom","skrom",11,0,0,1,"księżniczka","skromniczka"
768,"życ","życ-last_blank","last_blank",2,2,"biu-last_blank","biu",2,0,0,1,"księżyc","księbiu"
952,"first_blank","first_blank-księ","księ",4,45,"first_blank-utrzy","utrzy",39,6,1,1,"księżycowy","utrzyżycowy"
402,"first_blank","first_blank-kul","kul",3,29,"first_blank-ogra","ogra",29,0,1,1,"kultura","ogratura"
368,"ku","ku-pić","pić",2,5,"ku-owa","owa",5,0,0,1,"kupić","kuowa"
641,"czak","czak-last_blank","last_blank",2,3,"kłaś-last_blank","kłaś",3,0,0,1,"kurczak","kurkłaś"
184,"ład","ład-ny","ny",2,2,"wot-ny","wot",2,0,0,1,"ładny","wotny"
568,"wa","wa-nie","nie",4,286,"wa-rzysz","rzysz",6,280,2,1,"lądowanie","lądowarzysz"
652,"first_blank","first_blank-lal","lal",2,7,"first_blank-ash","ash",7,0,0,1,"lalka","ashka"
432,"first_blank","first_blank-lam","lam",2,17,"first_blank-fir","fir",17,0,0,1,"lampa","firpa"
650,"cuch","cuch-last_blank","last_blank",2,1,"łęcz-last_blank","łęcz",1,0,0,1,"łańcuch","łańłęcz"
358,"la","la-to","to",2,11,"la-cyj","cyj",11,0,1,1,"lato","lacyj"
965,"za","za-nia","nia",3,19,"za-stęp","stęp",20,1,1,1,"lazania","lazastęp"
760,"gion","gion-last_blank","last_blank",2,2,"kieć-last_blank","kieć",2,0,0,1,"legion","lekieć"
219,"duch","duch-last_blank","last_blank",3,1,"aper-last_blank","aper",1,0,0,1,"lekkoduch","lekkoaper"
978,"nia","nia-da","da",4,1,"yoshi-da","yoshi",1,0,2,1,"lemoniada","lemoyoshida"
494,"bij","bij-ka","ka",3,2,"środ-ka","środ",2,0,1,1,"lesbijka","lesśrodka"
68,"li","li-czyć","czyć",2,9,"li-cjan","cjan",9,0,0,1,"liczyć","licjan"
918,"ga","ga-last_blank","last_blank",2,197,"ski-last_blank","ski",198,1,1,1,"liga","liski"
621,"li","li-s","s",1,1,"rp-s","rp",1,0,0,1,"lis","rps"
189,"pad","pad-last_blank","last_blank",3,4,"trzy-last_blank","trzy",4,0,1,1,"listopad","listotrzy"
285,"first_blank","first_blank-łódź","łódź",4,1,"first_blank-skunk","skunk",1,0,1,1,"łódź podwodna","skunk podwodna"
159,"ność","ność-last_blank","last_blank",3,172,"kach-last_blank","kach",183,11,0,1,"lojalność","lojalkach"
156,"rd","rd-last_blank","last_blank",1,20,"ia-last_blank","ia",20,0,0,1,"lord","loia"
904,"lo","lo-s","s",1,1,"zą-s","zą",1,0,0,1,"los","ząs"
916,"ły","ły-k","k",1,1,"iu-k","iu",1,0,0,1,"łyk","iuk"
747,"łyż","łyż-ka","ka",2,1,"tsu-ka","tsu",1,0,0,1,"łyżka","tsuka"
290,"first_blank","first_blank-łz","łz",1,4,"first_blank-ee","ee",4,0,0,1,"łza","eea"
594,"dry","dry-last_blank","last_blank",2,17,"muj-last_blank","muj",17,0,0,1,"mądry","mąmuj"
674,"ma","ma-fia","fia",2,1,"ma-szu","szu",1,0,0,1,"mafia","maszu"
160,"gia","gia-last_blank","last_blank",2,24,"scy-last_blank","scy",24,0,0,1,"magia","mascy"
161,"tycz","tycz-ny","ny",4,42,"dzial-ny","dzial",6,36,1,1,"magnetyczny","magnedzialny"
787,"stat","stat-last_blank","last_blank",3,3,"uldn-last_blank","uldn",3,0,0,1,"majestat","majeuldn"
153,"ma","ma-ło","ło",2,13,"ma-rań","rań",13,0,1,1,"mało","marań"
813,"first_blank","first_blank-mał","mał",2,43,"first_blank-zga","zga",43,0,0,1,"małpa","zgapa"
327,"ma","ma-ma","ma",2,2,"ma-lii","lii",2,0,1,1,"mama","malii"
846,"ra","ra-ton","ton",3,2,"ra-dzic","dzic",2,0,1,1,"maraton","maradzic"
914,"mar","mar-ka","ka",2,1,"fro-ka","fro",1,0,0,1,"marka","froka"
548,"mar","mar-no","no",3,8,"zdol-no","zdol",7,1,1,1,"marnować","zdolnować"
166,"rs","rs-last_blank","last_blank",1,11,"gy-last_blank","gy",11,0,0,1,"mars","magy"
167,"riał","riał-last_blank","last_blank",3,2,"bull-last_blank","bull",2,0,0,1,"materiał","matebull"
985,"rial","rial-nie","nie",4,1,"wstyd-nie","wstyd",1,0,1,1,"materialnie","matewstydnie"
437,"mą","mą-ż","ż",1,1,"ój-ż","ój",1,0,0,1,"mąż","ójż"
170,"dycz","dycz-ny","ny",3,3,"czyn-ny","czyn",3,0,0,1,"medyczny","meczynny"
164,"dżer","dżer-last_blank","last_blank",3,2,"trol-last_blank","trol",2,0,0,1,"menedżer","menetrol"
659,"to","to-da","da",3,3,"prze-da","prze",3,0,2,1,"metoda","meprzeda"
348,"first_blank","first_blank-męż","męż",3,16,"first_blank-ogro","ogro",16,0,1,1,"mężczyzna","ogroczyzna"
139,"first_blank","first_blank-mieć","mieć",4,1,"first_blank-opuch","opuch",1,0,1,1,"mieć nadzieję","opuch nadzieję"
360,"mi","mi-ec","ec",1,4,"mi-ły","ły",4,0,0,1,"miecz","miłyz"
146,"wy","wy-last_blank","last_blank",6,553,"wy-ostrzyć","ostrzyć",1,552,3,2,"międzynarodowy","międzynarodowyostrzyć"
217,"sce","sce-last_blank","last_blank",2,13,"rio-last_blank","rio",13,0,0,1,"miejsce","miejrio"
771,"mięk","mięk-ki","ki",2,1,"ciut-ki","ciut",1,0,0,1,"miękki","ciutki"
464,"siąc","siąc-last_blank","last_blank",2,3,"piaj-last_blank","piaj",3,0,0,1,"miesiąc","miepiaj"
888,"owe","owe-last_blank","last_blank",5,1,"starcz-last_blank","starcz",1,0,3,1,"mięso wieprzowe","mięso wieprzstarcz"
171,"mi","mi-la","la",2,8,"mi-nio","nio",8,0,1,1,"mila","minio"
173,"lion","lion-last_blank","last_blank",2,7,"piać-last_blank","piać",7,0,0,1,"milion","mipiać"
977,"lio","lio-ner","ner",3,1,"bren-ner","bren",1,0,1,1,"milioner","mibrenner"
174,"mi","mi-ng","ng",1,1,"su-ng","su",1,0,0,1,"ming.","sung."
385,"ni","ni-mum","mum",3,1,"ni-stwa","stwa",1,0,1,1,"minimum","ministwa"
772,"mi","mi-ska","ska",2,1,"mi-nuj","nuj",1,0,0,1,"miska","minuj"
41,"rz","rz-last_blank","last_blank",1,25,"zą-last_blank","zą",25,0,0,1,"mistrz","mistzą"
352,"mi","mi-t","t",1,1,"zę-t","zę",1,0,0,1,"mit","zęt"
172,"mle","mle-ko","ko",2,1,"sun-ko","sun",1,0,0,1,"mleko","sunko"
562,"dzież","dzież-last_blank","last_blank",2,2,"cznie-last_blank","cznie",2,0,0,1,"młodzież","młocznie"
456,"mn","mn-ic","ic",1,1,"ko-ic","ko",1,0,0,1,"mnich","koich"
541,"mo","mo-c","c",1,1,"oń-c","oń",1,0,0,1,"moc","ońc"
792,"moc","moc-no","no",2,1,"gal-no","gal",1,0,0,1,"mocno","galno"
331,"first_blank","first_blank-moc","moc",2,17,"first_blank-zma","zma",17,0,0,1,"mocny","zmany"
683,"del","del-last_blank","last_blank",2,12,"laj-last_blank","laj",12,0,0,1,"model","molaj"
986,"first_blank","first_blank-mod","mod",2,6,"first_blank-any","any",6,0,0,1,"modny","anyny"
845,"mor","mor-ski","ski",2,2,"lij-ski","lij",2,0,0,1,"morski","lijski"
398,"mo","mo-rze","rze",2,4,"mo-gra","gra",4,0,0,1,"morze","mogra"
514,"st","st-last_blank","last_blank",1,37,"mą-last_blank","mą",37,0,0,1,"most","momą"
365,"tyl","tyl-last_blank","last_blank",2,1,"wns-last_blank","wns",1,0,0,1,"motyl","mowns"
818,"tyw","tyw-last_blank","last_blank",2,11,"bry-last_blank","bry",11,0,0,1,"motyw","mobry"
260,"mó","mó-wić","wić",2,8,"mó-zgo","zgo",9,1,0,1,"mówić","mózgo"
168,"że","że-last_blank","last_blank",2,111,"son-last_blank","son",111,0,1,1,"może","moson"
763,"zg","zg-last_blank","last_blank",1,2,"kl-last_blank","kl",2,0,0,1,"mózg","mókl"
491,"sz","sz-last_blank","last_blank",1,45,"ve-last_blank","ve",45,0,0,1,"mysz","myve"
87,"na","na- d"," d",1,1,"na-ri","ri",1,0,0,1,"na dół","nariół"
204,"wnątrz","wnątrz-last_blank","last_blank",3,2,"spiesz-last_blank","spiesz",2,0,0,2,"na zewnątrz","na zespiesz"
861,"skać","skać-last_blank","last_blank",3,17,"ściu-last_blank","ściu",17,0,0,1,"naciskać","naciściu"
854,"nad","nad-czło","czło",3,1,"nad-wraż","wraż",1,0,0,1,"nadczłowiek","nadwrażwiek"
959,"nad","nad-przy","przy",5,7,"nad-świetl","świetl",3,4,2,1,"nadprzyrodzony","nadświetlrodzony"
844,"na","na-gi","gi",2,6,"na-łeś","łeś",6,0,1,1,"nagi","nałeś"
765,"na","na-gle","gle",2,1,"na-pek","pek",1,0,0,1,"nagle","napek"
632,"gry","gry-wać","wać",3,6,"śpie-wać","śpie",4,2,1,1,"nagrywać","naśpiewać"
177,"iw","iw-ny","ny",3,1,"chen-ny","chen",1,0,2,1,"naiwny","nachenny"
982,"jem","jem-ca","ca",3,1,"brań-ca","brań",1,0,1,1,"najemca","nabrańca"
950,"jem","jem-nik","nik",3,2,"czyn-nik","czyn",2,0,1,1,"najemnik","naczynnik"
798,"lep","lep-szy","szy",3,7,"śpie-szy","śpie",7,0,1,1,"najlepszy","najśpieszy"
729,"wić","wić-last_blank","last_blank",3,94,"czył-last_blank","czył",94,0,1,1,"naprawić","napraczył"
872,"na","na-prze","prze",3,3,"na-łach","łach",3,0,0,1,"naprzeciw","nałachciw"
29,"dzi","dzi-ny","ny",4,10,"trycz-ny","trycz",6,4,2,1,"narodziny","narotryczny"
781,"rzę","rzę-dzie","dzie",3,2,"rzę-tach","tach",1,1,0,1,"narzędzie","narzętach"
961,"let","let-ni","ni",4,16,"strze-ni","strze",15,1,2,1,"nastoletni","nastostrzeni"
972,"ral","ral-nie","nie",4,5,"schro-nie","schro",5,0,2,1,"naturalnie","natuschronie"
937,"ral","ral-ny","ny",4,11,"dzien-ny","dzien",4,7,2,1,"naturalny","natudzienny"
946,"ga","ga-cja","cja",4,2,"ga-briel","briel",3,1,2,1,"nawigacja","nawigabriel"
712,"first_blank","first_blank-ner","ner",2,26,"first_blank-pię","pię",26,0,0,1,"nerka","pięka"
698,"ne","ne-rw","rw",1,1,"ne-wo","wo",1,0,0,1,"nerw","newo"
940,"first_blank","first_blank-nia","nia",2,7,"first_blank-ruj","ruj",7,0,0,1,"niania","rujnia"
188,"ni","ni-c","c",1,1,"ęś-c","ęś",1,0,0,1,"nic","ęśc"
273,"nie","nie-bo","bo",2,1,"ara-bo","ara",1,0,0,1,"niebo","arabo"
809,"rzecz","rzecz-ny","ny",4,2,"świet-ny","świet",2,0,0,1,"niedorzeczny","niedoświetny"
372,"wiedź","wiedź-last_blank","last_blank",2,10,"nieść-last_blank","nieść",10,0,0,1,"niedźwiedź","niedźnieść"
954,"tun","tun-ny","ny",4,1,"grzyw-ny","grzyw",1,0,2,1,"niefortunny","nieforgrzywny"
380,"gal","gal-ny","ny",4,5,"trycz-ny","trycz",6,1,2,1,"nielegalny","nieletryczny"
550,"nie","nie-moż","moż",4,11,"nie-dziel","dziel",9,2,2,1,"niemożliwy","niedzielliwy"
969,"ność","ność-last_blank","last_blank",3,172,"kach-last_blank","kach",183,11,0,1,"niemożność","niemożkach"
355,"wi","wi-dzić","dzić",4,2,"wi-cjusz","cjusz",2,0,1,1,"nienawidzić","nienawicjusz"
868,"nie","nie-przy","przy",4,33,"nie-śmier","śmier",12,21,1,1,"nieprzydatny","nieśmierdatny"
983,"sąd","sąd-ny","ny",4,3,"piecz-ny","piecz",3,0,2,1,"nierozsądny","nierozpieczny"
596,"dzian","dzian-ka","ka",4,1,"grzew-ka","grzew",1,0,0,1,"niespodzianka","niespogrzewka"
145,"nie","nie-spra","spra",5,7,"nie-grzecz","grzecz",9,2,2,1,"niesprawiedliwość","niegrzeczwiedliwość"
909,"nie","nie-szczę","szczę",4,23,"nie-śmier","śmier",12,11,0,1,"nieszczęśliwy","nieśmierśliwy"
336,"win","win-ny","ny",3,9,"czal-ny","czal",9,0,1,1,"niewinny","nieczalny"
524,"wol","wol-nik","nik",3,1,"wol-fram","fram",1,0,1,1,"niewolnik","niewolfram"
309,"wy","wy-god","god",4,18,"wy-strze","strze",21,3,2,1,"niewygodny","niewystrzeny"
181,"zbęd","zbęd-ny","ny",3,2,"sien-ny","sien",2,0,0,1,"niezbędny","niesienny"
102,"kle","kle-last_blank","last_blank",3,13,"szły-last_blank","szły",13,0,1,1,"niezwykle","niezwyszły"
403,"kły","kły-last_blank","last_blank",3,10,"mian-last_blank","mian",10,0,1,1,"niezwykły","niezwymian"
183,"first_blank","first_blank-nig","nig",2,4,"first_blank-dla","dla",4,0,0,1,"nigdy","dlady"
185,"ja.","ja.-last_blank","last_blank",2,1,"ech-last_blank","ech",1,0,0,1,"ninja.","ninech"
158,"ni","ni-ska","ska",2,3,"ni-lem","lem",3,0,0,1,"niska","nilem"
691,"ni","ni-żej","żej",2,3,"ni-sku","sku",3,0,0,1,"niżej","nisku"
896,"bel.","bel.-last_blank","last_blank",2,1,"fers-last_blank","fers",1,0,0,1,"nobel.","nofers"
407,"no","no-c","c",1,1,"ew-c","ew",1,0,0,1,"noc","ewc"
187,"first_blank","first_blank-nor","nor",3,48,"first_blank-wiel","wiel",49,1,1,1,"normalnie","wielmalnie"
175,"sny","sny-last_blank","last_blank",4,20,"miesz-last_blank","miesz",20,0,2,1,"nowoczesny","nowoczemiesz"
409,"mer","mer-last_blank","last_blank",2,22,"tuj-last_blank","tuj",22,0,0,1,"numer","nutuj"
60,"first_blank","first_blank-oba","oba",2,37,"first_blank-lek","lek",37,0,0,1,"obawa","lekwa"
377,"first_blank","first_blank-obec","obec",2,16,"first_blank-ogar","ogar",16,0,0,1,"obecność","ogarność"
76,"obec","obec-ny","ny",2,4,"mien-ny","mien",4,0,0,1,"obecny","mienny"
610,"kt","kt-last_blank","last_blank",1,9,"fi-last_blank","fi",9,0,0,1,"obiekt","obiefi"
287,"jaw","jaw-last_blank","last_blank",2,3,"leb-last_blank","leb",3,0,0,1,"objaw","obleb"
249,"ja","ja-wie","wie",4,10,"ja-strzę","strzę",3,7,2,1,"objawienie","objastrzęnie"
769,"óz","óz-last_blank","last_blank",1,2,"źć-last_blank","źć",2,0,0,1,"obóz","obźć"
191,"wa","wa-cja","cja",4,5,"wa-szyng","szyng",5,0,2,1,"obserwacja","obserwaszyng"
198,"gi","gi-wać","wać",4,4,"gi-strem","strem",1,3,2,1,"obsługiwać","obsługistrem"
576,"bi","bi-cie","cie",3,18,"bi-stym","stym",2,16,1,1,"odbicie","odbistym"
248,"po","po-czy","czy",4,36,"po-twier","twier",35,1,2,1,"odpoczynek","odpotwiernek"
504,"wiedź","wiedź-last_blank","last_blank",3,10,"dziec-last_blank","dziec",10,0,0,1,"odpowiedź","odpodziec"
247,"dzial","dzial-ność","ność",5,2,"ostroż-ność","ostroż",2,0,1,1,"odpowiedzialność","odpowieostrożność"
686,"cać","cać-last_blank","last_blank",3,41,"wisz-last_blank","wisz",42,1,1,1,"odrzucać","odrzuwisz"
808,"wa","wa-ga","ga",3,8,"wa-dzic","dzic",7,1,2,1,"odwaga","odwadzic"
697,"zna","zna-ka","ka",3,3,"żecz-ka","żecz",3,0,1,1,"odznaka","odżeczka"
192,"ofer","ofer-ta","ta",2,1,"okrę-ta","okrę",1,0,0,1,"oferta","okręta"
228,"first_blank","first_blank-ofia","ofia",2,17,"first_blank-uwię","uwię",17,0,0,1,"ofiara","uwięra"
428,"cjal","cjal-nie","nie",3,5,"rycz-nie","rycz",5,0,0,1,"oficjalnie","ofirycznie"
393,"og","og-ie","ie",1,3,"św-ie","św",3,0,0,1,"ogień","śwień"
332,"first_blank","first_blank-ogól","ogól",2,13,"first_blank-orze","orze",13,0,0,1,"ogólny","orzeny"
780,"first_blank","first_blank-ogró","ogró",5,1,"first_blank-stépha","stépha",1,0,2,1,"ogród zoologiczny","stéphad zoologiczny"
396,"ok","ok-no","no",1,1,"zo-no","zo",1,0,0,1,"okno","zono"
546,"ok","ok-o","o",1,1,"ia-o","ia",1,0,0,1,"oko","iao"
653,"rą","rą-g","g",1,1,"mi-g","mi",1,0,0,1,"okrąg","okmig"
254,"first_blank","first_blank-okrą","okrą",2,14,"first_blank-opar","opar",14,0,0,1,"okrągły","opargły"
120,"first_blank","first_blank-oku","oku",3,14,"first_blank-szep","szep",14,0,1,1,"okulary","szeplary"
980,"first_blank","first_blank-ope","ope",4,40,"first_blank-znisz","znisz",40,0,2,1,"operacyjny","zniszracyjny"
199,"first_blank","first_blank-opi","opi",2,42,"first_blank-con","con",42,0,0,1,"opinia","connia"
81,"sać","sać-last_blank","last_blank",2,23,"cho-last_blank","cho",23,0,0,1,"opisać","opicho"
825,"ór","ór-last_blank","last_blank",1,13,"ij-last_blank","ij",13,0,0,1,"opór","opij"
578,"first_blank","first_blank-opro","opro",5,11,"first_blank-grzesz","grzesz",11,0,2,1,"oprogramowanie","grzeszgramowanie"
200,"mi","mi-stycz","stycz",4,11,"mi-dland","dland",1,10,0,1,"optymistyczny","optymidlandny"
852,"gazm","gazm-last_blank","last_blank",2,1,"back-last_blank","back",1,0,0,1,"orgazm","orback"
201,"stra","stra-last_blank","last_blank",3,8,"mień-last_blank","mień",8,0,0,1,"orkiestra","orkiemień"
203,"first_blank","first_blank-ory","ory",4,15,"first_blank-uczci","uczci",15,0,2,1,"oryginalny","uczciginalny"
711,"io","io-ł","ł",1,2,"kó-ł","kó",2,0,0,1,"osioł","oskół"
211,"first_blank","first_blank-oso","oso",2,39,"first_blank-mil","mil",39,0,0,1,"osoba","milba"
995,"bi","bi-sty","sty",3,4,"bi-ciem","ciem",4,0,1,1,"osobisty","osobiciem"
314,"first_blank","first_blank-ostrze","ostrze",3,40,"first_blank-skrzyw","skrzyw",25,15,0,1,"ostrzeżenie","skrzywżenie"
416,"kać","kać-last_blank","last_blank",2,67,"les-last_blank","les",67,0,0,1,"oszukać","oszules"
197,"otwar","otwar-cie","cie",2,1,"obraź-cie","obraź",1,0,0,1,"otwarcie","obraźcie"
196,"otwar","otwar-ty","ty",2,2,"mknię-ty","mknię",2,0,0,3,"otwarty","mknięty"
169,"first_blank","first_blank-ozna","ozna",4,25,"first_blank-zwięk","zwięk",25,0,1,1,"oznaczający","zwiękczający"
210,"cjent","cjent-last_blank","last_blank",2,1,"chand-last_blank","chand",1,0,0,1,"pacjent","pachand"
855,"fik","fik-last_blank","last_blank",3,3,"stru-last_blank","stru",3,0,1,1,"pacyfik","pacystru"
710,"jąk","jąk-last_blank","last_blank",2,1,"glu-last_blank","glu",1,0,0,1,"pająk","paglu"
518,"łac","łac-last_blank","last_blank",2,1,"ici-last_blank","ici",1,0,0,1,"pałac","paici"
552,"lec","lec-last_blank","last_blank",2,15,"cik-last_blank","cik",15,0,0,1,"palec","pacik"
275,"pa","pa-lić","lić",2,8,"pa-sto","sto",8,0,0,1,"palić","pasto"
919,"first_blank","first_blank-pan ","pan ",3,1,"first_blank-fris","fris",1,0,0,1,"pan młody","frismłody"
633,"pier","pier-last_blank","last_blank",2,3,"giąć-last_blank","giąć",3,0,0,1,"papier","pagiąć"
208,"idal","idal-ny","ny",5,1,"szczwa-ny","szczwa",1,0,2,1,"paranoidalny","paranoszczwany"
209,"la","la-ment","ment",3,2,"la-złam","złam",2,0,0,1,"parlament","parlazłam"
669,"żer","żer-last_blank","last_blank",3,2,"trow-last_blank","trow",2,0,1,1,"pasażer","pasatrow"
998,"skud","skud-ny","ny",3,1,"giel-ny","giel",1,0,0,1,"paskudny","pagielny"
70,"kać","kać-last_blank","last_blank",2,67,"les-last_blank","les",67,0,0,1,"pękać","pęles"
877,"kar","kar-nik","nik",3,1,"kar-sten","sten",1,0,1,1,"piekarnik","piekarsten"
397,"ścień","ścień-last_blank","last_blank",2,1,"rview-last_blank","rview",1,0,0,1,"pierścień","pierrview"
110,"pierw","pierw-szy","szy",2,2,"twiej-szy","twiej",2,0,0,2,"pierwszy","twiejszy"
329,"pi","pi-es","es",1,1,"pi-ął","ął",1,0,0,1,"pies","piął"
635,"tro","tro-last_blank","last_blank",2,11,"nac-last_blank","nac",11,0,0,1,"piętro","pięnac"
215,"first_blank","first_blank-pik","pik",2,3,"first_blank-tod","tod",3,0,0,1,"piknik","todnik"
661,"pil","pil-ne","ne",2,2,"sła-ne","sła",2,0,0,1,"pilne","słane"
490,"karz","karz-last_blank","last_blank",3,15,"ling-last_blank","ling",15,0,0,1,"piosenkarz","piosenling"
842,"mi","mi-da","da",4,2,"mi-strzy","strzy",2,0,3,1,"piramida","piramistrzy"
622,"rat","rat-last_blank","last_blank",2,8,"łom-last_blank","łom",8,0,0,1,"pirat","piłom"
216,"let","let-last_blank","last_blank",3,19,"stać-last_blank","stać",19,0,1,1,"pistolet","pistostać"
665,"pla","pla-ga","ga",2,1,"abi-ga","abi",1,0,0,1,"plaga","abiga"
505,"pl","pl-an","an",1,2,"gi-an","gi",2,0,0,1,"plan","gian"
218,"pla","pla-ne","ne",3,10,"micz-ne","micz",9,1,1,1,"planeta","miczneta"
744,"first_blank","first_blank-plat","plat",3,6,"first_blank-wsze","wsze",6,0,0,1,"platforma","wszeforma"
805,"pla","pla-ża","ża",2,1,"rio-ża","rio",1,0,0,1,"plaża","rioża"
459,"ple","ple-cy","cy",2,1,"waw-cy","waw",1,0,0,1,"plecy","wawcy"
474,"pl","pl-ik","ik",1,1,"pl-eb","eb",1,0,0,1,"plik","pleb"
704,"plot","plot-ki","ki",2,1,"host-ki","host",1,0,0,1,"plotki","hostki"
49,"first_blank","first_blank-płót","płót",2,3,"first_blank-pomp","pomp",3,0,0,1,"płótno","pompno"
220,"first_blank","first_blank-pl","pl",1,29,"first_blank-dz","dz",29,0,0,1,"plus","dzus"
152,"yn","yn-last_blank","last_blank",1,8,"eż-last_blank","eż",8,0,0,1,"płyn","płeż"
726," dvd"," dvd-last_blank","last_blank",3,1,"skwą-last_blank","skwą",1,0,0,1,"płyta dvd","płytaskwą"
637,"ostu","ostu-last_blank","last_blank",3,1,"smin-last_blank","smin",1,0,0,1,"po prostu","po prsmin"
465,"nek","nek-last_blank","last_blank",4,97,"dzisz-last_blank","dzisz",81,16,2,1,"pocałunek","pocałudzisz"
893,"po","po-chle","chle",3,3,"po-szły","szły",3,0,0,1,"pochlebiać","poszłybiać"
625,"chwa","chwa-last_blank","last_blank",2,1,"cież-last_blank","cież",1,0,0,1,"pochwa","pocież"
347,"ciąg","ciąg-last_blank","last_blank",2,6,"misz-last_blank","misz",6,0,0,1,"pociąg","pomisz"
162,"pocz","pocz-ta","ta",2,1,"punk-ta","punk",1,0,0,1,"poczta","punkta"
269,"dob","dob-ny","ny",3,5,"ręcz-ny","ręcz",5,0,1,1,"podobny","poręczny"
104,"rób","rób-ka","ka",3,2,"kart-ka","kart",2,0,1,1,"podróbka","podkartka"
734,"dwój","dwój-nie","nie",3,1,"nial-nie","nial",1,0,0,1,"podwójnie","ponialnie"
2,"dzi","dzi-wiać","wiać",3,2,"dzi-dziu","dziu",2,0,0,1,"podziwiać","podzidziu"
532,"po","po-eta","eta",2,1,"po-mię","mię",1,0,0,1,"poeta","pomię"
863,"gląd","gląd-last_blank","last_blank",2,5,"gers-last_blank","gers",5,0,0,1,"pogląd","pogers"
62,"po","po-gra","gra",5,6,"po-śpiesz","śpiesz",4,2,3,1,"pogratulować","pośpiesztulować"
349,"po","po-jazd","jazd",2,1,"po-sred","sred",1,0,0,1,"pojazd","posred"
911,"ję","ję-cie","cie",3,8,"ję-tych","tych",2,6,1,1,"pojęcie","pojętych"
271,"dyn","dyn-czy","czy",4,1,"wiesz-czy","wiesz",1,0,2,1,"pojedynczy","pojewieszczy"
882,"ność","ność-last_blank","last_blank",3,172,"kach-last_blank","kach",183,11,0,1,"pojemność","pojemkach"
268,"zać","zać-last_blank","last_blank",3,29,"chów-last_blank","chów",29,0,1,1,"pokazać","pokachów"
584,"kój","kój-last_blank","last_blank",2,4,"ane-last_blank","ane",4,0,0,1,"pokój","poane"
830,"po","po-kor","kor",3,3,"po-chle","chle",3,0,1,1,"pokorny","pochleny"
69,"po","po-kry","kry",3,29,"po-wied","wied",27,2,1,1,"pokrywa","powiedwa"
700,"cze","cze-nie","nie",4,106,"słusz-nie","słusz",3,103,2,1,"połączenie","połąsłusznie"
223,"li","li-ty","ty",4,18,"li-chwia","chwia",2,16,3,1,"polityka","polichwiaka"
679,"po","po-ło","ło",3,32,"po-mnia","mnia",32,0,2,1,"połowa","pomniawa"
141,"wa","wa-nie","nie",4,286,"wa-dzasz","dzasz",6,280,2,1,"polowanie","polowadzasz"
320,"dnie","dnie-last_blank","last_blank",3,3,"przę-last_blank","przę",3,0,0,1,"południe","połuprzę"
673,"dnio","dnio-wy","wy",4,5,"uczci-wy","uczci",3,2,1,1,"południowy","połuuczciwy"
773,"łysk","łysk-last_blank","last_blank",2,1,"brok-last_blank","brok",1,0,0,1,"połysk","pobrok"
837,"po","po-mad","mad",3,1,"po-chwę","chwę",1,0,1,1,"pomadka","pochwęka"
580,"mnik","mnik-last_blank","last_blank",2,1,"scią-last_blank","scią",1,0,0,1,"pomnik","poscią"
681,"moc","moc-last_blank","last_blank",2,4,"van-last_blank","van",4,0,0,1,"pomoc","povan"
875,"first_blank","first_blank-pom","pom",2,12,"first_blank-izo","izo",12,0,0,1,"pompa","izopa"
354,"mysł","mysł-last_blank","last_blank",2,4,"twił-last_blank","twił",4,0,0,1,"pomysł","potwił"
458,"nie","nie-dzia","dzia",4,2,"nie-słusz","słusz",2,0,1,1,"poniedziałek","poniesłuszłek"
155,"po","po-patrz","patrz",2,1,"po-strzę","strzę",1,0,0,1,"popatrz","postrzę"
500,"piół","piół-last_blank","last_blank",2,1,"bitt-last_blank","bitt",1,0,0,1,"popiół","pobitt"
224,"la","la-cja","cja",4,19,"la-tions","tions",1,18,2,1,"populacja","populations"
483,"lar","lar-ny","ny",4,6,"trycz-ny","trycz",6,0,2,1,"popularny","poputryczny"
815,"pyt","pyt-last_blank","last_blank",2,2,"ets-last_blank","ets",2,0,0,1,"popyt","poets"
707,"first_blank","first_blank-por","por",2,59,"first_blank-sku","sku",59,0,0,1,"porno","skuno"
225,"first_blank","first_blank-por","por",2,59,"first_blank-kró","kró",59,0,0,1,"portal","krótal"
955,"ogoś","ogoś-last_blank","last_blank",4,1,"rveya-last_blank","rveya",1,0,1,1,"porwać kogoś","porwać krveya"
979,"wacz","wacz-last_blank","last_blank",3,8,"skam-last_blank","skam",8,0,0,1,"porywacz","poryskam"
418,"po","po-stać","stać",2,1,"po-lter","lter",1,0,0,1,"postać","polter"
230,"po","po-stęp","stęp",2,1,"po-lter","lter",1,0,0,1,"postęp","polter"
246,"po","po-sza","sza",5,4,"po-śmiert","śmiert",3,1,3,1,"poszanowanie","pośmiertnowanie"
649,"cjał","cjał-last_blank","last_blank",3,2,"sons-last_blank","sons",2,0,0,1,"potencjał","potensons"
386,"twier","twier-dze","dze",4,8,"uszko-dze","uszko",6,2,0,1,"potwierdzenie","pouszkodzenie"
447,"twór","twór-last_blank","last_blank",2,4,"riów-last_blank","riów",4,0,0,1,"potwór","poriów"
630,"wierzch","wierzch-nia","nia",3,1,"uwzględ-nia","uwzględ",2,1,0,4,"powierzchnia","pouwzględnia"
5,"wie","wie-trze","trze",3,2,"wie-dzał","dzał",2,0,0,1,"powietrze","powiedzał"
240,"wód","wód-last_blank","last_blank",2,7,"gla-last_blank","gla",7,0,0,1,"powód","pogla"
647,"wo","wo-li","li",3,6,"mnie-li","mnie",6,0,2,1,"powoli","pomnieli"
446,"wol","wol-ny","ny",3,5,"ręcz-ny","ręcz",5,0,1,1,"powolny","poręczny"
410,"póź","póź-no","no",2,1,"elo-no","elo",1,0,0,1,"późno","elono"
684,"zwo","zwo-le","le",4,12,"strza-le","strza",3,9,2,1,"pozwolenie","postrzalenie"
323,"tyw","tyw-ny","ny",4,12,"dzial-ny","dzial",6,6,2,1,"pozytywny","pozydzialny"
83,"gnie","gnie-nie","nie",3,1,"spły-nie","spły",1,0,0,1,"pragnienie","praspłynie"
302,"praw","praw-da","da",2,2,"char-da","char",2,0,0,1,"prawda","charda"
229,"first_blank","first_blank-praw","praw",6,70,"first_blank-uśmiech","uśmiech",12,58,3,1,"prawdopodobieństwo","uśmiechdopodobieństwo"
251,"dło","dło-wy","wy",4,4,"uczci-wy","uczci",3,1,2,1,"prawidłowy","prawiuczciwy"
441,"praw","praw-nik","nik",2,1,"praw-cze","cze",1,0,0,1,"prawnik","prawcze"
543,"pra","pra-wo","wo",2,11,"zer-wo","zer",16,5,0,1,"prawo","zerwo"
709,"pre","pre-mia","mia",2,1,"pre-sor","sor",1,0,0,1,"premia","presor"
304,"first_blank","first_blank-pró","pró",3,51,"first_blank-szko","szko",51,0,1,1,"próbować","szkobować"
421,"ces","ces-last_blank","last_blank",2,6,"był-last_blank","był",6,0,0,1,"proces","probył"
944,"first_blank","first_blank-proch","proch",4,1,"first_blank-wzmia","wzmia",1,0,0,1,"proch strzelniczy","wzmia strzelniczy"
363,"cent","cent-last_blank","last_blank",3,6,"złam-last_blank","złam",6,0,0,1,"producent","produzłam"
529,"fil","fil-last_blank","last_blank",2,3,"ved-last_blank","ved",3,0,0,1,"profil","proved"
231,"jekt","jekt-last_blank","last_blank",2,1,"rech-last_blank","rech",1,0,0,1,"projekt","prorech"
853,"mień","mień-last_blank","last_blank",2,8,"ciął-last_blank","ciął",8,0,0,1,"promień","prociął"
829,"test","test-last_blank","last_blank",2,1,"traż-last_blank","traż",1,0,0,1,"protest","protraż"
761,"wa","wa-dzić","dzić",3,14,"wa-riat","riat",9,5,0,1,"prowadzić","prowariat"
639,"wat","wat-ny","ny",3,2,"chow-ny","chow",2,0,1,1,"prywatny","prychowny"
115,"first_blank","first_blank-prze","prze",4,2235,"first_blank-współ","współ",83,2152,1,1,"przebaczenie","współbaczenie"
114,"ba","ba-czyć","czyć",3,3,"ba-stia","stia",3,0,0,1,"przebaczyć","przebastia"
157,"prze","prze-gra","gra",3,25,"szwa-gra","szwa",1,24,0,1,"przegrany","szwagrany"
956,"prze","prze-ką","ką",3,7,"nicz-ką","nicz",10,3,0,1,"przekąska","niczkąska"
561,"prze","prze-kleń","kleń",3,3,"prze-siąk","siąk",3,0,0,1,"przekleństwo","przesiąkstwo"
884,"prze","prze-ku","ku",3,5,"opła-ku","opła",5,0,0,1,"przekupić","opłakupić"
865,"first_blank","first_blank-prze","prze",4,2235,"first_blank-współ","współ",83,2152,1,1,"przemówienie","współmówienie"
144,"mysł","mysł-last_blank","last_blank",2,4,"twił-last_blank","twił",4,0,0,1,"przemysł","przetwił"
140,"first_blank","first_blank-prze","prze",4,2235,"first_blank-współ","współ",83,2152,1,1,"przerażenie","współrażenie"
738,"rwać","rwać-last_blank","last_blank",2,9,"głam-last_blank","głam",9,0,0,1,"przerwać","przegłam"
130,"first_blank","first_blank-prze","prze",4,2235,"first_blank-współ","współ",83,2152,1,1,"przesłuchanie","współsłuchanie"
867,"szyć","szyć-last_blank","last_blank",3,53,"dłem-last_blank","dłem",51,2,0,1,"przestraszyć","przestradłem"
851,"szko","szko-da","da",3,3,"prze-da","prze",3,0,0,1,"przeszkoda","przeprzeda"
835,"first_blank","first_blank-prze","prze",3,2235,"first_blank-stra","stra",108,2127,0,1,"przezwisko","strazwisko"
858,"pr","pr-zó","zó",1,1,"pr-yk","yk",1,0,0,1,"przód","prykd"
522,"cisk","cisk-last_blank","last_blank",2,6,"sing-last_blank","sing",6,0,0,1,"przycisk","przysing"
226,"first_blank","first_blank-przy","przy",5,1456,"first_blank-stwier","stwier",24,1432,2,1,"przygotowanie","stwiergotowanie"
528,"jazd","jazd-last_blank","last_blank",2,10,"szaj-last_blank","szaj",10,0,0,1,"przyjazd","przyszaj"
17,"je","je-chać","chać",3,12,"je-stra","stra",13,1,0,1,"przyjechać","przyjestra"
915,"przy","przy-ję","ję",3,19,"dzie-ję","dzie",3,16,0,1,"przyjęcie","dziejęcie"
549,"ność","ność-last_blank","last_blank",3,172,"kach-last_blank","kach",183,11,0,1,"przyjemność","przyjemkach"
796,"nieść","nieść-last_blank","last_blank",2,10,"wiedź-last_blank","wiedź",10,0,0,1,"przynieść","przywiedź"
938,"first_blank","first_blank-przy","przy",4,1456,"first_blank-współ","współ",83,1373,1,1,"przypadkowo","współpadkowo"
509,"przy","przy-się","się",3,33,"dzie-się","dzie",12,21,0,1,"przysięgać","dziesięgać"
506,"przy","przy-szły","szły",2,4,"przy-stan","stan",4,0,0,1,"przyszły","przystan"
705,"przy","przy-wi","wi",3,21,"dzie-wi","dzie",13,8,0,1,"przywilej","dziewilej"
803,"znać","znać-last_blank","last_blank",2,10,"anie-last_blank","anie",10,0,0,1,"przyznać","przyanie"
80,"first_blank","first_blank-przy","przy",3,1456,"first_blank-dzie","dzie",187,1269,0,1,"przyzwoity","dziezwoity"
434,"chicz","chicz-ny","ny",3,2,"zmien-ny","zmien",2,0,0,1,"psychiczny","psyzmienny"
28,"first_blank","first_blank-psz","psz",3,10,"first_blank-świń","świń",10,0,1,1,"pszczoła","świńczoła"
234,"first_blank","first_blank-pu","pu",1,177,"first_blank-ła","ła",177,0,0,1,"pub","łab"
557,"łap","łap-ka","ka",3,3,"dusz-ka","dusz",3,0,1,1,"pułapka","puduszka"
718,"łk","łk-last_blank","last_blank",1,2,"wd-last_blank","wd",2,0,0,1,"pułk","puwd"
235,"pu","pu-ls","ls",1,1,"pu-ga","ga",1,0,0,1,"puls","puga"
221,"pu","pu-nk","nk",1,2,"pu-ły","ły",2,0,0,1,"punkt","pułyt"
732,"sty","sty-last_blank","last_blank",2,78,"ter-last_blank","ter",78,0,0,1,"pusty","puter"
82,"sty","sty-nia","nia",3,1,"rzut-nia","rzut",1,0,1,1,"pustynia","purzutnia"
237,"ta","ta-nie","nie",3,30,"ta-stro","stro",7,23,1,1,"pytanie","pytastro"
806,"ra","ra-da","da",2,12,"ra-kie","kie",12,0,1,1,"rada","rakie"
431,"ra","ra-dar","dar",2,1,"ra-czu","czu",1,0,0,1,"radar","raczu"
445,"dio","dio-last_blank","last_blank",2,9,"być-last_blank","być",9,0,0,1,"radio","rabyć"
207,"ra","ra-j","j",1,3,"ni-j","ni",3,0,0,1,"raj","nij"
618,"kie","kie-ta","ta",3,6,"spar-ta","spar",5,1,1,1,"rakieta","rasparta"
608,"ra","ra-mię","mię",2,2,"ra-zek","zek",2,0,0,1,"ramię","razek"
560,"ra","ra-na","na",2,13,"cjo-na","cjo",13,0,1,1,"rana","cjona"
245,"ra","ra-port","port",2,1,"ra-ment","ment",1,0,0,1,"raport","rament"
238,"stow","stow-ski","ski",4,3,"dziej-ski","dziej",2,1,1,1,"rasistowski","rasidziejski"
607,"to","to-wać","wać",3,108,"to-ścio","ścio",14,94,1,1,"ratować","ratościo"
994,"rdze","rdze-nio","nio",3,2,"więź-nio","więź",2,0,0,1,"rdzeniowy","więźniowy"
631,"re","re-ali","ali",4,17,"re-jestr","jestr",1,16,2,1,"realizować","rejestrzować"
963,"nal","nal-ny","ny",4,15,"stycz-ny","stycz",21,6,2,1,"regionalny","regiostyczny"
256,"gu","gu-ła","ła",3,3,"umar-ła","umar",3,0,2,1,"reguła","reumarła"
126,"first_blank","first_blank-rę","rę",2,42,"first_blank-san","san",42,0,1,1,"ręka","sanka"
455,"kin","kin-last_blank","last_blank",2,12,"laj-last_blank","laj",12,0,0,1,"rekin","relaj"
927,"kla","kla-ma","ma",3,2,"gres-ma","gres",2,0,1,1,"reklama","regresma"
57,"wizji","wizji-last_blank","last_blank",7,1,"chlebstw-last_blank","chlebstw",1,0,3,1,"reklama w telewizji","reklama w telechlebstw"
592,"cja","cja-last_blank","last_blank",3,258,"dzie-last_blank","dzie",255,3,1,1,"relacja","reladzie"
460,"żywo","żywo-last_blank","last_blank",6,1,"łkniesz-last_blank","łkniesz",1,0,3,1,"relacja na żywo","relacja na łkniesz"
427,"ter","ter-last_blank","last_blank",3,78,"skim-last_blank","skim",76,2,1,1,"reporter","reporskim"
43,"resz","resz-ta","ta",2,1,"riet-ta","riet",1,0,0,1,"reszta","rietta"
984,"cyj","cyj-ny","ny",5,34,"strzen-ny","strzen",3,31,3,1,"rewelacyjny","rewelastrzenny"
958,"gna","gna-cja","cja",4,1,"skryp-cja","skryp",1,0,2,1,"rezygnacja","rezyskrypcja"
939,"bak","bak-last_blank","last_blank",2,3,"dit-last_blank","dit",3,0,0,1,"robak","rodit"
619,"enie","enie-last_blank","last_blank",5,2,"trzysz-last_blank","trzysz",2,0,2,1,"robi wrażenie","robi wrażtrzysz"
163,"ro","ro-bić","bić",2,11,"ro-żyt","żyt",11,0,0,1,"robić","rożyt"
695,"bot","bot-last_blank","last_blank",2,4,"els-last_blank","els",4,0,0,1,"robot","roels"
663,"first_blank","first_blank-rocz","rocz",3,17,"first_blank-spon","spon",17,0,0,1,"rocznica","sponnica"
849,"ro","ro-deo","deo",2,1,"ro-xbu","xbu",1,0,0,1,"rodeo","roxbu"
105,"first_blank","first_blank-rol","rol",2,26,"first_blank-zni","zni",26,0,0,1,"rolnik","zninik"
794,"meo.","meo.-last_blank","last_blank",2,1,"mógl-last_blank","mógl",1,0,0,1,"romeo.","romógl"
274,"roz","roz-bić","bić",2,1,"roz-czy","czy",1,0,0,1,"rozbić","rozczy"
272,"miar","miar-last_blank","last_blank",2,7,"mond-last_blank","mond",7,0,0,1,"rozmiar","rozmond"
435,"roz","roz-mo","mo",3,8,"alar-mo","alar",6,2,1,1,"rozmowa","alarmowa"
241,"po","po-znać","znać",3,3,"po-łącz","łącz",3,0,0,1,"rozpoznać","rozpołącz"
63,"wa","wa-żać","żać",3,3,"wa-kiem","kiem",3,0,1,1,"rozważać","rozwakiem"
343,"wód","wód-last_blank","last_blank",2,7,"neś-last_blank","neś",7,0,0,1,"rozwód","rozneś"
257,"ru","ru-m","m",1,1,"al-m","al",1,0,0,1,"rum","alm"
176," się"," się-last_blank","last_blank",3,1,"ghes-last_blank","ghes",1,0,0,1,"ruszaj się","ruszajghes"
250,"tm","tm-last_blank","last_blank",1,2,"łd-last_blank","łd",2,0,0,1,"rytm","ryłd"
433,"ał","ał-last_blank","last_blank",3,34,"czej-last_blank","czej",34,0,2,1,"rytuał","rytuczej"
342,"zy","zy-ko","ko",3,23,"uspo-ko","uspo",14,9,2,1,"ryzyko","ryuspoko"
252,"kow","kow-ny","ny",4,2,"blicz-ny","blicz",2,0,2,1,"ryzykowny","ryzybliczny"
479,"stość","stość-last_blank","last_blank",4,8,"dziej-last_blank","dziej",8,0,0,1,"rzeczywistość","rzeczywidziej"
472,"first_blank","first_blank-rze","rze",2,56,"first_blank-gru","gru",56,0,0,1,"rzeka","gruka"
538,"first_blank","first_blank-rzym","rzym",2,9,"first_blank-wszy","wszy",9,0,0,1,"rzymski","wszyski"
414,"są","są-d","d",1,1,"oz-d","oz",1,0,0,1,"sąd","ozd"
8,"sa","sa-m","m",1,1,"io-m","io",1,0,0,1,"sam","iom"
338,"stwo","stwo-last_blank","last_blank",4,103,"dzisz-last_blank","dzisz",81,22,1,1,"samobójstwo","samobójdzisz"
753,"first_blank","first_blank-schro","schro",3,14,"first_blank-sprzy","sprzy",14,0,0,1,"schronienie","sprzynienie"
468,"first_blank","first_blank-ścia","ścia",2,7,"first_blank-shin","shin",7,0,0,1,"ściana","shinna"
816,"first_blank","first_blank-sek","sek",2,52,"first_blank-zja","zja",52,0,0,1,"sekcja","zjacja"
22,"włok","włok-last_blank","last_blank",4,1,"liach-last_blank","liach",1,0,1,1,"sekcja zwłok","sekcja zliach"
264,"kret","kret-last_blank","last_blank",2,3,"sper-last_blank","sper",3,0,0,1,"sekret","sesper"
379,"tarz","tarz-last_blank","last_blank",3,7,"kręć-last_blank","kręć",7,0,0,1,"sekretarz","sekrekręć"
266,"first_blank","first_blank-sek","sek",4,52,"first_blank-przyj","przyj",54,2,2,1,"seksualny","przyjsualny"
724,"na","na-rium","rium",4,1,"na-uczyc","uczyc",1,0,1,1,"seminarium","seminauczyc"
823,"nior","nior-last_blank","last_blank",2,2,"nand-last_blank","nand",2,0,0,1,"senior","senand"
606,"ria","ria-last_blank","last_blank",2,44,"waj-last_blank","waj",44,0,0,1,"seria","sewaj"
795,"first_blank","first_blank-sher","sher",2,9,"first_blank-cien","cien",9,0,0,1,"sherlock.","cienlock."
612,"eć","eć-last_blank","last_blank",1,16,"im-last_blank","im",16,0,0,1,"sieć","siim"
976,"ci","ci-niec","niec",4,1,"ci-skasz","skasz",2,1,1,1,"sierociniec","sierociskasz"
361,"żant","żant-last_blank","last_blank",2,2,"than-last_blank","than",2,0,0,1,"sierżant","sierthan"
282,"si","si-ła","ła",2,23,"rzy-ła","rzy",24,1,1,1,"siła","rzyła"
335,"sio","sio-stra","stra",2,2,"ilu-stra","ilu",2,0,0,1,"siostra","ilustra"
814,"sk","sk-ar","ar",1,2,"sk-in","in",2,0,0,1,"skarb","skinb"
59,"first_blank","first_blank-skar","skar",2,41,"first_blank-dzwo","dzwo",41,0,0,2,"skarga","dzwoga"
767,"sk","sk-le","le",1,1,"sk-au","au",1,0,0,1,"sklep","skaup"
801,"first_blank","first_blank-skó","skó",2,15,"first_blank-lor","lor",15,0,0,1,"skóra","lorra"
280,"sk","sk-ra","ra",1,3,"he-ra","he",3,0,0,1,"skraść","heraść"
305,"first_blank","first_blank-skrę","skrę",2,30,"first_blank-spóź","spóź",30,0,0,1,"skręcać","spóźcać"
395,"first_blank","first_blank-skrzyn","skrzyn",2,7,"first_blank-wskrze","wskrze",7,0,0,1,"skrzynka","wskrzeka"
412,"first_blank","first_blank-sła","sła",2,26,"first_blank-zni","zni",26,0,0,1,"słaby","zniby"
39,"first_blank","first_blank-sła","sła",2,26,"first_blank-gór","gór",26,0,0,1,"sława","górwa"
113,"first_blank","first_blank-śle","śle",2,50,"first_blank-car","car",50,0,0,1,"śledzić","cardzić"
477,"first_blank","first_blank-śle","śle",2,50,"first_blank-tłu","tłu",50,0,0,1,"ślepy","tłupy"
991,"mak","mak-last_blank","last_blank",2,4,"dlu-last_blank","dlu",4,0,0,1,"ślimak","ślidlu"
591,"first_blank","first_blank-słod","słod",2,15,"first_blank-odło","odło",15,0,0,1,"słodkie","odłokie"
981,"słow","słow-nik","nik",2,1,"bior-nik","bior",1,0,0,1,"słownik","biornik"
319,"first_blank","first_blank-sło","sło",2,60,"first_blank-mia","mia",60,0,0,1,"słowo","miawo"
367,"first_blank","first_blank-słu","słu",2,86,"first_blank-uro","uro",87,1,0,1,"słuchać","urochać"
785,"smacz","smacz-ny","ny",2,1,"niecz-ny","niecz",1,0,0,1,"smaczny","nieczny"
443,"first_blank","first_blank-sm","sm",1,27,"first_blank-kl","kl",27,0,0,1,"smak","klak"
908,"śmie","śmie-ci","ci",2,1,"trio-ci","trio",1,0,0,1,"śmieci","trioci"
79,"rć","rć-last_blank","last_blank",1,3,"tv-last_blank","tv",3,0,0,1,"śmierć","śmietv"
876,"first_blank","first_blank-śmier","śmier",3,47,"first_blank-oskar","oskar",48,1,0,1,"śmiertelnie","oskartelnie"
88,"ok","ok-last_blank","last_blank",1,28,"at-last_blank","at",28,0,0,1,"smok","smat"
258,"smut","smut-ny","ny",2,2,"mięt-ny","mięt",2,0,0,1,"smutny","miętny"
259,"bo","bo-ta","ta",3,7,"cmen-ta","cmen",7,0,2,1,"sobota","socmenta"
536,"so","so-fa","fa",2,1,"so-cze","cze",1,0,1,1,"sofa","socze"
109,"lid","lid-ny","ny",3,1,"trum-ny","trum",1,0,1,1,"solidny","sotrumny"
461,"cjal","cjal-ny","ny",3,8,"tecz-ny","tecz",8,0,0,1,"specjalny","speteczny"
703,"sek","sek-last_blank","last_blank",2,23,"cho-last_blank","cho",23,0,0,1,"spisek","spicho"
620,"first_blank","first_blank-spód","spód",3,10,"first_blank-anio","anio",10,0,0,1,"spódnica","anionica"
469,"koj","koj-ny","ny",3,2,"sien-ny","sien",2,0,1,1,"spokojny","sposienny"
422,"czeń","czeń-stwo","stwo",4,4,"strzo-stwo","strzo",1,3,1,1,"społeczeństwo","społestrzostwo"
438,"spół","spół-ka","ka",2,1,"szan-ka","szan",1,0,0,1,"spółka","szanka"
973,"dycz","dycz-nie","nie",4,3,"ostat-nie","ostat",3,0,1,1,"sporadycznie","sporaostatnie"
857,"dzać","dzać-last_blank","last_blank",2,35,"wiam-last_blank","wiam",35,0,0,1,"sprawdzać","sprawwiam"
731,"spra","spra-wie","wie",4,23,"niedź-wie","niedź",7,16,1,1,"sprawiedliwy","niedźwiedliwy"
758,"first_blank","first_blank-sprze","sprze",3,97,"first_blank-współ","współ",83,14,0,1,"sprzedawca","współdawca"
812,"ęt","ęt-last_blank","last_blank",1,4,"rv-last_blank","rv",4,0,0,1,"sprzęt","sprzrv"
871,"sp","sp-us","us",1,1,"sp-ać","ać",1,0,0,1,"spust","spaćt"
737,"ocy","ocy-last_blank","last_blank",4,1,"stiel-last_blank","stiel",1,0,2,1,"środek nocy","środek nstiel"
693,"first_blank","first_blank-śro","śro",4,13,"first_blank-zgwał","zgwał",13,0,2,1,"środowisko","zgwałdowisko"
907,"first_blank","first_blank-ss","ss",1,9,"first_blank-oś","oś",9,0,0,1,"ssać","ośać"
279,"dion","dion-last_blank","last_blank",2,1,"dwie-last_blank","dwie",1,0,0,1,"stadion","stadwie"
677,"sko","sko-last_blank","last_blank",4,65,"czysz-last_blank","czysz",64,1,2,1,"stanowisko","stanowiczysz"
194,"sta","sta-ry","ry",2,4,"roz-ry","roz",4,0,0,1,"stary","rozry"
739,"sta","sta-tus","tus",2,1,"sta-bla","bla",1,0,0,1,"status","stabla"
540,"isko","isko-last_blank","last_blank",2,2,"izmu-last_blank","izmu",2,0,0,1,"stoisko","stoizmu"
413,"ół","ół-last_blank","last_blank",1,5,"yz-last_blank","yz",5,0,0,1,"stół","styz"
651,"sto","sto-li","li",3,10,"życz-li","życz",9,1,1,1,"stolica","życzlica"
881,"sto","sto-pić","pić",2,1,"sto-gne","gne",1,0,0,1,"stopić","stogne"
370,"strasz","strasz-ny","ny",2,2,"strzen-ny","strzen",3,1,0,1,"straszny","strzenny"
901,"first_blank","first_blank-straż","straż",2,13,"first_blank-atlan","atlan",13,0,0,1,"strażnik","atlannik"
283,"st","st-re","re",1,3,"mi-re","mi",3,0,0,1,"stres","mires"
391,"ał","ał-last_blank","last_blank",1,34,"bo-last_blank","bo",34,0,0,1,"strzał","strzbo"
742,"lec","lec-last_blank","last_blank",2,15,"suj-last_blank","suj",15,0,0,1,"strzelec","strzesuj"
337,"dent","dent-last_blank","last_blank",2,8,"dżać-last_blank","dżać",8,0,0,1,"student","studżać"
453,"stu","stu-le","le",3,4,"kanc-le","kanc",4,0,1,1,"stulecie","kanclecie"
72,"wó","wó-rz","rz",1,2,"og-rz","og",2,0,0,1,"stwórz","stogrz"
375,"su","su-chy","chy",2,1,"su-elo","elo",1,0,0,1,"suchy","suelo"
374,"ces","ces-last_blank","last_blank",2,6,"bom-last_blank","bom",6,0,0,1,"sukces","sukbom"
885,"su","su-ma","ma",2,4,"per-ma","per",4,0,1,1,"suma","perma"
473,"dek","dek-last_blank","last_blank",2,49,"kom-last_blank","kom",49,0,0,1,"świadek","świakom"
521,"first_blank","first_blank-świą","świą",3,17,"first_blank-wkła","wkła",17,0,0,1,"świątynia","wkłatynia"
905,"first_blank","first_blank-świe","świe",2,50,"first_blank-scho","scho",50,0,0,2,"świeży","schoży"
894,"św","św-is","is",1,1,"el-is","el",1,0,0,1,"świst","elist"
716,"bod","bod-nie","nie",3,1,"stat-nie","stat",1,0,1,1,"swobodnie","swostatnie"
462,"acja","acja-last_blank","last_blank",3,4,"twił-last_blank","twił",4,0,0,1,"sytuacja","sytutwił"
743,"leń","leń-stwo","stwo",3,2,"leń-kich","kich",1,1,0,1,"szaleństwo","szaleńkich"
586,"first_blank","first_blank-szan","szan",2,20,"first_blank-char","char",20,0,0,1,"szansa","charsa"
563,"ryf","ryf-last_blank","last_blank",2,1,"cuz-last_blank","cuz",1,0,0,1,"szeryf","szecuz"
444,"first_blank","first_blank-sz","sz",1,83,"first_blank-ri","ri",83,0,0,1,"szkło","rikło"
356,"ższa","ższa-last_blank","last_blank",4,1,"scień-last_blank","scień",1,0,1,1,"szkoła wyższa","szkoła wyscień"
186,"first_blank","first_blank-szla","szla",3,26,"first_blank-igno","igno",26,0,0,1,"szlachetny","ignochetny"
401,"eg","eg-last_blank","last_blank",1,6,"uj-last_blank","uj",6,0,0,1,"szpieg","szpiuj"
970,"go","go-stwo","stwo",3,2,"go-ścia","ścia",2,0,0,1,"szpiegostwo","szpiegościa"
340,"first_blank","first_blank-szpi","szpi",2,24,"first_blank-wspa","wspa",24,0,0,1,"szpital","wspatal"
301,"first_blank","first_blank-sztucz","sztucz",2,17,"first_blank-wszech","wszech",17,0,0,2,"sztuczka","wszechka"
638,"sztu","sztu-ka","ka",2,1,"rzon-ka","rzon",1,0,0,1,"sztuka","rzonka"
442,"kaj","kaj-last_blank","last_blank",2,31,"lii-last_blank","lii",31,0,0,1,"szukaj","szulii"
754,"blet","blet-last_blank","last_blank",2,1,"liot-last_blank","liot",1,0,0,1,"tablet","taliot"
383,"cerz","cerz-last_blank","last_blank",2,4,"cyzm-last_blank","cyzm",4,0,0,1,"tancerz","tancyzm"
572,"tar","tar-cza","cza",2,1,"ple-cza","ple",1,0,0,1,"tarcza","plecza"
567,"aż","aż-last_blank","last_blank",3,7,"rzuć-last_blank","rzuć",7,0,2,1,"tatuaż","taturzuć"
77,"tuś","tuś-last_blank","last_blank",2,1,"fey-last_blank","fey",1,0,0,1,"tatuś","tafey"
289,"xi","xi-last_blank","last_blank",2,7,"daż-last_blank","daż",7,0,1,1,"taxi","tadaż"
788,"first_blank","first_blank-tech","tech",3,38,"first_blank-chro","chro",38,0,0,1,"techniczny","chroniczny"
378,"first_blank","first_blank-tech","tech",4,38,"first_blank-dziew","dziew",39,1,1,1,"technologia","dziewnologia"
291,"te","te-ks","ks",1,1,"te-al","al",1,0,0,1,"tekst","tealt"
457,"le","le-gram","gram",3,1,"le-slie","slie",1,0,0,1,"telegram","teleslie"
930,"le","le-skop","skop",3,1,"le-czen","czen",1,0,0,1,"teleskop","teleczen"
489,"ra","ra-pia","pia",3,2,"ra-dach","dach",2,0,1,1,"terapia","teradach"
190,"raz","raz-last_blank","last_blank",2,10,"dię-last_blank","dię",10,0,0,1,"teraz","tedię"
720,"first_blank","first_blank-ter","ter",3,61,"first_blank-skon","skon",61,0,1,1,"terminal","skonminal"
866,"first_blank","first_blank-tł","tł",1,8,"first_blank-xe","xe",8,0,0,1,"tłum","xeum"
297,"le","le-ta","ta",4,11,"krysz-ta","krysz",11,0,3,1,"toaleta","toakryszta"
295,"ast","ast-last_blank","last_blank",2,5,"twe-last_blank","twe",5,0,0,1,"toast","totwe"
692,"tra","tra-sa","sa",2,1,"ślu-sa","ślu",1,0,0,1,"trasa","ślusa"
51,"ner","ner-last_blank","last_blank",2,49,"kom-last_blank","kom",49,0,0,1,"trener","trekom"
784,"feum","feum-last_blank","last_blank",2,1,"leźc-last_blank","leźc",1,0,0,1,"trofeum","troleźc"
634,"trud","trud-ny","ny",2,2,"twor-ny","twor",2,0,0,1,"trudny","tworny"
53,"first_blank","first_blank-trum","trum",2,7,"first_blank-zrzę","zrzę",7,0,0,1,"trumna","zrzęna"
294,"first_blank","first_blank-trze","trze",2,14,"first_blank-wzro","wzro",14,0,0,1,"trzeci","wzroci"
91,"first_blank","first_blank-trzę","trzę",5,12,"first_blank-śmiesz","śmiesz",12,0,2,1,"trzęsienie ziemi","śmieszsienie ziemi"
699,"first_blank","first_blank-trzeź","trzeź",2,8,"first_blank-orien","orien",8,0,0,1,"trzeźwy","orienwy"
949,"first_blank","first_blank-tuń","tuń",2,3,"first_blank-rąb","rąb",3,0,0,1,"tuńczyk","rąbczyk"
299,"tur","tur-niej","niej",2,2,"kat-niej","kat",2,0,0,1,"turniej","katniej"
133,"taj","taj-last_blank","last_blank",2,20,"jek-last_blank","jek",20,0,0,1,"tutaj","tujek"
859,"ty","ty-łek","łek",2,1,"ty-sie","sie",1,0,0,1,"tyłek","tysie"
148,"first_blank","first_blank-tyl","tyl",2,18,"first_blank-ano","ano",18,0,0,1,"tylko","anoko"
616,"po","po-wy","wy",3,6,"po-chod","chod",6,0,2,1,"typowy","typochod"
605,"siąc","siąc-last_blank","last_blank",2,3,"seya-last_blank","seya",3,0,0,1,"tysiąc","tyseya"
296,"toń","toń-last_blank","last_blank",2,1,"dya-last_blank","dya",1,0,0,1,"tytoń","tydya"
924,"first_blank","first_blank-ubó","ubó",2,5,"first_blank-sle","sle",5,0,0,1,"ubóstwo","slestwo"
242,"first_blank","first_blank-uchodź","uchodź",2,5,"first_blank-uciecz","uciecz",5,0,0,2,"uchodźca","ucieczca"
746,"uc","uc-ie","ie",1,5,"zm-ie","zm",5,0,0,1,"uciec","zmiec"
411," się"," się-last_blank","last_blank",2,1,"thią-last_blank","thią",1,0,0,1,"uczyć się","uczyćthią"
897,"first_blank","first_blank-ude","ude",2,49,"first_blank-ran","ran",49,0,0,1,"uderzyć","ranrzyć"
307,"o.","o.-last_blank","last_blank",1,1,"cp-last_blank","cp",1,0,0,1,"ufo.","ufcp"
900,"first_blank","first_blank-ugo","ugo",3,22,"first_blank-hisz","hisz",22,0,1,1,"ugotować","hisztować"
284,"first_blank","first_blank-upar","upar",2,9,"first_blank-gran","gran",9,0,0,1,"uparty","granty"
90,"up","up-uś","uś",1,1,"up-ić","ić",1,0,0,1,"upuść","upićć"
779,"cho","cho-mić","mić",3,2,"cho-tycz","tycz",2,0,1,1,"uruchomić","uruchotycz"
947,"first_blank","first_blank-usłu","usłu",2,6,"first_blank-splu","splu",6,0,0,1,"usługa","spluga"
417," się"," się-last_blank","last_blank",3,1,"wiąć-last_blank","wiąć",1,0,0,1,"uśmiechać się","uśmiechaćwiąć"
545,"first_blank","first_blank-us","us",1,51,"first_blank-zy","zy",51,0,0,1,"usta","zyta"
701,"uto","uto-pić","pić",2,1,"tru-pić","tru",1,0,0,1,"utopić","trupić"
137,"mać","mać-last_blank","last_blank",2,27,"rię-last_blank","rię",27,0,0,1,"utrzymać","utrzyrię"
886,"first_blank","first_blank-utrzy","utrzy",3,39,"first_blank-dziew","dziew",39,0,0,2,"utrzymywać","dziewmywać"
802,"first_blank","first_blank-uwa","uwa",2,43,"first_blank-mał","mał",43,0,0,1,"uwaga","małga"
310,"tecz","tecz-ne","ne",3,15,"dzia-ne","dzia",10,5,0,1,"użyteczne","użydziane"
193,"dku","dku-last_blank","last_blank",3,1,"uczą-last_blank","uczą",1,0,1,1,"w porządku","w porząuczą"
642,"wa","wa-ga","ga",2,8,"wa-len","len",8,0,1,1,"waga","walen"
54,"wal","wal-ka","ka",2,2,"bit-ka","bit",2,0,0,1,"walka","bitka"
786,"first_blank","first_blank-war","war",2,67,"first_blank-kro","kro",67,0,0,1,"warga","kroga"
839,"war","war-stwa","stwa",2,2,"leń-stwa","leń",2,0,0,1,"warstwa","leństwa"
748,"tat","tat-last_blank","last_blank",2,5,"elu-last_blank","elu",5,0,0,1,"warsztat","warszelu"
311,"tość","tość-last_blank","last_blank",2,9,"trem-last_blank","trem",9,0,0,1,"wartość","wartrem"
664,"wą","wą-ska","ska",2,1,"wą-gli","gli",1,0,0,1,"wąska","wągli"
537,"szyng","szyng-ton","ton",3,1,"scran-ton","scran",1,0,0,1,"waszyngton","wascranton"
86,"wość","wość-last_blank","last_blank",3,43,"śnie-last_blank","śnie",44,1,0,1,"wątpliwość","wątpliśnie"
96,"first_blank","first_blank-wcho","wcho",2,26,"first_blank-igno","igno",26,0,0,1,"wchodzić","ignodzić"
317,"first_blank","first_blank-wdo","wdo",2,6,"first_blank-buc","buc",6,0,0,1,"wdowa","bucwa"
124,"first_blank","first_blank-wdzięcz","wdzięcz",2,9,"first_blank-wstrzyk","wstrzyk",8,1,0,4,"wdzięczny","wstrzykny"
52,"giel","giel-last_blank","last_blank",2,5,"nizm-last_blank","nizm",5,0,0,1,"węgiel","węnizm"
671,"wnętrz","wnętrz-ny","ny",3,3,"strzen-ny","strzen",3,0,0,2,"wewnętrzny","westrzenny"
316,"first_blank","first_blank-whi","whi",2,17,"first_blank-lam","lam",17,0,0,1,"whisky","lamsky"
357,"at","at-r","r",1,1,"mi-r","mi",1,0,0,1,"wiatr","wimir"
931,"first_blank","first_blank-wią","wią",2,17,"first_blank-udu","udu",17,0,0,1,"wiązać","uduzać"
98,"first_blank","first_blank-wiecz","wiecz",2,14,"first_blank-gwiaz","gwiaz",14,0,0,1,"wieczny","gwiazny"
783,"więk","więk-szość","szość",2,1,"niej-szość","niej",1,0,0,1,"większość","niejszość"
107,"first_blank","first_blank-wier","wier",2,30,"first_blank-wcią","wcią",30,0,0,1,"wierność","wciąność"
613,"wier","wier-ny","ny",2,4,"ficz-ny","ficz",4,0,0,1,"wierny","ficzny"
841,"wiór","wiór-ka","ka",3,1,"żółt-ka","żółt",1,0,0,1,"wiewiórka","wieżółtka"
527,"wie","wie-ża","ża",2,2,"dłu-ża","dłu",2,0,0,1,"wieża","dłuża"
471,"wi","wi-no","no",2,16,"opa-no","opa",17,1,1,1,"wino","opano"
517,"wio","wio-sna","sna",2,1,"wio-łem","łem",1,0,0,1,"wiosna","wiołem"
450,"rus","rus-last_blank","last_blank",2,10,"lio-last_blank","lio",10,0,0,1,"wirus","wilio"
127,"szą","szą-ce","ce",3,7,"świę-ce","świę",5,2,1,1,"wiszące","wiświęce"
964,"first_blank","first_blank-włą","włą",2,36,"first_blank-żar","żar",36,0,0,1,"włączać","żarczać"
232,"sność","sność-last_blank","last_blank",2,2,"rzyść-last_blank","rzyść",2,0,0,1,"własność","włarzyść"
544,"first_blank","first_blank-wło","wło",2,49,"first_blank-cen","cen",49,0,0,1,"włosy","censy"
61,"first_blank","first_blank-wnio","wnio",2,17,"first_blank-utwo","utwo",17,0,0,1,"wniosek","utwosek"
123,"uk","uk-last_blank","last_blank",1,9,"ye-last_blank","ye",9,0,0,1,"wnuk","wnye"
369,"woj","woj-na","na",2,2,"bli-na","bli",2,0,0,1,"wojna","blina"
513,"first_blank","first_blank-wol","wol",2,33,"first_blank-ata","ata",33,0,0,1,"wolność","ataność"
827,"riusz","riusz-last_blank","last_blank",4,9,"dziec-last_blank","dziec",10,1,0,1,"wolontariusz","wolontadziec"
484,"first_blank","first_blank-wp","wp",1,16,"first_blank-ev","ev",16,0,0,1,"wpływ","evływ"
143,"first_blank","first_blank-wra","wra",3,44,"first_blank-stwo","stwo",43,1,1,1,"wrażenie","stwożenie"
860,"first_blank","first_blank-wresz","wresz",2,1,"first_blank-głasz","głasz",1,0,0,1,"wreszcie","głaszcie"
470,"óg","óg-last_blank","last_blank",1,4,"yc-last_blank","yc",4,0,0,1,"wróg","wryc"
388,"sień","sień-last_blank","last_blank",2,6,"szla-last_blank","szla",6,0,0,1,"wrzesień","wrzeszla"
415,"first_blank","first_blank-wspa","wspa",3,24,"first_blank-stre","stre",24,0,0,1,"wspaniały","streniały"
132,"first_blank","first_blank-wspar","wspar",2,4,"first_blank-ksiaz","ksiaz",4,0,0,1,"wsparcie","ksiazcie"
482," się"," się-last_blank","last_blank",3,1,"mium-last_blank","mium",1,0,0,1,"wspinać się","wspinaćmium"
988,"współ","współ-czu","czu",4,11,"tłusz-czu","tłusz",1,10,0,1,"współczujący","tłuszczujący"
362,"first_blank","first_blank-współ","współ",4,83,"first_blank-szcze","szcze",93,10,0,1,"współpracownik","szczepracownik"
934,"first_blank","first_blank-wsta","wsta",2,43,"first_blank-stwo","stwo",43,0,0,1,"wstawić","stwowić"
399,"świat","świat-last_blank","last_blank",2,1,"triot-last_blank","triot",1,0,0,1,"wszechświat","wszechtriot"
848,"wtór","wtór-ny","ny",2,1,"wien-ny","wien",1,0,0,1,"wtórny","wienny"
308,"wu","wu-jek","jek",2,1,"wu-cha","cha",1,0,0,1,"wujek","wucha"
766,"rać","rać-last_blank","last_blank",3,48,"stów-last_blank","stów",48,0,1,1,"wybierać","wybiestów"
508,"bór","bór-last_blank","last_blank",2,5,"pin-last_blank","pin",5,0,0,1,"wybór","wypin"
856,"dzić","dzić-last_blank","last_blank",3,148,"cych-last_blank","cych",157,9,0,1,"wychodzić","wychocych"
603,"ciecz","ciecz-ka","ka",3,1,"rzysz-ka","rzysz",1,0,0,1,"wycieczka","wyrzyszka"
878,"wy","wy-eli","eli",5,16,"wy-kształ","kształ",11,5,3,1,"wyeliminować","wykształminować"
55,"wy","wy-god","god",3,18,"wy-pusz","pusz",19,1,1,1,"wygodna","wypuszna"
999,"śnie","śnie-nie","nie",4,6,"schro-nie","schro",5,1,1,1,"wyjaśnienie","wyjaschronie"
960,"wy","wy-jąt","jąt",4,17,"wy-strze","strze",21,4,2,1,"wyjątkowy","wystrzekowy"
525,"first_blank","first_blank-wyj","wyj",2,31,"first_blank-sio","sio",31,0,0,1,"wyjście","sioście"
244,"wy","wy-mie","mie",3,39,"wy-star","star",39,0,1,1,"wymienić","wystarnić"
136,"naj","naj-mo","mo",4,3,"sztur-mo","sztur",3,0,2,1,"wynajmować","wyszturmować"
807,"wy","wy-nik","nik",2,3,"wy-tre","tre",3,0,0,1,"wynik","wytre"
971,"obraź","obraź-nia","nia",3,1,"omdle-nia","omdle",1,0,0,1,"wyobraźnia","wyomdlenia"
48,"raź","raź-nie","nie",3,2,"czyn-nie","czyn",2,0,1,1,"wyraźnie","wyczynnie"
243,"względ","względ-ny","ny",2,1,"wzrocz-ny","wzrocz",1,0,0,2,"względny","wzroczny"
424,"wzgó","wzgó-rze","rze",2,1,"dzie-rze","dzie",1,0,0,1,"wzgórze","dzierze"
833,"ża","ża-ba","ba",2,2,"ża-nek","nek",2,0,1,1,"żaba","żanek"
154,"blo","blo-ko","ko",5,19,"gwiazd-ko","gwiazd",5,14,3,1,"zablokowany","zagwiazdkowany"
730,"bój","bój-ca","ca",3,3,"znaw-ca","znaw",3,0,1,1,"zabójca","zaznawca"
321,"za","za-chód","chód",2,1,"za-jezd","jezd",1,0,0,1,"zachód","zajezd"
834,"za","za-chód","chód",4,1,"za-milkł","milkł",1,0,1,1,"zachód słońca","zamilkł słońca"
611,"da","da-nie","nie",3,41,"da-rzyć","rzyć",4,37,1,1,"zadanie","zadarzyć"
526,"na","na-last_blank","last_blank",5,2050,"na-tkniesz","tkniesz",1,2049,3,4,"zadowolona","zadowolonatkniesz"
261,"za","za-dra","dra",4,3,"za-mknij","mknij",3,0,2,1,"zadrapanie","zamknijpanie"
921,"za","za-ny","ny",4,19,"stycz-ny","stycz",21,2,3,1,"zakazany","zakastyczny"
645,"kład","kład-last_blank","last_blank",2,9,"kiet-last_blank","kiet",9,0,0,1,"zakład","zakiet"
493,"za","za-kład","kład",3,10,"za-opie","opie",10,0,0,1,"zakładnik","zaopienik"
869,"ła","ła-duj","duj",3,6,"ła-zien","zien",6,0,1,1,"załaduj","załazien"
419,"za","za-ło","ło",3,51,"za-trzy","trzy",51,0,2,1,"załoga","zatrzyga"
384,"wiać","wiać-last_blank","last_blank",3,52,"dłem-last_blank","dłem",51,1,0,1,"zamawiać","zamadłem"
535,"mbi","mbi-last_blank","last_blank",2,1,"syc-last_blank","syc",1,0,0,1,"zambi","zasyc"
993,"nie","nie-czysz","czysz",5,7,"nie-uprzej","uprzej",5,2,1,1,"zanieczyszczenie","zanieuprzejczenie"
523,"biec","biec-last_blank","last_blank",3,6,"złam-last_blank","złam",6,0,0,1,"zapobiec","zapozłam"
392,"nać","nać-last_blank","last_blank",4,31,"stwie-last_blank","stwie",31,0,2,1,"zapominać","zapomistwie"
912,"za","za-pro","pro",5,89,"za-chcian","chcian",2,87,3,1,"zaproponować","zachcianponować"
791,"za","za-rdze","rdze",4,4,"za-świad","świad",3,1,1,1,"zardzewiały","zaświadwiały"
454,"czy","czy-ny","ny",4,10,"spraw-ny","spraw",3,7,2,1,"zaręczyny","zaręsprawny"
997,"rzą","rzą-dzać","dzać",3,2,"rzą-cych","cych",2,0,0,1,"zarządzać","zarzących"
862,"gi","gi-wać","wać",4,4,"gi-niesz","niesz",1,3,2,1,"zasługiwać","zasługiniesz"
16,"za","za-sto","sto",4,14,"za-twier","twier",14,0,2,1,"zastosować","zatwiersować"
26,"to","to-ka","ka",3,4,"to-wiec","wiec",4,0,2,1,"zatoka","zatowiec"
222,"truć","truć-last_blank","last_blank",2,1,"fiać-last_blank","fiać",1,0,0,1,"zatruć","zafiać"
303,"ufa","ufa-nie","nie",3,1,"chop-nie","chop",1,0,1,1,"zaufanie","zachopnie"
65,"rać","rać-last_blank","last_blank",3,48,"kiej-last_blank","kiej",48,0,1,1,"zawierać","zawiekiej"
933,"wór","wór-last_blank","last_blank",2,2,"sow-last_blank","sow",2,0,0,1,"zawór","zasow"
10,"wsze","wsze-last_blank","last_blank",2,1,"gazm-last_blank","gazm",1,0,0,1,"zawsze","zagazm"
554,"za","za-zdro","zdro",3,14,"za-chwy","chwy",14,0,0,1,"zazdrosny","zachwysny"
100,"first_blank","first_blank-zba","zba",2,34,"first_blank-ben","ben",34,0,0,1,"zbadać","bendać"
929,"first_blank","first_blank-zba","zba",6,34,"first_blank-uśmiech","uśmiech",12,22,4,1,"zbagatelizować","uśmiechgatelizować"
288,"first_blank","first_blank-zbior","zbior",2,7,"first_blank-związ","związ",7,0,0,1,"zbiornik","związnik"
883," się"," się-last_blank","last_blank",3,1,"spol-last_blank","spol",1,0,0,1,"zdarzać się","zdarzaćspol"
590,"zdję","zdję-cie","cie",2,1,"szuj-cie","szuj",1,0,0,1,"zdjęcie","szujcie"
117,"być","być-last_blank","last_blank",2,9,"łaj-last_blank","łaj",9,0,0,1,"zdobyć","zdołaj"
128,"first_blank","first_blank-zdro","zdro",2,30,"first_blank-skrę","skrę",30,0,0,1,"zdrowie","skręwie"
819,"wieć","wieć-last_blank","last_blank",2,2,"lver-last_blank","lver",2,0,0,1,"zdrowieć","zdrolver"
129,"first_blank","first_blank-zdro","zdro",2,30,"first_blank-zrzu","zrzu",30,0,0,1,"zdrowy","zrzuwy"
689,"brać","brać-last_blank","last_blank",2,12,"bert-last_blank","bert",12,0,0,1,"zebrać","zebert"
350,"la","la-zo","zo",3,1,"la-rium","rium",1,0,2,1,"żelazo","żelarium"
682,"msta","msta-last_blank","last_blank",2,1,"mium-last_blank","mium",1,0,0,1,"zemsta","zemium"
45,"że","że-ton","ton",2,1,"że-rać","rać",1,0,0,1,"żeton","żerać"
923,"ziar","ziar-no","no",2,1,"gral-no","gral",1,0,0,1,"ziarno","gralno"
125,"first_blank","first_blank-zie","zie",3,31,"first_blank-urzą","urzą",31,0,1,1,"zielony","urząlony"
750,"niak","niak-last_blank","last_blank",2,22,"czaj-last_blank","czaj",22,0,0,1,"ziemniak","ziemczaj"
212,"first_blank","first_blank-zja","zja",3,52,"first_blank-ukry","ukry",52,0,1,1,"zjawisko","ukrywisko"
122,"pać","pać-last_blank","last_blank",2,39,"kuj-last_blank","kuj",39,0,0,1,"złapać","złakuj"
99,"first_blank","first_blank-zł","zł",1,18,"first_blank-mc","mc",18,0,0,1,"zło","mco"
292,"dziej","dziej-last_blank","last_blank",2,8,"drzeć-last_blank","drzeć",8,0,0,1,"złodziej","złodrzeć"
776,"zło","zło-ty","ty",2,2,"dar-ty","dar",2,0,0,1,"złoty","darty"
804,"twio","twio-ny","ny",3,2,"nial-ny","nial",2,0,0,1,"zmartwiony","zmarnialny"
463,"first_blank","first_blank-zmę","zmę",3,20,"first_blank-stro","stro",20,0,1,1,"zmęczony","stroczony"
941,"zna","zna-czek","czek",2,1,"bli-czek","bli",1,0,0,1,"znaczek","bliczek"
824,"znie","znie-wa","wa",3,7,"nada-wa","nada",7,0,0,1,"zniewaga","nadawaga"
265,"ba","ba-czyć","czyć",3,3,"ba-stia","stia",3,0,0,1,"zobaczyć","zobastia"
448,"first_blank","first_blank-żoł","żoł",2,13,"first_blank-new","new",13,0,0,1,"żołnierz","newnierz"
910,"first_blank","first_blank-zor","zor",5,29,"first_blank-umiesz","umiesz",19,10,3,1,"zorganizować","umieszganizować"
629,"sta","sta-wać","wać",3,6,"śpie-wać","śpie",4,2,1,1,"zostawać","zośpiewać"
278,"first_blank","first_blank-źró","źró",2,8,"first_blank-kun","kun",8,0,0,1,"źródło","kundło"
277,"first_blank","first_blank-zu","zu",2,45,"first_blank-pio","pio",45,0,1,1,"zupa","piopa"
300,"first_blank","first_blank-zwia","zwia",4,21,"first_blank-chrze","chrze",19,2,1,1,"zwiastun filmu","chrzestun filmu"
565,"szać","szać-last_blank","last_blank",2,35,"czem-last_blank","czem",35,0,0,1,"zwiększać","zwiękczem"
400,"cię","cię-stwo","stwo",3,1,"cię-ciem","ciem",1,0,0,1,"zwycięstwo","zwycięciem"
202,"czaj","czaj-ny","ny",3,2,"obro-ny","obro",2,0,0,1,"zwyczajny","zwyobrony"
755,"first_blank","first_blank-ży","ży",2,148,"first_blank-cho","cho",146,2,1,1,"żyła","choła"
566,"first_blank","first_blank-zy","zy",1,51,"first_blank-us","us",51,0,0,1,"zysk","ussk"
589,"ży","ży-wy","wy",2,3,"sto-wy","sto",3,0,1,1,"żywy","stowy"
