"word_id","first","original_pair","second","syll","original_freq","replacement_pair","replacement_syll","replacement_freq","freq_diff","char_diff","letter_diff","original_word","replacement_word"
4,"first_blank","first_blank-10","10",1,1,"first_blank-松丸","松丸",1,0,0,1,"10月","松丸月"
2,"first_blank","first_blank-12","12",1,1,"first_blank-正道","正道",1,0,0,1,"12月","正道月"
400,"first_blank","first_blank-7月","7月",1,1,"first_blank-危害","危害",1,0,0,1,"7月","危害"
389,"fa","fa-ls","ls",1,3,"fa-re","re",3,0,0,1,"false","faree"
42,"hi","hi-v","v",1,1,"av-v","av",1,0,0,1,"hiv","avv"
269,"アク","アク-セン","セン",1,1,"ール-セン","ール",1,0,0,1,"アクセント","ールセント"
16,"first_blank","first_blank-アク","アク",1,19,"first_blank-逃げ","逃げ",19,0,0,1,"アクティビティ","逃げティビティ"
147,"first_blank","first_blank-あざ","あざ",1,1,"first_blank-冷た","冷た",1,0,0,1,"あざ","冷た"
785,"first_blank","first_blank-アシ","アシ",1,5,"first_blank-を考","を考",5,0,0,1,"アシスタント","を考スタント"
854,"first_blank","first_blank-アタ","アタ",1,2,"first_blank-ララ","ララ",2,0,0,1,"アタッカー","ララッカー"
365,"first_blank","first_blank-アッ","アッ",1,21,"first_blank-おう","おう",21,0,0,1,"アッパー","おうパー"
424,"first_blank","first_blank-アド","アド",1,14,"first_blank-俺は","俺は",14,0,0,1,"アドバイス","俺はバイス"
279,"first_blank","first_blank-アド","アド",1,14,"first_blank-感謝","感謝",14,0,0,1,"アドレナリン","感謝レナリン"
530,"first_blank","first_blank-アパ","アパ",1,3,"first_blank-講談","講談",3,0,0,1,"アパート","講談ート"
68,"first_blank","first_blank-アヒ","アヒ",1,1,"first_blank-と続","と続",1,0,0,1,"アヒル","と続ル"
20,"リカ","リカ-last_blank","last_blank",1,8,"ュア-last_blank","ュア",8,0,0,1,"アメリカ","アメュア"
427,"バイ","バイ-last_blank","last_blank",1,4,"くは-last_blank","くは",4,0,0,1,"アリバイ","アリくは"
253,"ファ","ファ-last_blank","last_blank",1,3,"哲也-last_blank","哲也",3,0,0,1,"アルファ","アル哲也"
638,"いい","いい-ね","ね",1,3,"った-ね","った",3,0,0,1,"いいね","ったね"
229,"first_blank","first_blank-いち","いち",1,26,"first_blank-バカ","バカ",26,0,0,1,"いちご","バカご"
636,"もの","もの-last_blank","last_blank",1,13,"法人-last_blank","法人",13,0,0,1,"いつもの","いつ法人"
766,"first_blank","first_blank-いと","いと",1,4,"first_blank-てろ","てろ",4,0,0,1,"いとこ","てろこ"
736,"first_blank","first_blank-イベ","イベ",1,2,"first_blank-単数","単数",2,0,0,1,"イベント","単数ント"
32,"イン","イン-スピ","スピ",1,1,"エア-スピ","エア",1,0,0,1,"インスピレーション","エアスピレーション"
472,"first_blank","first_blank-ヴィ","ヴィ",1,23,"first_blank-アリ","アリ",23,0,0,1,"ヴィジョン","アリジョン"
40,"first_blank","first_blank-ウェ","ウェ",1,34,"first_blank-はじ","はじ",34,0,0,1,"ウェイトレス","はじイトレス"
35,"first_blank","first_blank-ウェ","ウェ",1,34,"first_blank-ji","ji",34,0,0,1,"ウェブ","jiブ"
38,"ッカ","ッカ-last_blank","last_blank",1,2,"楽部-last_blank","楽部",2,0,0,1,"ウォッカ","ウォ楽部"
725,"first_blank","first_blank-ウサ","ウサ",1,1,"first_blank-義政","義政",1,0,0,1,"ウサギ","義政ギ"
659,"first_blank","first_blank-うそ","うそ",1,7,"first_blank-次元","次元",7,0,0,1,"うそつき","次元つき"
151,"first_blank","first_blank-うつ","うつ",1,4,"first_blank-を貼","を貼",4,0,0,1,"うつ","を貼"
319,"うま","うま-last_blank","last_blank",1,2,"ムk-last_blank","ムk",2,0,0,1,"うま","ムk"
324,"first_blank","first_blank-うん","うん",1,9,"first_blank-マク","マク",9,0,0,1,"うん","マク"
477,"first_blank","first_blank-エー","エー",1,18,"first_blank-いか","いか",18,0,0,1,"エージェンシー","いかジェンシー"
11,"first_blank","first_blank-エイ","エイ",1,17,"first_blank-落ち","落ち",17,0,0,1,"エイリアン","落ちリアン"
80,"first_blank","first_blank-エキ","エキ",1,4,"first_blank-住吉","住吉",4,0,0,1,"エキシビション","住吉シビション"
816,"first_blank","first_blank-エク","エク",1,15,"first_blank-愛し","愛し",15,0,0,1,"エクササイズ","愛しササイズ"
235,"first_blank","first_blank-エネ","エネ",1,4,"first_blank-少女","少女",4,0,0,1,"エネルギー","少女ルギー"
142,"first_blank","first_blank-エピ","エピ",1,6,"first_blank-立ち","立ち",6,0,0,1,"エピソード","立ちソード"
262,"first_blank","first_blank-エピ","エピ",1,6,"first_blank-私立","私立",6,0,0,1,"エピデミック","私立デミック"
247,"first_blank","first_blank-エレ","エレ",1,20,"first_blank-シェ","シェ",20,0,0,1,"エレガント","シェガント"
860,"first_blank","first_blank-エレ","エレ",1,20,"first_blank-nh","nh",20,0,0,1,"エレメント","nhメント"
178,"ジン","ジン-last_blank","last_blank",1,12,"画像-last_blank","画像",12,0,0,1,"エンジン","エン画像"
901,"ナー","ナー-last_blank","last_blank",1,18,"tz-last_blank","tz",18,0,0,1,"オーナー","オーtz"
679,"first_blank","first_blank-おぞ","おぞ",1,1,"first_blank-耕治","耕治",1,0,0,1,"おぞましい","耕治ましい"
775,"first_blank","first_blank-おそ","おそ",1,3,"first_blank-びっ","びっ",3,0,0,1,"おそらく","びっらく"
196,"ィス","ィス-last_blank","last_blank",1,6,"なに-last_blank","なに",6,0,0,1,"オフィス","オフなに"
946,"first_blank","first_blank-オプ","オプ",1,3,"first_blank-お話","お話",3,0,0,1,"オプション","お話ション"
353,"ちゃ","ちゃ-last_blank","last_blank",1,5,"機構-last_blank","機構",5,0,0,1,"おもちゃ","おも機構"
814,"first_blank","first_blank-オレ","オレ",1,12,"first_blank-はち","はち",12,0,0,1,"オレンジ","はちンジ"
488,"first_blank","first_blank-お墓","お墓",1,1,"first_blank-の称","の称",1,0,0,1,"お墓","の称"
59,"first_blank","first_blank-お尻","お尻",1,1,"first_blank-七巫","七巫",1,0,0,1,"お尻","七巫"
552,"お店","お店-last_blank","last_blank",1,1,"تي-last_blank","تي",1,0,0,1,"お店","تي"
60,"first_blank","first_blank-お母","お母",1,4,"first_blank-近鉄","近鉄",4,0,0,1,"お母さん","近鉄さん"
51,"first_blank","first_blank-お父","お父",1,5,"first_blank-気持","気持",5,0,0,1,"お父さん","気持さん"
899,"first_blank","first_blank-お肉","お肉",1,1,"first_blank-メシ","メシ",1,0,0,1,"お肉","メシ"
752,"first_blank","first_blank-お腹","お腹",1,2,"first_blank-閣僚","閣僚",2,0,0,1,"お腹がすいた","閣僚がすいた"
737,"お金","お金-last_blank","last_blank",1,1,"食は-last_blank","食は",1,0,0,1,"お金","食は"
985,"first_blank","first_blank-お食","お食",1,1,"first_blank-ロ短","ロ短",1,0,0,1,"お食事","ロ短事"
551,"ペッ","ペッ-ト","ト",1,3,"レー-ト","レー",3,0,0,1,"カーペット","カーレート"
318,"first_blank","first_blank-カウ","カウ",1,6,"first_blank-アガ","アガ",6,0,0,1,"カウボーイ","アガボーイ"
67,"カメ","カメ-last_blank","last_blank",1,1,"調節-last_blank","調節",1,0,0,1,"カメ","調節"
284,"first_blank","first_blank-カル","カル",1,24,"first_blank-に改","に改",24,0,0,1,"カルテル","に改テル"
322,"first_blank","first_blank-ガレ","ガレ",1,1,"first_blank-命題","命題",1,0,0,1,"ガレージ","命題ージ"
741,"first_blank","first_blank-かわ","かわ",1,46,"first_blank-マー","マー",46,0,0,1,"かわいい","マーいい"
239,"first_blank","first_blank-ギタ","ギタ",1,2,"first_blank-効能","効能",2,0,0,1,"ギター","効能ー"
610,"ッチ","ッチ-last_blank","last_blank",1,18,"ジー-last_blank","ジー",18,0,0,1,"キャッチ","キャジー"
767,"ップ","ップ-last_blank","last_blank",1,32,"ou-last_blank","ou",32,0,0,1,"キャップ","キャou"
456,"プテ","プテ-ン","ン",1,1,"ヘレ-ン","ヘレ",1,0,0,1,"キャプテン","キャヘレン"
300,"first_blank","first_blank-キャ","キャ",1,77,"first_blank-どこ","どこ",77,0,0,1,"キャンドル","どこンドル"
240,"ンプ","ンプ-last_blank","last_blank",1,11,"たち-last_blank","たち",11,0,0,1,"キャンプ","キャたち"
314,"first_blank","first_blank-ギリ","ギリ",1,10,"first_blank-ボル","ボル",10,0,0,1,"ギリシャ語","ボルシャ語"
70,"教徒","教徒-last_blank","last_blank",1,1,"白神-last_blank","白神",1,0,0,1,"キリスト教徒","キリスト白神"
509,"first_blank","first_blank-キン","キン",1,15,"first_blank-レー","レー",15,0,0,1,"キング","レーグ"
438,"first_blank","first_blank-クォ","クォ",1,1,"first_blank-優也","優也",1,0,0,1,"クォーター","優也ーター"
566,"ント","ント-last_blank","last_blank",1,69,"de-last_blank","de",69,0,0,1,"クライアント","クライアde"
403,"first_blank","first_blank-クラ","クラ",1,48,"first_blank-聞い","聞い",48,0,0,1,"クラシック","聞いシック"
86,"first_blank","first_blank-グラ","グラ",1,38,"first_blank-ヴァ","ヴァ",38,0,0,1,"グラム","ヴァム"
82,"ープ","ープ-last_blank","last_blank",1,13,"っと-last_blank","っと",13,0,0,1,"グループ","グルっと"
511,"first_blank","first_blank-クレ","クレ",1,18,"first_blank-出演","出演",18,0,0,1,"クレイジー","出演イジー"
593,"first_blank","first_blank-クロ","クロ",1,31,"first_blank-チェ","チェ",31,0,0,1,"クローゼット","チェーゼット"
397,"first_blank","first_blank-グロ","グロ",1,12,"first_blank-oo","oo",12,0,0,1,"グローバル","ooーバル"
194,"first_blank","first_blank-ケー","ケー",1,22,"first_blank-彼は","彼は",22,0,0,1,"ケーキ","彼はキ"
266,"first_blank","first_blank-ゲー","ゲー",1,24,"first_blank-グル","グル",24,0,0,1,"ゲート","グルト"
937,"first_blank","first_blank-ゲー","ゲー",1,24,"first_blank-そし","そし",24,0,0,1,"ゲーム","そしム"
391,"けが","けが-last_blank","last_blank",1,1,"ム号-last_blank","ム号",1,0,0,1,"けが","ム号"
69,"ヒー","ヒー-last_blank","last_blank",1,1,"ぴこ-last_blank","ぴこ",1,0,0,1,"コーヒー","コーぴこ"
143,"first_blank","first_blank-コッ","コッ",1,5,"first_blank-を考","を考",5,0,0,1,"コットン","を考トン"
299,"first_blank","first_blank-コニ","コニ",1,1,"first_blank-正吉","正吉",1,0,0,1,"コニャック","正吉ャック"
54,"first_blank","first_blank-コピ","コピ",1,8,"first_blank-見出","見出",8,0,0,1,"コピー","見出ー"
108,"first_blank","first_blank-ごみ","ごみ",1,1,"first_blank-体操","体操",1,0,0,1,"ごみ","体操"
33,"first_blank","first_blank-コミ","コミ",1,10,"first_blank-gp","gp",10,0,0,1,"コミッショナー","gpッショナー"
213,"first_blank","first_blank-コミ","コミ",1,10,"first_blank-今は","今は",10,0,0,1,"コミュニケーション","今はュニケーション"
777,"ティ","ティ-last_blank","last_blank",1,22,"ひろ-last_blank","ひろ",22,0,0,1,"コミュニティ","コミュニひろ"
206,"first_blank","first_blank-コメ","コメ",1,22,"first_blank-しま","しま",22,0,0,1,"コメディー","しまディー"
729,"first_blank","first_blank-ゴリ","ゴリ",1,2,"first_blank-得意","得意",2,0,0,1,"ゴリラ","得意ラ"
328,"まで","まで-last_blank","last_blank",1,17,"レス-last_blank","レス",17,0,0,1,"これまで","これレス"
628,"サー","サー-ト","ト",1,2,"アク-ト","アク",2,0,0,1,"コンサート","コンアクト"
462,"first_blank","first_blank-コン","コン",1,63,"first_blank-ce","ce",63,0,0,1,"コンテンツ","ceテンツ"
165,"first_blank","first_blank-コン","コン",1,63,"first_blank-ライ","ライ",63,0,0,1,"コンピューター","ライピューター"
429,"カス","カス-last_blank","last_blank",1,6,"わり-last_blank","わり",6,0,0,1,"サーカス","サーわり"
510,"first_blank","first_blank-サー","サー",1,24,"first_blank-グル","グル",24,0,0,1,"サーバント","グルバント"
413,"first_blank","first_blank-サイ","サイ",1,35,"first_blank-いし","いし",35,0,0,1,"サイン","いしン"
876,"first_blank","first_blank-させ","させ",1,4,"first_blank-ピク","ピク",4,0,0,1,"させて","ピクて"
154,"first_blank","first_blank-サボ","サボ",1,1,"first_blank-本山","本山",1,0,0,1,"サボタージュ","本山タージュ"
114,"first_blank","first_blank-さよ","さよ",1,5,"first_blank-ほし","ほし",5,0,0,1,"さよなら","ほしなら"
145,"first_blank","first_blank-サラ","サラ",1,10,"first_blank-ヴェ","ヴェ",10,0,0,1,"サラダ","ヴェダ"
296,"ダー","ダー-last_blank","last_blank",1,29,"リン-last_blank","リン",29,0,0,1,"サンダー","サンリン"
131,"first_blank","first_blank-シア","シア",1,4,"first_blank-小さ","小さ",4,0,0,1,"シアター","小さター"
621,"first_blank","first_blank-シェ","シェ",1,20,"first_blank-内部","内部",20,0,0,1,"シェフ","内部フ"
948,"first_blank","first_blank-シェ","シェ",1,20,"first_blank-いま","いま",20,0,0,1,"シェルター","いまルター"
172,"first_blank","first_blank-シガ","シガ",1,1,"first_blank-ウノ","ウノ",1,0,0,1,"シガレット","ウノレット"
929,"テム","テム-last_blank","last_blank",1,3,"nl-last_blank","nl",3,0,0,1,"システム","シスnl"
848,"first_blank","first_blank-シッ","シッ",1,3,"first_blank-xn","xn",3,0,0,1,"シップ","xnプ"
209,"first_blank","first_blank-シニ","シニ",1,1,"first_blank-ｋ２","ｋ２",1,0,0,1,"シニカル","ｋ２カル"
311,"first_blank","first_blank-ジャ","ジャ",1,86,"first_blank-とし","とし",86,0,0,1,"ジャーナリスト","としーナリスト"
136,"first_blank","first_blank-ジャ","ジャ",1,86,"first_blank-とし","とし",86,0,0,1,"ジャケット","としケット"
323,"first_blank","first_blank-シャ","シャ",1,52,"first_blank-あい","あい",52,0,0,1,"シャンパン","あいンパン"
758,"ンプ","ンプ-last_blank","last_blank",1,11,"ウン-last_blank","ウン",11,0,0,1,"ジャンプ","ジャウン"
287,"first_blank","first_blank-ジュ","ジュ",1,27,"first_blank-ウォ","ウォ",27,0,0,1,"ジュース","ウォース"
140,"first_blank","first_blank-シュ","シュ",1,20,"first_blank-いま","いま",20,0,0,1,"シュート","いまート"
130,"ニア","ニア-last_blank","last_blank",1,6,"たま-last_blank","たま",6,0,0,1,"ジュニア","ジュたま"
321,"first_blank","first_blank-ジュ","ジュ",1,27,"first_blank-問題","問題",27,0,0,1,"ジュリエット","問題リエット"
955,"ンジ","ンジ-last_blank","last_blank",1,5,"tp-last_blank","tp",5,0,0,1,"シリンジ","シリtp"
201,"first_blank","first_blank-シン","シン",1,35,"first_blank-ye","ye",35,0,0,1,"シンク","yeク"
479,"ボル","ボル-last_blank","last_blank",1,4,"でん-last_blank","でん",4,0,0,1,"シンボル","シンでん"
255,"first_blank","first_blank-スー","スー",1,44,"first_blank-あん","あん",44,0,0,1,"スーツケース","あんツケース"
106,"ダル","ダル-last_blank","last_blank",1,6,"ーチ-last_blank","ーチ",6,0,0,1,"スキャンダル","スキャンーチ"
76,"first_blank","first_blank-スケ","スケ",1,10,"first_blank-神戸","神戸",10,0,0,1,"スケジュール","神戸ジュール"
393,"first_blank","first_blank-すご","すご",1,16,"first_blank-詳細","詳細",16,0,0,1,"すごい","詳細い"
645,"first_blank","first_blank-スタ","スタ",1,71,"first_blank-ru","ru",71,0,0,1,"スター","ruー"
304,"イル","イル-last_blank","last_blank",1,14,"iv-last_blank","iv",14,0,0,1,"スタイル","スタiv"
49,"ーブ","ーブ-last_blank","last_blank",1,9,"cm-last_blank","cm",9,0,0,1,"ストーブ","ストcm"
963,"ップ","ップ-last_blank","last_blank",1,32,"大学-last_blank","大学",32,0,0,1,"ストップ","スト大学"
598,"first_blank","first_blank-スト","スト",1,37,"first_blank-トラ","トラ",37,0,0,1,"ストライク","トラライク"
346,"first_blank","first_blank-スト","スト",1,37,"first_blank-彼女","彼女",37,0,0,1,"ストラテジー","彼女ラテジー"
298,"first_blank","first_blank-スパ","スパ",1,15,"first_blank-メー","メー",15,0,0,1,"スパゲッティ","メーゲッティ"
445,"first_blank","first_blank-すば","すば",1,3,"first_blank-南山","南山",3,0,0,1,"すばらしい","南山らしい"
915,"first_blank","first_blank-スポ","スポ",1,20,"first_blank-作品","作品",20,0,0,1,"スポーツ","作品ーツ"
370,"first_blank","first_blank-する","する",1,11,"first_blank-レジ","レジ",11,0,0,1,"する","レジ"
793,"first_blank","first_blank-セー","セー",1,8,"first_blank-サマ","サマ",8,0,0,1,"セール","サマル"
817,"ィブ","ィブ-last_blank","last_blank",1,1,"伸明-last_blank","伸明",1,0,0,1,"センシティブ","センシテ伸明"
282,"first_blank","first_blank-セン","セン",1,19,"first_blank-逃げ","逃げ",19,0,0,1,"センチメートル","逃げチメートル"
94,"first_blank","first_blank-ソー","ソー",1,31,"first_blank-とな","とな",31,0,0,1,"ソース","となス"
312,"first_blank","first_blank-ソー","ソー",1,31,"first_blank-あら","あら",31,0,0,1,"ソーダ","あらダ"
801,"first_blank","first_blank-ゾー","ゾー",1,5,"first_blank-コラ","コラ",5,0,0,1,"ゾーン","コラン"
105,"first_blank","first_blank-そこ","そこ",1,39,"first_blank-コー","コー",39,0,0,1,"そこの","コーの"
405,"周り","周り-last_blank","last_blank",1,1,"特性-last_blank","特性",1,0,0,1,"その周り","その特性"
369,"それ","それ-last_blank","last_blank",1,4,"えろ-last_blank","えろ",4,0,0,1,"それ","えろ"
815,"タイ","タイ-last_blank","last_blank",1,4,"ン語-last_blank","ン語",4,0,0,1,"タイ","ン語"
15,"first_blank","first_blank-だい","だい",1,17,"first_blank-あお","あお",17,0,0,1,"だいたい","あおたい"
461,"トル","トル-last_blank","last_blank",1,25,"カー-last_blank","カー",25,0,0,1,"タイトル","タイカー"
703,"ナマ","ナマ-イト","イト",1,1,"ンラ-イト","ンラ",1,0,0,1,"ダイナマイト","ダインライト"
972,"マー","マー-last_blank","last_blank",1,10,"内容-last_blank","内容",10,0,0,1,"タイマー","タイ内容"
675,"first_blank","first_blank-タオ","タオ",1,1,"first_blank-荒井","荒井",1,0,0,1,"タオル","荒井ル"
699,"first_blank","first_blank-タレ","タレ",1,1,"first_blank-竜一","竜一",1,0,0,1,"タレント","竜一ント"
918,"first_blank","first_blank-ダン","ダン",1,18,"first_blank-しか","しか",18,0,0,1,"ダンス","しかス"
236,"first_blank","first_blank-チー","チー",1,28,"first_blank-ps","ps",28,0,0,1,"チーズ","psズ"
460,"first_blank","first_blank-チー","チー",1,28,"first_blank-ot","ot",28,0,0,1,"チーム","otム"
615,"チャ","チャ-ペル","ペル",1,1,"チャ-ット","ット",1,0,0,1,"チャペル","チャット"
965,"first_blank","first_blank-チャ","チャ",1,56,"first_blank-せい","せい",56,0,0,1,"チャレンジ","せいレンジ"
792,"チャ","チャ-ンピ","ンピ",1,6,"チャ-ール","ール",6,0,0,1,"チャンピオンシップ","チャールオンシップ"
139,"first_blank","first_blank-チョ","チョ",1,11,"first_blank-があ","があ",11,0,0,1,"チョコレート","があコレート"
436,"first_blank","first_blank-ティ","ティ",1,19,"first_blank-外部","外部",19,0,0,1,"ティーンエイジャー","外部ーンエイジャー"
529,"first_blank","first_blank-テス","テス",1,15,"first_blank-gh","gh",15,0,0,1,"テスト","ghト"
78,"first_blank","first_blank-デッ","デッ",1,10,"first_blank-連絡","連絡",10,0,0,1,"デッキ","連絡キ"
110,"first_blank","first_blank-テニ","テニ",1,3,"first_blank-伊佐","伊佐",3,0,0,1,"テニス","伊佐ス"
182,"first_blank","first_blank-デバ","デバ",1,1,"first_blank-とば","とば",1,0,0,1,"デバイス","とばイス"
599,"first_blank","first_blank-デモ","デモ",1,1,"first_blank-山門","山門",1,0,0,1,"デモンストレーション","山門ンストレーション"
711,"first_blank","first_blank-テレ","テレ",1,41,"first_blank-隣接","隣接",41,0,0,1,"テレビ","隣接ビ"
791,"ドア","ドア-last_blank","last_blank",1,2,"ビ系-last_blank","ビ系",2,0,0,1,"ドア","ビ系"
137,"first_blank","first_blank-トイ","トイ",1,5,"first_blank-vv","vv",5,0,0,1,"トイレ","vvレ"
65,"first_blank","first_blank-トカ","トカ",1,1,"first_blank-良雄","良雄",1,0,0,1,"トカゲ","良雄ゲ"
360,"かに","かに-last_blank","last_blank",1,10,"はい-last_blank","はい",10,0,0,1,"どこかに","どこはい"
978,"first_blank","first_blank-とて","とて",1,7,"first_blank-リヴ","リヴ",7,0,0,1,"とても","リヴも"
134,"first_blank","first_blank-トマ","トマ",1,9,"first_blank-普通","普通",9,0,0,1,"トマト","普通ト"
825,"first_blank","first_blank-トラ","トラ",1,37,"first_blank-ze","ze",37,0,0,1,"トライアル","zeイアル"
123,"first_blank","first_blank-トラ","トラ",1,37,"first_blank-彼女","彼女",37,0,0,1,"トラック","彼女ック"
174,"プル","プル-last_blank","last_blank",1,5,"がき-last_blank","がき",5,0,0,1,"トリプル","トリがき"
280,"first_blank","first_blank-ドル","ドル",1,10,"first_blank-ベッ","ベッ",10,0,0,1,"ドル","ベッ"
146,"first_blank","first_blank-ドレ","ドレ",1,6,"first_blank-ため","ため",6,0,0,1,"ドレス","ためス"
660,"first_blank","first_blank-トン","トン",1,7,"first_blank-次元","次元",7,0,0,1,"トンネル","次元ネル"
419,"ナイ","ナイ-フ","フ",1,1,"ドル-フ","ドル",1,0,0,1,"ナイフ","ドルフ"
211,"first_blank","first_blank-なに","なに",1,16,"first_blank-イエ","イエ",16,0,0,1,"なにか","イエか"
385,"first_blank","first_blank-にふ","にふ",1,1,"first_blank-みる","みる",1,0,0,1,"にふさわしい","みるさわしい"
183,"first_blank","first_blank-ニュ","ニュ",1,50,"first_blank-東京","東京",50,0,0,1,"ニュース","東京ース"
271,"first_blank","first_blank-ネガ","ネガ",1,2,"first_blank-いお","いお",2,0,0,1,"ネガティブ","いおティブ"
218,"first_blank","first_blank-ねず","ねず",1,1,"first_blank-隔週","隔週",1,0,0,1,"ねずみ","隔週み"
605,"first_blank","first_blank-ネッ","ネッ",1,18,"first_blank-iv","iv",18,0,0,1,"ネックレス","ivクレス"
93,"first_blank","first_blank-バー","バー",1,46,"first_blank-がペ","がペ",46,0,0,1,"バー","がペ"
451,"ティ","ティ-last_blank","last_blank",1,22,"オン-last_blank","オン",22,0,0,1,"パーティ","パーオン"
523,"first_blank","first_blank-パイ","パイ",1,12,"first_blank-オレ","オレ",12,0,0,1,"パイロット","オレロット"
7,"バカ","バカ-last_blank","last_blank",1,2,"い人-last_blank","い人",2,0,0,1,"バカ","い人"
224,"first_blank","first_blank-ばか","ばか",1,4,"first_blank-雑誌","雑誌",4,0,0,1,"ばかげている","雑誌げている"
609,"ハグ","ハグ-last_blank","last_blank",1,1,"yj-last_blank","yj",1,0,0,1,"ハグ","yj"
868,"バス","バス-last_blank","last_blank",1,23,"ざわ-last_blank","ざわ",23,0,0,1,"バス","ざわ"
181,"first_blank","first_blank-パス","パス",1,11,"first_blank-メン","メン",11,0,0,1,"パスポート","メンポート"
101,"first_blank","first_blank-パス","パス",1,11,"first_blank-みす","みす",11,0,0,1,"パスワード","みすワード"
851,"バタ","バタ-ー","ー",1,1,"スナ-ー","スナ",1,0,0,1,"バター","スナー"
800,"first_blank","first_blank-バッ","バッ",1,22,"first_blank-tb","tb",22,0,0,1,"バッグ","tbグ"
536,"first_blank","first_blank-パッ","パッ",1,11,"first_blank-殺し","殺し",11,0,0,1,"パッケージ","殺しケージ"
144,"first_blank","first_blank-バッ","バッ",1,22,"first_blank-じゃ","じゃ",22,0,0,1,"バットマン","じゃトマン"
693,"ピー","ピー-last_blank","last_blank",1,6,"du-last_blank","du",6,0,0,1,"ハッピー","ハッdu"
129,"first_blank","first_blank-バニ","バニ",1,3,"first_blank-出る","出る",3,0,0,1,"バニラ","出るラ"
861,"first_blank","first_blank-パフ","パフ",1,2,"first_blank-戸田","戸田",2,0,0,1,"パフォーマンス","戸田ォーマンス"
207,"バン","バン-last_blank","last_blank",1,4,"ク郡-last_blank","ク郡",4,0,0,1,"バン","ク郡"
546,"カチ","カチ-last_blank","last_blank",1,1,"モナ-last_blank","モナ",1,0,0,1,"ハンカチ","ハンモナ"
48,"first_blank","first_blank-バン","バン",1,21,"first_blank-うえ","うえ",21,0,0,1,"バンド","うえド"
122,"ガー","ガー-last_blank","last_blank",1,11,"ae-last_blank","ae",11,0,0,1,"ハンバーガー","ハンバーae"
652,"マー","マー-last_blank","last_blank",1,10,"ev-last_blank","ev",10,0,0,1,"ハンマー","ハンev"
623,"first_blank","first_blank-ピー","ピー",1,14,"first_blank-では","では",14,0,0,1,"ピース","ではス"
988,"first_blank","first_blank-ビー","ビー",1,25,"first_blank-しや","しや",25,0,0,1,"ビール","しやル"
995,"ひげ","ひげ-last_blank","last_blank",1,1,"歌人-last_blank","歌人",1,0,0,1,"ひげ","歌人"
179,"first_blank","first_blank-ビタ","ビタ",1,2,"first_blank-新の","新の",2,0,0,1,"ビタミン","新のミン"
6,"first_blank","first_blank-ビデ","ビデ",1,4,"first_blank-qt","qt",4,0,0,1,"ビデオ","qtオ"
952,"first_blank","first_blank-ひど","ひど",1,8,"first_blank-のア","のア",8,0,0,1,"ひどく","のアく"
175,"ピル","ピル-last_blank","last_blank",1,1,"旅を-last_blank","旅を",1,0,0,1,"ピル","旅を"
951,"ファ","ファ-ック","ック",1,3,"ファ-ーソ","ーソ",3,0,0,1,"ファックス","ファーソス"
735,"ジー","ジー-last_blank","last_blank",1,18,"ek-last_blank","ek",18,0,0,1,"ファンタジー","ファンタek"
444,"ーリ","ーリ-ング","ング",1,3,"ジャ-ング","ジャ",3,0,0,1,"フィーリング","フィジャング"
111,"first_blank","first_blank-フェ","フェ",1,39,"first_blank-ブル","ブル",39,0,0,1,"フェデレーション","ブルデレーション"
490,"first_blank","first_blank-フェ","フェ",1,39,"first_blank-ブル","ブル",39,0,0,1,"フェンス","ブルンス"
155,"first_blank","first_blank-フォ","フォ",1,44,"first_blank-編集","編集",44,0,0,1,"フォーク","編集ーク"
227,"first_blank","first_blank-フッ","フッ",1,6,"first_blank-ハル","ハル",6,0,0,1,"フットボール","ハルトボール"
768,"イト","イト-last_blank","last_blank",1,34,"ee-last_blank","ee",34,0,0,1,"フライト","フラee"
249,"first_blank","first_blank-プラ","プラ",1,29,"first_blank-ss","ss",29,0,0,1,"プライバシー","ssイバシー"
160,"first_blank","first_blank-プラ","プラ",1,29,"first_blank-ゆう","ゆう",29,0,0,1,"プラスチック","ゆうスチック"
759,"ック","ック-last_blank","last_blank",1,107,"ll-last_blank","ll",107,0,0,1,"ブラック","ブラll"
845,"first_blank","first_blank-フラ","フラ",1,58,"first_blank-ob","ob",58,0,0,1,"フランス語","obンス語"
306,"first_blank","first_blank-フル","フル",1,16,"first_blank-に対","に対",16,0,0,1,"フルーツ","に対ーツ"
100,"first_blank","first_blank-プレ","プレ",1,36,"first_blank-ふく","ふく",36,0,0,1,"プレーヤー","ふくーヤー"
828,"ャー","ャー-last_blank","last_blank",1,25,"ku-last_blank","ku",25,0,0,1,"プレッシャー","プレッシku"
329,"first_blank","first_blank-フレ","フレ",1,22,"first_blank-じゃ","じゃ",22,0,0,1,"フレンドリー","じゃンドリー"
347,"グラ","グラ-ム","ム",1,5,"ドー-ム","ドー",5,0,0,1,"プログラム","プロドーム"
308,"プロ","プロ-トコ","トコ",1,1,"ース-トコ","ース",1,0,0,1,"プロトコル","ーストコル"
291,"イプ","イプ-last_blank","last_blank",1,1,"件名-last_blank","件名",1,0,0,1,"プロトタイプ","プロトタ件名"
22,"フェ","フェ-ッシ","ッシ",1,2,"フェ-アチ","アチ",2,0,0,1,"プロフェッショナル","プロフェアチョナル"
199,"first_blank","first_blank-ベー","ベー",1,11,"first_blank-sf","sf",11,0,0,1,"ベーコン","sfコン"
164,"first_blank","first_blank-ベッ","ベッ",1,10,"first_blank-pf","pf",10,0,0,1,"ベッド","pfド"
950,"first_blank","first_blank-ベッ","ベッ",1,10,"first_blank-文字","文字",10,0,0,1,"ベッドルーム","文字ドルーム"
30,"first_blank","first_blank-ヘビ","ヘビ",1,2,"first_blank-ごと","ごと",2,0,0,1,"ヘビ","ごと"
612,"first_blank","first_blank-ヘリ","ヘリ",1,3,"first_blank-三和","三和",3,0,0,1,"ヘリコプター","三和コプター"
104,"first_blank","first_blank-ヘロ","ヘロ",1,2,"first_blank-が公","が公",2,0,0,1,"ヘロイン","が公イン"
803,"ペン","ペン-last_blank","last_blank",1,1,"那様-last_blank","那様",1,0,0,1,"ペン","那様"
84,"カー","カー-last_blank","last_blank",1,25,"ku-last_blank","ku",25,0,0,1,"ポーカー","ポーku"
281,"ホー","ホー-ス","ス",1,2,"スマ-ス","スマ",2,0,0,1,"ホース","スマス"
700,"first_blank","first_blank-ボー","ボー",1,27,"first_blank-思っ","思っ",27,0,0,1,"ボート","思っト"
268,"first_blank","first_blank-ホイ","ホイ",1,4,"first_blank-マツ","マツ",4,0,0,1,"ホイッスル","マツッスル"
704,"first_blank","first_blank-ほこ","ほこ",1,1,"first_blank-県都","県都",1,0,0,1,"ほこり","県都り"
119,"first_blank","first_blank-ほこ","ほこ",1,1,"first_blank-ｎｔ","ｎｔ",1,0,0,1,"ほこりの多い","ｎｔりの多い"
283,"first_blank","first_blank-ボス","ボス",1,6,"first_blank-俺た","俺た",6,0,0,1,"ボス","俺た"
325,"first_blank","first_blank-ボス","ボス",1,6,"first_blank-没年","没年",6,0,0,1,"ボストン","没年トン"
74,"first_blank","first_blank-ボト","ボト",1,1,"first_blank-はレ","はレ",1,0,0,1,"ボトル","はレル"
95,"first_blank","first_blank-ホリ","ホリ",1,3,"first_blank-お許","お許",3,0,0,1,"ホリデー","お許デー"
550,"first_blank","first_blank-マー","マー",1,46,"first_blank-まつ","まつ",46,0,0,1,"マーケティング","まつケティング"
73,"first_blank","first_blank-マイ","マイ",1,44,"first_blank-スー","スー",44,0,0,1,"マイクロフォン","スークロフォン"
250,"ナス","ナス-last_blank","last_blank",1,4,"yz-last_blank","yz",4,0,0,1,"マイナス","マイyz"
150,"まだ","まだ-last_blank","last_blank",1,6,"るく-last_blank","るく",6,0,0,1,"まだ","るく"
295,"first_blank","first_blank-マッ","マッ",1,16,"first_blank-スキ","スキ",16,0,0,1,"マッサージ","スキサージ"
200,"first_blank","first_blank-マッ","マッ",1,16,"first_blank-冗談","冗談",16,0,0,1,"マッチ","冗談チ"
99,"first_blank","first_blank-マヨ","マヨ",1,1,"first_blank-二木","二木",1,0,0,1,"マヨネーズ","二木ネーズ"
363,"first_blank","first_blank-ミー","ミー",1,9,"first_blank-ログ","ログ",9,0,0,1,"ミーティング","ログティング"
316,"first_blank","first_blank-ミサ","ミサ",1,3,"first_blank-jj","jj",3,0,0,1,"ミサイル","jjイル"
170,"first_blank","first_blank-ミッ","ミッ",1,19,"first_blank-kh","kh",19,0,0,1,"ミッション","khション"
87,"first_blank","first_blank-メー","メー",1,15,"first_blank-jp","jp",15,0,0,1,"メーター","jpター"
345,"first_blank","first_blank-メイ","メイ",1,29,"first_blank-ゆう","ゆう",29,0,0,1,"メイド","ゆうド"
13,"first_blank","first_blank-メダ","メダ",1,6,"first_blank-ゴン","ゴン",6,0,0,1,"メダリオン","ゴンリオン"
208,"first_blank","first_blank-メダ","メダ",1,6,"first_blank-デリ","デリ",6,0,0,1,"メダル","デリル"
895,"first_blank","first_blank-メッ","メッ",1,11,"first_blank-はれ","はれ",11,0,0,1,"メッセージ","はれセージ"
176,"first_blank","first_blank-めっ","めっ",1,1,"first_blank-桃香","桃香",1,0,0,1,"めったに","桃香たに"
116,"first_blank","first_blank-メン","メン",1,11,"first_blank-バル","バル",11,0,0,1,"メンテナンス","バルテナンス"
274,"テル","テル-last_blank","last_blank",1,11,"yl-last_blank","yl",11,0,0,1,"モーテル","モーyl"
890,"first_blank","first_blank-もっ","もっ",1,12,"first_blank-てら","てら",12,0,0,1,"もっともらしい","てらともらしい"
749,"first_blank","first_blank-モニ","モニ",1,6,"first_blank-qi","qi",6,0,0,1,"モニター","qiター"
17,"ヒネ","ヒネ-last_blank","last_blank",1,1,"昭公-last_blank","昭公",1,0,0,1,"モルヒネ","モル昭公"
228,"first_blank","first_blank-ユニ","ユニ",1,13,"first_blank-キー","キー",13,0,0,1,"ユニフォーム","キーフォーム"
204,"ライ","ライ-オン","オン",1,3,"ライ-トノ","トノ",3,0,0,1,"ライオン","ライトノ"
639,"ライ","ライ-ト","ト",1,7,"エッ-ト","エッ",7,0,0,1,"ライト","エット"
302,"first_blank","first_blank-ラク","ラク",1,3,"first_blank-にょ","にょ",3,0,0,1,"ラクーン","にょーン"
152,"first_blank","first_blank-ラン","ラン",1,29,"first_blank-ワー","ワー",29,0,0,1,"ランチ","ワーチ"
859,"first_blank","first_blank-リク","リク",1,5,"first_blank-嬉し","嬉し",5,0,0,1,"リクエスト","嬉しエスト"
902,"first_blank","first_blank-リッ","リッ",1,11,"first_blank-登場","登場",11,0,0,1,"リッチ","登場チ"
379,"first_blank","first_blank-リベ","リベ",1,4,"first_blank-oy","oy",4,0,0,1,"リベラル","oyラル"
169,"first_blank","first_blank-リム","リム",1,1,"first_blank-はむ","はむ",1,0,0,1,"リムジン","はむジン"
8,"リン","リン-last_blank","last_blank",1,29,"ンズ-last_blank","ンズ",29,0,0,1,"リン","ンズ"
231,"first_blank","first_blank-レス","レス",1,7,"first_blank-くそ","くそ",7,0,0,1,"レストラン","くそトラン"
342,"first_blank","first_blank-レデ","レデ",1,6,"first_blank-脱出","脱出",6,0,0,1,"レディ","脱出ィ"
485,"カル","カル-last_blank","last_blank",1,10,"はま-last_blank","はま",10,0,0,1,"ローカル","ローはま"
960,"first_blank","first_blank-ロー","ロー",1,60,"first_blank-主な","主な",60,0,0,1,"ロープ","主なプ"
547,"first_blank","first_blank-ロー","ロー",1,60,"first_blank-id","id",60,0,0,1,"ローマ","idマ"
97,"ロー","ロー-ン","ン",1,1,"フマ-ン","フマ",1,0,0,1,"ローン","フマン"
959,"first_blank","first_blank-ロッ","ロッ",1,14,"first_blank-行き","行き",14,0,0,1,"ロック","行きク"
790,"first_blank","first_blank-ロブ","ロブ",1,2,"first_blank-の日","の日",2,0,0,1,"ロブ","の日"
187,"first_blank","first_blank-ロブ","ロブ",1,2,"first_blank-走る","走る",2,0,0,1,"ロブスター","走るスター"
423,"first_blank","first_blank-ロマ","ロマ",1,5,"first_blank-国会","国会",5,0,0,1,"ロマンチック","国会ンチック"
925,"first_blank","first_blank-ワー","ワー",1,29,"first_blank-モン","モン",29,0,0,1,"ワーカー","モンカー"
98,"ヤー","ヤー-last_blank","last_blank",1,4,"ぬき-last_blank","ぬき",4,0,0,1,"ワイヤー","ワイぬき"
435,"first_blank","first_blank-わか","わか",1,89,"first_blank-削除","削除",89,0,0,1,"わからない","削除らない"
867,"first_blank","first_blank-ワク","ワク",1,1,"first_blank-sü","sü",1,0,0,1,"ワクチン","süチン"
133,"first_blank","first_blank-ワト","ワト",1,3,"first_blank-きち","きち",3,0,0,1,"ワトソン","きちソン"
556,"first_blank","first_blank-一般","一般",1,25,"first_blank-スペ","スペ",25,0,0,1,"一般的","スペ的"
9,"丁","丁-last_blank","last_blank",1,1,"ンが-last_blank","ンが",1,0,1,1,"丁","ンが"
180,"first_blank","first_blank-七面","七面",1,1,"first_blank-御三","御三",1,0,0,1,"七面鳥","御三鳥"
326,"first_blank","first_blank-三","三",1,1,"first_blank-貧乏","貧乏",1,0,1,1,"三","貧乏"
115,"first_blank","first_blank-三角","三角",1,2,"first_blank-井伊","井伊",2,0,0,1,"三角形","井伊形"
332,"first_blank","first_blank-上","上",1,1,"first_blank-時と","時と",1,0,1,1,"上","時と"
897,"上院","上院-last_blank","last_blank",1,1,"ひお-last_blank","ひお",1,0,0,1,"上院","ひお"
769,"first_blank","first_blank-上院","上院",1,3,"first_blank-役名","役名",3,0,0,1,"上院議員","役名議員"
331,"first_blank","first_blank-下","下",1,1,"first_blank-千利","千利",1,0,1,1,"下","千利"
339,"first_blank","first_blank-不公","不公",1,1,"first_blank-寺院","寺院",1,0,0,1,"不公平です","寺院平です"
334,"first_blank","first_blank-不可","不可",1,3,"first_blank-マロ","マロ",3,0,0,1,"不可能","マロ能"
979,"first_blank","first_blank-不在","不在",1,1,"first_blank-暗記","暗記",1,0,0,1,"不在","暗記"
337,"first_blank","first_blank-不幸","不幸",1,1,"first_blank-フス","フス",1,0,0,1,"不幸","フス"
571,"first_blank","first_blank-不快","不快",1,1,"first_blank-里田","里田",1,0,0,1,"不快","里田"
338,"不潔","不潔-last_blank","last_blank",1,1,"提灯-last_blank","提灯",1,0,0,1,"不潔","提灯"
52,"first_blank","first_blank-与え","与え",1,1,"first_blank-中河","中河",1,0,0,1,"与える","中河る"
34,"世界","世界-last_blank","last_blank",1,1,"て今-last_blank","て今",1,0,0,1,"世界","て今"
921,"first_blank","first_blank-中尉","中尉",1,1,"first_blank-uí","uí",1,0,0,1,"中尉","uí"
494,"中身","中身-last_blank","last_blank",1,1,"造性-last_blank","造性",1,0,0,1,"中身","造性"
349,"first_blank","first_blank-主要","主要",1,18,"first_blank-すい","すい",18,0,0,1,"主要な","すいな"
719,"主題","主題-last_blank","last_blank",1,1,"でた-last_blank","でた",1,0,0,1,"主題","でた"
203,"first_blank","first_blank-乗る","乗る",1,2,"first_blank-ql","ql",2,0,0,1,"乗る","ql"
420,"first_blank","first_blank-乱す","乱す",1,1,"first_blank-続い","続い",1,0,0,1,"乱す","続い"
559,"予想","予想-last_blank","last_blank",1,1,"dq-last_blank","dq",1,0,0,1,"予想","dq"
810,"予測","予測-last_blank","last_blank",1,1,"ía-last_blank","ía",1,0,0,1,"予測","ía"
31,"事件","事件-last_blank","last_blank",1,5,"こだ-last_blank","こだ",5,0,0,1,"事件","こだ"
352,"first_blank","first_blank-人","人",1,1,"first_blank-νガ","νガ",1,0,1,1,"人","νガ"
212,"的な","的な-last_blank","last_blank",1,2,"国鉄-last_blank","国鉄",2,0,0,1,"人工的な","人工国鉄"
285,"first_blank","first_blank-人種","人種",1,1,"first_blank-石巻","石巻",1,0,0,1,"人種","石巻"
745,"人間","人間-last_blank","last_blank",1,6,"ー語-last_blank","ー語",6,0,0,1,"人間","ー語"
359,"仕事","仕事-last_blank","last_blank",1,1,"踊り-last_blank","踊り",1,0,0,1,"仕事","踊り"
350,"first_blank","first_blank-代わ","代わ",1,2,"first_blank-妖怪","妖怪",2,0,0,1,"代わりの","妖怪りの"
822,"first_blank","first_blank-仮説","仮説",1,1,"first_blank-超新","超新",1,0,0,1,"仮説","超新"
56,"first_blank","first_blank-仲間","仲間",1,3,"first_blank-両方","両方",3,0,0,1,"仲間の","両方の"
695,"first_blank","first_blank-企画","企画",1,2,"first_blank-座頭","座頭",2,0,0,1,"企画","座頭"
864,"会う","会う-last_blank","last_blank",1,1,"紹顕-last_blank","紹顕",1,0,0,1,"会う","紹顕"
290,"first_blank","first_blank-伝統","伝統",1,3,"first_blank-明石","明石",3,0,0,1,"伝統的","明石的"
781,"first_blank","first_blank-伝説","伝説",1,3,"first_blank-死に","死に",3,0,0,1,"伝説","死に"
748,"伯爵","伯爵-last_blank","last_blank",1,1,"皇女-last_blank","皇女",1,0,0,1,"伯爵","皇女"
148,"位置","位置-last_blank","last_blank",1,1,"びに-last_blank","びに",1,0,0,1,"位置","びに"
750,"first_blank","first_blank-住所","住所",1,3,"first_blank-ミズ","ミズ",3,0,0,1,"住所","ミズ"
690,"first_blank","first_blank-体液","体液",1,1,"first_blank-がー","がー",1,0,0,1,"体液","がー"
880,"first_blank","first_blank-作家","作家",1,1,"first_blank-が位","が位",1,0,0,1,"作家","が位"
744,"first_blank","first_blank-使用","使用",1,14,"first_blank-ドア","ドア",14,0,0,1,"使用する","ドアする"
375,"first_blank","first_blank-価格","価格",1,1,"first_blank-数日","数日",1,0,0,1,"価格","数日"
595,"first_blank","first_blank-保つ","保つ",1,1,"first_blank-率い","率い",1,0,0,1,"保つ","率い"
613,"first_blank","first_blank-保存","保存",1,3,"first_blank-デニ","デニ",3,0,0,1,"保存","デニ"
381,"first_blank","first_blank-信じ","信じ",1,33,"first_blank-ei","ei",33,0,0,1,"信じる","eiる"
646,"first_blank","first_blank-信仰","信仰",1,1,"first_blank-怪し","怪し",1,0,0,1,"信仰","怪し"
464,"first_blank","first_blank-信号","信号",1,1,"first_blank-空中","空中",1,0,0,1,"信号","空中"
382,"修理","修理-last_blank","last_blank",1,1,"ンサ-last_blank","ンサ",1,0,0,1,"修理","ンサ"
518,"first_blank","first_blank-修道","修道",1,1,"first_blank-追憶","追憶",1,0,0,1,"修道院","追憶院"
847,"first_blank","first_blank-俳優","俳優",1,2,"first_blank-wj","wj",2,0,0,1,"俳優","wj"
351,"個人","個人-last_blank","last_blank",1,1,"えあ-last_blank","えあ",1,0,0,1,"個人","えあ"
721,"first_blank","first_blank-個性","個性",1,1,"first_blank-暗視","暗視",1,0,0,1,"個性的","暗視的"
710,"傲慢","傲慢-last_blank","last_blank",1,1,"記稿-last_blank","記稿",1,0,0,1,"傲慢","記稿"
395,"傷跡","傷跡-last_blank","last_blank",1,1,"チナ-last_blank","チナ",1,0,0,1,"傷跡","チナ"
574,"first_blank","first_blank-優し","優し",1,2,"first_blank-那覇","那覇",2,0,0,1,"優しい","那覇い"
512,"first_blank","first_blank-兄弟","兄弟",1,2,"first_blank-例と","例と",2,0,0,1,"兄弟","例と"
520,"first_blank","first_blank-先生","先生",1,3,"first_blank-の通","の通",3,0,0,1,"先生","の通"
412,"first_blank","first_blank-入口","入口",1,1,"first_blank-進展","進展",1,0,0,1,"入口","進展"
355,"first_blank","first_blank-共産","共産",1,1,"first_blank-葉師","葉師",1,0,0,1,"共産主義者","葉師主義者"
407,"最大","最大-last_blank","last_blank",1,1,"裕香-last_blank","裕香",1,0,0,1,"最大","裕香"
242,"最悪","最悪-last_blank","last_blank",1,1,"うぶ-last_blank","うぶ",1,0,0,1,"最悪","うぶ"
408,"first_blank","first_blank-最終","最終",1,14,"first_blank-kl","kl",14,0,0,1,"最終的","kl的"
992,"冗談","冗談-で","で",1,1,"な声-で","な声",1,0,0,1,"冗談で","な声で"
410,"写真","写真-last_blank","last_blank",1,5,"ón-last_blank","ón",5,0,0,1,"写真","ón"
118,"first_blank","first_blank-写真","写真",1,16,"first_blank-俺の","俺の",16,0,0,1,"写真家","俺の家"
493,"冬","冬-last_blank","last_blank",1,1,"年月-last_blank","年月",1,0,1,1,"冬","年月"
681,"first_blank","first_blank-処理","処理",1,1,"first_blank-院号","院号",1,0,0,1,"処理","院号"
417,"出発","出発-last_blank","last_blank",1,1,"原市-last_blank","原市",1,0,0,1,"出発","原市"
3,"first_blank","first_blank-分","分",1,1,"first_blank-明か","明か",1,0,1,1,"分","明か"
443,"分割","分割-last_blank","last_blank",1,3,"げた-last_blank","げた",3,0,0,1,"分割","げた"
418,"分析","分析-last_blank","last_blank",1,1,"ヤヤ-last_blank","ヤヤ",1,0,0,1,"分析","ヤヤ"
773,"切る","切る-last_blank","last_blank",1,1,"れ牛-last_blank","れ牛",1,0,0,1,"切る","れ牛"
263,"first_blank","first_blank-刑務","刑務",1,1,"first_blank-借り","借り",1,0,0,1,"刑務所","借り所"
606,"削除","削除-last_blank","last_blank",1,21,"シュ-last_blank","シュ",21,0,0,1,"削除","シュ"
582,"first_blank","first_blank-創造","創造",1,1,"first_blank-１年","１年",1,0,0,1,"創造性","１年性"
555,"first_blank","first_blank-力","力",1,1,"first_blank-目の","目の",1,0,1,1,"力","目の"
558,"first_blank","first_blank-効果","効果",1,1,"first_blank-花鳥","花鳥",1,0,0,1,"効果","花鳥"
373,"first_blank","first_blank-効果","効果",1,1,"first_blank-淳司","淳司",1,0,0,1,"効果的","淳司的"
47,"勃起","勃起-last_blank","last_blank",1,1,"家だ-last_blank","家だ",1,0,0,1,"勃起","家だ"
219,"first_blank","first_blank-勇敢","勇敢",1,1,"first_blank-を中","を中",1,0,0,1,"勇敢","を中"
301,"first_blank","first_blank-勉強","勉強",1,1,"first_blank-英略","英略",1,0,0,1,"勉強","英略"
730,"first_blank","first_blank-動物","動物",1,4,"first_blank-類似","類似",4,0,0,1,"動物","類似"
977,"first_blank","first_blank-動脈","動脈",1,1,"first_blank-恋し","恋し",1,0,0,1,"動脈","恋し"
414,"first_blank","first_blank-勝つ","勝つ",1,1,"first_blank-地五","地五",1,0,0,1,"勝つ","地五"
614,"first_blank","first_blank-勝者","勝者",1,1,"first_blank-さそ","さそ",1,0,0,1,"勝者","さそ"
466,"first_blank","first_blank-匂い","匂い",1,1,"first_blank-痛か","痛か",1,0,0,1,"匂い","痛か"
440,"first_blank","first_blank-北","北",1,1,"first_blank-上越","上越",1,0,1,1,"北","上越"
949,"first_blank","first_blank-区域","区域",1,1,"first_blank-は取","は取",1,0,0,1,"区域","は取"
495,"医者","医者-last_blank","last_blank",1,2,"vh-last_blank","vh",2,0,0,1,"医者","vh"
1,"first_blank","first_blank-十億","十億",1,1,"first_blank-お祭","お祭",1,0,0,1,"十億","お祭"
916,"first_blank","first_blank-十分","十分",1,4,"first_blank-má","má",4,0,0,1,"十分な","máな"
340,"十年","十年-last_blank","last_blank",1,1,"集中-last_blank","集中",1,0,0,1,"十年","集中"
191,"first_blank","first_blank-卒業","卒業",1,3,"first_blank-vc","vc",3,0,0,1,"卒業","vc"
442,"first_blank","first_blank-単純","単純",1,1,"first_blank-위하","위하",1,0,0,1,"単純","위하"
55,"first_blank","first_blank-印象","印象",1,2,"first_blank-函館","函館",2,0,0,1,"印象づける","函館づける"
127,"危機","危機-last_blank","last_blank",1,1,"ルを-last_blank","ルを",1,0,0,1,"危機","ルを"
446,"危険","危険-last_blank","last_blank",1,1,"男が-last_blank","男が",1,0,0,1,"危険","男が"
303,"first_blank","first_blank-危険","危険",1,7,"first_blank-gé","gé",7,0,0,1,"危険な","géな"
217,"first_blank","first_blank-卵","卵",1,1,"first_blank-寂光","寂光",1,0,1,1,"卵","寂光"
849,"first_blank","first_blank-厚い","厚い",1,1,"first_blank-丸和","丸和",1,0,0,1,"厚い","丸和"
739,"原因","原因-last_blank","last_blank",1,1,"ať-last_blank","ať",1,0,0,1,"原因","ať"
962,"first_blank","first_blank-友情","友情",1,1,"first_blank-選ん","選ん",1,0,0,1,"友情","選ん"
459,"友達","友達-last_blank","last_blank",1,1,"リィ-last_blank","リィ",1,0,0,1,"友達","リィ"
757,"first_blank","first_blank-反応","反応",1,6,"first_blank-欧州","欧州",6,0,0,1,"反応器","欧州器"
107,"first_blank","first_blank-受け","受け",1,5,"first_blank-とろ","とろ",5,0,0,1,"受け入れる","とろ入れる"
661,"first_blank","first_blank-可能","可能",1,8,"first_blank-ジオ","ジオ",8,0,0,1,"可能性","ジオ性"
507,"合意","合意-last_blank","last_blank",1,6,"カス-last_blank","カス",6,0,0,1,"合意","カス"
310,"first_blank","first_blank-同性","同性",1,1,"first_blank-犬だ","犬だ",1,0,0,1,"同性愛者","犬だ愛者"
898,"同行","同行-last_blank","last_blank",1,1,"선m-last_blank","선m",1,0,0,1,"同行","선m"
722,"名誉","名誉-last_blank","last_blank",1,1,"者呂-last_blank","者呂",1,0,0,1,"名誉","者呂"
333,"first_blank","first_blank-吐き","吐き",1,2,"first_blank-セド","セド",2,0,0,1,"吐き気","セド気"
166,"first_blank","first_blank-吸血","吸血",1,1,"first_blank-空シ","空シ",1,0,0,1,"吸血鬼","空シ鬼"
844,"first_blank","first_blank-告白","告白",1,2,"first_blank-リョ","リョ",2,0,0,1,"告白","リョ"
883,"first_blank","first_blank-告白","告白",1,2,"first_blank-烏帽","烏帽",2,0,0,1,"告白する","烏帽する"
439,"周囲","周囲-last_blank","last_blank",1,1,"イガ-last_blank","イガ",1,0,0,1,"周囲","イガ"
581,"first_blank","first_blank-哀れ","哀れ",1,1,"first_blank-ヘー","ヘー",1,0,0,1,"哀れな","ヘーな"
954,"品質","品質-last_blank","last_blank",1,1,"フェ-last_blank","フェ",1,0,0,1,"品質","フェ"
470,"first_blank","first_blank-商人","商人",1,1,"first_blank-の導","の導",1,0,0,1,"商人","の導"
471,"問題","問題-last_blank","last_blank",1,5,"でね-last_blank","でね",5,0,0,1,"問題","でね"
474,"first_blank","first_blank-喜び","喜び",1,1,"first_blank-日根","日根",1,0,0,1,"喜び","日根"
592,"喧嘩","喧嘩-last_blank","last_blank",1,1,"ทธ-last_blank","ทธ",1,0,0,1,"喧嘩","ทธ"
987,"first_blank","first_blank-噛む","噛む",1,1,"first_blank-ém","ém",1,0,0,1,"噛む","ém"
356,"囚人","囚人-last_blank","last_blank",1,1,"ヶ岳-last_blank","ヶ岳",1,0,0,1,"囚人","ヶ岳"
348,"first_blank","first_blank-四","四",1,1,"first_blank-三ケ","三ケ",1,0,1,1,"四","三ケ"
980,"first_blank","first_blank-回転","回転",1,3,"first_blank-オニ","オニ",3,0,0,1,"回転させる","オニさせる"
478,"first_blank","first_blank-国家","国家",1,3,"first_blank-xf","xf",3,0,0,1,"国家","xf"
626,"地図","地図-last_blank","last_blank",1,7,"のに-last_blank","のに",7,0,0,1,"地図","のに"
232,"地獄","地獄-last_blank","last_blank",1,1,"平定-last_blank","平定",1,0,0,1,"地獄","平定"
484,"first_blank","first_blank-城","城",1,1,"first_blank-腕を","腕を",1,0,1,1,"城","腕を"
607,"first_blank","first_blank-埋め","埋め",1,1,"first_blank-富夫","富夫",1,0,0,1,"埋め込む","富夫込む"
156,"first_blank","first_blank-壊す","壊す",1,1,"first_blank-一太","一太",1,0,0,1,"壊す","一太"
162,"first_blank","first_blank-壮観","壮観",1,1,"first_blank-自伝","自伝",1,0,0,1,"壮観な","自伝な"
109,"声明","声明-last_blank","last_blank",1,1,"ムw-last_blank","ムw",1,0,0,1,"声明","ムw"
906,"first_blank","first_blank-売る","売る",1,1,"first_blank-발급","발급",1,0,0,1,"売る","발급"
637,"first_blank","first_blank-変","変",1,1,"first_blank-引い","引い",1,0,1,1,"変","引い"
404,"first_blank","first_blank-外部","外部",1,19,"first_blank-ou","ou",19,0,0,1,"外部の","ouの"
498,"first_blank","first_blank-夜","夜",1,1,"first_blank-句読","句読",1,0,1,1,"夜","句読"
629,"first_blank","first_blank-夜明","夜明",1,3,"first_blank-波ダ","波ダ",3,0,0,1,"夜明け","波ダけ"
579,"first_blank","first_blank-夢","夢",1,1,"first_blank-シラ","シラ",1,0,1,1,"夢","シラ"
398,"大佐","大佐-last_blank","last_blank",1,1,"じめ-last_blank","じめ",1,0,0,1,"大佐","じめ"
75,"大学","大学-last_blank","last_blank",1,32,"ップ-last_blank","ップ",32,0,0,1,"大学","ップ"
990,"first_blank","first_blank-大統","大統",1,6,"first_blank-みさ","みさ",6,0,0,1,"大統領","みさ領"
502,"first_blank","first_blank-大臣","大臣",1,1,"first_blank-洞泉","洞泉",1,0,0,1,"大臣","洞泉"
226,"洋の","洋の-last_blank","last_blank",1,1,"勝野-last_blank","勝野",1,0,0,1,"大西洋の","大西勝野"
933,"first_blank","first_blank-大隊","大隊",1,1,"first_blank-男優","男優",1,0,0,1,"大隊","男優"
787,"first_blank","first_blank-天","天",1,1,"first_blank-レリ","レリ",1,0,1,1,"天","レリ"
37,"first_blank","first_blank-天皇","天皇",1,3,"first_blank-お邪","お邪",3,0,0,1,"天皇","お邪"
640,"first_blank","first_blank-太陽","太陽",1,4,"first_blank-おも","おも",4,0,0,1,"太陽","おも"
590,"失敗","失敗-last_blank","last_blank",1,1,"ゃお-last_blank","ゃお",1,0,0,1,"失敗","ゃお"
120,"first_blank","first_blank-失望","失望",1,1,"first_blank-つよ","つよ",1,0,0,1,"失望","つよ"
747,"first_blank","first_blank-女の","女の",1,5,"first_blank-クッ","クッ",5,0,0,1,"女の子","クッ子"
648,"first_blank","first_blank-女性","女性",1,3,"first_blank-そろ","そろ",3,0,0,1,"女性","そろ"
886,"first_blank","first_blank-妊娠","妊娠",1,3,"first_blank-エジ","エジ",3,0,0,1,"妊娠","エジ"
506,"first_blank","first_blank-妻","妻",1,1,"first_blank-起承","起承",1,0,1,1,"妻","起承"
214,"first_blank","first_blank-姓","姓",1,1,"first_blank-大樫","大樫",1,0,1,1,"姓","大樫"
597,"first_blank","first_blank-委員","委員",1,3,"first_blank-背番","背番",3,0,0,1,"委員会","背番会"
911,"first_blank","first_blank-子","子",1,1,"first_blank-の図","の図",1,0,1,1,"子","の図"
840,"first_blank","first_blank-子供","子供",1,15,"first_blank-新し","新し",15,0,0,1,"子供時代","新し時代"
92,"first_blank","first_blank-学校","学校",1,18,"first_blank-にほ","にほ",18,0,0,1,"学校","にほ"
524,"first_blank","first_blank-守る","守る",1,1,"first_blank-ツポ","ツポ",1,0,0,1,"守る","ツポ"
994,"first_blank","first_blank-安い","安い",1,1,"first_blank-長政","長政",1,0,0,1,"安いです","長政です"
525,"安全","安全-last_blank","last_blank",1,1,"そな-last_blank","そな",1,0,0,1,"安全","そな"
526,"first_blank","first_blank-安全","安全",1,9,"first_blank-うん","うん",9,0,0,1,"安全性","うん性"
458,"first_blank","first_blank-完了","完了",1,5,"first_blank-今行","今行",5,0,0,1,"完了","今行"
738,"完全","完全-last_blank","last_blank",1,1,"リフ-last_blank","リフ",1,0,0,1,"完全","リフ"
811,"first_blank","first_blank-完全","完全",1,8,"first_blank-いき","いき",8,0,0,1,"完全に","いきに"
469,"宗教","宗教-last_blank","last_blank",1,1,"カな-last_blank","カな",1,0,0,1,"宗教","カな"
168,"first_blank","first_blank-宝石","宝石",1,1,"first_blank-謝り","謝り",1,0,0,1,"宝石","謝り"
252,"first_blank","first_blank-実行","実行",1,3,"first_blank-全件","全件",3,0,0,1,"実行","全件"
197,"first_blank","first_blank-家主","家主",1,1,"first_blank-長福","長福",1,0,0,1,"家主","長福"
184,"家族","家族-last_blank","last_blank",1,2,"んつ-last_blank","んつ",2,0,0,1,"家族","んつ"
967,"first_blank","first_blank-家賃","家賃",1,1,"first_blank-誤作","誤作",1,0,0,1,"家賃","誤作"
751,"first_blank","first_blank-容疑","容疑",1,2,"first_blank-男だ","男だ",2,0,0,1,"容疑者","男だ者"
327,"first_blank","first_blank-寂し","寂し",1,5,"first_blank-ちゅ","ちゅ",5,0,0,1,"寂しい","ちゅい"
586,"first_blank","first_blank-寄付","寄付",1,1,"first_blank-ねず","ねず",1,0,0,1,"寄付","ねず"
527,"first_blank","first_blank-富","富",1,1,"first_blank-隊列","隊列",1,0,1,1,"富","隊列"
273,"first_blank","first_blank-寒い","寒い",1,2,"first_blank-宇都","宇都",2,0,0,1,"寒い","宇都"
855,"審判","審判-last_blank","last_blank",1,1,"永一-last_blank","永一",1,0,0,1,"審判","永一"
44,"専門","専門-家","家",1,1,"たの-家","たの",1,0,0,1,"専門家","たの家"
882,"尊厳","尊厳-last_blank","last_blank",1,1,"員録-last_blank","員録",1,0,0,1,"尊厳","員録"
540,"first_blank","first_blank-小さ","小さ",1,4,"first_blank-fy","fy",4,0,0,1,"小さい","fyい"
802,"first_blank","first_blank-小麦","小麦",1,1,"first_blank-合同","合同",1,0,0,1,"小麦粉","合同粉"
853,"尿","尿-last_blank","last_blank",1,1,"物だ-last_blank","物だ",1,0,1,1,"尿","物だ"
341,"first_blank","first_blank-山","山",1,1,"first_blank-がす","がす",1,0,1,1,"山","がす"
783,"first_blank","first_blank-崩壊","崩壊",1,1,"first_blank-千光","千光",1,0,0,1,"崩壊","千光"
983,"嵐","嵐-last_blank","last_blank",1,2,"にか-last_blank","にか",2,0,1,1,"嵐","にか"
932,"first_blank","first_blank-州","州",1,1,"first_blank-週展","週展",1,0,1,1,"州","週展"
665,"左","左-last_blank","last_blank",1,1,"外で-last_blank","外で",1,0,1,1,"左","外で"
500,"first_blank","first_blank-巨大","巨大",1,1,"first_blank-くお","くお",1,0,0,1,"巨大","くお"
908,"first_blank","first_blank-市","市",1,1,"first_blank-승인","승인",1,0,1,1,"市","승인"
126,"first_blank","first_blank-市長","市長",1,2,"first_blank-をク","をク",2,0,0,1,"市長","をク"
27,"帆","帆-last_blank","last_blank",1,1,"二号-last_blank","二号",1,0,1,1,"帆","二号"
732,"first_blank","first_blank-帝国","帝国",1,5,"first_blank-女の","女の",5,0,0,1,"帝国","女の"
29,"常に","常に-last_blank","last_blank",1,1,"黄師-last_blank","黄師",1,0,0,1,"常に","黄師"
265,"first_blank","first_blank-帽子","帽子",1,1,"first_blank-もな","もな",1,0,0,1,"帽子","もな"
728,"first_blank","first_blank-幅","幅",1,1,"first_blank-안녕","안녕",1,0,1,1,"幅","안녕"
958,"幻覚","幻覚-last_blank","last_blank",1,1,"차에-last_blank","차에",1,0,0,1,"幻覚","차에"
455,"座る","座る-last_blank","last_blank",1,1,"oû-last_blank","oû",1,0,0,1,"座る","oû"
543,"first_blank","first_blank-建て","建て",1,1,"first_blank-檸檬","檸檬",1,0,0,1,"建てる","檸檬る"
177,"first_blank","first_blank-建物","建物",1,1,"first_blank-いづ","いづ",1,0,0,1,"建物","いづ"
46,"first_blank","first_blank-建築","建築",1,4,"first_blank-きい","きい",4,0,0,1,"建築家","きい家"
392,"first_blank","first_blank-式","式",1,1,"first_blank-いに","いに",1,0,1,1,"式","いに"
686,"first_blank","first_blank-引き","引き",1,6,"first_blank-デル","デル",6,0,0,1,"引きつける","デルつける"
601,"first_blank","first_blank-引く","引く",1,1,"first_blank-ノム","ノム",1,0,0,1,"引く","ノム"
554,"first_blank","first_blank-弱い","弱い",1,1,"first_blank-順番","順番",1,0,0,1,"弱い","順番"
128,"強く","強く-last_blank","last_blank",1,1,"麻友-last_blank","麻友",1,0,0,1,"強く","麻友"
760,"強盗","強盗-last_blank","last_blank",1,1,"培養-last_blank","培養",1,0,0,1,"強盗","培養"
259,"first_blank","first_blank-後方","後方",1,1,"first_blank-準同","準同",1,0,0,1,"後方","準同"
434,"first_blank","first_blank-心理","心理",1,1,"first_blank-本多","本多",1,0,0,1,"心理学","本多学"
589,"心配","心配-last_blank","last_blank",1,1,"すじ-last_blank","すじ",1,0,0,1,"心配","すじ"
563,"first_blank","first_blank-必要","必要",1,20,"first_blank-トレ","トレ",20,0,0,1,"必要","トレ"
569,"first_blank","first_blank-忠実","忠実",1,1,"first_blank-翔大","翔大",1,0,0,1,"忠実な","翔大な"
516,"first_blank","first_blank-怒り","怒り",1,1,"first_blank-の路","の路",1,0,0,1,"怒り","の路"
565,"やり","やり-last_blank","last_blank",1,1,"ทธ-last_blank","ทธ",1,0,0,1,"思いやり","思いทธ"
496,"first_blank","first_blank-恐ら","恐ら",1,1,"first_blank-ーー","ーー",1,0,0,1,"恐らく","ーーく"
275,"恐れ","恐れ-last_blank","last_blank",1,1,"なを-last_blank","なを",1,0,0,1,"恐れ","なを"
577,"first_blank","first_blank-恐ろ","恐ろ",1,1,"first_blank-シエ","シエ",1,0,0,1,"恐ろしい","シエしい"
907,"恐喝","恐喝-last_blank","last_blank",1,1,"けら-last_blank","けら",1,0,0,1,"恐喝","けら"
514,"息子","息子-last_blank","last_blank",1,2,"ッコ-last_blank","ッコ",2,0,0,1,"息子","ッコ"
838,"悪い","悪い-last_blank","last_blank",1,1,"呼べ-last_blank","呼べ",1,0,0,1,"悪い","呼べ"
504,"悪魔","悪魔-last_blank","last_blank",1,1,"春秋-last_blank","春秋",1,0,0,1,"悪魔","春秋"
580,"的な","的な-last_blank","last_blank",1,2,"査官-last_blank","査官",2,0,0,1,"悲劇的な","悲劇査官"
903,"first_blank","first_blank-悲惨","悲惨",1,1,"first_blank-３　","３　",1,0,0,1,"悲惨な","３　な"
188,"first_blank","first_blank-情報","情報",1,18,"first_blank-クイ","クイ",18,0,0,1,"情報","クイ"
163,"first_blank","first_blank-情報","情報",1,18,"first_blank-コロ","コロ",18,0,0,1,"情報提供者","コロ提供者"
715,"first_blank","first_blank-情熱","情熱",1,1,"first_blank-ウナ","ウナ",1,0,0,1,"情熱","ウナ"
658,"first_blank","first_blank-意味","意味",1,9,"first_blank-マク","マク",9,0,0,1,"意味","マク"
223,"first_blank","first_blank-愚か","愚か",1,3,"first_blank-hを","hを",3,0,0,1,"愚か者","hを者"
517,"first_blank","first_blank-愛","愛",1,1,"first_blank-善右","善右",1,0,1,1,"愛","善右"
585,"first_blank","first_blank-愛人","愛人",1,1,"first_blank-と刻","と刻",1,0,0,1,"愛人","と刻"
288,"first_blank","first_blank-感情","感情",1,1,"first_blank-共役","共役",1,0,0,1,"感情の","共役の"
39,"first_blank","first_blank-感染","感染",1,1,"first_blank-乗せ","乗せ",1,0,0,1,"感染","乗せ"
24,"first_blank","first_blank-感謝","感謝",1,14,"first_blank-だか","だか",14,0,0,1,"感謝","だか"
587,"first_blank","first_blank-感謝","感謝",1,14,"first_blank-よこ","よこ",14,0,0,1,"感謝する","よこする"
873,"慈悲","慈悲-last_blank","last_blank",1,1,"おわ-last_blank","おわ",1,0,0,1,"慈悲","おわ"
584,"first_blank","first_blank-態度","態度",1,1,"first_blank-お探","お探",1,0,0,1,"態度","お探"
682,"first_blank","first_blank-憲法","憲法",1,4,"first_blank-観音","観音",4,0,0,1,"憲法","観音"
797,"first_blank","first_blank-成功","成功",1,4,"first_blank-の地","の地",4,0,0,1,"成功した","の地した"
591,"first_blank","first_blank-戦い","戦い",1,1,"first_blank-赤の","赤の",1,0,0,1,"戦い","赤の"
23,"first_blank","first_blank-戦場","戦場",1,1,"first_blank-向け","向け",1,0,0,1,"戦場","向け"
186,"first_blank","first_blank-戦士","戦士",1,1,"first_blank-亀太","亀太",1,0,0,1,"戦士","亀太"
594,"戻る","戻る-last_blank","last_blank",1,3,"冒険-last_blank","冒険",3,0,0,1,"戻る","冒険"
415,"所得","所得-last_blank","last_blank",1,1,"プイ-last_blank","プイ",1,0,0,1,"所得","プイ"
973,"手紙","手紙-last_blank","last_blank",1,1,"yf-last_blank","yf",1,0,0,1,"手紙","yf"
707,"first_blank","first_blank-手術","手術",1,1,"first_blank-霊場","霊場",1,0,0,1,"手術","霊場"
411,"first_blank","first_blank-手順","手順",1,1,"first_blank-法務","法務",1,0,0,1,"手順","法務"
712,"first_blank","first_blank-払う","払う",1,1,"first_blank-帰ろ","帰ろ",1,0,0,1,"払う","帰ろ"
875,"first_blank","first_blank-承認","承認",1,1,"first_blank-容赦","容赦",1,0,0,1,"承認","容赦"
627,"first_blank","first_blank-技術","技術",1,6,"first_blank-ピカ","ピカ",6,0,0,1,"技術","ピカ"
497,"投票","投票-last_blank","last_blank",1,1,"話t-last_blank","話t",1,0,0,1,"投票","話t"
245,"投資","投資-last_blank","last_blank",1,1,"ーず-last_blank","ーず",1,0,0,1,"投資","ーず"
237,"first_blank","first_blank-投資","投資",1,2,"first_blank-ミハ","ミハ",2,0,0,1,"投資家","ミハ家"
600,"抵抗","抵抗-last_blank","last_blank",1,1,"ệt-last_blank","ệt",1,0,0,1,"抵抗","ệt"
272,"first_blank","first_blank-押す","押す",1,1,"first_blank-宮窪","宮窪",1,0,0,1,"押す","宮窪"
887,"first_blank","first_blank-拉致","拉致",1,1,"first_blank-デロ","デロ",1,0,0,1,"拉致","デロ"
843,"first_blank","first_blank-拷問","拷問",1,1,"first_blank-は不","は不",1,0,0,1,"拷問","は不"
5,"first_blank","first_blank-指紋","指紋",1,1,"first_blank-様子","様子",1,0,0,1,"指紋","様子"
778,"挨拶","挨拶-last_blank","last_blank",1,1,"返し-last_blank","返し",1,0,0,1,"挨拶","返し"
731,"first_blank","first_blank-捕り","捕り",1,1,"first_blank-イグ","イグ",1,0,0,1,"捕り物","イグ物"
19,"first_blank","first_blank-捜査","捜査",1,1,"first_blank-久夫","久夫",1,0,0,1,"捜査官","久夫官"
608,"探す","探す-last_blank","last_blank",1,1,"左岸-last_blank","左岸",1,0,0,1,"探す","左岸"
41,"探偵","探偵-last_blank","last_blank",1,3,"セン-last_blank","セン",3,0,0,1,"探偵","セン"
894,"first_blank","first_blank-控え","控え",1,2,"first_blank-本覚","本覚",2,0,0,1,"控えめ","本覚め"
261,"描く","描く-last_blank","last_blank",1,1,"流し-last_blank","流し",1,0,0,1,"描く","流し"
644,"first_blank","first_blank-提供","提供",1,4,"first_blank-はチ","はチ",4,0,0,1,"提供","はチ"
611,"first_blank","first_blank-提案","提案",1,8,"first_blank-面白","面白",8,0,0,1,"提案","面白"
234,"first_blank","first_blank-換気","換気",1,1,"first_blank-地五","地五",1,0,0,1,"換気","地五"
113,"first_blank","first_blank-操作","操作",1,1,"first_blank-若菜","若菜",1,0,0,1,"操作する","若菜する"
121,"first_blank","first_blank-支援","支援",1,1,"first_blank-を次","を次",1,0,0,1,"支援","を次"
264,"first_blank","first_blank-支援","支援",1,1,"first_blank-輝彦","輝彦",1,0,0,1,"支援する","輝彦する"
492,"first_blank","first_blank-改善","改善",1,1,"first_blank-標記","標記",1,0,0,1,"改善","標記"
377,"first_blank","first_blank-攻撃","攻撃",1,5,"first_blank-サザ","サザ",5,0,0,1,"攻撃","サザ"
680,"first_blank","first_blank-放射","放射",1,2,"first_blank-外務","外務",2,0,0,1,"放射線","外務線"
968,"first_blank","first_blank-放棄","放棄",1,1,"first_blank-vă","vă",1,0,0,1,"放棄する","văする"
798,"政府","政府-last_blank","last_blank",1,3,"ガル-last_blank","ガル",3,0,0,1,"政府","ガル"
132,"政治","政治-last_blank","last_blank",1,1,"テレ-last_blank","テレ",1,0,0,1,"政治","テレ"
277,"first_blank","first_blank-政治","政治",1,5,"first_blank-南ア","南ア",5,0,0,1,"政治家","南ア家"
836,"first_blank","first_blank-政治","政治",1,5,"first_blank-おば","おば",5,0,0,1,"政治的","おば的"
388,"first_blank","first_blank-故意","故意",1,1,"first_blank-カマ","カマ",1,0,0,1,"故意に","カマに"
426,"first_blank","first_blank-救世","救世",1,1,"first_blank-騎士","騎士",1,0,0,1,"救世主","騎士主"
430,"first_blank","first_blank-敗北","敗北",1,1,"first_blank-お台","お台",1,0,0,1,"敗北","お台"
28,"教え","教え-て","て",1,1,"くれ-て","くれ",1,0,0,1,"教えて","くれて"
519,"first_blank","first_blank-教え","教え",1,23,"first_blank-ia","ia",23,0,0,1,"教える","iaる"
190,"first_blank","first_blank-教授","教授",1,1,"first_blank-来ま","来ま",1,0,0,1,"教授","来ま"
387,"教育","教育-last_blank","last_blank",1,2,"補完-last_blank","補完",2,0,0,1,"教育","補完"
633,"first_blank","first_blank-散歩","散歩",1,1,"first_blank-に昇","に昇",1,0,0,1,"散歩","に昇"
720,"数学","数学-last_blank","last_blank",1,1,"が丘-last_blank","が丘",1,0,0,1,"数学","が丘"
616,"first_blank","first_blank-整理","整理",1,3,"first_blank-九十","九十",3,0,0,1,"整理","九十"
889,"first_blank","first_blank-文","文",1,1,"first_blank-四郷","四郷",1,0,1,1,"文","四郷"
820,"first_blank","first_blank-文学","文学",1,2,"first_blank-白馬","白馬",2,0,0,1,"文学","白馬"
618,"文明","文明-last_blank","last_blank",1,1,"ムh-last_blank","ムh",1,0,0,1,"文明","ムh"
869,"first_blank","first_blank-新聞","新聞",1,2,"first_blank-サス","サス",2,0,0,1,"新聞","サス"
481,"first_blank","first_blank-日曜","日曜",1,3,"first_blank-藤井","藤井",3,0,0,1,"日曜日","藤井日"
936,"早い","早い-last_blank","last_blank",1,2,"だら-last_blank","だら",2,0,0,1,"早い","だら"
294,"早く","早く-last_blank","last_blank",1,3,"忘れ-last_blank","忘れ",3,0,0,1,"早く","忘れ"
630,"first_blank","first_blank-明ら","明ら",1,3,"first_blank-後に","後に",3,0,0,1,"明らかに","後にかに"
922,"first_blank","first_blank-明る","明る",1,1,"first_blank-赤座","赤座",1,0,0,1,"明るい","赤座い"
278,"映画","映画-last_blank","last_blank",1,8,"クル-last_blank","クル",8,0,0,1,"映画","クル"
358,"first_blank","first_blank-昨日","昨日",1,3,"first_blank-看護","看護",3,0,0,1,"昨日","看護"
499,"昼","昼-last_blank","last_blank",1,1,"者n-last_blank","者n",1,0,1,1,"昼","者n"
984,"暗い","暗い-last_blank","last_blank",1,1,"ات-last_blank","ات",1,0,0,1,"暗い","ات"
390,"first_blank","first_blank-暗殺","暗殺",1,2,"first_blank-も同","も同",2,0,0,1,"暗殺者","も同者"
625,"first_blank","first_blank-更新","更新",1,6,"first_blank-マグ","マグ",6,0,0,1,"更新","マグ"
893,"first_blank","first_blank-書き","書き",1,3,"first_blank-部活","部活",3,0,0,1,"書きます","部活ます"
892,"first_blank","first_blank-書き","書き",1,3,"first_blank-店舗","店舗",3,0,0,1,"書き込み","店舗込み"
354,"first_blank","first_blank-有名","有名",1,1,"first_blank-是菩","是菩",1,0,0,1,"有名","是菩"
384,"first_blank","first_blank-有権","有権",1,1,"first_blank-処理","処理",1,0,0,1,"有権者","処理者"
709,"有罪","有罪-last_blank","last_blank",1,1,"合族-last_blank","合族",1,0,0,1,"有罪","合族"
631,"first_blank","first_blank-朝","朝",1,1,"first_blank-灰は","灰は",1,0,1,1,"朝","灰は"
635,"first_blank","first_blank-朝ご","朝ご",1,1,"first_blank-勝太","勝太",1,0,0,1,"朝ごはん","勝太はん"
248,"first_blank","first_blank-木","木",1,1,"first_blank-関与","関与",1,0,1,1,"木","関与"
823,"first_blank","first_blank-本","本",1,1,"first_blank-実技","実技",1,0,1,1,"本","実技"
528,"本当","本当-last_blank","last_blank",1,1,"併誌-last_blank","併誌",1,0,0,1,"本当","併誌"
10,"本物","本物-last_blank","last_blank",1,1,"の頃-last_blank","の頃",1,0,0,1,"本物","の頃"
260,"本部","本部-last_blank","last_blank",1,1,"調だ-last_blank","調だ",1,0,0,1,"本部","調だ"
185,"本音","本音-last_blank","last_blank",1,1,"理馬-last_blank","理馬",1,0,0,1,"本音","理馬"
83,"first_blank","first_blank-村","村",1,1,"first_blank-ニジ","ニジ",1,0,1,1,"村","ニジ"
416,"来て","来て-last_blank","last_blank",1,6,"ビア-last_blank","ビア",6,0,0,1,"来て","ビア"
858,"first_blank","first_blank-東","東",1,1,"first_blank-は略","は略",1,0,1,1,"東","は略"
457,"first_blank","first_blank-枢機","枢機",1,1,"first_blank-現況","現況",1,0,0,1,"枢機卿","現況卿"
912,"栄光","栄光-last_blank","last_blank",1,1,"定へ-last_blank","定へ",1,0,0,1,"栄光","定へ"
361,"first_blank","first_blank-株式","株式",1,5,"first_blank-中野","中野",5,0,0,1,"株式会社","中野会社"
447,"first_blank","first_blank-核の","核の",1,1,"first_blank-ノク","ノク",1,0,0,1,"核の","ノク"
532,"first_blank","first_blank-森","森",1,1,"first_blank-天の","天の",1,0,1,1,"森","天の"
189,"椅子","椅子-last_blank","last_blank",1,1,"やら-last_blank","やら",1,0,0,1,"椅子","やら"
683,"first_blank","first_blank-検察","検察",1,1,"first_blank-やじ","やじ",1,0,0,1,"検察官","やじ官"
654,"検査","検査-last_blank","last_blank",1,1,"宮杯-last_blank","宮杯",1,0,0,1,"検査","宮杯"
570,"楽し","楽し-い","い",1,1,"しえ-い","しえ",1,0,0,1,"楽しい","しえい"
942,"first_blank","first_blank-楽器","楽器",1,2,"first_blank-なで","なで",2,0,0,1,"楽器","なで"
243,"first_blank","first_blank-構造","構造",1,3,"first_blank-пр","пр",3,0,0,1,"構造","пр"
799,"first_blank","first_blank-権限","権限",1,1,"first_blank-幸四","幸四",1,0,0,1,"権限","幸四"
320,"機械","機械-last_blank","last_blank",1,2,"ぱー-last_blank","ぱー",2,0,0,1,"機械","ぱー"
192,"的な","的な-last_blank","last_blank",1,2,"آن-last_blank","آن",2,0,0,1,"機械的な","機械آن"
431,"first_blank","first_blank-機能","機能",1,2,"first_blank-法学","法学",2,0,0,1,"機能的に","法学的に"
26,"first_blank","first_blank-歌","歌",1,1,"first_blank-無視","無視",1,0,1,1,"歌","無視"
943,"first_blank","first_blank-正し","正し",1,8,"first_blank-のア","のア",8,0,0,1,"正しい","のアい"
386,"first_blank","first_blank-正常","正常",1,1,"first_blank-水族","水族",1,0,0,1,"正常","水族"
666,"正式","正式-last_blank","last_blank",1,1,"スロ-last_blank","スロ",1,0,0,1,"正式","スロ"
315,"正直","正直-last_blank","last_blank",1,1,"コミ-last_blank","コミ",1,0,0,1,"正直","コミ"
79,"正確","正確-last_blank","last_blank",1,1,"中だ-last_blank","中だ",1,0,0,1,"正確","中だ"
561,"first_blank","first_blank-正義","正義",1,2,"first_blank-タチ","タチ",2,0,0,1,"正義","タチ"
241,"武器","武器-last_blank","last_blank",1,1,"ラ種-last_blank","ラ種",1,0,0,1,"武器","ラ種"
564,"武士","武士-last_blank","last_blank",1,1,"とお-last_blank","とお",1,0,0,1,"武士","とお"
913,"first_blank","first_blank-歩く","歩く",1,2,"first_blank-ロヴ","ロヴ",2,0,0,1,"歩く","ロヴ"
717,"first_blank","first_blank-歯","歯",1,1,"first_blank-栗花","栗花",1,0,1,1,"歯","栗花"
742,"死","死-last_blank","last_blank",1,1,"ﾏﾝ-last_blank","ﾏﾝ",1,0,1,1,"死","ﾏﾝ"
841,"first_blank","first_blank-死ぬ","死ぬ",1,11,"first_blank-チョ","チョ",11,0,0,1,"死ぬ","チョ"
368,"死体","死体-last_blank","last_blank",1,1,"府県-last_blank","府県",1,0,0,1,"死体","府県"
664,"残る","残る-last_blank","last_blank",1,1,"字d-last_blank","字d",1,0,0,1,"残る","字d"
578,"first_blank","first_blank-残酷","残酷",1,1,"first_blank-空シ","空シ",1,0,0,1,"残酷","空シ"
158,"first_blank","first_blank-段落","段落",1,1,"first_blank-美代","美代",1,0,0,1,"段落","美代"
924,"first_blank","first_blank-段階","段階",1,1,"first_blank-の冪","の冪",1,0,0,1,"段階","の冪"
674,"first_blank","first_blank-殺し","殺し",1,11,"first_blank-執筆","執筆",11,0,0,1,"殺します","執筆ます"
833,"殺人","殺人-last_blank","last_blank",1,2,"催事-last_blank","催事",2,0,0,1,"殺人","催事"
85,"first_blank","first_blank-殺人","殺人",1,5,"first_blank-架空","架空",5,0,0,1,"殺人者","架空者"
673,"毎週","毎週-last_blank","last_blank",1,1,"ラレ-last_blank","ラレ",1,0,0,1,"毎週","ラレ"
834,"主義","主義-last_blank","last_blank",1,4,"廃止-last_blank","廃止",4,0,0,1,"民主主義","民主廃止"
573,"first_blank","first_blank-気味","気味",1,1,"first_blank-将監","将監",1,0,0,1,"気味の悪い","将監の悪い"
705,"first_blank","first_blank-水素","水素",1,1,"first_blank-全便","全便",1,0,0,1,"水素","全便"
541,"水面","水面-last_blank","last_blank",1,1,"毀損-last_blank","毀損",1,0,0,1,"水面","毀損"
696,"first_blank","first_blank-氷結","氷結",1,1,"first_blank-月川","月川",1,0,0,1,"氷結","月川"
678,"first_blank","first_blank-永遠","永遠",1,4,"first_blank-ピロ","ピロ",4,0,0,1,"永遠に","ピロに"
425,"first_blank","first_blank-決定","決定",1,2,"first_blank-内務","内務",2,0,0,1,"決定","内務"
976,"沈黙","沈黙-last_blank","last_blank",1,1,"存翁-last_blank","存翁",1,0,0,1,"沈黙","存翁"
772,"first_blank","first_blank-油","油",1,1,"first_blank-ひね","ひね",1,0,1,1,"油","ひね"
944,"first_blank","first_blank-法的","法的",1,1,"first_blank-新ス","新ス",1,0,0,1,"法的","新ス"
743,"first_blank","first_blank-注入","注入",1,1,"first_blank-副駅","副駅",1,0,0,1,"注入","副駅"
604,"注文","注文-last_blank","last_blank",1,1,"菓子-last_blank","菓子",1,0,0,1,"注文","菓子"
697,"泳ぐ","泳ぐ-last_blank","last_blank",1,1,"見区-last_blank","見区",1,0,0,1,"泳ぐ","見区"
813,"first_blank","first_blank-洗う","洗う",1,1,"first_blank-牛若","牛若",1,0,0,1,"洗う","牛若"
125,"first_blank","first_blank-活動","活動",1,8,"first_blank-良く","良く",8,0,0,1,"活動","良く"
553,"first_blank","first_blank-活性","活性",1,1,"first_blank-彰彦","彰彦",1,0,0,1,"活性化","彰彦化"
238,"海岸","海岸-last_blank","last_blank",1,1,"人公-last_blank","人公",1,0,0,1,"海岸","人公"
687,"first_blank","first_blank-海洋","海洋",1,1,"first_blank-大言","大言",1,0,0,1,"海洋","大言"
210,"first_blank","first_blank-海軍","海軍",1,5,"first_blank-今行","今行",5,0,0,1,"海軍","今行"
667,"first_blank","first_blank-消失","消失",1,1,"first_blank-孝太","孝太",1,0,0,1,"消失した","孝太した"
807,"first_blank","first_blank-混合","混合",1,1,"first_blank-김괘","김괘",1,0,0,1,"混合","김괘"
986,"渇き","渇き-last_blank","last_blank",1,1,"が丘-last_blank","が丘",1,0,0,1,"渇き","が丘"
489,"first_blank","first_blank-減ら","減ら",1,1,"first_blank-郁久","郁久",1,0,0,1,"減らす","郁久す"
714,"first_blank","first_blank-温度","温度",1,1,"first_blank-辨道","辨道",1,0,0,1,"温度","辨道"
692,"first_blank","first_blank-港","港",1,1,"first_blank-كن","كن",1,0,1,1,"港","كن"
542,"湖","湖-last_blank","last_blank",1,1,"ﾟｲ-last_blank","ﾟｲ",1,0,1,1,"湖","ﾟｲ"
786,"first_blank","first_blank-満杯","満杯",1,1,"first_blank-新宝","新宝",1,0,0,1,"満杯","新宝"
694,"準備","準備-last_blank","last_blank",1,4,"ちを-last_blank","ちを",4,0,0,1,"準備","ちを"
202,"濡れ","濡れ-た","た",1,1,"現し-た","現し",1,0,0,1,"濡れた","現した"
643,"first_blank","first_blank-火曜","火曜",1,2,"first_blank-セガ","セガ",2,0,0,1,"火曜日","セガ日"
701,"first_blank","first_blank-火炎","火炎",1,1,"first_blank-野手","野手",1,0,0,1,"火炎","野手"
372,"first_blank","first_blank-無価","無価",1,1,"first_blank-財具","財具",1,0,0,1,"無価値","財具値"
708,"first_blank","first_blank-無力","無力",1,1,"first_blank-関ジ","関ジ",1,0,0,1,"無力","関ジ"
336,"first_blank","first_blank-無責","無責",1,1,"first_blank-雅夫","雅夫",1,0,0,1,"無責任なことに","雅夫任なことに"
468,"first_blank","first_blank-熱","熱",1,1,"first_blank-泉州","泉州",1,0,1,1,"熱","泉州"
66,"first_blank","first_blank-燃料","燃料",1,1,"first_blank-の企","の企",1,0,0,1,"燃料","の企"
483,"爆発","爆発-last_blank","last_blank",1,1,"ọc-last_blank","ọc",1,0,0,1,"爆発","ọc"
222,"first_blank","first_blank-爆発","爆発",1,4,"first_blank-生徒","生徒",4,0,0,1,"爆発する","生徒する"
716,"first_blank","first_blank-爆発","爆発",1,4,"first_blank-端末","端末",4,0,0,1,"爆発物","端末物"
672,"first_blank","first_blank-父親","父親",1,2,"first_blank-残り","残り",2,0,0,1,"父親","残り"
576,"first_blank","first_blank-物理","物理",1,3,"first_blank-力を","力を",3,0,0,1,"物理的","力を的"
619,"特に","特に-last_blank","last_blank",1,1,"时间-last_blank","时间",1,0,0,1,"特に","时间"
891,"特急","特急-last_blank","last_blank",1,2,"ごえ-last_blank","ごえ",2,0,0,1,"特急","ごえ"
818,"犯罪","犯罪-last_blank","last_blank",1,1,"四角-last_blank","四角",1,0,0,1,"犯罪","四角"
685,"first_blank","first_blank-犯罪","犯罪",1,2,"first_blank-隣の","隣の",2,0,0,1,"犯罪的","隣の的"
376,"first_blank","first_blank-犯罪","犯罪",1,2,"first_blank-奈々","奈々",2,0,0,1,"犯罪者に","奈々者に"
138,"first_blank","first_blank-狙撃","狙撃",1,1,"first_blank-せや","せや",1,0,0,1,"狙撃兵","せや兵"
88,"first_blank","first_blank-狼","狼",1,1,"first_blank-シエ","シエ",1,0,1,1,"狼","シエ"
723,"first_blank","first_blank-猫","猫",1,1,"first_blank-久利","久利",1,0,1,1,"猫","久利"
568,"first_blank","first_blank-献身","献身",1,1,"first_blank-立項","立項",1,0,0,1,"献身","立項"
215,"first_blank","first_blank-玉ね","玉ね",1,1,"first_blank-済ん","済ん",1,0,0,1,"玉ねぎ","済んぎ"
91,"王位","王位-last_blank","last_blank",1,1,"そも-last_blank","そも",1,0,0,1,"王位","そも"
733,"first_blank","first_blank-王国","王国",1,1,"first_blank-ぴな","ぴな",1,0,0,1,"王国","ぴな"
57,"王子","王子-last_blank","last_blank",1,2,"準拠-last_blank","準拠",2,0,0,1,"王子","準拠"
657,"first_blank","first_blank-現実","現実",1,3,"first_blank-卒業","卒業",3,0,0,1,"現実的","卒業的"
193,"first_blank","first_blank-理科","理科",1,1,"first_blank-カノ","カノ",1,0,0,1,"理科","カノ"
677,"first_blank","first_blank-理解","理解",1,11,"first_blank-kg","kg",11,0,0,1,"理解する","kgする"
367,"first_blank","first_blank-生き","生き",1,20,"first_blank-約束","約束",20,0,0,1,"生き残ります","約束残ります"
293,"first_blank","first_blank-生き","生き",1,20,"first_blank-みつ","みつ",20,0,0,1,"生き物","みつ物"
433,"first_blank","first_blank-生物","生物",1,2,"first_blank-真庭","真庭",2,0,0,1,"生物学","真庭学"
432,"学的","学的-last_blank","last_blank",1,1,"金蔵-last_blank","金蔵",1,0,0,1,"生物学的","生物金蔵"
371,"first_blank","first_blank-生産","生産",1,2,"first_blank-ーい","ーい",2,0,0,1,"生産","ーい"
521,"first_blank","first_blank-甥","甥",1,1,"first_blank-金太","金太",1,0,1,1,"甥","金太"
508,"first_blank","first_blank-男の","男の",1,2,"first_blank-背景","背景",2,0,0,1,"男の子","背景子"
12,"first_blank","first_blank-画家","画家",1,1,"first_blank-回送","回送",1,0,0,1,"画家","回送"
36,"疾患","疾患-last_blank","last_blank",1,1,"マは-last_blank","マは",1,0,0,1,"疾患","マは"
753,"病気","病気-last_blank","last_blank",1,1,"話p-last_blank","話p",1,0,0,1,"病気","話p"
755,"first_blank","first_blank-症候","症候",1,1,"first_blank-西條","西條",1,0,0,1,"症候群","西條群"
842,"痛み","痛み-last_blank","last_blank",1,1,"培養-last_blank","培養",1,0,0,1,"痛み","培養"
831,"癌","癌-last_blank","last_blank",1,1,"方は-last_blank","方は",1,0,1,1,"癌","方は"
475,"癒し","癒し-last_blank","last_blank",1,1,"提起-last_blank","提起",1,0,0,1,"癒し","提起"
935,"first_blank","first_blank-発達","発達",1,1,"first_blank-唐変","唐変",1,0,0,1,"発達","唐変"
437,"first_blank","first_blank-百","百",1,1,"first_blank-周り","周り",1,0,1,1,"百","周り"
914,"first_blank","first_blank-百姓","百姓",1,1,"first_blank-言論","言論",1,0,0,1,"百姓","言論"
14,"first_blank","first_blank-皮肉","皮肉",1,1,"first_blank-闇大","闇大",1,0,0,1,"皮肉な","闇大な"
343,"皿","皿-last_blank","last_blank",1,1,"カワ-last_blank","カワ",1,0,1,1,"皿","カワ"
289,"first_blank","first_blank-盟主","盟主",1,1,"first_blank-黒龍","黒龍",1,0,0,1,"盟主","黒龍"
257,"first_blank","first_blank-監督","監督",1,5,"first_blank-ロバ","ロバ",5,0,0,1,"監督","ロバ"
763,"目的","目的-last_blank","last_blank",1,2,"付与-last_blank","付与",2,0,0,1,"目的","付与"
649,"直感","直感-last_blank","last_blank",1,1,"旋律-last_blank","旋律",1,0,0,1,"直感","旋律"
765,"first_blank","first_blank-直接","直接",1,1,"first_blank-本級","本級",1,0,0,1,"直接","本級"
617,"first_blank","first_blank-相手","相手",1,1,"first_blank-顕著","顕著",1,0,0,1,"相手","顕著"
503,"first_blank","first_blank-省","省",1,1,"first_blank-姿三","姿三",1,0,1,1,"省","姿三"
668,"first_blank","first_blank-睡眠","睡眠",1,1,"first_blank-お伺","お伺",1,0,0,1,"睡眠","お伺"
486,"せる","せる-last_blank","last_blank",1,9,"アー-last_blank","アー",9,0,0,1,"知らせる","知らアー"
884,"first_blank","first_blank-知り","知り",1,12,"first_blank-ガン","ガン",12,0,0,1,"知り合わせる","ガン合わせる"
357,"知る","知る-last_blank","last_blank",1,1,"せふ-last_blank","せふ",1,0,0,1,"知る","せふ"
982,"知的","知的-last_blank","last_blank",1,1,"メリ-last_blank","メリ",1,0,0,1,"知的","メリ"
808,"first_blank","first_blank-知識","知識",1,2,"first_blank-すへ","すへ",2,0,0,1,"知識","すへ"
684,"砂","砂-last_blank","last_blank",1,2,"の男-last_blank","の男",2,0,1,1,"砂","の男"
991,"first_blank","first_blank-砲兵","砲兵",1,1,"first_blank-唇を","唇を",1,0,0,1,"砲兵","唇を"
422,"first_blank","first_blank-破壊","破壊",1,2,"first_blank-巻き","巻き",2,0,0,1,"破壊","巻き"
539,"確認","確認-last_blank","last_blank",1,7,"なよ-last_blank","なよ",7,0,0,1,"確認","なよ"
706,"first_blank","first_blank-示す","示す",1,1,"first_blank-ひむ","ひむ",1,0,0,1,"示す","ひむ"
50,"first_blank","first_blank-祖母","祖母",1,1,"first_blank-利三","利三",1,0,0,1,"祖母","利三"
779,"first_blank","first_blank-神","神",1,1,"first_blank-一寸","一寸",1,0,1,1,"神","一寸"
784,"神秘","神秘-last_blank","last_blank",1,1,"れえ-last_blank","れえ",1,0,0,1,"神秘","れえ"
63,"first_blank","first_blank-祭り","祭り",1,1,"first_blank-セネ","セネ",1,0,0,1,"祭り","セネ"
292,"first_blank","first_blank-祭司","祭司",1,1,"first_blank-해당","해당",1,0,0,1,"祭司","해당"
862,"視点","視点-last_blank","last_blank",1,1,"トd-last_blank","トd",1,0,0,1,"視点","トd"
782,"first_blank","first_blank-禁止","禁止",1,1,"first_blank-前奏","前奏",1,0,0,1,"禁止","前奏"
230,"first_blank","first_blank-秋","秋",1,1,"first_blank-云彩","云彩",1,0,1,1,"秋","云彩"
505,"first_blank","first_blank-科学","科学",1,5,"first_blank-架空","架空",5,0,0,1,"科学者","架空者"
428,"first_blank","first_blank-移行","移行",1,1,"first_blank-天武","天武",1,0,0,1,"移行","天武"
421,"穴","穴-last_blank","last_blank",1,1,"에게-last_blank","에게",1,0,1,1,"穴","에게"
409,"究極","究極-last_blank","last_blank",1,1,"うひ-last_blank","うひ",1,0,0,1,"究極","うひ"
788,"空気","空気-last_blank","last_blank",1,1,"ノハ-last_blank","ノハ",1,0,0,1,"空気","ノハ"
167,"first_blank","first_blank-空港","空港",1,4,"first_blank-気分","気分",4,0,0,1,"空港","気分"
934,"変異","変異-last_blank","last_blank",1,1,"義清-last_blank","義清",1,0,0,1,"突然変異","突然義清"
233,"first_blank","first_blank-竜巻","竜巻",1,1,"first_blank-دس","دس",1,0,0,1,"竜巻","دس"
794,"first_blank","first_blank-笑う","笑う",1,2,"first_blank-ごだ","ごだ",2,0,0,1,"笑う","ごだ"
330,"first_blank","first_blank-第4","第4",1,1,"first_blank-謝肉","謝肉",1,0,0,1,"第4","謝肉"
780,"first_blank","first_blank-筋","筋",1,1,"first_blank-宇佐","宇佐",1,0,1,1,"筋","宇佐"
796,"first_blank","first_blank-管理","管理",1,7,"first_blank-春日","春日",7,0,0,1,"管理者","春日者"
335,"簡単","簡単-last_blank","last_blank",1,1,"タメ-last_blank","タメ",1,0,0,1,"簡単","タメ"
651,"first_blank","first_blank-粒子","粒子",1,1,"first_blank-九頭","九頭",1,0,0,1,"粒子","九頭"
996,"first_blank","first_blank-精神","精神",1,5,"first_blank-サミ","サミ",5,0,0,1,"精神","サミ"
380,"first_blank","first_blank-約束","約束",1,20,"first_blank-映画","映画",20,0,0,1,"約束する","映画する"
535,"first_blank","first_blank-紛争","紛争",1,1,"first_blank-で完","で完",1,0,0,1,"紛争","で完"
804,"first_blank","first_blank-素晴","素晴",1,5,"first_blank-アヴ","アヴ",5,0,0,1,"素晴らしい","アヴらしい"
806,"first_blank","first_blank-終了","終了",1,17,"first_blank-しけ","しけ",17,0,0,1,"終了","しけ"
826,"組織","組織-last_blank","last_blank",1,2,"勝馬-last_blank","勝馬",2,0,0,1,"組織","勝馬"
727,"結婚","結婚-last_blank","last_blank",1,1,"融解-last_blank","融解",1,0,0,1,"結婚","融解"
515,"first_blank","first_blank-結婚","結婚",1,7,"first_blank-ちほ","ちほ",7,0,0,1,"結婚式","ちほ式"
809,"first_blank","first_blank-結果","結果",1,4,"first_blank-が重","が重",4,0,0,1,"結果","が重"
771,"結石","結石-last_blank","last_blank",1,1,"ガト-last_blank","ガト",1,0,0,1,"結石","ガト"
549,"給料","給料-last_blank","last_blank",1,1,"清張-last_blank","清張",1,0,0,1,"給料","清張"
947,"first_blank","first_blank-継承","継承",1,2,"first_blank-三千","三千",2,0,0,1,"継承する","三千する"
812,"first_blank","first_blank-継続","継続",1,1,"first_blank-茶臼","茶臼",1,0,0,1,"継続する","茶臼する"
378,"first_blank","first_blank-維持","維持",1,1,"first_blank-解り","解り",1,0,0,1,"維持","解り"
77,"first_blank","first_blank-綺麗","綺麗",1,2,"first_blank-難し","難し",2,0,0,1,"綺麗な","難しな"
562,"first_blank","first_blank-緊張","緊張",1,2,"first_blank-に加","に加",2,0,0,1,"緊張","に加"
575,"緊急","緊急-last_blank","last_blank",1,1,"s系-last_blank","s系",1,0,0,1,"緊急","s系"
931,"first_blank","first_blank-繋が","繋が",1,1,"first_blank-改善","改善",1,0,0,1,"繋がり","改善り"
394,"first_blank","first_blank-置く","置く",1,1,"first_blank-vă","vă",1,0,0,1,"置く","vă"
997,"first_blank","first_blank-美し","美し",1,4,"first_blank-ハミ","ハミ",4,0,0,1,"美しさ","ハミさ"
819,"first_blank","first_blank-美味","美味",1,1,"first_blank-は全","は全",1,0,0,1,"美味しい","は全しい"
476,"first_blank","first_blank-美術","美術",1,3,"first_blank-てし","てし",3,0,0,1,"美術館","てし館"
655,"first_blank","first_blank-考え","考え",1,27,"first_blank-ry","ry",27,0,0,1,"考える","ryる"
761,"耳","耳-last_blank","last_blank",1,1,"ムセ-last_blank","ムセ",1,0,1,1,"耳","ムセ"
764,"由な","由な-last_blank","last_blank",1,1,"講師-last_blank","講師",1,0,0,1,"耳の不自由な","耳の不自講師"
824,"first_blank","first_blank-聞く","聞く",1,2,"first_blank-に加","に加",2,0,0,1,"聞く","に加"
827,"first_blank","first_blank-肝臓","肝臓",1,1,"first_blank-愛好","愛好",1,0,0,1,"肝臓","愛好"
61,"first_blank","first_blank-胸","胸",1,1,"first_blank-ねが","ねが",1,0,1,1,"胸","ねが"
531,"first_blank","first_blank-能力","能力",1,1,"first_blank-王政","王政",1,0,0,1,"能力","王政"
830,"first_blank","first_blank-脳の","脳の",1,1,"first_blank-穴守","穴守",1,0,0,1,"脳の","穴守"
596,"first_blank","first_blank-腕","腕",1,1,"first_blank-イボ","イボ",1,0,1,1,"腕","イボ"
829,"腹部","腹部-last_blank","last_blank",1,1,"天丼-last_blank","天丼",1,0,0,1,"腹部","天丼"
141,"first_blank","first_blank-膝","膝",1,1,"first_blank-出現","出現",1,0,1,1,"膝","出現"
538,"first_blank","first_blank-自信","自信",1,1,"first_blank-當麻","當麻",1,0,0,1,"自信","當麻"
981,"first_blank","first_blank-自己","自己",1,10,"first_blank-聞き","聞き",10,0,0,1,"自己中","聞き中"
835,"自由","自由-last_blank","last_blank",1,1,"杯u-last_blank","杯u",1,0,0,1,"自由","杯u"
276,"first_blank","first_blank-自発","自発",1,1,"first_blank-共犯","共犯",1,0,0,1,"自発的に","共犯的に"
837,"first_blank","first_blank-致命","致命",1,1,"first_blank-隆二","隆二",1,0,0,1,"致命的","隆二的"
881,"first_blank","first_blank-興奮","興奮",1,1,"first_blank-優作","優作",1,0,0,1,"興奮した","優作した"
463,"first_blank","first_blank-舐め","舐め",1,1,"first_blank-玉城","玉城",1,0,0,1,"舐める","玉城る"
688,"first_blank","first_blank-船員","船員",1,1,"first_blank-東新","東新",1,0,0,1,"船員","東新"
545,"first_blank","first_blank-花","花",1,1,"first_blank-ウマ","ウマ",1,0,1,1,"花","ウマ"
624,"first_blank","first_blank-花嫁","花嫁",1,1,"first_blank-誤差","誤差",1,0,0,1,"花嫁","誤差"
548,"first_blank","first_blank-若い","若い",1,1,"first_blank-nス","nス",1,0,0,1,"若い","nス"
975,"first_blank","first_blank-落ち","落ち",1,17,"first_blank-ラテ","ラテ",17,0,0,1,"落ち着いて","ラテ着いて"
713,"葉巻","葉巻-last_blank","last_blank",1,1,"どき-last_blank","どき",1,0,0,1,"葉巻","どき"
653,"first_blank","first_blank-葬儀","葬儀",1,1,"first_blank-幻想","幻想",1,0,0,1,"葬儀","幻想"
25,"薬","薬-last_blank","last_blank",1,1,"ポジ-last_blank","ポジ",1,0,1,1,"薬","ポジ"
89,"first_blank","first_blank-虫","虫",1,1,"first_blank-各候","各候",1,0,1,1,"虫","各候"
850,"first_blank","first_blank-蟻","蟻",1,1,"first_blank-ひて","ひて",1,0,1,1,"蟻","ひて"
396,"行く","行く-last_blank","last_blank",1,11,"うよ-last_blank","うよ",11,0,0,1,"行く","うよ"
21,"first_blank","first_blank-街","街",1,1,"first_blank-ハサ","ハサ",1,0,1,1,"街","ハサ"
309,"first_blank","first_blank-衛生","衛生",1,1,"first_blank-頭字","頭字",1,0,0,1,"衛生","頭字"
856,"first_blank","first_blank-装備","装備",1,1,"first_blank-今が","今が",1,0,0,1,"装備","今が"
153,"first_blank","first_blank-裏切","裏切",1,4,"first_blank-拡大","拡大",4,0,0,1,"裏切者","拡大者"
216,"first_blank","first_blank-裸","裸",1,1,"first_blank-ヘコ","ヘコ",1,0,1,1,"裸","ヘコ"
254,"製品","製品-last_blank","last_blank",1,3,"たす-last_blank","たす",3,0,0,1,"製品","たす"
544,"製造","製造-last_blank","last_blank",1,1,"撲の-last_blank","撲の",1,0,0,1,"製造","撲の"
267,"first_blank","first_blank-褒美","褒美",1,1,"first_blank-異邦","異邦",1,0,0,1,"褒美","異邦"
441,"first_blank","first_blank-西部","西部",1,4,"first_blank-和田","和田",4,0,0,1,"西部の","和田の"
863,"見る","見る-last_blank","last_blank",1,1,"トa-last_blank","トa",1,0,0,1,"見る","トa"
567,"first_blank","first_blank-覚え","覚え",1,21,"first_blank-国際","国際",21,0,0,1,"覚えて","国際て"
501,"親","親-last_blank","last_blank",1,1,"四迷-last_blank","四迷",1,0,1,1,"親","四迷"
383,"first_blank","first_blank-親密","親密",1,1,"first_blank-池内","池内",1,0,0,1,"親密な","池内な"
603,"親指","親指-last_blank","last_blank",1,1,"令だ-last_blank","令だ",1,0,0,1,"親指","令だ"
821,"first_blank","first_blank-観客","観客",1,1,"first_blank-の置","の置",1,0,0,1,"観客","の置"
923,"first_blank","first_blank-解任","解任",1,1,"first_blank-の儀","の儀",1,0,0,1,"解任","の儀"
874,"first_blank","first_blank-言い","言い",1,9,"first_blank-かけ","かけ",9,0,0,1,"言い訳","かけ訳"
64,"first_blank","first_blank-計算","計算",1,3,"first_blank-を舞","を舞",3,0,0,1,"計算する","を舞する"
362,"討論","討論-last_blank","last_blank",1,1,"輸送-last_blank","輸送",1,0,0,1,"討論","輸送"
754,"first_blank","first_blank-診療","診療",1,2,"first_blank-数式","数式",2,0,0,1,"診療所","数式所"
878,"first_blank","first_blank-証拠","証拠",1,3,"first_blank-初心","初心",3,0,0,1,"証拠","初心"
762,"first_blank","first_blank-証言","証言",1,1,"first_blank-材木","材木",1,0,0,1,"証言","材木"
964,"詐欺","詐欺-last_blank","last_blank",1,2,"ノル-last_blank","ノル",2,0,0,1,"詐欺","ノル"
865,"first_blank","first_blank-評価","評価",1,1,"first_blank-遼寧","遼寧",1,0,0,1,"評価","遼寧"
81,"評判","評判-last_blank","last_blank",1,1,"けえ-last_blank","けえ",1,0,0,1,"評判","けえ"
879,"first_blank","first_blank-試み","試み",1,1,"first_blank-酔っ","酔っ",1,0,0,1,"試み","酔っ"
620,"first_blank","first_blank-詩","詩",1,1,"first_blank-天祖","天祖",1,0,1,1,"詩","天祖"
198,"first_blank","first_blank-話す","話す",1,3,"first_blank-구비","구비",3,0,0,1,"話す","구비"
940,"first_blank","first_blank-誇張","誇張",1,1,"first_blank-ün","ün",1,0,0,1,"誇張して","ünして"
885,"誓い","誓い-last_blank","last_blank",1,1,"에는-last_blank","에는",1,0,0,1,"誓い","에는"
870,"first_blank","first_blank-誕生","誕生",1,4,"first_blank-sj","sj",4,0,0,1,"誕生日","sj日"
698,"説教","説教-last_blank","last_blank",1,1,"家康-last_blank","家康",1,0,0,1,"説教","家康"
258,"説明","説明-last_blank","last_blank",1,4,"イナ-last_blank","イナ",4,0,0,1,"説明","イナ"
670,"first_blank","first_blank-調和","調和",1,1,"first_blank-遠い","遠い",1,0,0,1,"調和","遠い"
72,"調査","調査-last_blank","last_blank",1,2,"人よ-last_blank","人よ",2,0,0,1,"調査","人よ"
159,"first_blank","first_blank-講義","講義",1,1,"first_blank-喜連","喜連",1,0,0,1,"講義","喜連"
896,"first_blank","first_blank-警報","警報",1,1,"first_blank-宝林","宝林",1,0,0,1,"警報","宝林"
195,"first_blank","first_blank-谷","谷",1,1,"first_blank-年で","年で",1,0,1,1,"谷","年で"
718,"first_blank","first_blank-豚","豚",1,1,"first_blank-に値","に値",1,0,1,1,"豚","に値"
270,"first_blank","first_blank-財布","財布",1,1,"first_blank-床に","床に",1,0,0,1,"財布","床に"
313,"first_blank","first_blank-貨物","貨物",1,1,"first_blank-表中","表中",1,0,0,1,"貨物","表中"
491,"first_blank","first_blank-買い","買い",1,1,"first_blank-勝野","勝野",1,0,0,1,"買い手","勝野手"
246,"first_blank","first_blank-資料","資料",1,1,"first_blank-一羽","一羽",1,0,0,1,"資料","一羽"
18,"first_blank","first_blank-資本","資本",1,1,"first_blank-же","же",1,0,0,1,"資本主義","же主義"
225,"first_blank","first_blank-資金","資金",1,1,"first_blank-諸葛","諸葛",1,0,0,1,"資金調達","諸葛調達"
220,"first_blank","first_blank-賞","賞",1,1,"first_blank-春恋","春恋",1,0,1,1,"賞","春恋"
857,"first_blank","first_blank-贈り","贈り",1,3,"first_blank-茨城","茨城",3,0,0,1,"贈り物","茨城物"
756,"first_blank","first_blank-起こ","起こ",1,2,"first_blank-浪人","浪人",2,0,0,1,"起こる","浪人る"
533,"first_blank","first_blank-起業","起業",1,1,"first_blank-八田","八田",1,0,0,1,"起業家","八田家"
102,"first_blank","first_blank-路地","路地",1,1,"first_blank-常光","常光",1,0,0,1,"路地","常光"
888,"first_blank","first_blank-身代","身代",1,1,"first_blank-ケレ","ケレ",1,0,0,1,"身代金","ケレ金"
919,"first_blank","first_blank-車","車",1,1,"first_blank-騒ぐ","騒ぐ",1,0,1,1,"車","騒ぐ"
632,"first_blank","first_blank-軌道","軌道",1,1,"first_blank-旧校","旧校",1,0,0,1,"軌道","旧校"
920,"first_blank","first_blank-軍","軍",1,1,"first_blank-きけ","きけ",1,0,1,1,"軍","きけ"
676,"first_blank","first_blank-軍隊","軍隊",1,2,"first_blank-八王","八王",2,0,0,1,"軍隊","八王"
96,"first_blank","first_blank-輸送","輸送",1,1,"first_blank-リロ","リロ",1,0,0,1,"輸送する","リロする"
62,"first_blank","first_blank-巡回","巡回",1,1,"first_blank-сс","сс",1,0,0,1,"巡回する","ссする"
171,"近々","近々-last_blank","last_blank",1,1,"ヤヤ-last_blank","ヤヤ",1,0,0,1,"近々","ヤヤ"
795,"返事","返事-last_blank","last_blank",1,1,"ー卿-last_blank","ー卿",1,0,0,1,"返事","ー卿"
927,"first_blank","first_blank-追加","追加",1,12,"first_blank-は小","は小",12,0,0,1,"追加","は小"
560,"追跡","追跡-last_blank","last_blank",1,1,"の雪-last_blank","の雪",1,0,0,1,"追跡","の雪"
602,"first_blank","first_blank-送信","送信",1,3,"first_blank-のペ","のペ",3,0,0,1,"送信","のペ"
161,"first_blank","first_blank-送信","送信",1,3,"first_blank-加古","加古",3,0,0,1,"送信機","加古機"
928,"first_blank","first_blank-逃れ","逃れ",1,1,"first_blank-久光","久光",1,0,0,1,"逃れる","久光る"
970,"first_blank","first_blank-逃亡","逃亡",1,1,"first_blank-孟春","孟春",1,0,0,1,"逃亡者","孟春者"
448,"逆に","逆に-last_blank","last_blank",1,1,"白書-last_blank","白書",1,0,0,1,"逆に","白書"
157,"first_blank","first_blank-速い","速い",1,1,"first_blank-工芸","工芸",1,0,0,1,"速い","工芸"
917,"first_blank","first_blank-速度","速度",1,1,"first_blank-未蘭","未蘭",1,0,0,1,"速度","未蘭"
588,"first_blank","first_blank-逮捕","逮捕",1,5,"first_blank-みそ","みそ",5,0,0,1,"逮捕","みそ"
641,"週","週-last_blank","last_blank",1,1,"スロ-last_blank","スロ",1,0,1,1,"週","スロ"
939,"first_blank","first_blank-運命","運命",1,2,"first_blank-ゴジ","ゴジ",2,0,0,1,"運命","ゴジ"
344,"first_blank","first_blank-運転","運転",1,6,"first_blank-大谷","大谷",6,0,0,1,"運転者","大谷者"
406,"過去","過去-last_blank","last_blank",1,1,"ガs-last_blank","ガs",1,0,0,1,"過去","ガs"
307,"first_blank","first_blank-道","道",1,1,"first_blank-ビフ","ビフ",1,0,1,1,"道","ビフ"
364,"first_blank","first_blank-違う","違う",1,21,"first_blank-覚え","覚え",21,0,0,1,"違う","覚え"
926,"遠い","遠い-last_blank","last_blank",1,1,"比較-last_blank","比較",1,0,0,1,"遠い","比較"
399,"適正","適正-last_blank","last_blank",1,1,"né-last_blank","né",1,0,0,1,"適正","né"
961,"first_blank","first_blank-選ぶ","選ぶ",1,1,"first_blank-ラチ","ラチ",1,0,0,1,"選ぶ","ラチ"
945,"first_blank","first_blank-選択","選択",1,4,"first_blank-fy","fy",4,0,0,1,"選択する","fyする"
938,"選挙","選挙-last_blank","last_blank",1,1,"話森-last_blank","話森",1,0,0,1,"選挙","話森"
482,"払い","払い-last_blank","last_blank",1,1,"真紀-last_blank","真紀",1,0,0,1,"酔っ払い","酔っ真紀"
689,"醜い","醜い-last_blank","last_blank",1,1,"旧字-last_blank","旧字",1,0,0,1,"醜い","旧字"
905,"重要","重要-last_blank","last_blank",1,1,"曼蛇-last_blank","曼蛇",1,0,0,1,"重要","曼蛇"
583,"first_blank","first_blank-重要","重要",1,8,"first_blank-以前","以前",8,0,0,1,"重要性","以前性"
149,"first_blank","first_blank-野球","野球",1,7,"first_blank-の名","の名",7,0,0,1,"野球","の名"
956,"first_blank","first_blank-金属","金属",1,2,"first_blank-下ろ","下ろ",2,0,0,1,"金属","下ろ"
702,"金星","金星-last_blank","last_blank",1,1,"ام-last_blank","ام",1,0,0,1,"金星","ام"
957,"金融","金融-last_blank","last_blank",1,1,"s系-last_blank","s系",1,0,0,1,"金融","s系"
726,"first_blank","first_blank-釣り","釣り",1,1,"first_blank-道後","道後",1,0,0,1,"釣り","道後"
103,"銀","銀-last_blank","last_blank",1,1,"談を-last_blank","談を",1,0,1,1,"銀","談を"
522,"first_blank","first_blank-銀河","銀河",1,3,"first_blank-思え","思え",3,0,0,1,"銀河","思え"
297,"first_blank","first_blank-銃","銃",1,1,"first_blank-湯谷","湯谷",1,0,1,1,"銃","湯谷"
453,"銃弾","銃弾-last_blank","last_blank",1,1,"夢を-last_blank","夢を",1,0,0,1,"銃弾","夢を"
871,"first_blank","first_blank-銅像","銅像",1,1,"first_blank-湯谷","湯谷",1,0,0,1,"銅像","湯谷"
112,"first_blank","first_blank-鋼","鋼",1,1,"first_blank- 日"," 日",1,0,1,1,"鋼"," 日"
691,"first_blank","first_blank-錯乱","錯乱",1,1,"first_blank-居酒","居酒",1,0,0,1,"錯乱","居酒"
872,"録音","録音-last_blank","last_blank",1,1,"官殿-last_blank","官殿",1,0,0,1,"録音","官殿"
124,"first_blank","first_blank-鎧","鎧",1,1,"first_blank-は受","は受",1,0,1,1,"鎧","は受"
449,"first_blank","first_blank-鏡","鏡",1,1,"first_blank-るき","るき",1,0,1,1,"鏡","るき"
117,"長さ","長さ-last_blank","last_blank",1,1,"ルを-last_blank","ルを",1,0,0,1,"長さ","ルを"
317,"first_blank","first_blank-閉ま","閉ま",1,1,"first_blank-修学","修学",1,0,0,1,"閉まっている","修学っている"
622,"閉鎖","閉鎖-last_blank","last_blank",1,1,"写例-last_blank","写例",1,0,0,1,"閉鎖","写例"
45,"間違","間違-い","い",1,3,"ばい-い","ばい",3,0,0,1,"間違い","ばいい"
904,"関税","関税-last_blank","last_blank",1,1,"葱葱-last_blank","葱葱",1,0,0,1,"関税","葱葱"
671,"first_blank","first_blank-限目","限目",1,1,"first_blank-ばる","ばる",1,0,0,1,"限目","ばる"
832,"陰茎","陰茎-last_blank","last_blank",1,1,"心奈-last_blank","心奈",1,0,0,1,"陰茎","心奈"
71,"first_blank","first_blank-隠れ","隠れ",1,3,"first_blank-今か","今か",3,0,0,1,"隠れる","今かる"
450,"first_blank","first_blank-集め","集め",1,1,"first_blank-يع","يع",1,0,0,1,"集める","يعる"
966,"first_blank","first_blank-集中","集中",1,3,"first_blank-ご機","ご機",3,0,0,1,"集中","ご機"
256,"first_blank","first_blank-雑誌","雑誌",1,4,"first_blank-英日","英日",4,0,0,1,"雑誌","英日"
173,"first_blank","first_blank-難し","難し",1,2,"first_blank-vk","vk",2,0,0,1,"難しい","vkい"
971,"first_blank","first_blank-雪","雪",1,1,"first_blank-るね","るね",1,0,1,1,"雪","るね"
740,"first_blank","first_blank-雰囲","雰囲",1,1,"first_blank-アァ","アァ",1,0,0,1,"雰囲気","アァ気"
734,"電気","電気-last_blank","last_blank",1,1,"ご用-last_blank","ご用",1,0,0,1,"電気","ご用"
774,"電気","電気-の","の",1,1,"リア-の","リア",1,0,0,1,"電気の","リアの"
974,"電話","電話-last_blank","last_blank",1,2,"らば-last_blank","らば",2,0,0,1,"電話","らば"
90,"first_blank","first_blank-霧","霧",1,1,"first_blank-単射","単射",1,0,1,1,"霧","単射"
846,"青い","青い-last_blank","last_blank",1,1,"話東-last_blank","話東",1,0,0,1,"青い","話東"
43,"first_blank","first_blank-面白","面白",1,8,"first_blank-ws","ws",8,0,0,1,"面白い","wsい"
244,"first_blank","first_blank-靴","靴",1,1,"first_blank-が貼","が貼",1,0,1,1,"靴","が貼"
221,"first_blank","first_blank-音","音",1,1,"first_blank-青熊","青熊",1,0,1,1,"音","青熊"
135,"音楽","音楽-last_blank","last_blank",1,2,"コ語-last_blank","コ語",2,0,0,1,"音楽","コ語"
663,"first_blank","first_blank-音楽","音楽",1,11,"first_blank-クー","クー",11,0,0,1,"音楽家","クー家"
305,"first_blank","first_blank-頬","頬",1,1,"first_blank-読ん","読ん",1,0,1,1,"頬","読ん"
993,"first_blank","first_blank-頭蓋","頭蓋",1,2,"first_blank-ハド","ハド",2,0,0,1,"頭蓋骨","ハド骨"
634,"first_blank","first_blank-頻繁","頻繁",1,1,"first_blank-新東","新東",1,0,0,1,"頻繁","新東"
467,"first_blank","first_blank-額","額",1,1,"first_blank-るろ","るろ",1,0,1,1,"額","るろ"
647,"first_blank","first_blank-顕微","顕微",1,1,"first_blank-ひば","ひば",1,0,0,1,"顕微鏡","ひば鏡"
374,"顕著","顕著-last_blank","last_blank",1,1,"写例-last_blank","写例",1,0,0,1,"顕著","写例"
662,"first_blank","first_blank-願い","願い",1,1,"first_blank-を獲","を獲",1,0,0,1,"願い","を獲"
480,"first_blank","first_blank-飛ぶ","飛ぶ",1,1,"first_blank-忠左","忠左",1,0,0,1,"飛ぶ","忠左"
989,"first_blank","first_blank-食べ","食べ",1,10,"first_blank-宇宙","宇宙",10,0,0,1,"食べる","宇宙る"
205,"餌","餌-last_blank","last_blank",1,1,"産駒-last_blank","産駒",1,0,1,1,"餌","産駒"
473,"first_blank","first_blank-首","首",1,1,"first_blank-樺島","樺島",1,0,1,1,"首","樺島"
454,"first_blank","first_blank-香水","香水",1,1,"first_blank-をよ","をよ",1,0,0,1,"香水","をよ"
251,"first_blank","first_blank-駅","駅",1,1,"first_blank-aḥ","aḥ",1,0,1,1,"駅","aḥ"
366,"first_blank","first_blank-高い","高い",1,1,"first_blank-序ノ","序ノ",1,0,0,1,"高い","序ノ"
513,"first_blank","first_blank-高さ","高さ",1,1,"first_blank-慎う","慎う",1,0,0,1,"高さ","慎う"
941,"first_blank","first_blank-高速","高速",1,6,"first_blank-プー","プー",6,0,0,1,"高速道路","プー道路"
998,"first_blank","first_blank-魅力","魅力",1,1,"first_blank-望遠","望遠",1,0,0,1,"魅力的な","望遠的な"
465,"first_blank","first_blank-魔女","魔女",1,2,"first_blank-ミハ","ミハ",2,0,0,1,"魔女","ミハ"
999,"使い","使い-last_blank","last_blank",1,1,"測定-last_blank","測定",1,0,0,1,"魔法使い","魔法測定"
1000,"first_blank","first_blank-魚","魚",1,1,"first_blank-ナグ","ナグ",1,0,1,1,"魚","ナグ"
852,"first_blank","first_blank-鳥","鳥",1,1,"first_blank-の小","の小",1,0,1,1,"鳥","の小"
910,"first_blank","first_blank-黄","黄",1,1,"first_blank-ダデ","ダデ",1,0,1,1,"黄","ダデ"
452,"鼻","鼻-last_blank","last_blank",1,1,"スマ-last_blank","スマ",1,0,1,1,"鼻","スマ"
