"word_id","first","original_pair","second","syll","original_freq","replacement_pair","replacement_syll","replacement_freq","freq_diff","char_diff","letter_diff","original_word","replacement_word"
173,"0万","0万-last_blank","last_blank",1,1,"彩夏-last_blank","彩夏",1,0,0,1,"100万","10彩夏"
189,"first_blank","first_blank-11","11",1,1,"first_blank-北中","北中",1,0,0,1,"11月","北中月"
263,"first_blank","first_blank-2番","2番",1,1,"first_blank-やぐ","やぐ",1,0,0,1,"2番目","やぐ目"
388,"first_blank","first_blank-9月","9月",1,1,"first_blank-宝積","宝積",1,0,0,1,"9月","宝積"
962,"first_blank","first_blank-dn","dn",1,10,"first_blank-スケ","スケ",10,0,0,1,"dna","スケa"
726,"first_blank","first_blank-dv","dv",1,15,"first_blank-ベイ","ベイ",15,0,0,1,"dvd","ベイd"
177,"first_blank","first_blank-ïう","ïう",1,1,"first_blank-ヴラ","ヴラ",1,0,0,1,"ïう","ヴラ"
174,"mi","mi-ng","ng",1,2,"ka-ng","ka",2,0,0,1,"ming","kang"
894,"pi","pi-ng","ng",1,2,"ku-ng","ku",2,0,0,1,"ping","kung"
302,"tr","tr-ue","ue",1,4,"tr-oo","oo",4,0,0,1,"true","troo"
307,"first_blank","first_blank-uf","uf",1,6,"first_blank-あわ","あわ",6,0,0,1,"ufo","あわo"
425,"first_blank","first_blank-アー","アー",1,64,"first_blank-言っ","言っ",64,0,0,1,"アーティスト","言っティスト"
18,"ファ","ファ-クト","クト",1,1,"ファ-ーム","ーム",1,0,0,1,"アーティファクト","アーティファーム"
672,"ロニ","ロニ-ー","ー",1,1,"イェ-ー","イェ",1,0,0,1,"アイロニー","アイイェー"
204,"first_blank","first_blank-アウ","アウ",1,18,"first_blank-hs","hs",18,0,0,1,"アウト","hsト"
430,"first_blank","first_blank-アク","アク",1,19,"first_blank-レッ","レッ",19,0,0,1,"アクティブ","レッティブ"
725,"ピリ","ピリ-ン","ン",1,1,"ニア-ン","ニア",1,0,0,1,"アスピリン","アスニアン"
992,"first_blank","first_blank-アナ","アナ",1,19,"first_blank-kh","kh",19,0,0,1,"アナーキー","khーキー"
951,"first_blank","first_blank-アナ","アナ",1,19,"first_blank-何と","何と",19,0,0,1,"アナリスト","何とリスト"
405,"first_blank","first_blank-アフ","アフ",1,8,"first_blank-サク","サク",8,0,0,1,"アフリカ","サクリカ"
502,"first_blank","first_blank-アベ","アベ",1,2,"first_blank-ká","ká",2,0,0,1,"アベニュー","káニュー"
387,"first_blank","first_blank-アマ","アマ",1,9,"first_blank-静岡","静岡",9,0,0,1,"アマチュア","静岡チュア"
975,"first_blank","first_blank-アリ","アリ",1,23,"first_blank-手を","手を",23,0,0,1,"アリーナ","手をーナ"
124,"がた","がた-い","い",1,1,"おく-い","おく",1,0,0,1,"ありがたい","ありおくい"
6,"first_blank","first_blank-アル","アル",1,71,"first_blank-記事","記事",71,0,0,1,"アルコール","記事コール"
660,"バム","バム-last_blank","last_blank",1,11,"az-last_blank","az",11,0,0,1,"アルバム","アルaz"
889,"first_blank","first_blank-アン","アン",1,88,"first_blank-qu","qu",88,0,0,1,"アンカー","quカー"
260,"first_blank","first_blank-いう","いう",1,1,"first_blank-チケ","チケ",1,0,0,1,"いう","チケ"
10,"いつ","いつ-も","も",1,2,"だと-も","だと",2,0,0,1,"いつも","だとも"
939,"first_blank","first_blank-いも","いも",1,2,"first_blank-日テ","日テ",2,0,0,1,"いも虫","日テ虫"
519,"イン","イン-シデ","シデ",1,1,"ディ-シデ","ディ",1,0,0,1,"インシデント","ディシデント"
719,"イヤ","イヤ-last_blank","last_blank",1,1,"曲率-last_blank","曲率",1,0,0,1,"インスパイヤ","インスパ曲率"
617,"クタ","クタ-last_blank","last_blank",1,1,"裕大-last_blank","裕大",1,0,0,1,"インスペクタ","インスペ裕大"
146,"ョナ","ョナ-ル","ル",1,4,"ング-ル","ング",4,0,0,1,"インターナショナル","インターナシングル"
741,"first_blank","first_blank-イン","イン",1,73,"first_blank-pu","pu",73,0,0,1,"インターネット","puターネット"
112,"エン","エン-ザ","ザ",1,1,"ユー-ザ","ユー",1,0,0,1,"インフルエンザ","インフルユーザ"
759,"アル","アル-last_blank","last_blank",1,8,"とん-last_blank","とん",8,0,0,1,"インペリアル","インペリとん"
316,"スキ","スキ-ー","ー",1,3,"テリ-ー","テリ",3,0,0,1,"ウィスキー","ウィテリー"
450,"ウイ","ウイ-ルス","ルス",1,1,"ョナ-ルス","ョナ",1,0,0,1,"ウイルス","ョナルス"
708,"first_blank","first_blank-ウェ","ウェ",1,34,"first_blank-tm","tm",34,0,0,1,"ウェイター","tmイター"
3,"first_blank","first_blank-エー","エー",1,18,"first_blank-さく","さく",18,0,0,1,"エージェント","さくジェント"
4,"first_blank","first_blank-エイ","エイ",1,17,"first_blank-はま","はま",17,0,0,1,"エイズ","はまズ"
520,"first_blank","first_blank-エキ","エキ",1,4,"first_blank-違い","違い",4,0,0,1,"エキサイティング","違いサイティング"
492,"first_blank","first_blank-エキ","エキ",1,4,"first_blank-リベ","リベ",4,0,0,1,"エキスパート","リベスパート"
782,"エラ","エラ-ー","ー",1,3,"ンリ-ー","ンリ",3,0,0,1,"エラー","ンリー"
495,"ジニ","ジニ-ア","ア",1,3,"エリ-ア","エリ",3,0,0,1,"エンジニア","エンエリア"
852,"ガズ","ガズ-ム","ム",1,1,"ブー-ム","ブー",1,0,0,1,"オーガズム","オーブーム"
201,"トラ","トラ-last_blank","last_blank",1,7,"ju-last_blank","ju",7,0,0,1,"オーケストラ","オーケスju"
877,"ブン","ブン-last_blank","last_blank",1,7,"ラマ-last_blank","ラマ",7,0,0,1,"オーブン","オーラマ"
423,"first_blank","first_blank-おじ","おじ",1,5,"first_blank-信用","信用",5,0,0,1,"おじいさん","信用いさん"
308,"first_blank","first_blank-おじ","おじ",1,5,"first_blank-君だ","君だ",5,0,0,1,"おじさん","君ださん"
192,"first_blank","first_blank-オフ","オフ",1,8,"first_blank-つい","つい",8,0,0,1,"オファー","ついァー"
749,"first_blank","first_blank-おも","おも",1,4,"first_blank-ピク","ピク",4,0,0,1,"おもてなし","ピクてなし"
203,"first_blank","first_blank-オリ","オリ",1,34,"first_blank-ji","ji",34,0,0,1,"オリジナル","jiジナル"
893,"first_blank","first_blank-お世","お世",1,4,"first_blank-順調","順調",4,0,0,1,"お世辞","順調辞"
899,"お前","お前-last_blank","last_blank",1,1,"はf-last_blank","はf",1,0,0,1,"お前","はf"
326,"first_blank","first_blank-お姫","お姫",1,1,"first_blank-目白","目白",1,0,0,1,"お姫様","目白様"
318,"first_blank","first_blank-お守","お守",1,1,"first_blank-本規","本規",1,0,0,1,"お守り","本規り"
859,"first_blank","first_blank-お尻","お尻",1,1,"first_blank-横東","横東",1,0,0,1,"お尻","横東"
77,"first_blank","first_blank-お父","お父",1,5,"first_blank-アキ","アキ",5,0,0,1,"お父ちゃん","アキちゃん"
685,"first_blank","first_blank-お腹","お腹",1,2,"first_blank-に記","に記",2,0,0,1,"お腹","に記"
901,"first_blank","first_blank-ガー","ガー",1,19,"first_blank-セン","セン",19,0,0,1,"ガード","センド"
37,"first_blank","first_blank-カー","カー",1,40,"first_blank-によ","によ",40,0,0,1,"カーニバル","によニバル"
68,"first_blank","first_blank-カウ","カウ",1,6,"first_blank-mh","mh",6,0,0,1,"カウント","mhント"
833,"first_blank","first_blank-カエ","カエ",1,3,"first_blank-鳥取","鳥取",3,0,0,1,"カエル","鳥取ル"
600,"first_blank","first_blank-ガス","ガス",1,3,"first_blank-vg","vg",3,0,0,1,"ガス","vg"
991,"first_blank","first_blank-カタ","カタ",1,8,"first_blank-愛の","愛の",8,0,0,1,"カタツムリ","愛のツムリ"
890,"first_blank","first_blank-ガチ","ガチ",1,1,"first_blank-額田","額田",1,0,0,1,"ガチョウ","額田ョウ"
476,"first_blank","first_blank-カッ","カッ",1,15,"first_blank-dv","dv",15,0,0,1,"カップ","dvプ"
38,"first_blank","first_blank-カト","カト",1,5,"first_blank-広瀬","広瀬",5,0,0,1,"カトリック","広瀬リック"
69,"first_blank","first_blank-カバ","カバ",1,2,"first_blank-矢島","矢島",2,0,0,1,"カバー","矢島ー"
847,"first_blank","first_blank-カプ","カプ",1,3,"first_blank-せり","せり",3,0,0,1,"カプセル","せりセル"
595,"first_blank","first_blank-カメ","カメ",1,8,"first_blank-ポル","ポル",8,0,0,1,"カメラ","ポルラ"
444,"first_blank","first_blank-ガラ","ガラ",1,9,"first_blank-彼を","彼を",9,0,0,1,"ガラス","彼をス"
356,"ッジ","ッジ-last_blank","last_blank",1,6,"けば-last_blank","けば",6,0,0,1,"カレッジ","カレけば"
713,"first_blank","first_blank-カレ","カレ",1,11,"first_blank-バト","バト",11,0,0,1,"カレンダー","バトンダー"
227,"いい","いい-last_blank","last_blank",1,30,"ージ-last_blank","ージ",30,0,0,1,"かわいい","かわージ"
34,"ビン","ビン-last_blank","last_blank",1,7,"hm-last_blank","hm",7,0,0,1,"キャビン","キャhm"
418,"first_blank","first_blank-キャ","キャ",1,77,"first_blank-どこ","どこ",77,0,0,1,"キャラクター","どこラクター"
496,"first_blank","first_blank-ギャ","ギャ",1,14,"first_blank-理由","理由",14,0,0,1,"ギャラリー","理由ラリー"
475,"first_blank","first_blank-キャ","キャ",1,77,"first_blank-どこ","どこ",77,0,0,1,"キャリア","どこリア"
601,"first_blank","first_blank-ギャ","ギャ",1,14,"first_blank-最終","最終",14,0,0,1,"ギャング","最終ング"
769,"ンプ","ンプ-last_blank","last_blank",1,11,"oa-last_blank","oa",11,0,0,1,"キャンプ","キャoa"
873,"first_blank","first_blank-ギャ","ギャ",1,14,"first_blank-二重","二重",14,0,0,1,"ギャンブル","二重ンブル"
730,"first_blank","first_blank-キラ","キラ",1,5,"first_blank-うき","うき",5,0,0,1,"キラー","うきー"
757,"キロ","キロ-last_blank","last_blank",1,1,"毛豆-last_blank","毛豆",1,0,0,1,"キロ","毛豆"
406,"first_blank","first_blank-キロ","キロ",1,4,"first_blank-gk","gk",4,0,0,1,"キロメートル","gkメートル"
372,"くま","くま-last_blank","last_blank",1,5,"スケ-last_blank","スケ",5,0,0,1,"くま","スケ"
710,"クモ","クモ-last_blank","last_blank",1,1,"はむ-last_blank","はむ",1,0,0,1,"クモ","はむ"
50,"ウド","ウド-last_blank","last_blank",1,2,"オラ-last_blank","オラ",2,0,0,1,"クラウド","クラオラ"
75,"ウン","ウン-last_blank","last_blank",1,11,"nh-last_blank","nh",11,0,0,1,"クラウン","クラnh"
439,"クラ","クラ-ス","ス",1,1,"リア-ス","リア",1,0,0,1,"クラス","リアス"
511,"first_blank","first_blank-クラ","クラ",1,48,"first_blank-聞い","聞い",48,0,0,1,"クラブ","聞いブ"
71,"ーム","ーム-last_blank","last_blank",1,38,"ため-last_blank","ため",38,0,0,1,"クリーム","クリため"
46,"first_blank","first_blank-クリ","クリ",1,44,"first_blank-スー","スー",44,0,0,1,"クリスマス","スースマス"
419,"first_blank","first_blank-クル","クル",1,6,"first_blank-れい","れい",6,0,0,1,"クルー","れいー"
736,"first_blank","first_blank-クレ","クレ",1,18,"first_blank-とよ","とよ",18,0,0,1,"クレジット","とよジット"
531,"first_blank","first_blank-ケー","ケー",1,22,"first_blank-ちよ","ちよ",22,0,0,1,"ケーブル","ちよブル"
943,"first_blank","first_blank-ケチ","ケチ",1,2,"first_blank-閃光","閃光",2,0,0,1,"ケチャップ","閃光ャップ"
51,"first_blank","first_blank-コー","コー",1,39,"first_blank-より","より",39,0,0,1,"コーチ","よりチ"
515,"コー","コー-ド","ド",1,15,"ール-ド","ール",15,0,0,1,"コード","ールド"
67,"ナー","ナー-last_blank","last_blank",1,18,"ィア-last_blank","ィア",18,0,0,1,"コーナー","コーィア"
776,"first_blank","first_blank-ゴー","ゴー",1,32,"first_blank-みん","みん",32,0,0,1,"ゴールデン","みんルデン"
351,"first_blank","first_blank-コカ","コカ",1,2,"first_blank-貴様","貴様",2,0,0,1,"コカイン","貴様イン"
133,"ここ","ここ-last_blank","last_blank",1,1,"うで-last_blank","うで",1,0,0,1,"ここ","うで"
704,"first_blank","first_blank-ゴシ","ゴシ",1,2,"first_blank-で行","で行",2,0,0,1,"ゴシップ","で行ップ"
686,"first_blank","first_blank-ごみ","ごみ",1,1,"first_blank-ヨコ","ヨコ",1,0,0,1,"ごみ","ヨコ"
822,"first_blank","first_blank-コメ","コメ",1,22,"first_blank-fm","fm",22,0,0,1,"コメント","fmント"
404,"first_blank","first_blank-ゴル","ゴル",1,1,"first_blank-ｖ８","ｖ８",1,0,0,1,"ゴルフ","ｖ８フ"
624,"first_blank","first_blank-コロ","コロ",1,18,"first_blank-iv","iv",18,0,0,1,"コロニー","ivニー"
575,"クリ","クリ-ート","ート",1,1,"ルア-ート","ルア",1,0,0,1,"コンクリート","コンルアート"
66,"first_blank","first_blank-コン","コン",1,63,"first_blank-ライ","ライ",63,0,0,1,"コントロール","ライトロール"
131,"にち","にち-は","は",1,6,"いて-は","いて",6,0,0,1,"こんにちは","こんいては"
653,"クル","クル-last_blank","last_blank",1,8,"るさ-last_blank","るさ",8,0,0,1,"サークル","サーるさ"
947,"ビス","ビス-last_blank","last_blank",1,5,"でる-last_blank","でる",5,0,0,1,"サービス","サーでる"
272,"first_blank","first_blank-サイ","サイ",1,35,"first_blank-ye","ye",35,0,0,1,"サイズ","yeズ"
21,"サイ","サイ-ン","ン",1,1,"リテ-ン","リテ",1,0,0,1,"サイン","リテン"
791,"first_blank","first_blank-さび","さび",1,1,"first_blank-台東","台東",1,0,0,1,"さびた","台東た"
596,"first_blank","first_blank-サプ","サプ",1,2,"first_blank-ほけ","ほけ",2,0,0,1,"サプライズ","ほけライズ"
681,"first_blank","first_blank-サポ","サポ",1,2,"first_blank-深海","深海",2,0,0,1,"サポート","深海ート"
614,"ッチ","ッチ-last_blank","last_blank",1,18,"ニー-last_blank","ニー",18,0,0,1,"サンドイッチ","サンドイニー"
147,"first_blank","first_blank-ジー","ジー",1,9,"first_blank-美咲","美咲",9,0,0,1,"ジープ","美咲プ"
572,"シー","シー-ルド","ルド",1,1,"ィフ-ルド","ィフ",1,0,0,1,"シールド","ィフルド"
119,"first_blank","first_blank-ジェ","ジェ",1,71,"first_blank-アル","アル",71,0,0,1,"ジェスチャー","アルスチャー"
563,"リフ","リフ-last_blank","last_blank",1,1,"山岡-last_blank","山岡",1,0,0,1,"シェリフ","シェ山岡"
462,"first_blank","first_blank-シチ","シチ",1,2,"first_blank-セガ","セガ",2,0,0,1,"シチュエーション","セガュエーション"
792,"first_blank","first_blank-しっ","しっ",1,9,"first_blank-tf","tf",9,0,0,1,"しっかりと","tfかりと"
968,"first_blank","first_blank-シナ","シナ",1,3,"first_blank-大沢","大沢",3,0,0,1,"シナモン","大沢モン"
823,"first_blank","first_blank-シニ","シニ",1,1,"first_blank-注音","注音",1,0,0,1,"シニア","注音ア"
615,"first_blank","first_blank-シネ","シネ",1,1,"first_blank-家具","家具",1,0,0,1,"シネマ","家具マ"
966,"ーナ","ーナ-リズ","リズ",1,1,"バカ-リズ","バカ",1,0,0,1,"ジャーナリズム","ジャバカリズム"
795,"ック","ック-last_blank","last_blank",1,107,"ll-last_blank","ll",107,0,0,1,"シャーロック","シャーロll"
750,"がい","がい-も","も",1,1,"今日-も","今日",1,0,0,1,"じゃがいも","じゃ今日も"
499,"ジャ","ジャ-ズ","ズ",1,1,"バル-ズ","バル",1,0,0,1,"ジャズ","バルズ"
420,"first_blank","first_blank-シャ","シャ",1,52,"first_blank-あい","あい",52,0,0,1,"シャツ","あいツ"
602,"ワー","ワー-last_blank","last_blank",1,9,"xx-last_blank","xx",9,0,0,1,"シャワー","シャxx"
742,"first_blank","first_blank-シュ","シュ",1,20,"first_blank-君は","君は",20,0,0,1,"シューター","君はーター"
648,"ガー","ガー-last_blank","last_blank",1,11,"ov-last_blank","ov",11,0,0,1,"シュガー","シュov"
391,"ショ","ショ-ット","ット",1,2,"ァベ-ット","ァベ",2,0,0,1,"ショット","ァベット"
608,"ルダ","ルダ-ー","ー",1,1,"トキ-ー","トキ",1,0,0,1,"ショルダー","ショトキー"
606,"first_blank","first_blank-シリ","シリ",1,9,"first_blank-新着","新着",9,0,0,1,"シリーズ","新着ーズ"
836,"first_blank","first_blank-シル","シル",1,6,"first_blank-イヤ","イヤ",6,0,0,1,"シルク","イヤク"
854,"パー","パー-マン","マン",1,2,"パー-ヒー","ヒー",2,0,0,1,"スーパーマン","スーパーヒー"
277,"first_blank","first_blank-スー","スー",1,44,"first_blank-画像","画像",44,0,0,1,"スープ","画像プ"
620,"first_blank","first_blank-スカ","スカ",1,20,"first_blank-何し","何し",20,0,0,1,"スカート","何しート"
261,"first_blank","first_blank-スク","スク",1,22,"first_blank-バッ","バッ",22,0,0,1,"スクラッチ","バッラッチ"
739,"ーテ","ーテ-ス","ス",1,1,"ゲネ-ス","ゲネ",1,0,0,1,"スターテス","スタゲネス"
279,"first_blank","first_blank-スタ","スタ",1,71,"first_blank-ru","ru",71,0,0,1,"スタジアム","ruジアム"
9,"first_blank","first_blank-すで","すで",1,1,"first_blank-ユカ","ユカ",1,0,0,1,"すでに","ユカに"
283,"レス","レス-last_blank","last_blank",1,17,"施設-last_blank","施設",17,0,0,1,"ストレス","スト施設"
956,"first_blank","first_blank-スナ","スナ",1,2,"first_blank-年は","年は",2,0,0,1,"スナック","年はック"
401,"first_blank","first_blank-スパ","スパ",1,15,"first_blank-愛し","愛し",15,0,0,1,"スパイ","愛しイ"
747,"first_blank","first_blank-スプ","スプ",1,11,"first_blank-ひよ","ひよ",11,0,0,1,"スプーン","ひよーン"
274,"first_blank","first_blank-スマ","スマ",1,10,"first_blank-mn","mn",10,0,0,1,"スマッシュ","mnッシュ"
446,"first_blank","first_blank-スロ","スロ",1,10,"first_blank-神奈","神奈",10,0,0,1,"スロー","神奈ー"
816,"first_blank","first_blank-セク","セク",1,6,"first_blank-のバ","のバ",6,0,0,1,"セクション","のバション"
724,"first_blank","first_blank-セミ","セミ",1,3,"first_blank-訂正","訂正",3,0,0,1,"セミナー","訂正ナー"
40,"first_blank","first_blank-セメ","セメ",1,1,"first_blank-真二","真二",1,0,0,1,"セメント","真二ント"
628,"サー","サー-last_blank","last_blank",1,23,"ze-last_blank","ze",23,0,0,1,"センサー","センze"
984,"ナル","ナル-last_blank","last_blank",1,4,"つふ-last_blank","つふ",4,0,0,1,"センセーショナル","センセーショつふ"
278,"ソー","ソー-ス","ス",1,5,"ーム-ス","ーム",5,0,0,1,"ソース","ームス"
536,"first_blank","first_blank-ソフ","ソフ",1,7,"first_blank-金山","金山",7,0,0,1,"ソファー","金山ァー"
578,"ェア","ェア-last_blank","last_blank",1,2,"ドロ-last_blank","ドロ",2,0,0,1,"ソフトウェア","ソフトウドロ"
535,"first_blank","first_blank-ゾン","ゾン",1,4,"first_blank-マツ","マツ",4,0,0,1,"ゾンビ","マツビ"
720,"first_blank","first_blank-ター","ター",1,17,"first_blank-好き","好き",17,0,0,1,"ターミナル","好きミナル"
569,"ンド","ンド-last_blank","last_blank",1,52,"sh-last_blank","sh",52,0,0,1,"ダイヤモンド","ダイヤモsh"
289,"first_blank","first_blank-タク","タク",1,7,"first_blank-除去","除去",7,0,0,1,"タクシー","除去シー"
611,"first_blank","first_blank-タス","タス",1,2,"first_blank-秋津","秋津",2,0,0,1,"タスク","秋津ク"
148,"ただ","ただ-last_blank","last_blank",1,8,"ルズ-last_blank","ルズ",8,0,0,1,"ただ","ルズ"
296,"first_blank","first_blank-タバ","タバ",1,3,"first_blank-改称","改称",3,0,0,1,"タバコ","改称コ"
634,"first_blank","first_blank-タフ","タフ",1,1,"first_blank-靖太","靖太",1,0,0,1,"タフ","靖太"
734,"first_blank","first_blank-ダブ","ダブ",1,8,"first_blank-uc","uc",8,0,0,1,"ダブル","ucル"
754,"first_blank","first_blank-タブ","タブ",1,3,"first_blank-أن","أن",3,0,0,1,"タブレット","أنレット"
973,"first_blank","first_blank-たま","たま",1,20,"first_blank-シェ","シェ",20,0,0,1,"たまに","シェに"
527,"first_blank","first_blank-タワ","タワ",1,1,"first_blank-怪談","怪談",1,0,0,1,"タワー","怪談ー"
288,"タン","タン-ク","ク",1,1,"テス-ク","テス",1,0,0,1,"タンク","テスク"
789,"first_blank","first_blank-タン","タン",1,12,"first_blank-アミ","アミ",12,0,0,1,"タンパク質","アミパク質"
641,"チキ","チキ-ン","ン",1,1,"ンセ-ン","ンセ",1,0,0,1,"チキン","ンセン"
555,"first_blank","first_blank-チケ","チケ",1,1,"first_blank-漸次","漸次",1,0,0,1,"チケット","漸次ット"
45,"first_blank","first_blank-チッ","チッ",1,5,"first_blank-多重","多重",5,0,0,1,"チップ","多重プ"
44,"ネル","ネル-last_blank","last_blank",1,11,"項目-last_blank","項目",11,0,0,1,"チャネル","チャ項目"
706,"first_blank","first_blank-ちゃ","ちゃ",1,2,"first_blank-が生","が生",2,0,0,1,"ちゃんちゃん","が生んちゃん"
80,"first_blank","first_blank-ちゃ","ちゃ",1,2,"first_blank-たお","たお",2,0,0,1,"ちゃんとした","たおんとした"
41,"first_blank","first_blank-チャ","チャ",1,56,"first_blank-せい","せい",56,0,0,1,"チャンピオン","せいンピオン"
949,"ツナ","ツナ-last_blank","last_blank",1,1,"化物-last_blank","化物",1,0,0,1,"ツナ","化物"
687,"first_blank","first_blank-デー","デー",1,15,"first_blank-誰も","誰も",15,0,0,1,"データ","誰もタ"
413,"first_blank","first_blank-テー","テー",1,9,"first_blank-良か","良か",9,0,0,1,"テーブル","良かブル"
751,"first_blank","first_blank-ディ","ディ",1,55,"first_blank-やま","やま",55,0,0,1,"ディーンの","やまーンの"
850,"first_blank","first_blank-ディ","ディ",1,55,"first_blank-以下","以下",55,0,0,1,"ディプロマ","以下プロマ"
788,"first_blank","first_blank-テク","テク",1,4,"first_blank-yn","yn",4,0,0,1,"テクニカル","ynニカル"
378,"first_blank","first_blank-テク","テク",1,4,"first_blank-の場","の場",4,0,0,1,"テクノロジー","の場ノロジー"
82,"first_blank","first_blank-デザ","デザ",1,3,"first_blank-岡崎","岡崎",3,0,0,1,"デザート","岡崎ート"
864,"first_blank","first_blank-デス","デス",1,5,"first_blank-ほお","ほお",5,0,0,1,"デスク","ほおク"
982,"first_blank","first_blank-テナ","テナ",1,1,"first_blank-花丸","花丸",1,0,0,1,"テナント","花丸ント"
435,"first_blank","first_blank-トー","トー",1,17,"first_blank-ふる","ふる",17,0,0,1,"トーク","ふるク"
295,"トー","トー-スト","スト",1,1,"州ボ-スト","州ボ",1,0,0,1,"トースト","州ボスト"
299,"first_blank","first_blank-トー","トー",1,17,"first_blank-エイ","エイ",17,0,0,1,"トーナメント","エイナメント"
297,"first_blank","first_blank-トイ","トイ",1,5,"first_blank-ナポ","ナポ",5,0,0,1,"トイレ","ナポレ"
375,"ドラ","ドラ-イ","イ",1,1,"トバ-イ","トバ",1,0,0,1,"ドライ","トバイ"
761,"イブ","イブ-last_blank","last_blank",1,12,"ルク-last_blank","ルク",12,0,0,1,"ドライブ","ドラルク"
88,"ゴン","ゴン-last_blank","last_blank",1,7,"違反-last_blank","違反",7,0,0,1,"ドラゴン","ドラ違反"
557,"ップ","ップ-last_blank","last_blank",1,32,"ou-last_blank","ou",32,0,0,1,"トラップ","トラou"
426,"first_blank","first_blank-ドラ","ドラ",1,47,"first_blank-タイ","タイ",47,0,0,1,"ドラマ","タイマ"
300,"first_blank","first_blank-トレ","トレ",1,20,"first_blank-生き","生き",20,0,0,1,"トレーラー","生きーラー"
784,"first_blank","first_blank-トロ","トロ",1,12,"first_blank-ポケ","ポケ",12,0,0,1,"トロフィー","ポケフィー"
832,"ーブ","ーブ-last_blank","last_blank",1,9,"わら-last_blank","わら",9,0,0,1,"ナイーブ","ナイわら"
990,"カの","カの-last_blank","last_blank",1,1,"出島-last_blank","出島",1,0,0,1,"ナイカの","ナイ出島"
188,"first_blank","first_blank-なし","なし",1,4,"first_blank-の航","の航",4,0,0,1,"なし","の航"
937,"first_blank","first_blank-ナチ","ナチ",1,2,"first_blank-保険","保険",2,0,0,1,"ナチュラル","保険ュラル"
946,"first_blank","first_blank-ナビ","ナビ",1,4,"first_blank-近衛","近衛",4,0,0,1,"ナビゲーション","近衛ゲーション"
835,"first_blank","first_blank-ニッ","ニッ",1,14,"first_blank-dt","dt",14,0,0,1,"ニックネーム","dtクネーム"
840,"ニク","ニク-last_blank","last_blank",1,3,"地名-last_blank","地名",3,0,0,1,"ニンニク","ニン地名"
844,"first_blank","first_blank-ヌー","ヌー",1,2,"first_blank-が置","が置",2,0,0,1,"ヌード","が置ド"
182,"ネス","ネス-ト","ト",1,1,"ター-ト","ター",1,0,0,1,"ネスト","タート"
491,"first_blank","first_blank-ねず","ねず",1,1,"first_blank-和夫","和夫",1,0,0,1,"ねずみ","和夫み"
186,"ブル","ブル-last_blank","last_blank",1,15,"ルト-last_blank","ルト",15,0,0,1,"ノーブル","ノールト"
896,"ベル","ベル-last_blank","last_blank",1,10,"マー-last_blank","マー",10,0,0,1,"ノーベル","ノーマー"
376,"first_blank","first_blank-ノイ","ノイ",1,1,"first_blank-後志","後志",1,0,0,1,"ノイズ","後志ズ"
826,"first_blank","first_blank-バー","バー",1,46,"first_blank-まつ","まつ",46,0,0,1,"バースト","まつスト"
416,"バカ","バカ-last_blank","last_blank",1,2,"zf-last_blank","zf",2,0,0,1,"バカ","zf"
809,"first_blank","first_blank-ばか","ばか",1,4,"first_blank-の地","の地",4,0,0,1,"ばかげている","の地げている"
913,"first_blank","first_blank-バジ","バジ",1,2,"first_blank-一行","一行",2,0,0,1,"バジェット","一行ェット"
855,"first_blank","first_blank-パシ","パシ",1,4,"first_blank-だろ","だろ",4,0,0,1,"パシフィック","だろフィック"
497,"first_blank","first_blank-バス","バス",1,17,"first_blank-中国","中国",17,0,0,1,"バスケットボール","中国ケットボール"
697,"first_blank","first_blank-バッ","バッ",1,22,"first_blank-コメ","コメ",22,0,0,1,"バッジ","コメジ"
23,"first_blank","first_blank-バナ","バナ",1,4,"first_blank-を貼","を貼",4,0,0,1,"バナナ","を貼ナ"
517,"first_blank","first_blank-バネ","バネ",1,1,"first_blank-伯方","伯方",1,0,0,1,"バネ","伯方"
234,"パブ","パブ-last_blank","last_blank",1,1,"麻友-last_blank","麻友",1,0,0,1,"パブ","麻友"
207,"first_blank","first_blank-パラ","パラ",1,15,"first_blank-子供","子供",15,0,0,1,"パラダイス","子供ダイス"
942,"ケー","ケー-ン","ン",1,1,"打ゴ-ン","打ゴ",1,0,0,1,"ハリケーン","ハリ打ゴン"
933,"first_blank","first_blank-バル","バル",1,11,"first_blank-nr","nr",11,0,0,1,"バルブ","nrブ"
541,"first_blank","first_blank-パワ","パワ",1,9,"first_blank-安全","安全",9,0,0,1,"パワー","安全ー"
481,"パン","パン-last_blank","last_blank",1,9,"ーイ-last_blank","ーイ",9,0,0,1,"パン","ーイ"
24,"first_blank","first_blank-バン","バン",1,21,"first_blank-よう","よう",21,0,0,1,"バンカー","ようカー"
805,"first_blank","first_blank-ビー","ビー",1,25,"first_blank-でも","でも",25,0,0,1,"ビーチ","でもチ"
451,"first_blank","first_blank-ピア","ピア",1,11,"first_blank-全て","全て",11,0,0,1,"ピアノ","全てノ"
215,"first_blank","first_blank-ピク","ピク",1,4,"first_blank-と思","と思",4,0,0,1,"ピクニック","と思ニック"
216,"first_blank","first_blank-ピス","ピス",1,1,"first_blank-畿内","畿内",1,0,0,1,"ピストル","畿内トル"
370,"first_blank","first_blank-ひど","ひど",1,8,"first_blank-オン","オン",8,0,0,1,"ひどい","オンい"
842,"first_blank","first_blank-ピラ","ピラ",1,5,"first_blank-パタ","パタ",5,0,0,1,"ピラミッド","パタミッド"
779,"first_blank","first_blank-ブー","ブー",1,13,"first_blank-ib","ib",13,0,0,1,"ブート","ibト"
108,"ンス","ンス-last_blank","last_blank",1,41,"ii-last_blank","ii",41,0,0,1,"ファイナンス","ファイナii"
474,"イル","イル-last_blank","last_blank",1,14,"訂正-last_blank","訂正",14,0,0,1,"ファイル","ファ訂正"
986,"ョナ","ョナ-ブル","ブル",1,1,"ョナ-ルギ","ルギ",1,0,0,1,"ファッショナブルー","ファッショナルギー"
533,"first_blank","first_blank-ブッ","ブッ",1,10,"first_blank-vl","vl",10,0,0,1,"ブッシュ","vlシュ"
639,"first_blank","first_blank-プラ","プラ",1,29,"first_blank-モン","モン",29,0,0,1,"プライベート","モンイベート"
220,"first_blank","first_blank-プラ","プラ",1,29,"first_blank-ゆう","ゆう",29,0,0,1,"プラス","ゆうス"
744,"ット","ット-ホー","ホー",1,2,"公式-ホー","公式",2,0,0,1,"プラットホーム","プラ公式ホーム"
127,"first_blank","first_blank-ぶら","ぶら",1,1,"first_blank-従六","従六",1,0,0,1,"ぶらぶら","従六ぶら"
31,"ボー","ボー-last_blank","last_blank",1,4,"提供-last_blank","提供",4,0,0,1,"ブラボー","ブラ提供"
914,"ンド","ンド-last_blank","last_blank",1,52,"sh-last_blank","sh",52,0,0,1,"ブランド","ブラsh"
32,"first_blank","first_blank-ブリ","ブリ",1,21,"first_blank-アッ","アッ",21,0,0,1,"ブリーフケース","アッーフケース"
219,"ーイ","ーイ-last_blank","last_blank",1,9,"つと-last_blank","つと",9,0,0,1,"プレイボーイ","プレイボつと"
363,"ーサ","ーサ-ー","ー",1,5,"イタ-ー","イタ",5,0,0,1,"プロデューサー","プロデュイター"
529,"プロ","プロ-フィ","フィ",1,4,"パシ-フィ","パシ",4,0,0,1,"プロフィール","パシフィール"
858,"first_blank","first_blank-フロ","フロ",1,22,"first_blank-はる","はる",22,0,0,1,"フロント","はるント"
903,"first_blank","first_blank-ベー","ベー",1,11,"first_blank-はド","はド",11,0,0,1,"ベース","はドス"
206,"first_blank","first_blank-ペイ","ペイ",1,2,"first_blank-えば","えば",2,0,0,1,"ペイント","えばント"
665,"first_blank","first_blank-ペス","ペス",1,2,"first_blank-理論","理論",2,0,0,1,"ペスト","理論ト"
974,"first_blank","first_blank-ペナ","ペナ",1,1,"first_blank-文雄","文雄",1,0,0,1,"ペナルティ","文雄ルティ"
132,"first_blank","first_blank-ヘル","ヘル",1,13,"first_blank-az","az",13,0,0,1,"ヘルプ","azプ"
573,"first_blank","first_blank-ヘル","ヘル",1,13,"first_blank-の一","の一",13,0,0,1,"ヘルメット","の一メット"
225,"タル","タル-last_blank","last_blank",1,14,"道路-last_blank","道路",14,0,0,1,"ポータル","ポー道路"
709,"first_blank","first_blank-ボー","ボー",1,27,"first_blank-アレ","アレ",27,0,0,1,"ボーナス","アレナス"
828,"first_blank","first_blank-ホー","ホー",1,35,"first_blank-cy","cy",35,0,0,1,"ホーン","cyン"
898,"first_blank","first_blank-ボイ","ボイ",1,3,"first_blank-改称","改称",3,0,0,1,"ボイス","改称ス"
553,"first_blank","first_blank-ポケ","ポケ",1,12,"first_blank-セリ","セリ",12,0,0,1,"ポケット","セリット"
323,"first_blank","first_blank-ポジ","ポジ",1,2,"first_blank-を挙","を挙",2,0,0,1,"ポジティブ","を挙ティブ"
522,"first_blank","first_blank-ボタ","ボタ",1,1,"first_blank-四季","四季",1,0,0,1,"ボタン","四季ン"
346,"first_blank","first_blank-ホッ","ホッ",1,13,"first_blank-に変","に変",13,0,0,1,"ホット","に変ト"
341,"first_blank","first_blank-ホテ","ホテ",1,2,"first_blank-明智","明智",2,0,0,1,"ホテル","明智ル"
140,"first_blank","first_blank-ホラ","ホラ",1,3,"first_blank-上院","上院",3,0,0,1,"ホラー","上院ー"
827,"first_blank","first_blank-ボラ","ボラ",1,3,"first_blank-さや","さや",3,0,0,1,"ボランティア","さやンティア"
223,"first_blank","first_blank-ポリ","ポリ",1,7,"first_blank-mf","mf",7,0,0,1,"ポリシー","mfシー"
707,"first_blank","first_blank-ポル","ポル",1,8,"first_blank-hd","hd",8,0,0,1,"ポルノ","hdノ"
793,"first_blank","first_blank-ホル","ホル",1,3,"first_blank-丸山","丸山",3,0,0,1,"ホルモン","丸山モン"
429,"first_blank","first_blank-ポン","ポン",1,8,"first_blank-行政","行政",8,0,0,1,"ポンド","行政ド"
875,"first_blank","first_blank-ポン","ポン",1,8,"first_blank-高校","高校",8,0,0,1,"ポンプ","高校プ"
171,"first_blank","first_blank-マイ","マイ",1,44,"first_blank-あん","あん",44,0,0,1,"マイル","あんル"
164,"first_blank","first_blank-マネ","マネ",1,2,"first_blank-愛が","愛が",2,0,0,1,"マネジャー","愛がジャー"
674,"first_blank","first_blank-マフ","マフ",1,1,"first_blank-ぎん","ぎん",1,0,0,1,"マフィア","ぎんィア"
846,"first_blank","first_blank-マラ","マラ",1,5,"first_blank-一覧","一覧",5,0,0,1,"マラソン","一覧ソン"
845,"マリ","マリ-ン","ン",1,3,"リア-ン","リア",3,0,0,1,"マリン","リアン"
172,"ミル","ミル-ク","ク",1,1,"スト-ク","スト",1,0,0,1,"ミルク","ストク"
434,"first_blank","first_blank-メン","メン",1,11,"first_blank-家に","家に",11,0,0,1,"メンタル","家にタル"
480,"first_blank","first_blank-メン","メン",1,11,"first_blank-注意","注意",11,0,0,1,"メンバー","注意バー"
175,"first_blank","first_blank-モダ","モダ",1,1,"first_blank-理絵","理絵",1,0,0,1,"モダン","理絵ン"
683,"first_blank","first_blank-モデ","モデ",1,2,"first_blank-大森","大森",2,0,0,1,"モデル","大森ル"
456,"モン","モン-ク","ク",1,1,"ダル-ク","ダル",1,0,0,1,"モンク","ダルク"
447,"first_blank","first_blank-モン","モン",1,29,"first_blank-こっ","こっ",29,0,0,1,"モンスター","こっスター"
647,"first_blank","first_blank-ゆっ","ゆっ",1,5,"first_blank-川内","川内",5,0,0,1,"ゆっくり","川内くり"
721,"ヨガ","ヨガ-last_blank","last_blank",1,1,"用曲-last_blank","用曲",1,0,0,1,"ヨガ","用曲"
151,"ライ","ライ-トニ","トニ",1,1,"ライ-ブμ","ブμ",1,0,0,1,"ライトニング","ライブμング"
571,"フル","フル-last_blank","last_blank",1,3,"ト順-last_blank","ト順",3,0,0,1,"ライフル","ライト順"
965,"first_blank","first_blank-ラザ","ラザ",1,3,"first_blank-に含","に含",3,0,0,1,"ラザニア","に含ニア"
257,"first_blank","first_blank-ラム","ラム",1,5,"first_blank-フュ","フュ",5,0,0,1,"ラム","フュ"
432,"first_blank","first_blank-ラン","ラン",1,29,"first_blank-メイ","メイ",29,0,0,1,"ランプ","メイプ"
599,"first_blank","first_blank-リサ","リサ",1,2,"first_blank-mで","mで",2,0,0,1,"リサーチ","mでーチ"
841,"first_blank","first_blank-リス","リス",1,7,"first_blank-お待","お待",7,0,0,1,"リス","お待"
252,"first_blank","first_blank-リス","リス",1,7,"first_blank-あつ","あつ",7,0,0,1,"リスキーな","あつキーな"
250,"first_blank","first_blank-リズ","リズ",1,4,"first_blank-青空","青空",4,0,0,1,"リズム","青空ム"
786,"first_blank","first_blank-リッ","リッ",1,11,"first_blank-全角","全角",11,0,0,1,"リップ","全角プ"
745,"first_blank","first_blank-りん","りん",1,7,"first_blank-事実","事実",7,0,0,1,"りんご","事実ご"
692,"first_blank","first_blank-ルー","ルー",1,33,"first_blank-sy","sy",33,0,0,1,"ルート","syト"
256,"first_blank","first_blank-ルー","ルー",1,33,"first_blank-sy","sy",33,0,0,1,"ルール","syル"
431,"first_blank","first_blank-レー","レー",1,15,"first_blank-愛し","愛し",15,0,0,1,"レーダー","愛しダー"
494,"ビア","ビア-ン","ン",1,1,"ゴル-ン","ゴル",1,0,0,1,"レズビアン","レズゴルン"
427,"first_blank","first_blank-レポ","レポ",1,3,"first_blank-ルパ","ルパ",3,0,0,1,"レポーター","ルパーター"
978,"first_blank","first_blank-レモ","レモ",1,4,"first_blank-国土","国土",4,0,0,1,"レモネード","国土ネード"
869,"first_blank","first_blank-ロー","ロー",1,60,"first_blank-id","id",60,0,0,1,"ロード","idド"
538,"first_blank","first_blank-ロー","ロー",1,60,"first_blank-主な","主な",60,0,0,1,"ローマ","主なマ"
159,"first_blank","first_blank-ロイ","ロイ",1,8,"first_blank-半角","半角",8,0,0,1,"ロイヤリティ","半角ヤリティ"
618,"first_blank","first_blank-ロケ","ロケ",1,4,"first_blank-初期","初期",4,0,0,1,"ロケット","初期ット"
154,"first_blank","first_blank-ロッ","ロッ",1,14,"first_blank-とり","とり",14,0,0,1,"ロック","とりク"
849,"first_blank","first_blank-ロデ","ロデ",1,1,"first_blank-谷村","谷村",1,0,0,1,"ロデオ","谷村オ"
711,"ロバ","ロバ-last_blank","last_blank",1,1,"公社-last_blank","公社",1,0,0,1,"ロバ","公社"
695,"first_blank","first_blank-ロボ","ロボ",1,11,"first_blank-登場","登場",11,0,0,1,"ロボット","登場ット"
794,"first_blank","first_blank-ロミ","ロミ",1,2,"first_blank-分解","分解",2,0,0,1,"ロミオ","分解オ"
748,"first_blank","first_blank-ワー","ワー",1,29,"first_blank-ゆう","ゆう",29,0,0,1,"ワークショップ","ゆうクショップ"
471,"ワイ","ワイ-ン","ン",1,1,"ォレ-ン","ォレ",1,0,0,1,"ワイン","ォレン"
193,"first_blank","first_blank-わか","わか",1,89,"first_blank-削除","削除",89,0,0,1,"わかった","削除った"
537,"ント","ント-ン","ン",1,7,"ーマ-ン","ーマ",7,0,0,1,"ワシントン","ワシーマン"
195,"first_blank","first_blank-一","一",1,1,"first_blank-切り","切り",1,0,1,1,"一","切り"
8,"first_blank","first_blank-一人","一人",1,6,"first_blank-uf","uf",6,0,0,1,"一人で","ufで"
183,"first_blank","first_blank-一度","一度",1,3,"first_blank-わざ","わざ",3,0,0,1,"一度もない","わざもない"
662,"first_blank","first_blank-丁寧","丁寧",1,1,"first_blank-たび","たび",1,0,0,1,"丁寧","たび"
294,"first_blank","first_blank-三番","三番",1,1,"first_blank-法恩","法恩",1,0,0,1,"三番","法恩"
798,"first_blank","first_blank-上","上",1,1,"first_blank-昼蔵","昼蔵",1,0,1,1,"上","昼蔵"
87,"first_blank","first_blank-下","下",1,1,"first_blank-附よ","附よ",1,0,1,1,"下","附よ"
935,"first_blank","first_blank-下痢","下痢",1,1,"first_blank-自業","自業",1,0,0,1,"下痢","自業"
969,"不可","不可-last_blank","last_blank",1,1,"新報-last_blank","新報",1,0,0,1,"不可","新報"
550,"first_blank","first_blank-不可","不可",1,3,"first_blank-こが","こが",3,0,0,1,"不可能","こが能"
983,"理な","理な-last_blank","last_blank",1,1,"領は-last_blank","領は",1,0,0,1,"不合理な","不合領は"
954,"first_blank","first_blank-不幸","不幸",1,1,"first_blank-하고","하고",1,0,0,1,"不幸な","하고な"
998,"first_blank","first_blank-不快","不快",1,1,"first_blank-家電","家電",1,0,0,1,"不快な","家電な"
145,"不正","不正-last_blank","last_blank",1,1,"ンネ-last_blank","ンネ",1,0,0,1,"不正","ンネ"
453,"first_blank","first_blank-世紀","世紀",1,1,"first_blank-то","то",1,0,0,1,"世紀","то"
424,"first_blank","first_blank-丘","丘",1,1,"first_blank-林泉","林泉",1,0,1,1,"丘","林泉"
156,"first_blank","first_blank-主","主",1,1,"first_blank-長勝","長勝",1,0,1,1,"主","長勝"
772,"first_blank","first_blank-丼鉢","丼鉢",1,1,"first_blank-らと","らと",1,0,0,1,"丼鉢","らと"
669,"first_blank","first_blank-乗客","乗客",1,1,"first_blank-荒丼","荒丼",1,0,0,1,"乗客","荒丼"
940,"first_blank","first_blank-乳母","乳母",1,1,"first_blank-の化","の化",1,0,0,1,"乳母","の化"
505,"first_blank","first_blank-予定","予定",1,2,"first_blank-pè","pè",2,0,0,1,"予定","pè"
231,"事業","事業-last_blank","last_blank",1,3,"ﾋね-last_blank","ﾋね",3,0,0,1,"事業","ﾋね"
306,"二","二-last_blank","last_blank",1,1,"雷太-last_blank","雷太",1,0,1,1,"二","雷太"
848,"二次","二次-last_blank","last_blank",1,1,"ブμ-last_blank","ブμ",1,0,0,1,"二次","ブμ"
244,"first_blank","first_blank-交換","交換",1,1,"first_blank-丸橋","丸橋",1,0,0,1,"交換","丸橋"
211,"first_blank","first_blank-人","人",1,1,"first_blank-雑草","雑草",1,0,1,1,"人","雑草"
224,"人口","人口-last_blank","last_blank",1,5,"うす-last_blank","うす",5,0,0,1,"人口","うす"
652,"first_blank","first_blank-人形","人形",1,2,"first_blank-始末","始末",2,0,0,1,"人形","始末"
483,"first_blank","first_blank-人気","人気",1,1,"first_blank-jú","jú",1,0,0,1,"人気","jú"
238,"first_blank","first_blank-人種","人種",1,1,"first_blank-るね","るね",1,0,0,1,"人種差別主義者","るね差別主義者"
493,"first_blank","first_blank-人質","人質",1,1,"first_blank-mプ","mプ",1,0,0,1,"人質","mプ"
190,"first_blank","first_blank-今","今",1,1,"first_blank-目の","目の",1,0,1,1,"今","目の"
676,"今日","今日-last_blank","last_blank",1,1,"qb-last_blank","qb",1,0,0,1,"今日","qb"
677,"仕事","仕事-last_blank","last_blank",1,1,"רט-last_blank","רט",1,0,0,1,"仕事","רט"
92,"first_blank","first_blank-他の","他の",1,12,"first_blank-tn","tn",12,0,0,1,"他の場所で","tn場所で"
438,"first_blank","first_blank-会社","会社",1,6,"first_blank-当た","当た",6,0,0,1,"会社","当た"
512,"会話","会話-last_blank","last_blank",1,1,"奈川-last_blank","奈川",1,0,0,1,"会話","奈川"
382,"first_blank","first_blank-会議","会議",1,1,"first_blank-旧メ","旧メ",1,0,0,1,"会議","旧メ"
269,"first_blank","first_blank-似て","似て",1,1,"first_blank-難民","難民",1,0,0,1,"似ている","難民いる"
158,"first_blank","first_blank-低い","低い",1,1,"first_blank-者を","者を",1,0,0,1,"低い","者を"
460,"first_blank","first_blank-住む","住む",1,1,"first_blank-宝蔵","宝蔵",1,0,0,1,"住む","宝蔵"
678,"first_blank","first_blank-体","体",1,1,"first_blank-の企","の企",1,0,1,1,"体","の企"
315,"first_blank","first_blank-何","何",1,1,"first_blank-관할","관할",1,0,1,1,"何","관할"
163,"first_blank","first_blank-作る","作る",1,1,"first_blank-桓武","桓武",1,0,0,1,"作る","桓武"
72,"作成","作成-last_blank","last_blank",1,36,"るの-last_blank","るの",36,0,0,1,"作成","るの"
868,"first_blank","first_blank-使い","使い",1,1,"first_blank-諾爾","諾爾",1,0,0,1,"使い物にならない","諾爾物にならない"
310,"first_blank","first_blank-使え","使え",1,2,"first_blank-と語","と語",2,0,0,1,"使える","と語る"
960,"first_blank","first_blank-例外","例外",1,1,"first_blank-吉永","吉永",1,0,0,1,"例外的","吉永的"
311,"価値","価値-last_blank","last_blank",1,1,"庄民-last_blank","庄民",1,0,0,1,"価値","庄民"
824,"first_blank","first_blank-侮辱","侮辱",1,1,"first_blank-駆逐","駆逐",1,0,0,1,"侮辱","駆逐"
534,"侵入","侵入-last_blank","last_blank",1,1,"レが-last_blank","レが",1,0,0,1,"侵入","レが"
886,"first_blank","first_blank-保存","保存",1,3,"first_blank-ハプ","ハプ",3,0,0,1,"保存","ハプ"
932,"first_blank","first_blank-保守","保守",1,2,"first_blank-手榴","手榴",2,0,0,1,"保守的","手榴的"
609,"保証","保証-last_blank","last_blank",1,1,"ロq-last_blank","ロq",1,0,0,1,"保証","ロq"
303,"信頼","信頼-last_blank","last_blank",1,1,"高低-last_blank","高低",1,0,0,1,"信頼","高低"
729,"first_blank","first_blank-修理","修理",1,1,"first_blank-に現","に現",1,0,0,1,"修理","に現"
995,"first_blank","first_blank-個人","個人",1,15,"first_blank-oa","oa",15,0,0,1,"個人的","oa的"
874,"first_blank","first_blank-候補","候補",1,5,"first_blank-書籍","書籍",5,0,0,1,"候補者","書籍者"
862,"first_blank","first_blank-値す","値す",1,1,"first_blank-原案","原案",1,0,0,1,"値する","原案る"
128,"first_blank","first_blank-健康","健康",1,1,"first_blank-海王","海王",1,0,0,1,"健康","海王"
938,"first_blank","first_blank-偶発","偶発",1,1,"first_blank-古い","古い",1,0,0,1,"偶発的に","古い的に"
104,"first_blank","first_blank-偽","偽",1,1,"first_blank-ха","ха",1,0,1,1,"偽","ха"
950,"first_blank","first_blank-傭兵","傭兵",1,1,"first_blank-標記","標記",1,0,0,1,"傭兵","標記"
560,"first_blank","first_blank-傷","傷",1,1,"first_blank-金次","金次",1,0,1,1,"傷","金次"
433,"儀式","儀式-last_blank","last_blank",1,1,"子に-last_blank","子に",1,0,0,1,"儀式","子に"
101,"first_blank","first_blank-優秀","優秀",1,2,"first_blank-新の","新の",2,0,0,1,"優秀な","新のな"
934,"first_blank","first_blank-入れ","入れ",1,6,"first_blank-ドキ","ドキ",6,0,0,1,"入れる","ドキる"
567,"first_blank","first_blank-入れ","入れ",1,6,"first_blank-eo","eo",6,0,0,1,"入れ墨","eo墨"
96,"入力","入力-last_blank","last_blank",1,1,"員室-last_blank","員室",1,0,0,1,"入力","員室"
179,"全国","全国-last_blank","last_blank",1,1,"取り-last_blank","取り",1,0,0,1,"全国","取り"
332,"first_blank","first_blank-全般","全般",1,1,"first_blank-臼田","臼田",1,0,0,1,"全般的","臼田的"
731,"first_blank","first_blank-公平","公平",1,1,"first_blank-ねず","ねず",1,0,0,1,"公平","ねず"
503,"first_blank","first_blank-六月","六月",1,1,"first_blank-丁デ","丁デ",1,0,0,1,"六月","丁デ"
989,"兵器","兵器-last_blank","last_blank",1,1,"子役-last_blank","子役",1,0,0,1,"兵器","子役"
448,"first_blank","first_blank-兵隊","兵隊",1,1,"first_blank-旧技","旧技",1,0,0,1,"兵隊","旧技"
616,"first_blank","first_blank-典型","典型",1,2,"first_blank-雄二","雄二",2,0,0,1,"典型的","雄二的"
671,"内部","内部-last_blank","last_blank",1,1,"差替-last_blank","差替",1,0,0,1,"内部","差替"
254,"first_blank","first_blank-円形","円形",1,1,"first_blank-お師","お師",1,0,0,1,"円形","お師"
110,"最初","最初-last_blank","last_blank",1,1,"ムx-last_blank","ムx",1,0,0,1,"最初","ムx"
385,"first_blank","first_blank-最小","最小",1,1,"first_blank-車輪","車輪",1,0,0,1,"最小","車輪"
860,"first_blank","first_blank-最後","最後",1,17,"first_blank-あお","あお",17,0,0,1,"最後に","あおに"
996,"first_blank","first_blank-最後","最後",1,17,"first_blank-代表","代表",17,0,0,1,"最後の","代表の"
590,"写真","写真-last_blank","last_blank",1,5,"ばら-last_blank","ばら",5,0,0,1,"写真","ばら"
421,"first_blank","first_blank-処理","処理",1,1,"first_blank-吉沢","吉沢",1,0,0,1,"処理する","吉沢する"
525,"出口","出口-last_blank","last_blank",1,1,"昇る-last_blank","昇る",1,0,0,1,"出口","昇る"
941,"切手","切手-last_blank","last_blank",1,1,"中だ-last_blank","中だ",1,0,0,1,"切手","中だ"
117,"first_blank","first_blank-利得","利得",1,1,"first_blank-総社","総社",1,0,0,1,"利得","総社"
566,"利益","利益-last_blank","last_blank",1,1,"協定-last_blank","協定",1,0,0,1,"利益","協定"
17,"到着","到着-last_blank","last_blank",1,1,"モフ-last_blank","モフ",1,0,0,1,"到着","モフ"
22,"first_blank","first_blank-剖検","剖検",1,1,"first_blank-段組","段組",1,0,0,1,"剖検","段組"
360,"first_blank","first_blank-剣","剣",1,1,"first_blank-静粛","静粛",1,0,1,1,"剣","静粛"
738,"first_blank","first_blank-割り","割り",1,1,"first_blank-昭夫","昭夫",1,0,0,1,"割り込み","昭夫込み"
70,"first_blank","first_blank-割れ","割れ",1,1,"first_blank-車体","車体",1,0,0,1,"割れ目","車体目"
73,"first_blank","first_blank-創立","創立",1,1,"first_blank-де","де",1,0,0,1,"創立","де"
89,"first_blank","first_blank-劇的","劇的",1,1,"first_blank-元諜","元諜",1,0,0,1,"劇的","元諜"
806,"first_blank","first_blank-助言","助言",1,1,"first_blank-永続","永続",1,0,0,1,"助言","永続"
808,"first_blank","first_blank-勇気","勇気",1,3,"first_blank-シビ","シビ",3,0,0,1,"勇気","シビ"
135,"first_blank","first_blank-勇者","勇者",1,3,"first_blank-背番","背番",3,0,0,1,"勇者","背番"
818,"first_blank","first_blank-動か","動か",1,3,"first_blank-プエ","プエ",3,0,0,1,"動かす","プエす"
176,"動く","動く-last_blank","last_blank",1,1,"す鳥-last_blank","す鳥",1,0,0,1,"動く","す鳥"
780,"first_blank","first_blank-動物","動物",1,4,"first_blank-彼が","彼が",4,0,0,1,"動物園","彼が園"
400,"勝利","勝利-last_blank","last_blank",1,1,"季彦-last_blank","季彦",1,0,0,1,"勝利","季彦"
980,"first_blank","first_blank-勤務","勤務",1,2,"first_blank-八丁","八丁",2,0,0,1,"勤務","八丁"
626,"化学","化学-last_blank","last_blank",1,2,"かは-last_blank","かは",2,0,0,1,"化学","かは"
170,"医学","医学-last_blank","last_blank",1,1,"繚乱-last_blank","繚乱",1,0,0,1,"医学","繚乱"
14,"匿名","匿名-last_blank","last_blank",1,1,"秋冬-last_blank","秋冬",1,0,0,1,"匿名","秋冬"
961,"十代","十代-last_blank","last_blank",1,1,"独自-last_blank","独自",1,0,0,1,"十代","独自"
605,"千","千-last_blank","last_blank",1,1,"オケ-last_blank","オケ",1,0,1,1,"千","オケ"
679,"first_blank","first_blank-半分","半分",1,1,"first_blank-スヌ","スヌ",1,0,0,1,"半分","スヌ"
853,"半径","半径-last_blank","last_blank",1,2,"きに-last_blank","きに",2,0,0,1,"半径","きに"
320,"first_blank","first_blank-南","南",1,1,"first_blank-全勝","全勝",1,0,1,1,"南","全勝"
673,"first_blank","first_blank-南方","南方",1,1,"first_blank-睡蓮","睡蓮",1,0,0,1,"南方の","睡蓮の"
637,"first_blank","first_blank-単に","単に",1,1,"first_blank-陵桜","陵桜",1,0,0,1,"単に","陵桜"
646,"first_blank","first_blank-単位","単位",1,3,"first_blank-ちが","ちが",3,0,0,1,"単位","ちが"
143,"印象","印象-last_blank","last_blank",1,1,"の種-last_blank","の種",1,0,0,1,"印象","の種"
619,"first_blank","first_blank-印象","印象",1,2,"first_blank-仮名","仮名",2,0,0,1,"印象的","仮名的"
342,"危険","危険-last_blank","last_blank",1,1,"裕香-last_blank","裕香",1,0,0,1,"危険","裕香"
895,"原子","原子-last_blank","last_blank",1,1,"況だ-last_blank","況だ",1,0,0,1,"原子","況だ"
872,"first_blank","first_blank-反対","反対",1,5,"first_blank-おば","おば",5,0,0,1,"反対","おば"
576,"first_blank","first_blank-反射","反射",1,1,"first_blank-何こ","何こ",1,0,0,1,"反射","何こ"
689,"収集","収集-last_blank","last_blank",1,1,"dq-last_blank","dq",1,0,0,1,"収集","dq"
915,"受信","受信-last_blank","last_blank",1,1,"ał-last_blank","ał",1,0,0,1,"受信","ał"
545,"first_blank","first_blank-口","口",1,1,"first_blank-数代","数代",1,0,1,1,"口","数代"
35,"口径","口径-last_blank","last_blank",1,1,"ゆれ-last_blank","ゆれ",1,0,0,1,"口径","ゆれ"
837,"first_blank","first_blank-口紅","口紅",1,1,"first_blank-瑞泉","瑞泉",1,0,0,1,"口紅","瑞泉"
540,"first_blank","first_blank-台","台",1,1,"first_blank-富美","富美",1,0,1,1,"台","富美"
344,"first_blank","first_blank-司令","司令",1,5,"first_blank-大し","大し",5,0,0,1,"司令官","大し官"
498,"司教","司教-last_blank","last_blank",1,1,"ヰタ-last_blank","ヰタ",1,0,0,1,"司教","ヰタ"
688,"first_blank","first_blank-合計","合計",1,1,"first_blank-話っ","話っ",1,0,0,1,"合計","話っ"
362,"同僚","同僚-last_blank","last_blank",1,1,"fq-last_blank","fq",1,0,0,1,"同僚","fq"
918,"first_blank","first_blank-同盟","同盟",1,1,"first_blank-菊間","菊間",1,0,0,1,"同盟","菊間"
178,"名前","名前-last_blank","last_blank",1,1,"ィド-last_blank","ィド",1,0,0,1,"名前","ィド"
65,"first_blank","first_blank-含む","含む",1,1,"first_blank-美節","美節",1,0,0,1,"含む","美節"
907,"first_blank","first_blank-吸う","吸う",1,1,"first_blank-野尾","野尾",1,0,0,1,"吸う","野尾"
577,"first_blank","first_blank-周波","周波",1,1,"first_blank-靴下","靴下",1,0,0,1,"周波数","靴下数"
561,"first_blank","first_blank-呪い","呪い",1,1,"first_blank-旧駅","旧駅",1,0,0,1,"呪い","旧駅"
443,"first_blank","first_blank-味","味",1,1,"first_blank-暇カ","暇カ",1,0,1,1,"味","暇カ"
885,"first_blank","first_blank-和","和",1,1,"first_blank-肝臓","肝臓",1,0,1,1,"和","肝臓"
838,"咳","咳-last_blank","last_blank",1,1,"宗主-last_blank","宗主",1,0,1,1,"咳","宗主"
213,"first_blank","first_blank-哲学","哲学",1,3,"first_blank-で与","で与",3,0,0,1,"哲学","で与"
57,"first_blank","first_blank-商業","商業",1,3,"first_blank-セカ","セカ",3,0,0,1,"商業の","セカの"
680,"問題","問題-last_blank","last_blank",1,5,"がき-last_blank","がき",5,0,0,1,"問題","がき"
249,"啓示","啓示-last_blank","last_blank",1,1,"合う-last_blank","合う",1,0,0,1,"啓示","合う"
604,"first_blank","first_blank-喉","喉",1,1,"first_blank-夢に","夢に",1,0,1,1,"喉","夢に"
549,"喜び","喜び-last_blank","last_blank",1,1,"太子-last_blank","太子",1,0,0,1,"喜び","太子"
819,"first_blank","first_blank-回復","回復",1,1,"first_blank-総計","総計",1,0,0,1,"回復する","総計する"
150,"first_blank","first_blank-図書","図書",1,6,"first_blank-eo","eo",6,0,0,1,"図書館","eo館"
109,"固い","固い-last_blank","last_blank",1,1,"整等-last_blank","整等",1,0,0,1,"固い","整等"
587,"first_blank","first_blank-国","国",1,1,"first_blank-dâ","dâ",1,0,1,1,"国","dâ"
111,"国旗","国旗-last_blank","last_blank",1,1,"ごく-last_blank","ごく",1,0,0,1,"国旗","ごく"
149,"first_blank","first_blank-土地","土地",1,1,"first_blank-済ん","済ん",1,0,0,1,"土地","済ん"
259,"first_blank","first_blank-土曜","土曜",1,4,"first_blank-スレ","スレ",4,0,0,1,"土曜日","スレ日"
699,"first_blank","first_blank-地味","地味",1,1,"first_blank-を和","を和",1,0,0,1,"地味な","を和な"
91,"first_blank","first_blank-地震","地震",1,1,"first_blank-gá","gá",1,0,0,1,"地震","gá"
518,"first_blank","first_blank-城","城",1,1,"first_blank-ムサ","ムサ",1,0,1,1,"城","ムサ"
963,"first_blank","first_blank-域の","域の",1,1,"first_blank-愛蔵","愛蔵",1,0,0,1,"域の","愛蔵"
245,"first_blank","first_blank-報告","報告",1,8,"first_blank-事務","事務",8,0,0,1,"報告","事務"
217,"first_blank","first_blank-場所","場所",1,4,"first_blank-チン","チン",4,0,0,1,"場所","チン"
556,"墓","墓-last_blank","last_blank",1,1,"零治-last_blank","零治",1,0,1,1,"墓","零治"
565,"first_blank","first_blank-増加","増加",1,2,"first_blank-まー","まー",2,0,0,1,"増加","まー"
468,"first_blank","first_blank-壁","壁",1,1,"first_blank-大晦","大晦",1,0,1,1,"壁","大晦"
758,"first_blank","first_blank-売り","売り",1,1,"first_blank-不変","不変",1,0,0,1,"売り手","不変手"
43,"first_blank","first_blank-変化","変化",1,1,"first_blank-夫人","夫人",1,0,0,1,"変化する","夫人する"
358,"first_blank","first_blank-夏","夏",1,1,"first_blank-宇喜","宇喜",1,0,1,1,"夏","宇喜"
205,"first_blank","first_blank-外","外",1,1,"first_blank-潜在","潜在",1,0,1,1,"外","潜在"
334,"first_blank","first_blank-外科","外科",1,1,"first_blank-불구","불구",1,0,0,1,"外科医","불구医"
168,"多分","多分-last_blank","last_blank",1,1,"グマ-last_blank","グマ",1,0,0,1,"多分","グマ"
783,"first_blank","first_blank-多数","多数",1,1,"first_blank-紀元","紀元",1,0,0,1,"多数","紀元"
407,"first_blank","first_blank-夜","夜",1,1,"first_blank-ワク","ワク",1,0,1,1,"夜","ワク"
737,"first_blank","first_blank-夜中","夜中",1,1,"first_blank-を獲","を獲",1,0,0,1,"夜中","を獲"
583,"first_blank","first_blank-大き","大き",1,7,"first_blank-兵庫","兵庫",7,0,0,1,"大きい","兵庫い"
880,"大人","大人-last_blank","last_blank",1,1,"の空-last_blank","の空",1,0,0,1,"大人","の空"
11,"大使","大使-last_blank","last_blank",1,1,"換算-last_blank","換算",1,0,0,1,"大使","換算"
93,"first_blank","first_blank-大使","大使",1,2,"first_blank-ノス","ノス",2,0,0,1,"大使館","ノス館"
13,"天使","天使-last_blank","last_blank",1,2,"ツキ-last_blank","ツキ",2,0,0,1,"天使","ツキ"
118,"天才","天才-last_blank","last_blank",1,1,"太助-last_blank","太助",1,0,0,1,"天才","太助"
437,"first_blank","first_blank-夫","夫",1,1,"first_blank-木製","木製",1,0,1,1,"夫","木製"
478,"first_blank","first_blank-契約","契約",1,2,"first_blank-みよ","みよ",2,0,0,1,"契約する","みよする"
339,"first_blank","first_blank-女の","女の",1,5,"first_blank-行こ","行こ",5,0,0,1,"女の子","行こ子"
330,"女王","女王-last_blank","last_blank",1,2,"屋城-last_blank","屋城",2,0,0,1,"女王","屋城"
524,"first_blank","first_blank-奴隷","奴隷",1,1,"first_blank-勧修","勧修",1,0,0,1,"奴隷","勧修"
208,"妄想","妄想-last_blank","last_blank",1,1,"iは-last_blank","iは",1,0,0,1,"妄想","iは"
335,"first_blank","first_blank-妹","妹",1,1,"first_blank-地元","地元",1,0,1,1,"妹","地元"
787,"威信","威信-last_blank","last_blank",1,1,"子市-last_blank","子市",1,0,0,1,"威信","子市"
390,"first_blank","first_blank-娘","娘",1,1,"first_blank-ご気","ご気",1,0,1,1,"娘","ご気"
454,"first_blank","first_blank-婚約","婚約",1,1,"first_blank-春よ","春よ",1,0,0,1,"婚約","春よ"
554,"first_blank","first_blank-嫉妬","嫉妬",1,1,"first_blank-七星","七星",1,0,0,1,"嫉妬","七星"
355,"嫌い","嫌い-last_blank","last_blank",1,1,"ム郡-last_blank","ム郡",1,0,0,1,"嫌い","ム郡"
976,"first_blank","first_blank-孤児","孤児",1,1,"first_blank-何三","何三",1,0,0,1,"孤児院","何三院"
411,"学び","学び-last_blank","last_blank",1,1,"ダネ-last_blank","ダネ",1,0,0,1,"学び","ダネ"
337,"学生","学生-last_blank","last_blank",1,1,"手配-last_blank","手配",1,0,0,1,"学生","手配"
123,"first_blank","first_blank-孫","孫",1,1,"first_blank-広太","広太",1,0,1,1,"孫","広太"
399,"宇宙","宇宙-last_blank","last_blank",1,1,"だき-last_blank","だき",1,0,0,1,"宇宙","だき"
675,"first_blank","first_blank-宇宙","宇宙",1,10,"first_blank-座標","座標",10,0,0,1,"宇宙飛行士","座標飛行士"
440,"first_blank","first_blank-守る","守る",1,1,"first_blank-生没","生没",1,0,0,1,"守る","生没"
547,"安全","安全-last_blank","last_blank",1,1,"ムz-last_blank","ムz",1,0,0,1,"安全","ムz"
814,"first_blank","first_blank-宝物","宝物",1,1,"first_blank-お忙","お忙",1,0,0,1,"宝物","お忙"
1,"first_blank","first_blank-実際","実際",1,10,"first_blank-fx","fx",10,0,0,1,"実際に","fxに"
381,"first_blank","first_blank-実験","実験",1,2,"first_blank-他人","他人",2,0,0,1,"実験","他人"
582,"first_blank","first_blank-家","家",1,1,"first_blank-けに","けに",1,0,1,1,"家","けに"
882,"first_blank","first_blank-容量","容量",1,1,"first_blank-色空","色空",1,0,0,1,"容量","色空"
694,"first_blank","first_blank-密林","密林",1,1,"first_blank-石少","石少",1,0,0,1,"密林","石少"
977,"first_blank","first_blank-富豪","富豪",1,1,"first_blank-妙見","妙見",1,0,0,1,"富豪","妙見"
521,"first_blank","first_blank-寺","寺",1,1,"first_blank-めば","めば",1,0,1,1,"寺","めば"
778,"first_blank","first_blank-対立","対立",1,1,"first_blank-釣ち","釣ち",1,0,0,1,"対立","釣ち"
97,"封筒","封筒-last_blank","last_blank",1,1,"園駅-last_blank","園駅",1,0,0,1,"封筒","園駅"
506,"first_blank","first_blank-将来","将来",1,2,"first_blank-タチ","タチ",2,0,0,1,"将来","タチ"
246,"尊敬","尊敬-last_blank","last_blank",1,1,"ト名-last_blank","ト名",1,0,0,1,"尊敬","ト名"
857,"first_blank","first_blank-小切","小切",1,1,"first_blank-フス","フス",1,0,0,1,"小切手","フス手"
153,"少し","少し-last_blank","last_blank",1,3,"校生-last_blank","校生",3,0,0,1,"少し","校生"
839,"first_blank","first_blank-層","層",1,1,"first_blank-桓武","桓武",1,0,1,1,"層","桓武"
472,"first_blank","first_blank-川","川",1,1,"first_blank-直ぐ","直ぐ",1,0,1,1,"川","直ぐ"
64,"工事","工事-last_blank","last_blank",1,1,"ゼス-last_blank","ゼス",1,0,0,1,"工事","ゼス"
103,"first_blank","first_blank-工場","工場",1,1,"first_blank-下級","下級",1,0,0,1,"工場","下級"
49,"first_blank","first_blank-布","布",1,1,"first_blank-ちど","ちど",1,0,1,1,"布","ちど"
727,"帝王","帝王-last_blank","last_blank",1,1,"に散-last_blank","に散",1,0,0,1,"帝王","に散"
194,"first_blank","first_blank-年","年",1,1,"first_blank-前の","前の",1,0,1,1,"年","前の"
714,"年金","年金-last_blank","last_blank",1,1,"ロコ-last_blank","ロコ",1,0,0,1,"年金","ロコ"
927,"広告","広告-last_blank","last_blank",1,1,"島県-last_blank","島県",1,0,0,1,"広告","島県"
635,"first_blank","first_blank-床","床",1,1,"first_blank-中ノ","中ノ",1,0,1,1,"床","中ノ"
767,"first_blank","first_blank-店","店",1,1,"first_blank-えね","えね",1,0,1,1,"店","えね"
871,"first_blank","first_blank-引き","引き",1,6,"first_blank-中村","中村",6,0,0,1,"引き金","中村金"
331,"強い","強い-last_blank","last_blank",1,1,"ト郡-last_blank","ト郡",1,0,0,1,"強い","ト郡"
282,"強さ","強さ-last_blank","last_blank",1,1,"ャア-last_blank","ャア",1,0,0,1,"強さ","ャア"
972,"当然","当然-last_blank","last_blank",1,1,"ネピ-last_blank","ネピ",1,0,0,1,"当然","ネピ"
116,"first_blank","first_blank-形","形",1,1,"first_blank-qr","qr",1,0,1,1,"形","qr"
484,"影響","影響-last_blank","last_blank",1,1,"次官-last_blank","次官",1,0,0,1,"影響","次官"
312,"待つ","待つ-last_blank","last_blank",1,1,"一族-last_blank","一族",1,0,0,1,"待つ","一族"
113,"first_blank","first_blank-従う","従う",1,1,"first_blank-を復","を復",1,0,0,1,"従う","を復"
682,"復讐","復讐-last_blank","last_blank",1,1,"村民-last_blank","村民",1,0,0,1,"復讐","村民"
804,"心配","心配-した","した",1,1,"みま-した","みま",1,0,0,1,"心配した","みました"
181,"必要","必要-last_blank","last_blank",1,2,"하여-last_blank","하여",2,0,0,1,"必要","하여"
185,"first_blank","first_blank-忍者","忍者",1,2,"first_blank-ムッ","ムッ",2,0,0,1,"忍者","ムッ"
658,"first_blank","first_blank-忍耐","忍耐",1,1,"first_blank-ケプ","ケプ",1,0,0,1,"忍耐","ケプ"
210,"強い","強い-last_blank","last_blank",1,1,"鮎川-last_blank","鮎川",1,0,0,1,"忍耐強い","忍耐鮎川"
392,"忘れ","忘れ-る","る",1,2,"用す-る","用す",2,0,0,1,"忘れる","用する"
107,"first_blank","first_blank-忠実","忠実",1,1,"first_blank-ベサ","ベサ",1,0,0,1,"忠実","ベサ"
55,"快適","快適-last_blank","last_blank",1,1,"人か-last_blank","人か",1,0,0,1,"快適","人か"
309,"first_blank","first_blank-快適","快適",1,1,"first_blank-核兵","核兵",1,0,0,1,"快適でない","核兵でない"
690,"怒り","怒り-last_blank","last_blank",1,1,"なべ-last_blank","なべ",1,0,0,1,"怒り","なべ"
906,"怖い","怖い-last_blank","last_blank",1,1,"サギ-last_blank","サギ",1,0,0,1,"怖い","サギ"
988,"first_blank","first_blank-思い","思い",1,23,"first_blank-君の","君の",23,0,0,1,"思いやりある","君のやりある"
661,"first_blank","first_blank-急","急",1,1,"first_blank-ブテ","ブテ",1,0,1,1,"急","ブテ"
266,"性的","性的-last_blank","last_blank",1,1,"要項-last_blank","要項",1,0,0,1,"性的","要項"
867,"first_blank","first_blank-恐れ","恐れ",1,5,"first_blank-監督","監督",5,0,0,1,"恐れる","監督る"
99,"first_blank","first_blank-悪の","悪の",1,1,"first_blank-管制","管制",1,0,0,1,"悪の","管制"
486,"first_blank","first_blank-悪夢","悪夢",1,1,"first_blank-始皇","始皇",1,0,0,1,"悪夢","始皇"
258,"first_blank","first_blank-悲し","悲し",1,3,"first_blank-いが","いが",3,0,0,1,"悲しい","いがい"
909,"first_blank","first_blank-惨め","惨め",1,1,"first_blank-기재","기재",1,0,0,1,"惨め","기재"
971,"first_blank","first_blank-想像","想像",1,7,"first_blank-ろお","ろお",7,0,0,1,"想像力","ろお力"
169,"first_blank","first_blank-意味","意味",1,9,"first_blank-帰っ","帰っ",9,0,0,1,"意味","帰っ"
199,"first_blank","first_blank-意見","意見",1,2,"first_blank-セバ","セバ",2,0,0,1,"意見","セバ"
774,"first_blank","first_blank-愛人","愛人",1,1,"first_blank-いに","いに",1,0,0,1,"愛人","いに"
654,"first_blank","first_blank-慈愛","慈愛",1,1,"first_blank-早ま","早ま",1,0,0,1,"慈愛","早ま"
2,"憧れ","憧れ-last_blank","last_blank",1,1,"見先-last_blank","見先",1,0,0,1,"憧れ","見先"
236,"first_blank","first_blank-懲罰","懲罰",1,1,"first_blank-梨乃","梨乃",1,0,0,1,"懲罰する","梨乃する"
60,"first_blank","first_blank-懸念","懸念",1,1,"first_blank-嫌な","嫌な",1,0,0,1,"懸念","嫌な"
374,"成功","成功-last_blank","last_blank",1,1,"温伺-last_blank","温伺",1,0,0,1,"成功","温伺"
369,"first_blank","first_blank-戦争","戦争",1,3,"first_blank-пр","пр",3,0,0,1,"戦争","пр"
54,"戦闘","戦闘-last_blank","last_blank",1,1,"ス駅-last_blank","ス駅",1,0,0,1,"戦闘","ス駅"
928,"戸棚","戸棚-last_blank","last_blank",1,1,"争だ-last_blank","争だ",1,0,0,1,"戸棚","争だ"
459,"戻る","戻る-last_blank","last_blank",1,3,"スb-last_blank","スb",3,0,0,1,"戻る","スb"
137,"first_blank","first_blank-所有","所有",1,1,"first_blank-本照","本照",1,0,0,1,"所有","本照"
126,"first_blank","first_blank-手","手",1,1,"first_blank-ギレ","ギレ",1,0,1,1,"手","ギレ"
384,"first_blank","first_blank-手数","手数",1,1,"first_blank-原点","原点",1,0,0,1,"手数料","原点料"
897,"first_blank","first_blank-打つ","打つ",1,1,"first_blank-やぐ","やぐ",1,0,0,1,"打つ","やぐ"
829,"first_blank","first_blank-抗議","抗議",1,1,"first_blank-ロロ","ロロ",1,0,0,1,"抗議する","ロロする"
825,"first_blank","first_blank-抵抗","抵抗",1,1,"first_blank-を果","を果",1,0,0,1,"抵抗","を果"
861,"first_blank","first_blank-押す","押す",1,1,"first_blank-横東","横東",1,0,0,1,"押す","横東"
796,"てい","てい-く","く",1,1,"と高-く","と高",1,0,0,1,"持っていく","持っと高く"
552,"指","指-last_blank","last_blank",1,1,"有値-last_blank","有値",1,0,1,1,"指","有値"
56,"first_blank","first_blank-指図","指図",1,1,"first_blank-未翻","未翻",1,0,0,1,"指図","未翻"
397,"指輪","指輪-last_blank","last_blank",1,1,"改題-last_blank","改題",1,0,0,1,"指輪","改題"
878,"排除","排除-last_blank","last_blank",1,1,"hà-last_blank","hà",1,0,0,1,"排除","hà"
644,"first_blank","first_blank-掘る","掘る",1,1,"first_blank-縦書","縦書",1,0,0,1,"掘る","縦書"
442,"first_blank","first_blank-探す","探す",1,2,"first_blank-𒅌ဪ","𒅌ဪ",2,0,0,1,"探す","𒅌ဪ"
465,"接吻","接吻-last_blank","last_blank",1,1,"者張-last_blank","者張",1,0,0,1,"接吻","者張"
122,"first_blank","first_blank-掴む","掴む",1,1,"first_blank-に在","に在",1,0,0,1,"掴む","に在"
912,"first_blank","first_blank-提示","提示",1,1,"first_blank-町名","町名",1,0,0,1,"提示する","町名する"
12,"first_blank","first_blank-救急","救急",1,4,"first_blank-環境","環境",4,0,0,1,"救急車","環境車"
607,"救援","救援-last_blank","last_blank",1,1,"皮酸-last_blank","皮酸",1,0,0,1,"救援","皮酸"
157,"first_blank","first_blank-敗者","敗者",1,1,"first_blank-結い","結い",1,0,0,1,"敗者","結い"
764,"教会","教会-last_blank","last_blank",1,3,"前駅-last_blank","前駅",3,0,0,1,"教会","前駅"
910,"first_blank","first_blank-整え","整え",1,1,"first_blank-芦原","芦原",1,0,0,1,"整える","芦原る"
470,"first_blank","first_blank-敵","敵",1,1,"first_blank-孤高","孤高",1,0,1,1,"敵","孤高"
402,"文化","文化-last_blank","last_blank",1,1,"広基-last_blank","広基",1,0,0,1,"文化","広基"
811,"first_blank","first_blank-文字","文字",1,10,"first_blank-てい","てい",10,0,0,1,"文字通り","てい通り"
291,"文章","文章-last_blank","last_blank",1,1,"使い-last_blank","使い",1,0,0,1,"文章","使い"
900,"first_blank","first_blank-料理","料理",1,1,"first_blank-と答","と答",1,0,0,1,"料理","と答"
197,"斬る","斬る-last_blank","last_blank",1,1,"メデ-last_blank","メデ",1,0,0,1,"斬る","メデ"
892,"first_blank","first_blank-断片","断片",1,1,"first_blank-櫛田","櫛田",1,0,0,1,"断片","櫛田"
919,"first_blank","first_blank-新郎","新郎",1,1,"first_blank-姉さ","姉さ",1,0,0,1,"新郎","姉さ"
905,"first_blank","first_blank-新鮮","新鮮",1,1,"first_blank-門脇","門脇",1,0,0,1,"新鮮な","門脇な"
790,"磁針","磁針-last_blank","last_blank",1,1,"耀彩-last_blank","耀彩",1,0,0,1,"方位磁針","方位耀彩"
659,"方法","方法-last_blank","last_blank",1,4,"ーノ-last_blank","ーノ",4,0,0,1,"方法","ーノ"
603,"first_blank","first_blank-旅行","旅行",1,2,"first_blank-向日","向日",2,0,0,1,"旅行","向日"
834,"first_blank","first_blank-日没","日没",1,1,"first_blank-凛と","凛と",1,0,0,1,"日没","凛と"
48,"first_blank","first_blank-明ら","明ら",1,3,"first_blank-ネバ","ネバ",3,0,0,1,"明らかに","ネバかに"
298,"明日","明日-last_blank","last_blank",1,2,"ーリ-last_blank","ーリ",2,0,0,1,"明日","ーリ"
218,"first_blank","first_blank-星","星",1,1,"first_blank-チハ","チハ",1,0,1,1,"星","チハ"
1000,"first_blank","first_blank-昼寝","昼寝",1,1,"first_blank-八坂","八坂",1,0,0,1,"昼寝","八坂"
276,"first_blank","first_blank-時折","時折",1,1,"first_blank-上式","上式",1,0,0,1,"時折","上式"
588,"first_blank","first_blank-晩ご","晩ご",1,1,"first_blank-千景","千景",1,0,0,1,"晩ごはん","千景はん"
202,"普通","普通-last_blank","last_blank",1,1,"ッピ-last_blank","ッピ",1,0,0,1,"普通","ッピ"
403,"first_blank","first_blank-普通","普通",1,9,"first_blank-アダ","アダ",9,0,0,1,"普通でない","アダでない"
313,"first_blank","first_blank-暖か","暖か",1,1,"first_blank-仙波","仙波",1,0,0,1,"暖かい","仙波い"
78,"first_blank","first_blank-暗闇","暗闇",1,2,"first_blank-本覚","本覚",2,0,0,1,"暗闇","本覚"
464,"first_blank","first_blank-月","月",1,1,"first_blank-の建","の建",1,0,1,1,"月","の建"
458,"first_blank","first_blank-月曜","月曜",1,2,"first_blank-とび","とび",2,0,0,1,"月曜","とび"
964,"first_blank","first_blank-有効","有効",1,2,"first_blank-ツナ","ツナ",2,0,0,1,"有効","ツナ"
39,"first_blank","first_blank-有名","有名",1,1,"first_blank-正司","正司",1,0,0,1,"有名人","正司人"
139,"望む","望む-last_blank","last_blank",1,1,"手線-last_blank","手線",1,0,0,1,"望む","手線"
930,"first_blank","first_blank-望遠","望遠",1,1,"first_blank-窒う","窒う",1,0,0,1,"望遠鏡","窒う鏡"
317,"first_blank","first_blank-未亡","未亡",1,1,"first_blank-道彦","道彦",1,0,0,1,"未亡人","道彦人"
925,"first_blank","first_blank-本能","本能",1,1,"first_blank-各曲","各曲",1,0,0,1,"本能","各曲"
771,"first_blank","first_blank-柔ら","柔ら",1,1,"first_blank-壽一","壽一",1,0,0,1,"柔らかい","壽一かい"
167,"first_blank","first_blank-案件","案件",1,1,"first_blank-虹音","虹音",1,0,0,1,"案件","虹音"
281,"first_blank","first_blank-棒","棒",1,1,"first_blank-マト","マト",1,0,1,1,"棒","マト"
53,"first_blank","first_blank-棺桶","棺桶",1,1,"first_blank-龍光","龍光",1,0,0,1,"棺桶","龍光"
957,"first_blank","first_blank-検査","検査",1,1,"first_blank-dɐ","dɐ",1,0,0,1,"検査","dɐ"
63,"検討","検討-last_blank","last_blank",1,1,"者i-last_blank","者i",1,0,0,1,"検討","者i"
144,"業界","業界-last_blank","last_blank",1,1,"ネー-last_blank","ネー",1,0,0,1,"業界","ネー"
200,"first_blank","first_blank-楽観","楽観",1,1,"first_blank-遊女","遊女",1,0,0,1,"楽観的","遊女的"
911,"first_blank","first_blank-概念","概念",1,1,"first_blank-メサ","メサ",1,0,0,1,"概念","メサ"
507,"first_blank","first_blank-横た","横た",1,1,"first_blank-疯蛇","疯蛇",1,0,0,1,"横たわる","疯蛇わる"
514,"first_blank","first_blank-橋","橋",1,1,"first_blank-宝蔵","宝蔵",1,0,1,1,"橋","宝蔵"
586,"機会","機会-last_blank","last_blank",1,1,"コス-last_blank","コス",1,0,0,1,"機会","コス"
83,"first_blank","first_blank-欲望","欲望",1,1,"first_blank-すで","すで",1,0,0,1,"欲望","すで"
490,"first_blank","first_blank-歌手","歌手",1,1,"first_blank-xに","xに",1,0,0,1,"歌手","xに"
629,"first_blank","first_blank-止ま","止ま",1,8,"first_blank-で始","で始",8,0,0,1,"止まる","で始る"
251,"first_blank","first_blank-正し","正し",1,8,"first_blank-半角","半角",8,0,0,1,"正しい","半角い"
428,"first_blank","first_blank-正式","正式",1,33,"first_blank-ハイ","ハイ",33,0,0,1,"正式に","ハイに"
79,"死","死-last_blank","last_blank",1,1,"ノフ-last_blank","ノフ",1,0,1,1,"死","ノフ"
248,"first_blank","first_blank-残り","残り",1,2,"first_blank-月下","月下",2,0,0,1,"残り","月下"
668,"first_blank","first_blank-残忍","残忍",1,1,"first_blank-に編","に編",1,0,0,1,"残忍な","に編な"
817,"first_blank","first_blank-残高","残高",1,1,"first_blank-学ん","学ん",1,0,0,1,"残高","学ん"
702,"first_blank","first_blank-段階","段階",1,1,"first_blank-南公","南公",1,0,0,1,"段階","南公"
327,"母親","母親-last_blank","last_blank",1,1,"qs-last_blank","qs",1,0,0,1,"母親","qs"
657,"毎日","毎日-last_blank","last_blank",1,1,"号９-last_blank","号９",1,0,0,1,"毎日","号９"
222,"毒","毒-last_blank","last_blank",1,1,"ン５-last_blank","ン５",1,0,1,1,"毒","ン５"
530,"first_blank","first_blank-毛布","毛布",1,1,"first_blank-はむ","はむ",1,0,0,1,"毛布","はむ"
723,"first_blank","first_blank-民生","民生",1,1,"first_blank-霊場","霊場",1,0,0,1,"民生","霊場"
631,"first_blank","first_blank-気づ","気づ",1,2,"first_blank-たや","たや",2,0,0,1,"気づく","たやく"
98,"永遠","永遠-last_blank","last_blank",1,1,"ッテ-last_blank","ッテ",1,0,0,1,"永遠","ッテ"
371,"first_blank","first_blank-汚れ","汚れ",1,1,"first_blank-に割","に割",1,0,0,1,"汚れた","に割た"
993,"first_blank","first_blank-汚染","汚染",1,2,"first_blank-聴い","聴い",2,0,0,1,"汚染","聴い"
489,"治療","治療-last_blank","last_blank",1,1,"ェラ-last_blank","ェラ",1,0,0,1,"治療","ェラ"
543,"first_blank","first_blank-法","法",1,1,"first_blank-ご回","ご回",1,0,1,1,"法","ご回"
441,"first_blank","first_blank-法律","法律",1,2,"first_blank-笑福","笑福",2,0,0,1,"法律家","笑福家"
696,"first_blank","first_blank-泥","泥",1,1,"first_blank-情け","情け",1,0,1,1,"泥","情け"
292,"泥棒","泥棒-last_blank","last_blank",1,1,"川市-last_blank","川市",1,0,0,1,"泥棒","川市"
802,"first_blank","first_blank-注意","注意",1,11,"first_blank-のス","のス",11,0,0,1,"注意","のス"
398,"first_blank","first_blank-海","海",1,1,"first_blank-逆水","逆水",1,0,1,1,"海","逆水"
622,"first_blank","first_blank-海賊","海賊",1,2,"first_blank-ご本","ご本",2,0,0,1,"海賊","ご本"
84,"first_blank","first_blank-消化","消化",1,1,"first_blank-計量","計量",1,0,0,1,"消化する","計量する"
152,"液体","液体-last_blank","last_blank",1,1,"チョ-last_blank","チョ",1,0,0,1,"液体","チョ"
452,"混沌","混沌-last_blank","last_blank",1,1,"体x-last_blank","体x",1,0,0,1,"混沌","体x"
26,"first_blank","first_blank-湾","湾",1,1,"first_blank-姉小","姉小",1,0,1,1,"湾","姉小"
526,"満足","満足-last_blank","last_blank",1,1,"提起-last_blank","提起",1,0,0,1,"満足","提起"
226,"準備","準備-last_blank","last_blank",1,4,"従う-last_blank","従う",4,0,0,1,"準備","従う"
881,"first_blank","first_blank-溶け","溶け",1,1,"first_blank-闇の","闇の",1,0,0,1,"溶けた","闇のた"
701,"first_blank","first_blank-溺れ","溺れ",1,1,"first_blank-義朗","義朗",1,0,0,1,"溺れる","義朗る"
865,"first_blank","first_blank-演説","演説",1,1,"first_blank-天現","天現",1,0,0,1,"演説","天現"
649,"first_blank","first_blank-潜在","潜在",1,1,"first_blank-根津","根津",1,0,0,1,"潜在的","根津的"
285,"first_blank","first_blank-潜水","潜水",1,1,"first_blank-紙飛","紙飛",1,0,0,1,"潜水艦","紙飛艦"
393,"first_blank","first_blank-火","火",1,1,"first_blank-出ら","出ら",1,0,1,1,"火","出ら"
166,"火星","火星-last_blank","last_blank",1,1,"様に-last_blank","様に",1,0,0,1,"火星","様に"
944,"火薬","火薬-last_blank","last_blank",1,1,"スに-last_blank","スに",1,0,0,1,"火薬","スに"
500,"first_blank","first_blank-灰","灰",1,1,"first_blank-明明","明明",1,0,1,1,"灰","明明"
891,"炭素","炭素-last_blank","last_blank",1,1,"uí-last_blank","uí",1,0,0,1,"炭素","uí"
221,"first_blank","first_blank-点","点",1,1,"first_blank-島式","島式",1,0,1,1,"点","島式"
198,"first_blank","first_blank-為替","為替",1,1,"first_blank-単于","単于",1,0,0,1,"為替える","単于える"
922,"first_blank","first_blank-無力","無力",1,1,"first_blank-チオ","チオ",1,0,0,1,"無力","チオ"
336,"first_blank","first_blank-無垢","無垢",1,1,"first_blank-はで","はで",1,0,0,1,"無垢","はで"
843,"first_blank","first_blank-無知","無知",1,1,"first_blank-間の","間の",1,0,0,1,"無知","間の"
445,"無線","無線-last_blank","last_blank",1,1,"ần-last_blank","ần",1,0,0,1,"無線","ần"
548,"無駄","無駄-last_blank","last_blank",1,1,"qf-last_blank","qf",1,0,0,1,"無駄","qf"
275,"煙","煙-last_blank","last_blank",1,1,"니다-last_blank","니다",1,0,1,1,"煙","니다"
551,"熱","熱-last_blank","last_blank",1,1,"ャア-last_blank","ャア",1,0,1,1,"熱","ャア"
715,"first_blank","first_blank-熱意","熱意",1,1,"first_blank-立方","立方",1,0,0,1,"熱意","立方"
359,"爆弾","爆弾-last_blank","last_blank",1,1,"ねす-last_blank","ねす",1,0,0,1,"爆弾","ねす"
656,"first_blank","first_blank-爪","爪",1,1,"first_blank-くと","くと",1,0,1,1,"爪","くと"
564,"first_blank","first_blank-牛","牛",1,1,"first_blank-痛か","痛か",1,0,1,1,"牛","痛か"
610,"first_blank","first_blank-物体","物体",1,1,"first_blank-広辞","広辞",1,0,0,1,"物体","広辞"
214,"first_blank","first_blank-物理","物理",1,3,"first_blank-sで","sで",3,0,0,1,"物理","sで"
461,"first_blank","first_blank-特別","特別",1,14,"first_blank-宣伝","宣伝",14,0,0,1,"特別な","宣伝な"
705,"first_blank","first_blank-特権","特権",1,1,"first_blank-廃藩","廃藩",1,0,0,1,"特権","廃藩"
329,"first_blank","first_blank-犬","犬",1,1,"first_blank-雲霧","雲霧",1,0,1,1,"犬","雲霧"
743,"狂気","狂気-last_blank","last_blank",1,1,"げて-last_blank","げて",1,0,0,1,"狂気","げて"
621,"first_blank","first_blank-狐","狐",1,1,"first_blank-ホフ","ホフ",1,0,1,1,"狐","ホフ"
141,"狩猟","狩猟-last_blank","last_blank",1,1,"番長-last_blank","番長",1,0,0,1,"狩猟","番長"
271,"独身","独身-last_blank","last_blank",1,1,"تي-last_blank","تي",1,0,0,1,"独身","تي"
664,"狭い","狭い-last_blank","last_blank",1,1,"善哉-last_blank","善哉",1,0,0,1,"狭い","善哉"
813,"first_blank","first_blank-猿","猿",1,1,"first_blank-當麻","當麻",1,0,1,1,"猿","當麻"
27,"first_blank","first_blank-獣","獣",1,1,"first_blank-の環","の環",1,0,1,1,"獣","の環"
228,"獲物","獲物-last_blank","last_blank",1,1,"画図-last_blank","画図",1,0,0,1,"獲物","画図"
945,"王朝","王朝-last_blank","last_blank",1,1,"谷柩-last_blank","谷柩",1,0,0,1,"王朝","谷柩"
255,"first_blank","first_blank-王立","王立",1,1,"first_blank-水児","水児",1,0,0,1,"王立","水児"
76,"現在","現在-last_blank","last_blank",1,2,"にだ-last_blank","にだ",2,0,0,1,"現在","にだ"
479,"現実","現実-last_blank","last_blank",1,1,"話q-last_blank","話q",1,0,0,1,"現実","話q"
212,"現象","現象-last_blank","last_blank",1,1,"ｋｉ-last_blank","ｋｉ",1,0,0,1,"現象","ｋｉ"
636,"first_blank","first_blank-現金","現金",1,1,"first_blank-阿久","阿久",1,0,0,1,"現金","阿久"
364,"first_blank","first_blank-理想","理想",1,1,"first_blank-ラピ","ラピ",1,0,0,1,"理想","ラピ"
240,"理由","理由-last_blank","last_blank",1,4,"ねる-last_blank","ねる",4,0,0,1,"理由","ねる"
693,"環境","環境-last_blank","last_blank",1,1,"りろ-last_blank","りろ",1,0,0,1,"環境","りろ"
591,"甘い","甘い-last_blank","last_blank",1,1,"佑樹-last_blank","佑樹",1,0,0,1,"甘い","佑樹"
589,"first_blank","first_blank-生き","生き",1,20,"first_blank-自分","自分",20,0,0,1,"生きている","自分ている"
579,"first_blank","first_blank-用量","用量",1,1,"first_blank-大善","大善",1,0,0,1,"用量","大善"
16,"込み","込み-last_blank","last_blank",1,2,"ーテ-last_blank","ーテ",2,0,0,1,"申し込み","申しーテ"
165,"first_blank","first_blank-男","男",1,1,"first_blank-広小","広小",1,0,1,1,"男","広小"
30,"first_blank","first_blank-男の","男の",1,2,"first_blank-ベガ","ベガ",2,0,0,1,"男の子","ベガ子"
756,"男爵","男爵-last_blank","last_blank",1,1,"確定-last_blank","確定",1,0,0,1,"男爵","確定"
262,"first_blank","first_blank-画面","画面",1,1,"first_blank-節順","節順",1,0,0,1,"画面","節順"
409,"first_blank","first_blank-番号","番号",1,2,"first_blank-該当","該当",2,0,0,1,"番号","該当"
86,"first_blank","first_blank-疑い","疑い",1,1,"first_blank-らと","らと",1,0,0,1,"疑い","らと"
463,"first_blank","first_blank-疲れ","疲れ",1,5,"first_blank-候補","候補",5,0,0,1,"疲れた","候補た"
810,"病気","病気-last_blank","last_blank",1,1,"ぴこ-last_blank","ぴこ",1,0,0,1,"病気","ぴこ"
340,"病院","病院-last_blank","last_blank",1,1,"ド大-last_blank","ド大",1,0,0,1,"病院","ド大"
287,"first_blank","first_blank-症状","症状",1,1,"first_blank-らす","らす",1,0,0,1,"症状","らす"
883,"first_blank","first_blank-発生","発生",1,1,"first_blank-昭子","昭子",1,0,0,1,"発生する","昭子する"
353,"first_blank","first_blank-発生","発生",1,1,"first_blank-克彦","克彦",1,0,0,1,"発生器","克彦器"
482,"first_blank","first_blank-登る","登る",1,1,"first_blank-逆三","逆三",1,0,0,1,"登る","逆三"
322,"白","白-last_blank","last_blank",1,1,"場駅-last_blank","場駅",1,0,1,1,"白","場駅"
574,"first_blank","first_blank-盗難","盗難",1,1,"first_blank-字名","字名",1,0,0,1,"盗難","字名"
546,"first_blank","first_blank-目","目",1,1,"first_blank-監禁","監禁",1,0,1,1,"目","監禁"
473,"first_blank","first_blank-目撃","目撃",1,3,"first_blank-こは","こは",3,0,0,1,"目撃者","こは者"
770,"目的","目的-last_blank","last_blank",1,2,"艦艇-last_blank","艦艇",2,0,0,1,"目的","艦艇"
477,"first_blank","first_blank-盲目","盲目",1,1,"first_blank-法華","法華",1,0,0,1,"盲目","法華"
485,"first_blank","first_blank-直接","直接",1,1,"first_blank-複合","複合",1,0,0,1,"直接","複合"
243,"first_blank","first_blank-相対","相対",1,1,"first_blank-有料","有料",1,0,0,1,"相対的","有料的"
120,"眼鏡","眼鏡-last_blank","last_blank",1,1,"の鬣-last_blank","の鬣",1,0,0,1,"眼鏡","の鬣"
568,"first_blank","first_blank-着陸","着陸",1,1,"first_blank-の作","の作",1,0,0,1,"着陸","の作"
333,"first_blank","first_blank-知事","知事",1,1,"first_blank-ég","ég",1,0,0,1,"知事","ég"
394,"first_blank","first_blank-短い","短い",1,1,"first_blank-島﨑","島﨑",1,0,0,1,"短い","島﨑"
597,"first_blank","first_blank-石","石",1,1,"first_blank-ヒガ","ヒガ",1,0,1,1,"石","ヒガ"
52,"first_blank","first_blank-石炭","石炭",1,1,"first_blank-のえ","のえ",1,0,0,1,"石炭","のえ"
290,"first_blank","first_blank-破れ","破れ",1,1,"first_blank-汲平","汲平",1,0,0,1,"破れ目","汲平目"
161,"first_blank","first_blank-磁気","磁気",1,1,"first_blank-原語","原語",1,0,0,1,"磁気","原語"
229,"確率","確率-last_blank","last_blank",1,1,"壊神-last_blank","壊神",1,0,0,1,"確率","壊神"
386,"first_blank","first_blank-確認","確認",1,25,"first_blank-グリ","グリ",25,0,0,1,"確認","グリ"
422,"社会","社会-last_blank","last_blank",1,1,"薩位-last_blank","薩位",1,0,0,1,"社会","薩位"
62,"first_blank","first_blank-祝う","祝う",1,1,"first_blank-ひは","ひは",1,0,0,1,"祝う","ひは"
121,"first_blank","first_blank-神様","神様",1,1,"first_blank-ヘコ","ヘコ",1,0,0,1,"神様","ヘコ"
698,"神経","神経-last_blank","last_blank",1,1,"者s-last_blank","者s",1,0,0,1,"神経","者s"
352,"first_blank","first_blank-神話","神話",1,1,"first_blank-粘着","粘着",1,0,0,1,"神話","粘着"
921,"first_blank","first_blank-禁断","禁断",1,1,"first_blank-ゴチ","ゴチ",1,0,0,1,"禁断","ゴチ"
762,"first_blank","first_blank-秋","秋",1,1,"first_blank-ﾌｨ","ﾌｨ",1,0,1,1,"秋","ﾌｨ"
264,"first_blank","first_blank-秘密","秘密",1,3,"first_blank-南沙","南沙",3,0,0,1,"秘密","南沙"
379,"秘書","秘書-last_blank","last_blank",1,1,"しに-last_blank","しに",1,0,0,1,"秘書","しに"
273,"first_blank","first_blank-空","空",1,1,"first_blank-にリ","にリ",1,0,1,1,"空","にリ"
5,"first_blank","first_blank-空気","空気",1,3,"first_blank-めち","めち",3,0,0,1,"空気","めち"
765,"突然","突然-last_blank","last_blank",1,1,"申紋-last_blank","申紋",1,0,0,1,"突然","申紋"
280,"窃盗","窃盗-last_blank","last_blank",1,1,"楽に-last_blank","楽に",1,0,0,1,"窃盗","楽に"
396,"窓","窓-last_blank","last_blank",1,1,"産駒-last_blank","産駒",1,0,1,1,"窓","産駒"
58,"競争","競争-last_blank","last_blank",1,1,"長し-last_blank","長し",1,0,0,1,"競争","長し"
666,"競売","競売-last_blank","last_blank",1,1,"qb-last_blank","qb",1,0,0,1,"競売","qb"
417,"笑顔","笑顔-last_blank","last_blank",1,1,"の鬣-last_blank","の鬣",1,0,0,1,"笑顔","の鬣"
504,"答え","答え-last_blank","last_blank",1,1,"コミ-last_blank","コミ",1,0,0,1,"答え","コミ"
623,"管理","管理-last_blank","last_blank",1,2,"気か-last_blank","気か",2,0,0,1,"管理","気か"
717,"管轄","管轄-last_blank","last_blank",1,1,"はs-last_blank","はs",1,0,0,1,"管轄","はs"
395,"first_blank","first_blank-箱","箱",1,1,"first_blank-関越","関越",1,0,1,1,"箱","関越"
630,"範囲","範囲-last_blank","last_blank",1,1,"おし-last_blank","おし",1,0,0,1,"範囲","おし"
923,"first_blank","first_blank-粒","粒",1,1,"first_blank-ササ","ササ",1,0,1,1,"粒","ササ"
633,"first_blank","first_blank-紙","紙",1,1,"first_blank-を贈","を贈",1,0,1,1,"紙","を贈"
415,"first_blank","first_blank-素晴","素晴",1,5,"first_blank-こみ","こみ",5,0,0,1,"素晴らしい","こみらしい"
643,"first_blank","first_blank-細胞","細胞",1,1,"first_blank-各運","各運",1,0,0,1,"細胞","各運"
94,"first_blank","first_blank-終わ","終わ",1,19,"first_blank-アナ","アナ",19,0,0,1,"終わり","アナり"
700,"first_blank","first_blank-組み","組み",1,1,"first_blank-でシ","でシ",1,0,0,1,"組み合わせ","でシ合わせ"
593,"経験","経験-last_blank","last_blank",1,1,"一杯-last_blank","一杯",1,0,0,1,"経験","一杯"
807,"first_blank","first_blank-結果","結果",1,4,"first_blank-類似","類似",4,0,0,1,"結果","類似"
61,"first_blank","first_blank-結論","結論",1,1,"first_blank-yǒ","yǒ",1,0,0,1,"結論","yǒ"
640,"絶対","絶対-last_blank","last_blank",1,1,"ン名-last_blank","ン名",1,0,0,1,"絶対","ン名"
775,"first_blank","first_blank-続行","続行",1,1,"first_blank-xρ","xρ",1,0,0,1,"続行","xρ"
47,"first_blank","first_blank-綺麗","綺麗",1,2,"first_blank-エブ","エブ",2,0,0,1,"綺麗","エブ"
125,"first_blank","first_blank-緑","緑",1,1,"first_blank-ダヴ","ダヴ",1,0,1,1,"緑","ダヴ"
931,"練る","練る-last_blank","last_blank",1,1,"百恵-last_blank","百恵",1,0,0,1,"練る","百恵"
598,"練習","練習-last_blank","last_blank",1,1,"宙局-last_blank","宙局",1,0,0,1,"練習","宙局"
879,"繊細","繊細-last_blank","last_blank",1,1,"転結-last_blank","転結",1,0,0,1,"繊細","転結"
270,"first_blank","first_blank-罪","罪",1,1,"first_blank-擬古","擬古",1,0,1,1,"罪","擬古"
785,"first_blank","first_blank-美味","美味",1,1,"first_blank-量が","量が",1,0,0,1,"美味しい","量がしい"
638,"美術","美術-last_blank","last_blank",1,1,"越前-last_blank","越前",1,0,0,1,"美術","越前"
866,"群衆","群衆-last_blank","last_blank",1,1,"る者-last_blank","る者",1,0,0,1,"群衆","る者"
354,"考え","考え-last_blank","last_blank",1,1,"マ語-last_blank","マ語",1,0,0,1,"考え","マ語"
501,"first_blank","first_blank-聖書","聖書",1,2,"first_blank-会っ","会っ",2,0,0,1,"聖書","会っ"
367,"first_blank","first_blank-聞く","聞く",1,2,"first_blank-バビ","バビ",2,0,0,1,"聞く","バビ"
130,"first_blank","first_blank-聴覚","聴覚",1,1,"first_blank-屋久","屋久",1,0,0,1,"聴覚","屋久"
801,"first_blank","first_blank-肌","肌",1,1,"first_blank-海王","海王",1,0,1,1,"肌","海王"
712,"first_blank","first_blank-肝臓","肝臓",1,1,"first_blank-怪毛","怪毛",1,0,0,1,"肝臓","怪毛"
235,"脈","脈-last_blank","last_blank",1,1,"悲劇-last_blank","悲劇",1,0,1,1,"脈","悲劇"
994,"脊髄","脊髄-last_blank","last_blank",1,1,"ざめ-last_blank","ざめ",1,0,0,1,"脊髄","ざめ"
763,"脳","脳-last_blank","last_blank",1,1,"ní-last_blank","ní",1,0,1,1,"脳","ní"
345,"first_blank","first_blank-腫瘍","腫瘍",1,1,"first_blank-が主","が主",1,0,0,1,"腫瘍","が主"
625,"first_blank","first_blank-膣","膣",1,1,"first_blank-衛生","衛生",1,0,1,1,"膣","衛生"
338,"自殺","自殺-last_blank","last_blank",1,1,"たへ-last_blank","たへ",1,0,0,1,"自殺","たへ"
513,"自由","自由-last_blank","last_blank",1,1,"奈川-last_blank","奈川",1,0,0,1,"自由","奈川"
716,"first_blank","first_blank-自由","自由",1,9,"first_blank-nm","nm",9,0,0,1,"自由に","nmに"
74,"first_blank","first_blank-致命","致命",1,1,"first_blank-きる","きる",1,0,0,1,"致命的","きる的"
876,"first_blank","first_blank-致命","致命",1,1,"first_blank-変ね","変ね",1,0,0,1,"致命的な","変ね的な"
184,"良い","良い-last_blank","last_blank",1,2,"اء-last_blank","اء",2,0,0,1,"良い","اء"
562,"first_blank","first_blank-若者","若者",1,1,"first_blank-zk","zk",1,0,0,1,"若者","zk"
286,"first_blank","first_blank-苦し","苦し",1,1,"first_blank-へあ","へあ",1,0,0,1,"苦しむ","へあむ"
752,"first_blank","first_blank-苦し","苦し",1,1,"first_blank-勧告","勧告",1,0,0,1,"苦しめる","勧告める"
59,"first_blank","first_blank-苦情","苦情",1,1,"first_blank-るわ","るわ",1,0,0,1,"苦情","るわ"
325,"英語","英語-last_blank","last_blank",1,4,"場版-last_blank","場版",4,0,0,1,"英語","場版"
33,"first_blank","first_blank-茶色","茶色",1,1,"first_blank-繁体","繁体",1,0,0,1,"茶色","繁体"
20,"著者","著者-last_blank","last_blank",1,1,"人日-last_blank","人日",1,0,0,1,"著者","人日"
90,"first_blank","first_blank-落と","落と",1,1,"first_blank-主語","主語",1,0,0,1,"落とす","主語す"
293,"薄い","薄い-last_blank","last_blank",1,1,"みゅ-last_blank","みゅ",1,0,0,1,"薄い","みゅ"
28,"first_blank","first_blank-蜂","蜂",1,1,"first_blank-qr","qr",1,0,1,1,"蜂","qr"
138,"first_blank","first_blank-蜂蜜","蜂蜜",1,1,"first_blank-新静","新静",1,0,0,1,"蜂蜜","新静"
365,"first_blank","first_blank-蝶","蝶",1,1,"first_blank-ラモ","ラモ",1,0,1,1,"蝶","ラモ"
542,"血液","血液-last_blank","last_blank",1,1,"撃者-last_blank","撃者",1,0,0,1,"血液","撃者"
800,"first_blank","first_blank-被害","被害",1,3,"first_blank-平安","平安",3,0,0,1,"被害者","平安者"
414,"first_blank","first_blank-裁判","裁判",1,4,"first_blank-北の","北の",4,0,0,1,"裁判所","北の所"
812,"first_blank","first_blank-装置","装置",1,1,"first_blank-町並","町並",1,0,0,1,"装置","町並"
667,"first_blank","first_blank-褒め","褒め",1,1,"first_blank-元秀","元秀",1,0,0,1,"褒め言葉","元秀言葉"
321,"first_blank","first_blank-西","西",1,1,"first_blank-疯蛇","疯蛇",1,0,1,1,"西","疯蛇"
815,"first_blank","first_blank-要求","要求",1,1,"first_blank-新月","新月",1,0,0,1,"要求する","新月する"
670,"要素","要素-last_blank","last_blank",1,1,"ほげ-last_blank","ほげ",1,0,0,1,"要素","ほげ"
268,"first_blank","first_blank-見せ","見せ",1,13,"first_blank-よか","よか",13,0,0,1,"見せる","よかる"
155,"見る","見る-last_blank","last_blank",1,1,"臣蔵-last_blank","臣蔵",1,0,0,1,"見る","臣蔵"
191,"first_blank","first_blank-観察","観察",1,1,"first_blank-vớ","vớ",1,0,0,1,"観察","vớ"
967,"first_blank","first_blank-解剖","解剖",1,1,"first_blank-せー","せー",1,0,0,1,"解剖学","せー学"
15,"first_blank","first_blank-解毒","解毒",1,1,"first_blank-サモ","サモ",1,0,0,1,"解毒剤","サモ剤"
347,"first_blank","first_blank-訓練","訓練",1,1,"first_blank-の岬","の岬",1,0,0,1,"訓練","の岬"
487,"記事","記事-last_blank","last_blank",1,32,"ップ-last_blank","ップ",32,0,0,1,"記事","ップ"
663,"first_blank","first_blank-記念","記念",1,2,"first_blank-を採","を採",2,0,0,1,"記念日","を採日"
580,"first_blank","first_blank-記念","記念",1,2,"first_blank-停め","停め",2,0,0,1,"記念碑","停め碑"
632,"first_blank","first_blank-記録","記録",1,5,"first_blank-エチ","エチ",5,0,0,1,"記録","エチ"
115,"許し","許し-last_blank","last_blank",1,1,"光秀-last_blank","光秀",1,0,0,1,"許し","光秀"
114,"first_blank","first_blank-許す","許す",1,1,"first_blank-を原","を原",1,0,0,1,"許す","を原"
684,"first_blank","first_blank-許可","許可",1,1,"first_blank-酔っ","酔っ",1,0,0,1,"許可","酔っ"
7,"first_blank","first_blank-許可","許可",1,1,"first_blank-新刊","新刊",1,0,0,1,"許可する","新刊する"
100,"first_blank","first_blank-診る","診る",1,1,"first_blank-と運","と運",1,0,0,1,"診る","と運"
799,"first_blank","first_blank-証拠","証拠",1,3,"first_blank-下表","下表",3,0,0,1,"証拠","下表"
304,"試す","試す-last_blank","last_blank",1,1,"ów-last_blank","ów",1,0,0,1,"試す","ów"
532,"first_blank","first_blank-詩人","詩人",1,1,"first_blank-曇り","曇り",1,0,0,1,"詩人","曇り"
233,"first_blank","first_blank-誇り","誇り",1,1,"first_blank-安五","安五",1,0,0,1,"誇り","安五"
803,"first_blank","first_blank-認め","認め",1,5,"first_blank-完了","完了",5,0,0,1,"認める","完了る"
241,"first_blank","first_blank-認識","認識",1,1,"first_blank-パソ","パソ",1,0,0,1,"認識","パソ"
509,"誓う","誓う-last_blank","last_blank",1,2,"明記-last_blank","明記",2,0,0,1,"誓う","明記"
29,"first_blank","first_blank-誕生","誕生",1,4,"first_blank-モッ","モッ",4,0,0,1,"誕生","モッ"
955,"first_blank","first_blank-誘拐","誘拐",1,1,"first_blank-江ノ","江ノ",1,0,0,1,"誘拐","江ノ"
979,"first_blank","first_blank-誘拐","誘拐",1,1,"first_blank-長兵","長兵",1,0,0,1,"誘拐犯","長兵犯"
319,"first_blank","first_blank-語","語",1,1,"first_blank-せく","せく",1,0,1,1,"語","せく"
81,"説明","説明-last_blank","last_blank",1,4,"ンコ-last_blank","ンコ",4,0,0,1,"説明","ンコ"
239,"読む","読む-last_blank","last_blank",1,1,"道師-last_blank","道師",1,0,0,1,"読む","道師"
328,"first_blank","first_blank-読ん","読ん",1,1,"first_blank-警報","警報",1,0,0,1,"読んだ","警報だ"
830,"謙虚","謙虚-last_blank","last_blank",1,1,"っか-last_blank","っか",1,0,0,1,"謙虚","っか"
314,"警告","警告-last_blank","last_blank",1,5,"ごい-last_blank","ごい",5,0,0,1,"警告","ごい"
821,"first_blank","first_blank-警戒","警戒",1,3,"first_blank-上手","上手",3,0,0,1,"警戒している","上手している"
209,"first_blank","first_blank-議会","議会",1,1,"first_blank-ネヴ","ネヴ",1,0,0,1,"議会","ネヴ"
820,"護衛","護衛-last_blank","last_blank",1,1,"臣蔵-last_blank","臣蔵",1,0,0,1,"護衛","臣蔵"
888,"豚肉","豚肉-last_blank","last_blank",1,1,"きま-last_blank","きま",1,0,0,1,"豚肉","きま"
985,"first_blank","first_blank-財政","財政",1,1,"first_blank-ドメ","ドメ",1,0,0,1,"財政的に","ドメ的に"
232,"first_blank","first_blank-財産","財産",1,1,"first_blank-子守","子守",1,0,0,1,"財産","子守"
412,"first_blank","first_blank-貧し","貧し",1,1,"first_blank-甲武","甲武",1,0,0,1,"貧しい","甲武い"
924,"first_blank","first_blank-貧困","貧困",1,1,"first_blank-と題","と題",1,0,0,1,"貧困","と題"
247,"責任","責任-last_blank","last_blank",1,1,"ớc-last_blank","ớc",1,0,0,1,"責任","ớc"
488,"貴重","貴重-last_blank","last_blank",1,1,"ウズ-last_blank","ウズ",1,0,0,1,"貴重","ウズ"
368,"買う","買う-last_blank","last_blank",1,1,"ら何-last_blank","ら何",1,0,0,1,"買う","ら何"
884,"first_blank","first_blank-賄賂","賄賂",1,1,"first_blank-氷点","氷点",1,0,0,1,"賄賂","氷点"
651,"first_blank","first_blank-資本","資本",1,1,"first_blank-で活","で活",1,0,0,1,"資本","で活"
237,"質問","質問-last_blank","last_blank",1,1,"け前-last_blank","け前",1,0,0,1,"質問","け前"
324,"first_blank","first_blank-赤","赤",1,1,"first_blank-因果","因果",1,0,1,1,"赤","因果"
366,"first_blank","first_blank-赤ち","赤ち",1,2,"first_blank-はて","はて",2,0,0,1,"赤ちゃん","はてゃん"
831,"first_blank","first_blank-赫々","赫々",1,1,"first_blank-演藝","演藝",1,0,0,1,"赫々","演藝"
539,"走る","走る-last_blank","last_blank",1,1,"た郡-last_blank","た郡",1,0,0,1,"走る","た郡"
959,"first_blank","first_blank-超自","超自",1,1,"first_blank-道元","道元",1,0,0,1,"超自然","道元然"
887,"趣味","趣味-last_blank","last_blank",1,1,"ná-last_blank","ná",1,0,0,1,"趣味","ná"
95,"first_blank","first_blank-足り","足り",1,1,"first_blank-里佳","里佳",1,0,0,1,"足りる","里佳る"
85,"距離","距離-last_blank","last_blank",1,1,"ねと-last_blank","ねと",1,0,0,1,"距離","ねと"
383,"first_blank","first_blank-踊り","踊り",1,1,"first_blank-沼川","沼川",1,0,0,1,"踊り子","沼川子"
349,"first_blank","first_blank-車両","車両",1,2,"first_blank-의하","의하",2,0,0,1,"車両","의하"
760,"軍事","軍事-last_blank","last_blank",1,1,"ギク-last_blank","ギク",1,0,0,1,"軍事","ギク"
361,"first_blank","first_blank-軍曹","軍曹",1,1,"first_blank-ミセ","ミセ",1,0,0,1,"軍曹","ミセ"
773,"first_blank","first_blank-輝く","輝く",1,1,"first_blank-留意","留意",1,0,0,1,"輝く","留意"
958,"辞任","辞任-last_blank","last_blank",1,1,"ぶぞ-last_blank","ぶぞ",1,0,0,1,"辞任","ぶぞ"
981,"first_blank","first_blank-辞書","辞書",1,1,"first_blank-ほた","ほた",1,0,0,1,"辞書","ほた"
105,"農家","農家-last_blank","last_blank",1,1,"曼蛇-last_blank","曼蛇",1,0,0,1,"農家","曼蛇"
180,"近く","近く-last_blank","last_blank",1,1,"義晴-last_blank","義晴",1,0,0,1,"近く","義晴"
948,"first_blank","first_blank-追加","追加",1,12,"first_blank-とあ","とあ",12,0,0,1,"追加","とあ"
746,"first_blank","first_blank-逃亡","逃亡",1,1,"first_blank-nは","nは",1,0,0,1,"逃亡する","nはする"
612,"first_blank","first_blank-通信","通信",1,1,"first_blank-山脇","山脇",1,0,0,1,"通信網","山脇網"
187,"first_blank","first_blank-通常","通常",1,6,"first_blank-を満","を満",6,0,0,1,"通常は","を満は"
510,"first_blank","first_blank-連絡","連絡",1,10,"first_blank-kk","kk",10,0,0,1,"連絡先","kk先"
106,"政府","政府-last_blank","last_blank",1,3,"前駅-last_blank","前駅",3,0,0,1,"連邦政府","連邦前駅"
718,"連隊","連隊-last_blank","last_blank",1,1,"夜も-last_blank","夜も",1,0,0,1,"連隊","夜も"
926,"進化","進化-last_blank","last_blank",1,1,"説は-last_blank","説は",1,0,0,1,"進化","説は"
230,"進捗","進捗-last_blank","last_blank",1,1,"ふら-last_blank","ふら",1,0,0,1,"進捗","ふら"
410,"first_blank","first_blank-遅い","遅い",1,3,"first_blank-教職","教職",3,0,0,1,"遅い","教職"
436,"遊ぶ","遊ぶ-last_blank","last_blank",1,1,"る者-last_blank","る者",1,0,0,1,"遊ぶ","る者"
870,"運動","運動-last_blank","last_blank",1,1,"田瞳-last_blank","田瞳",1,0,0,1,"運動","田瞳"
904,"運命","運命-last_blank","last_blank",1,1,"発電-last_blank","発電",1,0,0,1,"運命","発電"
929,"first_blank","first_blank-過小","過小",1,1,"first_blank-ざけ","ざけ",1,0,0,1,"過小評価","ざけ評価"
253,"first_blank","first_blank-道","道",1,1,"first_blank-ウツ","ウツ",1,0,1,1,"道","ウツ"
781,"first_blank","first_blank-道具","道具",1,2,"first_blank-きね","きね",2,0,0,1,"道具","きね"
585,"違う","違う-last_blank","last_blank",1,18,"ーグ-last_blank","ーグ",18,0,0,1,"違う","ーグ"
380,"違法","違法-last_blank","last_blank",1,1,"張れ-last_blank","張れ",1,0,0,1,"違法","張れ"
766,"選ぶ","選ぶ-last_blank","last_blank",1,1,"神姫-last_blank","神姫",1,0,0,1,"選ぶ","神姫"
508,"選択","選択-last_blank","last_blank",1,1,"ト教-last_blank","ト教",1,0,0,1,"選択","ト教"
134,"first_blank","first_blank-遺産","遺産",1,2,"first_blank-ラバ","ラバ",2,0,0,1,"遺産","ラバ"
753,"避難","避難-last_blank","last_blank",1,1,"鑑真-last_blank","鑑真",1,0,0,1,"避難","鑑真"
777,"first_blank","first_blank-郡","郡",1,1,"first_blank-の導","の導",1,0,1,1,"郡","の導"
584,"first_blank","first_blank-部屋","部屋",1,2,"first_blank-彩雲","彩雲",2,0,0,1,"部屋","彩雲"
162,"first_blank","first_blank-郵便","郵便",1,7,"first_blank-ホス","ホス",7,0,0,1,"郵便物","ホス物"
902,"first_blank","first_blank-重い","重い",1,1,"first_blank-柿浜","柿浜",1,0,0,1,"重い","柿浜"
642,"first_blank","first_blank-重さ","重さ",1,1,"first_blank-段組","段組",1,0,0,1,"重さ","段組"
936,"first_blank","first_blank-量","量",1,1,"first_blank-が適","が適",1,0,1,1,"量","が適"
917,"first_blank","first_blank-針","針",1,1,"first_blank-他ア","他ア",1,0,1,1,"針","他ア"
350,"first_blank","first_blank-鉄","鉄",1,1,"first_blank-は当","は当",1,0,1,1,"鉄","は当"
25,"first_blank","first_blank-銀行","銀行",1,1,"first_blank-加害","加害",1,0,0,1,"銀行","加害"
142,"first_blank","first_blank-錯覚","錯覚",1,1,"first_blank-と整","と整",1,0,0,1,"錯覚","と整"
467,"鍵","鍵-last_blank","last_blank",1,1,"ラズ-last_blank","ラズ",1,0,1,1,"鍵","ラズ"
650,"first_blank","first_blank-鎖","鎖",1,1,"first_blank-スメ","スメ",1,0,1,1,"鎖","スメ"
196,"first_blank","first_blank-開い","開い",1,1,"first_blank-徳三","徳三",1,0,0,1,"開いた","徳三た"
592,"関係","関係-last_blank","last_blank",1,9,"和国-last_blank","和国",9,0,0,1,"関係","和国"
523,"first_blank","first_blank-防ぐ","防ぐ",1,1,"first_blank-中河","中河",1,0,0,1,"防ぐ","中河"
703,"first_blank","first_blank-陰謀","陰謀",1,1,"first_blank-三面","三面",1,0,0,1,"陰謀","三面"
851,"first_blank","first_blank-障害","障害",1,2,"first_blank-同時","同時",2,0,0,1,"障害","同時"
516,"集中","集中-last_blank","last_blank",1,1,"ẩm-last_blank","ẩm",1,0,0,1,"集中","ẩm"
136,"雇用","雇用-last_blank","last_blank",1,1,"ツ軍-last_blank","ツ軍",1,0,0,1,"雇用","ツ軍"
856,"first_blank","first_blank-離れ","離れ",1,7,"first_blank-除去","除去",7,0,0,1,"離れる","除去る"
343,"first_blank","first_blank-離婚","離婚",1,1,"first_blank-折り","折り",1,0,0,1,"離婚","折り"
242,"first_blank","first_blank-難民","難民",1,1,"first_blank-でお","でお",1,0,0,1,"難民","でお"
373,"first_blank","first_blank-雨","雨",1,1,"first_blank-vö","vö",1,0,1,1,"雨","vö"
987,"first_blank","first_blank-雷管","雷管",1,1,"first_blank-حق","حق",1,0,0,1,"雷管","حق"
457,"電報","電報-last_blank","last_blank",1,1,"なも-last_blank","なも",1,0,0,1,"電報","なも"
36,"電話","電話-last_blank","last_blank",1,2,"ーヴ-last_blank","ーヴ",2,0,0,1,"電話","ーヴ"
469,"first_blank","first_blank-静か","静か",1,7,"first_blank-oz","oz",7,0,0,1,"静かな","ozな"
655,"first_blank","first_blank-静け","静け",1,1,"first_blank-真宏","真宏",1,0,0,1,"静けさ","真宏さ"
755,"first_blank","first_blank-静脈","静脈",1,1,"first_blank-職名","職名",1,0,0,1,"静脈","職名"
102,"first_blank","first_blank-非常","非常",1,3,"first_blank-松永","松永",3,0,0,1,"非常に","松永に"
377,"first_blank","first_blank-面前","面前",1,1,"first_blank-に解","に解",1,0,0,1,"面前","に解"
305,"first_blank","first_blank-順番","順番",1,1,"first_blank-お婆","お婆",1,0,0,1,"順番","お婆"
284,"頑固","頑固-last_blank","last_blank",1,1,"ルバ-last_blank","ルバ",1,0,0,1,"頑固","ルバ"
594,"first_blank","first_blank-頭い","頭い",1,1,"first_blank-夕食","夕食",1,0,0,1,"頭いい","夕食い"
357,"first_blank","first_blank-風","風",1,1,"first_blank-九頭","九頭",1,0,1,1,"風","九頭"
267,"first_blank","first_blank-風邪","風邪",1,1,"first_blank-慶応","慶応",1,0,0,1,"風邪","慶応"
797,"first_blank","first_blank-食物","食物",1,1,"first_blank-落と","落と",1,0,0,1,"食物","落と"
920,"first_blank","first_blank-飢え","飢え",1,1,"first_blank-同姓","同姓",1,0,0,1,"飢え","同姓"
916,"first_blank","first_blank-飲み","飲み",1,2,"first_blank-八戸","八戸",2,0,0,1,"飲み込む","八戸込む"
408,"飲む","飲む-last_blank","last_blank",1,2,"ーシ-last_blank","ーシ",2,0,0,1,"飲む","ーシ"
733,"餌","餌-last_blank","last_blank",1,1,"なを-last_blank","なを",1,0,1,1,"餌","なを"
42,"first_blank","first_blank-首相","首相",1,1,"first_blank-極端","極端",1,0,0,1,"首相","極端"
722,"騎兵","騎兵-last_blank","last_blank",1,1,"錬錬-last_blank","錬錬",1,0,0,1,"騎兵","錬錬"
301,"first_blank","first_blank-騙す","騙す",1,1,"first_blank-根川","根川",1,0,0,1,"騙す","根川"
449,"骨","骨-last_blank","last_blank",1,2,"っち-last_blank","っち",2,0,1,1,"骨","っち"
559,"first_blank","first_blank-高価","高価",1,1,"first_blank-塗色","塗色",1,0,0,1,"高価な","塗色な"
544,"first_blank","first_blank-髪","髪",1,1,"first_blank-ホ短","ホ短",1,0,1,1,"髪","ホ短"
466,"first_blank","first_blank-魂","魂",1,1,"first_blank-東の","東の",1,0,1,1,"魂","東の"
740,"魅力","魅力-last_blank","last_blank",1,1,"毀損-last_blank","毀損",1,0,0,1,"魅力","毀損"
19,"first_blank","first_blank-魅力","魅力",1,1,"first_blank-形容","形容",1,0,0,1,"魅力的","形容的"
160,"魔法","魔法-last_blank","last_blank",1,1,"子を-last_blank","子を",1,0,0,1,"魔法","子を"
455,"鮫","鮫-last_blank","last_blank",1,1,"ぶぞ-last_blank","ぶぞ",1,0,1,1,"鮫","ぶぞ"
